session_id,user_id,receipt_hash,merkle_root,energy_kwh,import_kwh,export_kwh,net_kwh,start_ts,end_ts,batch_day,batch_root
research_20260521_500-0001,user-002,0x93f92520a958db8377fb9b1e362ecbb4cc1cf4b6f6aa5b6b61fb1462c7f64c29,0x9a11397e0bc4c66c85ec51bac339fead65a34d0b9270688a166bff7a9a462e50,3.404,4.028,0.624,3.404,2026-05-21T23:22:59.070749Z,2026-05-22T00:02:59.070749Z,2026-05-21,0xebcb58042d48b919f625932d411defdf4bef8193728afd4fc569200ebd3b2529
research_20260521_500-0002,user-004,0x1f67c5905900f29ef9dd296bf84eb4062fd59965c33a20241874e38c22d03a18,0x3aa1c593a6ec26aba4e4c66ace0ebfc4a084cab241b68f307a6da1e1aae7fc06,4.893,4.893,0.0,4.893,2026-05-21T13:12:08.338401Z,2026-05-21T13:52:08.338401Z,2026-05-21,0xebcb58042d48b919f625932d411defdf4bef8193728afd4fc569200ebd3b2529
research_20260521_500-0003,user-008,0xa714cfbbd434a96f3cd5585b1f37d3a2bf99fd5d2fef6d26202791f76979a402,0xac17f828a4db5214aff1b6246c6663bc7bd40840d518976c53dcf1edcdcf1a06,7.318,7.318,0.0,7.318,2026-05-21T11:06:49.892898Z,2026-05-21T12:06:49.892898Z,2026-05-21,0xebcb58042d48b919f625932d411defdf4bef8193728afd4fc569200ebd3b2529
research_20260521_500-0004,user-006,0x3797930b9096f41d41c5348b37db1b17c3ddaba32dfa6ca6e5924f1b9e7f7ee9,0x06ab5ed4f3f811744c6fda00d5da36f112453f1cf5cf7e6e6e97247024a3ce79,15.207,15.207,0.0,15.207,2026-05-21T18:57:18.592541Z,2026-05-21T19:37:18.592541Z,2026-05-21,0xebcb58042d48b919f625932d411defdf4bef8193728afd4fc569200ebd3b2529
research_20260521_500-0005,user-001,0x9c9bed82f9adb7d94fd21d1fbb165c4e4e5dc9a19bc92bb1dc4e6a95c2062acb,0x99877797a1a17dd52cb75d9b8e7438990fcaf276fdf1a130ad34ed468ba1bfe7,-3.741,0.0,3.741,-3.741,2026-05-21T18:29:10.246582Z,2026-05-21T18:49:10.246582Z,2026-05-21,0xebcb58042d48b919f625932d411defdf4bef8193728afd4fc569200ebd3b2529
research_20260521_500-0006,user-008,0xb83b50e99e0c066a8986c66084b0445fa42038cef7f211e54a3cdd7b845ed483,0x4323d05efb4efdca5b1f4e126f9ca839dd010b23e3b3524fa85dcde3f9d96473,3.466,3.466,0.0,3.466,2026-05-21T20:33:15.894586Z,2026-05-21T21:03:15.894586Z,2026-05-21,0xebcb58042d48b919f625932d411defdf4bef8193728afd4fc569200ebd3b2529
research_20260521_500-0007,user-001,0x556e1c3178a87c6edfb3afde424c53d0cb41731f889094cc12020eba07006471,0x207de957cc5c9ceb9c5a91b1af1090c05a22280ccd2fb501e8e9c642831b6036,0.471,5.582,5.111,0.471,2026-05-21T03:19:00.708605Z,2026-05-21T03:49:00.708605Z,2026-05-21,0xebcb58042d48b919f625932d411defdf4bef8193728afd4fc569200ebd3b2529
research_20260521_500-0008,user-009,0xc700666da1627b7bf9d0d224fdfe4c4bb56efacec5819cc0bbe26282e27bc428,0x407193c539d819902d2d8613d8f6df868b118d2f038d04ce491a5582d754c0f9,2.666,3.714,1.048,2.666,2026-05-21T05:57:44.158115Z,2026-05-21T06:37:44.158115Z,2026-05-21,0xebcb58042d48b919f625932d411defdf4bef8193728afd4fc569200ebd3b2529
research_20260521_500-0009,user-006,0x0966fe4de40cc12878f0db29180062501e2afe212a9a8403f0ee92584cf5fd7d,0xf8c32b7b8623ee0c3729557e9d45778b460ff7ed7bf898d21aeaac72100b5c85,27.805,27.805,0.0,27.805,2026-05-21T05:40:59.066874Z,2026-05-21T06:55:59.066874Z,2026-05-21,0xebcb58042d48b919f625932d411defdf4bef8193728afd4fc569200ebd3b2529
research_20260521_500-0010,user-010,0x59eeed4933f219685493968dd703d745c4d84400da4eefbcfeef745fa46736f8,0xc69439a1f0c1e5901308fd4a4d21a8d80a807e33ac4cb6c59f8e81890c7f355d,10.482,10.482,0.0,10.482,2026-05-21T13:49:40.881967Z,2026-05-21T14:19:40.881967Z,2026-05-21,0xebcb58042d48b919f625932d411defdf4bef8193728afd4fc569200ebd3b2529
research_20260521_500-0011,user-006,0xc2d1fded86f534a09eb3d6221ffef7b6857dbd407369b5f0743b8a368cd46f50,0x1d2b1e26c02df043ecb87a40099d0b02f767f0f08c6813af3dbaf14834b17299,8.959,8.959,0.0,8.959,2026-05-21T23:28:42.639935Z,2026-05-22T00:43:42.639935Z,2026-05-21,0xebcb58042d48b919f625932d411defdf4bef8193728afd4fc569200ebd3b2529
research_20260521_500-0012,user-002,0xdbea303fb891799a79d6a0a49e67aafd5d993866f4c7d9750c7307e9d9b0c1cc,0xe85f739bad7d998978155c3092124de6f94729e507578aeb59744d41811138ba,-7.311,0.0,7.311,-7.311,2026-05-21T08:10:03.890442Z,2026-05-21T08:50:03.890442Z,2026-05-21,0xebcb58042d48b919f625932d411defdf4bef8193728afd4fc569200ebd3b2529
research_20260521_500-0013,user-007,0xdc4f26d4f661ffd44b3d72a9b9c16bd8dab9ef75118ceed5348aa1ae7400c34c,0x477aa5bd5093b58a02dca76b22201498df81f0fbf11dc673ac149b893eeb8bf8,7.205,7.205,0.0,7.205,2026-05-21T19:34:46.633708Z,2026-05-21T20:34:46.633708Z,2026-05-21,0xebcb58042d48b919f625932d411defdf4bef8193728afd4fc569200ebd3b2529
research_20260521_500-0014,user-001,0x0df9722c53ce27cf836f023c0fb167c3b1994aa9720090503e61b5294eb23c55,0x055fa2419ec67c6156f9358b8a5aa36bb375a71258de220c805275ad34004d7c,-0.141,3.852,3.993,-0.141,2026-05-21T00:20:09.315897Z,2026-05-21T01:00:09.315897Z,2026-05-21,0xebcb58042d48b919f625932d411defdf4bef8193728afd4fc569200ebd3b2529
research_20260521_500-0015,user-002,0x7da7bfd2da216fc5c03d26f8e3bafdb9d3da5e996b6850c32acf7d87563ccf19,0x22d48e5df4720bd1ceb34f329da19f187734597551a2f31de0e5e64274d3d57b,3.936,6.033,2.097,3.936,2026-05-21T03:33:04.004082Z,2026-05-21T03:53:04.004082Z,2026-05-21,0xebcb58042d48b919f625932d411defdf4bef8193728afd4fc569200ebd3b2529
research_20260521_500-0016,user-010,0x12485ee1feb4f26c30ae6f555bb521c73917d528c050f6037a429557cb57a252,0x011c4c05ba29185225f141f87f0ad9068cb4831959bfd3d5748b0b758b17382d,4.855,4.855,0.0,4.855,2026-05-21T11:26:11.573378Z,2026-05-21T12:06:11.573378Z,2026-05-21,0xebcb58042d48b919f625932d411defdf4bef8193728afd4fc569200ebd3b2529
research_20260521_500-0017,user-002,0x8eb82387dfca6d5d6ee21e3feaa4394baf7f11cbc477fc86ba782a10dcf574cc,0xcc80aee8e419c6f963baf00fcbfcc12af857e59b8e6efb9ad6f12b47fc1bff4d,2.972,8.628,5.656,2.972,2026-05-21T11:04:48.387486Z,2026-05-21T12:19:48.387486Z,2026-05-21,0xebcb58042d48b919f625932d411defdf4bef8193728afd4fc569200ebd3b2529
research_20260521_500-0018,user-004,0xb9797f1ca0d4e17f130f105dc7858821fc1988974408937934ca658f0a8565ca,0x0a671e87874b880734009f3775c0a0e33ea8f8168cb81049c29fc3eefa3b109e,11.507,11.507,0.0,11.507,2026-05-21T06:45:38.307031Z,2026-05-21T07:15:38.307031Z,2026-05-21,0xebcb58042d48b919f625932d411defdf4bef8193728afd4fc569200ebd3b2529
research_20260521_500-0019,user-003,0x0207e1206b4ccaef79d97dba6e56d03f35f94ad7554610bc1d1f057019d4a72a,0xd2082bdf8b009694f587508a79bced4510ea33c6eaa2d73384892fc9b33a1878,4.68,4.68,0.0,4.68,2026-05-21T08:41:33.404201Z,2026-05-21T09:21:33.404201Z,2026-05-21,0xebcb58042d48b919f625932d411defdf4bef8193728afd4fc569200ebd3b2529
research_20260521_500-0020,user-001,0xd35cf85b1f6bfca9177fd37a94061a0135af8bd68e4e9bd82542c937879a04f6,0x09371c147a53058c89b9fa40b079056fad5d785807ddd0bf2b0aa95d2dab1722,1.885,2.898,1.013,1.885,2026-05-21T16:35:06.478566Z,2026-05-21T16:55:06.478566Z,2026-05-21,0xebcb58042d48b919f625932d411defdf4bef8193728afd4fc569200ebd3b2529
research_20260521_500-0021,user-004,0xe68e512c05ffc929166b2958fe399287bc394262cd04c1b8138c63a04dfb89fd,0x00efd2485a28beb4925a2d4c47b362acd06b10fadc51d55b21373b740f2db9b5,-0.048,2.557,2.605,-0.048,2026-05-21T03:13:58.067847Z,2026-05-21T03:43:58.067847Z,2026-05-21,0xebcb58042d48b919f625932d411defdf4bef8193728afd4fc569200ebd3b2529
research_20260521_500-0022,user-008,0x3688b44a656694341ebfcb8b52ad0b3b1a7d551ccf9e7cc3e4594ca926acff32,0xc4c26f6fa95d136d1faac1ae135bbbed35574f02e914dd10296122ae034d5e6f,-11.192,0.0,11.192,-11.192,2026-05-21T18:38:41.726804Z,2026-05-21T19:38:41.726804Z,2026-05-21,0xebcb58042d48b919f625932d411defdf4bef8193728afd4fc569200ebd3b2529
research_20260521_500-0023,user-003,0xef66d0859cf142fc8f221aebddd4a9628ebb418c65f99a592577c744c61f986e,0x7af89818b0dbd96c1a01d208b6fa3534f1e3a35a7feb897524c42c38690fe25e,0.245,2.433,2.188,0.245,2026-05-21T10:02:57.047005Z,2026-05-21T10:42:57.047005Z,2026-05-21,0xebcb58042d48b919f625932d411defdf4bef8193728afd4fc569200ebd3b2529
research_20260521_500-0024,user-004,0xb5675bcb0d35abc5dd4acc9072e935a03b47c78d44dfd970f92955c19f670441,0x97a7fa01abddf6464feb21a0ebeee0da2a83e8ba2eb93bc5f9da7f53079da91d,7.517,7.517,0.0,7.517,2026-05-21T15:14:31.264838Z,2026-05-21T15:34:31.264838Z,2026-05-21,0xebcb58042d48b919f625932d411defdf4bef8193728afd4fc569200ebd3b2529
research_20260521_500-0025,user-007,0xf0484662d794cc681b32bf0e5da77cbcf717d7199fec666009bfcd8a7554e8d0,0x830a7fd5c220f597e02598be6e6f313c108d1d372de759d3254572b4dbf4bf7a,0.817,4.91,4.093,0.817,2026-05-21T07:15:01.193014Z,2026-05-21T08:30:01.193014Z,2026-05-21,0xebcb58042d48b919f625932d411defdf4bef8193728afd4fc569200ebd3b2529
research_20260521_500-0026,user-010,0xb838af29b810ba18db65a576029cc08e251fb0392711c558ae3615aee97dcdbd,0x7688d9902bc6b6abe67d6bdbd264765da6db805732adb7cd2c08a4d8dbf44bc3,-11.153,0.0,11.153,-11.153,2026-05-21T15:56:19.734733Z,2026-05-21T16:26:19.734733Z,2026-05-21,0xebcb58042d48b919f625932d411defdf4bef8193728afd4fc569200ebd3b2529
research_20260521_500-0027,user-004,0x75ca6629eb931b6ddc181255e62493bc87b0bc1f4125ff05e33df36a75be38f7,0xb3bfb2ed34422a54a1fd44e4a526128c683111d5d00d8ec28e605351ad06bc5d,-11.039,0.0,11.039,-11.039,2026-05-21T06:44:34.912901Z,2026-05-21T07:44:34.912901Z,2026-05-21,0xebcb58042d48b919f625932d411defdf4bef8193728afd4fc569200ebd3b2529
research_20260521_500-0028,user-009,0x2ed40bba4e81c9abe3fc3358b9434010c094dbea462bd68f549c7695dabf8f06,0xa985833b57ce909582f921cc7e8c50f2908c6250de884e6b34dac5b69d231125,13.549,13.549,0.0,13.549,2026-05-21T00:16:26.092055Z,2026-05-21T01:31:26.092055Z,2026-05-21,0xebcb58042d48b919f625932d411defdf4bef8193728afd4fc569200ebd3b2529
research_20260521_500-0029,user-006,0xfac0efe41c64f3b0a9959498df005206d4bf154686a855d862bb3b03fdefb642,0xcef799116fd236b0305bb5627dd5e7aaebee6c25a3c2720106dfa51487b1bf27,3.691,6.217,2.526,3.691,2026-05-21T16:18:37.093289Z,2026-05-21T17:33:37.093289Z,2026-05-21,0xebcb58042d48b919f625932d411defdf4bef8193728afd4fc569200ebd3b2529
research_20260521_500-0030,user-007,0x9ab8f55dd63842ec747c4df4fdc02ed37640d65daf9b3af0d542e8baabce15ca,0xbe0f51fc572821e0bef46b20388a850321ce6cf9db46346a42d2550ea4eff0f6,21.809,21.809,0.0,21.809,2026-05-21T03:30:02.097071Z,2026-05-21T04:30:02.097071Z,2026-05-21,0xebcb58042d48b919f625932d411defdf4bef8193728afd4fc569200ebd3b2529
research_20260521_500-0031,user-010,0x3728a655975fd7cf47074de0a5ee0e6575b9457a8cd02338742ddbdc9fc1f7d5,0x82b46ad1709ea18e842a6cd19e9077126f9231bb2e9e6f7dd36bb5b5635bff8b,2.568,2.568,0.0,2.568,2026-05-21T10:26:16.532667Z,2026-05-21T10:46:16.532667Z,2026-05-21,0xebcb58042d48b919f625932d411defdf4bef8193728afd4fc569200ebd3b2529
research_20260521_500-0032,user-007,0x21f1a3825719dd1de726d7424361865faa06da124b15279e19f9f922a00e821b,0xf9faef40a5f8b4a90007bcc4f9ddf1c5879d6c407363886b7f78970ba9bb7835,11.264,11.264,0.0,11.264,2026-05-21T17:18:18.628409Z,2026-05-21T18:18:18.628409Z,2026-05-21,0xebcb58042d48b919f625932d411defdf4bef8193728afd4fc569200ebd3b2529
research_20260521_500-0033,user-010,0xeba2f9f150f4484d239d13f4934733d53784ed56bee997e708bb878cfce03152,0x06c3f6f589e25c9a155e1baf76bd7ed11beadff427368e707d45873c55c47954,9.654,14.861,5.207,9.654,2026-05-21T01:14:13.793280Z,2026-05-21T02:14:13.793280Z,2026-05-21,0xebcb58042d48b919f625932d411defdf4bef8193728afd4fc569200ebd3b2529
research_20260521_500-0034,user-004,0x4855179607ade6375f37a4e5282c558c5b267e0d42f53f666c3b50b5d76bd02b,0x83d529b251935702b3cb83de7311ed83b943be77ae9332013bc96c9dddbb4f76,15.024,15.024,0.0,15.024,2026-05-21T21:32:15.727209Z,2026-05-21T22:12:15.727209Z,2026-05-21,0xebcb58042d48b919f625932d411defdf4bef8193728afd4fc569200ebd3b2529
research_20260521_500-0035,user-006,0x8ca76370e5b6573ccac4a010cb66b580553ed82aa6d872bc91ed313a73cd470e,0x327160b8a55aa6d47e58084d55bb655b1ea7426b531253721a8e8468efacc010,14.902,18.497,3.595,14.902,2026-05-21T08:43:45.446833Z,2026-05-21T09:43:45.446833Z,2026-05-21,0xebcb58042d48b919f625932d411defdf4bef8193728afd4fc569200ebd3b2529
research_20260521_500-0036,user-007,0x053c47cd98e3f617dfc52eff36c79595d2ba0f2f8b9fa69cab19a69f9f4371c9,0xe79578d1e1143224414eefb4f6384dc22a5d387b38476c09949013353c5464e0,6.964,8.847,1.883,6.964,2026-05-21T15:54:35.332041Z,2026-05-21T16:54:35.332041Z,2026-05-21,0xebcb58042d48b919f625932d411defdf4bef8193728afd4fc569200ebd3b2529
research_20260521_500-0037,user-001,0xb038f15ed2305e3ce57f9e268ae851b4d4361f11f462f7c920e36b2a734be108,0x7aae72397e535ed3028e8dd71f74ac58b80a495d8098843590daf29a64a365d7,5.412,5.412,0.0,5.412,2026-05-21T21:45:00.190512Z,2026-05-21T22:15:00.190512Z,2026-05-21,0xebcb58042d48b919f625932d411defdf4bef8193728afd4fc569200ebd3b2529
research_20260521_500-0038,user-005,0x384047ecea3dc4791ffd2e1de30616c233c0a9b7f00da31f427417a89392deb1,0xa5b4acc42dec068a709539814c1393cfc1f1e53ec787d928ddee3d43a7e4b75c,3.361,5.245,1.884,3.361,2026-05-21T17:56:58.722376Z,2026-05-21T18:16:58.722376Z,2026-05-21,0xebcb58042d48b919f625932d411defdf4bef8193728afd4fc569200ebd3b2529
research_20260521_500-0039,user-009,0xcadb29326541eaf3273e5cdda5812e2f1816d29073a5bc58a5251e600ff0a949,0x5a17067141773d235d479f8b7995cd0a21ec67f30179d50a316c4a156a817e01,-0.033,1.226,1.259,-0.033,2026-05-21T09:39:37.280020Z,2026-05-21T09:59:37.280020Z,2026-05-21,0xebcb58042d48b919f625932d411defdf4bef8193728afd4fc569200ebd3b2529
research_20260521_500-0040,user-003,0x97fea20199e8cae04c86d4999f40badd1f8ad91a24fcd2167a508afd44ce8301,0x78755f3521b53fb8d4151468f7bbde471939a733aa72c342ed77fa4fab801e28,7.14,7.14,0.0,7.14,2026-05-21T08:40:28.061799Z,2026-05-21T09:40:28.061799Z,2026-05-21,0xebcb58042d48b919f625932d411defdf4bef8193728afd4fc569200ebd3b2529
research_20260521_500-0041,user-002,0xa7f7e00eddb699434306b0ec2ae8809b17074575137c3c1c98280541ef90191c,0x10c66471b4fa757647eeccd760f8df55ee33a25bc9aec8a99591e168a79a7710,7.132,7.132,0.0,7.132,2026-05-21T00:07:45.474198Z,2026-05-21T00:27:45.474198Z,2026-05-21,0xebcb58042d48b919f625932d411defdf4bef8193728afd4fc569200ebd3b2529
research_20260521_500-0042,user-010,0xdfbfcbaf64440e3200b28824f7141de8c36664a23cff36ab992f9d636a3dbabb,0x773595a26aaec0e9ce5e738ae1d21eb3043f5eaf14e0e6985f5fe3969a72c0d8,14.805,14.805,0.0,14.805,2026-05-21T00:13:21.299096Z,2026-05-21T00:53:21.299096Z,2026-05-21,0xebcb58042d48b919f625932d411defdf4bef8193728afd4fc569200ebd3b2529
research_20260521_500-0043,user-010,0xf6a3718fe5bd14c06a197c4f0142a7ca69ff42153fdf3b8d841bc7eb59d0a852,0x8cdda0ed2156cc9d7129464aaec4bda8625dcedd74fa0c8db12216c1fab6b515,0.136,1.345,1.209,0.136,2026-05-21T12:42:19.561814Z,2026-05-21T13:02:19.561814Z,2026-05-21,0xebcb58042d48b919f625932d411defdf4bef8193728afd4fc569200ebd3b2529
research_20260521_500-0044,user-007,0x22ad0be4eb797a3e3de1d2d972a7ea1d2937820bd8664599bad163f89d99db45,0x8fee62cc91c1d3e4d8a3b2ea6b6bbbaaca67d4d00ee90102e2c9ee502601553f,3.91,7.517,3.607,3.91,2026-05-21T21:13:43.327467Z,2026-05-21T21:43:43.327467Z,2026-05-21,0xebcb58042d48b919f625932d411defdf4bef8193728afd4fc569200ebd3b2529
research_20260521_500-0045,user-007,0x5bccc39e20ea548517b62e6f8e4ea06703334072aa6e59292de0ee6773acd993,0xe6443331de6460227f841cb44e6ed5759ce05330fa55d0a11c7e292eab176a38,27.548,27.548,0.0,27.548,2026-05-21T01:21:32.772800Z,2026-05-21T02:36:32.772800Z,2026-05-21,0xebcb58042d48b919f625932d411defdf4bef8193728afd4fc569200ebd3b2529
research_20260521_500-0046,user-010,0x9bc90545f5fa7bf7f6133a8d3677fdc60eaa67211230d91b9c4506d437d8863a,0xd04dc399d3d6c9399726b3218266bbcd60681386c0a68c26d5602b90c795735d,7.084,7.084,0.0,7.084,2026-05-21T13:31:19.537117Z,2026-05-21T14:31:19.537117Z,2026-05-21,0xebcb58042d48b919f625932d411defdf4bef8193728afd4fc569200ebd3b2529
research_20260521_500-0047,user-009,0xe01a4a30af28074046d05c313fa031252bd6c3f8017b6884b1b608849a333b49,0x89cf7bbe2b2ea8c6e95dc2640116971369162867f23657a20f7bb9dc6139a5c1,7.108,7.108,0.0,7.108,2026-05-21T04:11:06.289638Z,2026-05-21T04:31:06.289638Z,2026-05-21,0xebcb58042d48b919f625932d411defdf4bef8193728afd4fc569200ebd3b2529
research_20260521_500-0048,user-004,0x4d5497f8fbafcd93a87baa5de72717f6f3ef1a201b6378386a5b1cb7527e30b4,0x09e7c7efef3db8f85701fcd6c3fb6a214f7959aaee26e398368f51e6c19d553b,-5.532,0.0,5.532,-5.532,2026-05-21T17:34:26.341013Z,2026-05-21T18:04:26.341013Z,2026-05-21,0xebcb58042d48b919f625932d411defdf4bef8193728afd4fc569200ebd3b2529
research_20260521_500-0049,user-004,0x2e8775f4458b545c886e35ac605b89a620493e35bace8cc134492da9409a8b72,0x1c188d109eb1fc5870b94b24a173a8863cdb7f58bb8fdb72b14e549fc6a91045,3.716,3.716,0.0,3.716,2026-05-21T00:10:08.983156Z,2026-05-21T00:30:08.983156Z,2026-05-21,0xebcb58042d48b919f625932d411defdf4bef8193728afd4fc569200ebd3b2529
research_20260521_500-0050,user-008,0x8f7fd84eaf6e0aa7f37ca19eb9dfe1ed1d61bf0c9b2ba47fb3df12da928ab768,0x10fbfee4cea89883b13a047a8dde55c61398eceb61139897f18cb2b381204558,-8.67,0.0,8.67,-8.67,2026-05-21T18:08:01.649715Z,2026-05-21T19:23:01.649715Z,2026-05-21,0xebcb58042d48b919f625932d411defdf4bef8193728afd4fc569200ebd3b2529
research_20260521_500-0051,user-008,0x793a2f40c73f2c90a7e3363c77cf7bf103d065bb90e7e9bb5e8457fc81306ae3,0x28b7ee2906361bbac55721e82b453fab0adaedd814131dcdb2f6e6d951e79001,-27.453,0.0,27.453,-27.453,2026-05-21T15:42:01.291438Z,2026-05-21T16:57:01.291438Z,2026-05-21,0xebcb58042d48b919f625932d411defdf4bef8193728afd4fc569200ebd3b2529
research_20260521_500-0052,user-002,0x867c90ba5d0d3c2c663731583a1406ec84ca8f39081877237d265e1b3bcf5ee5,0x40c6e712ff8ee304677c0a4ffdb3be70c5e2c6bc55449d9edfcfb04308f4c911,7.328,7.328,0.0,7.328,2026-05-21T03:00:09.951682Z,2026-05-21T04:00:09.951682Z,2026-05-21,0xebcb58042d48b919f625932d411defdf4bef8193728afd4fc569200ebd3b2529
research_20260521_500-0053,user-008,0xb636148554252436dacb82ff05bf6e20bd2ab3496a947cfb24b669274be4a7a0,0xfc270714fe4669e3bc7e2e00505a8c4de426b7ba0027fcc4f25ea9701c8451b9,0.308,3.683,3.375,0.308,2026-05-21T03:02:46.107297Z,2026-05-21T03:22:46.107297Z,2026-05-21,0xebcb58042d48b919f625932d411defdf4bef8193728afd4fc569200ebd3b2529
research_20260521_500-0054,user-001,0x7ebd40a54a467de1cb211080a6ce3c549447ca8b0e173f64f1e67ac8cec108fb,0x7ae0ede83e345576a1f8f82702abbae6bd5aa23ef0d0493527d2f2a879d51c90,-3.591,0.0,3.591,-3.591,2026-05-21T22:52:46.380306Z,2026-05-21T23:12:46.380306Z,2026-05-21,0xebcb58042d48b919f625932d411defdf4bef8193728afd4fc569200ebd3b2529
research_20260521_500-0055,user-007,0x2c6fd68bf985bfa19bd25113ce6ade7e3529816e990bc03c38a0c2b64076eb62,0x8dc9c32bb70ef7b6cc54df2be3a64b52889b9f2be47cebcf9f8ca76f230fd56c,5.95,5.95,0.0,5.95,2026-05-21T09:06:37.024158Z,2026-05-21T09:36:37.024158Z,2026-05-21,0xebcb58042d48b919f625932d411defdf4bef8193728afd4fc569200ebd3b2529
research_20260521_500-0056,user-008,0xf9a4d264cd6af4f820ae43c117f0c2e3cc2b3a68e7d9c15083cd65a42a8a60aa,0xe7ca3826a7c835b7dcd3aab5fa4022b07fc245bf20fd3cbac9134abe23904296,13.517,13.517,0.0,13.517,2026-05-21T01:17:51.641142Z,2026-05-21T02:32:51.641142Z,2026-05-21,0xebcb58042d48b919f625932d411defdf4bef8193728afd4fc569200ebd3b2529
research_20260521_500-0057,user-001,0x4d8d424d869318a67a5a7c55c6821cde54b7b9fde3d7e9637d2f04ea31da0a22,0x4e7163d5b532a25a96d5dda7364858a087cc7f5a570f965b8b97202f76195584,11.307,11.307,0.0,11.307,2026-05-21T02:07:42.695199Z,2026-05-21T03:07:42.695199Z,2026-05-21,0xebcb58042d48b919f625932d411defdf4bef8193728afd4fc569200ebd3b2529
research_20260521_500-0058,user-003,0x92243825845529e5f163b18c0a00d652667a5b8fda11d288fa824c9d563b9307,0x1c9fd5e89ee54b2d9e32ea04c342d9e5dc512dbf02ae9321a8f90b210d6cf18a,6.836,6.836,0.0,6.836,2026-05-21T21:49:12.476336Z,2026-05-21T22:29:12.476336Z,2026-05-21,0xebcb58042d48b919f625932d411defdf4bef8193728afd4fc569200ebd3b2529
research_20260521_500-0059,user-006,0xb3bad36adcae752bfac33cdee40c6c2ebc76d0660be82390f29e7dcd958a6a6b,0xc1cd77dd90c61a51960f9f7c917479782c271264085522577a714d0e000a70ae,4.861,6.0,1.139,4.861,2026-05-21T04:40:54.308665Z,2026-05-21T05:40:54.308665Z,2026-05-21,0xebcb58042d48b919f625932d411defdf4bef8193728afd4fc569200ebd3b2529
research_20260521_500-0060,user-010,0x51f492e89984b9951065eb76c5285b608d8141476d3b2fcf79baf8ac15247d65,0x362b0aba8e6d03e6cc52d4f0cb3d6c3984e1db48fc9d68f62524ace3be3ee51d,14.471,14.471,0.0,14.471,2026-05-21T02:45:42.109373Z,2026-05-21T04:00:42.109373Z,2026-05-21,0xebcb58042d48b919f625932d411defdf4bef8193728afd4fc569200ebd3b2529
research_20260521_500-0061,user-003,0x34c87da66a6746a0e59675f5b2208a2c7a275b229c0f98ecd1e85025a85519f2,0xdac90b4d68599c1ea4a2131ec25009dbdf0c277699b5928882b8a74cbc6e66c8,3.552,3.552,0.0,3.552,2026-05-21T02:44:00.249071Z,2026-05-21T03:04:00.249071Z,2026-05-21,0xebcb58042d48b919f625932d411defdf4bef8193728afd4fc569200ebd3b2529
research_20260521_500-0062,user-002,0xe21b6fb7d8c07d7e1089609da9f1dbd60263000560a94d0e6508d7b3b28123ba,0x329a295cb35977e441f406b59f31ee44599c42d9313e100e8e41b66d4f6c73a1,15.176,15.176,0.0,15.176,2026-05-21T00:26:27.845137Z,2026-05-21T01:06:27.845137Z,2026-05-21,0xebcb58042d48b919f625932d411defdf4bef8193728afd4fc569200ebd3b2529
research_20260521_500-0063,user-006,0x230ed3d681e64648f7b0ed6eae0fadb4e5024464644ba9ea53b3ecba35925da0,0x083b77d19c9287bf21aeae982d4cdffe962a4991295ba553f134fde5d0281ace,0.8,5.908,5.108,0.8,2026-05-21T18:08:15.647285Z,2026-05-21T18:38:15.647285Z,2026-05-21,0xebcb58042d48b919f625932d411defdf4bef8193728afd4fc569200ebd3b2529
research_20260521_500-0064,user-003,0x67e66687e47c064639f90515303d6656f4e7eb407b3c35a2e22edebf8fdaeae5,0xbccd8d2277a839876599d941e66eb38cf5904cb647f0dd552ee74030e58a676f,3.485,3.485,0.0,3.485,2026-05-21T11:01:05.384527Z,2026-05-21T11:31:05.384527Z,2026-05-21,0xebcb58042d48b919f625932d411defdf4bef8193728afd4fc569200ebd3b2529
research_20260521_500-0065,user-002,0x62e8c92bc49f1d9a72e224e8d1ec2ae6cbc50600d7329b53bacc524ac4fb46d9,0x32abcdbe0663a5613d4bbefeea1b51b73f19b27ad014e27e85013cbe96d329ec,10.897,10.897,0.0,10.897,2026-05-21T06:05:14.520237Z,2026-05-21T07:05:14.520237Z,2026-05-21,0xebcb58042d48b919f625932d411defdf4bef8193728afd4fc569200ebd3b2529
research_20260521_500-0066,user-008,0x72925391a68553c2395f37f3fb8eabdd79e3a9ae604c856e719477ac58d7702c,0xdd2a3d5b19d16a518c1d2b6792ada1b93eb61f78369a3ad090c3688fc4576936,3.725,3.725,0.0,3.725,2026-05-21T22:13:10.402158Z,2026-05-21T22:33:10.402158Z,2026-05-21,0xebcb58042d48b919f625932d411defdf4bef8193728afd4fc569200ebd3b2529
research_20260521_500-0067,user-005,0x0c3f0730ea2e6766e5253e0aa111693f684f22d6a02bf0e37e092b051ce49068,0xaae3211193c457e89699ebf93b8214d33edca20bb3f4dd300440a2f765a099ba,9.82,11.552,1.732,9.82,2026-05-21T13:05:38.987921Z,2026-05-21T14:20:38.987921Z,2026-05-21,0xebcb58042d48b919f625932d411defdf4bef8193728afd4fc569200ebd3b2529
research_20260521_500-0068,user-002,0xae7b8072005579e4834bdc8426323278917b432c698ea6b18b32b32ec413a8d5,0xc537b5a4cd2edf178a8f832e87cd38f5dd583b733886f958208e38a296dd2ba6,4.603,4.603,0.0,4.603,2026-05-21T13:37:05.868797Z,2026-05-21T14:17:05.868797Z,2026-05-21,0xebcb58042d48b919f625932d411defdf4bef8193728afd4fc569200ebd3b2529
research_20260521_500-0069,user-005,0x6d681ccdf9a85e5e20f3d8c8da5ee023d3e3aac1f271c7ba104d6d29563847d0,0xf5e5c39bba43f12a136ec85d89a2afda6fedee9c0095c88a186ac252d9c18442,-2.465,11.969,14.434,-2.465,2026-05-21T15:32:37.769556Z,2026-05-21T16:47:37.769556Z,2026-05-21,0xebcb58042d48b919f625932d411defdf4bef8193728afd4fc569200ebd3b2529
research_20260521_500-0070,user-006,0x53f8e10ea6c5ed97171f1208604e70bb7b7197bb6e664ce62c493dbdd7fe4904,0x71b1b3a526ae9c422d93bf9130a428162b50a88d90c8d325d219de33cb15b1c7,3.557,3.557,0.0,3.557,2026-05-21T15:33:31.576448Z,2026-05-21T16:03:31.576448Z,2026-05-21,0xebcb58042d48b919f625932d411defdf4bef8193728afd4fc569200ebd3b2529
research_20260521_500-0071,user-005,0x0594c59d22bbe88fbb7fff8e48aa16cef8c38dab89578d13209530732a922b08,0x1cf62f4f82e865ed137ce633fa743438949cbf00ee581c9d2b4631aeff5903f1,22.619,24.665,2.046,22.619,2026-05-21T06:39:54.108387Z,2026-05-21T07:54:54.108387Z,2026-05-21,0xebcb58042d48b919f625932d411defdf4bef8193728afd4fc569200ebd3b2529
research_20260521_500-0072,user-010,0xdfecfba02f0f871b7d503af37d3cc4c58f057b03225c3f96ee3e7e0509626dd2,0x4ed204ae238b74f0bd165e1381368211112f3d3ec93baa37d5aeb3d73b9aa9d4,5.3,5.3,0.0,5.3,2026-05-21T22:40:06.838784Z,2026-05-21T23:10:06.838784Z,2026-05-21,0xebcb58042d48b919f625932d411defdf4bef8193728afd4fc569200ebd3b2529
research_20260521_500-0073,user-009,0x6f60948c3baa7aa70b78997cc348f9d9435d7a0a4a555888e623c1c16c957686,0x818d69bfbed7f15af6f910ab38da0633869dd94b209b0e37492ba9fb8d177993,-4.727,0.0,4.727,-4.727,2026-05-21T10:34:26.283753Z,2026-05-21T11:14:26.283753Z,2026-05-21,0xebcb58042d48b919f625932d411defdf4bef8193728afd4fc569200ebd3b2529
research_20260521_500-0074,user-006,0x344d69105134472ed3ed61d7aeab275c784499d5d90acc53b3d84ecdeb325907,0x4f849101e41aced010fb4d8494f75c34a9301ce408c43d57ac92b1d28174b3da,13.979,13.979,0.0,13.979,2026-05-21T19:51:30.157198Z,2026-05-21T21:06:30.157198Z,2026-05-21,0xebcb58042d48b919f625932d411defdf4bef8193728afd4fc569200ebd3b2529
research_20260521_500-0075,user-003,0x1c38274e8e08883a3bc2b5154b1ec68d30e50f0229f823740a229f3412c9c0a4,0x754dca4092bf84f098dd247c0c42b7c98a0a59716a3e83f62298ec48b1015de5,0.23,2.808,2.578,0.23,2026-05-21T18:18:46.371451Z,2026-05-21T18:48:46.371451Z,2026-05-21,0xebcb58042d48b919f625932d411defdf4bef8193728afd4fc569200ebd3b2529
research_20260521_500-0076,user-010,0x3fa2d2cbde026c2975b9d2d844764bcf2b2b03ba2acf7aa95520c5a3248665ea,0x91e5311018e1fb190a04627d3ae3a5c6d99852730ffc2468e9b1861761d66566,14.524,14.524,0.0,14.524,2026-05-21T08:33:05.505830Z,2026-05-21T09:48:05.505830Z,2026-05-21,0xebcb58042d48b919f625932d411defdf4bef8193728afd4fc569200ebd3b2529
research_20260521_500-0077,user-008,0x6d4788bae08cfd5e8c7e17bc1b1be7fd786f6f0b7e62036e611475a77e6eb0c1,0x5296fa8554c3d4e710eb775a11dbd0fcdffd282f2815352720cda39edc215bea,3.436,3.436,0.0,3.436,2026-05-21T10:03:19.539200Z,2026-05-21T10:23:19.539200Z,2026-05-21,0xebcb58042d48b919f625932d411defdf4bef8193728afd4fc569200ebd3b2529
research_20260521_500-0078,user-006,0xcadd74d45102515b2750597c39f4f1891f6798481e829b81a0b542f647490143,0xe6d5acd877b73d3165a884b3060cc33d0dfe45ade9e38d9f0ba0754bef9579e5,7.893,7.893,0.0,7.893,2026-05-21T00:24:21.885794Z,2026-05-21T00:44:21.885794Z,2026-05-21,0xebcb58042d48b919f625932d411defdf4bef8193728afd4fc569200ebd3b2529
research_20260521_500-0079,user-005,0x7ac5cfa68c95dfbc094e463106d4f5c156fc17f173cd43ce2784623ba88089b1,0xaa7cc987ea2fce0516b11f3dff74bcd9b63922243d369204a8e7859238538e78,14.074,14.074,0.0,14.074,2026-05-21T14:41:07.209257Z,2026-05-21T15:21:07.209257Z,2026-05-21,0xebcb58042d48b919f625932d411defdf4bef8193728afd4fc569200ebd3b2529
research_20260521_500-0080,user-010,0xd93659ff40978a1604e9cb696443f9f2dc16bfdd78c3c3945228702f6c7da999,0xf2ec948377325789aa064949b0df34f7fef2013bbfb59ae09a011da5d49c4267,6.849,6.849,0.0,6.849,2026-05-21T08:03:23.914041Z,2026-05-21T08:43:23.914041Z,2026-05-21,0xebcb58042d48b919f625932d411defdf4bef8193728afd4fc569200ebd3b2529
research_20260521_500-0081,user-009,0x6e3baea3fcb29c831c0710e25ce636f572cea3b052a3fc1996c0aa2832e2b927,0x3e148f75b0be209ce0a395c8e226b3a6c602af2f2ec20969e3183c311bd1d75a,-22.208,0.0,22.208,-22.208,2026-05-21T21:44:25.663818Z,2026-05-21T22:44:25.663818Z,2026-05-21,0xebcb58042d48b919f625932d411defdf4bef8193728afd4fc569200ebd3b2529
research_20260521_500-0082,user-010,0x04c618af15b45ad53efa53e2c39af3257531985221b522e8c98c10f9151e4c52,0x6fee74c20a0a079626b23954442905cbe47a14e55513f3f28353f4e60c106f33,0.04,3.485,3.445,0.04,2026-05-21T20:50:17.362820Z,2026-05-21T21:50:17.362820Z,2026-05-21,0xebcb58042d48b919f625932d411defdf4bef8193728afd4fc569200ebd3b2529
research_20260521_500-0083,user-010,0xcc58b29e632bfdb14b6ba2717ccea6ae7fa190e68cbbb0983f1e7b9fb69b084f,0xec657e741653c05bb5befea17cbf16190567fb6bb162a8143a8027da83c65a4c,10.732,10.732,0.0,10.732,2026-05-21T00:21:24.401839Z,2026-05-21T01:21:24.401839Z,2026-05-21,0xebcb58042d48b919f625932d411defdf4bef8193728afd4fc569200ebd3b2529
research_20260521_500-0084,user-005,0xb0821424087429921a7ec2b402cd82ce074342d288fe153d865ed3b6887a631a,0xbb78419b5e67b2b866e1a5ce683e3d5b0e6e647c7e600d110b37885837b70199,9.311,9.311,0.0,9.311,2026-05-21T13:11:58.819360Z,2026-05-21T14:26:58.819360Z,2026-05-21,0xebcb58042d48b919f625932d411defdf4bef8193728afd4fc569200ebd3b2529
research_20260521_500-0085,user-003,0x4d38b00ded2d2271c27b787edde64ac7585c6464d74236d20cd2fbdb0b8af11c,0x28e4a07bed288d76f40b5f4ef378de45ed787021bd331323708ee0db2df25b4b,11.175,11.175,0.0,11.175,2026-05-21T05:46:16.124228Z,2026-05-21T06:46:16.124228Z,2026-05-21,0xebcb58042d48b919f625932d411defdf4bef8193728afd4fc569200ebd3b2529
research_20260521_500-0086,user-008,0xff8089a57bd37e7419e98378ec41e023a4ac9c54950a35503ebef11a92bd71b9,0xf6ef542d5d7dc1db3fe2a60441d4f99a727bc6db333ac5528598cafeae42a048,7.473,7.473,0.0,7.473,2026-05-21T09:39:41.746700Z,2026-05-21T09:59:41.746700Z,2026-05-21,0xebcb58042d48b919f625932d411defdf4bef8193728afd4fc569200ebd3b2529
research_20260521_500-0087,user-002,0xb8c6e1d371cad3bbcfb6fe26d561b66f33e7f1ea4a455b5046fb418667309b59,0xbb9365f654320681613393c5381d881276210a5061c488067a7420ba6c05b6c7,4.648,4.648,0.0,4.648,2026-05-21T11:25:10.934217Z,2026-05-21T12:05:10.934217Z,2026-05-21,0xebcb58042d48b919f625932d411defdf4bef8193728afd4fc569200ebd3b2529
research_20260521_500-0088,user-006,0x0f72c4ea0bc83bfda209af6c6448707205ed90aa0dd05859c75f0a7cbed413d2,0xe2f10c0f33df37e0de18e709161dd5b8f9e45d795eedc66f4c27a8a0a9ff2b76,7.148,7.148,0.0,7.148,2026-05-21T18:11:46.720133Z,2026-05-21T18:31:46.720133Z,2026-05-21,0xebcb58042d48b919f625932d411defdf4bef8193728afd4fc569200ebd3b2529
research_20260521_500-0089,user-008,0xf02f103d73216304536821cc3335a1fe5b08d17d299f97c8937b39266ea2dfaa,0x8bdb68df914b2af125daa5cae22e797f0511d6ae958e7f91a77dde3d43174e0d,3.751,3.751,0.0,3.751,2026-05-21T08:49:18.022754Z,2026-05-21T09:19:18.022754Z,2026-05-21,0xebcb58042d48b919f625932d411defdf4bef8193728afd4fc569200ebd3b2529
research_20260521_500-0090,user-009,0x29ede62064707505eb622bcdb81cdb1c448bea55eae4ef3f1a0256f961ab04fa,0x3908830f031e1cb7038ef3cb25cf41255d4d75901066bcf1ece10f479f76c40f,-0.003,3.668,3.671,-0.003,2026-05-21T12:37:18.260073Z,2026-05-21T12:57:18.260073Z,2026-05-21,0xebcb58042d48b919f625932d411defdf4bef8193728afd4fc569200ebd3b2529
research_20260521_500-0091,user-007,0xa3aa38aaf916d5444efc284fbde0c735069989b84ae7b4fad41e02e7560fdbf7,0xad48fe5224f2a254dbcfbd0b7c6376cee7ec45de28ec9db270229f4c10a1f22a,5.52,5.52,0.0,5.52,2026-05-21T15:50:47.235306Z,2026-05-21T16:20:47.235306Z,2026-05-21,0xebcb58042d48b919f625932d411defdf4bef8193728afd4fc569200ebd3b2529
research_20260521_500-0092,user-002,0x08ce6a27868e96dbc8b4eba6d7bdd700bada18800a1af29103dbc29c4c43a64d,0x2a9cfd8f9c99359f5ddfad1c8e9e6b793073087f5551c61f61702523889665ee,-6.951,0.0,6.951,-6.951,2026-05-21T16:06:47.720178Z,2026-05-21T16:46:47.720178Z,2026-05-21,0xebcb58042d48b919f625932d411defdf4bef8193728afd4fc569200ebd3b2529
research_20260521_500-0093,user-002,0x44e911916586d8ecddaaaa9f04ca8b3578e949e680e83ad84c56baf73a74411f,0x10fc87139f14b1fa4cd46491de941e7a09d204147d15af577bfb2c77786f9180,10.954,10.954,0.0,10.954,2026-05-21T07:52:29.712000Z,2026-05-21T08:52:29.712000Z,2026-05-21,0xebcb58042d48b919f625932d411defdf4bef8193728afd4fc569200ebd3b2529
research_20260521_500-0094,user-006,0x49f2f8e2cd0caedbf7e7a778dbb78e4faa88b7adbd2309c58cd7d534d00fd00d,0x001683480f37dd64840851ca745d8f97c7472ce4a498c625815aaca8371ed04a,-0.052,3.693,3.745,-0.052,2026-05-21T13:19:43.645415Z,2026-05-21T13:39:43.645415Z,2026-05-21,0xebcb58042d48b919f625932d411defdf4bef8193728afd4fc569200ebd3b2529
research_20260521_500-0095,user-009,0x88b373803800688cc47d0bb423a8dfff31c43a081d6ebfb833654fe95ccf0d3a,0x7423d4993603d8c450c59dc56fef1532d79d02736e6b604949f18c9f3231193d,-15.014,0.0,15.014,-15.014,2026-05-21T21:09:25.449990Z,2026-05-21T21:49:25.449990Z,2026-05-21,0xebcb58042d48b919f625932d411defdf4bef8193728afd4fc569200ebd3b2529
research_20260521_500-0096,user-006,0x17b0b55643b6a61c971c99d349a9b73aa24a5d267fd1378eefc5e943dcc5336f,0x98f190a535048bba3dbe1f5fc7ecb99ede0a831b67b1e9fde7b18e08ee2c63fd,7.402,7.402,0.0,7.402,2026-05-21T07:57:18.642102Z,2026-05-21T08:17:18.642102Z,2026-05-21,0xebcb58042d48b919f625932d411defdf4bef8193728afd4fc569200ebd3b2529
research_20260521_500-0097,user-004,0x46fc6c291c8fcce8c1ae6bbcf2ef18f72d1bebdfa65037645efaabf875b0acd1,0xb33b1c6c7144b294988b4379dac5e654e4052547556105f4be044b8e67b58843,1.397,2.413,1.016,1.397,2026-05-21T21:04:14.283881Z,2026-05-21T21:34:14.283881Z,2026-05-21,0xebcb58042d48b919f625932d411defdf4bef8193728afd4fc569200ebd3b2529
research_20260521_500-0098,user-008,0xa24ef3995ce5fd3e4680e357b975fc5139f321c90e652c73c4790fa2031ae2a5,0x4255664de656065d034ee4f78f653c7dbf6692c6b8f8f084c438aadf96412d63,12.288,17.4,5.112,12.288,2026-05-21T11:21:59.895423Z,2026-05-21T12:21:59.895423Z,2026-05-21,0xebcb58042d48b919f625932d411defdf4bef8193728afd4fc569200ebd3b2529
research_20260521_500-0099,user-004,0x132f19db249fadb3ce2819db76c95f060285fd5c048000bcfb791fb83445e5da,0x8486b7370c872d329467659fb34d588d55e9b7bd4c1ccd37de0fff9df16d2f6e,13.43,13.43,0.0,13.43,2026-05-21T15:40:43.605686Z,2026-05-21T16:55:43.605686Z,2026-05-21,0xebcb58042d48b919f625932d411defdf4bef8193728afd4fc569200ebd3b2529
research_20260521_500-0100,user-002,0x10837023dd9781da61d3d72268144c8c4f4ba7b8830ce8ac9f5b5f786adf9339,0x7ddef51710e51de8dcccd955328151200012594c760098be81b557b70b31f4ef,13.486,13.486,0.0,13.486,2026-05-21T22:53:32.100196Z,2026-05-22T00:08:32.100196Z,2026-05-21,0xebcb58042d48b919f625932d411defdf4bef8193728afd4fc569200ebd3b2529
research_20260521_500-0101,user-006,0x90264a7c6ea5d454f8c68d695be6755d0c677ac2473f5ad35d99d2a6d62896cd,0xa5ccbdc4e2ccad2dfeb5b0049d02c861825cb36609b4d0aca30e10dba91c3cb9,1.584,4.391,2.807,1.584,2026-05-21T06:21:45.141185Z,2026-05-21T07:01:45.141185Z,2026-05-21,0xebcb58042d48b919f625932d411defdf4bef8193728afd4fc569200ebd3b2529
research_20260521_500-0102,user-003,0x4a548b6347a9c184715e73b3b63a636cb00695c0e1bb4d8277975b5d80c57e71,0x9d296378b7f785573c2edb3b16a7b0fa30664ffe478cbd16ec996a71b8343d5f,-27.141,0.0,27.141,-27.141,2026-05-21T04:27:35.514068Z,2026-05-21T05:42:35.514068Z,2026-05-21,0xebcb58042d48b919f625932d411defdf4bef8193728afd4fc569200ebd3b2529
research_20260521_500-0103,user-001,0xb54b76b44644496a62c6223f89dc426a6c24723c2f65c2737cb13c92e22024b9,0xaeb28f85f32d016c38d05886aea17f114e9e78c11e17b7e1d8638d8880c9ac85,7.046,7.046,0.0,7.046,2026-05-21T03:39:04.307630Z,2026-05-21T04:39:04.307630Z,2026-05-21,0xebcb58042d48b919f625932d411defdf4bef8193728afd4fc569200ebd3b2529
research_20260521_500-0104,user-002,0x22c66362697bbac8c75cbcb1a99978d4630df263066e83916a044bea0659a7b1,0x54ac0d3945d06610c6a3ef42b0b24e9c15c4b471b9b8fae7c1e9472b4b08b6f8,14.521,14.521,0.0,14.521,2026-05-21T14:31:46.719220Z,2026-05-21T15:11:46.719220Z,2026-05-21,0xebcb58042d48b919f625932d411defdf4bef8193728afd4fc569200ebd3b2529
research_20260521_500-0105,user-003,0x3bb1292a0dc284d1429a225c86301848509c50c84e6f7231d4bfcdb06d9c6370,0xd3510807d9c09a6a64520a1c73a2cffa4f9aba7a27194744868ca2f9f7a0372b,4.614,9.056,4.442,4.614,2026-05-21T16:06:43.750764Z,2026-05-21T17:21:43.750764Z,2026-05-21,0xebcb58042d48b919f625932d411defdf4bef8193728afd4fc569200ebd3b2529
research_20260521_500-0106,user-001,0x449dc4ef408126ed887903879629f0cb0fb722c90cff53eed46d457c145e9ac1,0xdd6c0149248338c99623199aafe83be7d6e561175b8bb73f20fd9f8ae0566033,11.404,11.404,0.0,11.404,2026-05-21T09:58:43.588863Z,2026-05-21T10:28:43.588863Z,2026-05-21,0xebcb58042d48b919f625932d411defdf4bef8193728afd4fc569200ebd3b2529
research_20260521_500-0107,user-007,0xde8d8d3e22e838209b617c416242885f11af2cb2745d9b566ae130b3538168ac,0x278ed5c9daa9f25a8c02e45372ac17f3323a73e5b1189e6c058e004e0002768b,5.333,5.333,0.0,5.333,2026-05-21T20:20:56.339298Z,2026-05-21T20:50:56.339298Z,2026-05-21,0xebcb58042d48b919f625932d411defdf4bef8193728afd4fc569200ebd3b2529
research_20260521_500-0108,user-009,0x9954f3c6e940580b9a618b85a62f62d9884a72501c6c8d82b03f4476401a8182,0xc8bc9eb9f01d4d75e3e00bfb8892b9ccb0a9a5a3bfd5f3296d5e49ab4f4cb983,5.206,5.206,0.0,5.206,2026-05-21T14:56:22.339338Z,2026-05-21T15:26:22.339338Z,2026-05-21,0xebcb58042d48b919f625932d411defdf4bef8193728afd4fc569200ebd3b2529
research_20260521_500-0109,user-005,0x95d311edc50c0fc8bc092f8fd693a1f3552709d7618ef1fd68c2f863704ef0fd,0xe7eadb2108a644c31110a4de65cb20ac8b68e177f20f8aea0591760d8cfdfa43,4.92,4.92,0.0,4.92,2026-05-21T10:35:21.313370Z,2026-05-21T11:05:21.313370Z,2026-05-21,0xebcb58042d48b919f625932d411defdf4bef8193728afd4fc569200ebd3b2529
research_20260521_500-0110,user-009,0xae813fc38c82a3b45c18a3c4078cab9342909eef46555e09fe8c6cf867902dcd,0xdda11c57678d500aa7f5ecb38ce5c9422daa6ead6db2a4b14f82078d4fdd9fee,11.379,11.379,0.0,11.379,2026-05-21T14:52:14.422384Z,2026-05-21T15:52:14.422384Z,2026-05-21,0xebcb58042d48b919f625932d411defdf4bef8193728afd4fc569200ebd3b2529
research_20260521_500-0111,user-004,0x0661879f3a90e39bd3de7b32e0d5cb5e14a63b1020f29621eed1d479bd94120d,0x08bcbdc75c8ceef5739cf98f50fe1f108595532c81adbc7ef6c65fd5459a0067,8.987,8.987,0.0,8.987,2026-05-21T18:09:51.625481Z,2026-05-21T19:24:51.625481Z,2026-05-21,0xebcb58042d48b919f625932d411defdf4bef8193728afd4fc569200ebd3b2529
research_20260521_500-0112,user-002,0x7d463fa66ba41d0a52bfad4df8d05689ef13f5b56c29bf1a3cf3c6ee048f57dd,0x22a527ce4b207c3348e6261c1b49ef35512512913f056f8af74afffced52d278,10.926,10.926,0.0,10.926,2026-05-21T08:19:41.389692Z,2026-05-21T08:49:41.389692Z,2026-05-21,0xebcb58042d48b919f625932d411defdf4bef8193728afd4fc569200ebd3b2529
research_20260521_500-0113,user-008,0x3f9e7924faf5e4031b6af4988196c53c77cc2bdd8659655d03a0bb9ccecf4c0b,0xd9c8c12a4f9bb45e88a07e17a8893f4d398e93943341787f19da10dad58bcadc,3.819,4.352,0.533,3.819,2026-05-21T19:30:42.675002Z,2026-05-21T20:10:42.675002Z,2026-05-21,0xebcb58042d48b919f625932d411defdf4bef8193728afd4fc569200ebd3b2529
research_20260521_500-0114,user-005,0x3b6855cbd08e50ed0e95677ae8add9fe5e8f5db83e776d7033aa3aa7f3a23110,0xe721c81b8bc8830855f1ccdaadc171c0325d6187d58d6a7aebf3becc8505d233,-7.844,0.0,7.844,-7.844,2026-05-21T06:44:13.117813Z,2026-05-21T07:04:13.117813Z,2026-05-21,0xebcb58042d48b919f625932d411defdf4bef8193728afd4fc569200ebd3b2529
research_20260521_500-0115,user-009,0x380421a7e58c52969d31d4bab0d20e16a032a0078a12edb9a76c2e1a2c692a3f,0x8c1c49f9404f4c1e01fe48d65a11f45dd4e94a5b13f7578528c4e12e0638e520,13.706,17.917,4.211,13.706,2026-05-21T16:06:47.136685Z,2026-05-21T17:06:47.136685Z,2026-05-21,0xebcb58042d48b919f625932d411defdf4bef8193728afd4fc569200ebd3b2529
research_20260521_500-0116,user-009,0xa893500d342446dde352b0be41434a6e9ecb96c85829c14a82176f5b0f2fc219,0x0817e6442da9af56fe534e193de6a465d6bd85fdd72a3529a611996889578a81,3.006,8.652,5.646,3.006,2026-05-21T01:49:43.640395Z,2026-05-21T02:29:43.640395Z,2026-05-21,0xebcb58042d48b919f625932d411defdf4bef8193728afd4fc569200ebd3b2529
research_20260521_500-0117,user-004,0x62db9175d213dce5965cbe40afae572701c7f7531e982a5a1cff0a76e31f7b76,0x9871c568fae503559e89225258935324c8fef09d95e146da9ace3e2d553582bc,9.065,9.065,0.0,9.065,2026-05-21T05:41:55.328834Z,2026-05-21T06:56:55.328834Z,2026-05-21,0xebcb58042d48b919f625932d411defdf4bef8193728afd4fc569200ebd3b2529
research_20260521_500-0118,user-008,0x4907482a6af6f129a0ed8a21b8fb4d3ca9b7a5bb44af142b0ee0b8e982936c24,0xe6995eb4328563fa11830f76f4321bba0fff53de18a60c9a442725e2fb996d2b,13.636,13.636,0.0,13.636,2026-05-21T10:26:58.073607Z,2026-05-21T11:41:58.073607Z,2026-05-21,0xebcb58042d48b919f625932d411defdf4bef8193728afd4fc569200ebd3b2529
research_20260521_500-0119,user-007,0x5b972b45275f92df5bcef8ae8fbbfc8224611cc43b3d25c4ef83846811e3dcf9,0xf53f9f4a89c4e0cc9367fd102c9289b5c9caf04ca3c57ca0fdde348bf2a45946,10.489,10.489,0.0,10.489,2026-05-21T14:59:46.576457Z,2026-05-21T15:59:46.576457Z,2026-05-21,0xebcb58042d48b919f625932d411defdf4bef8193728afd4fc569200ebd3b2529
research_20260521_500-0120,user-008,0xb2fd1e214de3c433e4350310a4419ee05507f436f2784fab6e2060703b30f38e,0x12e422b04bf47990033443bfea3d35d360eb7e714caa570e28ed54c13aeb5ddf,14.166,14.166,0.0,14.166,2026-05-21T07:49:09.612288Z,2026-05-21T09:04:09.612288Z,2026-05-21,0xebcb58042d48b919f625932d411defdf4bef8193728afd4fc569200ebd3b2529
research_20260521_500-0121,user-001,0x1dd06a030f387f41f5110e2d3b013d55d7e62902cc784fffbe495bd3433a1dd7,0xd6a0993d87a7ae907b8a1133fe3b9e949f7e1a04e62b9e34f0d7e755be63c62b,7.276,8.958,1.682,7.276,2026-05-21T14:19:44.273690Z,2026-05-21T14:49:44.273690Z,2026-05-21,0xebcb58042d48b919f625932d411defdf4bef8193728afd4fc569200ebd3b2529
research_20260521_500-0122,user-003,0xfe8d237b0785b1f8ad78bdcf2fe9c8815c34024f34a87a509f330014bc46e8e6,0x4de8f1872e32bb3f35c69bb1c0f6ac97267f2e75e622121501ff689d89c91f37,-9.04,0.0,9.04,-9.04,2026-05-21T00:19:35.903553Z,2026-05-21T01:34:35.903553Z,2026-05-21,0xebcb58042d48b919f625932d411defdf4bef8193728afd4fc569200ebd3b2529
research_20260521_500-0123,user-008,0x088e9a546a5e9d2a96f713ea1833992147a8a4843fb5c7106a49c4c731ab5e53,0x17dd10006b4991b885067abc37849b1d7ab4932647c3b81f4074a09709d1a501,5.724,5.724,0.0,5.724,2026-05-21T18:12:00.348469Z,2026-05-21T18:42:00.348469Z,2026-05-21,0xebcb58042d48b919f625932d411defdf4bef8193728afd4fc569200ebd3b2529
research_20260521_500-0124,user-002,0x4d33744575fbffd0b2f877f210dfb7d22219b1492ab628badc33e15fca31f3c3,0x56902b896d830ff1137f00bfbaa00dcf9450d863230be51892eebe51230b8bdb,4.771,4.771,0.0,4.771,2026-05-21T01:50:59.664570Z,2026-05-21T02:30:59.664570Z,2026-05-21,0xebcb58042d48b919f625932d411defdf4bef8193728afd4fc569200ebd3b2529
research_20260521_500-0125,user-006,0xcf31373461f85944ed89c24d856ea3361ca6f70886def36842b0cec8c64298bd,0xf7732563cfa0a3865f16bd2b30d20228fba9d9fde12038f9d283770bd6d933ac,2.49,2.49,0.0,2.49,2026-05-21T16:42:24.554585Z,2026-05-21T17:02:24.554585Z,2026-05-21,0xebcb58042d48b919f625932d411defdf4bef8193728afd4fc569200ebd3b2529
research_20260521_500-0126,user-007,0xd6dc1376e60d4d92508f593e1256a001020b44a9622e10a6a505b9474e4b5ee8,0xc383db47dd2c82e52bc580d34c283452bde29a1589009beef4c9b3efb1fe5a4f,13.86,13.86,0.0,13.86,2026-05-21T02:01:13.073891Z,2026-05-21T03:16:13.073891Z,2026-05-21,0xebcb58042d48b919f625932d411defdf4bef8193728afd4fc569200ebd3b2529
research_20260521_500-0127,user-007,0x85a19a68bbfb4b6423f06db73b33a6568e4ded0d7adfc5483c5317f14a4331e6,0xac4c350201bc8181857e7ca1ebee1eeae6a3a2923837ec56a5e7282c8696c6ca,0.093,2.761,2.668,0.093,2026-05-21T16:53:55.386359Z,2026-05-21T17:23:55.386359Z,2026-05-21,0xebcb58042d48b919f625932d411defdf4bef8193728afd4fc569200ebd3b2529
research_20260521_500-0128,user-006,0xc552de3340a8bdb66d17bf70cfba54b642ccfc8c1d2a0702618aa8b2e53ec714,0x13123ccba88a8887e4ffdac7cd030c3049fd32d288926225192c9240ae340cc9,11.702,12.563,0.861,11.702,2026-05-21T19:55:15.442582Z,2026-05-21T21:10:15.442582Z,2026-05-21,0xebcb58042d48b919f625932d411defdf4bef8193728afd4fc569200ebd3b2529
research_20260521_500-0129,user-001,0xcbd87bd3555348f44ee0dc1a6649cf9e2e20551144f22d9ee993ea0a37299190,0xa17f37d80f4c7a2c7d06d8d2e9791ed0ef579b564af36f6d11da97618676312b,4.61,9.073,4.463,4.61,2026-05-21T23:49:28.692356Z,2026-05-22T01:04:28.692356Z,2026-05-21,0xebcb58042d48b919f625932d411defdf4bef8193728afd4fc569200ebd3b2529
research_20260521_500-0130,user-005,0xe9af13845c46e16eb053a5a2b4eac28c806985d19fa46623ec0e8df5f53bee00,0x62d5f89db732245256b9a6de9da575b3acba9a3a9ca0ced31bcf2ba5b0daca2c,7.255,7.255,0.0,7.255,2026-05-21T07:33:58.803559Z,2026-05-21T07:53:58.803559Z,2026-05-21,0xebcb58042d48b919f625932d411defdf4bef8193728afd4fc569200ebd3b2529
research_20260521_500-0131,user-003,0x060f73d1f4f8037429b2bffa57b208c577afd07b0d275cca15536755373de932,0x3bbb55c547ca86963ed5bc68585805312965f088066d8ba8b455d07b2bbc97a2,22.393,22.393,0.0,22.393,2026-05-21T21:59:55.919015Z,2026-05-21T22:59:55.919015Z,2026-05-21,0xebcb58042d48b919f625932d411defdf4bef8193728afd4fc569200ebd3b2529
research_20260521_500-0132,user-006,0x46cdc89a180e0a7d086cd864eb0ac09efe7fcc196fe83e9ef55d61c7362b56a3,0x957609b94211036b1fd056f88dd4dbd64b9cf223dc12bc6423b712a80f88444a,0.403,5.757,5.354,0.403,2026-05-21T23:36:27.140575Z,2026-05-22T00:06:27.140575Z,2026-05-21,0xebcb58042d48b919f625932d411defdf4bef8193728afd4fc569200ebd3b2529
research_20260521_500-0133,user-003,0xb5ad59bb20720f4c5922d0d5884390fc84814f51468643d763b42e3b96568eba,0xa95b85b23d90c9e9479949c3195103e0932c940a920e01985e544a8d9a41dd9b,7.139,7.139,0.0,7.139,2026-05-21T05:00:40.965436Z,2026-05-21T05:20:40.965436Z,2026-05-21,0xebcb58042d48b919f625932d411defdf4bef8193728afd4fc569200ebd3b2529
research_20260521_500-0134,user-007,0x09bbb88309827b20b25bb02a61c861f47715f83777a038d45cc2e69b830827c4,0x5fe19d2c7a7beb13c3fef99117f01d9f039a7386af3fbb08285eb0861107185f,4.809,4.809,0.0,4.809,2026-05-21T00:43:45.266450Z,2026-05-21T01:23:45.266450Z,2026-05-21,0xebcb58042d48b919f625932d411defdf4bef8193728afd4fc569200ebd3b2529
research_20260521_500-0135,user-002,0x952a94fdd2f680f30726cad72cfccce5b3982a7068d57ec3328ba8194aaaab7e,0x4855ffcb19b06c2382b22b02d76af6f8431b710edb291fe31e460a03293797f2,5.342,5.342,0.0,5.342,2026-05-21T22:00:51.915964Z,2026-05-21T22:30:51.915964Z,2026-05-21,0xebcb58042d48b919f625932d411defdf4bef8193728afd4fc569200ebd3b2529
research_20260521_500-0136,user-002,0x2f7c24eaeae6060c94e5c427b7f7bfad21c84b4b0d1f2afbc9e0cb397b2d14f4,0x0765d819f727e733aa257b3e43fd0d2b11c2282d089682fa5bca13e305805420,22.083,22.083,0.0,22.083,2026-05-21T19:29:09.349903Z,2026-05-21T20:29:09.349903Z,2026-05-21,0xebcb58042d48b919f625932d411defdf4bef8193728afd4fc569200ebd3b2529
research_20260521_500-0137,user-007,0xb490d31a174f29449a73c21916b2ef534edab7327b11728ca25a6e9ae7e49c42,0x4be08c7ec8b609edcbfdc60845ab3c6f702863c307199d4fd2fff4df9a79a85e,3.921,5.675,1.754,3.921,2026-05-21T19:54:55.049211Z,2026-05-21T20:34:55.049211Z,2026-05-21,0xebcb58042d48b919f625932d411defdf4bef8193728afd4fc569200ebd3b2529
research_20260521_500-0138,user-005,0x14442291138e28ba73e3f1914c92789b29855c37100dc15b90acf1f512428de0,0xad123711fddac8a2d02900461310352cd769c9b6d0eb851e0a2bcd70317fd190,10.41,10.41,0.0,10.41,2026-05-21T23:49:15.299282Z,2026-05-22T00:49:15.299282Z,2026-05-21,0xebcb58042d48b919f625932d411defdf4bef8193728afd4fc569200ebd3b2529
research_20260521_500-0139,user-008,0x724b322ec47f0ebdc50a8dce91b70871b2f5183ccac4b12aa8d7040e18e5dba5,0x2e9541d0e94c6563ef7b07d6456e7b8c61d95e047aeedf1f1afba632e9a4c8dd,-5.531,0.0,5.531,-5.531,2026-05-21T00:45:25.269414Z,2026-05-21T01:15:25.269414Z,2026-05-21,0xebcb58042d48b919f625932d411defdf4bef8193728afd4fc569200ebd3b2529
research_20260521_500-0140,user-008,0x3cf04588f7e7e18f8c4ffa5f21e78fc3862088279ef56d221e69d7887cb9fdf8,0xd53dd9aede02a0343a5a367941c0b213c3c2b74c4041303ea9debeb48da84c22,5.361,5.361,0.0,5.361,2026-05-21T01:21:06.967308Z,2026-05-21T01:51:06.967308Z,2026-05-21,0xebcb58042d48b919f625932d411defdf4bef8193728afd4fc569200ebd3b2529
research_20260521_500-0141,user-007,0x89eaa2b14a2f7bee19ee567fc717c008ac1ebfd5702793eb7a11c2306649099a,0x3bf14fa330670710bc8e86e3ca6a60c0229a594ba97b3e50e9016db5cb8c858f,3.336,3.336,0.0,3.336,2026-05-21T05:02:43.767658Z,2026-05-21T05:22:43.767658Z,2026-05-21,0xebcb58042d48b919f625932d411defdf4bef8193728afd4fc569200ebd3b2529
research_20260521_500-0142,user-006,0xc9ec11b60b9164ee4b3554e689abbc82fd47cbf1274493faa5050714f58eb485,0xac4a4a862370bbecd2ece1bb2713370a1dd2eef021b0a95fefff868581aa917c,28.076,28.076,0.0,28.076,2026-05-21T07:08:38.797598Z,2026-05-21T08:23:38.797598Z,2026-05-21,0xebcb58042d48b919f625932d411defdf4bef8193728afd4fc569200ebd3b2529
research_20260521_500-0143,user-010,0xdee9ff81dc6efd0cf1ff24bec55867a82c1015253f549e2c29ff687501b90cd7,0xf6a4e78f8a33ab24f6e7ce7ba5ff40d837273d0e184dbb1398f05f6d701247a6,7.54,7.54,0.0,7.54,2026-05-21T18:40:42.857994Z,2026-05-21T19:20:42.857994Z,2026-05-21,0xebcb58042d48b919f625932d411defdf4bef8193728afd4fc569200ebd3b2529
research_20260521_500-0144,user-008,0x19abcc3fb6df77a011f87b18d7d180b1a31e0347d703e324bafdbbac81216edc,0x62e4a694b115a6a0c9c202e0f0c83c9b8fef681b6909927e6f43021dc3bf4344,-14.335,0.0,14.335,-14.335,2026-05-21T05:09:39.072214Z,2026-05-21T06:24:39.072214Z,2026-05-21,0xebcb58042d48b919f625932d411defdf4bef8193728afd4fc569200ebd3b2529
research_20260521_500-0145,user-003,0xed8c763f7bba858bf022f7917e00235b167a322f28e9bf270e26eae32f0ac92c,0xa8efb58607472b622b2ef5477ba25b1edb0338ed03353c382ae62de5cd276f1a,1.886,6.447,4.561,1.886,2026-05-21T19:30:36.169655Z,2026-05-21T20:30:36.169655Z,2026-05-21,0xebcb58042d48b919f625932d411defdf4bef8193728afd4fc569200ebd3b2529
research_20260521_500-0146,user-009,0x712b55d36741faaa88ea262edf03f44d9ff956a49eebe3d9d8635bf91c89e6c2,0x2cb970db3a333f2e89a0b3a93db7b6bace290e8a120b5a0df725f45a830b9e25,-15.284,0.0,15.284,-15.284,2026-05-21T00:48:04.823044Z,2026-05-21T01:28:04.823044Z,2026-05-21,0xebcb58042d48b919f625932d411defdf4bef8193728afd4fc569200ebd3b2529
research_20260521_500-0147,user-002,0x3e1739893f6b15f979f1a54a35d896e84568710c2c5f4a32195a3596ec260b08,0x6f7023bcf8e3daf2cb8dc0586cfde12c0d395fbcb8630ae52f4f4eda01c554c4,-2.292,0.0,2.292,-2.292,2026-05-21T18:15:27.316436Z,2026-05-21T18:35:27.316436Z,2026-05-21,0xebcb58042d48b919f625932d411defdf4bef8193728afd4fc569200ebd3b2529
research_20260521_500-0148,user-003,0x54b997dcebc5e11d69e501ad01b093d291d7b431225a2a9d04edc7c98178e5ea,0x4e9e21fc0d9d71b068768877481148df5023d937237067494ade3cae9adc7fb9,5.654,8.14,2.486,5.654,2026-05-21T10:39:55.553448Z,2026-05-21T11:39:55.553448Z,2026-05-21,0xebcb58042d48b919f625932d411defdf4bef8193728afd4fc569200ebd3b2529
research_20260521_500-0149,user-004,0xc9ae2e62d6e65f3d0a6c41e8686d2ca7da0f574685c5ef9f20c44a83d8940ee3,0xa6141ebc29c804b06af4cae873f760d0c21e7745dc1b0cb23ff4238cd9d5d6cd,4.762,4.762,0.0,4.762,2026-05-21T16:58:23.431814Z,2026-05-21T17:38:23.431814Z,2026-05-21,0xebcb58042d48b919f625932d411defdf4bef8193728afd4fc569200ebd3b2529
research_20260521_500-0150,user-008,0x1fb0abff2ffa155adbce1cb9afbc0094b0520bf6413661f97b103ae4a4fa90d5,0xee1b896d5e8c162117902e6d7cb24fdb1b01a194c6ad1eb15b7dd2f9d048cdaf,7.659,7.659,0.0,7.659,2026-05-21T10:52:15.077064Z,2026-05-21T11:52:15.077064Z,2026-05-21,0xebcb58042d48b919f625932d411defdf4bef8193728afd4fc569200ebd3b2529
research_20260521_500-0151,user-007,0xfa64a9f92f415b9e55f0d15881cee8a615f3c61239f7f605566c26170d112c97,0x5f66674020d0bdc9daa20b71fbff0304a7d2a942d9da47bbec9eb0100cf43558,3.635,3.635,0.0,3.635,2026-05-21T19:59:59.188232Z,2026-05-21T20:29:59.188232Z,2026-05-21,0xebcb58042d48b919f625932d411defdf4bef8193728afd4fc569200ebd3b2529
research_20260521_500-0152,user-009,0x541cc0527aef21749d222ceb1ef8ed1813e1fb4bb8668f7bf46f1aa9d6e40d6f,0x99a50100480dc027ec2468c399cbcf2be949893dbe1f72edee561d237e52a152,2.565,2.565,0.0,2.565,2026-05-21T00:19:53.810685Z,2026-05-21T00:39:53.810685Z,2026-05-21,0xebcb58042d48b919f625932d411defdf4bef8193728afd4fc569200ebd3b2529
research_20260521_500-0153,user-003,0x474a233c00b5ffe5d64c7b97fcba4086a95b1e20b1456684a07f27106a449206,0x5ca9ae74f2791085df44dc20773a594fb1e320281177c03cef9b90acd6e26d87,-11.386,0.0,11.386,-11.386,2026-05-21T06:54:35.485060Z,2026-05-21T07:24:35.485060Z,2026-05-21,0xebcb58042d48b919f625932d411defdf4bef8193728afd4fc569200ebd3b2529
research_20260521_500-0154,user-005,0x9e24eea6995b049ca82c75e53c33df9acca1e4cddcf6a5bc115933870960dcbd,0x13bb95bc54477174633700a70b124a2a175e7165b2f161d4c6c9b17cb94268b0,7.129,7.129,0.0,7.129,2026-05-21T07:18:37.607601Z,2026-05-21T07:58:37.607601Z,2026-05-21,0xebcb58042d48b919f625932d411defdf4bef8193728afd4fc569200ebd3b2529
research_20260521_500-0155,user-007,0x82dcf9f25b9a4fb459f9e7623df1d25c2e7212dc82f1cc801f5f98b017b3af28,0x947693bfaedc0a19cbffe8b5f4c92b876c0283a2abfa265058d6ee3c5313e1b2,-11.063,0.0,11.063,-11.063,2026-05-21T04:11:13.163244Z,2026-05-21T05:11:13.163244Z,2026-05-21,0xebcb58042d48b919f625932d411defdf4bef8193728afd4fc569200ebd3b2529
research_20260521_500-0156,user-007,0xb18c48855c4a7fc663557ad4f877d7701ec5c8408bb0305254cf6efb2e5934dc,0xec27e9f31be430dce28f7e547d001ca249efc538ff4efb63d014063165afd0b8,-11.517,0.0,11.517,-11.517,2026-05-21T19:07:39.706967Z,2026-05-21T19:37:39.706967Z,2026-05-21,0xebcb58042d48b919f625932d411defdf4bef8193728afd4fc569200ebd3b2529
research_20260521_500-0157,user-005,0xb4930c870c35e4a2c48a25ee4b8e54e8e3b9999458488c1aaa672e43107425de,0xc4c0c30a450846d5705698ee660d87c8a3ea458087d765bb67557dac5895704c,5.541,5.541,0.0,5.541,2026-05-21T06:33:34.605396Z,2026-05-21T07:03:34.605396Z,2026-05-21,0xebcb58042d48b919f625932d411defdf4bef8193728afd4fc569200ebd3b2529
research_20260521_500-0158,user-002,0x4e72d51801860a36c0aed25896115cc7fd882bc1e0b874b25d939cf69ad1643c,0x8e16b93330ca55d6add8f4c1884bcb28a5432b439fce63974fc79c9964d62101,19.256,21.217,1.961,19.256,2026-05-21T00:16:03.415822Z,2026-05-21T01:16:03.415822Z,2026-05-21,0xebcb58042d48b919f625932d411defdf4bef8193728afd4fc569200ebd3b2529
research_20260521_500-0159,user-006,0x2599265b6df554ed1db1a98ae767d135b33fe96429a29c82bdc93b97baf78e28,0xfe6a459da12c0a05c3ba66ca2f703c0a2ef52c7dae9c07d9aff29224b11a6827,5.667,5.667,0.0,5.667,2026-05-21T06:38:41.872922Z,2026-05-21T07:08:41.872922Z,2026-05-21,0xebcb58042d48b919f625932d411defdf4bef8193728afd4fc569200ebd3b2529
research_20260521_500-0160,user-003,0xb08b528dde9603f89ccec3a2a90513b9271a9a4c2e947fd31364272c34003c3b,0x87de4a1196695f53b23e143e21ef3533b3614f43a28fff32b7eb14c5e47113c1,2.37,2.37,0.0,2.37,2026-05-21T18:02:11.257203Z,2026-05-21T18:22:11.257203Z,2026-05-21,0xebcb58042d48b919f625932d411defdf4bef8193728afd4fc569200ebd3b2529
research_20260521_500-0161,user-010,0x94fe830ce5fb5c0b5641c2440f11eb415fb0f8694af24404212a80a72c961e5a,0x0abe2bc982259d156753dbc652e0f4002af7b219487dbae9b47881769e6cd2a1,11.284,11.284,0.0,11.284,2026-05-21T11:45:17.250288Z,2026-05-21T12:45:17.250288Z,2026-05-21,0xebcb58042d48b919f625932d411defdf4bef8193728afd4fc569200ebd3b2529
research_20260521_500-0162,user-003,0x40e34076a00e58d30f74a2f2926b95542da952267bda021aaf7910dc46504385,0x05bdbdac2371660f84543dcbf408f96a7be527f322206a197407ac4c2eaef965,2.629,2.629,0.0,2.629,2026-05-21T05:40:40.478966Z,2026-05-21T06:00:40.478966Z,2026-05-21,0xebcb58042d48b919f625932d411defdf4bef8193728afd4fc569200ebd3b2529
research_20260521_500-0163,user-009,0x1fb27133ae6fa868199e6b3242d2283d35cf811551d22a6702cb2cd651b6f849,0x3ab973cb3992a6340428180ec82767252199b9d5baa33166993286289b9083f9,-22.35,0.0,22.35,-22.35,2026-05-21T05:34:21.695942Z,2026-05-21T06:34:21.695942Z,2026-05-21,0xebcb58042d48b919f625932d411defdf4bef8193728afd4fc569200ebd3b2529
research_20260521_500-0164,user-004,0x792965a5dabc3b33f7fcf1cb25796fe9dece81ed623e86a977ae39a7b58f07a1,0xa1c04cd7537e2f92c1d9b5bdffd8d6646429ca0d1ade13a3e5da51e582a2e545,1.659,2.508,0.849,1.659,2026-05-21T22:35:36.926436Z,2026-05-21T22:55:36.926436Z,2026-05-21,0xebcb58042d48b919f625932d411defdf4bef8193728afd4fc569200ebd3b2529
research_20260521_500-0165,user-006,0x0d96e19a2cc132c4ce365698e1e3c8dc2520e69e546746c5993ec7c7eb71fe5a,0xcf792d315d193e07f62d31726eb4b28d25f733cca7e0f61444dfdab593ac1902,-4.599,0.0,4.599,-4.599,2026-05-21T11:25:52.336660Z,2026-05-21T12:05:52.336660Z,2026-05-21,0xebcb58042d48b919f625932d411defdf4bef8193728afd4fc569200ebd3b2529
research_20260521_500-0166,user-002,0x42271412fd1bffdf29afa4161d1a1b09843a460bffbbb37dd72a2923ce735474,0x7676fd0c0ef480168377ad4042d3cfa8267bffab82617c8fd98025d844578bed,8.51,11.654,3.144,8.51,2026-05-21T12:04:32.850044Z,2026-05-21T13:19:32.850044Z,2026-05-21,0xebcb58042d48b919f625932d411defdf4bef8193728afd4fc569200ebd3b2529
research_20260521_500-0167,user-007,0x45f791ad6f284f94f613a25e9f93cdbfe61fc915053ce3365906d5d04b4d0cf0,0xbd7d5bd64ff5cd5a0eb6aaf18d46f1319e023713c1de735eabeee339966412b5,5.48,5.48,0.0,5.48,2026-05-21T18:35:41.876886Z,2026-05-21T19:05:41.876886Z,2026-05-21,0xebcb58042d48b919f625932d411defdf4bef8193728afd4fc569200ebd3b2529
research_20260521_500-0168,user-007,0x58669d7baaa608e4f1612f4ef9d453096e7f7f6e0dcbb7bd18101c472b3fecef,0xdcfa42668170a79f6c4ca8180067ed11f0b4a2942bfea2ae8aba61b219439fc4,11.172,11.172,0.0,11.172,2026-05-21T22:19:44.755776Z,2026-05-21T23:19:44.755776Z,2026-05-21,0xebcb58042d48b919f625932d411defdf4bef8193728afd4fc569200ebd3b2529
research_20260521_500-0169,user-004,0xa6e002ce50d392f89ba241706ec39f8dde57f6a2e8673660d1de7aa3743a03b4,0x955f3dd7fd68f94afdd0c1bfe9f7e715e7e14bf781da81158053bac0b906adac,3.554,5.292,1.738,3.554,2026-05-21T20:22:11.065045Z,2026-05-21T21:22:11.065045Z,2026-05-21,0xebcb58042d48b919f625932d411defdf4bef8193728afd4fc569200ebd3b2529
research_20260521_500-0170,user-009,0x78bc8e1a53229571b342279de666dd9110c43f0e4d57c3ce973148ca3b7ca7ba,0xab8d516c40b95f729241b6029cf85f55ce87bd121313e828694d21f15f00327d,7.666,7.666,0.0,7.666,2026-05-21T14:04:11.892178Z,2026-05-21T14:44:11.892178Z,2026-05-21,0xebcb58042d48b919f625932d411defdf4bef8193728afd4fc569200ebd3b2529
research_20260521_500-0171,user-007,0xd991cbd06660b785dadef9ae8e10a33ab56d7715d276596c07960105ecfb2b3d,0xcdb1d8538fb711ca2db7f484d390a65784dff7107e8a7098c50ac06f15e4f8d9,7.806,7.806,0.0,7.806,2026-05-21T07:09:57.307614Z,2026-05-21T07:49:57.307614Z,2026-05-21,0xebcb58042d48b919f625932d411defdf4bef8193728afd4fc569200ebd3b2529
research_20260521_500-0172,user-004,0x84fbea6338060ac6e20e791321c51c447fda15c38275aaf6df8c5eb066cd2f06,0x4e03d7c01555c3102602930549b89560e3cda0e0a6ebb19c815b2f13b3dd3774,10.922,10.922,0.0,10.922,2026-05-21T13:08:14.364554Z,2026-05-21T14:08:14.364554Z,2026-05-21,0xebcb58042d48b919f625932d411defdf4bef8193728afd4fc569200ebd3b2529
research_20260521_500-0173,user-001,0x142f8cf7610a02b02e0b3b2bf4d4bab21e0546b115c79e9231724c92c9e158d0,0xae1374c00a7e2ec41756185ae9ad1776e351ded3f765eb656e6ac9948744d4d1,22.147,22.147,0.0,22.147,2026-05-21T01:07:58.853170Z,2026-05-21T02:07:58.853170Z,2026-05-21,0xebcb58042d48b919f625932d411defdf4bef8193728afd4fc569200ebd3b2529
research_20260521_500-0174,user-002,0xd2a8870259f05691339b563663740daf4a3d4e5f74429df860fc988e7ccbad50,0x83023431dc17e7eddc920eb2efd00d19041b72ca813aac17e5736da73831e6f1,2.411,2.411,0.0,2.411,2026-05-21T23:27:36.464211Z,2026-05-21T23:47:36.464211Z,2026-05-21,0xebcb58042d48b919f625932d411defdf4bef8193728afd4fc569200ebd3b2529
research_20260521_500-0175,user-001,0x9c33d7f82888816ef6bc4c13cb915ba8034f59c6af7456e6e9d8fdcd357fba37,0xb0d6032eb4cb84665dba2dcd3817f97679c8bfd6aa1cc314403e7753c319f119,14.155,14.155,0.0,14.155,2026-05-21T19:57:05.732366Z,2026-05-21T21:12:05.732366Z,2026-05-21,0xebcb58042d48b919f625932d411defdf4bef8193728afd4fc569200ebd3b2529
research_20260521_500-0176,user-009,0x1f9299570ed07ed7de0fdb2e1d9dc0bb15326232450bed0b35f864edfce8a0e0,0x5abf2bd01fc2671dda8b96ffa7154910318a15111545aab3c87d332367d6088a,9.187,9.187,0.0,9.187,2026-05-21T18:00:13.633956Z,2026-05-21T19:15:13.633956Z,2026-05-21,0xebcb58042d48b919f625932d411defdf4bef8193728afd4fc569200ebd3b2529
research_20260521_500-0177,user-004,0xef9d46dd90b46b1d23434144a1b2be17f612eacf3c0fef5f1b84da4aea4dcdec,0x42341e585c169d105220a89c375f952cd6701ff59ae0dc1a44d094abde6d1bea,2.506,2.506,0.0,2.506,2026-05-21T00:36:28.139946Z,2026-05-21T00:56:28.139946Z,2026-05-21,0xebcb58042d48b919f625932d411defdf4bef8193728afd4fc569200ebd3b2529
research_20260521_500-0178,user-007,0x522dd630ab1010485795d911c4b749ec9fd8e24f3c9cdd18e5da41e2d523bae6,0xab8047fba053602678989dde7539ca2bcb6fc5d46019a94de9ffcba284f13bae,1.287,2.304,1.017,1.287,2026-05-21T15:28:04.879574Z,2026-05-21T15:58:04.879574Z,2026-05-21,0xebcb58042d48b919f625932d411defdf4bef8193728afd4fc569200ebd3b2529
research_20260521_500-0179,user-008,0xb6181c541267bb081cdf128dbbcc9e8cf4e9b2cbd31e521aad9b4c3f7acddb5f,0x37b43f6eed82c67f08070dd2728bd3eae7ec20c5f47ec9239fa9b629b3fd9c9c,3.358,4.264,0.906,3.358,2026-05-21T10:58:20.434429Z,2026-05-21T11:28:20.434429Z,2026-05-21,0xebcb58042d48b919f625932d411defdf4bef8193728afd4fc569200ebd3b2529
research_20260521_500-0180,user-006,0x763ffe363a42bc8c189c99a4f98319e62bf078f3ff0f78ae133c526160c217ba,0x6e4ab0a6405bb03d0993b421ebbb332dddb835536c20b657729e9b16b0aef279,11.307,11.307,0.0,11.307,2026-05-21T22:33:14.364810Z,2026-05-21T23:03:14.364810Z,2026-05-21,0xebcb58042d48b919f625932d411defdf4bef8193728afd4fc569200ebd3b2529
research_20260521_500-0181,user-005,0x1c855dc454012afd0e6fa8deaef6f5c5f9c580832853173774f8df6f4ba8047f,0x35043342d370c2f8cd89a7b7762a2a313849d67514eedd8f5c48fc0d747d7f72,10.734,10.734,0.0,10.734,2026-05-21T16:14:27.083142Z,2026-05-21T16:44:27.083142Z,2026-05-21,0xebcb58042d48b919f625932d411defdf4bef8193728afd4fc569200ebd3b2529
research_20260521_500-0182,user-010,0x8e0358784a5717b9f0bb282b890574c5db75b3ab073dbdd125cf660cf9e42894,0x421e8ed7fb4dd25a12292ace32e8d96ef69978006be6512424f4dbdc8c6ee2c9,10.876,10.876,0.0,10.876,2026-05-21T04:26:11.153971Z,2026-05-21T05:26:11.153971Z,2026-05-21,0xebcb58042d48b919f625932d411defdf4bef8193728afd4fc569200ebd3b2529
research_20260521_500-0183,user-003,0x4b20a8bb73ab23b01d32fe28b0e9ba06ee23123e059bda0b2b2ad16657a41d71,0xa97c47b5ba066301da326392ef7399993d8faa3dff3d8560f6eabd5594c8afe4,-2.524,0.0,2.524,-2.524,2026-05-21T16:02:07.047979Z,2026-05-21T16:22:07.047979Z,2026-05-21,0xebcb58042d48b919f625932d411defdf4bef8193728afd4fc569200ebd3b2529
research_20260521_500-0184,user-008,0x02bd7369e5dc3f0a22c9692ad1203634c7b26272b0d894901fbcb700fb333a85,0xa78cda711deef1282f7a877984670b7c9a16fe8825465dfa21342c500233f09d,3.567,3.567,0.0,3.567,2026-05-21T23:42:35.418406Z,2026-05-22T00:12:35.418406Z,2026-05-21,0xebcb58042d48b919f625932d411defdf4bef8193728afd4fc569200ebd3b2529
research_20260521_500-0185,user-007,0xe92ac39ba1903aaf4fbc2c285a292a44ef6814c4bad879d58b97d89bb17d5204,0x22d2b6819918d87bf92bbff833e545e07326eb42ddca60826bdbcb59261ee116,7.109,7.109,0.0,7.109,2026-05-21T15:33:13.626973Z,2026-05-21T16:33:13.626973Z,2026-05-21,0xebcb58042d48b919f625932d411defdf4bef8193728afd4fc569200ebd3b2529
research_20260521_500-0186,user-002,0xa9ba127e218541306f5bf1ac84ec4c8c831978a88af73a52a2840e64d636f0c3,0x94c89ede974bb77772af0a479a8104ce12adb494a3943e62763c2954dc913ee4,13.236,13.236,0.0,13.236,2026-05-21T15:52:21.069521Z,2026-05-21T17:07:21.069521Z,2026-05-21,0xebcb58042d48b919f625932d411defdf4bef8193728afd4fc569200ebd3b2529
research_20260521_500-0187,user-007,0xd4d32b7cb12f868771823f09f4f34fa22ed9759f8490bdf37a4615e8c699c8c5,0x57a1bcaab6c78f78ddecd26087498e95747bcfb5af8bc255b9013e0115dce211,12.368,13.438,1.07,12.368,2026-05-21T21:52:48.909756Z,2026-05-21T23:07:48.909756Z,2026-05-21,0xebcb58042d48b919f625932d411defdf4bef8193728afd4fc569200ebd3b2529
research_20260521_500-0188,user-005,0x9d29eb16d4ccdefae7faf3f7486597a9d123c9c6356e0954f4000e213b2e4731,0x1ab72b03e83b02d81c0b48ce777e83423de37deb36207e7165d67765286cdd41,10.313,10.313,0.0,10.313,2026-05-21T10:26:29.094804Z,2026-05-21T10:56:29.094804Z,2026-05-21,0xebcb58042d48b919f625932d411defdf4bef8193728afd4fc569200ebd3b2529
research_20260521_500-0189,user-009,0x324acebec43f643137f0a9a472be4b6ab95cb3ecc34792902e407c328c732c21,0xc6c76e88f3d4caf484683d3d83fe132106568cea5637b1113eb17acdb462d3f2,21.195,21.195,0.0,21.195,2026-05-21T07:29:37.330642Z,2026-05-21T08:29:37.330642Z,2026-05-21,0xebcb58042d48b919f625932d411defdf4bef8193728afd4fc569200ebd3b2529
research_20260521_500-0190,user-003,0xc5348270c54864dc0aa5efcefe36cc85538bd6873aa9c913eb3cacc93d6d637a,0x4e1ec12d689c363fd1101309037009139800b1905c12c5e133e3116ae7bb39e9,-7.536,0.0,7.536,-7.536,2026-05-21T22:57:32.802185Z,2026-05-21T23:17:32.802185Z,2026-05-21,0xebcb58042d48b919f625932d411defdf4bef8193728afd4fc569200ebd3b2529
research_20260521_500-0191,user-007,0x6be804b1fc4e6938f378620cf592b489a57142c65dd9976fd820f2502dada994,0x0067932cab438d3bac1632a8b3ea1691cc2f893cd280cf519cba5f31b3bb08c6,13.665,13.665,0.0,13.665,2026-05-21T10:37:50.132777Z,2026-05-21T11:52:50.132777Z,2026-05-21,0xebcb58042d48b919f625932d411defdf4bef8193728afd4fc569200ebd3b2529
research_20260521_500-0192,user-008,0xbd1190c7e14987a257d8e8e6e2c34a391df68f22fb5a1799936c81999135882d,0x41e553e03ac850a8857369be574d736782808362a83a4c257cd1bd97f3e50c5f,2.242,4.633,2.391,2.242,2026-05-21T10:15:17.192081Z,2026-05-21T11:15:17.192081Z,2026-05-21,0xebcb58042d48b919f625932d411defdf4bef8193728afd4fc569200ebd3b2529
research_20260521_500-0193,user-002,0x8b257b006d1795dd59c552b3cd8f8c30043824772143497ca73ef81bddb2e6ab,0x29917a6cbc28539ddfdc238add4e1795e98b1f3ff5fd9b8bf759282931082865,-3.608,0.0,3.608,-3.608,2026-05-21T00:38:36.290072Z,2026-05-21T01:08:36.290072Z,2026-05-21,0xebcb58042d48b919f625932d411defdf4bef8193728afd4fc569200ebd3b2529
research_20260521_500-0194,user-008,0x348c2531df92131d506e85dd13e47f665d1b16043dc91cc397c2c0022f08521a,0x03b2c0c05d0700e2e9a2266f85993249812a95fe46608f771600ce41006d3c7f,4.835,4.835,0.0,4.835,2026-05-21T05:45:19.779292Z,2026-05-21T06:25:19.779292Z,2026-05-21,0xebcb58042d48b919f625932d411defdf4bef8193728afd4fc569200ebd3b2529
research_20260521_500-0195,user-008,0x3850a1c78e5d49f79618df2af1c80c8b29acfbca8b519657b0d98ed2ed429d5c,0x10e90367a6a2d903e343d5fa15cf03300fe7627483711f5d92ffa54126660489,3.866,9.259,5.393,3.866,2026-05-21T22:46:11.678062Z,2026-05-21T23:26:11.678062Z,2026-05-21,0xebcb58042d48b919f625932d411defdf4bef8193728afd4fc569200ebd3b2529
research_20260521_500-0196,user-005,0x5506ba8d516fded2e343d275b6dd5f579da63255fce9128d6789651dc7dc28ce,0x791960caac80e6669e5ecbc7bb9183f42765d039b963462228ac160a9dc358f9,1.651,2.734,1.083,1.651,2026-05-21T06:00:29.757981Z,2026-05-21T06:20:29.757981Z,2026-05-21,0xebcb58042d48b919f625932d411defdf4bef8193728afd4fc569200ebd3b2529
research_20260521_500-0197,user-007,0xc66b646d43b9ca7f7a82901d3c70dfeaae39aa723b1d2d77f055654f4943f93b,0x0a6b5e7c2d70c82ba363c449788fbbb68b7df90c26f1a3dbd878edf724a573b8,3.626,3.626,0.0,3.626,2026-05-21T11:39:52.501403Z,2026-05-21T11:59:52.501403Z,2026-05-21,0xebcb58042d48b919f625932d411defdf4bef8193728afd4fc569200ebd3b2529
research_20260521_500-0198,user-005,0x95aea92f6fbab40466e78714a2168860f57bf2a0d9bc943e43bc23679f3a596a,0x2fe992b5d7544c6902cd9e8deaab25c29e668d7fa80a45d0f37246c6e716a768,11.075,11.075,0.0,11.075,2026-05-21T13:48:43.092423Z,2026-05-21T14:48:43.092423Z,2026-05-21,0xebcb58042d48b919f625932d411defdf4bef8193728afd4fc569200ebd3b2529
research_20260521_500-0199,user-005,0xd83a7827e25ec52e281451cb868df81b021712a3678b949040ddfdd60449dbca,0x2dd3252af4bb5022582facf049e232cfb43b50b7524b93d4a5732e2d15d6b1be,7.661,7.661,0.0,7.661,2026-05-21T08:36:32.613979Z,2026-05-21T09:16:32.613979Z,2026-05-21,0xebcb58042d48b919f625932d411defdf4bef8193728afd4fc569200ebd3b2529
research_20260521_500-0200,user-001,0xc8f2d56dec850b84b612472366389c25dccf75d720dc934e54ce5da82bc1675b,0x6338449015b9471fb09524ffc8c2863a99e509219162162baf1c4171fd3b90ac,6.683,6.683,0.0,6.683,2026-05-21T08:15:13.390712Z,2026-05-21T08:55:13.390712Z,2026-05-21,0xebcb58042d48b919f625932d411defdf4bef8193728afd4fc569200ebd3b2529
research_20260521_500-0201,user-006,0x0d87becdc1a52dac30df03d3ca64750c2885bed80ae94a52ae38babf2418d0aa,0x168fb60e56c667b918bcc8208ae79299235c29116a23d21fa48ec97a4409cf37,11.151,11.151,0.0,11.151,2026-05-21T11:48:27.996476Z,2026-05-21T12:18:27.996476Z,2026-05-21,0xebcb58042d48b919f625932d411defdf4bef8193728afd4fc569200ebd3b2529
research_20260521_500-0202,user-002,0xf88e28ea5dc6efa41f60f4e804156e159a2556d7d42a22416fd1f447c8f32eb5,0x7f1698c9cab369a3790dc8c3ed1fc81f7bad2e4bfe85117568851cad7996901e,10.475,10.475,0.0,10.475,2026-05-21T18:38:57.296605Z,2026-05-21T19:08:57.296605Z,2026-05-21,0xebcb58042d48b919f625932d411defdf4bef8193728afd4fc569200ebd3b2529
research_20260521_500-0203,user-010,0x285099b89c994a0e4219332f086643bbc20e1f4cf47562b88220e1cfcb1c6cf7,0xe1631258d61da637159c364ac010715164910a4ad663ad2e7e763020a55b7073,0.261,5.612,5.351,0.261,2026-05-21T22:16:26.960288Z,2026-05-21T22:46:26.960288Z,2026-05-21,0xebcb58042d48b919f625932d411defdf4bef8193728afd4fc569200ebd3b2529
research_20260521_500-0204,user-003,0x17534154d7331ffda3b0d15f843884952e078a4014175fe7a875a4e4439b6b4b,0x75d60bfdcac984970f9b213adb1a45774ed1ce3c2b6e10ff84c0a8bcc17a8589,3.521,3.521,0.0,3.521,2026-05-21T16:23:24.469259Z,2026-05-21T16:53:24.469259Z,2026-05-21,0xebcb58042d48b919f625932d411defdf4bef8193728afd4fc569200ebd3b2529
research_20260521_500-0205,user-002,0x1b4990134d75636791fb6cfdbb9336592dc3ebbe10b9f7ec2343b5f58f77bfa7,0x0de6396e6ec9a6cca4c220b971decc482054e6f80d9a96d6c897db5070e1f14c,-22.245,0.0,22.245,-22.245,2026-05-21T20:52:39.325266Z,2026-05-21T21:52:39.325266Z,2026-05-21,0xebcb58042d48b919f625932d411defdf4bef8193728afd4fc569200ebd3b2529
research_20260521_500-0206,user-003,0x7b7a9e7d09ade57a7d22d52cbeb3ec3460c7aecf7259f76a4ba63633e40c71c2,0x40f2d0b992ae01614ae747f9b3cf8f45c8168cd79ce9d94d7f8a1247fbbb3017,-28.441,0.0,28.441,-28.441,2026-05-21T21:31:06.009503Z,2026-05-21T22:46:06.009503Z,2026-05-21,0xebcb58042d48b919f625932d411defdf4bef8193728afd4fc569200ebd3b2529
research_20260521_500-0207,user-003,0xec75f51e10384b7db2af528b9f9946fb3292b3c5442f0961148955aba1d70dda,0x7e7883dd20336cb43ef3372f45340b38580b14326e8ca7134e20ed19648c297c,7.617,7.617,0.0,7.617,2026-05-21T18:54:53.164200Z,2026-05-21T19:14:53.164200Z,2026-05-21,0xebcb58042d48b919f625932d411defdf4bef8193728afd4fc569200ebd3b2529
research_20260521_500-0208,user-001,0xcc484b65e105ed3b9017b879e4c70baad2722bf14288475e598cba32b0e1d2e3,0xf22b5fb59653bbd74d02074aa534f4459c5022c7350519ac1a9facc5a2f3d30c,3.549,5.312,1.763,3.549,2026-05-21T09:43:44.960536Z,2026-05-21T10:03:44.960536Z,2026-05-21,0xebcb58042d48b919f625932d411defdf4bef8193728afd4fc569200ebd3b2529
research_20260521_500-0209,user-001,0xc7ebd9b6bdacbdb89d7103bb8f998642541acfdf06e26c9bd70b30f329f08ba8,0x67cee8e66cc7601f04f8b95fd9384e8116b566dd52b47d3ba3a103c45d2970f5,6.78,6.78,0.0,6.78,2026-05-21T16:45:23.538309Z,2026-05-21T17:05:23.538309Z,2026-05-21,0xebcb58042d48b919f625932d411defdf4bef8193728afd4fc569200ebd3b2529
research_20260521_500-0210,user-002,0x680740a0583706b8e3f8a9f69581d1f30f534eefaaf8b5002ca293a467f59f95,0x62608ec26ffbc0cdcba0fe3d3d5557c2e9d2fc6eb4a7f805ca9786e85647a7b1,6.899,6.899,0.0,6.899,2026-05-21T05:08:56.730283Z,2026-05-21T06:08:56.730283Z,2026-05-21,0xebcb58042d48b919f625932d411defdf4bef8193728afd4fc569200ebd3b2529
research_20260521_500-0211,user-008,0x89dc93d790a649c71a1425547e9d4b60fb412ccc0061da16f3abefc104c40314,0xc62e61a61b452222dce126f8509f8231f29280f734ac0dd3444fba55f962ac41,3.823,5.497,1.674,3.823,2026-05-21T20:24:13.915834Z,2026-05-21T20:44:13.915834Z,2026-05-21,0xebcb58042d48b919f625932d411defdf4bef8193728afd4fc569200ebd3b2529
research_20260521_500-0212,user-001,0x9dae4c4609833bd2f5fe24139512a3cc5215ac05d0af9941c21d1aed0efb5cf8,0x4223ee8f617e6a90594e9ddd9ff84995bfffc4a0ef920a11edf673c2d2430b83,-14.705,0.0,14.705,-14.705,2026-05-21T03:31:45.713552Z,2026-05-21T04:11:45.713552Z,2026-05-21,0xebcb58042d48b919f625932d411defdf4bef8193728afd4fc569200ebd3b2529
research_20260521_500-0213,user-002,0x0e5c3cc3d62d2d6e04ac6f1c87b76f6da1f4c4b6c1f1b4d145c5f21431aff9ab,0xacfe1ce799c27355a2b6d20abcc180c2015923c2ea6f24285ab3f428f3b85446,0.341,2.575,2.234,0.341,2026-05-21T15:02:25.445957Z,2026-05-21T15:42:25.445957Z,2026-05-21,0xebcb58042d48b919f625932d411defdf4bef8193728afd4fc569200ebd3b2529
research_20260521_500-0214,user-002,0xf63c49360013b59b3cdef4a039fe0a2a21634c20f1066217689a91d94a5cd3d2,0x7878fac86550a5dee7d3065e7a0f7d2373b5d1b21d7e740b6f330a1710eb4169,14.209,14.209,0.0,14.209,2026-05-21T13:59:55.205283Z,2026-05-21T15:14:55.205283Z,2026-05-21,0xebcb58042d48b919f625932d411defdf4bef8193728afd4fc569200ebd3b2529
research_20260521_500-0215,user-010,0x397a0e08ed56ad1c617e00dd5f7db589bee9873fb66f9020251664eba04516b0,0x92dce2c50bc9b5a2aa7fe633999e030557e9245014356b78962423adab786234,14.444,14.444,0.0,14.444,2026-05-21T18:36:27.702970Z,2026-05-21T19:16:27.702970Z,2026-05-21,0xebcb58042d48b919f625932d411defdf4bef8193728afd4fc569200ebd3b2529
research_20260521_500-0216,user-001,0x0033afbd4a99d2714838f94c80249006952bde26d98b91512afcba122f9c2ed6,0xb2e9a8201cd2c95817353f8bb2b1c727351a80421e78e83bd0803614010d9e58,11.471,11.471,0.0,11.471,2026-05-21T08:32:30.350889Z,2026-05-21T09:02:30.350889Z,2026-05-21,0xebcb58042d48b919f625932d411defdf4bef8193728afd4fc569200ebd3b2529
research_20260521_500-0217,user-007,0x3e643a773b3d9cc611040b21552f37fec90cf3eed0ebe5be0377dd82fef15e91,0x07bfc315458fafa21237df07653bdfef455e70f2dbbff229dec3b9ca1180a071,3.758,3.758,0.0,3.758,2026-05-21T14:18:16.867765Z,2026-05-21T14:48:16.867765Z,2026-05-21,0xebcb58042d48b919f625932d411defdf4bef8193728afd4fc569200ebd3b2529
research_20260521_500-0218,user-001,0x10a5a2ff3c11fa6890ba8c898299e8730e2e40a312d7c8967a71839f0473bca8,0xf56c659583a543f01791974a027fe79868a593602b99ff90ddc2daef13233820,2.571,2.571,0.0,2.571,2026-05-21T10:36:43.880615Z,2026-05-21T10:56:43.880615Z,2026-05-21,0xebcb58042d48b919f625932d411defdf4bef8193728afd4fc569200ebd3b2529
research_20260521_500-0219,user-006,0xafba8e97f6cba1473542a60eecfcd38cb78a43acd823a145681e97d96ab80a6f,0x9d233251877334310d1ed82d34730a295983fa93860722f5295869bbb9a9fdc7,-5.172,0.0,5.172,-5.172,2026-05-21T04:10:33.130411Z,2026-05-21T04:40:33.130411Z,2026-05-21,0xebcb58042d48b919f625932d411defdf4bef8193728afd4fc569200ebd3b2529
research_20260521_500-0220,user-005,0x3cfa6b41a20a4f00d572cfe4e5f37f087fde278658645b021617fb484829fd45,0x64739e0c23ca15d66c7ddb4308b09a84f3b8a7acbbdc9a20adfe4357caae9e4a,7.869,11.434,3.565,7.869,2026-05-21T10:50:19.533742Z,2026-05-21T11:30:19.533742Z,2026-05-21,0xebcb58042d48b919f625932d411defdf4bef8193728afd4fc569200ebd3b2529
research_20260521_500-0221,user-006,0x9c564d0e0e4d75da6eea2c074d5a12d38a18cc95cfc90536e9d61549bdd1d633,0x0388198b33dfa275eb4cf01f446c86c17706879992128dd0f19af516e18b1f69,7.067,7.067,0.0,7.067,2026-05-21T21:23:49.039434Z,2026-05-21T22:23:49.039434Z,2026-05-21,0xebcb58042d48b919f625932d411defdf4bef8193728afd4fc569200ebd3b2529
research_20260521_500-0222,user-003,0x4999cd4bd893d17c39e02ef26f45e4a5d9dd4a90971d1ce2bd1b47f0dae14a42,0x5b9d55ce76f3aea8d193585d748730c3ce05c7d6e704a4791a201ee15fa39427,11.151,11.151,0.0,11.151,2026-05-21T07:22:46.949629Z,2026-05-21T07:52:46.949629Z,2026-05-21,0xebcb58042d48b919f625932d411defdf4bef8193728afd4fc569200ebd3b2529
research_20260521_500-0223,user-005,0xc83d4fa34e2c736de5571f834962fde4cdc336e64664eda8e834cd6927f5dbe8,0xbbefb99fc1c16990eb4492a17299772954e44c23a025b46daee634b797c3aa3d,7.396,7.396,0.0,7.396,2026-05-21T14:26:04.032306Z,2026-05-21T15:06:04.032306Z,2026-05-21,0xebcb58042d48b919f625932d411defdf4bef8193728afd4fc569200ebd3b2529
research_20260521_500-0224,user-010,0xc7adf8bc630bef6dab2043a59c48b22cc928693d69b2cd3e5b04c033e888575e,0x1cbab8a47ded93659b8c6adb4cce776e6adebe9bc06d50f195d4ff3e43cd4fce,7.417,10.559,3.142,7.417,2026-05-21T06:50:17.176122Z,2026-05-21T07:30:17.176122Z,2026-05-21,0xebcb58042d48b919f625932d411defdf4bef8193728afd4fc569200ebd3b2529
research_20260521_500-0225,user-005,0xb2afdb833e27862a97f0b6a93e66844d17db02d288ff104ca0d996d5f4d96936,0xd677ea666556f0be58362c3be07ef9c2611326bdf78621f5d7bc4bac6c72cd94,7.092,7.092,0.0,7.092,2026-05-21T02:55:25.966900Z,2026-05-21T03:55:25.966900Z,2026-05-21,0xebcb58042d48b919f625932d411defdf4bef8193728afd4fc569200ebd3b2529
research_20260521_500-0226,user-010,0x602e0dcecdaa5dfd49e35a0199df64f3007021dc042ad34aa662c9e98a31c4d4,0x8159d46619357ccb5a8babdf5cb9c22df806967433650f30569d82ea52ae6fcb,9.253,9.253,0.0,9.253,2026-05-21T03:09:01.743716Z,2026-05-21T04:24:01.743716Z,2026-05-21,0xebcb58042d48b919f625932d411defdf4bef8193728afd4fc569200ebd3b2529
research_20260521_500-0227,user-008,0xbc40ac98db697ffdc30e928a2ec8d43cbf99073ab8c8bfeac4d037be957cde2b,0x15169f5046573da1afb50b0b71ed153abaa10599f7ffa27330eb733d55fc1a6f,14.857,14.857,0.0,14.857,2026-05-21T04:03:49.427159Z,2026-05-21T04:43:49.427159Z,2026-05-21,0xebcb58042d48b919f625932d411defdf4bef8193728afd4fc569200ebd3b2529
research_20260521_500-0228,user-005,0xb98fcc29ce902b59b7eb9f95e8abbe6f835adad31f6e6aed0c31bb0f570bb15f,0xeaa4a65d5015669302d87da4fc634817098a8bde997c8dad3dc67135c1d45e37,3.683,3.683,0.0,3.683,2026-05-21T10:37:29.879181Z,2026-05-21T11:07:29.879181Z,2026-05-21,0xebcb58042d48b919f625932d411defdf4bef8193728afd4fc569200ebd3b2529
research_20260521_500-0229,user-005,0x5623275d4a3490371009960e883d95b9b3fe3b6fa5729a7c6c588a01621cee44,0x0b3b6d5c74b359267237d6a2ddff4f399634515f0e5e0bcc315f3f1b23089ade,-28.118,0.0,28.118,-28.118,2026-05-21T12:12:36.398684Z,2026-05-21T13:27:36.398684Z,2026-05-21,0xebcb58042d48b919f625932d411defdf4bef8193728afd4fc569200ebd3b2529
research_20260521_500-0230,user-001,0xce599ec3ecf4fa0878d31251424b24dba8fb9d6ed70b412a2856a297182877dd,0xa28e278114844d2b07d81eca79ed78d20351f994ce53bb2dea60f61704cfd94a,3.767,5.454,1.687,3.767,2026-05-21T21:13:48.023399Z,2026-05-21T21:53:48.023399Z,2026-05-21,0xebcb58042d48b919f625932d411defdf4bef8193728afd4fc569200ebd3b2529
research_20260521_500-0231,user-008,0xdcb98dc4a6db9c17ec1726a9f59fa5877be3aae16bb4416c26a713403f5fd922,0xa1660b582f9ca226fc1f1a45b7c776df442dc6943425c0c1f03fe97a4bf927c4,11.618,13.846,2.228,11.618,2026-05-21T12:18:00.073128Z,2026-05-21T12:58:00.073128Z,2026-05-21,0xebcb58042d48b919f625932d411defdf4bef8193728afd4fc569200ebd3b2529
research_20260521_500-0232,user-007,0xf7989b689c2472fa0ea6370282da82371a28dc82e09edb9c2682efda751990f7,0x9d966a1d780110b0c63c3055e397199eaea32c1120523f5ddb8970b845680794,7.371,7.371,0.0,7.371,2026-05-21T08:27:57.115835Z,2026-05-21T08:47:57.115835Z,2026-05-21,0xebcb58042d48b919f625932d411defdf4bef8193728afd4fc569200ebd3b2529
research_20260521_500-0233,user-010,0xa30a76093b766678b3c9a1df6de49a22e1f995059c498e476b55d4af3ae8ad44,0x2f8ca8b303aec4935c1bb3534383da588cbb8f985e8d3f5741ae21424291543f,-7.085,0.0,7.085,-7.085,2026-05-21T04:15:52.090870Z,2026-05-21T04:55:52.090870Z,2026-05-21,0xebcb58042d48b919f625932d411defdf4bef8193728afd4fc569200ebd3b2529
research_20260521_500-0234,user-006,0xf02017bb22bb6a1cf4f0b2091be961b37804d109371fdf3997cf208873464d0c,0x048662537d53dcdb742f41515de6aa22eddc29f43d823ce82eabe864ea4f9dd4,3.596,3.596,0.0,3.596,2026-05-21T01:42:36.674386Z,2026-05-21T02:02:36.674386Z,2026-05-21,0xebcb58042d48b919f625932d411defdf4bef8193728afd4fc569200ebd3b2529
research_20260521_500-0235,user-003,0xac831ffb044e6dc2bbf18916b6534abef805d35b7e5e6bf47921c90d86967a7b,0x196deaa0d16a529d4892b404a0c4275e4d3f78b6964bb4848ddad07650bab4da,-10.546,0.0,10.546,-10.546,2026-05-21T11:10:48.385207Z,2026-05-21T11:40:48.385207Z,2026-05-21,0xebcb58042d48b919f625932d411defdf4bef8193728afd4fc569200ebd3b2529
research_20260521_500-0236,user-001,0x2766cebf85927b57cd7d66c2f3a7ff169854b2fac27a3a0462b15081c4dfffa4,0x7b238fa73e05ce837997ed0bd32fbad19aafe0f601777d91a533721fa465d600,7.526,8.082,0.556,7.526,2026-05-21T10:41:55.510177Z,2026-05-21T11:56:55.510177Z,2026-05-21,0xebcb58042d48b919f625932d411defdf4bef8193728afd4fc569200ebd3b2529
research_20260521_500-0237,user-001,0xaa95f764879bf30da415942197c060369b7dc5714afab3c058397ff569f28438,0x63d5a1a1f33a37c4b52f511bf13808c4f0706b0e25d16220326fe3a8dd0de822,13.721,13.721,0.0,13.721,2026-05-21T03:33:00.100782Z,2026-05-21T04:48:00.100782Z,2026-05-21,0xebcb58042d48b919f625932d411defdf4bef8193728afd4fc569200ebd3b2529
research_20260521_500-0238,user-006,0x6f2e93756edf006780ab75cbcf0bb50a27bba0e7a3d02d8d66159fe0fff07014,0xa2d2972b896f9214a9ad82bbbebe5e434b43f7438bad28ae7cfe1fc12f088d3b,-3.326,0.0,3.326,-3.326,2026-05-21T00:58:31.869145Z,2026-05-21T01:28:31.869145Z,2026-05-21,0xebcb58042d48b919f625932d411defdf4bef8193728afd4fc569200ebd3b2529
research_20260521_500-0239,user-006,0x7eec801369c916648c76b8d8ad1bd5cab52ceff65d17d5aa1274fd803242f700,0x3fcce2916b003a7932b5256cfd702f569c8573d14f2b88caf6902bf6f1ffe553,0.247,11.144,10.897,0.247,2026-05-21T05:23:20.134524Z,2026-05-21T06:23:20.134524Z,2026-05-21,0xebcb58042d48b919f625932d411defdf4bef8193728afd4fc569200ebd3b2529
research_20260521_500-0240,user-001,0xfe973c4a54353df469d97be3eebe635f7a46af3ea74b02f6ddf098906bf1b448,0x54dc348ac6c69623809620fd5a29376560195c604a3e15d2b5a444c3603725cd,26.458,26.458,0.0,26.458,2026-05-21T10:44:42.278527Z,2026-05-21T11:59:42.278527Z,2026-05-21,0xebcb58042d48b919f625932d411defdf4bef8193728afd4fc569200ebd3b2529
research_20260521_500-0241,user-003,0x50ef30f025e0b477bc99b1591bec6f5ce174b9988aa78622dfe323f07ea8afcf,0x7caac4bc4123eed5f785a95c76eb65fc265b36a0b483b06a825c140681e5bf06,27.913,27.913,0.0,27.913,2026-05-21T19:41:01.856110Z,2026-05-21T20:56:01.856110Z,2026-05-21,0xebcb58042d48b919f625932d411defdf4bef8193728afd4fc569200ebd3b2529
research_20260521_500-0242,user-005,0x6b1bede4e6731485519dbc0b50dc693c1fa4ca8d15f5f0710bd00cfb8848788a,0xdba452f4678c85a72abf4689cfb0dbd7148d9607301540c6bfe8756f128aa640,14.753,14.753,0.0,14.753,2026-05-21T03:56:47.036199Z,2026-05-21T04:36:47.036199Z,2026-05-21,0xebcb58042d48b919f625932d411defdf4bef8193728afd4fc569200ebd3b2529
research_20260521_500-0243,user-006,0x7657a7af57dc4ed8dcd488aca0758b94c520a267e46ec56dbeb9068e4e2b68ae,0xb118e81825f4d436c88096799215f2976f6d16369e1c5b0d44d114a078edeca4,15.541,19.099,3.558,15.541,2026-05-21T12:17:55.160985Z,2026-05-21T13:17:55.160985Z,2026-05-21,0xebcb58042d48b919f625932d411defdf4bef8193728afd4fc569200ebd3b2529
research_20260521_500-0244,user-007,0xc3cd58bb6954a9db70b2d32b60ef459c5a0f4c5a6478d40014cdeec728a99076,0xf578a0986c044b5ff13d63f17f257a1e6d6da3f5ad9eb703f9379703c9d36497,2.525,2.525,0.0,2.525,2026-05-21T23:26:40.662303Z,2026-05-21T23:46:40.662303Z,2026-05-21,0xebcb58042d48b919f625932d411defdf4bef8193728afd4fc569200ebd3b2529
research_20260521_500-0245,user-009,0x05014b3e6030d7c84547723f26d7555077b964b8055c844838f45b672de3e238,0xf9d398b0fe2a2b08b95ccf597fdf36d36bc1212dab3c801003084f8b06cf91ad,27.822,27.822,0.0,27.822,2026-05-21T00:59:08.207728Z,2026-05-21T02:14:08.207728Z,2026-05-21,0xebcb58042d48b919f625932d411defdf4bef8193728afd4fc569200ebd3b2529
research_20260521_500-0246,user-006,0xe76c53e4c3d19f73a1a6540e07a72b3914ca8bc379464c84ca67fe071e169efd,0x693714ee4869b73c54848e732f8d669d2c052d7ef9ccfd6ec1476d05a6103288,0.775,13.513,12.738,0.775,2026-05-21T01:50:48.791965Z,2026-05-21T03:05:48.791965Z,2026-05-21,0xebcb58042d48b919f625932d411defdf4bef8193728afd4fc569200ebd3b2529
research_20260521_500-0247,user-007,0x2e67bb666ae6353b9a4f5cc02851e02ef54696873849a59b6a8f52592a2208d7,0xd62edf184de6a6f21ef370a2a5428f35ff6801c6e72072d12b5ecf16a7605f4c,4.653,4.653,0.0,4.653,2026-05-21T11:27:15.378557Z,2026-05-21T12:07:15.378557Z,2026-05-21,0xebcb58042d48b919f625932d411defdf4bef8193728afd4fc569200ebd3b2529
research_20260521_500-0248,user-008,0x5ab2b96c41d743a32f4d7dde0957572082ee35beb5a1777df35acca1776f7949,0x1dd60b2a5afd30eb891c17850276c69aba1be1b6159c2ebe884cfdb21cd09056,3.635,3.635,0.0,3.635,2026-05-21T05:36:09.791873Z,2026-05-21T05:56:09.791873Z,2026-05-21,0xebcb58042d48b919f625932d411defdf4bef8193728afd4fc569200ebd3b2529
research_20260521_500-0249,user-001,0x598fa3b3798f1abd9a355ffd8209dd18ddc50af78b9587dc0d488558d55e9e18,0x0e4ade847bf9da032a27c84d584eecc06979c6f2b588e86ad5922b809d5ab7ca,10.86,10.86,0.0,10.86,2026-05-21T14:58:57.418221Z,2026-05-21T15:28:57.418221Z,2026-05-21,0xebcb58042d48b919f625932d411defdf4bef8193728afd4fc569200ebd3b2529
research_20260521_500-0250,user-007,0xb53c966a70f7912f3a448b961e219baf451d4937508db7c9a624fc26d628ae68,0x50e90649091fe96220d5312ad290c78382387bf2cc78f2410d2341c82f3005d8,21.57,21.57,0.0,21.57,2026-05-21T05:51:50.427787Z,2026-05-21T06:51:50.427787Z,2026-05-21,0xebcb58042d48b919f625932d411defdf4bef8193728afd4fc569200ebd3b2529
research_20260521_500-0251,user-009,0xb0f6d0c05f19fcb8c6947c685d16f12cd5636b4cfa7b553b7963d139ff4bdc08,0x0f626a5ac7210401e6f7d805b237a557c498e51b46c5195fd542265d350cc362,13.904,13.904,0.0,13.904,2026-05-21T14:22:11.537685Z,2026-05-21T15:02:11.537685Z,2026-05-21,0xebcb58042d48b919f625932d411defdf4bef8193728afd4fc569200ebd3b2529
research_20260521_500-0252,user-002,0x0359196a8b0705b57be23d67859c6a8176adc3500f817d92ab7960c5b2aa0a99,0x281452d158054ae090e942a048f3b83505bd9ceac18000caef38f2af0fd45baa,10.22,10.22,0.0,10.22,2026-05-21T09:21:59.906392Z,2026-05-21T10:21:59.906392Z,2026-05-21,0xebcb58042d48b919f625932d411defdf4bef8193728afd4fc569200ebd3b2529
research_20260521_500-0253,user-010,0xed19610615b58e6560c519dd63184fb2df1cff705826dcfb1863c0acc2ab5ec4,0xc696ad310f5d530dc2d71375daccad2fdf4d231f6196a50f8ecec5103c46098f,1.801,2.741,0.94,1.801,2026-05-21T19:54:56.678147Z,2026-05-21T20:14:56.678147Z,2026-05-21,0xebcb58042d48b919f625932d411defdf4bef8193728afd4fc569200ebd3b2529
research_20260521_500-0254,user-002,0xec3372dc10ba39bfbfd858df71dbad3922d51c8928cbd3df26c18eb37fb59088,0x642b337f211d8d96b9c0d219a6cfdb8217453980c0918dd49009d9b3fae2a00f,13.771,13.771,0.0,13.771,2026-05-21T01:55:23.070816Z,2026-05-21T03:10:23.070816Z,2026-05-21,0xebcb58042d48b919f625932d411defdf4bef8193728afd4fc569200ebd3b2529
research_20260521_500-0255,user-009,0x1b61de9b6940699f933a0f981cbf5f5c829877e49099941139b1956286389304,0x3eb9c1643948f4eab65244fc9bc6e1c255f7eeca1bce158d83224a73047cda98,14.06,14.06,0.0,14.06,2026-05-21T04:28:04.068994Z,2026-05-21T05:43:04.068994Z,2026-05-21,0xebcb58042d48b919f625932d411defdf4bef8193728afd4fc569200ebd3b2529
research_20260521_500-0256,user-005,0x5bf685fb0b0d0cdee66abd526085ce65a5079690258f560bf48c4d394674a3dd,0x6f0b0ea4a12a87f318fa11126f24b52e1a59767e8d25fcb1dc560c8ed996634a,3.824,3.824,0.0,3.824,2026-05-21T18:01:30.542551Z,2026-05-21T18:21:30.542551Z,2026-05-21,0xebcb58042d48b919f625932d411defdf4bef8193728afd4fc569200ebd3b2529
research_20260521_500-0257,user-003,0x92a3d8ff8a30b1f5c48d25c3ea090b506de2943b514413587ceb5b7f1df58689,0x7f253e70a760e7d616505458dc9c05b0a4f2e7afa3b6fa39d9aaacc5d74e29cd,5.679,5.679,0.0,5.679,2026-05-21T01:15:08.995377Z,2026-05-21T01:45:08.995377Z,2026-05-21,0xebcb58042d48b919f625932d411defdf4bef8193728afd4fc569200ebd3b2529
research_20260521_500-0258,user-002,0xb48d11eb39f6266276ef3c88be1d1c05e4d4934774d5f45577f4fa0da0fe4aee,0xfbfaec6aae38f6609bcd27dfe599c9010ed5be4fa7821388a5f693a72ac6ca00,3.473,12.5,9.027,3.473,2026-05-21T07:45:49.832411Z,2026-05-21T08:45:49.832411Z,2026-05-21,0xebcb58042d48b919f625932d411defdf4bef8193728afd4fc569200ebd3b2529
research_20260521_500-0259,user-008,0xd8a552d7ab2e54b8e9f049b135dffc7d9aa27003efc9e30e6c6f81f67be64654,0x88560ab6ff486bf1947aa5ad04d2400c967f91e89d3a427807ead72d760e82b2,-7.385,0.0,7.385,-7.385,2026-05-21T01:25:53.857994Z,2026-05-21T01:45:53.857994Z,2026-05-21,0xebcb58042d48b919f625932d411defdf4bef8193728afd4fc569200ebd3b2529
research_20260521_500-0260,user-001,0xca18f75f47c107b899b984bace52c4d0ea4327a73797717ac08b8895a1640219,0x0dff9ff4f465100dde8f80f5cbb07298cf8146887ceba441258e4f521f1b6747,10.247,16.239,5.992,10.247,2026-05-21T07:48:17.495578Z,2026-05-21T08:48:17.495578Z,2026-05-21,0xebcb58042d48b919f625932d411defdf4bef8193728afd4fc569200ebd3b2529
research_20260521_500-0261,user-004,0x0b9d699060a59b36360fc444ef6004cdcd4e9f8d17d016fdbed8a1445d4b4eba,0x00afb1d1b4a3ec37949c32b96b1ed52a26f6336b1eaf2537e9d0e98ab685f1be,4.734,4.734,0.0,4.734,2026-05-21T04:26:33.926618Z,2026-05-21T05:06:33.926618Z,2026-05-21,0xebcb58042d48b919f625932d411defdf4bef8193728afd4fc569200ebd3b2529
research_20260521_500-0262,user-008,0x1f4c9b7f6ba5918c40ee5ec4a0c2ba5406dd6171e79638c8b1240014282f1e51,0xfcc72a6800d1211e474cff4b4c5ef29b5a28ee335c684561de2e0ac80fd19448,20.89,24.608,3.718,20.89,2026-05-21T16:46:57.046662Z,2026-05-21T18:01:57.046662Z,2026-05-21,0xebcb58042d48b919f625932d411defdf4bef8193728afd4fc569200ebd3b2529
research_20260521_500-0263,user-009,0xf8c3a7fb56e381e043d5cf217a8afb71d481f5fbcaa39ed244fdc45a80bc7a57,0x381df3c2d29d505a5802ab16266cb44d3c4ed3f9f6495870ee73784067e1d7bd,-7.126,0.0,7.126,-7.126,2026-05-21T19:47:39.844593Z,2026-05-21T20:27:39.844593Z,2026-05-21,0xebcb58042d48b919f625932d411defdf4bef8193728afd4fc569200ebd3b2529
research_20260521_500-0264,user-010,0x8ad897bec2a459aca30543a5de7672fe87b09bbf8f6027f799621c4bc3bbf576,0x097efbfdfdf03fa29ff37b52a908b2c8daef76c845f0dab26b9a013aedcb459d,1.211,1.856,0.645,1.211,2026-05-21T10:15:50.513617Z,2026-05-21T10:35:50.513617Z,2026-05-21,0xebcb58042d48b919f625932d411defdf4bef8193728afd4fc569200ebd3b2529
research_20260521_500-0265,user-006,0x951642f828e504c4a52c4d76285b544aff80971d552f151535101e7d176938bb,0x1e70b0c62cd79cea4b0d919304a20d675d0ddf8f5360a9ebe79ebfad704de338,-13.94,0.0,13.94,-13.94,2026-05-21T06:02:01.828932Z,2026-05-21T07:17:01.828932Z,2026-05-21,0xebcb58042d48b919f625932d411defdf4bef8193728afd4fc569200ebd3b2529
research_20260521_500-0266,user-007,0x6985dcec49ce04a9f57855e9d609f5eb6d2291a1fe71f5acf202848e23c73eb3,0x8444ed608f2bafcff6199d20613cb6c879a526e16443bef115025efc13b06fa6,0.0,5.919,5.919,0.0,2026-05-21T16:33:30.375533Z,2026-05-21T17:03:30.375533Z,2026-05-21,0xebcb58042d48b919f625932d411defdf4bef8193728afd4fc569200ebd3b2529
research_20260521_500-0267,user-005,0x00cc35ddfda6392b12980d5a03b583a56652d68e1a475eb2012fe51806e5d48e,0xe99b58824c971f20a2baddfda75a3765240aadff25ba53a278cde3ef9f1b1a3c,9.977,9.977,0.0,9.977,2026-05-21T10:49:05.688286Z,2026-05-21T11:19:05.688286Z,2026-05-21,0xebcb58042d48b919f625932d411defdf4bef8193728afd4fc569200ebd3b2529
research_20260521_500-0268,user-009,0xee11ee9495e70dd8f22ff31a3a60266c0e16ae94a0beaa9e12660a044038cab2,0x5962fb651424f1b43b32c51c99d100d8113e739b9d2ffe8be00b4304886c306d,-3.813,0.0,3.813,-3.813,2026-05-21T18:31:56.102382Z,2026-05-21T18:51:56.102382Z,2026-05-21,0xebcb58042d48b919f625932d411defdf4bef8193728afd4fc569200ebd3b2529
research_20260521_500-0269,user-008,0xdd1254a4634dd7e9bda44a61bd9b71e2b98f9c30e545c3075acfd6132c22b068,0x224c28443b309b238ecf06b7d68ecb975ec6e94d4e0fdbba788f313a01172180,3.312,6.967,3.655,3.312,2026-05-21T11:08:27.456073Z,2026-05-21T12:08:27.456073Z,2026-05-21,0xebcb58042d48b919f625932d411defdf4bef8193728afd4fc569200ebd3b2529
research_20260521_500-0270,user-010,0x3c00a30e2d710910b0ef3a5c3a4e3a835ffd8d059674a2352f53758b70fc7bcf,0x9947b8f053122a4c4f4ddec407f16c3c25737e9da2ac014a85e58e171b4708b5,7.295,7.295,0.0,7.295,2026-05-21T04:36:05.525147Z,2026-05-21T05:16:05.525147Z,2026-05-21,0xebcb58042d48b919f625932d411defdf4bef8193728afd4fc569200ebd3b2529
research_20260521_500-0271,user-001,0x1c6e7a65069d2e449b97631e180fa0171c2fe089290912ee301e308e18b83471,0xe5377f7402c78f3446c3cd159da4e9d3dc6fbfa162a989df185e324005cd9c14,6.598,7.796,1.198,6.598,2026-05-21T20:19:54.300038Z,2026-05-21T21:34:54.300038Z,2026-05-21,0xebcb58042d48b919f625932d411defdf4bef8193728afd4fc569200ebd3b2529
research_20260521_500-0272,user-002,0x05c8c795277a60521f3eaf059ce8ccf06fd129a8efb272162305c3fb03f7f562,0x1067e39b996ab309843a9c7657b8651bf0ed4952493b075237e469d9dd999dd8,3.763,3.763,0.0,3.763,2026-05-21T10:56:48.215473Z,2026-05-21T11:26:48.215473Z,2026-05-21,0xebcb58042d48b919f625932d411defdf4bef8193728afd4fc569200ebd3b2529
research_20260521_500-0273,user-004,0xe7ae142b4b8593aba4720fb428c63b8712ee000b0a85129a7280a1d1e163a85d,0xcdba85b3fb2f01a54f0c6986bce31434c160270b7bf489a912a2b585fdf356fe,7.87,7.87,0.0,7.87,2026-05-21T12:55:23.887509Z,2026-05-21T13:15:23.887509Z,2026-05-21,0xebcb58042d48b919f625932d411defdf4bef8193728afd4fc569200ebd3b2529
research_20260521_500-0274,user-009,0xad81d41212fc2c9b24935e03ac6eeecad9e3ec947e39ca424c01d13f9f08c7b0,0x43bab5c362e2aa1df090eb9f7697e8be5074bd6b5949747f22af2a718f4c7ff6,7.777,7.777,0.0,7.777,2026-05-21T11:28:51.971748Z,2026-05-21T12:08:51.971748Z,2026-05-21,0xebcb58042d48b919f625932d411defdf4bef8193728afd4fc569200ebd3b2529
research_20260521_500-0275,user-004,0x4d7ff51466f2d80de8227aea3828ac11e14f00efb7015e6eaba974b9119bf06d,0xf2472527fc648506e5eb4025dc7cd6854d56443171603f7897d3807aa3888496,7.13,7.13,0.0,7.13,2026-05-21T23:46:08.460451Z,2026-05-22T00:06:08.460451Z,2026-05-21,0xebcb58042d48b919f625932d411defdf4bef8193728afd4fc569200ebd3b2529
research_20260521_500-0276,user-006,0xc592038284c657dfd2b3e9593e331bbb4a2596e7a1628812e783aa35c88e0ef0,0x2b59d4adce60b8aae802cdc99f99dddc020ce381bf00534a599f8fd7ef5613d1,-2.601,0.0,2.601,-2.601,2026-05-21T01:38:34.665018Z,2026-05-21T01:58:34.665018Z,2026-05-21,0xebcb58042d48b919f625932d411defdf4bef8193728afd4fc569200ebd3b2529
research_20260521_500-0277,user-006,0xd0cf83f2805dedb3af757a40d6f856d53aa78f478c0096562efc63622fa9ab97,0x2d621cd1557b1eb14b7465a2128a061ccd2203c17b6332b96fe06f7f8d63c470,0.472,11.178,10.706,0.472,2026-05-21T04:39:02.607463Z,2026-05-21T05:39:02.607463Z,2026-05-21,0xebcb58042d48b919f625932d411defdf4bef8193728afd4fc569200ebd3b2529
research_20260521_500-0278,user-002,0x63dc5a1fa244174d256fd7812989a430e7300e63eb88ec7c6576e2b01441fd93,0xa42fdb8089572e874838a89cea368ec2bcc7c98ad8300b690dc6a2ba0de992d5,10.655,10.655,0.0,10.655,2026-05-21T11:14:09.726019Z,2026-05-21T12:14:09.726019Z,2026-05-21,0xebcb58042d48b919f625932d411defdf4bef8193728afd4fc569200ebd3b2529
research_20260521_500-0279,user-009,0x53a49b044b55746494f7365afaa375ad1b3bb3316bb3a51fe7e8b8eb8d049312,0xe0b61e094e598b52cac47eafa05ad028d549a1a3a0ea021e7c0b01ccf935de5d,-7.397,0.0,7.397,-7.397,2026-05-21T20:17:03.037196Z,2026-05-21T20:57:03.037196Z,2026-05-21,0xebcb58042d48b919f625932d411defdf4bef8193728afd4fc569200ebd3b2529
research_20260521_500-0280,user-007,0xc5f81f0cdf732f7b5f14176c4d6d94edbaf2e4167b1857bdd2514d66259e67cb,0xc19a166e9d32ca8e5c5bf8be9c7ae7e9281b126ab12d9a4f07b0cf1da6ecdeb1,27.927,27.927,0.0,27.927,2026-05-21T08:11:35.603284Z,2026-05-21T09:26:35.603284Z,2026-05-21,0xebcb58042d48b919f625932d411defdf4bef8193728afd4fc569200ebd3b2529
research_20260521_500-0281,user-002,0x1ad829411450b3d39efabe4da1d52ca3ba6f4ac7dfc6104d8644c243042d69fe,0x7c320c1540e70b4fab8cbadcd6766ef0f2433678f5e26e52b74c3fa95f2b605c,2.565,2.565,0.0,2.565,2026-05-21T03:57:22.958555Z,2026-05-21T04:17:22.958555Z,2026-05-21,0xebcb58042d48b919f625932d411defdf4bef8193728afd4fc569200ebd3b2529
research_20260521_500-0282,user-003,0x9a7d6b6f69d1d1869b5e68e5c120e58ffc6466c0a54c83fcf985d8c0fb186aaa,0xbad46431def46058e2d90a9eb4e60cdbe91ff8868feeb3b4a0756ce2bc878691,13.153,13.153,0.0,13.153,2026-05-21T10:34:52.211327Z,2026-05-21T11:49:52.211327Z,2026-05-21,0xebcb58042d48b919f625932d411defdf4bef8193728afd4fc569200ebd3b2529
research_20260521_500-0283,user-006,0xaca8d16423c003c850f0065bc4adf6cbabb22023f5aeddf23f845420e33806b2,0x10f4c23d4627d35e5cdfe34e3b5c017fba13e396b91c9ef707b023b628839d87,-21.831,0.0,21.831,-21.831,2026-05-21T14:05:13.539600Z,2026-05-21T15:05:13.539600Z,2026-05-21,0xebcb58042d48b919f625932d411defdf4bef8193728afd4fc569200ebd3b2529
research_20260521_500-0284,user-005,0x6746c45ac7c3ca3b8934b47ca42c8af1e296abb0503c9d57f4616d95e02d4efd,0xcb3bca2118a426e59bd4409a71bb0fd59d095a929e41ed735bca93ae6334c5ec,0.449,2.987,2.538,0.449,2026-05-21T00:21:28.321653Z,2026-05-21T00:51:28.321653Z,2026-05-21,0xebcb58042d48b919f625932d411defdf4bef8193728afd4fc569200ebd3b2529
research_20260521_500-0285,user-010,0x1edf89763421c958d8aa0fdc9fe693ef540834c49c5b1f9577d54019798562be,0x74cdca56a3540a8b9c6df412cf8f5395aea0168a9fa8a78c055b2357ad31811e,-0.287,3.258,3.545,-0.287,2026-05-21T17:59:12.363332Z,2026-05-21T18:39:12.363332Z,2026-05-21,0xebcb58042d48b919f625932d411defdf4bef8193728afd4fc569200ebd3b2529
research_20260521_500-0286,user-010,0x748c3c53a211d5e46a52b39c762a0a1163588d9f55e08a13d545aa663956681b,0x901fb1ef86e417a0ae70e67de50348e354815cc122a328e7de54125be28a4ddd,-3.607,0.0,3.607,-3.607,2026-05-21T14:49:34.416053Z,2026-05-21T15:09:34.416053Z,2026-05-21,0xebcb58042d48b919f625932d411defdf4bef8193728afd4fc569200ebd3b2529
research_20260521_500-0287,user-001,0x0c723ba3ba5853b33a0e5a6df59f9af518a839d766ea72444e6ec94c7ae23853,0x82553d0f1d4d20112cbc6b62e2e8346dbb64fe91031f9daacf29631dc444b0dc,-7.254,0.0,7.254,-7.254,2026-05-21T08:46:12.154298Z,2026-05-21T09:46:12.154298Z,2026-05-21,0xebcb58042d48b919f625932d411defdf4bef8193728afd4fc569200ebd3b2529
research_20260521_500-0288,user-006,0xf162fbe5cb7516ad8b663805d4981220f58fef32542f15a6cd9c359f08396360,0x68fbd886476c5f44b92f3483fdb561d381da7a56017982629aaeb50d74a70504,1.753,14.983,13.23,1.753,2026-05-21T22:00:08.102268Z,2026-05-21T23:15:08.102268Z,2026-05-21,0xebcb58042d48b919f625932d411defdf4bef8193728afd4fc569200ebd3b2529
research_20260521_500-0289,user-006,0x7d9e58196cbd986f44883fecd7d67fd31c7dbddb708155f0265721bf1d81a9c4,0x8a6974589d645c466694a2f9bdf9e22e381293259939d211b5af6b0ee2772d47,7.835,7.835,0.0,7.835,2026-05-21T15:37:26.201168Z,2026-05-21T16:17:26.201168Z,2026-05-21,0xebcb58042d48b919f625932d411defdf4bef8193728afd4fc569200ebd3b2529
research_20260521_500-0290,user-002,0xe3567d8d63d9d0dab158367602d1f69d0c239040a1d96c93e36e1d998c60a818,0x62d07da64345d0807f29610d9d8d3a4e945207bb4353480821b4217a9ba1e34f,2.473,2.473,0.0,2.473,2026-05-21T21:17:11.081596Z,2026-05-21T21:37:11.081596Z,2026-05-21,0xebcb58042d48b919f625932d411defdf4bef8193728afd4fc569200ebd3b2529
research_20260521_500-0291,user-008,0x01c15c181fa1974868abc51e944b5a5c8a29290949ecf2384cf5e4e9e1e6f11e,0x289f9eba50d501d92380255a4d125be551dd6691a31b1f16b8134df46732157d,11.436,11.436,0.0,11.436,2026-05-21T23:26:14.562851Z,2026-05-21T23:56:14.562851Z,2026-05-21,0xebcb58042d48b919f625932d411defdf4bef8193728afd4fc569200ebd3b2529
research_20260521_500-0292,user-009,0x802408462ca3ff8fe73d735798484e16233b77680c2734944cbe01e36a170cd3,0x2a9cbab792c936148392ec102798486ede6b094725bbc5402dc6f77b541d2881,-0.169,1.711,1.88,-0.169,2026-05-21T22:56:23.154552Z,2026-05-21T23:26:23.154552Z,2026-05-21,0xebcb58042d48b919f625932d411defdf4bef8193728afd4fc569200ebd3b2529
research_20260521_500-0293,user-005,0x349f2206c99f35b371dc123092cd428f1bcb857132d8fb418c5815ad2f663bc2,0x49c5a004e0f919dcde7d6f47789b8d890dc43127e7455098f781cc14b2d90c7a,7.214,7.214,0.0,7.214,2026-05-21T03:09:55.737737Z,2026-05-21T04:09:55.737737Z,2026-05-21,0xebcb58042d48b919f625932d411defdf4bef8193728afd4fc569200ebd3b2529
research_20260521_500-0294,user-003,0x85eda623d63012568b68befd146fb1ccacab8603f8c548bb1505af1580abc97a,0xf5685d7b3f1272f48f87e3ef3a19ee3034e2c6971ecc11d274a25fb418681172,7.354,7.354,0.0,7.354,2026-05-21T23:32:32.639728Z,2026-05-22T00:12:32.639728Z,2026-05-21,0xebcb58042d48b919f625932d411defdf4bef8193728afd4fc569200ebd3b2529
research_20260521_500-0295,user-004,0x4b6a6e8f43b7619ea684957c6bc5795deaea91bd375c5dfeb364dc29e5aab325,0x44e73af52f63bf590353c46cc283fca7b63126c5715a7b108163bc5ddf90d401,-0.458,10.376,10.834,-0.458,2026-05-21T20:20:32.413182Z,2026-05-21T21:20:32.413182Z,2026-05-21,0xebcb58042d48b919f625932d411defdf4bef8193728afd4fc569200ebd3b2529
research_20260521_500-0296,user-003,0x918ccfb8fe111de061ac8cfed478021992e7a0e08926f33fb62a32778d9e5354,0x35d2e472055cb3d252b5269d1822567ddab4dd812d13730259c955e81328eb51,-9.156,0.0,9.156,-9.156,2026-05-21T16:34:02.538572Z,2026-05-21T17:49:02.538572Z,2026-05-21,0xebcb58042d48b919f625932d411defdf4bef8193728afd4fc569200ebd3b2529
research_20260521_500-0297,user-005,0x798478f2070aa011c86c651f2ab7934b5d606d6afb2e7e077f564ccf8cb5091e,0x143e4aa5fb696c6f8e4a83127865422dbddb52ab4aa5f4fc74288998035e455e,2.182,2.784,0.602,2.182,2026-05-21T20:20:10.910381Z,2026-05-21T20:50:10.910381Z,2026-05-21,0xebcb58042d48b919f625932d411defdf4bef8193728afd4fc569200ebd3b2529
research_20260521_500-0298,user-009,0x80f22a5b5900b6f6b9666607a09f9fc44cbd3201cb1a762898bf27bf1ad4e5c8,0x309e4a85649600a8b762cb53384e6f7a5541e5fabdfe26fdd1126905568128a0,22.608,22.608,0.0,22.608,2026-05-21T03:40:33.656413Z,2026-05-21T04:40:33.656413Z,2026-05-21,0xebcb58042d48b919f625932d411defdf4bef8193728afd4fc569200ebd3b2529
research_20260521_500-0299,user-008,0xfa3ade74772d5a82c35f4423ab73b399eee44a3c02699ada0cae8b394a27879c,0x940f0178e4ff15021df810cba099d8b2d37c6a5900555a3bf8c5b9b545977f27,-21.143,0.0,21.143,-21.143,2026-05-21T03:10:20.054172Z,2026-05-21T04:10:20.054172Z,2026-05-21,0xebcb58042d48b919f625932d411defdf4bef8193728afd4fc569200ebd3b2529
research_20260521_500-0300,user-001,0x3340323dfd5e9b4a6ffce40a54f8b009b3867cc5f967673e509fc66f8aa32f8e,0xf3f07231cedde4b526622298763861d7b997f9756c1e03b2c1389ea0a7bb6930,11.1,11.1,0.0,11.1,2026-05-21T02:54:59.813335Z,2026-05-21T03:24:59.813335Z,2026-05-21,0xebcb58042d48b919f625932d411defdf4bef8193728afd4fc569200ebd3b2529
research_20260521_500-0301,user-005,0xe6be87bec6db8c7e12ce221c7ce43029c207aed4995df6ce1d025282aac83c1b,0x13534ec305dfd4f3a33f8468e19c150e3b5252a41573528506cc5e1d3079565c,11.723,11.723,0.0,11.723,2026-05-21T12:54:39.605034Z,2026-05-21T13:54:39.605034Z,2026-05-21,0xebcb58042d48b919f625932d411defdf4bef8193728afd4fc569200ebd3b2529
research_20260521_500-0302,user-004,0x72a8d5b4eeea7218333c88b16e339f50dde48c9478a71739285d284dbabea928,0x2a0ea337a640a56454fb6d67c90ab1bda9cd6a2882634494bf9f812d6ccc4563,-3.669,0.0,3.669,-3.669,2026-05-21T02:48:07.814148Z,2026-05-21T03:08:07.814148Z,2026-05-21,0xebcb58042d48b919f625932d411defdf4bef8193728afd4fc569200ebd3b2529
research_20260521_500-0303,user-006,0x4c5e7d82794cd0cf324b512baa9ce3610919658308cbc0f5db0dc84e73ea6a3c,0x26a24de01a6db12a68566c276c25797332b777679313527916809376ea5f6513,21.706,21.706,0.0,21.706,2026-05-21T21:56:09.514595Z,2026-05-21T22:56:09.514595Z,2026-05-21,0xebcb58042d48b919f625932d411defdf4bef8193728afd4fc569200ebd3b2529
research_20260521_500-0304,user-008,0x3fdc179350771e3b04152fc00569c7efe2ef294564e8df10677a6de0d22e8280,0x4c8014c668de26b646a2927caad6ebcafcab6493a63f08ddf96fb6613ff7c201,3.526,3.526,0.0,3.526,2026-05-21T17:03:09.361565Z,2026-05-21T17:33:09.361565Z,2026-05-21,0xebcb58042d48b919f625932d411defdf4bef8193728afd4fc569200ebd3b2529
research_20260521_500-0305,user-004,0xd5e97b6f02060ff1a8154c4d430244a4d217e1e6b1a70e27bd71582f976c92e6,0xfcb9f955757c8f9d293ec121fc6d7392ad9f8adf02d144b8bbca683e94b01cf9,-11.512,0.0,11.512,-11.512,2026-05-21T09:51:02.294931Z,2026-05-21T10:51:02.294931Z,2026-05-21,0xebcb58042d48b919f625932d411defdf4bef8193728afd4fc569200ebd3b2529
research_20260521_500-0306,user-006,0xe9589235c6e852da1a39da253485487f52143f7b9807190de82577d0c63a6ccb,0x4edd99f5190f4d1f553f4ef7fd293e40e4445a174bb219844cb5075b769ef10c,-2.39,0.0,2.39,-2.39,2026-05-21T01:53:38.762070Z,2026-05-21T02:13:38.762070Z,2026-05-21,0xebcb58042d48b919f625932d411defdf4bef8193728afd4fc569200ebd3b2529
research_20260521_500-0307,user-008,0x380c650124fee3160b9d6b50b0f589fcfdcfdc5a5a3598e8158035c90130dcf7,0xd689a684a2706b4f60a3bcc9271acd040b3ec72ff6a4660923165ce9ff887574,1.282,3.118,1.836,1.282,2026-05-21T05:59:57.472500Z,2026-05-21T06:39:57.472500Z,2026-05-21,0xebcb58042d48b919f625932d411defdf4bef8193728afd4fc569200ebd3b2529
research_20260521_500-0308,user-004,0x39230ad4c1e5a37dc9aeb3084d9508845ae90a981e53040ea977b8a2c1d69498,0x825004ea1a8865516059d90ce4f2aa7d4e5cd29e192aa10479f1def021d89072,6.17,7.35,1.18,6.17,2026-05-21T07:17:00.331429Z,2026-05-21T08:32:00.331429Z,2026-05-21,0xebcb58042d48b919f625932d411defdf4bef8193728afd4fc569200ebd3b2529
research_20260521_500-0309,user-001,0x49b3ab7107147dff99b7842e070202961780072fe7b51f74a638316b7e7acd87,0xa3e20004289d48c3ec30c0459f55ba874b8c4b69c7f8261b68424f55494e3746,20.982,20.982,0.0,20.982,2026-05-21T21:08:46.903580Z,2026-05-21T22:08:46.903580Z,2026-05-21,0xebcb58042d48b919f625932d411defdf4bef8193728afd4fc569200ebd3b2529
research_20260521_500-0310,user-001,0xbccec9c31aaac2338efb1302679ceebb5654207e61edf7559013d119c37cdd8e,0x01cab91d4bc5d8419e1c0f51dcafcf91db9437255e410dda3eed3b0e0be6c974,-6.858,0.0,6.858,-6.858,2026-05-21T21:15:04.503681Z,2026-05-21T21:55:04.503681Z,2026-05-21,0xebcb58042d48b919f625932d411defdf4bef8193728afd4fc569200ebd3b2529
research_20260521_500-0311,user-008,0xa799525555ab1101ff9d1f4dff01b3984853181d7e8fb0aac6f7d0e1cf017bdc,0x3d9d11b21bef469e20008c98bfa81be4714e1614e3bbc58b50c645efb5a1aff5,13.608,13.608,0.0,13.608,2026-05-21T02:34:26.160565Z,2026-05-21T03:49:26.160565Z,2026-05-21,0xebcb58042d48b919f625932d411defdf4bef8193728afd4fc569200ebd3b2529
research_20260521_500-0312,user-009,0x41d0e33b3c79f6e2cb0416dd30d4bc63eb352a1e1a8ad443d7a21f93397fd3d9,0x58bbd4b755d1a78117f40fed96715a58ffcdc769c5c0249e4a7a3721d1d2623b,-27.082,0.0,27.082,-27.082,2026-05-21T03:45:56.141046Z,2026-05-21T05:00:56.141046Z,2026-05-21,0xebcb58042d48b919f625932d411defdf4bef8193728afd4fc569200ebd3b2529
research_20260521_500-0313,user-008,0xeb3440510588cff1c35de70bcad4005e67a1c93514224abb3a62c3cee8d566de,0xe65e5875382563bc6471b19062fbd123920e26cee5243c9e6aa409dc7f4ffa44,-3.423,0.0,3.423,-3.423,2026-05-21T02:15:51.818826Z,2026-05-21T02:45:51.818826Z,2026-05-21,0xebcb58042d48b919f625932d411defdf4bef8193728afd4fc569200ebd3b2529
research_20260521_500-0314,user-001,0x60180d4635e51c0662cf6da94f2d9b5aa9df7782befcea02d18275fd19b1ca6f,0x23fb0fe0c07f3de27f794099d4df4c27aea3b73574e621810df89b6ea3913545,8.115,8.629,0.514,8.115,2026-05-21T12:57:30.569323Z,2026-05-21T14:12:30.569323Z,2026-05-21,0xebcb58042d48b919f625932d411defdf4bef8193728afd4fc569200ebd3b2529
research_20260521_500-0315,user-003,0x26d4849d898ba5a42bb2bf7f6cff40afabf8152533077198750a6f7f9a76f307,0x69aa2bc98f70663e5dc8e54256bcd3bebfbff6467a6a98c6e90b912616dbae78,2.271,2.271,0.0,2.271,2026-05-21T20:12:12.344322Z,2026-05-21T20:32:12.344322Z,2026-05-21,0xebcb58042d48b919f625932d411defdf4bef8193728afd4fc569200ebd3b2529
research_20260521_500-0316,user-005,0xe3fb966b0592f1faf484a7c3f1ff0efda513b6bfadcb3c3fe6e9d54bbae50cb6,0xbf1790006a7c9e6a776cd2782f20c0a8839166fc7c40e3729737ef18ece82572,-3.635,0.0,3.635,-3.635,2026-05-21T10:12:19.233756Z,2026-05-21T10:42:19.233756Z,2026-05-21,0xebcb58042d48b919f625932d411defdf4bef8193728afd4fc569200ebd3b2529
research_20260521_500-0317,user-003,0x26ad1eff629df14fb7d294ce9fa03c6c0dc522cd6600c5a900781a9607d9d7ee,0xe2a0552cf1ea8abbc46c7eca6de934f344776f154ef8096c6ab9f25bac53829e,26.536,26.536,0.0,26.536,2026-05-21T07:04:15.855906Z,2026-05-21T08:19:15.855906Z,2026-05-21,0xebcb58042d48b919f625932d411defdf4bef8193728afd4fc569200ebd3b2529
research_20260521_500-0318,user-004,0xd1b3a39cc983d1523dcc7444a6f3670229bf4ce5ee169fcab91be3dcd7d2c606,0x4fd45940604359d48e2def7f2c33d51863ceceea3bf7a476a34541fd10256516,13.841,13.841,0.0,13.841,2026-05-21T20:32:02.446522Z,2026-05-21T21:47:02.446522Z,2026-05-21,0xebcb58042d48b919f625932d411defdf4bef8193728afd4fc569200ebd3b2529
research_20260521_500-0319,user-002,0xc3a137f8be0c8efdd15a36ba259c714113159a67d59329b8029f20ac53d002bf,0x541fbf80ed670652b06f190c98d77c468afb0e7894286e301b26ae1f043b1455,3.482,3.482,0.0,3.482,2026-05-21T16:09:44.855475Z,2026-05-21T16:29:44.855475Z,2026-05-21,0xebcb58042d48b919f625932d411defdf4bef8193728afd4fc569200ebd3b2529
research_20260521_500-0320,user-010,0xa4705074f01f8723c7cf0d76bfa1fe61478032fd137d70bd9c58de7c3dbedc5a,0xee61a72b1bd0554abd40e7cde5e8625770981291dd644aabf795dc8bfebd0a6d,21.399,21.399,0.0,21.399,2026-05-21T13:38:08.769804Z,2026-05-21T14:38:08.769804Z,2026-05-21,0xebcb58042d48b919f625932d411defdf4bef8193728afd4fc569200ebd3b2529
research_20260521_500-0321,user-010,0x7a398061e02d1293f4631c361cc234dc01a36380012e6c84c47943d6f6c550a1,0x766ba7d318dfc33ad5dc7e597afab26a2df88a108cf588c74860e106cbcaf16e,11.074,11.074,0.0,11.074,2026-05-21T05:28:15.932066Z,2026-05-21T06:28:15.932066Z,2026-05-21,0xebcb58042d48b919f625932d411defdf4bef8193728afd4fc569200ebd3b2529
research_20260521_500-0322,user-005,0xd2d1766181552aa00e7c57300a4d9ca8c530ca9766f4aa4e971129279c469a62,0xf423ab74016ebf941e2c9aa5f68ae9c5c3b5dc7d4cf9e01d9dc702584572d35a,7.064,7.064,0.0,7.064,2026-05-21T10:17:48.118361Z,2026-05-21T10:57:48.118361Z,2026-05-21,0xebcb58042d48b919f625932d411defdf4bef8193728afd4fc569200ebd3b2529
research_20260521_500-0323,user-009,0x8860d8af264d2b7344a651e40c577d821512dedff627ede765390f3ef882440d,0x632880b640c354dd59bc2ed0594ff2d920f6583e021683e2e0e6b96a1323e8a9,4.746,4.746,0.0,4.746,2026-05-21T04:17:06.916294Z,2026-05-21T04:57:06.916294Z,2026-05-21,0xebcb58042d48b919f625932d411defdf4bef8193728afd4fc569200ebd3b2529
research_20260521_500-0324,user-009,0x2f5cf77dfac37641ca6e94995b92be7163a01a5a438652354c28e74df6e21c27,0xfde993f5e82b295c81c6e0ee0333ada58e69f5d95bc86c73de1ba7eb24d78feb,3.547,5.508,1.961,3.547,2026-05-21T14:45:10.987015Z,2026-05-21T15:25:10.987015Z,2026-05-21,0xebcb58042d48b919f625932d411defdf4bef8193728afd4fc569200ebd3b2529
research_20260521_500-0325,user-010,0x8e51479de302dcace54539aed16dc2ab46ad03c1415149c1322868307c92836d,0x44e3aeb8778683e5c11939005f394d9efd9faa40d5265518f357c45c0ebfd2fd,8.79,8.79,0.0,8.79,2026-05-21T01:39:21.128523Z,2026-05-21T02:54:21.128523Z,2026-05-21,0xebcb58042d48b919f625932d411defdf4bef8193728afd4fc569200ebd3b2529
research_20260521_500-0326,user-003,0x6c0e026d1eb46227f06da50478249f723ab92ef551fb5b3db65359d516fa431a,0x2cf708471f62042d2df5369438877798ba9a13c1740b0fe81ac32c8f1ba5821f,14.065,14.065,0.0,14.065,2026-05-21T06:27:31.975438Z,2026-05-21T07:42:31.975438Z,2026-05-21,0xebcb58042d48b919f625932d411defdf4bef8193728afd4fc569200ebd3b2529
research_20260521_500-0327,user-006,0x509e5cbb09c0c472363244b217ea17956fd192b4882eb5176b78c5d8b6d26980,0xe0f9ce5f9cf3496b2d2f8a55cb88698b224b37574bf19b6289c0880b57c9a766,1.877,4.52,2.643,1.877,2026-05-21T13:52:44.208342Z,2026-05-21T14:32:44.208342Z,2026-05-21,0xebcb58042d48b919f625932d411defdf4bef8193728afd4fc569200ebd3b2529
research_20260521_500-0328,user-005,0x6d8ce6ce688b93752ea2bb18ee1124d47a883b0f94e442725e93e468650d85bd,0xde9c9225201a9b07af95d493f705a12a669f26e0bbd85e0eaea0b7fe308a3a29,4.966,9.417,4.451,4.966,2026-05-21T17:56:02.795806Z,2026-05-21T19:11:02.795806Z,2026-05-21,0xebcb58042d48b919f625932d411defdf4bef8193728afd4fc569200ebd3b2529
research_20260521_500-0329,user-007,0xb6ab8152a94811dfb9a4a76e0861b49aca518016b8531cf9bb52f550a03faf53,0x0f5a2e7f3e096ddb360d5cb3bc92fbca9fa5e9bff92abfa8dd1340b7e1f9d12d,22.599,22.599,0.0,22.599,2026-05-21T18:16:21.341261Z,2026-05-21T19:16:21.341261Z,2026-05-21,0xebcb58042d48b919f625932d411defdf4bef8193728afd4fc569200ebd3b2529
research_20260521_500-0330,user-005,0xc714925d5edaf96dbd0af64264ed24cb400c8af1a9bc4483f4c41b43b83b68b2,0xc5b639f2facf4832c868e99392c578a3c320d38e278cda00efd6a313cc75fc47,1.985,4.49,2.505,1.985,2026-05-21T20:29:59.054605Z,2026-05-21T21:29:59.054605Z,2026-05-21,0xebcb58042d48b919f625932d411defdf4bef8193728afd4fc569200ebd3b2529
research_20260521_500-0331,user-008,0xb24584e2a287f5141bff098751389c1778a190f1c85a8638fb119a7bd6be954e,0xf0c199c96b5d0bd83cb346dbb513389587d5799becda1b89d1fc9918c3e50d2a,10.148,10.148,0.0,10.148,2026-05-21T05:25:39.752278Z,2026-05-21T05:55:39.752278Z,2026-05-21,0xebcb58042d48b919f625932d411defdf4bef8193728afd4fc569200ebd3b2529
research_20260521_500-0332,user-002,0x59fb34df8a0e57f75d091f8ca6183843384d6f805e054659cef43c96a25dc3ef,0x28b56d71d0737fddeb9bc61cb8c01557dddab45d94f89cb9773c385b1740e50e,5.9,8.527,2.627,5.9,2026-05-21T11:22:37.167597Z,2026-05-21T12:22:37.167597Z,2026-05-21,0xebcb58042d48b919f625932d411defdf4bef8193728afd4fc569200ebd3b2529
research_20260521_500-0333,user-003,0x7fd5281b32355e44a72a66b8f6854a3c20d58f2554610fc9286544107864f086,0xc02617a7340e65c102777dbc445b27ff9b0f06dcd8e3dcb86ceb9f049c727f30,0.539,2.959,2.42,0.539,2026-05-21T02:28:45.459137Z,2026-05-21T02:58:45.459137Z,2026-05-21,0xebcb58042d48b919f625932d411defdf4bef8193728afd4fc569200ebd3b2529
research_20260521_500-0334,user-005,0x20cad8486d7218ffa72aea2ced1825bb01f0fb31d495a5f5a1f6932623148b15,0x8a0d0da3d2b46068f7a7bcdf7a08f78d22f6d9b0da713a4b1101f7b52921d81a,-10.975,0.0,10.975,-10.975,2026-05-21T05:19:58.045895Z,2026-05-21T06:19:58.045895Z,2026-05-21,0xebcb58042d48b919f625932d411defdf4bef8193728afd4fc569200ebd3b2529
research_20260521_500-0335,user-005,0xbb9d6380291520b869a1481a53c92a6fb9d0de9db76ff797c7fc99d1c0429ef0,0x06f3fd7eab89baaac66bb18056927abb081677147023f6e017a049323bca0809,2.45,2.45,0.0,2.45,2026-05-21T21:30:15.993182Z,2026-05-21T21:50:15.993182Z,2026-05-21,0xebcb58042d48b919f625932d411defdf4bef8193728afd4fc569200ebd3b2529
research_20260521_500-0336,user-007,0x1e5dac95e57a27571d88ac9311eb26436d8197b270906d6534edf02fcb704554,0xcbdb920f8857d7ae75ac51bc38ab3f82758ce890fc32ae3c138ce376a20c91c0,6.954,6.954,0.0,6.954,2026-05-21T17:35:19.888032Z,2026-05-21T18:15:19.888032Z,2026-05-21,0xebcb58042d48b919f625932d411defdf4bef8193728afd4fc569200ebd3b2529
research_20260521_500-0337,user-008,0x52b669a61e0445701a6333384ce3fae9d35e3eca81026f64a0ac6773e1f3e7c0,0xa2378a9ae9bb0fa2b924784818e01fcde16fac5215687cbbb7343ddd8c41ab1c,-14.036,0.0,14.036,-14.036,2026-05-21T21:04:28.004615Z,2026-05-21T22:19:28.004615Z,2026-05-21,0xebcb58042d48b919f625932d411defdf4bef8193728afd4fc569200ebd3b2529
research_20260521_500-0338,user-006,0xc0da94ddd73071d3d18861df1f0dea5ab043e7c7fafc69edf58b8d9fcd3a6343,0x1f1a92ffe41153859a77339e68a27191973eb21dbb5dfa28800c711698678434,18.133,20.148,2.015,18.133,2026-05-21T12:18:26.093962Z,2026-05-21T13:18:26.093962Z,2026-05-21,0xebcb58042d48b919f625932d411defdf4bef8193728afd4fc569200ebd3b2529
research_20260521_500-0339,user-002,0x16095a21c34a343608274a4f9dedce556afbcab13008164ae0792b88b196ce2b,0xa338703230df6ca06e00b524c145ef7193015e9e54d86ff2c43de86cb38bba7b,14.314,14.314,0.0,14.314,2026-05-21T18:54:11.005621Z,2026-05-21T20:09:11.005621Z,2026-05-21,0xebcb58042d48b919f625932d411defdf4bef8193728afd4fc569200ebd3b2529
research_20260521_500-0340,user-010,0x7bb9ad308295ce232f50fdf809a8e8e29adb25eb3168944f093df81f06a3500c,0x200c0c2c19c15dc908bd76c62b787d509063332ed93e2af00cd3984f8a3a90a7,2.331,2.331,0.0,2.331,2026-05-21T22:26:54.062036Z,2026-05-21T22:46:54.062036Z,2026-05-21,0xebcb58042d48b919f625932d411defdf4bef8193728afd4fc569200ebd3b2529
research_20260521_500-0341,user-010,0xacddfdbd6b6c2e33de69dd0f73b05340ba7648bbd4ee21c87a93c99252943aa8,0xea42e6e8d78ca12cbcba5bddc0ee61f522c8f00d92138dfd528ef7b667fd5078,4.618,4.618,0.0,4.618,2026-05-21T10:52:55.553582Z,2026-05-21T11:32:55.553582Z,2026-05-21,0xebcb58042d48b919f625932d411defdf4bef8193728afd4fc569200ebd3b2529
research_20260521_500-0342,user-010,0xfd40a038687ecf43012f2d4bc8ec5f5474887995e50b26cf76c77a6eea1f5447,0xaeb5a47710188f91a57eaba0248a40ce8eb579f33d748dbb3b1bbaea9260c2c4,3.59,3.59,0.0,3.59,2026-05-21T14:57:22.276754Z,2026-05-21T15:27:22.276754Z,2026-05-21,0xebcb58042d48b919f625932d411defdf4bef8193728afd4fc569200ebd3b2529
research_20260521_500-0343,user-003,0x823e75761d0765666581faf2d4fab7d69990f84d7dca5946b98cd072ad0f744e,0x3b5137e5746bfbb971d21a169eb36c97c966e9e1b310b630c84817636ba3f17b,14.379,14.379,0.0,14.379,2026-05-21T19:02:07.757114Z,2026-05-21T19:42:07.757114Z,2026-05-21,0xebcb58042d48b919f625932d411defdf4bef8193728afd4fc569200ebd3b2529
research_20260521_500-0344,user-004,0xcfc956980546ccccfb5ba9344e87460eeac2f0d6193c02c6a77985e0c1b7835f,0x0446fc41a56366555bcbb2f4ad06cc3d99fbe91c132810001bfd6aba26044edf,9.321,9.321,0.0,9.321,2026-05-21T19:22:39.592734Z,2026-05-21T20:37:39.592734Z,2026-05-21,0xebcb58042d48b919f625932d411defdf4bef8193728afd4fc569200ebd3b2529
research_20260521_500-0345,user-007,0x916a3a2d82d1ad31a3f7c41b4ec3c4307e46b8aeb6bd9b296826c72ede85e78d,0xb7c9e1c9580876ddf3a04adc5857a473134b3b85173492cbe72e546d9866339f,12.164,13.124,0.96,12.164,2026-05-21T17:57:00.614232Z,2026-05-21T19:12:00.614232Z,2026-05-21,0xebcb58042d48b919f625932d411defdf4bef8193728afd4fc569200ebd3b2529
research_20260521_500-0346,user-010,0xc40fb7611d6fc884adccdab9722cfac01e18341bda35f2b8889d6497e8fef8ae,0x12bb56b0d072ffbb4f8cca5cc1362297ff9ffb96c4c6463c47d09ab145e46592,1.186,4.157,2.971,1.186,2026-05-21T12:21:27.173346Z,2026-05-21T13:21:27.173346Z,2026-05-21,0xebcb58042d48b919f625932d411defdf4bef8193728afd4fc569200ebd3b2529
research_20260521_500-0347,user-005,0x70eb496bbcc1d6f6779dd0c70b072c997e8106efa20e76826cfb26062c081250,0x2b6ebfcb3325664e42087dfc9a0ac7c45317f63e7f2390987cf757b6380d09a9,8.951,8.951,0.0,8.951,2026-05-21T09:29:45.851082Z,2026-05-21T10:44:45.851082Z,2026-05-21,0xebcb58042d48b919f625932d411defdf4bef8193728afd4fc569200ebd3b2529
research_20260521_500-0348,user-001,0x961a2f880c6404684df0774d772cef3846e0d45ff401401a273fc5155fac459b,0x445d306e9cb214f91a462680b76cc241ea168a42f65c02332b7a35509c673868,2.295,2.295,0.0,2.295,2026-05-21T13:57:24.511870Z,2026-05-21T14:17:24.511870Z,2026-05-21,0xebcb58042d48b919f625932d411defdf4bef8193728afd4fc569200ebd3b2529
research_20260521_500-0349,user-004,0x8c2d8100e690d1677dd1f184aa95c3764d1e64e7b9c3b56915ec4a8a36b7244c,0x16ab275ab55c9af698a3a5d1f4ea0b7b089095a3d0e9f26d14f4b053f5ae7b96,7.575,7.575,0.0,7.575,2026-05-21T21:59:20.892332Z,2026-05-21T22:19:20.892332Z,2026-05-21,0xebcb58042d48b919f625932d411defdf4bef8193728afd4fc569200ebd3b2529
research_20260521_500-0350,user-003,0x9f4bc9fd6cf79e0057224e1614d43bd144f21d73cf1f948fcfd20027ecd1b4b9,0x9f22c36bbfde7ac3e942ff3864c1f6c0a62ef87d9c1d071e2b55806dfc1f93f4,28.218,28.218,0.0,28.218,2026-05-21T07:06:14.492245Z,2026-05-21T08:21:14.492245Z,2026-05-21,0xebcb58042d48b919f625932d411defdf4bef8193728afd4fc569200ebd3b2529
research_20260521_500-0351,user-002,0x2e038b6e39816a5f90418b4edf1c81052ad91e10dc4435d69b8023cee6d6dfc9,0x6ca6a94cdb078c272536c328bcae102fd8c5d58d04aa8fffde4281e020f4e48c,14.106,14.106,0.0,14.106,2026-05-21T09:05:32.669683Z,2026-05-21T09:45:32.669683Z,2026-05-21,0xebcb58042d48b919f625932d411defdf4bef8193728afd4fc569200ebd3b2529
research_20260521_500-0352,user-004,0xb4df1b2d50d236a4c074fe43ce7fae66211809a6226730841b3d49f8c9377809,0xcb58b12f96632e0e02256c695f9952593067fa1bb2c7773f4e475a2635004eaa,4.436,4.436,0.0,4.436,2026-05-21T20:39:41.738260Z,2026-05-21T21:19:41.738260Z,2026-05-21,0xebcb58042d48b919f625932d411defdf4bef8193728afd4fc569200ebd3b2529
research_20260521_500-0353,user-001,0x10adb599c4c9b3e03d3f6dbd4be662e7ea3ae65341cddbc29a8d1479c03ff032,0x1c0c845afbda2a1c90a5de8cd199b193f1aa12638ea3c1e96b1941d7819b4b77,6.821,6.821,0.0,6.821,2026-05-21T22:27:44.902843Z,2026-05-21T23:07:44.902843Z,2026-05-21,0xebcb58042d48b919f625932d411defdf4bef8193728afd4fc569200ebd3b2529
research_20260521_500-0354,user-002,0x5b1d453ae79724426a4ee3877fe89a38de6a3f408d8d1b37270ffebea58ec219,0x5697e8e0eba254ddebf6a45233411300deb97b6ed9185a11a8642a9a3647acf9,4.936,6.182,1.246,4.936,2026-05-21T19:27:46.250480Z,2026-05-21T20:27:46.250480Z,2026-05-21,0xebcb58042d48b919f625932d411defdf4bef8193728afd4fc569200ebd3b2529
research_20260521_500-0355,user-001,0xfb6f8659c771c7ad455a6af82e28a447191cab6d79e5ea8c4f787479ef8d5145,0x8f2947346197957d71797c3c335c09b15fb30d8c56f57fc59704e49507367fd3,2.396,2.396,0.0,2.396,2026-05-21T16:59:12.948725Z,2026-05-21T17:19:12.948725Z,2026-05-21,0xebcb58042d48b919f625932d411defdf4bef8193728afd4fc569200ebd3b2529
research_20260521_500-0356,user-008,0x367fe1e17f857f6bbeade9a9327ca4948c10b43a787a9c2c522d9852c5371a6d,0x4989b5a5c57945e5851da41b5c0b21c59c2202ff8a2f52e151f837b86a562f33,-28.039,0.0,28.039,-28.039,2026-05-21T09:44:33.933163Z,2026-05-21T10:59:33.933163Z,2026-05-21,0xebcb58042d48b919f625932d411defdf4bef8193728afd4fc569200ebd3b2529
research_20260521_500-0357,user-003,0x2c8dce5cefa3439bdda443dc55f6ab69d74aaad77a251d9c31caf23c295dd9e4,0xc8fd818efd46c8257e0ff68a7b553f27a31432f0aabbdda1a27e4e8eafcaf9db,2.315,2.315,0.0,2.315,2026-05-21T20:06:47.592778Z,2026-05-21T20:26:47.592778Z,2026-05-21,0xebcb58042d48b919f625932d411defdf4bef8193728afd4fc569200ebd3b2529
research_20260521_500-0358,user-006,0x45cbca040e0c90fc59e34cdc62c5134449aa6cf0bf91be652ad22e3ecc1a545a,0x40a456fbefe705b50f825d4a15f21981fa064227c4676a1adfd669b699a76cef,21.939,21.939,0.0,21.939,2026-05-21T20:25:57.619847Z,2026-05-21T21:25:57.619847Z,2026-05-21,0xebcb58042d48b919f625932d411defdf4bef8193728afd4fc569200ebd3b2529
research_20260521_500-0359,user-010,0x3a7fbab020ca7b808c25f4288b0879acc6140dd4b7cb1c24b3d7d36b0c6c8f44,0x6a8a41aee49e9d6f3e1899817468d943b73f374d3218436aa1e32fe1f6132cd0,27.094,27.094,0.0,27.094,2026-05-21T07:58:40.900002Z,2026-05-21T09:13:40.900002Z,2026-05-21,0xebcb58042d48b919f625932d411defdf4bef8193728afd4fc569200ebd3b2529
research_20260521_500-0360,user-008,0x179914b05a705475dba5ad11b1e4e7fde166c472595822ee868c381b75892bf0,0x98ce7da887d381f70030e392e64503662a5307fb2bfa6a96c75c10b22751c349,-7.46,0.0,7.46,-7.46,2026-05-21T07:44:01.723262Z,2026-05-21T08:04:01.723262Z,2026-05-21,0xebcb58042d48b919f625932d411defdf4bef8193728afd4fc569200ebd3b2529
research_20260521_500-0361,user-007,0x65994870d996e6399ef4a1a6b7dc546dbd41413cb2e9c27b1e52d4895f354112,0x208b8f17d8a775de488ea21dc28782ebcd0d65866794417e02801ef503934423,1.108,3.024,1.916,1.108,2026-05-21T15:06:43.970842Z,2026-05-21T15:46:43.970842Z,2026-05-21,0xebcb58042d48b919f625932d411defdf4bef8193728afd4fc569200ebd3b2529
research_20260521_500-0362,user-007,0x41b9136cb8564d1fe41192287a891fea90e297351c47407abddce393b834d65b,0xee6634b6843b0d6ae438f5e28eea0146abff95779fd0afda9ec47bd2a5dd8ce8,11.776,19.485,7.709,11.776,2026-05-21T20:38:01.351853Z,2026-05-21T21:53:01.351853Z,2026-05-21,0xebcb58042d48b919f625932d411defdf4bef8193728afd4fc569200ebd3b2529
research_20260521_500-0363,user-008,0xebdd6e01af746f7ba132e237895441a0c1e0413df72f4ac54b565365eb763ba2,0x92e0576d14bfe0284ec20549f1801bfb7c939878f25f13f7ad418a8900c13ba5,-14.763,0.0,14.763,-14.763,2026-05-21T22:58:11.076192Z,2026-05-21T23:38:11.076192Z,2026-05-21,0xebcb58042d48b919f625932d411defdf4bef8193728afd4fc569200ebd3b2529
research_20260521_500-0364,user-003,0xfd5c7fb297ff84e1bafdab588d7f4fdb7363c897295a348e28e5b9d4759601ed,0x0900a6d2cbd1192e96a472adb26c3711fe93b13d8a2844f7139b61e8454c8721,1.361,2.371,1.01,1.361,2026-05-21T12:10:41.006115Z,2026-05-21T12:40:41.006115Z,2026-05-21,0xebcb58042d48b919f625932d411defdf4bef8193728afd4fc569200ebd3b2529
research_20260521_500-0365,user-002,0x2a389ade27a7f45cc957a906b65865cf77fd3e95175d48c3f6d70aeb1e2c7537,0x99e53b2ac6d21d771d9d4d5687050f728851fc1a9865675d4e6d860d2102e0e6,9.305,9.305,0.0,9.305,2026-05-21T15:01:35.328540Z,2026-05-21T16:16:35.328540Z,2026-05-21,0xebcb58042d48b919f625932d411defdf4bef8193728afd4fc569200ebd3b2529
research_20260521_500-0366,user-006,0xf8392050e93472ffd0ae5a5b5f77e3cb9e65dd114d82521ca543b699c1bbe0bb,0x0a59c18ea2bf915f2556087571dd801e247d7761333c085b99bab0a00b2ff2e9,7.036,7.036,0.0,7.036,2026-05-21T03:02:40.913183Z,2026-05-21T03:42:40.913183Z,2026-05-21,0xebcb58042d48b919f625932d411defdf4bef8193728afd4fc569200ebd3b2529
research_20260521_500-0367,user-004,0x52f92ebd9e787c79f3c19012568a895e3c9f2455f01673d080beee6a8424ffe9,0xd1bc58ab2d1116c25690c3e9be29b1a7f00881e9c0691afc6808fcfc0741557c,3.586,3.586,0.0,3.586,2026-05-21T20:16:26.455369Z,2026-05-21T20:46:26.455369Z,2026-05-21,0xebcb58042d48b919f625932d411defdf4bef8193728afd4fc569200ebd3b2529
research_20260521_500-0368,user-002,0xe12faa6b7f7acaac60e64437bb54ac7439a9b1a9358ccc3fcac4b5b3635f81dd,0x42fe80ae1776b1da10977724452216e24a3fd7ce86aee3a1e5d4254190c044fb,-3.209,0.0,3.209,-3.209,2026-05-21T04:19:51.814114Z,2026-05-21T04:39:51.814114Z,2026-05-21,0xebcb58042d48b919f625932d411defdf4bef8193728afd4fc569200ebd3b2529
research_20260521_500-0369,user-005,0xb8be5e293c353cc205e864d2b969e9e87f89911c509757eb718644e585e59119,0x5d1068c624cbad413c57a7ea8a0bccbaecdaef8f80855ee26eb58a85e036145f,1.254,1.885,0.631,1.254,2026-05-21T23:17:35.175984Z,2026-05-21T23:37:35.175984Z,2026-05-21,0xebcb58042d48b919f625932d411defdf4bef8193728afd4fc569200ebd3b2529
research_20260521_500-0370,user-001,0x81467ef5492a7c5d7af72b716e4f03a47b9452930e27e2c9b07deadf45c6750a,0xc43ccd57caa525040c75d9b93d108e86f4748e7a29864c6b7aefb73ed1d8af48,6.162,6.742,0.58,6.162,2026-05-21T05:23:26.584585Z,2026-05-21T06:23:26.584585Z,2026-05-21,0xebcb58042d48b919f625932d411defdf4bef8193728afd4fc569200ebd3b2529
research_20260521_500-0371,user-005,0x624c8cd33f03481854047d69b71a96a2a063a965117c3e14711215971c394de5,0x420d0debe1b541992c17fcdb1d26fd7b0b5076ede07e1b64b3912b9b9f0d7b64,3.578,5.416,1.838,3.578,2026-05-21T01:12:44.405321Z,2026-05-21T01:52:44.405321Z,2026-05-21,0xebcb58042d48b919f625932d411defdf4bef8193728afd4fc569200ebd3b2529
research_20260521_500-0372,user-004,0x9e430a57bdee86cb24ed2077bc5eb71ed4d7c56b44a58a8ff0b6e7701d4c0975,0xe75dfd5af990528458a3c19e57a4bdac374cc6baea0b1262d52b03b5cf046e19,11.419,11.419,0.0,11.419,2026-05-21T01:53:30.771823Z,2026-05-21T02:53:30.771823Z,2026-05-21,0xebcb58042d48b919f625932d411defdf4bef8193728afd4fc569200ebd3b2529
research_20260521_500-0373,user-009,0x1e60afe2d11ea63cc9e529f3f74695a54daab28b496c6db05a5fc527d0e00e36,0x6b756e741e28e534916c52c511627f75c2238bd4edad306cdc38b70200d34b6a,3.669,3.669,0.0,3.669,2026-05-21T06:39:07.400153Z,2026-05-21T06:59:07.400153Z,2026-05-21,0xebcb58042d48b919f625932d411defdf4bef8193728afd4fc569200ebd3b2529
research_20260521_500-0374,user-007,0x02da6e7122d4d6828f2e649995ac95d007a7dad1488123459ff2bba59c6fa9b5,0xe97c19b04c612af00016eeb4bf688854b33c1a3f1565beac3dd9e4cd771b29b9,3.466,3.466,0.0,3.466,2026-05-21T19:27:08.977238Z,2026-05-21T19:47:08.977238Z,2026-05-21,0xebcb58042d48b919f625932d411defdf4bef8193728afd4fc569200ebd3b2529
research_20260521_500-0375,user-002,0x75697c3c6b0cef53232345b635214f25429ef6264f055f8b77da871754bcf1c8,0x73583472fc5decd6addd472c22b46e322dc5d5ffd823072a69d52945efb67843,11.13,11.13,0.0,11.13,2026-05-21T21:07:19.578288Z,2026-05-21T22:07:19.578288Z,2026-05-21,0xebcb58042d48b919f625932d411defdf4bef8193728afd4fc569200ebd3b2529
research_20260521_500-0376,user-005,0xebd93fe65072cb6294bc6992e0597fa89e66d231e492f9361e43ef671c2d1a1c,0x6814fd758ff1da6d8bf9202e30f51b87aa82dcfcccdc378926c47dd98a7f7bdd,10.875,10.875,0.0,10.875,2026-05-21T05:49:55.425660Z,2026-05-21T06:49:55.425660Z,2026-05-21,0xebcb58042d48b919f625932d411defdf4bef8193728afd4fc569200ebd3b2529
research_20260521_500-0377,user-003,0x42e60282998077e7d6c968413c86d8a3848a424968f29f5b4f2446649f8041ae,0x3fdab2410ba5655c21af07ca7a4c2f02824b40004499f00b44250dc33bd356b3,-4.485,0.0,4.485,-4.485,2026-05-21T14:48:00.510289Z,2026-05-21T15:28:00.510289Z,2026-05-21,0xebcb58042d48b919f625932d411defdf4bef8193728afd4fc569200ebd3b2529
research_20260521_500-0378,user-009,0xedef3e8e919c8a092b2485e342635ce14a674be2f46fc335ed451344da359ad8,0x343af30e11420797e4cc9be9f0e4df6c05b7df3025bd6bbf48316ac8ecb8c6cb,3.972,3.972,0.0,3.972,2026-05-21T10:51:52.029079Z,2026-05-21T11:11:52.029079Z,2026-05-21,0xebcb58042d48b919f625932d411defdf4bef8193728afd4fc569200ebd3b2529
research_20260521_500-0379,user-005,0x0bfa9bce299b67f2e07acab8a9005882fee1a8ae0cf7cf2cfa141237122be7fb,0x5414f1dc579cfd6650ed102eea3948c61414b95753a6f99f494bf0d2b0c6eda6,-5.246,0.0,5.246,-5.246,2026-05-21T02:45:01.900209Z,2026-05-21T03:15:01.900209Z,2026-05-21,0xebcb58042d48b919f625932d411defdf4bef8193728afd4fc569200ebd3b2529
research_20260521_500-0380,user-003,0xf6a7602b0ded02a2834a713c7314358618072f8e94f45a65a511b44bf5bd7e02,0x44dad5d51a2853b4f309e21a92d625a3408488894b85416f5f4845af18377fd2,11.611,11.611,0.0,11.611,2026-05-21T11:49:22.411787Z,2026-05-21T12:49:22.411787Z,2026-05-21,0xebcb58042d48b919f625932d411defdf4bef8193728afd4fc569200ebd3b2529
research_20260521_500-0381,user-006,0x626f5023672c602050a9465d9577edf8a5aa2836b33b7a2df1c74c4df22c156c,0x2408714231f7931a03e449a4ae69be982aed035e0acd1ef88117f77b859eb73a,3.49,5.395,1.905,3.49,2026-05-21T14:05:49.282339Z,2026-05-21T14:25:49.282339Z,2026-05-21,0xebcb58042d48b919f625932d411defdf4bef8193728afd4fc569200ebd3b2529
research_20260521_500-0382,user-006,0xc0d5a5813b340d199525dc8837cd5c80514ab1b1e94e49decb9cf944bb47eea3,0xb16ba0a4701b2b5f4f5d8a039bc93c76c1d39ed888c56300614d5a59c288d33e,21.571,21.571,0.0,21.571,2026-05-21T23:05:10.573486Z,2026-05-22T00:05:10.573486Z,2026-05-21,0xebcb58042d48b919f625932d411defdf4bef8193728afd4fc569200ebd3b2529
research_20260521_500-0383,user-005,0xa4ab578e69d2a5b71cb87eaacb59d70047dd70f443323f8a69a20e3d407efd08,0xd1a50830b95b7052afa854015d90af68b5f86fa3db74900d89ce1054de9eebb2,7.502,7.502,0.0,7.502,2026-05-21T15:15:47.916017Z,2026-05-21T16:15:47.916017Z,2026-05-21,0xebcb58042d48b919f625932d411defdf4bef8193728afd4fc569200ebd3b2529
research_20260521_500-0384,user-010,0x9e03e365f70b3aa8122dda1ae18a6e1289a9c5ad452cc5d3f0665a1e12156a70,0x1f034fec88c01a07d5087970bf964206575cb34b157c59128859002f4c9dcee9,9.603,10.418,0.815,9.603,2026-05-21T04:45:17.557985Z,2026-05-21T05:45:17.557985Z,2026-05-21,0xebcb58042d48b919f625932d411defdf4bef8193728afd4fc569200ebd3b2529
research_20260521_500-0385,user-004,0x2b2167a569eb5339735f5e10bde85e8349fd2bb60443df3f53b4165a17fbcdb5,0x074237040a1c0c8114da4caf90edd8293ebd7be74126f75be3c61acd13d4c070,10.452,10.452,0.0,10.452,2026-05-21T08:07:26.342936Z,2026-05-21T09:07:26.342936Z,2026-05-21,0xebcb58042d48b919f625932d411defdf4bef8193728afd4fc569200ebd3b2529
research_20260521_500-0386,user-002,0xc2a5a025d0151ff09da38a43853fa703bbc9ff2e03572870ce717f2737493bef,0x61292e79fd69cf20912e517fe7f8ca24d0e2b071e5caa119a4ddc047302d7f0c,10.75,10.75,0.0,10.75,2026-05-21T08:46:08.665006Z,2026-05-21T09:46:08.665006Z,2026-05-21,0xebcb58042d48b919f625932d411defdf4bef8193728afd4fc569200ebd3b2529
research_20260521_500-0387,user-001,0x724c64e0f1de4a776a8271f20f142495fd879e98a3c567a785dd1a235cbec6a7,0x1560baacff15ebdcd0ba32261af945ce34d464fa10544d1fbadcbaad9c1e056b,14.764,14.764,0.0,14.764,2026-05-21T17:46:54.512379Z,2026-05-21T18:26:54.512379Z,2026-05-21,0xebcb58042d48b919f625932d411defdf4bef8193728afd4fc569200ebd3b2529
research_20260521_500-0388,user-006,0xa00eb088c00d4580a49e3b7485bf872a0865991fff18cf9362ea8d648ccab179,0x70b43b0bde36a9f1a86f27db41c7f10419a3a595b0247b0f4a6f3542674c072b,3.794,3.794,0.0,3.794,2026-05-21T07:51:47.532855Z,2026-05-21T08:11:47.532855Z,2026-05-21,0xebcb58042d48b919f625932d411defdf4bef8193728afd4fc569200ebd3b2529
research_20260521_500-0389,user-009,0x3c4d328edabdd8c3aac305f175ee784370d1a1eaf5597f5e8a0669339b8136f2,0xa69969720411cd3edc4c3ca455cebc518717de2d10802c5a36c58b5e7d86e117,2.468,2.468,0.0,2.468,2026-05-21T17:56:23.783750Z,2026-05-21T18:16:23.783750Z,2026-05-21,0xebcb58042d48b919f625932d411defdf4bef8193728afd4fc569200ebd3b2529
research_20260521_500-0390,user-004,0x6347578cd768c7cd757ce97a5965d52e3d7b560131cee7f5e735f830b5b3124a,0x5a3c70606b3f9d8b466fa490dc643e579bda1fd8dbfa0f6c1d9c6531564cc27c,3.29,3.29,0.0,3.29,2026-05-21T20:31:14.388688Z,2026-05-21T21:01:14.388688Z,2026-05-21,0xebcb58042d48b919f625932d411defdf4bef8193728afd4fc569200ebd3b2529
research_20260521_500-0391,user-004,0x4f5b94215a66eeba5c68bfde4bcdc0ac0e8498bfb72d247b9a28feb66881284a,0x05d24d604641a5790179646e81faffd7ee534fad77a3573ea6f77558ef4a74da,5.531,5.531,0.0,5.531,2026-05-21T00:51:49.554627Z,2026-05-21T01:21:49.554627Z,2026-05-21,0xebcb58042d48b919f625932d411defdf4bef8193728afd4fc569200ebd3b2529
research_20260521_500-0392,user-004,0xc3e6b28ff098960d7cb9488d861dcebcee8b3bd3fceb393e0dbf2ff6ee1fc37e,0xe6048239eef66200fcc8ea53fc37c9939ea4ed77004ff51b5f04034700d1925e,11.012,11.012,0.0,11.012,2026-05-21T17:54:42.277767Z,2026-05-21T18:54:42.277767Z,2026-05-21,0xebcb58042d48b919f625932d411defdf4bef8193728afd4fc569200ebd3b2529
research_20260521_500-0393,user-003,0x503ab4a75aaedecefd4af814a036f459dadf97ec276b42b879f78a747d35e968,0x8f72a1bf3d16c7fa0ab6311c9ed943dbb0e401ab086e329a8c1ba03974114cb3,-15.322,0.0,15.322,-15.322,2026-05-21T02:00:07.034773Z,2026-05-21T02:40:07.034773Z,2026-05-21,0xebcb58042d48b919f625932d411defdf4bef8193728afd4fc569200ebd3b2529
research_20260521_500-0394,user-009,0x720623147f6fc00be4aa217f1bd752db1a97d038e46a622410562e90c300a8a0,0x3ce7e245d94273efda5c215ccc4f5a799ee53dae47e46a95b66a9ca435408148,20.878,20.878,0.0,20.878,2026-05-21T22:23:25.870988Z,2026-05-21T23:23:25.870988Z,2026-05-21,0xebcb58042d48b919f625932d411defdf4bef8193728afd4fc569200ebd3b2529
research_20260521_500-0395,user-003,0xf1a42a689a54e979023eccc48467f0418739cc77aa38d98884c07b3e6b2af54f,0x713388e788a14971cd5c0e395cf0dccda4333f20106ad3119d5702392e1a3d50,11.475,11.475,0.0,11.475,2026-05-21T03:39:22.618865Z,2026-05-21T04:39:22.618865Z,2026-05-21,0xebcb58042d48b919f625932d411defdf4bef8193728afd4fc569200ebd3b2529
research_20260521_500-0396,user-010,0x52ce48e0e128db394d90315a638b42c8117fcda1158ef349ad3e8d0137007560,0x00f6b3641fb8b3b6921870178d78c2384f07a677564b93127ac5ae99c2680201,1.911,2.725,0.814,1.911,2026-05-21T08:56:39.396310Z,2026-05-21T09:16:39.396310Z,2026-05-21,0xebcb58042d48b919f625932d411defdf4bef8193728afd4fc569200ebd3b2529
research_20260521_500-0397,user-001,0x00c79d115bbcedd05f99b6dafc34b105364077baec04eef5422b26dc39c4d697,0xb93823aabf4ccf48921f830f23e5711ddefd8256f35a2fca1783ee5375f3ba29,11.129,11.129,0.0,11.129,2026-05-21T06:44:14.392180Z,2026-05-21T07:44:14.392180Z,2026-05-21,0xebcb58042d48b919f625932d411defdf4bef8193728afd4fc569200ebd3b2529
research_20260521_500-0398,user-007,0xa1e1a8aad7a456dd58452f7d245f1d8e122ca8f7ddf2909df869b639ecf7fdcb,0x4f98e5c9a891860a17db4fcf34f63cf594cab0da2a60f5f2b7519c5ec4c1d242,3.944,3.944,0.0,3.944,2026-05-21T04:57:51.150605Z,2026-05-21T05:17:51.150605Z,2026-05-21,0xebcb58042d48b919f625932d411defdf4bef8193728afd4fc569200ebd3b2529
research_20260521_500-0399,user-003,0x0898d1a7546fa85f161cab4c01cb4e84f1913551f1bb3f4ba7df89b7ee8c5ecc,0x75f9cc16f62d3d29b6a27474184af6d40f9642c8b2e0181ae6ee84d400afda17,6.276,14.352,8.076,6.276,2026-05-21T03:04:07.283742Z,2026-05-21T04:04:07.283742Z,2026-05-21,0xebcb58042d48b919f625932d411defdf4bef8193728afd4fc569200ebd3b2529
research_20260521_500-0400,user-007,0xee5c2388fd19579913d79a99b9ec187ddbe9d6fa1f55493795cf6a3bd8494e34,0x366a5c6221b3f0eaf4c8b1d0b1e02c660224463cb7432be5ff4647ff9b10cec3,-21.553,0.0,21.553,-21.553,2026-05-21T16:43:23.364473Z,2026-05-21T17:43:23.364473Z,2026-05-21,0xebcb58042d48b919f625932d411defdf4bef8193728afd4fc569200ebd3b2529
research_20260521_500-0401,user-005,0x7e6313bedb4dc050cd09d8d350d4e2b61974ae999fc024e1d6308b1f637c92ae,0xb1793be9797670f983b7b42bc1b8708e565752779025796751304eff86acf43f,11.289,11.289,0.0,11.289,2026-05-21T06:02:08.061029Z,2026-05-21T07:02:08.061029Z,2026-05-21,0xebcb58042d48b919f625932d411defdf4bef8193728afd4fc569200ebd3b2529
research_20260521_500-0402,user-004,0xfd73d47b648b2ef79e57b45f1be419bfd2f34c8b9e25aa619657d1a3a60eddbd,0xcc6636af537248b75be51037e05659b12bfd987dff7774b569720fc94c2c5703,3.865,7.482,3.617,3.865,2026-05-21T19:35:16.589847Z,2026-05-21T20:35:16.589847Z,2026-05-21,0xebcb58042d48b919f625932d411defdf4bef8193728afd4fc569200ebd3b2529
research_20260521_500-0403,user-009,0x98e9a25bbd030ba3be4287a28a3f1fc4eb3366cc0047dbccd67e58c917d8375f,0x87ee075895826a5a1333aafa08d857123c28b2cf90c340c27ede1095af5ff98a,25.984,25.984,0.0,25.984,2026-05-21T04:14:29.800239Z,2026-05-21T05:29:29.800239Z,2026-05-21,0xebcb58042d48b919f625932d411defdf4bef8193728afd4fc569200ebd3b2529
research_20260521_500-0404,user-002,0xe5b64062c1d7f98f2b13b9dc193c4265bf43fe2babc32b63e5efec6020665e60,0x442296c71986476a49f7af3b2f48abb6ae09c70870cd4637aebccc3373a0513f,11.527,11.527,0.0,11.527,2026-05-21T12:56:15.853209Z,2026-05-21T13:56:15.853209Z,2026-05-21,0xebcb58042d48b919f625932d411defdf4bef8193728afd4fc569200ebd3b2529
research_20260521_500-0405,user-002,0xfdfa3bad646fa783516c8887263cc7c2049f41ebf9e30720a1064a2689acdf9c,0xbaea706a98f9f3ce7778bd9d30fcce27637c810bfb77e8417c9d442c276ab72f,4.848,9.431,4.583,4.848,2026-05-21T10:51:05.702436Z,2026-05-21T12:06:05.702436Z,2026-05-21,0xebcb58042d48b919f625932d411defdf4bef8193728afd4fc569200ebd3b2529
research_20260521_500-0406,user-009,0x22e91f93e8e5f4fe115afc10af2f9228b0b3b5141e9d8909e29dfeb6f1ee7803,0xcf65b938624a432ca739c1841ca29485af779ae05dbd544d087df9e0083e3a50,10.546,10.546,0.0,10.546,2026-05-21T19:11:11.123085Z,2026-05-21T20:11:11.123085Z,2026-05-21,0xebcb58042d48b919f625932d411defdf4bef8193728afd4fc569200ebd3b2529
research_20260521_500-0407,user-009,0x9cb98fc20445e079e27904a7c2182056b3d8c8370af57407685f8318ed52b466,0x040140014006ce3a483eca23997a3048b0b4661ebc6a60ac913a651b32c03f84,4.197,7.711,3.514,4.197,2026-05-21T21:58:04.983200Z,2026-05-21T22:58:04.983200Z,2026-05-21,0xebcb58042d48b919f625932d411defdf4bef8193728afd4fc569200ebd3b2529
research_20260521_500-0408,user-006,0x2215d155ab440d4cf200dc9d081d5bbdfa24e9518aa9ff2dc0f68eb4ca4700ef,0x469ee4742e8e03fa0b167f322925d366d9e68dd2030c8027823e52d93a69d943,-0.277,3.506,3.783,-0.277,2026-05-21T17:52:00.078344Z,2026-05-21T18:12:00.078344Z,2026-05-21,0xebcb58042d48b919f625932d411defdf4bef8193728afd4fc569200ebd3b2529
research_20260521_500-0409,user-008,0x3cbbe3235307ae573dcd5cfee828ea9967595cf7f22ac8102a7e801cb1f30e1b,0xd474f48f3906f816b89728b34467113648df11f12c8899598b441bf206ae8433,23.025,23.025,0.0,23.025,2026-05-21T05:48:24.591549Z,2026-05-21T06:48:24.591549Z,2026-05-21,0xebcb58042d48b919f625932d411defdf4bef8193728afd4fc569200ebd3b2529
research_20260521_500-0410,user-010,0xbd948f6870b1a5e6180fa1e09829018d108d4a91bead20d0e5580be280019fde,0xcd28a561d4fa7a13604e191cbbe749776b2ab599971d8626936bb7c6751acf44,14.524,14.524,0.0,14.524,2026-05-21T06:33:41.254622Z,2026-05-21T07:13:41.254622Z,2026-05-21,0xebcb58042d48b919f625932d411defdf4bef8193728afd4fc569200ebd3b2529
research_20260521_500-0411,user-001,0x621cb774625b70b06fc4a721db9d9083cd3aa52061592ea1e847a3933985b5ef,0x99c83215adc7f39794420e642a7cca86f5a66e27f9264a69bc5d1dfb6b813528,0.265,5.755,5.49,0.265,2026-05-21T18:57:42.572899Z,2026-05-21T19:27:42.572899Z,2026-05-21,0xebcb58042d48b919f625932d411defdf4bef8193728afd4fc569200ebd3b2529
research_20260521_500-0412,user-008,0x94bfa67b16f014a80852ef3e3e111fa354c9f85a22209ed1a39bae8e5b43b522,0x2f2fe046b734fc1f194ef3b9edc65cc09e4f25a56cab84a60d751645b09029f4,10.895,16.083,5.188,10.895,2026-05-21T12:40:03.333236Z,2026-05-21T13:40:03.333236Z,2026-05-21,0xebcb58042d48b919f625932d411defdf4bef8193728afd4fc569200ebd3b2529
research_20260521_500-0413,user-008,0xfe2e2fe4c834b9e3b4eeb08cff5e85fe92bf3a4f8a36da99ff802bc71da13ab0,0xc9cefc9ecdab38e13237f684c1292b75171ef46634f84ee244701bde6990d30e,0.346,4.0,3.654,0.346,2026-05-21T18:25:03.340085Z,2026-05-21T18:45:03.340085Z,2026-05-21,0xebcb58042d48b919f625932d411defdf4bef8193728afd4fc569200ebd3b2529
research_20260521_500-0414,user-007,0x798bbf07a46681320f770abca4c806e79d90298efa0533330bdc938b2c4d205e,0x7b8c0c6c4797c85c305acca24d7ceee17ce41c37d338c5a9afed98d073aad6b3,3.718,8.986,5.268,3.718,2026-05-21T23:29:02.281705Z,2026-05-22T00:09:02.281705Z,2026-05-21,0xebcb58042d48b919f625932d411defdf4bef8193728afd4fc569200ebd3b2529
research_20260521_500-0415,user-007,0x7f8770d9e01bde1617a62e39448da45886980f0cb6315d603315121790ab6f3d,0x327853f957b046980c39baee86ab1b37411761b64b305cf33b8029d43f5796ef,7.35,7.35,0.0,7.35,2026-05-21T03:59:21.823563Z,2026-05-21T04:39:21.823563Z,2026-05-21,0xebcb58042d48b919f625932d411defdf4bef8193728afd4fc569200ebd3b2529
research_20260521_500-0416,user-008,0x8971eb96dd104320e690a4d13312ae9e943d6cc70ee9e93d04a8431224e791e6,0x8bc9563170117d8624360b8fe1c0930caba491108aa2893ac7696374de593aec,8.327,10.043,1.716,8.327,2026-05-21T16:41:44.476410Z,2026-05-21T17:11:44.476410Z,2026-05-21,0xebcb58042d48b919f625932d411defdf4bef8193728afd4fc569200ebd3b2529
research_20260521_500-0417,user-004,0xabf93cca025e75b58664270594003c5f2f66e211b79fe0f25f5fd66dfbd54ac3,0x2db260b842f4f144898625218f8ca31e1945c62d9031196aa889f6068bf59980,2.221,3.716,1.495,2.221,2026-05-21T21:05:12.553964Z,2026-05-21T21:35:12.553964Z,2026-05-21,0xebcb58042d48b919f625932d411defdf4bef8193728afd4fc569200ebd3b2529
research_20260521_500-0418,user-008,0xc2be9a0805e9006c8173890d06847cd99acecf04d0375f7a36568b416a49370e,0x6bfa677f3348edf4ea91e4879438029d1462f2217a4acdc74b232aab5f50b395,2.198,2.198,0.0,2.198,2026-05-21T04:48:27.533103Z,2026-05-21T05:08:27.533103Z,2026-05-21,0xebcb58042d48b919f625932d411defdf4bef8193728afd4fc569200ebd3b2529
research_20260521_500-0419,user-004,0xd6b6d78f1f57fab6b3baa04abaf210a78624b531532bea8d87154b1786e96880,0x247859d81c2c15e5e47859dcfe4eeeb8887d1fdaa46b36a1ee23a896117f222d,4.177,7.612,3.435,4.177,2026-05-21T02:07:10.829426Z,2026-05-21T02:37:10.829426Z,2026-05-21,0xebcb58042d48b919f625932d411defdf4bef8193728afd4fc569200ebd3b2529
research_20260521_500-0420,user-001,0x5b75ec2c6dc9c319eb6bce2f21fbd605dc930e81d57b41130af5d4ef22d803f0,0x699bdec27d07461181a4845335e2516ec2ebd730b2579c3d38462789abed402f,7.57,9.533,1.963,7.57,2026-05-21T18:05:44.692017Z,2026-05-21T19:05:44.692017Z,2026-05-21,0xebcb58042d48b919f625932d411defdf4bef8193728afd4fc569200ebd3b2529
research_20260521_500-0421,user-001,0x68ea18101be380292751962d218e63afebd328bab8a280aaf24409f760264c16,0x009f4f2f3c9475cbc6ba1ef83829025a2208b65eb77ec1a6a33139effabb7aa1,6.98,6.98,0.0,6.98,2026-05-21T13:21:41.201240Z,2026-05-21T13:41:41.201240Z,2026-05-21,0xebcb58042d48b919f625932d411defdf4bef8193728afd4fc569200ebd3b2529
research_20260521_500-0422,user-001,0xd658e52c8e9bd2bb0dca550e74b01f8a009cd687b6741d70595f392f5d04eb06,0x85266083be52f75a97d2730195d1448359c9ba829388f9e8df2da132f2a0698d,1.006,6.305,5.299,1.006,2026-05-21T08:08:20.778715Z,2026-05-21T08:38:20.778715Z,2026-05-21,0xebcb58042d48b919f625932d411defdf4bef8193728afd4fc569200ebd3b2529
research_20260521_500-0423,user-006,0x9c0511070edf68b8f7971e5669237ae6f72ee0eb645cc111413786f1ae6c0c6b,0x415d2d1d9f9fc6eae5c64ca417962bf08f165331ad1df08d2dfb333157a2193a,13.685,13.685,0.0,13.685,2026-05-21T23:47:37.247025Z,2026-05-22T00:27:37.247025Z,2026-05-21,0xebcb58042d48b919f625932d411defdf4bef8193728afd4fc569200ebd3b2529
research_20260521_500-0424,user-005,0x565a5768e85be1bea19637bbde01409672ee9a5c74ae86eb275fc4986f814160,0xccb1abf4f304e75d46581fef71c15caaa691a24e75e6e90d8210d638d2f0fbfc,-13.758,0.0,13.758,-13.758,2026-05-21T21:57:38.128228Z,2026-05-21T23:12:38.128228Z,2026-05-21,0xebcb58042d48b919f625932d411defdf4bef8193728afd4fc569200ebd3b2529
research_20260521_500-0425,user-002,0x972274423096301bc5d0127390a38b006aa250d49bcbb92a7cfaf1acd96fdf69,0xa9767d99433810bd287029620937206e417457cb3536700aa03194cfd87ebdf1,7.197,7.197,0.0,7.197,2026-05-21T06:24:56.395301Z,2026-05-21T07:04:56.395301Z,2026-05-21,0xebcb58042d48b919f625932d411defdf4bef8193728afd4fc569200ebd3b2529
research_20260521_500-0426,user-009,0xc3c7c68cc9c2561bfd05fd1e625f20628735c62e4a96a55a31f231c07604825e,0xd65c3bcb142e68b144b0a9b7a74aee1b9e5ce10f1f187069ccf62007d799e6a4,-0.084,2.75,2.834,-0.084,2026-05-21T03:42:55.565446Z,2026-05-21T04:12:55.565446Z,2026-05-21,0xebcb58042d48b919f625932d411defdf4bef8193728afd4fc569200ebd3b2529
research_20260521_500-0427,user-002,0xf87a964d9616bba8e8df903ef57ec96aba8c8019d515c3b2edce2224e51d0c0d,0xbd72eff2173542cb43eca6ed6be1943e2536c14b88c5921f5602c5c272523271,9.122,9.947,0.825,9.122,2026-05-21T20:27:57.798900Z,2026-05-21T21:27:57.798900Z,2026-05-21,0xebcb58042d48b919f625932d411defdf4bef8193728afd4fc569200ebd3b2529
research_20260521_500-0428,user-003,0xe505e1cd0beea9c081098dce827b2aa1734c1b8b8f94ed70d5024ce6a3b6c8b3,0x329bf45fed728e285c0f5acd8896d4034d84fb8505d74556f0ae4f126b725108,5.823,5.823,0.0,5.823,2026-05-21T20:31:08.489932Z,2026-05-21T21:01:08.489932Z,2026-05-21,0xebcb58042d48b919f625932d411defdf4bef8193728afd4fc569200ebd3b2529
research_20260521_500-0429,user-002,0x89b33afcb71264384c5a981c7c08474a75877c61d7b69df3d1ef745e014a90d4,0xc1efb055fcb0122b27750680c0b686f2db99e75129ab837536f1e930d04dab74,1.148,4.205,3.057,1.148,2026-05-21T09:32:41.741533Z,2026-05-21T10:32:41.741533Z,2026-05-21,0xebcb58042d48b919f625932d411defdf4bef8193728afd4fc569200ebd3b2529
research_20260521_500-0430,user-001,0x053b72f27688eff26b05899e21bd6c70db977873c484e495122abec3d574e56f,0x991ed72e3049832ba833b29285e7433494e824eb90a8f0de24e31bddb92870e8,4.452,4.452,0.0,4.452,2026-05-21T21:02:50.868965Z,2026-05-21T21:42:50.868965Z,2026-05-21,0xebcb58042d48b919f625932d411defdf4bef8193728afd4fc569200ebd3b2529
research_20260521_500-0431,user-008,0xd11bf3e485c9bb655b12c68372787b2798d6bf12bd6d9a13e75093f83739520f,0xcdad146162930d5cb9b3b2723568897426d03613922c7ba8244ae1808f4560da,-10.744,0.0,10.744,-10.744,2026-05-21T07:58:12.127644Z,2026-05-21T08:28:12.127644Z,2026-05-21,0xebcb58042d48b919f625932d411defdf4bef8193728afd4fc569200ebd3b2529
research_20260521_500-0432,user-002,0xf6848e29349ccfd07f15b34cb588172f9036682b8aab7a68397df76b7651a4b2,0x439ab470a8b3fb7e79331c49256a4b0daaf42cb96e9663871f9987accb4ee1f2,6.829,6.829,0.0,6.829,2026-05-21T03:12:01.611264Z,2026-05-21T03:32:01.611264Z,2026-05-21,0xebcb58042d48b919f625932d411defdf4bef8193728afd4fc569200ebd3b2529
research_20260521_500-0433,user-010,0x62f2d8a5f2144d9376a54f9c69eeda66bb32e406f627fbc566eb6b78a936ed15,0x243e349648b50ce0a132c059fe4bfb1f5f3a8b5c5c51a400bb83c1ca789894f1,-2.27,12.925,15.195,-2.27,2026-05-21T05:48:02.049803Z,2026-05-21T07:03:02.049803Z,2026-05-21,0xebcb58042d48b919f625932d411defdf4bef8193728afd4fc569200ebd3b2529
research_20260521_500-0434,user-009,0xa1b32274d18db3b916678b92552111c590cb5ca9c79add7460b3ea0781ef4a87,0x6e29fbf33ad3b889f612c7ff0a67b6461157fdae5b0270d4ba3af3fc3890cf32,3.685,4.311,0.626,3.685,2026-05-21T16:21:58.157584Z,2026-05-21T17:01:58.157584Z,2026-05-21,0xebcb58042d48b919f625932d411defdf4bef8193728afd4fc569200ebd3b2529
research_20260521_500-0435,user-005,0x44e75efc17d04fab039a2779c4c1077c05a53e7ba942954b23ee671c87b5941f,0x5022dc8d6f4863b023e552d88307135c3f061ddb0fd85b8e73223e23886759d4,-4.951,0.0,4.951,-4.951,2026-05-21T14:37:29.208949Z,2026-05-21T15:17:29.208949Z,2026-05-21,0xebcb58042d48b919f625932d411defdf4bef8193728afd4fc569200ebd3b2529
research_20260521_500-0436,user-005,0x4ed00a49825a43e7aa4a06effc5d3b81c8c312515fc60504b450e05deb49e29f,0x3f26663f44e2670004522011222b56483f36c8dd582ee41ad9fb201e629f1487,-21.893,0.0,21.893,-21.893,2026-05-21T22:31:41.397109Z,2026-05-21T23:31:41.397109Z,2026-05-21,0xebcb58042d48b919f625932d411defdf4bef8193728afd4fc569200ebd3b2529
research_20260521_500-0437,user-003,0x0f839ad0e70215e0af532c547bf06fc154c2ee065264bf1ddf76c186ee4324e4,0xc7a2f6f58e643c4c179d971813d1356c311ff0f68689abb9343109e28e658eb5,3.49,3.49,0.0,3.49,2026-05-21T15:01:26.428952Z,2026-05-21T15:31:26.428952Z,2026-05-21,0xebcb58042d48b919f625932d411defdf4bef8193728afd4fc569200ebd3b2529
research_20260521_500-0438,user-001,0x7465c644052786582c0d5a623ab22819f300a1aae12fa6c8e2341eb18720b74c,0xb95562fee9d2cbcbf32bb65892c2df3db7f0cebc9ee39f43abf53f720fb4ed61,10.935,10.935,0.0,10.935,2026-05-21T01:34:45.011094Z,2026-05-21T02:34:45.011094Z,2026-05-21,0xebcb58042d48b919f625932d411defdf4bef8193728afd4fc569200ebd3b2529
research_20260521_500-0439,user-007,0x6017fc98ecc8706469d93265bab0724e883e847e3088af1883ea31d5ec533824,0x693bd8f01af341bfe07e25725e8e9cf5692436434c8cb1d7c2812b7bc2f8aaac,14.252,14.252,0.0,14.252,2026-05-21T18:55:22.544768Z,2026-05-21T20:10:22.544768Z,2026-05-21,0xebcb58042d48b919f625932d411defdf4bef8193728afd4fc569200ebd3b2529
research_20260521_500-0440,user-007,0x46d7f9c6c56ebacabbd27dd2c008fc2a8a5b965a12d37771a88890c8b2406e2b,0xc186e48346f986931f8f640ed6dd37257835653cea57f4e8cbfda07154aa1861,10.682,10.682,0.0,10.682,2026-05-21T10:38:39.687448Z,2026-05-21T11:38:39.687448Z,2026-05-21,0xebcb58042d48b919f625932d411defdf4bef8193728afd4fc569200ebd3b2529
research_20260521_500-0441,user-002,0x41d5ea9b3715e8f0385f21c5ace754047d53f98ba99b78d3c7ab7668e3185b96,0x35bebd4ba41e1e22eb34b4aff56875dc6177f8ace0019ce07b99233d7e8046f9,0.023,2.627,2.604,0.023,2026-05-21T12:52:43.365259Z,2026-05-21T13:22:43.365259Z,2026-05-21,0xebcb58042d48b919f625932d411defdf4bef8193728afd4fc569200ebd3b2529
research_20260521_500-0442,user-006,0x42598d753d45a0d4a4fd8885be70155e8bfe87351d2d2c9ad54e278e0166ae9f,0x1f5e4f2a1ba54a6153ee241c13e4945afcc504357687092b11b996feec53e2eb,21.187,21.187,0.0,21.187,2026-05-21T23:06:00.821891Z,2026-05-22T00:06:00.821891Z,2026-05-21,0xebcb58042d48b919f625932d411defdf4bef8193728afd4fc569200ebd3b2529
research_20260521_500-0443,user-003,0x54b94c3014badc0d369f12c60235a96d80473b697e374721d82036179d511e01,0xfeab8c3ff93550758484ab105938c73af23d089e19b7a8c6e99501073a34263e,8.63,8.63,0.0,8.63,2026-05-21T17:45:08.444867Z,2026-05-21T19:00:08.444867Z,2026-05-21,0xebcb58042d48b919f625932d411defdf4bef8193728afd4fc569200ebd3b2529
research_20260521_500-0444,user-008,0x615e5a1aac7239dd93c33aa875d12b25a6cad245c283a00363373bf6d5955258,0x841175bd9bc13a3768a984b988a298c0e196c363597f468c8b0b2b456334bbe6,9.508,9.508,0.0,9.508,2026-05-21T12:05:22.344585Z,2026-05-21T13:20:22.344585Z,2026-05-21,0xebcb58042d48b919f625932d411defdf4bef8193728afd4fc569200ebd3b2529
research_20260521_500-0445,user-002,0x916d82f4eef744034f776c8dc38a0f52340de1469529bf0f83dce31756b793bd,0x3219ba6d8b06e08ef57d9625d3064f5b61f02de588ee2619894af0bdf573bce0,7.112,7.112,0.0,7.112,2026-05-21T23:18:51.794206Z,2026-05-22T00:18:51.794206Z,2026-05-21,0xebcb58042d48b919f625932d411defdf4bef8193728afd4fc569200ebd3b2529
research_20260521_500-0446,user-002,0x7284b4908011bb8299ed2d314c35e521c798fc991ce259cf5eee89c66ce3697c,0xc818fc9d68b15ae03819db2646a4d16089c7a7f3c982e8c08678886946f8eab6,-2.396,0.0,2.396,-2.396,2026-05-21T21:55:49.802000Z,2026-05-21T22:15:49.802000Z,2026-05-21,0xebcb58042d48b919f625932d411defdf4bef8193728afd4fc569200ebd3b2529
research_20260521_500-0447,user-007,0x4f03fc3c564cf968689c2307779f4a71303643f044bfe91e19ec78b2dd8590ad,0x70e4ee27d848dcd065dab71c6a3f42bea94aa81c3c5014f7d326233ca6e2f951,0.3,4.166,3.866,0.3,2026-05-21T22:24:15.721613Z,2026-05-21T22:44:15.721613Z,2026-05-21,0xebcb58042d48b919f625932d411defdf4bef8193728afd4fc569200ebd3b2529
research_20260521_500-0448,user-008,0x6a4aa2a0c8759d50efd33d69c716413cc6031641e2ef953161e5ad03e83c1aad,0x010d2c271edb11b2edf5477074fdac5223692bc980e0a18f6bfec00ec958ea41,24.073,25.572,1.499,24.073,2026-05-21T04:53:57.771846Z,2026-05-21T06:08:57.771846Z,2026-05-21,0xebcb58042d48b919f625932d411defdf4bef8193728afd4fc569200ebd3b2529
research_20260521_500-0449,user-006,0x72087c92f64f383f1c36d67f8eb2c1de4a6a9961f0a15261cf4d9679bc12fa60,0xc33b0ec8d6bbfed372c65c916db35c077f3e3b97444b8ede6c4cd9ea5a25b81d,2.779,5.91,3.131,2.779,2026-05-21T16:30:53.336044Z,2026-05-21T17:45:53.336044Z,2026-05-21,0xebcb58042d48b919f625932d411defdf4bef8193728afd4fc569200ebd3b2529
research_20260521_500-0450,user-008,0xb4d493574842b8225cb136c921e86a196105d545d0f0a84d01267a49c2939e4b,0x4f5085621fd9390eeecec037a49925e562e71baeab51e22e5a33a65db1c4940b,14.358,14.358,0.0,14.358,2026-05-21T09:35:20.536993Z,2026-05-21T10:15:20.536993Z,2026-05-21,0xebcb58042d48b919f625932d411defdf4bef8193728afd4fc569200ebd3b2529
research_20260521_500-0451,user-010,0xa517f3c5911ac22fa07b2824a59727a05e201de09840dc28796dd1aadab9d908,0xc20e3f420e571dbc06333362b3746467751435fabe509476addc43bad9ae61af,21.722,21.722,0.0,21.722,2026-05-21T18:52:04.832944Z,2026-05-21T19:52:04.832944Z,2026-05-21,0xebcb58042d48b919f625932d411defdf4bef8193728afd4fc569200ebd3b2529
research_20260521_500-0452,user-004,0xdffa49c943010a4157d72e31effc7922015781006be11405a4ace9b935db73b3,0x0a5dd714c2fcb56d6d5151410818fe771d782a673c710735579c6e152d1a4f6a,3.618,3.618,0.0,3.618,2026-05-21T19:14:07.920488Z,2026-05-21T19:44:07.920488Z,2026-05-21,0xebcb58042d48b919f625932d411defdf4bef8193728afd4fc569200ebd3b2529
research_20260521_500-0453,user-007,0x65794504f83dfa3177852c7b2b3b6b28f67c112194f610629a02aeb74a840cdc,0x0d8258ba4802983ff3a5e6d5a0fd8e6abd03a54e83619aecf6062d76d9d24560,3.631,3.631,0.0,3.631,2026-05-21T08:15:59.301361Z,2026-05-21T08:35:59.301361Z,2026-05-21,0xebcb58042d48b919f625932d411defdf4bef8193728afd4fc569200ebd3b2529
research_20260521_500-0454,user-007,0x9c6bc2fe4fc51fae841ebb2fb762ce446882bd32cd55118260b98d8283c7914d,0x1aecb3bd082df3e6bf76b3032d9e4d933123446dcecf04139c189b8fdb84a7a3,1.234,1.855,0.621,1.234,2026-05-21T02:54:07.290931Z,2026-05-21T03:14:07.290931Z,2026-05-21,0xebcb58042d48b919f625932d411defdf4bef8193728afd4fc569200ebd3b2529
research_20260521_500-0455,user-010,0xd79d39cbab2f2c43a185b638ad83684b1004d6453ef7dff1c0696c1da1574c2e,0x02e4c428ab7f3fa980e2489886ae1796e1d965c0b577c76f34c5d4e1951ce73c,13.459,13.459,0.0,13.459,2026-05-21T09:53:15.044625Z,2026-05-21T11:08:15.044625Z,2026-05-21,0xebcb58042d48b919f625932d411defdf4bef8193728afd4fc569200ebd3b2529
research_20260521_500-0456,user-006,0xad59fa698f0fb8b7778bfe3b5c2a4245315347bafac9b16f37aa118e81f979cd,0x5c563b30a16d82b02748f5f28c1f2d16908e27c4b5cd2e57decdfca6359e3b47,21.014,21.014,0.0,21.014,2026-05-21T11:22:18.902017Z,2026-05-21T12:22:18.902017Z,2026-05-21,0xebcb58042d48b919f625932d411defdf4bef8193728afd4fc569200ebd3b2529
research_20260521_500-0457,user-009,0x27f030c716b848ec49e19007f2706e8c58c053fc48a61ad2cd0e4deffb0183ef,0x72532e7d8ddc327f4d951255df01ff8e02e807887d4ed4e3c8631429b6c07a83,-3.608,0.0,3.608,-3.608,2026-05-21T21:56:56.829657Z,2026-05-21T22:16:56.829657Z,2026-05-21,0xebcb58042d48b919f625932d411defdf4bef8193728afd4fc569200ebd3b2529
research_20260521_500-0458,user-006,0x8fa190f3e554cbc0e39c608de2bd962a7a4cef5e4549e1e69c25bd531c6f36e1,0x77f5b29e7c575b4faa931b6ea6543df2cc166357d4ae6d9ef74b0a48aeeb1c5c,-7.438,0.0,7.438,-7.438,2026-05-21T04:40:30.814199Z,2026-05-21T05:20:30.814199Z,2026-05-21,0xebcb58042d48b919f625932d411defdf4bef8193728afd4fc569200ebd3b2529
research_20260521_500-0459,user-002,0x0b6a0ade2db6d2fe0a2f77a0957d33c7e69b51280cc94eb2f87a38a87fd367c2,0x344be75688c4d4bf47f4425a2cbf4cc3134c9b7f1c6022dba6dfe47132c185b7,-8.654,0.0,8.654,-8.654,2026-05-21T15:20:15.532626Z,2026-05-21T16:35:15.532626Z,2026-05-21,0xebcb58042d48b919f625932d411defdf4bef8193728afd4fc569200ebd3b2529
research_20260521_500-0460,user-007,0xd810f0ad081e4ed953b9518513ef6b53477c331092dc8ca3e5a6b4a894d689ba,0x27910525cd0a913a8eda7d12773b23272361cd0e335e9e0b0e2be38f189df708,3.871,3.871,0.0,3.871,2026-05-21T04:15:31.182288Z,2026-05-21T04:35:31.182288Z,2026-05-21,0xebcb58042d48b919f625932d411defdf4bef8193728afd4fc569200ebd3b2529
research_20260521_500-0461,user-009,0xe98ef3876498ea8c35d6153785524ef3e6a30ebc8a57e4c8407967dc962e4179,0x53b76e095b7dcbcb1a8ef4f3e193e927b3a9dfed00fa3876c2c4e4272a0186ac,13.555,13.555,0.0,13.555,2026-05-21T09:53:42.885570Z,2026-05-21T11:08:42.885570Z,2026-05-21,0xebcb58042d48b919f625932d411defdf4bef8193728afd4fc569200ebd3b2529
research_20260521_500-0462,user-007,0x6b02492b154ea6893bf2e2d33bbd021bfb6493b93eeb102303f8aa02a4efd8d6,0x86c2702a8e79ea15e6c68fb8864e463e363dbbf94593a5b0c9c83fdfd5a5afc9,-13.45,0.0,13.45,-13.45,2026-05-21T05:40:30.487432Z,2026-05-21T06:55:30.487432Z,2026-05-21,0xebcb58042d48b919f625932d411defdf4bef8193728afd4fc569200ebd3b2529
research_20260521_500-0463,user-008,0x5f35f958d26948204bb65618aac875a1c56d9688249ca1c11d770a9ad2f3f8ec,0x686b5bb37c508440a9882317456012fb3782ef416114f9cafdcb256d02824ef9,2.562,3.727,1.165,2.562,2026-05-21T08:38:50.114375Z,2026-05-21T09:18:50.114375Z,2026-05-21,0xebcb58042d48b919f625932d411defdf4bef8193728afd4fc569200ebd3b2529
research_20260521_500-0464,user-009,0xa049bb76c7d8209c3f4fca27bdfbdbc8eff6bb6872debf4bf7fdacca5d111718,0x074c996e7bacb1c5c7e9d31d7656eb3510797243acd1de7b345e5ca843c1e8b5,-7.525,0.0,7.525,-7.525,2026-05-21T23:43:05.531520Z,2026-05-22T00:23:05.531520Z,2026-05-21,0xebcb58042d48b919f625932d411defdf4bef8193728afd4fc569200ebd3b2529
research_20260521_500-0465,user-008,0x7bf8ae7ae5e641548811971639890e2d89ff713024524aee396d8ed7caf8bfd6,0xe33cab63b05742d9ae15bf4f587952e4854f7abbc793753142a0de31b2e8e82a,13.155,13.155,0.0,13.155,2026-05-21T20:10:21.300013Z,2026-05-21T21:25:21.300013Z,2026-05-21,0xebcb58042d48b919f625932d411defdf4bef8193728afd4fc569200ebd3b2529
research_20260521_500-0466,user-005,0xd685b555a6ecd2662c7a9fe0f5e8918c1bbc3dd073a777717f32026059dfbbd3,0x9b8f241a61b633fa6c65890c1f638af10cd7687844eb32792a036850dfbcc9df,0.378,2.969,2.591,0.378,2026-05-21T14:35:49.792219Z,2026-05-21T15:05:49.792219Z,2026-05-21,0xebcb58042d48b919f625932d411defdf4bef8193728afd4fc569200ebd3b2529
research_20260521_500-0467,user-005,0xe634413b98799596273e36516553940cc2bb6312564e157878483bd0c498262b,0xbeb9cd79b900a0bc9b8f382635b7dd92ec268c295c6fe7cf9a58426af46b7a9f,14.054,14.054,0.0,14.054,2026-05-21T02:48:07.176100Z,2026-05-21T04:03:07.176100Z,2026-05-21,0xebcb58042d48b919f625932d411defdf4bef8193728afd4fc569200ebd3b2529
research_20260521_500-0468,user-008,0x8417a7b2c010f6aaf4e6f4db567bbe31a92d743a3a4e9e0c7bdc3a41e566b8f1,0xb517de01ae458417904155d1155a7ad3c0b93976249c7436092506df660d9096,-7.592,0.0,7.592,-7.592,2026-05-21T14:50:08.158930Z,2026-05-21T15:50:08.158930Z,2026-05-21,0xebcb58042d48b919f625932d411defdf4bef8193728afd4fc569200ebd3b2529
research_20260521_500-0469,user-002,0xf55f415525922f90a9d9b7656c91f723224d1bc55fafdc15c8a7545064294aea,0x84011f4bcf1de049f1dbb17ca1a26c6f36ca714446e829e2b58fa23c812e13df,7.862,7.862,0.0,7.862,2026-05-21T19:43:46.757423Z,2026-05-21T20:03:46.757423Z,2026-05-21,0xebcb58042d48b919f625932d411defdf4bef8193728afd4fc569200ebd3b2529
research_20260521_500-0470,user-001,0x38acd0f29629d552a8d2fa41568b92c01a92ef49fec5f8c699252ace2637e285,0x3990253b637ca95b98b8daeb574e6a52710d2ffeb11148641f88fa41b9f0450c,-8.991,0.0,8.991,-8.991,2026-05-21T02:33:31.782226Z,2026-05-21T03:48:31.782226Z,2026-05-21,0xebcb58042d48b919f625932d411defdf4bef8193728afd4fc569200ebd3b2529
research_20260521_500-0471,user-004,0xf6c880b38167f588fbcf26432e10a3514c8af768ee97a676fa72134032beabc6,0xb2d5f46b01dd73b3f0cae0641a55765ababaf83398dc93d67a9a4bae8cd68d0c,2.519,2.519,0.0,2.519,2026-05-21T07:39:51.496981Z,2026-05-21T07:59:51.496981Z,2026-05-21,0xebcb58042d48b919f625932d411defdf4bef8193728afd4fc569200ebd3b2529
research_20260521_500-0472,user-006,0xb94a69a80039a4bc389c1e26489fec18ef6704c46c201d24b0cfa3bad98e6b44,0x2c938c2c6b74235b6879c69cb2633334ab20914ad9feee379e86bfa2299b8452,-0.089,5.501,5.59,-0.089,2026-05-21T16:14:20.484634Z,2026-05-21T16:44:20.484634Z,2026-05-21,0xebcb58042d48b919f625932d411defdf4bef8193728afd4fc569200ebd3b2529
research_20260521_500-0473,user-004,0x264d6daeaa68144ab93c95c92e7c51b68efe7b37956e67956bfef22b0ea7fdcf,0xce05407976198f5bbfc5f23614c5e897f52c8f999c2e9dbcb2c285959640c7ba,14.57,14.57,0.0,14.57,2026-05-21T22:23:56.193057Z,2026-05-21T23:03:56.193057Z,2026-05-21,0xebcb58042d48b919f625932d411defdf4bef8193728afd4fc569200ebd3b2529
research_20260521_500-0474,user-010,0x667e18f9d88cf7ebf875f84c36868566781a8d9e2fc51f25ffdab0881adc9bd8,0x214d7d99cda5f02b82d7e8e405e1a9b1d535f446977830011ba9c744e3991bce,21.501,21.501,0.0,21.501,2026-05-21T16:11:55.789273Z,2026-05-21T17:11:55.789273Z,2026-05-21,0xebcb58042d48b919f625932d411defdf4bef8193728afd4fc569200ebd3b2529
research_20260521_500-0475,user-001,0xb9e5416d47fd2e22fb95d547f5619131cdbd761376c4216079496f2281abf3e1,0xd639a70490dbcf9de8c111f501041af3019fd2ff79d6693f596bd0e6fbac0f60,-8.846,0.0,8.846,-8.846,2026-05-21T18:24:02.849851Z,2026-05-21T19:39:02.849851Z,2026-05-21,0xebcb58042d48b919f625932d411defdf4bef8193728afd4fc569200ebd3b2529
research_20260521_500-0476,user-001,0xacf58b32b5cf7da49a954cba92de3c4a9ad0e3c487a9a79507e5362f0313d684,0x48d722a145997c239a52d1a27cdb751a10346a027a211946cc8ef4b438ca7bab,22.216,22.216,0.0,22.216,2026-05-21T11:28:56.584931Z,2026-05-21T12:28:56.584931Z,2026-05-21,0xebcb58042d48b919f625932d411defdf4bef8193728afd4fc569200ebd3b2529
research_20260521_500-0477,user-001,0xe336070b6a6300f5789aea321df9c621ce058224f9c6f0551aa20e4e67abe944,0x8267138017a3d71fb18353a2a6d19aa27164a193706cfee10322e21d88b69d5a,7.434,7.434,0.0,7.434,2026-05-21T22:25:57.101539Z,2026-05-21T23:25:57.101539Z,2026-05-21,0xebcb58042d48b919f625932d411defdf4bef8193728afd4fc569200ebd3b2529
research_20260521_500-0478,user-004,0xaf42227ad9a85904a63a6d12632e6ae0a514c1ffc767e7b79e95c38ea432a9dd,0x997e32652240ceb55a7649f9ed5e60ce79b8cf2a1e6b6643abfd2ed8778cf38a,13.724,13.724,0.0,13.724,2026-05-21T16:42:32.098892Z,2026-05-21T17:57:32.098892Z,2026-05-21,0xebcb58042d48b919f625932d411defdf4bef8193728afd4fc569200ebd3b2529
research_20260521_500-0479,user-003,0x4f7cae40a5f1cbc2fd5b59672dea5089ce9c82b107b91d172a80e7d99f5042f0,0x50b7d1a1587f5574bb42212dc1ed96fe1a782c05f9a8cdd767fedccceeef0d97,10.704,10.704,0.0,10.704,2026-05-21T17:48:29.995206Z,2026-05-21T18:48:29.995206Z,2026-05-21,0xebcb58042d48b919f625932d411defdf4bef8193728afd4fc569200ebd3b2529
research_20260521_500-0480,user-008,0x42609ea8ddca3ee8e7178d6f2ff512d4ffddf5a804a8e50b7048e25ecf124293,0x9bc431e0916abad879cb6deb32f4646c496adf9670aa89edc0fcdd83d97b1814,-9.096,0.0,9.096,-9.096,2026-05-21T16:35:45.144684Z,2026-05-21T17:50:45.144684Z,2026-05-21,0xebcb58042d48b919f625932d411defdf4bef8193728afd4fc569200ebd3b2529
research_20260521_500-0481,user-001,0x9703a748f824bede15d4313acd4999985aea2b37af07925602827d029cf2865c,0x56004ec40aeb6889af7fa056c9ffbced101c4e4aa7abb95754248aa66af72ac9,15.638,15.638,0.0,15.638,2026-05-21T01:52:05.117532Z,2026-05-21T02:32:05.117532Z,2026-05-21,0xebcb58042d48b919f625932d411defdf4bef8193728afd4fc569200ebd3b2529
research_20260521_500-0482,user-002,0x2bd1d03db754788d154a7c2750fe574dd5f98fff4dcf42c9c7635d9432506482,0xc65771634bf2afcb4af61bc55c344d38969eeeed75221888f53fb5a636ccd149,10.65,10.65,0.0,10.65,2026-05-21T08:31:04.065442Z,2026-05-21T09:31:04.065442Z,2026-05-21,0xebcb58042d48b919f625932d411defdf4bef8193728afd4fc569200ebd3b2529
research_20260521_500-0483,user-002,0x00662f28455bcc7ce28b8ce0d99da3d1154c4a62e95e99c0e383c0c24ea5d2f9,0x7a7d1d2b48243b77e4de005bfa87cff9b2568dab5a4a14796fd0f33a01abc2bc,13.563,13.563,0.0,13.563,2026-05-21T21:21:38.720203Z,2026-05-21T22:36:38.720203Z,2026-05-21,0xebcb58042d48b919f625932d411defdf4bef8193728afd4fc569200ebd3b2529
research_20260521_500-0484,user-008,0x32dd228f041820669af91804d8a88bf182bd761972e48ea633442d1b5b323272,0xafe4ab102475a032fd24ca71b522d8d7779950713748ce3a5c42bfe99870a360,-0.023,1.784,1.807,-0.023,2026-05-21T10:22:23.239608Z,2026-05-21T10:52:23.239608Z,2026-05-21,0xebcb58042d48b919f625932d411defdf4bef8193728afd4fc569200ebd3b2529
research_20260521_500-0485,user-005,0x392b72b4d9f296c71865c51e45f72d6664c1023c9b2d5f57ffadfc2c39c61842,0xdfaab69340ed54497da12ed234196cb07c246db54f7bf3448806306e6090a36e,1.813,2.835,1.022,1.813,2026-05-21T21:55:34.909687Z,2026-05-21T22:15:34.909687Z,2026-05-21,0xebcb58042d48b919f625932d411defdf4bef8193728afd4fc569200ebd3b2529
research_20260521_500-0486,user-010,0x5356517af144f5188d2b4bbbd6c1e8edd847ef578fcdc2d862f72aadb170c6cc,0xde6399d772f7c78bbb94ca67115b3fafc3f647ee02135c39751d2d054d9b3568,1.236,1.695,0.459,1.236,2026-05-21T05:02:32.500699Z,2026-05-21T05:22:32.500699Z,2026-05-21,0xebcb58042d48b919f625932d411defdf4bef8193728afd4fc569200ebd3b2529
research_20260521_500-0487,user-006,0x7d1a5c938b268f120667468f50ae9f50861d464ff59cc7a19eab20fcd1ac8ae6,0x9a366d45fb79f41a9880a08abc1c9162ab79e9d2048fd549eac581a52bb7cd76,7.293,7.293,0.0,7.293,2026-05-21T15:05:04.165439Z,2026-05-21T15:45:04.165439Z,2026-05-21,0xebcb58042d48b919f625932d411defdf4bef8193728afd4fc569200ebd3b2529
research_20260521_500-0488,user-003,0xa96ff68c122f72f2d9a09d027a24391361472d9dd515f69d2b05b7355f48c00f,0x06a9a0657593ca82b064c5980f81fe2924004ddeb618b3e1f93323054ca19196,4.286,5.853,1.567,4.286,2026-05-21T23:22:01.211084Z,2026-05-21T23:42:01.211084Z,2026-05-21,0xebcb58042d48b919f625932d411defdf4bef8193728afd4fc569200ebd3b2529
research_20260521_500-0489,user-006,0x39da66de9185eff6a5d0e5f6775f1fb458be34d95ae3c65bd86e896a4efbd596,0x70716a52ea0870010adae5d2da7adf60627cfc7d62869fe7b0d34f273309a290,4.529,4.529,0.0,4.529,2026-05-21T23:35:03.141725Z,2026-05-22T00:15:03.141725Z,2026-05-21,0xebcb58042d48b919f625932d411defdf4bef8193728afd4fc569200ebd3b2529
research_20260521_500-0490,user-002,0x97f8dbea7ac10bd461e818c1fb985269f65778cfd6a246843c5fbda4f201d2aa,0x62324dbffd7298ba081befd3517731e23748081204bdcc757a50ebbfa831e63f,8.109,11.652,3.543,8.109,2026-05-21T06:21:38.403006Z,2026-05-21T07:01:38.403006Z,2026-05-21,0xebcb58042d48b919f625932d411defdf4bef8193728afd4fc569200ebd3b2529
research_20260521_500-0491,user-002,0xeb407649b97d5267bcfed3847c09ce5263fea2012d09b9cdfc88974f4d7daab1,0xe53fc8047f3be99efa99c1c0a18c093e66677e582554573526ee59c2b7969d42,5.051,6.822,1.771,5.051,2026-05-21T12:24:40.637686Z,2026-05-21T13:39:40.637686Z,2026-05-21,0xebcb58042d48b919f625932d411defdf4bef8193728afd4fc569200ebd3b2529
research_20260521_500-0492,user-006,0x634c7a0a0bc39e17305e0ca90b6cf6cf2ba49520a1481dfb1b3d0a6b80bf84ba,0x241ad9ebac7b2dfe440e2f0c1b1a15f95c69fe2ddc6a61e249b22ed496a2aaa5,4.679,15.986,11.307,4.679,2026-05-21T03:03:24.331554Z,2026-05-21T04:18:24.331554Z,2026-05-21,0xebcb58042d48b919f625932d411defdf4bef8193728afd4fc569200ebd3b2529
research_20260521_500-0493,user-010,0xa0c0ea2c84d261aec3501040ea246c0c03920c785c18301387c8799490c959d6,0x8d2d8175263802727a29a221e35b812f813d6649c1c7f85e0d2806198fdaeeff,4.775,4.775,0.0,4.775,2026-05-21T06:17:50.294250Z,2026-05-21T06:57:50.294250Z,2026-05-21,0xebcb58042d48b919f625932d411defdf4bef8193728afd4fc569200ebd3b2529
research_20260521_500-0494,user-009,0x8258597662862617f189c77ff430f4bbb3c5af099b52d85227743c1f978084c2,0x117fdd5fe5422241701b0153afebde243ae08956dffb164058287a5e1b9093eb,4.988,4.988,0.0,4.988,2026-05-21T03:31:35.921020Z,2026-05-21T04:11:35.921020Z,2026-05-21,0xebcb58042d48b919f625932d411defdf4bef8193728afd4fc569200ebd3b2529
research_20260521_500-0495,user-002,0xaad12401dcea949cc95046887b8e4b91bc4b9c01d78e39bf9ba01d8a022fcda4,0x71740a34c2fa83f771000bc84fab293982113387dee1adafe0c7087f2b5386e5,13.144,13.144,0.0,13.144,2026-05-21T17:25:13.700311Z,2026-05-21T18:40:13.700311Z,2026-05-21,0xebcb58042d48b919f625932d411defdf4bef8193728afd4fc569200ebd3b2529
research_20260521_500-0496,user-003,0xa3b051ebe15b38eb3cd8dd486e1a7d7b62d681ef3295cabd83914a51d7642e15,0x25e1423a54222d6a9c87d2d9b50f32e434a787fe2d288e0ba5dc3a00b2dabbdb,-13.187,0.0,13.187,-13.187,2026-05-21T00:11:52.138224Z,2026-05-21T01:26:52.138224Z,2026-05-21,0xebcb58042d48b919f625932d411defdf4bef8193728afd4fc569200ebd3b2529
research_20260521_500-0497,user-008,0x2a478cbeb5d04a485c0096f712968690c0f533adfd71abcfda0dcc68abf67232,0x7e5a3b8446b44f9c959cf0dd88dbc6aa74f676a242fbffb472e784f0111a7bb9,2.207,3.318,1.111,2.207,2026-05-21T07:16:49.442558Z,2026-05-21T07:56:49.442558Z,2026-05-21,0xebcb58042d48b919f625932d411defdf4bef8193728afd4fc569200ebd3b2529
research_20260521_500-0498,user-002,0xd52a832cbbec9c17cc91e434bcbb7cc1b19cbbbbd52020faedb9487813c2b05b,0xd31555f5296955e4a4d5e7040eea719906095285012cd7b3c63990374581f68f,7.568,7.568,0.0,7.568,2026-05-21T15:26:57.555029Z,2026-05-21T16:26:57.555029Z,2026-05-21,0xebcb58042d48b919f625932d411defdf4bef8193728afd4fc569200ebd3b2529
research_20260521_500-0499,user-002,0x9830061119c91913649d4ca114698dbca3b08c916ecc6f34350d5e4b310a4567,0x635eb379e8d1deea3cd3af61248c96d0e5a298f877222ee2013e794c9116bcb2,10.965,10.965,0.0,10.965,2026-05-21T05:19:04.057920Z,2026-05-21T06:19:04.057920Z,2026-05-21,0xebcb58042d48b919f625932d411defdf4bef8193728afd4fc569200ebd3b2529
research_20260521_500-0500,user-007,0xc3624fd051d64849e989f2df03aadd2899c53bbc9f0dd3c7066e3d6114fea09b,0x7a3b760f7285c64b9573c8e12a758c1f68d49a7cad2f6a3a6603257d70818c6a,-3.34,0.0,3.34,-3.34,2026-05-21T16:49:21.406807Z,2026-05-21T17:19:21.406807Z,2026-05-21,0xebcb58042d48b919f625932d411defdf4bef8193728afd4fc569200ebd3b2529
