session_id,expected_hash,computed_hash,match,import_consistent,export_consistent,net_consistent,settlement_consistent,audit_ok,audit_reason,batch_day,batch_root
research_20260521_500-0001,0x93f92520a958db8377fb9b1e362ecbb4cc1cf4b6f6aa5b6b61fb1462c7f64c29,0x93f92520a958db8377fb9b1e362ecbb4cc1cf4b6f6aa5b6b61fb1462c7f64c29,True,True,True,True,True,True,,2026-05-21,0xebcb58042d48b919f625932d411defdf4bef8193728afd4fc569200ebd3b2529
research_20260521_500-0002,0x1f67c5905900f29ef9dd296bf84eb4062fd59965c33a20241874e38c22d03a18,0x1f67c5905900f29ef9dd296bf84eb4062fd59965c33a20241874e38c22d03a18,True,True,True,True,True,True,,2026-05-21,0xebcb58042d48b919f625932d411defdf4bef8193728afd4fc569200ebd3b2529
research_20260521_500-0003,0xa714cfbbd434a96f3cd5585b1f37d3a2bf99fd5d2fef6d26202791f76979a402,0xa714cfbbd434a96f3cd5585b1f37d3a2bf99fd5d2fef6d26202791f76979a402,True,True,True,True,True,True,,2026-05-21,0xebcb58042d48b919f625932d411defdf4bef8193728afd4fc569200ebd3b2529
research_20260521_500-0004,0x3797930b9096f41d41c5348b37db1b17c3ddaba32dfa6ca6e5924f1b9e7f7ee9,0x3797930b9096f41d41c5348b37db1b17c3ddaba32dfa6ca6e5924f1b9e7f7ee9,True,True,True,True,True,True,,2026-05-21,0xebcb58042d48b919f625932d411defdf4bef8193728afd4fc569200ebd3b2529
research_20260521_500-0005,0x9c9bed82f9adb7d94fd21d1fbb165c4e4e5dc9a19bc92bb1dc4e6a95c2062acb,0x9c9bed82f9adb7d94fd21d1fbb165c4e4e5dc9a19bc92bb1dc4e6a95c2062acb,True,True,True,True,True,True,,2026-05-21,0xebcb58042d48b919f625932d411defdf4bef8193728afd4fc569200ebd3b2529
research_20260521_500-0006,0xb83b50e99e0c066a8986c66084b0445fa42038cef7f211e54a3cdd7b845ed483,0xb83b50e99e0c066a8986c66084b0445fa42038cef7f211e54a3cdd7b845ed483,True,True,True,True,True,True,,2026-05-21,0xebcb58042d48b919f625932d411defdf4bef8193728afd4fc569200ebd3b2529
research_20260521_500-0007,0x556e1c3178a87c6edfb3afde424c53d0cb41731f889094cc12020eba07006471,0x556e1c3178a87c6edfb3afde424c53d0cb41731f889094cc12020eba07006471,True,True,True,True,True,True,,2026-05-21,0xebcb58042d48b919f625932d411defdf4bef8193728afd4fc569200ebd3b2529
research_20260521_500-0008,0xc700666da1627b7bf9d0d224fdfe4c4bb56efacec5819cc0bbe26282e27bc428,0xc700666da1627b7bf9d0d224fdfe4c4bb56efacec5819cc0bbe26282e27bc428,True,True,True,True,True,True,,2026-05-21,0xebcb58042d48b919f625932d411defdf4bef8193728afd4fc569200ebd3b2529
research_20260521_500-0009,0x0966fe4de40cc12878f0db29180062501e2afe212a9a8403f0ee92584cf5fd7d,0x0966fe4de40cc12878f0db29180062501e2afe212a9a8403f0ee92584cf5fd7d,True,True,True,True,True,True,,2026-05-21,0xebcb58042d48b919f625932d411defdf4bef8193728afd4fc569200ebd3b2529
research_20260521_500-0010,0x59eeed4933f219685493968dd703d745c4d84400da4eefbcfeef745fa46736f8,0x59eeed4933f219685493968dd703d745c4d84400da4eefbcfeef745fa46736f8,True,True,True,True,True,True,,2026-05-21,0xebcb58042d48b919f625932d411defdf4bef8193728afd4fc569200ebd3b2529
research_20260521_500-0011,0xc2d1fded86f534a09eb3d6221ffef7b6857dbd407369b5f0743b8a368cd46f50,0xc2d1fded86f534a09eb3d6221ffef7b6857dbd407369b5f0743b8a368cd46f50,True,True,True,True,True,True,,2026-05-21,0xebcb58042d48b919f625932d411defdf4bef8193728afd4fc569200ebd3b2529
research_20260521_500-0012,0xdbea303fb891799a79d6a0a49e67aafd5d993866f4c7d9750c7307e9d9b0c1cc,0xdbea303fb891799a79d6a0a49e67aafd5d993866f4c7d9750c7307e9d9b0c1cc,True,True,True,True,True,True,,2026-05-21,0xebcb58042d48b919f625932d411defdf4bef8193728afd4fc569200ebd3b2529
research_20260521_500-0013,0xdc4f26d4f661ffd44b3d72a9b9c16bd8dab9ef75118ceed5348aa1ae7400c34c,0xdc4f26d4f661ffd44b3d72a9b9c16bd8dab9ef75118ceed5348aa1ae7400c34c,True,True,True,True,True,True,,2026-05-21,0xebcb58042d48b919f625932d411defdf4bef8193728afd4fc569200ebd3b2529
research_20260521_500-0014,0x0df9722c53ce27cf836f023c0fb167c3b1994aa9720090503e61b5294eb23c55,0x0df9722c53ce27cf836f023c0fb167c3b1994aa9720090503e61b5294eb23c55,True,True,True,True,True,True,,2026-05-21,0xebcb58042d48b919f625932d411defdf4bef8193728afd4fc569200ebd3b2529
research_20260521_500-0015,0x7da7bfd2da216fc5c03d26f8e3bafdb9d3da5e996b6850c32acf7d87563ccf19,0x7da7bfd2da216fc5c03d26f8e3bafdb9d3da5e996b6850c32acf7d87563ccf19,True,True,True,True,True,True,,2026-05-21,0xebcb58042d48b919f625932d411defdf4bef8193728afd4fc569200ebd3b2529
research_20260521_500-0016,0x12485ee1feb4f26c30ae6f555bb521c73917d528c050f6037a429557cb57a252,0x12485ee1feb4f26c30ae6f555bb521c73917d528c050f6037a429557cb57a252,True,True,True,True,True,True,,2026-05-21,0xebcb58042d48b919f625932d411defdf4bef8193728afd4fc569200ebd3b2529
research_20260521_500-0017,0x8eb82387dfca6d5d6ee21e3feaa4394baf7f11cbc477fc86ba782a10dcf574cc,0x8eb82387dfca6d5d6ee21e3feaa4394baf7f11cbc477fc86ba782a10dcf574cc,True,True,True,True,True,True,,2026-05-21,0xebcb58042d48b919f625932d411defdf4bef8193728afd4fc569200ebd3b2529
research_20260521_500-0018,0xb9797f1ca0d4e17f130f105dc7858821fc1988974408937934ca658f0a8565ca,0xb9797f1ca0d4e17f130f105dc7858821fc1988974408937934ca658f0a8565ca,True,True,True,True,True,True,,2026-05-21,0xebcb58042d48b919f625932d411defdf4bef8193728afd4fc569200ebd3b2529
research_20260521_500-0019,0x0207e1206b4ccaef79d97dba6e56d03f35f94ad7554610bc1d1f057019d4a72a,0x0207e1206b4ccaef79d97dba6e56d03f35f94ad7554610bc1d1f057019d4a72a,True,True,True,True,True,True,,2026-05-21,0xebcb58042d48b919f625932d411defdf4bef8193728afd4fc569200ebd3b2529
research_20260521_500-0020,0xd35cf85b1f6bfca9177fd37a94061a0135af8bd68e4e9bd82542c937879a04f6,0xd35cf85b1f6bfca9177fd37a94061a0135af8bd68e4e9bd82542c937879a04f6,True,True,True,True,True,True,,2026-05-21,0xebcb58042d48b919f625932d411defdf4bef8193728afd4fc569200ebd3b2529
research_20260521_500-0021,0xe68e512c05ffc929166b2958fe399287bc394262cd04c1b8138c63a04dfb89fd,0xe68e512c05ffc929166b2958fe399287bc394262cd04c1b8138c63a04dfb89fd,True,True,True,True,True,True,,2026-05-21,0xebcb58042d48b919f625932d411defdf4bef8193728afd4fc569200ebd3b2529
research_20260521_500-0022,0x3688b44a656694341ebfcb8b52ad0b3b1a7d551ccf9e7cc3e4594ca926acff32,0x3688b44a656694341ebfcb8b52ad0b3b1a7d551ccf9e7cc3e4594ca926acff32,True,True,True,True,True,True,,2026-05-21,0xebcb58042d48b919f625932d411defdf4bef8193728afd4fc569200ebd3b2529
research_20260521_500-0023,0xef66d0859cf142fc8f221aebddd4a9628ebb418c65f99a592577c744c61f986e,0xef66d0859cf142fc8f221aebddd4a9628ebb418c65f99a592577c744c61f986e,True,True,True,True,True,True,,2026-05-21,0xebcb58042d48b919f625932d411defdf4bef8193728afd4fc569200ebd3b2529
research_20260521_500-0024,0xb5675bcb0d35abc5dd4acc9072e935a03b47c78d44dfd970f92955c19f670441,0xb5675bcb0d35abc5dd4acc9072e935a03b47c78d44dfd970f92955c19f670441,True,True,True,True,True,True,,2026-05-21,0xebcb58042d48b919f625932d411defdf4bef8193728afd4fc569200ebd3b2529
research_20260521_500-0025,0xf0484662d794cc681b32bf0e5da77cbcf717d7199fec666009bfcd8a7554e8d0,0xf0484662d794cc681b32bf0e5da77cbcf717d7199fec666009bfcd8a7554e8d0,True,True,True,True,True,True,,2026-05-21,0xebcb58042d48b919f625932d411defdf4bef8193728afd4fc569200ebd3b2529
research_20260521_500-0026,0xb838af29b810ba18db65a576029cc08e251fb0392711c558ae3615aee97dcdbd,0xb838af29b810ba18db65a576029cc08e251fb0392711c558ae3615aee97dcdbd,True,True,True,True,True,True,,2026-05-21,0xebcb58042d48b919f625932d411defdf4bef8193728afd4fc569200ebd3b2529
research_20260521_500-0027,0x75ca6629eb931b6ddc181255e62493bc87b0bc1f4125ff05e33df36a75be38f7,0x75ca6629eb931b6ddc181255e62493bc87b0bc1f4125ff05e33df36a75be38f7,True,True,True,True,True,True,,2026-05-21,0xebcb58042d48b919f625932d411defdf4bef8193728afd4fc569200ebd3b2529
research_20260521_500-0028,0x2ed40bba4e81c9abe3fc3358b9434010c094dbea462bd68f549c7695dabf8f06,0x2ed40bba4e81c9abe3fc3358b9434010c094dbea462bd68f549c7695dabf8f06,True,True,True,True,True,True,,2026-05-21,0xebcb58042d48b919f625932d411defdf4bef8193728afd4fc569200ebd3b2529
research_20260521_500-0029,0xfac0efe41c64f3b0a9959498df005206d4bf154686a855d862bb3b03fdefb642,0xfac0efe41c64f3b0a9959498df005206d4bf154686a855d862bb3b03fdefb642,True,True,True,True,True,True,,2026-05-21,0xebcb58042d48b919f625932d411defdf4bef8193728afd4fc569200ebd3b2529
research_20260521_500-0030,0x9ab8f55dd63842ec747c4df4fdc02ed37640d65daf9b3af0d542e8baabce15ca,0x9ab8f55dd63842ec747c4df4fdc02ed37640d65daf9b3af0d542e8baabce15ca,True,True,True,True,True,True,,2026-05-21,0xebcb58042d48b919f625932d411defdf4bef8193728afd4fc569200ebd3b2529
research_20260521_500-0031,0x3728a655975fd7cf47074de0a5ee0e6575b9457a8cd02338742ddbdc9fc1f7d5,0x3728a655975fd7cf47074de0a5ee0e6575b9457a8cd02338742ddbdc9fc1f7d5,True,True,True,True,True,True,,2026-05-21,0xebcb58042d48b919f625932d411defdf4bef8193728afd4fc569200ebd3b2529
research_20260521_500-0032,0x21f1a3825719dd1de726d7424361865faa06da124b15279e19f9f922a00e821b,0x21f1a3825719dd1de726d7424361865faa06da124b15279e19f9f922a00e821b,True,True,True,True,True,True,,2026-05-21,0xebcb58042d48b919f625932d411defdf4bef8193728afd4fc569200ebd3b2529
research_20260521_500-0033,0xeba2f9f150f4484d239d13f4934733d53784ed56bee997e708bb878cfce03152,0xeba2f9f150f4484d239d13f4934733d53784ed56bee997e708bb878cfce03152,True,True,True,True,True,True,,2026-05-21,0xebcb58042d48b919f625932d411defdf4bef8193728afd4fc569200ebd3b2529
research_20260521_500-0034,0x4855179607ade6375f37a4e5282c558c5b267e0d42f53f666c3b50b5d76bd02b,0x4855179607ade6375f37a4e5282c558c5b267e0d42f53f666c3b50b5d76bd02b,True,True,True,True,True,True,,2026-05-21,0xebcb58042d48b919f625932d411defdf4bef8193728afd4fc569200ebd3b2529
research_20260521_500-0035,0x8ca76370e5b6573ccac4a010cb66b580553ed82aa6d872bc91ed313a73cd470e,0x8ca76370e5b6573ccac4a010cb66b580553ed82aa6d872bc91ed313a73cd470e,True,True,True,True,True,True,,2026-05-21,0xebcb58042d48b919f625932d411defdf4bef8193728afd4fc569200ebd3b2529
research_20260521_500-0036,0x053c47cd98e3f617dfc52eff36c79595d2ba0f2f8b9fa69cab19a69f9f4371c9,0x053c47cd98e3f617dfc52eff36c79595d2ba0f2f8b9fa69cab19a69f9f4371c9,True,True,True,True,True,True,,2026-05-21,0xebcb58042d48b919f625932d411defdf4bef8193728afd4fc569200ebd3b2529
research_20260521_500-0037,0xb038f15ed2305e3ce57f9e268ae851b4d4361f11f462f7c920e36b2a734be108,0xb038f15ed2305e3ce57f9e268ae851b4d4361f11f462f7c920e36b2a734be108,True,True,True,True,True,True,,2026-05-21,0xebcb58042d48b919f625932d411defdf4bef8193728afd4fc569200ebd3b2529
research_20260521_500-0038,0x384047ecea3dc4791ffd2e1de30616c233c0a9b7f00da31f427417a89392deb1,0x384047ecea3dc4791ffd2e1de30616c233c0a9b7f00da31f427417a89392deb1,True,True,True,True,True,True,,2026-05-21,0xebcb58042d48b919f625932d411defdf4bef8193728afd4fc569200ebd3b2529
research_20260521_500-0039,0xcadb29326541eaf3273e5cdda5812e2f1816d29073a5bc58a5251e600ff0a949,0xcadb29326541eaf3273e5cdda5812e2f1816d29073a5bc58a5251e600ff0a949,True,True,True,True,True,True,,2026-05-21,0xebcb58042d48b919f625932d411defdf4bef8193728afd4fc569200ebd3b2529
research_20260521_500-0040,0x97fea20199e8cae04c86d4999f40badd1f8ad91a24fcd2167a508afd44ce8301,0x97fea20199e8cae04c86d4999f40badd1f8ad91a24fcd2167a508afd44ce8301,True,True,True,True,True,True,,2026-05-21,0xebcb58042d48b919f625932d411defdf4bef8193728afd4fc569200ebd3b2529
research_20260521_500-0041,0xa7f7e00eddb699434306b0ec2ae8809b17074575137c3c1c98280541ef90191c,0xa7f7e00eddb699434306b0ec2ae8809b17074575137c3c1c98280541ef90191c,True,True,True,True,True,True,,2026-05-21,0xebcb58042d48b919f625932d411defdf4bef8193728afd4fc569200ebd3b2529
research_20260521_500-0042,0xdfbfcbaf64440e3200b28824f7141de8c36664a23cff36ab992f9d636a3dbabb,0xdfbfcbaf64440e3200b28824f7141de8c36664a23cff36ab992f9d636a3dbabb,True,True,True,True,True,True,,2026-05-21,0xebcb58042d48b919f625932d411defdf4bef8193728afd4fc569200ebd3b2529
research_20260521_500-0043,0xf6a3718fe5bd14c06a197c4f0142a7ca69ff42153fdf3b8d841bc7eb59d0a852,0xf6a3718fe5bd14c06a197c4f0142a7ca69ff42153fdf3b8d841bc7eb59d0a852,True,True,True,True,True,True,,2026-05-21,0xebcb58042d48b919f625932d411defdf4bef8193728afd4fc569200ebd3b2529
research_20260521_500-0044,0x22ad0be4eb797a3e3de1d2d972a7ea1d2937820bd8664599bad163f89d99db45,0x22ad0be4eb797a3e3de1d2d972a7ea1d2937820bd8664599bad163f89d99db45,True,True,True,True,True,True,,2026-05-21,0xebcb58042d48b919f625932d411defdf4bef8193728afd4fc569200ebd3b2529
research_20260521_500-0045,0x5bccc39e20ea548517b62e6f8e4ea06703334072aa6e59292de0ee6773acd993,0x5bccc39e20ea548517b62e6f8e4ea06703334072aa6e59292de0ee6773acd993,True,True,True,True,True,True,,2026-05-21,0xebcb58042d48b919f625932d411defdf4bef8193728afd4fc569200ebd3b2529
research_20260521_500-0046,0x9bc90545f5fa7bf7f6133a8d3677fdc60eaa67211230d91b9c4506d437d8863a,0x9bc90545f5fa7bf7f6133a8d3677fdc60eaa67211230d91b9c4506d437d8863a,True,True,True,True,True,True,,2026-05-21,0xebcb58042d48b919f625932d411defdf4bef8193728afd4fc569200ebd3b2529
research_20260521_500-0047,0xe01a4a30af28074046d05c313fa031252bd6c3f8017b6884b1b608849a333b49,0xe01a4a30af28074046d05c313fa031252bd6c3f8017b6884b1b608849a333b49,True,True,True,True,True,True,,2026-05-21,0xebcb58042d48b919f625932d411defdf4bef8193728afd4fc569200ebd3b2529
research_20260521_500-0048,0x4d5497f8fbafcd93a87baa5de72717f6f3ef1a201b6378386a5b1cb7527e30b4,0x4d5497f8fbafcd93a87baa5de72717f6f3ef1a201b6378386a5b1cb7527e30b4,True,True,True,True,True,True,,2026-05-21,0xebcb58042d48b919f625932d411defdf4bef8193728afd4fc569200ebd3b2529
research_20260521_500-0049,0x2e8775f4458b545c886e35ac605b89a620493e35bace8cc134492da9409a8b72,0x2e8775f4458b545c886e35ac605b89a620493e35bace8cc134492da9409a8b72,True,True,True,True,True,True,,2026-05-21,0xebcb58042d48b919f625932d411defdf4bef8193728afd4fc569200ebd3b2529
research_20260521_500-0050,0x8f7fd84eaf6e0aa7f37ca19eb9dfe1ed1d61bf0c9b2ba47fb3df12da928ab768,0x8f7fd84eaf6e0aa7f37ca19eb9dfe1ed1d61bf0c9b2ba47fb3df12da928ab768,True,True,True,True,True,True,,2026-05-21,0xebcb58042d48b919f625932d411defdf4bef8193728afd4fc569200ebd3b2529
research_20260521_500-0051,0x793a2f40c73f2c90a7e3363c77cf7bf103d065bb90e7e9bb5e8457fc81306ae3,0x793a2f40c73f2c90a7e3363c77cf7bf103d065bb90e7e9bb5e8457fc81306ae3,True,True,True,True,True,True,,2026-05-21,0xebcb58042d48b919f625932d411defdf4bef8193728afd4fc569200ebd3b2529
research_20260521_500-0052,0x867c90ba5d0d3c2c663731583a1406ec84ca8f39081877237d265e1b3bcf5ee5,0x867c90ba5d0d3c2c663731583a1406ec84ca8f39081877237d265e1b3bcf5ee5,True,True,True,True,True,True,,2026-05-21,0xebcb58042d48b919f625932d411defdf4bef8193728afd4fc569200ebd3b2529
research_20260521_500-0053,0xb636148554252436dacb82ff05bf6e20bd2ab3496a947cfb24b669274be4a7a0,0xb636148554252436dacb82ff05bf6e20bd2ab3496a947cfb24b669274be4a7a0,True,True,True,True,True,True,,2026-05-21,0xebcb58042d48b919f625932d411defdf4bef8193728afd4fc569200ebd3b2529
research_20260521_500-0054,0x7ebd40a54a467de1cb211080a6ce3c549447ca8b0e173f64f1e67ac8cec108fb,0x7ebd40a54a467de1cb211080a6ce3c549447ca8b0e173f64f1e67ac8cec108fb,True,True,True,True,True,True,,2026-05-21,0xebcb58042d48b919f625932d411defdf4bef8193728afd4fc569200ebd3b2529
research_20260521_500-0055,0x2c6fd68bf985bfa19bd25113ce6ade7e3529816e990bc03c38a0c2b64076eb62,0x2c6fd68bf985bfa19bd25113ce6ade7e3529816e990bc03c38a0c2b64076eb62,True,True,True,True,True,True,,2026-05-21,0xebcb58042d48b919f625932d411defdf4bef8193728afd4fc569200ebd3b2529
research_20260521_500-0056,0xf9a4d264cd6af4f820ae43c117f0c2e3cc2b3a68e7d9c15083cd65a42a8a60aa,0xf9a4d264cd6af4f820ae43c117f0c2e3cc2b3a68e7d9c15083cd65a42a8a60aa,True,True,True,True,True,True,,2026-05-21,0xebcb58042d48b919f625932d411defdf4bef8193728afd4fc569200ebd3b2529
research_20260521_500-0057,0x4d8d424d869318a67a5a7c55c6821cde54b7b9fde3d7e9637d2f04ea31da0a22,0x4d8d424d869318a67a5a7c55c6821cde54b7b9fde3d7e9637d2f04ea31da0a22,True,True,True,True,True,True,,2026-05-21,0xebcb58042d48b919f625932d411defdf4bef8193728afd4fc569200ebd3b2529
research_20260521_500-0058,0x92243825845529e5f163b18c0a00d652667a5b8fda11d288fa824c9d563b9307,0x92243825845529e5f163b18c0a00d652667a5b8fda11d288fa824c9d563b9307,True,True,True,True,True,True,,2026-05-21,0xebcb58042d48b919f625932d411defdf4bef8193728afd4fc569200ebd3b2529
research_20260521_500-0059,0xb3bad36adcae752bfac33cdee40c6c2ebc76d0660be82390f29e7dcd958a6a6b,0xb3bad36adcae752bfac33cdee40c6c2ebc76d0660be82390f29e7dcd958a6a6b,True,True,True,True,True,True,,2026-05-21,0xebcb58042d48b919f625932d411defdf4bef8193728afd4fc569200ebd3b2529
research_20260521_500-0060,0x51f492e89984b9951065eb76c5285b608d8141476d3b2fcf79baf8ac15247d65,0x51f492e89984b9951065eb76c5285b608d8141476d3b2fcf79baf8ac15247d65,True,True,True,True,True,True,,2026-05-21,0xebcb58042d48b919f625932d411defdf4bef8193728afd4fc569200ebd3b2529
research_20260521_500-0061,0x34c87da66a6746a0e59675f5b2208a2c7a275b229c0f98ecd1e85025a85519f2,0x34c87da66a6746a0e59675f5b2208a2c7a275b229c0f98ecd1e85025a85519f2,True,True,True,True,True,True,,2026-05-21,0xebcb58042d48b919f625932d411defdf4bef8193728afd4fc569200ebd3b2529
research_20260521_500-0062,0xe21b6fb7d8c07d7e1089609da9f1dbd60263000560a94d0e6508d7b3b28123ba,0xe21b6fb7d8c07d7e1089609da9f1dbd60263000560a94d0e6508d7b3b28123ba,True,True,True,True,True,True,,2026-05-21,0xebcb58042d48b919f625932d411defdf4bef8193728afd4fc569200ebd3b2529
research_20260521_500-0063,0x230ed3d681e64648f7b0ed6eae0fadb4e5024464644ba9ea53b3ecba35925da0,0x230ed3d681e64648f7b0ed6eae0fadb4e5024464644ba9ea53b3ecba35925da0,True,True,True,True,True,True,,2026-05-21,0xebcb58042d48b919f625932d411defdf4bef8193728afd4fc569200ebd3b2529
research_20260521_500-0064,0x67e66687e47c064639f90515303d6656f4e7eb407b3c35a2e22edebf8fdaeae5,0x67e66687e47c064639f90515303d6656f4e7eb407b3c35a2e22edebf8fdaeae5,True,True,True,True,True,True,,2026-05-21,0xebcb58042d48b919f625932d411defdf4bef8193728afd4fc569200ebd3b2529
research_20260521_500-0065,0x62e8c92bc49f1d9a72e224e8d1ec2ae6cbc50600d7329b53bacc524ac4fb46d9,0x62e8c92bc49f1d9a72e224e8d1ec2ae6cbc50600d7329b53bacc524ac4fb46d9,True,True,True,True,True,True,,2026-05-21,0xebcb58042d48b919f625932d411defdf4bef8193728afd4fc569200ebd3b2529
research_20260521_500-0066,0x72925391a68553c2395f37f3fb8eabdd79e3a9ae604c856e719477ac58d7702c,0x72925391a68553c2395f37f3fb8eabdd79e3a9ae604c856e719477ac58d7702c,True,True,True,True,True,True,,2026-05-21,0xebcb58042d48b919f625932d411defdf4bef8193728afd4fc569200ebd3b2529
research_20260521_500-0067,0x0c3f0730ea2e6766e5253e0aa111693f684f22d6a02bf0e37e092b051ce49068,0x0c3f0730ea2e6766e5253e0aa111693f684f22d6a02bf0e37e092b051ce49068,True,True,True,True,True,True,,2026-05-21,0xebcb58042d48b919f625932d411defdf4bef8193728afd4fc569200ebd3b2529
research_20260521_500-0068,0xae7b8072005579e4834bdc8426323278917b432c698ea6b18b32b32ec413a8d5,0xae7b8072005579e4834bdc8426323278917b432c698ea6b18b32b32ec413a8d5,True,True,True,True,True,True,,2026-05-21,0xebcb58042d48b919f625932d411defdf4bef8193728afd4fc569200ebd3b2529
research_20260521_500-0069,0x6d681ccdf9a85e5e20f3d8c8da5ee023d3e3aac1f271c7ba104d6d29563847d0,0x6d681ccdf9a85e5e20f3d8c8da5ee023d3e3aac1f271c7ba104d6d29563847d0,True,True,True,True,True,True,,2026-05-21,0xebcb58042d48b919f625932d411defdf4bef8193728afd4fc569200ebd3b2529
research_20260521_500-0070,0x53f8e10ea6c5ed97171f1208604e70bb7b7197bb6e664ce62c493dbdd7fe4904,0x53f8e10ea6c5ed97171f1208604e70bb7b7197bb6e664ce62c493dbdd7fe4904,True,True,True,True,True,True,,2026-05-21,0xebcb58042d48b919f625932d411defdf4bef8193728afd4fc569200ebd3b2529
research_20260521_500-0071,0x0594c59d22bbe88fbb7fff8e48aa16cef8c38dab89578d13209530732a922b08,0x0594c59d22bbe88fbb7fff8e48aa16cef8c38dab89578d13209530732a922b08,True,True,True,True,True,True,,2026-05-21,0xebcb58042d48b919f625932d411defdf4bef8193728afd4fc569200ebd3b2529
research_20260521_500-0072,0xdfecfba02f0f871b7d503af37d3cc4c58f057b03225c3f96ee3e7e0509626dd2,0xdfecfba02f0f871b7d503af37d3cc4c58f057b03225c3f96ee3e7e0509626dd2,True,True,True,True,True,True,,2026-05-21,0xebcb58042d48b919f625932d411defdf4bef8193728afd4fc569200ebd3b2529
research_20260521_500-0073,0x6f60948c3baa7aa70b78997cc348f9d9435d7a0a4a555888e623c1c16c957686,0x6f60948c3baa7aa70b78997cc348f9d9435d7a0a4a555888e623c1c16c957686,True,True,True,True,True,True,,2026-05-21,0xebcb58042d48b919f625932d411defdf4bef8193728afd4fc569200ebd3b2529
research_20260521_500-0074,0x344d69105134472ed3ed61d7aeab275c784499d5d90acc53b3d84ecdeb325907,0x344d69105134472ed3ed61d7aeab275c784499d5d90acc53b3d84ecdeb325907,True,True,True,True,True,True,,2026-05-21,0xebcb58042d48b919f625932d411defdf4bef8193728afd4fc569200ebd3b2529
research_20260521_500-0075,0x1c38274e8e08883a3bc2b5154b1ec68d30e50f0229f823740a229f3412c9c0a4,0x1c38274e8e08883a3bc2b5154b1ec68d30e50f0229f823740a229f3412c9c0a4,True,True,True,True,True,True,,2026-05-21,0xebcb58042d48b919f625932d411defdf4bef8193728afd4fc569200ebd3b2529
research_20260521_500-0076,0x3fa2d2cbde026c2975b9d2d844764bcf2b2b03ba2acf7aa95520c5a3248665ea,0x3fa2d2cbde026c2975b9d2d844764bcf2b2b03ba2acf7aa95520c5a3248665ea,True,True,True,True,True,True,,2026-05-21,0xebcb58042d48b919f625932d411defdf4bef8193728afd4fc569200ebd3b2529
research_20260521_500-0077,0x6d4788bae08cfd5e8c7e17bc1b1be7fd786f6f0b7e62036e611475a77e6eb0c1,0x6d4788bae08cfd5e8c7e17bc1b1be7fd786f6f0b7e62036e611475a77e6eb0c1,True,True,True,True,True,True,,2026-05-21,0xebcb58042d48b919f625932d411defdf4bef8193728afd4fc569200ebd3b2529
research_20260521_500-0078,0xcadd74d45102515b2750597c39f4f1891f6798481e829b81a0b542f647490143,0xcadd74d45102515b2750597c39f4f1891f6798481e829b81a0b542f647490143,True,True,True,True,True,True,,2026-05-21,0xebcb58042d48b919f625932d411defdf4bef8193728afd4fc569200ebd3b2529
research_20260521_500-0079,0x7ac5cfa68c95dfbc094e463106d4f5c156fc17f173cd43ce2784623ba88089b1,0x7ac5cfa68c95dfbc094e463106d4f5c156fc17f173cd43ce2784623ba88089b1,True,True,True,True,True,True,,2026-05-21,0xebcb58042d48b919f625932d411defdf4bef8193728afd4fc569200ebd3b2529
research_20260521_500-0080,0xd93659ff40978a1604e9cb696443f9f2dc16bfdd78c3c3945228702f6c7da999,0xd93659ff40978a1604e9cb696443f9f2dc16bfdd78c3c3945228702f6c7da999,True,True,True,True,True,True,,2026-05-21,0xebcb58042d48b919f625932d411defdf4bef8193728afd4fc569200ebd3b2529
research_20260521_500-0081,0x6e3baea3fcb29c831c0710e25ce636f572cea3b052a3fc1996c0aa2832e2b927,0x6e3baea3fcb29c831c0710e25ce636f572cea3b052a3fc1996c0aa2832e2b927,True,True,True,True,True,True,,2026-05-21,0xebcb58042d48b919f625932d411defdf4bef8193728afd4fc569200ebd3b2529
research_20260521_500-0082,0x04c618af15b45ad53efa53e2c39af3257531985221b522e8c98c10f9151e4c52,0x04c618af15b45ad53efa53e2c39af3257531985221b522e8c98c10f9151e4c52,True,True,True,True,True,True,,2026-05-21,0xebcb58042d48b919f625932d411defdf4bef8193728afd4fc569200ebd3b2529
research_20260521_500-0083,0xcc58b29e632bfdb14b6ba2717ccea6ae7fa190e68cbbb0983f1e7b9fb69b084f,0xcc58b29e632bfdb14b6ba2717ccea6ae7fa190e68cbbb0983f1e7b9fb69b084f,True,True,True,True,True,True,,2026-05-21,0xebcb58042d48b919f625932d411defdf4bef8193728afd4fc569200ebd3b2529
research_20260521_500-0084,0xb0821424087429921a7ec2b402cd82ce074342d288fe153d865ed3b6887a631a,0xb0821424087429921a7ec2b402cd82ce074342d288fe153d865ed3b6887a631a,True,True,True,True,True,True,,2026-05-21,0xebcb58042d48b919f625932d411defdf4bef8193728afd4fc569200ebd3b2529
research_20260521_500-0085,0x4d38b00ded2d2271c27b787edde64ac7585c6464d74236d20cd2fbdb0b8af11c,0x4d38b00ded2d2271c27b787edde64ac7585c6464d74236d20cd2fbdb0b8af11c,True,True,True,True,True,True,,2026-05-21,0xebcb58042d48b919f625932d411defdf4bef8193728afd4fc569200ebd3b2529
research_20260521_500-0086,0xff8089a57bd37e7419e98378ec41e023a4ac9c54950a35503ebef11a92bd71b9,0xff8089a57bd37e7419e98378ec41e023a4ac9c54950a35503ebef11a92bd71b9,True,True,True,True,True,True,,2026-05-21,0xebcb58042d48b919f625932d411defdf4bef8193728afd4fc569200ebd3b2529
research_20260521_500-0087,0xb8c6e1d371cad3bbcfb6fe26d561b66f33e7f1ea4a455b5046fb418667309b59,0xb8c6e1d371cad3bbcfb6fe26d561b66f33e7f1ea4a455b5046fb418667309b59,True,True,True,True,True,True,,2026-05-21,0xebcb58042d48b919f625932d411defdf4bef8193728afd4fc569200ebd3b2529
research_20260521_500-0088,0x0f72c4ea0bc83bfda209af6c6448707205ed90aa0dd05859c75f0a7cbed413d2,0x0f72c4ea0bc83bfda209af6c6448707205ed90aa0dd05859c75f0a7cbed413d2,True,True,True,True,True,True,,2026-05-21,0xebcb58042d48b919f625932d411defdf4bef8193728afd4fc569200ebd3b2529
research_20260521_500-0089,0xf02f103d73216304536821cc3335a1fe5b08d17d299f97c8937b39266ea2dfaa,0xf02f103d73216304536821cc3335a1fe5b08d17d299f97c8937b39266ea2dfaa,True,True,True,True,True,True,,2026-05-21,0xebcb58042d48b919f625932d411defdf4bef8193728afd4fc569200ebd3b2529
research_20260521_500-0090,0x29ede62064707505eb622bcdb81cdb1c448bea55eae4ef3f1a0256f961ab04fa,0x29ede62064707505eb622bcdb81cdb1c448bea55eae4ef3f1a0256f961ab04fa,True,True,True,True,True,True,,2026-05-21,0xebcb58042d48b919f625932d411defdf4bef8193728afd4fc569200ebd3b2529
research_20260521_500-0091,0xa3aa38aaf916d5444efc284fbde0c735069989b84ae7b4fad41e02e7560fdbf7,0xa3aa38aaf916d5444efc284fbde0c735069989b84ae7b4fad41e02e7560fdbf7,True,True,True,True,True,True,,2026-05-21,0xebcb58042d48b919f625932d411defdf4bef8193728afd4fc569200ebd3b2529
research_20260521_500-0092,0x08ce6a27868e96dbc8b4eba6d7bdd700bada18800a1af29103dbc29c4c43a64d,0x08ce6a27868e96dbc8b4eba6d7bdd700bada18800a1af29103dbc29c4c43a64d,True,True,True,True,True,True,,2026-05-21,0xebcb58042d48b919f625932d411defdf4bef8193728afd4fc569200ebd3b2529
research_20260521_500-0093,0x44e911916586d8ecddaaaa9f04ca8b3578e949e680e83ad84c56baf73a74411f,0x44e911916586d8ecddaaaa9f04ca8b3578e949e680e83ad84c56baf73a74411f,True,True,True,True,True,True,,2026-05-21,0xebcb58042d48b919f625932d411defdf4bef8193728afd4fc569200ebd3b2529
research_20260521_500-0094,0x49f2f8e2cd0caedbf7e7a778dbb78e4faa88b7adbd2309c58cd7d534d00fd00d,0x49f2f8e2cd0caedbf7e7a778dbb78e4faa88b7adbd2309c58cd7d534d00fd00d,True,True,True,True,True,True,,2026-05-21,0xebcb58042d48b919f625932d411defdf4bef8193728afd4fc569200ebd3b2529
research_20260521_500-0095,0x88b373803800688cc47d0bb423a8dfff31c43a081d6ebfb833654fe95ccf0d3a,0x88b373803800688cc47d0bb423a8dfff31c43a081d6ebfb833654fe95ccf0d3a,True,True,True,True,True,True,,2026-05-21,0xebcb58042d48b919f625932d411defdf4bef8193728afd4fc569200ebd3b2529
research_20260521_500-0096,0x17b0b55643b6a61c971c99d349a9b73aa24a5d267fd1378eefc5e943dcc5336f,0x17b0b55643b6a61c971c99d349a9b73aa24a5d267fd1378eefc5e943dcc5336f,True,True,True,True,True,True,,2026-05-21,0xebcb58042d48b919f625932d411defdf4bef8193728afd4fc569200ebd3b2529
research_20260521_500-0097,0x46fc6c291c8fcce8c1ae6bbcf2ef18f72d1bebdfa65037645efaabf875b0acd1,0x46fc6c291c8fcce8c1ae6bbcf2ef18f72d1bebdfa65037645efaabf875b0acd1,True,True,True,True,True,True,,2026-05-21,0xebcb58042d48b919f625932d411defdf4bef8193728afd4fc569200ebd3b2529
research_20260521_500-0098,0xa24ef3995ce5fd3e4680e357b975fc5139f321c90e652c73c4790fa2031ae2a5,0xa24ef3995ce5fd3e4680e357b975fc5139f321c90e652c73c4790fa2031ae2a5,True,True,True,True,True,True,,2026-05-21,0xebcb58042d48b919f625932d411defdf4bef8193728afd4fc569200ebd3b2529
research_20260521_500-0099,0x132f19db249fadb3ce2819db76c95f060285fd5c048000bcfb791fb83445e5da,0x132f19db249fadb3ce2819db76c95f060285fd5c048000bcfb791fb83445e5da,True,True,True,True,True,True,,2026-05-21,0xebcb58042d48b919f625932d411defdf4bef8193728afd4fc569200ebd3b2529
research_20260521_500-0100,0x10837023dd9781da61d3d72268144c8c4f4ba7b8830ce8ac9f5b5f786adf9339,0x10837023dd9781da61d3d72268144c8c4f4ba7b8830ce8ac9f5b5f786adf9339,True,True,True,True,True,True,,2026-05-21,0xebcb58042d48b919f625932d411defdf4bef8193728afd4fc569200ebd3b2529
research_20260521_500-0101,0x90264a7c6ea5d454f8c68d695be6755d0c677ac2473f5ad35d99d2a6d62896cd,0x90264a7c6ea5d454f8c68d695be6755d0c677ac2473f5ad35d99d2a6d62896cd,True,True,True,True,True,True,,2026-05-21,0xebcb58042d48b919f625932d411defdf4bef8193728afd4fc569200ebd3b2529
research_20260521_500-0102,0x4a548b6347a9c184715e73b3b63a636cb00695c0e1bb4d8277975b5d80c57e71,0x4a548b6347a9c184715e73b3b63a636cb00695c0e1bb4d8277975b5d80c57e71,True,True,True,True,True,True,,2026-05-21,0xebcb58042d48b919f625932d411defdf4bef8193728afd4fc569200ebd3b2529
research_20260521_500-0103,0xb54b76b44644496a62c6223f89dc426a6c24723c2f65c2737cb13c92e22024b9,0xb54b76b44644496a62c6223f89dc426a6c24723c2f65c2737cb13c92e22024b9,True,True,True,True,True,True,,2026-05-21,0xebcb58042d48b919f625932d411defdf4bef8193728afd4fc569200ebd3b2529
research_20260521_500-0104,0x22c66362697bbac8c75cbcb1a99978d4630df263066e83916a044bea0659a7b1,0x22c66362697bbac8c75cbcb1a99978d4630df263066e83916a044bea0659a7b1,True,True,True,True,True,True,,2026-05-21,0xebcb58042d48b919f625932d411defdf4bef8193728afd4fc569200ebd3b2529
research_20260521_500-0105,0x3bb1292a0dc284d1429a225c86301848509c50c84e6f7231d4bfcdb06d9c6370,0x3bb1292a0dc284d1429a225c86301848509c50c84e6f7231d4bfcdb06d9c6370,True,True,True,True,True,True,,2026-05-21,0xebcb58042d48b919f625932d411defdf4bef8193728afd4fc569200ebd3b2529
research_20260521_500-0106,0x449dc4ef408126ed887903879629f0cb0fb722c90cff53eed46d457c145e9ac1,0x449dc4ef408126ed887903879629f0cb0fb722c90cff53eed46d457c145e9ac1,True,True,True,True,True,True,,2026-05-21,0xebcb58042d48b919f625932d411defdf4bef8193728afd4fc569200ebd3b2529
research_20260521_500-0107,0xde8d8d3e22e838209b617c416242885f11af2cb2745d9b566ae130b3538168ac,0xde8d8d3e22e838209b617c416242885f11af2cb2745d9b566ae130b3538168ac,True,True,True,True,True,True,,2026-05-21,0xebcb58042d48b919f625932d411defdf4bef8193728afd4fc569200ebd3b2529
research_20260521_500-0108,0x9954f3c6e940580b9a618b85a62f62d9884a72501c6c8d82b03f4476401a8182,0x9954f3c6e940580b9a618b85a62f62d9884a72501c6c8d82b03f4476401a8182,True,True,True,True,True,True,,2026-05-21,0xebcb58042d48b919f625932d411defdf4bef8193728afd4fc569200ebd3b2529
research_20260521_500-0109,0x95d311edc50c0fc8bc092f8fd693a1f3552709d7618ef1fd68c2f863704ef0fd,0x95d311edc50c0fc8bc092f8fd693a1f3552709d7618ef1fd68c2f863704ef0fd,True,True,True,True,True,True,,2026-05-21,0xebcb58042d48b919f625932d411defdf4bef8193728afd4fc569200ebd3b2529
research_20260521_500-0110,0xae813fc38c82a3b45c18a3c4078cab9342909eef46555e09fe8c6cf867902dcd,0xae813fc38c82a3b45c18a3c4078cab9342909eef46555e09fe8c6cf867902dcd,True,True,True,True,True,True,,2026-05-21,0xebcb58042d48b919f625932d411defdf4bef8193728afd4fc569200ebd3b2529
research_20260521_500-0111,0x0661879f3a90e39bd3de7b32e0d5cb5e14a63b1020f29621eed1d479bd94120d,0x0661879f3a90e39bd3de7b32e0d5cb5e14a63b1020f29621eed1d479bd94120d,True,True,True,True,True,True,,2026-05-21,0xebcb58042d48b919f625932d411defdf4bef8193728afd4fc569200ebd3b2529
research_20260521_500-0112,0x7d463fa66ba41d0a52bfad4df8d05689ef13f5b56c29bf1a3cf3c6ee048f57dd,0x7d463fa66ba41d0a52bfad4df8d05689ef13f5b56c29bf1a3cf3c6ee048f57dd,True,True,True,True,True,True,,2026-05-21,0xebcb58042d48b919f625932d411defdf4bef8193728afd4fc569200ebd3b2529
research_20260521_500-0113,0x3f9e7924faf5e4031b6af4988196c53c77cc2bdd8659655d03a0bb9ccecf4c0b,0x3f9e7924faf5e4031b6af4988196c53c77cc2bdd8659655d03a0bb9ccecf4c0b,True,True,True,True,True,True,,2026-05-21,0xebcb58042d48b919f625932d411defdf4bef8193728afd4fc569200ebd3b2529
research_20260521_500-0114,0x3b6855cbd08e50ed0e95677ae8add9fe5e8f5db83e776d7033aa3aa7f3a23110,0x3b6855cbd08e50ed0e95677ae8add9fe5e8f5db83e776d7033aa3aa7f3a23110,True,True,True,True,True,True,,2026-05-21,0xebcb58042d48b919f625932d411defdf4bef8193728afd4fc569200ebd3b2529
research_20260521_500-0115,0x380421a7e58c52969d31d4bab0d20e16a032a0078a12edb9a76c2e1a2c692a3f,0x380421a7e58c52969d31d4bab0d20e16a032a0078a12edb9a76c2e1a2c692a3f,True,True,True,True,True,True,,2026-05-21,0xebcb58042d48b919f625932d411defdf4bef8193728afd4fc569200ebd3b2529
research_20260521_500-0116,0xa893500d342446dde352b0be41434a6e9ecb96c85829c14a82176f5b0f2fc219,0xa893500d342446dde352b0be41434a6e9ecb96c85829c14a82176f5b0f2fc219,True,True,True,True,True,True,,2026-05-21,0xebcb58042d48b919f625932d411defdf4bef8193728afd4fc569200ebd3b2529
research_20260521_500-0117,0x62db9175d213dce5965cbe40afae572701c7f7531e982a5a1cff0a76e31f7b76,0x62db9175d213dce5965cbe40afae572701c7f7531e982a5a1cff0a76e31f7b76,True,True,True,True,True,True,,2026-05-21,0xebcb58042d48b919f625932d411defdf4bef8193728afd4fc569200ebd3b2529
research_20260521_500-0118,0x4907482a6af6f129a0ed8a21b8fb4d3ca9b7a5bb44af142b0ee0b8e982936c24,0x4907482a6af6f129a0ed8a21b8fb4d3ca9b7a5bb44af142b0ee0b8e982936c24,True,True,True,True,True,True,,2026-05-21,0xebcb58042d48b919f625932d411defdf4bef8193728afd4fc569200ebd3b2529
research_20260521_500-0119,0x5b972b45275f92df5bcef8ae8fbbfc8224611cc43b3d25c4ef83846811e3dcf9,0x5b972b45275f92df5bcef8ae8fbbfc8224611cc43b3d25c4ef83846811e3dcf9,True,True,True,True,True,True,,2026-05-21,0xebcb58042d48b919f625932d411defdf4bef8193728afd4fc569200ebd3b2529
research_20260521_500-0120,0xb2fd1e214de3c433e4350310a4419ee05507f436f2784fab6e2060703b30f38e,0xb2fd1e214de3c433e4350310a4419ee05507f436f2784fab6e2060703b30f38e,True,True,True,True,True,True,,2026-05-21,0xebcb58042d48b919f625932d411defdf4bef8193728afd4fc569200ebd3b2529
research_20260521_500-0121,0x1dd06a030f387f41f5110e2d3b013d55d7e62902cc784fffbe495bd3433a1dd7,0x1dd06a030f387f41f5110e2d3b013d55d7e62902cc784fffbe495bd3433a1dd7,True,True,True,True,True,True,,2026-05-21,0xebcb58042d48b919f625932d411defdf4bef8193728afd4fc569200ebd3b2529
research_20260521_500-0122,0xfe8d237b0785b1f8ad78bdcf2fe9c8815c34024f34a87a509f330014bc46e8e6,0xfe8d237b0785b1f8ad78bdcf2fe9c8815c34024f34a87a509f330014bc46e8e6,True,True,True,True,True,True,,2026-05-21,0xebcb58042d48b919f625932d411defdf4bef8193728afd4fc569200ebd3b2529
research_20260521_500-0123,0x088e9a546a5e9d2a96f713ea1833992147a8a4843fb5c7106a49c4c731ab5e53,0x088e9a546a5e9d2a96f713ea1833992147a8a4843fb5c7106a49c4c731ab5e53,True,True,True,True,True,True,,2026-05-21,0xebcb58042d48b919f625932d411defdf4bef8193728afd4fc569200ebd3b2529
research_20260521_500-0124,0x4d33744575fbffd0b2f877f210dfb7d22219b1492ab628badc33e15fca31f3c3,0x4d33744575fbffd0b2f877f210dfb7d22219b1492ab628badc33e15fca31f3c3,True,True,True,True,True,True,,2026-05-21,0xebcb58042d48b919f625932d411defdf4bef8193728afd4fc569200ebd3b2529
research_20260521_500-0125,0xcf31373461f85944ed89c24d856ea3361ca6f70886def36842b0cec8c64298bd,0xcf31373461f85944ed89c24d856ea3361ca6f70886def36842b0cec8c64298bd,True,True,True,True,True,True,,2026-05-21,0xebcb58042d48b919f625932d411defdf4bef8193728afd4fc569200ebd3b2529
research_20260521_500-0126,0xd6dc1376e60d4d92508f593e1256a001020b44a9622e10a6a505b9474e4b5ee8,0xd6dc1376e60d4d92508f593e1256a001020b44a9622e10a6a505b9474e4b5ee8,True,True,True,True,True,True,,2026-05-21,0xebcb58042d48b919f625932d411defdf4bef8193728afd4fc569200ebd3b2529
research_20260521_500-0127,0x85a19a68bbfb4b6423f06db73b33a6568e4ded0d7adfc5483c5317f14a4331e6,0x85a19a68bbfb4b6423f06db73b33a6568e4ded0d7adfc5483c5317f14a4331e6,True,True,True,True,True,True,,2026-05-21,0xebcb58042d48b919f625932d411defdf4bef8193728afd4fc569200ebd3b2529
research_20260521_500-0128,0xc552de3340a8bdb66d17bf70cfba54b642ccfc8c1d2a0702618aa8b2e53ec714,0xc552de3340a8bdb66d17bf70cfba54b642ccfc8c1d2a0702618aa8b2e53ec714,True,True,True,True,True,True,,2026-05-21,0xebcb58042d48b919f625932d411defdf4bef8193728afd4fc569200ebd3b2529
research_20260521_500-0129,0xcbd87bd3555348f44ee0dc1a6649cf9e2e20551144f22d9ee993ea0a37299190,0xcbd87bd3555348f44ee0dc1a6649cf9e2e20551144f22d9ee993ea0a37299190,True,True,True,True,True,True,,2026-05-21,0xebcb58042d48b919f625932d411defdf4bef8193728afd4fc569200ebd3b2529
research_20260521_500-0130,0xe9af13845c46e16eb053a5a2b4eac28c806985d19fa46623ec0e8df5f53bee00,0xe9af13845c46e16eb053a5a2b4eac28c806985d19fa46623ec0e8df5f53bee00,True,True,True,True,True,True,,2026-05-21,0xebcb58042d48b919f625932d411defdf4bef8193728afd4fc569200ebd3b2529
research_20260521_500-0131,0x060f73d1f4f8037429b2bffa57b208c577afd07b0d275cca15536755373de932,0x060f73d1f4f8037429b2bffa57b208c577afd07b0d275cca15536755373de932,True,True,True,True,True,True,,2026-05-21,0xebcb58042d48b919f625932d411defdf4bef8193728afd4fc569200ebd3b2529
research_20260521_500-0132,0x46cdc89a180e0a7d086cd864eb0ac09efe7fcc196fe83e9ef55d61c7362b56a3,0x46cdc89a180e0a7d086cd864eb0ac09efe7fcc196fe83e9ef55d61c7362b56a3,True,True,True,True,True,True,,2026-05-21,0xebcb58042d48b919f625932d411defdf4bef8193728afd4fc569200ebd3b2529
research_20260521_500-0133,0xb5ad59bb20720f4c5922d0d5884390fc84814f51468643d763b42e3b96568eba,0xb5ad59bb20720f4c5922d0d5884390fc84814f51468643d763b42e3b96568eba,True,True,True,True,True,True,,2026-05-21,0xebcb58042d48b919f625932d411defdf4bef8193728afd4fc569200ebd3b2529
research_20260521_500-0134,0x09bbb88309827b20b25bb02a61c861f47715f83777a038d45cc2e69b830827c4,0x09bbb88309827b20b25bb02a61c861f47715f83777a038d45cc2e69b830827c4,True,True,True,True,True,True,,2026-05-21,0xebcb58042d48b919f625932d411defdf4bef8193728afd4fc569200ebd3b2529
research_20260521_500-0135,0x952a94fdd2f680f30726cad72cfccce5b3982a7068d57ec3328ba8194aaaab7e,0x952a94fdd2f680f30726cad72cfccce5b3982a7068d57ec3328ba8194aaaab7e,True,True,True,True,True,True,,2026-05-21,0xebcb58042d48b919f625932d411defdf4bef8193728afd4fc569200ebd3b2529
research_20260521_500-0136,0x2f7c24eaeae6060c94e5c427b7f7bfad21c84b4b0d1f2afbc9e0cb397b2d14f4,0x2f7c24eaeae6060c94e5c427b7f7bfad21c84b4b0d1f2afbc9e0cb397b2d14f4,True,True,True,True,True,True,,2026-05-21,0xebcb58042d48b919f625932d411defdf4bef8193728afd4fc569200ebd3b2529
research_20260521_500-0137,0xb490d31a174f29449a73c21916b2ef534edab7327b11728ca25a6e9ae7e49c42,0xb490d31a174f29449a73c21916b2ef534edab7327b11728ca25a6e9ae7e49c42,True,True,True,True,True,True,,2026-05-21,0xebcb58042d48b919f625932d411defdf4bef8193728afd4fc569200ebd3b2529
research_20260521_500-0138,0x14442291138e28ba73e3f1914c92789b29855c37100dc15b90acf1f512428de0,0x14442291138e28ba73e3f1914c92789b29855c37100dc15b90acf1f512428de0,True,True,True,True,True,True,,2026-05-21,0xebcb58042d48b919f625932d411defdf4bef8193728afd4fc569200ebd3b2529
research_20260521_500-0139,0x724b322ec47f0ebdc50a8dce91b70871b2f5183ccac4b12aa8d7040e18e5dba5,0x724b322ec47f0ebdc50a8dce91b70871b2f5183ccac4b12aa8d7040e18e5dba5,True,True,True,True,True,True,,2026-05-21,0xebcb58042d48b919f625932d411defdf4bef8193728afd4fc569200ebd3b2529
research_20260521_500-0140,0x3cf04588f7e7e18f8c4ffa5f21e78fc3862088279ef56d221e69d7887cb9fdf8,0x3cf04588f7e7e18f8c4ffa5f21e78fc3862088279ef56d221e69d7887cb9fdf8,True,True,True,True,True,True,,2026-05-21,0xebcb58042d48b919f625932d411defdf4bef8193728afd4fc569200ebd3b2529
research_20260521_500-0141,0x89eaa2b14a2f7bee19ee567fc717c008ac1ebfd5702793eb7a11c2306649099a,0x89eaa2b14a2f7bee19ee567fc717c008ac1ebfd5702793eb7a11c2306649099a,True,True,True,True,True,True,,2026-05-21,0xebcb58042d48b919f625932d411defdf4bef8193728afd4fc569200ebd3b2529
research_20260521_500-0142,0xc9ec11b60b9164ee4b3554e689abbc82fd47cbf1274493faa5050714f58eb485,0xc9ec11b60b9164ee4b3554e689abbc82fd47cbf1274493faa5050714f58eb485,True,True,True,True,True,True,,2026-05-21,0xebcb58042d48b919f625932d411defdf4bef8193728afd4fc569200ebd3b2529
research_20260521_500-0143,0xdee9ff81dc6efd0cf1ff24bec55867a82c1015253f549e2c29ff687501b90cd7,0xdee9ff81dc6efd0cf1ff24bec55867a82c1015253f549e2c29ff687501b90cd7,True,True,True,True,True,True,,2026-05-21,0xebcb58042d48b919f625932d411defdf4bef8193728afd4fc569200ebd3b2529
research_20260521_500-0144,0x19abcc3fb6df77a011f87b18d7d180b1a31e0347d703e324bafdbbac81216edc,0x19abcc3fb6df77a011f87b18d7d180b1a31e0347d703e324bafdbbac81216edc,True,True,True,True,True,True,,2026-05-21,0xebcb58042d48b919f625932d411defdf4bef8193728afd4fc569200ebd3b2529
research_20260521_500-0145,0xed8c763f7bba858bf022f7917e00235b167a322f28e9bf270e26eae32f0ac92c,0xed8c763f7bba858bf022f7917e00235b167a322f28e9bf270e26eae32f0ac92c,True,True,True,True,True,True,,2026-05-21,0xebcb58042d48b919f625932d411defdf4bef8193728afd4fc569200ebd3b2529
research_20260521_500-0146,0x712b55d36741faaa88ea262edf03f44d9ff956a49eebe3d9d8635bf91c89e6c2,0x712b55d36741faaa88ea262edf03f44d9ff956a49eebe3d9d8635bf91c89e6c2,True,True,True,True,True,True,,2026-05-21,0xebcb58042d48b919f625932d411defdf4bef8193728afd4fc569200ebd3b2529
research_20260521_500-0147,0x3e1739893f6b15f979f1a54a35d896e84568710c2c5f4a32195a3596ec260b08,0x3e1739893f6b15f979f1a54a35d896e84568710c2c5f4a32195a3596ec260b08,True,True,True,True,True,True,,2026-05-21,0xebcb58042d48b919f625932d411defdf4bef8193728afd4fc569200ebd3b2529
research_20260521_500-0148,0x54b997dcebc5e11d69e501ad01b093d291d7b431225a2a9d04edc7c98178e5ea,0x54b997dcebc5e11d69e501ad01b093d291d7b431225a2a9d04edc7c98178e5ea,True,True,True,True,True,True,,2026-05-21,0xebcb58042d48b919f625932d411defdf4bef8193728afd4fc569200ebd3b2529
research_20260521_500-0149,0xc9ae2e62d6e65f3d0a6c41e8686d2ca7da0f574685c5ef9f20c44a83d8940ee3,0xc9ae2e62d6e65f3d0a6c41e8686d2ca7da0f574685c5ef9f20c44a83d8940ee3,True,True,True,True,True,True,,2026-05-21,0xebcb58042d48b919f625932d411defdf4bef8193728afd4fc569200ebd3b2529
research_20260521_500-0150,0x1fb0abff2ffa155adbce1cb9afbc0094b0520bf6413661f97b103ae4a4fa90d5,0x1fb0abff2ffa155adbce1cb9afbc0094b0520bf6413661f97b103ae4a4fa90d5,True,True,True,True,True,True,,2026-05-21,0xebcb58042d48b919f625932d411defdf4bef8193728afd4fc569200ebd3b2529
research_20260521_500-0151,0xfa64a9f92f415b9e55f0d15881cee8a615f3c61239f7f605566c26170d112c97,0xfa64a9f92f415b9e55f0d15881cee8a615f3c61239f7f605566c26170d112c97,True,True,True,True,True,True,,2026-05-21,0xebcb58042d48b919f625932d411defdf4bef8193728afd4fc569200ebd3b2529
research_20260521_500-0152,0x541cc0527aef21749d222ceb1ef8ed1813e1fb4bb8668f7bf46f1aa9d6e40d6f,0x541cc0527aef21749d222ceb1ef8ed1813e1fb4bb8668f7bf46f1aa9d6e40d6f,True,True,True,True,True,True,,2026-05-21,0xebcb58042d48b919f625932d411defdf4bef8193728afd4fc569200ebd3b2529
research_20260521_500-0153,0x474a233c00b5ffe5d64c7b97fcba4086a95b1e20b1456684a07f27106a449206,0x474a233c00b5ffe5d64c7b97fcba4086a95b1e20b1456684a07f27106a449206,True,True,True,True,True,True,,2026-05-21,0xebcb58042d48b919f625932d411defdf4bef8193728afd4fc569200ebd3b2529
research_20260521_500-0154,0x9e24eea6995b049ca82c75e53c33df9acca1e4cddcf6a5bc115933870960dcbd,0x9e24eea6995b049ca82c75e53c33df9acca1e4cddcf6a5bc115933870960dcbd,True,True,True,True,True,True,,2026-05-21,0xebcb58042d48b919f625932d411defdf4bef8193728afd4fc569200ebd3b2529
research_20260521_500-0155,0x82dcf9f25b9a4fb459f9e7623df1d25c2e7212dc82f1cc801f5f98b017b3af28,0x82dcf9f25b9a4fb459f9e7623df1d25c2e7212dc82f1cc801f5f98b017b3af28,True,True,True,True,True,True,,2026-05-21,0xebcb58042d48b919f625932d411defdf4bef8193728afd4fc569200ebd3b2529
research_20260521_500-0156,0xb18c48855c4a7fc663557ad4f877d7701ec5c8408bb0305254cf6efb2e5934dc,0xb18c48855c4a7fc663557ad4f877d7701ec5c8408bb0305254cf6efb2e5934dc,True,True,True,True,True,True,,2026-05-21,0xebcb58042d48b919f625932d411defdf4bef8193728afd4fc569200ebd3b2529
research_20260521_500-0157,0xb4930c870c35e4a2c48a25ee4b8e54e8e3b9999458488c1aaa672e43107425de,0xb4930c870c35e4a2c48a25ee4b8e54e8e3b9999458488c1aaa672e43107425de,True,True,True,True,True,True,,2026-05-21,0xebcb58042d48b919f625932d411defdf4bef8193728afd4fc569200ebd3b2529
research_20260521_500-0158,0x4e72d51801860a36c0aed25896115cc7fd882bc1e0b874b25d939cf69ad1643c,0x4e72d51801860a36c0aed25896115cc7fd882bc1e0b874b25d939cf69ad1643c,True,True,True,True,True,True,,2026-05-21,0xebcb58042d48b919f625932d411defdf4bef8193728afd4fc569200ebd3b2529
research_20260521_500-0159,0x2599265b6df554ed1db1a98ae767d135b33fe96429a29c82bdc93b97baf78e28,0x2599265b6df554ed1db1a98ae767d135b33fe96429a29c82bdc93b97baf78e28,True,True,True,True,True,True,,2026-05-21,0xebcb58042d48b919f625932d411defdf4bef8193728afd4fc569200ebd3b2529
research_20260521_500-0160,0xb08b528dde9603f89ccec3a2a90513b9271a9a4c2e947fd31364272c34003c3b,0xb08b528dde9603f89ccec3a2a90513b9271a9a4c2e947fd31364272c34003c3b,True,True,True,True,True,True,,2026-05-21,0xebcb58042d48b919f625932d411defdf4bef8193728afd4fc569200ebd3b2529
research_20260521_500-0161,0x94fe830ce5fb5c0b5641c2440f11eb415fb0f8694af24404212a80a72c961e5a,0x94fe830ce5fb5c0b5641c2440f11eb415fb0f8694af24404212a80a72c961e5a,True,True,True,True,True,True,,2026-05-21,0xebcb58042d48b919f625932d411defdf4bef8193728afd4fc569200ebd3b2529
research_20260521_500-0162,0x40e34076a00e58d30f74a2f2926b95542da952267bda021aaf7910dc46504385,0x40e34076a00e58d30f74a2f2926b95542da952267bda021aaf7910dc46504385,True,True,True,True,True,True,,2026-05-21,0xebcb58042d48b919f625932d411defdf4bef8193728afd4fc569200ebd3b2529
research_20260521_500-0163,0x1fb27133ae6fa868199e6b3242d2283d35cf811551d22a6702cb2cd651b6f849,0x1fb27133ae6fa868199e6b3242d2283d35cf811551d22a6702cb2cd651b6f849,True,True,True,True,True,True,,2026-05-21,0xebcb58042d48b919f625932d411defdf4bef8193728afd4fc569200ebd3b2529
research_20260521_500-0164,0x792965a5dabc3b33f7fcf1cb25796fe9dece81ed623e86a977ae39a7b58f07a1,0x792965a5dabc3b33f7fcf1cb25796fe9dece81ed623e86a977ae39a7b58f07a1,True,True,True,True,True,True,,2026-05-21,0xebcb58042d48b919f625932d411defdf4bef8193728afd4fc569200ebd3b2529
research_20260521_500-0165,0x0d96e19a2cc132c4ce365698e1e3c8dc2520e69e546746c5993ec7c7eb71fe5a,0x0d96e19a2cc132c4ce365698e1e3c8dc2520e69e546746c5993ec7c7eb71fe5a,True,True,True,True,True,True,,2026-05-21,0xebcb58042d48b919f625932d411defdf4bef8193728afd4fc569200ebd3b2529
research_20260521_500-0166,0x42271412fd1bffdf29afa4161d1a1b09843a460bffbbb37dd72a2923ce735474,0x42271412fd1bffdf29afa4161d1a1b09843a460bffbbb37dd72a2923ce735474,True,True,True,True,True,True,,2026-05-21,0xebcb58042d48b919f625932d411defdf4bef8193728afd4fc569200ebd3b2529
research_20260521_500-0167,0x45f791ad6f284f94f613a25e9f93cdbfe61fc915053ce3365906d5d04b4d0cf0,0x45f791ad6f284f94f613a25e9f93cdbfe61fc915053ce3365906d5d04b4d0cf0,True,True,True,True,True,True,,2026-05-21,0xebcb58042d48b919f625932d411defdf4bef8193728afd4fc569200ebd3b2529
research_20260521_500-0168,0x58669d7baaa608e4f1612f4ef9d453096e7f7f6e0dcbb7bd18101c472b3fecef,0x58669d7baaa608e4f1612f4ef9d453096e7f7f6e0dcbb7bd18101c472b3fecef,True,True,True,True,True,True,,2026-05-21,0xebcb58042d48b919f625932d411defdf4bef8193728afd4fc569200ebd3b2529
research_20260521_500-0169,0xa6e002ce50d392f89ba241706ec39f8dde57f6a2e8673660d1de7aa3743a03b4,0xa6e002ce50d392f89ba241706ec39f8dde57f6a2e8673660d1de7aa3743a03b4,True,True,True,True,True,True,,2026-05-21,0xebcb58042d48b919f625932d411defdf4bef8193728afd4fc569200ebd3b2529
research_20260521_500-0170,0x78bc8e1a53229571b342279de666dd9110c43f0e4d57c3ce973148ca3b7ca7ba,0x78bc8e1a53229571b342279de666dd9110c43f0e4d57c3ce973148ca3b7ca7ba,True,True,True,True,True,True,,2026-05-21,0xebcb58042d48b919f625932d411defdf4bef8193728afd4fc569200ebd3b2529
research_20260521_500-0171,0xd991cbd06660b785dadef9ae8e10a33ab56d7715d276596c07960105ecfb2b3d,0xd991cbd06660b785dadef9ae8e10a33ab56d7715d276596c07960105ecfb2b3d,True,True,True,True,True,True,,2026-05-21,0xebcb58042d48b919f625932d411defdf4bef8193728afd4fc569200ebd3b2529
research_20260521_500-0172,0x84fbea6338060ac6e20e791321c51c447fda15c38275aaf6df8c5eb066cd2f06,0x84fbea6338060ac6e20e791321c51c447fda15c38275aaf6df8c5eb066cd2f06,True,True,True,True,True,True,,2026-05-21,0xebcb58042d48b919f625932d411defdf4bef8193728afd4fc569200ebd3b2529
research_20260521_500-0173,0x142f8cf7610a02b02e0b3b2bf4d4bab21e0546b115c79e9231724c92c9e158d0,0x142f8cf7610a02b02e0b3b2bf4d4bab21e0546b115c79e9231724c92c9e158d0,True,True,True,True,True,True,,2026-05-21,0xebcb58042d48b919f625932d411defdf4bef8193728afd4fc569200ebd3b2529
research_20260521_500-0174,0xd2a8870259f05691339b563663740daf4a3d4e5f74429df860fc988e7ccbad50,0xd2a8870259f05691339b563663740daf4a3d4e5f74429df860fc988e7ccbad50,True,True,True,True,True,True,,2026-05-21,0xebcb58042d48b919f625932d411defdf4bef8193728afd4fc569200ebd3b2529
research_20260521_500-0175,0x9c33d7f82888816ef6bc4c13cb915ba8034f59c6af7456e6e9d8fdcd357fba37,0x9c33d7f82888816ef6bc4c13cb915ba8034f59c6af7456e6e9d8fdcd357fba37,True,True,True,True,True,True,,2026-05-21,0xebcb58042d48b919f625932d411defdf4bef8193728afd4fc569200ebd3b2529
research_20260521_500-0176,0x1f9299570ed07ed7de0fdb2e1d9dc0bb15326232450bed0b35f864edfce8a0e0,0x1f9299570ed07ed7de0fdb2e1d9dc0bb15326232450bed0b35f864edfce8a0e0,True,True,True,True,True,True,,2026-05-21,0xebcb58042d48b919f625932d411defdf4bef8193728afd4fc569200ebd3b2529
research_20260521_500-0177,0xef9d46dd90b46b1d23434144a1b2be17f612eacf3c0fef5f1b84da4aea4dcdec,0xef9d46dd90b46b1d23434144a1b2be17f612eacf3c0fef5f1b84da4aea4dcdec,True,True,True,True,True,True,,2026-05-21,0xebcb58042d48b919f625932d411defdf4bef8193728afd4fc569200ebd3b2529
research_20260521_500-0178,0x522dd630ab1010485795d911c4b749ec9fd8e24f3c9cdd18e5da41e2d523bae6,0x522dd630ab1010485795d911c4b749ec9fd8e24f3c9cdd18e5da41e2d523bae6,True,True,True,True,True,True,,2026-05-21,0xebcb58042d48b919f625932d411defdf4bef8193728afd4fc569200ebd3b2529
research_20260521_500-0179,0xb6181c541267bb081cdf128dbbcc9e8cf4e9b2cbd31e521aad9b4c3f7acddb5f,0xb6181c541267bb081cdf128dbbcc9e8cf4e9b2cbd31e521aad9b4c3f7acddb5f,True,True,True,True,True,True,,2026-05-21,0xebcb58042d48b919f625932d411defdf4bef8193728afd4fc569200ebd3b2529
research_20260521_500-0180,0x763ffe363a42bc8c189c99a4f98319e62bf078f3ff0f78ae133c526160c217ba,0x763ffe363a42bc8c189c99a4f98319e62bf078f3ff0f78ae133c526160c217ba,True,True,True,True,True,True,,2026-05-21,0xebcb58042d48b919f625932d411defdf4bef8193728afd4fc569200ebd3b2529
research_20260521_500-0181,0x1c855dc454012afd0e6fa8deaef6f5c5f9c580832853173774f8df6f4ba8047f,0x1c855dc454012afd0e6fa8deaef6f5c5f9c580832853173774f8df6f4ba8047f,True,True,True,True,True,True,,2026-05-21,0xebcb58042d48b919f625932d411defdf4bef8193728afd4fc569200ebd3b2529
research_20260521_500-0182,0x8e0358784a5717b9f0bb282b890574c5db75b3ab073dbdd125cf660cf9e42894,0x8e0358784a5717b9f0bb282b890574c5db75b3ab073dbdd125cf660cf9e42894,True,True,True,True,True,True,,2026-05-21,0xebcb58042d48b919f625932d411defdf4bef8193728afd4fc569200ebd3b2529
research_20260521_500-0183,0x4b20a8bb73ab23b01d32fe28b0e9ba06ee23123e059bda0b2b2ad16657a41d71,0x4b20a8bb73ab23b01d32fe28b0e9ba06ee23123e059bda0b2b2ad16657a41d71,True,True,True,True,True,True,,2026-05-21,0xebcb58042d48b919f625932d411defdf4bef8193728afd4fc569200ebd3b2529
research_20260521_500-0184,0x02bd7369e5dc3f0a22c9692ad1203634c7b26272b0d894901fbcb700fb333a85,0x02bd7369e5dc3f0a22c9692ad1203634c7b26272b0d894901fbcb700fb333a85,True,True,True,True,True,True,,2026-05-21,0xebcb58042d48b919f625932d411defdf4bef8193728afd4fc569200ebd3b2529
research_20260521_500-0185,0xe92ac39ba1903aaf4fbc2c285a292a44ef6814c4bad879d58b97d89bb17d5204,0xe92ac39ba1903aaf4fbc2c285a292a44ef6814c4bad879d58b97d89bb17d5204,True,True,True,True,True,True,,2026-05-21,0xebcb58042d48b919f625932d411defdf4bef8193728afd4fc569200ebd3b2529
research_20260521_500-0186,0xa9ba127e218541306f5bf1ac84ec4c8c831978a88af73a52a2840e64d636f0c3,0xa9ba127e218541306f5bf1ac84ec4c8c831978a88af73a52a2840e64d636f0c3,True,True,True,True,True,True,,2026-05-21,0xebcb58042d48b919f625932d411defdf4bef8193728afd4fc569200ebd3b2529
research_20260521_500-0187,0xd4d32b7cb12f868771823f09f4f34fa22ed9759f8490bdf37a4615e8c699c8c5,0xd4d32b7cb12f868771823f09f4f34fa22ed9759f8490bdf37a4615e8c699c8c5,True,True,True,True,True,True,,2026-05-21,0xebcb58042d48b919f625932d411defdf4bef8193728afd4fc569200ebd3b2529
research_20260521_500-0188,0x9d29eb16d4ccdefae7faf3f7486597a9d123c9c6356e0954f4000e213b2e4731,0x9d29eb16d4ccdefae7faf3f7486597a9d123c9c6356e0954f4000e213b2e4731,True,True,True,True,True,True,,2026-05-21,0xebcb58042d48b919f625932d411defdf4bef8193728afd4fc569200ebd3b2529
research_20260521_500-0189,0x324acebec43f643137f0a9a472be4b6ab95cb3ecc34792902e407c328c732c21,0x324acebec43f643137f0a9a472be4b6ab95cb3ecc34792902e407c328c732c21,True,True,True,True,True,True,,2026-05-21,0xebcb58042d48b919f625932d411defdf4bef8193728afd4fc569200ebd3b2529
research_20260521_500-0190,0xc5348270c54864dc0aa5efcefe36cc85538bd6873aa9c913eb3cacc93d6d637a,0xc5348270c54864dc0aa5efcefe36cc85538bd6873aa9c913eb3cacc93d6d637a,True,True,True,True,True,True,,2026-05-21,0xebcb58042d48b919f625932d411defdf4bef8193728afd4fc569200ebd3b2529
research_20260521_500-0191,0x6be804b1fc4e6938f378620cf592b489a57142c65dd9976fd820f2502dada994,0x6be804b1fc4e6938f378620cf592b489a57142c65dd9976fd820f2502dada994,True,True,True,True,True,True,,2026-05-21,0xebcb58042d48b919f625932d411defdf4bef8193728afd4fc569200ebd3b2529
research_20260521_500-0192,0xbd1190c7e14987a257d8e8e6e2c34a391df68f22fb5a1799936c81999135882d,0xbd1190c7e14987a257d8e8e6e2c34a391df68f22fb5a1799936c81999135882d,True,True,True,True,True,True,,2026-05-21,0xebcb58042d48b919f625932d411defdf4bef8193728afd4fc569200ebd3b2529
research_20260521_500-0193,0x8b257b006d1795dd59c552b3cd8f8c30043824772143497ca73ef81bddb2e6ab,0x8b257b006d1795dd59c552b3cd8f8c30043824772143497ca73ef81bddb2e6ab,True,True,True,True,True,True,,2026-05-21,0xebcb58042d48b919f625932d411defdf4bef8193728afd4fc569200ebd3b2529
research_20260521_500-0194,0x348c2531df92131d506e85dd13e47f665d1b16043dc91cc397c2c0022f08521a,0x348c2531df92131d506e85dd13e47f665d1b16043dc91cc397c2c0022f08521a,True,True,True,True,True,True,,2026-05-21,0xebcb58042d48b919f625932d411defdf4bef8193728afd4fc569200ebd3b2529
research_20260521_500-0195,0x3850a1c78e5d49f79618df2af1c80c8b29acfbca8b519657b0d98ed2ed429d5c,0x3850a1c78e5d49f79618df2af1c80c8b29acfbca8b519657b0d98ed2ed429d5c,True,True,True,True,True,True,,2026-05-21,0xebcb58042d48b919f625932d411defdf4bef8193728afd4fc569200ebd3b2529
research_20260521_500-0196,0x5506ba8d516fded2e343d275b6dd5f579da63255fce9128d6789651dc7dc28ce,0x5506ba8d516fded2e343d275b6dd5f579da63255fce9128d6789651dc7dc28ce,True,True,True,True,True,True,,2026-05-21,0xebcb58042d48b919f625932d411defdf4bef8193728afd4fc569200ebd3b2529
research_20260521_500-0197,0xc66b646d43b9ca7f7a82901d3c70dfeaae39aa723b1d2d77f055654f4943f93b,0xc66b646d43b9ca7f7a82901d3c70dfeaae39aa723b1d2d77f055654f4943f93b,True,True,True,True,True,True,,2026-05-21,0xebcb58042d48b919f625932d411defdf4bef8193728afd4fc569200ebd3b2529
research_20260521_500-0198,0x95aea92f6fbab40466e78714a2168860f57bf2a0d9bc943e43bc23679f3a596a,0x95aea92f6fbab40466e78714a2168860f57bf2a0d9bc943e43bc23679f3a596a,True,True,True,True,True,True,,2026-05-21,0xebcb58042d48b919f625932d411defdf4bef8193728afd4fc569200ebd3b2529
research_20260521_500-0199,0xd83a7827e25ec52e281451cb868df81b021712a3678b949040ddfdd60449dbca,0xd83a7827e25ec52e281451cb868df81b021712a3678b949040ddfdd60449dbca,True,True,True,True,True,True,,2026-05-21,0xebcb58042d48b919f625932d411defdf4bef8193728afd4fc569200ebd3b2529
research_20260521_500-0200,0xc8f2d56dec850b84b612472366389c25dccf75d720dc934e54ce5da82bc1675b,0xc8f2d56dec850b84b612472366389c25dccf75d720dc934e54ce5da82bc1675b,True,True,True,True,True,True,,2026-05-21,0xebcb58042d48b919f625932d411defdf4bef8193728afd4fc569200ebd3b2529
research_20260521_500-0201,0x0d87becdc1a52dac30df03d3ca64750c2885bed80ae94a52ae38babf2418d0aa,0x0d87becdc1a52dac30df03d3ca64750c2885bed80ae94a52ae38babf2418d0aa,True,True,True,True,True,True,,2026-05-21,0xebcb58042d48b919f625932d411defdf4bef8193728afd4fc569200ebd3b2529
research_20260521_500-0202,0xf88e28ea5dc6efa41f60f4e804156e159a2556d7d42a22416fd1f447c8f32eb5,0xf88e28ea5dc6efa41f60f4e804156e159a2556d7d42a22416fd1f447c8f32eb5,True,True,True,True,True,True,,2026-05-21,0xebcb58042d48b919f625932d411defdf4bef8193728afd4fc569200ebd3b2529
research_20260521_500-0203,0x285099b89c994a0e4219332f086643bbc20e1f4cf47562b88220e1cfcb1c6cf7,0x285099b89c994a0e4219332f086643bbc20e1f4cf47562b88220e1cfcb1c6cf7,True,True,True,True,True,True,,2026-05-21,0xebcb58042d48b919f625932d411defdf4bef8193728afd4fc569200ebd3b2529
research_20260521_500-0204,0x17534154d7331ffda3b0d15f843884952e078a4014175fe7a875a4e4439b6b4b,0x17534154d7331ffda3b0d15f843884952e078a4014175fe7a875a4e4439b6b4b,True,True,True,True,True,True,,2026-05-21,0xebcb58042d48b919f625932d411defdf4bef8193728afd4fc569200ebd3b2529
research_20260521_500-0205,0x1b4990134d75636791fb6cfdbb9336592dc3ebbe10b9f7ec2343b5f58f77bfa7,0x1b4990134d75636791fb6cfdbb9336592dc3ebbe10b9f7ec2343b5f58f77bfa7,True,True,True,True,True,True,,2026-05-21,0xebcb58042d48b919f625932d411defdf4bef8193728afd4fc569200ebd3b2529
research_20260521_500-0206,0x7b7a9e7d09ade57a7d22d52cbeb3ec3460c7aecf7259f76a4ba63633e40c71c2,0x7b7a9e7d09ade57a7d22d52cbeb3ec3460c7aecf7259f76a4ba63633e40c71c2,True,True,True,True,True,True,,2026-05-21,0xebcb58042d48b919f625932d411defdf4bef8193728afd4fc569200ebd3b2529
research_20260521_500-0207,0xec75f51e10384b7db2af528b9f9946fb3292b3c5442f0961148955aba1d70dda,0xec75f51e10384b7db2af528b9f9946fb3292b3c5442f0961148955aba1d70dda,True,True,True,True,True,True,,2026-05-21,0xebcb58042d48b919f625932d411defdf4bef8193728afd4fc569200ebd3b2529
research_20260521_500-0208,0xcc484b65e105ed3b9017b879e4c70baad2722bf14288475e598cba32b0e1d2e3,0xcc484b65e105ed3b9017b879e4c70baad2722bf14288475e598cba32b0e1d2e3,True,True,True,True,True,True,,2026-05-21,0xebcb58042d48b919f625932d411defdf4bef8193728afd4fc569200ebd3b2529
research_20260521_500-0209,0xc7ebd9b6bdacbdb89d7103bb8f998642541acfdf06e26c9bd70b30f329f08ba8,0xc7ebd9b6bdacbdb89d7103bb8f998642541acfdf06e26c9bd70b30f329f08ba8,True,True,True,True,True,True,,2026-05-21,0xebcb58042d48b919f625932d411defdf4bef8193728afd4fc569200ebd3b2529
research_20260521_500-0210,0x680740a0583706b8e3f8a9f69581d1f30f534eefaaf8b5002ca293a467f59f95,0x680740a0583706b8e3f8a9f69581d1f30f534eefaaf8b5002ca293a467f59f95,True,True,True,True,True,True,,2026-05-21,0xebcb58042d48b919f625932d411defdf4bef8193728afd4fc569200ebd3b2529
research_20260521_500-0211,0x89dc93d790a649c71a1425547e9d4b60fb412ccc0061da16f3abefc104c40314,0x89dc93d790a649c71a1425547e9d4b60fb412ccc0061da16f3abefc104c40314,True,True,True,True,True,True,,2026-05-21,0xebcb58042d48b919f625932d411defdf4bef8193728afd4fc569200ebd3b2529
research_20260521_500-0212,0x9dae4c4609833bd2f5fe24139512a3cc5215ac05d0af9941c21d1aed0efb5cf8,0x9dae4c4609833bd2f5fe24139512a3cc5215ac05d0af9941c21d1aed0efb5cf8,True,True,True,True,True,True,,2026-05-21,0xebcb58042d48b919f625932d411defdf4bef8193728afd4fc569200ebd3b2529
research_20260521_500-0213,0x0e5c3cc3d62d2d6e04ac6f1c87b76f6da1f4c4b6c1f1b4d145c5f21431aff9ab,0x0e5c3cc3d62d2d6e04ac6f1c87b76f6da1f4c4b6c1f1b4d145c5f21431aff9ab,True,True,True,True,True,True,,2026-05-21,0xebcb58042d48b919f625932d411defdf4bef8193728afd4fc569200ebd3b2529
research_20260521_500-0214,0xf63c49360013b59b3cdef4a039fe0a2a21634c20f1066217689a91d94a5cd3d2,0xf63c49360013b59b3cdef4a039fe0a2a21634c20f1066217689a91d94a5cd3d2,True,True,True,True,True,True,,2026-05-21,0xebcb58042d48b919f625932d411defdf4bef8193728afd4fc569200ebd3b2529
research_20260521_500-0215,0x397a0e08ed56ad1c617e00dd5f7db589bee9873fb66f9020251664eba04516b0,0x397a0e08ed56ad1c617e00dd5f7db589bee9873fb66f9020251664eba04516b0,True,True,True,True,True,True,,2026-05-21,0xebcb58042d48b919f625932d411defdf4bef8193728afd4fc569200ebd3b2529
research_20260521_500-0216,0x0033afbd4a99d2714838f94c80249006952bde26d98b91512afcba122f9c2ed6,0x0033afbd4a99d2714838f94c80249006952bde26d98b91512afcba122f9c2ed6,True,True,True,True,True,True,,2026-05-21,0xebcb58042d48b919f625932d411defdf4bef8193728afd4fc569200ebd3b2529
research_20260521_500-0217,0x3e643a773b3d9cc611040b21552f37fec90cf3eed0ebe5be0377dd82fef15e91,0x3e643a773b3d9cc611040b21552f37fec90cf3eed0ebe5be0377dd82fef15e91,True,True,True,True,True,True,,2026-05-21,0xebcb58042d48b919f625932d411defdf4bef8193728afd4fc569200ebd3b2529
research_20260521_500-0218,0x10a5a2ff3c11fa6890ba8c898299e8730e2e40a312d7c8967a71839f0473bca8,0x10a5a2ff3c11fa6890ba8c898299e8730e2e40a312d7c8967a71839f0473bca8,True,True,True,True,True,True,,2026-05-21,0xebcb58042d48b919f625932d411defdf4bef8193728afd4fc569200ebd3b2529
research_20260521_500-0219,0xafba8e97f6cba1473542a60eecfcd38cb78a43acd823a145681e97d96ab80a6f,0xafba8e97f6cba1473542a60eecfcd38cb78a43acd823a145681e97d96ab80a6f,True,True,True,True,True,True,,2026-05-21,0xebcb58042d48b919f625932d411defdf4bef8193728afd4fc569200ebd3b2529
research_20260521_500-0220,0x3cfa6b41a20a4f00d572cfe4e5f37f087fde278658645b021617fb484829fd45,0x3cfa6b41a20a4f00d572cfe4e5f37f087fde278658645b021617fb484829fd45,True,True,True,True,True,True,,2026-05-21,0xebcb58042d48b919f625932d411defdf4bef8193728afd4fc569200ebd3b2529
research_20260521_500-0221,0x9c564d0e0e4d75da6eea2c074d5a12d38a18cc95cfc90536e9d61549bdd1d633,0x9c564d0e0e4d75da6eea2c074d5a12d38a18cc95cfc90536e9d61549bdd1d633,True,True,True,True,True,True,,2026-05-21,0xebcb58042d48b919f625932d411defdf4bef8193728afd4fc569200ebd3b2529
research_20260521_500-0222,0x4999cd4bd893d17c39e02ef26f45e4a5d9dd4a90971d1ce2bd1b47f0dae14a42,0x4999cd4bd893d17c39e02ef26f45e4a5d9dd4a90971d1ce2bd1b47f0dae14a42,True,True,True,True,True,True,,2026-05-21,0xebcb58042d48b919f625932d411defdf4bef8193728afd4fc569200ebd3b2529
research_20260521_500-0223,0xc83d4fa34e2c736de5571f834962fde4cdc336e64664eda8e834cd6927f5dbe8,0xc83d4fa34e2c736de5571f834962fde4cdc336e64664eda8e834cd6927f5dbe8,True,True,True,True,True,True,,2026-05-21,0xebcb58042d48b919f625932d411defdf4bef8193728afd4fc569200ebd3b2529
research_20260521_500-0224,0xc7adf8bc630bef6dab2043a59c48b22cc928693d69b2cd3e5b04c033e888575e,0xc7adf8bc630bef6dab2043a59c48b22cc928693d69b2cd3e5b04c033e888575e,True,True,True,True,True,True,,2026-05-21,0xebcb58042d48b919f625932d411defdf4bef8193728afd4fc569200ebd3b2529
research_20260521_500-0225,0xb2afdb833e27862a97f0b6a93e66844d17db02d288ff104ca0d996d5f4d96936,0xb2afdb833e27862a97f0b6a93e66844d17db02d288ff104ca0d996d5f4d96936,True,True,True,True,True,True,,2026-05-21,0xebcb58042d48b919f625932d411defdf4bef8193728afd4fc569200ebd3b2529
research_20260521_500-0226,0x602e0dcecdaa5dfd49e35a0199df64f3007021dc042ad34aa662c9e98a31c4d4,0x602e0dcecdaa5dfd49e35a0199df64f3007021dc042ad34aa662c9e98a31c4d4,True,True,True,True,True,True,,2026-05-21,0xebcb58042d48b919f625932d411defdf4bef8193728afd4fc569200ebd3b2529
research_20260521_500-0227,0xbc40ac98db697ffdc30e928a2ec8d43cbf99073ab8c8bfeac4d037be957cde2b,0xbc40ac98db697ffdc30e928a2ec8d43cbf99073ab8c8bfeac4d037be957cde2b,True,True,True,True,True,True,,2026-05-21,0xebcb58042d48b919f625932d411defdf4bef8193728afd4fc569200ebd3b2529
research_20260521_500-0228,0xb98fcc29ce902b59b7eb9f95e8abbe6f835adad31f6e6aed0c31bb0f570bb15f,0xb98fcc29ce902b59b7eb9f95e8abbe6f835adad31f6e6aed0c31bb0f570bb15f,True,True,True,True,True,True,,2026-05-21,0xebcb58042d48b919f625932d411defdf4bef8193728afd4fc569200ebd3b2529
research_20260521_500-0229,0x5623275d4a3490371009960e883d95b9b3fe3b6fa5729a7c6c588a01621cee44,0x5623275d4a3490371009960e883d95b9b3fe3b6fa5729a7c6c588a01621cee44,True,True,True,True,True,True,,2026-05-21,0xebcb58042d48b919f625932d411defdf4bef8193728afd4fc569200ebd3b2529
research_20260521_500-0230,0xce599ec3ecf4fa0878d31251424b24dba8fb9d6ed70b412a2856a297182877dd,0xce599ec3ecf4fa0878d31251424b24dba8fb9d6ed70b412a2856a297182877dd,True,True,True,True,True,True,,2026-05-21,0xebcb58042d48b919f625932d411defdf4bef8193728afd4fc569200ebd3b2529
research_20260521_500-0231,0xdcb98dc4a6db9c17ec1726a9f59fa5877be3aae16bb4416c26a713403f5fd922,0xdcb98dc4a6db9c17ec1726a9f59fa5877be3aae16bb4416c26a713403f5fd922,True,True,True,True,True,True,,2026-05-21,0xebcb58042d48b919f625932d411defdf4bef8193728afd4fc569200ebd3b2529
research_20260521_500-0232,0xf7989b689c2472fa0ea6370282da82371a28dc82e09edb9c2682efda751990f7,0xf7989b689c2472fa0ea6370282da82371a28dc82e09edb9c2682efda751990f7,True,True,True,True,True,True,,2026-05-21,0xebcb58042d48b919f625932d411defdf4bef8193728afd4fc569200ebd3b2529
research_20260521_500-0233,0xa30a76093b766678b3c9a1df6de49a22e1f995059c498e476b55d4af3ae8ad44,0xa30a76093b766678b3c9a1df6de49a22e1f995059c498e476b55d4af3ae8ad44,True,True,True,True,True,True,,2026-05-21,0xebcb58042d48b919f625932d411defdf4bef8193728afd4fc569200ebd3b2529
research_20260521_500-0234,0xf02017bb22bb6a1cf4f0b2091be961b37804d109371fdf3997cf208873464d0c,0xf02017bb22bb6a1cf4f0b2091be961b37804d109371fdf3997cf208873464d0c,True,True,True,True,True,True,,2026-05-21,0xebcb58042d48b919f625932d411defdf4bef8193728afd4fc569200ebd3b2529
research_20260521_500-0235,0xac831ffb044e6dc2bbf18916b6534abef805d35b7e5e6bf47921c90d86967a7b,0xac831ffb044e6dc2bbf18916b6534abef805d35b7e5e6bf47921c90d86967a7b,True,True,True,True,True,True,,2026-05-21,0xebcb58042d48b919f625932d411defdf4bef8193728afd4fc569200ebd3b2529
research_20260521_500-0236,0x2766cebf85927b57cd7d66c2f3a7ff169854b2fac27a3a0462b15081c4dfffa4,0x2766cebf85927b57cd7d66c2f3a7ff169854b2fac27a3a0462b15081c4dfffa4,True,True,True,True,True,True,,2026-05-21,0xebcb58042d48b919f625932d411defdf4bef8193728afd4fc569200ebd3b2529
research_20260521_500-0237,0xaa95f764879bf30da415942197c060369b7dc5714afab3c058397ff569f28438,0xaa95f764879bf30da415942197c060369b7dc5714afab3c058397ff569f28438,True,True,True,True,True,True,,2026-05-21,0xebcb58042d48b919f625932d411defdf4bef8193728afd4fc569200ebd3b2529
research_20260521_500-0238,0x6f2e93756edf006780ab75cbcf0bb50a27bba0e7a3d02d8d66159fe0fff07014,0x6f2e93756edf006780ab75cbcf0bb50a27bba0e7a3d02d8d66159fe0fff07014,True,True,True,True,True,True,,2026-05-21,0xebcb58042d48b919f625932d411defdf4bef8193728afd4fc569200ebd3b2529
research_20260521_500-0239,0x7eec801369c916648c76b8d8ad1bd5cab52ceff65d17d5aa1274fd803242f700,0x7eec801369c916648c76b8d8ad1bd5cab52ceff65d17d5aa1274fd803242f700,True,True,True,True,True,True,,2026-05-21,0xebcb58042d48b919f625932d411defdf4bef8193728afd4fc569200ebd3b2529
research_20260521_500-0240,0xfe973c4a54353df469d97be3eebe635f7a46af3ea74b02f6ddf098906bf1b448,0xfe973c4a54353df469d97be3eebe635f7a46af3ea74b02f6ddf098906bf1b448,True,True,True,True,True,True,,2026-05-21,0xebcb58042d48b919f625932d411defdf4bef8193728afd4fc569200ebd3b2529
research_20260521_500-0241,0x50ef30f025e0b477bc99b1591bec6f5ce174b9988aa78622dfe323f07ea8afcf,0x50ef30f025e0b477bc99b1591bec6f5ce174b9988aa78622dfe323f07ea8afcf,True,True,True,True,True,True,,2026-05-21,0xebcb58042d48b919f625932d411defdf4bef8193728afd4fc569200ebd3b2529
research_20260521_500-0242,0x6b1bede4e6731485519dbc0b50dc693c1fa4ca8d15f5f0710bd00cfb8848788a,0x6b1bede4e6731485519dbc0b50dc693c1fa4ca8d15f5f0710bd00cfb8848788a,True,True,True,True,True,True,,2026-05-21,0xebcb58042d48b919f625932d411defdf4bef8193728afd4fc569200ebd3b2529
research_20260521_500-0243,0x7657a7af57dc4ed8dcd488aca0758b94c520a267e46ec56dbeb9068e4e2b68ae,0x7657a7af57dc4ed8dcd488aca0758b94c520a267e46ec56dbeb9068e4e2b68ae,True,True,True,True,True,True,,2026-05-21,0xebcb58042d48b919f625932d411defdf4bef8193728afd4fc569200ebd3b2529
research_20260521_500-0244,0xc3cd58bb6954a9db70b2d32b60ef459c5a0f4c5a6478d40014cdeec728a99076,0xc3cd58bb6954a9db70b2d32b60ef459c5a0f4c5a6478d40014cdeec728a99076,True,True,True,True,True,True,,2026-05-21,0xebcb58042d48b919f625932d411defdf4bef8193728afd4fc569200ebd3b2529
research_20260521_500-0245,0x05014b3e6030d7c84547723f26d7555077b964b8055c844838f45b672de3e238,0x05014b3e6030d7c84547723f26d7555077b964b8055c844838f45b672de3e238,True,True,True,True,True,True,,2026-05-21,0xebcb58042d48b919f625932d411defdf4bef8193728afd4fc569200ebd3b2529
research_20260521_500-0246,0xe76c53e4c3d19f73a1a6540e07a72b3914ca8bc379464c84ca67fe071e169efd,0xe76c53e4c3d19f73a1a6540e07a72b3914ca8bc379464c84ca67fe071e169efd,True,True,True,True,True,True,,2026-05-21,0xebcb58042d48b919f625932d411defdf4bef8193728afd4fc569200ebd3b2529
research_20260521_500-0247,0x2e67bb666ae6353b9a4f5cc02851e02ef54696873849a59b6a8f52592a2208d7,0x2e67bb666ae6353b9a4f5cc02851e02ef54696873849a59b6a8f52592a2208d7,True,True,True,True,True,True,,2026-05-21,0xebcb58042d48b919f625932d411defdf4bef8193728afd4fc569200ebd3b2529
research_20260521_500-0248,0x5ab2b96c41d743a32f4d7dde0957572082ee35beb5a1777df35acca1776f7949,0x5ab2b96c41d743a32f4d7dde0957572082ee35beb5a1777df35acca1776f7949,True,True,True,True,True,True,,2026-05-21,0xebcb58042d48b919f625932d411defdf4bef8193728afd4fc569200ebd3b2529
research_20260521_500-0249,0x598fa3b3798f1abd9a355ffd8209dd18ddc50af78b9587dc0d488558d55e9e18,0x598fa3b3798f1abd9a355ffd8209dd18ddc50af78b9587dc0d488558d55e9e18,True,True,True,True,True,True,,2026-05-21,0xebcb58042d48b919f625932d411defdf4bef8193728afd4fc569200ebd3b2529
research_20260521_500-0250,0xb53c966a70f7912f3a448b961e219baf451d4937508db7c9a624fc26d628ae68,0xb53c966a70f7912f3a448b961e219baf451d4937508db7c9a624fc26d628ae68,True,True,True,True,True,True,,2026-05-21,0xebcb58042d48b919f625932d411defdf4bef8193728afd4fc569200ebd3b2529
research_20260521_500-0251,0xb0f6d0c05f19fcb8c6947c685d16f12cd5636b4cfa7b553b7963d139ff4bdc08,0xb0f6d0c05f19fcb8c6947c685d16f12cd5636b4cfa7b553b7963d139ff4bdc08,True,True,True,True,True,True,,2026-05-21,0xebcb58042d48b919f625932d411defdf4bef8193728afd4fc569200ebd3b2529
research_20260521_500-0252,0x0359196a8b0705b57be23d67859c6a8176adc3500f817d92ab7960c5b2aa0a99,0x0359196a8b0705b57be23d67859c6a8176adc3500f817d92ab7960c5b2aa0a99,True,True,True,True,True,True,,2026-05-21,0xebcb58042d48b919f625932d411defdf4bef8193728afd4fc569200ebd3b2529
research_20260521_500-0253,0xed19610615b58e6560c519dd63184fb2df1cff705826dcfb1863c0acc2ab5ec4,0xed19610615b58e6560c519dd63184fb2df1cff705826dcfb1863c0acc2ab5ec4,True,True,True,True,True,True,,2026-05-21,0xebcb58042d48b919f625932d411defdf4bef8193728afd4fc569200ebd3b2529
research_20260521_500-0254,0xec3372dc10ba39bfbfd858df71dbad3922d51c8928cbd3df26c18eb37fb59088,0xec3372dc10ba39bfbfd858df71dbad3922d51c8928cbd3df26c18eb37fb59088,True,True,True,True,True,True,,2026-05-21,0xebcb58042d48b919f625932d411defdf4bef8193728afd4fc569200ebd3b2529
research_20260521_500-0255,0x1b61de9b6940699f933a0f981cbf5f5c829877e49099941139b1956286389304,0x1b61de9b6940699f933a0f981cbf5f5c829877e49099941139b1956286389304,True,True,True,True,True,True,,2026-05-21,0xebcb58042d48b919f625932d411defdf4bef8193728afd4fc569200ebd3b2529
research_20260521_500-0256,0x5bf685fb0b0d0cdee66abd526085ce65a5079690258f560bf48c4d394674a3dd,0x5bf685fb0b0d0cdee66abd526085ce65a5079690258f560bf48c4d394674a3dd,True,True,True,True,True,True,,2026-05-21,0xebcb58042d48b919f625932d411defdf4bef8193728afd4fc569200ebd3b2529
research_20260521_500-0257,0x92a3d8ff8a30b1f5c48d25c3ea090b506de2943b514413587ceb5b7f1df58689,0x92a3d8ff8a30b1f5c48d25c3ea090b506de2943b514413587ceb5b7f1df58689,True,True,True,True,True,True,,2026-05-21,0xebcb58042d48b919f625932d411defdf4bef8193728afd4fc569200ebd3b2529
research_20260521_500-0258,0xb48d11eb39f6266276ef3c88be1d1c05e4d4934774d5f45577f4fa0da0fe4aee,0xb48d11eb39f6266276ef3c88be1d1c05e4d4934774d5f45577f4fa0da0fe4aee,True,True,True,True,True,True,,2026-05-21,0xebcb58042d48b919f625932d411defdf4bef8193728afd4fc569200ebd3b2529
research_20260521_500-0259,0xd8a552d7ab2e54b8e9f049b135dffc7d9aa27003efc9e30e6c6f81f67be64654,0xd8a552d7ab2e54b8e9f049b135dffc7d9aa27003efc9e30e6c6f81f67be64654,True,True,True,True,True,True,,2026-05-21,0xebcb58042d48b919f625932d411defdf4bef8193728afd4fc569200ebd3b2529
research_20260521_500-0260,0xca18f75f47c107b899b984bace52c4d0ea4327a73797717ac08b8895a1640219,0xca18f75f47c107b899b984bace52c4d0ea4327a73797717ac08b8895a1640219,True,True,True,True,True,True,,2026-05-21,0xebcb58042d48b919f625932d411defdf4bef8193728afd4fc569200ebd3b2529
research_20260521_500-0261,0x0b9d699060a59b36360fc444ef6004cdcd4e9f8d17d016fdbed8a1445d4b4eba,0x0b9d699060a59b36360fc444ef6004cdcd4e9f8d17d016fdbed8a1445d4b4eba,True,True,True,True,True,True,,2026-05-21,0xebcb58042d48b919f625932d411defdf4bef8193728afd4fc569200ebd3b2529
research_20260521_500-0262,0x1f4c9b7f6ba5918c40ee5ec4a0c2ba5406dd6171e79638c8b1240014282f1e51,0x1f4c9b7f6ba5918c40ee5ec4a0c2ba5406dd6171e79638c8b1240014282f1e51,True,True,True,True,True,True,,2026-05-21,0xebcb58042d48b919f625932d411defdf4bef8193728afd4fc569200ebd3b2529
research_20260521_500-0263,0xf8c3a7fb56e381e043d5cf217a8afb71d481f5fbcaa39ed244fdc45a80bc7a57,0xf8c3a7fb56e381e043d5cf217a8afb71d481f5fbcaa39ed244fdc45a80bc7a57,True,True,True,True,True,True,,2026-05-21,0xebcb58042d48b919f625932d411defdf4bef8193728afd4fc569200ebd3b2529
research_20260521_500-0264,0x8ad897bec2a459aca30543a5de7672fe87b09bbf8f6027f799621c4bc3bbf576,0x8ad897bec2a459aca30543a5de7672fe87b09bbf8f6027f799621c4bc3bbf576,True,True,True,True,True,True,,2026-05-21,0xebcb58042d48b919f625932d411defdf4bef8193728afd4fc569200ebd3b2529
research_20260521_500-0265,0x951642f828e504c4a52c4d76285b544aff80971d552f151535101e7d176938bb,0x951642f828e504c4a52c4d76285b544aff80971d552f151535101e7d176938bb,True,True,True,True,True,True,,2026-05-21,0xebcb58042d48b919f625932d411defdf4bef8193728afd4fc569200ebd3b2529
research_20260521_500-0266,0x6985dcec49ce04a9f57855e9d609f5eb6d2291a1fe71f5acf202848e23c73eb3,0x6985dcec49ce04a9f57855e9d609f5eb6d2291a1fe71f5acf202848e23c73eb3,True,True,True,True,True,True,,2026-05-21,0xebcb58042d48b919f625932d411defdf4bef8193728afd4fc569200ebd3b2529
research_20260521_500-0267,0x00cc35ddfda6392b12980d5a03b583a56652d68e1a475eb2012fe51806e5d48e,0x00cc35ddfda6392b12980d5a03b583a56652d68e1a475eb2012fe51806e5d48e,True,True,True,True,True,True,,2026-05-21,0xebcb58042d48b919f625932d411defdf4bef8193728afd4fc569200ebd3b2529
research_20260521_500-0268,0xee11ee9495e70dd8f22ff31a3a60266c0e16ae94a0beaa9e12660a044038cab2,0xee11ee9495e70dd8f22ff31a3a60266c0e16ae94a0beaa9e12660a044038cab2,True,True,True,True,True,True,,2026-05-21,0xebcb58042d48b919f625932d411defdf4bef8193728afd4fc569200ebd3b2529
research_20260521_500-0269,0xdd1254a4634dd7e9bda44a61bd9b71e2b98f9c30e545c3075acfd6132c22b068,0xdd1254a4634dd7e9bda44a61bd9b71e2b98f9c30e545c3075acfd6132c22b068,True,True,True,True,True,True,,2026-05-21,0xebcb58042d48b919f625932d411defdf4bef8193728afd4fc569200ebd3b2529
research_20260521_500-0270,0x3c00a30e2d710910b0ef3a5c3a4e3a835ffd8d059674a2352f53758b70fc7bcf,0x3c00a30e2d710910b0ef3a5c3a4e3a835ffd8d059674a2352f53758b70fc7bcf,True,True,True,True,True,True,,2026-05-21,0xebcb58042d48b919f625932d411defdf4bef8193728afd4fc569200ebd3b2529
research_20260521_500-0271,0x1c6e7a65069d2e449b97631e180fa0171c2fe089290912ee301e308e18b83471,0x1c6e7a65069d2e449b97631e180fa0171c2fe089290912ee301e308e18b83471,True,True,True,True,True,True,,2026-05-21,0xebcb58042d48b919f625932d411defdf4bef8193728afd4fc569200ebd3b2529
research_20260521_500-0272,0x05c8c795277a60521f3eaf059ce8ccf06fd129a8efb272162305c3fb03f7f562,0x05c8c795277a60521f3eaf059ce8ccf06fd129a8efb272162305c3fb03f7f562,True,True,True,True,True,True,,2026-05-21,0xebcb58042d48b919f625932d411defdf4bef8193728afd4fc569200ebd3b2529
research_20260521_500-0273,0xe7ae142b4b8593aba4720fb428c63b8712ee000b0a85129a7280a1d1e163a85d,0xe7ae142b4b8593aba4720fb428c63b8712ee000b0a85129a7280a1d1e163a85d,True,True,True,True,True,True,,2026-05-21,0xebcb58042d48b919f625932d411defdf4bef8193728afd4fc569200ebd3b2529
research_20260521_500-0274,0xad81d41212fc2c9b24935e03ac6eeecad9e3ec947e39ca424c01d13f9f08c7b0,0xad81d41212fc2c9b24935e03ac6eeecad9e3ec947e39ca424c01d13f9f08c7b0,True,True,True,True,True,True,,2026-05-21,0xebcb58042d48b919f625932d411defdf4bef8193728afd4fc569200ebd3b2529
research_20260521_500-0275,0x4d7ff51466f2d80de8227aea3828ac11e14f00efb7015e6eaba974b9119bf06d,0x4d7ff51466f2d80de8227aea3828ac11e14f00efb7015e6eaba974b9119bf06d,True,True,True,True,True,True,,2026-05-21,0xebcb58042d48b919f625932d411defdf4bef8193728afd4fc569200ebd3b2529
research_20260521_500-0276,0xc592038284c657dfd2b3e9593e331bbb4a2596e7a1628812e783aa35c88e0ef0,0xc592038284c657dfd2b3e9593e331bbb4a2596e7a1628812e783aa35c88e0ef0,True,True,True,True,True,True,,2026-05-21,0xebcb58042d48b919f625932d411defdf4bef8193728afd4fc569200ebd3b2529
research_20260521_500-0277,0xd0cf83f2805dedb3af757a40d6f856d53aa78f478c0096562efc63622fa9ab97,0xd0cf83f2805dedb3af757a40d6f856d53aa78f478c0096562efc63622fa9ab97,True,True,True,True,True,True,,2026-05-21,0xebcb58042d48b919f625932d411defdf4bef8193728afd4fc569200ebd3b2529
research_20260521_500-0278,0x63dc5a1fa244174d256fd7812989a430e7300e63eb88ec7c6576e2b01441fd93,0x63dc5a1fa244174d256fd7812989a430e7300e63eb88ec7c6576e2b01441fd93,True,True,True,True,True,True,,2026-05-21,0xebcb58042d48b919f625932d411defdf4bef8193728afd4fc569200ebd3b2529
research_20260521_500-0279,0x53a49b044b55746494f7365afaa375ad1b3bb3316bb3a51fe7e8b8eb8d049312,0x53a49b044b55746494f7365afaa375ad1b3bb3316bb3a51fe7e8b8eb8d049312,True,True,True,True,True,True,,2026-05-21,0xebcb58042d48b919f625932d411defdf4bef8193728afd4fc569200ebd3b2529
research_20260521_500-0280,0xc5f81f0cdf732f7b5f14176c4d6d94edbaf2e4167b1857bdd2514d66259e67cb,0xc5f81f0cdf732f7b5f14176c4d6d94edbaf2e4167b1857bdd2514d66259e67cb,True,True,True,True,True,True,,2026-05-21,0xebcb58042d48b919f625932d411defdf4bef8193728afd4fc569200ebd3b2529
research_20260521_500-0281,0x1ad829411450b3d39efabe4da1d52ca3ba6f4ac7dfc6104d8644c243042d69fe,0x1ad829411450b3d39efabe4da1d52ca3ba6f4ac7dfc6104d8644c243042d69fe,True,True,True,True,True,True,,2026-05-21,0xebcb58042d48b919f625932d411defdf4bef8193728afd4fc569200ebd3b2529
research_20260521_500-0282,0x9a7d6b6f69d1d1869b5e68e5c120e58ffc6466c0a54c83fcf985d8c0fb186aaa,0x9a7d6b6f69d1d1869b5e68e5c120e58ffc6466c0a54c83fcf985d8c0fb186aaa,True,True,True,True,True,True,,2026-05-21,0xebcb58042d48b919f625932d411defdf4bef8193728afd4fc569200ebd3b2529
research_20260521_500-0283,0xaca8d16423c003c850f0065bc4adf6cbabb22023f5aeddf23f845420e33806b2,0xaca8d16423c003c850f0065bc4adf6cbabb22023f5aeddf23f845420e33806b2,True,True,True,True,True,True,,2026-05-21,0xebcb58042d48b919f625932d411defdf4bef8193728afd4fc569200ebd3b2529
research_20260521_500-0284,0x6746c45ac7c3ca3b8934b47ca42c8af1e296abb0503c9d57f4616d95e02d4efd,0x6746c45ac7c3ca3b8934b47ca42c8af1e296abb0503c9d57f4616d95e02d4efd,True,True,True,True,True,True,,2026-05-21,0xebcb58042d48b919f625932d411defdf4bef8193728afd4fc569200ebd3b2529
research_20260521_500-0285,0x1edf89763421c958d8aa0fdc9fe693ef540834c49c5b1f9577d54019798562be,0x1edf89763421c958d8aa0fdc9fe693ef540834c49c5b1f9577d54019798562be,True,True,True,True,True,True,,2026-05-21,0xebcb58042d48b919f625932d411defdf4bef8193728afd4fc569200ebd3b2529
research_20260521_500-0286,0x748c3c53a211d5e46a52b39c762a0a1163588d9f55e08a13d545aa663956681b,0x748c3c53a211d5e46a52b39c762a0a1163588d9f55e08a13d545aa663956681b,True,True,True,True,True,True,,2026-05-21,0xebcb58042d48b919f625932d411defdf4bef8193728afd4fc569200ebd3b2529
research_20260521_500-0287,0x0c723ba3ba5853b33a0e5a6df59f9af518a839d766ea72444e6ec94c7ae23853,0x0c723ba3ba5853b33a0e5a6df59f9af518a839d766ea72444e6ec94c7ae23853,True,True,True,True,True,True,,2026-05-21,0xebcb58042d48b919f625932d411defdf4bef8193728afd4fc569200ebd3b2529
research_20260521_500-0288,0xf162fbe5cb7516ad8b663805d4981220f58fef32542f15a6cd9c359f08396360,0xf162fbe5cb7516ad8b663805d4981220f58fef32542f15a6cd9c359f08396360,True,True,True,True,True,True,,2026-05-21,0xebcb58042d48b919f625932d411defdf4bef8193728afd4fc569200ebd3b2529
research_20260521_500-0289,0x7d9e58196cbd986f44883fecd7d67fd31c7dbddb708155f0265721bf1d81a9c4,0x7d9e58196cbd986f44883fecd7d67fd31c7dbddb708155f0265721bf1d81a9c4,True,True,True,True,True,True,,2026-05-21,0xebcb58042d48b919f625932d411defdf4bef8193728afd4fc569200ebd3b2529
research_20260521_500-0290,0xe3567d8d63d9d0dab158367602d1f69d0c239040a1d96c93e36e1d998c60a818,0xe3567d8d63d9d0dab158367602d1f69d0c239040a1d96c93e36e1d998c60a818,True,True,True,True,True,True,,2026-05-21,0xebcb58042d48b919f625932d411defdf4bef8193728afd4fc569200ebd3b2529
research_20260521_500-0291,0x01c15c181fa1974868abc51e944b5a5c8a29290949ecf2384cf5e4e9e1e6f11e,0x01c15c181fa1974868abc51e944b5a5c8a29290949ecf2384cf5e4e9e1e6f11e,True,True,True,True,True,True,,2026-05-21,0xebcb58042d48b919f625932d411defdf4bef8193728afd4fc569200ebd3b2529
research_20260521_500-0292,0x802408462ca3ff8fe73d735798484e16233b77680c2734944cbe01e36a170cd3,0x802408462ca3ff8fe73d735798484e16233b77680c2734944cbe01e36a170cd3,True,True,True,True,True,True,,2026-05-21,0xebcb58042d48b919f625932d411defdf4bef8193728afd4fc569200ebd3b2529
research_20260521_500-0293,0x349f2206c99f35b371dc123092cd428f1bcb857132d8fb418c5815ad2f663bc2,0x349f2206c99f35b371dc123092cd428f1bcb857132d8fb418c5815ad2f663bc2,True,True,True,True,True,True,,2026-05-21,0xebcb58042d48b919f625932d411defdf4bef8193728afd4fc569200ebd3b2529
research_20260521_500-0294,0x85eda623d63012568b68befd146fb1ccacab8603f8c548bb1505af1580abc97a,0x85eda623d63012568b68befd146fb1ccacab8603f8c548bb1505af1580abc97a,True,True,True,True,True,True,,2026-05-21,0xebcb58042d48b919f625932d411defdf4bef8193728afd4fc569200ebd3b2529
research_20260521_500-0295,0x4b6a6e8f43b7619ea684957c6bc5795deaea91bd375c5dfeb364dc29e5aab325,0x4b6a6e8f43b7619ea684957c6bc5795deaea91bd375c5dfeb364dc29e5aab325,True,True,True,True,True,True,,2026-05-21,0xebcb58042d48b919f625932d411defdf4bef8193728afd4fc569200ebd3b2529
research_20260521_500-0296,0x918ccfb8fe111de061ac8cfed478021992e7a0e08926f33fb62a32778d9e5354,0x918ccfb8fe111de061ac8cfed478021992e7a0e08926f33fb62a32778d9e5354,True,True,True,True,True,True,,2026-05-21,0xebcb58042d48b919f625932d411defdf4bef8193728afd4fc569200ebd3b2529
research_20260521_500-0297,0x798478f2070aa011c86c651f2ab7934b5d606d6afb2e7e077f564ccf8cb5091e,0x798478f2070aa011c86c651f2ab7934b5d606d6afb2e7e077f564ccf8cb5091e,True,True,True,True,True,True,,2026-05-21,0xebcb58042d48b919f625932d411defdf4bef8193728afd4fc569200ebd3b2529
research_20260521_500-0298,0x80f22a5b5900b6f6b9666607a09f9fc44cbd3201cb1a762898bf27bf1ad4e5c8,0x80f22a5b5900b6f6b9666607a09f9fc44cbd3201cb1a762898bf27bf1ad4e5c8,True,True,True,True,True,True,,2026-05-21,0xebcb58042d48b919f625932d411defdf4bef8193728afd4fc569200ebd3b2529
research_20260521_500-0299,0xfa3ade74772d5a82c35f4423ab73b399eee44a3c02699ada0cae8b394a27879c,0xfa3ade74772d5a82c35f4423ab73b399eee44a3c02699ada0cae8b394a27879c,True,True,True,True,True,True,,2026-05-21,0xebcb58042d48b919f625932d411defdf4bef8193728afd4fc569200ebd3b2529
research_20260521_500-0300,0x3340323dfd5e9b4a6ffce40a54f8b009b3867cc5f967673e509fc66f8aa32f8e,0x3340323dfd5e9b4a6ffce40a54f8b009b3867cc5f967673e509fc66f8aa32f8e,True,True,True,True,True,True,,2026-05-21,0xebcb58042d48b919f625932d411defdf4bef8193728afd4fc569200ebd3b2529
research_20260521_500-0301,0xe6be87bec6db8c7e12ce221c7ce43029c207aed4995df6ce1d025282aac83c1b,0xe6be87bec6db8c7e12ce221c7ce43029c207aed4995df6ce1d025282aac83c1b,True,True,True,True,True,True,,2026-05-21,0xebcb58042d48b919f625932d411defdf4bef8193728afd4fc569200ebd3b2529
research_20260521_500-0302,0x72a8d5b4eeea7218333c88b16e339f50dde48c9478a71739285d284dbabea928,0x72a8d5b4eeea7218333c88b16e339f50dde48c9478a71739285d284dbabea928,True,True,True,True,True,True,,2026-05-21,0xebcb58042d48b919f625932d411defdf4bef8193728afd4fc569200ebd3b2529
research_20260521_500-0303,0x4c5e7d82794cd0cf324b512baa9ce3610919658308cbc0f5db0dc84e73ea6a3c,0x4c5e7d82794cd0cf324b512baa9ce3610919658308cbc0f5db0dc84e73ea6a3c,True,True,True,True,True,True,,2026-05-21,0xebcb58042d48b919f625932d411defdf4bef8193728afd4fc569200ebd3b2529
research_20260521_500-0304,0x3fdc179350771e3b04152fc00569c7efe2ef294564e8df10677a6de0d22e8280,0x3fdc179350771e3b04152fc00569c7efe2ef294564e8df10677a6de0d22e8280,True,True,True,True,True,True,,2026-05-21,0xebcb58042d48b919f625932d411defdf4bef8193728afd4fc569200ebd3b2529
research_20260521_500-0305,0xd5e97b6f02060ff1a8154c4d430244a4d217e1e6b1a70e27bd71582f976c92e6,0xd5e97b6f02060ff1a8154c4d430244a4d217e1e6b1a70e27bd71582f976c92e6,True,True,True,True,True,True,,2026-05-21,0xebcb58042d48b919f625932d411defdf4bef8193728afd4fc569200ebd3b2529
research_20260521_500-0306,0xe9589235c6e852da1a39da253485487f52143f7b9807190de82577d0c63a6ccb,0xe9589235c6e852da1a39da253485487f52143f7b9807190de82577d0c63a6ccb,True,True,True,True,True,True,,2026-05-21,0xebcb58042d48b919f625932d411defdf4bef8193728afd4fc569200ebd3b2529
research_20260521_500-0307,0x380c650124fee3160b9d6b50b0f589fcfdcfdc5a5a3598e8158035c90130dcf7,0x380c650124fee3160b9d6b50b0f589fcfdcfdc5a5a3598e8158035c90130dcf7,True,True,True,True,True,True,,2026-05-21,0xebcb58042d48b919f625932d411defdf4bef8193728afd4fc569200ebd3b2529
research_20260521_500-0308,0x39230ad4c1e5a37dc9aeb3084d9508845ae90a981e53040ea977b8a2c1d69498,0x39230ad4c1e5a37dc9aeb3084d9508845ae90a981e53040ea977b8a2c1d69498,True,True,True,True,True,True,,2026-05-21,0xebcb58042d48b919f625932d411defdf4bef8193728afd4fc569200ebd3b2529
research_20260521_500-0309,0x49b3ab7107147dff99b7842e070202961780072fe7b51f74a638316b7e7acd87,0x49b3ab7107147dff99b7842e070202961780072fe7b51f74a638316b7e7acd87,True,True,True,True,True,True,,2026-05-21,0xebcb58042d48b919f625932d411defdf4bef8193728afd4fc569200ebd3b2529
research_20260521_500-0310,0xbccec9c31aaac2338efb1302679ceebb5654207e61edf7559013d119c37cdd8e,0xbccec9c31aaac2338efb1302679ceebb5654207e61edf7559013d119c37cdd8e,True,True,True,True,True,True,,2026-05-21,0xebcb58042d48b919f625932d411defdf4bef8193728afd4fc569200ebd3b2529
research_20260521_500-0311,0xa799525555ab1101ff9d1f4dff01b3984853181d7e8fb0aac6f7d0e1cf017bdc,0xa799525555ab1101ff9d1f4dff01b3984853181d7e8fb0aac6f7d0e1cf017bdc,True,True,True,True,True,True,,2026-05-21,0xebcb58042d48b919f625932d411defdf4bef8193728afd4fc569200ebd3b2529
research_20260521_500-0312,0x41d0e33b3c79f6e2cb0416dd30d4bc63eb352a1e1a8ad443d7a21f93397fd3d9,0x41d0e33b3c79f6e2cb0416dd30d4bc63eb352a1e1a8ad443d7a21f93397fd3d9,True,True,True,True,True,True,,2026-05-21,0xebcb58042d48b919f625932d411defdf4bef8193728afd4fc569200ebd3b2529
research_20260521_500-0313,0xeb3440510588cff1c35de70bcad4005e67a1c93514224abb3a62c3cee8d566de,0xeb3440510588cff1c35de70bcad4005e67a1c93514224abb3a62c3cee8d566de,True,True,True,True,True,True,,2026-05-21,0xebcb58042d48b919f625932d411defdf4bef8193728afd4fc569200ebd3b2529
research_20260521_500-0314,0x60180d4635e51c0662cf6da94f2d9b5aa9df7782befcea02d18275fd19b1ca6f,0x60180d4635e51c0662cf6da94f2d9b5aa9df7782befcea02d18275fd19b1ca6f,True,True,True,True,True,True,,2026-05-21,0xebcb58042d48b919f625932d411defdf4bef8193728afd4fc569200ebd3b2529
research_20260521_500-0315,0x26d4849d898ba5a42bb2bf7f6cff40afabf8152533077198750a6f7f9a76f307,0x26d4849d898ba5a42bb2bf7f6cff40afabf8152533077198750a6f7f9a76f307,True,True,True,True,True,True,,2026-05-21,0xebcb58042d48b919f625932d411defdf4bef8193728afd4fc569200ebd3b2529
research_20260521_500-0316,0xe3fb966b0592f1faf484a7c3f1ff0efda513b6bfadcb3c3fe6e9d54bbae50cb6,0xe3fb966b0592f1faf484a7c3f1ff0efda513b6bfadcb3c3fe6e9d54bbae50cb6,True,True,True,True,True,True,,2026-05-21,0xebcb58042d48b919f625932d411defdf4bef8193728afd4fc569200ebd3b2529
research_20260521_500-0317,0x26ad1eff629df14fb7d294ce9fa03c6c0dc522cd6600c5a900781a9607d9d7ee,0x26ad1eff629df14fb7d294ce9fa03c6c0dc522cd6600c5a900781a9607d9d7ee,True,True,True,True,True,True,,2026-05-21,0xebcb58042d48b919f625932d411defdf4bef8193728afd4fc569200ebd3b2529
research_20260521_500-0318,0xd1b3a39cc983d1523dcc7444a6f3670229bf4ce5ee169fcab91be3dcd7d2c606,0xd1b3a39cc983d1523dcc7444a6f3670229bf4ce5ee169fcab91be3dcd7d2c606,True,True,True,True,True,True,,2026-05-21,0xebcb58042d48b919f625932d411defdf4bef8193728afd4fc569200ebd3b2529
research_20260521_500-0319,0xc3a137f8be0c8efdd15a36ba259c714113159a67d59329b8029f20ac53d002bf,0xc3a137f8be0c8efdd15a36ba259c714113159a67d59329b8029f20ac53d002bf,True,True,True,True,True,True,,2026-05-21,0xebcb58042d48b919f625932d411defdf4bef8193728afd4fc569200ebd3b2529
research_20260521_500-0320,0xa4705074f01f8723c7cf0d76bfa1fe61478032fd137d70bd9c58de7c3dbedc5a,0xa4705074f01f8723c7cf0d76bfa1fe61478032fd137d70bd9c58de7c3dbedc5a,True,True,True,True,True,True,,2026-05-21,0xebcb58042d48b919f625932d411defdf4bef8193728afd4fc569200ebd3b2529
research_20260521_500-0321,0x7a398061e02d1293f4631c361cc234dc01a36380012e6c84c47943d6f6c550a1,0x7a398061e02d1293f4631c361cc234dc01a36380012e6c84c47943d6f6c550a1,True,True,True,True,True,True,,2026-05-21,0xebcb58042d48b919f625932d411defdf4bef8193728afd4fc569200ebd3b2529
research_20260521_500-0322,0xd2d1766181552aa00e7c57300a4d9ca8c530ca9766f4aa4e971129279c469a62,0xd2d1766181552aa00e7c57300a4d9ca8c530ca9766f4aa4e971129279c469a62,True,True,True,True,True,True,,2026-05-21,0xebcb58042d48b919f625932d411defdf4bef8193728afd4fc569200ebd3b2529
research_20260521_500-0323,0x8860d8af264d2b7344a651e40c577d821512dedff627ede765390f3ef882440d,0x8860d8af264d2b7344a651e40c577d821512dedff627ede765390f3ef882440d,True,True,True,True,True,True,,2026-05-21,0xebcb58042d48b919f625932d411defdf4bef8193728afd4fc569200ebd3b2529
research_20260521_500-0324,0x2f5cf77dfac37641ca6e94995b92be7163a01a5a438652354c28e74df6e21c27,0x2f5cf77dfac37641ca6e94995b92be7163a01a5a438652354c28e74df6e21c27,True,True,True,True,True,True,,2026-05-21,0xebcb58042d48b919f625932d411defdf4bef8193728afd4fc569200ebd3b2529
research_20260521_500-0325,0x8e51479de302dcace54539aed16dc2ab46ad03c1415149c1322868307c92836d,0x8e51479de302dcace54539aed16dc2ab46ad03c1415149c1322868307c92836d,True,True,True,True,True,True,,2026-05-21,0xebcb58042d48b919f625932d411defdf4bef8193728afd4fc569200ebd3b2529
research_20260521_500-0326,0x6c0e026d1eb46227f06da50478249f723ab92ef551fb5b3db65359d516fa431a,0x6c0e026d1eb46227f06da50478249f723ab92ef551fb5b3db65359d516fa431a,True,True,True,True,True,True,,2026-05-21,0xebcb58042d48b919f625932d411defdf4bef8193728afd4fc569200ebd3b2529
research_20260521_500-0327,0x509e5cbb09c0c472363244b217ea17956fd192b4882eb5176b78c5d8b6d26980,0x509e5cbb09c0c472363244b217ea17956fd192b4882eb5176b78c5d8b6d26980,True,True,True,True,True,True,,2026-05-21,0xebcb58042d48b919f625932d411defdf4bef8193728afd4fc569200ebd3b2529
research_20260521_500-0328,0x6d8ce6ce688b93752ea2bb18ee1124d47a883b0f94e442725e93e468650d85bd,0x6d8ce6ce688b93752ea2bb18ee1124d47a883b0f94e442725e93e468650d85bd,True,True,True,True,True,True,,2026-05-21,0xebcb58042d48b919f625932d411defdf4bef8193728afd4fc569200ebd3b2529
research_20260521_500-0329,0xb6ab8152a94811dfb9a4a76e0861b49aca518016b8531cf9bb52f550a03faf53,0xb6ab8152a94811dfb9a4a76e0861b49aca518016b8531cf9bb52f550a03faf53,True,True,True,True,True,True,,2026-05-21,0xebcb58042d48b919f625932d411defdf4bef8193728afd4fc569200ebd3b2529
research_20260521_500-0330,0xc714925d5edaf96dbd0af64264ed24cb400c8af1a9bc4483f4c41b43b83b68b2,0xc714925d5edaf96dbd0af64264ed24cb400c8af1a9bc4483f4c41b43b83b68b2,True,True,True,True,True,True,,2026-05-21,0xebcb58042d48b919f625932d411defdf4bef8193728afd4fc569200ebd3b2529
research_20260521_500-0331,0xb24584e2a287f5141bff098751389c1778a190f1c85a8638fb119a7bd6be954e,0xb24584e2a287f5141bff098751389c1778a190f1c85a8638fb119a7bd6be954e,True,True,True,True,True,True,,2026-05-21,0xebcb58042d48b919f625932d411defdf4bef8193728afd4fc569200ebd3b2529
research_20260521_500-0332,0x59fb34df8a0e57f75d091f8ca6183843384d6f805e054659cef43c96a25dc3ef,0x59fb34df8a0e57f75d091f8ca6183843384d6f805e054659cef43c96a25dc3ef,True,True,True,True,True,True,,2026-05-21,0xebcb58042d48b919f625932d411defdf4bef8193728afd4fc569200ebd3b2529
research_20260521_500-0333,0x7fd5281b32355e44a72a66b8f6854a3c20d58f2554610fc9286544107864f086,0x7fd5281b32355e44a72a66b8f6854a3c20d58f2554610fc9286544107864f086,True,True,True,True,True,True,,2026-05-21,0xebcb58042d48b919f625932d411defdf4bef8193728afd4fc569200ebd3b2529
research_20260521_500-0334,0x20cad8486d7218ffa72aea2ced1825bb01f0fb31d495a5f5a1f6932623148b15,0x20cad8486d7218ffa72aea2ced1825bb01f0fb31d495a5f5a1f6932623148b15,True,True,True,True,True,True,,2026-05-21,0xebcb58042d48b919f625932d411defdf4bef8193728afd4fc569200ebd3b2529
research_20260521_500-0335,0xbb9d6380291520b869a1481a53c92a6fb9d0de9db76ff797c7fc99d1c0429ef0,0xbb9d6380291520b869a1481a53c92a6fb9d0de9db76ff797c7fc99d1c0429ef0,True,True,True,True,True,True,,2026-05-21,0xebcb58042d48b919f625932d411defdf4bef8193728afd4fc569200ebd3b2529
research_20260521_500-0336,0x1e5dac95e57a27571d88ac9311eb26436d8197b270906d6534edf02fcb704554,0x1e5dac95e57a27571d88ac9311eb26436d8197b270906d6534edf02fcb704554,True,True,True,True,True,True,,2026-05-21,0xebcb58042d48b919f625932d411defdf4bef8193728afd4fc569200ebd3b2529
research_20260521_500-0337,0x52b669a61e0445701a6333384ce3fae9d35e3eca81026f64a0ac6773e1f3e7c0,0x52b669a61e0445701a6333384ce3fae9d35e3eca81026f64a0ac6773e1f3e7c0,True,True,True,True,True,True,,2026-05-21,0xebcb58042d48b919f625932d411defdf4bef8193728afd4fc569200ebd3b2529
research_20260521_500-0338,0xc0da94ddd73071d3d18861df1f0dea5ab043e7c7fafc69edf58b8d9fcd3a6343,0xc0da94ddd73071d3d18861df1f0dea5ab043e7c7fafc69edf58b8d9fcd3a6343,True,True,True,True,True,True,,2026-05-21,0xebcb58042d48b919f625932d411defdf4bef8193728afd4fc569200ebd3b2529
research_20260521_500-0339,0x16095a21c34a343608274a4f9dedce556afbcab13008164ae0792b88b196ce2b,0x16095a21c34a343608274a4f9dedce556afbcab13008164ae0792b88b196ce2b,True,True,True,True,True,True,,2026-05-21,0xebcb58042d48b919f625932d411defdf4bef8193728afd4fc569200ebd3b2529
research_20260521_500-0340,0x7bb9ad308295ce232f50fdf809a8e8e29adb25eb3168944f093df81f06a3500c,0x7bb9ad308295ce232f50fdf809a8e8e29adb25eb3168944f093df81f06a3500c,True,True,True,True,True,True,,2026-05-21,0xebcb58042d48b919f625932d411defdf4bef8193728afd4fc569200ebd3b2529
research_20260521_500-0341,0xacddfdbd6b6c2e33de69dd0f73b05340ba7648bbd4ee21c87a93c99252943aa8,0xacddfdbd6b6c2e33de69dd0f73b05340ba7648bbd4ee21c87a93c99252943aa8,True,True,True,True,True,True,,2026-05-21,0xebcb58042d48b919f625932d411defdf4bef8193728afd4fc569200ebd3b2529
research_20260521_500-0342,0xfd40a038687ecf43012f2d4bc8ec5f5474887995e50b26cf76c77a6eea1f5447,0xfd40a038687ecf43012f2d4bc8ec5f5474887995e50b26cf76c77a6eea1f5447,True,True,True,True,True,True,,2026-05-21,0xebcb58042d48b919f625932d411defdf4bef8193728afd4fc569200ebd3b2529
research_20260521_500-0343,0x823e75761d0765666581faf2d4fab7d69990f84d7dca5946b98cd072ad0f744e,0x823e75761d0765666581faf2d4fab7d69990f84d7dca5946b98cd072ad0f744e,True,True,True,True,True,True,,2026-05-21,0xebcb58042d48b919f625932d411defdf4bef8193728afd4fc569200ebd3b2529
research_20260521_500-0344,0xcfc956980546ccccfb5ba9344e87460eeac2f0d6193c02c6a77985e0c1b7835f,0xcfc956980546ccccfb5ba9344e87460eeac2f0d6193c02c6a77985e0c1b7835f,True,True,True,True,True,True,,2026-05-21,0xebcb58042d48b919f625932d411defdf4bef8193728afd4fc569200ebd3b2529
research_20260521_500-0345,0x916a3a2d82d1ad31a3f7c41b4ec3c4307e46b8aeb6bd9b296826c72ede85e78d,0x916a3a2d82d1ad31a3f7c41b4ec3c4307e46b8aeb6bd9b296826c72ede85e78d,True,True,True,True,True,True,,2026-05-21,0xebcb58042d48b919f625932d411defdf4bef8193728afd4fc569200ebd3b2529
research_20260521_500-0346,0xc40fb7611d6fc884adccdab9722cfac01e18341bda35f2b8889d6497e8fef8ae,0xc40fb7611d6fc884adccdab9722cfac01e18341bda35f2b8889d6497e8fef8ae,True,True,True,True,True,True,,2026-05-21,0xebcb58042d48b919f625932d411defdf4bef8193728afd4fc569200ebd3b2529
research_20260521_500-0347,0x70eb496bbcc1d6f6779dd0c70b072c997e8106efa20e76826cfb26062c081250,0x70eb496bbcc1d6f6779dd0c70b072c997e8106efa20e76826cfb26062c081250,True,True,True,True,True,True,,2026-05-21,0xebcb58042d48b919f625932d411defdf4bef8193728afd4fc569200ebd3b2529
research_20260521_500-0348,0x961a2f880c6404684df0774d772cef3846e0d45ff401401a273fc5155fac459b,0x961a2f880c6404684df0774d772cef3846e0d45ff401401a273fc5155fac459b,True,True,True,True,True,True,,2026-05-21,0xebcb58042d48b919f625932d411defdf4bef8193728afd4fc569200ebd3b2529
research_20260521_500-0349,0x8c2d8100e690d1677dd1f184aa95c3764d1e64e7b9c3b56915ec4a8a36b7244c,0x8c2d8100e690d1677dd1f184aa95c3764d1e64e7b9c3b56915ec4a8a36b7244c,True,True,True,True,True,True,,2026-05-21,0xebcb58042d48b919f625932d411defdf4bef8193728afd4fc569200ebd3b2529
research_20260521_500-0350,0x9f4bc9fd6cf79e0057224e1614d43bd144f21d73cf1f948fcfd20027ecd1b4b9,0x9f4bc9fd6cf79e0057224e1614d43bd144f21d73cf1f948fcfd20027ecd1b4b9,True,True,True,True,True,True,,2026-05-21,0xebcb58042d48b919f625932d411defdf4bef8193728afd4fc569200ebd3b2529
research_20260521_500-0351,0x2e038b6e39816a5f90418b4edf1c81052ad91e10dc4435d69b8023cee6d6dfc9,0x2e038b6e39816a5f90418b4edf1c81052ad91e10dc4435d69b8023cee6d6dfc9,True,True,True,True,True,True,,2026-05-21,0xebcb58042d48b919f625932d411defdf4bef8193728afd4fc569200ebd3b2529
research_20260521_500-0352,0xb4df1b2d50d236a4c074fe43ce7fae66211809a6226730841b3d49f8c9377809,0xb4df1b2d50d236a4c074fe43ce7fae66211809a6226730841b3d49f8c9377809,True,True,True,True,True,True,,2026-05-21,0xebcb58042d48b919f625932d411defdf4bef8193728afd4fc569200ebd3b2529
research_20260521_500-0353,0x10adb599c4c9b3e03d3f6dbd4be662e7ea3ae65341cddbc29a8d1479c03ff032,0x10adb599c4c9b3e03d3f6dbd4be662e7ea3ae65341cddbc29a8d1479c03ff032,True,True,True,True,True,True,,2026-05-21,0xebcb58042d48b919f625932d411defdf4bef8193728afd4fc569200ebd3b2529
research_20260521_500-0354,0x5b1d453ae79724426a4ee3877fe89a38de6a3f408d8d1b37270ffebea58ec219,0x5b1d453ae79724426a4ee3877fe89a38de6a3f408d8d1b37270ffebea58ec219,True,True,True,True,True,True,,2026-05-21,0xebcb58042d48b919f625932d411defdf4bef8193728afd4fc569200ebd3b2529
research_20260521_500-0355,0xfb6f8659c771c7ad455a6af82e28a447191cab6d79e5ea8c4f787479ef8d5145,0xfb6f8659c771c7ad455a6af82e28a447191cab6d79e5ea8c4f787479ef8d5145,True,True,True,True,True,True,,2026-05-21,0xebcb58042d48b919f625932d411defdf4bef8193728afd4fc569200ebd3b2529
research_20260521_500-0356,0x367fe1e17f857f6bbeade9a9327ca4948c10b43a787a9c2c522d9852c5371a6d,0x367fe1e17f857f6bbeade9a9327ca4948c10b43a787a9c2c522d9852c5371a6d,True,True,True,True,True,True,,2026-05-21,0xebcb58042d48b919f625932d411defdf4bef8193728afd4fc569200ebd3b2529
research_20260521_500-0357,0x2c8dce5cefa3439bdda443dc55f6ab69d74aaad77a251d9c31caf23c295dd9e4,0x2c8dce5cefa3439bdda443dc55f6ab69d74aaad77a251d9c31caf23c295dd9e4,True,True,True,True,True,True,,2026-05-21,0xebcb58042d48b919f625932d411defdf4bef8193728afd4fc569200ebd3b2529
research_20260521_500-0358,0x45cbca040e0c90fc59e34cdc62c5134449aa6cf0bf91be652ad22e3ecc1a545a,0x45cbca040e0c90fc59e34cdc62c5134449aa6cf0bf91be652ad22e3ecc1a545a,True,True,True,True,True,True,,2026-05-21,0xebcb58042d48b919f625932d411defdf4bef8193728afd4fc569200ebd3b2529
research_20260521_500-0359,0x3a7fbab020ca7b808c25f4288b0879acc6140dd4b7cb1c24b3d7d36b0c6c8f44,0x3a7fbab020ca7b808c25f4288b0879acc6140dd4b7cb1c24b3d7d36b0c6c8f44,True,True,True,True,True,True,,2026-05-21,0xebcb58042d48b919f625932d411defdf4bef8193728afd4fc569200ebd3b2529
research_20260521_500-0360,0x179914b05a705475dba5ad11b1e4e7fde166c472595822ee868c381b75892bf0,0x179914b05a705475dba5ad11b1e4e7fde166c472595822ee868c381b75892bf0,True,True,True,True,True,True,,2026-05-21,0xebcb58042d48b919f625932d411defdf4bef8193728afd4fc569200ebd3b2529
research_20260521_500-0361,0x65994870d996e6399ef4a1a6b7dc546dbd41413cb2e9c27b1e52d4895f354112,0x65994870d996e6399ef4a1a6b7dc546dbd41413cb2e9c27b1e52d4895f354112,True,True,True,True,True,True,,2026-05-21,0xebcb58042d48b919f625932d411defdf4bef8193728afd4fc569200ebd3b2529
research_20260521_500-0362,0x41b9136cb8564d1fe41192287a891fea90e297351c47407abddce393b834d65b,0x41b9136cb8564d1fe41192287a891fea90e297351c47407abddce393b834d65b,True,True,True,True,True,True,,2026-05-21,0xebcb58042d48b919f625932d411defdf4bef8193728afd4fc569200ebd3b2529
research_20260521_500-0363,0xebdd6e01af746f7ba132e237895441a0c1e0413df72f4ac54b565365eb763ba2,0xebdd6e01af746f7ba132e237895441a0c1e0413df72f4ac54b565365eb763ba2,True,True,True,True,True,True,,2026-05-21,0xebcb58042d48b919f625932d411defdf4bef8193728afd4fc569200ebd3b2529
research_20260521_500-0364,0xfd5c7fb297ff84e1bafdab588d7f4fdb7363c897295a348e28e5b9d4759601ed,0xfd5c7fb297ff84e1bafdab588d7f4fdb7363c897295a348e28e5b9d4759601ed,True,True,True,True,True,True,,2026-05-21,0xebcb58042d48b919f625932d411defdf4bef8193728afd4fc569200ebd3b2529
research_20260521_500-0365,0x2a389ade27a7f45cc957a906b65865cf77fd3e95175d48c3f6d70aeb1e2c7537,0x2a389ade27a7f45cc957a906b65865cf77fd3e95175d48c3f6d70aeb1e2c7537,True,True,True,True,True,True,,2026-05-21,0xebcb58042d48b919f625932d411defdf4bef8193728afd4fc569200ebd3b2529
research_20260521_500-0366,0xf8392050e93472ffd0ae5a5b5f77e3cb9e65dd114d82521ca543b699c1bbe0bb,0xf8392050e93472ffd0ae5a5b5f77e3cb9e65dd114d82521ca543b699c1bbe0bb,True,True,True,True,True,True,,2026-05-21,0xebcb58042d48b919f625932d411defdf4bef8193728afd4fc569200ebd3b2529
research_20260521_500-0367,0x52f92ebd9e787c79f3c19012568a895e3c9f2455f01673d080beee6a8424ffe9,0x52f92ebd9e787c79f3c19012568a895e3c9f2455f01673d080beee6a8424ffe9,True,True,True,True,True,True,,2026-05-21,0xebcb58042d48b919f625932d411defdf4bef8193728afd4fc569200ebd3b2529
research_20260521_500-0368,0xe12faa6b7f7acaac60e64437bb54ac7439a9b1a9358ccc3fcac4b5b3635f81dd,0xe12faa6b7f7acaac60e64437bb54ac7439a9b1a9358ccc3fcac4b5b3635f81dd,True,True,True,True,True,True,,2026-05-21,0xebcb58042d48b919f625932d411defdf4bef8193728afd4fc569200ebd3b2529
research_20260521_500-0369,0xb8be5e293c353cc205e864d2b969e9e87f89911c509757eb718644e585e59119,0xb8be5e293c353cc205e864d2b969e9e87f89911c509757eb718644e585e59119,True,True,True,True,True,True,,2026-05-21,0xebcb58042d48b919f625932d411defdf4bef8193728afd4fc569200ebd3b2529
research_20260521_500-0370,0x81467ef5492a7c5d7af72b716e4f03a47b9452930e27e2c9b07deadf45c6750a,0x81467ef5492a7c5d7af72b716e4f03a47b9452930e27e2c9b07deadf45c6750a,True,True,True,True,True,True,,2026-05-21,0xebcb58042d48b919f625932d411defdf4bef8193728afd4fc569200ebd3b2529
research_20260521_500-0371,0x624c8cd33f03481854047d69b71a96a2a063a965117c3e14711215971c394de5,0x624c8cd33f03481854047d69b71a96a2a063a965117c3e14711215971c394de5,True,True,True,True,True,True,,2026-05-21,0xebcb58042d48b919f625932d411defdf4bef8193728afd4fc569200ebd3b2529
research_20260521_500-0372,0x9e430a57bdee86cb24ed2077bc5eb71ed4d7c56b44a58a8ff0b6e7701d4c0975,0x9e430a57bdee86cb24ed2077bc5eb71ed4d7c56b44a58a8ff0b6e7701d4c0975,True,True,True,True,True,True,,2026-05-21,0xebcb58042d48b919f625932d411defdf4bef8193728afd4fc569200ebd3b2529
research_20260521_500-0373,0x1e60afe2d11ea63cc9e529f3f74695a54daab28b496c6db05a5fc527d0e00e36,0x1e60afe2d11ea63cc9e529f3f74695a54daab28b496c6db05a5fc527d0e00e36,True,True,True,True,True,True,,2026-05-21,0xebcb58042d48b919f625932d411defdf4bef8193728afd4fc569200ebd3b2529
research_20260521_500-0374,0x02da6e7122d4d6828f2e649995ac95d007a7dad1488123459ff2bba59c6fa9b5,0x02da6e7122d4d6828f2e649995ac95d007a7dad1488123459ff2bba59c6fa9b5,True,True,True,True,True,True,,2026-05-21,0xebcb58042d48b919f625932d411defdf4bef8193728afd4fc569200ebd3b2529
research_20260521_500-0375,0x75697c3c6b0cef53232345b635214f25429ef6264f055f8b77da871754bcf1c8,0x75697c3c6b0cef53232345b635214f25429ef6264f055f8b77da871754bcf1c8,True,True,True,True,True,True,,2026-05-21,0xebcb58042d48b919f625932d411defdf4bef8193728afd4fc569200ebd3b2529
research_20260521_500-0376,0xebd93fe65072cb6294bc6992e0597fa89e66d231e492f9361e43ef671c2d1a1c,0xebd93fe65072cb6294bc6992e0597fa89e66d231e492f9361e43ef671c2d1a1c,True,True,True,True,True,True,,2026-05-21,0xebcb58042d48b919f625932d411defdf4bef8193728afd4fc569200ebd3b2529
research_20260521_500-0377,0x42e60282998077e7d6c968413c86d8a3848a424968f29f5b4f2446649f8041ae,0x42e60282998077e7d6c968413c86d8a3848a424968f29f5b4f2446649f8041ae,True,True,True,True,True,True,,2026-05-21,0xebcb58042d48b919f625932d411defdf4bef8193728afd4fc569200ebd3b2529
research_20260521_500-0378,0xedef3e8e919c8a092b2485e342635ce14a674be2f46fc335ed451344da359ad8,0xedef3e8e919c8a092b2485e342635ce14a674be2f46fc335ed451344da359ad8,True,True,True,True,True,True,,2026-05-21,0xebcb58042d48b919f625932d411defdf4bef8193728afd4fc569200ebd3b2529
research_20260521_500-0379,0x0bfa9bce299b67f2e07acab8a9005882fee1a8ae0cf7cf2cfa141237122be7fb,0x0bfa9bce299b67f2e07acab8a9005882fee1a8ae0cf7cf2cfa141237122be7fb,True,True,True,True,True,True,,2026-05-21,0xebcb58042d48b919f625932d411defdf4bef8193728afd4fc569200ebd3b2529
research_20260521_500-0380,0xf6a7602b0ded02a2834a713c7314358618072f8e94f45a65a511b44bf5bd7e02,0xf6a7602b0ded02a2834a713c7314358618072f8e94f45a65a511b44bf5bd7e02,True,True,True,True,True,True,,2026-05-21,0xebcb58042d48b919f625932d411defdf4bef8193728afd4fc569200ebd3b2529
research_20260521_500-0381,0x626f5023672c602050a9465d9577edf8a5aa2836b33b7a2df1c74c4df22c156c,0x626f5023672c602050a9465d9577edf8a5aa2836b33b7a2df1c74c4df22c156c,True,True,True,True,True,True,,2026-05-21,0xebcb58042d48b919f625932d411defdf4bef8193728afd4fc569200ebd3b2529
research_20260521_500-0382,0xc0d5a5813b340d199525dc8837cd5c80514ab1b1e94e49decb9cf944bb47eea3,0xc0d5a5813b340d199525dc8837cd5c80514ab1b1e94e49decb9cf944bb47eea3,True,True,True,True,True,True,,2026-05-21,0xebcb58042d48b919f625932d411defdf4bef8193728afd4fc569200ebd3b2529
research_20260521_500-0383,0xa4ab578e69d2a5b71cb87eaacb59d70047dd70f443323f8a69a20e3d407efd08,0xa4ab578e69d2a5b71cb87eaacb59d70047dd70f443323f8a69a20e3d407efd08,True,True,True,True,True,True,,2026-05-21,0xebcb58042d48b919f625932d411defdf4bef8193728afd4fc569200ebd3b2529
research_20260521_500-0384,0x9e03e365f70b3aa8122dda1ae18a6e1289a9c5ad452cc5d3f0665a1e12156a70,0x9e03e365f70b3aa8122dda1ae18a6e1289a9c5ad452cc5d3f0665a1e12156a70,True,True,True,True,True,True,,2026-05-21,0xebcb58042d48b919f625932d411defdf4bef8193728afd4fc569200ebd3b2529
research_20260521_500-0385,0x2b2167a569eb5339735f5e10bde85e8349fd2bb60443df3f53b4165a17fbcdb5,0x2b2167a569eb5339735f5e10bde85e8349fd2bb60443df3f53b4165a17fbcdb5,True,True,True,True,True,True,,2026-05-21,0xebcb58042d48b919f625932d411defdf4bef8193728afd4fc569200ebd3b2529
research_20260521_500-0386,0xc2a5a025d0151ff09da38a43853fa703bbc9ff2e03572870ce717f2737493bef,0xc2a5a025d0151ff09da38a43853fa703bbc9ff2e03572870ce717f2737493bef,True,True,True,True,True,True,,2026-05-21,0xebcb58042d48b919f625932d411defdf4bef8193728afd4fc569200ebd3b2529
research_20260521_500-0387,0x724c64e0f1de4a776a8271f20f142495fd879e98a3c567a785dd1a235cbec6a7,0x724c64e0f1de4a776a8271f20f142495fd879e98a3c567a785dd1a235cbec6a7,True,True,True,True,True,True,,2026-05-21,0xebcb58042d48b919f625932d411defdf4bef8193728afd4fc569200ebd3b2529
research_20260521_500-0388,0xa00eb088c00d4580a49e3b7485bf872a0865991fff18cf9362ea8d648ccab179,0xa00eb088c00d4580a49e3b7485bf872a0865991fff18cf9362ea8d648ccab179,True,True,True,True,True,True,,2026-05-21,0xebcb58042d48b919f625932d411defdf4bef8193728afd4fc569200ebd3b2529
research_20260521_500-0389,0x3c4d328edabdd8c3aac305f175ee784370d1a1eaf5597f5e8a0669339b8136f2,0x3c4d328edabdd8c3aac305f175ee784370d1a1eaf5597f5e8a0669339b8136f2,True,True,True,True,True,True,,2026-05-21,0xebcb58042d48b919f625932d411defdf4bef8193728afd4fc569200ebd3b2529
research_20260521_500-0390,0x6347578cd768c7cd757ce97a5965d52e3d7b560131cee7f5e735f830b5b3124a,0x6347578cd768c7cd757ce97a5965d52e3d7b560131cee7f5e735f830b5b3124a,True,True,True,True,True,True,,2026-05-21,0xebcb58042d48b919f625932d411defdf4bef8193728afd4fc569200ebd3b2529
research_20260521_500-0391,0x4f5b94215a66eeba5c68bfde4bcdc0ac0e8498bfb72d247b9a28feb66881284a,0x4f5b94215a66eeba5c68bfde4bcdc0ac0e8498bfb72d247b9a28feb66881284a,True,True,True,True,True,True,,2026-05-21,0xebcb58042d48b919f625932d411defdf4bef8193728afd4fc569200ebd3b2529
research_20260521_500-0392,0xc3e6b28ff098960d7cb9488d861dcebcee8b3bd3fceb393e0dbf2ff6ee1fc37e,0xc3e6b28ff098960d7cb9488d861dcebcee8b3bd3fceb393e0dbf2ff6ee1fc37e,True,True,True,True,True,True,,2026-05-21,0xebcb58042d48b919f625932d411defdf4bef8193728afd4fc569200ebd3b2529
research_20260521_500-0393,0x503ab4a75aaedecefd4af814a036f459dadf97ec276b42b879f78a747d35e968,0x503ab4a75aaedecefd4af814a036f459dadf97ec276b42b879f78a747d35e968,True,True,True,True,True,True,,2026-05-21,0xebcb58042d48b919f625932d411defdf4bef8193728afd4fc569200ebd3b2529
research_20260521_500-0394,0x720623147f6fc00be4aa217f1bd752db1a97d038e46a622410562e90c300a8a0,0x720623147f6fc00be4aa217f1bd752db1a97d038e46a622410562e90c300a8a0,True,True,True,True,True,True,,2026-05-21,0xebcb58042d48b919f625932d411defdf4bef8193728afd4fc569200ebd3b2529
research_20260521_500-0395,0xf1a42a689a54e979023eccc48467f0418739cc77aa38d98884c07b3e6b2af54f,0xf1a42a689a54e979023eccc48467f0418739cc77aa38d98884c07b3e6b2af54f,True,True,True,True,True,True,,2026-05-21,0xebcb58042d48b919f625932d411defdf4bef8193728afd4fc569200ebd3b2529
research_20260521_500-0396,0x52ce48e0e128db394d90315a638b42c8117fcda1158ef349ad3e8d0137007560,0x52ce48e0e128db394d90315a638b42c8117fcda1158ef349ad3e8d0137007560,True,True,True,True,True,True,,2026-05-21,0xebcb58042d48b919f625932d411defdf4bef8193728afd4fc569200ebd3b2529
research_20260521_500-0397,0x00c79d115bbcedd05f99b6dafc34b105364077baec04eef5422b26dc39c4d697,0x00c79d115bbcedd05f99b6dafc34b105364077baec04eef5422b26dc39c4d697,True,True,True,True,True,True,,2026-05-21,0xebcb58042d48b919f625932d411defdf4bef8193728afd4fc569200ebd3b2529
research_20260521_500-0398,0xa1e1a8aad7a456dd58452f7d245f1d8e122ca8f7ddf2909df869b639ecf7fdcb,0xa1e1a8aad7a456dd58452f7d245f1d8e122ca8f7ddf2909df869b639ecf7fdcb,True,True,True,True,True,True,,2026-05-21,0xebcb58042d48b919f625932d411defdf4bef8193728afd4fc569200ebd3b2529
research_20260521_500-0399,0x0898d1a7546fa85f161cab4c01cb4e84f1913551f1bb3f4ba7df89b7ee8c5ecc,0x0898d1a7546fa85f161cab4c01cb4e84f1913551f1bb3f4ba7df89b7ee8c5ecc,True,True,True,True,True,True,,2026-05-21,0xebcb58042d48b919f625932d411defdf4bef8193728afd4fc569200ebd3b2529
research_20260521_500-0400,0xee5c2388fd19579913d79a99b9ec187ddbe9d6fa1f55493795cf6a3bd8494e34,0xee5c2388fd19579913d79a99b9ec187ddbe9d6fa1f55493795cf6a3bd8494e34,True,True,True,True,True,True,,2026-05-21,0xebcb58042d48b919f625932d411defdf4bef8193728afd4fc569200ebd3b2529
research_20260521_500-0401,0x7e6313bedb4dc050cd09d8d350d4e2b61974ae999fc024e1d6308b1f637c92ae,0x7e6313bedb4dc050cd09d8d350d4e2b61974ae999fc024e1d6308b1f637c92ae,True,True,True,True,True,True,,2026-05-21,0xebcb58042d48b919f625932d411defdf4bef8193728afd4fc569200ebd3b2529
research_20260521_500-0402,0xfd73d47b648b2ef79e57b45f1be419bfd2f34c8b9e25aa619657d1a3a60eddbd,0xfd73d47b648b2ef79e57b45f1be419bfd2f34c8b9e25aa619657d1a3a60eddbd,True,True,True,True,True,True,,2026-05-21,0xebcb58042d48b919f625932d411defdf4bef8193728afd4fc569200ebd3b2529
research_20260521_500-0403,0x98e9a25bbd030ba3be4287a28a3f1fc4eb3366cc0047dbccd67e58c917d8375f,0x98e9a25bbd030ba3be4287a28a3f1fc4eb3366cc0047dbccd67e58c917d8375f,True,True,True,True,True,True,,2026-05-21,0xebcb58042d48b919f625932d411defdf4bef8193728afd4fc569200ebd3b2529
research_20260521_500-0404,0xe5b64062c1d7f98f2b13b9dc193c4265bf43fe2babc32b63e5efec6020665e60,0xe5b64062c1d7f98f2b13b9dc193c4265bf43fe2babc32b63e5efec6020665e60,True,True,True,True,True,True,,2026-05-21,0xebcb58042d48b919f625932d411defdf4bef8193728afd4fc569200ebd3b2529
research_20260521_500-0405,0xfdfa3bad646fa783516c8887263cc7c2049f41ebf9e30720a1064a2689acdf9c,0xfdfa3bad646fa783516c8887263cc7c2049f41ebf9e30720a1064a2689acdf9c,True,True,True,True,True,True,,2026-05-21,0xebcb58042d48b919f625932d411defdf4bef8193728afd4fc569200ebd3b2529
research_20260521_500-0406,0x22e91f93e8e5f4fe115afc10af2f9228b0b3b5141e9d8909e29dfeb6f1ee7803,0x22e91f93e8e5f4fe115afc10af2f9228b0b3b5141e9d8909e29dfeb6f1ee7803,True,True,True,True,True,True,,2026-05-21,0xebcb58042d48b919f625932d411defdf4bef8193728afd4fc569200ebd3b2529
research_20260521_500-0407,0x9cb98fc20445e079e27904a7c2182056b3d8c8370af57407685f8318ed52b466,0x9cb98fc20445e079e27904a7c2182056b3d8c8370af57407685f8318ed52b466,True,True,True,True,True,True,,2026-05-21,0xebcb58042d48b919f625932d411defdf4bef8193728afd4fc569200ebd3b2529
research_20260521_500-0408,0x2215d155ab440d4cf200dc9d081d5bbdfa24e9518aa9ff2dc0f68eb4ca4700ef,0x2215d155ab440d4cf200dc9d081d5bbdfa24e9518aa9ff2dc0f68eb4ca4700ef,True,True,True,True,True,True,,2026-05-21,0xebcb58042d48b919f625932d411defdf4bef8193728afd4fc569200ebd3b2529
research_20260521_500-0409,0x3cbbe3235307ae573dcd5cfee828ea9967595cf7f22ac8102a7e801cb1f30e1b,0x3cbbe3235307ae573dcd5cfee828ea9967595cf7f22ac8102a7e801cb1f30e1b,True,True,True,True,True,True,,2026-05-21,0xebcb58042d48b919f625932d411defdf4bef8193728afd4fc569200ebd3b2529
research_20260521_500-0410,0xbd948f6870b1a5e6180fa1e09829018d108d4a91bead20d0e5580be280019fde,0xbd948f6870b1a5e6180fa1e09829018d108d4a91bead20d0e5580be280019fde,True,True,True,True,True,True,,2026-05-21,0xebcb58042d48b919f625932d411defdf4bef8193728afd4fc569200ebd3b2529
research_20260521_500-0411,0x621cb774625b70b06fc4a721db9d9083cd3aa52061592ea1e847a3933985b5ef,0x621cb774625b70b06fc4a721db9d9083cd3aa52061592ea1e847a3933985b5ef,True,True,True,True,True,True,,2026-05-21,0xebcb58042d48b919f625932d411defdf4bef8193728afd4fc569200ebd3b2529
research_20260521_500-0412,0x94bfa67b16f014a80852ef3e3e111fa354c9f85a22209ed1a39bae8e5b43b522,0x94bfa67b16f014a80852ef3e3e111fa354c9f85a22209ed1a39bae8e5b43b522,True,True,True,True,True,True,,2026-05-21,0xebcb58042d48b919f625932d411defdf4bef8193728afd4fc569200ebd3b2529
research_20260521_500-0413,0xfe2e2fe4c834b9e3b4eeb08cff5e85fe92bf3a4f8a36da99ff802bc71da13ab0,0xfe2e2fe4c834b9e3b4eeb08cff5e85fe92bf3a4f8a36da99ff802bc71da13ab0,True,True,True,True,True,True,,2026-05-21,0xebcb58042d48b919f625932d411defdf4bef8193728afd4fc569200ebd3b2529
research_20260521_500-0414,0x798bbf07a46681320f770abca4c806e79d90298efa0533330bdc938b2c4d205e,0x798bbf07a46681320f770abca4c806e79d90298efa0533330bdc938b2c4d205e,True,True,True,True,True,True,,2026-05-21,0xebcb58042d48b919f625932d411defdf4bef8193728afd4fc569200ebd3b2529
research_20260521_500-0415,0x7f8770d9e01bde1617a62e39448da45886980f0cb6315d603315121790ab6f3d,0x7f8770d9e01bde1617a62e39448da45886980f0cb6315d603315121790ab6f3d,True,True,True,True,True,True,,2026-05-21,0xebcb58042d48b919f625932d411defdf4bef8193728afd4fc569200ebd3b2529
research_20260521_500-0416,0x8971eb96dd104320e690a4d13312ae9e943d6cc70ee9e93d04a8431224e791e6,0x8971eb96dd104320e690a4d13312ae9e943d6cc70ee9e93d04a8431224e791e6,True,True,True,True,True,True,,2026-05-21,0xebcb58042d48b919f625932d411defdf4bef8193728afd4fc569200ebd3b2529
research_20260521_500-0417,0xabf93cca025e75b58664270594003c5f2f66e211b79fe0f25f5fd66dfbd54ac3,0xabf93cca025e75b58664270594003c5f2f66e211b79fe0f25f5fd66dfbd54ac3,True,True,True,True,True,True,,2026-05-21,0xebcb58042d48b919f625932d411defdf4bef8193728afd4fc569200ebd3b2529
research_20260521_500-0418,0xc2be9a0805e9006c8173890d06847cd99acecf04d0375f7a36568b416a49370e,0xc2be9a0805e9006c8173890d06847cd99acecf04d0375f7a36568b416a49370e,True,True,True,True,True,True,,2026-05-21,0xebcb58042d48b919f625932d411defdf4bef8193728afd4fc569200ebd3b2529
research_20260521_500-0419,0xd6b6d78f1f57fab6b3baa04abaf210a78624b531532bea8d87154b1786e96880,0xd6b6d78f1f57fab6b3baa04abaf210a78624b531532bea8d87154b1786e96880,True,True,True,True,True,True,,2026-05-21,0xebcb58042d48b919f625932d411defdf4bef8193728afd4fc569200ebd3b2529
research_20260521_500-0420,0x5b75ec2c6dc9c319eb6bce2f21fbd605dc930e81d57b41130af5d4ef22d803f0,0x5b75ec2c6dc9c319eb6bce2f21fbd605dc930e81d57b41130af5d4ef22d803f0,True,True,True,True,True,True,,2026-05-21,0xebcb58042d48b919f625932d411defdf4bef8193728afd4fc569200ebd3b2529
research_20260521_500-0421,0x68ea18101be380292751962d218e63afebd328bab8a280aaf24409f760264c16,0x68ea18101be380292751962d218e63afebd328bab8a280aaf24409f760264c16,True,True,True,True,True,True,,2026-05-21,0xebcb58042d48b919f625932d411defdf4bef8193728afd4fc569200ebd3b2529
research_20260521_500-0422,0xd658e52c8e9bd2bb0dca550e74b01f8a009cd687b6741d70595f392f5d04eb06,0xd658e52c8e9bd2bb0dca550e74b01f8a009cd687b6741d70595f392f5d04eb06,True,True,True,True,True,True,,2026-05-21,0xebcb58042d48b919f625932d411defdf4bef8193728afd4fc569200ebd3b2529
research_20260521_500-0423,0x9c0511070edf68b8f7971e5669237ae6f72ee0eb645cc111413786f1ae6c0c6b,0x9c0511070edf68b8f7971e5669237ae6f72ee0eb645cc111413786f1ae6c0c6b,True,True,True,True,True,True,,2026-05-21,0xebcb58042d48b919f625932d411defdf4bef8193728afd4fc569200ebd3b2529
research_20260521_500-0424,0x565a5768e85be1bea19637bbde01409672ee9a5c74ae86eb275fc4986f814160,0x565a5768e85be1bea19637bbde01409672ee9a5c74ae86eb275fc4986f814160,True,True,True,True,True,True,,2026-05-21,0xebcb58042d48b919f625932d411defdf4bef8193728afd4fc569200ebd3b2529
research_20260521_500-0425,0x972274423096301bc5d0127390a38b006aa250d49bcbb92a7cfaf1acd96fdf69,0x972274423096301bc5d0127390a38b006aa250d49bcbb92a7cfaf1acd96fdf69,True,True,True,True,True,True,,2026-05-21,0xebcb58042d48b919f625932d411defdf4bef8193728afd4fc569200ebd3b2529
research_20260521_500-0426,0xc3c7c68cc9c2561bfd05fd1e625f20628735c62e4a96a55a31f231c07604825e,0xc3c7c68cc9c2561bfd05fd1e625f20628735c62e4a96a55a31f231c07604825e,True,True,True,True,True,True,,2026-05-21,0xebcb58042d48b919f625932d411defdf4bef8193728afd4fc569200ebd3b2529
research_20260521_500-0427,0xf87a964d9616bba8e8df903ef57ec96aba8c8019d515c3b2edce2224e51d0c0d,0xf87a964d9616bba8e8df903ef57ec96aba8c8019d515c3b2edce2224e51d0c0d,True,True,True,True,True,True,,2026-05-21,0xebcb58042d48b919f625932d411defdf4bef8193728afd4fc569200ebd3b2529
research_20260521_500-0428,0xe505e1cd0beea9c081098dce827b2aa1734c1b8b8f94ed70d5024ce6a3b6c8b3,0xe505e1cd0beea9c081098dce827b2aa1734c1b8b8f94ed70d5024ce6a3b6c8b3,True,True,True,True,True,True,,2026-05-21,0xebcb58042d48b919f625932d411defdf4bef8193728afd4fc569200ebd3b2529
research_20260521_500-0429,0x89b33afcb71264384c5a981c7c08474a75877c61d7b69df3d1ef745e014a90d4,0x89b33afcb71264384c5a981c7c08474a75877c61d7b69df3d1ef745e014a90d4,True,True,True,True,True,True,,2026-05-21,0xebcb58042d48b919f625932d411defdf4bef8193728afd4fc569200ebd3b2529
research_20260521_500-0430,0x053b72f27688eff26b05899e21bd6c70db977873c484e495122abec3d574e56f,0x053b72f27688eff26b05899e21bd6c70db977873c484e495122abec3d574e56f,True,True,True,True,True,True,,2026-05-21,0xebcb58042d48b919f625932d411defdf4bef8193728afd4fc569200ebd3b2529
research_20260521_500-0431,0xd11bf3e485c9bb655b12c68372787b2798d6bf12bd6d9a13e75093f83739520f,0xd11bf3e485c9bb655b12c68372787b2798d6bf12bd6d9a13e75093f83739520f,True,True,True,True,True,True,,2026-05-21,0xebcb58042d48b919f625932d411defdf4bef8193728afd4fc569200ebd3b2529
research_20260521_500-0432,0xf6848e29349ccfd07f15b34cb588172f9036682b8aab7a68397df76b7651a4b2,0xf6848e29349ccfd07f15b34cb588172f9036682b8aab7a68397df76b7651a4b2,True,True,True,True,True,True,,2026-05-21,0xebcb58042d48b919f625932d411defdf4bef8193728afd4fc569200ebd3b2529
research_20260521_500-0433,0x62f2d8a5f2144d9376a54f9c69eeda66bb32e406f627fbc566eb6b78a936ed15,0x62f2d8a5f2144d9376a54f9c69eeda66bb32e406f627fbc566eb6b78a936ed15,True,True,True,True,True,True,,2026-05-21,0xebcb58042d48b919f625932d411defdf4bef8193728afd4fc569200ebd3b2529
research_20260521_500-0434,0xa1b32274d18db3b916678b92552111c590cb5ca9c79add7460b3ea0781ef4a87,0xa1b32274d18db3b916678b92552111c590cb5ca9c79add7460b3ea0781ef4a87,True,True,True,True,True,True,,2026-05-21,0xebcb58042d48b919f625932d411defdf4bef8193728afd4fc569200ebd3b2529
research_20260521_500-0435,0x44e75efc17d04fab039a2779c4c1077c05a53e7ba942954b23ee671c87b5941f,0x44e75efc17d04fab039a2779c4c1077c05a53e7ba942954b23ee671c87b5941f,True,True,True,True,True,True,,2026-05-21,0xebcb58042d48b919f625932d411defdf4bef8193728afd4fc569200ebd3b2529
research_20260521_500-0436,0x4ed00a49825a43e7aa4a06effc5d3b81c8c312515fc60504b450e05deb49e29f,0x4ed00a49825a43e7aa4a06effc5d3b81c8c312515fc60504b450e05deb49e29f,True,True,True,True,True,True,,2026-05-21,0xebcb58042d48b919f625932d411defdf4bef8193728afd4fc569200ebd3b2529
research_20260521_500-0437,0x0f839ad0e70215e0af532c547bf06fc154c2ee065264bf1ddf76c186ee4324e4,0x0f839ad0e70215e0af532c547bf06fc154c2ee065264bf1ddf76c186ee4324e4,True,True,True,True,True,True,,2026-05-21,0xebcb58042d48b919f625932d411defdf4bef8193728afd4fc569200ebd3b2529
research_20260521_500-0438,0x7465c644052786582c0d5a623ab22819f300a1aae12fa6c8e2341eb18720b74c,0x7465c644052786582c0d5a623ab22819f300a1aae12fa6c8e2341eb18720b74c,True,True,True,True,True,True,,2026-05-21,0xebcb58042d48b919f625932d411defdf4bef8193728afd4fc569200ebd3b2529
research_20260521_500-0439,0x6017fc98ecc8706469d93265bab0724e883e847e3088af1883ea31d5ec533824,0x6017fc98ecc8706469d93265bab0724e883e847e3088af1883ea31d5ec533824,True,True,True,True,True,True,,2026-05-21,0xebcb58042d48b919f625932d411defdf4bef8193728afd4fc569200ebd3b2529
research_20260521_500-0440,0x46d7f9c6c56ebacabbd27dd2c008fc2a8a5b965a12d37771a88890c8b2406e2b,0x46d7f9c6c56ebacabbd27dd2c008fc2a8a5b965a12d37771a88890c8b2406e2b,True,True,True,True,True,True,,2026-05-21,0xebcb58042d48b919f625932d411defdf4bef8193728afd4fc569200ebd3b2529
research_20260521_500-0441,0x41d5ea9b3715e8f0385f21c5ace754047d53f98ba99b78d3c7ab7668e3185b96,0x41d5ea9b3715e8f0385f21c5ace754047d53f98ba99b78d3c7ab7668e3185b96,True,True,True,True,True,True,,2026-05-21,0xebcb58042d48b919f625932d411defdf4bef8193728afd4fc569200ebd3b2529
research_20260521_500-0442,0x42598d753d45a0d4a4fd8885be70155e8bfe87351d2d2c9ad54e278e0166ae9f,0x42598d753d45a0d4a4fd8885be70155e8bfe87351d2d2c9ad54e278e0166ae9f,True,True,True,True,True,True,,2026-05-21,0xebcb58042d48b919f625932d411defdf4bef8193728afd4fc569200ebd3b2529
research_20260521_500-0443,0x54b94c3014badc0d369f12c60235a96d80473b697e374721d82036179d511e01,0x54b94c3014badc0d369f12c60235a96d80473b697e374721d82036179d511e01,True,True,True,True,True,True,,2026-05-21,0xebcb58042d48b919f625932d411defdf4bef8193728afd4fc569200ebd3b2529
research_20260521_500-0444,0x615e5a1aac7239dd93c33aa875d12b25a6cad245c283a00363373bf6d5955258,0x615e5a1aac7239dd93c33aa875d12b25a6cad245c283a00363373bf6d5955258,True,True,True,True,True,True,,2026-05-21,0xebcb58042d48b919f625932d411defdf4bef8193728afd4fc569200ebd3b2529
research_20260521_500-0445,0x916d82f4eef744034f776c8dc38a0f52340de1469529bf0f83dce31756b793bd,0x916d82f4eef744034f776c8dc38a0f52340de1469529bf0f83dce31756b793bd,True,True,True,True,True,True,,2026-05-21,0xebcb58042d48b919f625932d411defdf4bef8193728afd4fc569200ebd3b2529
research_20260521_500-0446,0x7284b4908011bb8299ed2d314c35e521c798fc991ce259cf5eee89c66ce3697c,0x7284b4908011bb8299ed2d314c35e521c798fc991ce259cf5eee89c66ce3697c,True,True,True,True,True,True,,2026-05-21,0xebcb58042d48b919f625932d411defdf4bef8193728afd4fc569200ebd3b2529
research_20260521_500-0447,0x4f03fc3c564cf968689c2307779f4a71303643f044bfe91e19ec78b2dd8590ad,0x4f03fc3c564cf968689c2307779f4a71303643f044bfe91e19ec78b2dd8590ad,True,True,True,True,True,True,,2026-05-21,0xebcb58042d48b919f625932d411defdf4bef8193728afd4fc569200ebd3b2529
research_20260521_500-0448,0x6a4aa2a0c8759d50efd33d69c716413cc6031641e2ef953161e5ad03e83c1aad,0x6a4aa2a0c8759d50efd33d69c716413cc6031641e2ef953161e5ad03e83c1aad,True,True,True,True,True,True,,2026-05-21,0xebcb58042d48b919f625932d411defdf4bef8193728afd4fc569200ebd3b2529
research_20260521_500-0449,0x72087c92f64f383f1c36d67f8eb2c1de4a6a9961f0a15261cf4d9679bc12fa60,0x72087c92f64f383f1c36d67f8eb2c1de4a6a9961f0a15261cf4d9679bc12fa60,True,True,True,True,True,True,,2026-05-21,0xebcb58042d48b919f625932d411defdf4bef8193728afd4fc569200ebd3b2529
research_20260521_500-0450,0xb4d493574842b8225cb136c921e86a196105d545d0f0a84d01267a49c2939e4b,0xb4d493574842b8225cb136c921e86a196105d545d0f0a84d01267a49c2939e4b,True,True,True,True,True,True,,2026-05-21,0xebcb58042d48b919f625932d411defdf4bef8193728afd4fc569200ebd3b2529
research_20260521_500-0451,0xa517f3c5911ac22fa07b2824a59727a05e201de09840dc28796dd1aadab9d908,0xa517f3c5911ac22fa07b2824a59727a05e201de09840dc28796dd1aadab9d908,True,True,True,True,True,True,,2026-05-21,0xebcb58042d48b919f625932d411defdf4bef8193728afd4fc569200ebd3b2529
research_20260521_500-0452,0xdffa49c943010a4157d72e31effc7922015781006be11405a4ace9b935db73b3,0xdffa49c943010a4157d72e31effc7922015781006be11405a4ace9b935db73b3,True,True,True,True,True,True,,2026-05-21,0xebcb58042d48b919f625932d411defdf4bef8193728afd4fc569200ebd3b2529
research_20260521_500-0453,0x65794504f83dfa3177852c7b2b3b6b28f67c112194f610629a02aeb74a840cdc,0x65794504f83dfa3177852c7b2b3b6b28f67c112194f610629a02aeb74a840cdc,True,True,True,True,True,True,,2026-05-21,0xebcb58042d48b919f625932d411defdf4bef8193728afd4fc569200ebd3b2529
research_20260521_500-0454,0x9c6bc2fe4fc51fae841ebb2fb762ce446882bd32cd55118260b98d8283c7914d,0x9c6bc2fe4fc51fae841ebb2fb762ce446882bd32cd55118260b98d8283c7914d,True,True,True,True,True,True,,2026-05-21,0xebcb58042d48b919f625932d411defdf4bef8193728afd4fc569200ebd3b2529
research_20260521_500-0455,0xd79d39cbab2f2c43a185b638ad83684b1004d6453ef7dff1c0696c1da1574c2e,0xd79d39cbab2f2c43a185b638ad83684b1004d6453ef7dff1c0696c1da1574c2e,True,True,True,True,True,True,,2026-05-21,0xebcb58042d48b919f625932d411defdf4bef8193728afd4fc569200ebd3b2529
research_20260521_500-0456,0xad59fa698f0fb8b7778bfe3b5c2a4245315347bafac9b16f37aa118e81f979cd,0xad59fa698f0fb8b7778bfe3b5c2a4245315347bafac9b16f37aa118e81f979cd,True,True,True,True,True,True,,2026-05-21,0xebcb58042d48b919f625932d411defdf4bef8193728afd4fc569200ebd3b2529
research_20260521_500-0457,0x27f030c716b848ec49e19007f2706e8c58c053fc48a61ad2cd0e4deffb0183ef,0x27f030c716b848ec49e19007f2706e8c58c053fc48a61ad2cd0e4deffb0183ef,True,True,True,True,True,True,,2026-05-21,0xebcb58042d48b919f625932d411defdf4bef8193728afd4fc569200ebd3b2529
research_20260521_500-0458,0x8fa190f3e554cbc0e39c608de2bd962a7a4cef5e4549e1e69c25bd531c6f36e1,0x8fa190f3e554cbc0e39c608de2bd962a7a4cef5e4549e1e69c25bd531c6f36e1,True,True,True,True,True,True,,2026-05-21,0xebcb58042d48b919f625932d411defdf4bef8193728afd4fc569200ebd3b2529
research_20260521_500-0459,0x0b6a0ade2db6d2fe0a2f77a0957d33c7e69b51280cc94eb2f87a38a87fd367c2,0x0b6a0ade2db6d2fe0a2f77a0957d33c7e69b51280cc94eb2f87a38a87fd367c2,True,True,True,True,True,True,,2026-05-21,0xebcb58042d48b919f625932d411defdf4bef8193728afd4fc569200ebd3b2529
research_20260521_500-0460,0xd810f0ad081e4ed953b9518513ef6b53477c331092dc8ca3e5a6b4a894d689ba,0xd810f0ad081e4ed953b9518513ef6b53477c331092dc8ca3e5a6b4a894d689ba,True,True,True,True,True,True,,2026-05-21,0xebcb58042d48b919f625932d411defdf4bef8193728afd4fc569200ebd3b2529
research_20260521_500-0461,0xe98ef3876498ea8c35d6153785524ef3e6a30ebc8a57e4c8407967dc962e4179,0xe98ef3876498ea8c35d6153785524ef3e6a30ebc8a57e4c8407967dc962e4179,True,True,True,True,True,True,,2026-05-21,0xebcb58042d48b919f625932d411defdf4bef8193728afd4fc569200ebd3b2529
research_20260521_500-0462,0x6b02492b154ea6893bf2e2d33bbd021bfb6493b93eeb102303f8aa02a4efd8d6,0x6b02492b154ea6893bf2e2d33bbd021bfb6493b93eeb102303f8aa02a4efd8d6,True,True,True,True,True,True,,2026-05-21,0xebcb58042d48b919f625932d411defdf4bef8193728afd4fc569200ebd3b2529
research_20260521_500-0463,0x5f35f958d26948204bb65618aac875a1c56d9688249ca1c11d770a9ad2f3f8ec,0x5f35f958d26948204bb65618aac875a1c56d9688249ca1c11d770a9ad2f3f8ec,True,True,True,True,True,True,,2026-05-21,0xebcb58042d48b919f625932d411defdf4bef8193728afd4fc569200ebd3b2529
research_20260521_500-0464,0xa049bb76c7d8209c3f4fca27bdfbdbc8eff6bb6872debf4bf7fdacca5d111718,0xa049bb76c7d8209c3f4fca27bdfbdbc8eff6bb6872debf4bf7fdacca5d111718,True,True,True,True,True,True,,2026-05-21,0xebcb58042d48b919f625932d411defdf4bef8193728afd4fc569200ebd3b2529
research_20260521_500-0465,0x7bf8ae7ae5e641548811971639890e2d89ff713024524aee396d8ed7caf8bfd6,0x7bf8ae7ae5e641548811971639890e2d89ff713024524aee396d8ed7caf8bfd6,True,True,True,True,True,True,,2026-05-21,0xebcb58042d48b919f625932d411defdf4bef8193728afd4fc569200ebd3b2529
research_20260521_500-0466,0xd685b555a6ecd2662c7a9fe0f5e8918c1bbc3dd073a777717f32026059dfbbd3,0xd685b555a6ecd2662c7a9fe0f5e8918c1bbc3dd073a777717f32026059dfbbd3,True,True,True,True,True,True,,2026-05-21,0xebcb58042d48b919f625932d411defdf4bef8193728afd4fc569200ebd3b2529
research_20260521_500-0467,0xe634413b98799596273e36516553940cc2bb6312564e157878483bd0c498262b,0xe634413b98799596273e36516553940cc2bb6312564e157878483bd0c498262b,True,True,True,True,True,True,,2026-05-21,0xebcb58042d48b919f625932d411defdf4bef8193728afd4fc569200ebd3b2529
research_20260521_500-0468,0x8417a7b2c010f6aaf4e6f4db567bbe31a92d743a3a4e9e0c7bdc3a41e566b8f1,0x8417a7b2c010f6aaf4e6f4db567bbe31a92d743a3a4e9e0c7bdc3a41e566b8f1,True,True,True,True,True,True,,2026-05-21,0xebcb58042d48b919f625932d411defdf4bef8193728afd4fc569200ebd3b2529
research_20260521_500-0469,0xf55f415525922f90a9d9b7656c91f723224d1bc55fafdc15c8a7545064294aea,0xf55f415525922f90a9d9b7656c91f723224d1bc55fafdc15c8a7545064294aea,True,True,True,True,True,True,,2026-05-21,0xebcb58042d48b919f625932d411defdf4bef8193728afd4fc569200ebd3b2529
research_20260521_500-0470,0x38acd0f29629d552a8d2fa41568b92c01a92ef49fec5f8c699252ace2637e285,0x38acd0f29629d552a8d2fa41568b92c01a92ef49fec5f8c699252ace2637e285,True,True,True,True,True,True,,2026-05-21,0xebcb58042d48b919f625932d411defdf4bef8193728afd4fc569200ebd3b2529
research_20260521_500-0471,0xf6c880b38167f588fbcf26432e10a3514c8af768ee97a676fa72134032beabc6,0xf6c880b38167f588fbcf26432e10a3514c8af768ee97a676fa72134032beabc6,True,True,True,True,True,True,,2026-05-21,0xebcb58042d48b919f625932d411defdf4bef8193728afd4fc569200ebd3b2529
research_20260521_500-0472,0xb94a69a80039a4bc389c1e26489fec18ef6704c46c201d24b0cfa3bad98e6b44,0xb94a69a80039a4bc389c1e26489fec18ef6704c46c201d24b0cfa3bad98e6b44,True,True,True,True,True,True,,2026-05-21,0xebcb58042d48b919f625932d411defdf4bef8193728afd4fc569200ebd3b2529
research_20260521_500-0473,0x264d6daeaa68144ab93c95c92e7c51b68efe7b37956e67956bfef22b0ea7fdcf,0x264d6daeaa68144ab93c95c92e7c51b68efe7b37956e67956bfef22b0ea7fdcf,True,True,True,True,True,True,,2026-05-21,0xebcb58042d48b919f625932d411defdf4bef8193728afd4fc569200ebd3b2529
research_20260521_500-0474,0x667e18f9d88cf7ebf875f84c36868566781a8d9e2fc51f25ffdab0881adc9bd8,0x667e18f9d88cf7ebf875f84c36868566781a8d9e2fc51f25ffdab0881adc9bd8,True,True,True,True,True,True,,2026-05-21,0xebcb58042d48b919f625932d411defdf4bef8193728afd4fc569200ebd3b2529
research_20260521_500-0475,0xb9e5416d47fd2e22fb95d547f5619131cdbd761376c4216079496f2281abf3e1,0xb9e5416d47fd2e22fb95d547f5619131cdbd761376c4216079496f2281abf3e1,True,True,True,True,True,True,,2026-05-21,0xebcb58042d48b919f625932d411defdf4bef8193728afd4fc569200ebd3b2529
research_20260521_500-0476,0xacf58b32b5cf7da49a954cba92de3c4a9ad0e3c487a9a79507e5362f0313d684,0xacf58b32b5cf7da49a954cba92de3c4a9ad0e3c487a9a79507e5362f0313d684,True,True,True,True,True,True,,2026-05-21,0xebcb58042d48b919f625932d411defdf4bef8193728afd4fc569200ebd3b2529
research_20260521_500-0477,0xe336070b6a6300f5789aea321df9c621ce058224f9c6f0551aa20e4e67abe944,0xe336070b6a6300f5789aea321df9c621ce058224f9c6f0551aa20e4e67abe944,True,True,True,True,True,True,,2026-05-21,0xebcb58042d48b919f625932d411defdf4bef8193728afd4fc569200ebd3b2529
research_20260521_500-0478,0xaf42227ad9a85904a63a6d12632e6ae0a514c1ffc767e7b79e95c38ea432a9dd,0xaf42227ad9a85904a63a6d12632e6ae0a514c1ffc767e7b79e95c38ea432a9dd,True,True,True,True,True,True,,2026-05-21,0xebcb58042d48b919f625932d411defdf4bef8193728afd4fc569200ebd3b2529
research_20260521_500-0479,0x4f7cae40a5f1cbc2fd5b59672dea5089ce9c82b107b91d172a80e7d99f5042f0,0x4f7cae40a5f1cbc2fd5b59672dea5089ce9c82b107b91d172a80e7d99f5042f0,True,True,True,True,True,True,,2026-05-21,0xebcb58042d48b919f625932d411defdf4bef8193728afd4fc569200ebd3b2529
research_20260521_500-0480,0x42609ea8ddca3ee8e7178d6f2ff512d4ffddf5a804a8e50b7048e25ecf124293,0x42609ea8ddca3ee8e7178d6f2ff512d4ffddf5a804a8e50b7048e25ecf124293,True,True,True,True,True,True,,2026-05-21,0xebcb58042d48b919f625932d411defdf4bef8193728afd4fc569200ebd3b2529
research_20260521_500-0481,0x9703a748f824bede15d4313acd4999985aea2b37af07925602827d029cf2865c,0x9703a748f824bede15d4313acd4999985aea2b37af07925602827d029cf2865c,True,True,True,True,True,True,,2026-05-21,0xebcb58042d48b919f625932d411defdf4bef8193728afd4fc569200ebd3b2529
research_20260521_500-0482,0x2bd1d03db754788d154a7c2750fe574dd5f98fff4dcf42c9c7635d9432506482,0x2bd1d03db754788d154a7c2750fe574dd5f98fff4dcf42c9c7635d9432506482,True,True,True,True,True,True,,2026-05-21,0xebcb58042d48b919f625932d411defdf4bef8193728afd4fc569200ebd3b2529
research_20260521_500-0483,0x00662f28455bcc7ce28b8ce0d99da3d1154c4a62e95e99c0e383c0c24ea5d2f9,0x00662f28455bcc7ce28b8ce0d99da3d1154c4a62e95e99c0e383c0c24ea5d2f9,True,True,True,True,True,True,,2026-05-21,0xebcb58042d48b919f625932d411defdf4bef8193728afd4fc569200ebd3b2529
research_20260521_500-0484,0x32dd228f041820669af91804d8a88bf182bd761972e48ea633442d1b5b323272,0x32dd228f041820669af91804d8a88bf182bd761972e48ea633442d1b5b323272,True,True,True,True,True,True,,2026-05-21,0xebcb58042d48b919f625932d411defdf4bef8193728afd4fc569200ebd3b2529
research_20260521_500-0485,0x392b72b4d9f296c71865c51e45f72d6664c1023c9b2d5f57ffadfc2c39c61842,0x392b72b4d9f296c71865c51e45f72d6664c1023c9b2d5f57ffadfc2c39c61842,True,True,True,True,True,True,,2026-05-21,0xebcb58042d48b919f625932d411defdf4bef8193728afd4fc569200ebd3b2529
research_20260521_500-0486,0x5356517af144f5188d2b4bbbd6c1e8edd847ef578fcdc2d862f72aadb170c6cc,0x5356517af144f5188d2b4bbbd6c1e8edd847ef578fcdc2d862f72aadb170c6cc,True,True,True,True,True,True,,2026-05-21,0xebcb58042d48b919f625932d411defdf4bef8193728afd4fc569200ebd3b2529
research_20260521_500-0487,0x7d1a5c938b268f120667468f50ae9f50861d464ff59cc7a19eab20fcd1ac8ae6,0x7d1a5c938b268f120667468f50ae9f50861d464ff59cc7a19eab20fcd1ac8ae6,True,True,True,True,True,True,,2026-05-21,0xebcb58042d48b919f625932d411defdf4bef8193728afd4fc569200ebd3b2529
research_20260521_500-0488,0xa96ff68c122f72f2d9a09d027a24391361472d9dd515f69d2b05b7355f48c00f,0xa96ff68c122f72f2d9a09d027a24391361472d9dd515f69d2b05b7355f48c00f,True,True,True,True,True,True,,2026-05-21,0xebcb58042d48b919f625932d411defdf4bef8193728afd4fc569200ebd3b2529
research_20260521_500-0489,0x39da66de9185eff6a5d0e5f6775f1fb458be34d95ae3c65bd86e896a4efbd596,0x39da66de9185eff6a5d0e5f6775f1fb458be34d95ae3c65bd86e896a4efbd596,True,True,True,True,True,True,,2026-05-21,0xebcb58042d48b919f625932d411defdf4bef8193728afd4fc569200ebd3b2529
research_20260521_500-0490,0x97f8dbea7ac10bd461e818c1fb985269f65778cfd6a246843c5fbda4f201d2aa,0x97f8dbea7ac10bd461e818c1fb985269f65778cfd6a246843c5fbda4f201d2aa,True,True,True,True,True,True,,2026-05-21,0xebcb58042d48b919f625932d411defdf4bef8193728afd4fc569200ebd3b2529
research_20260521_500-0491,0xeb407649b97d5267bcfed3847c09ce5263fea2012d09b9cdfc88974f4d7daab1,0xeb407649b97d5267bcfed3847c09ce5263fea2012d09b9cdfc88974f4d7daab1,True,True,True,True,True,True,,2026-05-21,0xebcb58042d48b919f625932d411defdf4bef8193728afd4fc569200ebd3b2529
research_20260521_500-0492,0x634c7a0a0bc39e17305e0ca90b6cf6cf2ba49520a1481dfb1b3d0a6b80bf84ba,0x634c7a0a0bc39e17305e0ca90b6cf6cf2ba49520a1481dfb1b3d0a6b80bf84ba,True,True,True,True,True,True,,2026-05-21,0xebcb58042d48b919f625932d411defdf4bef8193728afd4fc569200ebd3b2529
research_20260521_500-0493,0xa0c0ea2c84d261aec3501040ea246c0c03920c785c18301387c8799490c959d6,0xa0c0ea2c84d261aec3501040ea246c0c03920c785c18301387c8799490c959d6,True,True,True,True,True,True,,2026-05-21,0xebcb58042d48b919f625932d411defdf4bef8193728afd4fc569200ebd3b2529
research_20260521_500-0494,0x8258597662862617f189c77ff430f4bbb3c5af099b52d85227743c1f978084c2,0x8258597662862617f189c77ff430f4bbb3c5af099b52d85227743c1f978084c2,True,True,True,True,True,True,,2026-05-21,0xebcb58042d48b919f625932d411defdf4bef8193728afd4fc569200ebd3b2529
research_20260521_500-0495,0xaad12401dcea949cc95046887b8e4b91bc4b9c01d78e39bf9ba01d8a022fcda4,0xaad12401dcea949cc95046887b8e4b91bc4b9c01d78e39bf9ba01d8a022fcda4,True,True,True,True,True,True,,2026-05-21,0xebcb58042d48b919f625932d411defdf4bef8193728afd4fc569200ebd3b2529
research_20260521_500-0496,0xa3b051ebe15b38eb3cd8dd486e1a7d7b62d681ef3295cabd83914a51d7642e15,0xa3b051ebe15b38eb3cd8dd486e1a7d7b62d681ef3295cabd83914a51d7642e15,True,True,True,True,True,True,,2026-05-21,0xebcb58042d48b919f625932d411defdf4bef8193728afd4fc569200ebd3b2529
research_20260521_500-0497,0x2a478cbeb5d04a485c0096f712968690c0f533adfd71abcfda0dcc68abf67232,0x2a478cbeb5d04a485c0096f712968690c0f533adfd71abcfda0dcc68abf67232,True,True,True,True,True,True,,2026-05-21,0xebcb58042d48b919f625932d411defdf4bef8193728afd4fc569200ebd3b2529
research_20260521_500-0498,0xd52a832cbbec9c17cc91e434bcbb7cc1b19cbbbbd52020faedb9487813c2b05b,0xd52a832cbbec9c17cc91e434bcbb7cc1b19cbbbbd52020faedb9487813c2b05b,True,True,True,True,True,True,,2026-05-21,0xebcb58042d48b919f625932d411defdf4bef8193728afd4fc569200ebd3b2529
research_20260521_500-0499,0x9830061119c91913649d4ca114698dbca3b08c916ecc6f34350d5e4b310a4567,0x9830061119c91913649d4ca114698dbca3b08c916ecc6f34350d5e4b310a4567,True,True,True,True,True,True,,2026-05-21,0xebcb58042d48b919f625932d411defdf4bef8193728afd4fc569200ebd3b2529
research_20260521_500-0500,0xc3624fd051d64849e989f2df03aadd2899c53bbc9f0dd3c7066e3d6114fea09b,0xc3624fd051d64849e989f2df03aadd2899c53bbc9f0dd3c7066e3d6114fea09b,True,True,True,True,True,True,,2026-05-21,0xebcb58042d48b919f625932d411defdf4bef8193728afd4fc569200ebd3b2529
