session_id,ts,energy_kwh,import_kwh,export_kwh
run_20260521_224941-0001,2026-05-23T23:22:59.070749Z,0.0,0.0,0.0
run_20260521_224941-0001,2026-05-23T23:27:59.070749Z,0.596,0.596,0.0
run_20260521_224941-0001,2026-05-23T23:32:59.070749Z,1.12,1.12,0.0
run_20260521_224941-0001,2026-05-23T23:37:59.070749Z,1.708,1.708,0.0
run_20260521_224941-0001,2026-05-23T23:42:59.070749Z,2.299,2.299,0.0
run_20260521_224941-0001,2026-05-23T23:47:59.070749Z,2.936,2.936,0.0
run_20260521_224941-0001,2026-05-23T23:52:59.070749Z,2.311,2.936,0.624
run_20260521_224941-0001,2026-05-23T23:57:59.070749Z,2.85,3.474,0.624
run_20260521_224941-0001,2026-05-24T00:02:59.070749Z,3.404,4.028,0.624
run_20260521_224941-0002,2026-05-23T13:12:08.338401Z,0.0,0.0,0.0
run_20260521_224941-0002,2026-05-23T13:17:08.338401Z,0.634,0.634,0.0
run_20260521_224941-0002,2026-05-23T13:22:08.338401Z,1.287,1.287,0.0
run_20260521_224941-0002,2026-05-23T13:27:08.338401Z,1.88,1.88,0.0
run_20260521_224941-0002,2026-05-23T13:32:08.338401Z,2.521,2.521,0.0
run_20260521_224941-0002,2026-05-23T13:37:08.338401Z,3.123,3.123,0.0
run_20260521_224941-0002,2026-05-23T13:42:08.338401Z,3.695,3.695,0.0
run_20260521_224941-0002,2026-05-23T13:47:08.338401Z,4.254,4.254,0.0
run_20260521_224941-0002,2026-05-23T13:52:08.338401Z,4.893,4.893,0.0
run_20260521_224941-0003,2026-05-23T11:06:49.892898Z,0.0,0.0,0.0
run_20260521_224941-0003,2026-05-23T11:11:49.892898Z,0.64,0.64,0.0
run_20260521_224941-0003,2026-05-23T11:16:49.892898Z,1.167,1.167,0.0
run_20260521_224941-0003,2026-05-23T11:21:49.892898Z,1.818,1.818,0.0
run_20260521_224941-0003,2026-05-23T11:26:49.892898Z,2.357,2.357,0.0
run_20260521_224941-0003,2026-05-23T11:31:49.892898Z,2.952,2.952,0.0
run_20260521_224941-0003,2026-05-23T11:36:49.892898Z,3.535,3.535,0.0
run_20260521_224941-0003,2026-05-23T11:41:49.892898Z,4.141,4.141,0.0
run_20260521_224941-0003,2026-05-23T11:46:49.892898Z,4.791,4.791,0.0
run_20260521_224941-0003,2026-05-23T11:51:49.892898Z,5.429,5.429,0.0
run_20260521_224941-0003,2026-05-23T11:56:49.892898Z,6.05,6.05,0.0
run_20260521_224941-0003,2026-05-23T12:01:49.892898Z,6.689,6.689,0.0
run_20260521_224941-0003,2026-05-23T12:06:49.892898Z,7.318,7.318,0.0
run_20260521_224941-0004,2026-05-23T18:57:18.592541Z,0.0,0.0,0.0
run_20260521_224941-0004,2026-05-23T19:02:18.592541Z,1.683,1.683,0.0
run_20260521_224941-0004,2026-05-23T19:07:18.592541Z,3.315,3.315,0.0
run_20260521_224941-0004,2026-05-23T19:12:18.592541Z,5.289,5.289,0.0
run_20260521_224941-0004,2026-05-23T19:17:18.592541Z,7.383,7.383,0.0
run_20260521_224941-0004,2026-05-23T19:22:18.592541Z,9.309,9.309,0.0
run_20260521_224941-0004,2026-05-23T19:27:18.592541Z,11.296,11.296,0.0
run_20260521_224941-0004,2026-05-23T19:32:18.592541Z,13.391,13.391,0.0
run_20260521_224941-0004,2026-05-23T19:37:18.592541Z,15.207,15.207,0.0
run_20260521_224941-0005,2026-05-23T18:29:10.246582Z,0.0,0.0,0.0
run_20260521_224941-0005,2026-05-23T18:34:10.246582Z,-1.102,0.0,1.102
run_20260521_224941-0005,2026-05-23T18:39:10.246582Z,-2.101,0.0,2.101
run_20260521_224941-0005,2026-05-23T18:44:10.246582Z,-2.884,0.0,2.884
run_20260521_224941-0005,2026-05-23T18:49:10.246582Z,-3.741,0.0,3.741
run_20260521_224941-0006,2026-05-23T20:33:15.894586Z,0.0,0.0,0.0
run_20260521_224941-0006,2026-05-23T20:38:15.894586Z,0.503,0.503,0.0
run_20260521_224941-0006,2026-05-23T20:43:15.894586Z,1.079,1.079,0.0
run_20260521_224941-0006,2026-05-23T20:48:15.894586Z,1.608,1.608,0.0
run_20260521_224941-0006,2026-05-23T20:53:15.894586Z,2.242,2.242,0.0
run_20260521_224941-0006,2026-05-23T20:58:15.894586Z,2.709,2.709,0.0
run_20260521_224941-0006,2026-05-23T21:03:15.894586Z,3.466,3.466,0.0
run_20260521_224941-0007,2026-05-23T03:19:00.708605Z,0.0,0.0,0.0
run_20260521_224941-0007,2026-05-23T03:24:00.708605Z,1.685,1.685,0.0
run_20260521_224941-0007,2026-05-23T03:29:00.708605Z,-0.046,1.685,1.73
run_20260521_224941-0007,2026-05-23T03:34:00.708605Z,-1.709,1.685,3.394
run_20260521_224941-0007,2026-05-23T03:39:00.708605Z,-3.426,1.685,5.111
run_20260521_224941-0007,2026-05-23T03:44:00.708605Z,-1.595,3.516,5.111
run_20260521_224941-0007,2026-05-23T03:49:00.708605Z,0.471,5.582,5.111
run_20260521_224941-0008,2026-05-23T05:57:44.158115Z,0.0,0.0,0.0
run_20260521_224941-0008,2026-05-23T06:02:44.158115Z,0.696,0.696,0.0
run_20260521_224941-0008,2026-05-23T06:07:44.158115Z,1.298,1.298,0.0
run_20260521_224941-0008,2026-05-23T06:12:44.158115Z,1.868,1.868,0.0
run_20260521_224941-0008,2026-05-23T06:17:44.158115Z,1.425,1.868,0.443
run_20260521_224941-0008,2026-05-23T06:22:44.158115Z,0.82,1.868,1.048
run_20260521_224941-0008,2026-05-23T06:27:44.158115Z,1.348,2.396,1.048
run_20260521_224941-0008,2026-05-23T06:32:44.158115Z,2.014,3.062,1.048
run_20260521_224941-0008,2026-05-23T06:37:44.158115Z,2.667,3.714,1.048
run_20260521_224941-0009,2026-05-23T05:40:59.066874Z,0.0,0.0,0.0
run_20260521_224941-0009,2026-05-23T05:45:59.066874Z,1.661,1.661,0.0
run_20260521_224941-0009,2026-05-23T05:50:59.066874Z,3.37,3.37,0.0
run_20260521_224941-0009,2026-05-23T05:55:59.066874Z,5.337,5.337,0.0
run_20260521_224941-0009,2026-05-23T06:00:59.066874Z,7.282,7.282,0.0
run_20260521_224941-0009,2026-05-23T06:05:59.066874Z,9.447,9.447,0.0
run_20260521_224941-0009,2026-05-23T06:10:59.066874Z,11.25,11.25,0.0
run_20260521_224941-0009,2026-05-23T06:15:59.066874Z,13.092,13.092,0.0
run_20260521_224941-0009,2026-05-23T06:20:59.066874Z,15.061,15.061,0.0
run_20260521_224941-0009,2026-05-23T06:25:59.066874Z,16.827,16.827,0.0
run_20260521_224941-0009,2026-05-23T06:30:59.066874Z,18.629,18.629,0.0
run_20260521_224941-0009,2026-05-23T06:35:59.066874Z,20.425,20.425,0.0
run_20260521_224941-0009,2026-05-23T06:40:59.066874Z,21.923,21.923,0.0
run_20260521_224941-0009,2026-05-23T06:45:59.066874Z,23.98,23.98,0.0
run_20260521_224941-0009,2026-05-23T06:50:59.066874Z,25.782,25.782,0.0
run_20260521_224941-0009,2026-05-23T06:55:59.066874Z,27.805,27.805,0.0
run_20260521_224941-0010,2026-05-23T13:49:40.881967Z,0.0,0.0,0.0
run_20260521_224941-0010,2026-05-23T13:54:40.881967Z,2.025,2.025,0.0
run_20260521_224941-0010,2026-05-23T13:59:40.881967Z,3.751,3.751,0.0
run_20260521_224941-0010,2026-05-23T14:04:40.881967Z,5.315,5.315,0.0
run_20260521_224941-0010,2026-05-23T14:09:40.881967Z,6.928,6.928,0.0
run_20260521_224941-0010,2026-05-23T14:14:40.881967Z,8.924,8.924,0.0
run_20260521_224941-0010,2026-05-23T14:19:40.881967Z,10.482,10.482,0.0
run_20260521_224941-0011,2026-05-23T23:28:42.639935Z,0.0,0.0,0.0
run_20260521_224941-0011,2026-05-23T23:33:42.639935Z,0.692,0.692,0.0
run_20260521_224941-0011,2026-05-23T23:38:42.639935Z,1.386,1.386,0.0
run_20260521_224941-0011,2026-05-23T23:43:42.639935Z,1.99,1.99,0.0
run_20260521_224941-0011,2026-05-23T23:48:42.639935Z,2.611,2.611,0.0
run_20260521_224941-0011,2026-05-23T23:53:42.639935Z,3.219,3.219,0.0
run_20260521_224941-0011,2026-05-23T23:58:42.639935Z,3.872,3.872,0.0
run_20260521_224941-0011,2026-05-24T00:03:42.639935Z,4.482,4.482,0.0
run_20260521_224941-0011,2026-05-24T00:08:42.639935Z,5.034,5.034,0.0
run_20260521_224941-0011,2026-05-24T00:13:42.639935Z,5.63,5.63,0.0
run_20260521_224941-0011,2026-05-24T00:18:42.639935Z,6.155,6.155,0.0
run_20260521_224941-0011,2026-05-24T00:23:42.639935Z,6.762,6.762,0.0
run_20260521_224941-0011,2026-05-24T00:28:42.639935Z,7.342,7.342,0.0
run_20260521_224941-0011,2026-05-24T00:33:42.639935Z,7.819,7.819,0.0
run_20260521_224941-0011,2026-05-24T00:38:42.639935Z,8.379,8.379,0.0
run_20260521_224941-0011,2026-05-24T00:43:42.639935Z,8.959,8.959,0.0
run_20260521_224941-0012,2026-05-23T08:10:03.890442Z,0.0,0.0,0.0
run_20260521_224941-0012,2026-05-23T08:15:03.890442Z,-0.937,0.0,0.937
run_20260521_224941-0012,2026-05-23T08:20:03.890442Z,-1.83,0.0,1.83
run_20260521_224941-0012,2026-05-23T08:25:03.890442Z,-2.672,0.0,2.672
run_20260521_224941-0012,2026-05-23T08:30:03.890442Z,-3.48,0.0,3.48
run_20260521_224941-0012,2026-05-23T08:35:03.890442Z,-4.534,0.0,4.534
run_20260521_224941-0012,2026-05-23T08:40:03.890442Z,-5.505,0.0,5.505
run_20260521_224941-0012,2026-05-23T08:45:03.890442Z,-6.436,0.0,6.436
run_20260521_224941-0012,2026-05-23T08:50:03.890442Z,-7.311,0.0,7.311
run_20260521_224941-0013,2026-05-23T19:34:46.633708Z,0.0,0.0,0.0
run_20260521_224941-0013,2026-05-23T19:39:46.633708Z,0.697,0.697,0.0
run_20260521_224941-0013,2026-05-23T19:44:46.633708Z,1.347,1.347,0.0
run_20260521_224941-0013,2026-05-23T19:49:46.633708Z,1.964,1.964,0.0
run_20260521_224941-0013,2026-05-23T19:54:46.633708Z,2.542,2.542,0.0
run_20260521_224941-0013,2026-05-23T19:59:46.633708Z,3.099,3.099,0.0
run_20260521_224941-0013,2026-05-23T20:04:46.633708Z,3.638,3.638,0.0
run_20260521_224941-0013,2026-05-23T20:09:46.633708Z,4.264,4.264,0.0
run_20260521_224941-0013,2026-05-23T20:14:46.633708Z,4.867,4.867,0.0
run_20260521_224941-0013,2026-05-23T20:19:46.633708Z,5.468,5.468,0.0
run_20260521_224941-0013,2026-05-23T20:24:46.633708Z,6.024,6.024,0.0
run_20260521_224941-0013,2026-05-23T20:29:46.633708Z,6.566,6.566,0.0
run_20260521_224941-0013,2026-05-23T20:34:46.633708Z,7.205,7.205,0.0
run_20260521_224941-0014,2026-05-23T00:20:09.315897Z,0.0,0.0,0.0
run_20260521_224941-0014,2026-05-23T00:25:09.315897Z,0.94,0.94,0.0
run_20260521_224941-0014,2026-05-23T00:30:09.315897Z,-0.036,0.94,0.976
run_20260521_224941-0014,2026-05-23T00:35:09.315897Z,-1.092,0.94,2.033
run_20260521_224941-0014,2026-05-23T00:40:09.315897Z,-2.063,0.94,3.003
run_20260521_224941-0014,2026-05-23T00:45:09.315897Z,-3.053,0.94,3.993
run_20260521_224941-0014,2026-05-23T00:50:09.315897Z,-2.107,1.887,3.993
run_20260521_224941-0014,2026-05-23T00:55:09.315897Z,-1.091,2.903,3.993
run_20260521_224941-0014,2026-05-23T01:00:09.315897Z,-0.142,3.852,3.993
run_20260521_224941-0015,2026-05-23T03:33:04.004082Z,0.0,0.0,0.0
run_20260521_224941-0015,2026-05-23T03:38:04.004082Z,2.114,2.114,0.0
run_20260521_224941-0015,2026-05-23T03:43:04.004082Z,0.018,2.114,2.097
run_20260521_224941-0015,2026-05-23T03:48:04.004082Z,1.857,3.954,2.097
run_20260521_224941-0015,2026-05-23T03:53:04.004082Z,3.936,6.033,2.097
run_20260521_224941-0016,2026-05-23T11:26:11.573378Z,0.0,0.0,0.0
run_20260521_224941-0016,2026-05-23T11:31:11.573378Z,0.581,0.581,0.0
run_20260521_224941-0016,2026-05-23T11:36:11.573378Z,1.225,1.225,0.0
run_20260521_224941-0016,2026-05-23T11:41:11.573378Z,1.884,1.884,0.0
run_20260521_224941-0016,2026-05-23T11:46:11.573378Z,2.547,2.547,0.0
run_20260521_224941-0016,2026-05-23T11:51:11.573378Z,3.014,3.014,0.0
run_20260521_224941-0016,2026-05-23T11:56:11.573378Z,3.651,3.651,0.0
run_20260521_224941-0016,2026-05-23T12:01:11.573378Z,4.258,4.258,0.0
run_20260521_224941-0016,2026-05-23T12:06:11.573378Z,4.855,4.855,0.0
run_20260521_224941-0017,2026-05-23T11:04:48.387486Z,0.0,0.0,0.0
run_20260521_224941-0017,2026-05-23T11:09:48.387486Z,0.981,0.981,0.0
run_20260521_224941-0017,2026-05-23T11:14:48.387486Z,0.124,0.981,0.856
run_20260521_224941-0017,2026-05-23T11:19:48.387486Z,-0.887,0.981,1.868
run_20260521_224941-0017,2026-05-23T11:24:48.387486Z,-1.949,0.981,2.93
run_20260521_224941-0017,2026-05-23T11:29:48.387486Z,-2.83,0.981,3.81
run_20260521_224941-0017,2026-05-23T11:34:48.387486Z,-3.626,0.981,4.606
run_20260521_224941-0017,2026-05-23T11:39:48.387486Z,-4.675,0.981,5.656
run_20260521_224941-0017,2026-05-23T11:44:48.387486Z,-3.769,1.887,5.656
run_20260521_224941-0017,2026-05-23T11:49:48.387486Z,-2.684,2.972,5.656
run_20260521_224941-0017,2026-05-23T11:54:48.387486Z,-1.759,3.897,5.656
run_20260521_224941-0017,2026-05-23T11:59:48.387486Z,-0.884,4.772,5.656
run_20260521_224941-0017,2026-05-23T12:04:48.387486Z,0.162,5.818,5.656
run_20260521_224941-0017,2026-05-23T12:09:48.387486Z,1.124,6.78,5.656
run_20260521_224941-0017,2026-05-23T12:14:48.387486Z,2.022,7.678,5.656
run_20260521_224941-0017,2026-05-23T12:19:48.387486Z,2.972,8.628,5.656
run_20260521_224941-0018,2026-05-23T06:45:38.307031Z,0.0,0.0,0.0
run_20260521_224941-0018,2026-05-23T06:50:38.307031Z,1.891,1.891,0.0
run_20260521_224941-0018,2026-05-23T06:55:38.307031Z,3.706,3.706,0.0
run_20260521_224941-0018,2026-05-23T07:00:38.307031Z,5.751,5.751,0.0
run_20260521_224941-0018,2026-05-23T07:05:38.307031Z,7.878,7.878,0.0
run_20260521_224941-0018,2026-05-23T07:10:38.307031Z,9.512,9.512,0.0
run_20260521_224941-0018,2026-05-23T07:15:38.307031Z,11.507,11.507,0.0
run_20260521_224941-0019,2026-05-23T08:41:33.404201Z,0.0,0.0,0.0
run_20260521_224941-0019,2026-05-23T08:46:33.404201Z,0.635,0.635,0.0
run_20260521_224941-0019,2026-05-23T08:51:33.404201Z,1.174,1.174,0.0
run_20260521_224941-0019,2026-05-23T08:56:33.404201Z,1.754,1.754,0.0
run_20260521_224941-0019,2026-05-23T09:01:33.404201Z,2.378,2.378,0.0
run_20260521_224941-0019,2026-05-23T09:06:33.404201Z,2.979,2.979,0.0
run_20260521_224941-0019,2026-05-23T09:11:33.404201Z,3.676,3.676,0.0
run_20260521_224941-0019,2026-05-23T09:16:33.404201Z,4.189,4.189,0.0
run_20260521_224941-0019,2026-05-23T09:21:33.404201Z,4.68,4.68,0.0
run_20260521_224941-0020,2026-05-23T16:35:06.478566Z,0.0,0.0,0.0
run_20260521_224941-0020,2026-05-23T16:40:06.478566Z,0.868,0.868,0.0
run_20260521_224941-0020,2026-05-23T16:45:06.478566Z,1.912,1.912,0.0
run_20260521_224941-0020,2026-05-23T16:50:06.478566Z,0.899,1.912,1.013
run_20260521_224941-0020,2026-05-23T16:55:06.478566Z,1.885,2.898,1.013
run_20260521_224941-0021,2026-05-23T03:13:58.067847Z,0.0,0.0,0.0
run_20260521_224941-0021,2026-05-23T03:18:58.067847Z,0.854,0.854,0.0
run_20260521_224941-0021,2026-05-23T03:23:58.067847Z,-0.081,0.854,0.936
run_20260521_224941-0021,2026-05-23T03:28:58.067847Z,-0.906,0.854,1.76
run_20260521_224941-0021,2026-05-23T03:33:58.067847Z,-1.75,0.854,2.605
run_20260521_224941-0021,2026-05-23T03:38:58.067847Z,-0.964,1.64,2.605
run_20260521_224941-0021,2026-05-23T03:43:58.067847Z,-0.047,2.557,2.605
run_20260521_224941-0022,2026-05-23T18:38:41.726804Z,0.0,0.0,0.0
run_20260521_224941-0022,2026-05-23T18:43:41.726804Z,-0.971,0.0,0.971
run_20260521_224941-0022,2026-05-23T18:48:41.726804Z,-1.906,0.0,1.906
run_20260521_224941-0022,2026-05-23T18:53:41.726804Z,-2.759,0.0,2.759
run_20260521_224941-0022,2026-05-23T18:58:41.726804Z,-3.735,0.0,3.735
run_20260521_224941-0022,2026-05-23T19:03:41.726804Z,-4.661,0.0,4.661
run_20260521_224941-0022,2026-05-23T19:08:41.726804Z,-5.491,0.0,5.491
run_20260521_224941-0022,2026-05-23T19:13:41.726804Z,-6.569,0.0,6.569
run_20260521_224941-0022,2026-05-23T19:18:41.726804Z,-7.558,0.0,7.558
run_20260521_224941-0022,2026-05-23T19:23:41.726804Z,-8.46,0.0,8.46
run_20260521_224941-0022,2026-05-23T19:28:41.726804Z,-9.318,0.0,9.318
run_20260521_224941-0022,2026-05-23T19:33:41.726804Z,-10.163,0.0,10.163
run_20260521_224941-0022,2026-05-23T19:38:41.726804Z,-11.192,0.0,11.192
run_20260521_224941-0023,2026-05-23T10:02:57.047005Z,0.0,0.0,0.0
run_20260521_224941-0023,2026-05-23T10:07:57.047005Z,0.591,0.591,0.0
run_20260521_224941-0023,2026-05-23T10:12:57.047005Z,1.184,1.184,0.0
run_20260521_224941-0023,2026-05-23T10:17:57.047005Z,0.636,1.184,0.548
run_20260521_224941-0023,2026-05-23T10:22:57.047005Z,0.092,1.184,1.092
run_20260521_224941-0023,2026-05-23T10:27:57.047005Z,-0.463,1.184,1.648
run_20260521_224941-0023,2026-05-23T10:32:57.047005Z,-1.004,1.184,2.188
run_20260521_224941-0023,2026-05-23T10:37:57.047005Z,-0.352,1.836,2.188
run_20260521_224941-0023,2026-05-23T10:42:57.047005Z,0.245,2.433,2.188
run_20260521_224941-0024,2026-05-23T15:14:31.264838Z,0.0,0.0,0.0
run_20260521_224941-0024,2026-05-23T15:19:31.264838Z,2.121,2.121,0.0
run_20260521_224941-0024,2026-05-23T15:24:31.264838Z,3.761,3.761,0.0
run_20260521_224941-0024,2026-05-23T15:29:31.264838Z,5.405,5.405,0.0
run_20260521_224941-0024,2026-05-23T15:34:31.264838Z,7.517,7.517,0.0
run_20260521_224941-0025,2026-05-23T07:15:01.193014Z,0.0,0.0,0.0
run_20260521_224941-0025,2026-05-23T07:20:01.193014Z,0.691,0.691,0.0
run_20260521_224941-0025,2026-05-23T07:25:01.193014Z,1.253,1.253,0.0
run_20260521_224941-0025,2026-05-23T07:30:01.193014Z,0.687,1.253,0.566
run_20260521_224941-0025,2026-05-23T07:35:01.193014Z,0.088,1.253,1.165
run_20260521_224941-0025,2026-05-23T07:40:01.193014Z,-0.511,1.253,1.764
run_20260521_224941-0025,2026-05-23T07:45:01.193014Z,-1.097,1.253,2.35
run_20260521_224941-0025,2026-05-23T07:50:01.193014Z,-1.759,1.253,3.011
run_20260521_224941-0025,2026-05-23T07:55:01.193014Z,-2.282,1.253,3.535
run_20260521_224941-0025,2026-05-23T08:00:01.193014Z,-2.84,1.253,4.093
run_20260521_224941-0025,2026-05-23T08:05:01.193014Z,-2.303,1.79,4.093
run_20260521_224941-0025,2026-05-23T08:10:01.193014Z,-1.689,2.404,4.093
run_20260521_224941-0025,2026-05-23T08:15:01.193014Z,-1.074,3.019,4.093
run_20260521_224941-0025,2026-05-23T08:20:01.193014Z,-0.407,3.685,4.093
run_20260521_224941-0025,2026-05-23T08:25:01.193014Z,0.28,4.372,4.093
run_20260521_224941-0025,2026-05-23T08:30:01.193014Z,0.817,4.91,4.093
run_20260521_224941-0026,2026-05-23T15:56:19.734733Z,0.0,0.0,0.0
run_20260521_224941-0026,2026-05-23T16:01:19.734733Z,-1.869,0.0,1.869
run_20260521_224941-0026,2026-05-23T16:06:19.734733Z,-3.606,0.0,3.606
run_20260521_224941-0026,2026-05-23T16:11:19.734733Z,-5.944,0.0,5.944
run_20260521_224941-0026,2026-05-23T16:16:19.734733Z,-7.928,0.0,7.928
run_20260521_224941-0026,2026-05-23T16:21:19.734733Z,-9.521,0.0,9.521
run_20260521_224941-0026,2026-05-23T16:26:19.734733Z,-11.153,0.0,11.153
run_20260521_224941-0027,2026-05-23T06:44:34.912901Z,0.0,0.0,0.0
run_20260521_224941-0027,2026-05-23T06:49:34.912901Z,-1.001,0.0,1.001
run_20260521_224941-0027,2026-05-23T06:54:34.912901Z,-2.029,0.0,2.029
run_20260521_224941-0027,2026-05-23T06:59:34.912901Z,-3.088,0.0,3.088
run_20260521_224941-0027,2026-05-23T07:04:34.912901Z,-3.891,0.0,3.891
run_20260521_224941-0027,2026-05-23T07:09:34.912901Z,-4.927,0.0,4.927
run_20260521_224941-0027,2026-05-23T07:14:34.912901Z,-5.739,0.0,5.739
run_20260521_224941-0027,2026-05-23T07:19:34.912901Z,-6.688,0.0,6.688
run_20260521_224941-0027,2026-05-23T07:24:34.912901Z,-7.767,0.0,7.767
run_20260521_224941-0027,2026-05-23T07:29:34.912901Z,-8.649,0.0,8.649
run_20260521_224941-0027,2026-05-23T07:34:34.912901Z,-9.47,0.0,9.47
run_20260521_224941-0027,2026-05-23T07:39:34.912901Z,-10.195,0.0,10.195
run_20260521_224941-0027,2026-05-23T07:44:34.912901Z,-11.039,0.0,11.039
run_20260521_224941-0028,2026-05-23T00:16:26.092055Z,0.0,0.0,0.0
run_20260521_224941-0028,2026-05-23T00:21:26.092055Z,1.015,1.015,0.0
run_20260521_224941-0028,2026-05-23T00:26:26.092055Z,1.852,1.852,0.0
run_20260521_224941-0028,2026-05-23T00:31:26.092055Z,2.748,2.748,0.0
run_20260521_224941-0028,2026-05-23T00:36:26.092055Z,3.558,3.558,0.0
run_20260521_224941-0028,2026-05-23T00:41:26.092055Z,4.53,4.53,0.0
run_20260521_224941-0028,2026-05-23T00:46:26.092055Z,5.346,5.346,0.0
run_20260521_224941-0028,2026-05-23T00:51:26.092055Z,6.383,6.383,0.0
run_20260521_224941-0028,2026-05-23T00:56:26.092055Z,7.209,7.209,0.0
run_20260521_224941-0028,2026-05-23T01:01:26.092055Z,8.056,8.056,0.0
run_20260521_224941-0028,2026-05-23T01:06:26.092055Z,8.983,8.983,0.0
run_20260521_224941-0028,2026-05-23T01:11:26.092055Z,9.902,9.902,0.0
run_20260521_224941-0028,2026-05-23T01:16:26.092055Z,10.95,10.95,0.0
run_20260521_224941-0028,2026-05-23T01:21:26.092055Z,11.877,11.877,0.0
run_20260521_224941-0028,2026-05-23T01:26:26.092055Z,12.683,12.683,0.0
run_20260521_224941-0028,2026-05-23T01:31:26.092055Z,13.549,13.549,0.0
run_20260521_224941-0029,2026-05-23T16:18:37.093289Z,0.0,0.0,0.0
run_20260521_224941-0029,2026-05-23T16:23:37.093289Z,0.566,0.566,0.0
run_20260521_224941-0029,2026-05-23T16:28:37.093289Z,1.133,1.133,0.0
run_20260521_224941-0029,2026-05-23T16:33:37.093289Z,1.645,1.645,0.0
run_20260521_224941-0029,2026-05-23T16:38:37.093289Z,2.302,2.302,0.0
run_20260521_224941-0029,2026-05-23T16:43:37.093289Z,2.926,2.926,0.0
run_20260521_224941-0029,2026-05-23T16:48:37.093289Z,3.466,3.466,0.0
run_20260521_224941-0029,2026-05-23T16:53:37.093289Z,2.882,3.466,0.584
run_20260521_224941-0029,2026-05-23T16:58:37.093289Z,2.265,3.466,1.2
run_20260521_224941-0029,2026-05-23T17:03:37.093289Z,1.605,3.466,1.861
run_20260521_224941-0029,2026-05-23T17:08:37.093289Z,0.939,3.466,2.526
run_20260521_224941-0029,2026-05-23T17:13:37.093289Z,1.495,4.021,2.526
run_20260521_224941-0029,2026-05-23T17:18:37.093289Z,2.055,4.581,2.526
run_20260521_224941-0029,2026-05-23T17:23:37.093289Z,2.543,5.07,2.526
run_20260521_224941-0029,2026-05-23T17:28:37.093289Z,3.149,5.676,2.526
run_20260521_224941-0029,2026-05-23T17:33:37.093289Z,3.691,6.217,2.526
run_20260521_224941-0030,2026-05-23T03:30:02.097071Z,0.0,0.0,0.0
run_20260521_224941-0030,2026-05-23T03:35:02.097071Z,1.594,1.594,0.0
run_20260521_224941-0030,2026-05-23T03:40:02.097071Z,3.357,3.357,0.0
run_20260521_224941-0030,2026-05-23T03:45:02.097071Z,5.214,5.214,0.0
run_20260521_224941-0030,2026-05-23T03:50:02.097071Z,7.174,7.174,0.0
run_20260521_224941-0030,2026-05-23T03:55:02.097071Z,8.966,8.966,0.0
run_20260521_224941-0030,2026-05-23T04:00:02.097071Z,10.817,10.817,0.0
run_20260521_224941-0030,2026-05-23T04:05:02.097071Z,12.508,12.508,0.0
run_20260521_224941-0030,2026-05-23T04:10:02.097071Z,14.578,14.578,0.0
run_20260521_224941-0030,2026-05-23T04:15:02.097071Z,16.321,16.321,0.0
run_20260521_224941-0030,2026-05-23T04:20:02.097071Z,18.216,18.216,0.0
run_20260521_224941-0030,2026-05-23T04:25:02.097071Z,19.956,19.956,0.0
run_20260521_224941-0030,2026-05-23T04:30:02.097071Z,21.809,21.809,0.0
run_20260521_224941-0031,2026-05-23T10:26:16.532667Z,0.0,0.0,0.0
run_20260521_224941-0031,2026-05-23T10:31:16.532667Z,0.644,0.644,0.0
run_20260521_224941-0031,2026-05-23T10:36:16.532667Z,1.294,1.294,0.0
run_20260521_224941-0031,2026-05-23T10:41:16.532667Z,1.95,1.95,0.0
run_20260521_224941-0031,2026-05-23T10:46:16.532667Z,2.568,2.568,0.0
run_20260521_224941-0032,2026-05-23T17:18:18.628409Z,0.0,0.0,0.0
run_20260521_224941-0032,2026-05-23T17:23:18.628409Z,0.767,0.767,0.0
run_20260521_224941-0032,2026-05-23T17:28:18.628409Z,1.712,1.712,0.0
run_20260521_224941-0032,2026-05-23T17:33:18.628409Z,2.842,2.842,0.0
run_20260521_224941-0032,2026-05-23T17:38:18.628409Z,3.832,3.832,0.0
run_20260521_224941-0032,2026-05-23T17:43:18.628409Z,4.754,4.754,0.0
run_20260521_224941-0032,2026-05-23T17:48:18.628409Z,5.705,5.705,0.0
run_20260521_224941-0032,2026-05-23T17:53:18.628409Z,6.647,6.647,0.0
run_20260521_224941-0032,2026-05-23T17:58:18.628409Z,7.556,7.556,0.0
run_20260521_224941-0032,2026-05-23T18:03:18.628409Z,8.541,8.541,0.0
run_20260521_224941-0032,2026-05-23T18:08:18.628409Z,9.471,9.471,0.0
run_20260521_224941-0032,2026-05-23T18:13:18.628409Z,10.455,10.455,0.0
run_20260521_224941-0032,2026-05-23T18:18:18.628409Z,11.264,11.264,0.0
run_20260521_224941-0033,2026-05-23T01:14:13.793280Z,0.0,0.0,0.0
run_20260521_224941-0033,2026-05-23T01:19:13.793280Z,1.462,1.462,0.0
run_20260521_224941-0033,2026-05-23T01:24:13.793280Z,3.004,3.004,0.0
run_20260521_224941-0033,2026-05-23T01:29:13.793280Z,1.233,3.004,1.771
run_20260521_224941-0033,2026-05-23T01:34:13.793280Z,-0.288,3.004,3.292
run_20260521_224941-0033,2026-05-23T01:39:13.793280Z,-2.203,3.004,5.207
run_20260521_224941-0033,2026-05-23T01:44:13.793280Z,-0.234,4.973,5.207
run_20260521_224941-0033,2026-05-23T01:49:13.793280Z,1.228,6.435,5.207
run_20260521_224941-0033,2026-05-23T01:54:13.793280Z,2.861,8.068,5.207
run_20260521_224941-0033,2026-05-23T01:59:13.793280Z,4.338,9.546,5.207
run_20260521_224941-0033,2026-05-23T02:04:13.793280Z,5.988,11.195,5.207
run_20260521_224941-0033,2026-05-23T02:09:13.793280Z,7.512,12.719,5.207
run_20260521_224941-0033,2026-05-23T02:14:13.793280Z,9.654,14.861,5.207
run_20260521_224941-0034,2026-05-23T21:32:15.727209Z,0.0,0.0,0.0
run_20260521_224941-0034,2026-05-23T21:37:15.727209Z,2.215,2.215,0.0
run_20260521_224941-0034,2026-05-23T21:42:15.727209Z,4.411,4.411,0.0
run_20260521_224941-0034,2026-05-23T21:47:15.727209Z,6.279,6.279,0.0
run_20260521_224941-0034,2026-05-23T21:52:15.727209Z,7.947,7.947,0.0
run_20260521_224941-0034,2026-05-23T21:57:15.727209Z,9.621,9.621,0.0
run_20260521_224941-0034,2026-05-23T22:02:15.727209Z,11.531,11.531,0.0
run_20260521_224941-0034,2026-05-23T22:07:15.727209Z,13.197,13.197,0.0
run_20260521_224941-0034,2026-05-23T22:12:15.727209Z,15.024,15.024,0.0
run_20260521_224941-0035,2026-05-23T08:43:45.446833Z,0.0,0.0,0.0
run_20260521_224941-0035,2026-05-23T08:48:45.446833Z,1.975,1.975,0.0
run_20260521_224941-0035,2026-05-23T08:53:45.446833Z,3.777,3.777,0.0
run_20260521_224941-0035,2026-05-23T08:58:45.446833Z,5.692,5.692,0.0
run_20260521_224941-0035,2026-05-23T09:03:45.446833Z,7.313,7.313,0.0
run_20260521_224941-0035,2026-05-23T09:08:45.446833Z,8.951,8.951,0.0
run_20260521_224941-0035,2026-05-23T09:13:45.446833Z,10.805,10.805,0.0
run_20260521_224941-0035,2026-05-23T09:18:45.446833Z,12.621,12.621,0.0
run_20260521_224941-0035,2026-05-23T09:23:45.446833Z,14.31,14.31,0.0
run_20260521_224941-0035,2026-05-23T09:28:45.446833Z,12.271,14.31,2.039
run_20260521_224941-0035,2026-05-23T09:33:45.446833Z,10.715,14.31,3.595
run_20260521_224941-0035,2026-05-23T09:38:45.446833Z,12.872,16.468,3.595
run_20260521_224941-0035,2026-05-23T09:43:45.446833Z,14.902,18.497,3.595
run_20260521_224941-0036,2026-05-23T15:54:35.332041Z,0.0,0.0,0.0
run_20260521_224941-0036,2026-05-23T15:59:35.332041Z,0.941,0.941,0.0
run_20260521_224941-0036,2026-05-23T16:04:35.332041Z,1.778,1.778,0.0
run_20260521_224941-0036,2026-05-23T16:09:35.332041Z,2.799,2.799,0.0
run_20260521_224941-0036,2026-05-23T16:14:35.332041Z,3.618,3.618,0.0
run_20260521_224941-0036,2026-05-23T16:19:35.332041Z,4.533,4.533,0.0
run_20260521_224941-0036,2026-05-23T16:24:35.332041Z,3.603,4.533,0.93
run_20260521_224941-0036,2026-05-23T16:29:35.332041Z,2.65,4.533,1.883
run_20260521_224941-0036,2026-05-23T16:34:35.332041Z,3.554,5.437,1.883
run_20260521_224941-0036,2026-05-23T16:39:35.332041Z,4.451,6.334,1.883
run_20260521_224941-0036,2026-05-23T16:44:35.332041Z,5.263,7.146,1.883
run_20260521_224941-0036,2026-05-23T16:49:35.332041Z,6.187,8.07,1.883
run_20260521_224941-0036,2026-05-23T16:54:35.332041Z,6.964,8.847,1.883
run_20260521_224941-0037,2026-05-23T21:45:00.190512Z,0.0,0.0,0.0
run_20260521_224941-0037,2026-05-23T21:50:00.190512Z,0.875,0.875,0.0
run_20260521_224941-0037,2026-05-23T21:55:00.190512Z,1.905,1.905,0.0
run_20260521_224941-0037,2026-05-23T22:00:00.190512Z,2.71,2.71,0.0
run_20260521_224941-0037,2026-05-23T22:05:00.190512Z,3.646,3.646,0.0
run_20260521_224941-0037,2026-05-23T22:10:00.190512Z,4.427,4.427,0.0
run_20260521_224941-0037,2026-05-23T22:15:00.190512Z,5.412,5.412,0.0
run_20260521_224941-0038,2026-05-23T17:56:58.722376Z,0.0,0.0,0.0
run_20260521_224941-0038,2026-05-23T18:01:58.722376Z,1.53,1.53,0.0
run_20260521_224941-0038,2026-05-23T18:06:58.722376Z,3.294,3.294,0.0
run_20260521_224941-0038,2026-05-23T18:11:58.722376Z,1.41,3.294,1.884
run_20260521_224941-0038,2026-05-23T18:16:58.722376Z,3.361,5.245,1.884
run_20260521_224941-0039,2026-05-23T09:39:37.280020Z,0.0,0.0,0.0
run_20260521_224941-0039,2026-05-23T09:44:37.280020Z,-0.57,0.0,0.57
run_20260521_224941-0039,2026-05-23T09:49:37.280020Z,-1.259,0.0,1.259
run_20260521_224941-0039,2026-05-23T09:54:37.280020Z,-0.646,0.613,1.259
run_20260521_224941-0039,2026-05-23T09:59:37.280020Z,-0.033,1.226,1.259
run_20260521_224941-0040,2026-05-23T08:40:28.061799Z,0.0,0.0,0.0
run_20260521_224941-0040,2026-05-23T08:45:28.061799Z,0.54,0.54,0.0
run_20260521_224941-0040,2026-05-23T08:50:28.061799Z,1.109,1.109,0.0
run_20260521_224941-0040,2026-05-23T08:55:28.061799Z,1.674,1.674,0.0
run_20260521_224941-0040,2026-05-23T09:00:28.061799Z,2.288,2.288,0.0
run_20260521_224941-0040,2026-05-23T09:05:28.061799Z,3.023,3.023,0.0
run_20260521_224941-0040,2026-05-23T09:10:28.061799Z,3.668,3.668,0.0
run_20260521_224941-0040,2026-05-23T09:15:28.061799Z,4.158,4.158,0.0
run_20260521_224941-0040,2026-05-23T09:20:28.061799Z,4.774,4.774,0.0
run_20260521_224941-0040,2026-05-23T09:25:28.061799Z,5.354,5.354,0.0
run_20260521_224941-0040,2026-05-23T09:30:28.061799Z,5.968,5.968,0.0
run_20260521_224941-0040,2026-05-23T09:35:28.061799Z,6.554,6.554,0.0
run_20260521_224941-0040,2026-05-23T09:40:28.061799Z,7.14,7.14,0.0
run_20260521_224941-0041,2026-05-23T00:07:45.474198Z,0.0,0.0,0.0
run_20260521_224941-0041,2026-05-23T00:12:45.474198Z,1.579,1.579,0.0
run_20260521_224941-0041,2026-05-23T00:17:45.474198Z,3.211,3.211,0.0
run_20260521_224941-0041,2026-05-23T00:22:45.474198Z,5.078,5.078,0.0
run_20260521_224941-0041,2026-05-23T00:27:45.474198Z,7.132,7.132,0.0
run_20260521_224941-0042,2026-05-23T00:13:21.299096Z,0.0,0.0,0.0
run_20260521_224941-0042,2026-05-23T00:18:21.299096Z,1.601,1.601,0.0
run_20260521_224941-0042,2026-05-23T00:23:21.299096Z,3.243,3.243,0.0
run_20260521_224941-0042,2026-05-23T00:28:21.299096Z,5.195,5.195,0.0
run_20260521_224941-0042,2026-05-23T00:33:21.299096Z,6.988,6.988,0.0
run_20260521_224941-0042,2026-05-23T00:38:21.299096Z,8.886,8.886,0.0
run_20260521_224941-0042,2026-05-23T00:43:21.299096Z,10.981,10.981,0.0
run_20260521_224941-0042,2026-05-23T00:48:21.299096Z,12.877,12.877,0.0
run_20260521_224941-0042,2026-05-23T00:53:21.299096Z,14.805,14.805,0.0
run_20260521_224941-0043,2026-05-23T12:42:19.561814Z,0.0,0.0,0.0
run_20260521_224941-0043,2026-05-23T12:47:19.561814Z,0.639,0.639,0.0
run_20260521_224941-0043,2026-05-23T12:52:19.561814Z,0.021,0.639,0.619
run_20260521_224941-0043,2026-05-23T12:57:19.561814Z,-0.57,0.639,1.209
run_20260521_224941-0043,2026-05-23T13:02:19.561814Z,0.136,1.345,1.209
run_20260521_224941-0044,2026-05-23T21:13:43.327467Z,0.0,0.0,0.0
run_20260521_224941-0044,2026-05-23T21:18:43.327467Z,1.933,1.933,0.0
run_20260521_224941-0044,2026-05-23T21:23:43.327467Z,0.052,1.933,1.881
run_20260521_224941-0044,2026-05-23T21:28:43.327467Z,-1.674,1.933,3.607
run_20260521_224941-0044,2026-05-23T21:33:43.327467Z,0.445,4.051,3.607
run_20260521_224941-0044,2026-05-23T21:38:43.327467Z,2.141,5.747,3.607
run_20260521_224941-0044,2026-05-23T21:43:43.327467Z,3.91,7.517,3.607
run_20260521_224941-0045,2026-05-23T01:21:32.772800Z,0.0,0.0,0.0
run_20260521_224941-0045,2026-05-23T01:26:32.772800Z,1.879,1.879,0.0
run_20260521_224941-0045,2026-05-23T01:31:32.772800Z,3.738,3.738,0.0
run_20260521_224941-0045,2026-05-23T01:36:32.772800Z,5.424,5.424,0.0
run_20260521_224941-0045,2026-05-23T01:41:32.772800Z,7.324,7.324,0.0
run_20260521_224941-0045,2026-05-23T01:46:32.772800Z,9.157,9.157,0.0
run_20260521_224941-0045,2026-05-23T01:51:32.772800Z,11.071,11.071,0.0
run_20260521_224941-0045,2026-05-23T01:56:32.772800Z,13.243,13.243,0.0
run_20260521_224941-0045,2026-05-23T02:01:32.772800Z,14.994,14.994,0.0
run_20260521_224941-0045,2026-05-23T02:06:32.772800Z,16.426,16.426,0.0
run_20260521_224941-0045,2026-05-23T02:11:32.772800Z,18.055,18.055,0.0
run_20260521_224941-0045,2026-05-23T02:16:32.772800Z,20.162,20.162,0.0
run_20260521_224941-0045,2026-05-23T02:21:32.772800Z,21.995,21.995,0.0
run_20260521_224941-0045,2026-05-23T02:26:32.772800Z,23.822,23.822,0.0
run_20260521_224941-0045,2026-05-23T02:31:32.772800Z,25.707,25.707,0.0
run_20260521_224941-0045,2026-05-23T02:36:32.772800Z,27.548,27.548,0.0
run_20260521_224941-0046,2026-05-23T13:31:19.537117Z,0.0,0.0,0.0
run_20260521_224941-0046,2026-05-23T13:36:19.537117Z,0.532,0.532,0.0
run_20260521_224941-0046,2026-05-23T13:41:19.537117Z,1.088,1.088,0.0
run_20260521_224941-0046,2026-05-23T13:46:19.537117Z,1.717,1.717,0.0
run_20260521_224941-0046,2026-05-23T13:51:19.537117Z,2.345,2.345,0.0
run_20260521_224941-0046,2026-05-23T13:56:19.537117Z,2.967,2.967,0.0
run_20260521_224941-0046,2026-05-23T14:01:19.537117Z,3.507,3.507,0.0
run_20260521_224941-0046,2026-05-23T14:06:19.537117Z,4.144,4.144,0.0
run_20260521_224941-0046,2026-05-23T14:11:19.537117Z,4.712,4.712,0.0
run_20260521_224941-0046,2026-05-23T14:16:19.537117Z,5.261,5.261,0.0
run_20260521_224941-0046,2026-05-23T14:21:19.537117Z,5.862,5.862,0.0
run_20260521_224941-0046,2026-05-23T14:26:19.537117Z,6.445,6.445,0.0
run_20260521_224941-0046,2026-05-23T14:31:19.537117Z,7.084,7.084,0.0
run_20260521_224941-0047,2026-05-23T04:11:06.289638Z,0.0,0.0,0.0
run_20260521_224941-0047,2026-05-23T04:16:06.289638Z,1.907,1.907,0.0
run_20260521_224941-0047,2026-05-23T04:21:06.289638Z,3.681,3.681,0.0
run_20260521_224941-0047,2026-05-23T04:26:06.289638Z,5.528,5.528,0.0
run_20260521_224941-0047,2026-05-23T04:31:06.289638Z,7.108,7.108,0.0
run_20260521_224941-0048,2026-05-23T17:34:26.341013Z,0.0,0.0,0.0
run_20260521_224941-0048,2026-05-23T17:39:26.341013Z,-0.902,0.0,0.902
run_20260521_224941-0048,2026-05-23T17:44:26.341013Z,-1.804,0.0,1.804
run_20260521_224941-0048,2026-05-23T17:49:26.341013Z,-2.676,0.0,2.676
run_20260521_224941-0048,2026-05-23T17:54:26.341013Z,-3.717,0.0,3.717
run_20260521_224941-0048,2026-05-23T17:59:26.341013Z,-4.612,0.0,4.612
run_20260521_224941-0048,2026-05-23T18:04:26.341013Z,-5.532,0.0,5.532
run_20260521_224941-0049,2026-05-23T00:10:08.983156Z,0.0,0.0,0.0
run_20260521_224941-0049,2026-05-23T00:15:08.983156Z,0.97,0.97,0.0
run_20260521_224941-0049,2026-05-23T00:20:08.983156Z,1.855,1.855,0.0
run_20260521_224941-0049,2026-05-23T00:25:08.983156Z,2.73,2.73,0.0
run_20260521_224941-0049,2026-05-23T00:30:08.983156Z,3.716,3.716,0.0
run_20260521_224941-0050,2026-05-23T18:08:01.649715Z,0.0,0.0,0.0
run_20260521_224941-0050,2026-05-23T18:13:01.649715Z,-0.58,0.0,0.58
run_20260521_224941-0050,2026-05-23T18:18:01.649715Z,-1.243,0.0,1.243
run_20260521_224941-0050,2026-05-23T18:23:01.649715Z,-1.809,0.0,1.809
run_20260521_224941-0050,2026-05-23T18:28:01.649715Z,-2.496,0.0,2.496
run_20260521_224941-0050,2026-05-23T18:33:01.649715Z,-3.013,0.0,3.013
run_20260521_224941-0050,2026-05-23T18:38:01.649715Z,-3.596,0.0,3.596
run_20260521_224941-0050,2026-05-23T18:43:01.649715Z,-4.301,0.0,4.301
run_20260521_224941-0050,2026-05-23T18:48:01.649715Z,-4.78,0.0,4.78
run_20260521_224941-0050,2026-05-23T18:53:01.649715Z,-5.451,0.0,5.451
run_20260521_224941-0050,2026-05-23T18:58:01.649715Z,-5.94,0.0,5.94
run_20260521_224941-0050,2026-05-23T19:03:01.649715Z,-6.535,0.0,6.535
run_20260521_224941-0050,2026-05-23T19:08:01.649715Z,-7.125,0.0,7.125
run_20260521_224941-0050,2026-05-23T19:13:01.649715Z,-7.774,0.0,7.774
run_20260521_224941-0050,2026-05-23T19:18:01.649715Z,-8.185,0.0,8.185
run_20260521_224941-0050,2026-05-23T19:23:01.649715Z,-8.67,0.0,8.67
run_20260521_224941-0051,2026-05-23T15:42:01.291438Z,0.0,0.0,0.0
run_20260521_224941-0051,2026-05-23T15:47:01.291438Z,-2.171,0.0,2.171
run_20260521_224941-0051,2026-05-23T15:52:01.291438Z,-3.853,0.0,3.853
run_20260521_224941-0051,2026-05-23T15:57:01.291438Z,-5.821,0.0,5.821
run_20260521_224941-0051,2026-05-23T16:02:01.291438Z,-7.638,0.0,7.638
run_20260521_224941-0051,2026-05-23T16:07:01.291438Z,-9.203,0.0,9.203
run_20260521_224941-0051,2026-05-23T16:12:01.291438Z,-11.279,0.0,11.279
run_20260521_224941-0051,2026-05-23T16:17:01.291438Z,-12.976,0.0,12.976
run_20260521_224941-0051,2026-05-23T16:22:01.291438Z,-14.895,0.0,14.895
run_20260521_224941-0051,2026-05-23T16:27:01.291438Z,-16.328,0.0,16.328
run_20260521_224941-0051,2026-05-23T16:32:01.291438Z,-18.23,0.0,18.23
run_20260521_224941-0051,2026-05-23T16:37:01.291438Z,-19.662,0.0,19.662
run_20260521_224941-0051,2026-05-23T16:42:01.291438Z,-21.867,0.0,21.867
run_20260521_224941-0051,2026-05-23T16:47:01.291438Z,-23.77,0.0,23.77
run_20260521_224941-0051,2026-05-23T16:52:01.291438Z,-25.346,0.0,25.346
run_20260521_224941-0051,2026-05-23T16:57:01.291438Z,-27.453,0.0,27.453
run_20260521_224941-0052,2026-05-23T03:00:09.951682Z,0.0,0.0,0.0
run_20260521_224941-0052,2026-05-23T03:05:09.951682Z,0.727,0.727,0.0
run_20260521_224941-0052,2026-05-23T03:10:09.951682Z,1.234,1.234,0.0
run_20260521_224941-0052,2026-05-23T03:15:09.951682Z,1.86,1.86,0.0
run_20260521_224941-0052,2026-05-23T03:20:09.951682Z,2.386,2.386,0.0
run_20260521_224941-0052,2026-05-23T03:25:09.951682Z,3.033,3.033,0.0
run_20260521_224941-0052,2026-05-23T03:30:09.951682Z,3.671,3.671,0.0
run_20260521_224941-0052,2026-05-23T03:35:09.951682Z,4.327,4.327,0.0
run_20260521_224941-0052,2026-05-23T03:40:09.951682Z,4.98,4.98,0.0
run_20260521_224941-0052,2026-05-23T03:45:09.951682Z,5.57,5.57,0.0
run_20260521_224941-0052,2026-05-23T03:50:09.951682Z,6.139,6.139,0.0
run_20260521_224941-0052,2026-05-23T03:55:09.951682Z,6.658,6.658,0.0
run_20260521_224941-0052,2026-05-23T04:00:09.951682Z,7.328,7.328,0.0
run_20260521_224941-0053,2026-05-23T03:02:46.107297Z,0.0,0.0,0.0
run_20260521_224941-0053,2026-05-23T03:07:46.107297Z,-1.546,0.0,1.546
run_20260521_224941-0053,2026-05-23T03:12:46.107297Z,-3.375,0.0,3.375
run_20260521_224941-0053,2026-05-23T03:17:46.107297Z,-1.737,1.638,3.375
run_20260521_224941-0053,2026-05-23T03:22:46.107297Z,0.308,3.683,3.375
run_20260521_224941-0054,2026-05-23T22:52:46.380306Z,0.0,0.0,0.0
run_20260521_224941-0054,2026-05-23T22:57:46.380306Z,-0.992,0.0,0.992
run_20260521_224941-0054,2026-05-23T23:02:46.380306Z,-1.846,0.0,1.846
run_20260521_224941-0054,2026-05-23T23:07:46.380306Z,-2.792,0.0,2.792
run_20260521_224941-0054,2026-05-23T23:12:46.380306Z,-3.591,0.0,3.591
run_20260521_224941-0055,2026-05-23T09:06:37.024158Z,0.0,0.0,0.0
run_20260521_224941-0055,2026-05-23T09:11:37.024158Z,0.989,0.989,0.0
run_20260521_224941-0055,2026-05-23T09:16:37.024158Z,1.97,1.97,0.0
run_20260521_224941-0055,2026-05-23T09:21:37.024158Z,2.966,2.966,0.0
run_20260521_224941-0055,2026-05-23T09:26:37.024158Z,3.881,3.881,0.0
run_20260521_224941-0055,2026-05-23T09:31:37.024158Z,4.868,4.868,0.0
run_20260521_224941-0055,2026-05-23T09:36:37.024158Z,5.95,5.95,0.0
run_20260521_224941-0056,2026-05-23T01:17:51.641142Z,0.0,0.0,0.0
run_20260521_224941-0056,2026-05-23T01:22:51.641142Z,0.926,0.926,0.0
run_20260521_224941-0056,2026-05-23T01:27:51.641142Z,1.781,1.781,0.0
run_20260521_224941-0056,2026-05-23T01:32:51.641142Z,2.73,2.73,0.0
run_20260521_224941-0056,2026-05-23T01:37:51.641142Z,3.681,3.681,0.0
run_20260521_224941-0056,2026-05-23T01:42:51.641142Z,4.547,4.547,0.0
run_20260521_224941-0056,2026-05-23T01:47:51.641142Z,5.385,5.385,0.0
run_20260521_224941-0056,2026-05-23T01:52:51.641142Z,6.371,6.371,0.0
run_20260521_224941-0056,2026-05-23T01:57:51.641142Z,7.298,7.298,0.0
run_20260521_224941-0056,2026-05-23T02:02:51.641142Z,8.333,8.333,0.0
run_20260521_224941-0056,2026-05-23T02:07:51.641142Z,8.994,8.994,0.0
run_20260521_224941-0056,2026-05-23T02:12:51.641142Z,9.78,9.78,0.0
run_20260521_224941-0056,2026-05-23T02:17:51.641142Z,10.626,10.626,0.0
run_20260521_224941-0056,2026-05-23T02:22:51.641142Z,11.785,11.785,0.0
run_20260521_224941-0056,2026-05-23T02:27:51.641142Z,12.662,12.662,0.0
run_20260521_224941-0056,2026-05-23T02:32:51.641142Z,13.517,13.517,0.0
run_20260521_224941-0057,2026-05-23T02:07:42.695199Z,0.0,0.0,0.0
run_20260521_224941-0057,2026-05-23T02:12:42.695199Z,0.937,0.937,0.0
run_20260521_224941-0057,2026-05-23T02:17:42.695199Z,2.018,2.018,0.0
run_20260521_224941-0057,2026-05-23T02:22:42.695199Z,2.946,2.946,0.0
run_20260521_224941-0057,2026-05-23T02:27:42.695199Z,3.921,3.921,0.0
run_20260521_224941-0057,2026-05-23T02:32:42.695199Z,4.837,4.837,0.0
run_20260521_224941-0057,2026-05-23T02:37:42.695199Z,5.907,5.907,0.0
run_20260521_224941-0057,2026-05-23T02:42:42.695199Z,6.839,6.839,0.0
run_20260521_224941-0057,2026-05-23T02:47:42.695199Z,7.618,7.618,0.0
run_20260521_224941-0057,2026-05-23T02:52:42.695199Z,8.562,8.562,0.0
run_20260521_224941-0057,2026-05-23T02:57:42.695199Z,9.51,9.51,0.0
run_20260521_224941-0057,2026-05-23T03:02:42.695199Z,10.409,10.409,0.0
run_20260521_224941-0057,2026-05-23T03:07:42.695199Z,11.307,11.307,0.0
run_20260521_224941-0058,2026-05-23T21:49:12.476336Z,0.0,0.0,0.0
run_20260521_224941-0058,2026-05-23T21:54:12.476336Z,0.939,0.939,0.0
run_20260521_224941-0058,2026-05-23T21:59:12.476336Z,1.899,1.899,0.0
run_20260521_224941-0058,2026-05-23T22:04:12.476336Z,2.579,2.579,0.0
run_20260521_224941-0058,2026-05-23T22:09:12.476336Z,3.435,3.435,0.0
run_20260521_224941-0058,2026-05-23T22:14:12.476336Z,4.153,4.153,0.0
run_20260521_224941-0058,2026-05-23T22:19:12.476336Z,5.031,5.031,0.0
run_20260521_224941-0058,2026-05-23T22:24:12.476336Z,5.981,5.981,0.0
run_20260521_224941-0058,2026-05-23T22:29:12.476336Z,6.836,6.836,0.0
run_20260521_224941-0059,2026-05-23T04:40:54.308665Z,0.0,0.0,0.0
run_20260521_224941-0059,2026-05-23T04:45:54.308665Z,0.706,0.706,0.0
run_20260521_224941-0059,2026-05-23T04:50:54.308665Z,1.284,1.284,0.0
run_20260521_224941-0059,2026-05-23T04:55:54.308665Z,1.813,1.813,0.0
run_20260521_224941-0059,2026-05-23T05:00:54.308665Z,2.493,2.493,0.0
run_20260521_224941-0059,2026-05-23T05:05:54.308665Z,3.167,3.167,0.0
run_20260521_224941-0059,2026-05-23T05:10:54.308665Z,3.773,3.773,0.0
run_20260521_224941-0059,2026-05-23T05:15:54.308665Z,3.259,3.773,0.514
run_20260521_224941-0059,2026-05-23T05:20:54.308665Z,2.634,3.773,1.139
run_20260521_224941-0059,2026-05-23T05:25:54.308665Z,3.197,4.336,1.139
run_20260521_224941-0059,2026-05-23T05:30:54.308665Z,3.727,4.866,1.139
run_20260521_224941-0059,2026-05-23T05:35:54.308665Z,4.389,5.528,1.139
run_20260521_224941-0059,2026-05-23T05:40:54.308665Z,4.861,6.0,1.139
run_20260521_224941-0060,2026-05-23T02:45:42.109373Z,0.0,0.0,0.0
run_20260521_224941-0060,2026-05-23T02:50:42.109373Z,0.923,0.923,0.0
run_20260521_224941-0060,2026-05-23T02:55:42.109373Z,1.872,1.872,0.0
run_20260521_224941-0060,2026-05-23T03:00:42.109373Z,2.878,2.878,0.0
run_20260521_224941-0060,2026-05-23T03:05:42.109373Z,3.615,3.615,0.0
run_20260521_224941-0060,2026-05-23T03:10:42.109373Z,4.502,4.502,0.0
run_20260521_224941-0060,2026-05-23T03:15:42.109373Z,5.507,5.507,0.0
run_20260521_224941-0060,2026-05-23T03:20:42.109373Z,6.566,6.566,0.0
run_20260521_224941-0060,2026-05-23T03:25:42.109373Z,7.653,7.653,0.0
run_20260521_224941-0060,2026-05-23T03:30:42.109373Z,8.534,8.534,0.0
run_20260521_224941-0060,2026-05-23T03:35:42.109373Z,9.551,9.551,0.0
run_20260521_224941-0060,2026-05-23T03:40:42.109373Z,10.625,10.625,0.0
run_20260521_224941-0060,2026-05-23T03:45:42.109373Z,11.651,11.651,0.0
run_20260521_224941-0060,2026-05-23T03:50:42.109373Z,12.634,12.634,0.0
run_20260521_224941-0060,2026-05-23T03:55:42.109373Z,13.627,13.627,0.0
run_20260521_224941-0060,2026-05-23T04:00:42.109373Z,14.471,14.471,0.0
run_20260521_224941-0061,2026-05-23T02:44:00.249071Z,0.0,0.0,0.0
run_20260521_224941-0061,2026-05-23T02:49:00.249071Z,0.784,0.784,0.0
run_20260521_224941-0061,2026-05-23T02:54:00.249071Z,1.77,1.77,0.0
run_20260521_224941-0061,2026-05-23T02:59:00.249071Z,2.658,2.658,0.0
run_20260521_224941-0061,2026-05-23T03:04:00.249071Z,3.552,3.552,0.0
run_20260521_224941-0062,2026-05-23T00:26:27.845137Z,0.0,0.0,0.0
run_20260521_224941-0062,2026-05-23T00:31:27.845137Z,1.714,1.714,0.0
run_20260521_224941-0062,2026-05-23T00:36:27.845137Z,3.507,3.507,0.0
run_20260521_224941-0062,2026-05-23T00:41:27.845137Z,5.29,5.29,0.0
run_20260521_224941-0062,2026-05-23T00:46:27.845137Z,7.045,7.045,0.0
run_20260521_224941-0062,2026-05-23T00:51:27.845137Z,9.354,9.354,0.0
run_20260521_224941-0062,2026-05-23T00:56:27.845137Z,11.511,11.511,0.0
run_20260521_224941-0062,2026-05-23T01:01:27.845137Z,13.237,13.237,0.0
run_20260521_224941-0062,2026-05-23T01:06:27.845137Z,15.176,15.176,0.0
run_20260521_224941-0063,2026-05-23T18:08:15.647285Z,0.0,0.0,0.0
run_20260521_224941-0063,2026-05-23T18:13:15.647285Z,-1.902,0.0,1.902
run_20260521_224941-0063,2026-05-23T18:18:15.647285Z,-3.448,0.0,3.448
run_20260521_224941-0063,2026-05-23T18:23:15.647285Z,-5.108,0.0,5.108
run_20260521_224941-0063,2026-05-23T18:28:15.647285Z,-3.241,1.867,5.108
run_20260521_224941-0063,2026-05-23T18:33:15.647285Z,-1.093,4.015,5.108
run_20260521_224941-0063,2026-05-23T18:38:15.647285Z,0.8,5.908,5.108
run_20260521_224941-0064,2026-05-23T11:01:05.384527Z,0.0,0.0,0.0
run_20260521_224941-0064,2026-05-23T11:06:05.384527Z,0.522,0.522,0.0
run_20260521_224941-0064,2026-05-23T11:11:05.384527Z,1.132,1.132,0.0
run_20260521_224941-0064,2026-05-23T11:16:05.384527Z,1.734,1.734,0.0
run_20260521_224941-0064,2026-05-23T11:21:05.384527Z,2.345,2.345,0.0
run_20260521_224941-0064,2026-05-23T11:26:05.384527Z,2.902,2.902,0.0
run_20260521_224941-0064,2026-05-23T11:31:05.384527Z,3.485,3.485,0.0
run_20260521_224941-0065,2026-05-23T06:05:14.520237Z,0.0,0.0,0.0
run_20260521_224941-0065,2026-05-23T06:10:14.520237Z,0.967,0.967,0.0
run_20260521_224941-0065,2026-05-23T06:15:14.520237Z,1.84,1.84,0.0
run_20260521_224941-0065,2026-05-23T06:20:14.520237Z,2.753,2.753,0.0
run_20260521_224941-0065,2026-05-23T06:25:14.520237Z,3.449,3.449,0.0
run_20260521_224941-0065,2026-05-23T06:30:14.520237Z,4.36,4.36,0.0
run_20260521_224941-0065,2026-05-23T06:35:14.520237Z,5.431,5.431,0.0
run_20260521_224941-0065,2026-05-23T06:40:14.520237Z,6.391,6.391,0.0
run_20260521_224941-0065,2026-05-23T06:45:14.520237Z,7.382,7.382,0.0
run_20260521_224941-0065,2026-05-23T06:50:14.520237Z,8.216,8.216,0.0
run_20260521_224941-0065,2026-05-23T06:55:14.520237Z,8.905,8.905,0.0
run_20260521_224941-0065,2026-05-23T07:00:14.520237Z,9.883,9.883,0.0
run_20260521_224941-0065,2026-05-23T07:05:14.520237Z,10.897,10.897,0.0
run_20260521_224941-0066,2026-05-23T22:13:10.402158Z,0.0,0.0,0.0
run_20260521_224941-0066,2026-05-23T22:18:10.402158Z,0.956,0.956,0.0
run_20260521_224941-0066,2026-05-23T22:23:10.402158Z,1.94,1.94,0.0
run_20260521_224941-0066,2026-05-23T22:28:10.402158Z,2.886,2.886,0.0
run_20260521_224941-0066,2026-05-23T22:33:10.402158Z,3.725,3.725,0.0
run_20260521_224941-0067,2026-05-23T13:05:38.987921Z,0.0,0.0,0.0
run_20260521_224941-0067,2026-05-23T13:10:38.987921Z,0.831,0.831,0.0
run_20260521_224941-0067,2026-05-23T13:15:38.987921Z,1.656,1.656,0.0
run_20260521_224941-0067,2026-05-23T13:20:38.987921Z,2.445,2.445,0.0
run_20260521_224941-0067,2026-05-23T13:25:38.987921Z,3.35,3.35,0.0
run_20260521_224941-0067,2026-05-23T13:30:38.987921Z,4.204,4.204,0.0
run_20260521_224941-0067,2026-05-23T13:35:38.987921Z,5.058,5.058,0.0
run_20260521_224941-0067,2026-05-23T13:40:38.987921Z,5.994,5.994,0.0
run_20260521_224941-0067,2026-05-23T13:45:38.987921Z,6.858,6.858,0.0
run_20260521_224941-0067,2026-05-23T13:50:38.987921Z,7.86,7.86,0.0
run_20260521_224941-0067,2026-05-23T13:55:38.987921Z,8.741,8.741,0.0
run_20260521_224941-0067,2026-05-23T14:00:38.987921Z,7.804,8.741,0.937
run_20260521_224941-0067,2026-05-23T14:05:38.987921Z,7.009,8.741,1.732
run_20260521_224941-0067,2026-05-23T14:10:38.987921Z,7.985,9.718,1.732
run_20260521_224941-0067,2026-05-23T14:15:38.987921Z,8.865,10.597,1.732
run_20260521_224941-0067,2026-05-23T14:20:38.987921Z,9.819,11.552,1.732
run_20260521_224941-0068,2026-05-23T13:37:05.868797Z,0.0,0.0,0.0
run_20260521_224941-0068,2026-05-23T13:42:05.868797Z,0.534,0.534,0.0
run_20260521_224941-0068,2026-05-23T13:47:05.868797Z,1.094,1.094,0.0
run_20260521_224941-0068,2026-05-23T13:52:05.868797Z,1.68,1.68,0.0
run_20260521_224941-0068,2026-05-23T13:57:05.868797Z,2.306,2.306,0.0
run_20260521_224941-0068,2026-05-23T14:02:05.868797Z,2.853,2.853,0.0
run_20260521_224941-0068,2026-05-23T14:07:05.868797Z,3.523,3.523,0.0
run_20260521_224941-0068,2026-05-23T14:12:05.868797Z,4.123,4.123,0.0
run_20260521_224941-0068,2026-05-23T14:17:05.868797Z,4.603,4.603,0.0
run_20260521_224941-0069,2026-05-23T15:32:37.769556Z,0.0,0.0,0.0
run_20260521_224941-0069,2026-05-23T15:37:37.769556Z,1.931,1.931,0.0
run_20260521_224941-0069,2026-05-23T15:42:37.769556Z,0.237,1.931,1.694
run_20260521_224941-0069,2026-05-23T15:47:37.769556Z,-1.511,1.931,3.442
run_20260521_224941-0069,2026-05-23T15:52:37.769556Z,-3.313,1.931,5.244
run_20260521_224941-0069,2026-05-23T15:57:37.769556Z,-5.123,1.931,7.054
run_20260521_224941-0069,2026-05-23T16:02:37.769556Z,-7.086,1.931,9.017
run_20260521_224941-0069,2026-05-23T16:07:37.769556Z,-8.707,1.931,10.638
run_20260521_224941-0069,2026-05-23T16:12:37.769556Z,-10.641,1.931,12.572
run_20260521_224941-0069,2026-05-23T16:17:37.769556Z,-12.503,1.931,14.434
run_20260521_224941-0069,2026-05-23T16:22:37.769556Z,-10.923,3.51,14.434
run_20260521_224941-0069,2026-05-23T16:27:37.769556Z,-9.196,5.237,14.434
run_20260521_224941-0069,2026-05-23T16:32:37.769556Z,-7.571,6.862,14.434
run_20260521_224941-0069,2026-05-23T16:37:37.769556Z,-5.946,8.488,14.434
run_20260521_224941-0069,2026-05-23T16:42:37.769556Z,-4.282,10.151,14.434
run_20260521_224941-0069,2026-05-23T16:47:37.769556Z,-2.465,11.969,14.434
run_20260521_224941-0070,2026-05-23T15:33:31.576448Z,0.0,0.0,0.0
run_20260521_224941-0070,2026-05-23T15:38:31.576448Z,0.586,0.586,0.0
run_20260521_224941-0070,2026-05-23T15:43:31.576448Z,1.159,1.159,0.0
run_20260521_224941-0070,2026-05-23T15:48:31.576448Z,1.779,1.779,0.0
run_20260521_224941-0070,2026-05-23T15:53:31.576448Z,2.369,2.369,0.0
run_20260521_224941-0070,2026-05-23T15:58:31.576448Z,2.958,2.958,0.0
run_20260521_224941-0070,2026-05-23T16:03:31.576448Z,3.557,3.557,0.0
run_20260521_224941-0071,2026-05-23T06:39:54.108387Z,0.0,0.0,0.0
run_20260521_224941-0071,2026-05-23T06:44:54.108387Z,1.706,1.706,0.0
run_20260521_224941-0071,2026-05-23T06:49:54.108387Z,3.679,3.679,0.0
run_20260521_224941-0071,2026-05-23T06:54:54.108387Z,1.633,3.679,2.046
run_20260521_224941-0071,2026-05-23T06:59:54.108387Z,3.399,5.445,2.046
run_20260521_224941-0071,2026-05-23T07:04:54.108387Z,5.103,7.149,2.046
run_20260521_224941-0071,2026-05-23T07:09:54.108387Z,6.825,8.871,2.046
run_20260521_224941-0071,2026-05-23T07:14:54.108387Z,8.478,10.524,2.046
run_20260521_224941-0071,2026-05-23T07:19:54.108387Z,10.175,12.221,2.046
run_20260521_224941-0071,2026-05-23T07:24:54.108387Z,12.06,14.106,2.046
run_20260521_224941-0071,2026-05-23T07:29:54.108387Z,13.897,15.942,2.046
run_20260521_224941-0071,2026-05-23T07:34:54.108387Z,15.64,17.686,2.046
run_20260521_224941-0071,2026-05-23T07:39:54.108387Z,17.338,19.384,2.046
run_20260521_224941-0071,2026-05-23T07:44:54.108387Z,19.235,21.281,2.046
run_20260521_224941-0071,2026-05-23T07:49:54.108387Z,20.976,23.022,2.046
run_20260521_224941-0071,2026-05-23T07:54:54.108387Z,22.619,24.665,2.046
run_20260521_224941-0072,2026-05-23T22:40:06.838784Z,0.0,0.0,0.0
run_20260521_224941-0072,2026-05-23T22:45:06.838784Z,0.934,0.934,0.0
run_20260521_224941-0072,2026-05-23T22:50:06.838784Z,1.695,1.695,0.0
run_20260521_224941-0072,2026-05-23T22:55:06.838784Z,2.601,2.601,0.0
run_20260521_224941-0072,2026-05-23T23:00:06.838784Z,3.562,3.562,0.0
run_20260521_224941-0072,2026-05-23T23:05:06.838784Z,4.382,4.382,0.0
run_20260521_224941-0072,2026-05-23T23:10:06.838784Z,5.3,5.3,0.0
run_20260521_224941-0073,2026-05-23T10:34:26.283753Z,0.0,0.0,0.0
run_20260521_224941-0073,2026-05-23T10:39:26.283753Z,-0.597,0.0,0.597
run_20260521_224941-0073,2026-05-23T10:44:26.283753Z,-1.133,0.0,1.133
run_20260521_224941-0073,2026-05-23T10:49:26.283753Z,-1.709,0.0,1.709
run_20260521_224941-0073,2026-05-23T10:54:26.283753Z,-2.315,0.0,2.315
run_20260521_224941-0073,2026-05-23T10:59:26.283753Z,-2.891,0.0,2.891
run_20260521_224941-0073,2026-05-23T11:04:26.283753Z,-3.549,0.0,3.549
run_20260521_224941-0073,2026-05-23T11:09:26.283753Z,-4.079,0.0,4.079
run_20260521_224941-0073,2026-05-23T11:14:26.283753Z,-4.727,0.0,4.727
run_20260521_224941-0074,2026-05-23T19:51:30.157198Z,0.0,0.0,0.0
run_20260521_224941-0074,2026-05-23T19:56:30.157198Z,0.951,0.951,0.0
run_20260521_224941-0074,2026-05-23T20:01:30.157198Z,1.849,1.849,0.0
run_20260521_224941-0074,2026-05-23T20:06:30.157198Z,2.804,2.804,0.0
run_20260521_224941-0074,2026-05-23T20:11:30.157198Z,3.664,3.664,0.0
run_20260521_224941-0074,2026-05-23T20:16:30.157198Z,4.486,4.486,0.0
run_20260521_224941-0074,2026-05-23T20:21:30.157198Z,5.343,5.343,0.0
run_20260521_224941-0074,2026-05-23T20:26:30.157198Z,6.197,6.197,0.0
run_20260521_224941-0074,2026-05-23T20:31:30.157198Z,7.162,7.162,0.0
run_20260521_224941-0074,2026-05-23T20:36:30.157198Z,8.035,8.035,0.0
run_20260521_224941-0074,2026-05-23T20:41:30.157198Z,9.021,9.021,0.0
run_20260521_224941-0074,2026-05-23T20:46:30.157198Z,9.992,9.992,0.0
run_20260521_224941-0074,2026-05-23T20:51:30.157198Z,11.004,11.004,0.0
run_20260521_224941-0074,2026-05-23T20:56:30.157198Z,12.003,12.003,0.0
run_20260521_224941-0074,2026-05-23T21:01:30.157198Z,12.991,12.991,0.0
run_20260521_224941-0074,2026-05-23T21:06:30.157198Z,13.979,13.979,0.0
run_20260521_224941-0075,2026-05-23T18:18:46.371451Z,0.0,0.0,0.0
run_20260521_224941-0075,2026-05-23T18:23:46.371451Z,-0.869,0.0,0.869
run_20260521_224941-0075,2026-05-23T18:28:46.371451Z,-1.795,0.0,1.795
run_20260521_224941-0075,2026-05-23T18:33:46.371451Z,-2.578,0.0,2.578
run_20260521_224941-0075,2026-05-23T18:38:46.371451Z,-1.591,0.986,2.578
run_20260521_224941-0075,2026-05-23T18:43:46.371451Z,-0.533,2.045,2.578
run_20260521_224941-0075,2026-05-23T18:48:46.371451Z,0.23,2.808,2.578
run_20260521_224941-0076,2026-05-23T08:33:05.505830Z,0.0,0.0,0.0
run_20260521_224941-0076,2026-05-23T08:38:05.505830Z,0.922,0.922,0.0
run_20260521_224941-0076,2026-05-23T08:43:05.505830Z,1.802,1.802,0.0
run_20260521_224941-0076,2026-05-23T08:48:05.505830Z,2.682,2.682,0.0
run_20260521_224941-0076,2026-05-23T08:53:05.505830Z,3.688,3.688,0.0
run_20260521_224941-0076,2026-05-23T08:58:05.505830Z,4.646,4.646,0.0
run_20260521_224941-0076,2026-05-23T09:03:05.505830Z,5.539,5.539,0.0
run_20260521_224941-0076,2026-05-23T09:08:05.505830Z,6.525,6.525,0.0
run_20260521_224941-0076,2026-05-23T09:13:05.505830Z,7.544,7.544,0.0
run_20260521_224941-0076,2026-05-23T09:18:05.505830Z,8.498,8.498,0.0
run_20260521_224941-0076,2026-05-23T09:23:05.505830Z,9.378,9.378,0.0
run_20260521_224941-0076,2026-05-23T09:28:05.505830Z,10.388,10.388,0.0
run_20260521_224941-0076,2026-05-23T09:33:05.505830Z,11.467,11.467,0.0
run_20260521_224941-0076,2026-05-23T09:38:05.505830Z,12.444,12.444,0.0
run_20260521_224941-0076,2026-05-23T09:43:05.505830Z,13.523,13.523,0.0
run_20260521_224941-0076,2026-05-23T09:48:05.505830Z,14.524,14.524,0.0
run_20260521_224941-0077,2026-05-23T10:03:19.539200Z,0.0,0.0,0.0
run_20260521_224941-0077,2026-05-23T10:08:19.539200Z,0.863,0.863,0.0
run_20260521_224941-0077,2026-05-23T10:13:19.539200Z,1.754,1.754,0.0
run_20260521_224941-0077,2026-05-23T10:18:19.539200Z,2.585,2.585,0.0
run_20260521_224941-0077,2026-05-23T10:23:19.539200Z,3.436,3.436,0.0
run_20260521_224941-0078,2026-05-23T00:24:21.885794Z,0.0,0.0,0.0
run_20260521_224941-0078,2026-05-23T00:29:21.885794Z,2.112,2.112,0.0
run_20260521_224941-0078,2026-05-23T00:34:21.885794Z,4.016,4.016,0.0
run_20260521_224941-0078,2026-05-23T00:39:21.885794Z,6.072,6.072,0.0
run_20260521_224941-0078,2026-05-23T00:44:21.885794Z,7.893,7.893,0.0
run_20260521_224941-0079,2026-05-23T14:41:07.209257Z,0.0,0.0,0.0
run_20260521_224941-0079,2026-05-23T14:46:07.209257Z,1.898,1.898,0.0
run_20260521_224941-0079,2026-05-23T14:51:07.209257Z,3.475,3.475,0.0
run_20260521_224941-0079,2026-05-23T14:56:07.209257Z,5.383,5.383,0.0
run_20260521_224941-0079,2026-05-23T15:01:07.209257Z,7.249,7.249,0.0
run_20260521_224941-0079,2026-05-23T15:06:07.209257Z,9.017,9.017,0.0
run_20260521_224941-0079,2026-05-23T15:11:07.209257Z,10.715,10.715,0.0
run_20260521_224941-0079,2026-05-23T15:16:07.209257Z,12.505,12.505,0.0
run_20260521_224941-0079,2026-05-23T15:21:07.209257Z,14.074,14.074,0.0
run_20260521_224941-0080,2026-05-23T08:03:23.914041Z,0.0,0.0,0.0
run_20260521_224941-0080,2026-05-23T08:08:23.914041Z,0.888,0.888,0.0
run_20260521_224941-0080,2026-05-23T08:13:23.914041Z,1.718,1.718,0.0
run_20260521_224941-0080,2026-05-23T08:18:23.914041Z,2.455,2.455,0.0
run_20260521_224941-0080,2026-05-23T08:23:23.914041Z,3.251,3.251,0.0
run_20260521_224941-0080,2026-05-23T08:28:23.914041Z,4.135,4.135,0.0
run_20260521_224941-0080,2026-05-23T08:33:23.914041Z,5.134,5.134,0.0
run_20260521_224941-0080,2026-05-23T08:38:23.914041Z,6.094,6.094,0.0
run_20260521_224941-0080,2026-05-23T08:43:23.914041Z,6.849,6.849,0.0
run_20260521_224941-0081,2026-05-23T21:44:25.663818Z,0.0,0.0,0.0
run_20260521_224941-0081,2026-05-23T21:49:25.663818Z,-1.758,0.0,1.758
run_20260521_224941-0081,2026-05-23T21:54:25.663818Z,-3.679,0.0,3.679
run_20260521_224941-0081,2026-05-23T21:59:25.663818Z,-5.612,0.0,5.612
run_20260521_224941-0081,2026-05-23T22:04:25.663818Z,-7.88,0.0,7.88
run_20260521_224941-0081,2026-05-23T22:09:25.663818Z,-9.582,0.0,9.582
run_20260521_224941-0081,2026-05-23T22:14:25.663818Z,-11.427,0.0,11.427
run_20260521_224941-0081,2026-05-23T22:19:25.663818Z,-13.308,0.0,13.308
run_20260521_224941-0081,2026-05-23T22:24:25.663818Z,-15.197,0.0,15.197
run_20260521_224941-0081,2026-05-23T22:29:25.663818Z,-17.077,0.0,17.077
run_20260521_224941-0081,2026-05-23T22:34:25.663818Z,-18.841,0.0,18.841
run_20260521_224941-0081,2026-05-23T22:39:25.663818Z,-20.719,0.0,20.719
run_20260521_224941-0081,2026-05-23T22:44:25.663818Z,-22.208,0.0,22.208
run_20260521_224941-0082,2026-05-23T20:50:17.362820Z,0.0,0.0,0.0
run_20260521_224941-0082,2026-05-23T20:55:17.362820Z,0.613,0.613,0.0
run_20260521_224941-0082,2026-05-23T21:00:17.362820Z,1.179,1.179,0.0
run_20260521_224941-0082,2026-05-23T21:05:17.362820Z,1.722,1.722,0.0
run_20260521_224941-0082,2026-05-23T21:10:17.362820Z,2.346,2.346,0.0
run_20260521_224941-0082,2026-05-23T21:15:17.362820Z,1.766,2.346,0.58
run_20260521_224941-0082,2026-05-23T21:20:17.362820Z,1.205,2.346,1.141
run_20260521_224941-0082,2026-05-23T21:25:17.362820Z,0.651,2.346,1.695
run_20260521_224941-0082,2026-05-23T21:30:17.362820Z,0.034,2.346,2.311
run_20260521_224941-0082,2026-05-23T21:35:17.362820Z,-0.565,2.346,2.911
run_20260521_224941-0082,2026-05-23T21:40:17.362820Z,-1.099,2.346,3.445
run_20260521_224941-0082,2026-05-23T21:45:17.362820Z,-0.55,2.895,3.445
run_20260521_224941-0082,2026-05-23T21:50:17.362820Z,0.039,3.485,3.445
run_20260521_224941-0083,2026-05-23T00:21:24.401839Z,0.0,0.0,0.0
run_20260521_224941-0083,2026-05-23T00:26:24.401839Z,0.821,0.821,0.0
run_20260521_224941-0083,2026-05-23T00:31:24.401839Z,1.736,1.736,0.0
run_20260521_224941-0083,2026-05-23T00:36:24.401839Z,2.685,2.685,0.0
run_20260521_224941-0083,2026-05-23T00:41:24.401839Z,3.654,3.654,0.0
run_20260521_224941-0083,2026-05-23T00:46:24.401839Z,4.423,4.423,0.0
run_20260521_224941-0083,2026-05-23T00:51:24.401839Z,5.226,5.226,0.0
run_20260521_224941-0083,2026-05-23T00:56:24.401839Z,6.242,6.242,0.0
run_20260521_224941-0083,2026-05-23T01:01:24.401839Z,7.192,7.192,0.0
run_20260521_224941-0083,2026-05-23T01:06:24.401839Z,7.961,7.961,0.0
run_20260521_224941-0083,2026-05-23T01:11:24.401839Z,9.033,9.033,0.0
run_20260521_224941-0083,2026-05-23T01:16:24.401839Z,9.923,9.923,0.0
run_20260521_224941-0083,2026-05-23T01:21:24.401839Z,10.732,10.732,0.0
run_20260521_224941-0084,2026-05-23T13:11:58.819360Z,0.0,0.0,0.0
run_20260521_224941-0084,2026-05-23T13:16:58.819360Z,0.711,0.711,0.0
run_20260521_224941-0084,2026-05-23T13:21:58.819360Z,1.382,1.382,0.0
run_20260521_224941-0084,2026-05-23T13:26:58.819360Z,2.033,2.033,0.0
run_20260521_224941-0084,2026-05-23T13:31:58.819360Z,2.519,2.519,0.0
run_20260521_224941-0084,2026-05-23T13:36:58.819360Z,3.175,3.175,0.0
run_20260521_224941-0084,2026-05-23T13:41:58.819360Z,3.749,3.749,0.0
run_20260521_224941-0084,2026-05-23T13:46:58.819360Z,4.303,4.303,0.0
run_20260521_224941-0084,2026-05-23T13:51:58.819360Z,4.938,4.938,0.0
run_20260521_224941-0084,2026-05-23T13:56:58.819360Z,5.519,5.519,0.0
run_20260521_224941-0084,2026-05-23T14:01:58.819360Z,6.136,6.136,0.0
run_20260521_224941-0084,2026-05-23T14:06:58.819360Z,6.744,6.744,0.0
run_20260521_224941-0084,2026-05-23T14:11:58.819360Z,7.396,7.396,0.0
run_20260521_224941-0084,2026-05-23T14:16:58.819360Z,8.073,8.073,0.0
run_20260521_224941-0084,2026-05-23T14:21:58.819360Z,8.729,8.729,0.0
run_20260521_224941-0084,2026-05-23T14:26:58.819360Z,9.311,9.311,0.0
run_20260521_224941-0085,2026-05-23T05:46:16.124228Z,0.0,0.0,0.0
run_20260521_224941-0085,2026-05-23T05:51:16.124228Z,0.961,0.961,0.0
run_20260521_224941-0085,2026-05-23T05:56:16.124228Z,1.893,1.893,0.0
run_20260521_224941-0085,2026-05-23T06:01:16.124228Z,2.799,2.799,0.0
run_20260521_224941-0085,2026-05-23T06:06:16.124228Z,3.727,3.727,0.0
run_20260521_224941-0085,2026-05-23T06:11:16.124228Z,4.695,4.695,0.0
run_20260521_224941-0085,2026-05-23T06:16:16.124228Z,5.728,5.728,0.0
run_20260521_224941-0085,2026-05-23T06:21:16.124228Z,6.599,6.599,0.0
run_20260521_224941-0085,2026-05-23T06:26:16.124228Z,7.375,7.375,0.0
run_20260521_224941-0085,2026-05-23T06:31:16.124228Z,8.365,8.365,0.0
run_20260521_224941-0085,2026-05-23T06:36:16.124228Z,9.285,9.285,0.0
run_20260521_224941-0085,2026-05-23T06:41:16.124228Z,10.249,10.249,0.0
run_20260521_224941-0085,2026-05-23T06:46:16.124228Z,11.175,11.175,0.0
run_20260521_224941-0086,2026-05-23T09:39:41.746700Z,0.0,0.0,0.0
run_20260521_224941-0086,2026-05-23T09:44:41.746700Z,2.094,2.094,0.0
run_20260521_224941-0086,2026-05-23T09:49:41.746700Z,3.933,3.933,0.0
run_20260521_224941-0086,2026-05-23T09:54:41.746700Z,5.868,5.868,0.0
run_20260521_224941-0086,2026-05-23T09:59:41.746700Z,7.473,7.473,0.0
run_20260521_224941-0087,2026-05-23T11:25:10.934217Z,0.0,0.0,0.0
run_20260521_224941-0087,2026-05-23T11:30:10.934217Z,0.636,0.636,0.0
run_20260521_224941-0087,2026-05-23T11:35:10.934217Z,1.134,1.134,0.0
run_20260521_224941-0087,2026-05-23T11:40:10.934217Z,1.705,1.705,0.0
run_20260521_224941-0087,2026-05-23T11:45:10.934217Z,2.293,2.293,0.0
run_20260521_224941-0087,2026-05-23T11:50:10.934217Z,2.893,2.893,0.0
run_20260521_224941-0087,2026-05-23T11:55:10.934217Z,3.505,3.505,0.0
run_20260521_224941-0087,2026-05-23T12:00:10.934217Z,4.092,4.092,0.0
run_20260521_224941-0087,2026-05-23T12:05:10.934217Z,4.648,4.648,0.0
run_20260521_224941-0088,2026-05-23T18:11:46.720133Z,0.0,0.0,0.0
run_20260521_224941-0088,2026-05-23T18:16:46.720133Z,1.949,1.949,0.0
run_20260521_224941-0088,2026-05-23T18:21:46.720133Z,3.755,3.755,0.0
run_20260521_224941-0088,2026-05-23T18:26:46.720133Z,5.636,5.636,0.0
run_20260521_224941-0088,2026-05-23T18:31:46.720133Z,7.148,7.148,0.0
run_20260521_224941-0089,2026-05-23T08:49:18.022754Z,0.0,0.0,0.0
run_20260521_224941-0089,2026-05-23T08:54:18.022754Z,0.569,0.569,0.0
run_20260521_224941-0089,2026-05-23T08:59:18.022754Z,1.184,1.184,0.0
run_20260521_224941-0089,2026-05-23T09:04:18.022754Z,1.778,1.778,0.0
run_20260521_224941-0089,2026-05-23T09:09:18.022754Z,2.41,2.41,0.0
run_20260521_224941-0089,2026-05-23T09:14:18.022754Z,3.111,3.111,0.0
run_20260521_224941-0089,2026-05-23T09:19:18.022754Z,3.751,3.751,0.0
run_20260521_224941-0090,2026-05-23T12:37:18.260073Z,0.0,0.0,0.0
run_20260521_224941-0090,2026-05-23T12:42:18.260073Z,-1.728,0.0,1.728
run_20260521_224941-0090,2026-05-23T12:47:18.260073Z,-3.671,0.0,3.671
run_20260521_224941-0090,2026-05-23T12:52:18.260073Z,-1.961,1.71,3.671
run_20260521_224941-0090,2026-05-23T12:57:18.260073Z,-0.003,3.668,3.671
run_20260521_224941-0091,2026-05-23T15:50:47.235306Z,0.0,0.0,0.0
run_20260521_224941-0091,2026-05-23T15:55:47.235306Z,0.979,0.979,0.0
run_20260521_224941-0091,2026-05-23T16:00:47.235306Z,1.785,1.785,0.0
run_20260521_224941-0091,2026-05-23T16:05:47.235306Z,2.823,2.823,0.0
run_20260521_224941-0091,2026-05-23T16:10:47.235306Z,3.736,3.736,0.0
run_20260521_224941-0091,2026-05-23T16:15:47.235306Z,4.69,4.69,0.0
run_20260521_224941-0091,2026-05-23T16:20:47.235306Z,5.52,5.52,0.0
run_20260521_224941-0092,2026-05-23T16:06:47.720178Z,0.0,0.0,0.0
run_20260521_224941-0092,2026-05-23T16:11:47.720178Z,-0.961,0.0,0.961
run_20260521_224941-0092,2026-05-23T16:16:47.720178Z,-1.867,0.0,1.867
run_20260521_224941-0092,2026-05-23T16:21:47.720178Z,-2.729,0.0,2.729
run_20260521_224941-0092,2026-05-23T16:26:47.720178Z,-3.552,0.0,3.552
run_20260521_224941-0092,2026-05-23T16:31:47.720178Z,-4.503,0.0,4.503
run_20260521_224941-0092,2026-05-23T16:36:47.720178Z,-5.391,0.0,5.391
run_20260521_224941-0092,2026-05-23T16:41:47.720178Z,-6.107,0.0,6.107
run_20260521_224941-0092,2026-05-23T16:46:47.720178Z,-6.951,0.0,6.951
run_20260521_224941-0093,2026-05-23T07:52:29.712000Z,0.0,0.0,0.0
run_20260521_224941-0093,2026-05-23T07:57:29.712000Z,0.852,0.852,0.0
run_20260521_224941-0093,2026-05-23T08:02:29.712000Z,1.769,1.769,0.0
run_20260521_224941-0093,2026-05-23T08:07:29.712000Z,2.631,2.631,0.0
run_20260521_224941-0093,2026-05-23T08:12:29.712000Z,3.723,3.723,0.0
run_20260521_224941-0093,2026-05-23T08:17:29.712000Z,4.674,4.674,0.0
run_20260521_224941-0093,2026-05-23T08:22:29.712000Z,5.548,5.548,0.0
run_20260521_224941-0093,2026-05-23T08:27:29.712000Z,6.376,6.376,0.0
run_20260521_224941-0093,2026-05-23T08:32:29.712000Z,7.339,7.339,0.0
run_20260521_224941-0093,2026-05-23T08:37:29.712000Z,8.304,8.304,0.0
run_20260521_224941-0093,2026-05-23T08:42:29.712000Z,9.168,9.168,0.0
run_20260521_224941-0093,2026-05-23T08:47:29.712000Z,10.015,10.015,0.0
run_20260521_224941-0093,2026-05-23T08:52:29.712000Z,10.954,10.954,0.0
run_20260521_224941-0094,2026-05-23T13:19:43.645415Z,0.0,0.0,0.0
run_20260521_224941-0094,2026-05-23T13:24:43.645415Z,1.819,1.819,0.0
run_20260521_224941-0094,2026-05-23T13:29:43.645415Z,0.044,1.819,1.775
run_20260521_224941-0094,2026-05-23T13:34:43.645415Z,-1.926,1.819,3.745
run_20260521_224941-0094,2026-05-23T13:39:43.645415Z,-0.052,3.693,3.745
run_20260521_224941-0095,2026-05-23T21:09:25.449990Z,0.0,0.0,0.0
run_20260521_224941-0095,2026-05-23T21:14:25.449990Z,-1.823,0.0,1.823
run_20260521_224941-0095,2026-05-23T21:19:25.449990Z,-3.807,0.0,3.807
run_20260521_224941-0095,2026-05-23T21:24:25.449990Z,-5.637,0.0,5.637
run_20260521_224941-0095,2026-05-23T21:29:25.449990Z,-7.654,0.0,7.654
run_20260521_224941-0095,2026-05-23T21:34:25.449990Z,-9.381,0.0,9.381
run_20260521_224941-0095,2026-05-23T21:39:25.449990Z,-11.472,0.0,11.472
run_20260521_224941-0095,2026-05-23T21:44:25.449990Z,-13.555,0.0,13.555
run_20260521_224941-0095,2026-05-23T21:49:25.449990Z,-15.014,0.0,15.014
run_20260521_224941-0096,2026-05-23T07:57:18.642102Z,0.0,0.0,0.0
run_20260521_224941-0096,2026-05-23T08:02:18.642102Z,1.95,1.95,0.0
run_20260521_224941-0096,2026-05-23T08:07:18.642102Z,4.061,4.061,0.0
run_20260521_224941-0096,2026-05-23T08:12:18.642102Z,5.668,5.668,0.0
run_20260521_224941-0096,2026-05-23T08:17:18.642102Z,7.402,7.402,0.0
run_20260521_224941-0097,2026-05-23T21:04:14.283881Z,0.0,0.0,0.0
run_20260521_224941-0097,2026-05-23T21:09:14.283881Z,-0.467,0.0,0.467
run_20260521_224941-0097,2026-05-23T21:14:14.283881Z,-1.016,0.0,1.016
run_20260521_224941-0097,2026-05-23T21:19:14.283881Z,-0.356,0.66,1.016
run_20260521_224941-0097,2026-05-23T21:24:14.283881Z,0.076,1.092,1.016
run_20260521_224941-0097,2026-05-23T21:29:14.283881Z,0.711,1.727,1.016
run_20260521_224941-0097,2026-05-23T21:34:14.283881Z,1.396,2.413,1.016
run_20260521_224941-0098,2026-05-23T11:21:59.895423Z,0.0,0.0,0.0
run_20260521_224941-0098,2026-05-23T11:26:59.895423Z,2.11,2.11,0.0
run_20260521_224941-0098,2026-05-23T11:31:59.895423Z,0.54,2.11,1.57
run_20260521_224941-0098,2026-05-23T11:36:59.895423Z,-1.379,2.11,3.489
run_20260521_224941-0098,2026-05-23T11:41:59.895423Z,-3.001,2.11,5.112
run_20260521_224941-0098,2026-05-23T11:46:59.895423Z,-0.856,4.255,5.112
run_20260521_224941-0098,2026-05-23T11:51:59.895423Z,1.026,6.138,5.112
run_20260521_224941-0098,2026-05-23T11:56:59.895423Z,2.602,7.714,5.112
run_20260521_224941-0098,2026-05-23T12:01:59.895423Z,4.634,9.746,5.112
run_20260521_224941-0098,2026-05-23T12:06:59.895423Z,6.901,12.013,5.112
run_20260521_224941-0098,2026-05-23T12:11:59.895423Z,8.367,13.479,5.112
run_20260521_224941-0098,2026-05-23T12:16:59.895423Z,10.366,15.478,5.112
run_20260521_224941-0098,2026-05-23T12:21:59.895423Z,12.288,17.4,5.112
run_20260521_224941-0099,2026-05-23T15:40:43.605686Z,0.0,0.0,0.0
run_20260521_224941-0099,2026-05-23T15:45:43.605686Z,0.933,0.933,0.0
run_20260521_224941-0099,2026-05-23T15:50:43.605686Z,1.849,1.849,0.0
run_20260521_224941-0099,2026-05-23T15:55:43.605686Z,2.896,2.896,0.0
run_20260521_224941-0099,2026-05-23T16:00:43.605686Z,3.767,3.767,0.0
run_20260521_224941-0099,2026-05-23T16:05:43.605686Z,4.669,4.669,0.0
run_20260521_224941-0099,2026-05-23T16:10:43.605686Z,5.549,5.549,0.0
run_20260521_224941-0099,2026-05-23T16:15:43.605686Z,6.573,6.573,0.0
run_20260521_224941-0099,2026-05-23T16:20:43.605686Z,7.434,7.434,0.0
run_20260521_224941-0099,2026-05-23T16:25:43.605686Z,8.349,8.349,0.0
run_20260521_224941-0099,2026-05-23T16:30:43.605686Z,9.316,9.316,0.0
run_20260521_224941-0099,2026-05-23T16:35:43.605686Z,10.213,10.213,0.0
run_20260521_224941-0099,2026-05-23T16:40:43.605686Z,11.05,11.05,0.0
run_20260521_224941-0099,2026-05-23T16:45:43.605686Z,11.844,11.844,0.0
run_20260521_224941-0099,2026-05-23T16:50:43.605686Z,12.622,12.622,0.0
run_20260521_224941-0099,2026-05-23T16:55:43.605686Z,13.43,13.43,0.0
run_20260521_224941-0100,2026-05-23T22:53:32.100196Z,0.0,0.0,0.0
run_20260521_224941-0100,2026-05-23T22:58:32.100196Z,0.927,0.927,0.0
run_20260521_224941-0100,2026-05-23T23:03:32.100196Z,1.749,1.749,0.0
run_20260521_224941-0100,2026-05-23T23:08:32.100196Z,2.596,2.596,0.0
run_20260521_224941-0100,2026-05-23T23:13:32.100196Z,3.431,3.431,0.0
run_20260521_224941-0100,2026-05-23T23:18:32.100196Z,4.294,4.294,0.0
run_20260521_224941-0100,2026-05-23T23:23:32.100196Z,5.157,5.157,0.0
run_20260521_224941-0100,2026-05-23T23:28:32.100196Z,6.175,6.175,0.0
run_20260521_224941-0100,2026-05-23T23:33:32.100196Z,7.063,7.063,0.0
run_20260521_224941-0100,2026-05-23T23:38:32.100196Z,8.027,8.027,0.0
run_20260521_224941-0100,2026-05-23T23:43:32.100196Z,8.812,8.812,0.0
run_20260521_224941-0100,2026-05-23T23:48:32.100196Z,9.718,9.718,0.0
run_20260521_224941-0100,2026-05-23T23:53:32.100196Z,10.669,10.669,0.0
run_20260521_224941-0100,2026-05-23T23:58:32.100196Z,11.678,11.678,0.0
run_20260521_224941-0100,2026-05-24T00:03:32.100196Z,12.63,12.63,0.0
run_20260521_224941-0100,2026-05-24T00:08:32.100196Z,13.486,13.486,0.0
run_20260521_224941-0101,2026-05-23T06:21:45.141185Z,0.0,0.0,0.0
run_20260521_224941-0101,2026-05-23T06:26:45.141185Z,0.923,0.923,0.0
run_20260521_224941-0101,2026-05-23T06:31:45.141185Z,1.765,1.765,0.0
run_20260521_224941-0101,2026-05-23T06:36:45.141185Z,2.651,2.651,0.0
run_20260521_224941-0101,2026-05-23T06:41:45.141185Z,3.497,3.497,0.0
run_20260521_224941-0101,2026-05-23T06:46:45.141185Z,2.565,3.497,0.932
run_20260521_224941-0101,2026-05-23T06:51:45.141185Z,1.648,3.497,1.849
run_20260521_224941-0101,2026-05-23T06:56:45.141185Z,0.69,3.497,2.807
run_20260521_224941-0101,2026-05-23T07:01:45.141185Z,1.584,4.391,2.807
run_20260521_224941-0102,2026-05-23T04:27:35.514068Z,0.0,0.0,0.0
run_20260521_224941-0102,2026-05-23T04:32:35.514068Z,-2.008,0.0,2.008
run_20260521_224941-0102,2026-05-23T04:37:35.514068Z,-3.859,0.0,3.859
run_20260521_224941-0102,2026-05-23T04:42:35.514068Z,-5.478,0.0,5.478
run_20260521_224941-0102,2026-05-23T04:47:35.514068Z,-7.097,0.0,7.097
run_20260521_224941-0102,2026-05-23T04:52:35.514068Z,-8.91,0.0,8.91
run_20260521_224941-0102,2026-05-23T04:57:35.514068Z,-10.729,0.0,10.729
run_20260521_224941-0102,2026-05-23T05:02:35.514068Z,-12.6,0.0,12.6
run_20260521_224941-0102,2026-05-23T05:07:35.514068Z,-14.638,0.0,14.638
run_20260521_224941-0102,2026-05-23T05:12:35.514068Z,-16.398,0.0,16.398
run_20260521_224941-0102,2026-05-23T05:17:35.514068Z,-18.356,0.0,18.356
run_20260521_224941-0102,2026-05-23T05:22:35.514068Z,-20.163,0.0,20.163
run_20260521_224941-0102,2026-05-23T05:27:35.514068Z,-21.96,0.0,21.96
run_20260521_224941-0102,2026-05-23T05:32:35.514068Z,-23.841,0.0,23.841
run_20260521_224941-0102,2026-05-23T05:37:35.514068Z,-25.295,0.0,25.295
run_20260521_224941-0102,2026-05-23T05:42:35.514068Z,-27.141,0.0,27.141
run_20260521_224941-0103,2026-05-23T03:39:04.307630Z,0.0,0.0,0.0
run_20260521_224941-0103,2026-05-23T03:44:04.307630Z,0.586,0.586,0.0
run_20260521_224941-0103,2026-05-23T03:49:04.307630Z,1.085,1.085,0.0
run_20260521_224941-0103,2026-05-23T03:54:04.307630Z,1.644,1.644,0.0
run_20260521_224941-0103,2026-05-23T03:59:04.307630Z,2.29,2.29,0.0
run_20260521_224941-0103,2026-05-23T04:04:04.307630Z,2.854,2.854,0.0
run_20260521_224941-0103,2026-05-23T04:09:04.307630Z,3.437,3.437,0.0
run_20260521_224941-0103,2026-05-23T04:14:04.307630Z,4.015,4.015,0.0
run_20260521_224941-0103,2026-05-23T04:19:04.307630Z,4.607,4.607,0.0
run_20260521_224941-0103,2026-05-23T04:24:04.307630Z,5.105,5.105,0.0
run_20260521_224941-0103,2026-05-23T04:29:04.307630Z,5.702,5.702,0.0
run_20260521_224941-0103,2026-05-23T04:34:04.307630Z,6.269,6.269,0.0
run_20260521_224941-0103,2026-05-23T04:39:04.307630Z,7.046,7.046,0.0
run_20260521_224941-0104,2026-05-23T14:31:46.719220Z,0.0,0.0,0.0
run_20260521_224941-0104,2026-05-23T14:36:46.719220Z,1.837,1.837,0.0
run_20260521_224941-0104,2026-05-23T14:41:46.719220Z,3.548,3.548,0.0
run_20260521_224941-0104,2026-05-23T14:46:46.719220Z,5.166,5.166,0.0
run_20260521_224941-0104,2026-05-23T14:51:46.719220Z,6.987,6.987,0.0
run_20260521_224941-0104,2026-05-23T14:56:46.719220Z,8.916,8.916,0.0
run_20260521_224941-0104,2026-05-23T15:01:46.719220Z,10.777,10.777,0.0
run_20260521_224941-0104,2026-05-23T15:06:46.719220Z,12.507,12.507,0.0
run_20260521_224941-0104,2026-05-23T15:11:46.719220Z,14.521,14.521,0.0
run_20260521_224941-0105,2026-05-23T16:06:43.750764Z,0.0,0.0,0.0
run_20260521_224941-0105,2026-05-23T16:11:43.750764Z,0.828,0.828,0.0
run_20260521_224941-0105,2026-05-23T16:16:43.750764Z,1.892,1.892,0.0
run_20260521_224941-0105,2026-05-23T16:21:43.750764Z,2.667,2.667,0.0
run_20260521_224941-0105,2026-05-23T16:26:43.750764Z,3.555,3.555,0.0
run_20260521_224941-0105,2026-05-23T16:31:43.750764Z,4.42,4.42,0.0
run_20260521_224941-0105,2026-05-23T16:36:43.750764Z,5.497,5.497,0.0
run_20260521_224941-0105,2026-05-23T16:41:43.750764Z,6.321,6.321,0.0
run_20260521_224941-0105,2026-05-23T16:46:43.750764Z,7.338,7.338,0.0
run_20260521_224941-0105,2026-05-23T16:51:43.750764Z,8.375,8.375,0.0
run_20260521_224941-0105,2026-05-23T16:56:43.750764Z,7.474,8.375,0.901
run_20260521_224941-0105,2026-05-23T17:01:43.750764Z,6.515,8.375,1.861
run_20260521_224941-0105,2026-05-23T17:06:43.750764Z,5.739,8.375,2.636
run_20260521_224941-0105,2026-05-23T17:11:43.750764Z,4.831,8.375,3.545
run_20260521_224941-0105,2026-05-23T17:16:43.750764Z,3.934,8.375,4.442
run_20260521_224941-0105,2026-05-23T17:21:43.750764Z,4.614,9.056,4.442
run_20260521_224941-0106,2026-05-23T09:58:43.588863Z,0.0,0.0,0.0
run_20260521_224941-0106,2026-05-23T10:03:43.588863Z,1.909,1.909,0.0
run_20260521_224941-0106,2026-05-23T10:08:43.588863Z,3.486,3.486,0.0
run_20260521_224941-0106,2026-05-23T10:13:43.588863Z,5.079,5.079,0.0
run_20260521_224941-0106,2026-05-23T10:18:43.588863Z,7.078,7.078,0.0
run_20260521_224941-0106,2026-05-23T10:23:43.588863Z,9.134,9.134,0.0
run_20260521_224941-0106,2026-05-23T10:28:43.588863Z,11.404,11.404,0.0
run_20260521_224941-0107,2026-05-23T20:20:56.339298Z,0.0,0.0,0.0
run_20260521_224941-0107,2026-05-23T20:25:56.339298Z,0.961,0.961,0.0
run_20260521_224941-0107,2026-05-23T20:30:56.339298Z,1.798,1.798,0.0
run_20260521_224941-0107,2026-05-23T20:35:56.339298Z,2.648,2.648,0.0
run_20260521_224941-0107,2026-05-23T20:40:56.339298Z,3.65,3.65,0.0
run_20260521_224941-0107,2026-05-23T20:45:56.339298Z,4.447,4.447,0.0
run_20260521_224941-0107,2026-05-23T20:50:56.339298Z,5.333,5.333,0.0
run_20260521_224941-0108,2026-05-23T14:56:22.339338Z,0.0,0.0,0.0
run_20260521_224941-0108,2026-05-23T15:01:22.339338Z,0.81,0.81,0.0
run_20260521_224941-0108,2026-05-23T15:06:22.339338Z,1.68,1.68,0.0
run_20260521_224941-0108,2026-05-23T15:11:22.339338Z,2.668,2.668,0.0
run_20260521_224941-0108,2026-05-23T15:16:22.339338Z,3.605,3.605,0.0
run_20260521_224941-0108,2026-05-23T15:21:22.339338Z,4.377,4.377,0.0
run_20260521_224941-0108,2026-05-23T15:26:22.339338Z,5.206,5.206,0.0
run_20260521_224941-0109,2026-05-23T10:35:21.313370Z,0.0,0.0,0.0
run_20260521_224941-0109,2026-05-23T10:40:21.313370Z,0.806,0.806,0.0
run_20260521_224941-0109,2026-05-23T10:45:21.313370Z,1.684,1.684,0.0
run_20260521_224941-0109,2026-05-23T10:50:21.313370Z,2.466,2.466,0.0
run_20260521_224941-0109,2026-05-23T10:55:21.313370Z,3.278,3.278,0.0
run_20260521_224941-0109,2026-05-23T11:00:21.313370Z,4.202,4.202,0.0
run_20260521_224941-0109,2026-05-23T11:05:21.313370Z,4.92,4.92,0.0
run_20260521_224941-0110,2026-05-23T14:52:14.422384Z,0.0,0.0,0.0
run_20260521_224941-0110,2026-05-23T14:57:14.422384Z,0.837,0.837,0.0
run_20260521_224941-0110,2026-05-23T15:02:14.422384Z,1.779,1.779,0.0
run_20260521_224941-0110,2026-05-23T15:07:14.422384Z,2.625,2.625,0.0
run_20260521_224941-0110,2026-05-23T15:12:14.422384Z,3.507,3.507,0.0
run_20260521_224941-0110,2026-05-23T15:17:14.422384Z,4.565,4.565,0.0
run_20260521_224941-0110,2026-05-23T15:22:14.422384Z,5.425,5.425,0.0
run_20260521_224941-0110,2026-05-23T15:27:14.422384Z,6.423,6.423,0.0
run_20260521_224941-0110,2026-05-23T15:32:14.422384Z,7.336,7.336,0.0
run_20260521_224941-0110,2026-05-23T15:37:14.422384Z,8.357,8.357,0.0
run_20260521_224941-0110,2026-05-23T15:42:14.422384Z,9.308,9.308,0.0
run_20260521_224941-0110,2026-05-23T15:47:14.422384Z,10.333,10.333,0.0
run_20260521_224941-0110,2026-05-23T15:52:14.422384Z,11.379,11.379,0.0
run_20260521_224941-0111,2026-05-23T18:09:51.625481Z,0.0,0.0,0.0
run_20260521_224941-0111,2026-05-23T18:14:51.625481Z,0.562,0.562,0.0
run_20260521_224941-0111,2026-05-23T18:19:51.625481Z,1.221,1.221,0.0
run_20260521_224941-0111,2026-05-23T18:24:51.625481Z,1.841,1.841,0.0
run_20260521_224941-0111,2026-05-23T18:29:51.625481Z,2.435,2.435,0.0
run_20260521_224941-0111,2026-05-23T18:34:51.625481Z,3.008,3.008,0.0
run_20260521_224941-0111,2026-05-23T18:39:51.625481Z,3.609,3.609,0.0
run_20260521_224941-0111,2026-05-23T18:44:51.625481Z,4.203,4.203,0.0
run_20260521_224941-0111,2026-05-23T18:49:51.625481Z,4.672,4.672,0.0
run_20260521_224941-0111,2026-05-23T18:54:51.625481Z,5.229,5.229,0.0
run_20260521_224941-0111,2026-05-23T18:59:51.625481Z,5.712,5.712,0.0
run_20260521_224941-0111,2026-05-23T19:04:51.625481Z,6.389,6.389,0.0
run_20260521_224941-0111,2026-05-23T19:09:51.625481Z,7.039,7.039,0.0
run_20260521_224941-0111,2026-05-23T19:14:51.625481Z,7.591,7.591,0.0
run_20260521_224941-0111,2026-05-23T19:19:51.625481Z,8.24,8.24,0.0
run_20260521_224941-0111,2026-05-23T19:24:51.625481Z,8.987,8.987,0.0
run_20260521_224941-0112,2026-05-23T08:19:41.389692Z,0.0,0.0,0.0
run_20260521_224941-0112,2026-05-23T08:24:41.389692Z,1.863,1.863,0.0
run_20260521_224941-0112,2026-05-23T08:29:41.389692Z,3.656,3.656,0.0
run_20260521_224941-0112,2026-05-23T08:34:41.389692Z,5.657,5.657,0.0
run_20260521_224941-0112,2026-05-23T08:39:41.389692Z,7.4,7.4,0.0
run_20260521_224941-0112,2026-05-23T08:44:41.389692Z,9.457,9.457,0.0
run_20260521_224941-0112,2026-05-23T08:49:41.389692Z,10.926,10.926,0.0
run_20260521_224941-0113,2026-05-23T19:30:42.675002Z,0.0,0.0,0.0
run_20260521_224941-0113,2026-05-23T19:35:42.675002Z,0.561,0.561,0.0
run_20260521_224941-0113,2026-05-23T19:40:42.675002Z,1.337,1.337,0.0
run_20260521_224941-0113,2026-05-23T19:45:42.675002Z,0.805,1.337,0.533
run_20260521_224941-0113,2026-05-23T19:50:42.675002Z,1.386,1.918,0.533
run_20260521_224941-0113,2026-05-23T19:55:42.675002Z,2.094,2.627,0.533
run_20260521_224941-0113,2026-05-23T20:00:42.675002Z,2.65,3.183,0.533
run_20260521_224941-0113,2026-05-23T20:05:42.675002Z,3.212,3.744,0.533
run_20260521_224941-0113,2026-05-23T20:10:42.675002Z,3.82,4.352,0.533
run_20260521_224941-0114,2026-05-23T06:44:13.117813Z,0.0,0.0,0.0
run_20260521_224941-0114,2026-05-23T06:49:13.117813Z,-1.757,0.0,1.757
run_20260521_224941-0114,2026-05-23T06:54:13.117813Z,-3.854,0.0,3.854
run_20260521_224941-0114,2026-05-23T06:59:13.117813Z,-5.775,0.0,5.775
run_20260521_224941-0114,2026-05-23T07:04:13.117813Z,-7.844,0.0,7.844
run_20260521_224941-0115,2026-05-23T16:06:47.136685Z,0.0,0.0,0.0
run_20260521_224941-0115,2026-05-23T16:11:47.136685Z,1.772,1.772,0.0
run_20260521_224941-0115,2026-05-23T16:16:47.136685Z,3.729,3.729,0.0
run_20260521_224941-0115,2026-05-23T16:21:47.136685Z,5.553,5.553,0.0
run_20260521_224941-0115,2026-05-23T16:26:47.136685Z,7.52,7.52,0.0
run_20260521_224941-0115,2026-05-23T16:31:47.136685Z,9.364,9.364,0.0
run_20260521_224941-0115,2026-05-23T16:36:47.136685Z,10.743,10.743,0.0
run_20260521_224941-0115,2026-05-23T16:41:47.136685Z,12.482,12.482,0.0
run_20260521_224941-0115,2026-05-23T16:46:47.136685Z,10.371,12.482,2.112
run_20260521_224941-0115,2026-05-23T16:51:47.136685Z,8.271,12.482,4.211
run_20260521_224941-0115,2026-05-23T16:56:47.136685Z,10.123,14.335,4.211
run_20260521_224941-0115,2026-05-23T17:01:47.136685Z,11.934,16.145,4.211
run_20260521_224941-0115,2026-05-23T17:06:47.136685Z,13.706,17.917,4.211
run_20260521_224941-0116,2026-05-23T01:49:43.640395Z,0.0,0.0,0.0
run_20260521_224941-0116,2026-05-23T01:54:43.640395Z,1.736,1.736,0.0
run_20260521_224941-0116,2026-05-23T01:59:43.640395Z,3.485,3.485,0.0
run_20260521_224941-0116,2026-05-23T02:04:43.640395Z,1.581,3.485,1.904
run_20260521_224941-0116,2026-05-23T02:09:43.640395Z,-0.331,3.485,3.816
run_20260521_224941-0116,2026-05-23T02:14:43.640395Z,-2.161,3.485,5.646
run_20260521_224941-0116,2026-05-23T02:19:43.640395Z,-0.578,5.068,5.646
run_20260521_224941-0116,2026-05-23T02:24:43.640395Z,1.056,6.701,5.646
run_20260521_224941-0116,2026-05-23T02:29:43.640395Z,3.006,8.652,5.646
run_20260521_224941-0117,2026-05-23T05:41:55.328834Z,0.0,0.0,0.0
run_20260521_224941-0117,2026-05-23T05:46:55.328834Z,0.544,0.544,0.0
run_20260521_224941-0117,2026-05-23T05:51:55.328834Z,1.134,1.134,0.0
run_20260521_224941-0117,2026-05-23T05:56:55.328834Z,1.759,1.759,0.0
run_20260521_224941-0117,2026-05-23T06:01:55.328834Z,2.345,2.345,0.0
run_20260521_224941-0117,2026-05-23T06:06:55.328834Z,3.006,3.006,0.0
run_20260521_224941-0117,2026-05-23T06:11:55.328834Z,3.492,3.492,0.0
run_20260521_224941-0117,2026-05-23T06:16:55.328834Z,4.114,4.114,0.0
run_20260521_224941-0117,2026-05-23T06:21:55.328834Z,4.786,4.786,0.0
run_20260521_224941-0117,2026-05-23T06:26:55.328834Z,5.446,5.446,0.0
run_20260521_224941-0117,2026-05-23T06:31:55.328834Z,6.147,6.147,0.0
run_20260521_224941-0117,2026-05-23T06:36:55.328834Z,6.662,6.662,0.0
run_20260521_224941-0117,2026-05-23T06:41:55.328834Z,7.295,7.295,0.0
run_20260521_224941-0117,2026-05-23T06:46:55.328834Z,7.88,7.88,0.0
run_20260521_224941-0117,2026-05-23T06:51:55.328834Z,8.412,8.412,0.0
run_20260521_224941-0117,2026-05-23T06:56:55.328834Z,9.065,9.065,0.0
run_20260521_224941-0118,2026-05-23T10:26:58.073607Z,0.0,0.0,0.0
run_20260521_224941-0118,2026-05-23T10:31:58.073607Z,0.858,0.858,0.0
run_20260521_224941-0118,2026-05-23T10:36:58.073607Z,1.767,1.767,0.0
run_20260521_224941-0118,2026-05-23T10:41:58.073607Z,2.702,2.702,0.0
run_20260521_224941-0118,2026-05-23T10:46:58.073607Z,3.618,3.618,0.0
run_20260521_224941-0118,2026-05-23T10:51:58.073607Z,4.542,4.542,0.0
run_20260521_224941-0118,2026-05-23T10:56:58.073607Z,5.466,5.466,0.0
run_20260521_224941-0118,2026-05-23T11:01:58.073607Z,6.418,6.418,0.0
run_20260521_224941-0118,2026-05-23T11:06:58.073607Z,7.208,7.208,0.0
run_20260521_224941-0118,2026-05-23T11:11:58.073607Z,8.19,8.19,0.0
run_20260521_224941-0118,2026-05-23T11:16:58.073607Z,9.076,9.076,0.0
run_20260521_224941-0118,2026-05-23T11:21:58.073607Z,9.984,9.984,0.0
run_20260521_224941-0118,2026-05-23T11:26:58.073607Z,11.112,11.112,0.0
run_20260521_224941-0118,2026-05-23T11:31:58.073607Z,11.863,11.863,0.0
run_20260521_224941-0118,2026-05-23T11:36:58.073607Z,12.706,12.706,0.0
run_20260521_224941-0118,2026-05-23T11:41:58.073607Z,13.636,13.636,0.0
run_20260521_224941-0119,2026-05-23T14:59:46.576457Z,0.0,0.0,0.0
run_20260521_224941-0119,2026-05-23T15:04:46.576457Z,0.991,0.991,0.0
run_20260521_224941-0119,2026-05-23T15:09:46.576457Z,1.858,1.858,0.0
run_20260521_224941-0119,2026-05-23T15:14:46.576457Z,2.72,2.72,0.0
run_20260521_224941-0119,2026-05-23T15:19:46.576457Z,3.513,3.513,0.0
run_20260521_224941-0119,2026-05-23T15:24:46.576457Z,4.3,4.3,0.0
run_20260521_224941-0119,2026-05-23T15:29:46.576457Z,5.184,5.184,0.0
run_20260521_224941-0119,2026-05-23T15:34:46.576457Z,6.068,6.068,0.0
run_20260521_224941-0119,2026-05-23T15:39:46.576457Z,7.032,7.032,0.0
run_20260521_224941-0119,2026-05-23T15:44:46.576457Z,7.839,7.839,0.0
run_20260521_224941-0119,2026-05-23T15:49:46.576457Z,8.729,8.729,0.0
run_20260521_224941-0119,2026-05-23T15:54:46.576457Z,9.637,9.637,0.0
run_20260521_224941-0119,2026-05-23T15:59:46.576457Z,10.489,10.489,0.0
run_20260521_224941-0120,2026-05-23T07:49:09.612288Z,0.0,0.0,0.0
run_20260521_224941-0120,2026-05-23T07:54:09.612288Z,0.947,0.947,0.0
run_20260521_224941-0120,2026-05-23T07:59:09.612288Z,1.802,1.802,0.0
run_20260521_224941-0120,2026-05-23T08:04:09.612288Z,2.677,2.677,0.0
run_20260521_224941-0120,2026-05-23T08:09:09.612288Z,3.654,3.654,0.0
run_20260521_224941-0120,2026-05-23T08:14:09.612288Z,4.707,4.707,0.0
run_20260521_224941-0120,2026-05-23T08:19:09.612288Z,5.567,5.567,0.0
run_20260521_224941-0120,2026-05-23T08:24:09.612288Z,6.611,6.611,0.0
run_20260521_224941-0120,2026-05-23T08:29:09.612288Z,7.636,7.636,0.0
run_20260521_224941-0120,2026-05-23T08:34:09.612288Z,8.416,8.416,0.0
run_20260521_224941-0120,2026-05-23T08:39:09.612288Z,9.409,9.409,0.0
run_20260521_224941-0120,2026-05-23T08:44:09.612288Z,10.337,10.337,0.0
run_20260521_224941-0120,2026-05-23T08:49:09.612288Z,11.243,11.243,0.0
run_20260521_224941-0120,2026-05-23T08:54:09.612288Z,12.171,12.171,0.0
run_20260521_224941-0120,2026-05-23T08:59:09.612288Z,13.129,13.129,0.0
run_20260521_224941-0120,2026-05-23T09:04:09.612288Z,14.166,14.166,0.0
run_20260521_224941-0121,2026-05-23T14:19:44.273690Z,0.0,0.0,0.0
run_20260521_224941-0121,2026-05-23T14:24:44.273690Z,1.885,1.885,0.0
run_20260521_224941-0121,2026-05-23T14:29:44.273690Z,0.203,1.885,1.682
run_20260521_224941-0121,2026-05-23T14:34:44.273690Z,2.033,3.715,1.682
run_20260521_224941-0121,2026-05-23T14:39:44.273690Z,3.986,5.668,1.682
run_20260521_224941-0121,2026-05-23T14:44:44.273690Z,5.547,7.229,1.682
run_20260521_224941-0121,2026-05-23T14:49:44.273690Z,7.276,8.958,1.682
run_20260521_224941-0122,2026-05-23T00:19:35.903553Z,0.0,0.0,0.0
run_20260521_224941-0122,2026-05-23T00:24:35.903553Z,-0.674,0.0,0.674
run_20260521_224941-0122,2026-05-23T00:29:35.903553Z,-1.261,0.0,1.261
run_20260521_224941-0122,2026-05-23T00:34:35.903553Z,-1.937,0.0,1.937
run_20260521_224941-0122,2026-05-23T00:39:35.903553Z,-2.455,0.0,2.455
run_20260521_224941-0122,2026-05-23T00:44:35.903553Z,-3.002,0.0,3.002
run_20260521_224941-0122,2026-05-23T00:49:35.903553Z,-3.643,0.0,3.643
run_20260521_224941-0122,2026-05-23T00:54:35.903553Z,-4.323,0.0,4.323
run_20260521_224941-0122,2026-05-23T00:59:35.903553Z,-4.906,0.0,4.906
run_20260521_224941-0122,2026-05-23T01:04:35.903553Z,-5.499,0.0,5.499
run_20260521_224941-0122,2026-05-23T01:09:35.903553Z,-6.051,0.0,6.051
run_20260521_224941-0122,2026-05-23T01:14:35.903553Z,-6.723,0.0,6.723
run_20260521_224941-0122,2026-05-23T01:19:35.903553Z,-7.269,0.0,7.269
run_20260521_224941-0122,2026-05-23T01:24:35.903553Z,-7.919,0.0,7.919
run_20260521_224941-0122,2026-05-23T01:29:35.903553Z,-8.498,0.0,8.498
run_20260521_224941-0122,2026-05-23T01:34:35.903553Z,-9.04,0.0,9.04
run_20260521_224941-0123,2026-05-23T18:12:00.348469Z,0.0,0.0,0.0
run_20260521_224941-0123,2026-05-23T18:17:00.348469Z,0.98,0.98,0.0
run_20260521_224941-0123,2026-05-23T18:22:00.348469Z,1.977,1.977,0.0
run_20260521_224941-0123,2026-05-23T18:27:00.348469Z,2.982,2.982,0.0
run_20260521_224941-0123,2026-05-23T18:32:00.348469Z,3.932,3.932,0.0
run_20260521_224941-0123,2026-05-23T18:37:00.348469Z,4.751,4.751,0.0
run_20260521_224941-0123,2026-05-23T18:42:00.348469Z,5.724,5.724,0.0
run_20260521_224941-0124,2026-05-23T01:50:59.664570Z,0.0,0.0,0.0
run_20260521_224941-0124,2026-05-23T01:55:59.664570Z,0.609,0.609,0.0
run_20260521_224941-0124,2026-05-23T02:00:59.664570Z,1.192,1.192,0.0
run_20260521_224941-0124,2026-05-23T02:05:59.664570Z,1.734,1.734,0.0
run_20260521_224941-0124,2026-05-23T02:10:59.664570Z,2.391,2.391,0.0
run_20260521_224941-0124,2026-05-23T02:15:59.664570Z,3.013,3.013,0.0
run_20260521_224941-0124,2026-05-23T02:20:59.664570Z,3.619,3.619,0.0
run_20260521_224941-0124,2026-05-23T02:25:59.664570Z,4.246,4.246,0.0
run_20260521_224941-0124,2026-05-23T02:30:59.664570Z,4.771,4.771,0.0
run_20260521_224941-0125,2026-05-23T16:42:24.554585Z,0.0,0.0,0.0
run_20260521_224941-0125,2026-05-23T16:47:24.554585Z,0.629,0.629,0.0
run_20260521_224941-0125,2026-05-23T16:52:24.554585Z,1.222,1.222,0.0
run_20260521_224941-0125,2026-05-23T16:57:24.554585Z,1.891,1.891,0.0
run_20260521_224941-0125,2026-05-23T17:02:24.554585Z,2.49,2.49,0.0
run_20260521_224941-0126,2026-05-23T02:01:13.073891Z,0.0,0.0,0.0
run_20260521_224941-0126,2026-05-23T02:06:13.073891Z,0.834,0.834,0.0
run_20260521_224941-0126,2026-05-23T02:11:13.073891Z,1.828,1.828,0.0
run_20260521_224941-0126,2026-05-23T02:16:13.073891Z,2.699,2.699,0.0
run_20260521_224941-0126,2026-05-23T02:21:13.073891Z,3.671,3.671,0.0
run_20260521_224941-0126,2026-05-23T02:26:13.073891Z,4.48,4.48,0.0
run_20260521_224941-0126,2026-05-23T02:31:13.073891Z,5.388,5.388,0.0
run_20260521_224941-0126,2026-05-23T02:36:13.073891Z,6.516,6.516,0.0
run_20260521_224941-0126,2026-05-23T02:41:13.073891Z,7.583,7.583,0.0
run_20260521_224941-0126,2026-05-23T02:46:13.073891Z,8.327,8.327,0.0
run_20260521_224941-0126,2026-05-23T02:51:13.073891Z,9.277,9.277,0.0
run_20260521_224941-0126,2026-05-23T02:56:13.073891Z,10.27,10.27,0.0
run_20260521_224941-0126,2026-05-23T03:01:13.073891Z,11.141,11.141,0.0
run_20260521_224941-0126,2026-05-23T03:06:13.073891Z,11.957,11.957,0.0
run_20260521_224941-0126,2026-05-23T03:11:13.073891Z,12.934,12.934,0.0
run_20260521_224941-0126,2026-05-23T03:16:13.073891Z,13.86,13.86,0.0
run_20260521_224941-0127,2026-05-23T16:53:55.386359Z,0.0,0.0,0.0
run_20260521_224941-0127,2026-05-23T16:58:55.386359Z,-0.967,0.0,0.967
run_20260521_224941-0127,2026-05-23T17:03:55.386359Z,-1.75,0.0,1.75
run_20260521_224941-0127,2026-05-23T17:08:55.386359Z,-2.668,0.0,2.668
run_20260521_224941-0127,2026-05-23T17:13:55.386359Z,-1.779,0.889,2.668
run_20260521_224941-0127,2026-05-23T17:18:55.386359Z,-0.927,1.74,2.668
run_20260521_224941-0127,2026-05-23T17:23:55.386359Z,0.093,2.761,2.668
run_20260521_224941-0128,2026-05-23T19:55:15.442582Z,0.0,0.0,0.0
run_20260521_224941-0128,2026-05-23T20:00:15.442582Z,0.702,0.702,0.0
run_20260521_224941-0128,2026-05-23T20:05:15.442582Z,1.792,1.792,0.0
run_20260521_224941-0128,2026-05-23T20:10:15.442582Z,2.746,2.746,0.0
run_20260521_224941-0128,2026-05-23T20:15:15.442582Z,3.791,3.791,0.0
run_20260521_224941-0128,2026-05-23T20:20:15.442582Z,4.661,4.661,0.0
run_20260521_224941-0128,2026-05-23T20:25:15.442582Z,5.587,5.587,0.0
run_20260521_224941-0128,2026-05-23T20:30:15.442582Z,6.409,6.409,0.0
run_20260521_224941-0128,2026-05-23T20:35:15.442582Z,7.362,7.362,0.0
run_20260521_224941-0128,2026-05-23T20:40:15.442582Z,6.501,7.362,0.861
run_20260521_224941-0128,2026-05-23T20:45:15.442582Z,7.415,8.276,0.861
run_20260521_224941-0128,2026-05-23T20:50:15.442582Z,8.319,9.18,0.861
run_20260521_224941-0128,2026-05-23T20:55:15.442582Z,9.147,10.008,0.861
run_20260521_224941-0128,2026-05-23T21:00:15.442582Z,10.061,10.922,0.861
run_20260521_224941-0128,2026-05-23T21:05:15.442582Z,10.877,11.738,0.861
run_20260521_224941-0128,2026-05-23T21:10:15.442582Z,11.702,12.563,0.861
run_20260521_224941-0129,2026-05-23T23:49:28.692356Z,0.0,0.0,0.0
run_20260521_224941-0129,2026-05-23T23:54:28.692356Z,0.934,0.934,0.0
run_20260521_224941-0129,2026-05-23T23:59:28.692356Z,1.848,1.848,0.0
run_20260521_224941-0129,2026-05-24T00:04:28.692356Z,2.818,2.818,0.0
run_20260521_224941-0129,2026-05-24T00:09:28.692356Z,3.608,3.608,0.0
run_20260521_224941-0129,2026-05-24T00:14:28.692356Z,4.594,4.594,0.0
run_20260521_224941-0129,2026-05-24T00:19:28.692356Z,5.322,5.322,0.0
run_20260521_224941-0129,2026-05-24T00:24:28.692356Z,6.271,6.271,0.0
run_20260521_224941-0129,2026-05-24T00:29:28.692356Z,7.213,7.213,0.0
run_20260521_224941-0129,2026-05-24T00:34:28.692356Z,6.261,7.213,0.952
run_20260521_224941-0129,2026-05-24T00:39:28.692356Z,5.296,7.213,1.917
run_20260521_224941-0129,2026-05-24T00:44:28.692356Z,4.546,7.213,2.668
run_20260521_224941-0129,2026-05-24T00:49:28.692356Z,3.657,7.213,3.556
run_20260521_224941-0129,2026-05-24T00:54:28.692356Z,2.75,7.213,4.463
run_20260521_224941-0129,2026-05-24T00:59:28.692356Z,3.758,8.221,4.463
run_20260521_224941-0129,2026-05-24T01:04:28.692356Z,4.61,9.073,4.463
run_20260521_224941-0130,2026-05-23T07:33:58.803559Z,0.0,0.0,0.0
run_20260521_224941-0130,2026-05-23T07:38:58.803559Z,1.967,1.967,0.0
run_20260521_224941-0130,2026-05-23T07:43:58.803559Z,3.773,3.773,0.0
run_20260521_224941-0130,2026-05-23T07:48:58.803559Z,5.569,5.569,0.0
run_20260521_224941-0130,2026-05-23T07:53:58.803559Z,7.255,7.255,0.0
run_20260521_224941-0131,2026-05-23T21:59:55.919015Z,0.0,0.0,0.0
run_20260521_224941-0131,2026-05-23T22:04:55.919015Z,1.933,1.933,0.0
run_20260521_224941-0131,2026-05-23T22:09:55.919015Z,3.435,3.435,0.0
run_20260521_224941-0131,2026-05-23T22:14:55.919015Z,5.123,5.123,0.0
run_20260521_224941-0131,2026-05-23T22:19:55.919015Z,7.142,7.142,0.0
run_20260521_224941-0131,2026-05-23T22:24:55.919015Z,9.102,9.102,0.0
run_20260521_224941-0131,2026-05-23T22:29:55.919015Z,11.057,11.057,0.0
run_20260521_224941-0131,2026-05-23T22:34:55.919015Z,12.924,12.924,0.0
run_20260521_224941-0131,2026-05-23T22:39:55.919015Z,15.016,15.016,0.0
run_20260521_224941-0131,2026-05-23T22:44:55.919015Z,16.567,16.567,0.0
run_20260521_224941-0131,2026-05-23T22:49:55.919015Z,18.344,18.344,0.0
run_20260521_224941-0131,2026-05-23T22:54:55.919015Z,20.186,20.186,0.0
run_20260521_224941-0131,2026-05-23T22:59:55.919015Z,22.393,22.393,0.0
run_20260521_224941-0132,2026-05-23T23:36:27.140575Z,0.0,0.0,0.0
run_20260521_224941-0132,2026-05-23T23:41:27.140575Z,2.022,2.022,0.0
run_20260521_224941-0132,2026-05-23T23:46:27.140575Z,0.049,2.022,1.973
run_20260521_224941-0132,2026-05-23T23:51:27.140575Z,-1.718,2.022,3.739
run_20260521_224941-0132,2026-05-23T23:56:27.140575Z,-3.333,2.022,5.354
run_20260521_224941-0132,2026-05-24T00:01:27.140575Z,-1.592,3.762,5.354
run_20260521_224941-0132,2026-05-24T00:06:27.140575Z,0.402,5.757,5.354
run_20260521_224941-0133,2026-05-23T05:00:40.965436Z,0.0,0.0,0.0
run_20260521_224941-0133,2026-05-23T05:05:40.965436Z,1.61,1.61,0.0
run_20260521_224941-0133,2026-05-23T05:10:40.965436Z,3.396,3.396,0.0
run_20260521_224941-0133,2026-05-23T05:15:40.965436Z,5.298,5.298,0.0
run_20260521_224941-0133,2026-05-23T05:20:40.965436Z,7.139,7.139,0.0
run_20260521_224941-0134,2026-05-23T00:43:45.266450Z,0.0,0.0,0.0
run_20260521_224941-0134,2026-05-23T00:48:45.266450Z,0.624,0.624,0.0
run_20260521_224941-0134,2026-05-23T00:53:45.266450Z,1.237,1.237,0.0
run_20260521_224941-0134,2026-05-23T00:58:45.266450Z,1.773,1.773,0.0
run_20260521_224941-0134,2026-05-23T01:03:45.266450Z,2.384,2.384,0.0
run_20260521_224941-0134,2026-05-23T01:08:45.266450Z,3.059,3.059,0.0
run_20260521_224941-0134,2026-05-23T01:13:45.266450Z,3.632,3.632,0.0
run_20260521_224941-0134,2026-05-23T01:18:45.266450Z,4.259,4.259,0.0
run_20260521_224941-0134,2026-05-23T01:23:45.266450Z,4.809,4.809,0.0
run_20260521_224941-0135,2026-05-23T22:00:51.915964Z,0.0,0.0,0.0
run_20260521_224941-0135,2026-05-23T22:05:51.915964Z,0.871,0.871,0.0
run_20260521_224941-0135,2026-05-23T22:10:51.915964Z,1.687,1.687,0.0
run_20260521_224941-0135,2026-05-23T22:15:51.915964Z,2.492,2.492,0.0
run_20260521_224941-0135,2026-05-23T22:20:51.915964Z,3.391,3.391,0.0
run_20260521_224941-0135,2026-05-23T22:25:51.915964Z,4.347,4.347,0.0
run_20260521_224941-0135,2026-05-23T22:30:51.915964Z,5.342,5.342,0.0
run_20260521_224941-0136,2026-05-23T19:29:09.349903Z,0.0,0.0,0.0
run_20260521_224941-0136,2026-05-23T19:34:09.349903Z,1.838,1.838,0.0
run_20260521_224941-0136,2026-05-23T19:39:09.349903Z,3.636,3.636,0.0
run_20260521_224941-0136,2026-05-23T19:44:09.349903Z,5.493,5.493,0.0
run_20260521_224941-0136,2026-05-23T19:49:09.349903Z,7.277,7.277,0.0
run_20260521_224941-0136,2026-05-23T19:54:09.349903Z,9.175,9.175,0.0
run_20260521_224941-0136,2026-05-23T19:59:09.349903Z,10.875,10.875,0.0
run_20260521_224941-0136,2026-05-23T20:04:09.349903Z,12.615,12.615,0.0
run_20260521_224941-0136,2026-05-23T20:09:09.349903Z,14.334,14.334,0.0
run_20260521_224941-0136,2026-05-23T20:14:09.349903Z,16.268,16.268,0.0
run_20260521_224941-0136,2026-05-23T20:19:09.349903Z,18.042,18.042,0.0
run_20260521_224941-0136,2026-05-23T20:24:09.349903Z,19.926,19.926,0.0
run_20260521_224941-0136,2026-05-23T20:29:09.349903Z,22.083,22.083,0.0
run_20260521_224941-0137,2026-05-23T19:54:55.049211Z,0.0,0.0,0.0
run_20260521_224941-0137,2026-05-23T19:59:55.049211Z,-0.801,0.0,0.801
run_20260521_224941-0137,2026-05-23T20:04:55.049211Z,-1.754,0.0,1.754
run_20260521_224941-0137,2026-05-23T20:09:55.049211Z,-0.774,0.981,1.754
run_20260521_224941-0137,2026-05-23T20:14:55.049211Z,0.094,1.848,1.754
run_20260521_224941-0137,2026-05-23T20:19:55.049211Z,1.163,2.917,1.754
run_20260521_224941-0137,2026-05-23T20:24:55.049211Z,1.938,3.692,1.754
run_20260521_224941-0137,2026-05-23T20:29:55.049211Z,3.023,4.778,1.754
run_20260521_224941-0137,2026-05-23T20:34:55.049211Z,3.921,5.675,1.754
run_20260521_224941-0138,2026-05-23T23:49:15.299282Z,0.0,0.0,0.0
run_20260521_224941-0138,2026-05-23T23:54:15.299282Z,0.811,0.811,0.0
run_20260521_224941-0138,2026-05-23T23:59:15.299282Z,1.595,1.595,0.0
run_20260521_224941-0138,2026-05-24T00:04:15.299282Z,2.637,2.637,0.0
run_20260521_224941-0138,2026-05-24T00:09:15.299282Z,3.463,3.463,0.0
run_20260521_224941-0138,2026-05-24T00:14:15.299282Z,4.415,4.415,0.0
run_20260521_224941-0138,2026-05-24T00:19:15.299282Z,5.391,5.391,0.0
run_20260521_224941-0138,2026-05-24T00:24:15.299282Z,6.189,6.189,0.0
run_20260521_224941-0138,2026-05-24T00:29:15.299282Z,7.041,7.041,0.0
run_20260521_224941-0138,2026-05-24T00:34:15.299282Z,7.914,7.914,0.0
run_20260521_224941-0138,2026-05-24T00:39:15.299282Z,8.718,8.718,0.0
run_20260521_224941-0138,2026-05-24T00:44:15.299282Z,9.55,9.55,0.0
run_20260521_224941-0138,2026-05-24T00:49:15.299282Z,10.41,10.41,0.0
run_20260521_224941-0139,2026-05-23T00:45:25.269414Z,0.0,0.0,0.0
run_20260521_224941-0139,2026-05-23T00:50:25.269414Z,-0.924,0.0,0.924
run_20260521_224941-0139,2026-05-23T00:55:25.269414Z,-1.878,0.0,1.878
run_20260521_224941-0139,2026-05-23T01:00:25.269414Z,-2.711,0.0,2.711
run_20260521_224941-0139,2026-05-23T01:05:25.269414Z,-3.717,0.0,3.717
run_20260521_224941-0139,2026-05-23T01:10:25.269414Z,-4.711,0.0,4.711
run_20260521_224941-0139,2026-05-23T01:15:25.269414Z,-5.531,0.0,5.531
run_20260521_224941-0140,2026-05-23T01:21:06.967308Z,0.0,0.0,0.0
run_20260521_224941-0140,2026-05-23T01:26:06.967308Z,0.854,0.854,0.0
run_20260521_224941-0140,2026-05-23T01:31:06.967308Z,1.787,1.787,0.0
run_20260521_224941-0140,2026-05-23T01:36:06.967308Z,2.674,2.674,0.0
run_20260521_224941-0140,2026-05-23T01:41:06.967308Z,3.684,3.684,0.0
run_20260521_224941-0140,2026-05-23T01:46:06.967308Z,4.468,4.468,0.0
run_20260521_224941-0140,2026-05-23T01:51:06.967308Z,5.361,5.361,0.0
run_20260521_224941-0141,2026-05-23T05:02:43.767658Z,0.0,0.0,0.0
run_20260521_224941-0141,2026-05-23T05:07:43.767658Z,0.872,0.872,0.0
run_20260521_224941-0141,2026-05-23T05:12:43.767658Z,1.697,1.697,0.0
run_20260521_224941-0141,2026-05-23T05:17:43.767658Z,2.626,2.626,0.0
run_20260521_224941-0141,2026-05-23T05:22:43.767658Z,3.336,3.336,0.0
run_20260521_224941-0142,2026-05-23T07:08:38.797598Z,0.0,0.0,0.0
run_20260521_224941-0142,2026-05-23T07:13:38.797598Z,1.816,1.816,0.0
run_20260521_224941-0142,2026-05-23T07:18:38.797598Z,3.92,3.92,0.0
run_20260521_224941-0142,2026-05-23T07:23:38.797598Z,5.913,5.913,0.0
run_20260521_224941-0142,2026-05-23T07:28:38.797598Z,7.652,7.652,0.0
run_20260521_224941-0142,2026-05-23T07:33:38.797598Z,9.342,9.342,0.0
run_20260521_224941-0142,2026-05-23T07:38:38.797598Z,11.142,11.142,0.0
run_20260521_224941-0142,2026-05-23T07:43:38.797598Z,12.931,12.931,0.0
run_20260521_224941-0142,2026-05-23T07:48:38.797598Z,15.039,15.039,0.0
run_20260521_224941-0142,2026-05-23T07:53:38.797598Z,16.844,16.844,0.0
run_20260521_224941-0142,2026-05-23T07:58:38.797598Z,18.43,18.43,0.0
run_20260521_224941-0142,2026-05-23T08:03:38.797598Z,20.444,20.444,0.0
run_20260521_224941-0142,2026-05-23T08:08:38.797598Z,22.467,22.467,0.0
run_20260521_224941-0142,2026-05-23T08:13:38.797598Z,24.259,24.259,0.0
run_20260521_224941-0142,2026-05-23T08:18:38.797598Z,26.234,26.234,0.0
run_20260521_224941-0142,2026-05-23T08:23:38.797598Z,28.076,28.076,0.0
run_20260521_224941-0143,2026-05-23T18:40:42.857994Z,0.0,0.0,0.0
run_20260521_224941-0143,2026-05-23T18:45:42.857994Z,0.857,0.857,0.0
run_20260521_224941-0143,2026-05-23T18:50:42.857994Z,1.646,1.646,0.0
run_20260521_224941-0143,2026-05-23T18:55:42.857994Z,2.75,2.75,0.0
run_20260521_224941-0143,2026-05-23T19:00:42.857994Z,3.926,3.926,0.0
run_20260521_224941-0143,2026-05-23T19:05:42.857994Z,4.766,4.766,0.0
run_20260521_224941-0143,2026-05-23T19:10:42.857994Z,5.691,5.691,0.0
run_20260521_224941-0143,2026-05-23T19:15:42.857994Z,6.642,6.642,0.0
run_20260521_224941-0143,2026-05-23T19:20:42.857994Z,7.54,7.54,0.0
run_20260521_224941-0144,2026-05-23T05:09:39.072214Z,0.0,0.0,0.0
run_20260521_224941-0144,2026-05-23T05:14:39.072214Z,-1.037,0.0,1.037
run_20260521_224941-0144,2026-05-23T05:19:39.072214Z,-2.038,0.0,2.038
run_20260521_224941-0144,2026-05-23T05:24:39.072214Z,-2.922,0.0,2.922
run_20260521_224941-0144,2026-05-23T05:29:39.072214Z,-3.848,0.0,3.848
run_20260521_224941-0144,2026-05-23T05:34:39.072214Z,-4.904,0.0,4.904
run_20260521_224941-0144,2026-05-23T05:39:39.072214Z,-5.861,0.0,5.861
run_20260521_224941-0144,2026-05-23T05:44:39.072214Z,-6.86,0.0,6.86
run_20260521_224941-0144,2026-05-23T05:49:39.072214Z,-7.789,0.0,7.789
run_20260521_224941-0144,2026-05-23T05:54:39.072214Z,-8.833,0.0,8.833
run_20260521_224941-0144,2026-05-23T05:59:39.072214Z,-9.854,0.0,9.854
run_20260521_224941-0144,2026-05-23T06:04:39.072214Z,-10.907,0.0,10.907
run_20260521_224941-0144,2026-05-23T06:09:39.072214Z,-11.759,0.0,11.759
run_20260521_224941-0144,2026-05-23T06:14:39.072214Z,-12.56,0.0,12.56
run_20260521_224941-0144,2026-05-23T06:19:39.072214Z,-13.465,0.0,13.465
run_20260521_224941-0144,2026-05-23T06:24:39.072214Z,-14.335,0.0,14.335
run_20260521_224941-0145,2026-05-23T19:30:36.169655Z,0.0,0.0,0.0
run_20260521_224941-0145,2026-05-23T19:35:36.169655Z,1.001,1.001,0.0
run_20260521_224941-0145,2026-05-23T19:40:36.169655Z,0.177,1.001,0.824
run_20260521_224941-0145,2026-05-23T19:45:36.169655Z,-0.77,1.001,1.771
run_20260521_224941-0145,2026-05-23T19:50:36.169655Z,-1.751,1.001,2.752
run_20260521_224941-0145,2026-05-23T19:55:36.169655Z,-2.669,1.001,3.67
run_20260521_224941-0145,2026-05-23T20:00:36.169655Z,-3.56,1.001,4.561
run_20260521_224941-0145,2026-05-23T20:05:36.169655Z,-2.503,2.058,4.561
run_20260521_224941-0145,2026-05-23T20:10:36.169655Z,-1.552,3.009,4.561
run_20260521_224941-0145,2026-05-23T20:15:36.169655Z,-0.751,3.811,4.561
run_20260521_224941-0145,2026-05-23T20:20:36.169655Z,0.201,4.762,4.561
run_20260521_224941-0145,2026-05-23T20:25:36.169655Z,1.009,5.571,4.561
run_20260521_224941-0145,2026-05-23T20:30:36.169655Z,1.885,6.447,4.561
run_20260521_224941-0146,2026-05-23T00:48:04.823044Z,0.0,0.0,0.0
run_20260521_224941-0146,2026-05-23T00:53:04.823044Z,-1.924,0.0,1.924
run_20260521_224941-0146,2026-05-23T00:58:04.823044Z,-3.687,0.0,3.687
run_20260521_224941-0146,2026-05-23T01:03:04.823044Z,-5.577,0.0,5.577
run_20260521_224941-0146,2026-05-23T01:08:04.823044Z,-7.289,0.0,7.289
run_20260521_224941-0146,2026-05-23T01:13:04.823044Z,-9.285,0.0,9.285
run_20260521_224941-0146,2026-05-23T01:18:04.823044Z,-11.246,0.0,11.246
run_20260521_224941-0146,2026-05-23T01:23:04.823044Z,-13.322,0.0,13.322
run_20260521_224941-0146,2026-05-23T01:28:04.823044Z,-15.284,0.0,15.284
run_20260521_224941-0147,2026-05-23T18:15:27.316436Z,0.0,0.0,0.0
run_20260521_224941-0147,2026-05-23T18:20:27.316436Z,-0.472,0.0,0.472
run_20260521_224941-0147,2026-05-23T18:25:27.316436Z,-1.11,0.0,1.11
run_20260521_224941-0147,2026-05-23T18:30:27.316436Z,-1.756,0.0,1.756
run_20260521_224941-0147,2026-05-23T18:35:27.316436Z,-2.292,0.0,2.292
run_20260521_224941-0148,2026-05-23T10:39:55.553448Z,0.0,0.0,0.0
run_20260521_224941-0148,2026-05-23T10:44:55.553448Z,0.848,0.848,0.0
run_20260521_224941-0148,2026-05-23T10:49:55.553448Z,1.631,1.631,0.0
run_20260521_224941-0148,2026-05-23T10:54:55.553448Z,2.422,2.422,0.0
run_20260521_224941-0148,2026-05-23T10:59:55.553448Z,3.44,3.44,0.0
run_20260521_224941-0148,2026-05-23T11:04:55.553448Z,4.325,4.325,0.0
run_20260521_224941-0148,2026-05-23T11:09:55.553448Z,5.272,5.272,0.0
run_20260521_224941-0148,2026-05-23T11:14:55.553448Z,6.274,6.274,0.0
run_20260521_224941-0148,2026-05-23T11:19:55.553448Z,5.48,6.274,0.793
run_20260521_224941-0148,2026-05-23T11:24:55.553448Z,4.614,6.274,1.659
run_20260521_224941-0148,2026-05-23T11:29:55.553448Z,3.787,6.274,2.486
run_20260521_224941-0148,2026-05-23T11:34:55.553448Z,4.761,7.248,2.486
run_20260521_224941-0148,2026-05-23T11:39:55.553448Z,5.654,8.14,2.486
run_20260521_224941-0149,2026-05-23T16:58:23.431814Z,0.0,0.0,0.0
run_20260521_224941-0149,2026-05-23T17:03:23.431814Z,0.537,0.537,0.0
run_20260521_224941-0149,2026-05-23T17:08:23.431814Z,1.17,1.17,0.0
run_20260521_224941-0149,2026-05-23T17:13:23.431814Z,1.827,1.827,0.0
run_20260521_224941-0149,2026-05-23T17:18:23.431814Z,2.423,2.423,0.0
run_20260521_224941-0149,2026-05-23T17:23:23.431814Z,2.92,2.92,0.0
run_20260521_224941-0149,2026-05-23T17:28:23.431814Z,3.492,3.492,0.0
run_20260521_224941-0149,2026-05-23T17:33:23.431814Z,4.083,4.083,0.0
run_20260521_224941-0149,2026-05-23T17:38:23.431814Z,4.762,4.762,0.0
run_20260521_224941-0150,2026-05-23T10:52:15.077064Z,0.0,0.0,0.0
run_20260521_224941-0150,2026-05-23T10:57:15.077064Z,0.668,0.668,0.0
run_20260521_224941-0150,2026-05-23T11:02:15.077064Z,1.242,1.242,0.0
run_20260521_224941-0150,2026-05-23T11:07:15.077064Z,1.805,1.805,0.0
run_20260521_224941-0150,2026-05-23T11:12:15.077064Z,2.416,2.416,0.0
run_20260521_224941-0150,2026-05-23T11:17:15.077064Z,3.005,3.005,0.0
run_20260521_224941-0150,2026-05-23T11:22:15.077064Z,3.596,3.596,0.0
run_20260521_224941-0150,2026-05-23T11:27:15.077064Z,4.315,4.315,0.0
run_20260521_224941-0150,2026-05-23T11:32:15.077064Z,5.017,5.017,0.0
run_20260521_224941-0150,2026-05-23T11:37:15.077064Z,5.68,5.68,0.0
run_20260521_224941-0150,2026-05-23T11:42:15.077064Z,6.361,6.361,0.0
run_20260521_224941-0150,2026-05-23T11:47:15.077064Z,7.035,7.035,0.0
run_20260521_224941-0150,2026-05-23T11:52:15.077064Z,7.659,7.659,0.0
run_20260521_224941-0151,2026-05-23T19:59:59.188232Z,0.0,0.0,0.0
run_20260521_224941-0151,2026-05-23T20:04:59.188232Z,0.695,0.695,0.0
run_20260521_224941-0151,2026-05-23T20:09:59.188232Z,1.322,1.322,0.0
run_20260521_224941-0151,2026-05-23T20:14:59.188232Z,1.848,1.848,0.0
run_20260521_224941-0151,2026-05-23T20:19:59.188232Z,2.369,2.369,0.0
run_20260521_224941-0151,2026-05-23T20:24:59.188232Z,2.953,2.953,0.0
run_20260521_224941-0151,2026-05-23T20:29:59.188232Z,3.635,3.635,0.0
run_20260521_224941-0152,2026-05-23T00:19:53.810685Z,0.0,0.0,0.0
run_20260521_224941-0152,2026-05-23T00:24:53.810685Z,0.745,0.745,0.0
run_20260521_224941-0152,2026-05-23T00:29:53.810685Z,1.375,1.375,0.0
run_20260521_224941-0152,2026-05-23T00:34:53.810685Z,1.844,1.844,0.0
run_20260521_224941-0152,2026-05-23T00:39:53.810685Z,2.565,2.565,0.0
run_20260521_224941-0153,2026-05-23T06:54:35.485060Z,0.0,0.0,0.0
run_20260521_224941-0153,2026-05-23T06:59:35.485060Z,-1.816,0.0,1.816
run_20260521_224941-0153,2026-05-23T07:04:35.485060Z,-3.812,0.0,3.812
run_20260521_224941-0153,2026-05-23T07:09:35.485060Z,-5.847,0.0,5.847
run_20260521_224941-0153,2026-05-23T07:14:35.485060Z,-7.557,0.0,7.557
run_20260521_224941-0153,2026-05-23T07:19:35.485060Z,-9.263,0.0,9.263
run_20260521_224941-0153,2026-05-23T07:24:35.485060Z,-11.386,0.0,11.386
run_20260521_224941-0154,2026-05-23T07:18:37.607601Z,0.0,0.0,0.0
run_20260521_224941-0154,2026-05-23T07:23:37.607601Z,0.991,0.991,0.0
run_20260521_224941-0154,2026-05-23T07:28:37.607601Z,1.905,1.905,0.0
run_20260521_224941-0154,2026-05-23T07:33:37.607601Z,2.827,2.827,0.0
run_20260521_224941-0154,2026-05-23T07:38:37.607601Z,3.766,3.766,0.0
run_20260521_224941-0154,2026-05-23T07:43:37.607601Z,4.536,4.536,0.0
run_20260521_224941-0154,2026-05-23T07:48:37.607601Z,5.44,5.44,0.0
run_20260521_224941-0154,2026-05-23T07:53:37.607601Z,6.256,6.256,0.0
run_20260521_224941-0154,2026-05-23T07:58:37.607601Z,7.129,7.129,0.0
run_20260521_224941-0155,2026-05-23T04:11:13.163244Z,0.0,0.0,0.0
run_20260521_224941-0155,2026-05-23T04:16:13.163244Z,-0.843,0.0,0.843
run_20260521_224941-0155,2026-05-23T04:21:13.163244Z,-1.735,0.0,1.735
run_20260521_224941-0155,2026-05-23T04:26:13.163244Z,-2.765,0.0,2.765
run_20260521_224941-0155,2026-05-23T04:31:13.163244Z,-3.804,0.0,3.804
run_20260521_224941-0155,2026-05-23T04:36:13.163244Z,-4.851,0.0,4.851
run_20260521_224941-0155,2026-05-23T04:41:13.163244Z,-5.814,0.0,5.814
run_20260521_224941-0155,2026-05-23T04:46:13.163244Z,-6.542,0.0,6.542
run_20260521_224941-0155,2026-05-23T04:51:13.163244Z,-7.461,0.0,7.461
run_20260521_224941-0155,2026-05-23T04:56:13.163244Z,-8.35,0.0,8.35
run_20260521_224941-0155,2026-05-23T05:01:13.163244Z,-9.144,0.0,9.144
run_20260521_224941-0155,2026-05-23T05:06:13.163244Z,-9.936,0.0,9.936
run_20260521_224941-0155,2026-05-23T05:11:13.163244Z,-11.063,0.0,11.063
run_20260521_224941-0156,2026-05-23T19:07:39.706967Z,0.0,0.0,0.0
run_20260521_224941-0156,2026-05-23T19:12:39.706967Z,-1.876,0.0,1.876
run_20260521_224941-0156,2026-05-23T19:17:39.706967Z,-3.974,0.0,3.974
run_20260521_224941-0156,2026-05-23T19:22:39.706967Z,-5.541,0.0,5.541
run_20260521_224941-0156,2026-05-23T19:27:39.706967Z,-7.519,0.0,7.519
run_20260521_224941-0156,2026-05-23T19:32:39.706967Z,-9.448,0.0,9.448
run_20260521_224941-0156,2026-05-23T19:37:39.706967Z,-11.517,0.0,11.517
run_20260521_224941-0157,2026-05-23T06:33:34.605396Z,0.0,0.0,0.0
run_20260521_224941-0157,2026-05-23T06:38:34.605396Z,0.984,0.984,0.0
run_20260521_224941-0157,2026-05-23T06:43:34.605396Z,1.899,1.899,0.0
run_20260521_224941-0157,2026-05-23T06:48:34.605396Z,2.812,2.812,0.0
run_20260521_224941-0157,2026-05-23T06:53:34.605396Z,3.68,3.68,0.0
run_20260521_224941-0157,2026-05-23T06:58:34.605396Z,4.604,4.604,0.0
run_20260521_224941-0157,2026-05-23T07:03:34.605396Z,5.541,5.541,0.0
run_20260521_224941-0158,2026-05-23T00:16:03.415822Z,0.0,0.0,0.0
run_20260521_224941-0158,2026-05-23T00:21:03.415822Z,2.107,2.107,0.0
run_20260521_224941-0158,2026-05-23T00:26:03.415822Z,3.72,3.72,0.0
run_20260521_224941-0158,2026-05-23T00:31:03.415822Z,5.752,5.752,0.0
run_20260521_224941-0158,2026-05-23T00:36:03.415822Z,3.792,5.752,1.961
run_20260521_224941-0158,2026-05-23T00:41:03.415822Z,5.721,7.681,1.961
run_20260521_224941-0158,2026-05-23T00:46:03.415822Z,7.627,9.587,1.961
run_20260521_224941-0158,2026-05-23T00:51:03.415822Z,9.393,11.353,1.961
run_20260521_224941-0158,2026-05-23T00:56:03.415822Z,11.271,13.231,1.961
run_20260521_224941-0158,2026-05-23T01:01:03.415822Z,12.801,14.761,1.961
run_20260521_224941-0158,2026-05-23T01:06:03.415822Z,15.021,16.981,1.961
run_20260521_224941-0158,2026-05-23T01:11:03.415822Z,17.283,19.243,1.961
run_20260521_224941-0158,2026-05-23T01:16:03.415822Z,19.256,21.217,1.961
run_20260521_224941-0159,2026-05-23T06:38:41.872922Z,0.0,0.0,0.0
run_20260521_224941-0159,2026-05-23T06:43:41.872922Z,1.005,1.005,0.0
run_20260521_224941-0159,2026-05-23T06:48:41.872922Z,1.861,1.861,0.0
run_20260521_224941-0159,2026-05-23T06:53:41.872922Z,2.801,2.801,0.0
run_20260521_224941-0159,2026-05-23T06:58:41.872922Z,3.758,3.758,0.0
run_20260521_224941-0159,2026-05-23T07:03:41.872922Z,4.644,4.644,0.0
run_20260521_224941-0159,2026-05-23T07:08:41.872922Z,5.667,5.667,0.0
run_20260521_224941-0160,2026-05-23T18:02:11.257203Z,0.0,0.0,0.0
run_20260521_224941-0160,2026-05-23T18:07:11.257203Z,0.668,0.668,0.0
run_20260521_224941-0160,2026-05-23T18:12:11.257203Z,1.201,1.201,0.0
run_20260521_224941-0160,2026-05-23T18:17:11.257203Z,1.753,1.753,0.0
run_20260521_224941-0160,2026-05-23T18:22:11.257203Z,2.37,2.37,0.0
run_20260521_224941-0161,2026-05-23T11:45:17.250288Z,0.0,0.0,0.0
run_20260521_224941-0161,2026-05-23T11:50:17.250288Z,0.779,0.779,0.0
run_20260521_224941-0161,2026-05-23T11:55:17.250288Z,1.73,1.73,0.0
run_20260521_224941-0161,2026-05-23T12:00:17.250288Z,2.487,2.487,0.0
run_20260521_224941-0161,2026-05-23T12:05:17.250288Z,3.41,3.41,0.0
run_20260521_224941-0161,2026-05-23T12:10:17.250288Z,4.417,4.417,0.0
run_20260521_224941-0161,2026-05-23T12:15:17.250288Z,5.341,5.341,0.0
run_20260521_224941-0161,2026-05-23T12:20:17.250288Z,6.388,6.388,0.0
run_20260521_224941-0161,2026-05-23T12:25:17.250288Z,7.478,7.478,0.0
run_20260521_224941-0161,2026-05-23T12:30:17.250288Z,8.477,8.477,0.0
run_20260521_224941-0161,2026-05-23T12:35:17.250288Z,9.481,9.481,0.0
run_20260521_224941-0161,2026-05-23T12:40:17.250288Z,10.404,10.404,0.0
run_20260521_224941-0161,2026-05-23T12:45:17.250288Z,11.284,11.284,0.0
run_20260521_224941-0162,2026-05-23T05:40:40.478966Z,0.0,0.0,0.0
run_20260521_224941-0162,2026-05-23T05:45:40.478966Z,0.654,0.654,0.0
run_20260521_224941-0162,2026-05-23T05:50:40.478966Z,1.296,1.296,0.0
run_20260521_224941-0162,2026-05-23T05:55:40.478966Z,1.9,1.9,0.0
run_20260521_224941-0162,2026-05-23T06:00:40.478966Z,2.629,2.629,0.0
run_20260521_224941-0163,2026-05-23T05:34:21.695942Z,0.0,0.0,0.0
run_20260521_224941-0163,2026-05-23T05:39:21.695942Z,-1.624,0.0,1.624
run_20260521_224941-0163,2026-05-23T05:44:21.695942Z,-3.313,0.0,3.313
run_20260521_224941-0163,2026-05-23T05:49:21.695942Z,-4.971,0.0,4.971
run_20260521_224941-0163,2026-05-23T05:54:21.695942Z,-6.848,0.0,6.848
run_20260521_224941-0163,2026-05-23T05:59:21.695942Z,-8.744,0.0,8.744
run_20260521_224941-0163,2026-05-23T06:04:21.695942Z,-10.94,0.0,10.94
run_20260521_224941-0163,2026-05-23T06:09:21.695942Z,-12.971,0.0,12.971
run_20260521_224941-0163,2026-05-23T06:14:21.695942Z,-14.909,0.0,14.909
run_20260521_224941-0163,2026-05-23T06:19:21.695942Z,-16.725,0.0,16.725
run_20260521_224941-0163,2026-05-23T06:24:21.695942Z,-18.446,0.0,18.446
run_20260521_224941-0163,2026-05-23T06:29:21.695942Z,-20.495,0.0,20.495
run_20260521_224941-0163,2026-05-23T06:34:21.695942Z,-22.35,0.0,22.35
run_20260521_224941-0164,2026-05-23T22:35:36.926436Z,0.0,0.0,0.0
run_20260521_224941-0164,2026-05-23T22:40:36.926436Z,0.784,0.784,0.0
run_20260521_224941-0164,2026-05-23T22:45:36.926436Z,-0.065,0.784,0.849
run_20260521_224941-0164,2026-05-23T22:50:36.926436Z,0.736,1.585,0.849
run_20260521_224941-0164,2026-05-23T22:55:36.926436Z,1.659,2.508,0.849
run_20260521_224941-0165,2026-05-23T11:25:52.336660Z,0.0,0.0,0.0
run_20260521_224941-0165,2026-05-23T11:30:52.336660Z,-0.609,0.0,0.609
run_20260521_224941-0165,2026-05-23T11:35:52.336660Z,-1.208,0.0,1.208
run_20260521_224941-0165,2026-05-23T11:40:52.336660Z,-1.686,0.0,1.686
run_20260521_224941-0165,2026-05-23T11:45:52.336660Z,-2.283,0.0,2.283
run_20260521_224941-0165,2026-05-23T11:50:52.336660Z,-2.853,0.0,2.853
run_20260521_224941-0165,2026-05-23T11:55:52.336660Z,-3.497,0.0,3.497
run_20260521_224941-0165,2026-05-23T12:00:52.336660Z,-4.065,0.0,4.065
run_20260521_224941-0165,2026-05-23T12:05:52.336660Z,-4.599,0.0,4.599
run_20260521_224941-0166,2026-05-23T12:04:32.850044Z,0.0,0.0,0.0
run_20260521_224941-0166,2026-05-23T12:09:32.850044Z,0.965,0.965,0.0
run_20260521_224941-0166,2026-05-23T12:14:32.850044Z,1.968,1.968,0.0
run_20260521_224941-0166,2026-05-23T12:19:32.850044Z,3.017,3.017,0.0
run_20260521_224941-0166,2026-05-23T12:24:32.850044Z,4.041,4.041,0.0
run_20260521_224941-0166,2026-05-23T12:29:32.850044Z,4.874,4.874,0.0
run_20260521_224941-0166,2026-05-23T12:34:32.850044Z,3.844,4.874,1.029
run_20260521_224941-0166,2026-05-23T12:39:32.850044Z,2.828,4.874,2.046
run_20260521_224941-0166,2026-05-23T12:44:32.850044Z,1.73,4.874,3.144
run_20260521_224941-0166,2026-05-23T12:49:32.850044Z,2.649,5.793,3.144
run_20260521_224941-0166,2026-05-23T12:54:32.850044Z,3.594,6.738,3.144
run_20260521_224941-0166,2026-05-23T12:59:32.850044Z,4.513,7.657,3.144
run_20260521_224941-0166,2026-05-23T13:04:32.850044Z,5.294,8.438,3.144
run_20260521_224941-0166,2026-05-23T13:09:32.850044Z,6.366,9.51,3.144
run_20260521_224941-0166,2026-05-23T13:14:32.850044Z,7.383,10.527,3.144
run_20260521_224941-0166,2026-05-23T13:19:32.850044Z,8.51,11.654,3.144
run_20260521_224941-0167,2026-05-23T18:35:41.876886Z,0.0,0.0,0.0
run_20260521_224941-0167,2026-05-23T18:40:41.876886Z,0.844,0.844,0.0
run_20260521_224941-0167,2026-05-23T18:45:41.876886Z,1.916,1.916,0.0
run_20260521_224941-0167,2026-05-23T18:50:41.876886Z,2.791,2.791,0.0
run_20260521_224941-0167,2026-05-23T18:55:41.876886Z,3.687,3.687,0.0
run_20260521_224941-0167,2026-05-23T19:00:41.876886Z,4.59,4.59,0.0
run_20260521_224941-0167,2026-05-23T19:05:41.876886Z,5.48,5.48,0.0
run_20260521_224941-0168,2026-05-23T22:19:44.755776Z,0.0,0.0,0.0
run_20260521_224941-0168,2026-05-23T22:24:44.755776Z,0.902,0.902,0.0
run_20260521_224941-0168,2026-05-23T22:29:44.755776Z,1.855,1.855,0.0
run_20260521_224941-0168,2026-05-23T22:34:44.755776Z,2.687,2.687,0.0
run_20260521_224941-0168,2026-05-23T22:39:44.755776Z,3.627,3.627,0.0
run_20260521_224941-0168,2026-05-23T22:44:44.755776Z,4.502,4.502,0.0
run_20260521_224941-0168,2026-05-23T22:49:44.755776Z,5.574,5.574,0.0
run_20260521_224941-0168,2026-05-23T22:54:44.755776Z,6.486,6.486,0.0
run_20260521_224941-0168,2026-05-23T22:59:44.755776Z,7.335,7.335,0.0
run_20260521_224941-0168,2026-05-23T23:04:44.755776Z,8.086,8.086,0.0
run_20260521_224941-0168,2026-05-23T23:09:44.755776Z,9.183,9.183,0.0
run_20260521_224941-0168,2026-05-23T23:14:44.755776Z,10.258,10.258,0.0
run_20260521_224941-0168,2026-05-23T23:19:44.755776Z,11.172,11.172,0.0
run_20260521_224941-0169,2026-05-23T20:22:11.065045Z,0.0,0.0,0.0
run_20260521_224941-0169,2026-05-23T20:27:11.065045Z,-0.603,0.0,0.603
run_20260521_224941-0169,2026-05-23T20:32:11.065045Z,-1.202,0.0,1.202
run_20260521_224941-0169,2026-05-23T20:37:11.065045Z,-1.738,0.0,1.738
run_20260521_224941-0169,2026-05-23T20:42:11.065045Z,-1.235,0.503,1.738
run_20260521_224941-0169,2026-05-23T20:47:11.065045Z,-0.639,1.099,1.738
run_20260521_224941-0169,2026-05-23T20:52:11.065045Z,-0.067,1.671,1.738
run_20260521_224941-0169,2026-05-23T20:57:11.065045Z,0.489,2.227,1.738
run_20260521_224941-0169,2026-05-23T21:02:11.065045Z,1.081,2.819,1.738
run_20260521_224941-0169,2026-05-23T21:07:11.065045Z,1.66,3.398,1.738
run_20260521_224941-0169,2026-05-23T21:12:11.065045Z,2.261,3.999,1.738
run_20260521_224941-0169,2026-05-23T21:17:11.065045Z,2.956,4.694,1.738
run_20260521_224941-0169,2026-05-23T21:22:11.065045Z,3.554,5.292,1.738
run_20260521_224941-0170,2026-05-23T14:04:11.892178Z,0.0,0.0,0.0
run_20260521_224941-0170,2026-05-23T14:09:11.892178Z,0.952,0.952,0.0
run_20260521_224941-0170,2026-05-23T14:14:11.892178Z,1.89,1.89,0.0
run_20260521_224941-0170,2026-05-23T14:19:11.892178Z,2.92,2.92,0.0
run_20260521_224941-0170,2026-05-23T14:24:11.892178Z,3.963,3.963,0.0
run_20260521_224941-0170,2026-05-23T14:29:11.892178Z,4.985,4.985,0.0
run_20260521_224941-0170,2026-05-23T14:34:11.892178Z,5.956,5.956,0.0
run_20260521_224941-0170,2026-05-23T14:39:11.892178Z,6.655,6.655,0.0
run_20260521_224941-0170,2026-05-23T14:44:11.892178Z,7.666,7.666,0.0
run_20260521_224941-0171,2026-05-23T07:09:57.307614Z,0.0,0.0,0.0
run_20260521_224941-0171,2026-05-23T07:14:57.307614Z,0.939,0.939,0.0
run_20260521_224941-0171,2026-05-23T07:19:57.307614Z,2.075,2.075,0.0
run_20260521_224941-0171,2026-05-23T07:24:57.307614Z,3.094,3.094,0.0
run_20260521_224941-0171,2026-05-23T07:29:57.307614Z,4.13,4.13,0.0
run_20260521_224941-0171,2026-05-23T07:34:57.307614Z,5.08,5.08,0.0
run_20260521_224941-0171,2026-05-23T07:39:57.307614Z,6.024,6.024,0.0
run_20260521_224941-0171,2026-05-23T07:44:57.307614Z,6.865,6.865,0.0
run_20260521_224941-0171,2026-05-23T07:49:57.307614Z,7.806,7.806,0.0
run_20260521_224941-0172,2026-05-23T13:08:14.364554Z,0.0,0.0,0.0
run_20260521_224941-0172,2026-05-23T13:13:14.364554Z,1.057,1.057,0.0
run_20260521_224941-0172,2026-05-23T13:18:14.364554Z,2.063,2.063,0.0
run_20260521_224941-0172,2026-05-23T13:23:14.364554Z,2.932,2.932,0.0
run_20260521_224941-0172,2026-05-23T13:28:14.364554Z,3.984,3.984,0.0
run_20260521_224941-0172,2026-05-23T13:33:14.364554Z,4.849,4.849,0.0
run_20260521_224941-0172,2026-05-23T13:38:14.364554Z,5.728,5.728,0.0
run_20260521_224941-0172,2026-05-23T13:43:14.364554Z,6.676,6.676,0.0
run_20260521_224941-0172,2026-05-23T13:48:14.364554Z,7.552,7.552,0.0
run_20260521_224941-0172,2026-05-23T13:53:14.364554Z,8.411,8.411,0.0
run_20260521_224941-0172,2026-05-23T13:58:14.364554Z,9.094,9.094,0.0
run_20260521_224941-0172,2026-05-23T14:03:14.364554Z,9.987,9.987,0.0
run_20260521_224941-0172,2026-05-23T14:08:14.364554Z,10.922,10.922,0.0
run_20260521_224941-0173,2026-05-23T01:07:58.853170Z,0.0,0.0,0.0
run_20260521_224941-0173,2026-05-23T01:12:58.853170Z,1.834,1.834,0.0
run_20260521_224941-0173,2026-05-23T01:17:58.853170Z,3.871,3.871,0.0
run_20260521_224941-0173,2026-05-23T01:22:58.853170Z,5.738,5.738,0.0
run_20260521_224941-0173,2026-05-23T01:27:58.853170Z,7.476,7.476,0.0
run_20260521_224941-0173,2026-05-23T01:32:58.853170Z,9.654,9.654,0.0
run_20260521_224941-0173,2026-05-23T01:37:58.853170Z,11.513,11.513,0.0
run_20260521_224941-0173,2026-05-23T01:42:58.853170Z,13.443,13.443,0.0
run_20260521_224941-0173,2026-05-23T01:47:58.853170Z,15.266,15.266,0.0
run_20260521_224941-0173,2026-05-23T01:52:58.853170Z,17.178,17.178,0.0
run_20260521_224941-0173,2026-05-23T01:57:58.853170Z,18.853,18.853,0.0
run_20260521_224941-0173,2026-05-23T02:02:58.853170Z,20.506,20.506,0.0
run_20260521_224941-0173,2026-05-23T02:07:58.853170Z,22.147,22.147,0.0
run_20260521_224941-0174,2026-05-23T23:27:36.464211Z,0.0,0.0,0.0
run_20260521_224941-0174,2026-05-23T23:32:36.464211Z,0.57,0.57,0.0
run_20260521_224941-0174,2026-05-23T23:37:36.464211Z,1.181,1.181,0.0
run_20260521_224941-0174,2026-05-23T23:42:36.464211Z,1.875,1.875,0.0
run_20260521_224941-0174,2026-05-23T23:47:36.464211Z,2.411,2.411,0.0
run_20260521_224941-0175,2026-05-23T19:57:05.732366Z,0.0,0.0,0.0
run_20260521_224941-0175,2026-05-23T20:02:05.732366Z,0.899,0.899,0.0
run_20260521_224941-0175,2026-05-23T20:07:05.732366Z,1.829,1.829,0.0
run_20260521_224941-0175,2026-05-23T20:12:05.732366Z,2.723,2.723,0.0
run_20260521_224941-0175,2026-05-23T20:17:05.732366Z,3.588,3.588,0.0
run_20260521_224941-0175,2026-05-23T20:22:05.732366Z,4.518,4.518,0.0
run_20260521_224941-0175,2026-05-23T20:27:05.732366Z,5.492,5.492,0.0
run_20260521_224941-0175,2026-05-23T20:32:05.732366Z,6.373,6.373,0.0
run_20260521_224941-0175,2026-05-23T20:37:05.732366Z,7.477,7.477,0.0
run_20260521_224941-0175,2026-05-23T20:42:05.732366Z,8.518,8.518,0.0
run_20260521_224941-0175,2026-05-23T20:47:05.732366Z,9.462,9.462,0.0
run_20260521_224941-0175,2026-05-23T20:52:05.732366Z,10.381,10.381,0.0
run_20260521_224941-0175,2026-05-23T20:57:05.732366Z,11.374,11.374,0.0
run_20260521_224941-0175,2026-05-23T21:02:05.732366Z,12.192,12.192,0.0
run_20260521_224941-0175,2026-05-23T21:07:05.732366Z,13.169,13.169,0.0
run_20260521_224941-0175,2026-05-23T21:12:05.732366Z,14.155,14.155,0.0
run_20260521_224941-0176,2026-05-23T18:00:13.633956Z,0.0,0.0,0.0
run_20260521_224941-0176,2026-05-23T18:05:13.633956Z,0.618,0.618,0.0
run_20260521_224941-0176,2026-05-23T18:10:13.633956Z,1.229,1.229,0.0
run_20260521_224941-0176,2026-05-23T18:15:13.633956Z,1.774,1.774,0.0
run_20260521_224941-0176,2026-05-23T18:20:13.633956Z,2.308,2.308,0.0
run_20260521_224941-0176,2026-05-23T18:25:13.633956Z,2.889,2.889,0.0
run_20260521_224941-0176,2026-05-23T18:30:13.633956Z,3.549,3.549,0.0
run_20260521_224941-0176,2026-05-23T18:35:13.633956Z,4.112,4.112,0.0
run_20260521_224941-0176,2026-05-23T18:40:13.633956Z,4.683,4.683,0.0
run_20260521_224941-0176,2026-05-23T18:45:13.633956Z,5.308,5.308,0.0
run_20260521_224941-0176,2026-05-23T18:50:13.633956Z,5.89,5.89,0.0
run_20260521_224941-0176,2026-05-23T18:55:13.633956Z,6.528,6.528,0.0
run_20260521_224941-0176,2026-05-23T19:00:13.633956Z,7.211,7.211,0.0
run_20260521_224941-0176,2026-05-23T19:05:13.633956Z,7.747,7.747,0.0
run_20260521_224941-0176,2026-05-23T19:10:13.633956Z,8.52,8.52,0.0
run_20260521_224941-0176,2026-05-23T19:15:13.633956Z,9.187,9.187,0.0
run_20260521_224941-0177,2026-05-23T00:36:28.139946Z,0.0,0.0,0.0
run_20260521_224941-0177,2026-05-23T00:41:28.139946Z,0.589,0.589,0.0
run_20260521_224941-0177,2026-05-23T00:46:28.139946Z,1.298,1.298,0.0
run_20260521_224941-0177,2026-05-23T00:51:28.139946Z,1.916,1.916,0.0
run_20260521_224941-0177,2026-05-23T00:56:28.139946Z,2.506,2.506,0.0
run_20260521_224941-0178,2026-05-23T15:28:04.879574Z,0.0,0.0,0.0
run_20260521_224941-0178,2026-05-23T15:33:04.879574Z,0.612,0.612,0.0
run_20260521_224941-0178,2026-05-23T15:38:04.879574Z,1.205,1.205,0.0
run_20260521_224941-0178,2026-05-23T15:43:04.879574Z,0.649,1.205,0.555
run_20260521_224941-0178,2026-05-23T15:48:04.879574Z,0.188,1.205,1.017
run_20260521_224941-0178,2026-05-23T15:53:04.879574Z,0.717,1.734,1.017
run_20260521_224941-0178,2026-05-23T15:58:04.879574Z,1.287,2.304,1.017
run_20260521_224941-0179,2026-05-23T10:58:20.434429Z,0.0,0.0,0.0
run_20260521_224941-0179,2026-05-23T11:03:20.434429Z,0.902,0.902,0.0
run_20260521_224941-0179,2026-05-23T11:08:20.434429Z,-0.004,0.902,0.906
run_20260521_224941-0179,2026-05-23T11:13:20.434429Z,0.831,1.737,0.906
run_20260521_224941-0179,2026-05-23T11:18:20.434429Z,1.759,2.665,0.906
run_20260521_224941-0179,2026-05-23T11:23:20.434429Z,2.551,3.457,0.906
run_20260521_224941-0179,2026-05-23T11:28:20.434429Z,3.358,4.264,0.906
run_20260521_224941-0180,2026-05-23T22:33:14.364810Z,0.0,0.0,0.0
run_20260521_224941-0180,2026-05-23T22:38:14.364810Z,1.889,1.889,0.0
run_20260521_224941-0180,2026-05-23T22:43:14.364810Z,3.792,3.792,0.0
run_20260521_224941-0180,2026-05-23T22:48:14.364810Z,5.453,5.453,0.0
run_20260521_224941-0180,2026-05-23T22:53:14.364810Z,7.257,7.257,0.0
run_20260521_224941-0180,2026-05-23T22:58:14.364810Z,9.348,9.348,0.0
run_20260521_224941-0180,2026-05-23T23:03:14.364810Z,11.307,11.307,0.0
run_20260521_224941-0181,2026-05-23T16:14:27.083142Z,0.0,0.0,0.0
run_20260521_224941-0181,2026-05-23T16:19:27.083142Z,1.955,1.955,0.0
run_20260521_224941-0181,2026-05-23T16:24:27.083142Z,3.338,3.338,0.0
run_20260521_224941-0181,2026-05-23T16:29:27.083142Z,5.104,5.104,0.0
run_20260521_224941-0181,2026-05-23T16:34:27.083142Z,6.846,6.846,0.0
run_20260521_224941-0181,2026-05-23T16:39:27.083142Z,8.956,8.956,0.0
run_20260521_224941-0181,2026-05-23T16:44:27.083142Z,10.734,10.734,0.0
run_20260521_224941-0182,2026-05-23T04:26:11.153971Z,0.0,0.0,0.0
run_20260521_224941-0182,2026-05-23T04:31:11.153971Z,0.901,0.901,0.0
run_20260521_224941-0182,2026-05-23T04:36:11.153971Z,1.873,1.873,0.0
run_20260521_224941-0182,2026-05-23T04:41:11.153971Z,2.932,2.932,0.0
run_20260521_224941-0182,2026-05-23T04:46:11.153971Z,3.85,3.85,0.0
run_20260521_224941-0182,2026-05-23T04:51:11.153971Z,4.606,4.606,0.0
run_20260521_224941-0182,2026-05-23T04:56:11.153971Z,5.444,5.444,0.0
run_20260521_224941-0182,2026-05-23T05:01:11.153971Z,6.376,6.376,0.0
run_20260521_224941-0182,2026-05-23T05:06:11.153971Z,7.175,7.175,0.0
run_20260521_224941-0182,2026-05-23T05:11:11.153971Z,8.125,8.125,0.0
run_20260521_224941-0182,2026-05-23T05:16:11.153971Z,9.115,9.115,0.0
run_20260521_224941-0182,2026-05-23T05:21:11.153971Z,10.077,10.077,0.0
run_20260521_224941-0182,2026-05-23T05:26:11.153971Z,10.876,10.876,0.0
run_20260521_224941-0183,2026-05-23T16:02:07.047979Z,0.0,0.0,0.0
run_20260521_224941-0183,2026-05-23T16:07:07.047979Z,-0.564,0.0,0.564
run_20260521_224941-0183,2026-05-23T16:12:07.047979Z,-1.241,0.0,1.241
run_20260521_224941-0183,2026-05-23T16:17:07.047979Z,-1.95,0.0,1.95
run_20260521_224941-0183,2026-05-23T16:22:07.047979Z,-2.524,0.0,2.524
run_20260521_224941-0184,2026-05-23T23:42:35.418406Z,0.0,0.0,0.0
run_20260521_224941-0184,2026-05-23T23:47:35.418406Z,0.538,0.538,0.0
run_20260521_224941-0184,2026-05-23T23:52:35.418406Z,1.223,1.223,0.0
run_20260521_224941-0184,2026-05-23T23:57:35.418406Z,1.819,1.819,0.0
run_20260521_224941-0184,2026-05-24T00:02:35.418406Z,2.401,2.401,0.0
run_20260521_224941-0184,2026-05-24T00:07:35.418406Z,2.943,2.943,0.0
run_20260521_224941-0184,2026-05-24T00:12:35.418406Z,3.567,3.567,0.0
run_20260521_224941-0185,2026-05-23T15:33:13.626973Z,0.0,0.0,0.0
run_20260521_224941-0185,2026-05-23T15:38:13.626973Z,0.619,0.619,0.0
run_20260521_224941-0185,2026-05-23T15:43:13.626973Z,1.142,1.142,0.0
run_20260521_224941-0185,2026-05-23T15:48:13.626973Z,1.745,1.745,0.0
run_20260521_224941-0185,2026-05-23T15:53:13.626973Z,2.302,2.302,0.0
run_20260521_224941-0185,2026-05-23T15:58:13.626973Z,2.799,2.799,0.0
run_20260521_224941-0185,2026-05-23T16:03:13.626973Z,3.432,3.432,0.0
run_20260521_224941-0185,2026-05-23T16:08:13.626973Z,4.044,4.044,0.0
run_20260521_224941-0185,2026-05-23T16:13:13.626973Z,4.646,4.646,0.0
run_20260521_224941-0185,2026-05-23T16:18:13.626973Z,5.244,5.244,0.0
run_20260521_224941-0185,2026-05-23T16:23:13.626973Z,5.872,5.872,0.0
run_20260521_224941-0185,2026-05-23T16:28:13.626973Z,6.404,6.404,0.0
run_20260521_224941-0185,2026-05-23T16:33:13.626973Z,7.109,7.109,0.0
run_20260521_224941-0186,2026-05-23T15:52:21.069521Z,0.0,0.0,0.0
run_20260521_224941-0186,2026-05-23T15:57:21.069521Z,0.795,0.795,0.0
run_20260521_224941-0186,2026-05-23T16:02:21.069521Z,1.768,1.768,0.0
run_20260521_224941-0186,2026-05-23T16:07:21.069521Z,2.608,2.608,0.0
run_20260521_224941-0186,2026-05-23T16:12:21.069521Z,3.464,3.464,0.0
run_20260521_224941-0186,2026-05-23T16:17:21.069521Z,4.458,4.458,0.0
run_20260521_224941-0186,2026-05-23T16:22:21.069521Z,5.402,5.402,0.0
run_20260521_224941-0186,2026-05-23T16:27:21.069521Z,6.411,6.411,0.0
run_20260521_224941-0186,2026-05-23T16:32:21.069521Z,7.313,7.313,0.0
run_20260521_224941-0186,2026-05-23T16:37:21.069521Z,8.033,8.033,0.0
run_20260521_224941-0186,2026-05-23T16:42:21.069521Z,8.88,8.88,0.0
run_20260521_224941-0186,2026-05-23T16:47:21.069521Z,9.666,9.666,0.0
run_20260521_224941-0186,2026-05-23T16:52:21.069521Z,10.549,10.549,0.0
run_20260521_224941-0186,2026-05-23T16:57:21.069521Z,11.453,11.453,0.0
run_20260521_224941-0186,2026-05-23T17:02:21.069521Z,12.409,12.409,0.0
run_20260521_224941-0186,2026-05-23T17:07:21.069521Z,13.236,13.236,0.0
run_20260521_224941-0187,2026-05-23T21:52:48.909756Z,0.0,0.0,0.0
run_20260521_224941-0187,2026-05-23T21:57:48.909756Z,0.989,0.989,0.0
run_20260521_224941-0187,2026-05-23T22:02:48.909756Z,1.942,1.942,0.0
run_20260521_224941-0187,2026-05-23T22:07:48.909756Z,2.925,2.925,0.0
run_20260521_224941-0187,2026-05-23T22:12:48.909756Z,1.855,2.925,1.07
run_20260521_224941-0187,2026-05-23T22:17:48.909756Z,2.859,3.929,1.07
run_20260521_224941-0187,2026-05-23T22:22:48.909756Z,3.742,4.813,1.07
run_20260521_224941-0187,2026-05-23T22:27:48.909756Z,4.745,5.815,1.07
run_20260521_224941-0187,2026-05-23T22:32:48.909756Z,5.527,6.598,1.07
run_20260521_224941-0187,2026-05-23T22:37:48.909756Z,6.453,7.523,1.07
run_20260521_224941-0187,2026-05-23T22:42:48.909756Z,7.466,8.537,1.07
run_20260521_224941-0187,2026-05-23T22:47:48.909756Z,8.445,9.516,1.07
run_20260521_224941-0187,2026-05-23T22:52:48.909756Z,9.438,10.508,1.07
run_20260521_224941-0187,2026-05-23T22:57:48.909756Z,10.53,11.6,1.07
run_20260521_224941-0187,2026-05-23T23:02:48.909756Z,11.378,12.449,1.07
run_20260521_224941-0187,2026-05-23T23:07:48.909756Z,12.368,13.438,1.07
run_20260521_224941-0188,2026-05-23T10:26:29.094804Z,0.0,0.0,0.0
run_20260521_224941-0188,2026-05-23T10:31:29.094804Z,1.978,1.978,0.0
run_20260521_224941-0188,2026-05-23T10:36:29.094804Z,3.897,3.897,0.0
run_20260521_224941-0188,2026-05-23T10:41:29.094804Z,5.26,5.26,0.0
run_20260521_224941-0188,2026-05-23T10:46:29.094804Z,6.968,6.968,0.0
run_20260521_224941-0188,2026-05-23T10:51:29.094804Z,8.604,8.604,0.0
run_20260521_224941-0188,2026-05-23T10:56:29.094804Z,10.313,10.313,0.0
run_20260521_224941-0189,2026-05-23T07:29:37.330642Z,0.0,0.0,0.0
run_20260521_224941-0189,2026-05-23T07:34:37.330642Z,1.76,1.76,0.0
run_20260521_224941-0189,2026-05-23T07:39:37.330642Z,3.604,3.604,0.0
run_20260521_224941-0189,2026-05-23T07:44:37.330642Z,5.675,5.675,0.0
run_20260521_224941-0189,2026-05-23T07:49:37.330642Z,7.342,7.342,0.0
run_20260521_224941-0189,2026-05-23T07:54:37.330642Z,8.782,8.782,0.0
run_20260521_224941-0189,2026-05-23T07:59:37.330642Z,10.61,10.61,0.0
run_20260521_224941-0189,2026-05-23T08:04:37.330642Z,12.529,12.529,0.0
run_20260521_224941-0189,2026-05-23T08:09:37.330642Z,14.1,14.1,0.0
run_20260521_224941-0189,2026-05-23T08:14:37.330642Z,15.866,15.866,0.0
run_20260521_224941-0189,2026-05-23T08:19:37.330642Z,17.636,17.636,0.0
run_20260521_224941-0189,2026-05-23T08:24:37.330642Z,19.474,19.474,0.0
run_20260521_224941-0189,2026-05-23T08:29:37.330642Z,21.195,21.195,0.0
run_20260521_224941-0190,2026-05-23T22:57:32.802185Z,0.0,0.0,0.0
run_20260521_224941-0190,2026-05-23T23:02:32.802185Z,-2.091,0.0,2.091
run_20260521_224941-0190,2026-05-23T23:07:32.802185Z,-3.92,0.0,3.92
run_20260521_224941-0190,2026-05-23T23:12:32.802185Z,-5.824,0.0,5.824
run_20260521_224941-0190,2026-05-23T23:17:32.802185Z,-7.536,0.0,7.536
run_20260521_224941-0191,2026-05-23T10:37:50.132777Z,0.0,0.0,0.0
run_20260521_224941-0191,2026-05-23T10:42:50.132777Z,0.714,0.714,0.0
run_20260521_224941-0191,2026-05-23T10:47:50.132777Z,1.605,1.605,0.0
run_20260521_224941-0191,2026-05-23T10:52:50.132777Z,2.664,2.664,0.0
run_20260521_224941-0191,2026-05-23T10:57:50.132777Z,3.591,3.591,0.0
run_20260521_224941-0191,2026-05-23T11:02:50.132777Z,4.372,4.372,0.0
run_20260521_224941-0191,2026-05-23T11:07:50.132777Z,5.205,5.205,0.0
run_20260521_224941-0191,2026-05-23T11:12:50.132777Z,6.161,6.161,0.0
run_20260521_224941-0191,2026-05-23T11:17:50.132777Z,7.112,7.112,0.0
run_20260521_224941-0191,2026-05-23T11:22:50.132777Z,7.918,7.918,0.0
run_20260521_224941-0191,2026-05-23T11:27:50.132777Z,8.785,8.785,0.0
run_20260521_224941-0191,2026-05-23T11:32:50.132777Z,9.743,9.743,0.0
run_20260521_224941-0191,2026-05-23T11:37:50.132777Z,10.65,10.65,0.0
run_20260521_224941-0191,2026-05-23T11:42:50.132777Z,11.692,11.692,0.0
run_20260521_224941-0191,2026-05-23T11:47:50.132777Z,12.707,12.707,0.0
run_20260521_224941-0191,2026-05-23T11:52:50.132777Z,13.665,13.665,0.0
run_20260521_224941-0192,2026-05-23T10:15:17.192081Z,0.0,0.0,0.0
run_20260521_224941-0192,2026-05-23T10:20:17.192081Z,0.482,0.482,0.0
run_20260521_224941-0192,2026-05-23T10:25:17.192081Z,1.016,1.016,0.0
run_20260521_224941-0192,2026-05-23T10:30:17.192081Z,0.477,1.016,0.539
run_20260521_224941-0192,2026-05-23T10:35:17.192081Z,-0.074,1.016,1.09
run_20260521_224941-0192,2026-05-23T10:40:17.192081Z,-0.709,1.016,1.724
run_20260521_224941-0192,2026-05-23T10:45:17.192081Z,-1.375,1.016,2.391
run_20260521_224941-0192,2026-05-23T10:50:17.192081Z,-0.839,1.552,2.391
run_20260521_224941-0192,2026-05-23T10:55:17.192081Z,-0.174,2.217,2.391
run_20260521_224941-0192,2026-05-23T11:00:17.192081Z,0.447,2.838,2.391
run_20260521_224941-0192,2026-05-23T11:05:17.192081Z,1.04,3.431,2.391
run_20260521_224941-0192,2026-05-23T11:10:17.192081Z,1.698,4.089,2.391
run_20260521_224941-0192,2026-05-23T11:15:17.192081Z,2.242,4.633,2.391
run_20260521_224941-0193,2026-05-23T00:38:36.290072Z,0.0,0.0,0.0
run_20260521_224941-0193,2026-05-23T00:43:36.290072Z,-0.691,0.0,0.691
run_20260521_224941-0193,2026-05-23T00:48:36.290072Z,-1.287,0.0,1.287
run_20260521_224941-0193,2026-05-23T00:53:36.290072Z,-1.783,0.0,1.783
run_20260521_224941-0193,2026-05-23T00:58:36.290072Z,-2.342,0.0,2.342
run_20260521_224941-0193,2026-05-23T01:03:36.290072Z,-3.029,0.0,3.029
run_20260521_224941-0193,2026-05-23T01:08:36.290072Z,-3.608,0.0,3.608
run_20260521_224941-0194,2026-05-23T05:45:19.779292Z,0.0,0.0,0.0
run_20260521_224941-0194,2026-05-23T05:50:19.779292Z,0.584,0.584,0.0
run_20260521_224941-0194,2026-05-23T05:55:19.779292Z,1.212,1.212,0.0
run_20260521_224941-0194,2026-05-23T06:00:19.779292Z,1.856,1.856,0.0
run_20260521_224941-0194,2026-05-23T06:05:19.779292Z,2.423,2.423,0.0
run_20260521_224941-0194,2026-05-23T06:10:19.779292Z,3.022,3.022,0.0
run_20260521_224941-0194,2026-05-23T06:15:19.779292Z,3.695,3.695,0.0
run_20260521_224941-0194,2026-05-23T06:20:19.779292Z,4.196,4.196,0.0
run_20260521_224941-0194,2026-05-23T06:25:19.779292Z,4.835,4.835,0.0
run_20260521_224941-0195,2026-05-23T22:46:11.678062Z,0.0,0.0,0.0
run_20260521_224941-0195,2026-05-23T22:51:11.678062Z,1.855,1.855,0.0
run_20260521_224941-0195,2026-05-23T22:56:11.678062Z,3.428,3.428,0.0
run_20260521_224941-0195,2026-05-23T23:01:11.678062Z,5.253,5.253,0.0
run_20260521_224941-0195,2026-05-23T23:06:11.678062Z,3.387,5.253,1.866
run_20260521_224941-0195,2026-05-23T23:11:11.678062Z,1.522,5.253,3.731
run_20260521_224941-0195,2026-05-23T23:16:11.678062Z,-0.14,5.253,5.393
run_20260521_224941-0195,2026-05-23T23:21:11.678062Z,1.87,7.263,5.393
run_20260521_224941-0195,2026-05-23T23:26:11.678062Z,3.866,9.259,5.393
run_20260521_224941-0196,2026-05-23T06:00:29.757981Z,0.0,0.0,0.0
run_20260521_224941-0196,2026-05-23T06:05:29.757981Z,-1.083,0.0,1.083
run_20260521_224941-0196,2026-05-23T06:10:29.757981Z,-0.07,1.013,1.083
run_20260521_224941-0196,2026-05-23T06:15:29.757981Z,0.72,1.803,1.083
run_20260521_224941-0196,2026-05-23T06:20:29.757981Z,1.651,2.734,1.083
run_20260521_224941-0197,2026-05-23T11:39:52.501403Z,0.0,0.0,0.0
run_20260521_224941-0197,2026-05-23T11:44:52.501403Z,0.98,0.98,0.0
run_20260521_224941-0197,2026-05-23T11:49:52.501403Z,1.822,1.822,0.0
run_20260521_224941-0197,2026-05-23T11:54:52.501403Z,2.639,2.639,0.0
run_20260521_224941-0197,2026-05-23T11:59:52.501403Z,3.626,3.626,0.0
run_20260521_224941-0198,2026-05-23T13:48:43.092423Z,0.0,0.0,0.0
run_20260521_224941-0198,2026-05-23T13:53:43.092423Z,0.92,0.92,0.0
run_20260521_224941-0198,2026-05-23T13:58:43.092423Z,1.852,1.852,0.0
run_20260521_224941-0198,2026-05-23T14:03:43.092423Z,2.845,2.845,0.0
run_20260521_224941-0198,2026-05-23T14:08:43.092423Z,3.635,3.635,0.0
run_20260521_224941-0198,2026-05-23T14:13:43.092423Z,4.535,4.535,0.0
run_20260521_224941-0198,2026-05-23T14:18:43.092423Z,5.442,5.442,0.0
run_20260521_224941-0198,2026-05-23T14:23:43.092423Z,6.353,6.353,0.0
run_20260521_224941-0198,2026-05-23T14:28:43.092423Z,7.509,7.509,0.0
run_20260521_224941-0198,2026-05-23T14:33:43.092423Z,8.425,8.425,0.0
run_20260521_224941-0198,2026-05-23T14:38:43.092423Z,9.404,9.404,0.0
run_20260521_224941-0198,2026-05-23T14:43:43.092423Z,10.221,10.221,0.0
run_20260521_224941-0198,2026-05-23T14:48:43.092423Z,11.075,11.075,0.0
run_20260521_224941-0199,2026-05-23T08:36:32.613979Z,0.0,0.0,0.0
run_20260521_224941-0199,2026-05-23T08:41:32.613979Z,0.875,0.875,0.0
run_20260521_224941-0199,2026-05-23T08:46:32.613979Z,1.919,1.919,0.0
run_20260521_224941-0199,2026-05-23T08:51:32.613979Z,2.796,2.796,0.0
run_20260521_224941-0199,2026-05-23T08:56:32.613979Z,3.755,3.755,0.0
run_20260521_224941-0199,2026-05-23T09:01:32.613979Z,4.774,4.774,0.0
run_20260521_224941-0199,2026-05-23T09:06:32.613979Z,5.692,5.692,0.0
run_20260521_224941-0199,2026-05-23T09:11:32.613979Z,6.64,6.64,0.0
run_20260521_224941-0199,2026-05-23T09:16:32.613979Z,7.661,7.661,0.0
run_20260521_224941-0200,2026-05-23T08:15:13.390712Z,0.0,0.0,0.0
run_20260521_224941-0200,2026-05-23T08:20:13.390712Z,0.786,0.786,0.0
run_20260521_224941-0200,2026-05-23T08:25:13.390712Z,1.579,1.579,0.0
run_20260521_224941-0200,2026-05-23T08:30:13.390712Z,2.58,2.58,0.0
run_20260521_224941-0200,2026-05-23T08:35:13.390712Z,3.239,3.239,0.0
run_20260521_224941-0200,2026-05-23T08:40:13.390712Z,4.008,4.008,0.0
run_20260521_224941-0200,2026-05-23T08:45:13.390712Z,4.959,4.959,0.0
run_20260521_224941-0200,2026-05-23T08:50:13.390712Z,5.798,5.798,0.0
run_20260521_224941-0200,2026-05-23T08:55:13.390712Z,6.683,6.683,0.0
run_20260521_224941-0201,2026-05-23T11:48:27.996476Z,0.0,0.0,0.0
run_20260521_224941-0201,2026-05-23T11:53:27.996476Z,1.562,1.562,0.0
run_20260521_224941-0201,2026-05-23T11:58:27.996476Z,3.43,3.43,0.0
run_20260521_224941-0201,2026-05-23T12:03:27.996476Z,5.338,5.338,0.0
run_20260521_224941-0201,2026-05-23T12:08:27.996476Z,7.27,7.27,0.0
run_20260521_224941-0201,2026-05-23T12:13:27.996476Z,9.206,9.206,0.0
run_20260521_224941-0201,2026-05-23T12:18:27.996476Z,11.151,11.151,0.0
run_20260521_224941-0202,2026-05-23T18:38:57.296605Z,0.0,0.0,0.0
run_20260521_224941-0202,2026-05-23T18:43:57.296605Z,1.543,1.543,0.0
run_20260521_224941-0202,2026-05-23T18:48:57.296605Z,3.04,3.04,0.0
run_20260521_224941-0202,2026-05-23T18:53:57.296605Z,5.057,5.057,0.0
run_20260521_224941-0202,2026-05-23T18:58:57.296605Z,6.722,6.722,0.0
run_20260521_224941-0202,2026-05-23T19:03:57.296605Z,8.731,8.731,0.0
run_20260521_224941-0202,2026-05-23T19:08:57.296605Z,10.475,10.475,0.0
run_20260521_224941-0203,2026-05-23T22:16:26.960288Z,0.0,0.0,0.0
run_20260521_224941-0203,2026-05-23T22:21:26.960288Z,1.854,1.854,0.0
run_20260521_224941-0203,2026-05-23T22:26:26.960288Z,0.207,1.854,1.647
run_20260521_224941-0203,2026-05-23T22:31:26.960288Z,-1.591,1.854,3.445
run_20260521_224941-0203,2026-05-23T22:36:26.960288Z,-3.497,1.854,5.351
run_20260521_224941-0203,2026-05-23T22:41:26.960288Z,-1.74,3.611,5.351
run_20260521_224941-0203,2026-05-23T22:46:26.960288Z,0.262,5.612,5.351
run_20260521_224941-0204,2026-05-23T16:23:24.469259Z,0.0,0.0,0.0
run_20260521_224941-0204,2026-05-23T16:28:24.469259Z,0.597,0.597,0.0
run_20260521_224941-0204,2026-05-23T16:33:24.469259Z,1.172,1.172,0.0
run_20260521_224941-0204,2026-05-23T16:38:24.469259Z,1.744,1.744,0.0
run_20260521_224941-0204,2026-05-23T16:43:24.469259Z,2.341,2.341,0.0
run_20260521_224941-0204,2026-05-23T16:48:24.469259Z,2.936,2.936,0.0
run_20260521_224941-0204,2026-05-23T16:53:24.469259Z,3.521,3.521,0.0
run_20260521_224941-0205,2026-05-23T20:52:39.325266Z,0.0,0.0,0.0
run_20260521_224941-0205,2026-05-23T20:57:39.325266Z,-2.14,0.0,2.14
run_20260521_224941-0205,2026-05-23T21:02:39.325266Z,-3.785,0.0,3.785
run_20260521_224941-0205,2026-05-23T21:07:39.325266Z,-5.709,0.0,5.709
run_20260521_224941-0205,2026-05-23T21:12:39.325266Z,-7.768,0.0,7.768
run_20260521_224941-0205,2026-05-23T21:17:39.325266Z,-9.608,0.0,9.608
run_20260521_224941-0205,2026-05-23T21:22:39.325266Z,-11.387,0.0,11.387
run_20260521_224941-0205,2026-05-23T21:27:39.325266Z,-12.775,0.0,12.775
run_20260521_224941-0205,2026-05-23T21:32:39.325266Z,-14.848,0.0,14.848
run_20260521_224941-0205,2026-05-23T21:37:39.325266Z,-16.488,0.0,16.488
run_20260521_224941-0205,2026-05-23T21:42:39.325266Z,-18.287,0.0,18.287
run_20260521_224941-0205,2026-05-23T21:47:39.325266Z,-20.114,0.0,20.114
run_20260521_224941-0205,2026-05-23T21:52:39.325266Z,-22.245,0.0,22.245
run_20260521_224941-0206,2026-05-23T21:31:06.009503Z,0.0,0.0,0.0
run_20260521_224941-0206,2026-05-23T21:36:06.009503Z,-1.841,0.0,1.841
run_20260521_224941-0206,2026-05-23T21:41:06.009503Z,-3.726,0.0,3.726
run_20260521_224941-0206,2026-05-23T21:46:06.009503Z,-5.582,0.0,5.582
run_20260521_224941-0206,2026-05-23T21:51:06.009503Z,-7.607,0.0,7.607
run_20260521_224941-0206,2026-05-23T21:56:06.009503Z,-9.376,0.0,9.376
run_20260521_224941-0206,2026-05-23T22:01:06.009503Z,-10.987,0.0,10.987
run_20260521_224941-0206,2026-05-23T22:06:06.009503Z,-12.792,0.0,12.792
run_20260521_224941-0206,2026-05-23T22:11:06.009503Z,-14.37,0.0,14.37
run_20260521_224941-0206,2026-05-23T22:16:06.009503Z,-16.317,0.0,16.317
run_20260521_224941-0206,2026-05-23T22:21:06.009503Z,-18.558,0.0,18.558
run_20260521_224941-0206,2026-05-23T22:26:06.009503Z,-20.846,0.0,20.846
run_20260521_224941-0206,2026-05-23T22:31:06.009503Z,-22.375,0.0,22.375
run_20260521_224941-0206,2026-05-23T22:36:06.009503Z,-24.227,0.0,24.227
run_20260521_224941-0206,2026-05-23T22:41:06.009503Z,-26.264,0.0,26.264
run_20260521_224941-0206,2026-05-23T22:46:06.009503Z,-28.441,0.0,28.441
run_20260521_224941-0207,2026-05-23T18:54:53.164200Z,0.0,0.0,0.0
run_20260521_224941-0207,2026-05-23T18:59:53.164200Z,2.04,2.04,0.0
run_20260521_224941-0207,2026-05-23T19:04:53.164200Z,4.075,4.075,0.0
run_20260521_224941-0207,2026-05-23T19:09:53.164200Z,5.955,5.955,0.0
run_20260521_224941-0207,2026-05-23T19:14:53.164200Z,7.617,7.617,0.0
run_20260521_224941-0208,2026-05-23T09:43:44.960536Z,0.0,0.0,0.0
run_20260521_224941-0208,2026-05-23T09:48:44.960536Z,-1.763,0.0,1.763
run_20260521_224941-0208,2026-05-23T09:53:44.960536Z,-0.107,1.656,1.763
run_20260521_224941-0208,2026-05-23T09:58:44.960536Z,1.558,3.321,1.763
run_20260521_224941-0208,2026-05-23T10:03:44.960536Z,3.549,5.312,1.763
run_20260521_224941-0209,2026-05-23T16:45:23.538309Z,0.0,0.0,0.0
run_20260521_224941-0209,2026-05-23T16:50:23.538309Z,1.629,1.629,0.0
run_20260521_224941-0209,2026-05-23T16:55:23.538309Z,3.264,3.264,0.0
run_20260521_224941-0209,2026-05-23T17:00:23.538309Z,4.755,4.755,0.0
run_20260521_224941-0209,2026-05-23T17:05:23.538309Z,6.78,6.78,0.0
run_20260521_224941-0210,2026-05-23T05:08:56.730283Z,0.0,0.0,0.0
run_20260521_224941-0210,2026-05-23T05:13:56.730283Z,0.62,0.62,0.0
run_20260521_224941-0210,2026-05-23T05:18:56.730283Z,1.108,1.108,0.0
run_20260521_224941-0210,2026-05-23T05:23:56.730283Z,1.764,1.764,0.0
run_20260521_224941-0210,2026-05-23T05:28:56.730283Z,2.354,2.354,0.0
run_20260521_224941-0210,2026-05-23T05:33:56.730283Z,2.925,2.925,0.0
run_20260521_224941-0210,2026-05-23T05:38:56.730283Z,3.544,3.544,0.0
run_20260521_224941-0210,2026-05-23T05:43:56.730283Z,4.018,4.018,0.0
run_20260521_224941-0210,2026-05-23T05:48:56.730283Z,4.579,4.579,0.0
run_20260521_224941-0210,2026-05-23T05:53:56.730283Z,5.153,5.153,0.0
run_20260521_224941-0210,2026-05-23T05:58:56.730283Z,5.689,5.689,0.0
run_20260521_224941-0210,2026-05-23T06:03:56.730283Z,6.29,6.29,0.0
run_20260521_224941-0210,2026-05-23T06:08:56.730283Z,6.899,6.899,0.0
run_20260521_224941-0211,2026-05-23T20:24:13.915834Z,0.0,0.0,0.0
run_20260521_224941-0211,2026-05-23T20:29:13.915834Z,1.709,1.709,0.0
run_20260521_224941-0211,2026-05-23T20:34:13.915834Z,0.035,1.709,1.674
run_20260521_224941-0211,2026-05-23T20:39:13.915834Z,2.01,3.684,1.674
run_20260521_224941-0211,2026-05-23T20:44:13.915834Z,3.823,5.497,1.674
run_20260521_224941-0212,2026-05-23T03:31:45.713552Z,0.0,0.0,0.0
run_20260521_224941-0212,2026-05-23T03:36:45.713552Z,-1.827,0.0,1.827
run_20260521_224941-0212,2026-05-23T03:41:45.713552Z,-3.579,0.0,3.579
run_20260521_224941-0212,2026-05-23T03:46:45.713552Z,-5.415,0.0,5.415
run_20260521_224941-0212,2026-05-23T03:51:45.713552Z,-7.193,0.0,7.193
run_20260521_224941-0212,2026-05-23T03:56:45.713552Z,-9.188,0.0,9.188
run_20260521_224941-0212,2026-05-23T04:01:45.713552Z,-10.804,0.0,10.804
run_20260521_224941-0212,2026-05-23T04:06:45.713552Z,-12.72,0.0,12.72
run_20260521_224941-0212,2026-05-23T04:11:45.713552Z,-14.705,0.0,14.705
run_20260521_224941-0213,2026-05-23T15:02:25.445957Z,0.0,0.0,0.0
run_20260521_224941-0213,2026-05-23T15:07:25.445957Z,0.592,0.592,0.0
run_20260521_224941-0213,2026-05-23T15:12:25.445957Z,1.251,1.251,0.0
run_20260521_224941-0213,2026-05-23T15:17:25.445957Z,1.914,1.914,0.0
run_20260521_224941-0213,2026-05-23T15:22:25.445957Z,1.401,1.914,0.513
run_20260521_224941-0213,2026-05-23T15:27:25.445957Z,0.865,1.914,1.05
run_20260521_224941-0213,2026-05-23T15:32:25.445957Z,0.351,1.914,1.563
run_20260521_224941-0213,2026-05-23T15:37:25.445957Z,-0.319,1.914,2.234
run_20260521_224941-0213,2026-05-23T15:42:25.445957Z,0.341,2.575,2.234
run_20260521_224941-0214,2026-05-23T13:59:55.205283Z,0.0,0.0,0.0
run_20260521_224941-0214,2026-05-23T14:04:55.205283Z,0.891,0.891,0.0
run_20260521_224941-0214,2026-05-23T14:09:55.205283Z,1.756,1.756,0.0
run_20260521_224941-0214,2026-05-23T14:14:55.205283Z,2.61,2.61,0.0
run_20260521_224941-0214,2026-05-23T14:19:55.205283Z,3.586,3.586,0.0
run_20260521_224941-0214,2026-05-23T14:24:55.205283Z,4.639,4.639,0.0
run_20260521_224941-0214,2026-05-23T14:29:55.205283Z,5.581,5.581,0.0
run_20260521_224941-0214,2026-05-23T14:34:55.205283Z,6.628,6.628,0.0
run_20260521_224941-0214,2026-05-23T14:39:55.205283Z,7.335,7.335,0.0
run_20260521_224941-0214,2026-05-23T14:44:55.205283Z,8.392,8.392,0.0
run_20260521_224941-0214,2026-05-23T14:49:55.205283Z,9.46,9.46,0.0
run_20260521_224941-0214,2026-05-23T14:54:55.205283Z,10.448,10.448,0.0
run_20260521_224941-0214,2026-05-23T14:59:55.205283Z,11.426,11.426,0.0
run_20260521_224941-0214,2026-05-23T15:04:55.205283Z,12.411,12.411,0.0
run_20260521_224941-0214,2026-05-23T15:09:55.205283Z,13.348,13.348,0.0
run_20260521_224941-0214,2026-05-23T15:14:55.205283Z,14.209,14.209,0.0
run_20260521_224941-0215,2026-05-23T18:36:27.702970Z,0.0,0.0,0.0
run_20260521_224941-0215,2026-05-23T18:41:27.702970Z,2.097,2.097,0.0
run_20260521_224941-0215,2026-05-23T18:46:27.702970Z,3.905,3.905,0.0
run_20260521_224941-0215,2026-05-23T18:51:27.702970Z,5.66,5.66,0.0
run_20260521_224941-0215,2026-05-23T18:56:27.702970Z,7.42,7.42,0.0
run_20260521_224941-0215,2026-05-23T19:01:27.702970Z,9.136,9.136,0.0
run_20260521_224941-0215,2026-05-23T19:06:27.702970Z,10.813,10.813,0.0
run_20260521_224941-0215,2026-05-23T19:11:27.702970Z,12.874,12.874,0.0
run_20260521_224941-0215,2026-05-23T19:16:27.702970Z,14.444,14.444,0.0
run_20260521_224941-0216,2026-05-23T08:32:30.350889Z,0.0,0.0,0.0
run_20260521_224941-0216,2026-05-23T08:37:30.350889Z,2.065,2.065,0.0
run_20260521_224941-0216,2026-05-23T08:42:30.350889Z,4.12,4.12,0.0
run_20260521_224941-0216,2026-05-23T08:47:30.350889Z,5.656,5.656,0.0
run_20260521_224941-0216,2026-05-23T08:52:30.350889Z,7.68,7.68,0.0
run_20260521_224941-0216,2026-05-23T08:57:30.350889Z,9.61,9.61,0.0
run_20260521_224941-0216,2026-05-23T09:02:30.350889Z,11.471,11.471,0.0
run_20260521_224941-0217,2026-05-23T14:18:16.867765Z,0.0,0.0,0.0
run_20260521_224941-0217,2026-05-23T14:23:16.867765Z,0.759,0.759,0.0
run_20260521_224941-0217,2026-05-23T14:28:16.867765Z,1.379,1.379,0.0
run_20260521_224941-0217,2026-05-23T14:33:16.867765Z,1.917,1.917,0.0
run_20260521_224941-0217,2026-05-23T14:38:16.867765Z,2.558,2.558,0.0
run_20260521_224941-0217,2026-05-23T14:43:16.867765Z,3.107,3.107,0.0
run_20260521_224941-0217,2026-05-23T14:48:16.867765Z,3.758,3.758,0.0
run_20260521_224941-0218,2026-05-23T10:36:43.880615Z,0.0,0.0,0.0
run_20260521_224941-0218,2026-05-23T10:41:43.880615Z,0.648,0.648,0.0
run_20260521_224941-0218,2026-05-23T10:46:43.880615Z,1.331,1.331,0.0
run_20260521_224941-0218,2026-05-23T10:51:43.880615Z,1.911,1.911,0.0
run_20260521_224941-0218,2026-05-23T10:56:43.880615Z,2.571,2.571,0.0
run_20260521_224941-0219,2026-05-23T04:10:33.130411Z,0.0,0.0,0.0
run_20260521_224941-0219,2026-05-23T04:15:33.130411Z,-0.842,0.0,0.842
run_20260521_224941-0219,2026-05-23T04:20:33.130411Z,-1.772,0.0,1.772
run_20260521_224941-0219,2026-05-23T04:25:33.130411Z,-2.565,0.0,2.565
run_20260521_224941-0219,2026-05-23T04:30:33.130411Z,-3.464,0.0,3.464
run_20260521_224941-0219,2026-05-23T04:35:33.130411Z,-4.295,0.0,4.295
run_20260521_224941-0219,2026-05-23T04:40:33.130411Z,-5.172,0.0,5.172
run_20260521_224941-0220,2026-05-23T10:50:19.533742Z,0.0,0.0,0.0
run_20260521_224941-0220,2026-05-23T10:55:19.533742Z,1.858,1.858,0.0
run_20260521_224941-0220,2026-05-23T11:00:19.533742Z,3.876,3.876,0.0
run_20260521_224941-0220,2026-05-23T11:05:19.533742Z,5.934,5.934,0.0
run_20260521_224941-0220,2026-05-23T11:10:19.533742Z,4.116,5.934,1.818
run_20260521_224941-0220,2026-05-23T11:15:19.533742Z,2.369,5.934,3.565
run_20260521_224941-0220,2026-05-23T11:20:19.533742Z,4.112,7.677,3.565
run_20260521_224941-0220,2026-05-23T11:25:19.533742Z,5.869,9.435,3.565
run_20260521_224941-0220,2026-05-23T11:30:19.533742Z,7.868,11.434,3.565
run_20260521_224941-0221,2026-05-23T21:23:49.039434Z,0.0,0.0,0.0
run_20260521_224941-0221,2026-05-23T21:28:49.039434Z,0.575,0.575,0.0
run_20260521_224941-0221,2026-05-23T21:33:49.039434Z,1.216,1.216,0.0
run_20260521_224941-0221,2026-05-23T21:38:49.039434Z,1.748,1.748,0.0
run_20260521_224941-0221,2026-05-23T21:43:49.039434Z,2.357,2.357,0.0
run_20260521_224941-0221,2026-05-23T21:48:49.039434Z,2.892,2.892,0.0
run_20260521_224941-0221,2026-05-23T21:53:49.039434Z,3.411,3.411,0.0
run_20260521_224941-0221,2026-05-23T21:58:49.039434Z,3.885,3.885,0.0
run_20260521_224941-0221,2026-05-23T22:03:49.039434Z,4.531,4.531,0.0
run_20260521_224941-0221,2026-05-23T22:08:49.039434Z,5.184,5.184,0.0
run_20260521_224941-0221,2026-05-23T22:13:49.039434Z,5.766,5.766,0.0
run_20260521_224941-0221,2026-05-23T22:18:49.039434Z,6.362,6.362,0.0
run_20260521_224941-0221,2026-05-23T22:23:49.039434Z,7.067,7.067,0.0
run_20260521_224941-0222,2026-05-23T07:22:46.949629Z,0.0,0.0,0.0
run_20260521_224941-0222,2026-05-23T07:27:46.949629Z,1.695,1.695,0.0
run_20260521_224941-0222,2026-05-23T07:32:46.949629Z,3.742,3.742,0.0
run_20260521_224941-0222,2026-05-23T07:37:46.949629Z,5.738,5.738,0.0
run_20260521_224941-0222,2026-05-23T07:42:46.949629Z,7.444,7.444,0.0
run_20260521_224941-0222,2026-05-23T07:47:46.949629Z,9.177,9.177,0.0
run_20260521_224941-0222,2026-05-23T07:52:46.949629Z,11.151,11.151,0.0
run_20260521_224941-0223,2026-05-23T14:26:04.032306Z,0.0,0.0,0.0
run_20260521_224941-0223,2026-05-23T14:31:04.032306Z,0.852,0.852,0.0
run_20260521_224941-0223,2026-05-23T14:36:04.032306Z,1.832,1.832,0.0
run_20260521_224941-0223,2026-05-23T14:41:04.032306Z,2.819,2.819,0.0
run_20260521_224941-0223,2026-05-23T14:46:04.032306Z,3.688,3.688,0.0
run_20260521_224941-0223,2026-05-23T14:51:04.032306Z,4.46,4.46,0.0
run_20260521_224941-0223,2026-05-23T14:56:04.032306Z,5.334,5.334,0.0
run_20260521_224941-0223,2026-05-23T15:01:04.032306Z,6.386,6.386,0.0
run_20260521_224941-0223,2026-05-23T15:06:04.032306Z,7.396,7.396,0.0
run_20260521_224941-0224,2026-05-23T06:50:17.176122Z,0.0,0.0,0.0
run_20260521_224941-0224,2026-05-23T06:55:17.176122Z,1.611,1.611,0.0
run_20260521_224941-0224,2026-05-23T07:00:17.176122Z,3.193,3.193,0.0
run_20260521_224941-0224,2026-05-23T07:05:17.176122Z,4.957,4.957,0.0
run_20260521_224941-0224,2026-05-23T07:10:17.176122Z,6.714,6.714,0.0
run_20260521_224941-0224,2026-05-23T07:15:17.176122Z,5.181,6.714,1.533
run_20260521_224941-0224,2026-05-23T07:20:17.176122Z,3.572,6.714,3.142
run_20260521_224941-0224,2026-05-23T07:25:17.176122Z,5.313,8.455,3.142
run_20260521_224941-0224,2026-05-23T07:30:17.176122Z,7.416,10.559,3.142
run_20260521_224941-0225,2026-05-23T02:55:25.966900Z,0.0,0.0,0.0
run_20260521_224941-0225,2026-05-23T03:00:25.966900Z,0.567,0.567,0.0
run_20260521_224941-0225,2026-05-23T03:05:25.966900Z,1.2,1.2,0.0
run_20260521_224941-0225,2026-05-23T03:10:25.966900Z,1.805,1.805,0.0
run_20260521_224941-0225,2026-05-23T03:15:25.966900Z,2.386,2.386,0.0
run_20260521_224941-0225,2026-05-23T03:20:25.966900Z,2.951,2.951,0.0
run_20260521_224941-0225,2026-05-23T03:25:25.966900Z,3.551,3.551,0.0
run_20260521_224941-0225,2026-05-23T03:30:25.966900Z,4.115,4.115,0.0
run_20260521_224941-0225,2026-05-23T03:35:25.966900Z,4.705,4.705,0.0
run_20260521_224941-0225,2026-05-23T03:40:25.966900Z,5.349,5.349,0.0
run_20260521_224941-0225,2026-05-23T03:45:25.966900Z,5.998,5.998,0.0
run_20260521_224941-0225,2026-05-23T03:50:25.966900Z,6.52,6.52,0.0
run_20260521_224941-0225,2026-05-23T03:55:25.966900Z,7.092,7.092,0.0
run_20260521_224941-0226,2026-05-23T03:09:01.743716Z,0.0,0.0,0.0
run_20260521_224941-0226,2026-05-23T03:14:01.743716Z,0.696,0.696,0.0
run_20260521_224941-0226,2026-05-23T03:19:01.743716Z,1.255,1.255,0.0
run_20260521_224941-0226,2026-05-23T03:24:01.743716Z,1.839,1.839,0.0
run_20260521_224941-0226,2026-05-23T03:29:01.743716Z,2.462,2.462,0.0
run_20260521_224941-0226,2026-05-23T03:34:01.743716Z,2.957,2.957,0.0
run_20260521_224941-0226,2026-05-23T03:39:01.743716Z,3.536,3.536,0.0
run_20260521_224941-0226,2026-05-23T03:44:01.743716Z,4.222,4.222,0.0
run_20260521_224941-0226,2026-05-23T03:49:01.743716Z,4.875,4.875,0.0
run_20260521_224941-0226,2026-05-23T03:54:01.743716Z,5.449,5.449,0.0
run_20260521_224941-0226,2026-05-23T03:59:01.743716Z,6.207,6.207,0.0
run_20260521_224941-0226,2026-05-23T04:04:01.743716Z,6.763,6.763,0.0
run_20260521_224941-0226,2026-05-23T04:09:01.743716Z,7.334,7.334,0.0
run_20260521_224941-0226,2026-05-23T04:14:01.743716Z,8.004,8.004,0.0
run_20260521_224941-0226,2026-05-23T04:19:01.743716Z,8.649,8.649,0.0
run_20260521_224941-0226,2026-05-23T04:24:01.743716Z,9.253,9.253,0.0
run_20260521_224941-0227,2026-05-23T04:03:49.427159Z,0.0,0.0,0.0
run_20260521_224941-0227,2026-05-23T04:08:49.427159Z,1.581,1.581,0.0
run_20260521_224941-0227,2026-05-23T04:13:49.427159Z,3.222,3.222,0.0
run_20260521_224941-0227,2026-05-23T04:18:49.427159Z,5.205,5.205,0.0
run_20260521_224941-0227,2026-05-23T04:23:49.427159Z,7.004,7.004,0.0
run_20260521_224941-0227,2026-05-23T04:28:49.427159Z,8.96,8.96,0.0
run_20260521_224941-0227,2026-05-23T04:33:49.427159Z,11.042,11.042,0.0
run_20260521_224941-0227,2026-05-23T04:38:49.427159Z,12.919,12.919,0.0
run_20260521_224941-0227,2026-05-23T04:43:49.427159Z,14.857,14.857,0.0
run_20260521_224941-0228,2026-05-23T10:37:29.879181Z,0.0,0.0,0.0
run_20260521_224941-0228,2026-05-23T10:42:29.879181Z,0.598,0.598,0.0
run_20260521_224941-0228,2026-05-23T10:47:29.879181Z,1.252,1.252,0.0
run_20260521_224941-0228,2026-05-23T10:52:29.879181Z,1.843,1.843,0.0
run_20260521_224941-0228,2026-05-23T10:57:29.879181Z,2.41,2.41,0.0
run_20260521_224941-0228,2026-05-23T11:02:29.879181Z,3.04,3.04,0.0
run_20260521_224941-0228,2026-05-23T11:07:29.879181Z,3.683,3.683,0.0
run_20260521_224941-0229,2026-05-23T12:12:36.398684Z,0.0,0.0,0.0
run_20260521_224941-0229,2026-05-23T12:17:36.398684Z,-1.867,0.0,1.867
run_20260521_224941-0229,2026-05-23T12:22:36.398684Z,-3.544,0.0,3.544
run_20260521_224941-0229,2026-05-23T12:27:36.398684Z,-5.399,0.0,5.399
run_20260521_224941-0229,2026-05-23T12:32:36.398684Z,-7.347,0.0,7.347
run_20260521_224941-0229,2026-05-23T12:37:36.398684Z,-9.379,0.0,9.379
run_20260521_224941-0229,2026-05-23T12:42:36.398684Z,-11.302,0.0,11.302
run_20260521_224941-0229,2026-05-23T12:47:36.398684Z,-12.939,0.0,12.939
run_20260521_224941-0229,2026-05-23T12:52:36.398684Z,-14.887,0.0,14.887
run_20260521_224941-0229,2026-05-23T12:57:36.398684Z,-16.829,0.0,16.829
run_20260521_224941-0229,2026-05-23T13:02:36.398684Z,-18.733,0.0,18.733
run_20260521_224941-0229,2026-05-23T13:07:36.398684Z,-20.604,0.0,20.604
run_20260521_224941-0229,2026-05-23T13:12:36.398684Z,-22.598,0.0,22.598
run_20260521_224941-0229,2026-05-23T13:17:36.398684Z,-24.348,0.0,24.348
run_20260521_224941-0229,2026-05-23T13:22:36.398684Z,-26.281,0.0,26.281
run_20260521_224941-0229,2026-05-23T13:27:36.398684Z,-28.118,0.0,28.118
run_20260521_224941-0230,2026-05-23T21:13:48.023399Z,0.0,0.0,0.0
run_20260521_224941-0230,2026-05-23T21:18:48.023399Z,-0.804,0.0,0.804
run_20260521_224941-0230,2026-05-23T21:23:48.023399Z,-1.687,0.0,1.687
run_20260521_224941-0230,2026-05-23T21:28:48.023399Z,-0.844,0.843,1.687
run_20260521_224941-0230,2026-05-23T21:33:48.023399Z,0.263,1.95,1.687
run_20260521_224941-0230,2026-05-23T21:38:48.023399Z,1.068,2.756,1.687
run_20260521_224941-0230,2026-05-23T21:43:48.023399Z,1.899,3.586,1.687
run_20260521_224941-0230,2026-05-23T21:48:48.023399Z,2.891,4.578,1.687
run_20260521_224941-0230,2026-05-23T21:53:48.023399Z,3.766,5.454,1.687
run_20260521_224941-0231,2026-05-23T12:18:00.073128Z,0.0,0.0,0.0
run_20260521_224941-0231,2026-05-23T12:23:00.073128Z,-2.228,0.0,2.228
run_20260521_224941-0231,2026-05-23T12:28:00.073128Z,-0.167,2.061,2.228
run_20260521_224941-0231,2026-05-23T12:33:00.073128Z,2.064,4.292,2.228
run_20260521_224941-0231,2026-05-23T12:38:00.073128Z,3.876,6.104,2.228
run_20260521_224941-0231,2026-05-23T12:43:00.073128Z,5.704,7.932,2.228
run_20260521_224941-0231,2026-05-23T12:48:00.073128Z,7.788,10.016,2.228
run_20260521_224941-0231,2026-05-23T12:53:00.073128Z,9.73,11.958,2.228
run_20260521_224941-0231,2026-05-23T12:58:00.073128Z,11.618,13.846,2.228
run_20260521_224941-0232,2026-05-23T08:27:57.115835Z,0.0,0.0,0.0
run_20260521_224941-0232,2026-05-23T08:32:57.115835Z,1.47,1.47,0.0
run_20260521_224941-0232,2026-05-23T08:37:57.115835Z,3.592,3.592,0.0
run_20260521_224941-0232,2026-05-23T08:42:57.115835Z,5.468,5.468,0.0
run_20260521_224941-0232,2026-05-23T08:47:57.115835Z,7.371,7.371,0.0
run_20260521_224941-0233,2026-05-23T04:15:52.090870Z,0.0,0.0,0.0
run_20260521_224941-0233,2026-05-23T04:20:52.090870Z,-0.925,0.0,0.925
run_20260521_224941-0233,2026-05-23T04:25:52.090870Z,-1.775,0.0,1.775
run_20260521_224941-0233,2026-05-23T04:30:52.090870Z,-2.62,0.0,2.62
run_20260521_224941-0233,2026-05-23T04:35:52.090870Z,-3.673,0.0,3.673
run_20260521_224941-0233,2026-05-23T04:40:52.090870Z,-4.605,0.0,4.605
run_20260521_224941-0233,2026-05-23T04:45:52.090870Z,-5.393,0.0,5.393
run_20260521_224941-0233,2026-05-23T04:50:52.090870Z,-6.281,0.0,6.281
run_20260521_224941-0233,2026-05-23T04:55:52.090870Z,-7.085,0.0,7.085
run_20260521_224941-0234,2026-05-23T01:42:36.674386Z,0.0,0.0,0.0
run_20260521_224941-0234,2026-05-23T01:47:36.674386Z,0.812,0.812,0.0
run_20260521_224941-0234,2026-05-23T01:52:36.674386Z,1.717,1.717,0.0
run_20260521_224941-0234,2026-05-23T01:57:36.674386Z,2.67,2.67,0.0
run_20260521_224941-0234,2026-05-23T02:02:36.674386Z,3.596,3.596,0.0
run_20260521_224941-0235,2026-05-23T11:10:48.385207Z,0.0,0.0,0.0
run_20260521_224941-0235,2026-05-23T11:15:48.385207Z,-1.638,0.0,1.638
run_20260521_224941-0235,2026-05-23T11:20:48.385207Z,-3.539,0.0,3.539
run_20260521_224941-0235,2026-05-23T11:25:48.385207Z,-5.152,0.0,5.152
run_20260521_224941-0235,2026-05-23T11:30:48.385207Z,-7.084,0.0,7.084
run_20260521_224941-0235,2026-05-23T11:35:48.385207Z,-8.892,0.0,8.892
run_20260521_224941-0235,2026-05-23T11:40:48.385207Z,-10.546,0.0,10.546
run_20260521_224941-0236,2026-05-23T10:41:55.510177Z,0.0,0.0,0.0
run_20260521_224941-0236,2026-05-23T10:46:55.510177Z,0.481,0.481,0.0
run_20260521_224941-0236,2026-05-23T10:51:55.510177Z,1.02,1.02,0.0
run_20260521_224941-0236,2026-05-23T10:56:55.510177Z,1.577,1.577,0.0
run_20260521_224941-0236,2026-05-23T11:01:55.510177Z,2.225,2.225,0.0
run_20260521_224941-0236,2026-05-23T11:06:55.510177Z,2.809,2.809,0.0
run_20260521_224941-0236,2026-05-23T11:11:55.510177Z,3.407,3.407,0.0
run_20260521_224941-0236,2026-05-23T11:16:55.510177Z,3.877,3.877,0.0
run_20260521_224941-0236,2026-05-23T11:21:55.510177Z,4.443,4.443,0.0
run_20260521_224941-0236,2026-05-23T11:26:55.510177Z,5.095,5.095,0.0
run_20260521_224941-0236,2026-05-23T11:31:55.510177Z,4.538,5.095,0.556
run_20260521_224941-0236,2026-05-23T11:36:55.510177Z,5.081,5.637,0.556
run_20260521_224941-0236,2026-05-23T11:41:55.510177Z,5.704,6.26,0.556
run_20260521_224941-0236,2026-05-23T11:46:55.510177Z,6.34,6.896,0.556
run_20260521_224941-0236,2026-05-23T11:51:55.510177Z,6.96,7.516,0.556
run_20260521_224941-0236,2026-05-23T11:56:55.510177Z,7.526,8.082,0.556
run_20260521_224941-0237,2026-05-23T03:33:00.100782Z,0.0,0.0,0.0
run_20260521_224941-0237,2026-05-23T03:38:00.100782Z,1.039,1.039,0.0
run_20260521_224941-0237,2026-05-23T03:43:00.100782Z,2.017,2.017,0.0
run_20260521_224941-0237,2026-05-23T03:48:00.100782Z,2.933,2.933,0.0
run_20260521_224941-0237,2026-05-23T03:53:00.100782Z,3.911,3.911,0.0
run_20260521_224941-0237,2026-05-23T03:58:00.100782Z,4.63,4.63,0.0
run_20260521_224941-0237,2026-05-23T04:03:00.100782Z,5.437,5.437,0.0
run_20260521_224941-0237,2026-05-23T04:08:00.100782Z,6.269,6.269,0.0
run_20260521_224941-0237,2026-05-23T04:13:00.100782Z,7.292,7.292,0.0
run_20260521_224941-0237,2026-05-23T04:18:00.100782Z,8.216,8.216,0.0
run_20260521_224941-0237,2026-05-23T04:23:00.100782Z,9.208,9.208,0.0
run_20260521_224941-0237,2026-05-23T04:28:00.100782Z,10.179,10.179,0.0
run_20260521_224941-0237,2026-05-23T04:33:00.100782Z,11.121,11.121,0.0
run_20260521_224941-0237,2026-05-23T04:38:00.100782Z,11.956,11.956,0.0
run_20260521_224941-0237,2026-05-23T04:43:00.100782Z,12.88,12.88,0.0
run_20260521_224941-0237,2026-05-23T04:48:00.100782Z,13.721,13.721,0.0
run_20260521_224941-0238,2026-05-23T00:58:31.869145Z,0.0,0.0,0.0
run_20260521_224941-0238,2026-05-23T01:03:31.869145Z,-0.522,0.0,0.522
run_20260521_224941-0238,2026-05-23T01:08:31.869145Z,-1.143,0.0,1.143
run_20260521_224941-0238,2026-05-23T01:13:31.869145Z,-1.651,0.0,1.651
run_20260521_224941-0238,2026-05-23T01:18:31.869145Z,-2.22,0.0,2.22
run_20260521_224941-0238,2026-05-23T01:23:31.869145Z,-2.783,0.0,2.783
run_20260521_224941-0238,2026-05-23T01:28:31.869145Z,-3.326,0.0,3.326
run_20260521_224941-0239,2026-05-23T05:23:20.134524Z,0.0,0.0,0.0
run_20260521_224941-0239,2026-05-23T05:28:20.134524Z,2.047,2.047,0.0
run_20260521_224941-0239,2026-05-23T05:33:20.134524Z,4.01,4.01,0.0
run_20260521_224941-0239,2026-05-23T05:38:20.134524Z,5.916,5.916,0.0
run_20260521_224941-0239,2026-05-23T05:43:20.134524Z,7.928,7.928,0.0
run_20260521_224941-0239,2026-05-23T05:48:20.134524Z,6.437,7.928,1.491
run_20260521_224941-0239,2026-05-23T05:53:20.134524Z,4.506,7.928,3.423
run_20260521_224941-0239,2026-05-23T05:58:20.134524Z,2.391,7.928,5.537
run_20260521_224941-0239,2026-05-23T06:03:20.134524Z,0.764,7.928,7.164
run_20260521_224941-0239,2026-05-23T06:08:20.134524Z,-0.858,7.928,8.786
run_20260521_224941-0239,2026-05-23T06:13:20.134524Z,-2.969,7.928,10.897
run_20260521_224941-0239,2026-05-23T06:18:20.134524Z,-1.36,9.538,10.897
run_20260521_224941-0239,2026-05-23T06:23:20.134524Z,0.247,11.144,10.897
run_20260521_224941-0240,2026-05-23T10:44:42.278527Z,0.0,0.0,0.0
run_20260521_224941-0240,2026-05-23T10:49:42.278527Z,1.586,1.586,0.0
run_20260521_224941-0240,2026-05-23T10:54:42.278527Z,3.447,3.447,0.0
run_20260521_224941-0240,2026-05-23T10:59:42.278527Z,5.108,5.108,0.0
run_20260521_224941-0240,2026-05-23T11:04:42.278527Z,6.994,6.994,0.0
run_20260521_224941-0240,2026-05-23T11:09:42.278527Z,9.138,9.138,0.0
run_20260521_224941-0240,2026-05-23T11:14:42.278527Z,10.955,10.955,0.0
run_20260521_224941-0240,2026-05-23T11:19:42.278527Z,12.638,12.638,0.0
run_20260521_224941-0240,2026-05-23T11:24:42.278527Z,14.257,14.257,0.0
run_20260521_224941-0240,2026-05-23T11:29:42.278527Z,16.139,16.139,0.0
run_20260521_224941-0240,2026-05-23T11:34:42.278527Z,17.799,17.799,0.0
run_20260521_224941-0240,2026-05-23T11:39:42.278527Z,19.764,19.764,0.0
run_20260521_224941-0240,2026-05-23T11:44:42.278527Z,21.411,21.411,0.0
run_20260521_224941-0240,2026-05-23T11:49:42.278527Z,22.941,22.941,0.0
run_20260521_224941-0240,2026-05-23T11:54:42.278527Z,24.862,24.862,0.0
run_20260521_224941-0240,2026-05-23T11:59:42.278527Z,26.458,26.458,0.0
run_20260521_224941-0241,2026-05-23T19:41:01.856110Z,0.0,0.0,0.0
run_20260521_224941-0241,2026-05-23T19:46:01.856110Z,2.014,2.014,0.0
run_20260521_224941-0241,2026-05-23T19:51:01.856110Z,4.084,4.084,0.0
run_20260521_224941-0241,2026-05-23T19:56:01.856110Z,5.966,5.966,0.0
run_20260521_224941-0241,2026-05-23T20:01:01.856110Z,7.78,7.78,0.0
run_20260521_224941-0241,2026-05-23T20:06:01.856110Z,9.623,9.623,0.0
run_20260521_224941-0241,2026-05-23T20:11:01.856110Z,11.323,11.323,0.0
run_20260521_224941-0241,2026-05-23T20:16:01.856110Z,13.144,13.144,0.0
run_20260521_224941-0241,2026-05-23T20:21:01.856110Z,15.111,15.111,0.0
run_20260521_224941-0241,2026-05-23T20:26:01.856110Z,16.836,16.836,0.0
run_20260521_224941-0241,2026-05-23T20:31:01.856110Z,18.476,18.476,0.0
run_20260521_224941-0241,2026-05-23T20:36:01.856110Z,20.356,20.356,0.0
run_20260521_224941-0241,2026-05-23T20:41:01.856110Z,22.014,22.014,0.0
run_20260521_224941-0241,2026-05-23T20:46:01.856110Z,24.177,24.177,0.0
run_20260521_224941-0241,2026-05-23T20:51:01.856110Z,25.823,25.823,0.0
run_20260521_224941-0241,2026-05-23T20:56:01.856110Z,27.913,27.913,0.0
run_20260521_224941-0242,2026-05-23T03:56:47.036199Z,0.0,0.0,0.0
run_20260521_224941-0242,2026-05-23T04:01:47.036199Z,1.899,1.899,0.0
run_20260521_224941-0242,2026-05-23T04:06:47.036199Z,3.855,3.855,0.0
run_20260521_224941-0242,2026-05-23T04:11:47.036199Z,5.926,5.926,0.0
run_20260521_224941-0242,2026-05-23T04:16:47.036199Z,7.582,7.582,0.0
run_20260521_224941-0242,2026-05-23T04:21:47.036199Z,9.615,9.615,0.0
run_20260521_224941-0242,2026-05-23T04:26:47.036199Z,11.562,11.562,0.0
run_20260521_224941-0242,2026-05-23T04:31:47.036199Z,13.205,13.205,0.0
run_20260521_224941-0242,2026-05-23T04:36:47.036199Z,14.753,14.753,0.0
run_20260521_224941-0243,2026-05-23T12:17:55.160985Z,0.0,0.0,0.0
run_20260521_224941-0243,2026-05-23T12:22:55.160985Z,2.114,2.114,0.0
run_20260521_224941-0243,2026-05-23T12:27:55.160985Z,3.984,3.984,0.0
run_20260521_224941-0243,2026-05-23T12:32:55.160985Z,5.881,5.881,0.0
run_20260521_224941-0243,2026-05-23T12:37:55.160985Z,7.636,7.636,0.0
run_20260521_224941-0243,2026-05-23T12:42:55.160985Z,9.37,9.37,0.0
run_20260521_224941-0243,2026-05-23T12:47:55.160985Z,11.27,11.27,0.0
run_20260521_224941-0243,2026-05-23T12:52:55.160985Z,13.264,13.264,0.0
run_20260521_224941-0243,2026-05-23T12:57:55.160985Z,11.45,13.264,1.815
run_20260521_224941-0243,2026-05-23T13:02:55.160985Z,9.706,13.264,3.558
run_20260521_224941-0243,2026-05-23T13:07:55.160985Z,11.581,15.139,3.558
run_20260521_224941-0243,2026-05-23T13:12:55.160985Z,13.746,17.304,3.558
run_20260521_224941-0243,2026-05-23T13:17:55.160985Z,15.541,19.099,3.558
run_20260521_224941-0244,2026-05-23T23:26:40.662303Z,0.0,0.0,0.0
run_20260521_224941-0244,2026-05-23T23:31:40.662303Z,0.532,0.532,0.0
run_20260521_224941-0244,2026-05-23T23:36:40.662303Z,1.177,1.177,0.0
run_20260521_224941-0244,2026-05-23T23:41:40.662303Z,1.849,1.849,0.0
run_20260521_224941-0244,2026-05-23T23:46:40.662303Z,2.525,2.525,0.0
run_20260521_224941-0245,2026-05-23T00:59:08.207728Z,0.0,0.0,0.0
run_20260521_224941-0245,2026-05-23T01:04:08.207728Z,1.892,1.892,0.0
run_20260521_224941-0245,2026-05-23T01:09:08.207728Z,3.939,3.939,0.0
run_20260521_224941-0245,2026-05-23T01:14:08.207728Z,5.567,5.567,0.0
run_20260521_224941-0245,2026-05-23T01:19:08.207728Z,7.593,7.593,0.0
run_20260521_224941-0245,2026-05-23T01:24:08.207728Z,9.026,9.026,0.0
run_20260521_224941-0245,2026-05-23T01:29:08.207728Z,10.911,10.911,0.0
run_20260521_224941-0245,2026-05-23T01:34:08.207728Z,12.99,12.99,0.0
run_20260521_224941-0245,2026-05-23T01:39:08.207728Z,14.616,14.616,0.0
run_20260521_224941-0245,2026-05-23T01:44:08.207728Z,16.487,16.487,0.0
run_20260521_224941-0245,2026-05-23T01:49:08.207728Z,18.357,18.357,0.0
run_20260521_224941-0245,2026-05-23T01:54:08.207728Z,20.375,20.375,0.0
run_20260521_224941-0245,2026-05-23T01:59:08.207728Z,22.36,22.36,0.0
run_20260521_224941-0245,2026-05-23T02:04:08.207728Z,24.382,24.382,0.0
run_20260521_224941-0245,2026-05-23T02:09:08.207728Z,26.244,26.244,0.0
run_20260521_224941-0245,2026-05-23T02:14:08.207728Z,27.822,27.822,0.0
run_20260521_224941-0246,2026-05-23T01:50:48.791965Z,0.0,0.0,0.0
run_20260521_224941-0246,2026-05-23T01:55:48.791965Z,1.856,1.856,0.0
run_20260521_224941-0246,2026-05-23T02:00:48.791965Z,3.714,3.714,0.0
run_20260521_224941-0246,2026-05-23T02:05:48.791965Z,5.15,5.15,0.0
run_20260521_224941-0246,2026-05-23T02:10:48.791965Z,6.926,6.926,0.0
run_20260521_224941-0246,2026-05-23T02:15:48.791965Z,8.622,8.622,0.0
run_20260521_224941-0246,2026-05-23T02:20:48.791965Z,10.141,10.141,0.0
run_20260521_224941-0246,2026-05-23T02:25:48.791965Z,8.398,10.141,1.743
run_20260521_224941-0246,2026-05-23T02:30:48.791965Z,6.635,10.141,3.506
run_20260521_224941-0246,2026-05-23T02:35:48.791965Z,4.599,10.141,5.541
run_20260521_224941-0246,2026-05-23T02:40:48.791965Z,2.91,10.141,7.231
run_20260521_224941-0246,2026-05-23T02:45:48.791965Z,0.914,10.141,9.227
run_20260521_224941-0246,2026-05-23T02:50:48.791965Z,-0.762,10.141,10.903
run_20260521_224941-0246,2026-05-23T02:55:48.791965Z,-2.597,10.141,12.738
run_20260521_224941-0246,2026-05-23T03:00:48.791965Z,-0.845,11.893,12.738
run_20260521_224941-0246,2026-05-23T03:05:48.791965Z,0.776,13.513,12.738
run_20260521_224941-0247,2026-05-23T11:27:15.378557Z,0.0,0.0,0.0
run_20260521_224941-0247,2026-05-23T11:32:15.378557Z,0.491,0.491,0.0
run_20260521_224941-0247,2026-05-23T11:37:15.378557Z,0.963,0.963,0.0
run_20260521_224941-0247,2026-05-23T11:42:15.378557Z,1.624,1.624,0.0
run_20260521_224941-0247,2026-05-23T11:47:15.378557Z,2.122,2.122,0.0
run_20260521_224941-0247,2026-05-23T11:52:15.378557Z,2.734,2.734,0.0
run_20260521_224941-0247,2026-05-23T11:57:15.378557Z,3.27,3.27,0.0
run_20260521_224941-0247,2026-05-23T12:02:15.378557Z,3.957,3.957,0.0
run_20260521_224941-0247,2026-05-23T12:07:15.378557Z,4.653,4.653,0.0
run_20260521_224941-0248,2026-05-23T05:36:09.791873Z,0.0,0.0,0.0
run_20260521_224941-0248,2026-05-23T05:41:09.791873Z,0.821,0.821,0.0
run_20260521_224941-0248,2026-05-23T05:46:09.791873Z,1.67,1.67,0.0
run_20260521_224941-0248,2026-05-23T05:51:09.791873Z,2.567,2.567,0.0
run_20260521_224941-0248,2026-05-23T05:56:09.791873Z,3.635,3.635,0.0
run_20260521_224941-0249,2026-05-23T14:58:57.418221Z,0.0,0.0,0.0
run_20260521_224941-0249,2026-05-23T15:03:57.418221Z,1.844,1.844,0.0
run_20260521_224941-0249,2026-05-23T15:08:57.418221Z,3.604,3.604,0.0
run_20260521_224941-0249,2026-05-23T15:13:57.418221Z,5.484,5.484,0.0
run_20260521_224941-0249,2026-05-23T15:18:57.418221Z,7.1,7.1,0.0
run_20260521_224941-0249,2026-05-23T15:23:57.418221Z,9.043,9.043,0.0
run_20260521_224941-0249,2026-05-23T15:28:57.418221Z,10.86,10.86,0.0
run_20260521_224941-0250,2026-05-23T05:51:50.427787Z,0.0,0.0,0.0
run_20260521_224941-0250,2026-05-23T05:56:50.427787Z,2.06,2.06,0.0
run_20260521_224941-0250,2026-05-23T06:01:50.427787Z,3.718,3.718,0.0
run_20260521_224941-0250,2026-05-23T06:06:50.427787Z,5.571,5.571,0.0
run_20260521_224941-0250,2026-05-23T06:11:50.427787Z,7.272,7.272,0.0
run_20260521_224941-0250,2026-05-23T06:16:50.427787Z,9.058,9.058,0.0
run_20260521_224941-0250,2026-05-23T06:21:50.427787Z,10.833,10.833,0.0
run_20260521_224941-0250,2026-05-23T06:26:50.427787Z,12.824,12.824,0.0
run_20260521_224941-0250,2026-05-23T06:31:50.427787Z,14.575,14.575,0.0
run_20260521_224941-0250,2026-05-23T06:36:50.427787Z,16.12,16.12,0.0
run_20260521_224941-0250,2026-05-23T06:41:50.427787Z,18.119,18.119,0.0
run_20260521_224941-0250,2026-05-23T06:46:50.427787Z,19.739,19.739,0.0
run_20260521_224941-0250,2026-05-23T06:51:50.427787Z,21.57,21.57,0.0
run_20260521_224941-0251,2026-05-23T14:22:11.537685Z,0.0,0.0,0.0
run_20260521_224941-0251,2026-05-23T14:27:11.537685Z,1.634,1.634,0.0
run_20260521_224941-0251,2026-05-23T14:32:11.537685Z,3.443,3.443,0.0
run_20260521_224941-0251,2026-05-23T14:37:11.537685Z,5.222,5.222,0.0
run_20260521_224941-0251,2026-05-23T14:42:11.537685Z,6.855,6.855,0.0
run_20260521_224941-0251,2026-05-23T14:47:11.537685Z,8.856,8.856,0.0
run_20260521_224941-0251,2026-05-23T14:52:11.537685Z,10.803,10.803,0.0
run_20260521_224941-0251,2026-05-23T14:57:11.537685Z,12.315,12.315,0.0
run_20260521_224941-0251,2026-05-23T15:02:11.537685Z,13.904,13.904,0.0
run_20260521_224941-0252,2026-05-23T09:21:59.906392Z,0.0,0.0,0.0
run_20260521_224941-0252,2026-05-23T09:26:59.906392Z,0.939,0.939,0.0
run_20260521_224941-0252,2026-05-23T09:31:59.906392Z,1.712,1.712,0.0
run_20260521_224941-0252,2026-05-23T09:36:59.906392Z,2.61,2.61,0.0
run_20260521_224941-0252,2026-05-23T09:41:59.906392Z,3.345,3.345,0.0
run_20260521_224941-0252,2026-05-23T09:46:59.906392Z,4.135,4.135,0.0
run_20260521_224941-0252,2026-05-23T09:51:59.906392Z,5.107,5.107,0.0
run_20260521_224941-0252,2026-05-23T09:56:59.906392Z,5.906,5.906,0.0
run_20260521_224941-0252,2026-05-23T10:01:59.906392Z,6.765,6.765,0.0
run_20260521_224941-0252,2026-05-23T10:06:59.906392Z,7.705,7.705,0.0
run_20260521_224941-0252,2026-05-23T10:11:59.906392Z,8.53,8.53,0.0
run_20260521_224941-0252,2026-05-23T10:16:59.906392Z,9.309,9.309,0.0
run_20260521_224941-0252,2026-05-23T10:21:59.906392Z,10.22,10.22,0.0
run_20260521_224941-0253,2026-05-23T19:54:56.678147Z,0.0,0.0,0.0
run_20260521_224941-0253,2026-05-23T19:59:56.678147Z,-0.94,0.0,0.94
run_20260521_224941-0253,2026-05-23T20:04:56.678147Z,0.04,0.98,0.94
run_20260521_224941-0253,2026-05-23T20:09:56.678147Z,0.995,1.935,0.94
run_20260521_224941-0253,2026-05-23T20:14:56.678147Z,1.801,2.741,0.94
run_20260521_224941-0254,2026-05-23T01:55:23.070816Z,0.0,0.0,0.0
run_20260521_224941-0254,2026-05-23T02:00:23.070816Z,0.997,0.997,0.0
run_20260521_224941-0254,2026-05-23T02:05:23.070816Z,1.801,1.801,0.0
run_20260521_224941-0254,2026-05-23T02:10:23.070816Z,2.674,2.674,0.0
run_20260521_224941-0254,2026-05-23T02:15:23.070816Z,3.493,3.493,0.0
run_20260521_224941-0254,2026-05-23T02:20:23.070816Z,4.548,4.548,0.0
run_20260521_224941-0254,2026-05-23T02:25:23.070816Z,5.5,5.5,0.0
run_20260521_224941-0254,2026-05-23T02:30:23.070816Z,6.649,6.649,0.0
run_20260521_224941-0254,2026-05-23T02:35:23.070816Z,7.476,7.476,0.0
run_20260521_224941-0254,2026-05-23T02:40:23.070816Z,8.419,8.419,0.0
run_20260521_224941-0254,2026-05-23T02:45:23.070816Z,9.393,9.393,0.0
run_20260521_224941-0254,2026-05-23T02:50:23.070816Z,10.311,10.311,0.0
run_20260521_224941-0254,2026-05-23T02:55:23.070816Z,11.11,11.11,0.0
run_20260521_224941-0254,2026-05-23T03:00:23.070816Z,12.022,12.022,0.0
run_20260521_224941-0254,2026-05-23T03:05:23.070816Z,12.856,12.856,0.0
run_20260521_224941-0254,2026-05-23T03:10:23.070816Z,13.771,13.771,0.0
run_20260521_224941-0255,2026-05-23T04:28:04.068994Z,0.0,0.0,0.0
run_20260521_224941-0255,2026-05-23T04:33:04.068994Z,1.032,1.032,0.0
run_20260521_224941-0255,2026-05-23T04:38:04.068994Z,1.924,1.924,0.0
run_20260521_224941-0255,2026-05-23T04:43:04.068994Z,2.86,2.86,0.0
run_20260521_224941-0255,2026-05-23T04:48:04.068994Z,3.623,3.623,0.0
run_20260521_224941-0255,2026-05-23T04:53:04.068994Z,4.638,4.638,0.0
run_20260521_224941-0255,2026-05-23T04:58:04.068994Z,5.531,5.531,0.0
run_20260521_224941-0255,2026-05-23T05:03:04.068994Z,6.329,6.329,0.0
run_20260521_224941-0255,2026-05-23T05:08:04.068994Z,7.276,7.276,0.0
run_20260521_224941-0255,2026-05-23T05:13:04.068994Z,8.237,8.237,0.0
run_20260521_224941-0255,2026-05-23T05:18:04.068994Z,9.162,9.162,0.0
run_20260521_224941-0255,2026-05-23T05:23:04.068994Z,10.197,10.197,0.0
run_20260521_224941-0255,2026-05-23T05:28:04.068994Z,11.167,11.167,0.0
run_20260521_224941-0255,2026-05-23T05:33:04.068994Z,12.221,12.221,0.0
run_20260521_224941-0255,2026-05-23T05:38:04.068994Z,13.133,13.133,0.0
run_20260521_224941-0255,2026-05-23T05:43:04.068994Z,14.06,14.06,0.0
run_20260521_224941-0256,2026-05-23T18:01:30.542551Z,0.0,0.0,0.0
run_20260521_224941-0256,2026-05-23T18:06:30.542551Z,0.996,0.996,0.0
run_20260521_224941-0256,2026-05-23T18:11:30.542551Z,1.928,1.928,0.0
run_20260521_224941-0256,2026-05-23T18:16:30.542551Z,2.812,2.812,0.0
run_20260521_224941-0256,2026-05-23T18:21:30.542551Z,3.824,3.824,0.0
run_20260521_224941-0257,2026-05-23T01:15:08.995377Z,0.0,0.0,0.0
run_20260521_224941-0257,2026-05-23T01:20:08.995377Z,0.873,0.873,0.0
run_20260521_224941-0257,2026-05-23T01:25:08.995377Z,1.796,1.796,0.0
run_20260521_224941-0257,2026-05-23T01:30:08.995377Z,2.781,2.781,0.0
run_20260521_224941-0257,2026-05-23T01:35:08.995377Z,3.691,3.691,0.0
run_20260521_224941-0257,2026-05-23T01:40:08.995377Z,4.674,4.674,0.0
run_20260521_224941-0257,2026-05-23T01:45:08.995377Z,5.679,5.679,0.0
run_20260521_224941-0258,2026-05-23T07:45:49.832411Z,0.0,0.0,0.0
run_20260521_224941-0258,2026-05-23T07:50:49.832411Z,-1.533,0.0,1.533
run_20260521_224941-0258,2026-05-23T07:55:49.832411Z,-3.468,0.0,3.468
run_20260521_224941-0258,2026-05-23T08:00:49.832411Z,-5.158,0.0,5.158
run_20260521_224941-0258,2026-05-23T08:05:49.832411Z,-6.834,0.0,6.834
run_20260521_224941-0258,2026-05-23T08:10:49.832411Z,-9.027,0.0,9.027
run_20260521_224941-0258,2026-05-23T08:15:49.832411Z,-7.018,2.009,9.027
run_20260521_224941-0258,2026-05-23T08:20:49.832411Z,-5.347,3.679,9.027
run_20260521_224941-0258,2026-05-23T08:25:49.832411Z,-3.532,5.495,9.027
run_20260521_224941-0258,2026-05-23T08:30:49.832411Z,-1.584,7.443,9.027
run_20260521_224941-0258,2026-05-23T08:35:49.832411Z,0.269,9.296,9.027
run_20260521_224941-0258,2026-05-23T08:40:49.832411Z,1.884,10.911,9.027
run_20260521_224941-0258,2026-05-23T08:45:49.832411Z,3.473,12.5,9.027
run_20260521_224941-0259,2026-05-23T01:25:53.857994Z,0.0,0.0,0.0
run_20260521_224941-0259,2026-05-23T01:30:53.857994Z,-2.016,0.0,2.016
run_20260521_224941-0259,2026-05-23T01:35:53.857994Z,-4.052,0.0,4.052
run_20260521_224941-0259,2026-05-23T01:40:53.857994Z,-5.642,0.0,5.642
run_20260521_224941-0259,2026-05-23T01:45:53.857994Z,-7.385,0.0,7.385
run_20260521_224941-0260,2026-05-23T07:48:17.495578Z,0.0,0.0,0.0
run_20260521_224941-0260,2026-05-23T07:53:17.495578Z,1.858,1.858,0.0
run_20260521_224941-0260,2026-05-23T07:58:17.495578Z,3.746,3.746,0.0
run_20260521_224941-0260,2026-05-23T08:03:17.495578Z,5.712,5.712,0.0
run_20260521_224941-0260,2026-05-23T08:08:17.495578Z,7.489,7.489,0.0
run_20260521_224941-0260,2026-05-23T08:13:17.495578Z,5.197,7.489,2.292
run_20260521_224941-0260,2026-05-23T08:18:17.495578Z,3.428,7.489,4.061
run_20260521_224941-0260,2026-05-23T08:23:17.495578Z,1.497,7.489,5.992
run_20260521_224941-0260,2026-05-23T08:28:17.495578Z,3.161,9.153,5.992
run_20260521_224941-0260,2026-05-23T08:33:17.495578Z,5.082,11.074,5.992
run_20260521_224941-0260,2026-05-23T08:38:17.495578Z,6.918,12.91,5.992
run_20260521_224941-0260,2026-05-23T08:43:17.495578Z,8.576,14.568,5.992
run_20260521_224941-0260,2026-05-23T08:48:17.495578Z,10.247,16.239,5.992
run_20260521_224941-0261,2026-05-23T04:26:33.926618Z,0.0,0.0,0.0
run_20260521_224941-0261,2026-05-23T04:31:33.926618Z,0.638,0.638,0.0
run_20260521_224941-0261,2026-05-23T04:36:33.926618Z,1.263,1.263,0.0
run_20260521_224941-0261,2026-05-23T04:41:33.926618Z,1.832,1.832,0.0
run_20260521_224941-0261,2026-05-23T04:46:33.926618Z,2.462,2.462,0.0
run_20260521_224941-0261,2026-05-23T04:51:33.926618Z,2.969,2.969,0.0
run_20260521_224941-0261,2026-05-23T04:56:33.926618Z,3.56,3.56,0.0
run_20260521_224941-0261,2026-05-23T05:01:33.926618Z,4.162,4.162,0.0
run_20260521_224941-0261,2026-05-23T05:06:33.926618Z,4.734,4.734,0.0
run_20260521_224941-0262,2026-05-23T16:46:57.046662Z,0.0,0.0,0.0
run_20260521_224941-0262,2026-05-23T16:51:57.046662Z,1.88,1.88,0.0
run_20260521_224941-0262,2026-05-23T16:56:57.046662Z,3.779,3.779,0.0
run_20260521_224941-0262,2026-05-23T17:01:57.046662Z,5.722,5.722,0.0
run_20260521_224941-0262,2026-05-23T17:06:57.046662Z,7.546,7.546,0.0
run_20260521_224941-0262,2026-05-23T17:11:57.046662Z,9.73,9.73,0.0
run_20260521_224941-0262,2026-05-23T17:16:57.046662Z,11.812,11.812,0.0
run_20260521_224941-0262,2026-05-23T17:21:57.046662Z,13.818,13.818,0.0
run_20260521_224941-0262,2026-05-23T17:26:57.046662Z,15.64,15.64,0.0
run_20260521_224941-0262,2026-05-23T17:31:57.046662Z,17.647,17.647,0.0
run_20260521_224941-0262,2026-05-23T17:36:57.046662Z,19.167,19.167,0.0
run_20260521_224941-0262,2026-05-23T17:41:57.046662Z,20.883,20.883,0.0
run_20260521_224941-0262,2026-05-23T17:46:57.046662Z,19.155,20.883,1.728
run_20260521_224941-0262,2026-05-23T17:51:57.046662Z,17.164,20.883,3.718
run_20260521_224941-0262,2026-05-23T17:56:57.046662Z,18.834,22.552,3.718
run_20260521_224941-0262,2026-05-23T18:01:57.046662Z,20.89,24.608,3.718
run_20260521_224941-0263,2026-05-23T19:47:39.844593Z,0.0,0.0,0.0
run_20260521_224941-0263,2026-05-23T19:52:39.844593Z,-0.759,0.0,0.759
run_20260521_224941-0263,2026-05-23T19:57:39.844593Z,-1.665,0.0,1.665
run_20260521_224941-0263,2026-05-23T20:02:39.844593Z,-2.547,0.0,2.547
run_20260521_224941-0263,2026-05-23T20:07:39.844593Z,-3.475,0.0,3.475
run_20260521_224941-0263,2026-05-23T20:12:39.844593Z,-4.315,0.0,4.315
run_20260521_224941-0263,2026-05-23T20:17:39.844593Z,-5.164,0.0,5.164
run_20260521_224941-0263,2026-05-23T20:22:39.844593Z,-6.259,0.0,6.259
run_20260521_224941-0263,2026-05-23T20:27:39.844593Z,-7.126,0.0,7.126
run_20260521_224941-0264,2026-05-23T10:15:50.513617Z,0.0,0.0,0.0
run_20260521_224941-0264,2026-05-23T10:20:50.513617Z,0.58,0.58,0.0
run_20260521_224941-0264,2026-05-23T10:25:50.513617Z,-0.066,0.58,0.645
run_20260521_224941-0264,2026-05-23T10:30:50.513617Z,0.525,1.17,0.645
run_20260521_224941-0264,2026-05-23T10:35:50.513617Z,1.211,1.856,0.645
run_20260521_224941-0265,2026-05-23T06:02:01.828932Z,0.0,0.0,0.0
run_20260521_224941-0265,2026-05-23T06:07:01.828932Z,-0.925,0.0,0.925
run_20260521_224941-0265,2026-05-23T06:12:01.828932Z,-1.859,0.0,1.859
run_20260521_224941-0265,2026-05-23T06:17:01.828932Z,-2.757,0.0,2.757
run_20260521_224941-0265,2026-05-23T06:22:01.828932Z,-3.54,0.0,3.54
run_20260521_224941-0265,2026-05-23T06:27:01.828932Z,-4.589,0.0,4.589
run_20260521_224941-0265,2026-05-23T06:32:01.828932Z,-5.454,0.0,5.454
run_20260521_224941-0265,2026-05-23T06:37:01.828932Z,-6.419,0.0,6.419
run_20260521_224941-0265,2026-05-23T06:42:01.828932Z,-7.363,0.0,7.363
run_20260521_224941-0265,2026-05-23T06:47:01.828932Z,-8.306,0.0,8.306
run_20260521_224941-0265,2026-05-23T06:52:01.828932Z,-9.243,0.0,9.243
run_20260521_224941-0265,2026-05-23T06:57:01.828932Z,-10.243,0.0,10.243
run_20260521_224941-0265,2026-05-23T07:02:01.828932Z,-11.08,0.0,11.08
run_20260521_224941-0265,2026-05-23T07:07:01.828932Z,-12.087,0.0,12.087
run_20260521_224941-0265,2026-05-23T07:12:01.828932Z,-13.019,0.0,13.019
run_20260521_224941-0265,2026-05-23T07:17:01.828932Z,-13.94,0.0,13.94
run_20260521_224941-0266,2026-05-23T16:33:30.375533Z,0.0,0.0,0.0
run_20260521_224941-0266,2026-05-23T16:38:30.375533Z,-1.757,0.0,1.757
run_20260521_224941-0266,2026-05-23T16:43:30.375533Z,-3.828,0.0,3.828
run_20260521_224941-0266,2026-05-23T16:48:30.375533Z,-5.919,0.0,5.919
run_20260521_224941-0266,2026-05-23T16:53:30.375533Z,-3.819,2.1,5.919
run_20260521_224941-0266,2026-05-23T16:58:30.375533Z,-1.937,3.981,5.919
run_20260521_224941-0266,2026-05-23T17:03:30.375533Z,-0.0,5.919,5.919
run_20260521_224941-0267,2026-05-23T10:49:05.688286Z,0.0,0.0,0.0
run_20260521_224941-0267,2026-05-23T10:54:05.688286Z,1.708,1.708,0.0
run_20260521_224941-0267,2026-05-23T10:59:05.688286Z,3.371,3.371,0.0
run_20260521_224941-0267,2026-05-23T11:04:05.688286Z,5.095,5.095,0.0
run_20260521_224941-0267,2026-05-23T11:09:05.688286Z,6.926,6.926,0.0
run_20260521_224941-0267,2026-05-23T11:14:05.688286Z,8.384,8.384,0.0
run_20260521_224941-0267,2026-05-23T11:19:05.688286Z,9.977,9.977,0.0
run_20260521_224941-0268,2026-05-23T18:31:56.102382Z,0.0,0.0,0.0
run_20260521_224941-0268,2026-05-23T18:36:56.102382Z,-0.969,0.0,0.969
run_20260521_224941-0268,2026-05-23T18:41:56.102382Z,-1.84,0.0,1.84
run_20260521_224941-0268,2026-05-23T18:46:56.102382Z,-2.785,0.0,2.785
run_20260521_224941-0268,2026-05-23T18:51:56.102382Z,-3.813,0.0,3.813
run_20260521_224941-0269,2026-05-23T11:08:27.456073Z,0.0,0.0,0.0
run_20260521_224941-0269,2026-05-23T11:13:27.456073Z,0.924,0.924,0.0
run_20260521_224941-0269,2026-05-23T11:18:27.456073Z,1.707,1.707,0.0
run_20260521_224941-0269,2026-05-23T11:23:27.456073Z,2.53,2.53,0.0
run_20260521_224941-0269,2026-05-23T11:28:27.456073Z,3.39,3.39,0.0
run_20260521_224941-0269,2026-05-23T11:33:27.456073Z,2.491,3.39,0.899
run_20260521_224941-0269,2026-05-23T11:38:27.456073Z,1.501,3.39,1.888
run_20260521_224941-0269,2026-05-23T11:43:27.456073Z,0.651,3.39,2.739
run_20260521_224941-0269,2026-05-23T11:48:27.456073Z,-0.266,3.39,3.655
run_20260521_224941-0269,2026-05-23T11:53:27.456073Z,0.796,4.452,3.655
run_20260521_224941-0269,2026-05-23T11:58:27.456073Z,1.608,5.264,3.655
run_20260521_224941-0269,2026-05-23T12:03:27.456073Z,2.388,6.044,3.655
run_20260521_224941-0269,2026-05-23T12:08:27.456073Z,3.312,6.967,3.655
run_20260521_224941-0270,2026-05-23T04:36:05.525147Z,0.0,0.0,0.0
run_20260521_224941-0270,2026-05-23T04:41:05.525147Z,0.953,0.953,0.0
run_20260521_224941-0270,2026-05-23T04:46:05.525147Z,1.799,1.799,0.0
run_20260521_224941-0270,2026-05-23T04:51:05.525147Z,2.701,2.701,0.0
run_20260521_224941-0270,2026-05-23T04:56:05.525147Z,3.631,3.631,0.0
run_20260521_224941-0270,2026-05-23T05:01:05.525147Z,4.579,4.579,0.0
run_20260521_224941-0270,2026-05-23T05:06:05.525147Z,5.525,5.525,0.0
run_20260521_224941-0270,2026-05-23T05:11:05.525147Z,6.475,6.475,0.0
run_20260521_224941-0270,2026-05-23T05:16:05.525147Z,7.295,7.295,0.0
run_20260521_224941-0271,2026-05-23T20:19:54.300038Z,0.0,0.0,0.0
run_20260521_224941-0271,2026-05-23T20:24:54.300038Z,0.618,0.618,0.0
run_20260521_224941-0271,2026-05-23T20:29:54.300038Z,1.207,1.207,0.0
run_20260521_224941-0271,2026-05-23T20:34:54.300038Z,1.901,1.901,0.0
run_20260521_224941-0271,2026-05-23T20:39:54.300038Z,2.495,2.495,0.0
run_20260521_224941-0271,2026-05-23T20:44:54.300038Z,1.938,2.495,0.557
run_20260521_224941-0271,2026-05-23T20:49:54.300038Z,1.297,2.495,1.198
run_20260521_224941-0271,2026-05-23T20:54:54.300038Z,1.954,3.152,1.198
run_20260521_224941-0271,2026-05-23T20:59:54.300038Z,2.526,3.723,1.198
run_20260521_224941-0271,2026-05-23T21:04:54.300038Z,3.169,4.367,1.198
run_20260521_224941-0271,2026-05-23T21:09:54.300038Z,3.834,5.031,1.198
run_20260521_224941-0271,2026-05-23T21:14:54.300038Z,4.233,5.43,1.198
run_20260521_224941-0271,2026-05-23T21:19:54.300038Z,4.729,5.927,1.198
run_20260521_224941-0271,2026-05-23T21:24:54.300038Z,5.353,6.551,1.198
run_20260521_224941-0271,2026-05-23T21:29:54.300038Z,5.897,7.095,1.198
run_20260521_224941-0271,2026-05-23T21:34:54.300038Z,6.599,7.796,1.198
run_20260521_224941-0272,2026-05-23T10:56:48.215473Z,0.0,0.0,0.0
run_20260521_224941-0272,2026-05-23T11:01:48.215473Z,0.6,0.6,0.0
run_20260521_224941-0272,2026-05-23T11:06:48.215473Z,1.259,1.259,0.0
run_20260521_224941-0272,2026-05-23T11:11:48.215473Z,2.021,2.021,0.0
run_20260521_224941-0272,2026-05-23T11:16:48.215473Z,2.634,2.634,0.0
run_20260521_224941-0272,2026-05-23T11:21:48.215473Z,3.221,3.221,0.0
run_20260521_224941-0272,2026-05-23T11:26:48.215473Z,3.763,3.763,0.0
run_20260521_224941-0273,2026-05-23T12:55:23.887509Z,0.0,0.0,0.0
run_20260521_224941-0273,2026-05-23T13:00:23.887509Z,1.88,1.88,0.0
run_20260521_224941-0273,2026-05-23T13:05:23.887509Z,3.89,3.89,0.0
run_20260521_224941-0273,2026-05-23T13:10:23.887509Z,6.14,6.14,0.0
run_20260521_224941-0273,2026-05-23T13:15:23.887509Z,7.87,7.87,0.0
run_20260521_224941-0274,2026-05-23T11:28:51.971748Z,0.0,0.0,0.0
run_20260521_224941-0274,2026-05-23T11:33:51.971748Z,0.977,0.977,0.0
run_20260521_224941-0274,2026-05-23T11:38:51.971748Z,2.076,2.076,0.0
run_20260521_224941-0274,2026-05-23T11:43:51.971748Z,3.035,3.035,0.0
run_20260521_224941-0274,2026-05-23T11:48:51.971748Z,3.903,3.903,0.0
run_20260521_224941-0274,2026-05-23T11:53:51.971748Z,4.918,4.918,0.0
run_20260521_224941-0274,2026-05-23T11:58:51.971748Z,5.919,5.919,0.0
run_20260521_224941-0274,2026-05-23T12:03:51.971748Z,6.811,6.811,0.0
run_20260521_224941-0274,2026-05-23T12:08:51.971748Z,7.777,7.777,0.0
run_20260521_224941-0275,2026-05-23T23:46:08.460451Z,0.0,0.0,0.0
run_20260521_224941-0275,2026-05-23T23:51:08.460451Z,1.589,1.589,0.0
run_20260521_224941-0275,2026-05-23T23:56:08.460451Z,3.461,3.461,0.0
run_20260521_224941-0275,2026-05-24T00:01:08.460451Z,5.239,5.239,0.0
run_20260521_224941-0275,2026-05-24T00:06:08.460451Z,7.13,7.13,0.0
run_20260521_224941-0276,2026-05-23T01:38:34.665018Z,0.0,0.0,0.0
run_20260521_224941-0276,2026-05-23T01:43:34.665018Z,-0.642,0.0,0.642
run_20260521_224941-0276,2026-05-23T01:48:34.665018Z,-1.303,0.0,1.303
run_20260521_224941-0276,2026-05-23T01:53:34.665018Z,-1.958,0.0,1.958
run_20260521_224941-0276,2026-05-23T01:58:34.665018Z,-2.601,0.0,2.601
run_20260521_224941-0277,2026-05-23T04:39:02.607463Z,0.0,0.0,0.0
run_20260521_224941-0277,2026-05-23T04:44:02.607463Z,1.771,1.771,0.0
run_20260521_224941-0277,2026-05-23T04:49:02.607463Z,3.681,3.681,0.0
run_20260521_224941-0277,2026-05-23T04:54:02.607463Z,5.685,5.685,0.0
run_20260521_224941-0277,2026-05-23T04:59:02.607463Z,3.977,5.685,1.708
run_20260521_224941-0277,2026-05-23T05:04:02.607463Z,2.285,5.685,3.399
run_20260521_224941-0277,2026-05-23T05:09:02.607463Z,0.393,5.685,5.291
run_20260521_224941-0277,2026-05-23T05:14:02.607463Z,-1.401,5.685,7.086
run_20260521_224941-0277,2026-05-23T05:19:02.607463Z,-3.122,5.685,8.807
run_20260521_224941-0277,2026-05-23T05:24:02.607463Z,-5.021,5.685,10.706
run_20260521_224941-0277,2026-05-23T05:29:02.607463Z,-3.032,7.674,10.706
run_20260521_224941-0277,2026-05-23T05:34:02.607463Z,-1.215,9.491,10.706
run_20260521_224941-0277,2026-05-23T05:39:02.607463Z,0.472,11.178,10.706
run_20260521_224941-0278,2026-05-23T11:14:09.726019Z,0.0,0.0,0.0
run_20260521_224941-0278,2026-05-23T11:19:09.726019Z,0.819,0.819,0.0
run_20260521_224941-0278,2026-05-23T11:24:09.726019Z,1.71,1.71,0.0
run_20260521_224941-0278,2026-05-23T11:29:09.726019Z,2.644,2.644,0.0
run_20260521_224941-0278,2026-05-23T11:34:09.726019Z,3.453,3.453,0.0
run_20260521_224941-0278,2026-05-23T11:39:09.726019Z,4.351,4.351,0.0
run_20260521_224941-0278,2026-05-23T11:44:09.726019Z,5.078,5.078,0.0
run_20260521_224941-0278,2026-05-23T11:49:09.726019Z,5.931,5.931,0.0
run_20260521_224941-0278,2026-05-23T11:54:09.726019Z,6.788,6.788,0.0
run_20260521_224941-0278,2026-05-23T11:59:09.726019Z,7.646,7.646,0.0
run_20260521_224941-0278,2026-05-23T12:04:09.726019Z,8.508,8.508,0.0
run_20260521_224941-0278,2026-05-23T12:09:09.726019Z,9.645,9.645,0.0
run_20260521_224941-0278,2026-05-23T12:14:09.726019Z,10.655,10.655,0.0
run_20260521_224941-0279,2026-05-23T20:17:03.037196Z,0.0,0.0,0.0
run_20260521_224941-0279,2026-05-23T20:22:03.037196Z,-0.899,0.0,0.899
run_20260521_224941-0279,2026-05-23T20:27:03.037196Z,-1.852,0.0,1.852
run_20260521_224941-0279,2026-05-23T20:32:03.037196Z,-2.754,0.0,2.754
run_20260521_224941-0279,2026-05-23T20:37:03.037196Z,-3.648,0.0,3.648
run_20260521_224941-0279,2026-05-23T20:42:03.037196Z,-4.618,0.0,4.618
run_20260521_224941-0279,2026-05-23T20:47:03.037196Z,-5.512,0.0,5.512
run_20260521_224941-0279,2026-05-23T20:52:03.037196Z,-6.472,0.0,6.472
run_20260521_224941-0279,2026-05-23T20:57:03.037196Z,-7.397,0.0,7.397
run_20260521_224941-0280,2026-05-23T08:11:35.603284Z,0.0,0.0,0.0
run_20260521_224941-0280,2026-05-23T08:16:35.603284Z,1.827,1.827,0.0
run_20260521_224941-0280,2026-05-23T08:21:35.603284Z,3.835,3.835,0.0
run_20260521_224941-0280,2026-05-23T08:26:35.603284Z,5.613,5.613,0.0
run_20260521_224941-0280,2026-05-23T08:31:35.603284Z,7.403,7.403,0.0
run_20260521_224941-0280,2026-05-23T08:36:35.603284Z,9.35,9.35,0.0
run_20260521_224941-0280,2026-05-23T08:41:35.603284Z,11.13,11.13,0.0
run_20260521_224941-0280,2026-05-23T08:46:35.603284Z,12.579,12.579,0.0
run_20260521_224941-0280,2026-05-23T08:51:35.603284Z,14.433,14.433,0.0
run_20260521_224941-0280,2026-05-23T08:56:35.603284Z,16.555,16.555,0.0
run_20260521_224941-0280,2026-05-23T09:01:35.603284Z,18.547,18.547,0.0
run_20260521_224941-0280,2026-05-23T09:06:35.603284Z,20.598,20.598,0.0
run_20260521_224941-0280,2026-05-23T09:11:35.603284Z,22.518,22.518,0.0
run_20260521_224941-0280,2026-05-23T09:16:35.603284Z,24.528,24.528,0.0
run_20260521_224941-0280,2026-05-23T09:21:35.603284Z,26.289,26.289,0.0
run_20260521_224941-0280,2026-05-23T09:26:35.603284Z,27.927,27.927,0.0
run_20260521_224941-0281,2026-05-23T03:57:22.958555Z,0.0,0.0,0.0
run_20260521_224941-0281,2026-05-23T04:02:22.958555Z,0.669,0.669,0.0
run_20260521_224941-0281,2026-05-23T04:07:22.958555Z,1.348,1.348,0.0
run_20260521_224941-0281,2026-05-23T04:12:22.958555Z,2.003,2.003,0.0
run_20260521_224941-0281,2026-05-23T04:17:22.958555Z,2.565,2.565,0.0
run_20260521_224941-0282,2026-05-23T10:34:52.211327Z,0.0,0.0,0.0
run_20260521_224941-0282,2026-05-23T10:39:52.211327Z,0.905,0.905,0.0
run_20260521_224941-0282,2026-05-23T10:44:52.211327Z,1.834,1.834,0.0
run_20260521_224941-0282,2026-05-23T10:49:52.211327Z,2.631,2.631,0.0
run_20260521_224941-0282,2026-05-23T10:54:52.211327Z,3.482,3.482,0.0
run_20260521_224941-0282,2026-05-23T10:59:52.211327Z,4.272,4.272,0.0
run_20260521_224941-0282,2026-05-23T11:04:52.211327Z,5.15,5.15,0.0
run_20260521_224941-0282,2026-05-23T11:09:52.211327Z,6.086,6.086,0.0
run_20260521_224941-0282,2026-05-23T11:14:52.211327Z,7.033,7.033,0.0
run_20260521_224941-0282,2026-05-23T11:19:52.211327Z,7.838,7.838,0.0
run_20260521_224941-0282,2026-05-23T11:24:52.211327Z,8.621,8.621,0.0
run_20260521_224941-0282,2026-05-23T11:29:52.211327Z,9.533,9.533,0.0
run_20260521_224941-0282,2026-05-23T11:34:52.211327Z,10.329,10.329,0.0
run_20260521_224941-0282,2026-05-23T11:39:52.211327Z,11.219,11.219,0.0
run_20260521_224941-0282,2026-05-23T11:44:52.211327Z,12.317,12.317,0.0
run_20260521_224941-0282,2026-05-23T11:49:52.211327Z,13.153,13.153,0.0
run_20260521_224941-0283,2026-05-23T14:05:13.539600Z,0.0,0.0,0.0
run_20260521_224941-0283,2026-05-23T14:10:13.539600Z,-1.847,0.0,1.847
run_20260521_224941-0283,2026-05-23T14:15:13.539600Z,-3.91,0.0,3.91
run_20260521_224941-0283,2026-05-23T14:20:13.539600Z,-5.579,0.0,5.579
run_20260521_224941-0283,2026-05-23T14:25:13.539600Z,-7.577,0.0,7.577
run_20260521_224941-0283,2026-05-23T14:30:13.539600Z,-9.404,0.0,9.404
run_20260521_224941-0283,2026-05-23T14:35:13.539600Z,-11.064,0.0,11.064
run_20260521_224941-0283,2026-05-23T14:40:13.539600Z,-12.453,0.0,12.453
run_20260521_224941-0283,2026-05-23T14:45:13.539600Z,-14.424,0.0,14.424
run_20260521_224941-0283,2026-05-23T14:50:13.539600Z,-16.306,0.0,16.306
run_20260521_224941-0283,2026-05-23T14:55:13.539600Z,-18.139,0.0,18.139
run_20260521_224941-0283,2026-05-23T15:00:13.539600Z,-19.965,0.0,19.965
run_20260521_224941-0283,2026-05-23T15:05:13.539600Z,-21.831,0.0,21.831
run_20260521_224941-0284,2026-05-23T00:21:28.321653Z,0.0,0.0,0.0
run_20260521_224941-0284,2026-05-23T00:26:28.321653Z,1.012,1.012,0.0
run_20260521_224941-0284,2026-05-23T00:31:28.321653Z,0.149,1.012,0.863
run_20260521_224941-0284,2026-05-23T00:36:28.321653Z,-0.66,1.012,1.672
run_20260521_224941-0284,2026-05-23T00:41:28.321653Z,-1.525,1.012,2.538
run_20260521_224941-0284,2026-05-23T00:46:28.321653Z,-0.524,2.014,2.538
run_20260521_224941-0284,2026-05-23T00:51:28.321653Z,0.45,2.987,2.538
run_20260521_224941-0285,2026-05-23T17:59:12.363332Z,0.0,0.0,0.0
run_20260521_224941-0285,2026-05-23T18:04:12.363332Z,0.902,0.902,0.0
run_20260521_224941-0285,2026-05-23T18:09:12.363332Z,0.132,0.902,0.77
run_20260521_224941-0285,2026-05-23T18:14:12.363332Z,-0.8,0.902,1.702
run_20260521_224941-0285,2026-05-23T18:19:12.363332Z,-1.662,0.902,2.564
run_20260521_224941-0285,2026-05-23T18:24:12.363332Z,-2.643,0.902,3.545
run_20260521_224941-0285,2026-05-23T18:29:12.363332Z,-1.851,1.694,3.545
run_20260521_224941-0285,2026-05-23T18:34:12.363332Z,-1.112,2.433,3.545
run_20260521_224941-0285,2026-05-23T18:39:12.363332Z,-0.287,3.258,3.545
run_20260521_224941-0286,2026-05-23T14:49:34.416053Z,0.0,0.0,0.0
run_20260521_224941-0286,2026-05-23T14:54:34.416053Z,-0.956,0.0,0.956
run_20260521_224941-0286,2026-05-23T14:59:34.416053Z,-1.785,0.0,1.785
run_20260521_224941-0286,2026-05-23T15:04:34.416053Z,-2.827,0.0,2.827
run_20260521_224941-0286,2026-05-23T15:09:34.416053Z,-3.607,0.0,3.607
run_20260521_224941-0287,2026-05-23T08:46:12.154298Z,0.0,0.0,0.0
run_20260521_224941-0287,2026-05-23T08:51:12.154298Z,-0.672,0.0,0.672
run_20260521_224941-0287,2026-05-23T08:56:12.154298Z,-1.291,0.0,1.291
run_20260521_224941-0287,2026-05-23T09:01:12.154298Z,-1.933,0.0,1.933
run_20260521_224941-0287,2026-05-23T09:06:12.154298Z,-2.59,0.0,2.59
run_20260521_224941-0287,2026-05-23T09:11:12.154298Z,-3.194,0.0,3.194
run_20260521_224941-0287,2026-05-23T09:16:12.154298Z,-3.813,0.0,3.813
run_20260521_224941-0287,2026-05-23T09:21:12.154298Z,-4.406,0.0,4.406
run_20260521_224941-0287,2026-05-23T09:26:12.154298Z,-4.947,0.0,4.947
run_20260521_224941-0287,2026-05-23T09:31:12.154298Z,-5.471,0.0,5.471
run_20260521_224941-0287,2026-05-23T09:36:12.154298Z,-6.098,0.0,6.098
run_20260521_224941-0287,2026-05-23T09:41:12.154298Z,-6.655,0.0,6.655
run_20260521_224941-0287,2026-05-23T09:46:12.154298Z,-7.254,0.0,7.254
run_20260521_224941-0288,2026-05-23T22:00:08.102268Z,0.0,0.0,0.0
run_20260521_224941-0288,2026-05-23T22:05:08.102268Z,2.02,2.02,0.0
run_20260521_224941-0288,2026-05-23T22:10:08.102268Z,3.963,3.963,0.0
run_20260521_224941-0288,2026-05-23T22:15:08.102268Z,5.811,5.811,0.0
run_20260521_224941-0288,2026-05-23T22:20:08.102268Z,7.548,7.548,0.0
run_20260521_224941-0288,2026-05-23T22:25:08.102268Z,5.56,7.548,1.989
run_20260521_224941-0288,2026-05-23T22:30:08.102268Z,3.551,7.548,3.998
run_20260521_224941-0288,2026-05-23T22:35:08.102268Z,1.983,7.548,5.566
run_20260521_224941-0288,2026-05-23T22:40:08.102268Z,0.129,7.548,7.419
run_20260521_224941-0288,2026-05-23T22:45:08.102268Z,-1.788,7.548,9.337
run_20260521_224941-0288,2026-05-23T22:50:08.102268Z,-3.861,7.548,11.409
run_20260521_224941-0288,2026-05-23T22:55:08.102268Z,-5.682,7.548,13.23
run_20260521_224941-0288,2026-05-23T23:00:08.102268Z,-3.986,9.245,13.23
run_20260521_224941-0288,2026-05-23T23:05:08.102268Z,-1.867,11.364,13.23
run_20260521_224941-0288,2026-05-23T23:10:08.102268Z,0.105,13.335,13.23
run_20260521_224941-0288,2026-05-23T23:15:08.102268Z,1.753,14.983,13.23
run_20260521_224941-0289,2026-05-23T15:37:26.201168Z,0.0,0.0,0.0
run_20260521_224941-0289,2026-05-23T15:42:26.201168Z,1.103,1.103,0.0
run_20260521_224941-0289,2026-05-23T15:47:26.201168Z,2.097,2.097,0.0
run_20260521_224941-0289,2026-05-23T15:52:26.201168Z,3.026,3.026,0.0
run_20260521_224941-0289,2026-05-23T15:57:26.201168Z,4.069,4.069,0.0
run_20260521_224941-0289,2026-05-23T16:02:26.201168Z,4.976,4.976,0.0
run_20260521_224941-0289,2026-05-23T16:07:26.201168Z,5.991,5.991,0.0
run_20260521_224941-0289,2026-05-23T16:12:26.201168Z,6.902,6.902,0.0
run_20260521_224941-0289,2026-05-23T16:17:26.201168Z,7.835,7.835,0.0
run_20260521_224941-0290,2026-05-23T21:17:11.081596Z,0.0,0.0,0.0
run_20260521_224941-0290,2026-05-23T21:22:11.081596Z,0.614,0.614,0.0
run_20260521_224941-0290,2026-05-23T21:27:11.081596Z,1.323,1.323,0.0
run_20260521_224941-0290,2026-05-23T21:32:11.081596Z,1.869,1.869,0.0
run_20260521_224941-0290,2026-05-23T21:37:11.081596Z,2.473,2.473,0.0
run_20260521_224941-0291,2026-05-23T23:26:14.562851Z,0.0,0.0,0.0
run_20260521_224941-0291,2026-05-23T23:31:14.562851Z,1.806,1.806,0.0
run_20260521_224941-0291,2026-05-23T23:36:14.562851Z,3.703,3.703,0.0
run_20260521_224941-0291,2026-05-23T23:41:14.562851Z,5.75,5.75,0.0
run_20260521_224941-0291,2026-05-23T23:46:14.562851Z,7.572,7.572,0.0
run_20260521_224941-0291,2026-05-23T23:51:14.562851Z,9.616,9.616,0.0
run_20260521_224941-0291,2026-05-23T23:56:14.562851Z,11.436,11.436,0.0
run_20260521_224941-0292,2026-05-23T22:56:23.154552Z,0.0,0.0,0.0
run_20260521_224941-0292,2026-05-23T23:01:23.154552Z,0.567,0.567,0.0
run_20260521_224941-0292,2026-05-23T23:06:23.154552Z,1.158,1.158,0.0
run_20260521_224941-0292,2026-05-23T23:11:23.154552Z,0.492,1.158,0.667
run_20260521_224941-0292,2026-05-23T23:16:23.154552Z,-0.129,1.158,1.287
run_20260521_224941-0292,2026-05-23T23:21:23.154552Z,-0.722,1.158,1.88
run_20260521_224941-0292,2026-05-23T23:26:23.154552Z,-0.169,1.711,1.88
run_20260521_224941-0293,2026-05-23T03:09:55.737737Z,0.0,0.0,0.0
run_20260521_224941-0293,2026-05-23T03:14:55.737737Z,0.525,0.525,0.0
run_20260521_224941-0293,2026-05-23T03:19:55.737737Z,1.031,1.031,0.0
run_20260521_224941-0293,2026-05-23T03:24:55.737737Z,1.626,1.626,0.0
run_20260521_224941-0293,2026-05-23T03:29:55.737737Z,2.283,2.283,0.0
run_20260521_224941-0293,2026-05-23T03:34:55.737737Z,2.844,2.844,0.0
run_20260521_224941-0293,2026-05-23T03:39:55.737737Z,3.422,3.422,0.0
run_20260521_224941-0293,2026-05-23T03:44:55.737737Z,4.008,4.008,0.0
run_20260521_224941-0293,2026-05-23T03:49:55.737737Z,4.657,4.657,0.0
run_20260521_224941-0293,2026-05-23T03:54:55.737737Z,5.406,5.406,0.0
run_20260521_224941-0293,2026-05-23T03:59:55.737737Z,5.918,5.918,0.0
run_20260521_224941-0293,2026-05-23T04:04:55.737737Z,6.482,6.482,0.0
run_20260521_224941-0293,2026-05-23T04:09:55.737737Z,7.214,7.214,0.0
run_20260521_224941-0294,2026-05-23T23:32:32.639728Z,0.0,0.0,0.0
run_20260521_224941-0294,2026-05-23T23:37:32.639728Z,0.968,0.968,0.0
run_20260521_224941-0294,2026-05-23T23:42:32.639728Z,1.907,1.907,0.0
run_20260521_224941-0294,2026-05-23T23:47:32.639728Z,3.076,3.076,0.0
run_20260521_224941-0294,2026-05-23T23:52:32.639728Z,3.825,3.825,0.0
run_20260521_224941-0294,2026-05-23T23:57:32.639728Z,4.74,4.74,0.0
run_20260521_224941-0294,2026-05-24T00:02:32.639728Z,5.525,5.525,0.0
run_20260521_224941-0294,2026-05-24T00:07:32.639728Z,6.307,6.307,0.0
run_20260521_224941-0294,2026-05-24T00:12:32.639728Z,7.354,7.354,0.0
run_20260521_224941-0295,2026-05-23T20:20:32.413182Z,0.0,0.0,0.0
run_20260521_224941-0295,2026-05-23T20:25:32.413182Z,1.619,1.619,0.0
run_20260521_224941-0295,2026-05-23T20:30:32.413182Z,3.179,3.179,0.0
run_20260521_224941-0295,2026-05-23T20:35:32.413182Z,4.977,4.977,0.0
run_20260521_224941-0295,2026-05-23T20:40:32.413182Z,2.949,4.977,2.028
run_20260521_224941-0295,2026-05-23T20:45:32.413182Z,1.316,4.977,3.661
run_20260521_224941-0295,2026-05-23T20:50:32.413182Z,-0.31,4.977,5.287
run_20260521_224941-0295,2026-05-23T20:55:32.413182Z,-2.262,4.977,7.239
run_20260521_224941-0295,2026-05-23T21:00:32.413182Z,-3.953,4.977,8.93
run_20260521_224941-0295,2026-05-23T21:05:32.413182Z,-5.858,4.977,10.834
run_20260521_224941-0295,2026-05-23T21:10:32.413182Z,-4.182,6.652,10.834
run_20260521_224941-0295,2026-05-23T21:15:32.413182Z,-2.472,8.362,10.834
run_20260521_224941-0295,2026-05-23T21:20:32.413182Z,-0.458,10.376,10.834
run_20260521_224941-0296,2026-05-23T16:34:02.538572Z,0.0,0.0,0.0
run_20260521_224941-0296,2026-05-23T16:39:02.538572Z,-0.664,0.0,0.664
run_20260521_224941-0296,2026-05-23T16:44:02.538572Z,-1.351,0.0,1.351
run_20260521_224941-0296,2026-05-23T16:49:02.538572Z,-1.895,0.0,1.895
run_20260521_224941-0296,2026-05-23T16:54:02.538572Z,-2.452,0.0,2.452
run_20260521_224941-0296,2026-05-23T16:59:02.538572Z,-2.988,0.0,2.988
run_20260521_224941-0296,2026-05-23T17:04:02.538572Z,-3.6,0.0,3.6
run_20260521_224941-0296,2026-05-23T17:09:02.538572Z,-4.219,0.0,4.219
run_20260521_224941-0296,2026-05-23T17:14:02.538572Z,-4.725,0.0,4.725
run_20260521_224941-0296,2026-05-23T17:19:02.538572Z,-5.306,0.0,5.306
run_20260521_224941-0296,2026-05-23T17:24:02.538572Z,-5.952,0.0,5.952
run_20260521_224941-0296,2026-05-23T17:29:02.538572Z,-6.657,0.0,6.657
run_20260521_224941-0296,2026-05-23T17:34:02.538572Z,-7.266,0.0,7.266
run_20260521_224941-0296,2026-05-23T17:39:02.538572Z,-7.877,0.0,7.877
run_20260521_224941-0296,2026-05-23T17:44:02.538572Z,-8.41,0.0,8.41
run_20260521_224941-0296,2026-05-23T17:49:02.538572Z,-9.156,0.0,9.156
run_20260521_224941-0297,2026-05-23T20:20:10.910381Z,0.0,0.0,0.0
run_20260521_224941-0297,2026-05-23T20:25:10.910381Z,0.539,0.539,0.0
run_20260521_224941-0297,2026-05-23T20:30:10.910381Z,1.084,1.084,0.0
run_20260521_224941-0297,2026-05-23T20:35:10.910381Z,1.623,1.623,0.0
run_20260521_224941-0297,2026-05-23T20:40:10.910381Z,2.17,2.17,0.0
run_20260521_224941-0297,2026-05-23T20:45:10.910381Z,1.569,2.17,0.602
run_20260521_224941-0297,2026-05-23T20:50:10.910381Z,2.183,2.784,0.602
run_20260521_224941-0298,2026-05-23T03:40:33.656413Z,0.0,0.0,0.0
run_20260521_224941-0298,2026-05-23T03:45:33.656413Z,1.906,1.906,0.0
run_20260521_224941-0298,2026-05-23T03:50:33.656413Z,3.906,3.906,0.0
run_20260521_224941-0298,2026-05-23T03:55:33.656413Z,5.631,5.631,0.0
run_20260521_224941-0298,2026-05-23T04:00:33.656413Z,7.482,7.482,0.0
run_20260521_224941-0298,2026-05-23T04:05:33.656413Z,9.344,9.344,0.0
run_20260521_224941-0298,2026-05-23T04:10:33.656413Z,11.363,11.363,0.0
run_20260521_224941-0298,2026-05-23T04:15:33.656413Z,13.606,13.606,0.0
run_20260521_224941-0298,2026-05-23T04:20:33.656413Z,15.358,15.358,0.0
run_20260521_224941-0298,2026-05-23T04:25:33.656413Z,17.315,17.315,0.0
run_20260521_224941-0298,2026-05-23T04:30:33.656413Z,19.108,19.108,0.0
run_20260521_224941-0298,2026-05-23T04:35:33.656413Z,20.883,20.883,0.0
run_20260521_224941-0298,2026-05-23T04:40:33.656413Z,22.608,22.608,0.0
run_20260521_224941-0299,2026-05-23T03:10:20.054172Z,0.0,0.0,0.0
run_20260521_224941-0299,2026-05-23T03:15:20.054172Z,-1.7,0.0,1.7
run_20260521_224941-0299,2026-05-23T03:20:20.054172Z,-3.57,0.0,3.57
run_20260521_224941-0299,2026-05-23T03:25:20.054172Z,-5.359,0.0,5.359
run_20260521_224941-0299,2026-05-23T03:30:20.054172Z,-7.222,0.0,7.222
run_20260521_224941-0299,2026-05-23T03:35:20.054172Z,-9.039,0.0,9.039
run_20260521_224941-0299,2026-05-23T03:40:20.054172Z,-10.694,0.0,10.694
run_20260521_224941-0299,2026-05-23T03:45:20.054172Z,-12.43,0.0,12.43
run_20260521_224941-0299,2026-05-23T03:50:20.054172Z,-14.496,0.0,14.496
run_20260521_224941-0299,2026-05-23T03:55:20.054172Z,-16.318,0.0,16.318
run_20260521_224941-0299,2026-05-23T04:00:20.054172Z,-17.905,0.0,17.905
run_20260521_224941-0299,2026-05-23T04:05:20.054172Z,-19.369,0.0,19.369
run_20260521_224941-0299,2026-05-23T04:10:20.054172Z,-21.143,0.0,21.143
run_20260521_224941-0300,2026-05-23T02:54:59.813335Z,0.0,0.0,0.0
run_20260521_224941-0300,2026-05-23T02:59:59.813335Z,1.885,1.885,0.0
run_20260521_224941-0300,2026-05-23T03:04:59.813335Z,3.713,3.713,0.0
run_20260521_224941-0300,2026-05-23T03:09:59.813335Z,5.309,5.309,0.0
run_20260521_224941-0300,2026-05-23T03:14:59.813335Z,7.345,7.345,0.0
run_20260521_224941-0300,2026-05-23T03:19:59.813335Z,9.294,9.294,0.0
run_20260521_224941-0300,2026-05-23T03:24:59.813335Z,11.1,11.1,0.0
run_20260521_224941-0301,2026-05-23T12:54:39.605034Z,0.0,0.0,0.0
run_20260521_224941-0301,2026-05-23T12:59:39.605034Z,1.021,1.021,0.0
run_20260521_224941-0301,2026-05-23T13:04:39.605034Z,1.975,1.975,0.0
run_20260521_224941-0301,2026-05-23T13:09:39.605034Z,2.999,2.999,0.0
run_20260521_224941-0301,2026-05-23T13:14:39.605034Z,4.051,4.051,0.0
run_20260521_224941-0301,2026-05-23T13:19:39.605034Z,4.827,4.827,0.0
run_20260521_224941-0301,2026-05-23T13:24:39.605034Z,5.788,5.788,0.0
run_20260521_224941-0301,2026-05-23T13:29:39.605034Z,6.825,6.825,0.0
run_20260521_224941-0301,2026-05-23T13:34:39.605034Z,7.846,7.846,0.0
run_20260521_224941-0301,2026-05-23T13:39:39.605034Z,8.893,8.893,0.0
run_20260521_224941-0301,2026-05-23T13:44:39.605034Z,9.756,9.756,0.0
run_20260521_224941-0301,2026-05-23T13:49:39.605034Z,10.735,10.735,0.0
run_20260521_224941-0301,2026-05-23T13:54:39.605034Z,11.723,11.723,0.0
run_20260521_224941-0302,2026-05-23T02:48:07.814148Z,0.0,0.0,0.0
run_20260521_224941-0302,2026-05-23T02:53:07.814148Z,-0.831,0.0,0.831
run_20260521_224941-0302,2026-05-23T02:58:07.814148Z,-1.631,0.0,1.631
run_20260521_224941-0302,2026-05-23T03:03:07.814148Z,-2.625,0.0,2.625
run_20260521_224941-0302,2026-05-23T03:08:07.814148Z,-3.669,0.0,3.669
run_20260521_224941-0303,2026-05-23T21:56:09.514595Z,0.0,0.0,0.0
run_20260521_224941-0303,2026-05-23T22:01:09.514595Z,1.386,1.386,0.0
run_20260521_224941-0303,2026-05-23T22:06:09.514595Z,3.187,3.187,0.0
run_20260521_224941-0303,2026-05-23T22:11:09.514595Z,4.89,4.89,0.0
run_20260521_224941-0303,2026-05-23T22:16:09.514595Z,6.847,6.847,0.0
run_20260521_224941-0303,2026-05-23T22:21:09.514595Z,8.727,8.727,0.0
run_20260521_224941-0303,2026-05-23T22:26:09.514595Z,10.159,10.159,0.0
run_20260521_224941-0303,2026-05-23T22:31:09.514595Z,11.745,11.745,0.0
run_20260521_224941-0303,2026-05-23T22:36:09.514595Z,13.471,13.471,0.0
run_20260521_224941-0303,2026-05-23T22:41:09.514595Z,15.521,15.521,0.0
run_20260521_224941-0303,2026-05-23T22:46:09.514595Z,17.654,17.654,0.0
run_20260521_224941-0303,2026-05-23T22:51:09.514595Z,19.612,19.612,0.0
run_20260521_224941-0303,2026-05-23T22:56:09.514595Z,21.706,21.706,0.0
run_20260521_224941-0304,2026-05-23T17:03:09.361565Z,0.0,0.0,0.0
run_20260521_224941-0304,2026-05-23T17:08:09.361565Z,0.605,0.605,0.0
run_20260521_224941-0304,2026-05-23T17:13:09.361565Z,1.204,1.204,0.0
run_20260521_224941-0304,2026-05-23T17:18:09.361565Z,1.805,1.805,0.0
run_20260521_224941-0304,2026-05-23T17:23:09.361565Z,2.395,2.395,0.0
run_20260521_224941-0304,2026-05-23T17:28:09.361565Z,2.925,2.925,0.0
run_20260521_224941-0304,2026-05-23T17:33:09.361565Z,3.526,3.526,0.0
run_20260521_224941-0305,2026-05-23T09:51:02.294931Z,0.0,0.0,0.0
run_20260521_224941-0305,2026-05-23T09:56:02.294931Z,-1.026,0.0,1.026
run_20260521_224941-0305,2026-05-23T10:01:02.294931Z,-2.002,0.0,2.002
run_20260521_224941-0305,2026-05-23T10:06:02.294931Z,-2.922,0.0,2.922
run_20260521_224941-0305,2026-05-23T10:11:02.294931Z,-3.954,0.0,3.954
run_20260521_224941-0305,2026-05-23T10:16:02.294931Z,-4.785,0.0,4.785
run_20260521_224941-0305,2026-05-23T10:21:02.294931Z,-5.622,0.0,5.622
run_20260521_224941-0305,2026-05-23T10:26:02.294931Z,-6.552,0.0,6.552
run_20260521_224941-0305,2026-05-23T10:31:02.294931Z,-7.443,0.0,7.443
run_20260521_224941-0305,2026-05-23T10:36:02.294931Z,-8.439,0.0,8.439
run_20260521_224941-0305,2026-05-23T10:41:02.294931Z,-9.463,0.0,9.463
run_20260521_224941-0305,2026-05-23T10:46:02.294931Z,-10.554,0.0,10.554
run_20260521_224941-0305,2026-05-23T10:51:02.294931Z,-11.512,0.0,11.512
run_20260521_224941-0306,2026-05-23T01:53:38.762070Z,0.0,0.0,0.0
run_20260521_224941-0306,2026-05-23T01:58:38.762070Z,-0.639,0.0,0.639
run_20260521_224941-0306,2026-05-23T02:03:38.762070Z,-1.32,0.0,1.32
run_20260521_224941-0306,2026-05-23T02:08:38.762070Z,-1.849,0.0,1.849
run_20260521_224941-0306,2026-05-23T02:13:38.762070Z,-2.39,0.0,2.39
run_20260521_224941-0307,2026-05-23T05:59:57.472500Z,0.0,0.0,0.0
run_20260521_224941-0307,2026-05-23T06:04:57.472500Z,0.56,0.56,0.0
run_20260521_224941-0307,2026-05-23T06:09:57.472500Z,1.203,1.203,0.0
run_20260521_224941-0307,2026-05-23T06:14:57.472500Z,0.546,1.203,0.658
run_20260521_224941-0307,2026-05-23T06:19:57.472500Z,-0.08,1.203,1.284
run_20260521_224941-0307,2026-05-23T06:24:57.472500Z,-0.633,1.203,1.836
run_20260521_224941-0307,2026-05-23T06:29:57.472500Z,-0.049,1.788,1.836
run_20260521_224941-0307,2026-05-23T06:34:57.472500Z,0.613,2.449,1.836
run_20260521_224941-0307,2026-05-23T06:39:57.472500Z,1.282,3.118,1.836
run_20260521_224941-0308,2026-05-23T07:17:00.331429Z,0.0,0.0,0.0
run_20260521_224941-0308,2026-05-23T07:22:00.331429Z,0.587,0.587,0.0
run_20260521_224941-0308,2026-05-23T07:27:00.331429Z,1.106,1.106,0.0
run_20260521_224941-0308,2026-05-23T07:32:00.331429Z,1.728,1.728,0.0
run_20260521_224941-0308,2026-05-23T07:37:00.331429Z,2.237,2.237,0.0
run_20260521_224941-0308,2026-05-23T07:42:00.331429Z,2.733,2.733,0.0
run_20260521_224941-0308,2026-05-23T07:47:00.331429Z,3.384,3.384,0.0
run_20260521_224941-0308,2026-05-23T07:52:00.331429Z,3.979,3.979,0.0
run_20260521_224941-0308,2026-05-23T07:57:00.331429Z,3.301,3.979,0.678
run_20260521_224941-0308,2026-05-23T08:02:00.331429Z,2.799,3.979,1.18
run_20260521_224941-0308,2026-05-23T08:07:00.331429Z,3.303,4.483,1.18
run_20260521_224941-0308,2026-05-23T08:12:00.331429Z,3.85,5.031,1.18
run_20260521_224941-0308,2026-05-23T08:17:00.331429Z,4.404,5.584,1.18
run_20260521_224941-0308,2026-05-23T08:22:00.331429Z,4.995,6.175,1.18
run_20260521_224941-0308,2026-05-23T08:27:00.331429Z,5.525,6.705,1.18
run_20260521_224941-0308,2026-05-23T08:32:00.331429Z,6.169,7.35,1.18
run_20260521_224941-0309,2026-05-23T21:08:46.903580Z,0.0,0.0,0.0
run_20260521_224941-0309,2026-05-23T21:13:46.903580Z,1.478,1.478,0.0
run_20260521_224941-0309,2026-05-23T21:18:46.903580Z,3.302,3.302,0.0
run_20260521_224941-0309,2026-05-23T21:23:46.903580Z,5.01,5.01,0.0
run_20260521_224941-0309,2026-05-23T21:28:46.903580Z,6.702,6.702,0.0
run_20260521_224941-0309,2026-05-23T21:33:46.903580Z,8.409,8.409,0.0
run_20260521_224941-0309,2026-05-23T21:38:46.903580Z,10.406,10.406,0.0
run_20260521_224941-0309,2026-05-23T21:43:46.903580Z,12.287,12.287,0.0
run_20260521_224941-0309,2026-05-23T21:48:46.903580Z,14.164,14.164,0.0
run_20260521_224941-0309,2026-05-23T21:53:46.903580Z,15.878,15.878,0.0
run_20260521_224941-0309,2026-05-23T21:58:46.903580Z,17.534,17.534,0.0
run_20260521_224941-0309,2026-05-23T22:03:46.903580Z,19.15,19.15,0.0
run_20260521_224941-0309,2026-05-23T22:08:46.903580Z,20.982,20.982,0.0
run_20260521_224941-0310,2026-05-23T21:15:04.503681Z,0.0,0.0,0.0
run_20260521_224941-0310,2026-05-23T21:20:04.503681Z,-0.951,0.0,0.951
run_20260521_224941-0310,2026-05-23T21:25:04.503681Z,-1.656,0.0,1.656
run_20260521_224941-0310,2026-05-23T21:30:04.503681Z,-2.475,0.0,2.475
run_20260521_224941-0310,2026-05-23T21:35:04.503681Z,-3.422,0.0,3.422
run_20260521_224941-0310,2026-05-23T21:40:04.503681Z,-4.286,0.0,4.286
run_20260521_224941-0310,2026-05-23T21:45:04.503681Z,-5.307,0.0,5.307
run_20260521_224941-0310,2026-05-23T21:50:04.503681Z,-6.044,0.0,6.044
run_20260521_224941-0310,2026-05-23T21:55:04.503681Z,-6.858,0.0,6.858
run_20260521_224941-0311,2026-05-23T02:34:26.160565Z,0.0,0.0,0.0
run_20260521_224941-0311,2026-05-23T02:39:26.160565Z,0.93,0.93,0.0
run_20260521_224941-0311,2026-05-23T02:44:26.160565Z,1.929,1.929,0.0
run_20260521_224941-0311,2026-05-23T02:49:26.160565Z,2.653,2.653,0.0
run_20260521_224941-0311,2026-05-23T02:54:26.160565Z,3.674,3.674,0.0
run_20260521_224941-0311,2026-05-23T02:59:26.160565Z,4.629,4.629,0.0
run_20260521_224941-0311,2026-05-23T03:04:26.160565Z,5.419,5.419,0.0
run_20260521_224941-0311,2026-05-23T03:09:26.160565Z,6.281,6.281,0.0
run_20260521_224941-0311,2026-05-23T03:14:26.160565Z,7.181,7.181,0.0
run_20260521_224941-0311,2026-05-23T03:19:26.160565Z,8.091,8.091,0.0
run_20260521_224941-0311,2026-05-23T03:24:26.160565Z,8.935,8.935,0.0
run_20260521_224941-0311,2026-05-23T03:29:26.160565Z,9.813,9.813,0.0
run_20260521_224941-0311,2026-05-23T03:34:26.160565Z,10.871,10.871,0.0
run_20260521_224941-0311,2026-05-23T03:39:26.160565Z,11.706,11.706,0.0
run_20260521_224941-0311,2026-05-23T03:44:26.160565Z,12.67,12.67,0.0
run_20260521_224941-0311,2026-05-23T03:49:26.160565Z,13.608,13.608,0.0
run_20260521_224941-0312,2026-05-23T03:45:56.141046Z,0.0,0.0,0.0
run_20260521_224941-0312,2026-05-23T03:50:56.141046Z,-1.53,0.0,1.53
run_20260521_224941-0312,2026-05-23T03:55:56.141046Z,-3.157,0.0,3.157
run_20260521_224941-0312,2026-05-23T04:00:56.141046Z,-4.993,0.0,4.993
run_20260521_224941-0312,2026-05-23T04:05:56.141046Z,-6.54,0.0,6.54
run_20260521_224941-0312,2026-05-23T04:10:56.141046Z,-8.355,0.0,8.355
run_20260521_224941-0312,2026-05-23T04:15:56.141046Z,-10.231,0.0,10.231
run_20260521_224941-0312,2026-05-23T04:20:56.141046Z,-11.88,0.0,11.88
run_20260521_224941-0312,2026-05-23T04:25:56.141046Z,-13.824,0.0,13.824
run_20260521_224941-0312,2026-05-23T04:30:56.141046Z,-15.673,0.0,15.673
run_20260521_224941-0312,2026-05-23T04:35:56.141046Z,-17.707,0.0,17.707
run_20260521_224941-0312,2026-05-23T04:40:56.141046Z,-19.662,0.0,19.662
run_20260521_224941-0312,2026-05-23T04:45:56.141046Z,-21.457,0.0,21.457
run_20260521_224941-0312,2026-05-23T04:50:56.141046Z,-23.261,0.0,23.261
run_20260521_224941-0312,2026-05-23T04:55:56.141046Z,-25.179,0.0,25.179
run_20260521_224941-0312,2026-05-23T05:00:56.141046Z,-27.082,0.0,27.082
run_20260521_224941-0313,2026-05-23T02:15:51.818826Z,0.0,0.0,0.0
run_20260521_224941-0313,2026-05-23T02:20:51.818826Z,-0.498,0.0,0.498
run_20260521_224941-0313,2026-05-23T02:25:51.818826Z,-0.977,0.0,0.977
run_20260521_224941-0313,2026-05-23T02:30:51.818826Z,-1.59,0.0,1.59
run_20260521_224941-0313,2026-05-23T02:35:51.818826Z,-2.17,0.0,2.17
run_20260521_224941-0313,2026-05-23T02:40:51.818826Z,-2.82,0.0,2.82
run_20260521_224941-0313,2026-05-23T02:45:51.818826Z,-3.423,0.0,3.423
run_20260521_224941-0314,2026-05-23T12:57:30.569323Z,0.0,0.0,0.0
run_20260521_224941-0314,2026-05-23T13:02:30.569323Z,0.573,0.573,0.0
run_20260521_224941-0314,2026-05-23T13:07:30.569323Z,1.243,1.243,0.0
run_20260521_224941-0314,2026-05-23T13:12:30.569323Z,1.744,1.744,0.0
run_20260521_224941-0314,2026-05-23T13:17:30.569323Z,2.281,2.281,0.0
run_20260521_224941-0314,2026-05-23T13:22:30.569323Z,2.99,2.99,0.0
run_20260521_224941-0314,2026-05-23T13:27:30.569323Z,3.672,3.672,0.0
run_20260521_224941-0314,2026-05-23T13:32:30.569323Z,4.333,4.333,0.0
run_20260521_224941-0314,2026-05-23T13:37:30.569323Z,4.933,4.933,0.0
run_20260521_224941-0314,2026-05-23T13:42:30.569323Z,5.52,5.52,0.0
run_20260521_224941-0314,2026-05-23T13:47:30.569323Z,6.125,6.125,0.0
run_20260521_224941-0314,2026-05-23T13:52:30.569323Z,5.61,6.125,0.514
run_20260521_224941-0314,2026-05-23T13:57:30.569323Z,6.22,6.735,0.514
run_20260521_224941-0314,2026-05-23T14:02:30.569323Z,6.859,7.374,0.514
run_20260521_224941-0314,2026-05-23T14:07:30.569323Z,7.442,7.957,0.514
run_20260521_224941-0314,2026-05-23T14:12:30.569323Z,8.114,8.629,0.514
run_20260521_224941-0315,2026-05-23T20:12:12.344322Z,0.0,0.0,0.0
run_20260521_224941-0315,2026-05-23T20:17:12.344322Z,0.574,0.574,0.0
run_20260521_224941-0315,2026-05-23T20:22:12.344322Z,1.164,1.164,0.0
run_20260521_224941-0315,2026-05-23T20:27:12.344322Z,1.691,1.691,0.0
run_20260521_224941-0315,2026-05-23T20:32:12.344322Z,2.271,2.271,0.0
run_20260521_224941-0316,2026-05-23T10:12:19.233756Z,0.0,0.0,0.0
run_20260521_224941-0316,2026-05-23T10:17:19.233756Z,-0.658,0.0,0.658
run_20260521_224941-0316,2026-05-23T10:22:19.233756Z,-1.211,0.0,1.211
run_20260521_224941-0316,2026-05-23T10:27:19.233756Z,-1.825,0.0,1.825
run_20260521_224941-0316,2026-05-23T10:32:19.233756Z,-2.43,0.0,2.43
run_20260521_224941-0316,2026-05-23T10:37:19.233756Z,-3.046,0.0,3.046
run_20260521_224941-0316,2026-05-23T10:42:19.233756Z,-3.635,0.0,3.635
run_20260521_224941-0317,2026-05-23T07:04:15.855906Z,0.0,0.0,0.0
run_20260521_224941-0317,2026-05-23T07:09:15.855906Z,1.754,1.754,0.0
run_20260521_224941-0317,2026-05-23T07:14:15.855906Z,3.346,3.346,0.0
run_20260521_224941-0317,2026-05-23T07:19:15.855906Z,5.05,5.05,0.0
run_20260521_224941-0317,2026-05-23T07:24:15.855906Z,7.196,7.196,0.0
run_20260521_224941-0317,2026-05-23T07:29:15.855906Z,8.966,8.966,0.0
run_20260521_224941-0317,2026-05-23T07:34:15.855906Z,10.534,10.534,0.0
run_20260521_224941-0317,2026-05-23T07:39:15.855906Z,11.883,11.883,0.0
run_20260521_224941-0317,2026-05-23T07:44:15.855906Z,13.613,13.613,0.0
run_20260521_224941-0317,2026-05-23T07:49:15.855906Z,15.454,15.454,0.0
run_20260521_224941-0317,2026-05-23T07:54:15.855906Z,17.082,17.082,0.0
run_20260521_224941-0317,2026-05-23T07:59:15.855906Z,19.143,19.143,0.0
run_20260521_224941-0317,2026-05-23T08:04:15.855906Z,21.223,21.223,0.0
run_20260521_224941-0317,2026-05-23T08:09:15.855906Z,23.237,23.237,0.0
run_20260521_224941-0317,2026-05-23T08:14:15.855906Z,24.971,24.971,0.0
run_20260521_224941-0317,2026-05-23T08:19:15.855906Z,26.536,26.536,0.0
run_20260521_224941-0318,2026-05-23T20:32:02.446522Z,0.0,0.0,0.0
run_20260521_224941-0318,2026-05-23T20:37:02.446522Z,0.955,0.955,0.0
run_20260521_224941-0318,2026-05-23T20:42:02.446522Z,1.761,1.761,0.0
run_20260521_224941-0318,2026-05-23T20:47:02.446522Z,2.767,2.767,0.0
run_20260521_224941-0318,2026-05-23T20:52:02.446522Z,3.601,3.601,0.0
run_20260521_224941-0318,2026-05-23T20:57:02.446522Z,4.379,4.379,0.0
run_20260521_224941-0318,2026-05-23T21:02:02.446522Z,5.37,5.37,0.0
run_20260521_224941-0318,2026-05-23T21:07:02.446522Z,6.219,6.219,0.0
run_20260521_224941-0318,2026-05-23T21:12:02.446522Z,7.238,7.238,0.0
run_20260521_224941-0318,2026-05-23T21:17:02.446522Z,8.174,8.174,0.0
run_20260521_224941-0318,2026-05-23T21:22:02.446522Z,9.03,9.03,0.0
run_20260521_224941-0318,2026-05-23T21:27:02.446522Z,10.029,10.029,0.0
run_20260521_224941-0318,2026-05-23T21:32:02.446522Z,11.02,11.02,0.0
run_20260521_224941-0318,2026-05-23T21:37:02.446522Z,12.074,12.074,0.0
run_20260521_224941-0318,2026-05-23T21:42:02.446522Z,12.953,12.953,0.0
run_20260521_224941-0318,2026-05-23T21:47:02.446522Z,13.841,13.841,0.0
run_20260521_224941-0319,2026-05-23T16:09:44.855475Z,0.0,0.0,0.0
run_20260521_224941-0319,2026-05-23T16:14:44.855475Z,0.84,0.84,0.0
run_20260521_224941-0319,2026-05-23T16:19:44.855475Z,1.812,1.812,0.0
run_20260521_224941-0319,2026-05-23T16:24:44.855475Z,2.645,2.645,0.0
run_20260521_224941-0319,2026-05-23T16:29:44.855475Z,3.482,3.482,0.0
run_20260521_224941-0320,2026-05-23T13:38:08.769804Z,0.0,0.0,0.0
run_20260521_224941-0320,2026-05-23T13:43:08.769804Z,1.704,1.704,0.0
run_20260521_224941-0320,2026-05-23T13:48:08.769804Z,3.5,3.5,0.0
run_20260521_224941-0320,2026-05-23T13:53:08.769804Z,5.295,5.295,0.0
run_20260521_224941-0320,2026-05-23T13:58:08.769804Z,7.065,7.065,0.0
run_20260521_224941-0320,2026-05-23T14:03:08.769804Z,9.116,9.116,0.0
run_20260521_224941-0320,2026-05-23T14:08:08.769804Z,10.848,10.848,0.0
run_20260521_224941-0320,2026-05-23T14:13:08.769804Z,12.437,12.437,0.0
run_20260521_224941-0320,2026-05-23T14:18:08.769804Z,14.291,14.291,0.0
run_20260521_224941-0320,2026-05-23T14:23:08.769804Z,15.897,15.897,0.0
run_20260521_224941-0320,2026-05-23T14:28:08.769804Z,17.785,17.785,0.0
run_20260521_224941-0320,2026-05-23T14:33:08.769804Z,19.668,19.668,0.0
run_20260521_224941-0320,2026-05-23T14:38:08.769804Z,21.399,21.399,0.0
run_20260521_224941-0321,2026-05-23T05:28:15.932066Z,0.0,0.0,0.0
run_20260521_224941-0321,2026-05-23T05:33:15.932066Z,0.895,0.895,0.0
run_20260521_224941-0321,2026-05-23T05:38:15.932066Z,1.778,1.778,0.0
run_20260521_224941-0321,2026-05-23T05:43:15.932066Z,2.773,2.773,0.0
run_20260521_224941-0321,2026-05-23T05:48:15.932066Z,3.515,3.515,0.0
run_20260521_224941-0321,2026-05-23T05:53:15.932066Z,4.539,4.539,0.0
run_20260521_224941-0321,2026-05-23T05:58:15.932066Z,5.381,5.381,0.0
run_20260521_224941-0321,2026-05-23T06:03:15.932066Z,6.349,6.349,0.0
run_20260521_224941-0321,2026-05-23T06:08:15.932066Z,7.266,7.266,0.0
run_20260521_224941-0321,2026-05-23T06:13:15.932066Z,8.249,8.249,0.0
run_20260521_224941-0321,2026-05-23T06:18:15.932066Z,9.257,9.257,0.0
run_20260521_224941-0321,2026-05-23T06:23:15.932066Z,10.081,10.081,0.0
run_20260521_224941-0321,2026-05-23T06:28:15.932066Z,11.074,11.074,0.0
run_20260521_224941-0322,2026-05-23T10:17:48.118361Z,0.0,0.0,0.0
run_20260521_224941-0322,2026-05-23T10:22:48.118361Z,1.157,1.157,0.0
run_20260521_224941-0322,2026-05-23T10:27:48.118361Z,1.932,1.932,0.0
run_20260521_224941-0322,2026-05-23T10:32:48.118361Z,2.739,2.739,0.0
run_20260521_224941-0322,2026-05-23T10:37:48.118361Z,3.593,3.593,0.0
run_20260521_224941-0322,2026-05-23T10:42:48.118361Z,4.332,4.332,0.0
run_20260521_224941-0322,2026-05-23T10:47:48.118361Z,5.237,5.237,0.0
run_20260521_224941-0322,2026-05-23T10:52:48.118361Z,6.174,6.174,0.0
run_20260521_224941-0322,2026-05-23T10:57:48.118361Z,7.064,7.064,0.0
run_20260521_224941-0323,2026-05-23T04:17:06.916294Z,0.0,0.0,0.0
run_20260521_224941-0323,2026-05-23T04:22:06.916294Z,0.629,0.629,0.0
run_20260521_224941-0323,2026-05-23T04:27:06.916294Z,1.196,1.196,0.0
run_20260521_224941-0323,2026-05-23T04:32:06.916294Z,1.779,1.779,0.0
run_20260521_224941-0323,2026-05-23T04:37:06.916294Z,2.321,2.321,0.0
run_20260521_224941-0323,2026-05-23T04:42:06.916294Z,2.897,2.897,0.0
run_20260521_224941-0323,2026-05-23T04:47:06.916294Z,3.55,3.55,0.0
run_20260521_224941-0323,2026-05-23T04:52:06.916294Z,4.095,4.095,0.0
run_20260521_224941-0323,2026-05-23T04:57:06.916294Z,4.746,4.746,0.0
run_20260521_224941-0324,2026-05-23T14:45:10.987015Z,0.0,0.0,0.0
run_20260521_224941-0324,2026-05-23T14:50:10.987015Z,1.049,1.049,0.0
run_20260521_224941-0324,2026-05-23T14:55:10.987015Z,0.123,1.049,0.926
run_20260521_224941-0324,2026-05-23T15:00:10.987015Z,-0.912,1.049,1.961
run_20260521_224941-0324,2026-05-23T15:05:10.987015Z,0.155,2.115,1.961
run_20260521_224941-0324,2026-05-23T15:10:10.987015Z,0.935,2.896,1.961
run_20260521_224941-0324,2026-05-23T15:15:10.987015Z,1.643,3.604,1.961
run_20260521_224941-0324,2026-05-23T15:20:10.987015Z,2.593,4.554,1.961
run_20260521_224941-0324,2026-05-23T15:25:10.987015Z,3.547,5.508,1.961
run_20260521_224941-0325,2026-05-23T01:39:21.128523Z,0.0,0.0,0.0
run_20260521_224941-0325,2026-05-23T01:44:21.128523Z,0.501,0.501,0.0
run_20260521_224941-0325,2026-05-23T01:49:21.128523Z,1.152,1.152,0.0
run_20260521_224941-0325,2026-05-23T01:54:21.128523Z,1.72,1.72,0.0
run_20260521_224941-0325,2026-05-23T01:59:21.128523Z,2.349,2.349,0.0
run_20260521_224941-0325,2026-05-23T02:04:21.128523Z,2.942,2.942,0.0
run_20260521_224941-0325,2026-05-23T02:09:21.128523Z,3.545,3.545,0.0
run_20260521_224941-0325,2026-05-23T02:14:21.128523Z,4.048,4.048,0.0
run_20260521_224941-0325,2026-05-23T02:19:21.128523Z,4.649,4.649,0.0
run_20260521_224941-0325,2026-05-23T02:24:21.128523Z,5.238,5.238,0.0
run_20260521_224941-0325,2026-05-23T02:29:21.128523Z,5.792,5.792,0.0
run_20260521_224941-0325,2026-05-23T02:34:21.128523Z,6.462,6.462,0.0
run_20260521_224941-0325,2026-05-23T02:39:21.128523Z,7.027,7.027,0.0
run_20260521_224941-0325,2026-05-23T02:44:21.128523Z,7.644,7.644,0.0
run_20260521_224941-0325,2026-05-23T02:49:21.128523Z,8.247,8.247,0.0
run_20260521_224941-0325,2026-05-23T02:54:21.128523Z,8.79,8.79,0.0
run_20260521_224941-0326,2026-05-23T06:27:31.975438Z,0.0,0.0,0.0
run_20260521_224941-0326,2026-05-23T06:32:31.975438Z,0.926,0.926,0.0
run_20260521_224941-0326,2026-05-23T06:37:31.975438Z,2.012,2.012,0.0
run_20260521_224941-0326,2026-05-23T06:42:31.975438Z,3.02,3.02,0.0
run_20260521_224941-0326,2026-05-23T06:47:31.975438Z,4.025,4.025,0.0
run_20260521_224941-0326,2026-05-23T06:52:31.975438Z,4.996,4.996,0.0
run_20260521_224941-0326,2026-05-23T06:57:31.975438Z,5.9,5.9,0.0
run_20260521_224941-0326,2026-05-23T07:02:31.975438Z,6.585,6.585,0.0
run_20260521_224941-0326,2026-05-23T07:07:31.975438Z,7.616,7.616,0.0
run_20260521_224941-0326,2026-05-23T07:12:31.975438Z,8.594,8.594,0.0
run_20260521_224941-0326,2026-05-23T07:17:31.975438Z,9.534,9.534,0.0
run_20260521_224941-0326,2026-05-23T07:22:31.975438Z,10.375,10.375,0.0
run_20260521_224941-0326,2026-05-23T07:27:31.975438Z,11.371,11.371,0.0
run_20260521_224941-0326,2026-05-23T07:32:31.975438Z,12.315,12.315,0.0
run_20260521_224941-0326,2026-05-23T07:37:31.975438Z,13.25,13.25,0.0
run_20260521_224941-0326,2026-05-23T07:42:31.975438Z,14.065,14.065,0.0
run_20260521_224941-0327,2026-05-23T13:52:44.208342Z,0.0,0.0,0.0
run_20260521_224941-0327,2026-05-23T13:57:44.208342Z,0.908,0.908,0.0
run_20260521_224941-0327,2026-05-23T14:02:44.208342Z,1.954,1.954,0.0
run_20260521_224941-0327,2026-05-23T14:07:44.208342Z,2.765,2.765,0.0
run_20260521_224941-0327,2026-05-23T14:12:44.208342Z,3.625,3.625,0.0
run_20260521_224941-0327,2026-05-23T14:17:44.208342Z,2.751,3.625,0.874
run_20260521_224941-0327,2026-05-23T14:22:44.208342Z,1.898,3.625,1.728
run_20260521_224941-0327,2026-05-23T14:27:44.208342Z,0.983,3.625,2.643
run_20260521_224941-0327,2026-05-23T14:32:44.208342Z,1.878,4.52,2.643
run_20260521_224941-0328,2026-05-23T17:56:02.795806Z,0.0,0.0,0.0
run_20260521_224941-0328,2026-05-23T18:01:02.795806Z,-0.91,0.0,0.91
run_20260521_224941-0328,2026-05-23T18:06:02.795806Z,-1.702,0.0,1.702
run_20260521_224941-0328,2026-05-23T18:11:02.795806Z,-2.746,0.0,2.746
run_20260521_224941-0328,2026-05-23T18:16:02.795806Z,-3.582,0.0,3.582
run_20260521_224941-0328,2026-05-23T18:21:02.795806Z,-4.451,0.0,4.451
run_20260521_224941-0328,2026-05-23T18:26:02.795806Z,-3.608,0.843,4.451
run_20260521_224941-0328,2026-05-23T18:31:02.795806Z,-2.619,1.832,4.451
run_20260521_224941-0328,2026-05-23T18:36:02.795806Z,-1.56,2.891,4.451
run_20260521_224941-0328,2026-05-23T18:41:02.795806Z,-0.638,3.813,4.451
run_20260521_224941-0328,2026-05-23T18:46:02.795806Z,0.336,4.787,4.451
run_20260521_224941-0328,2026-05-23T18:51:02.795806Z,1.229,5.68,4.451
run_20260521_224941-0328,2026-05-23T18:56:02.795806Z,2.142,6.593,4.451
run_20260521_224941-0328,2026-05-23T19:01:02.795806Z,3.297,7.748,4.451
run_20260521_224941-0328,2026-05-23T19:06:02.795806Z,4.19,8.641,4.451
run_20260521_224941-0328,2026-05-23T19:11:02.795806Z,4.966,9.417,4.451
run_20260521_224941-0329,2026-05-23T18:16:21.341261Z,0.0,0.0,0.0
run_20260521_224941-0329,2026-05-23T18:21:21.341261Z,1.641,1.641,0.0
run_20260521_224941-0329,2026-05-23T18:26:21.341261Z,3.547,3.547,0.0
run_20260521_224941-0329,2026-05-23T18:31:21.341261Z,5.67,5.67,0.0
run_20260521_224941-0329,2026-05-23T18:36:21.341261Z,7.355,7.355,0.0
run_20260521_224941-0329,2026-05-23T18:41:21.341261Z,9.406,9.406,0.0
run_20260521_224941-0329,2026-05-23T18:46:21.341261Z,11.243,11.243,0.0
run_20260521_224941-0329,2026-05-23T18:51:21.341261Z,12.985,12.985,0.0
run_20260521_224941-0329,2026-05-23T18:56:21.341261Z,14.91,14.91,0.0
run_20260521_224941-0329,2026-05-23T19:01:21.341261Z,16.904,16.904,0.0
run_20260521_224941-0329,2026-05-23T19:06:21.341261Z,18.641,18.641,0.0
run_20260521_224941-0329,2026-05-23T19:11:21.341261Z,20.762,20.762,0.0
run_20260521_224941-0329,2026-05-23T19:16:21.341261Z,22.599,22.599,0.0
run_20260521_224941-0330,2026-05-23T20:29:59.054605Z,0.0,0.0,0.0
run_20260521_224941-0330,2026-05-23T20:34:59.054605Z,0.526,0.526,0.0
run_20260521_224941-0330,2026-05-23T20:39:59.054605Z,1.059,1.059,0.0
run_20260521_224941-0330,2026-05-23T20:44:59.054605Z,1.521,1.521,0.0
run_20260521_224941-0330,2026-05-23T20:49:59.054605Z,2.114,2.114,0.0
run_20260521_224941-0330,2026-05-23T20:54:59.054605Z,2.698,2.698,0.0
run_20260521_224941-0330,2026-05-23T20:59:59.054605Z,3.373,3.373,0.0
run_20260521_224941-0330,2026-05-23T21:04:59.054605Z,2.815,3.373,0.558
run_20260521_224941-0330,2026-05-23T21:09:59.054605Z,2.154,3.373,1.219
run_20260521_224941-0330,2026-05-23T21:14:59.054605Z,1.571,3.373,1.802
run_20260521_224941-0330,2026-05-23T21:19:59.054605Z,0.868,3.373,2.505
run_20260521_224941-0330,2026-05-23T21:24:59.054605Z,1.409,3.914,2.505
run_20260521_224941-0330,2026-05-23T21:29:59.054605Z,1.985,4.49,2.505
run_20260521_224941-0331,2026-05-23T05:25:39.752278Z,0.0,0.0,0.0
run_20260521_224941-0331,2026-05-23T05:30:39.752278Z,1.958,1.958,0.0
run_20260521_224941-0331,2026-05-23T05:35:39.752278Z,3.82,3.82,0.0
run_20260521_224941-0331,2026-05-23T05:40:39.752278Z,5.433,5.433,0.0
run_20260521_224941-0331,2026-05-23T05:45:39.752278Z,7.012,7.012,0.0
run_20260521_224941-0331,2026-05-23T05:50:39.752278Z,8.325,8.325,0.0
run_20260521_224941-0331,2026-05-23T05:55:39.752278Z,10.148,10.148,0.0
run_20260521_224941-0332,2026-05-23T11:22:37.167597Z,0.0,0.0,0.0
run_20260521_224941-0332,2026-05-23T11:27:37.167597Z,0.929,0.929,0.0
run_20260521_224941-0332,2026-05-23T11:32:37.167597Z,1.853,1.853,0.0
run_20260521_224941-0332,2026-05-23T11:37:37.167597Z,2.788,2.788,0.0
run_20260521_224941-0332,2026-05-23T11:42:37.167597Z,3.886,3.886,0.0
run_20260521_224941-0332,2026-05-23T11:47:37.167597Z,2.851,3.886,1.035
run_20260521_224941-0332,2026-05-23T11:52:37.167597Z,2.031,3.886,1.855
run_20260521_224941-0332,2026-05-23T11:57:37.167597Z,1.259,3.886,2.627
run_20260521_224941-0332,2026-05-23T12:02:37.167597Z,2.3,4.927,2.627
run_20260521_224941-0332,2026-05-23T12:07:37.167597Z,3.177,5.804,2.627
run_20260521_224941-0332,2026-05-23T12:12:37.167597Z,4.082,6.709,2.627
run_20260521_224941-0332,2026-05-23T12:17:37.167597Z,4.954,7.58,2.627
run_20260521_224941-0332,2026-05-23T12:22:37.167597Z,5.9,8.527,2.627
run_20260521_224941-0333,2026-05-23T02:28:45.459137Z,0.0,0.0,0.0
run_20260521_224941-0333,2026-05-23T02:33:45.459137Z,-0.879,0.0,0.879
run_20260521_224941-0333,2026-05-23T02:38:45.459137Z,-1.662,0.0,1.662
run_20260521_224941-0333,2026-05-23T02:43:45.459137Z,-2.42,0.0,2.42
run_20260521_224941-0333,2026-05-23T02:48:45.459137Z,-1.519,0.901,2.42
run_20260521_224941-0333,2026-05-23T02:53:45.459137Z,-0.507,1.913,2.42
run_20260521_224941-0333,2026-05-23T02:58:45.459137Z,0.539,2.959,2.42
run_20260521_224941-0334,2026-05-23T05:19:58.045895Z,0.0,0.0,0.0
run_20260521_224941-0334,2026-05-23T05:24:58.045895Z,-0.827,0.0,0.827
run_20260521_224941-0334,2026-05-23T05:29:58.045895Z,-1.956,0.0,1.956
run_20260521_224941-0334,2026-05-23T05:34:58.045895Z,-2.957,0.0,2.957
run_20260521_224941-0334,2026-05-23T05:39:58.045895Z,-3.865,0.0,3.865
run_20260521_224941-0334,2026-05-23T05:44:58.045895Z,-4.88,0.0,4.88
run_20260521_224941-0334,2026-05-23T05:49:58.045895Z,-5.586,0.0,5.586
run_20260521_224941-0334,2026-05-23T05:54:58.045895Z,-6.514,0.0,6.514
run_20260521_224941-0334,2026-05-23T05:59:58.045895Z,-7.386,0.0,7.386
run_20260521_224941-0334,2026-05-23T06:04:58.045895Z,-8.266,0.0,8.266
run_20260521_224941-0334,2026-05-23T06:09:58.045895Z,-9.132,0.0,9.132
run_20260521_224941-0334,2026-05-23T06:14:58.045895Z,-10.051,0.0,10.051
run_20260521_224941-0334,2026-05-23T06:19:58.045895Z,-10.975,0.0,10.975
run_20260521_224941-0335,2026-05-23T21:30:15.993182Z,0.0,0.0,0.0
run_20260521_224941-0335,2026-05-23T21:35:15.993182Z,0.558,0.558,0.0
run_20260521_224941-0335,2026-05-23T21:40:15.993182Z,1.158,1.158,0.0
run_20260521_224941-0335,2026-05-23T21:45:15.993182Z,1.823,1.823,0.0
run_20260521_224941-0335,2026-05-23T21:50:15.993182Z,2.45,2.45,0.0
run_20260521_224941-0336,2026-05-23T17:35:19.888032Z,0.0,0.0,0.0
run_20260521_224941-0336,2026-05-23T17:40:19.888032Z,0.885,0.885,0.0
run_20260521_224941-0336,2026-05-23T17:45:19.888032Z,1.585,1.585,0.0
run_20260521_224941-0336,2026-05-23T17:50:19.888032Z,2.481,2.481,0.0
run_20260521_224941-0336,2026-05-23T17:55:19.888032Z,3.3,3.3,0.0
run_20260521_224941-0336,2026-05-23T18:00:19.888032Z,4.222,4.222,0.0
run_20260521_224941-0336,2026-05-23T18:05:19.888032Z,5.228,5.228,0.0
run_20260521_224941-0336,2026-05-23T18:10:19.888032Z,6.012,6.012,0.0
run_20260521_224941-0336,2026-05-23T18:15:19.888032Z,6.954,6.954,0.0
run_20260521_224941-0337,2026-05-23T21:04:28.004615Z,0.0,0.0,0.0
run_20260521_224941-0337,2026-05-23T21:09:28.004615Z,-0.805,0.0,0.805
run_20260521_224941-0337,2026-05-23T21:14:28.004615Z,-1.712,0.0,1.712
run_20260521_224941-0337,2026-05-23T21:19:28.004615Z,-2.658,0.0,2.658
run_20260521_224941-0337,2026-05-23T21:24:28.004615Z,-3.707,0.0,3.707
run_20260521_224941-0337,2026-05-23T21:29:28.004615Z,-4.621,0.0,4.621
run_20260521_224941-0337,2026-05-23T21:34:28.004615Z,-5.418,0.0,5.418
run_20260521_224941-0337,2026-05-23T21:39:28.004615Z,-6.47,0.0,6.47
run_20260521_224941-0337,2026-05-23T21:44:28.004615Z,-7.292,0.0,7.292
run_20260521_224941-0337,2026-05-23T21:49:28.004615Z,-8.357,0.0,8.357
run_20260521_224941-0337,2026-05-23T21:54:28.004615Z,-9.279,0.0,9.279
run_20260521_224941-0337,2026-05-23T21:59:28.004615Z,-10.12,0.0,10.12
run_20260521_224941-0337,2026-05-23T22:04:28.004615Z,-11.07,0.0,11.07
run_20260521_224941-0337,2026-05-23T22:09:28.004615Z,-12.098,0.0,12.098
run_20260521_224941-0337,2026-05-23T22:14:28.004615Z,-13.147,0.0,13.147
run_20260521_224941-0337,2026-05-23T22:19:28.004615Z,-14.036,0.0,14.036
run_20260521_224941-0338,2026-05-23T12:18:26.093962Z,0.0,0.0,0.0
run_20260521_224941-0338,2026-05-23T12:23:26.093962Z,2.44,2.44,0.0
run_20260521_224941-0338,2026-05-23T12:28:26.093962Z,4.371,4.371,0.0
run_20260521_224941-0338,2026-05-23T12:33:26.093962Z,6.218,6.218,0.0
run_20260521_224941-0338,2026-05-23T12:38:26.093962Z,4.203,6.218,2.015
run_20260521_224941-0338,2026-05-23T12:43:26.093962Z,6.106,8.121,2.015
run_20260521_224941-0338,2026-05-23T12:48:26.093962Z,7.686,9.7,2.015
run_20260521_224941-0338,2026-05-23T12:53:26.093962Z,9.044,11.059,2.015
run_20260521_224941-0338,2026-05-23T12:58:26.093962Z,10.879,12.893,2.015
run_20260521_224941-0338,2026-05-23T13:03:26.093962Z,12.893,14.908,2.015
run_20260521_224941-0338,2026-05-23T13:08:26.093962Z,14.284,16.299,2.015
run_20260521_224941-0338,2026-05-23T13:13:26.093962Z,16.283,18.298,2.015
run_20260521_224941-0338,2026-05-23T13:18:26.093962Z,18.134,20.148,2.015
run_20260521_224941-0339,2026-05-23T18:54:11.005621Z,0.0,0.0,0.0
run_20260521_224941-0339,2026-05-23T18:59:11.005621Z,0.995,0.995,0.0
run_20260521_224941-0339,2026-05-23T19:04:11.005621Z,1.828,1.828,0.0
run_20260521_224941-0339,2026-05-23T19:09:11.005621Z,2.741,2.741,0.0
run_20260521_224941-0339,2026-05-23T19:14:11.005621Z,3.591,3.591,0.0
run_20260521_224941-0339,2026-05-23T19:19:11.005621Z,4.643,4.643,0.0
run_20260521_224941-0339,2026-05-23T19:24:11.005621Z,5.625,5.625,0.0
run_20260521_224941-0339,2026-05-23T19:29:11.005621Z,6.523,6.523,0.0
run_20260521_224941-0339,2026-05-23T19:34:11.005621Z,7.441,7.441,0.0
run_20260521_224941-0339,2026-05-23T19:39:11.005621Z,8.464,8.464,0.0
run_20260521_224941-0339,2026-05-23T19:44:11.005621Z,9.311,9.311,0.0
run_20260521_224941-0339,2026-05-23T19:49:11.005621Z,10.233,10.233,0.0
run_20260521_224941-0339,2026-05-23T19:54:11.005621Z,11.283,11.283,0.0
run_20260521_224941-0339,2026-05-23T19:59:11.005621Z,12.328,12.328,0.0
run_20260521_224941-0339,2026-05-23T20:04:11.005621Z,13.257,13.257,0.0
run_20260521_224941-0339,2026-05-23T20:09:11.005621Z,14.314,14.314,0.0
run_20260521_224941-0340,2026-05-23T22:26:54.062036Z,0.0,0.0,0.0
run_20260521_224941-0340,2026-05-23T22:31:54.062036Z,0.537,0.537,0.0
run_20260521_224941-0340,2026-05-23T22:36:54.062036Z,1.15,1.15,0.0
run_20260521_224941-0340,2026-05-23T22:41:54.062036Z,1.71,1.71,0.0
run_20260521_224941-0340,2026-05-23T22:46:54.062036Z,2.331,2.331,0.0
run_20260521_224941-0341,2026-05-23T10:52:55.553582Z,0.0,0.0,0.0
run_20260521_224941-0341,2026-05-23T10:57:55.553582Z,0.54,0.54,0.0
run_20260521_224941-0341,2026-05-23T11:02:55.553582Z,1.095,1.095,0.0
run_20260521_224941-0341,2026-05-23T11:07:55.553582Z,1.665,1.665,0.0
run_20260521_224941-0341,2026-05-23T11:12:55.553582Z,2.289,2.289,0.0
run_20260521_224941-0341,2026-05-23T11:17:55.553582Z,2.912,2.912,0.0
run_20260521_224941-0341,2026-05-23T11:22:55.553582Z,3.432,3.432,0.0
run_20260521_224941-0341,2026-05-23T11:27:55.553582Z,4.079,4.079,0.0
run_20260521_224941-0341,2026-05-23T11:32:55.553582Z,4.618,4.618,0.0
run_20260521_224941-0342,2026-05-23T14:57:22.276754Z,0.0,0.0,0.0
run_20260521_224941-0342,2026-05-23T15:02:22.276754Z,0.579,0.579,0.0
run_20260521_224941-0342,2026-05-23T15:07:22.276754Z,1.185,1.185,0.0
run_20260521_224941-0342,2026-05-23T15:12:22.276754Z,1.789,1.789,0.0
run_20260521_224941-0342,2026-05-23T15:17:22.276754Z,2.473,2.473,0.0
run_20260521_224941-0342,2026-05-23T15:22:22.276754Z,3.031,3.031,0.0
run_20260521_224941-0342,2026-05-23T15:27:22.276754Z,3.59,3.59,0.0
run_20260521_224941-0343,2026-05-23T19:02:07.757114Z,0.0,0.0,0.0
run_20260521_224941-0343,2026-05-23T19:07:07.757114Z,1.75,1.75,0.0
run_20260521_224941-0343,2026-05-23T19:12:07.757114Z,3.591,3.591,0.0
run_20260521_224941-0343,2026-05-23T19:17:07.757114Z,5.538,5.538,0.0
run_20260521_224941-0343,2026-05-23T19:22:07.757114Z,7.283,7.283,0.0
run_20260521_224941-0343,2026-05-23T19:27:07.757114Z,8.885,8.885,0.0
run_20260521_224941-0343,2026-05-23T19:32:07.757114Z,10.667,10.667,0.0
run_20260521_224941-0343,2026-05-23T19:37:07.757114Z,12.254,12.254,0.0
run_20260521_224941-0343,2026-05-23T19:42:07.757114Z,14.379,14.379,0.0
run_20260521_224941-0344,2026-05-23T19:22:39.592734Z,0.0,0.0,0.0
run_20260521_224941-0344,2026-05-23T19:27:39.592734Z,0.659,0.659,0.0
run_20260521_224941-0344,2026-05-23T19:32:39.592734Z,1.374,1.374,0.0
run_20260521_224941-0344,2026-05-23T19:37:39.592734Z,1.84,1.84,0.0
run_20260521_224941-0344,2026-05-23T19:42:39.592734Z,2.373,2.373,0.0
run_20260521_224941-0344,2026-05-23T19:47:39.592734Z,2.97,2.97,0.0
run_20260521_224941-0344,2026-05-23T19:52:39.592734Z,3.541,3.541,0.0
run_20260521_224941-0344,2026-05-23T19:57:39.592734Z,4.112,4.112,0.0
run_20260521_224941-0344,2026-05-23T20:02:39.592734Z,4.739,4.739,0.0
run_20260521_224941-0344,2026-05-23T20:07:39.592734Z,5.349,5.349,0.0
run_20260521_224941-0344,2026-05-23T20:12:39.592734Z,6.017,6.017,0.0
run_20260521_224941-0344,2026-05-23T20:17:39.592734Z,6.711,6.711,0.0
run_20260521_224941-0344,2026-05-23T20:22:39.592734Z,7.37,7.37,0.0
run_20260521_224941-0344,2026-05-23T20:27:39.592734Z,7.933,7.933,0.0
run_20260521_224941-0344,2026-05-23T20:32:39.592734Z,8.606,8.606,0.0
run_20260521_224941-0344,2026-05-23T20:37:39.592734Z,9.321,9.321,0.0
run_20260521_224941-0345,2026-05-23T17:57:00.614232Z,0.0,0.0,0.0
run_20260521_224941-0345,2026-05-23T18:02:00.614232Z,0.989,0.989,0.0
run_20260521_224941-0345,2026-05-23T18:07:00.614232Z,2.049,2.049,0.0
run_20260521_224941-0345,2026-05-23T18:12:00.614232Z,2.921,2.921,0.0
run_20260521_224941-0345,2026-05-23T18:17:00.614232Z,3.842,3.842,0.0
run_20260521_224941-0345,2026-05-23T18:22:00.614232Z,4.874,4.874,0.0
run_20260521_224941-0345,2026-05-23T18:27:00.614232Z,5.701,5.701,0.0
run_20260521_224941-0345,2026-05-23T18:32:00.614232Z,6.55,6.55,0.0
run_20260521_224941-0345,2026-05-23T18:37:00.614232Z,7.421,7.421,0.0
run_20260521_224941-0345,2026-05-23T18:42:00.614232Z,6.461,7.421,0.96
run_20260521_224941-0345,2026-05-23T18:47:00.614232Z,7.509,8.469,0.96
run_20260521_224941-0345,2026-05-23T18:52:00.614232Z,8.352,9.313,0.96
run_20260521_224941-0345,2026-05-23T18:57:00.614232Z,9.411,10.371,0.96
run_20260521_224941-0345,2026-05-23T19:02:00.614232Z,10.308,11.268,0.96
run_20260521_224941-0345,2026-05-23T19:07:00.614232Z,11.262,12.222,0.96
run_20260521_224941-0345,2026-05-23T19:12:00.614232Z,12.164,13.124,0.96
run_20260521_224941-0346,2026-05-23T12:21:27.173346Z,0.0,0.0,0.0
run_20260521_224941-0346,2026-05-23T12:26:27.173346Z,0.479,0.479,0.0
run_20260521_224941-0346,2026-05-23T12:31:27.173346Z,1.105,1.105,0.0
run_20260521_224941-0346,2026-05-23T12:36:27.173346Z,1.757,1.757,0.0
run_20260521_224941-0346,2026-05-23T12:41:27.173346Z,1.195,1.757,0.562
run_20260521_224941-0346,2026-05-23T12:46:27.173346Z,0.584,1.757,1.172
run_20260521_224941-0346,2026-05-23T12:51:27.173346Z,0.014,1.757,1.742
run_20260521_224941-0346,2026-05-23T12:56:27.173346Z,-0.623,1.757,2.379
run_20260521_224941-0346,2026-05-23T13:01:27.173346Z,-1.215,1.757,2.971
run_20260521_224941-0346,2026-05-23T13:06:27.173346Z,-0.601,2.37,2.971
run_20260521_224941-0346,2026-05-23T13:11:27.173346Z,-0.046,2.926,2.971
run_20260521_224941-0346,2026-05-23T13:16:27.173346Z,0.534,3.505,2.971
run_20260521_224941-0346,2026-05-23T13:21:27.173346Z,1.185,4.157,2.971
run_20260521_224941-0347,2026-05-23T09:29:45.851082Z,0.0,0.0,0.0
run_20260521_224941-0347,2026-05-23T09:34:45.851082Z,0.643,0.643,0.0
run_20260521_224941-0347,2026-05-23T09:39:45.851082Z,1.202,1.202,0.0
run_20260521_224941-0347,2026-05-23T09:44:45.851082Z,1.788,1.788,0.0
run_20260521_224941-0347,2026-05-23T09:49:45.851082Z,2.326,2.326,0.0
run_20260521_224941-0347,2026-05-23T09:54:45.851082Z,2.965,2.965,0.0
run_20260521_224941-0347,2026-05-23T09:59:45.851082Z,3.592,3.592,0.0
run_20260521_224941-0347,2026-05-23T10:04:45.851082Z,4.16,4.16,0.0
run_20260521_224941-0347,2026-05-23T10:09:45.851082Z,4.694,4.694,0.0
run_20260521_224941-0347,2026-05-23T10:14:45.851082Z,5.305,5.305,0.0
run_20260521_224941-0347,2026-05-23T10:19:45.851082Z,5.968,5.968,0.0
run_20260521_224941-0347,2026-05-23T10:24:45.851082Z,6.574,6.574,0.0
run_20260521_224941-0347,2026-05-23T10:29:45.851082Z,7.205,7.205,0.0
run_20260521_224941-0347,2026-05-23T10:34:45.851082Z,7.773,7.773,0.0
run_20260521_224941-0347,2026-05-23T10:39:45.851082Z,8.334,8.334,0.0
run_20260521_224941-0347,2026-05-23T10:44:45.851082Z,8.951,8.951,0.0
run_20260521_224941-0348,2026-05-23T13:57:24.511870Z,0.0,0.0,0.0
run_20260521_224941-0348,2026-05-23T14:02:24.511870Z,0.593,0.593,0.0
run_20260521_224941-0348,2026-05-23T14:07:24.511870Z,1.122,1.122,0.0
run_20260521_224941-0348,2026-05-23T14:12:24.511870Z,1.668,1.668,0.0
run_20260521_224941-0348,2026-05-23T14:17:24.511870Z,2.295,2.295,0.0
run_20260521_224941-0349,2026-05-23T21:59:20.892332Z,0.0,0.0,0.0
run_20260521_224941-0349,2026-05-23T22:04:20.892332Z,1.926,1.926,0.0
run_20260521_224941-0349,2026-05-23T22:09:20.892332Z,3.729,3.729,0.0
run_20260521_224941-0349,2026-05-23T22:14:20.892332Z,5.488,5.488,0.0
run_20260521_224941-0349,2026-05-23T22:19:20.892332Z,7.575,7.575,0.0
run_20260521_224941-0350,2026-05-23T07:06:14.492245Z,0.0,0.0,0.0
run_20260521_224941-0350,2026-05-23T07:11:14.492245Z,2.036,2.036,0.0
run_20260521_224941-0350,2026-05-23T07:16:14.492245Z,3.839,3.839,0.0
run_20260521_224941-0350,2026-05-23T07:21:14.492245Z,5.856,5.856,0.0
run_20260521_224941-0350,2026-05-23T07:26:14.492245Z,7.908,7.908,0.0
run_20260521_224941-0350,2026-05-23T07:31:14.492245Z,9.889,9.889,0.0
run_20260521_224941-0350,2026-05-23T07:36:14.492245Z,12.063,12.063,0.0
run_20260521_224941-0350,2026-05-23T07:41:14.492245Z,13.697,13.697,0.0
run_20260521_224941-0350,2026-05-23T07:46:14.492245Z,15.325,15.325,0.0
run_20260521_224941-0350,2026-05-23T07:51:14.492245Z,17.416,17.416,0.0
run_20260521_224941-0350,2026-05-23T07:56:14.492245Z,19.252,19.252,0.0
run_20260521_224941-0350,2026-05-23T08:01:14.492245Z,20.875,20.875,0.0
run_20260521_224941-0350,2026-05-23T08:06:14.492245Z,22.894,22.894,0.0
run_20260521_224941-0350,2026-05-23T08:11:14.492245Z,24.576,24.576,0.0
run_20260521_224941-0350,2026-05-23T08:16:14.492245Z,26.38,26.38,0.0
run_20260521_224941-0350,2026-05-23T08:21:14.492245Z,28.218,28.218,0.0
run_20260521_224941-0351,2026-05-23T09:05:32.669683Z,0.0,0.0,0.0
run_20260521_224941-0351,2026-05-23T09:10:32.669683Z,1.55,1.55,0.0
run_20260521_224941-0351,2026-05-23T09:15:32.669683Z,2.982,2.982,0.0
run_20260521_224941-0351,2026-05-23T09:20:32.669683Z,4.779,4.779,0.0
run_20260521_224941-0351,2026-05-23T09:25:32.669683Z,6.573,6.573,0.0
run_20260521_224941-0351,2026-05-23T09:30:32.669683Z,8.451,8.451,0.0
run_20260521_224941-0351,2026-05-23T09:35:32.669683Z,10.132,10.132,0.0
run_20260521_224941-0351,2026-05-23T09:40:32.669683Z,12.103,12.103,0.0
run_20260521_224941-0351,2026-05-23T09:45:32.669683Z,14.106,14.106,0.0
run_20260521_224941-0352,2026-05-23T20:39:41.738260Z,0.0,0.0,0.0
run_20260521_224941-0352,2026-05-23T20:44:41.738260Z,0.615,0.615,0.0
run_20260521_224941-0352,2026-05-23T20:49:41.738260Z,1.156,1.156,0.0
run_20260521_224941-0352,2026-05-23T20:54:41.738260Z,1.677,1.677,0.0
run_20260521_224941-0352,2026-05-23T20:59:41.738260Z,2.279,2.279,0.0
run_20260521_224941-0352,2026-05-23T21:04:41.738260Z,2.758,2.758,0.0
run_20260521_224941-0352,2026-05-23T21:09:41.738260Z,3.328,3.328,0.0
run_20260521_224941-0352,2026-05-23T21:14:41.738260Z,3.832,3.832,0.0
run_20260521_224941-0352,2026-05-23T21:19:41.738260Z,4.436,4.436,0.0
run_20260521_224941-0353,2026-05-23T22:27:44.902843Z,0.0,0.0,0.0
run_20260521_224941-0353,2026-05-23T22:32:44.902843Z,0.836,0.836,0.0
run_20260521_224941-0353,2026-05-23T22:37:44.902843Z,1.707,1.707,0.0
run_20260521_224941-0353,2026-05-23T22:42:44.902843Z,2.616,2.616,0.0
run_20260521_224941-0353,2026-05-23T22:47:44.902843Z,3.498,3.498,0.0
run_20260521_224941-0353,2026-05-23T22:52:44.902843Z,4.281,4.281,0.0
run_20260521_224941-0353,2026-05-23T22:57:44.902843Z,5.123,5.123,0.0
run_20260521_224941-0353,2026-05-23T23:02:44.902843Z,6.024,6.024,0.0
run_20260521_224941-0353,2026-05-23T23:07:44.902843Z,6.821,6.821,0.0
run_20260521_224941-0354,2026-05-23T19:27:46.250480Z,0.0,0.0,0.0
run_20260521_224941-0354,2026-05-23T19:32:46.250480Z,0.526,0.526,0.0
run_20260521_224941-0354,2026-05-23T19:37:46.250480Z,1.149,1.149,0.0
run_20260521_224941-0354,2026-05-23T19:42:46.250480Z,1.743,1.743,0.0
run_20260521_224941-0354,2026-05-23T19:47:46.250480Z,2.358,2.358,0.0
run_20260521_224941-0354,2026-05-23T19:52:46.250480Z,1.733,2.358,0.625
run_20260521_224941-0354,2026-05-23T19:57:46.250480Z,1.112,2.358,1.246
run_20260521_224941-0354,2026-05-23T20:02:46.250480Z,1.74,2.985,1.246
run_20260521_224941-0354,2026-05-23T20:07:46.250480Z,2.381,3.627,1.246
run_20260521_224941-0354,2026-05-23T20:12:46.250480Z,3.123,4.369,1.246
run_20260521_224941-0354,2026-05-23T20:17:46.250480Z,3.785,5.031,1.246
run_20260521_224941-0354,2026-05-23T20:22:46.250480Z,4.394,5.639,1.246
run_20260521_224941-0354,2026-05-23T20:27:46.250480Z,4.937,6.182,1.246
run_20260521_224941-0355,2026-05-23T16:59:12.948725Z,0.0,0.0,0.0
run_20260521_224941-0355,2026-05-23T17:04:12.948725Z,0.473,0.473,0.0
run_20260521_224941-0355,2026-05-23T17:09:12.948725Z,1.089,1.089,0.0
run_20260521_224941-0355,2026-05-23T17:14:12.948725Z,1.834,1.834,0.0
run_20260521_224941-0355,2026-05-23T17:19:12.948725Z,2.396,2.396,0.0
run_20260521_224941-0356,2026-05-23T09:44:33.933163Z,0.0,0.0,0.0
run_20260521_224941-0356,2026-05-23T09:49:33.933163Z,-1.684,0.0,1.684
run_20260521_224941-0356,2026-05-23T09:54:33.933163Z,-3.485,0.0,3.485
run_20260521_224941-0356,2026-05-23T09:59:33.933163Z,-5.41,0.0,5.41
run_20260521_224941-0356,2026-05-23T10:04:33.933163Z,-7.271,0.0,7.271
run_20260521_224941-0356,2026-05-23T10:09:33.933163Z,-8.996,0.0,8.996
run_20260521_224941-0356,2026-05-23T10:14:33.933163Z,-10.816,0.0,10.816
run_20260521_224941-0356,2026-05-23T10:19:33.933163Z,-12.86,0.0,12.86
run_20260521_224941-0356,2026-05-23T10:24:33.933163Z,-15.002,0.0,15.002
run_20260521_224941-0356,2026-05-23T10:29:33.933163Z,-16.778,0.0,16.778
run_20260521_224941-0356,2026-05-23T10:34:33.933163Z,-18.775,0.0,18.775
run_20260521_224941-0356,2026-05-23T10:39:33.933163Z,-20.658,0.0,20.658
run_20260521_224941-0356,2026-05-23T10:44:33.933163Z,-22.385,0.0,22.385
run_20260521_224941-0356,2026-05-23T10:49:33.933163Z,-24.249,0.0,24.249
run_20260521_224941-0356,2026-05-23T10:54:33.933163Z,-26.339,0.0,26.339
run_20260521_224941-0356,2026-05-23T10:59:33.933163Z,-28.039,0.0,28.039
run_20260521_224941-0357,2026-05-23T20:06:47.592778Z,0.0,0.0,0.0
run_20260521_224941-0357,2026-05-23T20:11:47.592778Z,0.542,0.542,0.0
run_20260521_224941-0357,2026-05-23T20:16:47.592778Z,1.113,1.113,0.0
run_20260521_224941-0357,2026-05-23T20:21:47.592778Z,1.685,1.685,0.0
run_20260521_224941-0357,2026-05-23T20:26:47.592778Z,2.315,2.315,0.0
run_20260521_224941-0358,2026-05-23T20:25:57.619847Z,0.0,0.0,0.0
run_20260521_224941-0358,2026-05-23T20:30:57.619847Z,1.742,1.742,0.0
run_20260521_224941-0358,2026-05-23T20:35:57.619847Z,3.556,3.556,0.0
run_20260521_224941-0358,2026-05-23T20:40:57.619847Z,5.808,5.808,0.0
run_20260521_224941-0358,2026-05-23T20:45:57.619847Z,7.707,7.707,0.0
run_20260521_224941-0358,2026-05-23T20:50:57.619847Z,9.593,9.593,0.0
run_20260521_224941-0358,2026-05-23T20:55:57.619847Z,10.983,10.983,0.0
run_20260521_224941-0358,2026-05-23T21:00:57.619847Z,12.913,12.913,0.0
run_20260521_224941-0358,2026-05-23T21:05:57.619847Z,14.699,14.699,0.0
run_20260521_224941-0358,2026-05-23T21:10:57.619847Z,16.759,16.759,0.0
run_20260521_224941-0358,2026-05-23T21:15:57.619847Z,18.549,18.549,0.0
run_20260521_224941-0358,2026-05-23T21:20:57.619847Z,20.118,20.118,0.0
run_20260521_224941-0358,2026-05-23T21:25:57.619847Z,21.939,21.939,0.0
run_20260521_224941-0359,2026-05-23T07:58:40.900002Z,0.0,0.0,0.0
run_20260521_224941-0359,2026-05-23T08:03:40.900002Z,1.571,1.571,0.0
run_20260521_224941-0359,2026-05-23T08:08:40.900002Z,3.504,3.504,0.0
run_20260521_224941-0359,2026-05-23T08:13:40.900002Z,5.292,5.292,0.0
run_20260521_224941-0359,2026-05-23T08:18:40.900002Z,6.735,6.735,0.0
run_20260521_224941-0359,2026-05-23T08:23:40.900002Z,8.717,8.717,0.0
run_20260521_224941-0359,2026-05-23T08:28:40.900002Z,10.728,10.728,0.0
run_20260521_224941-0359,2026-05-23T08:33:40.900002Z,12.495,12.495,0.0
run_20260521_224941-0359,2026-05-23T08:38:40.900002Z,14.502,14.502,0.0
run_20260521_224941-0359,2026-05-23T08:43:40.900002Z,16.443,16.443,0.0
run_20260521_224941-0359,2026-05-23T08:48:40.900002Z,18.109,18.109,0.0
run_20260521_224941-0359,2026-05-23T08:53:40.900002Z,19.994,19.994,0.0
run_20260521_224941-0359,2026-05-23T08:58:40.900002Z,21.861,21.861,0.0
run_20260521_224941-0359,2026-05-23T09:03:40.900002Z,23.541,23.541,0.0
run_20260521_224941-0359,2026-05-23T09:08:40.900002Z,25.186,25.186,0.0
run_20260521_224941-0359,2026-05-23T09:13:40.900002Z,27.094,27.094,0.0
run_20260521_224941-0360,2026-05-23T07:44:01.723262Z,0.0,0.0,0.0
run_20260521_224941-0360,2026-05-23T07:49:01.723262Z,-2.256,0.0,2.256
run_20260521_224941-0360,2026-05-23T07:54:01.723262Z,-3.841,0.0,3.841
run_20260521_224941-0360,2026-05-23T07:59:01.723262Z,-5.689,0.0,5.689
run_20260521_224941-0360,2026-05-23T08:04:01.723262Z,-7.46,0.0,7.46
run_20260521_224941-0361,2026-05-23T15:06:43.970842Z,0.0,0.0,0.0
run_20260521_224941-0361,2026-05-23T15:11:43.970842Z,0.599,0.599,0.0
run_20260521_224941-0361,2026-05-23T15:16:43.970842Z,1.32,1.32,0.0
run_20260521_224941-0361,2026-05-23T15:21:43.970842Z,0.737,1.32,0.583
run_20260521_224941-0361,2026-05-23T15:26:43.970842Z,0.054,1.32,1.265
run_20260521_224941-0361,2026-05-23T15:31:43.970842Z,-0.596,1.32,1.916
run_20260521_224941-0361,2026-05-23T15:36:43.970842Z,-0.173,1.743,1.916
run_20260521_224941-0361,2026-05-23T15:41:43.970842Z,0.492,2.408,1.916
run_20260521_224941-0361,2026-05-23T15:46:43.970842Z,1.108,3.024,1.916
run_20260521_224941-0362,2026-05-23T20:38:01.351853Z,0.0,0.0,0.0
run_20260521_224941-0362,2026-05-23T20:43:01.351853Z,1.691,1.691,0.0
run_20260521_224941-0362,2026-05-23T20:48:01.351853Z,3.16,3.16,0.0
run_20260521_224941-0362,2026-05-23T20:53:01.351853Z,5.052,5.052,0.0
run_20260521_224941-0362,2026-05-23T20:58:01.351853Z,6.953,6.953,0.0
run_20260521_224941-0362,2026-05-23T21:03:01.351853Z,5.125,6.953,1.828
run_20260521_224941-0362,2026-05-23T21:08:01.351853Z,2.993,6.953,3.959
run_20260521_224941-0362,2026-05-23T21:13:01.351853Z,1.236,6.953,5.716
run_20260521_224941-0362,2026-05-23T21:18:01.351853Z,-0.757,6.953,7.709
run_20260521_224941-0362,2026-05-23T21:23:01.351853Z,1.176,8.885,7.709
run_20260521_224941-0362,2026-05-23T21:28:01.351853Z,3.172,10.882,7.709
run_20260521_224941-0362,2026-05-23T21:33:01.351853Z,4.908,12.618,7.709
run_20260521_224941-0362,2026-05-23T21:38:01.351853Z,6.471,14.18,7.709
run_20260521_224941-0362,2026-05-23T21:43:01.351853Z,8.205,15.914,7.709
run_20260521_224941-0362,2026-05-23T21:48:01.351853Z,10.041,17.751,7.709
run_20260521_224941-0362,2026-05-23T21:53:01.351853Z,11.775,19.485,7.709
run_20260521_224941-0363,2026-05-23T22:58:11.076192Z,0.0,0.0,0.0
run_20260521_224941-0363,2026-05-23T23:03:11.076192Z,-1.643,0.0,1.643
run_20260521_224941-0363,2026-05-23T23:08:11.076192Z,-3.402,0.0,3.402
run_20260521_224941-0363,2026-05-23T23:13:11.076192Z,-5.248,0.0,5.248
run_20260521_224941-0363,2026-05-23T23:18:11.076192Z,-7.083,0.0,7.083
run_20260521_224941-0363,2026-05-23T23:23:11.076192Z,-8.88,0.0,8.88
run_20260521_224941-0363,2026-05-23T23:28:11.076192Z,-11.17,0.0,11.17
run_20260521_224941-0363,2026-05-23T23:33:11.076192Z,-13.108,0.0,13.108
run_20260521_224941-0363,2026-05-23T23:38:11.076192Z,-14.763,0.0,14.763
run_20260521_224941-0364,2026-05-23T12:10:41.006115Z,0.0,0.0,0.0
run_20260521_224941-0364,2026-05-23T12:15:41.006115Z,0.622,0.622,0.0
run_20260521_224941-0364,2026-05-23T12:20:41.006115Z,1.221,1.221,0.0
run_20260521_224941-0364,2026-05-23T12:25:41.006115Z,1.819,1.819,0.0
run_20260521_224941-0364,2026-05-23T12:30:41.006115Z,1.298,1.819,0.521
run_20260521_224941-0364,2026-05-23T12:35:41.006115Z,0.809,1.819,1.01
run_20260521_224941-0364,2026-05-23T12:40:41.006115Z,1.361,2.371,1.01
run_20260521_224941-0365,2026-05-23T15:01:35.328540Z,0.0,0.0,0.0
run_20260521_224941-0365,2026-05-23T15:06:35.328540Z,0.611,0.611,0.0
run_20260521_224941-0365,2026-05-23T15:11:35.328540Z,1.229,1.229,0.0
run_20260521_224941-0365,2026-05-23T15:16:35.328540Z,1.776,1.776,0.0
run_20260521_224941-0365,2026-05-23T15:21:35.328540Z,2.488,2.488,0.0
run_20260521_224941-0365,2026-05-23T15:26:35.328540Z,3.112,3.112,0.0
run_20260521_224941-0365,2026-05-23T15:31:35.328540Z,3.739,3.739,0.0
run_20260521_224941-0365,2026-05-23T15:36:35.328540Z,4.33,4.33,0.0
run_20260521_224941-0365,2026-05-23T15:41:35.328540Z,4.992,4.992,0.0
run_20260521_224941-0365,2026-05-23T15:46:35.328540Z,5.639,5.639,0.0
run_20260521_224941-0365,2026-05-23T15:51:35.328540Z,6.21,6.21,0.0
run_20260521_224941-0365,2026-05-23T15:56:35.328540Z,6.792,6.792,0.0
run_20260521_224941-0365,2026-05-23T16:01:35.328540Z,7.463,7.463,0.0
run_20260521_224941-0365,2026-05-23T16:06:35.328540Z,8.129,8.129,0.0
run_20260521_224941-0365,2026-05-23T16:11:35.328540Z,8.701,8.701,0.0
run_20260521_224941-0365,2026-05-23T16:16:35.328540Z,9.305,9.305,0.0
run_20260521_224941-0366,2026-05-23T03:02:40.913183Z,0.0,0.0,0.0
run_20260521_224941-0366,2026-05-23T03:07:40.913183Z,0.859,0.859,0.0
run_20260521_224941-0366,2026-05-23T03:12:40.913183Z,1.76,1.76,0.0
run_20260521_224941-0366,2026-05-23T03:17:40.913183Z,2.638,2.638,0.0
run_20260521_224941-0366,2026-05-23T03:22:40.913183Z,3.405,3.405,0.0
run_20260521_224941-0366,2026-05-23T03:27:40.913183Z,4.24,4.24,0.0
run_20260521_224941-0366,2026-05-23T03:32:40.913183Z,5.267,5.267,0.0
run_20260521_224941-0366,2026-05-23T03:37:40.913183Z,6.193,6.193,0.0
run_20260521_224941-0366,2026-05-23T03:42:40.913183Z,7.036,7.036,0.0
run_20260521_224941-0367,2026-05-23T20:16:26.455369Z,0.0,0.0,0.0
run_20260521_224941-0367,2026-05-23T20:21:26.455369Z,0.649,0.649,0.0
run_20260521_224941-0367,2026-05-23T20:26:26.455369Z,1.164,1.164,0.0
run_20260521_224941-0367,2026-05-23T20:31:26.455369Z,1.731,1.731,0.0
run_20260521_224941-0367,2026-05-23T20:36:26.455369Z,2.442,2.442,0.0
run_20260521_224941-0367,2026-05-23T20:41:26.455369Z,3.008,3.008,0.0
run_20260521_224941-0367,2026-05-23T20:46:26.455369Z,3.586,3.586,0.0
run_20260521_224941-0368,2026-05-23T04:19:51.814114Z,0.0,0.0,0.0
run_20260521_224941-0368,2026-05-23T04:24:51.814114Z,-0.778,0.0,0.778
run_20260521_224941-0368,2026-05-23T04:29:51.814114Z,-1.676,0.0,1.676
run_20260521_224941-0368,2026-05-23T04:34:51.814114Z,-2.546,0.0,2.546
run_20260521_224941-0368,2026-05-23T04:39:51.814114Z,-3.209,0.0,3.209
run_20260521_224941-0369,2026-05-23T23:17:35.175984Z,0.0,0.0,0.0
run_20260521_224941-0369,2026-05-23T23:22:35.175984Z,0.663,0.663,0.0
run_20260521_224941-0369,2026-05-23T23:27:35.175984Z,1.268,1.268,0.0
run_20260521_224941-0369,2026-05-23T23:32:35.175984Z,0.637,1.268,0.631
run_20260521_224941-0369,2026-05-23T23:37:35.175984Z,1.254,1.885,0.631
run_20260521_224941-0370,2026-05-23T05:23:26.584585Z,0.0,0.0,0.0
run_20260521_224941-0370,2026-05-23T05:28:26.584585Z,0.618,0.618,0.0
run_20260521_224941-0370,2026-05-23T05:33:26.584585Z,1.197,1.197,0.0
run_20260521_224941-0370,2026-05-23T05:38:26.584585Z,1.795,1.795,0.0
run_20260521_224941-0370,2026-05-23T05:43:26.584585Z,2.429,2.429,0.0
run_20260521_224941-0370,2026-05-23T05:48:26.584585Z,3.06,3.06,0.0
run_20260521_224941-0370,2026-05-23T05:53:26.584585Z,3.741,3.741,0.0
run_20260521_224941-0370,2026-05-23T05:58:26.584585Z,4.377,4.377,0.0
run_20260521_224941-0370,2026-05-23T06:03:26.584585Z,4.98,4.98,0.0
run_20260521_224941-0370,2026-05-23T06:08:26.584585Z,5.476,5.476,0.0
run_20260521_224941-0370,2026-05-23T06:13:26.584585Z,6.111,6.111,0.0
run_20260521_224941-0370,2026-05-23T06:18:26.584585Z,5.531,6.111,0.58
run_20260521_224941-0370,2026-05-23T06:23:26.584585Z,6.162,6.742,0.58
run_20260521_224941-0371,2026-05-23T01:12:44.405321Z,0.0,0.0,0.0
run_20260521_224941-0371,2026-05-23T01:17:44.405321Z,0.883,0.883,0.0
run_20260521_224941-0371,2026-05-23T01:22:44.405321Z,1.761,1.761,0.0
run_20260521_224941-0371,2026-05-23T01:27:44.405321Z,2.66,2.66,0.0
run_20260521_224941-0371,2026-05-23T01:32:44.405321Z,3.563,3.563,0.0
run_20260521_224941-0371,2026-05-23T01:37:44.405321Z,2.654,3.563,0.909
run_20260521_224941-0371,2026-05-23T01:42:44.405321Z,1.725,3.563,1.838
run_20260521_224941-0371,2026-05-23T01:47:44.405321Z,2.7,4.538,1.838
run_20260521_224941-0371,2026-05-23T01:52:44.405321Z,3.577,5.416,1.838
run_20260521_224941-0372,2026-05-23T01:53:30.771823Z,0.0,0.0,0.0
run_20260521_224941-0372,2026-05-23T01:58:30.771823Z,1.11,1.11,0.0
run_20260521_224941-0372,2026-05-23T02:03:30.771823Z,2.081,2.081,0.0
run_20260521_224941-0372,2026-05-23T02:08:30.771823Z,3.124,3.124,0.0
run_20260521_224941-0372,2026-05-23T02:13:30.771823Z,4.176,4.176,0.0
run_20260521_224941-0372,2026-05-23T02:18:30.771823Z,5.202,5.202,0.0
run_20260521_224941-0372,2026-05-23T02:23:30.771823Z,6.214,6.214,0.0
run_20260521_224941-0372,2026-05-23T02:28:30.771823Z,7.119,7.119,0.0
run_20260521_224941-0372,2026-05-23T02:33:30.771823Z,7.943,7.943,0.0
run_20260521_224941-0372,2026-05-23T02:38:30.771823Z,8.851,8.851,0.0
run_20260521_224941-0372,2026-05-23T02:43:30.771823Z,9.773,9.773,0.0
run_20260521_224941-0372,2026-05-23T02:48:30.771823Z,10.61,10.61,0.0
run_20260521_224941-0372,2026-05-23T02:53:30.771823Z,11.419,11.419,0.0
run_20260521_224941-0373,2026-05-23T06:39:07.400153Z,0.0,0.0,0.0
run_20260521_224941-0373,2026-05-23T06:44:07.400153Z,0.94,0.94,0.0
run_20260521_224941-0373,2026-05-23T06:49:07.400153Z,1.781,1.781,0.0
run_20260521_224941-0373,2026-05-23T06:54:07.400153Z,2.765,2.765,0.0
run_20260521_224941-0373,2026-05-23T06:59:07.400153Z,3.669,3.669,0.0
run_20260521_224941-0374,2026-05-23T19:27:08.977238Z,0.0,0.0,0.0
run_20260521_224941-0374,2026-05-23T19:32:08.977238Z,0.777,0.777,0.0
run_20260521_224941-0374,2026-05-23T19:37:08.977238Z,1.684,1.684,0.0
run_20260521_224941-0374,2026-05-23T19:42:08.977238Z,2.612,2.612,0.0
run_20260521_224941-0374,2026-05-23T19:47:08.977238Z,3.466,3.466,0.0
run_20260521_224941-0375,2026-05-23T21:07:19.578288Z,0.0,0.0,0.0
run_20260521_224941-0375,2026-05-23T21:12:19.578288Z,0.795,0.795,0.0
run_20260521_224941-0375,2026-05-23T21:17:19.578288Z,1.861,1.861,0.0
run_20260521_224941-0375,2026-05-23T21:22:19.578288Z,2.756,2.756,0.0
run_20260521_224941-0375,2026-05-23T21:27:19.578288Z,3.717,3.717,0.0
run_20260521_224941-0375,2026-05-23T21:32:19.578288Z,4.598,4.598,0.0
run_20260521_224941-0375,2026-05-23T21:37:19.578288Z,5.475,5.475,0.0
run_20260521_224941-0375,2026-05-23T21:42:19.578288Z,6.438,6.438,0.0
run_20260521_224941-0375,2026-05-23T21:47:19.578288Z,7.409,7.409,0.0
run_20260521_224941-0375,2026-05-23T21:52:19.578288Z,8.494,8.494,0.0
run_20260521_224941-0375,2026-05-23T21:57:19.578288Z,9.355,9.355,0.0
run_20260521_224941-0375,2026-05-23T22:02:19.578288Z,10.31,10.31,0.0
run_20260521_224941-0375,2026-05-23T22:07:19.578288Z,11.13,11.13,0.0
run_20260521_224941-0376,2026-05-23T05:49:55.425660Z,0.0,0.0,0.0
run_20260521_224941-0376,2026-05-23T05:54:55.425660Z,0.966,0.966,0.0
run_20260521_224941-0376,2026-05-23T05:59:55.425660Z,1.808,1.808,0.0
run_20260521_224941-0376,2026-05-23T06:04:55.425660Z,2.668,2.668,0.0
run_20260521_224941-0376,2026-05-23T06:09:55.425660Z,3.511,3.511,0.0
run_20260521_224941-0376,2026-05-23T06:14:55.425660Z,4.435,4.435,0.0
run_20260521_224941-0376,2026-05-23T06:19:55.425660Z,5.357,5.357,0.0
run_20260521_224941-0376,2026-05-23T06:24:55.425660Z,6.23,6.23,0.0
run_20260521_224941-0376,2026-05-23T06:29:55.425660Z,7.146,7.146,0.0
run_20260521_224941-0376,2026-05-23T06:34:55.425660Z,8.17,8.17,0.0
run_20260521_224941-0376,2026-05-23T06:39:55.425660Z,9.053,9.053,0.0
run_20260521_224941-0376,2026-05-23T06:44:55.425660Z,9.934,9.934,0.0
run_20260521_224941-0376,2026-05-23T06:49:55.425660Z,10.875,10.875,0.0
run_20260521_224941-0377,2026-05-23T14:48:00.510289Z,0.0,0.0,0.0
run_20260521_224941-0377,2026-05-23T14:53:00.510289Z,-0.612,0.0,0.612
run_20260521_224941-0377,2026-05-23T14:58:00.510289Z,-1.139,0.0,1.139
run_20260521_224941-0377,2026-05-23T15:03:00.510289Z,-1.668,0.0,1.668
run_20260521_224941-0377,2026-05-23T15:08:00.510289Z,-2.23,0.0,2.23
run_20260521_224941-0377,2026-05-23T15:13:00.510289Z,-2.768,0.0,2.768
run_20260521_224941-0377,2026-05-23T15:18:00.510289Z,-3.301,0.0,3.301
run_20260521_224941-0377,2026-05-23T15:23:00.510289Z,-3.904,0.0,3.904
run_20260521_224941-0377,2026-05-23T15:28:00.510289Z,-4.485,0.0,4.485
run_20260521_224941-0378,2026-05-23T10:51:52.029079Z,0.0,0.0,0.0
run_20260521_224941-0378,2026-05-23T10:56:52.029079Z,1.02,1.02,0.0
run_20260521_224941-0378,2026-05-23T11:01:52.029079Z,2.01,2.01,0.0
run_20260521_224941-0378,2026-05-23T11:06:52.029079Z,2.995,2.995,0.0
run_20260521_224941-0378,2026-05-23T11:11:52.029079Z,3.972,3.972,0.0
run_20260521_224941-0379,2026-05-23T02:45:01.900209Z,0.0,0.0,0.0
run_20260521_224941-0379,2026-05-23T02:50:01.900209Z,-0.838,0.0,0.838
run_20260521_224941-0379,2026-05-23T02:55:01.900209Z,-1.719,0.0,1.719
run_20260521_224941-0379,2026-05-23T03:00:01.900209Z,-2.72,0.0,2.72
run_20260521_224941-0379,2026-05-23T03:05:01.900209Z,-3.647,0.0,3.647
run_20260521_224941-0379,2026-05-23T03:10:01.900209Z,-4.446,0.0,4.446
run_20260521_224941-0379,2026-05-23T03:15:01.900209Z,-5.246,0.0,5.246
run_20260521_224941-0380,2026-05-23T11:49:22.411787Z,0.0,0.0,0.0
run_20260521_224941-0380,2026-05-23T11:54:22.411787Z,0.924,0.924,0.0
run_20260521_224941-0380,2026-05-23T11:59:22.411787Z,1.965,1.965,0.0
run_20260521_224941-0380,2026-05-23T12:04:22.411787Z,2.859,2.859,0.0
run_20260521_224941-0380,2026-05-23T12:09:22.411787Z,3.623,3.623,0.0
run_20260521_224941-0380,2026-05-23T12:14:22.411787Z,4.742,4.742,0.0
run_20260521_224941-0380,2026-05-23T12:19:22.411787Z,5.649,5.649,0.0
run_20260521_224941-0380,2026-05-23T12:24:22.411787Z,6.586,6.586,0.0
run_20260521_224941-0380,2026-05-23T12:29:22.411787Z,7.67,7.67,0.0
run_20260521_224941-0380,2026-05-23T12:34:22.411787Z,8.635,8.635,0.0
run_20260521_224941-0380,2026-05-23T12:39:22.411787Z,9.464,9.464,0.0
run_20260521_224941-0380,2026-05-23T12:44:22.411787Z,10.504,10.504,0.0
run_20260521_224941-0380,2026-05-23T12:49:22.411787Z,11.611,11.611,0.0
run_20260521_224941-0381,2026-05-23T14:05:49.282339Z,0.0,0.0,0.0
run_20260521_224941-0381,2026-05-23T14:10:49.282339Z,1.898,1.898,0.0
run_20260521_224941-0381,2026-05-23T14:15:49.282339Z,3.702,3.702,0.0
run_20260521_224941-0381,2026-05-23T14:20:49.282339Z,1.797,3.702,1.905
run_20260521_224941-0381,2026-05-23T14:25:49.282339Z,3.49,5.395,1.905
run_20260521_224941-0382,2026-05-23T23:05:10.573486Z,0.0,0.0,0.0
run_20260521_224941-0382,2026-05-23T23:10:10.573486Z,1.491,1.491,0.0
run_20260521_224941-0382,2026-05-23T23:15:10.573486Z,3.292,3.292,0.0
run_20260521_224941-0382,2026-05-23T23:20:10.573486Z,5.143,5.143,0.0
run_20260521_224941-0382,2026-05-23T23:25:10.573486Z,6.938,6.938,0.0
run_20260521_224941-0382,2026-05-23T23:30:10.573486Z,8.779,8.779,0.0
run_20260521_224941-0382,2026-05-23T23:35:10.573486Z,10.516,10.516,0.0
run_20260521_224941-0382,2026-05-23T23:40:10.573486Z,12.567,12.567,0.0
run_20260521_224941-0382,2026-05-23T23:45:10.573486Z,14.363,14.363,0.0
run_20260521_224941-0382,2026-05-23T23:50:10.573486Z,16.271,16.271,0.0
run_20260521_224941-0382,2026-05-23T23:55:10.573486Z,17.825,17.825,0.0
run_20260521_224941-0382,2026-05-24T00:00:10.573486Z,19.678,19.678,0.0
run_20260521_224941-0382,2026-05-24T00:05:10.573486Z,21.571,21.571,0.0
run_20260521_224941-0383,2026-05-23T15:15:47.916017Z,0.0,0.0,0.0
run_20260521_224941-0383,2026-05-23T15:20:47.916017Z,0.668,0.668,0.0
run_20260521_224941-0383,2026-05-23T15:25:47.916017Z,1.328,1.328,0.0
run_20260521_224941-0383,2026-05-23T15:30:47.916017Z,1.842,1.842,0.0
run_20260521_224941-0383,2026-05-23T15:35:47.916017Z,2.482,2.482,0.0
run_20260521_224941-0383,2026-05-23T15:40:47.916017Z,3.019,3.019,0.0
run_20260521_224941-0383,2026-05-23T15:45:47.916017Z,3.615,3.615,0.0
run_20260521_224941-0383,2026-05-23T15:50:47.916017Z,4.233,4.233,0.0
run_20260521_224941-0383,2026-05-23T15:55:47.916017Z,4.894,4.894,0.0
run_20260521_224941-0383,2026-05-23T16:00:47.916017Z,5.492,5.492,0.0
run_20260521_224941-0383,2026-05-23T16:05:47.916017Z,6.107,6.107,0.0
run_20260521_224941-0383,2026-05-23T16:10:47.916017Z,6.805,6.805,0.0
run_20260521_224941-0383,2026-05-23T16:15:47.916017Z,7.502,7.502,0.0
run_20260521_224941-0384,2026-05-23T04:45:17.557985Z,0.0,0.0,0.0
run_20260521_224941-0384,2026-05-23T04:50:17.557985Z,1.013,1.013,0.0
run_20260521_224941-0384,2026-05-23T04:55:17.557985Z,1.978,1.978,0.0
run_20260521_224941-0384,2026-05-23T05:00:17.557985Z,2.798,2.798,0.0
run_20260521_224941-0384,2026-05-23T05:05:17.557985Z,3.673,3.673,0.0
run_20260521_224941-0384,2026-05-23T05:10:17.557985Z,4.718,4.718,0.0
run_20260521_224941-0384,2026-05-23T05:15:17.557985Z,5.598,5.598,0.0
run_20260521_224941-0384,2026-05-23T05:20:17.557985Z,6.602,6.602,0.0
run_20260521_224941-0384,2026-05-23T05:25:17.557985Z,7.518,7.518,0.0
run_20260521_224941-0384,2026-05-23T05:30:17.557985Z,8.545,8.545,0.0
run_20260521_224941-0384,2026-05-23T05:35:17.557985Z,9.407,9.407,0.0
run_20260521_224941-0384,2026-05-23T05:40:17.557985Z,8.592,9.407,0.815
run_20260521_224941-0384,2026-05-23T05:45:17.557985Z,9.603,10.418,0.815
run_20260521_224941-0385,2026-05-23T08:07:26.342936Z,0.0,0.0,0.0
run_20260521_224941-0385,2026-05-23T08:12:26.342936Z,0.829,0.829,0.0
run_20260521_224941-0385,2026-05-23T08:17:26.342936Z,1.622,1.622,0.0
run_20260521_224941-0385,2026-05-23T08:22:26.342936Z,2.513,2.513,0.0
run_20260521_224941-0385,2026-05-23T08:27:26.342936Z,3.441,3.441,0.0
run_20260521_224941-0385,2026-05-23T08:32:26.342936Z,4.261,4.261,0.0
run_20260521_224941-0385,2026-05-23T08:37:26.342936Z,5.059,5.059,0.0
run_20260521_224941-0385,2026-05-23T08:42:26.342936Z,5.924,5.924,0.0
run_20260521_224941-0385,2026-05-23T08:47:26.342936Z,6.754,6.754,0.0
run_20260521_224941-0385,2026-05-23T08:52:26.342936Z,7.659,7.659,0.0
run_20260521_224941-0385,2026-05-23T08:57:26.342936Z,8.607,8.607,0.0
run_20260521_224941-0385,2026-05-23T09:02:26.342936Z,9.566,9.566,0.0
run_20260521_224941-0385,2026-05-23T09:07:26.342936Z,10.452,10.452,0.0
run_20260521_224941-0386,2026-05-23T08:46:08.665006Z,0.0,0.0,0.0
run_20260521_224941-0386,2026-05-23T08:51:08.665006Z,0.846,0.846,0.0
run_20260521_224941-0386,2026-05-23T08:56:08.665006Z,1.719,1.719,0.0
run_20260521_224941-0386,2026-05-23T09:01:08.665006Z,2.58,2.58,0.0
run_20260521_224941-0386,2026-05-23T09:06:08.665006Z,3.421,3.421,0.0
run_20260521_224941-0386,2026-05-23T09:11:08.665006Z,4.282,4.282,0.0
run_20260521_224941-0386,2026-05-23T09:16:08.665006Z,5.244,5.244,0.0
run_20260521_224941-0386,2026-05-23T09:21:08.665006Z,6.2,6.2,0.0
run_20260521_224941-0386,2026-05-23T09:26:08.665006Z,7.122,7.122,0.0
run_20260521_224941-0386,2026-05-23T09:31:08.665006Z,8.21,8.21,0.0
run_20260521_224941-0386,2026-05-23T09:36:08.665006Z,9.012,9.012,0.0
run_20260521_224941-0386,2026-05-23T09:41:08.665006Z,9.955,9.955,0.0
run_20260521_224941-0386,2026-05-23T09:46:08.665006Z,10.75,10.75,0.0
run_20260521_224941-0387,2026-05-23T17:46:54.512379Z,0.0,0.0,0.0
run_20260521_224941-0387,2026-05-23T17:51:54.512379Z,1.937,1.937,0.0
run_20260521_224941-0387,2026-05-23T17:56:54.512379Z,3.737,3.737,0.0
run_20260521_224941-0387,2026-05-23T18:01:54.512379Z,5.528,5.528,0.0
run_20260521_224941-0387,2026-05-23T18:06:54.512379Z,7.306,7.306,0.0
run_20260521_224941-0387,2026-05-23T18:11:54.512379Z,8.824,8.824,0.0
run_20260521_224941-0387,2026-05-23T18:16:54.512379Z,11.024,11.024,0.0
run_20260521_224941-0387,2026-05-23T18:21:54.512379Z,12.991,12.991,0.0
run_20260521_224941-0387,2026-05-23T18:26:54.512379Z,14.764,14.764,0.0
run_20260521_224941-0388,2026-05-23T07:51:47.532855Z,0.0,0.0,0.0
run_20260521_224941-0388,2026-05-23T07:56:47.532855Z,0.988,0.988,0.0
run_20260521_224941-0388,2026-05-23T08:01:47.532855Z,1.896,1.896,0.0
run_20260521_224941-0388,2026-05-23T08:06:47.532855Z,2.763,2.763,0.0
run_20260521_224941-0388,2026-05-23T08:11:47.532855Z,3.794,3.794,0.0
run_20260521_224941-0389,2026-05-23T17:56:23.783750Z,0.0,0.0,0.0
run_20260521_224941-0389,2026-05-23T18:01:23.783750Z,0.663,0.663,0.0
run_20260521_224941-0389,2026-05-23T18:06:23.783750Z,1.271,1.271,0.0
run_20260521_224941-0389,2026-05-23T18:11:23.783750Z,1.819,1.819,0.0
run_20260521_224941-0389,2026-05-23T18:16:23.783750Z,2.468,2.468,0.0
run_20260521_224941-0390,2026-05-23T20:31:14.388688Z,0.0,0.0,0.0
run_20260521_224941-0390,2026-05-23T20:36:14.388688Z,0.515,0.515,0.0
run_20260521_224941-0390,2026-05-23T20:41:14.388688Z,1.072,1.072,0.0
run_20260521_224941-0390,2026-05-23T20:46:14.388688Z,1.689,1.689,0.0
run_20260521_224941-0390,2026-05-23T20:51:14.388688Z,2.23,2.23,0.0
run_20260521_224941-0390,2026-05-23T20:56:14.388688Z,2.793,2.793,0.0
run_20260521_224941-0390,2026-05-23T21:01:14.388688Z,3.29,3.29,0.0
run_20260521_224941-0391,2026-05-23T00:51:49.554627Z,0.0,0.0,0.0
run_20260521_224941-0391,2026-05-23T00:56:49.554627Z,1.075,1.075,0.0
run_20260521_224941-0391,2026-05-23T01:01:49.554627Z,1.939,1.939,0.0
run_20260521_224941-0391,2026-05-23T01:06:49.554627Z,2.913,2.913,0.0
run_20260521_224941-0391,2026-05-23T01:11:49.554627Z,3.708,3.708,0.0
run_20260521_224941-0391,2026-05-23T01:16:49.554627Z,4.468,4.468,0.0
run_20260521_224941-0391,2026-05-23T01:21:49.554627Z,5.531,5.531,0.0
run_20260521_224941-0392,2026-05-23T17:54:42.277767Z,0.0,0.0,0.0
run_20260521_224941-0392,2026-05-23T17:59:42.277767Z,0.949,0.949,0.0
run_20260521_224941-0392,2026-05-23T18:04:42.277767Z,1.805,1.805,0.0
run_20260521_224941-0392,2026-05-23T18:09:42.277767Z,2.534,2.534,0.0
run_20260521_224941-0392,2026-05-23T18:14:42.277767Z,3.405,3.405,0.0
run_20260521_224941-0392,2026-05-23T18:19:42.277767Z,4.218,4.218,0.0
run_20260521_224941-0392,2026-05-23T18:24:42.277767Z,5.143,5.143,0.0
run_20260521_224941-0392,2026-05-23T18:29:42.277767Z,6.158,6.158,0.0
run_20260521_224941-0392,2026-05-23T18:34:42.277767Z,7.308,7.308,0.0
run_20260521_224941-0392,2026-05-23T18:39:42.277767Z,8.236,8.236,0.0
run_20260521_224941-0392,2026-05-23T18:44:42.277767Z,9.337,9.337,0.0
run_20260521_224941-0392,2026-05-23T18:49:42.277767Z,10.163,10.163,0.0
run_20260521_224941-0392,2026-05-23T18:54:42.277767Z,11.012,11.012,0.0
run_20260521_224941-0393,2026-05-23T02:00:07.034773Z,0.0,0.0,0.0
run_20260521_224941-0393,2026-05-23T02:05:07.034773Z,-2.242,0.0,2.242
run_20260521_224941-0393,2026-05-23T02:10:07.034773Z,-4.435,0.0,4.435
run_20260521_224941-0393,2026-05-23T02:15:07.034773Z,-6.346,0.0,6.346
run_20260521_224941-0393,2026-05-23T02:20:07.034773Z,-8.372,0.0,8.372
run_20260521_224941-0393,2026-05-23T02:25:07.034773Z,-9.815,0.0,9.815
run_20260521_224941-0393,2026-05-23T02:30:07.034773Z,-11.463,0.0,11.463
run_20260521_224941-0393,2026-05-23T02:35:07.034773Z,-13.33,0.0,13.33
run_20260521_224941-0393,2026-05-23T02:40:07.034773Z,-15.322,0.0,15.322
run_20260521_224941-0394,2026-05-23T22:23:25.870988Z,0.0,0.0,0.0
run_20260521_224941-0394,2026-05-23T22:28:25.870988Z,1.588,1.588,0.0
run_20260521_224941-0394,2026-05-23T22:33:25.870988Z,3.266,3.266,0.0
run_20260521_224941-0394,2026-05-23T22:38:25.870988Z,5.051,5.051,0.0
run_20260521_224941-0394,2026-05-23T22:43:25.870988Z,6.78,6.78,0.0
run_20260521_224941-0394,2026-05-23T22:48:25.870988Z,8.321,8.321,0.0
run_20260521_224941-0394,2026-05-23T22:53:25.870988Z,10.08,10.08,0.0
run_20260521_224941-0394,2026-05-23T22:58:25.870988Z,11.823,11.823,0.0
run_20260521_224941-0394,2026-05-23T23:03:25.870988Z,13.41,13.41,0.0
run_20260521_224941-0394,2026-05-23T23:08:25.870988Z,15.335,15.335,0.0
run_20260521_224941-0394,2026-05-23T23:13:25.870988Z,17.291,17.291,0.0
run_20260521_224941-0394,2026-05-23T23:18:25.870988Z,19.126,19.126,0.0
run_20260521_224941-0394,2026-05-23T23:23:25.870988Z,20.878,20.878,0.0
run_20260521_224941-0395,2026-05-23T03:39:22.618865Z,0.0,0.0,0.0
run_20260521_224941-0395,2026-05-23T03:44:22.618865Z,1.029,1.029,0.0
run_20260521_224941-0395,2026-05-23T03:49:22.618865Z,1.981,1.981,0.0
run_20260521_224941-0395,2026-05-23T03:54:22.618865Z,2.862,2.862,0.0
run_20260521_224941-0395,2026-05-23T03:59:22.618865Z,3.836,3.836,0.0
run_20260521_224941-0395,2026-05-23T04:04:22.618865Z,4.861,4.861,0.0
run_20260521_224941-0395,2026-05-23T04:09:22.618865Z,5.743,5.743,0.0
run_20260521_224941-0395,2026-05-23T04:14:22.618865Z,6.726,6.726,0.0
run_20260521_224941-0395,2026-05-23T04:19:22.618865Z,7.718,7.718,0.0
run_20260521_224941-0395,2026-05-23T04:24:22.618865Z,8.679,8.679,0.0
run_20260521_224941-0395,2026-05-23T04:29:22.618865Z,9.526,9.526,0.0
run_20260521_224941-0395,2026-05-23T04:34:22.618865Z,10.498,10.498,0.0
run_20260521_224941-0395,2026-05-23T04:39:22.618865Z,11.475,11.475,0.0
run_20260521_224941-0396,2026-05-23T08:56:39.396310Z,0.0,0.0,0.0
run_20260521_224941-0396,2026-05-23T09:01:39.396310Z,-0.814,0.0,0.814
run_20260521_224941-0396,2026-05-23T09:06:39.396310Z,0.024,0.838,0.814
run_20260521_224941-0396,2026-05-23T09:11:39.396310Z,0.997,1.811,0.814
run_20260521_224941-0396,2026-05-23T09:16:39.396310Z,1.911,2.725,0.814
run_20260521_224941-0397,2026-05-23T06:44:14.392180Z,0.0,0.0,0.0
run_20260521_224941-0397,2026-05-23T06:49:14.392180Z,0.956,0.956,0.0
run_20260521_224941-0397,2026-05-23T06:54:14.392180Z,1.808,1.808,0.0
run_20260521_224941-0397,2026-05-23T06:59:14.392180Z,2.727,2.727,0.0
run_20260521_224941-0397,2026-05-23T07:04:14.392180Z,3.708,3.708,0.0
run_20260521_224941-0397,2026-05-23T07:09:14.392180Z,4.836,4.836,0.0
run_20260521_224941-0397,2026-05-23T07:14:14.392180Z,5.781,5.781,0.0
run_20260521_224941-0397,2026-05-23T07:19:14.392180Z,6.631,6.631,0.0
run_20260521_224941-0397,2026-05-23T07:24:14.392180Z,7.546,7.546,0.0
run_20260521_224941-0397,2026-05-23T07:29:14.392180Z,8.372,8.372,0.0
run_20260521_224941-0397,2026-05-23T07:34:14.392180Z,9.232,9.232,0.0
run_20260521_224941-0397,2026-05-23T07:39:14.392180Z,10.175,10.175,0.0
run_20260521_224941-0397,2026-05-23T07:44:14.392180Z,11.129,11.129,0.0
run_20260521_224941-0398,2026-05-23T04:57:51.150605Z,0.0,0.0,0.0
run_20260521_224941-0398,2026-05-23T05:02:51.150605Z,1.084,1.084,0.0
run_20260521_224941-0398,2026-05-23T05:07:51.150605Z,2.009,2.009,0.0
run_20260521_224941-0398,2026-05-23T05:12:51.150605Z,3.026,3.026,0.0
run_20260521_224941-0398,2026-05-23T05:17:51.150605Z,3.944,3.944,0.0
run_20260521_224941-0399,2026-05-23T03:04:07.283742Z,0.0,0.0,0.0
run_20260521_224941-0399,2026-05-23T03:09:07.283742Z,2.076,2.076,0.0
run_20260521_224941-0399,2026-05-23T03:14:07.283742Z,3.897,3.897,0.0
run_20260521_224941-0399,2026-05-23T03:19:07.283742Z,5.59,5.59,0.0
run_20260521_224941-0399,2026-05-23T03:24:07.283742Z,7.476,7.476,0.0
run_20260521_224941-0399,2026-05-23T03:29:07.283742Z,9.345,9.345,0.0
run_20260521_224941-0399,2026-05-23T03:34:07.283742Z,11.112,11.112,0.0
run_20260521_224941-0399,2026-05-23T03:39:07.283742Z,9.162,11.112,1.95
run_20260521_224941-0399,2026-05-23T03:44:07.283742Z,6.808,11.112,4.303
run_20260521_224941-0399,2026-05-23T03:49:07.283742Z,5.313,11.112,5.798
run_20260521_224941-0399,2026-05-23T03:54:07.283742Z,3.035,11.112,8.076
run_20260521_224941-0399,2026-05-23T03:59:07.283742Z,4.69,12.767,8.076
run_20260521_224941-0399,2026-05-23T04:04:07.283742Z,6.275,14.352,8.076
run_20260521_224941-0400,2026-05-23T16:43:23.364473Z,0.0,0.0,0.0
run_20260521_224941-0400,2026-05-23T16:48:23.364473Z,-1.657,0.0,1.657
run_20260521_224941-0400,2026-05-23T16:53:23.364473Z,-3.721,0.0,3.721
run_20260521_224941-0400,2026-05-23T16:58:23.364473Z,-5.507,0.0,5.507
run_20260521_224941-0400,2026-05-23T17:03:23.364473Z,-7.216,0.0,7.216
run_20260521_224941-0400,2026-05-23T17:08:23.364473Z,-8.98,0.0,8.98
run_20260521_224941-0400,2026-05-23T17:13:23.364473Z,-10.39,0.0,10.39
run_20260521_224941-0400,2026-05-23T17:18:23.364473Z,-12.214,0.0,12.214
run_20260521_224941-0400,2026-05-23T17:23:23.364473Z,-14.117,0.0,14.117
run_20260521_224941-0400,2026-05-23T17:28:23.364473Z,-15.883,0.0,15.883
run_20260521_224941-0400,2026-05-23T17:33:23.364473Z,-17.624,0.0,17.624
run_20260521_224941-0400,2026-05-23T17:38:23.364473Z,-19.663,0.0,19.663
run_20260521_224941-0400,2026-05-23T17:43:23.364473Z,-21.553,0.0,21.553
run_20260521_224941-0401,2026-05-23T06:02:08.061029Z,0.0,0.0,0.0
run_20260521_224941-0401,2026-05-23T06:07:08.061029Z,0.952,0.952,0.0
run_20260521_224941-0401,2026-05-23T06:12:08.061029Z,1.855,1.855,0.0
run_20260521_224941-0401,2026-05-23T06:17:08.061029Z,2.943,2.943,0.0
run_20260521_224941-0401,2026-05-23T06:22:08.061029Z,3.959,3.959,0.0
run_20260521_224941-0401,2026-05-23T06:27:08.061029Z,4.826,4.826,0.0
run_20260521_224941-0401,2026-05-23T06:32:08.061029Z,5.692,5.692,0.0
run_20260521_224941-0401,2026-05-23T06:37:08.061029Z,6.631,6.631,0.0
run_20260521_224941-0401,2026-05-23T06:42:08.061029Z,7.539,7.539,0.0
run_20260521_224941-0401,2026-05-23T06:47:08.061029Z,8.349,8.349,0.0
run_20260521_224941-0401,2026-05-23T06:52:08.061029Z,9.377,9.377,0.0
run_20260521_224941-0401,2026-05-23T06:57:08.061029Z,10.257,10.257,0.0
run_20260521_224941-0401,2026-05-23T07:02:08.061029Z,11.289,11.289,0.0
run_20260521_224941-0402,2026-05-23T19:35:16.589847Z,0.0,0.0,0.0
run_20260521_224941-0402,2026-05-23T19:40:16.589847Z,0.856,0.856,0.0
run_20260521_224941-0402,2026-05-23T19:45:16.589847Z,1.918,1.918,0.0
run_20260521_224941-0402,2026-05-23T19:50:16.589847Z,2.964,2.964,0.0
run_20260521_224941-0402,2026-05-23T19:55:16.589847Z,3.782,3.782,0.0
run_20260521_224941-0402,2026-05-23T20:00:16.589847Z,4.702,4.702,0.0
run_20260521_224941-0402,2026-05-23T20:05:16.589847Z,5.736,5.736,0.0
run_20260521_224941-0402,2026-05-23T20:10:16.589847Z,4.827,5.736,0.908
run_20260521_224941-0402,2026-05-23T20:15:16.589847Z,3.954,5.736,1.782
run_20260521_224941-0402,2026-05-23T20:20:16.589847Z,3.025,5.736,2.71
run_20260521_224941-0402,2026-05-23T20:25:16.589847Z,2.119,5.736,3.617
run_20260521_224941-0402,2026-05-23T20:30:16.589847Z,2.984,6.601,3.617
run_20260521_224941-0402,2026-05-23T20:35:16.589847Z,3.865,7.482,3.617
run_20260521_224941-0403,2026-05-23T04:14:29.800239Z,0.0,0.0,0.0
run_20260521_224941-0403,2026-05-23T04:19:29.800239Z,1.934,1.934,0.0
run_20260521_224941-0403,2026-05-23T04:24:29.800239Z,3.344,3.344,0.0
run_20260521_224941-0403,2026-05-23T04:29:29.800239Z,4.932,4.932,0.0
run_20260521_224941-0403,2026-05-23T04:34:29.800239Z,6.53,6.53,0.0
run_20260521_224941-0403,2026-05-23T04:39:29.800239Z,8.324,8.324,0.0
run_20260521_224941-0403,2026-05-23T04:44:29.800239Z,10.094,10.094,0.0
run_20260521_224941-0403,2026-05-23T04:49:29.800239Z,11.964,11.964,0.0
run_20260521_224941-0403,2026-05-23T04:54:29.800239Z,13.829,13.829,0.0
run_20260521_224941-0403,2026-05-23T04:59:29.800239Z,15.389,15.389,0.0
run_20260521_224941-0403,2026-05-23T05:04:29.800239Z,17.254,17.254,0.0
run_20260521_224941-0403,2026-05-23T05:09:29.800239Z,19.06,19.06,0.0
run_20260521_224941-0403,2026-05-23T05:14:29.800239Z,20.777,20.777,0.0
run_20260521_224941-0403,2026-05-23T05:19:29.800239Z,22.359,22.359,0.0
run_20260521_224941-0403,2026-05-23T05:24:29.800239Z,24.0,24.0,0.0
run_20260521_224941-0403,2026-05-23T05:29:29.800239Z,25.984,25.984,0.0
run_20260521_224941-0404,2026-05-23T12:56:15.853209Z,0.0,0.0,0.0
run_20260521_224941-0404,2026-05-23T13:01:15.853209Z,0.9,0.9,0.0
run_20260521_224941-0404,2026-05-23T13:06:15.853209Z,1.95,1.95,0.0
run_20260521_224941-0404,2026-05-23T13:11:15.853209Z,2.854,2.854,0.0
run_20260521_224941-0404,2026-05-23T13:16:15.853209Z,3.795,3.795,0.0
run_20260521_224941-0404,2026-05-23T13:21:15.853209Z,4.639,4.639,0.0
run_20260521_224941-0404,2026-05-23T13:26:15.853209Z,5.486,5.486,0.0
run_20260521_224941-0404,2026-05-23T13:31:15.853209Z,6.762,6.762,0.0
run_20260521_224941-0404,2026-05-23T13:36:15.853209Z,7.556,7.556,0.0
run_20260521_224941-0404,2026-05-23T13:41:15.853209Z,8.609,8.609,0.0
run_20260521_224941-0404,2026-05-23T13:46:15.853209Z,9.435,9.435,0.0
run_20260521_224941-0404,2026-05-23T13:51:15.853209Z,10.477,10.477,0.0
run_20260521_224941-0404,2026-05-23T13:56:15.853209Z,11.527,11.527,0.0
run_20260521_224941-0405,2026-05-23T10:51:05.702436Z,0.0,0.0,0.0
run_20260521_224941-0405,2026-05-23T10:56:05.702436Z,0.926,0.926,0.0
run_20260521_224941-0405,2026-05-23T11:01:05.702436Z,2.0,2.0,0.0
run_20260521_224941-0405,2026-05-23T11:06:05.702436Z,1.099,2.0,0.902
run_20260521_224941-0405,2026-05-23T11:11:05.702436Z,0.171,2.0,1.829
run_20260521_224941-0405,2026-05-23T11:16:05.702436Z,-0.769,2.0,2.77
run_20260521_224941-0405,2026-05-23T11:21:05.702436Z,-1.774,2.0,3.774
run_20260521_224941-0405,2026-05-23T11:26:05.702436Z,-2.582,2.0,4.583
run_20260521_224941-0405,2026-05-23T11:31:05.702436Z,-1.59,2.993,4.583
run_20260521_224941-0405,2026-05-23T11:36:05.702436Z,-0.622,3.961,4.583
run_20260521_224941-0405,2026-05-23T11:41:05.702436Z,0.28,4.862,4.583
run_20260521_224941-0405,2026-05-23T11:46:05.702436Z,1.147,5.729,4.583
run_20260521_224941-0405,2026-05-23T11:51:05.702436Z,2.221,6.803,4.583
run_20260521_224941-0405,2026-05-23T11:56:05.702436Z,3.119,7.702,4.583
run_20260521_224941-0405,2026-05-23T12:01:05.702436Z,3.83,8.412,4.583
run_20260521_224941-0405,2026-05-23T12:06:05.702436Z,4.849,9.431,4.583
run_20260521_224941-0406,2026-05-23T19:11:11.123085Z,0.0,0.0,0.0
run_20260521_224941-0406,2026-05-23T19:16:11.123085Z,0.846,0.846,0.0
run_20260521_224941-0406,2026-05-23T19:21:11.123085Z,1.674,1.674,0.0
run_20260521_224941-0406,2026-05-23T19:26:11.123085Z,2.553,2.553,0.0
run_20260521_224941-0406,2026-05-23T19:31:11.123085Z,3.477,3.477,0.0
run_20260521_224941-0406,2026-05-23T19:36:11.123085Z,4.226,4.226,0.0
run_20260521_224941-0406,2026-05-23T19:41:11.123085Z,5.069,5.069,0.0
run_20260521_224941-0406,2026-05-23T19:46:11.123085Z,5.922,5.922,0.0
run_20260521_224941-0406,2026-05-23T19:51:11.123085Z,6.815,6.815,0.0
run_20260521_224941-0406,2026-05-23T19:56:11.123085Z,7.743,7.743,0.0
run_20260521_224941-0406,2026-05-23T20:01:11.123085Z,8.604,8.604,0.0
run_20260521_224941-0406,2026-05-23T20:06:11.123085Z,9.607,9.607,0.0
run_20260521_224941-0406,2026-05-23T20:11:11.123085Z,10.546,10.546,0.0
run_20260521_224941-0407,2026-05-23T21:58:04.983200Z,0.0,0.0,0.0
run_20260521_224941-0407,2026-05-23T22:03:04.983200Z,1.054,1.054,0.0
run_20260521_224941-0407,2026-05-23T22:08:04.983200Z,2.0,2.0,0.0
run_20260521_224941-0407,2026-05-23T22:13:04.983200Z,2.955,2.955,0.0
run_20260521_224941-0407,2026-05-23T22:18:04.983200Z,4.016,4.016,0.0
run_20260521_224941-0407,2026-05-23T22:23:04.983200Z,3.2,4.016,0.816
run_20260521_224941-0407,2026-05-23T22:28:04.983200Z,2.359,4.016,1.657
run_20260521_224941-0407,2026-05-23T22:33:04.983200Z,1.453,4.016,2.562
run_20260521_224941-0407,2026-05-23T22:38:04.983200Z,0.502,4.016,3.514
run_20260521_224941-0407,2026-05-23T22:43:04.983200Z,1.429,4.943,3.514
run_20260521_224941-0407,2026-05-23T22:48:04.983200Z,2.388,5.902,3.514
run_20260521_224941-0407,2026-05-23T22:53:04.983200Z,3.317,6.831,3.514
run_20260521_224941-0407,2026-05-23T22:58:04.983200Z,4.197,7.711,3.514
run_20260521_224941-0408,2026-05-23T17:52:00.078344Z,0.0,0.0,0.0
run_20260521_224941-0408,2026-05-23T17:57:00.078344Z,-1.87,0.0,1.87
run_20260521_224941-0408,2026-05-23T18:02:00.078344Z,-3.783,0.0,3.783
run_20260521_224941-0408,2026-05-23T18:07:00.078344Z,-2.294,1.49,3.783
run_20260521_224941-0408,2026-05-23T18:12:00.078344Z,-0.278,3.506,3.783
run_20260521_224941-0409,2026-05-23T05:48:24.591549Z,0.0,0.0,0.0
run_20260521_224941-0409,2026-05-23T05:53:24.591549Z,1.887,1.887,0.0
run_20260521_224941-0409,2026-05-23T05:58:24.591549Z,3.497,3.497,0.0
run_20260521_224941-0409,2026-05-23T06:03:24.591549Z,5.675,5.675,0.0
run_20260521_224941-0409,2026-05-23T06:08:24.591549Z,7.555,7.555,0.0
run_20260521_224941-0409,2026-05-23T06:13:24.591549Z,9.271,9.271,0.0
run_20260521_224941-0409,2026-05-23T06:18:24.591549Z,11.563,11.563,0.0
run_20260521_224941-0409,2026-05-23T06:23:24.591549Z,13.642,13.642,0.0
run_20260521_224941-0409,2026-05-23T06:28:24.591549Z,15.459,15.459,0.0
run_20260521_224941-0409,2026-05-23T06:33:24.591549Z,17.566,17.566,0.0
run_20260521_224941-0409,2026-05-23T06:38:24.591549Z,19.368,19.368,0.0
run_20260521_224941-0409,2026-05-23T06:43:24.591549Z,21.215,21.215,0.0
run_20260521_224941-0409,2026-05-23T06:48:24.591549Z,23.025,23.025,0.0
run_20260521_224941-0410,2026-05-23T06:33:41.254622Z,0.0,0.0,0.0
run_20260521_224941-0410,2026-05-23T06:38:41.254622Z,1.852,1.852,0.0
run_20260521_224941-0410,2026-05-23T06:43:41.254622Z,3.476,3.476,0.0
run_20260521_224941-0410,2026-05-23T06:48:41.254622Z,5.122,5.122,0.0
run_20260521_224941-0410,2026-05-23T06:53:41.254622Z,7.223,7.223,0.0
run_20260521_224941-0410,2026-05-23T06:58:41.254622Z,8.993,8.993,0.0
run_20260521_224941-0410,2026-05-23T07:03:41.254622Z,10.853,10.853,0.0
run_20260521_224941-0410,2026-05-23T07:08:41.254622Z,12.612,12.612,0.0
run_20260521_224941-0410,2026-05-23T07:13:41.254622Z,14.524,14.524,0.0
run_20260521_224941-0411,2026-05-23T18:57:42.572899Z,0.0,0.0,0.0
run_20260521_224941-0411,2026-05-23T19:02:42.572899Z,1.923,1.923,0.0
run_20260521_224941-0411,2026-05-23T19:07:42.572899Z,3.812,3.812,0.0
run_20260521_224941-0411,2026-05-23T19:12:42.572899Z,1.835,3.812,1.978
run_20260521_224941-0411,2026-05-23T19:17:42.572899Z,0.204,3.812,3.609
run_20260521_224941-0411,2026-05-23T19:22:42.572899Z,-1.677,3.812,5.49
run_20260521_224941-0411,2026-05-23T19:27:42.572899Z,0.266,5.755,5.49
run_20260521_224941-0412,2026-05-23T12:40:03.333236Z,0.0,0.0,0.0
run_20260521_224941-0412,2026-05-23T12:45:03.333236Z,1.848,1.848,0.0
run_20260521_224941-0412,2026-05-23T12:50:03.333236Z,3.704,3.704,0.0
run_20260521_224941-0412,2026-05-23T12:55:03.333236Z,5.544,5.544,0.0
run_20260521_224941-0412,2026-05-23T13:00:03.333236Z,7.18,7.18,0.0
run_20260521_224941-0412,2026-05-23T13:05:03.333236Z,8.801,8.801,0.0
run_20260521_224941-0412,2026-05-23T13:10:03.333236Z,10.988,10.988,0.0
run_20260521_224941-0412,2026-05-23T13:15:03.333236Z,9.201,10.988,1.788
run_20260521_224941-0412,2026-05-23T13:20:03.333236Z,7.387,10.988,3.601
run_20260521_224941-0412,2026-05-23T13:25:03.333236Z,5.8,10.988,5.188
run_20260521_224941-0412,2026-05-23T13:30:03.333236Z,7.49,12.678,5.188
run_20260521_224941-0412,2026-05-23T13:35:03.333236Z,9.272,14.461,5.188
run_20260521_224941-0412,2026-05-23T13:40:03.333236Z,10.895,16.083,5.188
run_20260521_224941-0413,2026-05-23T18:25:03.340085Z,0.0,0.0,0.0
run_20260521_224941-0413,2026-05-23T18:30:03.340085Z,-1.85,0.0,1.85
run_20260521_224941-0413,2026-05-23T18:35:03.340085Z,-3.654,0.0,3.654
run_20260521_224941-0413,2026-05-23T18:40:03.340085Z,-1.557,2.097,3.654
run_20260521_224941-0413,2026-05-23T18:45:03.340085Z,0.347,4.0,3.654
run_20260521_224941-0414,2026-05-23T23:29:02.281705Z,0.0,0.0,0.0
run_20260521_224941-0414,2026-05-23T23:34:02.281705Z,1.775,1.775,0.0
run_20260521_224941-0414,2026-05-23T23:39:02.281705Z,3.622,3.622,0.0
run_20260521_224941-0414,2026-05-23T23:44:02.281705Z,5.584,5.584,0.0
run_20260521_224941-0414,2026-05-23T23:49:02.281705Z,3.61,5.584,1.974
run_20260521_224941-0414,2026-05-23T23:54:02.281705Z,1.867,5.584,3.717
run_20260521_224941-0414,2026-05-23T23:59:02.281705Z,0.316,5.584,5.268
run_20260521_224941-0414,2026-05-24T00:04:02.281705Z,1.939,7.207,5.268
run_20260521_224941-0414,2026-05-24T00:09:02.281705Z,3.719,8.986,5.268
run_20260521_224941-0415,2026-05-23T03:59:21.823563Z,0.0,0.0,0.0
run_20260521_224941-0415,2026-05-23T04:04:21.823563Z,0.876,0.876,0.0
run_20260521_224941-0415,2026-05-23T04:09:21.823563Z,1.864,1.864,0.0
run_20260521_224941-0415,2026-05-23T04:14:21.823563Z,2.675,2.675,0.0
run_20260521_224941-0415,2026-05-23T04:19:21.823563Z,3.561,3.561,0.0
run_20260521_224941-0415,2026-05-23T04:24:21.823563Z,4.627,4.627,0.0
run_20260521_224941-0415,2026-05-23T04:29:21.823563Z,5.52,5.52,0.0
run_20260521_224941-0415,2026-05-23T04:34:21.823563Z,6.394,6.394,0.0
run_20260521_224941-0415,2026-05-23T04:39:21.823563Z,7.35,7.35,0.0
run_20260521_224941-0416,2026-05-23T16:41:44.476410Z,0.0,0.0,0.0
run_20260521_224941-0416,2026-05-23T16:46:44.476410Z,2.071,2.071,0.0
run_20260521_224941-0416,2026-05-23T16:51:44.476410Z,4.031,4.031,0.0
run_20260521_224941-0416,2026-05-23T16:56:44.476410Z,2.314,4.031,1.716
run_20260521_224941-0416,2026-05-23T17:01:44.476410Z,4.335,6.051,1.716
run_20260521_224941-0416,2026-05-23T17:06:44.476410Z,6.457,8.173,1.716
run_20260521_224941-0416,2026-05-23T17:11:44.476410Z,8.327,10.043,1.716
run_20260521_224941-0417,2026-05-23T21:05:12.553964Z,0.0,0.0,0.0
run_20260521_224941-0417,2026-05-23T21:10:12.553964Z,0.902,0.902,0.0
run_20260521_224941-0417,2026-05-23T21:15:12.553964Z,1.838,1.838,0.0
run_20260521_224941-0417,2026-05-23T21:20:12.553964Z,1.077,1.838,0.761
run_20260521_224941-0417,2026-05-23T21:25:12.553964Z,0.343,1.838,1.495
run_20260521_224941-0417,2026-05-23T21:30:12.553964Z,1.192,2.686,1.495
run_20260521_224941-0417,2026-05-23T21:35:12.553964Z,2.221,3.716,1.495
run_20260521_224941-0418,2026-05-23T04:48:27.533103Z,0.0,0.0,0.0
run_20260521_224941-0418,2026-05-23T04:53:27.533103Z,0.503,0.503,0.0
run_20260521_224941-0418,2026-05-23T04:58:27.533103Z,1.011,1.011,0.0
run_20260521_224941-0418,2026-05-23T05:03:27.533103Z,1.536,1.536,0.0
run_20260521_224941-0418,2026-05-23T05:08:27.533103Z,2.198,2.198,0.0
run_20260521_224941-0419,2026-05-23T02:07:10.829426Z,0.0,0.0,0.0
run_20260521_224941-0419,2026-05-23T02:12:10.829426Z,1.974,1.974,0.0
run_20260521_224941-0419,2026-05-23T02:17:10.829426Z,3.798,3.798,0.0
run_20260521_224941-0419,2026-05-23T02:22:10.829426Z,5.548,5.548,0.0
run_20260521_224941-0419,2026-05-23T02:27:10.829426Z,3.815,5.548,1.734
run_20260521_224941-0419,2026-05-23T02:32:10.829426Z,2.113,5.548,3.435
run_20260521_224941-0419,2026-05-23T02:37:10.829426Z,4.178,7.612,3.435
run_20260521_224941-0420,2026-05-23T18:05:44.692017Z,0.0,0.0,0.0
run_20260521_224941-0420,2026-05-23T18:10:44.692017Z,1.052,1.052,0.0
run_20260521_224941-0420,2026-05-23T18:15:44.692017Z,0.15,1.052,0.902
run_20260521_224941-0420,2026-05-23T18:20:44.692017Z,-0.911,1.052,1.963
run_20260521_224941-0420,2026-05-23T18:25:44.692017Z,-0.105,1.858,1.963
run_20260521_224941-0420,2026-05-23T18:30:44.692017Z,0.877,2.84,1.963
run_20260521_224941-0420,2026-05-23T18:35:44.692017Z,1.798,3.761,1.963
run_20260521_224941-0420,2026-05-23T18:40:44.692017Z,2.868,4.831,1.963
run_20260521_224941-0420,2026-05-23T18:45:44.692017Z,3.626,5.589,1.963
run_20260521_224941-0420,2026-05-23T18:50:44.692017Z,4.513,6.476,1.963
run_20260521_224941-0420,2026-05-23T18:55:44.692017Z,5.492,7.456,1.963
run_20260521_224941-0420,2026-05-23T19:00:44.692017Z,6.483,8.446,1.963
run_20260521_224941-0420,2026-05-23T19:05:44.692017Z,7.57,9.533,1.963
run_20260521_224941-0421,2026-05-23T13:21:41.201240Z,0.0,0.0,0.0
run_20260521_224941-0421,2026-05-23T13:26:41.201240Z,1.64,1.64,0.0
run_20260521_224941-0421,2026-05-23T13:31:41.201240Z,3.546,3.546,0.0
run_20260521_224941-0421,2026-05-23T13:36:41.201240Z,5.353,5.353,0.0
run_20260521_224941-0421,2026-05-23T13:41:41.201240Z,6.98,6.98,0.0
run_20260521_224941-0422,2026-05-23T08:08:20.778715Z,0.0,0.0,0.0
run_20260521_224941-0422,2026-05-23T08:13:20.778715Z,2.31,2.31,0.0
run_20260521_224941-0422,2026-05-23T08:18:20.778715Z,4.257,4.257,0.0
run_20260521_224941-0422,2026-05-23T08:23:20.778715Z,2.781,4.257,1.477
run_20260521_224941-0422,2026-05-23T08:28:20.778715Z,0.759,4.257,3.498
run_20260521_224941-0422,2026-05-23T08:33:20.778715Z,-1.042,4.257,5.299
run_20260521_224941-0422,2026-05-23T08:38:20.778715Z,1.006,6.305,5.299
run_20260521_224941-0423,2026-05-23T23:47:37.247025Z,0.0,0.0,0.0
run_20260521_224941-0423,2026-05-23T23:52:37.247025Z,1.646,1.646,0.0
run_20260521_224941-0423,2026-05-23T23:57:37.247025Z,3.592,3.592,0.0
run_20260521_224941-0423,2026-05-24T00:02:37.247025Z,5.574,5.574,0.0
run_20260521_224941-0423,2026-05-24T00:07:37.247025Z,7.17,7.17,0.0
run_20260521_224941-0423,2026-05-24T00:12:37.247025Z,8.702,8.702,0.0
run_20260521_224941-0423,2026-05-24T00:17:37.247025Z,10.355,10.355,0.0
run_20260521_224941-0423,2026-05-24T00:22:37.247025Z,12.009,12.009,0.0
run_20260521_224941-0423,2026-05-24T00:27:37.247025Z,13.685,13.685,0.0
run_20260521_224941-0424,2026-05-23T21:57:38.128228Z,0.0,0.0,0.0
run_20260521_224941-0424,2026-05-23T22:02:38.128228Z,-0.947,0.0,0.947
run_20260521_224941-0424,2026-05-23T22:07:38.128228Z,-1.827,0.0,1.827
run_20260521_224941-0424,2026-05-23T22:12:38.128228Z,-2.558,0.0,2.558
run_20260521_224941-0424,2026-05-23T22:17:38.128228Z,-3.361,0.0,3.361
run_20260521_224941-0424,2026-05-23T22:22:38.128228Z,-4.263,0.0,4.263
run_20260521_224941-0424,2026-05-23T22:27:38.128228Z,-5.205,0.0,5.205
run_20260521_224941-0424,2026-05-23T22:32:38.128228Z,-6.228,0.0,6.228
run_20260521_224941-0424,2026-05-23T22:37:38.128228Z,-7.113,0.0,7.113
run_20260521_224941-0424,2026-05-23T22:42:38.128228Z,-8.107,0.0,8.107
run_20260521_224941-0424,2026-05-23T22:47:38.128228Z,-9.011,0.0,9.011
run_20260521_224941-0424,2026-05-23T22:52:38.128228Z,-9.912,0.0,9.912
run_20260521_224941-0424,2026-05-23T22:57:38.128228Z,-10.917,0.0,10.917
run_20260521_224941-0424,2026-05-23T23:02:38.128228Z,-11.761,0.0,11.761
run_20260521_224941-0424,2026-05-23T23:07:38.128228Z,-12.669,0.0,12.669
run_20260521_224941-0424,2026-05-23T23:12:38.128228Z,-13.758,0.0,13.758
run_20260521_224941-0425,2026-05-23T06:24:56.395301Z,0.0,0.0,0.0
run_20260521_224941-0425,2026-05-23T06:29:56.395301Z,0.899,0.899,0.0
run_20260521_224941-0425,2026-05-23T06:34:56.395301Z,1.839,1.839,0.0
run_20260521_224941-0425,2026-05-23T06:39:56.395301Z,2.728,2.728,0.0
run_20260521_224941-0425,2026-05-23T06:44:56.395301Z,3.606,3.606,0.0
run_20260521_224941-0425,2026-05-23T06:49:56.395301Z,4.478,4.478,0.0
run_20260521_224941-0425,2026-05-23T06:54:56.395301Z,5.538,5.538,0.0
run_20260521_224941-0425,2026-05-23T06:59:56.395301Z,6.204,6.204,0.0
run_20260521_224941-0425,2026-05-23T07:04:56.395301Z,7.197,7.197,0.0
run_20260521_224941-0426,2026-05-23T03:42:55.565446Z,0.0,0.0,0.0
run_20260521_224941-0426,2026-05-23T03:47:55.565446Z,0.871,0.871,0.0
run_20260521_224941-0426,2026-05-23T03:52:55.565446Z,1.766,1.766,0.0
run_20260521_224941-0426,2026-05-23T03:57:55.565446Z,0.957,1.766,0.809
run_20260521_224941-0426,2026-05-23T04:02:55.565446Z,-0.064,1.766,1.83
run_20260521_224941-0426,2026-05-23T04:07:55.565446Z,-1.068,1.766,2.834
run_20260521_224941-0426,2026-05-23T04:12:55.565446Z,-0.083,2.75,2.834
run_20260521_224941-0427,2026-05-23T20:27:57.798900Z,0.0,0.0,0.0
run_20260521_224941-0427,2026-05-23T20:32:57.798900Z,0.996,0.996,0.0
run_20260521_224941-0427,2026-05-23T20:37:57.798900Z,1.846,1.846,0.0
run_20260521_224941-0427,2026-05-23T20:42:57.798900Z,2.679,2.679,0.0
run_20260521_224941-0427,2026-05-23T20:47:57.798900Z,3.625,3.625,0.0
run_20260521_224941-0427,2026-05-23T20:52:57.798900Z,4.422,4.422,0.0
run_20260521_224941-0427,2026-05-23T20:57:57.798900Z,5.318,5.318,0.0
run_20260521_224941-0427,2026-05-23T21:02:57.798900Z,4.493,5.318,0.825
run_20260521_224941-0427,2026-05-23T21:07:57.798900Z,5.398,6.224,0.825
run_20260521_224941-0427,2026-05-23T21:12:57.798900Z,6.306,7.131,0.825
run_20260521_224941-0427,2026-05-23T21:17:57.798900Z,7.33,8.155,0.825
run_20260521_224941-0427,2026-05-23T21:22:57.798900Z,8.159,8.985,0.825
run_20260521_224941-0427,2026-05-23T21:27:57.798900Z,9.121,9.947,0.825
run_20260521_224941-0428,2026-05-23T20:31:08.489932Z,0.0,0.0,0.0
run_20260521_224941-0428,2026-05-23T20:36:08.489932Z,1.015,1.015,0.0
run_20260521_224941-0428,2026-05-23T20:41:08.489932Z,2.036,2.036,0.0
run_20260521_224941-0428,2026-05-23T20:46:08.489932Z,2.982,2.982,0.0
run_20260521_224941-0428,2026-05-23T20:51:08.489932Z,3.864,3.864,0.0
run_20260521_224941-0428,2026-05-23T20:56:08.489932Z,4.805,4.805,0.0
run_20260521_224941-0428,2026-05-23T21:01:08.489932Z,5.823,5.823,0.0
run_20260521_224941-0429,2026-05-23T09:32:41.741533Z,0.0,0.0,0.0
run_20260521_224941-0429,2026-05-23T09:37:41.741533Z,0.634,0.634,0.0
run_20260521_224941-0429,2026-05-23T09:42:41.741533Z,1.242,1.242,0.0
run_20260521_224941-0429,2026-05-23T09:47:41.741533Z,0.77,1.242,0.473
run_20260521_224941-0429,2026-05-23T09:52:41.741533Z,0.036,1.242,1.206
run_20260521_224941-0429,2026-05-23T09:57:41.741533Z,-0.541,1.242,1.783
run_20260521_224941-0429,2026-05-23T10:02:41.741533Z,-1.206,1.242,2.448
run_20260521_224941-0429,2026-05-23T10:07:41.741533Z,-1.815,1.242,3.057
run_20260521_224941-0429,2026-05-23T10:12:41.741533Z,-1.247,1.81,3.057
run_20260521_224941-0429,2026-05-23T10:17:41.741533Z,-0.663,2.394,3.057
run_20260521_224941-0429,2026-05-23T10:22:41.741533Z,-0.073,2.984,3.057
run_20260521_224941-0429,2026-05-23T10:27:41.741533Z,0.626,3.683,3.057
run_20260521_224941-0429,2026-05-23T10:32:41.741533Z,1.148,4.205,3.057
run_20260521_224941-0430,2026-05-23T21:02:50.868965Z,0.0,0.0,0.0
run_20260521_224941-0430,2026-05-23T21:07:50.868965Z,0.532,0.532,0.0
run_20260521_224941-0430,2026-05-23T21:12:50.868965Z,1.171,1.171,0.0
run_20260521_224941-0430,2026-05-23T21:17:50.868965Z,1.653,1.653,0.0
run_20260521_224941-0430,2026-05-23T21:22:50.868965Z,2.201,2.201,0.0
run_20260521_224941-0430,2026-05-23T21:27:50.868965Z,2.814,2.814,0.0
run_20260521_224941-0430,2026-05-23T21:32:50.868965Z,3.348,3.348,0.0
run_20260521_224941-0430,2026-05-23T21:37:50.868965Z,3.932,3.932,0.0
run_20260521_224941-0430,2026-05-23T21:42:50.868965Z,4.452,4.452,0.0
run_20260521_224941-0431,2026-05-23T07:58:12.127644Z,0.0,0.0,0.0
run_20260521_224941-0431,2026-05-23T08:03:12.127644Z,-1.917,0.0,1.917
run_20260521_224941-0431,2026-05-23T08:08:12.127644Z,-3.492,0.0,3.492
run_20260521_224941-0431,2026-05-23T08:13:12.127644Z,-5.213,0.0,5.213
run_20260521_224941-0431,2026-05-23T08:18:12.127644Z,-7.118,0.0,7.118
run_20260521_224941-0431,2026-05-23T08:23:12.127644Z,-8.77,0.0,8.77
run_20260521_224941-0431,2026-05-23T08:28:12.127644Z,-10.744,0.0,10.744
run_20260521_224941-0432,2026-05-23T03:12:01.611264Z,0.0,0.0,0.0
run_20260521_224941-0432,2026-05-23T03:17:01.611264Z,1.855,1.855,0.0
run_20260521_224941-0432,2026-05-23T03:22:01.611264Z,3.532,3.532,0.0
run_20260521_224941-0432,2026-05-23T03:27:01.611264Z,5.204,5.204,0.0
run_20260521_224941-0432,2026-05-23T03:32:01.611264Z,6.829,6.829,0.0
run_20260521_224941-0433,2026-05-23T05:48:02.049803Z,0.0,0.0,0.0
run_20260521_224941-0433,2026-05-23T05:53:02.049803Z,1.907,1.907,0.0
run_20260521_224941-0433,2026-05-23T05:58:02.049803Z,3.685,3.685,0.0
run_20260521_224941-0433,2026-05-23T06:03:02.049803Z,5.624,5.624,0.0
run_20260521_224941-0433,2026-05-23T06:08:02.049803Z,7.413,7.413,0.0
run_20260521_224941-0433,2026-05-23T06:13:02.049803Z,5.259,7.413,2.153
run_20260521_224941-0433,2026-05-23T06:18:02.049803Z,3.388,7.413,4.025
run_20260521_224941-0433,2026-05-23T06:23:02.049803Z,1.546,7.413,5.867
run_20260521_224941-0433,2026-05-23T06:28:02.049803Z,-0.574,7.413,7.987
run_20260521_224941-0433,2026-05-23T06:33:02.049803Z,-2.559,7.413,9.971
run_20260521_224941-0433,2026-05-23T06:38:02.049803Z,-4.263,7.413,11.676
run_20260521_224941-0433,2026-05-23T06:43:02.049803Z,-6.184,7.413,13.597
run_20260521_224941-0433,2026-05-23T06:48:02.049803Z,-7.783,7.413,15.195
run_20260521_224941-0433,2026-05-23T06:53:02.049803Z,-5.995,9.2,15.195
run_20260521_224941-0433,2026-05-23T06:58:02.049803Z,-4.129,11.066,15.195
run_20260521_224941-0433,2026-05-23T07:03:02.049803Z,-2.27,12.925,15.195
run_20260521_224941-0434,2026-05-23T16:21:58.157584Z,0.0,0.0,0.0
run_20260521_224941-0434,2026-05-23T16:26:58.157584Z,0.59,0.59,0.0
run_20260521_224941-0434,2026-05-23T16:31:58.157584Z,1.207,1.207,0.0
run_20260521_224941-0434,2026-05-23T16:36:58.157584Z,1.836,1.836,0.0
run_20260521_224941-0434,2026-05-23T16:41:58.157584Z,2.435,2.435,0.0
run_20260521_224941-0434,2026-05-23T16:46:58.157584Z,1.809,2.435,0.626
run_20260521_224941-0434,2026-05-23T16:51:58.157584Z,2.387,3.013,0.626
run_20260521_224941-0434,2026-05-23T16:56:58.157584Z,3.045,3.671,0.626
run_20260521_224941-0434,2026-05-23T17:01:58.157584Z,3.685,4.311,0.626
run_20260521_224941-0435,2026-05-23T14:37:29.208949Z,0.0,0.0,0.0
run_20260521_224941-0435,2026-05-23T14:42:29.208949Z,-0.672,0.0,0.672
run_20260521_224941-0435,2026-05-23T14:47:29.208949Z,-1.246,0.0,1.246
run_20260521_224941-0435,2026-05-23T14:52:29.208949Z,-1.898,0.0,1.898
run_20260521_224941-0435,2026-05-23T14:57:29.208949Z,-2.513,0.0,2.513
run_20260521_224941-0435,2026-05-23T15:02:29.208949Z,-3.086,0.0,3.086
run_20260521_224941-0435,2026-05-23T15:07:29.208949Z,-3.715,0.0,3.715
run_20260521_224941-0435,2026-05-23T15:12:29.208949Z,-4.411,0.0,4.411
run_20260521_224941-0435,2026-05-23T15:17:29.208949Z,-4.951,0.0,4.951
run_20260521_224941-0436,2026-05-23T22:31:41.397109Z,0.0,0.0,0.0
run_20260521_224941-0436,2026-05-23T22:36:41.397109Z,-1.723,0.0,1.723
run_20260521_224941-0436,2026-05-23T22:41:41.397109Z,-3.37,0.0,3.37
run_20260521_224941-0436,2026-05-23T22:46:41.397109Z,-5.222,0.0,5.222
run_20260521_224941-0436,2026-05-23T22:51:41.397109Z,-7.094,0.0,7.094
run_20260521_224941-0436,2026-05-23T22:56:41.397109Z,-9.308,0.0,9.308
run_20260521_224941-0436,2026-05-23T23:01:41.397109Z,-11.085,0.0,11.085
run_20260521_224941-0436,2026-05-23T23:06:41.397109Z,-13.386,0.0,13.386
run_20260521_224941-0436,2026-05-23T23:11:41.397109Z,-15.157,0.0,15.157
run_20260521_224941-0436,2026-05-23T23:16:41.397109Z,-16.867,0.0,16.867
run_20260521_224941-0436,2026-05-23T23:21:41.397109Z,-18.398,0.0,18.398
run_20260521_224941-0436,2026-05-23T23:26:41.397109Z,-20.123,0.0,20.123
run_20260521_224941-0436,2026-05-23T23:31:41.397109Z,-21.893,0.0,21.893
run_20260521_224941-0437,2026-05-23T15:01:26.428952Z,0.0,0.0,0.0
run_20260521_224941-0437,2026-05-23T15:06:26.428952Z,0.658,0.658,0.0
run_20260521_224941-0437,2026-05-23T15:11:26.428952Z,1.14,1.14,0.0
run_20260521_224941-0437,2026-05-23T15:16:26.428952Z,1.801,1.801,0.0
run_20260521_224941-0437,2026-05-23T15:21:26.428952Z,2.399,2.399,0.0
run_20260521_224941-0437,2026-05-23T15:26:26.428952Z,3.0,3.0,0.0
run_20260521_224941-0437,2026-05-23T15:31:26.428952Z,3.49,3.49,0.0
run_20260521_224941-0438,2026-05-23T01:34:45.011094Z,0.0,0.0,0.0
run_20260521_224941-0438,2026-05-23T01:39:45.011094Z,0.955,0.955,0.0
run_20260521_224941-0438,2026-05-23T01:44:45.011094Z,1.919,1.919,0.0
run_20260521_224941-0438,2026-05-23T01:49:45.011094Z,2.76,2.76,0.0
run_20260521_224941-0438,2026-05-23T01:54:45.011094Z,3.599,3.599,0.0
run_20260521_224941-0438,2026-05-23T01:59:45.011094Z,4.62,4.62,0.0
run_20260521_224941-0438,2026-05-23T02:04:45.011094Z,5.443,5.443,0.0
run_20260521_224941-0438,2026-05-23T02:09:45.011094Z,6.304,6.304,0.0
run_20260521_224941-0438,2026-05-23T02:14:45.011094Z,7.364,7.364,0.0
run_20260521_224941-0438,2026-05-23T02:19:45.011094Z,8.323,8.323,0.0
run_20260521_224941-0438,2026-05-23T02:24:45.011094Z,9.169,9.169,0.0
run_20260521_224941-0438,2026-05-23T02:29:45.011094Z,10.055,10.055,0.0
run_20260521_224941-0438,2026-05-23T02:34:45.011094Z,10.935,10.935,0.0
run_20260521_224941-0439,2026-05-23T18:55:22.544768Z,0.0,0.0,0.0
run_20260521_224941-0439,2026-05-23T19:00:22.544768Z,0.945,0.945,0.0
run_20260521_224941-0439,2026-05-23T19:05:22.544768Z,1.985,1.985,0.0
run_20260521_224941-0439,2026-05-23T19:10:22.544768Z,2.858,2.858,0.0
run_20260521_224941-0439,2026-05-23T19:15:22.544768Z,3.917,3.917,0.0
run_20260521_224941-0439,2026-05-23T19:20:22.544768Z,4.815,4.815,0.0
run_20260521_224941-0439,2026-05-23T19:25:22.544768Z,5.712,5.712,0.0
run_20260521_224941-0439,2026-05-23T19:30:22.544768Z,6.763,6.763,0.0
run_20260521_224941-0439,2026-05-23T19:35:22.544768Z,7.652,7.652,0.0
run_20260521_224941-0439,2026-05-23T19:40:22.544768Z,8.625,8.625,0.0
run_20260521_224941-0439,2026-05-23T19:45:22.544768Z,9.621,9.621,0.0
run_20260521_224941-0439,2026-05-23T19:50:22.544768Z,10.517,10.517,0.0
run_20260521_224941-0439,2026-05-23T19:55:22.544768Z,11.476,11.476,0.0
run_20260521_224941-0439,2026-05-23T20:00:22.544768Z,12.367,12.367,0.0
run_20260521_224941-0439,2026-05-23T20:05:22.544768Z,13.395,13.395,0.0
run_20260521_224941-0439,2026-05-23T20:10:22.544768Z,14.252,14.252,0.0
run_20260521_224941-0440,2026-05-23T10:38:39.687448Z,0.0,0.0,0.0
run_20260521_224941-0440,2026-05-23T10:43:39.687448Z,0.947,0.947,0.0
run_20260521_224941-0440,2026-05-23T10:48:39.687448Z,1.735,1.735,0.0
run_20260521_224941-0440,2026-05-23T10:53:39.687448Z,2.672,2.672,0.0
run_20260521_224941-0440,2026-05-23T10:58:39.687448Z,3.6,3.6,0.0
run_20260521_224941-0440,2026-05-23T11:03:39.687448Z,4.584,4.584,0.0
run_20260521_224941-0440,2026-05-23T11:08:39.687448Z,5.381,5.381,0.0
run_20260521_224941-0440,2026-05-23T11:13:39.687448Z,6.258,6.258,0.0
run_20260521_224941-0440,2026-05-23T11:18:39.687448Z,7.099,7.099,0.0
run_20260521_224941-0440,2026-05-23T11:23:39.687448Z,8.082,8.082,0.0
run_20260521_224941-0440,2026-05-23T11:28:39.687448Z,8.84,8.84,0.0
run_20260521_224941-0440,2026-05-23T11:33:39.687448Z,9.72,9.72,0.0
run_20260521_224941-0440,2026-05-23T11:38:39.687448Z,10.682,10.682,0.0
run_20260521_224941-0441,2026-05-23T12:52:43.365259Z,0.0,0.0,0.0
run_20260521_224941-0441,2026-05-23T12:57:43.365259Z,-0.924,0.0,0.924
run_20260521_224941-0441,2026-05-23T13:02:43.365259Z,-1.702,0.0,1.702
run_20260521_224941-0441,2026-05-23T13:07:43.365259Z,-2.604,0.0,2.604
run_20260521_224941-0441,2026-05-23T13:12:43.365259Z,-1.745,0.859,2.604
run_20260521_224941-0441,2026-05-23T13:17:43.365259Z,-0.776,1.827,2.604
run_20260521_224941-0441,2026-05-23T13:22:43.365259Z,0.023,2.627,2.604
run_20260521_224941-0442,2026-05-23T23:06:00.821891Z,0.0,0.0,0.0
run_20260521_224941-0442,2026-05-23T23:11:00.821891Z,1.864,1.864,0.0
run_20260521_224941-0442,2026-05-23T23:16:00.821891Z,3.815,3.815,0.0
run_20260521_224941-0442,2026-05-23T23:21:00.821891Z,5.728,5.728,0.0
run_20260521_224941-0442,2026-05-23T23:26:00.821891Z,7.395,7.395,0.0
run_20260521_224941-0442,2026-05-23T23:31:00.821891Z,9.391,9.391,0.0
run_20260521_224941-0442,2026-05-23T23:36:00.821891Z,11.051,11.051,0.0
run_20260521_224941-0442,2026-05-23T23:41:00.821891Z,12.652,12.652,0.0
run_20260521_224941-0442,2026-05-23T23:46:00.821891Z,14.494,14.494,0.0
run_20260521_224941-0442,2026-05-23T23:51:00.821891Z,16.2,16.2,0.0
run_20260521_224941-0442,2026-05-23T23:56:00.821891Z,17.834,17.834,0.0
run_20260521_224941-0442,2026-05-24T00:01:00.821891Z,19.57,19.57,0.0
run_20260521_224941-0442,2026-05-24T00:06:00.821891Z,21.187,21.187,0.0
run_20260521_224941-0443,2026-05-23T17:45:08.444867Z,0.0,0.0,0.0
run_20260521_224941-0443,2026-05-23T17:50:08.444867Z,0.594,0.594,0.0
run_20260521_224941-0443,2026-05-23T17:55:08.444867Z,1.146,1.146,0.0
run_20260521_224941-0443,2026-05-23T18:00:08.444867Z,1.753,1.753,0.0
run_20260521_224941-0443,2026-05-23T18:05:08.444867Z,2.343,2.343,0.0
run_20260521_224941-0443,2026-05-23T18:10:08.444867Z,3.032,3.032,0.0
run_20260521_224941-0443,2026-05-23T18:15:08.444867Z,3.615,3.615,0.0
run_20260521_224941-0443,2026-05-23T18:20:08.444867Z,4.146,4.146,0.0
run_20260521_224941-0443,2026-05-23T18:25:08.444867Z,4.687,4.687,0.0
run_20260521_224941-0443,2026-05-23T18:30:08.444867Z,5.289,5.289,0.0
run_20260521_224941-0443,2026-05-23T18:35:08.444867Z,5.887,5.887,0.0
run_20260521_224941-0443,2026-05-23T18:40:08.444867Z,6.406,6.406,0.0
run_20260521_224941-0443,2026-05-23T18:45:08.444867Z,7.046,7.046,0.0
run_20260521_224941-0443,2026-05-23T18:50:08.444867Z,7.577,7.577,0.0
run_20260521_224941-0443,2026-05-23T18:55:08.444867Z,8.082,8.082,0.0
run_20260521_224941-0443,2026-05-23T19:00:08.444867Z,8.63,8.63,0.0
run_20260521_224941-0444,2026-05-23T12:05:22.344585Z,0.0,0.0,0.0
run_20260521_224941-0444,2026-05-23T12:10:22.344585Z,0.704,0.704,0.0
run_20260521_224941-0444,2026-05-23T12:15:22.344585Z,1.311,1.311,0.0
run_20260521_224941-0444,2026-05-23T12:20:22.344585Z,1.959,1.959,0.0
run_20260521_224941-0444,2026-05-23T12:25:22.344585Z,2.502,2.502,0.0
run_20260521_224941-0444,2026-05-23T12:30:22.344585Z,3.133,3.133,0.0
run_20260521_224941-0444,2026-05-23T12:35:22.344585Z,3.773,3.773,0.0
run_20260521_224941-0444,2026-05-23T12:40:22.344585Z,4.374,4.374,0.0
run_20260521_224941-0444,2026-05-23T12:45:22.344585Z,5.042,5.042,0.0
run_20260521_224941-0444,2026-05-23T12:50:22.344585Z,5.681,5.681,0.0
run_20260521_224941-0444,2026-05-23T12:55:22.344585Z,6.377,6.377,0.0
run_20260521_224941-0444,2026-05-23T13:00:22.344585Z,6.993,6.993,0.0
run_20260521_224941-0444,2026-05-23T13:05:22.344585Z,7.655,7.655,0.0
run_20260521_224941-0444,2026-05-23T13:10:22.344585Z,8.247,8.247,0.0
run_20260521_224941-0444,2026-05-23T13:15:22.344585Z,8.887,8.887,0.0
run_20260521_224941-0444,2026-05-23T13:20:22.344585Z,9.508,9.508,0.0
run_20260521_224941-0445,2026-05-23T23:18:51.794206Z,0.0,0.0,0.0
run_20260521_224941-0445,2026-05-23T23:23:51.794206Z,0.562,0.562,0.0
run_20260521_224941-0445,2026-05-23T23:28:51.794206Z,1.123,1.123,0.0
run_20260521_224941-0445,2026-05-23T23:33:51.794206Z,1.723,1.723,0.0
run_20260521_224941-0445,2026-05-23T23:38:51.794206Z,2.352,2.352,0.0
run_20260521_224941-0445,2026-05-23T23:43:51.794206Z,2.956,2.956,0.0
run_20260521_224941-0445,2026-05-23T23:48:51.794206Z,3.611,3.611,0.0
run_20260521_224941-0445,2026-05-23T23:53:51.794206Z,4.262,4.262,0.0
run_20260521_224941-0445,2026-05-23T23:58:51.794206Z,4.88,4.88,0.0
run_20260521_224941-0445,2026-05-24T00:03:51.794206Z,5.519,5.519,0.0
run_20260521_224941-0445,2026-05-24T00:08:51.794206Z,5.981,5.981,0.0
run_20260521_224941-0445,2026-05-24T00:13:51.794206Z,6.594,6.594,0.0
run_20260521_224941-0445,2026-05-24T00:18:51.794206Z,7.112,7.112,0.0
run_20260521_224941-0446,2026-05-23T21:55:49.802000Z,0.0,0.0,0.0
run_20260521_224941-0446,2026-05-23T22:00:49.802000Z,-0.671,0.0,0.671
run_20260521_224941-0446,2026-05-23T22:05:49.802000Z,-1.212,0.0,1.212
run_20260521_224941-0446,2026-05-23T22:10:49.802000Z,-1.817,0.0,1.817
run_20260521_224941-0446,2026-05-23T22:15:49.802000Z,-2.396,0.0,2.396
run_20260521_224941-0447,2026-05-23T22:24:15.721613Z,0.0,0.0,0.0
run_20260521_224941-0447,2026-05-23T22:29:15.721613Z,2.086,2.086,0.0
run_20260521_224941-0447,2026-05-23T22:34:15.721613Z,0.079,2.086,2.007
run_20260521_224941-0447,2026-05-23T22:39:15.721613Z,-1.781,2.086,3.866
run_20260521_224941-0447,2026-05-23T22:44:15.721613Z,0.299,4.166,3.866
run_20260521_224941-0448,2026-05-23T04:53:57.771846Z,0.0,0.0,0.0
run_20260521_224941-0448,2026-05-23T04:58:57.771846Z,1.591,1.591,0.0
run_20260521_224941-0448,2026-05-23T05:03:57.771846Z,3.398,3.398,0.0
run_20260521_224941-0448,2026-05-23T05:08:57.771846Z,5.253,5.253,0.0
run_20260521_224941-0448,2026-05-23T05:13:57.771846Z,7.105,7.105,0.0
run_20260521_224941-0448,2026-05-23T05:18:57.771846Z,8.882,8.882,0.0
run_20260521_224941-0448,2026-05-23T05:23:57.771846Z,10.476,10.476,0.0
run_20260521_224941-0448,2026-05-23T05:28:57.771846Z,12.524,12.524,0.0
run_20260521_224941-0448,2026-05-23T05:33:57.771846Z,11.025,12.524,1.499
run_20260521_224941-0448,2026-05-23T05:38:57.771846Z,13.012,14.511,1.499
run_20260521_224941-0448,2026-05-23T05:43:57.771846Z,15.001,16.5,1.499
run_20260521_224941-0448,2026-05-23T05:48:57.771846Z,16.705,18.204,1.499
run_20260521_224941-0448,2026-05-23T05:53:57.771846Z,18.704,20.203,1.499
run_20260521_224941-0448,2026-05-23T05:58:57.771846Z,20.452,21.951,1.499
run_20260521_224941-0448,2026-05-23T06:03:57.771846Z,22.204,23.703,1.499
run_20260521_224941-0448,2026-05-23T06:08:57.771846Z,24.073,25.572,1.499
run_20260521_224941-0449,2026-05-23T16:30:53.336044Z,0.0,0.0,0.0
run_20260521_224941-0449,2026-05-23T16:35:53.336044Z,0.614,0.614,0.0
run_20260521_224941-0449,2026-05-23T16:40:53.336044Z,1.182,1.182,0.0
run_20260521_224941-0449,2026-05-23T16:45:53.336044Z,1.83,1.83,0.0
run_20260521_224941-0449,2026-05-23T16:50:53.336044Z,2.51,2.51,0.0
run_20260521_224941-0449,2026-05-23T16:55:53.336044Z,3.114,3.114,0.0
run_20260521_224941-0449,2026-05-23T17:00:53.336044Z,3.705,3.705,0.0
run_20260521_224941-0449,2026-05-23T17:05:53.336044Z,4.286,4.286,0.0
run_20260521_224941-0449,2026-05-23T17:10:53.336044Z,4.772,4.772,0.0
run_20260521_224941-0449,2026-05-23T17:15:53.336044Z,5.367,5.367,0.0
run_20260521_224941-0449,2026-05-23T17:20:53.336044Z,4.728,5.367,0.64
run_20260521_224941-0449,2026-05-23T17:25:53.336044Z,4.176,5.367,1.191
run_20260521_224941-0449,2026-05-23T17:30:53.336044Z,3.563,5.367,1.804
run_20260521_224941-0449,2026-05-23T17:35:53.336044Z,2.925,5.367,2.442
run_20260521_224941-0449,2026-05-23T17:40:53.336044Z,2.237,5.367,3.131
run_20260521_224941-0449,2026-05-23T17:45:53.336044Z,2.78,5.91,3.131
run_20260521_224941-0450,2026-05-23T09:35:20.536993Z,0.0,0.0,0.0
run_20260521_224941-0450,2026-05-23T09:40:20.536993Z,1.754,1.754,0.0
run_20260521_224941-0450,2026-05-23T09:45:20.536993Z,3.72,3.72,0.0
run_20260521_224941-0450,2026-05-23T09:50:20.536993Z,5.513,5.513,0.0
run_20260521_224941-0450,2026-05-23T09:55:20.536993Z,7.422,7.422,0.0
run_20260521_224941-0450,2026-05-23T10:00:20.536993Z,9.542,9.542,0.0
run_20260521_224941-0450,2026-05-23T10:05:20.536993Z,11.093,11.093,0.0
run_20260521_224941-0450,2026-05-23T10:10:20.536993Z,12.514,12.514,0.0
run_20260521_224941-0450,2026-05-23T10:15:20.536993Z,14.358,14.358,0.0
run_20260521_224941-0451,2026-05-23T18:52:04.832944Z,0.0,0.0,0.0
run_20260521_224941-0451,2026-05-23T18:57:04.832944Z,1.965,1.965,0.0
run_20260521_224941-0451,2026-05-23T19:02:04.832944Z,3.493,3.493,0.0
run_20260521_224941-0451,2026-05-23T19:07:04.832944Z,5.194,5.194,0.0
run_20260521_224941-0451,2026-05-23T19:12:04.832944Z,7.158,7.158,0.0
run_20260521_224941-0451,2026-05-23T19:17:04.832944Z,9.001,9.001,0.0
run_20260521_224941-0451,2026-05-23T19:22:04.832944Z,10.815,10.815,0.0
run_20260521_224941-0451,2026-05-23T19:27:04.832944Z,12.821,12.821,0.0
run_20260521_224941-0451,2026-05-23T19:32:04.832944Z,14.665,14.665,0.0
run_20260521_224941-0451,2026-05-23T19:37:04.832944Z,16.403,16.403,0.0
run_20260521_224941-0451,2026-05-23T19:42:04.832944Z,18.202,18.202,0.0
run_20260521_224941-0451,2026-05-23T19:47:04.832944Z,19.794,19.794,0.0
run_20260521_224941-0451,2026-05-23T19:52:04.832944Z,21.722,21.722,0.0
run_20260521_224941-0452,2026-05-23T19:14:07.920488Z,0.0,0.0,0.0
run_20260521_224941-0452,2026-05-23T19:19:07.920488Z,0.589,0.589,0.0
run_20260521_224941-0452,2026-05-23T19:24:07.920488Z,1.136,1.136,0.0
run_20260521_224941-0452,2026-05-23T19:29:07.920488Z,1.7,1.7,0.0
run_20260521_224941-0452,2026-05-23T19:34:07.920488Z,2.288,2.288,0.0
run_20260521_224941-0452,2026-05-23T19:39:07.920488Z,3.002,3.002,0.0
run_20260521_224941-0452,2026-05-23T19:44:07.920488Z,3.618,3.618,0.0
run_20260521_224941-0453,2026-05-23T08:15:59.301361Z,0.0,0.0,0.0
run_20260521_224941-0453,2026-05-23T08:20:59.301361Z,0.894,0.894,0.0
run_20260521_224941-0453,2026-05-23T08:25:59.301361Z,1.874,1.874,0.0
run_20260521_224941-0453,2026-05-23T08:30:59.301361Z,2.84,2.84,0.0
run_20260521_224941-0453,2026-05-23T08:35:59.301361Z,3.631,3.631,0.0
run_20260521_224941-0454,2026-05-23T02:54:07.290931Z,0.0,0.0,0.0
run_20260521_224941-0454,2026-05-23T02:59:07.290931Z,-0.621,0.0,0.621
run_20260521_224941-0454,2026-05-23T03:04:07.290931Z,0.034,0.655,0.621
run_20260521_224941-0454,2026-05-23T03:09:07.290931Z,0.577,1.197,0.621
run_20260521_224941-0454,2026-05-23T03:14:07.290931Z,1.234,1.855,0.621
run_20260521_224941-0455,2026-05-23T09:53:15.044625Z,0.0,0.0,0.0
run_20260521_224941-0455,2026-05-23T09:58:15.044625Z,0.902,0.902,0.0
run_20260521_224941-0455,2026-05-23T10:03:15.044625Z,1.846,1.846,0.0
run_20260521_224941-0455,2026-05-23T10:08:15.044625Z,2.815,2.815,0.0
run_20260521_224941-0455,2026-05-23T10:13:15.044625Z,3.553,3.553,0.0
run_20260521_224941-0455,2026-05-23T10:18:15.044625Z,4.613,4.613,0.0
run_20260521_224941-0455,2026-05-23T10:23:15.044625Z,5.336,5.336,0.0
run_20260521_224941-0455,2026-05-23T10:28:15.044625Z,6.3,6.3,0.0
run_20260521_224941-0455,2026-05-23T10:33:15.044625Z,7.176,7.176,0.0
run_20260521_224941-0455,2026-05-23T10:38:15.044625Z,8.183,8.183,0.0
run_20260521_224941-0455,2026-05-23T10:43:15.044625Z,9.15,9.15,0.0
run_20260521_224941-0455,2026-05-23T10:48:15.044625Z,10.049,10.049,0.0
run_20260521_224941-0455,2026-05-23T10:53:15.044625Z,10.937,10.937,0.0
run_20260521_224941-0455,2026-05-23T10:58:15.044625Z,11.701,11.701,0.0
run_20260521_224941-0455,2026-05-23T11:03:15.044625Z,12.61,12.61,0.0
run_20260521_224941-0455,2026-05-23T11:08:15.044625Z,13.459,13.459,0.0
run_20260521_224941-0456,2026-05-23T11:22:18.902017Z,0.0,0.0,0.0
run_20260521_224941-0456,2026-05-23T11:27:18.902017Z,1.66,1.66,0.0
run_20260521_224941-0456,2026-05-23T11:32:18.902017Z,3.255,3.255,0.0
run_20260521_224941-0456,2026-05-23T11:37:18.902017Z,5.128,5.128,0.0
run_20260521_224941-0456,2026-05-23T11:42:18.902017Z,6.752,6.752,0.0
run_20260521_224941-0456,2026-05-23T11:47:18.902017Z,8.338,8.338,0.0
run_20260521_224941-0456,2026-05-23T11:52:18.902017Z,10.098,10.098,0.0
run_20260521_224941-0456,2026-05-23T11:57:18.902017Z,11.83,11.83,0.0
run_20260521_224941-0456,2026-05-23T12:02:18.902017Z,13.822,13.822,0.0
run_20260521_224941-0456,2026-05-23T12:07:18.902017Z,15.532,15.532,0.0
run_20260521_224941-0456,2026-05-23T12:12:18.902017Z,17.378,17.378,0.0
run_20260521_224941-0456,2026-05-23T12:17:18.902017Z,19.34,19.34,0.0
run_20260521_224941-0456,2026-05-23T12:22:18.902017Z,21.014,21.014,0.0
run_20260521_224941-0457,2026-05-23T21:56:56.829657Z,0.0,0.0,0.0
run_20260521_224941-0457,2026-05-23T22:01:56.829657Z,-0.957,0.0,0.957
run_20260521_224941-0457,2026-05-23T22:06:56.829657Z,-1.801,0.0,1.801
run_20260521_224941-0457,2026-05-23T22:11:56.829657Z,-2.816,0.0,2.816
run_20260521_224941-0457,2026-05-23T22:16:56.829657Z,-3.608,0.0,3.608
run_20260521_224941-0458,2026-05-23T04:40:30.814199Z,0.0,0.0,0.0
run_20260521_224941-0458,2026-05-23T04:45:30.814199Z,-0.944,0.0,0.944
run_20260521_224941-0458,2026-05-23T04:50:30.814199Z,-1.89,0.0,1.89
run_20260521_224941-0458,2026-05-23T04:55:30.814199Z,-2.867,0.0,2.867
run_20260521_224941-0458,2026-05-23T05:00:30.814199Z,-3.731,0.0,3.731
run_20260521_224941-0458,2026-05-23T05:05:30.814199Z,-4.579,0.0,4.579
run_20260521_224941-0458,2026-05-23T05:10:30.814199Z,-5.649,0.0,5.649
run_20260521_224941-0458,2026-05-23T05:15:30.814199Z,-6.653,0.0,6.653
run_20260521_224941-0458,2026-05-23T05:20:30.814199Z,-7.438,0.0,7.438
run_20260521_224941-0459,2026-05-23T15:20:15.532626Z,0.0,0.0,0.0
run_20260521_224941-0459,2026-05-23T15:25:15.532626Z,-0.593,0.0,0.593
run_20260521_224941-0459,2026-05-23T15:30:15.532626Z,-1.172,0.0,1.172
run_20260521_224941-0459,2026-05-23T15:35:15.532626Z,-1.732,0.0,1.732
run_20260521_224941-0459,2026-05-23T15:40:15.532626Z,-2.329,0.0,2.329
run_20260521_224941-0459,2026-05-23T15:45:15.532626Z,-2.826,0.0,2.826
run_20260521_224941-0459,2026-05-23T15:50:15.532626Z,-3.448,0.0,3.448
run_20260521_224941-0459,2026-05-23T15:55:15.532626Z,-4.016,0.0,4.016
run_20260521_224941-0459,2026-05-23T16:00:15.532626Z,-4.59,0.0,4.59
run_20260521_224941-0459,2026-05-23T16:05:15.532626Z,-5.17,0.0,5.17
run_20260521_224941-0459,2026-05-23T16:10:15.532626Z,-5.829,0.0,5.829
run_20260521_224941-0459,2026-05-23T16:15:15.532626Z,-6.353,0.0,6.353
run_20260521_224941-0459,2026-05-23T16:20:15.532626Z,-6.908,0.0,6.908
run_20260521_224941-0459,2026-05-23T16:25:15.532626Z,-7.496,0.0,7.496
run_20260521_224941-0459,2026-05-23T16:30:15.532626Z,-8.102,0.0,8.102
run_20260521_224941-0459,2026-05-23T16:35:15.532626Z,-8.654,0.0,8.654
run_20260521_224941-0460,2026-05-23T04:15:31.182288Z,0.0,0.0,0.0
run_20260521_224941-0460,2026-05-23T04:20:31.182288Z,1.142,1.142,0.0
run_20260521_224941-0460,2026-05-23T04:25:31.182288Z,2.043,2.043,0.0
run_20260521_224941-0460,2026-05-23T04:30:31.182288Z,3.004,3.004,0.0
run_20260521_224941-0460,2026-05-23T04:35:31.182288Z,3.871,3.871,0.0
run_20260521_224941-0461,2026-05-23T09:53:42.885570Z,0.0,0.0,0.0
run_20260521_224941-0461,2026-05-23T09:58:42.885570Z,0.759,0.759,0.0
run_20260521_224941-0461,2026-05-23T10:03:42.885570Z,1.715,1.715,0.0
run_20260521_224941-0461,2026-05-23T10:08:42.885570Z,2.609,2.609,0.0
run_20260521_224941-0461,2026-05-23T10:13:42.885570Z,3.58,3.58,0.0
run_20260521_224941-0461,2026-05-23T10:18:42.885570Z,4.514,4.514,0.0
run_20260521_224941-0461,2026-05-23T10:23:42.885570Z,5.29,5.29,0.0
run_20260521_224941-0461,2026-05-23T10:28:42.885570Z,6.232,6.232,0.0
run_20260521_224941-0461,2026-05-23T10:33:42.885570Z,7.246,7.246,0.0
run_20260521_224941-0461,2026-05-23T10:38:42.885570Z,8.08,8.08,0.0
run_20260521_224941-0461,2026-05-23T10:43:42.885570Z,8.964,8.964,0.0
run_20260521_224941-0461,2026-05-23T10:48:42.885570Z,9.839,9.839,0.0
run_20260521_224941-0461,2026-05-23T10:53:42.885570Z,10.733,10.733,0.0
run_20260521_224941-0461,2026-05-23T10:58:42.885570Z,11.661,11.661,0.0
run_20260521_224941-0461,2026-05-23T11:03:42.885570Z,12.574,12.574,0.0
run_20260521_224941-0461,2026-05-23T11:08:42.885570Z,13.555,13.555,0.0
run_20260521_224941-0462,2026-05-23T05:40:30.487432Z,0.0,0.0,0.0
run_20260521_224941-0462,2026-05-23T05:45:30.487432Z,-0.755,0.0,0.755
run_20260521_224941-0462,2026-05-23T05:50:30.487432Z,-1.831,0.0,1.831
run_20260521_224941-0462,2026-05-23T05:55:30.487432Z,-2.771,0.0,2.771
run_20260521_224941-0462,2026-05-23T06:00:30.487432Z,-3.734,0.0,3.734
run_20260521_224941-0462,2026-05-23T06:05:30.487432Z,-4.626,0.0,4.626
run_20260521_224941-0462,2026-05-23T06:10:30.487432Z,-5.621,0.0,5.621
run_20260521_224941-0462,2026-05-23T06:15:30.487432Z,-6.514,0.0,6.514
run_20260521_224941-0462,2026-05-23T06:20:30.487432Z,-7.345,0.0,7.345
run_20260521_224941-0462,2026-05-23T06:25:30.487432Z,-8.171,0.0,8.171
run_20260521_224941-0462,2026-05-23T06:30:30.487432Z,-8.944,0.0,8.944
run_20260521_224941-0462,2026-05-23T06:35:30.487432Z,-9.746,0.0,9.746
run_20260521_224941-0462,2026-05-23T06:40:30.487432Z,-10.724,0.0,10.724
run_20260521_224941-0462,2026-05-23T06:45:30.487432Z,-11.633,0.0,11.633
run_20260521_224941-0462,2026-05-23T06:50:30.487432Z,-12.462,0.0,12.462
run_20260521_224941-0462,2026-05-23T06:55:30.487432Z,-13.45,0.0,13.45
run_20260521_224941-0463,2026-05-23T08:38:50.114375Z,0.0,0.0,0.0
run_20260521_224941-0463,2026-05-23T08:43:50.114375Z,-0.638,0.0,0.638
run_20260521_224941-0463,2026-05-23T08:48:50.114375Z,-1.165,0.0,1.165
run_20260521_224941-0463,2026-05-23T08:53:50.114375Z,-0.526,0.639,1.165
run_20260521_224941-0463,2026-05-23T08:58:50.114375Z,0.081,1.246,1.165
run_20260521_224941-0463,2026-05-23T09:03:50.114375Z,0.731,1.896,1.165
run_20260521_224941-0463,2026-05-23T09:08:50.114375Z,1.3,2.465,1.165
run_20260521_224941-0463,2026-05-23T09:13:50.114375Z,1.913,3.079,1.165
run_20260521_224941-0463,2026-05-23T09:18:50.114375Z,2.561,3.727,1.165
run_20260521_224941-0464,2026-05-23T23:43:05.531520Z,0.0,0.0,0.0
run_20260521_224941-0464,2026-05-23T23:48:05.531520Z,-0.965,0.0,0.965
run_20260521_224941-0464,2026-05-23T23:53:05.531520Z,-1.878,0.0,1.878
run_20260521_224941-0464,2026-05-23T23:58:05.531520Z,-2.663,0.0,2.663
run_20260521_224941-0464,2026-05-24T00:03:05.531520Z,-3.654,0.0,3.654
run_20260521_224941-0464,2026-05-24T00:08:05.531520Z,-4.419,0.0,4.419
run_20260521_224941-0464,2026-05-24T00:13:05.531520Z,-5.463,0.0,5.463
run_20260521_224941-0464,2026-05-24T00:18:05.531520Z,-6.429,0.0,6.429
run_20260521_224941-0464,2026-05-24T00:23:05.531520Z,-7.525,0.0,7.525
run_20260521_224941-0465,2026-05-23T20:10:21.300013Z,0.0,0.0,0.0
run_20260521_224941-0465,2026-05-23T20:15:21.300013Z,0.777,0.777,0.0
run_20260521_224941-0465,2026-05-23T20:20:21.300013Z,1.692,1.692,0.0
run_20260521_224941-0465,2026-05-23T20:25:21.300013Z,2.607,2.607,0.0
run_20260521_224941-0465,2026-05-23T20:30:21.300013Z,3.534,3.534,0.0
run_20260521_224941-0465,2026-05-23T20:35:21.300013Z,4.472,4.472,0.0
run_20260521_224941-0465,2026-05-23T20:40:21.300013Z,5.415,5.415,0.0
run_20260521_224941-0465,2026-05-23T20:45:21.300013Z,6.197,6.197,0.0
run_20260521_224941-0465,2026-05-23T20:50:21.300013Z,7.212,7.212,0.0
run_20260521_224941-0465,2026-05-23T20:55:21.300013Z,7.93,7.93,0.0
run_20260521_224941-0465,2026-05-23T21:00:21.300013Z,8.814,8.814,0.0
run_20260521_224941-0465,2026-05-23T21:05:21.300013Z,9.805,9.805,0.0
run_20260521_224941-0465,2026-05-23T21:10:21.300013Z,10.652,10.652,0.0
run_20260521_224941-0465,2026-05-23T21:15:21.300013Z,11.435,11.435,0.0
run_20260521_224941-0465,2026-05-23T21:20:21.300013Z,12.283,12.283,0.0
run_20260521_224941-0465,2026-05-23T21:25:21.300013Z,13.155,13.155,0.0
run_20260521_224941-0466,2026-05-23T14:35:49.792219Z,0.0,0.0,0.0
run_20260521_224941-0466,2026-05-23T14:40:49.792219Z,1.1,1.1,0.0
run_20260521_224941-0466,2026-05-23T14:45:49.792219Z,1.935,1.935,0.0
run_20260521_224941-0466,2026-05-23T14:50:49.792219Z,0.981,1.935,0.954
run_20260521_224941-0466,2026-05-23T14:55:49.792219Z,0.141,1.935,1.794
run_20260521_224941-0466,2026-05-23T15:00:49.792219Z,-0.656,1.935,2.591
run_20260521_224941-0466,2026-05-23T15:05:49.792219Z,0.377,2.969,2.591
run_20260521_224941-0467,2026-05-23T02:48:07.176100Z,0.0,0.0,0.0
run_20260521_224941-0467,2026-05-23T02:53:07.176100Z,0.997,0.997,0.0
run_20260521_224941-0467,2026-05-23T02:58:07.176100Z,2.048,2.048,0.0
run_20260521_224941-0467,2026-05-23T03:03:07.176100Z,3.025,3.025,0.0
run_20260521_224941-0467,2026-05-23T03:08:07.176100Z,4.106,4.106,0.0
run_20260521_224941-0467,2026-05-23T03:13:07.176100Z,4.907,4.907,0.0
run_20260521_224941-0467,2026-05-23T03:18:07.176100Z,5.692,5.692,0.0
run_20260521_224941-0467,2026-05-23T03:23:07.176100Z,6.69,6.69,0.0
run_20260521_224941-0467,2026-05-23T03:28:07.176100Z,7.671,7.671,0.0
run_20260521_224941-0467,2026-05-23T03:33:07.176100Z,8.648,8.648,0.0
run_20260521_224941-0467,2026-05-23T03:38:07.176100Z,9.568,9.568,0.0
run_20260521_224941-0467,2026-05-23T03:43:07.176100Z,10.377,10.377,0.0
run_20260521_224941-0467,2026-05-23T03:48:07.176100Z,11.311,11.311,0.0
run_20260521_224941-0467,2026-05-23T03:53:07.176100Z,12.135,12.135,0.0
run_20260521_224941-0467,2026-05-23T03:58:07.176100Z,13.083,13.083,0.0
run_20260521_224941-0467,2026-05-23T04:03:07.176100Z,14.054,14.054,0.0
run_20260521_224941-0468,2026-05-23T14:50:08.158930Z,0.0,0.0,0.0
run_20260521_224941-0468,2026-05-23T14:55:08.158930Z,-0.63,0.0,0.63
run_20260521_224941-0468,2026-05-23T15:00:08.158930Z,-1.232,0.0,1.232
run_20260521_224941-0468,2026-05-23T15:05:08.158930Z,-1.878,0.0,1.878
run_20260521_224941-0468,2026-05-23T15:10:08.158930Z,-2.451,0.0,2.451
run_20260521_224941-0468,2026-05-23T15:15:08.158930Z,-3.051,0.0,3.051
run_20260521_224941-0468,2026-05-23T15:20:08.158930Z,-3.582,0.0,3.582
run_20260521_224941-0468,2026-05-23T15:25:08.158930Z,-4.25,0.0,4.25
run_20260521_224941-0468,2026-05-23T15:30:08.158930Z,-4.882,0.0,4.882
run_20260521_224941-0468,2026-05-23T15:35:08.158930Z,-5.489,0.0,5.489
run_20260521_224941-0468,2026-05-23T15:40:08.158930Z,-6.236,0.0,6.236
run_20260521_224941-0468,2026-05-23T15:45:08.158930Z,-6.906,0.0,6.906
run_20260521_224941-0468,2026-05-23T15:50:08.158930Z,-7.592,0.0,7.592
run_20260521_224941-0469,2026-05-23T19:43:46.757423Z,0.0,0.0,0.0
run_20260521_224941-0469,2026-05-23T19:48:46.757423Z,1.967,1.967,0.0
run_20260521_224941-0469,2026-05-23T19:53:46.757423Z,4.039,4.039,0.0
run_20260521_224941-0469,2026-05-23T19:58:46.757423Z,6.019,6.019,0.0
run_20260521_224941-0469,2026-05-23T20:03:46.757423Z,7.862,7.862,0.0
run_20260521_224941-0470,2026-05-23T02:33:31.782226Z,0.0,0.0,0.0
run_20260521_224941-0470,2026-05-23T02:38:31.782226Z,-0.681,0.0,0.681
run_20260521_224941-0470,2026-05-23T02:43:31.782226Z,-1.307,0.0,1.307
run_20260521_224941-0470,2026-05-23T02:48:31.782226Z,-1.819,0.0,1.819
run_20260521_224941-0470,2026-05-23T02:53:31.782226Z,-2.406,0.0,2.406
run_20260521_224941-0470,2026-05-23T02:58:31.782226Z,-2.991,0.0,2.991
run_20260521_224941-0470,2026-05-23T03:03:31.782226Z,-3.568,0.0,3.568
run_20260521_224941-0470,2026-05-23T03:08:31.782226Z,-4.144,0.0,4.144
run_20260521_224941-0470,2026-05-23T03:13:31.782226Z,-4.683,0.0,4.683
run_20260521_224941-0470,2026-05-23T03:18:31.782226Z,-5.268,0.0,5.268
run_20260521_224941-0470,2026-05-23T03:23:31.782226Z,-5.857,0.0,5.857
run_20260521_224941-0470,2026-05-23T03:28:31.782226Z,-6.428,0.0,6.428
run_20260521_224941-0470,2026-05-23T03:33:31.782226Z,-7.056,0.0,7.056
run_20260521_224941-0470,2026-05-23T03:38:31.782226Z,-7.656,0.0,7.656
run_20260521_224941-0470,2026-05-23T03:43:31.782226Z,-8.388,0.0,8.388
run_20260521_224941-0470,2026-05-23T03:48:31.782226Z,-8.991,0.0,8.991
run_20260521_224941-0471,2026-05-23T07:39:51.496981Z,0.0,0.0,0.0
run_20260521_224941-0471,2026-05-23T07:44:51.496981Z,0.61,0.61,0.0
run_20260521_224941-0471,2026-05-23T07:49:51.496981Z,1.304,1.304,0.0
run_20260521_224941-0471,2026-05-23T07:54:51.496981Z,1.969,1.969,0.0
run_20260521_224941-0471,2026-05-23T07:59:51.496981Z,2.519,2.519,0.0
run_20260521_224941-0472,2026-05-23T16:14:20.484634Z,0.0,0.0,0.0
run_20260521_224941-0472,2026-05-23T16:19:20.484634Z,1.581,1.581,0.0
run_20260521_224941-0472,2026-05-23T16:24:20.484634Z,-0.339,1.581,1.92
run_20260521_224941-0472,2026-05-23T16:29:20.484634Z,-2.137,1.581,3.718
run_20260521_224941-0472,2026-05-23T16:34:20.484634Z,-4.009,1.581,5.59
run_20260521_224941-0472,2026-05-23T16:39:20.484634Z,-2.008,3.582,5.59
run_20260521_224941-0472,2026-05-23T16:44:20.484634Z,-0.089,5.501,5.59
run_20260521_224941-0473,2026-05-23T22:23:56.193057Z,0.0,0.0,0.0
run_20260521_224941-0473,2026-05-23T22:28:56.193057Z,1.998,1.998,0.0
run_20260521_224941-0473,2026-05-23T22:33:56.193057Z,4.199,4.199,0.0
run_20260521_224941-0473,2026-05-23T22:38:56.193057Z,6.136,6.136,0.0
run_20260521_224941-0473,2026-05-23T22:43:56.193057Z,7.704,7.704,0.0
run_20260521_224941-0473,2026-05-23T22:48:56.193057Z,9.703,9.703,0.0
run_20260521_224941-0473,2026-05-23T22:53:56.193057Z,10.977,10.977,0.0
run_20260521_224941-0473,2026-05-23T22:58:56.193057Z,12.812,12.812,0.0
run_20260521_224941-0473,2026-05-23T23:03:56.193057Z,14.57,14.57,0.0
run_20260521_224941-0474,2026-05-23T16:11:55.789273Z,0.0,0.0,0.0
run_20260521_224941-0474,2026-05-23T16:16:55.789273Z,1.518,1.518,0.0
run_20260521_224941-0474,2026-05-23T16:21:55.789273Z,3.364,3.364,0.0
run_20260521_224941-0474,2026-05-23T16:26:55.789273Z,5.101,5.101,0.0
run_20260521_224941-0474,2026-05-23T16:31:55.789273Z,7.074,7.074,0.0
run_20260521_224941-0474,2026-05-23T16:36:55.789273Z,9.185,9.185,0.0
run_20260521_224941-0474,2026-05-23T16:41:55.789273Z,10.824,10.824,0.0
run_20260521_224941-0474,2026-05-23T16:46:55.789273Z,12.19,12.19,0.0
run_20260521_224941-0474,2026-05-23T16:51:55.789273Z,13.988,13.988,0.0
run_20260521_224941-0474,2026-05-23T16:56:55.789273Z,15.763,15.763,0.0
run_20260521_224941-0474,2026-05-23T17:01:55.789273Z,17.998,17.998,0.0
run_20260521_224941-0474,2026-05-23T17:06:55.789273Z,19.876,19.876,0.0
run_20260521_224941-0474,2026-05-23T17:11:55.789273Z,21.501,21.501,0.0
run_20260521_224941-0475,2026-05-23T18:24:02.849851Z,0.0,0.0,0.0
run_20260521_224941-0475,2026-05-23T18:29:02.849851Z,-0.623,0.0,0.623
run_20260521_224941-0475,2026-05-23T18:34:02.849851Z,-1.215,0.0,1.215
run_20260521_224941-0475,2026-05-23T18:39:02.849851Z,-1.714,0.0,1.714
run_20260521_224941-0475,2026-05-23T18:44:02.849851Z,-2.299,0.0,2.299
run_20260521_224941-0475,2026-05-23T18:49:02.849851Z,-2.885,0.0,2.885
run_20260521_224941-0475,2026-05-23T18:54:02.849851Z,-3.449,0.0,3.449
run_20260521_224941-0475,2026-05-23T18:59:02.849851Z,-4.085,0.0,4.085
run_20260521_224941-0475,2026-05-23T19:04:02.849851Z,-4.708,0.0,4.708
run_20260521_224941-0475,2026-05-23T19:09:02.849851Z,-5.341,0.0,5.341
run_20260521_224941-0475,2026-05-23T19:14:02.849851Z,-6.073,0.0,6.073
run_20260521_224941-0475,2026-05-23T19:19:02.849851Z,-6.706,0.0,6.706
run_20260521_224941-0475,2026-05-23T19:24:02.849851Z,-7.187,0.0,7.187
run_20260521_224941-0475,2026-05-23T19:29:02.849851Z,-7.704,0.0,7.704
run_20260521_224941-0475,2026-05-23T19:34:02.849851Z,-8.3,0.0,8.3
run_20260521_224941-0475,2026-05-23T19:39:02.849851Z,-8.846,0.0,8.846
run_20260521_224941-0476,2026-05-23T11:28:56.584931Z,0.0,0.0,0.0
run_20260521_224941-0476,2026-05-23T11:33:56.584931Z,1.834,1.834,0.0
run_20260521_224941-0476,2026-05-23T11:38:56.584931Z,3.535,3.535,0.0
run_20260521_224941-0476,2026-05-23T11:43:56.584931Z,5.35,5.35,0.0
run_20260521_224941-0476,2026-05-23T11:48:56.584931Z,7.017,7.017,0.0
run_20260521_224941-0476,2026-05-23T11:53:56.584931Z,8.867,8.867,0.0
run_20260521_224941-0476,2026-05-23T11:58:56.584931Z,10.759,10.759,0.0
run_20260521_224941-0476,2026-05-23T12:03:56.584931Z,13.068,13.068,0.0
run_20260521_224941-0476,2026-05-23T12:08:56.584931Z,14.63,14.63,0.0
run_20260521_224941-0476,2026-05-23T12:13:56.584931Z,16.554,16.554,0.0
run_20260521_224941-0476,2026-05-23T12:18:56.584931Z,18.119,18.119,0.0
run_20260521_224941-0476,2026-05-23T12:23:56.584931Z,20.016,20.016,0.0
run_20260521_224941-0476,2026-05-23T12:28:56.584931Z,22.216,22.216,0.0
run_20260521_224941-0477,2026-05-23T22:25:57.101539Z,0.0,0.0,0.0
run_20260521_224941-0477,2026-05-23T22:30:57.101539Z,0.777,0.777,0.0
run_20260521_224941-0477,2026-05-23T22:35:57.101539Z,1.437,1.437,0.0
run_20260521_224941-0477,2026-05-23T22:40:57.101539Z,2.065,2.065,0.0
run_20260521_224941-0477,2026-05-23T22:45:57.101539Z,2.654,2.654,0.0
run_20260521_224941-0477,2026-05-23T22:50:57.101539Z,3.288,3.288,0.0
run_20260521_224941-0477,2026-05-23T22:55:57.101539Z,3.956,3.956,0.0
run_20260521_224941-0477,2026-05-23T23:00:57.101539Z,4.567,4.567,0.0
run_20260521_224941-0477,2026-05-23T23:05:57.101539Z,5.128,5.128,0.0
run_20260521_224941-0477,2026-05-23T23:10:57.101539Z,5.665,5.665,0.0
run_20260521_224941-0477,2026-05-23T23:15:57.101539Z,6.262,6.262,0.0
run_20260521_224941-0477,2026-05-23T23:20:57.101539Z,6.827,6.827,0.0
run_20260521_224941-0477,2026-05-23T23:25:57.101539Z,7.434,7.434,0.0
run_20260521_224941-0478,2026-05-23T16:42:32.098892Z,0.0,0.0,0.0
run_20260521_224941-0478,2026-05-23T16:47:32.098892Z,0.972,0.972,0.0
run_20260521_224941-0478,2026-05-23T16:52:32.098892Z,2.062,2.062,0.0
run_20260521_224941-0478,2026-05-23T16:57:32.098892Z,2.755,2.755,0.0
run_20260521_224941-0478,2026-05-23T17:02:32.098892Z,3.699,3.699,0.0
run_20260521_224941-0478,2026-05-23T17:07:32.098892Z,4.559,4.559,0.0
run_20260521_224941-0478,2026-05-23T17:12:32.098892Z,5.544,5.544,0.0
run_20260521_224941-0478,2026-05-23T17:17:32.098892Z,6.366,6.366,0.0
run_20260521_224941-0478,2026-05-23T17:22:32.098892Z,7.301,7.301,0.0
run_20260521_224941-0478,2026-05-23T17:27:32.098892Z,8.142,8.142,0.0
run_20260521_224941-0478,2026-05-23T17:32:32.098892Z,8.996,8.996,0.0
run_20260521_224941-0478,2026-05-23T17:37:32.098892Z,10.04,10.04,0.0
run_20260521_224941-0478,2026-05-23T17:42:32.098892Z,11.145,11.145,0.0
run_20260521_224941-0478,2026-05-23T17:47:32.098892Z,11.908,11.908,0.0
run_20260521_224941-0478,2026-05-23T17:52:32.098892Z,12.842,12.842,0.0
run_20260521_224941-0478,2026-05-23T17:57:32.098892Z,13.724,13.724,0.0
run_20260521_224941-0479,2026-05-23T17:48:29.995206Z,0.0,0.0,0.0
run_20260521_224941-0479,2026-05-23T17:53:29.995206Z,0.934,0.934,0.0
run_20260521_224941-0479,2026-05-23T17:58:29.995206Z,1.762,1.762,0.0
run_20260521_224941-0479,2026-05-23T18:03:29.995206Z,2.767,2.767,0.0
run_20260521_224941-0479,2026-05-23T18:08:29.995206Z,3.728,3.728,0.0
run_20260521_224941-0479,2026-05-23T18:13:29.995206Z,4.666,4.666,0.0
run_20260521_224941-0479,2026-05-23T18:18:29.995206Z,5.531,5.531,0.0
run_20260521_224941-0479,2026-05-23T18:23:29.995206Z,6.458,6.458,0.0
run_20260521_224941-0479,2026-05-23T18:28:29.995206Z,7.38,7.38,0.0
run_20260521_224941-0479,2026-05-23T18:33:29.995206Z,8.31,8.31,0.0
run_20260521_224941-0479,2026-05-23T18:38:29.995206Z,9.08,9.08,0.0
run_20260521_224941-0479,2026-05-23T18:43:29.995206Z,9.996,9.996,0.0
run_20260521_224941-0479,2026-05-23T18:48:29.995206Z,10.704,10.704,0.0
run_20260521_224941-0480,2026-05-23T16:35:45.144684Z,0.0,0.0,0.0
run_20260521_224941-0480,2026-05-23T16:40:45.144684Z,-0.607,0.0,0.607
run_20260521_224941-0480,2026-05-23T16:45:45.144684Z,-1.339,0.0,1.339
run_20260521_224941-0480,2026-05-23T16:50:45.144684Z,-1.971,0.0,1.971
run_20260521_224941-0480,2026-05-23T16:55:45.144684Z,-2.513,0.0,2.513
run_20260521_224941-0480,2026-05-23T17:00:45.144684Z,-3.165,0.0,3.165
run_20260521_224941-0480,2026-05-23T17:05:45.144684Z,-3.787,0.0,3.787
run_20260521_224941-0480,2026-05-23T17:10:45.144684Z,-4.447,0.0,4.447
run_20260521_224941-0480,2026-05-23T17:15:45.144684Z,-5.043,0.0,5.043
run_20260521_224941-0480,2026-05-23T17:20:45.144684Z,-5.775,0.0,5.775
run_20260521_224941-0480,2026-05-23T17:25:45.144684Z,-6.363,0.0,6.363
run_20260521_224941-0480,2026-05-23T17:30:45.144684Z,-6.892,0.0,6.892
run_20260521_224941-0480,2026-05-23T17:35:45.144684Z,-7.401,0.0,7.401
run_20260521_224941-0480,2026-05-23T17:40:45.144684Z,-8.007,0.0,8.007
run_20260521_224941-0480,2026-05-23T17:45:45.144684Z,-8.579,0.0,8.579
run_20260521_224941-0480,2026-05-23T17:50:45.144684Z,-9.096,0.0,9.096
run_20260521_224941-0481,2026-05-23T01:52:05.117532Z,0.0,0.0,0.0
run_20260521_224941-0481,2026-05-23T01:57:05.117532Z,2.1,2.1,0.0
run_20260521_224941-0481,2026-05-23T02:02:05.117532Z,3.982,3.982,0.0
run_20260521_224941-0481,2026-05-23T02:07:05.117532Z,5.965,5.965,0.0
run_20260521_224941-0481,2026-05-23T02:12:05.117532Z,7.998,7.998,0.0
run_20260521_224941-0481,2026-05-23T02:17:05.117532Z,9.929,9.929,0.0
run_20260521_224941-0481,2026-05-23T02:22:05.117532Z,11.727,11.727,0.0
run_20260521_224941-0481,2026-05-23T02:27:05.117532Z,13.564,13.564,0.0
run_20260521_224941-0481,2026-05-23T02:32:05.117532Z,15.638,15.638,0.0
run_20260521_224941-0482,2026-05-23T08:31:04.065442Z,0.0,0.0,0.0
run_20260521_224941-0482,2026-05-23T08:36:04.065442Z,0.954,0.954,0.0
run_20260521_224941-0482,2026-05-23T08:41:04.065442Z,1.864,1.864,0.0
run_20260521_224941-0482,2026-05-23T08:46:04.065442Z,2.939,2.939,0.0
run_20260521_224941-0482,2026-05-23T08:51:04.065442Z,3.755,3.755,0.0
run_20260521_224941-0482,2026-05-23T08:56:04.065442Z,4.721,4.721,0.0
run_20260521_224941-0482,2026-05-23T09:01:04.065442Z,5.721,5.721,0.0
run_20260521_224941-0482,2026-05-23T09:06:04.065442Z,6.599,6.599,0.0
run_20260521_224941-0482,2026-05-23T09:11:04.065442Z,7.415,7.415,0.0
run_20260521_224941-0482,2026-05-23T09:16:04.065442Z,8.144,8.144,0.0
run_20260521_224941-0482,2026-05-23T09:21:04.065442Z,9.021,9.021,0.0
run_20260521_224941-0482,2026-05-23T09:26:04.065442Z,9.81,9.81,0.0
run_20260521_224941-0482,2026-05-23T09:31:04.065442Z,10.65,10.65,0.0
run_20260521_224941-0483,2026-05-23T21:21:38.720203Z,0.0,0.0,0.0
run_20260521_224941-0483,2026-05-23T21:26:38.720203Z,0.909,0.909,0.0
run_20260521_224941-0483,2026-05-23T21:31:38.720203Z,1.888,1.888,0.0
run_20260521_224941-0483,2026-05-23T21:36:38.720203Z,2.803,2.803,0.0
run_20260521_224941-0483,2026-05-23T21:41:38.720203Z,3.578,3.578,0.0
run_20260521_224941-0483,2026-05-23T21:46:38.720203Z,4.55,4.55,0.0
run_20260521_224941-0483,2026-05-23T21:51:38.720203Z,5.469,5.469,0.0
run_20260521_224941-0483,2026-05-23T21:56:38.720203Z,6.345,6.345,0.0
run_20260521_224941-0483,2026-05-23T22:01:38.720203Z,7.263,7.263,0.0
run_20260521_224941-0483,2026-05-23T22:06:38.720203Z,8.194,8.194,0.0
run_20260521_224941-0483,2026-05-23T22:11:38.720203Z,9.017,9.017,0.0
run_20260521_224941-0483,2026-05-23T22:16:38.720203Z,9.868,9.868,0.0
run_20260521_224941-0483,2026-05-23T22:21:38.720203Z,10.822,10.822,0.0
run_20260521_224941-0483,2026-05-23T22:26:38.720203Z,11.687,11.687,0.0
run_20260521_224941-0483,2026-05-23T22:31:38.720203Z,12.628,12.628,0.0
run_20260521_224941-0483,2026-05-23T22:36:38.720203Z,13.563,13.563,0.0
run_20260521_224941-0484,2026-05-23T10:22:23.239608Z,0.0,0.0,0.0
run_20260521_224941-0484,2026-05-23T10:27:23.239608Z,-0.63,0.0,0.63
run_20260521_224941-0484,2026-05-23T10:32:23.239608Z,-1.244,0.0,1.244
run_20260521_224941-0484,2026-05-23T10:37:23.239608Z,-1.807,0.0,1.807
run_20260521_224941-0484,2026-05-23T10:42:23.239608Z,-1.087,0.721,1.807
run_20260521_224941-0484,2026-05-23T10:47:23.239608Z,-0.5,1.308,1.807
run_20260521_224941-0484,2026-05-23T10:52:23.239608Z,-0.023,1.784,1.807
run_20260521_224941-0485,2026-05-23T21:55:34.909687Z,0.0,0.0,0.0
run_20260521_224941-0485,2026-05-23T22:00:34.909687Z,0.99,0.99,0.0
run_20260521_224941-0485,2026-05-23T22:05:34.909687Z,1.917,1.917,0.0
run_20260521_224941-0485,2026-05-23T22:10:34.909687Z,0.895,1.917,1.022
run_20260521_224941-0485,2026-05-23T22:15:34.909687Z,1.813,2.835,1.022
run_20260521_224941-0486,2026-05-23T05:02:32.500699Z,0.0,0.0,0.0
run_20260521_224941-0486,2026-05-23T05:07:32.500699Z,0.592,0.592,0.0
run_20260521_224941-0486,2026-05-23T05:12:32.500699Z,0.133,0.592,0.459
run_20260521_224941-0486,2026-05-23T05:17:32.500699Z,0.626,1.085,0.459
run_20260521_224941-0486,2026-05-23T05:22:32.500699Z,1.236,1.695,0.459
run_20260521_224941-0487,2026-05-23T15:05:04.165439Z,0.0,0.0,0.0
run_20260521_224941-0487,2026-05-23T15:10:04.165439Z,0.705,0.705,0.0
run_20260521_224941-0487,2026-05-23T15:15:04.165439Z,1.748,1.748,0.0
run_20260521_224941-0487,2026-05-23T15:20:04.165439Z,2.615,2.615,0.0
run_20260521_224941-0487,2026-05-23T15:25:04.165439Z,3.509,3.509,0.0
run_20260521_224941-0487,2026-05-23T15:30:04.165439Z,4.448,4.448,0.0
run_20260521_224941-0487,2026-05-23T15:35:04.165439Z,5.313,5.313,0.0
run_20260521_224941-0487,2026-05-23T15:40:04.165439Z,6.295,6.295,0.0
run_20260521_224941-0487,2026-05-23T15:45:04.165439Z,7.293,7.293,0.0
run_20260521_224941-0488,2026-05-23T23:22:01.211084Z,0.0,0.0,0.0
run_20260521_224941-0488,2026-05-23T23:27:01.211084Z,1.953,1.953,0.0
run_20260521_224941-0488,2026-05-23T23:32:01.211084Z,0.386,1.953,1.567
run_20260521_224941-0488,2026-05-23T23:37:01.211084Z,2.302,3.869,1.567
run_20260521_224941-0488,2026-05-23T23:42:01.211084Z,4.286,5.853,1.567
run_20260521_224941-0489,2026-05-23T23:35:03.141725Z,0.0,0.0,0.0
run_20260521_224941-0489,2026-05-23T23:40:03.141725Z,0.547,0.547,0.0
run_20260521_224941-0489,2026-05-23T23:45:03.141725Z,1.139,1.139,0.0
run_20260521_224941-0489,2026-05-23T23:50:03.141725Z,1.649,1.649,0.0
run_20260521_224941-0489,2026-05-23T23:55:03.141725Z,2.256,2.256,0.0
run_20260521_224941-0489,2026-05-24T00:00:03.141725Z,2.925,2.925,0.0
run_20260521_224941-0489,2026-05-24T00:05:03.141725Z,3.518,3.518,0.0
run_20260521_224941-0489,2026-05-24T00:10:03.141725Z,4.012,4.012,0.0
run_20260521_224941-0489,2026-05-24T00:15:03.141725Z,4.529,4.529,0.0
run_20260521_224941-0490,2026-05-23T06:21:38.403006Z,0.0,0.0,0.0
run_20260521_224941-0490,2026-05-23T06:26:38.403006Z,2.187,2.187,0.0
run_20260521_224941-0490,2026-05-23T06:31:38.403006Z,4.249,4.249,0.0
run_20260521_224941-0490,2026-05-23T06:36:38.403006Z,5.857,5.857,0.0
run_20260521_224941-0490,2026-05-23T06:41:38.403006Z,7.681,7.681,0.0
run_20260521_224941-0490,2026-05-23T06:46:38.403006Z,5.893,7.681,1.788
run_20260521_224941-0490,2026-05-23T06:51:38.403006Z,4.138,7.681,3.543
run_20260521_224941-0490,2026-05-23T06:56:38.403006Z,5.972,9.515,3.543
run_20260521_224941-0490,2026-05-23T07:01:38.403006Z,8.109,11.652,3.543
run_20260521_224941-0491,2026-05-23T12:24:40.637686Z,0.0,0.0,0.0
run_20260521_224941-0491,2026-05-23T12:29:40.637686Z,0.425,0.425,0.0
run_20260521_224941-0491,2026-05-23T12:34:40.637686Z,1.017,1.017,0.0
run_20260521_224941-0491,2026-05-23T12:39:40.637686Z,1.59,1.59,0.0
run_20260521_224941-0491,2026-05-23T12:44:40.637686Z,2.204,2.204,0.0
run_20260521_224941-0491,2026-05-23T12:49:40.637686Z,2.804,2.804,0.0
run_20260521_224941-0491,2026-05-23T12:54:40.637686Z,3.452,3.452,0.0
run_20260521_224941-0491,2026-05-23T12:59:40.637686Z,4.029,4.029,0.0
run_20260521_224941-0491,2026-05-23T13:04:40.637686Z,4.593,4.593,0.0
run_20260521_224941-0491,2026-05-23T13:09:40.637686Z,5.225,5.225,0.0
run_20260521_224941-0491,2026-05-23T13:14:40.637686Z,5.808,5.808,0.0
run_20260521_224941-0491,2026-05-23T13:19:40.637686Z,5.295,5.808,0.513
run_20260521_224941-0491,2026-05-23T13:24:40.637686Z,4.61,5.808,1.198
run_20260521_224941-0491,2026-05-23T13:29:40.637686Z,4.037,5.808,1.771
run_20260521_224941-0491,2026-05-23T13:34:40.637686Z,4.568,6.339,1.771
run_20260521_224941-0491,2026-05-23T13:39:40.637686Z,5.051,6.822,1.771
run_20260521_224941-0492,2026-05-23T03:03:24.331554Z,0.0,0.0,0.0
run_20260521_224941-0492,2026-05-23T03:08:24.331554Z,2.089,2.089,0.0
run_20260521_224941-0492,2026-05-23T03:13:24.331554Z,3.76,3.76,0.0
run_20260521_224941-0492,2026-05-23T03:18:24.331554Z,5.552,5.552,0.0
run_20260521_224941-0492,2026-05-23T03:23:24.331554Z,7.121,7.121,0.0
run_20260521_224941-0492,2026-05-23T03:28:24.331554Z,9.059,9.059,0.0
run_20260521_224941-0492,2026-05-23T03:33:24.331554Z,10.427,10.427,0.0
run_20260521_224941-0492,2026-05-23T03:38:24.331554Z,8.717,10.427,1.71
run_20260521_224941-0492,2026-05-23T03:43:24.331554Z,6.832,10.427,3.595
run_20260521_224941-0492,2026-05-23T03:48:24.331554Z,5.007,10.427,5.42
run_20260521_224941-0492,2026-05-23T03:53:24.331554Z,3.022,10.427,7.405
run_20260521_224941-0492,2026-05-23T03:58:24.331554Z,1.061,10.427,9.366
run_20260521_224941-0492,2026-05-23T04:03:24.331554Z,-0.88,10.427,11.307
run_20260521_224941-0492,2026-05-23T04:08:24.331554Z,0.854,12.161,11.307
run_20260521_224941-0492,2026-05-23T04:13:24.331554Z,2.623,13.93,11.307
run_20260521_224941-0492,2026-05-23T04:18:24.331554Z,4.679,15.986,11.307
run_20260521_224941-0493,2026-05-23T06:17:50.294250Z,0.0,0.0,0.0
run_20260521_224941-0493,2026-05-23T06:22:50.294250Z,0.572,0.572,0.0
run_20260521_224941-0493,2026-05-23T06:27:50.294250Z,1.194,1.194,0.0
run_20260521_224941-0493,2026-05-23T06:32:50.294250Z,1.849,1.849,0.0
run_20260521_224941-0493,2026-05-23T06:37:50.294250Z,2.358,2.358,0.0
run_20260521_224941-0493,2026-05-23T06:42:50.294250Z,3.005,3.005,0.0
run_20260521_224941-0493,2026-05-23T06:47:50.294250Z,3.647,3.647,0.0
run_20260521_224941-0493,2026-05-23T06:52:50.294250Z,4.113,4.113,0.0
run_20260521_224941-0493,2026-05-23T06:57:50.294250Z,4.775,4.775,0.0
run_20260521_224941-0494,2026-05-23T03:31:35.921020Z,0.0,0.0,0.0
run_20260521_224941-0494,2026-05-23T03:36:35.921020Z,0.663,0.663,0.0
run_20260521_224941-0494,2026-05-23T03:41:35.921020Z,1.251,1.251,0.0
run_20260521_224941-0494,2026-05-23T03:46:35.921020Z,1.891,1.891,0.0
run_20260521_224941-0494,2026-05-23T03:51:35.921020Z,2.477,2.477,0.0
run_20260521_224941-0494,2026-05-23T03:56:35.921020Z,3.046,3.046,0.0
run_20260521_224941-0494,2026-05-23T04:01:35.921020Z,3.625,3.625,0.0
run_20260521_224941-0494,2026-05-23T04:06:35.921020Z,4.323,4.323,0.0
run_20260521_224941-0494,2026-05-23T04:11:35.921020Z,4.988,4.988,0.0
run_20260521_224941-0495,2026-05-23T17:25:13.700311Z,0.0,0.0,0.0
run_20260521_224941-0495,2026-05-23T17:30:13.700311Z,0.777,0.777,0.0
run_20260521_224941-0495,2026-05-23T17:35:13.700311Z,1.71,1.71,0.0
run_20260521_224941-0495,2026-05-23T17:40:13.700311Z,2.701,2.701,0.0
run_20260521_224941-0495,2026-05-23T17:45:13.700311Z,3.649,3.649,0.0
run_20260521_224941-0495,2026-05-23T17:50:13.700311Z,4.559,4.559,0.0
run_20260521_224941-0495,2026-05-23T17:55:13.700311Z,5.495,5.495,0.0
run_20260521_224941-0495,2026-05-23T18:00:13.700311Z,6.363,6.363,0.0
run_20260521_224941-0495,2026-05-23T18:05:13.700311Z,7.242,7.242,0.0
run_20260521_224941-0495,2026-05-23T18:10:13.700311Z,7.985,7.985,0.0
run_20260521_224941-0495,2026-05-23T18:15:13.700311Z,8.962,8.962,0.0
run_20260521_224941-0495,2026-05-23T18:20:13.700311Z,9.852,9.852,0.0
run_20260521_224941-0495,2026-05-23T18:25:13.700311Z,10.75,10.75,0.0
run_20260521_224941-0495,2026-05-23T18:30:13.700311Z,11.46,11.46,0.0
run_20260521_224941-0495,2026-05-23T18:35:13.700311Z,12.406,12.406,0.0
run_20260521_224941-0495,2026-05-23T18:40:13.700311Z,13.144,13.144,0.0
run_20260521_224941-0496,2026-05-23T00:11:52.138224Z,0.0,0.0,0.0
run_20260521_224941-0496,2026-05-23T00:16:52.138224Z,-0.794,0.0,0.794
run_20260521_224941-0496,2026-05-23T00:21:52.138224Z,-1.46,0.0,1.46
run_20260521_224941-0496,2026-05-23T00:26:52.138224Z,-2.381,0.0,2.381
run_20260521_224941-0496,2026-05-23T00:31:52.138224Z,-3.207,0.0,3.207
run_20260521_224941-0496,2026-05-23T00:36:52.138224Z,-4.05,0.0,4.05
run_20260521_224941-0496,2026-05-23T00:41:52.138224Z,-4.953,0.0,4.953
run_20260521_224941-0496,2026-05-23T00:46:52.138224Z,-5.85,0.0,5.85
run_20260521_224941-0496,2026-05-23T00:51:52.138224Z,-6.71,0.0,6.71
run_20260521_224941-0496,2026-05-23T00:56:52.138224Z,-7.683,0.0,7.683
run_20260521_224941-0496,2026-05-23T01:01:52.138224Z,-8.528,0.0,8.528
run_20260521_224941-0496,2026-05-23T01:06:52.138224Z,-9.549,0.0,9.549
run_20260521_224941-0496,2026-05-23T01:11:52.138224Z,-10.578,0.0,10.578
run_20260521_224941-0496,2026-05-23T01:16:52.138224Z,-11.349,0.0,11.349
run_20260521_224941-0496,2026-05-23T01:21:52.138224Z,-12.186,0.0,12.186
run_20260521_224941-0496,2026-05-23T01:26:52.138224Z,-13.187,0.0,13.187
run_20260521_224941-0497,2026-05-23T07:16:49.442558Z,0.0,0.0,0.0
run_20260521_224941-0497,2026-05-23T07:21:49.442558Z,0.524,0.524,0.0
run_20260521_224941-0497,2026-05-23T07:26:49.442558Z,1.091,1.091,0.0
run_20260521_224941-0497,2026-05-23T07:31:49.442558Z,1.644,1.644,0.0
run_20260521_224941-0497,2026-05-23T07:36:49.442558Z,2.261,2.261,0.0
run_20260521_224941-0497,2026-05-23T07:41:49.442558Z,2.84,2.84,0.0
run_20260521_224941-0497,2026-05-23T07:46:49.442558Z,2.213,2.84,0.626
run_20260521_224941-0497,2026-05-23T07:51:49.442558Z,1.729,2.84,1.111
run_20260521_224941-0497,2026-05-23T07:56:49.442558Z,2.207,3.318,1.111
run_20260521_224941-0498,2026-05-23T15:26:57.555029Z,0.0,0.0,0.0
run_20260521_224941-0498,2026-05-23T15:31:57.555029Z,0.72,0.72,0.0
run_20260521_224941-0498,2026-05-23T15:36:57.555029Z,1.373,1.373,0.0
run_20260521_224941-0498,2026-05-23T15:41:57.555029Z,2.022,2.022,0.0
run_20260521_224941-0498,2026-05-23T15:46:57.555029Z,2.588,2.588,0.0
run_20260521_224941-0498,2026-05-23T15:51:57.555029Z,3.242,3.242,0.0
run_20260521_224941-0498,2026-05-23T15:56:57.555029Z,3.899,3.899,0.0
run_20260521_224941-0498,2026-05-23T16:01:57.555029Z,4.577,4.577,0.0
run_20260521_224941-0498,2026-05-23T16:06:57.555029Z,5.178,5.178,0.0
run_20260521_224941-0498,2026-05-23T16:11:57.555029Z,5.808,5.808,0.0
run_20260521_224941-0498,2026-05-23T16:16:57.555029Z,6.367,6.367,0.0
run_20260521_224941-0498,2026-05-23T16:21:57.555029Z,6.998,6.998,0.0
run_20260521_224941-0498,2026-05-23T16:26:57.555029Z,7.568,7.568,0.0
run_20260521_224941-0499,2026-05-23T05:19:04.057920Z,0.0,0.0,0.0
run_20260521_224941-0499,2026-05-23T05:24:04.057920Z,0.885,0.885,0.0
run_20260521_224941-0499,2026-05-23T05:29:04.057920Z,1.788,1.788,0.0
run_20260521_224941-0499,2026-05-23T05:34:04.057920Z,2.71,2.71,0.0
run_20260521_224941-0499,2026-05-23T05:39:04.057920Z,3.661,3.661,0.0
run_20260521_224941-0499,2026-05-23T05:44:04.057920Z,4.609,4.609,0.0
run_20260521_224941-0499,2026-05-23T05:49:04.057920Z,5.399,5.399,0.0
run_20260521_224941-0499,2026-05-23T05:54:04.057920Z,6.16,6.16,0.0
run_20260521_224941-0499,2026-05-23T05:59:04.057920Z,7.096,7.096,0.0
run_20260521_224941-0499,2026-05-23T06:04:04.057920Z,8.133,8.133,0.0
run_20260521_224941-0499,2026-05-23T06:09:04.057920Z,9.154,9.154,0.0
run_20260521_224941-0499,2026-05-23T06:14:04.057920Z,10.063,10.063,0.0
run_20260521_224941-0499,2026-05-23T06:19:04.057920Z,10.965,10.965,0.0
run_20260521_224941-0500,2026-05-23T16:49:21.406807Z,0.0,0.0,0.0
run_20260521_224941-0500,2026-05-23T16:54:21.406807Z,-0.575,0.0,0.575
run_20260521_224941-0500,2026-05-23T16:59:21.406807Z,-1.148,0.0,1.148
run_20260521_224941-0500,2026-05-23T17:04:21.406807Z,-1.632,0.0,1.632
run_20260521_224941-0500,2026-05-23T17:09:21.406807Z,-2.172,0.0,2.172
run_20260521_224941-0500,2026-05-23T17:14:21.406807Z,-2.758,0.0,2.758
run_20260521_224941-0500,2026-05-23T17:19:21.406807Z,-3.34,0.0,3.34
