session_id,user_id,energy_kwh,import_kwh,export_kwh,net_kwh,start_ts,end_ts,batch_day,receipt_hash,merkle_root,batch_root
run_20260521_224941-0001,user-002,3.404,4.028,0.624,3.404,2026-05-23T23:22:59.070749Z,2026-05-24T00:02:59.070749Z,2026-05-23,0x1ca3cf1fe7f211fdb0aef23d9985cf784fc65454e4945827ef57ca16d5795698,0x318e66c702bdf97c033bbd4d7ad0758c9b6b2bf6c5aee6e2f58313e9f729992a,0xbe1369722ce118053c2d04f154ff377fa20008e7129f687a7bcf68ac50a4f620
run_20260521_224941-0002,user-004,4.893,4.893,0.0,4.893,2026-05-23T13:12:08.338401Z,2026-05-23T13:52:08.338401Z,2026-05-23,0x43999034f386144061c8acd8943ba240a28af68e822ccd02d0a71d1682ed733c,0xc75e93d109569ace61e8514166f03772598b29b543fb37232450daa7c5fcf670,0xbe1369722ce118053c2d04f154ff377fa20008e7129f687a7bcf68ac50a4f620
run_20260521_224941-0003,user-008,7.318,7.318,0.0,7.318,2026-05-23T11:06:49.892898Z,2026-05-23T12:06:49.892898Z,2026-05-23,0xa9ff83c58d53b879d55fcd168c6c2656e763edd89422dc0fad391d63a9e84a42,0x710ef10cf9ea435a9a49a3ed882bb6f9fb3f830d46a11958429e5d327206bae7,0xbe1369722ce118053c2d04f154ff377fa20008e7129f687a7bcf68ac50a4f620
run_20260521_224941-0004,user-006,15.207,15.207,0.0,15.207,2026-05-23T18:57:18.592541Z,2026-05-23T19:37:18.592541Z,2026-05-23,0x9ef9199383e84897956911f9acc980ea801830e3e40544c8ee5cdd8f8fd382f5,0xca03ae590d09bf9bf2f46b7b9dc331d014187ba281985f292582c595289e3089,0xbe1369722ce118053c2d04f154ff377fa20008e7129f687a7bcf68ac50a4f620
run_20260521_224941-0005,user-001,-3.741,0.0,3.741,-3.741,2026-05-23T18:29:10.246582Z,2026-05-23T18:49:10.246582Z,2026-05-23,0x29130ea2fc6ca3f11a3c72ff903439840e63b5b29c1e9c235d6eb3d8d428987e,0x509169235f202dc2d6c4c157341441c01e25c99a36f043c5637f28421620136e,0xbe1369722ce118053c2d04f154ff377fa20008e7129f687a7bcf68ac50a4f620
run_20260521_224941-0006,user-008,3.466,3.466,0.0,3.466,2026-05-23T20:33:15.894586Z,2026-05-23T21:03:15.894586Z,2026-05-23,0xc17027285ff7609503ee3ad3e64bbf42886641967f183fab30b89eb2198482f7,0xa042b0b48589530b7be6933a0e7a7083cbcbd8f9bce8c4a146bff52794a2f889,0xbe1369722ce118053c2d04f154ff377fa20008e7129f687a7bcf68ac50a4f620
run_20260521_224941-0007,user-001,0.471,5.582,5.111,0.471,2026-05-23T03:19:00.708605Z,2026-05-23T03:49:00.708605Z,2026-05-23,0xe9a85a517f7b7dba4b9909c4dcdf493bc294df200f53b439179263f163f32da7,0xc23101a2813ff4a98f32c86f29bae4fc513e93917176a488baf7c7c090ba67ee,0xbe1369722ce118053c2d04f154ff377fa20008e7129f687a7bcf68ac50a4f620
run_20260521_224941-0008,user-009,2.666,3.714,1.048,2.666,2026-05-23T05:57:44.158115Z,2026-05-23T06:37:44.158115Z,2026-05-23,0x945971b0f5a947d19666d10e8a8e92934b37109f75d573d710db5069a9619909,0x4d2c1ee0e7a9df7de26f2e1b759fd2427d22d10d28f3f5b9c0c9911faca5c5b2,0xbe1369722ce118053c2d04f154ff377fa20008e7129f687a7bcf68ac50a4f620
run_20260521_224941-0009,user-006,27.805,27.805,0.0,27.805,2026-05-23T05:40:59.066874Z,2026-05-23T06:55:59.066874Z,2026-05-23,0x6a3cc0b12a844fb18ddf0811950ff80430482492f02fe3c56b4cd12919c658b2,0x3c843ea5874fc9dbcc979d5ad3a6f28c3c78d8080d3d4c7b980cf3e70dd5a444,0xbe1369722ce118053c2d04f154ff377fa20008e7129f687a7bcf68ac50a4f620
run_20260521_224941-0010,user-010,10.482,10.482,0.0,10.482,2026-05-23T13:49:40.881967Z,2026-05-23T14:19:40.881967Z,2026-05-23,0xf73f78fbca1b988f0c15e7950372b97b56c9107ae913b85b2f7153b22947a870,0x21269de0dc29f727091acd06cd13f4f9415b1c96a323b033f76ac71bcd7ceed3,0xbe1369722ce118053c2d04f154ff377fa20008e7129f687a7bcf68ac50a4f620
run_20260521_224941-0011,user-006,8.959,8.959,0.0,8.959,2026-05-23T23:28:42.639935Z,2026-05-24T00:43:42.639935Z,2026-05-23,0xa3b635d16b1782bd0a31f6b76c9909eaa30eb981f42a65fdef08966165c1aceb,0xe6b0a76ae277209a614e3040ee564842d93bb94f0503620b8cde662feb84ea19,0xbe1369722ce118053c2d04f154ff377fa20008e7129f687a7bcf68ac50a4f620
run_20260521_224941-0012,user-002,-7.311,0.0,7.311,-7.311,2026-05-23T08:10:03.890442Z,2026-05-23T08:50:03.890442Z,2026-05-23,0xd1559d4cd6a6ad969e56f854274b16820a66c8b3f66d389f6e48635f89c8865e,0x43bfcaf2f2e6151d16f69725c896551400850c8c42171fe4d24da41d4c5b2f26,0xbe1369722ce118053c2d04f154ff377fa20008e7129f687a7bcf68ac50a4f620
run_20260521_224941-0013,user-007,7.205,7.205,0.0,7.205,2026-05-23T19:34:46.633708Z,2026-05-23T20:34:46.633708Z,2026-05-23,0xe71295fcf1b2191bd65803ed3f239eb7cb92b511684a46e0d95139324747b8e2,0x4f0b4820ec1a2d41bba7316ffb1da6dc5521bc263380cbf369ff6281776140bd,0xbe1369722ce118053c2d04f154ff377fa20008e7129f687a7bcf68ac50a4f620
run_20260521_224941-0014,user-001,-0.141,3.852,3.993,-0.141,2026-05-23T00:20:09.315897Z,2026-05-23T01:00:09.315897Z,2026-05-23,0xcd07adfc653cd0cf793314f607d23c52789f22a102a606017edf4dc117637f58,0xb0493eab5e483137f406fc44f5f6be75d200b6a2b3566ea540dacc6da0e57a3d,0xbe1369722ce118053c2d04f154ff377fa20008e7129f687a7bcf68ac50a4f620
run_20260521_224941-0015,user-002,3.936,6.033,2.097,3.936,2026-05-23T03:33:04.004082Z,2026-05-23T03:53:04.004082Z,2026-05-23,0xff101fa9fdd46a9c4b18a88f9b7983babc80057d12d5679f6ea9a7b8c8dbe9d9,0xce1c8e3381194688a7cdf1001794cd9ffe34c17f5400b0ce85b51be6a483d21c,0xbe1369722ce118053c2d04f154ff377fa20008e7129f687a7bcf68ac50a4f620
run_20260521_224941-0016,user-010,4.855,4.855,0.0,4.855,2026-05-23T11:26:11.573378Z,2026-05-23T12:06:11.573378Z,2026-05-23,0x0cb8357b6db8e1c50e7a21bf79e13c3785d653a793b2b2390208aeace607ccd4,0x1120e529c16035ee4b1f29f9403c3e5d33d4fde52f151a02ca7ed0967562ca69,0xbe1369722ce118053c2d04f154ff377fa20008e7129f687a7bcf68ac50a4f620
run_20260521_224941-0017,user-002,2.972,8.628,5.656,2.972,2026-05-23T11:04:48.387486Z,2026-05-23T12:19:48.387486Z,2026-05-23,0xc0a2879249ac278ed6b45afe46e0e16a7436fc8c5d1aa2a4dcfb4bfc2d8c2fdc,0x5d85be3f56862af2182a78f6b93a06e618526c2bb84444740bd245bbca3e18c1,0xbe1369722ce118053c2d04f154ff377fa20008e7129f687a7bcf68ac50a4f620
run_20260521_224941-0018,user-004,11.507,11.507,0.0,11.507,2026-05-23T06:45:38.307031Z,2026-05-23T07:15:38.307031Z,2026-05-23,0x4cab6d9547198903967910ad9eb910a94341277d402cf009be485603ea1e4f78,0x5bea236f139742b02db14bcbe862ff341c966d47fa492bc8e43da54653b614ba,0xbe1369722ce118053c2d04f154ff377fa20008e7129f687a7bcf68ac50a4f620
run_20260521_224941-0019,user-003,4.68,4.68,0.0,4.68,2026-05-23T08:41:33.404201Z,2026-05-23T09:21:33.404201Z,2026-05-23,0x2b530172c402ade37d6459f22c9a96564dd4e05050fae6b1355e9c0cddc0ceca,0x9ef164102372bdba08007f9ae5fff953a848a079101bb7f296c25c1d8738ba4e,0xbe1369722ce118053c2d04f154ff377fa20008e7129f687a7bcf68ac50a4f620
run_20260521_224941-0020,user-001,1.885,2.898,1.013,1.885,2026-05-23T16:35:06.478566Z,2026-05-23T16:55:06.478566Z,2026-05-23,0xdd706d8a7086c87390214d7e437aa6127a21207e8c36abd6fe9d2587a70747e9,0xc671533d406e9ca0bc2121e386d36f199f695f0b502ba3ad929a7a28b9b54dd0,0xbe1369722ce118053c2d04f154ff377fa20008e7129f687a7bcf68ac50a4f620
run_20260521_224941-0021,user-004,-0.048,2.557,2.605,-0.048,2026-05-23T03:13:58.067847Z,2026-05-23T03:43:58.067847Z,2026-05-23,0x5d269a4e9051d49156608cb2f3a97411a37a829818b9e652967e9bc703d8b8ce,0x08bcfb1826cdb23380707811f4c248cba6bd4f28676ef07893febb8a0ad79219,0xbe1369722ce118053c2d04f154ff377fa20008e7129f687a7bcf68ac50a4f620
run_20260521_224941-0022,user-008,-11.192,0.0,11.192,-11.192,2026-05-23T18:38:41.726804Z,2026-05-23T19:38:41.726804Z,2026-05-23,0x2a2f66bd0e53660268190b415a94064dfe30fb9f6a77f8e14f62ae87de098d1f,0x47eabebf4ce4db46602883f7699a889bc715e80eb6dd8eb8f85f5c2ac26b047c,0xbe1369722ce118053c2d04f154ff377fa20008e7129f687a7bcf68ac50a4f620
run_20260521_224941-0023,user-003,0.245,2.433,2.188,0.245,2026-05-23T10:02:57.047005Z,2026-05-23T10:42:57.047005Z,2026-05-23,0xf9147ffa028a91a6f04a52557bbf22f8f1ec75ed97a1b17b44be1b99ee08a4f3,0x9f091dedf9573945e1fc8145ec9b406c34f54534cb785d68ec1351b51786d662,0xbe1369722ce118053c2d04f154ff377fa20008e7129f687a7bcf68ac50a4f620
run_20260521_224941-0024,user-004,7.517,7.517,0.0,7.517,2026-05-23T15:14:31.264838Z,2026-05-23T15:34:31.264838Z,2026-05-23,0xfca00101b6a90e92f3cf60b043321b6cf1f89701b976f21f0442828d907bb621,0x428d07013cde4246af04f6be38e4e83faf6a4e9bc3ec56ce3e18e8843ac2e23e,0xbe1369722ce118053c2d04f154ff377fa20008e7129f687a7bcf68ac50a4f620
run_20260521_224941-0025,user-007,0.817,4.91,4.093,0.817,2026-05-23T07:15:01.193014Z,2026-05-23T08:30:01.193014Z,2026-05-23,0xc2842f29975df113463d4c6ac44c85c5617c164898ed6c398c2cc39ac39a4b52,0xa1f9be750f3b15c94d9b7c51a3de58d373558740daa35399928e8879286440d1,0xbe1369722ce118053c2d04f154ff377fa20008e7129f687a7bcf68ac50a4f620
run_20260521_224941-0026,user-010,-11.153,0.0,11.153,-11.153,2026-05-23T15:56:19.734733Z,2026-05-23T16:26:19.734733Z,2026-05-23,0x396c4f95a21055b6a48d3c867e0dbb935fdcf31401c241526da6be8b345e7165,0x3de3eb793bfed9606550aabb035dac3a3626379f978b8ec712900ee0aedfef03,0xbe1369722ce118053c2d04f154ff377fa20008e7129f687a7bcf68ac50a4f620
run_20260521_224941-0027,user-004,-11.039,0.0,11.039,-11.039,2026-05-23T06:44:34.912901Z,2026-05-23T07:44:34.912901Z,2026-05-23,0x48ce9607ccd01abdd05fd6bfad48aa5d61dbb09ade523ce99a23a0fe0d4f7ef6,0xb68cfc4abc0bf13dd9ddb613c13ba68126a233c4273966ba1a1d178cdb726bb0,0xbe1369722ce118053c2d04f154ff377fa20008e7129f687a7bcf68ac50a4f620
run_20260521_224941-0028,user-009,13.549,13.549,0.0,13.549,2026-05-23T00:16:26.092055Z,2026-05-23T01:31:26.092055Z,2026-05-23,0x79f673013fc4f71e94e951ba19654d437a43064664a0bb31ec97d63a77973438,0xc58459cdcd624c76ef525fc05c9f5c1f4d5d8fe717ded736427c9dbb82445e6a,0xbe1369722ce118053c2d04f154ff377fa20008e7129f687a7bcf68ac50a4f620
run_20260521_224941-0029,user-006,3.691,6.217,2.526,3.691,2026-05-23T16:18:37.093289Z,2026-05-23T17:33:37.093289Z,2026-05-23,0x4d4701be72619fd58062d5159c0763d8884ead27b236104a8216a00f355ff68e,0xba23516950830465da92a1d6803ec587ea52eeaacdc242718828fe617267252c,0xbe1369722ce118053c2d04f154ff377fa20008e7129f687a7bcf68ac50a4f620
run_20260521_224941-0030,user-007,21.809,21.809,0.0,21.809,2026-05-23T03:30:02.097071Z,2026-05-23T04:30:02.097071Z,2026-05-23,0x42c7307b793a7c93cf943adab866e6a086052deb88e48af79fa18538172e9e82,0x645a0b4371f200d95216f1fb912af21b5e0da9940064b92c5362d2883ad8d062,0xbe1369722ce118053c2d04f154ff377fa20008e7129f687a7bcf68ac50a4f620
run_20260521_224941-0031,user-010,2.568,2.568,0.0,2.568,2026-05-23T10:26:16.532667Z,2026-05-23T10:46:16.532667Z,2026-05-23,0x266010227d3638687e7a86d075ecea5c21d5eaf3ece8a5591bb509f513138c3c,0xafe8b7f49130551dc982437c907aa50d4dc33c7be92432b3c8680cdbede7c64f,0xbe1369722ce118053c2d04f154ff377fa20008e7129f687a7bcf68ac50a4f620
run_20260521_224941-0032,user-007,11.264,11.264,0.0,11.264,2026-05-23T17:18:18.628409Z,2026-05-23T18:18:18.628409Z,2026-05-23,0x4b4fa22d1a8fa47c97d0d2c55864790db91a794b4540df80a9efca1cab3e676e,0x9f2ec306ee429b16e2b97417991713057725229a1e0a004c0fdc87712d336279,0xbe1369722ce118053c2d04f154ff377fa20008e7129f687a7bcf68ac50a4f620
run_20260521_224941-0033,user-010,9.654,14.861,5.207,9.654,2026-05-23T01:14:13.793280Z,2026-05-23T02:14:13.793280Z,2026-05-23,0x1c08e5032a89db4a7d025550f453e97df7aa97ba653d4560473ecbe786d72790,0x9a980aac7e9790953421ea2986a710e6e8cc86d47f1d5bfe15a818d18a740166,0xbe1369722ce118053c2d04f154ff377fa20008e7129f687a7bcf68ac50a4f620
run_20260521_224941-0034,user-004,15.024,15.024,0.0,15.024,2026-05-23T21:32:15.727209Z,2026-05-23T22:12:15.727209Z,2026-05-23,0xb1eb58d14a66dcd65eb5d734ebf162d793e5394fef9f9b8bb503a6b238d897ef,0x4ae9aabe9ca8b9ac122f0e12905b8d840a261774f91ca126cb4a5c44f2446203,0xbe1369722ce118053c2d04f154ff377fa20008e7129f687a7bcf68ac50a4f620
run_20260521_224941-0035,user-006,14.902,18.497,3.595,14.902,2026-05-23T08:43:45.446833Z,2026-05-23T09:43:45.446833Z,2026-05-23,0x4f235d8e70295aa01212df6d03ca5efb137424b158d5468021d7bdfac8c39d3a,0x0e6d03b16ba69b781686f85cc465878eda0f81b1abfafc0963088aa9d0baf8ce,0xbe1369722ce118053c2d04f154ff377fa20008e7129f687a7bcf68ac50a4f620
run_20260521_224941-0036,user-007,6.964,8.847,1.883,6.964,2026-05-23T15:54:35.332041Z,2026-05-23T16:54:35.332041Z,2026-05-23,0x2f2e98d284b10ab19ea15fe9257bd15853e990e1b2dd407e0790e68c04aab914,0x991d8e64f5f4e6941848e79146dabb9ee83a5db2c200202ca7adef06f8cf8da2,0xbe1369722ce118053c2d04f154ff377fa20008e7129f687a7bcf68ac50a4f620
run_20260521_224941-0037,user-001,5.412,5.412,0.0,5.412,2026-05-23T21:45:00.190512Z,2026-05-23T22:15:00.190512Z,2026-05-23,0x14bdc4a181e3f6722eb07e3dd0535138d5ba07f19f456fd838233d0602750bdf,0xf1d1cefed23c7c52a5ef62a21b6a2e9788d38b67a586212f25f4f04b49806bfa,0xbe1369722ce118053c2d04f154ff377fa20008e7129f687a7bcf68ac50a4f620
run_20260521_224941-0038,user-005,3.361,5.245,1.884,3.361,2026-05-23T17:56:58.722376Z,2026-05-23T18:16:58.722376Z,2026-05-23,0x1cd4460d51b5c633d1856807fde8b08741d1ef5e5ec5ceb8325afafbb48cbb54,0x6da089c5afdf8ad008716e6aad03b6a02f5971fb58463728615e53e95c8a6991,0xbe1369722ce118053c2d04f154ff377fa20008e7129f687a7bcf68ac50a4f620
run_20260521_224941-0039,user-009,-0.033,1.226,1.259,-0.033,2026-05-23T09:39:37.280020Z,2026-05-23T09:59:37.280020Z,2026-05-23,0x4c5dc3cf0d9f9d9dd42ee54f524b80d0142b2ccc537402f1bc7aad360c3bf4d5,0xf71d70366b9c64552190b9fedba9b5be2114369034a893a928507083b35a15d2,0xbe1369722ce118053c2d04f154ff377fa20008e7129f687a7bcf68ac50a4f620
run_20260521_224941-0040,user-003,7.14,7.14,0.0,7.14,2026-05-23T08:40:28.061799Z,2026-05-23T09:40:28.061799Z,2026-05-23,0x0fb8c205ab1d07fdf00babc464ebe4a0f434d66f2f02316b0707d9b8b86e0128,0x124d250641ffb2d56c7f9706a5819f33cc2eb5b7a6929f58ced75e12d3ab519a,0xbe1369722ce118053c2d04f154ff377fa20008e7129f687a7bcf68ac50a4f620
run_20260521_224941-0041,user-002,7.132,7.132,0.0,7.132,2026-05-23T00:07:45.474198Z,2026-05-23T00:27:45.474198Z,2026-05-23,0x8777325a301d14dd7eda6929cfda1b5dff0129f4b49ea2248c5f990ef5825745,0xecf88ca8eb9902d69a9518aba5f5282fd9c2eb80a9df152c05550d233e89b5c3,0xbe1369722ce118053c2d04f154ff377fa20008e7129f687a7bcf68ac50a4f620
run_20260521_224941-0042,user-010,14.805,14.805,0.0,14.805,2026-05-23T00:13:21.299096Z,2026-05-23T00:53:21.299096Z,2026-05-23,0x168fccf8bafa8bdb9decfd630c4f9737a0bebc9712f49ce402e30d2c4ca17a3b,0x19292cdbff285f53be87fabfcd739a9b01854abab8bd0c3d66d3d71b5eae1ee0,0xbe1369722ce118053c2d04f154ff377fa20008e7129f687a7bcf68ac50a4f620
run_20260521_224941-0043,user-010,0.136,1.345,1.209,0.136,2026-05-23T12:42:19.561814Z,2026-05-23T13:02:19.561814Z,2026-05-23,0xd657c690370df9867888aa631def602207d4d693fe4ecda83ef343e0b39db2d5,0xd684ba83ecca4949e43ce396845fe248c9a066f6ff17a08b113a2cac02767a4c,0xbe1369722ce118053c2d04f154ff377fa20008e7129f687a7bcf68ac50a4f620
run_20260521_224941-0044,user-007,3.91,7.517,3.607,3.91,2026-05-23T21:13:43.327467Z,2026-05-23T21:43:43.327467Z,2026-05-23,0xf235f195042b14d0945a4c909a13416c53fbbdac5640cbced2cbc5fda533b5fa,0x4432b31223b224fdb6edd46c6a9d187814ac6b11d1519fdba64188786f0c7de9,0xbe1369722ce118053c2d04f154ff377fa20008e7129f687a7bcf68ac50a4f620
run_20260521_224941-0045,user-007,27.548,27.548,0.0,27.548,2026-05-23T01:21:32.772800Z,2026-05-23T02:36:32.772800Z,2026-05-23,0x992fa69694ead32c4087fb6f6e0d121fea3d9dc4698129e863b75c14c1435d97,0xd375a77bec844c21ad9d8183f89c3ae6d2a6832e5c9a0797604d97d047f6d0e4,0xbe1369722ce118053c2d04f154ff377fa20008e7129f687a7bcf68ac50a4f620
run_20260521_224941-0046,user-010,7.084,7.084,0.0,7.084,2026-05-23T13:31:19.537117Z,2026-05-23T14:31:19.537117Z,2026-05-23,0x9d741ae08486c7aa9fff32aeead4bcdb77d2dd7dc989199cf4e76149924b4c37,0x0e0875871366d6a01bd8e9093669cb337669a45ce8508865d099239e7ae9c7e9,0xbe1369722ce118053c2d04f154ff377fa20008e7129f687a7bcf68ac50a4f620
run_20260521_224941-0047,user-009,7.108,7.108,0.0,7.108,2026-05-23T04:11:06.289638Z,2026-05-23T04:31:06.289638Z,2026-05-23,0xd37232fc3726c6049b5fc24cd73756605d760b6478feab1c6e9882f430464f5d,0xfed47501f9760ca538d70772c1bc44e95329a4652c20e59a067a2240b32eb739,0xbe1369722ce118053c2d04f154ff377fa20008e7129f687a7bcf68ac50a4f620
run_20260521_224941-0048,user-004,-5.532,0.0,5.532,-5.532,2026-05-23T17:34:26.341013Z,2026-05-23T18:04:26.341013Z,2026-05-23,0xa26740c0373990a819cd4440c9724779a0288d5009d266717a69d90acb983e84,0xea0a1cf14ecafb63cde8632357c17c7586300fc5822179129447c82e7ab97e3c,0xbe1369722ce118053c2d04f154ff377fa20008e7129f687a7bcf68ac50a4f620
run_20260521_224941-0049,user-004,3.716,3.716,0.0,3.716,2026-05-23T00:10:08.983156Z,2026-05-23T00:30:08.983156Z,2026-05-23,0xbeb891f7468ae101ffc5f0ddd82ff36847052a7dee912985b5fd0effc07ccaf8,0x440fa4d5133e430d98b540d585f8fb8c26f8c695b0eedb565c592d41b3e80875,0xbe1369722ce118053c2d04f154ff377fa20008e7129f687a7bcf68ac50a4f620
run_20260521_224941-0050,user-008,-8.67,0.0,8.67,-8.67,2026-05-23T18:08:01.649715Z,2026-05-23T19:23:01.649715Z,2026-05-23,0x20ed433afb475d89aaf3b26be173b1a0a08229c81ec269d83b7ac325db687dc7,0x711f869b7cf32eaa2a11a16863064fdecb2b20b992c9c0f3a4ebdc02103c3605,0xbe1369722ce118053c2d04f154ff377fa20008e7129f687a7bcf68ac50a4f620
run_20260521_224941-0051,user-008,-27.453,0.0,27.453,-27.453,2026-05-23T15:42:01.291438Z,2026-05-23T16:57:01.291438Z,2026-05-23,0x696f9b78af97d2cd5cff36a675c9b97ccbf70598c39051f84715114dde098042,0x1070fd5ad38d1345cbf509c8b832d0ee7bb22d395b780ae88fbac7bc78a71315,0xbe1369722ce118053c2d04f154ff377fa20008e7129f687a7bcf68ac50a4f620
run_20260521_224941-0052,user-002,7.328,7.328,0.0,7.328,2026-05-23T03:00:09.951682Z,2026-05-23T04:00:09.951682Z,2026-05-23,0xdbdc2f76391c438b5cbc6d49ad969c79d01db4941d7f7211af93534a20dae5a7,0x08cc291be4d725b8b0e807bc7f2c69750e3d81d5ceec758e7b785bafebc7b20e,0xbe1369722ce118053c2d04f154ff377fa20008e7129f687a7bcf68ac50a4f620
run_20260521_224941-0053,user-008,0.308,3.683,3.375,0.308,2026-05-23T03:02:46.107297Z,2026-05-23T03:22:46.107297Z,2026-05-23,0xf5a4d52b23e82c18b34204da09266bc7383646e951778155021be3595b9da7f7,0x2a3d6bbcb0fdad3e34f499e80ecc00ea8ed43d81162f13cd7531bd66f7adf56e,0xbe1369722ce118053c2d04f154ff377fa20008e7129f687a7bcf68ac50a4f620
run_20260521_224941-0054,user-001,-3.591,0.0,3.591,-3.591,2026-05-23T22:52:46.380306Z,2026-05-23T23:12:46.380306Z,2026-05-23,0xa6ec82167bd079be6fadab5a9e464ea9ed103f3a8e76204e3d69ce6bb745f6fe,0x10daac74c12209fd351b4a5f9bf2a3c81339049d0a6787c165dc8fbefd0cb38d,0xbe1369722ce118053c2d04f154ff377fa20008e7129f687a7bcf68ac50a4f620
run_20260521_224941-0055,user-007,5.95,5.95,0.0,5.95,2026-05-23T09:06:37.024158Z,2026-05-23T09:36:37.024158Z,2026-05-23,0xfd39c32503e7b3827e10b28354c54d8ce65b9a589588de77f735f9c80fd111f5,0x0797992fc6218ab04847244f8b37805c8ca137dead1a9259945076e5b2d4dde5,0xbe1369722ce118053c2d04f154ff377fa20008e7129f687a7bcf68ac50a4f620
run_20260521_224941-0056,user-008,13.517,13.517,0.0,13.517,2026-05-23T01:17:51.641142Z,2026-05-23T02:32:51.641142Z,2026-05-23,0xd5c91d740f347c1b65fd013f3322487ac8ae87037fc8c8aaf85764a8e9b7acf2,0x3dfdb5cefa806260fcd083b24e05b91f8d2d809d7fa29b4f23198cfa6c77da56,0xbe1369722ce118053c2d04f154ff377fa20008e7129f687a7bcf68ac50a4f620
run_20260521_224941-0057,user-001,11.307,11.307,0.0,11.307,2026-05-23T02:07:42.695199Z,2026-05-23T03:07:42.695199Z,2026-05-23,0xfa2474dfc1e448f09519b5d1e7476662bebf3397c64fad98521c63c0f4392d82,0x37eaf42d0d602090afc2a01ad260f50df57d1a193f0a31d21d97e9244b2a86a6,0xbe1369722ce118053c2d04f154ff377fa20008e7129f687a7bcf68ac50a4f620
run_20260521_224941-0058,user-003,6.836,6.836,0.0,6.836,2026-05-23T21:49:12.476336Z,2026-05-23T22:29:12.476336Z,2026-05-23,0x64f5cf4bea39dd0ade6c95cb82050692235ffd2d6f69e8c1cf8f92665fb06202,0xa779181cb1dc0f7e78a852701434e0f4b986f70089c19ec4613cca3056eeaac9,0xbe1369722ce118053c2d04f154ff377fa20008e7129f687a7bcf68ac50a4f620
run_20260521_224941-0059,user-006,4.861,6.0,1.139,4.861,2026-05-23T04:40:54.308665Z,2026-05-23T05:40:54.308665Z,2026-05-23,0xdaa6e60bff7f04e836f357a98e6ab7c8a15d0bde8f0a969c2517055481ee3288,0xa9b37d3684b2e2b5dc12e450d1195aae9ad536cb8e6aed540614fe69938a16c8,0xbe1369722ce118053c2d04f154ff377fa20008e7129f687a7bcf68ac50a4f620
run_20260521_224941-0060,user-010,14.471,14.471,0.0,14.471,2026-05-23T02:45:42.109373Z,2026-05-23T04:00:42.109373Z,2026-05-23,0x1e26b34291bc54350497b5812acc852635f1523ac9b8c12c8482e02d92fd0417,0xc6adc6a75163f418fcc8ef5bd061ee97134856c82e4eab0323901cb659b6357d,0xbe1369722ce118053c2d04f154ff377fa20008e7129f687a7bcf68ac50a4f620
run_20260521_224941-0061,user-003,3.552,3.552,0.0,3.552,2026-05-23T02:44:00.249071Z,2026-05-23T03:04:00.249071Z,2026-05-23,0x20f554913dc22bb8c1ec0af96eb7896df1d19533793b740f25bfd351398bc4be,0xe96b63a0c8f053d16e8085662699f17960281551a06ab9373e84ab994d629d42,0xbe1369722ce118053c2d04f154ff377fa20008e7129f687a7bcf68ac50a4f620
run_20260521_224941-0062,user-002,15.176,15.176,0.0,15.176,2026-05-23T00:26:27.845137Z,2026-05-23T01:06:27.845137Z,2026-05-23,0x1f675b9168661918eeb1ce013a2f527bc3f63d9c64def1e56ecfafa253fba91a,0x291b53fce555993fdac4291411f8e875c8b5ec5636f99bc1ce4ec2237638471b,0xbe1369722ce118053c2d04f154ff377fa20008e7129f687a7bcf68ac50a4f620
run_20260521_224941-0063,user-006,0.8,5.908,5.108,0.8,2026-05-23T18:08:15.647285Z,2026-05-23T18:38:15.647285Z,2026-05-23,0xb82b2add941502ea1176deeeacb89f94ed721f423339a06cfcd919a1b3e14f46,0xdb7dfaeced82fc81f93c1f84f367b6e97ce8534ee7b70eceb7f524b47bf6db26,0xbe1369722ce118053c2d04f154ff377fa20008e7129f687a7bcf68ac50a4f620
run_20260521_224941-0064,user-003,3.485,3.485,0.0,3.485,2026-05-23T11:01:05.384527Z,2026-05-23T11:31:05.384527Z,2026-05-23,0x4f68a45a62d1cc13886cbb10789339b57e4edbf15829c8eb4b93421a59dd94f3,0x612f3cbb3e154672d9b049c3d9cd0785d2aad527f20bf14471fec8512e230ddb,0xbe1369722ce118053c2d04f154ff377fa20008e7129f687a7bcf68ac50a4f620
run_20260521_224941-0065,user-002,10.897,10.897,0.0,10.897,2026-05-23T06:05:14.520237Z,2026-05-23T07:05:14.520237Z,2026-05-23,0x91c08062d79a335fc66391c0bde4b2ee591cd86f5ab229f6f6c5ffb2281aa252,0x54ea6c3921b9137981930ee04ce00e9c86f887ed75b08de9e617612a15fe9d8e,0xbe1369722ce118053c2d04f154ff377fa20008e7129f687a7bcf68ac50a4f620
run_20260521_224941-0066,user-008,3.725,3.725,0.0,3.725,2026-05-23T22:13:10.402158Z,2026-05-23T22:33:10.402158Z,2026-05-23,0x47474efbc9db6a7789f9d3d84350cc7fde546c8382df95f773bb200ab024de18,0x2c6a33a14e71d5870a355946f005beb85fcb91e94a45a80dc12f91666480302f,0xbe1369722ce118053c2d04f154ff377fa20008e7129f687a7bcf68ac50a4f620
run_20260521_224941-0067,user-005,9.82,11.552,1.732,9.82,2026-05-23T13:05:38.987921Z,2026-05-23T14:20:38.987921Z,2026-05-23,0xc17aeb4277932a8f1d7c37e42042def194be3fd225ef0434c9e0b7a69dbff23f,0xdd20dd429589ff0d566fa6c6fb43b69eba471a913df0d904a98c148b407e6203,0xbe1369722ce118053c2d04f154ff377fa20008e7129f687a7bcf68ac50a4f620
run_20260521_224941-0068,user-002,4.603,4.603,0.0,4.603,2026-05-23T13:37:05.868797Z,2026-05-23T14:17:05.868797Z,2026-05-23,0x330b53c106ea154b68c05bd1c51ee71daaccab30e45d5ff9e128708e44f7e0f3,0x675306c0594565902ec8c7c41e62976da993ad20949e85de287aa353a1bc10b2,0xbe1369722ce118053c2d04f154ff377fa20008e7129f687a7bcf68ac50a4f620
run_20260521_224941-0069,user-005,-2.465,11.969,14.434,-2.465,2026-05-23T15:32:37.769556Z,2026-05-23T16:47:37.769556Z,2026-05-23,0xe1a7a53ff43efb3473ec2a60c7610b3043e7fdc04a57d14e6ceafbfda7f8e5d4,0xbacb7ec87524ba0fe7246d854312c865bd5765e038ba3d194acebd88dd43ecdb,0xbe1369722ce118053c2d04f154ff377fa20008e7129f687a7bcf68ac50a4f620
run_20260521_224941-0070,user-006,3.557,3.557,0.0,3.557,2026-05-23T15:33:31.576448Z,2026-05-23T16:03:31.576448Z,2026-05-23,0x2bc414b1b57f5ad3ba953cfe49a46c30164e37e46c4e72a2d8b4ce585c558edb,0x0454dea040982607193af70a1c18000497ed0fd00f7db8f9f85ac605780d4a92,0xbe1369722ce118053c2d04f154ff377fa20008e7129f687a7bcf68ac50a4f620
run_20260521_224941-0071,user-005,22.619,24.665,2.046,22.619,2026-05-23T06:39:54.108387Z,2026-05-23T07:54:54.108387Z,2026-05-23,0x0ceff0dd2903ea79a0c3ac980320587e3e3d9af57f58c847f99d217a8a6ea3c9,0x8df6f842b62f78e2e859ba6d2cb4a710d85af9f811946feef9106f103270f657,0xbe1369722ce118053c2d04f154ff377fa20008e7129f687a7bcf68ac50a4f620
run_20260521_224941-0072,user-010,5.3,5.3,0.0,5.3,2026-05-23T22:40:06.838784Z,2026-05-23T23:10:06.838784Z,2026-05-23,0x7420e0958e46e3b8ae44a08febdcac57a9f40b213df339f5ad58cabda84b1577,0x55459d682b9761fd9530e3693b74bbccb3b2cb4f7cb5207809d391a0f153b3d5,0xbe1369722ce118053c2d04f154ff377fa20008e7129f687a7bcf68ac50a4f620
run_20260521_224941-0073,user-009,-4.727,0.0,4.727,-4.727,2026-05-23T10:34:26.283753Z,2026-05-23T11:14:26.283753Z,2026-05-23,0xbd670ed2ec2e8deb2e04cb24ee1738856d1446a2b07b6e80a32bddcffcdb4eb2,0xe572278da2dcbe2d288840720f88d58c053bbb4a612f049f288b99f287553f76,0xbe1369722ce118053c2d04f154ff377fa20008e7129f687a7bcf68ac50a4f620
run_20260521_224941-0074,user-006,13.979,13.979,0.0,13.979,2026-05-23T19:51:30.157198Z,2026-05-23T21:06:30.157198Z,2026-05-23,0xe8d425aa349b0004fa2eefa5bdec67cc4e64b7443cedc932d1700d50661b02aa,0xdcf06afeb81a2771b215e8dd23570824052fc071020a8c1950d2f137ae5040a3,0xbe1369722ce118053c2d04f154ff377fa20008e7129f687a7bcf68ac50a4f620
run_20260521_224941-0075,user-003,0.23,2.808,2.578,0.23,2026-05-23T18:18:46.371451Z,2026-05-23T18:48:46.371451Z,2026-05-23,0x565a9ccb7d159f6aeb35260c4f6725bba37b39b9b9505887889c79d1cdb67d88,0x47ed8a93186c2836e8af1c67e4a0cdf4b7391e08dcf6532e7575546d2af75cf6,0xbe1369722ce118053c2d04f154ff377fa20008e7129f687a7bcf68ac50a4f620
run_20260521_224941-0076,user-010,14.524,14.524,0.0,14.524,2026-05-23T08:33:05.505830Z,2026-05-23T09:48:05.505830Z,2026-05-23,0x761a89990932500ec1aa3f97dde9a97dd9ff80dba97ab202364a557ff36a64b0,0x6a722206f6b259f311bb4fd47a9f36f25c40f4be0e149d811384fe1d726c4ad5,0xbe1369722ce118053c2d04f154ff377fa20008e7129f687a7bcf68ac50a4f620
run_20260521_224941-0077,user-008,3.436,3.436,0.0,3.436,2026-05-23T10:03:19.539200Z,2026-05-23T10:23:19.539200Z,2026-05-23,0x4059bd0b16f791cf843d3b100de308478fa3b837782a0530080e019141e96998,0x44962a034bdf5531ee3d5fd1cbdb4d409e372ca2f0de47919519df8d829c1d19,0xbe1369722ce118053c2d04f154ff377fa20008e7129f687a7bcf68ac50a4f620
run_20260521_224941-0078,user-006,7.893,7.893,0.0,7.893,2026-05-23T00:24:21.885794Z,2026-05-23T00:44:21.885794Z,2026-05-23,0x02d918f93211e9e503f8e245ca9a89cb4f5b56cc5e85471f11eefe9e2586b763,0xb2ea289ccc3e8734801e234e6dad2169e0fb64ce917eb9455f30a7629d5525b4,0xbe1369722ce118053c2d04f154ff377fa20008e7129f687a7bcf68ac50a4f620
run_20260521_224941-0079,user-005,14.074,14.074,0.0,14.074,2026-05-23T14:41:07.209257Z,2026-05-23T15:21:07.209257Z,2026-05-23,0x04be9baca49a05929012b718939244e96d500cf697b538688fa3ae6b4f9913ec,0x4fff021026b8fdd6fd409ed3842fa89215f39ac063529946275b560f659bee59,0xbe1369722ce118053c2d04f154ff377fa20008e7129f687a7bcf68ac50a4f620
run_20260521_224941-0080,user-010,6.849,6.849,0.0,6.849,2026-05-23T08:03:23.914041Z,2026-05-23T08:43:23.914041Z,2026-05-23,0x36f7830eeb807885a45a66d0994cbb4d5039fee8456ccde3cfaa64c09bf906a2,0x35539902b95aba09908cfcc1b0ec8f485d4a55081ac4a650c8dd272c02f4dc51,0xbe1369722ce118053c2d04f154ff377fa20008e7129f687a7bcf68ac50a4f620
run_20260521_224941-0081,user-009,-22.208,0.0,22.208,-22.208,2026-05-23T21:44:25.663818Z,2026-05-23T22:44:25.663818Z,2026-05-23,0xf2efb9870f63a67c8984ed50ffbc0bb45c89f044564b137df65a905acab74814,0x8f8d281cc40d1f3ac169da0acb321e3e20202cf220cdf4072d5810fd37943d3d,0xbe1369722ce118053c2d04f154ff377fa20008e7129f687a7bcf68ac50a4f620
run_20260521_224941-0082,user-010,0.04,3.485,3.445,0.04,2026-05-23T20:50:17.362820Z,2026-05-23T21:50:17.362820Z,2026-05-23,0xd125de5152805d8e891d2f1ae6c860c5c74f4eb9f634b490aa7542b91072386b,0xa09c2e3150ea4e54220c8eb0e6e8cc057aa9c63223024952cdf905c0cf1a3b21,0xbe1369722ce118053c2d04f154ff377fa20008e7129f687a7bcf68ac50a4f620
run_20260521_224941-0083,user-010,10.732,10.732,0.0,10.732,2026-05-23T00:21:24.401839Z,2026-05-23T01:21:24.401839Z,2026-05-23,0x02112f562578cd295130d88b13a34b3287449f6c111746cb19a52efeebd76197,0xfaa9d63a5e995333d03ec8319be7d8dfdbca068a7968410aa52e1c64f8237c45,0xbe1369722ce118053c2d04f154ff377fa20008e7129f687a7bcf68ac50a4f620
run_20260521_224941-0084,user-005,9.311,9.311,0.0,9.311,2026-05-23T13:11:58.819360Z,2026-05-23T14:26:58.819360Z,2026-05-23,0x46e64e38acc5b9ef0957d0a27eefe3cf99522a30f740f151a9d6bab26d1ab743,0x2a459db6d5c5a2d49a5c1e960390ed171408fee34ba872cd9cd1ed3058e27664,0xbe1369722ce118053c2d04f154ff377fa20008e7129f687a7bcf68ac50a4f620
run_20260521_224941-0085,user-003,11.175,11.175,0.0,11.175,2026-05-23T05:46:16.124228Z,2026-05-23T06:46:16.124228Z,2026-05-23,0x61a9646cbbdf6008628733f81d0b9db975bbec8e034ece36680de5b81d194444,0x8ad21c738407bd2d9b11dfce72a9380a68962d58db9434a706cbf02a025bf751,0xbe1369722ce118053c2d04f154ff377fa20008e7129f687a7bcf68ac50a4f620
run_20260521_224941-0086,user-008,7.473,7.473,0.0,7.473,2026-05-23T09:39:41.746700Z,2026-05-23T09:59:41.746700Z,2026-05-23,0x50c13bff647394fb3ee28e041917a09ae044a15592c3caca82905e570ff85f12,0xd944a7775205c5e177424811bc63ce8d7314071ae5c7274f0b31eb69cecf0e36,0xbe1369722ce118053c2d04f154ff377fa20008e7129f687a7bcf68ac50a4f620
run_20260521_224941-0087,user-002,4.648,4.648,0.0,4.648,2026-05-23T11:25:10.934217Z,2026-05-23T12:05:10.934217Z,2026-05-23,0xf62c7b9caadef47b84d2885de718bdc8b272b8345809fdb8d6bbfd3cfd867485,0x2c1e324b3e7b9367ca2a248151c387d6a2e1047eb3d5ff117d0db3b6cc9a2b5a,0xbe1369722ce118053c2d04f154ff377fa20008e7129f687a7bcf68ac50a4f620
run_20260521_224941-0088,user-006,7.148,7.148,0.0,7.148,2026-05-23T18:11:46.720133Z,2026-05-23T18:31:46.720133Z,2026-05-23,0xe188b86f5bbcf79b01ffdcad71c9ae061c7d2070a502c2ad6949182519e934fe,0x123efda91053bb1f50b133598a4e7a3bed3f2f5fedd2808aa210b962e23a7065,0xbe1369722ce118053c2d04f154ff377fa20008e7129f687a7bcf68ac50a4f620
run_20260521_224941-0089,user-008,3.751,3.751,0.0,3.751,2026-05-23T08:49:18.022754Z,2026-05-23T09:19:18.022754Z,2026-05-23,0x19eab28da49640ab0051ffb5bd974051c5a3f09a66869df478e126a4c9fef2de,0x41e52204feb95d4203de046a380015c5ce1720f9a340ab8828536e1c9d39fd69,0xbe1369722ce118053c2d04f154ff377fa20008e7129f687a7bcf68ac50a4f620
run_20260521_224941-0090,user-009,-0.003,3.668,3.671,-0.003,2026-05-23T12:37:18.260073Z,2026-05-23T12:57:18.260073Z,2026-05-23,0x4377d6d69229b9d3a1f233c7d5ec1d5c0eff9c134012375fd182140221edd068,0xbd91e2a8fa3f70d52cc3582025b88c3d0b3ebeea3d6a553b5c022f9ed1b68f8c,0xbe1369722ce118053c2d04f154ff377fa20008e7129f687a7bcf68ac50a4f620
run_20260521_224941-0091,user-007,5.52,5.52,0.0,5.52,2026-05-23T15:50:47.235306Z,2026-05-23T16:20:47.235306Z,2026-05-23,0xa0b4bb630cef72521d0184d34aa68b35f62bb239b60f36038a0328c07b4637df,0x032778cc9d6c7bbe07ff2d72e24b558255556667e4f37bd838927b71921d9bd8,0xbe1369722ce118053c2d04f154ff377fa20008e7129f687a7bcf68ac50a4f620
run_20260521_224941-0092,user-002,-6.951,0.0,6.951,-6.951,2026-05-23T16:06:47.720178Z,2026-05-23T16:46:47.720178Z,2026-05-23,0x5c4dc1232c69703579851302d4bcecbf1f477fea17445375985010bfaafc942f,0x86f87fe2199e13c6e9a5505b8a279ce2ee1eb74cfd49b8ee1ad3327ed9d24c8a,0xbe1369722ce118053c2d04f154ff377fa20008e7129f687a7bcf68ac50a4f620
run_20260521_224941-0093,user-002,10.954,10.954,0.0,10.954,2026-05-23T07:52:29.712000Z,2026-05-23T08:52:29.712000Z,2026-05-23,0x8cceae563915003c3749bc5330ce05a4d79215097bd462f208ce72662bc84d42,0x2f061f1df8818c2a58b8dd0b1fba0af0f92da5918b6c33f75cd73df1a6d87a0b,0xbe1369722ce118053c2d04f154ff377fa20008e7129f687a7bcf68ac50a4f620
run_20260521_224941-0094,user-006,-0.052,3.693,3.745,-0.052,2026-05-23T13:19:43.645415Z,2026-05-23T13:39:43.645415Z,2026-05-23,0x2aee4ad7edc8f4ecdafe076d3fa3b033e60d264e14343fe45b0e7fee71bd1b2c,0x157d2e3214c47bd77e58a0a8b280437f3e641472c270666ec690d4d8ef40d5fa,0xbe1369722ce118053c2d04f154ff377fa20008e7129f687a7bcf68ac50a4f620
run_20260521_224941-0095,user-009,-15.014,0.0,15.014,-15.014,2026-05-23T21:09:25.449990Z,2026-05-23T21:49:25.449990Z,2026-05-23,0xb2726f27b8878a841e90d70a2175ec9b719b59019bfb4dbcd0c75ce1b756d6ca,0xc0ba100668fc54a6737f00b2798f17fc9aa1a96ea1f6f50e8431b8362c716b00,0xbe1369722ce118053c2d04f154ff377fa20008e7129f687a7bcf68ac50a4f620
run_20260521_224941-0096,user-006,7.402,7.402,0.0,7.402,2026-05-23T07:57:18.642102Z,2026-05-23T08:17:18.642102Z,2026-05-23,0xa4a4da095c806d00f802e48fca654d35615c00fc16634eecda0f766c20ed1e5d,0x00d3f12a2c442d3d2582ff3bac206a793dab7f3c02fc82ef91fed9deb5f2920f,0xbe1369722ce118053c2d04f154ff377fa20008e7129f687a7bcf68ac50a4f620
run_20260521_224941-0097,user-004,1.397,2.413,1.016,1.397,2026-05-23T21:04:14.283881Z,2026-05-23T21:34:14.283881Z,2026-05-23,0x798bd3dcd87c06349737c59ec64cd57806b47125ab6fc90ee530b6eaeab1819c,0xff4729c8600dbac24b751d2f2f241fe545e9ead2d1d632f17044b3629cd8a97b,0xbe1369722ce118053c2d04f154ff377fa20008e7129f687a7bcf68ac50a4f620
run_20260521_224941-0098,user-008,12.288,17.4,5.112,12.288,2026-05-23T11:21:59.895423Z,2026-05-23T12:21:59.895423Z,2026-05-23,0x71add7e68dc93084d17e31dc7362ccada06fefac748c8fde1b94ca29d67a8716,0xcead01f42d189c6f85c2fce28aa7a6a9f3743aadc2b6c131b96a83a80533f568,0xbe1369722ce118053c2d04f154ff377fa20008e7129f687a7bcf68ac50a4f620
run_20260521_224941-0099,user-004,13.43,13.43,0.0,13.43,2026-05-23T15:40:43.605686Z,2026-05-23T16:55:43.605686Z,2026-05-23,0xab90e8e8bad65275ce023a5136651f0d037c11670abd9616329b74ba2840c0d1,0x5c5eab5b5cf31f33f6c970edc0f48b9ffc0cbc79ffcf6171b8ba25dfd284d68a,0xbe1369722ce118053c2d04f154ff377fa20008e7129f687a7bcf68ac50a4f620
run_20260521_224941-0100,user-002,13.486,13.486,0.0,13.486,2026-05-23T22:53:32.100196Z,2026-05-24T00:08:32.100196Z,2026-05-23,0x2473f203d5b98acee578192bdf7cd3bb858a4918eabd43539e2c658a9b6ec62e,0x122eaee9c7505a0ef02568c671703991ecb1effa10734ea73bcc57e240da4eb1,0xbe1369722ce118053c2d04f154ff377fa20008e7129f687a7bcf68ac50a4f620
run_20260521_224941-0101,user-006,1.584,4.391,2.807,1.584,2026-05-23T06:21:45.141185Z,2026-05-23T07:01:45.141185Z,2026-05-23,0x0ff68360f19245fc293cf2b247b68f60b1e29d3be36413e45b5b630849dbaf88,0xf53e29757b5747a9cf6c01a3f3592c4e1da653a19d509a4a9e8224b67257ca69,0xbe1369722ce118053c2d04f154ff377fa20008e7129f687a7bcf68ac50a4f620
run_20260521_224941-0102,user-003,-27.141,0.0,27.141,-27.141,2026-05-23T04:27:35.514068Z,2026-05-23T05:42:35.514068Z,2026-05-23,0x6a7bcdb91cd60ad02a0157d80e3edd9748e0c9d198030d3d83a1816e983234d5,0xc4df3e1ecdf83e6b19f3da91d10cf2335e74d434e86c50d907a6e18a6c06e9f0,0xbe1369722ce118053c2d04f154ff377fa20008e7129f687a7bcf68ac50a4f620
run_20260521_224941-0103,user-001,7.046,7.046,0.0,7.046,2026-05-23T03:39:04.307630Z,2026-05-23T04:39:04.307630Z,2026-05-23,0xab3516084ac10460b421046fdfb805a3a3416aa91a089c0f104765db62a7824d,0xfdb1f3f0d5f5cffba2373b4bffa1576113216a8a1084e305ef165ef897be673b,0xbe1369722ce118053c2d04f154ff377fa20008e7129f687a7bcf68ac50a4f620
run_20260521_224941-0104,user-002,14.521,14.521,0.0,14.521,2026-05-23T14:31:46.719220Z,2026-05-23T15:11:46.719220Z,2026-05-23,0xcc65a0633ef01437e3af05828ca985eb582dfb8984e7b455ecc97f74b0b20ef8,0xe3c453b9284e1e283dd48a361c8d29cbb82a05a01b06b2556e4127200bfd2a3a,0xbe1369722ce118053c2d04f154ff377fa20008e7129f687a7bcf68ac50a4f620
run_20260521_224941-0105,user-003,4.614,9.056,4.442,4.614,2026-05-23T16:06:43.750764Z,2026-05-23T17:21:43.750764Z,2026-05-23,0xa60a6c83e4be15df8b41c1972ad151b47a783771f382fc2f3c9f9a0476afeab5,0x1a35cff59517c3ba7ded4b27b41497c753a1028ea596a1a4cafe3bee97ac2e47,0xbe1369722ce118053c2d04f154ff377fa20008e7129f687a7bcf68ac50a4f620
run_20260521_224941-0106,user-001,11.404,11.404,0.0,11.404,2026-05-23T09:58:43.588863Z,2026-05-23T10:28:43.588863Z,2026-05-23,0xe46abca11213c30f7f5431725f94f917945adbbfbfe31075415b0b05e43cf48c,0xc9ca32dc53a203c4b1b73b2d6defbe059dcea6606e5020f80a76255cd37b7b00,0xbe1369722ce118053c2d04f154ff377fa20008e7129f687a7bcf68ac50a4f620
run_20260521_224941-0107,user-007,5.333,5.333,0.0,5.333,2026-05-23T20:20:56.339298Z,2026-05-23T20:50:56.339298Z,2026-05-23,0x37a5d5c318835352c57f03ec415b61ad52a9818f1649bbfc25b4f1f8a7f5e49f,0xafa80a066826dfed4374367d8e26a1bf67c803d8c3f7f2339225f1b4267b24c7,0xbe1369722ce118053c2d04f154ff377fa20008e7129f687a7bcf68ac50a4f620
run_20260521_224941-0108,user-009,5.206,5.206,0.0,5.206,2026-05-23T14:56:22.339338Z,2026-05-23T15:26:22.339338Z,2026-05-23,0x92f11ace31c7dddcc10bcaa3b7cd11f978950ee5076f71ec7d1aad87863682a0,0x6f3c5a312240e93556b19567d71455b05eb7f4f5f6b4c438f5cfdb39d6eb5416,0xbe1369722ce118053c2d04f154ff377fa20008e7129f687a7bcf68ac50a4f620
run_20260521_224941-0109,user-005,4.92,4.92,0.0,4.92,2026-05-23T10:35:21.313370Z,2026-05-23T11:05:21.313370Z,2026-05-23,0x6265c81d2e7099d788a9aa305dc9770d53df42a3397b26e99c7ab1a47682fcb1,0xc84a2149bd208751417c96d184bb30e9f031b072679fac3da09e3e3daece38cd,0xbe1369722ce118053c2d04f154ff377fa20008e7129f687a7bcf68ac50a4f620
run_20260521_224941-0110,user-009,11.379,11.379,0.0,11.379,2026-05-23T14:52:14.422384Z,2026-05-23T15:52:14.422384Z,2026-05-23,0xfc9124168a894bfb5a0bb3eb126fb36186a646b15b9293ef8e8e597ef7101481,0x8c1abaa017671b081e69d0faad16e485760a0402a60ebfd9f6ce089ccb37420d,0xbe1369722ce118053c2d04f154ff377fa20008e7129f687a7bcf68ac50a4f620
run_20260521_224941-0111,user-004,8.987,8.987,0.0,8.987,2026-05-23T18:09:51.625481Z,2026-05-23T19:24:51.625481Z,2026-05-23,0x549f13ee3dcf3745d275368e9ac8b9d824d95735fe5f1e2d014cfc6a4e4ce555,0x72c9f750f9209fee630c5bd1d4ec50c26796c6610af5a98e7bd282c7b82268df,0xbe1369722ce118053c2d04f154ff377fa20008e7129f687a7bcf68ac50a4f620
run_20260521_224941-0112,user-002,10.926,10.926,0.0,10.926,2026-05-23T08:19:41.389692Z,2026-05-23T08:49:41.389692Z,2026-05-23,0xc68ffe8422fd0e5bfd513840ad52ea068748fbd5d1c60c4ad764ddabef9733c5,0xde080a041fdd1f41a4de63731343dc21f68502ed14a366dd1ee0aa0e6c2f501d,0xbe1369722ce118053c2d04f154ff377fa20008e7129f687a7bcf68ac50a4f620
run_20260521_224941-0113,user-008,3.819,4.352,0.533,3.819,2026-05-23T19:30:42.675002Z,2026-05-23T20:10:42.675002Z,2026-05-23,0xf6fecc32e34190b8813299baa1926273e37a7d8a16710a082ac684ef014324fc,0xa985dabe3c1b45bf8672fb11f6d6adc4b0cafae362dc94403dc4572c7e4d91c1,0xbe1369722ce118053c2d04f154ff377fa20008e7129f687a7bcf68ac50a4f620
run_20260521_224941-0114,user-005,-7.844,0.0,7.844,-7.844,2026-05-23T06:44:13.117813Z,2026-05-23T07:04:13.117813Z,2026-05-23,0x20063d3fa72fe566dc9f5bc547db34d8b605c2ed4a311a1376ed39a8ed964510,0xd2224ad4c95d6fa34f7fa3267da714bd97839458f11144be2028cde4af36f93a,0xbe1369722ce118053c2d04f154ff377fa20008e7129f687a7bcf68ac50a4f620
run_20260521_224941-0115,user-009,13.706,17.917,4.211,13.706,2026-05-23T16:06:47.136685Z,2026-05-23T17:06:47.136685Z,2026-05-23,0x5ba0798d4f850a1970883b40f07c27b2b02094bc7aaf90ed780f90205bc3bc4e,0x220a22536b0ba9f5b6b71258359f71f3def95c520566a7f4e73b184a0b877fa3,0xbe1369722ce118053c2d04f154ff377fa20008e7129f687a7bcf68ac50a4f620
run_20260521_224941-0116,user-009,3.006,8.652,5.646,3.006,2026-05-23T01:49:43.640395Z,2026-05-23T02:29:43.640395Z,2026-05-23,0x0c1b622c0672f8eeee1434cabbd8eb5a6d2bf222927ae175b995d339d8d1a906,0xa5b58faf650159cebf8cb6de3cb5fb7fd1572f5f414e146bee5ef6dfde724cba,0xbe1369722ce118053c2d04f154ff377fa20008e7129f687a7bcf68ac50a4f620
run_20260521_224941-0117,user-004,9.065,9.065,0.0,9.065,2026-05-23T05:41:55.328834Z,2026-05-23T06:56:55.328834Z,2026-05-23,0xe36a001497ea6e2b91a1f9620ef95ae84c9b552282671440b54997a251c5ce36,0x2a7fe9e112fc34619fa135b3e4d62b5f132776ec7087be0422d8131376c8a329,0xbe1369722ce118053c2d04f154ff377fa20008e7129f687a7bcf68ac50a4f620
run_20260521_224941-0118,user-008,13.636,13.636,0.0,13.636,2026-05-23T10:26:58.073607Z,2026-05-23T11:41:58.073607Z,2026-05-23,0x3b35b92158d4beb58c6fd9de2b3a8e7a51d3b3c8a423f8447931c5991f6bfa68,0x120e4ee0ce7b95fc954e2f177e417b587b65972b35ad64e24acc65a57f8551b8,0xbe1369722ce118053c2d04f154ff377fa20008e7129f687a7bcf68ac50a4f620
run_20260521_224941-0119,user-007,10.489,10.489,0.0,10.489,2026-05-23T14:59:46.576457Z,2026-05-23T15:59:46.576457Z,2026-05-23,0xc81c63599242bce81678ab6c709b8f6331ef7c27e660b11b753788a48fdb5a17,0x1378131a52401bfafa63b13069b03a5ebb6f95c2c8b1ee2d6928350322523218,0xbe1369722ce118053c2d04f154ff377fa20008e7129f687a7bcf68ac50a4f620
run_20260521_224941-0120,user-008,14.166,14.166,0.0,14.166,2026-05-23T07:49:09.612288Z,2026-05-23T09:04:09.612288Z,2026-05-23,0x7ac2752f5bf51567e66241ab7f4815baf29733bdba959c0de687dab3c250a2b3,0x82451cad85c5d3f96697157fcbcffc65afec868a049b558f0e570033b9ad38d1,0xbe1369722ce118053c2d04f154ff377fa20008e7129f687a7bcf68ac50a4f620
run_20260521_224941-0121,user-001,7.276,8.958,1.682,7.276,2026-05-23T14:19:44.273690Z,2026-05-23T14:49:44.273690Z,2026-05-23,0x7cfb2ff14ad60b83cc4f49d03a5b5d45bc23f960aa529adb86f973b5749222cc,0x1797b67f270866f898ee0e2c60c6810b02e976418fbc67ad0201b7ec39e6db50,0xbe1369722ce118053c2d04f154ff377fa20008e7129f687a7bcf68ac50a4f620
run_20260521_224941-0122,user-003,-9.04,0.0,9.04,-9.04,2026-05-23T00:19:35.903553Z,2026-05-23T01:34:35.903553Z,2026-05-23,0xdadee58ab53780669a8117828f45fc5a957382b51e83537951ce74deeacc7fc8,0xc5c44fd7c03c676694d1f5a48dd0c285a98c90f7c1f739821a9b124f8525ac99,0xbe1369722ce118053c2d04f154ff377fa20008e7129f687a7bcf68ac50a4f620
run_20260521_224941-0123,user-008,5.724,5.724,0.0,5.724,2026-05-23T18:12:00.348469Z,2026-05-23T18:42:00.348469Z,2026-05-23,0x1f8a0bda7472350c5d50f127bbb9c6e96af7c457289c205574f340a9b45eb6d2,0x278eb01e058eff12c01b4008f2cbbce812de911d30197c8dc4ef77bdda5c3e16,0xbe1369722ce118053c2d04f154ff377fa20008e7129f687a7bcf68ac50a4f620
run_20260521_224941-0124,user-002,4.771,4.771,0.0,4.771,2026-05-23T01:50:59.664570Z,2026-05-23T02:30:59.664570Z,2026-05-23,0x05c9f362a5811703257ae3937b98cd1da6d7a25c39baefa8db9e2bbd343445f1,0x3e452a86119f81139bf9a00b014f53c8f98bc54da523d8f8c4d2f8b30fe03eb9,0xbe1369722ce118053c2d04f154ff377fa20008e7129f687a7bcf68ac50a4f620
run_20260521_224941-0125,user-006,2.49,2.49,0.0,2.49,2026-05-23T16:42:24.554585Z,2026-05-23T17:02:24.554585Z,2026-05-23,0x81b84f0e25d1f7f12a4dcedf603fa28a28a61afe37639a48ec49487824f4fa69,0x021a1d7094e747e7ae9bcbb7ae5965a68df422bb2c08867c312d65ee56916533,0xbe1369722ce118053c2d04f154ff377fa20008e7129f687a7bcf68ac50a4f620
run_20260521_224941-0126,user-007,13.86,13.86,0.0,13.86,2026-05-23T02:01:13.073891Z,2026-05-23T03:16:13.073891Z,2026-05-23,0xf502508c56fabc11210a52c24e74ba44af5778420af7b9f8368f3c612b330e69,0x482631821235519c69a3db3fcad72704b0a0eaba576002b76bd9482348ea9c4e,0xbe1369722ce118053c2d04f154ff377fa20008e7129f687a7bcf68ac50a4f620
run_20260521_224941-0127,user-007,0.093,2.761,2.668,0.093,2026-05-23T16:53:55.386359Z,2026-05-23T17:23:55.386359Z,2026-05-23,0x1037058c9299b0f73b4d9973bf977e40bde3af8ef328a8516d1126fb60745e89,0xdd1bc99319ed4503fcf65d15d52ce0d77d9536411e38cfa43b9ea3bea45182fc,0xbe1369722ce118053c2d04f154ff377fa20008e7129f687a7bcf68ac50a4f620
run_20260521_224941-0128,user-006,11.702,12.563,0.861,11.702,2026-05-23T19:55:15.442582Z,2026-05-23T21:10:15.442582Z,2026-05-23,0x84aec883c0d7cb12a9a8e337cf71cb6474050f8566556388bb96d384ed0d40eb,0x6204d5c2d87001b674a9a1606cac3eb808c3e0dbd7e4107452e7603fa6ccbcc3,0xbe1369722ce118053c2d04f154ff377fa20008e7129f687a7bcf68ac50a4f620
run_20260521_224941-0129,user-001,4.61,9.073,4.463,4.61,2026-05-23T23:49:28.692356Z,2026-05-24T01:04:28.692356Z,2026-05-23,0x3b7b1e81784ba846f64e7d9e7a647d1b8a1f2382aac51f4a70131e1c273a78f6,0xa5c90e4b719542f7b9695ee617ba2d1053085fca01c42c8303d77357140dd447,0xbe1369722ce118053c2d04f154ff377fa20008e7129f687a7bcf68ac50a4f620
run_20260521_224941-0130,user-005,7.255,7.255,0.0,7.255,2026-05-23T07:33:58.803559Z,2026-05-23T07:53:58.803559Z,2026-05-23,0x6b8ac0da23ff2c404634ead99de5bf3b78b96c20f85e5e1018f2c623183ec83f,0x1eaed44a57e96efa816f25c721d6d3318a934aea487b06762e71e1c09c6d564c,0xbe1369722ce118053c2d04f154ff377fa20008e7129f687a7bcf68ac50a4f620
run_20260521_224941-0131,user-003,22.393,22.393,0.0,22.393,2026-05-23T21:59:55.919015Z,2026-05-23T22:59:55.919015Z,2026-05-23,0x6f13643dff528d072bea86ccca0629b9a8b3665beb46445a3280f34df7f2b5ae,0x2a2688be3a19db57746587d02bf1bb36d865fb5c4d8c600d510009be06de4103,0xbe1369722ce118053c2d04f154ff377fa20008e7129f687a7bcf68ac50a4f620
run_20260521_224941-0132,user-006,0.403,5.757,5.354,0.403,2026-05-23T23:36:27.140575Z,2026-05-24T00:06:27.140575Z,2026-05-23,0x7c7a46a209b150c1205636a1ab8b61f700deee25fa3fd5e3cf8646a2fa34f56a,0x67b8b90bfe6c7e05c01257361994b334a6365430d32dd01586b6451b3f9b0859,0xbe1369722ce118053c2d04f154ff377fa20008e7129f687a7bcf68ac50a4f620
run_20260521_224941-0133,user-003,7.139,7.139,0.0,7.139,2026-05-23T05:00:40.965436Z,2026-05-23T05:20:40.965436Z,2026-05-23,0xf5ece5535e9d6680fae11602bf8baed7ed84a7b1d7df14c57c24488c25057224,0xec2cde1eda74121314b9e5e678a6eb2d235ca78e17cf0b8c9eb307e3ef51a793,0xbe1369722ce118053c2d04f154ff377fa20008e7129f687a7bcf68ac50a4f620
run_20260521_224941-0134,user-007,4.809,4.809,0.0,4.809,2026-05-23T00:43:45.266450Z,2026-05-23T01:23:45.266450Z,2026-05-23,0x94a68d389ecc8ba7aa21d5ea0a7388319c9494273373e185b4af478f38ec5340,0xb27c6f6b9d33fc7ae370c80174fc15aee6a62ebbe59ad1fa64a7e4e53e2f8e13,0xbe1369722ce118053c2d04f154ff377fa20008e7129f687a7bcf68ac50a4f620
run_20260521_224941-0135,user-002,5.342,5.342,0.0,5.342,2026-05-23T22:00:51.915964Z,2026-05-23T22:30:51.915964Z,2026-05-23,0xbb6133310455cf0b81b5fece493cd9a962b13c88bb4519e0442c5dc2f4745e7a,0x1395fda2427a6743131680f4bde6ecd9ad3a4ba53033f81ac55bfb51bff1fc04,0xbe1369722ce118053c2d04f154ff377fa20008e7129f687a7bcf68ac50a4f620
run_20260521_224941-0136,user-002,22.083,22.083,0.0,22.083,2026-05-23T19:29:09.349903Z,2026-05-23T20:29:09.349903Z,2026-05-23,0xc9cf8640ed782d64a464e0d5e394fca1c38fc31e38a4e0fd316ad03b1e3f9855,0x62f7739519ca2a3935156760685f3f452c6f59a67490f9d4691bdcca67706008,0xbe1369722ce118053c2d04f154ff377fa20008e7129f687a7bcf68ac50a4f620
run_20260521_224941-0137,user-007,3.921,5.675,1.754,3.921,2026-05-23T19:54:55.049211Z,2026-05-23T20:34:55.049211Z,2026-05-23,0x3eb39053cc6d98e7d2a3d865a7ba95df2a938ad9f4b937775ccf87e0759d471c,0x685e8fd88fe3b1ce863481aeecef39256c52abba276f5d95579b6b84d21863b7,0xbe1369722ce118053c2d04f154ff377fa20008e7129f687a7bcf68ac50a4f620
run_20260521_224941-0138,user-005,10.41,10.41,0.0,10.41,2026-05-23T23:49:15.299282Z,2026-05-24T00:49:15.299282Z,2026-05-23,0x371d74b901e96761ce9f33337c973b72495fb2e8b05c18a63fc3a9b0c4d86ade,0x4b86130d9991565c9f65c6694f8cbc68f2f59a87fdf26232718a87486f24ad4d,0xbe1369722ce118053c2d04f154ff377fa20008e7129f687a7bcf68ac50a4f620
run_20260521_224941-0139,user-008,-5.531,0.0,5.531,-5.531,2026-05-23T00:45:25.269414Z,2026-05-23T01:15:25.269414Z,2026-05-23,0x021dcf223708f02439273283696e84ceb4af2768bbae05a00b4b218dbca8fff5,0x5529880554da1424890f41707032ec2e3cee4fcba2c069873292eafe01201581,0xbe1369722ce118053c2d04f154ff377fa20008e7129f687a7bcf68ac50a4f620
run_20260521_224941-0140,user-008,5.361,5.361,0.0,5.361,2026-05-23T01:21:06.967308Z,2026-05-23T01:51:06.967308Z,2026-05-23,0x8dfd9b549436c12ae91c37d70f2e14ea90845f408c3dd2e6293fe55331eec588,0x795e6ab9554ce7677f1a1b14264b661b150f1f21aa8f2ac6e45a891b7cd07a14,0xbe1369722ce118053c2d04f154ff377fa20008e7129f687a7bcf68ac50a4f620
run_20260521_224941-0141,user-007,3.336,3.336,0.0,3.336,2026-05-23T05:02:43.767658Z,2026-05-23T05:22:43.767658Z,2026-05-23,0x1c7718e2d3923c781add6a6d1662ea38543ea7a42b8244ff6dd91d0b330252c8,0x9da9e54b4f10382c9fc599b4e202a7f16c1648a113c6e1637f92d98f3a4db53c,0xbe1369722ce118053c2d04f154ff377fa20008e7129f687a7bcf68ac50a4f620
run_20260521_224941-0142,user-006,28.076,28.076,0.0,28.076,2026-05-23T07:08:38.797598Z,2026-05-23T08:23:38.797598Z,2026-05-23,0xebfef03cf33aceeb1cde71cbf3fc2fb85734101a2256a8514649e8cfbd49598f,0x96d910096f7c293763e5e2e7c5281fb7a3ec274e982f8624333f3238cc64053d,0xbe1369722ce118053c2d04f154ff377fa20008e7129f687a7bcf68ac50a4f620
run_20260521_224941-0143,user-010,7.54,7.54,0.0,7.54,2026-05-23T18:40:42.857994Z,2026-05-23T19:20:42.857994Z,2026-05-23,0x9d33d61025a85bb2126ffaf2011424e7134710c92c285424e951a1775b8ae0de,0x7cb45cf656e6488010b4ec70ab70e3c434f7697f6ba6efdea8524c27102139d3,0xbe1369722ce118053c2d04f154ff377fa20008e7129f687a7bcf68ac50a4f620
run_20260521_224941-0144,user-008,-14.335,0.0,14.335,-14.335,2026-05-23T05:09:39.072214Z,2026-05-23T06:24:39.072214Z,2026-05-23,0x749b04bed50ca49e98cac6452d890b481ab60f7c17f0911575147d808cfe46a5,0x64c5f978bd51764a69052bb29a12d2d9d784bc8fe1ffa77237459073947567a9,0xbe1369722ce118053c2d04f154ff377fa20008e7129f687a7bcf68ac50a4f620
run_20260521_224941-0145,user-003,1.886,6.447,4.561,1.886,2026-05-23T19:30:36.169655Z,2026-05-23T20:30:36.169655Z,2026-05-23,0x1f6fdb8bdecf3a1fc41c7090aaca2586508b777a6d667150accdc5194346851f,0xee85df3da753b5ed53e10b54f07eb725d4752fb5dc5f80ffc4f7a7700868f912,0xbe1369722ce118053c2d04f154ff377fa20008e7129f687a7bcf68ac50a4f620
run_20260521_224941-0146,user-009,-15.284,0.0,15.284,-15.284,2026-05-23T00:48:04.823044Z,2026-05-23T01:28:04.823044Z,2026-05-23,0x3623ccf806b702265d77e19d7b27893c1a3ec0372e062a391cb5747c86a15bb3,0x554e50fefb4748c499add1d8cec8a83281986c04db704437809705732a356b55,0xbe1369722ce118053c2d04f154ff377fa20008e7129f687a7bcf68ac50a4f620
run_20260521_224941-0147,user-002,-2.292,0.0,2.292,-2.292,2026-05-23T18:15:27.316436Z,2026-05-23T18:35:27.316436Z,2026-05-23,0xc4d3ebd0b5585084888e86dd18d00040e6f41324f0dc52090001e9c8b6dfd67c,0x949667ce15b5d75cc659d9ac7b2d6ea511293984eb942ebecb2b79c04b08a4c9,0xbe1369722ce118053c2d04f154ff377fa20008e7129f687a7bcf68ac50a4f620
run_20260521_224941-0148,user-003,5.654,8.14,2.486,5.654,2026-05-23T10:39:55.553448Z,2026-05-23T11:39:55.553448Z,2026-05-23,0xbffa2300057bf371e429995c000d3dee75935faa34b15df5b4c080588f126e10,0x92bc196d5dcf17fb4e8547e44d2cac4541c956444e2b9a237f5735977edce864,0xbe1369722ce118053c2d04f154ff377fa20008e7129f687a7bcf68ac50a4f620
run_20260521_224941-0149,user-004,4.762,4.762,0.0,4.762,2026-05-23T16:58:23.431814Z,2026-05-23T17:38:23.431814Z,2026-05-23,0x1a88fd6fd18f96c5f7526623eb9ddb48a7bd9be4a5cf8a2b1028cf1c794b0474,0xecbaf6c5402c63f273fe96039fcb8baa4fde87e435a359b418220eaa60a85873,0xbe1369722ce118053c2d04f154ff377fa20008e7129f687a7bcf68ac50a4f620
run_20260521_224941-0150,user-008,7.659,7.659,0.0,7.659,2026-05-23T10:52:15.077064Z,2026-05-23T11:52:15.077064Z,2026-05-23,0xdd8a9dee9f6e195452f96a707e85d6d70c32c0b21cbfe54fac994d0bc81ecde1,0x7a46966107dcd7a83bde6f53537abd66ade8aa31a8a03ab5d55c93e51bae5491,0xbe1369722ce118053c2d04f154ff377fa20008e7129f687a7bcf68ac50a4f620
run_20260521_224941-0151,user-007,3.635,3.635,0.0,3.635,2026-05-23T19:59:59.188232Z,2026-05-23T20:29:59.188232Z,2026-05-23,0xa8670cadea86685fab788b88f51712769aabf9ff80072ca1084a2911a6a21f95,0x0b7cb57ab70753ef9563fff451506b2d504d5bdc644b37e8334ca475637b46be,0xbe1369722ce118053c2d04f154ff377fa20008e7129f687a7bcf68ac50a4f620
run_20260521_224941-0152,user-009,2.565,2.565,0.0,2.565,2026-05-23T00:19:53.810685Z,2026-05-23T00:39:53.810685Z,2026-05-23,0x384b2824739949e50c89186a46438ef99f59585839c971f213fbd6b6ae90fdcb,0x61579a076c2f1d03ad7899cc3be1548dce121798588ac5c3d6d689734ed46e4b,0xbe1369722ce118053c2d04f154ff377fa20008e7129f687a7bcf68ac50a4f620
run_20260521_224941-0153,user-003,-11.386,0.0,11.386,-11.386,2026-05-23T06:54:35.485060Z,2026-05-23T07:24:35.485060Z,2026-05-23,0x530b3bb3a40d89b16c58cfc4204b4c3a6f1353834883dfb32477ba499615a677,0xba49d2cf87fd387d4dcfb19fe513e3ad861992c7e950abc8888fda2dfd4690c2,0xbe1369722ce118053c2d04f154ff377fa20008e7129f687a7bcf68ac50a4f620
run_20260521_224941-0154,user-005,7.129,7.129,0.0,7.129,2026-05-23T07:18:37.607601Z,2026-05-23T07:58:37.607601Z,2026-05-23,0xc3c4a6335ee644610b1362090ac6f790e04826c64b7ba99c7950d5bfa0724c45,0x3afb5fde6988e26017b0c641ec25247c7ce21ddca43fe3966f8bd92a15d3e57c,0xbe1369722ce118053c2d04f154ff377fa20008e7129f687a7bcf68ac50a4f620
run_20260521_224941-0155,user-007,-11.063,0.0,11.063,-11.063,2026-05-23T04:11:13.163244Z,2026-05-23T05:11:13.163244Z,2026-05-23,0x0c89b8e6ce8c322e569c406361d9fe66fb182478546d84fa6ee22c3a85f61598,0xb4cdd06839de15366ca36b6714bd501f8889a3adeba40162f7b2f17b6b0110cc,0xbe1369722ce118053c2d04f154ff377fa20008e7129f687a7bcf68ac50a4f620
run_20260521_224941-0156,user-007,-11.517,0.0,11.517,-11.517,2026-05-23T19:07:39.706967Z,2026-05-23T19:37:39.706967Z,2026-05-23,0xa96aafc54c73154c907115fe11d3cddab39de48196512deb1dc5001eca5d2c9f,0x62369c5829d8863ae6ad69d40ea3122562d74150ac05ae8fe28c324f86ab45d5,0xbe1369722ce118053c2d04f154ff377fa20008e7129f687a7bcf68ac50a4f620
run_20260521_224941-0157,user-005,5.541,5.541,0.0,5.541,2026-05-23T06:33:34.605396Z,2026-05-23T07:03:34.605396Z,2026-05-23,0x1fd032a5bfcd1f0e2182bf5673f8031eb937d4777380b9d244e6ecd57841182d,0x296be34034f180360e38aaff82532c5fc71ca405feb7e093d421f7d0a30a8774,0xbe1369722ce118053c2d04f154ff377fa20008e7129f687a7bcf68ac50a4f620
run_20260521_224941-0158,user-002,19.256,21.217,1.961,19.256,2026-05-23T00:16:03.415822Z,2026-05-23T01:16:03.415822Z,2026-05-23,0xe8f3652f51fa10b67a3a1b571220e610dae1bd719155b4be3180fe74372e9b28,0xc10a1a45c01f8e3a409837609829f9f96dc1605a2620973916c4706f3ed29bd5,0xbe1369722ce118053c2d04f154ff377fa20008e7129f687a7bcf68ac50a4f620
run_20260521_224941-0159,user-006,5.667,5.667,0.0,5.667,2026-05-23T06:38:41.872922Z,2026-05-23T07:08:41.872922Z,2026-05-23,0x97ee22bdbe8f55d681061552320e9cff3ebe8a327a4a137cd24241f9da3c93c4,0xd13cba6e6315fe40074a50b67e2d7b602cd6d746b14a6d284aced6452c1bc7ec,0xbe1369722ce118053c2d04f154ff377fa20008e7129f687a7bcf68ac50a4f620
run_20260521_224941-0160,user-003,2.37,2.37,0.0,2.37,2026-05-23T18:02:11.257203Z,2026-05-23T18:22:11.257203Z,2026-05-23,0x81c22da3d2366b1b0804eb58e74fb41115d710519ac116d00a52448b7870285a,0x6b85f941228fbff4cbb0acea4822ca08bd890d40ed507ce0fae92779de7bed42,0xbe1369722ce118053c2d04f154ff377fa20008e7129f687a7bcf68ac50a4f620
run_20260521_224941-0161,user-010,11.284,11.284,0.0,11.284,2026-05-23T11:45:17.250288Z,2026-05-23T12:45:17.250288Z,2026-05-23,0xb5aa728809db845e7677b7ebb4bfbe7f4dc0e313959eed5b43fc1876bfda5c60,0xf6955b6b4fb12017eb4d0fd32374f988328180924538b5a15682a5208917b793,0xbe1369722ce118053c2d04f154ff377fa20008e7129f687a7bcf68ac50a4f620
run_20260521_224941-0162,user-003,2.629,2.629,0.0,2.629,2026-05-23T05:40:40.478966Z,2026-05-23T06:00:40.478966Z,2026-05-23,0xf73ef32b3b48c01689c355fb94d8a7311b222b945c3d9546a9ace1d60d8ad15b,0x38bd3d70ecb0cf68d440ba0e507a3cfa611ae1b9ac43da6241038d5cf19ccf80,0xbe1369722ce118053c2d04f154ff377fa20008e7129f687a7bcf68ac50a4f620
run_20260521_224941-0163,user-009,-22.35,0.0,22.35,-22.35,2026-05-23T05:34:21.695942Z,2026-05-23T06:34:21.695942Z,2026-05-23,0x7c1eeef17c341f704d1efc2ab1c914e1167888f50e339286d892b2d17de16045,0x8a056ff50a4b80e45f5eb0b768b8ebd50e5e592827680a72a7611d69b88a4485,0xbe1369722ce118053c2d04f154ff377fa20008e7129f687a7bcf68ac50a4f620
run_20260521_224941-0164,user-004,1.659,2.508,0.849,1.659,2026-05-23T22:35:36.926436Z,2026-05-23T22:55:36.926436Z,2026-05-23,0xdc35b4a4e71fc4c1f28df35bb0ca4df98cec64750f4654ebdeeb45aa91c3574a,0x55db8c3fb118450c2ea98b08d09c168394e843a71fa2c26232011c402847498c,0xbe1369722ce118053c2d04f154ff377fa20008e7129f687a7bcf68ac50a4f620
run_20260521_224941-0165,user-006,-4.599,0.0,4.599,-4.599,2026-05-23T11:25:52.336660Z,2026-05-23T12:05:52.336660Z,2026-05-23,0x7df64a1b41c088ad3a2c533506628752018c2d6695a37ff5b2999f5fcacbc71d,0x042024f12dc1765c85a68c68cd96b4257de7be50bb04b6af0bc5083a1a85679f,0xbe1369722ce118053c2d04f154ff377fa20008e7129f687a7bcf68ac50a4f620
run_20260521_224941-0166,user-002,8.51,11.654,3.144,8.51,2026-05-23T12:04:32.850044Z,2026-05-23T13:19:32.850044Z,2026-05-23,0x12ce7d0e311f14f76acb5545041864bb65343c3325348b8a0b0472b198cf868a,0x2e9820e1304dfc00f09c4cda9f8f3bc1da8d5f655a985a5c29077c0795bbc91e,0xbe1369722ce118053c2d04f154ff377fa20008e7129f687a7bcf68ac50a4f620
run_20260521_224941-0167,user-007,5.48,5.48,0.0,5.48,2026-05-23T18:35:41.876886Z,2026-05-23T19:05:41.876886Z,2026-05-23,0xa7c22430acb788f6d65ae300bbc57dc11efadd6e44cb28e14ea0688bbd94e7dc,0x0e5de311dab2e1e2c8c119e2a6cd90b1e9b541f4fd08fccc63c8c617af02b342,0xbe1369722ce118053c2d04f154ff377fa20008e7129f687a7bcf68ac50a4f620
run_20260521_224941-0168,user-007,11.172,11.172,0.0,11.172,2026-05-23T22:19:44.755776Z,2026-05-23T23:19:44.755776Z,2026-05-23,0x9583560ff5e3247c1e04eacf122c068882813bab13c234e7cb7224f07d78be56,0xd5fc570a706b963ac8861c311398f6142e62fde14dfe2bcffc6094c10ba7604a,0xbe1369722ce118053c2d04f154ff377fa20008e7129f687a7bcf68ac50a4f620
run_20260521_224941-0169,user-004,3.554,5.292,1.738,3.554,2026-05-23T20:22:11.065045Z,2026-05-23T21:22:11.065045Z,2026-05-23,0xb36ba221692214fa9e1292962c38b52249377357747482c7c61a63431a47f65c,0x3d312b4b317a3894c2f6902c3a57ef94c0f3f374e66f7208dfba15ee79af651e,0xbe1369722ce118053c2d04f154ff377fa20008e7129f687a7bcf68ac50a4f620
run_20260521_224941-0170,user-009,7.666,7.666,0.0,7.666,2026-05-23T14:04:11.892178Z,2026-05-23T14:44:11.892178Z,2026-05-23,0x018baf43c21b0e366f3adc47e0b6f8fc929a09435e0af53ed44c171de6b7ab47,0xea58665b66d45fef6cbb591ea4ce7665e4f4720cb884ba79be235d8f413d3f56,0xbe1369722ce118053c2d04f154ff377fa20008e7129f687a7bcf68ac50a4f620
run_20260521_224941-0171,user-007,7.806,7.806,0.0,7.806,2026-05-23T07:09:57.307614Z,2026-05-23T07:49:57.307614Z,2026-05-23,0xfb37959bb8b36315ff87fec19dc74bd60aa87e243ed49de929eb73d1548438e1,0x1b8e3c4260be8b4e2eb88cacb464c60f0961a195a09594c0d8bb1f129c14a0f7,0xbe1369722ce118053c2d04f154ff377fa20008e7129f687a7bcf68ac50a4f620
run_20260521_224941-0172,user-004,10.922,10.922,0.0,10.922,2026-05-23T13:08:14.364554Z,2026-05-23T14:08:14.364554Z,2026-05-23,0xab3f29f3fb1087b673d619dcafb2c8dd30d10fbc0d04be0bc2b6644fad8339af,0x0666ab7b01c9a87ca3d38ea4f94faf9666f557e6263564306ae2fc1e93f54551,0xbe1369722ce118053c2d04f154ff377fa20008e7129f687a7bcf68ac50a4f620
run_20260521_224941-0173,user-001,22.147,22.147,0.0,22.147,2026-05-23T01:07:58.853170Z,2026-05-23T02:07:58.853170Z,2026-05-23,0x7c1f342174b3761d66513adf00af0700be1c365bb990d0a102f70d35e424f9fa,0x312042e35ad741f8f86c10a17d0ff0dd20cdcb7a77db8df9687aad12832afd39,0xbe1369722ce118053c2d04f154ff377fa20008e7129f687a7bcf68ac50a4f620
run_20260521_224941-0174,user-002,2.411,2.411,0.0,2.411,2026-05-23T23:27:36.464211Z,2026-05-23T23:47:36.464211Z,2026-05-23,0x4a7277c2ab98b37f4215843b8f1e70fc1e31b7abbfb6db68fb15735556df35c8,0xc08b626ca8cbb91fe1e974232d89a8aa0dbfb13d82eb4f6ccd1945719458e90e,0xbe1369722ce118053c2d04f154ff377fa20008e7129f687a7bcf68ac50a4f620
run_20260521_224941-0175,user-001,14.155,14.155,0.0,14.155,2026-05-23T19:57:05.732366Z,2026-05-23T21:12:05.732366Z,2026-05-23,0x4b1cd3db7c4fd4aedf805e9120254b14d58caf2eb35cce89d417ac78061459ec,0xe86960b3e91e24442ffa3c305881c1adde11abda3799c980d7b7d4b81918880c,0xbe1369722ce118053c2d04f154ff377fa20008e7129f687a7bcf68ac50a4f620
run_20260521_224941-0176,user-009,9.187,9.187,0.0,9.187,2026-05-23T18:00:13.633956Z,2026-05-23T19:15:13.633956Z,2026-05-23,0x8382e6a312ec1ba509feeccdab9ab5969bf25e62aee7003e0fd55f6062715904,0xadd81e60b225224102e2557670c2fc5b0c17e59e63ff9ed8498d5afa086faf40,0xbe1369722ce118053c2d04f154ff377fa20008e7129f687a7bcf68ac50a4f620
run_20260521_224941-0177,user-004,2.506,2.506,0.0,2.506,2026-05-23T00:36:28.139946Z,2026-05-23T00:56:28.139946Z,2026-05-23,0xdbf9b1b29918d59263a508143ebd939d64f3486bb43bb6854ef819c26e94919b,0x5d8dc6ae761c08ea0c83728d8a68b6fdd6cd01a1bade4996fb262e82dc080613,0xbe1369722ce118053c2d04f154ff377fa20008e7129f687a7bcf68ac50a4f620
run_20260521_224941-0178,user-007,1.287,2.304,1.017,1.287,2026-05-23T15:28:04.879574Z,2026-05-23T15:58:04.879574Z,2026-05-23,0x314831c1a4167d3f45cbfb994d725f7c36e66e0c499ebbcd3a7453dcf429c8e2,0x0e8a046e4a9d349c5f2612fdcb5d229b26a0318ec270eb37bc716b48b249c5ba,0xbe1369722ce118053c2d04f154ff377fa20008e7129f687a7bcf68ac50a4f620
run_20260521_224941-0179,user-008,3.358,4.264,0.906,3.358,2026-05-23T10:58:20.434429Z,2026-05-23T11:28:20.434429Z,2026-05-23,0xf041b4c522fb2efeab1ebca9c6d5916c50fb7b4f4da8889ec4ab7205962d4e93,0xc7248ebde38498b93b60699df043f3dccbcdde44d49d61ccaa3a7dc15e5b3666,0xbe1369722ce118053c2d04f154ff377fa20008e7129f687a7bcf68ac50a4f620
run_20260521_224941-0180,user-006,11.307,11.307,0.0,11.307,2026-05-23T22:33:14.364810Z,2026-05-23T23:03:14.364810Z,2026-05-23,0x6838703ccd46f9263f343404cd33a012c2d82a0e302aed306d4687062bbe2583,0xbce072282ccd372ed5870b9dbd0c3fb1defd63c56171091bf57ee31b708bc95d,0xbe1369722ce118053c2d04f154ff377fa20008e7129f687a7bcf68ac50a4f620
run_20260521_224941-0181,user-005,10.734,10.734,0.0,10.734,2026-05-23T16:14:27.083142Z,2026-05-23T16:44:27.083142Z,2026-05-23,0x18cdc0119d3a458a87b5f22632845a06768af38c1e4abf5ccb4903a987641aa0,0xf88910f039a507cd095eeda34f35e7a1c50273d59134837eb7768d5cb50b89c6,0xbe1369722ce118053c2d04f154ff377fa20008e7129f687a7bcf68ac50a4f620
run_20260521_224941-0182,user-010,10.876,10.876,0.0,10.876,2026-05-23T04:26:11.153971Z,2026-05-23T05:26:11.153971Z,2026-05-23,0xfa270d2442ce9bc5d91adae72d0b568b1d4b1c4aeeb50ea7744565848d304361,0x3bff55e506e163632c5467e822c9bdb5cd1dbbb5e177592addc822b707fb4c12,0xbe1369722ce118053c2d04f154ff377fa20008e7129f687a7bcf68ac50a4f620
run_20260521_224941-0183,user-003,-2.524,0.0,2.524,-2.524,2026-05-23T16:02:07.047979Z,2026-05-23T16:22:07.047979Z,2026-05-23,0xfe96ec7017af4cc376c1a4e7e4edd93bfffd13efa803b710efa5b05c0749695c,0x5fa2dc18c79a53521335f941863e454f822a5e12e37ff61d0d49b4f610e57554,0xbe1369722ce118053c2d04f154ff377fa20008e7129f687a7bcf68ac50a4f620
run_20260521_224941-0184,user-008,3.567,3.567,0.0,3.567,2026-05-23T23:42:35.418406Z,2026-05-24T00:12:35.418406Z,2026-05-23,0x992ab43ef904345dda17185fe32b9d6c06c36231eb62ca8894a4e928c5b54e7d,0xc232be6c60d96ac3099bc8ea95d5d91f819a17c54b909f03adff36f2bb89fccc,0xbe1369722ce118053c2d04f154ff377fa20008e7129f687a7bcf68ac50a4f620
run_20260521_224941-0185,user-007,7.109,7.109,0.0,7.109,2026-05-23T15:33:13.626973Z,2026-05-23T16:33:13.626973Z,2026-05-23,0x6b81c3519dec76be108d654b15bb334cd0108aa5858339753365ea42b6fc5402,0xd40602f4db5e69687f96038d0c12054a0710db78c018b64c9f2b3f5ffb2e64d8,0xbe1369722ce118053c2d04f154ff377fa20008e7129f687a7bcf68ac50a4f620
run_20260521_224941-0186,user-002,13.236,13.236,0.0,13.236,2026-05-23T15:52:21.069521Z,2026-05-23T17:07:21.069521Z,2026-05-23,0x4f052dc65f8e7976f508f7afd293f9e1d5e48aa74e12345d7ba9d8c5bdc37af3,0x49b74e747bea31731af6202b2eab7fdde76a826b660f34b2cbd04d898260a462,0xbe1369722ce118053c2d04f154ff377fa20008e7129f687a7bcf68ac50a4f620
run_20260521_224941-0187,user-007,12.368,13.438,1.07,12.368,2026-05-23T21:52:48.909756Z,2026-05-23T23:07:48.909756Z,2026-05-23,0xfc9dd753dbbfeeea8ed549b6c58be8ee1b906eef5335d898ae337ce31059b6c8,0xbf3a69cc47e5efde2a5f8b3f744297be31a3e001f73ee4e94418a9c3457cde29,0xbe1369722ce118053c2d04f154ff377fa20008e7129f687a7bcf68ac50a4f620
run_20260521_224941-0188,user-005,10.313,10.313,0.0,10.313,2026-05-23T10:26:29.094804Z,2026-05-23T10:56:29.094804Z,2026-05-23,0x5ccf11060454f905ce8865578c9b991f1ee3160e8eb325912bc73b9bef9a7047,0x5fc7a853f516c2074bd0f79cb3e3b814bb714bc79cf10d729406dbeba3fb9048,0xbe1369722ce118053c2d04f154ff377fa20008e7129f687a7bcf68ac50a4f620
run_20260521_224941-0189,user-009,21.195,21.195,0.0,21.195,2026-05-23T07:29:37.330642Z,2026-05-23T08:29:37.330642Z,2026-05-23,0x1aa16bac0f729ad86e4c79ea94161a39d7843c9599dc443f16c54e2e63f54b07,0xf8a6c239bda9a6574a0fb79c0614f24bf79ed3bc8f6a000b891b515e664df452,0xbe1369722ce118053c2d04f154ff377fa20008e7129f687a7bcf68ac50a4f620
run_20260521_224941-0190,user-003,-7.536,0.0,7.536,-7.536,2026-05-23T22:57:32.802185Z,2026-05-23T23:17:32.802185Z,2026-05-23,0xcac9edf9d1386b7c4fdb5966c9d4836a3065d6f29c8d75b91ca5b6c0fd9bf560,0xf795912b8104b10ef70e9d445081635a1ddc8589f4f9dd7e2e9212bb7ceb2eba,0xbe1369722ce118053c2d04f154ff377fa20008e7129f687a7bcf68ac50a4f620
run_20260521_224941-0191,user-007,13.665,13.665,0.0,13.665,2026-05-23T10:37:50.132777Z,2026-05-23T11:52:50.132777Z,2026-05-23,0xf7953512596b979b21fc6ca505b0d14b167f47e5776162bb2c8863b9ea9af2f5,0x8408b446df1718863dd75eb3b6aab5bf7f5714ac1474fab2f23c3a08450f6ec7,0xbe1369722ce118053c2d04f154ff377fa20008e7129f687a7bcf68ac50a4f620
run_20260521_224941-0192,user-008,2.242,4.633,2.391,2.242,2026-05-23T10:15:17.192081Z,2026-05-23T11:15:17.192081Z,2026-05-23,0x76eacf2d185184a28ad60c54e75eb08afe99194f2c0b45a5c07cf06649d09661,0xc59a381bc3da53a2be586b807a6a2f3730467865f07475541132699d7a1493dc,0xbe1369722ce118053c2d04f154ff377fa20008e7129f687a7bcf68ac50a4f620
run_20260521_224941-0193,user-002,-3.608,0.0,3.608,-3.608,2026-05-23T00:38:36.290072Z,2026-05-23T01:08:36.290072Z,2026-05-23,0x3e4b5181998bbe0566467ee2cda29a9d5e54e9b03a38b69fa3f9c620694ee9bd,0xfc6655f458d1de2c1b6da396b3482f0ca9587176f295fd334d906d09decabdf3,0xbe1369722ce118053c2d04f154ff377fa20008e7129f687a7bcf68ac50a4f620
run_20260521_224941-0194,user-008,4.835,4.835,0.0,4.835,2026-05-23T05:45:19.779292Z,2026-05-23T06:25:19.779292Z,2026-05-23,0x90494037c8de1297d2d4517848b423ee8d5b66b2568951dc3da1ef472430acb9,0x2b8f7a888e9385681ef7ad214c2246239ac9cbcd2cd869c81a5f6d84bab63855,0xbe1369722ce118053c2d04f154ff377fa20008e7129f687a7bcf68ac50a4f620
run_20260521_224941-0195,user-008,3.866,9.259,5.393,3.866,2026-05-23T22:46:11.678062Z,2026-05-23T23:26:11.678062Z,2026-05-23,0x6d653617a397346c72cd27c0b50c6f4dcc8d15cb043380c867f92b23a3769714,0xe10d0797774198ed35d71ea0c247e21c973c0372d7a34cd329ea48adcdaf5040,0xbe1369722ce118053c2d04f154ff377fa20008e7129f687a7bcf68ac50a4f620
run_20260521_224941-0196,user-005,1.651,2.734,1.083,1.651,2026-05-23T06:00:29.757981Z,2026-05-23T06:20:29.757981Z,2026-05-23,0x31e60930d621504c2f6be0a2653541fd8282c7da50bfa71989f8da99c47dd522,0x8259a7033ef3a492b924a1a537cf55179d5aafb5536e8bb2c27e1c20769c87c2,0xbe1369722ce118053c2d04f154ff377fa20008e7129f687a7bcf68ac50a4f620
run_20260521_224941-0197,user-007,3.626,3.626,0.0,3.626,2026-05-23T11:39:52.501403Z,2026-05-23T11:59:52.501403Z,2026-05-23,0x3223d1f63fb6c0eb5a0a8ba01e83e1919db0ae7d980ba34f812449c3285a9dec,0x560a411f7f3ab9c3102dbb7441211ebff5d4187f946743fbfc08d5f1b8740776,0xbe1369722ce118053c2d04f154ff377fa20008e7129f687a7bcf68ac50a4f620
run_20260521_224941-0198,user-005,11.075,11.075,0.0,11.075,2026-05-23T13:48:43.092423Z,2026-05-23T14:48:43.092423Z,2026-05-23,0xfef437aa2b51979b7ca82bfd3d1fb8faab906314dd18d4539290450c477f1b0a,0x9fdc8a2e19abeee900c447c1fb1b1e427839bffa750f234b022637b1320dc5a6,0xbe1369722ce118053c2d04f154ff377fa20008e7129f687a7bcf68ac50a4f620
run_20260521_224941-0199,user-005,7.661,7.661,0.0,7.661,2026-05-23T08:36:32.613979Z,2026-05-23T09:16:32.613979Z,2026-05-23,0x280045b19d884c4bd83549c662dfaf9f1638f523afb1b6c422d593b58763f857,0xdad524fa09e067fd7c91ae965b885195790d98cf86d08dde473060cc5cf11ff6,0xbe1369722ce118053c2d04f154ff377fa20008e7129f687a7bcf68ac50a4f620
run_20260521_224941-0200,user-001,6.683,6.683,0.0,6.683,2026-05-23T08:15:13.390712Z,2026-05-23T08:55:13.390712Z,2026-05-23,0x6c191c5d3acd60d98d2dc1156c398f36fa0321b7fc8b806c17b76ceb30cea4ca,0xf53db6e37da79bfba1f6df0f0d59e2a9b0fbe60ee3b4f2a9669e0b8e9293b728,0xbe1369722ce118053c2d04f154ff377fa20008e7129f687a7bcf68ac50a4f620
run_20260521_224941-0201,user-006,11.151,11.151,0.0,11.151,2026-05-23T11:48:27.996476Z,2026-05-23T12:18:27.996476Z,2026-05-23,0xaa921f7003d1f682c33523542f24d978be3f57034965dc0595030ef53cf4c44e,0x873abed58b7f29795d075a29e6887bd4d564e01a6a8a6a2859ad7c16730cc771,0xbe1369722ce118053c2d04f154ff377fa20008e7129f687a7bcf68ac50a4f620
run_20260521_224941-0202,user-002,10.475,10.475,0.0,10.475,2026-05-23T18:38:57.296605Z,2026-05-23T19:08:57.296605Z,2026-05-23,0x53816e98257b3dc62526afc536b592e8f8daad5ebc54b9f50083603830133209,0x14d0e7caca2364e6553db9226f023f39cbd865812ec7c0157fde1f91f82f570c,0xbe1369722ce118053c2d04f154ff377fa20008e7129f687a7bcf68ac50a4f620
run_20260521_224941-0203,user-010,0.261,5.612,5.351,0.261,2026-05-23T22:16:26.960288Z,2026-05-23T22:46:26.960288Z,2026-05-23,0x303d2929e09c65ef73ef70a796073e8ad997ebcced04d72e1d0e57798fd7d2a3,0x15810a3365dc69583304e6bcffe8a0cde2a16404ddca24cd769203fb9e3f0b03,0xbe1369722ce118053c2d04f154ff377fa20008e7129f687a7bcf68ac50a4f620
run_20260521_224941-0204,user-003,3.521,3.521,0.0,3.521,2026-05-23T16:23:24.469259Z,2026-05-23T16:53:24.469259Z,2026-05-23,0xe7d2d7253dae642fa0cb8127537c7f2183fb756602aee67cda7fa935ace17ca0,0xbac4a40649178316ea1fae6106f7b38ddb4d9fc04dae79f5152c461347a3adbb,0xbe1369722ce118053c2d04f154ff377fa20008e7129f687a7bcf68ac50a4f620
run_20260521_224941-0205,user-002,-22.245,0.0,22.245,-22.245,2026-05-23T20:52:39.325266Z,2026-05-23T21:52:39.325266Z,2026-05-23,0xfc6a76b9f7f65a9f714c6d2a1058652a25f3f109e1b3de8d5e17c278b64d4d90,0x97e386164f1b4216b3453c1675473b748054f57a59e7e9ab8dea0534e6b086b0,0xbe1369722ce118053c2d04f154ff377fa20008e7129f687a7bcf68ac50a4f620
run_20260521_224941-0206,user-003,-28.441,0.0,28.441,-28.441,2026-05-23T21:31:06.009503Z,2026-05-23T22:46:06.009503Z,2026-05-23,0x2d67487690fd900a49d1b2b0b328105cf2c50a02ac0bc88312bb74ec9078021c,0xfec995748a89f301873251d4fc99a93ecf31550c98aab02b50ac91aaa045171f,0xbe1369722ce118053c2d04f154ff377fa20008e7129f687a7bcf68ac50a4f620
run_20260521_224941-0207,user-003,7.617,7.617,0.0,7.617,2026-05-23T18:54:53.164200Z,2026-05-23T19:14:53.164200Z,2026-05-23,0xfd2c03bf716f52161fa06046988d8b04d31b055b02f3f4289f895f6cbe2e3e61,0xde75a5bfc9fd59b7a86fa1196b9203ef58ae1529781fda2a2255f0c7be147bdc,0xbe1369722ce118053c2d04f154ff377fa20008e7129f687a7bcf68ac50a4f620
run_20260521_224941-0208,user-001,3.549,5.312,1.763,3.549,2026-05-23T09:43:44.960536Z,2026-05-23T10:03:44.960536Z,2026-05-23,0x56249328e25c1bd597a4137e8c59cf9ac957f977d8f9560f45dbefd0c73582f8,0xbcbef08d9957dafed20f40e8e250dc36259403299fa8c9bd91d7b8f3f02672df,0xbe1369722ce118053c2d04f154ff377fa20008e7129f687a7bcf68ac50a4f620
run_20260521_224941-0209,user-001,6.78,6.78,0.0,6.78,2026-05-23T16:45:23.538309Z,2026-05-23T17:05:23.538309Z,2026-05-23,0x2a953fe782db5c9e2929dc38badc8ceaf45a365d871c15ff40a0ae54769a2714,0x47bb62e10dd19a7e0436b39b05e5174696ba8e310a4735d842338ffd6d285c7a,0xbe1369722ce118053c2d04f154ff377fa20008e7129f687a7bcf68ac50a4f620
run_20260521_224941-0210,user-002,6.899,6.899,0.0,6.899,2026-05-23T05:08:56.730283Z,2026-05-23T06:08:56.730283Z,2026-05-23,0x3a1eb1708cd11d2fa714d2e689c998dcb047204add8dba75f8fed9575c1f2aa9,0xd4d639b5ee42e86575d7ebe3dbda1d899f6c15b27e2823a4805a2cb1a8bb9fb2,0xbe1369722ce118053c2d04f154ff377fa20008e7129f687a7bcf68ac50a4f620
run_20260521_224941-0211,user-008,3.823,5.497,1.674,3.823,2026-05-23T20:24:13.915834Z,2026-05-23T20:44:13.915834Z,2026-05-23,0x179d1442210d5fabbffc4ed2a9d10fe81e9159b08871efe810cdc37d7c0f355b,0xf124c003061815780d5dbfe6e21a3906f73bd44ae33f3367013abf2ab88cf1b8,0xbe1369722ce118053c2d04f154ff377fa20008e7129f687a7bcf68ac50a4f620
run_20260521_224941-0212,user-001,-14.705,0.0,14.705,-14.705,2026-05-23T03:31:45.713552Z,2026-05-23T04:11:45.713552Z,2026-05-23,0xe06384f634e12673442f2e5a8e53e5e64066cddebffc5b1316fcb67bf04bb41c,0x7b9b09d0c2cfd73faaaec58603f6d71c8c15aca33d7191052df74ee5af9fd17a,0xbe1369722ce118053c2d04f154ff377fa20008e7129f687a7bcf68ac50a4f620
run_20260521_224941-0213,user-002,0.341,2.575,2.234,0.341,2026-05-23T15:02:25.445957Z,2026-05-23T15:42:25.445957Z,2026-05-23,0xc103ae838ec9ad046eae9f59770079a5fed2c0c0b64406b1f722412776f52b2e,0xf7289e5a9405fdb5cff151f83f2f4d2d673ac62f706dc5dfdbca2d8d57c68eb9,0xbe1369722ce118053c2d04f154ff377fa20008e7129f687a7bcf68ac50a4f620
run_20260521_224941-0214,user-002,14.209,14.209,0.0,14.209,2026-05-23T13:59:55.205283Z,2026-05-23T15:14:55.205283Z,2026-05-23,0xc2f538581f4b4732e5e972dfdeb8fceacd049aa467ed0c605dfc83ee26b19b65,0x6da4dc140a4d122cab1a2e8d62272ccda2a2f56be713af7dc6bef02b05acb369,0xbe1369722ce118053c2d04f154ff377fa20008e7129f687a7bcf68ac50a4f620
run_20260521_224941-0215,user-010,14.444,14.444,0.0,14.444,2026-05-23T18:36:27.702970Z,2026-05-23T19:16:27.702970Z,2026-05-23,0x6468b64ef4115ff5835c0587e5b64c99940f9a757333b9ae2390fb4f437f885b,0xaa30e610ee3d60f4837f47630e1c00636be3ce90a9943565b03e1e42bd964e59,0xbe1369722ce118053c2d04f154ff377fa20008e7129f687a7bcf68ac50a4f620
run_20260521_224941-0216,user-001,11.471,11.471,0.0,11.471,2026-05-23T08:32:30.350889Z,2026-05-23T09:02:30.350889Z,2026-05-23,0x1446ec9aaffdf897d7c8ab94f32fc7219057fdca255937ce2eb46903a18e0759,0x4b4375b56903a37d471c1c2f2bbd4f0dd72645ba59fe82aa41b37baa3ee7e951,0xbe1369722ce118053c2d04f154ff377fa20008e7129f687a7bcf68ac50a4f620
run_20260521_224941-0217,user-007,3.758,3.758,0.0,3.758,2026-05-23T14:18:16.867765Z,2026-05-23T14:48:16.867765Z,2026-05-23,0x2549e77d560573ac5b17446d4fd9e225e2424ea96064e8949a5fa1c6ad50ff4e,0x72574c0bd9e41a0b48bb2323f44a70b1629de93e88e5c83983bd9a0e0340e40e,0xbe1369722ce118053c2d04f154ff377fa20008e7129f687a7bcf68ac50a4f620
run_20260521_224941-0218,user-001,2.571,2.571,0.0,2.571,2026-05-23T10:36:43.880615Z,2026-05-23T10:56:43.880615Z,2026-05-23,0x54b525904ba49961ed5b92f2337627a87a537a3afbea55e5f9c6efe4cb3cb625,0x6c9886f34f241a4cee8c35366304a080035db68d9a433b09374dbd78b60877ad,0xbe1369722ce118053c2d04f154ff377fa20008e7129f687a7bcf68ac50a4f620
run_20260521_224941-0219,user-006,-5.172,0.0,5.172,-5.172,2026-05-23T04:10:33.130411Z,2026-05-23T04:40:33.130411Z,2026-05-23,0x73073b6cde2b2d8b28326f7e5651a5bdd5b9f06652fbdc67873cbb118d101c9d,0x7901ed9c4de52f944ecf21db25649389d7d9b485407910133bb4673abb80fefc,0xbe1369722ce118053c2d04f154ff377fa20008e7129f687a7bcf68ac50a4f620
run_20260521_224941-0220,user-005,7.869,11.434,3.565,7.869,2026-05-23T10:50:19.533742Z,2026-05-23T11:30:19.533742Z,2026-05-23,0xabe32ccaf6a1f38da0b03c8537033c5e23da6b8eb0bffec834610c6df43b2594,0xc0707853c3d476ce3070dcf0a6fbdd7fddfad6572deabc8aa6f552771da368ed,0xbe1369722ce118053c2d04f154ff377fa20008e7129f687a7bcf68ac50a4f620
run_20260521_224941-0221,user-006,7.067,7.067,0.0,7.067,2026-05-23T21:23:49.039434Z,2026-05-23T22:23:49.039434Z,2026-05-23,0x6ccbf1c3a7eb15c271cc9ae79bb31a4c4d1ac9a56e9726e649d52b66a662cdac,0xe3ce4234aec69ac629c1c677ad102f82eef96467baaedef07d2045e28ed46294,0xbe1369722ce118053c2d04f154ff377fa20008e7129f687a7bcf68ac50a4f620
run_20260521_224941-0222,user-003,11.151,11.151,0.0,11.151,2026-05-23T07:22:46.949629Z,2026-05-23T07:52:46.949629Z,2026-05-23,0xacc60cf53fa2a513e591b82f14634296bb17bf7c96f2143524311e974eb666d3,0x7431378dde6a0fcd8e53eac08dc0455383ad6aa0a31d02227f8b9f1c42450278,0xbe1369722ce118053c2d04f154ff377fa20008e7129f687a7bcf68ac50a4f620
run_20260521_224941-0223,user-005,7.396,7.396,0.0,7.396,2026-05-23T14:26:04.032306Z,2026-05-23T15:06:04.032306Z,2026-05-23,0x2bc3c796328a1cb61860e6011cbc988d4fe392d104ed92d6f429b01aa430ff60,0x3d01b128416e51db686cd05262863512b81dee46a10bb512cedaf4c4919d9090,0xbe1369722ce118053c2d04f154ff377fa20008e7129f687a7bcf68ac50a4f620
run_20260521_224941-0224,user-010,7.417,10.559,3.142,7.417,2026-05-23T06:50:17.176122Z,2026-05-23T07:30:17.176122Z,2026-05-23,0x89010c3790f55a71f1e76e8ff233c0a8709414efdf276a24e4522f6cd5fd27d7,0xfcbeb3b2c18ef70201e4bb8f5814bec0b1ceb45fdd6ebd2e94944a7714d62431,0xbe1369722ce118053c2d04f154ff377fa20008e7129f687a7bcf68ac50a4f620
run_20260521_224941-0225,user-005,7.092,7.092,0.0,7.092,2026-05-23T02:55:25.966900Z,2026-05-23T03:55:25.966900Z,2026-05-23,0x98d047d932c49757836069dba2d9307fea5fd4d37a680438c5c2d040b5f98484,0xc423e2dd9fd26e5046e6cb8bc0e316502a3d091893abb306eb0745f139fa7bc2,0xbe1369722ce118053c2d04f154ff377fa20008e7129f687a7bcf68ac50a4f620
run_20260521_224941-0226,user-010,9.253,9.253,0.0,9.253,2026-05-23T03:09:01.743716Z,2026-05-23T04:24:01.743716Z,2026-05-23,0x40869289e7fc62ef44e49f1266a5dc7944ffd2ed570fb8c634bdded30df9422f,0x3c1d9901d79fa1afc2e6233e9822d78825db494994e019ff946a476cabee22f2,0xbe1369722ce118053c2d04f154ff377fa20008e7129f687a7bcf68ac50a4f620
run_20260521_224941-0227,user-008,14.857,14.857,0.0,14.857,2026-05-23T04:03:49.427159Z,2026-05-23T04:43:49.427159Z,2026-05-23,0x596863add16c6ad136c5e8c409780c38ec2bd4d57087a2f598335092ae43ca99,0xa901e435c37e82c5240fa6ff78dfe9e1dfdc85891df31575e59ded5725662907,0xbe1369722ce118053c2d04f154ff377fa20008e7129f687a7bcf68ac50a4f620
run_20260521_224941-0228,user-005,3.683,3.683,0.0,3.683,2026-05-23T10:37:29.879181Z,2026-05-23T11:07:29.879181Z,2026-05-23,0xbf7b5ea370b7874837cdebf84c674a4c195a8569b4c863b41651308cf433ec3f,0x1142fcd316e72b2e665348666394f56ada167720b2cad382cc2e2f7193a155c3,0xbe1369722ce118053c2d04f154ff377fa20008e7129f687a7bcf68ac50a4f620
run_20260521_224941-0229,user-005,-28.118,0.0,28.118,-28.118,2026-05-23T12:12:36.398684Z,2026-05-23T13:27:36.398684Z,2026-05-23,0x29fb90904cc9b994f3a9cfe01c6d133dc52950b0484f3ed480cae4cf97747e06,0xc2ce75034053008694d9e200abe4a092c1064c84da7cafc24c9d6fb6577b03b6,0xbe1369722ce118053c2d04f154ff377fa20008e7129f687a7bcf68ac50a4f620
run_20260521_224941-0230,user-001,3.767,5.454,1.687,3.767,2026-05-23T21:13:48.023399Z,2026-05-23T21:53:48.023399Z,2026-05-23,0xa60c50b3841918adee6a6efeafa85a9d2bcc9d835f0a2fc93303d6a41e121da9,0xfe21f5ecdc2bb6b6f3e4437a1285af3cd31c2377891e5c91ec1e02644fa825d4,0xbe1369722ce118053c2d04f154ff377fa20008e7129f687a7bcf68ac50a4f620
run_20260521_224941-0231,user-008,11.618,13.846,2.228,11.618,2026-05-23T12:18:00.073128Z,2026-05-23T12:58:00.073128Z,2026-05-23,0x7c810aa77db2ade78e0dc509609736835132b2863f4b68dc024bfec51c4ecd6f,0xe643c3aa4fa41c612b25e40fac1822ff4dd84bb92db07309ee1842f9c26def02,0xbe1369722ce118053c2d04f154ff377fa20008e7129f687a7bcf68ac50a4f620
run_20260521_224941-0232,user-007,7.371,7.371,0.0,7.371,2026-05-23T08:27:57.115835Z,2026-05-23T08:47:57.115835Z,2026-05-23,0xc1be70c7081092e78e2f45ec89c9dd105878fc01f42260cc2e767c320610abca,0x948b89f8e07720db7e0910a5f569989afeffa892923a20b8626a8c46832834f2,0xbe1369722ce118053c2d04f154ff377fa20008e7129f687a7bcf68ac50a4f620
run_20260521_224941-0233,user-010,-7.085,0.0,7.085,-7.085,2026-05-23T04:15:52.090870Z,2026-05-23T04:55:52.090870Z,2026-05-23,0xaefd35e04ead20a48376628d46093dbdb73ad3ed394dae1b8baa6e830f4d60f9,0xfbc74c72c71b4451ac9d6878bded1d4296036c3e6a3700e14f7cd2119614d970,0xbe1369722ce118053c2d04f154ff377fa20008e7129f687a7bcf68ac50a4f620
run_20260521_224941-0234,user-006,3.596,3.596,0.0,3.596,2026-05-23T01:42:36.674386Z,2026-05-23T02:02:36.674386Z,2026-05-23,0x73f7ba2758c26d68130b1163c151975821f4ffac3b1eee4d3799764784e557c3,0xa8920aa103a690a34f5e945063986ba732cd6148a7e9ea5bf7364e589df31d68,0xbe1369722ce118053c2d04f154ff377fa20008e7129f687a7bcf68ac50a4f620
run_20260521_224941-0235,user-003,-10.546,0.0,10.546,-10.546,2026-05-23T11:10:48.385207Z,2026-05-23T11:40:48.385207Z,2026-05-23,0xe0d38d3e7f50e513823b9cb97371cf2ccd82a9c727f87603aa738835de8b8ad8,0x6590e20cf6e773cbaa1141073bfad6e4926d388218a8d7bd398f2ee9ebf3d30e,0xbe1369722ce118053c2d04f154ff377fa20008e7129f687a7bcf68ac50a4f620
run_20260521_224941-0236,user-001,7.526,8.082,0.556,7.526,2026-05-23T10:41:55.510177Z,2026-05-23T11:56:55.510177Z,2026-05-23,0x54f083010b0412331f46f365b9d983e410ab2c7bde50e534d063a8c8371493e3,0x16b3317ba15632bacf5ab4fc03769733c08f3b0f97a2498ee64ef4aa1d08e437,0xbe1369722ce118053c2d04f154ff377fa20008e7129f687a7bcf68ac50a4f620
run_20260521_224941-0237,user-001,13.721,13.721,0.0,13.721,2026-05-23T03:33:00.100782Z,2026-05-23T04:48:00.100782Z,2026-05-23,0xb2e1dc5b4ae853474371874f4d39bdd1a3a9925860561a86a8e692e0aae95128,0xa1d3d405d726e28cb4f2dd76fc49f08a228eb7ccfe4eff5c687cfe70a3f12e19,0xbe1369722ce118053c2d04f154ff377fa20008e7129f687a7bcf68ac50a4f620
run_20260521_224941-0238,user-006,-3.326,0.0,3.326,-3.326,2026-05-23T00:58:31.869145Z,2026-05-23T01:28:31.869145Z,2026-05-23,0x57261b2cc4de6c76c15bcfbe3feede4deec936561bef0b20496d8a99252371a3,0x3eb6def3c6b1ad43e3d8f75188dcdb8945338b031a6aa43498e630c43491b033,0xbe1369722ce118053c2d04f154ff377fa20008e7129f687a7bcf68ac50a4f620
run_20260521_224941-0239,user-006,0.247,11.144,10.897,0.247,2026-05-23T05:23:20.134524Z,2026-05-23T06:23:20.134524Z,2026-05-23,0x77ce37f4243cf66999504189395617c73860f457e31a19e9b87e835d26329d29,0x25f6da0e513c2676c8403771dcce40fb1dc36c408b74f200bed80d77fabbb1de,0xbe1369722ce118053c2d04f154ff377fa20008e7129f687a7bcf68ac50a4f620
run_20260521_224941-0240,user-001,26.458,26.458,0.0,26.458,2026-05-23T10:44:42.278527Z,2026-05-23T11:59:42.278527Z,2026-05-23,0x299bd7242ae874f15105df3145e5eee2e4b0bebee9ba4d5b5f21011d39c5057d,0xee4d1efad5f2a624e28d64189a4de01c24cc523aee3c67887d47c2ffbcd95a41,0xbe1369722ce118053c2d04f154ff377fa20008e7129f687a7bcf68ac50a4f620
run_20260521_224941-0241,user-003,27.913,27.913,0.0,27.913,2026-05-23T19:41:01.856110Z,2026-05-23T20:56:01.856110Z,2026-05-23,0xce86b6e1c9813b152a2a8fff497513b56ac005b72f9a42711e303c9ac3eecba0,0x9e5ec9018d9e6f1a0e2dd4105727ed5416b8e556431a030ce1decbe6034c8d0a,0xbe1369722ce118053c2d04f154ff377fa20008e7129f687a7bcf68ac50a4f620
run_20260521_224941-0242,user-005,14.753,14.753,0.0,14.753,2026-05-23T03:56:47.036199Z,2026-05-23T04:36:47.036199Z,2026-05-23,0xcdbb93046d9675e965dc41d543031d7a3eaa014b3870ae5498a9b4a5ea6adcf9,0xef6007175ac5b029c98b28f96a6474273a1b1eb3c7bb0535500395bb36c7f886,0xbe1369722ce118053c2d04f154ff377fa20008e7129f687a7bcf68ac50a4f620
run_20260521_224941-0243,user-006,15.541,19.099,3.558,15.541,2026-05-23T12:17:55.160985Z,2026-05-23T13:17:55.160985Z,2026-05-23,0xd2c8b7b055ff14a2f69098b2b8f9775dc35fb0beb04b0096fcb89185d36e4054,0xa553906b0f2e7f0f1941c4dd6fd2b4a2128f305f3eda421c60684c2a18213e69,0xbe1369722ce118053c2d04f154ff377fa20008e7129f687a7bcf68ac50a4f620
run_20260521_224941-0244,user-007,2.525,2.525,0.0,2.525,2026-05-23T23:26:40.662303Z,2026-05-23T23:46:40.662303Z,2026-05-23,0x6350068a0dfc171664cd0a548da6aaee56898fea3949711a02e5f8be528be1da,0x60309d10dd15f6c37de5c9463dbcd9de80c5c801c28c2a0bf53e8bffbccb48be,0xbe1369722ce118053c2d04f154ff377fa20008e7129f687a7bcf68ac50a4f620
run_20260521_224941-0245,user-009,27.822,27.822,0.0,27.822,2026-05-23T00:59:08.207728Z,2026-05-23T02:14:08.207728Z,2026-05-23,0xa49154d8e07c6bb6f6ebf80129525078248f3e066de01c828cc878af45aaf4ce,0x86e29bc91f26a7c9988f4eac9c747cc307ea1256697604f8dfa073ed077a59f9,0xbe1369722ce118053c2d04f154ff377fa20008e7129f687a7bcf68ac50a4f620
run_20260521_224941-0246,user-006,0.775,13.513,12.738,0.775,2026-05-23T01:50:48.791965Z,2026-05-23T03:05:48.791965Z,2026-05-23,0xb7eb3aa7bec59cd5db5bb543408139fa0f688bb85c737ff12febb09dc7df37a4,0x358e9cf8d01fe962b39db1c196c75a858ccfd8ac8c86f1eccf9f00e66f9ab789,0xbe1369722ce118053c2d04f154ff377fa20008e7129f687a7bcf68ac50a4f620
run_20260521_224941-0247,user-007,4.653,4.653,0.0,4.653,2026-05-23T11:27:15.378557Z,2026-05-23T12:07:15.378557Z,2026-05-23,0xd8456aecc5c7058e7cb7373a1543d1a84a288c28705ff19543964f410fd1ec8e,0x11d10b028faccb09987c1dbfaa6117c553c8e620790d2370034d4eb3ad519bed,0xbe1369722ce118053c2d04f154ff377fa20008e7129f687a7bcf68ac50a4f620
run_20260521_224941-0248,user-008,3.635,3.635,0.0,3.635,2026-05-23T05:36:09.791873Z,2026-05-23T05:56:09.791873Z,2026-05-23,0x2b08fa837b54e06f432c43e6c1affd20f902ef36b7b498a6a70c93da6f4e281d,0x14ec44ad472ec70f411c25d08ded7a98060ca340b06ff6c2cf93cf9426821ef4,0xbe1369722ce118053c2d04f154ff377fa20008e7129f687a7bcf68ac50a4f620
run_20260521_224941-0249,user-001,10.86,10.86,0.0,10.86,2026-05-23T14:58:57.418221Z,2026-05-23T15:28:57.418221Z,2026-05-23,0x8f732b04a1b88b4b53e8dec9f4bab4eb731479ce865524fee26a52fc519fc4d5,0xd0de29f693e1233d5350da16fb580272626bee81191592d56797bb33ecd4871c,0xbe1369722ce118053c2d04f154ff377fa20008e7129f687a7bcf68ac50a4f620
run_20260521_224941-0250,user-007,21.57,21.57,0.0,21.57,2026-05-23T05:51:50.427787Z,2026-05-23T06:51:50.427787Z,2026-05-23,0x1b2eeb51486d63d767197aff419ae2ee694551ef9c39d66d2005781661e4bf35,0x43376ae6d91fc85091c58fb4b26955326948e1ad8ff67b5fc1bc2fcfbebccd7f,0xbe1369722ce118053c2d04f154ff377fa20008e7129f687a7bcf68ac50a4f620
run_20260521_224941-0251,user-009,13.904,13.904,0.0,13.904,2026-05-23T14:22:11.537685Z,2026-05-23T15:02:11.537685Z,2026-05-23,0x8cd4db6ea8f349a3011c3a52d65cec467e059134fe1ac54bd6a8efa885815449,0x161781c75a71d1c07f42817328b009610a6520a20032d0cc8b75ff4036734185,0xbe1369722ce118053c2d04f154ff377fa20008e7129f687a7bcf68ac50a4f620
run_20260521_224941-0252,user-002,10.22,10.22,0.0,10.22,2026-05-23T09:21:59.906392Z,2026-05-23T10:21:59.906392Z,2026-05-23,0x7196f7a8f7f5f637db6b5ac0736800823c1af0d06ac893a833ba8ca06fdfc2cf,0x3eb0219a55bd653bd0d82ca9ef212ae399c5bc850666484065cd3bc36220ed79,0xbe1369722ce118053c2d04f154ff377fa20008e7129f687a7bcf68ac50a4f620
run_20260521_224941-0253,user-010,1.801,2.741,0.94,1.801,2026-05-23T19:54:56.678147Z,2026-05-23T20:14:56.678147Z,2026-05-23,0x356a0c8605ef74c7baf82583106480ab6af5fe45780e355351ce68071f9130c8,0xb692d0416f35d3e4901ea6462aff2597b37d6c11da21210f258b23d251ffdc4b,0xbe1369722ce118053c2d04f154ff377fa20008e7129f687a7bcf68ac50a4f620
run_20260521_224941-0254,user-002,13.771,13.771,0.0,13.771,2026-05-23T01:55:23.070816Z,2026-05-23T03:10:23.070816Z,2026-05-23,0x11416e1fa18ae083eb310857ca5d5b98be1630692fc378f8b4f8b51c23d535b9,0x754bee93f83ce96f6406ccc826f891158b09f4c761c4dc1a83267116062403d1,0xbe1369722ce118053c2d04f154ff377fa20008e7129f687a7bcf68ac50a4f620
run_20260521_224941-0255,user-009,14.06,14.06,0.0,14.06,2026-05-23T04:28:04.068994Z,2026-05-23T05:43:04.068994Z,2026-05-23,0x6787a5441e4b9cba564cd21f634ec8187c84981e6e46057906f2999492ff37c9,0x10125e7978abf2a49a5df5e55805f7e90d7da988148703d21d253b47c1805f77,0xbe1369722ce118053c2d04f154ff377fa20008e7129f687a7bcf68ac50a4f620
run_20260521_224941-0256,user-005,3.824,3.824,0.0,3.824,2026-05-23T18:01:30.542551Z,2026-05-23T18:21:30.542551Z,2026-05-23,0x3dc963b237642d258c48e2d57462fcfd57f240dd690ae37dc2d886e2dc6bf62d,0x61516bb729adcf9b9dfbe598440ac53efbde9236ea5e689e0ca888328abf9409,0xbe1369722ce118053c2d04f154ff377fa20008e7129f687a7bcf68ac50a4f620
run_20260521_224941-0257,user-003,5.679,5.679,0.0,5.679,2026-05-23T01:15:08.995377Z,2026-05-23T01:45:08.995377Z,2026-05-23,0x5788aeb61f8b191165a71f497a97fd5bc5ae5b6e0ba4eaecad2756e000cecaf4,0x32ae9d7c73099385364eb6bb8d45ebdf16eddcce25001d44b751d582e394882a,0xbe1369722ce118053c2d04f154ff377fa20008e7129f687a7bcf68ac50a4f620
run_20260521_224941-0258,user-002,3.473,12.5,9.027,3.473,2026-05-23T07:45:49.832411Z,2026-05-23T08:45:49.832411Z,2026-05-23,0x1592fafd8380ba74142d7076f7a7e410c822a9d73ceb74adef61f2fdaeef969c,0xeed710168862b9cc708fef23adcf25377eec38f329cda5a81948c554af4e48ce,0xbe1369722ce118053c2d04f154ff377fa20008e7129f687a7bcf68ac50a4f620
run_20260521_224941-0259,user-008,-7.385,0.0,7.385,-7.385,2026-05-23T01:25:53.857994Z,2026-05-23T01:45:53.857994Z,2026-05-23,0x68cbfe7b28f0a6c943350798e69485d3c044cbed2b3a111fa90b20d5aef091dc,0x7d59cd7b401d1aff9ba8f7cad82bf21ac4f0ebe422d85513b4eb8fa803a148bf,0xbe1369722ce118053c2d04f154ff377fa20008e7129f687a7bcf68ac50a4f620
run_20260521_224941-0260,user-001,10.247,16.239,5.992,10.247,2026-05-23T07:48:17.495578Z,2026-05-23T08:48:17.495578Z,2026-05-23,0xbaef591c732bf5fa2100ba784df062510bb0b0985d89092706f957afdcabb378,0x944833cc8b49a0ab40849b2140555c0c1376abbe4e0c1c6dc960aa4263c2d174,0xbe1369722ce118053c2d04f154ff377fa20008e7129f687a7bcf68ac50a4f620
run_20260521_224941-0261,user-004,4.734,4.734,0.0,4.734,2026-05-23T04:26:33.926618Z,2026-05-23T05:06:33.926618Z,2026-05-23,0xac20f52152a5746a15a14a16d0e0960e6d71ecee1a8af3ebc95415ecaf3e3349,0x0dbae309122533f6bc09f08af5ed977363664dca69608db50797b5ee3a0ef404,0xbe1369722ce118053c2d04f154ff377fa20008e7129f687a7bcf68ac50a4f620
run_20260521_224941-0262,user-008,20.89,24.608,3.718,20.89,2026-05-23T16:46:57.046662Z,2026-05-23T18:01:57.046662Z,2026-05-23,0xc4a56c7f41717c3bf1e5f160d385c3891974667e74440f4ccaaa2dcc6e2b1dc9,0xa9fb6b8e71747b7e53830a1009193a6f2fa4ba2cb21648cc3465db53d4c0c462,0xbe1369722ce118053c2d04f154ff377fa20008e7129f687a7bcf68ac50a4f620
run_20260521_224941-0263,user-009,-7.126,0.0,7.126,-7.126,2026-05-23T19:47:39.844593Z,2026-05-23T20:27:39.844593Z,2026-05-23,0xb512860592969760281489eb6704ab69e3a2c6dda9aca9797532432d305edd3d,0xd8d8ec6f63e06ed34f7bab25872b139da4e79d4e9cafbf9c5fcd9c80268c181d,0xbe1369722ce118053c2d04f154ff377fa20008e7129f687a7bcf68ac50a4f620
run_20260521_224941-0264,user-010,1.211,1.856,0.645,1.211,2026-05-23T10:15:50.513617Z,2026-05-23T10:35:50.513617Z,2026-05-23,0x44cef895df276580b13961c6c41a563035ea6de36553c714735357d891393a10,0x730b6d4885233a17a9450899e474bb38b43c5f4a068c06716e73228c76f9e5ca,0xbe1369722ce118053c2d04f154ff377fa20008e7129f687a7bcf68ac50a4f620
run_20260521_224941-0265,user-006,-13.94,0.0,13.94,-13.94,2026-05-23T06:02:01.828932Z,2026-05-23T07:17:01.828932Z,2026-05-23,0xf4bf620491d94cf00fd94ddfab117aee04cf95fe55a4a9452001d9b605e39f3d,0x5b4727589bec7ab0473b71dd41575d4a933086da6a1794ba4737e23075b8d03f,0xbe1369722ce118053c2d04f154ff377fa20008e7129f687a7bcf68ac50a4f620
run_20260521_224941-0266,user-007,0.0,5.919,5.919,0.0,2026-05-23T16:33:30.375533Z,2026-05-23T17:03:30.375533Z,2026-05-23,0x51640790871f6271f5d2f7321d6532c33e30ee4d1747a4c6d3af6fee99fbc7a7,0x8dc7bf139f5db8d1df8d9e1c47129d263d7031a6baf825015f7add4bd6be3958,0xbe1369722ce118053c2d04f154ff377fa20008e7129f687a7bcf68ac50a4f620
run_20260521_224941-0267,user-005,9.977,9.977,0.0,9.977,2026-05-23T10:49:05.688286Z,2026-05-23T11:19:05.688286Z,2026-05-23,0x23bbb32a36b42c87e37ea29351f4885545bc60e65d7c0ac46370bd67b113a628,0x0e1c4bbbdc9dbc70977e300582a0d6f58e297d83b220f4ac24e374172e7beb6a,0xbe1369722ce118053c2d04f154ff377fa20008e7129f687a7bcf68ac50a4f620
run_20260521_224941-0268,user-009,-3.813,0.0,3.813,-3.813,2026-05-23T18:31:56.102382Z,2026-05-23T18:51:56.102382Z,2026-05-23,0x8cf07272e3c61bf6d1fa7086d9fcb79902bababd92883d250fc611cdf40d2d1c,0x1f6489db7e73c7c6cbdddc4d34a6ec7955331ac6da25d9dfa68612e5dda9e381,0xbe1369722ce118053c2d04f154ff377fa20008e7129f687a7bcf68ac50a4f620
run_20260521_224941-0269,user-008,3.312,6.967,3.655,3.312,2026-05-23T11:08:27.456073Z,2026-05-23T12:08:27.456073Z,2026-05-23,0x23abf09a057d8c6cd5c4a93c5a3a810044cc1069207027ebe440f98f94cb969c,0xe73eef27b9b58cc197686f41b0e56bf568ae4a6f834a3bce672ee6d065e31959,0xbe1369722ce118053c2d04f154ff377fa20008e7129f687a7bcf68ac50a4f620
run_20260521_224941-0270,user-010,7.295,7.295,0.0,7.295,2026-05-23T04:36:05.525147Z,2026-05-23T05:16:05.525147Z,2026-05-23,0xb3efcdf71aeedc875f2239a9ddcd8af6fbb9074111f050536ac5c1effcde8677,0x5b7077fad13b7fc479040638afa4a96f85adf402a52c6b44784abc54394d64a7,0xbe1369722ce118053c2d04f154ff377fa20008e7129f687a7bcf68ac50a4f620
run_20260521_224941-0271,user-001,6.598,7.796,1.198,6.598,2026-05-23T20:19:54.300038Z,2026-05-23T21:34:54.300038Z,2026-05-23,0xeb835890751052ddd94f2117a7521ed0526ada0ab4e68bb59108d78131fcf13f,0x402dad72e664d780a84e472404ee18ac3718509be9a839891f9070ceb335d512,0xbe1369722ce118053c2d04f154ff377fa20008e7129f687a7bcf68ac50a4f620
run_20260521_224941-0272,user-002,3.763,3.763,0.0,3.763,2026-05-23T10:56:48.215473Z,2026-05-23T11:26:48.215473Z,2026-05-23,0xf68c9660d6d9ebcfaead69292658947c96311affdb2a06bf6fb7883b51730c26,0x60788bbb985e6b549633cbd2116e1276dffefdb21a41cc8952519246ff04f03e,0xbe1369722ce118053c2d04f154ff377fa20008e7129f687a7bcf68ac50a4f620
run_20260521_224941-0273,user-004,7.87,7.87,0.0,7.87,2026-05-23T12:55:23.887509Z,2026-05-23T13:15:23.887509Z,2026-05-23,0x7a9ef6bd854dbf7ac46c30dbe940af659ff070b27776ece7cbe58d7c1a726342,0xbcad70f39f52a48fc6a1fb318f21fa0097d2b623769cfb5ee925f80d24daad8b,0xbe1369722ce118053c2d04f154ff377fa20008e7129f687a7bcf68ac50a4f620
run_20260521_224941-0274,user-009,7.777,7.777,0.0,7.777,2026-05-23T11:28:51.971748Z,2026-05-23T12:08:51.971748Z,2026-05-23,0x48850bd8bc69a870107e5ef27dea53a06edf5abd835a0f5bf957be765eaab99a,0xdb00e3d8835fd129df39045a38f168132117b95e924f488b616099a4187d91da,0xbe1369722ce118053c2d04f154ff377fa20008e7129f687a7bcf68ac50a4f620
run_20260521_224941-0275,user-004,7.13,7.13,0.0,7.13,2026-05-23T23:46:08.460451Z,2026-05-24T00:06:08.460451Z,2026-05-23,0x4f23a7a19a1880d6ef101431c79f44bcde6b209aa790f0a91f8548f4cf8fc044,0xdf2e30743e0d06b9df3b84d97894d40a884508d1c1d79a3731dac3cf8fea2cb3,0xbe1369722ce118053c2d04f154ff377fa20008e7129f687a7bcf68ac50a4f620
run_20260521_224941-0276,user-006,-2.601,0.0,2.601,-2.601,2026-05-23T01:38:34.665018Z,2026-05-23T01:58:34.665018Z,2026-05-23,0x23f17a6dcf9664464fc1d5ce83c973ee2ca2b9ce6631d6c4657e6a9f41aec082,0xe67ff5c16d39ed4403ecfc2311e677ca56cdb12ad8c442b6f850bcd164a94b7f,0xbe1369722ce118053c2d04f154ff377fa20008e7129f687a7bcf68ac50a4f620
run_20260521_224941-0277,user-006,0.472,11.178,10.706,0.472,2026-05-23T04:39:02.607463Z,2026-05-23T05:39:02.607463Z,2026-05-23,0x710281032c3f7041a242136def2b50b87c11a6c283e31fd778a04367adf29893,0x1e8e4555b70efb43482c3ebec5d03e70d99ac0a9441cbbaae8c4584f3eb0000e,0xbe1369722ce118053c2d04f154ff377fa20008e7129f687a7bcf68ac50a4f620
run_20260521_224941-0278,user-002,10.655,10.655,0.0,10.655,2026-05-23T11:14:09.726019Z,2026-05-23T12:14:09.726019Z,2026-05-23,0xe8cf448efdb2fdd348a3c1aedc50828ee58610a2f2babd18b6b953b8a079dd7f,0x0b0c9d7509524001551aa5bc9c9b9314981586db5b62483dfba570135f523dac,0xbe1369722ce118053c2d04f154ff377fa20008e7129f687a7bcf68ac50a4f620
run_20260521_224941-0279,user-009,-7.397,0.0,7.397,-7.397,2026-05-23T20:17:03.037196Z,2026-05-23T20:57:03.037196Z,2026-05-23,0xe568033079040776335952dafb6ffb7972304059a300a17dd044ddfb8d881be7,0xff1d5eece35dd8924e0c46b78debb33f66445de5594698fde53b79bc4b6ae863,0xbe1369722ce118053c2d04f154ff377fa20008e7129f687a7bcf68ac50a4f620
run_20260521_224941-0280,user-007,27.927,27.927,0.0,27.927,2026-05-23T08:11:35.603284Z,2026-05-23T09:26:35.603284Z,2026-05-23,0xf45e63666287ef47d5533e83101c13b837bddb1afb0bb3390155b1ff5240f44a,0x062ecff55f5fbfb21ce7cc0eb5dcc291837ba2d7931e2dfd59662a325f3371a6,0xbe1369722ce118053c2d04f154ff377fa20008e7129f687a7bcf68ac50a4f620
run_20260521_224941-0281,user-002,2.565,2.565,0.0,2.565,2026-05-23T03:57:22.958555Z,2026-05-23T04:17:22.958555Z,2026-05-23,0xc570009a9d4f93c233d64d9e560559f14f3068126cdb6dc7fa10811a5fd6b745,0x93ad84fac6556fb263c7062d20e84a0a2fa89d8eb05dd716aeff3fb06d69f89a,0xbe1369722ce118053c2d04f154ff377fa20008e7129f687a7bcf68ac50a4f620
run_20260521_224941-0282,user-003,13.153,13.153,0.0,13.153,2026-05-23T10:34:52.211327Z,2026-05-23T11:49:52.211327Z,2026-05-23,0x725c9761a466ead8b58c92a7cbbc2d9992b5c548205e42ef082e90d4d8ecddfb,0x7b0b99b8cdab3fb6e27906f0098f3d68f5bfb9d43c21d4b60c3f12eefb2f36ec,0xbe1369722ce118053c2d04f154ff377fa20008e7129f687a7bcf68ac50a4f620
run_20260521_224941-0283,user-006,-21.831,0.0,21.831,-21.831,2026-05-23T14:05:13.539600Z,2026-05-23T15:05:13.539600Z,2026-05-23,0xc3bd8b255e5f32b89f559a9514f44cecd32cb7f3a2dbbd747e1d23f1882ce749,0x3d15e3d4c9821e7e7d285ff55e82b68cdc4b176d51059d931087090190285aa8,0xbe1369722ce118053c2d04f154ff377fa20008e7129f687a7bcf68ac50a4f620
run_20260521_224941-0284,user-005,0.449,2.987,2.538,0.449,2026-05-23T00:21:28.321653Z,2026-05-23T00:51:28.321653Z,2026-05-23,0xa30958d9057d926d30f50eaf32c71c7f9e28d23701669edf5abd82a1da4cdf5d,0xaf94a712b32b88dfd607cddb3bad59267c93839baf3de59cfbe063a826d7c013,0xbe1369722ce118053c2d04f154ff377fa20008e7129f687a7bcf68ac50a4f620
run_20260521_224941-0285,user-010,-0.287,3.258,3.545,-0.287,2026-05-23T17:59:12.363332Z,2026-05-23T18:39:12.363332Z,2026-05-23,0xe67b11ed0a696177c731ca318dae7185ecde66916660806b361b54c7876e9fde,0x839f3cf9478fefcda68bbbf71170eae3ebc146f0314326794be0a27f104f33a8,0xbe1369722ce118053c2d04f154ff377fa20008e7129f687a7bcf68ac50a4f620
run_20260521_224941-0286,user-010,-3.607,0.0,3.607,-3.607,2026-05-23T14:49:34.416053Z,2026-05-23T15:09:34.416053Z,2026-05-23,0xa83d9891715ac9ef1f92ab159081f867f0a1648930bd47ae85611cc6261c77e9,0x746d3da3161fad095409d828ff7faa0d4f7496caac59f709384c0ca7742aeed3,0xbe1369722ce118053c2d04f154ff377fa20008e7129f687a7bcf68ac50a4f620
run_20260521_224941-0287,user-001,-7.254,0.0,7.254,-7.254,2026-05-23T08:46:12.154298Z,2026-05-23T09:46:12.154298Z,2026-05-23,0xfcc7577dbc3a056145e559eaa464ba9b832cfea9afab05e01c1dc6b05aeaa5b2,0x9c915eb726ec6b5b33a9cd7c3feecf71271bd61cec8a273cec824f720e3f1170,0xbe1369722ce118053c2d04f154ff377fa20008e7129f687a7bcf68ac50a4f620
run_20260521_224941-0288,user-006,1.753,14.983,13.23,1.753,2026-05-23T22:00:08.102268Z,2026-05-23T23:15:08.102268Z,2026-05-23,0x1023116c31f30fef4d169f704bfe44058169d4b84ae34fe50f712f6f9a7c82b1,0xc749000ff7b6d22a0bdeea8b0389ad12be913a590835325060c421507c795f57,0xbe1369722ce118053c2d04f154ff377fa20008e7129f687a7bcf68ac50a4f620
run_20260521_224941-0289,user-006,7.835,7.835,0.0,7.835,2026-05-23T15:37:26.201168Z,2026-05-23T16:17:26.201168Z,2026-05-23,0xc860349747c8e6ad3f8cf3f497b456c09d08f41fc645dc5e884cb664da1d031b,0x4a7e2cdc49a46ce2ed39a2a1998671c8b60c18a5234ff372dd56d287b5531145,0xbe1369722ce118053c2d04f154ff377fa20008e7129f687a7bcf68ac50a4f620
run_20260521_224941-0290,user-002,2.473,2.473,0.0,2.473,2026-05-23T21:17:11.081596Z,2026-05-23T21:37:11.081596Z,2026-05-23,0x98ea63bdda8dc5a0614693d209fb611c4d78c572d09bc7252274ebb0d5643f2d,0x3539a5720daf0c40b1fb35cab2d92bc55a5008de570aa4a6841b99d06451badd,0xbe1369722ce118053c2d04f154ff377fa20008e7129f687a7bcf68ac50a4f620
run_20260521_224941-0291,user-008,11.436,11.436,0.0,11.436,2026-05-23T23:26:14.562851Z,2026-05-23T23:56:14.562851Z,2026-05-23,0x2be6c01aaf6fdaebf1f000a8e61b6b573ca2d8a6aafa95880ca49c734f51c5c8,0x139aa721264cafa9eb67b878786ae60f67dc34650522814b25f264d4b0abdbbf,0xbe1369722ce118053c2d04f154ff377fa20008e7129f687a7bcf68ac50a4f620
run_20260521_224941-0292,user-009,-0.169,1.711,1.88,-0.169,2026-05-23T22:56:23.154552Z,2026-05-23T23:26:23.154552Z,2026-05-23,0x3093ef4d9589658c934584883a7949b1f23019192db1cd90dcdfd089bc3e75bf,0x41d0bd7906e3c0c49d2cb20456b375886280aa870dad37fc43a13c15100ad626,0xbe1369722ce118053c2d04f154ff377fa20008e7129f687a7bcf68ac50a4f620
run_20260521_224941-0293,user-005,7.214,7.214,0.0,7.214,2026-05-23T03:09:55.737737Z,2026-05-23T04:09:55.737737Z,2026-05-23,0x91a8055aeac5df6ea1b41d5edb422e7f9f5b61cbb782931cb0d25c30c1edb737,0x8d3f05eb6e2524a951b468179152dec33835a4301a5f24d48924b4926033a89e,0xbe1369722ce118053c2d04f154ff377fa20008e7129f687a7bcf68ac50a4f620
run_20260521_224941-0294,user-003,7.354,7.354,0.0,7.354,2026-05-23T23:32:32.639728Z,2026-05-24T00:12:32.639728Z,2026-05-23,0xb7b9154965f592b94d2832586da06ce21e30cfbb48c47a8b07ea80bba55d418e,0xd82d557c78d67189b4164fae319dba83c2014e60b3879009a47c748b29e59e92,0xbe1369722ce118053c2d04f154ff377fa20008e7129f687a7bcf68ac50a4f620
run_20260521_224941-0295,user-004,-0.458,10.376,10.834,-0.458,2026-05-23T20:20:32.413182Z,2026-05-23T21:20:32.413182Z,2026-05-23,0x0df223504571284c0dfcfd7d0bf21b7fe9b92ca07132946281943c78dbb77a9e,0xd360be06d5a631103b64b5d97476bba6e2621f82877919f3716f59c9ac60258c,0xbe1369722ce118053c2d04f154ff377fa20008e7129f687a7bcf68ac50a4f620
run_20260521_224941-0296,user-003,-9.156,0.0,9.156,-9.156,2026-05-23T16:34:02.538572Z,2026-05-23T17:49:02.538572Z,2026-05-23,0x43561520669ad2e6a921e8362ca7d1f77bf8d89c7ee69e39e0c3419531e865aa,0xa51c70bec2abb7878e4110e9b5facd78c7b615714b27072bc0922de665091288,0xbe1369722ce118053c2d04f154ff377fa20008e7129f687a7bcf68ac50a4f620
run_20260521_224941-0297,user-005,2.182,2.784,0.602,2.182,2026-05-23T20:20:10.910381Z,2026-05-23T20:50:10.910381Z,2026-05-23,0x4fc9858ae5b1215cfc335d23523efaba6a9ec04dc6b840b61a6cf011a3ab59f0,0x668392f7d6b26fe7bd21d6b0a6e10877687e89c4a4b6c4615a06710707a1b420,0xbe1369722ce118053c2d04f154ff377fa20008e7129f687a7bcf68ac50a4f620
run_20260521_224941-0298,user-009,22.608,22.608,0.0,22.608,2026-05-23T03:40:33.656413Z,2026-05-23T04:40:33.656413Z,2026-05-23,0x6cfcce4bbf0b4f92a958aded099c08672633940f255f0cbbd224a602d4a4adea,0x61e597197aa2842db5fd7c64d5890c1409b6263603f2e2082f128cc5bf432701,0xbe1369722ce118053c2d04f154ff377fa20008e7129f687a7bcf68ac50a4f620
run_20260521_224941-0299,user-008,-21.143,0.0,21.143,-21.143,2026-05-23T03:10:20.054172Z,2026-05-23T04:10:20.054172Z,2026-05-23,0xab5cce832ecdd5b578a3bc5f5d44dfa06a2e3e66e094b6e469a0368b9c203ce2,0xa9c5829a0401fa39aa0c2f019c10adcebbb9028bb59e57ba627e94c7c1230ef0,0xbe1369722ce118053c2d04f154ff377fa20008e7129f687a7bcf68ac50a4f620
run_20260521_224941-0300,user-001,11.1,11.1,0.0,11.1,2026-05-23T02:54:59.813335Z,2026-05-23T03:24:59.813335Z,2026-05-23,0x309646d62da9e165fb01d908b530a35389479d196e60ce07b97b1b8b4e75035a,0x421a3fb3ac708efaf0b9976ee4ae9c12a0e071fe96d9045db540c17aed6c27ae,0xbe1369722ce118053c2d04f154ff377fa20008e7129f687a7bcf68ac50a4f620
run_20260521_224941-0301,user-005,11.723,11.723,0.0,11.723,2026-05-23T12:54:39.605034Z,2026-05-23T13:54:39.605034Z,2026-05-23,0x14941f3f929dc40cfc90795115968f8255556310a4d227440eff411af24e8242,0xb1dc58eb092b7e7df6b36931973d2c9605bd0d196a7181dbc438270fb12a9baa,0xbe1369722ce118053c2d04f154ff377fa20008e7129f687a7bcf68ac50a4f620
run_20260521_224941-0302,user-004,-3.669,0.0,3.669,-3.669,2026-05-23T02:48:07.814148Z,2026-05-23T03:08:07.814148Z,2026-05-23,0xb277aa505702b17db73d588d5d07f9528021438e26c1c3610eafeb3bd0459161,0x644022f8e10b986d21fb24ed10e09f932a37756c559d400ebf4516489e80ab55,0xbe1369722ce118053c2d04f154ff377fa20008e7129f687a7bcf68ac50a4f620
run_20260521_224941-0303,user-006,21.706,21.706,0.0,21.706,2026-05-23T21:56:09.514595Z,2026-05-23T22:56:09.514595Z,2026-05-23,0x2de09243a96b38a78eae311a0a609ce31a59cdb877fc1ce16de82dc318a76976,0x17ad08851e41fe78c1e7e51788c926a5d65eb1f9abb3f779d1903b30f37ebeee,0xbe1369722ce118053c2d04f154ff377fa20008e7129f687a7bcf68ac50a4f620
run_20260521_224941-0304,user-008,3.526,3.526,0.0,3.526,2026-05-23T17:03:09.361565Z,2026-05-23T17:33:09.361565Z,2026-05-23,0x290d70a332cf8b5dc63964efd271c7931989d166ec595928f048d19f05121b45,0xc1c0d30417b622eaebed210b236e3a9f5c701dbea990f7f9e0ec5d4b60a7d0c1,0xbe1369722ce118053c2d04f154ff377fa20008e7129f687a7bcf68ac50a4f620
run_20260521_224941-0305,user-004,-11.512,0.0,11.512,-11.512,2026-05-23T09:51:02.294931Z,2026-05-23T10:51:02.294931Z,2026-05-23,0x25fe8792056d2c73b4e6a969ada6538917834167e8a32f490b88a87a2bcc71ba,0xcf65a88ad33e06adf432a864b64312878b813954ca2aad1c76db2bb6387b0702,0xbe1369722ce118053c2d04f154ff377fa20008e7129f687a7bcf68ac50a4f620
run_20260521_224941-0306,user-006,-2.39,0.0,2.39,-2.39,2026-05-23T01:53:38.762070Z,2026-05-23T02:13:38.762070Z,2026-05-23,0x2116d710957a58edc474f05c7cd86bc9436e651a3f1fb3a932d9274a5dff31c2,0x9fad3286a7a08277c8ec5a285618aff8a5df335ba411434c9b1b03721da25f10,0xbe1369722ce118053c2d04f154ff377fa20008e7129f687a7bcf68ac50a4f620
run_20260521_224941-0307,user-008,1.282,3.118,1.836,1.282,2026-05-23T05:59:57.472500Z,2026-05-23T06:39:57.472500Z,2026-05-23,0x17fd5c35815fb5b832332ffeee68b72f5509de1d2b87d4ebab5dbe2ef757c3db,0xfd700c9be8048643c82a3da0fa66cac8bd772a29e0f661a87c95387be3669cfb,0xbe1369722ce118053c2d04f154ff377fa20008e7129f687a7bcf68ac50a4f620
run_20260521_224941-0308,user-004,6.17,7.35,1.18,6.17,2026-05-23T07:17:00.331429Z,2026-05-23T08:32:00.331429Z,2026-05-23,0xb3499742d1e187ec11e890502b2551753ccc63664c5105d0d2a28a6e231b9640,0x82372b01f78146557c7450b7b90e60f2cb0b18e602aa892d978f2ff70980c55e,0xbe1369722ce118053c2d04f154ff377fa20008e7129f687a7bcf68ac50a4f620
run_20260521_224941-0309,user-001,20.982,20.982,0.0,20.982,2026-05-23T21:08:46.903580Z,2026-05-23T22:08:46.903580Z,2026-05-23,0xc10c57b43c2d49533e3fa4807248a65d037e29af5c27c23ddb5427b247ff9e4b,0x2affe83e833ec29f58460a028c804dc8bb26184dcf802767844ed230c43b15a5,0xbe1369722ce118053c2d04f154ff377fa20008e7129f687a7bcf68ac50a4f620
run_20260521_224941-0310,user-001,-6.858,0.0,6.858,-6.858,2026-05-23T21:15:04.503681Z,2026-05-23T21:55:04.503681Z,2026-05-23,0x6fff926612832c4ac88b1523c3c06d7552e7ad8e1daf334fd0d409a478f58693,0x01f8d7a4bffe1dcde2df25bf49a6422011c0b7028d5a65a26978747496f39121,0xbe1369722ce118053c2d04f154ff377fa20008e7129f687a7bcf68ac50a4f620
run_20260521_224941-0311,user-008,13.608,13.608,0.0,13.608,2026-05-23T02:34:26.160565Z,2026-05-23T03:49:26.160565Z,2026-05-23,0x7ae31cecb47f16af61d2d09354c8c19548da330ba071bae37387b747b1f7eb22,0xf8e616c897957a2b1f43f2608877f4430e5dd790ee1b31de9270964be2dbd280,0xbe1369722ce118053c2d04f154ff377fa20008e7129f687a7bcf68ac50a4f620
run_20260521_224941-0312,user-009,-27.082,0.0,27.082,-27.082,2026-05-23T03:45:56.141046Z,2026-05-23T05:00:56.141046Z,2026-05-23,0x1eeed3d864d137d576048a5bd56b2f2297e8bcf30276f33793db611583cd9e32,0x417ca3878a4d5c09d466226c73a21476de034080082f0d882780656caddec630,0xbe1369722ce118053c2d04f154ff377fa20008e7129f687a7bcf68ac50a4f620
run_20260521_224941-0313,user-008,-3.423,0.0,3.423,-3.423,2026-05-23T02:15:51.818826Z,2026-05-23T02:45:51.818826Z,2026-05-23,0xe7ce86787b05d0db80263d6bd42614115916b1ac1d6c5fd67c54c5e25da1d6f2,0x31183ab2e69528663fe97b0b602f984c2d1ffaaddd9db0325bd8d4075f43d4a2,0xbe1369722ce118053c2d04f154ff377fa20008e7129f687a7bcf68ac50a4f620
run_20260521_224941-0314,user-001,8.115,8.629,0.514,8.115,2026-05-23T12:57:30.569323Z,2026-05-23T14:12:30.569323Z,2026-05-23,0xa05e44c82e1610a9e5edd8a9d3f4f81e24676c5dd399151481ac767d6fa9d69e,0x7cfc2756726a09e72a2e0fbf25b4e3ef7e89ea92b1ff22601e8064094156578d,0xbe1369722ce118053c2d04f154ff377fa20008e7129f687a7bcf68ac50a4f620
run_20260521_224941-0315,user-003,2.271,2.271,0.0,2.271,2026-05-23T20:12:12.344322Z,2026-05-23T20:32:12.344322Z,2026-05-23,0x520fbb76b473c8e9a262847da1fab3167af29d06961fc2067c1d76dde081ed42,0xf515eec84438fa4c91d56692d661a723fa9284e04004b7606f228fce2095c383,0xbe1369722ce118053c2d04f154ff377fa20008e7129f687a7bcf68ac50a4f620
run_20260521_224941-0316,user-005,-3.635,0.0,3.635,-3.635,2026-05-23T10:12:19.233756Z,2026-05-23T10:42:19.233756Z,2026-05-23,0x198b47670aae62fb30a2e69963383da36c8cd9b013e125a996ec18c0c2f2f674,0x682e6dbf9b468e1ecd08f15c9cb4a6159707f69f0f89a9f959eed40db99f0239,0xbe1369722ce118053c2d04f154ff377fa20008e7129f687a7bcf68ac50a4f620
run_20260521_224941-0317,user-003,26.536,26.536,0.0,26.536,2026-05-23T07:04:15.855906Z,2026-05-23T08:19:15.855906Z,2026-05-23,0x6354487ec7ad43534410b920690e9c1acbd8177bb332b3002d29ba7109bd8f05,0xa849ca76d2b32e1362da04704cf4597b3b6efd376b5d182f2cdff0e473fffefc,0xbe1369722ce118053c2d04f154ff377fa20008e7129f687a7bcf68ac50a4f620
run_20260521_224941-0318,user-004,13.841,13.841,0.0,13.841,2026-05-23T20:32:02.446522Z,2026-05-23T21:47:02.446522Z,2026-05-23,0xd7a411647b3f40e7f8f7999c60be15eb14a5c4c4e872de5eeb321e9e8ff38855,0xba57a26e4ecfd4846d74d04c3005acbcc2a162d0b03a95d2db99c7eb51e9148c,0xbe1369722ce118053c2d04f154ff377fa20008e7129f687a7bcf68ac50a4f620
run_20260521_224941-0319,user-002,3.482,3.482,0.0,3.482,2026-05-23T16:09:44.855475Z,2026-05-23T16:29:44.855475Z,2026-05-23,0xdf71162b66250e85052a53867138167e36d2e84dbc7e1cca7add1380c2507ec7,0x57ec9b77e2851fb08d650e2f62b300967ca99e610d4ef4d3d18b3ee9e13eadfd,0xbe1369722ce118053c2d04f154ff377fa20008e7129f687a7bcf68ac50a4f620
run_20260521_224941-0320,user-010,21.399,21.399,0.0,21.399,2026-05-23T13:38:08.769804Z,2026-05-23T14:38:08.769804Z,2026-05-23,0x8e81e59d9ea59527c7b6b8d9d06c5fca562f477df19852f65a9f4800dadce3a4,0x42760f14f4a994148120c582bad782b116a70a57859c0431d0e5999954a944e0,0xbe1369722ce118053c2d04f154ff377fa20008e7129f687a7bcf68ac50a4f620
run_20260521_224941-0321,user-010,11.074,11.074,0.0,11.074,2026-05-23T05:28:15.932066Z,2026-05-23T06:28:15.932066Z,2026-05-23,0x0d0e19b6f7e1cf965a3d68dffc8adaa18eda32bf27853ae078aa926386b9879f,0x737ad6c0f2957f690e474fa39a57128acb7508431f695d61f2b8585650743459,0xbe1369722ce118053c2d04f154ff377fa20008e7129f687a7bcf68ac50a4f620
run_20260521_224941-0322,user-005,7.064,7.064,0.0,7.064,2026-05-23T10:17:48.118361Z,2026-05-23T10:57:48.118361Z,2026-05-23,0x647e9a54b3f461053b3dc81850bb4f7bc41c52ddd58ccbb0b7fea6721c875026,0x6d0a7be72f77a05b36cbf647a6d23b8aab6191a7faac25e1b17c64861f7ec656,0xbe1369722ce118053c2d04f154ff377fa20008e7129f687a7bcf68ac50a4f620
run_20260521_224941-0323,user-009,4.746,4.746,0.0,4.746,2026-05-23T04:17:06.916294Z,2026-05-23T04:57:06.916294Z,2026-05-23,0xf55e978b7bafe9d8ea507044157382f76830ab287821da585a1c14a5e05098e0,0xccd420d76341c93832023641b5599325c0dc092b49a5e82568ce2ed5d6cc9bd3,0xbe1369722ce118053c2d04f154ff377fa20008e7129f687a7bcf68ac50a4f620
run_20260521_224941-0324,user-009,3.547,5.508,1.961,3.547,2026-05-23T14:45:10.987015Z,2026-05-23T15:25:10.987015Z,2026-05-23,0x4225ec739e656b5d3b5672bfcbd293394766f690fa37fb29e2266b8e3bb42b1f,0x41a3c5ae0cad475267213df9ed9cacd7fa2f89e38c3128d4ce98ebdd645c0a99,0xbe1369722ce118053c2d04f154ff377fa20008e7129f687a7bcf68ac50a4f620
run_20260521_224941-0325,user-010,8.79,8.79,0.0,8.79,2026-05-23T01:39:21.128523Z,2026-05-23T02:54:21.128523Z,2026-05-23,0xd5d0ee75acb4bb5ab89d91e6ce57443f11f03066e1ee53c5db2bf5f488361e78,0x6b3076eea911a6c228b1450caece652db7f8f3d44df359fdb7d804e5f851b426,0xbe1369722ce118053c2d04f154ff377fa20008e7129f687a7bcf68ac50a4f620
run_20260521_224941-0326,user-003,14.065,14.065,0.0,14.065,2026-05-23T06:27:31.975438Z,2026-05-23T07:42:31.975438Z,2026-05-23,0x356f67d3f2c3027eef7fb8422cd3c82685dfd3215a2e5f6f089013ffd67a0298,0x8e1bb58488af44788fdee8f18dd7dcec3c223f15a413a5c8f7600498a687e357,0xbe1369722ce118053c2d04f154ff377fa20008e7129f687a7bcf68ac50a4f620
run_20260521_224941-0327,user-006,1.877,4.52,2.643,1.877,2026-05-23T13:52:44.208342Z,2026-05-23T14:32:44.208342Z,2026-05-23,0xd130299cf918517c540e73428f74d9efae27a442e74179371d2149eec07bfc8b,0x0a5209387777c8e466dcb8f38267af55aae33c13470de7d94c5885907a5d6661,0xbe1369722ce118053c2d04f154ff377fa20008e7129f687a7bcf68ac50a4f620
run_20260521_224941-0328,user-005,4.966,9.417,4.451,4.966,2026-05-23T17:56:02.795806Z,2026-05-23T19:11:02.795806Z,2026-05-23,0x377693f9c0fa59c71623956058229c75822c38a9d7134f993aa26d41c7b1ef3c,0x89dc984e0f241b753db9bbd071a268a1fc01b226df70f8687ff22ee512fb4beb,0xbe1369722ce118053c2d04f154ff377fa20008e7129f687a7bcf68ac50a4f620
run_20260521_224941-0329,user-007,22.599,22.599,0.0,22.599,2026-05-23T18:16:21.341261Z,2026-05-23T19:16:21.341261Z,2026-05-23,0x5178647074d00adfbd0755bf71833726b13edd361a2d59c851c5d859999ab98e,0xed71515a334ec42a98c908484a385eccabd3b2aaa19ff9c7870593e1d7966af3,0xbe1369722ce118053c2d04f154ff377fa20008e7129f687a7bcf68ac50a4f620
run_20260521_224941-0330,user-005,1.985,4.49,2.505,1.985,2026-05-23T20:29:59.054605Z,2026-05-23T21:29:59.054605Z,2026-05-23,0xe7d8514e140d6f3ded3c6ad536e647b76f4306d744c79d94df9afee9d2d1dac5,0x432f2d01db7c1164975539bd82db3629293a681f165a792e11ddeb9eb0da86c7,0xbe1369722ce118053c2d04f154ff377fa20008e7129f687a7bcf68ac50a4f620
run_20260521_224941-0331,user-008,10.148,10.148,0.0,10.148,2026-05-23T05:25:39.752278Z,2026-05-23T05:55:39.752278Z,2026-05-23,0x78e59975050540106f3b48bb030b7c87301e91bbe1a9ff0fde3928fec7645c61,0x69ae56a5c70a4303cd52106edff0d8e0f8765b3e6435518b3ea399cb8cb99a08,0xbe1369722ce118053c2d04f154ff377fa20008e7129f687a7bcf68ac50a4f620
run_20260521_224941-0332,user-002,5.9,8.527,2.627,5.9,2026-05-23T11:22:37.167597Z,2026-05-23T12:22:37.167597Z,2026-05-23,0x0187aeff963733e0dd09637b59e06a3eb3aa26811f2dd57fe4e4aefc772f21a0,0x8d2e24f81554e6b1f8b7cd12921a93aabec3ac1cae89ed5a3db6ea4352d43136,0xbe1369722ce118053c2d04f154ff377fa20008e7129f687a7bcf68ac50a4f620
run_20260521_224941-0333,user-003,0.539,2.959,2.42,0.539,2026-05-23T02:28:45.459137Z,2026-05-23T02:58:45.459137Z,2026-05-23,0xaf663559beed0e239b826929f740dd8e83a1d9583b480b0b8b13a5209c3c3e17,0x6af6f0b7a2c7a80aeb9db6736aec1ae9fdd9e288ab63326c5fb7d8f47e12bb53,0xbe1369722ce118053c2d04f154ff377fa20008e7129f687a7bcf68ac50a4f620
run_20260521_224941-0334,user-005,-10.975,0.0,10.975,-10.975,2026-05-23T05:19:58.045895Z,2026-05-23T06:19:58.045895Z,2026-05-23,0x0525aeddfa67426ad0fb8da80b35152a805e94a1496e2a1f57efd395aa8838e7,0x36d4cad40c5f53ba0e3cc1b3e10ccbd92a54813fc8e6e2429fa57c2b8db459c6,0xbe1369722ce118053c2d04f154ff377fa20008e7129f687a7bcf68ac50a4f620
run_20260521_224941-0335,user-005,2.45,2.45,0.0,2.45,2026-05-23T21:30:15.993182Z,2026-05-23T21:50:15.993182Z,2026-05-23,0x30c34c4205d0b63e7fd9cb28e6069f6b4278cfc58b9564f5e262331b1cdf02b6,0xcb2905cc0f9e4d389d48e663861b58fc731d3452bede37c2c76afe8e86d5d23e,0xbe1369722ce118053c2d04f154ff377fa20008e7129f687a7bcf68ac50a4f620
run_20260521_224941-0336,user-007,6.954,6.954,0.0,6.954,2026-05-23T17:35:19.888032Z,2026-05-23T18:15:19.888032Z,2026-05-23,0xeb4f332539734796c7341c7e8e4b6801c4312705cb4caa87b6a770297f6b5f01,0x722236badf803cd2d010b2ea58b9790fee5f457ec2a3790b834bc1459429d8e3,0xbe1369722ce118053c2d04f154ff377fa20008e7129f687a7bcf68ac50a4f620
run_20260521_224941-0337,user-008,-14.036,0.0,14.036,-14.036,2026-05-23T21:04:28.004615Z,2026-05-23T22:19:28.004615Z,2026-05-23,0x6cae5b4af30459cf6fa03c2fd4a5238b298a40e154fce3d80cc255706889d0d4,0xb2d653d68ed03342a32f6b3342d91fed0a7a4186f1c78d28dc46f3d7f8e35b06,0xbe1369722ce118053c2d04f154ff377fa20008e7129f687a7bcf68ac50a4f620
run_20260521_224941-0338,user-006,18.133,20.148,2.015,18.133,2026-05-23T12:18:26.093962Z,2026-05-23T13:18:26.093962Z,2026-05-23,0x42c30b3f7b0433c3858430d2691cad0e61d0ac7ee27a673142231ded431c60b9,0xde2cb4b67f0fdf00fe3f2a50bd9c34261bf66ccc4ddf11b2085691cbf88182f8,0xbe1369722ce118053c2d04f154ff377fa20008e7129f687a7bcf68ac50a4f620
run_20260521_224941-0339,user-002,14.314,14.314,0.0,14.314,2026-05-23T18:54:11.005621Z,2026-05-23T20:09:11.005621Z,2026-05-23,0xac7b0687c1c1371dc9bceca75e624a1427d13f0894a5d3db27e4c74f73fa92b2,0xc8519e91d6355387f96a3b9f4a8523304fdbcfa7386d3bbb238fb5a9f14348bb,0xbe1369722ce118053c2d04f154ff377fa20008e7129f687a7bcf68ac50a4f620
run_20260521_224941-0340,user-010,2.331,2.331,0.0,2.331,2026-05-23T22:26:54.062036Z,2026-05-23T22:46:54.062036Z,2026-05-23,0xdf5b5cb8076f8d66972385f66979e091385f3259a3da102146b3fa352e363812,0xbd04b35579ae8c63525bb770fded02788a1dcc6e1055089fc905752c7325046d,0xbe1369722ce118053c2d04f154ff377fa20008e7129f687a7bcf68ac50a4f620
run_20260521_224941-0341,user-010,4.618,4.618,0.0,4.618,2026-05-23T10:52:55.553582Z,2026-05-23T11:32:55.553582Z,2026-05-23,0xdd132f0bfecfcc6b087748a665bff39694c3d3d7e7671ad5dbd65063a85bb4ef,0x6c19a04d925e80a6bb29f54b73f9fa8d92ff7b61a3d594f5ce6c32f0bc138788,0xbe1369722ce118053c2d04f154ff377fa20008e7129f687a7bcf68ac50a4f620
run_20260521_224941-0342,user-010,3.59,3.59,0.0,3.59,2026-05-23T14:57:22.276754Z,2026-05-23T15:27:22.276754Z,2026-05-23,0x1874c24816a3a8e897c8dfc97ee897d0c58d758b7d8d11f8bf2b6d0349f24ab1,0xdd54c8f5881c9edf8a97fdf11a9413c56d6a3e8cfbff1e16c01c60878405f148,0xbe1369722ce118053c2d04f154ff377fa20008e7129f687a7bcf68ac50a4f620
run_20260521_224941-0343,user-003,14.379,14.379,0.0,14.379,2026-05-23T19:02:07.757114Z,2026-05-23T19:42:07.757114Z,2026-05-23,0xf45aa2e03fd85b1914909b5086e54f7138a328ba5abc0f4559c01a9c8f24a530,0xc158e38d91a83853396a86a6803ea292fcf86a736e6d191a239692357aded227,0xbe1369722ce118053c2d04f154ff377fa20008e7129f687a7bcf68ac50a4f620
run_20260521_224941-0344,user-004,9.321,9.321,0.0,9.321,2026-05-23T19:22:39.592734Z,2026-05-23T20:37:39.592734Z,2026-05-23,0xd9b447338da869d22599ca128560d033642b3fb10aa7eabeb9cb881c8d8c4164,0x74880e0358d3962fc0456e0fa91d374653882852c9161c8365d72b1c59dd045c,0xbe1369722ce118053c2d04f154ff377fa20008e7129f687a7bcf68ac50a4f620
run_20260521_224941-0345,user-007,12.164,13.124,0.96,12.164,2026-05-23T17:57:00.614232Z,2026-05-23T19:12:00.614232Z,2026-05-23,0x10eae27f6f88e381f1a753860f5daf088a13ad2e42b561fe28da45ec54617184,0x7b77d744a8ef627427b54957a03697ac1d09689e1a87a1c75c41a67f416be08a,0xbe1369722ce118053c2d04f154ff377fa20008e7129f687a7bcf68ac50a4f620
run_20260521_224941-0346,user-010,1.186,4.157,2.971,1.186,2026-05-23T12:21:27.173346Z,2026-05-23T13:21:27.173346Z,2026-05-23,0x289b37343e8b73976f3d9398fa9b7b3e1eead9d11c8779887ba88763f3f6ad48,0x62bda52c0191a9bcdea06819b7ecdb34b46665530d662f825fb88483bdf42160,0xbe1369722ce118053c2d04f154ff377fa20008e7129f687a7bcf68ac50a4f620
run_20260521_224941-0347,user-005,8.951,8.951,0.0,8.951,2026-05-23T09:29:45.851082Z,2026-05-23T10:44:45.851082Z,2026-05-23,0x8dd0434965004f978e89e6b3b69825d317643fc2679072633ba45b49afc3fe50,0xf71ae5e6ffddb93e16b1a838f2623f1114fe9ab5d05acb6bbdff2b234ebd853b,0xbe1369722ce118053c2d04f154ff377fa20008e7129f687a7bcf68ac50a4f620
run_20260521_224941-0348,user-001,2.295,2.295,0.0,2.295,2026-05-23T13:57:24.511870Z,2026-05-23T14:17:24.511870Z,2026-05-23,0x58f1c1274b8a14fc2b256847408bb98265e683ccdb5e74b5a96870ee5a2434e1,0x7ceee4a5bd69b615771ace0a741201f747f549261cc2ff17d2b31a1cd042a36c,0xbe1369722ce118053c2d04f154ff377fa20008e7129f687a7bcf68ac50a4f620
run_20260521_224941-0349,user-004,7.575,7.575,0.0,7.575,2026-05-23T21:59:20.892332Z,2026-05-23T22:19:20.892332Z,2026-05-23,0x7f52403faaf48410b0b60802587972fd40e00b7eaf328d185df5c8beddb1ba1d,0xcb1c34c664d326024e8252477d1d4e51122829fa30389c2012577b444c0507c6,0xbe1369722ce118053c2d04f154ff377fa20008e7129f687a7bcf68ac50a4f620
run_20260521_224941-0350,user-003,28.218,28.218,0.0,28.218,2026-05-23T07:06:14.492245Z,2026-05-23T08:21:14.492245Z,2026-05-23,0xf87db4546098f476430c653af66fea476b8ed7cb9047409e6ff7111b7a5cc0be,0x9da07bc889a9889022cbc1c03ce89e18404c869a1d9e75b13bc58e0fa2d8a021,0xbe1369722ce118053c2d04f154ff377fa20008e7129f687a7bcf68ac50a4f620
run_20260521_224941-0351,user-002,14.106,14.106,0.0,14.106,2026-05-23T09:05:32.669683Z,2026-05-23T09:45:32.669683Z,2026-05-23,0xa1f313eb1a013a444e99f7e2f9fec36f889812cfe0f882d64cb66d6adb9954c1,0x81028ddb1749d6bf328e6596def6e2f6b91d0fd3b806a9874f5a1bb788dd8907,0xbe1369722ce118053c2d04f154ff377fa20008e7129f687a7bcf68ac50a4f620
run_20260521_224941-0352,user-004,4.436,4.436,0.0,4.436,2026-05-23T20:39:41.738260Z,2026-05-23T21:19:41.738260Z,2026-05-23,0x69f90b062fec180e672bf51f5f0d90ed7491809bee45fbf3bafa869929ed7cb9,0x74ca0efeab72ed06167139f0da785bda48bce2d398e39afc3a841366ffcf32f4,0xbe1369722ce118053c2d04f154ff377fa20008e7129f687a7bcf68ac50a4f620
run_20260521_224941-0353,user-001,6.821,6.821,0.0,6.821,2026-05-23T22:27:44.902843Z,2026-05-23T23:07:44.902843Z,2026-05-23,0x854abb0fd50b7d41fe81570cc2a751b0a034d5168350598dac6bbe8c75427c8c,0x922c3ef1befe0d842fcbb8c368d969a94e01de5df258b71025d9d14a627649bd,0xbe1369722ce118053c2d04f154ff377fa20008e7129f687a7bcf68ac50a4f620
run_20260521_224941-0354,user-002,4.936,6.182,1.246,4.936,2026-05-23T19:27:46.250480Z,2026-05-23T20:27:46.250480Z,2026-05-23,0xf442cedbb390306c7964c5722f7f5fb260adef66faa63a885a66dabe70a44152,0xd35e677bb911572df8024e1065ceeed03955800da02a4ea04b56888f15f7aa5a,0xbe1369722ce118053c2d04f154ff377fa20008e7129f687a7bcf68ac50a4f620
run_20260521_224941-0355,user-001,2.396,2.396,0.0,2.396,2026-05-23T16:59:12.948725Z,2026-05-23T17:19:12.948725Z,2026-05-23,0xdd3851d5a100f394faf7d2763b0d81c64d2e0c4c850a7483f1df632a6fccb85b,0x8514685e46b6927f063c4175d6804de913ea2ef65d0c5538ab29c8cade500f1a,0xbe1369722ce118053c2d04f154ff377fa20008e7129f687a7bcf68ac50a4f620
run_20260521_224941-0356,user-008,-28.039,0.0,28.039,-28.039,2026-05-23T09:44:33.933163Z,2026-05-23T10:59:33.933163Z,2026-05-23,0x604e35a12395d762aed9b72ad9d336dd2a60fe9a8eeb54725bd681aa74ec8727,0x9ace6a9253704445dc7da54c5b198e831d864c0c91f36f3999e102985bda6d79,0xbe1369722ce118053c2d04f154ff377fa20008e7129f687a7bcf68ac50a4f620
run_20260521_224941-0357,user-003,2.315,2.315,0.0,2.315,2026-05-23T20:06:47.592778Z,2026-05-23T20:26:47.592778Z,2026-05-23,0x1629f5def26004dfb50e77ade8f1a4330f6d592784f3255a19dde20a583e42d2,0x380dd3f96521d280427c490a729942846b7870e43e1a9ae7cb65e39acb05bfeb,0xbe1369722ce118053c2d04f154ff377fa20008e7129f687a7bcf68ac50a4f620
run_20260521_224941-0358,user-006,21.939,21.939,0.0,21.939,2026-05-23T20:25:57.619847Z,2026-05-23T21:25:57.619847Z,2026-05-23,0xa85fa75c2c5453a5769c7e3275f3c0070de1969e4006111c3e874f9c736e9728,0x5828b1adcb79459bdf8799f3f1dda0d4c287cd781e8db470a90ee2af02fdb70b,0xbe1369722ce118053c2d04f154ff377fa20008e7129f687a7bcf68ac50a4f620
run_20260521_224941-0359,user-010,27.094,27.094,0.0,27.094,2026-05-23T07:58:40.900002Z,2026-05-23T09:13:40.900002Z,2026-05-23,0xd0d08fe01430576d41d6259b9b3c23ce63d6e7b33bbfd9465d04b8e4f6c01148,0x191e95c816327a20f2eec5ac8994afd9447d547eb1627ba76601ee790427807d,0xbe1369722ce118053c2d04f154ff377fa20008e7129f687a7bcf68ac50a4f620
run_20260521_224941-0360,user-008,-7.46,0.0,7.46,-7.46,2026-05-23T07:44:01.723262Z,2026-05-23T08:04:01.723262Z,2026-05-23,0x439fc1f97f75b6391f776dfa2972af224a20ad70ef76c8e544deba8dcecd40f4,0x1c9f3ab93f58042b243508e8ce89acf57746c09c778d0c55cd9c8c152b8b1be1,0xbe1369722ce118053c2d04f154ff377fa20008e7129f687a7bcf68ac50a4f620
run_20260521_224941-0361,user-007,1.108,3.024,1.916,1.108,2026-05-23T15:06:43.970842Z,2026-05-23T15:46:43.970842Z,2026-05-23,0x712b928728f5474697f619681d6b9c2eea8eae7796e034e0eb9f0ba74d0433cc,0x004bdbd522248ef12645f1742554395fd3e48c0e97216b5cd4325e83c8cb60ac,0xbe1369722ce118053c2d04f154ff377fa20008e7129f687a7bcf68ac50a4f620
run_20260521_224941-0362,user-007,11.776,19.485,7.709,11.776,2026-05-23T20:38:01.351853Z,2026-05-23T21:53:01.351853Z,2026-05-23,0x1e670219fa675fa256ef772af841ccce6266060b7cb7fd459d8a4ce1c103ab36,0xc3a8f9ff4da54fa66bcab237c630928a3834c861dfb79ed286f8f44c1ea8e327,0xbe1369722ce118053c2d04f154ff377fa20008e7129f687a7bcf68ac50a4f620
run_20260521_224941-0363,user-008,-14.763,0.0,14.763,-14.763,2026-05-23T22:58:11.076192Z,2026-05-23T23:38:11.076192Z,2026-05-23,0x18b76acc8ba4cccc7de636402b4ec88cd7f5d2a7bb343a3d87d1b7f09378c6b2,0xa1bb1bdcbee4fe497c3a23ec46fe2a51d632e3dcea13528699b27ea11e68dfd4,0xbe1369722ce118053c2d04f154ff377fa20008e7129f687a7bcf68ac50a4f620
run_20260521_224941-0364,user-003,1.361,2.371,1.01,1.361,2026-05-23T12:10:41.006115Z,2026-05-23T12:40:41.006115Z,2026-05-23,0xc6f7ae68b44fcfa22a5f47ea686ae1347b35857a576e52244bb2f0e06417a467,0xebad9a73ee3deadedbdb97401d761b30dc6a3b97977d34e9f0673d5784b2d1a2,0xbe1369722ce118053c2d04f154ff377fa20008e7129f687a7bcf68ac50a4f620
run_20260521_224941-0365,user-002,9.305,9.305,0.0,9.305,2026-05-23T15:01:35.328540Z,2026-05-23T16:16:35.328540Z,2026-05-23,0xe61370db285dea8530834aa02470e380cc3b9830b9c9a3c81c984b27785d4776,0x777d8ba46cbea63cc9737e06e985b191e047c2374f3489078dcf40258db47b0d,0xbe1369722ce118053c2d04f154ff377fa20008e7129f687a7bcf68ac50a4f620
run_20260521_224941-0366,user-006,7.036,7.036,0.0,7.036,2026-05-23T03:02:40.913183Z,2026-05-23T03:42:40.913183Z,2026-05-23,0x167495a58551b770e827efd83f60796eff7c65da79fe9e96b5a456224bd9b1a1,0x7386f6cb6e661ff7f896228be402a6307643e91aa42f8be70098ef408063fb98,0xbe1369722ce118053c2d04f154ff377fa20008e7129f687a7bcf68ac50a4f620
run_20260521_224941-0367,user-004,3.586,3.586,0.0,3.586,2026-05-23T20:16:26.455369Z,2026-05-23T20:46:26.455369Z,2026-05-23,0xfe1f0d8020971ef8b181441c13146b9f1b207ac68724e68c6516414e4b37c873,0x5ddbc61e4b28f01de2bfcedc88d48309fd5eba906c9340eaed6a04378c01b62b,0xbe1369722ce118053c2d04f154ff377fa20008e7129f687a7bcf68ac50a4f620
run_20260521_224941-0368,user-002,-3.209,0.0,3.209,-3.209,2026-05-23T04:19:51.814114Z,2026-05-23T04:39:51.814114Z,2026-05-23,0x93889388360cc1a7d122fea84a06dacf1a5dd4e8fcb17a9cbdc5a1eff6b0fc97,0x2c5d2c68c0e6a679b8857c1c11627f2a9fb30a49ea0f7855c84baa99a841461e,0xbe1369722ce118053c2d04f154ff377fa20008e7129f687a7bcf68ac50a4f620
run_20260521_224941-0369,user-005,1.254,1.885,0.631,1.254,2026-05-23T23:17:35.175984Z,2026-05-23T23:37:35.175984Z,2026-05-23,0x863fa072b601652407921efe7e6c6702fb6bd83e7a5cc9d1c601af980b24b990,0xb0c4a64c3bd69d1efa9bbfb4b811d75b2a1a6637206a3bd56d802462c50082cd,0xbe1369722ce118053c2d04f154ff377fa20008e7129f687a7bcf68ac50a4f620
run_20260521_224941-0370,user-001,6.162,6.742,0.58,6.162,2026-05-23T05:23:26.584585Z,2026-05-23T06:23:26.584585Z,2026-05-23,0x02e6144d624b841bcd6eddb20d723a9c2ec2ddb241e0dcea67a8cfc28f45a662,0x3851b30a63dcae77031249876c07f1a02e05f50270592505bd609eb0235b0b3a,0xbe1369722ce118053c2d04f154ff377fa20008e7129f687a7bcf68ac50a4f620
run_20260521_224941-0371,user-005,3.578,5.416,1.838,3.578,2026-05-23T01:12:44.405321Z,2026-05-23T01:52:44.405321Z,2026-05-23,0x7600129e4d5971beead77d52d0d78abadd594b0f78ff8883851d93365b7de3d9,0x50eb99a4291eed1c9c8067d56258eee8ee3a4acd283f1299da53462d8beef2e4,0xbe1369722ce118053c2d04f154ff377fa20008e7129f687a7bcf68ac50a4f620
run_20260521_224941-0372,user-004,11.419,11.419,0.0,11.419,2026-05-23T01:53:30.771823Z,2026-05-23T02:53:30.771823Z,2026-05-23,0xfa01f2b5ef46d32139d778e5df2f1e4c9687516a128152b1487d7ba9fd67e70f,0xec7a4cd37e951e24375cf4ee734548cc286882773a8a21560b0508c5085889e1,0xbe1369722ce118053c2d04f154ff377fa20008e7129f687a7bcf68ac50a4f620
run_20260521_224941-0373,user-009,3.669,3.669,0.0,3.669,2026-05-23T06:39:07.400153Z,2026-05-23T06:59:07.400153Z,2026-05-23,0x7160e56970871a932d918afeee0f6884ed3be58ca4655ccb099211d34a502f1d,0x81e77f0337963b854b056d57a3436d64a5df25658b9a1962470bc32081a67c17,0xbe1369722ce118053c2d04f154ff377fa20008e7129f687a7bcf68ac50a4f620
run_20260521_224941-0374,user-007,3.466,3.466,0.0,3.466,2026-05-23T19:27:08.977238Z,2026-05-23T19:47:08.977238Z,2026-05-23,0x924a4188064183012f2fdec5154b195317c6003af083081cd30588b89f01c824,0x26348f72518d2c598e4d091c1c3cb23af72979b9ac458904cc767b14ef4e5d20,0xbe1369722ce118053c2d04f154ff377fa20008e7129f687a7bcf68ac50a4f620
run_20260521_224941-0375,user-002,11.13,11.13,0.0,11.13,2026-05-23T21:07:19.578288Z,2026-05-23T22:07:19.578288Z,2026-05-23,0x97fce5addb24d2ab32485fcdbdf8206501d9e6f19b0f90f5f69f2d7e3e3ea6d7,0xb30e4701c052d742f6b65e8d5343dddd1b89d49661ee1cc94c917cdb14c7e264,0xbe1369722ce118053c2d04f154ff377fa20008e7129f687a7bcf68ac50a4f620
run_20260521_224941-0376,user-005,10.875,10.875,0.0,10.875,2026-05-23T05:49:55.425660Z,2026-05-23T06:49:55.425660Z,2026-05-23,0xd811db6eb1ac1b1a123b39b7dbb63e5a80d6fe099ea9392b76d50b2cc52129ec,0xa175bc90fb2c17037af008a245cca4f5d5930210d0cef8acfc9e7443562e6178,0xbe1369722ce118053c2d04f154ff377fa20008e7129f687a7bcf68ac50a4f620
run_20260521_224941-0377,user-003,-4.485,0.0,4.485,-4.485,2026-05-23T14:48:00.510289Z,2026-05-23T15:28:00.510289Z,2026-05-23,0xa34bf2af329e9bc0fffea36985754d988642abc4edec86d54e172e728de32187,0x817b16b919cfa1ae49440fadb3a1f497b91bebefc58c4b65e1398ae74f265e53,0xbe1369722ce118053c2d04f154ff377fa20008e7129f687a7bcf68ac50a4f620
run_20260521_224941-0378,user-009,3.972,3.972,0.0,3.972,2026-05-23T10:51:52.029079Z,2026-05-23T11:11:52.029079Z,2026-05-23,0xe26540e4ced13464ba3e18cfa37969121a1d48e1e633079318ae3be17e5613a2,0x0e1e489dcb4ccad675cd0d5f55bf6ea5ec08135c7592d599550efebfa666638a,0xbe1369722ce118053c2d04f154ff377fa20008e7129f687a7bcf68ac50a4f620
run_20260521_224941-0379,user-005,-5.246,0.0,5.246,-5.246,2026-05-23T02:45:01.900209Z,2026-05-23T03:15:01.900209Z,2026-05-23,0x2e8e010e5b88e4b82cbf288d78a7336a745ff1cda3849c336b6942289b31ab4e,0x6815c989a1d9666da83d94c3930191f089d5aebd976244249e41958fd577f3ff,0xbe1369722ce118053c2d04f154ff377fa20008e7129f687a7bcf68ac50a4f620
run_20260521_224941-0380,user-003,11.611,11.611,0.0,11.611,2026-05-23T11:49:22.411787Z,2026-05-23T12:49:22.411787Z,2026-05-23,0xc8e06ace95284009bf406d40f7ee97e7af3b4a4ce132e752bc0541524595b028,0x449a8ce21564c55faddb5cf98c047b590fb9b5f3ed25172e7c739529d2306fb5,0xbe1369722ce118053c2d04f154ff377fa20008e7129f687a7bcf68ac50a4f620
run_20260521_224941-0381,user-006,3.49,5.395,1.905,3.49,2026-05-23T14:05:49.282339Z,2026-05-23T14:25:49.282339Z,2026-05-23,0xfb81af286cbfe4d41ca51f0bcff2a5572151040a6e69ba89bc793a12c1c71fe4,0xa818f5a799d70df7cff7a8bfead73ff2a0c80553c09bbfd46f27914545bddfb5,0xbe1369722ce118053c2d04f154ff377fa20008e7129f687a7bcf68ac50a4f620
run_20260521_224941-0382,user-006,21.571,21.571,0.0,21.571,2026-05-23T23:05:10.573486Z,2026-05-24T00:05:10.573486Z,2026-05-23,0xd59c0f4fbd95a234e164a414d3e2d822c269f9cec5683c614d3ebcc3d26b38e7,0xf898c06a4f6865db694b8df090501728a287d1dbe0394c7419c24c9518d0b0ca,0xbe1369722ce118053c2d04f154ff377fa20008e7129f687a7bcf68ac50a4f620
run_20260521_224941-0383,user-005,7.502,7.502,0.0,7.502,2026-05-23T15:15:47.916017Z,2026-05-23T16:15:47.916017Z,2026-05-23,0xa43afe137404c438d5914761f7af4eb750e977c239f375b28eca25fa7f163c76,0x64f2ae55b7ef0066305d649cc26c202569626bd82e32a7b26dc32b4f0d5a72e0,0xbe1369722ce118053c2d04f154ff377fa20008e7129f687a7bcf68ac50a4f620
run_20260521_224941-0384,user-010,9.603,10.418,0.815,9.603,2026-05-23T04:45:17.557985Z,2026-05-23T05:45:17.557985Z,2026-05-23,0x0e070e702a6ac55a3a361bc117764ee36b5d62361b60d7be910ab1e365f12ef1,0x9c0aa403631664ef88e8fa3440753f78dbcfbad443cc0b117c016d15091b2e70,0xbe1369722ce118053c2d04f154ff377fa20008e7129f687a7bcf68ac50a4f620
run_20260521_224941-0385,user-004,10.452,10.452,0.0,10.452,2026-05-23T08:07:26.342936Z,2026-05-23T09:07:26.342936Z,2026-05-23,0xaac0c254a88d7d7b27d93396fde0ad016a0621e95054a8bac243716e61c31a9a,0x84336460752c1d6ea3204391b3d64ee3e9afb4e117ecbcca77e2929ba6d6638e,0xbe1369722ce118053c2d04f154ff377fa20008e7129f687a7bcf68ac50a4f620
run_20260521_224941-0386,user-002,10.75,10.75,0.0,10.75,2026-05-23T08:46:08.665006Z,2026-05-23T09:46:08.665006Z,2026-05-23,0x3c613da47d9cc59ef19fe903dc7a9f50b206dfc8fd8f5f4be5e1433eb8aa8177,0x8da4a3e5f3bd49a03fac6f5ef59a34a8c8f22311e21a23fd41ee4d6bd0d181c1,0xbe1369722ce118053c2d04f154ff377fa20008e7129f687a7bcf68ac50a4f620
run_20260521_224941-0387,user-001,14.764,14.764,0.0,14.764,2026-05-23T17:46:54.512379Z,2026-05-23T18:26:54.512379Z,2026-05-23,0xe42c7178f5c75e6d302a52adb7e734356ca43723c9da9b796349a7c6eed5fcd9,0x8a05026a3fb74ebc2210e7144833e6a08069adb893f427d72dc4d9da4986f5a1,0xbe1369722ce118053c2d04f154ff377fa20008e7129f687a7bcf68ac50a4f620
run_20260521_224941-0388,user-006,3.794,3.794,0.0,3.794,2026-05-23T07:51:47.532855Z,2026-05-23T08:11:47.532855Z,2026-05-23,0x4d574008b78bf7d93b559bf1ff2ec1959e6eb184623d9a4e52aff59919cff4f7,0xcfc7c62a8c68aaf37f4e0e7af8561dd6f2be6e293cabbac8fe3e08882e7231d8,0xbe1369722ce118053c2d04f154ff377fa20008e7129f687a7bcf68ac50a4f620
run_20260521_224941-0389,user-009,2.468,2.468,0.0,2.468,2026-05-23T17:56:23.783750Z,2026-05-23T18:16:23.783750Z,2026-05-23,0xd77897f76e51a330edc6488454c1e9cf7f2a7548c9a124a579d6f6e4da91c840,0x0bf1f76590f0cd3f794fc01dbeca7e8596f5dd19c8501d5285690c924bc5bafe,0xbe1369722ce118053c2d04f154ff377fa20008e7129f687a7bcf68ac50a4f620
run_20260521_224941-0390,user-004,3.29,3.29,0.0,3.29,2026-05-23T20:31:14.388688Z,2026-05-23T21:01:14.388688Z,2026-05-23,0x6b51a3d13fd0bec50f4d416c4883fd65c51b580511da4d057768dd40134c38f8,0x078d0be1212d3c3405b00f883b37d8187bce334c930fcdbeab479f0f3e3ada8d,0xbe1369722ce118053c2d04f154ff377fa20008e7129f687a7bcf68ac50a4f620
run_20260521_224941-0391,user-004,5.531,5.531,0.0,5.531,2026-05-23T00:51:49.554627Z,2026-05-23T01:21:49.554627Z,2026-05-23,0xff98d387ca532a48db553070f7640b6d26ac524e54c945af4a4c503f4bbcb60b,0x6b72e514c06389cda45df06c7448fe491a0660790b664dbe945a83d1781a9601,0xbe1369722ce118053c2d04f154ff377fa20008e7129f687a7bcf68ac50a4f620
run_20260521_224941-0392,user-004,11.012,11.012,0.0,11.012,2026-05-23T17:54:42.277767Z,2026-05-23T18:54:42.277767Z,2026-05-23,0xa450e2f9b36b85a3a553b622c9966f427aa3b4bd8f881941473ca4c55c351e88,0xc86262c840576adc3c3aeeb4a6ef39c2caa78854ca55b049e70f67ec6320f7d8,0xbe1369722ce118053c2d04f154ff377fa20008e7129f687a7bcf68ac50a4f620
run_20260521_224941-0393,user-003,-15.322,0.0,15.322,-15.322,2026-05-23T02:00:07.034773Z,2026-05-23T02:40:07.034773Z,2026-05-23,0x765b6cee9ff271aa9e29c4b8634a43dcebfb75ffaae31f76f3442a0e986cd3c6,0x5210edf80aff8915930ba3be7241f3ed7d3e7ee1bab633f5661fde07199ccbff,0xbe1369722ce118053c2d04f154ff377fa20008e7129f687a7bcf68ac50a4f620
run_20260521_224941-0394,user-009,20.878,20.878,0.0,20.878,2026-05-23T22:23:25.870988Z,2026-05-23T23:23:25.870988Z,2026-05-23,0xb55334f137dc84852e2249178d31e882c6acd851a3fc7da420189675060b0ddb,0xb9437a8276eab0ebb732a779ea92c3e34a471d442afb810df2a520e6fecfbfc4,0xbe1369722ce118053c2d04f154ff377fa20008e7129f687a7bcf68ac50a4f620
run_20260521_224941-0395,user-003,11.475,11.475,0.0,11.475,2026-05-23T03:39:22.618865Z,2026-05-23T04:39:22.618865Z,2026-05-23,0xd64a7638e93cde06231ded9dcc763608d55c3c6b28470bafe3ef4f98ab5e5764,0x88be829a549fad7ade9a57acd71e1841254e8d2b201fed3ca841c8eed514667f,0xbe1369722ce118053c2d04f154ff377fa20008e7129f687a7bcf68ac50a4f620
run_20260521_224941-0396,user-010,1.911,2.725,0.814,1.911,2026-05-23T08:56:39.396310Z,2026-05-23T09:16:39.396310Z,2026-05-23,0x9e41d15d22af30db2cee6659a0f4e8b67c2885f18bc7dda1fd1364565d59100f,0x043045fc9d90160ee9911dd2b5b1819c45c0f0743c6bbadd1ac77df81b85ca24,0xbe1369722ce118053c2d04f154ff377fa20008e7129f687a7bcf68ac50a4f620
run_20260521_224941-0397,user-001,11.129,11.129,0.0,11.129,2026-05-23T06:44:14.392180Z,2026-05-23T07:44:14.392180Z,2026-05-23,0x055f2f89cf69e0dbcb1f4f5434cfa5df3fefbf65b2eb9d6fee8b55780cd2b643,0xe2b1a93dec7a4c8bdb1f2a6b977a4d33faaf11dc553923e802aa57c0e4bc1202,0xbe1369722ce118053c2d04f154ff377fa20008e7129f687a7bcf68ac50a4f620
run_20260521_224941-0398,user-007,3.944,3.944,0.0,3.944,2026-05-23T04:57:51.150605Z,2026-05-23T05:17:51.150605Z,2026-05-23,0x13e0ce3651cdb16cc933a7da11efb8379aa52e43ff4574d20628f3f98c1a98c4,0xedce010490cc682525ce2ab7437f1495ac6e80bef08ba3a6da811c66c6b3a088,0xbe1369722ce118053c2d04f154ff377fa20008e7129f687a7bcf68ac50a4f620
run_20260521_224941-0399,user-003,6.276,14.352,8.076,6.276,2026-05-23T03:04:07.283742Z,2026-05-23T04:04:07.283742Z,2026-05-23,0x72ec7a622f2641271507ad4ef72ba26dc1b36cb9dcb8cb887e7a65f20469a2cf,0xc24f72270bf3d5e7dd6282e3d36389eeb9566733b8663efc266c0f4959904408,0xbe1369722ce118053c2d04f154ff377fa20008e7129f687a7bcf68ac50a4f620
run_20260521_224941-0400,user-007,-21.553,0.0,21.553,-21.553,2026-05-23T16:43:23.364473Z,2026-05-23T17:43:23.364473Z,2026-05-23,0x8792e0bf53bfb9d1aa089a3e18ffb57a4ac1ca0d9a8c61eab46a84f149b28468,0xf5b9db81803ab5b4eafef95aa5645e2fb54a6c6a29c88d909654172ff0398e0f,0xbe1369722ce118053c2d04f154ff377fa20008e7129f687a7bcf68ac50a4f620
run_20260521_224941-0401,user-005,11.289,11.289,0.0,11.289,2026-05-23T06:02:08.061029Z,2026-05-23T07:02:08.061029Z,2026-05-23,0x470c7c6fd3ac864648bcbf05c6678bfa50520ea8dd179cb9a1b6358cdfaf64dc,0x7fcc2e99f6056b16114b6c65e3a7431c0dadb9004dd9b6f0dfd63316487ad1b9,0xbe1369722ce118053c2d04f154ff377fa20008e7129f687a7bcf68ac50a4f620
run_20260521_224941-0402,user-004,3.865,7.482,3.617,3.865,2026-05-23T19:35:16.589847Z,2026-05-23T20:35:16.589847Z,2026-05-23,0x07bc010e1d47762f5e71d44307478caa93892504fb052dac96ad48e4fb4c5eab,0x17aea406077e7c25069dff942b5a34bff541fd3d0eaf4ca10b5551432f42f679,0xbe1369722ce118053c2d04f154ff377fa20008e7129f687a7bcf68ac50a4f620
run_20260521_224941-0403,user-009,25.984,25.984,0.0,25.984,2026-05-23T04:14:29.800239Z,2026-05-23T05:29:29.800239Z,2026-05-23,0xba35cf26f67b4bb59cc874776c4b2d8d0ebe807500493de7216126f192277158,0x7f56f2e61d7c723d36f0bddf869dcc86a7c906f2bcf28e7a958dbf3efbcd67c3,0xbe1369722ce118053c2d04f154ff377fa20008e7129f687a7bcf68ac50a4f620
run_20260521_224941-0404,user-002,11.527,11.527,0.0,11.527,2026-05-23T12:56:15.853209Z,2026-05-23T13:56:15.853209Z,2026-05-23,0x95d6f4c007f15272ac04cb1470c78ef0b4b11b42ad314d6320426df6f8023b26,0x04201173c60bad2c1f8e1288d694ff818d20a1dc9f78f177f81320d2466b7d65,0xbe1369722ce118053c2d04f154ff377fa20008e7129f687a7bcf68ac50a4f620
run_20260521_224941-0405,user-002,4.848,9.431,4.583,4.848,2026-05-23T10:51:05.702436Z,2026-05-23T12:06:05.702436Z,2026-05-23,0xd18fed73e67e579c1f1a95e2faed70fc8c520c27b3217c2f6df7a9b11bed3135,0xb91dbcbffcf21814a7aec415a4256299d7e01ad1ca30754e7b61a1a5df9acc79,0xbe1369722ce118053c2d04f154ff377fa20008e7129f687a7bcf68ac50a4f620
run_20260521_224941-0406,user-009,10.546,10.546,0.0,10.546,2026-05-23T19:11:11.123085Z,2026-05-23T20:11:11.123085Z,2026-05-23,0xfa13be10403c4e79690a651c2aee1bc4258fcda5823dc97f17ca04833358dbce,0x7f8944df4e5b51090303ad2f9d37dd07f9e5cf47933dbf3dda5d5e817872c026,0xbe1369722ce118053c2d04f154ff377fa20008e7129f687a7bcf68ac50a4f620
run_20260521_224941-0407,user-009,4.197,7.711,3.514,4.197,2026-05-23T21:58:04.983200Z,2026-05-23T22:58:04.983200Z,2026-05-23,0xadfd796a9bb5fa3f4dbec279b01043534fae060b9f44703397a96f8228a6c86c,0x23fe9055110eb121b6e5b96e09a5aeeccf43e7ab963a09fe45e39cd4669ded1d,0xbe1369722ce118053c2d04f154ff377fa20008e7129f687a7bcf68ac50a4f620
run_20260521_224941-0408,user-006,-0.277,3.506,3.783,-0.277,2026-05-23T17:52:00.078344Z,2026-05-23T18:12:00.078344Z,2026-05-23,0xf8ae241aae5230c49db3c518dbfbb85afc45f842e2d5c5b40207f9e72d309330,0x28d498710a2e094424ddb0b12f4e6974ffa26df60739be6ccb46ac10a8d60fb2,0xbe1369722ce118053c2d04f154ff377fa20008e7129f687a7bcf68ac50a4f620
run_20260521_224941-0409,user-008,23.025,23.025,0.0,23.025,2026-05-23T05:48:24.591549Z,2026-05-23T06:48:24.591549Z,2026-05-23,0x699cb885167015d421cdd6adf8b9c76f96dfa03829727a6183ae1dd19801526d,0x6ed82367a35b1e26f36022b37561e0db4bdc2f38d780e592a163fb7d8cf18a1f,0xbe1369722ce118053c2d04f154ff377fa20008e7129f687a7bcf68ac50a4f620
run_20260521_224941-0410,user-010,14.524,14.524,0.0,14.524,2026-05-23T06:33:41.254622Z,2026-05-23T07:13:41.254622Z,2026-05-23,0xa9fc658887a6cce12660773bd63dfd6dd9a694f3df21a5112a908775e99d2d30,0x8f18a4c778d1635559e0b395903c447d93d8c29a033169ff33903c08ac30bd95,0xbe1369722ce118053c2d04f154ff377fa20008e7129f687a7bcf68ac50a4f620
run_20260521_224941-0411,user-001,0.265,5.755,5.49,0.265,2026-05-23T18:57:42.572899Z,2026-05-23T19:27:42.572899Z,2026-05-23,0xf111179656dc24a2ecf897edac08ff7df6327b52e43a73d44136965056ee7df5,0x75c42f03f7fcd412a871cad07cf6e78c08402ab386ded5f6130712264cc7f315,0xbe1369722ce118053c2d04f154ff377fa20008e7129f687a7bcf68ac50a4f620
run_20260521_224941-0412,user-008,10.895,16.083,5.188,10.895,2026-05-23T12:40:03.333236Z,2026-05-23T13:40:03.333236Z,2026-05-23,0x0b68501e7d5d4cf62ed5db1df5cccb68040d8c4b945042dcf79191f49c396796,0x79e2324b374f89c882b3c932ad3d3975a6fa5d9fbe860e600f822898c5997620,0xbe1369722ce118053c2d04f154ff377fa20008e7129f687a7bcf68ac50a4f620
run_20260521_224941-0413,user-008,0.346,4.0,3.654,0.346,2026-05-23T18:25:03.340085Z,2026-05-23T18:45:03.340085Z,2026-05-23,0x566b4256187c74dd2d7e45ff0f1939c29b73bcc57e674167fabc198a0d8e9a76,0x920afdfcd2f8fb2757721815f9d86f1e2859f6fdbbb54f182ae1c636657cc940,0xbe1369722ce118053c2d04f154ff377fa20008e7129f687a7bcf68ac50a4f620
run_20260521_224941-0414,user-007,3.718,8.986,5.268,3.718,2026-05-23T23:29:02.281705Z,2026-05-24T00:09:02.281705Z,2026-05-23,0x917e85197503ebd7c4df806c7b98b8dfadbc6793f830cfe7a706a7a5a296c04e,0xd1396307b2f1e7b7656b31074021a141f851cfb6f8aa4680c5615f8ef136c66c,0xbe1369722ce118053c2d04f154ff377fa20008e7129f687a7bcf68ac50a4f620
run_20260521_224941-0415,user-007,7.35,7.35,0.0,7.35,2026-05-23T03:59:21.823563Z,2026-05-23T04:39:21.823563Z,2026-05-23,0x622d8331ddfc1662c6f7a3d1f06509cdd5893921b9f132cbf75dadb0b5f96354,0x953c37b3caf39cd7f95bb8c31aff2ee780062ae451189424626113b294f04cf3,0xbe1369722ce118053c2d04f154ff377fa20008e7129f687a7bcf68ac50a4f620
run_20260521_224941-0416,user-008,8.327,10.043,1.716,8.327,2026-05-23T16:41:44.476410Z,2026-05-23T17:11:44.476410Z,2026-05-23,0xa0703d8988f9feaba0f19aa32fdbb1ce8f3ce5954155b263db0360b9c36652f8,0x61b4053f7a04d37829116441e70566a550fe5ffd748b6bfaa1ec1724371b3b6c,0xbe1369722ce118053c2d04f154ff377fa20008e7129f687a7bcf68ac50a4f620
run_20260521_224941-0417,user-004,2.221,3.716,1.495,2.221,2026-05-23T21:05:12.553964Z,2026-05-23T21:35:12.553964Z,2026-05-23,0x29b9a8d3c7b0d8ad5af5c0168e0fd810d9ab48481ebc3578e5cf59e780e76629,0x1cccd8b07beb574be3042f4b68acfc9c930139b5601b3c7a563b5e62398e332d,0xbe1369722ce118053c2d04f154ff377fa20008e7129f687a7bcf68ac50a4f620
run_20260521_224941-0418,user-008,2.198,2.198,0.0,2.198,2026-05-23T04:48:27.533103Z,2026-05-23T05:08:27.533103Z,2026-05-23,0x4478972f193244b92f96e70320a86eb2c7ea8f0be8b3cc36ed8d081b01e5748f,0x79b7739707b28dbcdafe1b1a9a861642e13d7d8249ae0f4a130ac1c35ffa8237,0xbe1369722ce118053c2d04f154ff377fa20008e7129f687a7bcf68ac50a4f620
run_20260521_224941-0419,user-004,4.177,7.612,3.435,4.177,2026-05-23T02:07:10.829426Z,2026-05-23T02:37:10.829426Z,2026-05-23,0x6451ecad87c289d958d28d342eef91c5e430fbdd1f40b5749f388139ca3367f3,0x3697124f00c408abc3d81e30404d75b58e92abeb235cb1103d4c47d0de0f68cb,0xbe1369722ce118053c2d04f154ff377fa20008e7129f687a7bcf68ac50a4f620
run_20260521_224941-0420,user-001,7.57,9.533,1.963,7.57,2026-05-23T18:05:44.692017Z,2026-05-23T19:05:44.692017Z,2026-05-23,0x72e13850b397b5e1f2da1dfce3310f8654caab3e4c7175ff42b6fbb4616323ba,0x340100c45a81291cb9f131e933131b97693c8b3379f0f87ff5f420909ecde2d0,0xbe1369722ce118053c2d04f154ff377fa20008e7129f687a7bcf68ac50a4f620
run_20260521_224941-0421,user-001,6.98,6.98,0.0,6.98,2026-05-23T13:21:41.201240Z,2026-05-23T13:41:41.201240Z,2026-05-23,0x966aaf5cb2fa86d1137d94a432e64cbf5c959a2cd21ffa59e2f15491ec084b9c,0x9a581027494e9da818ccab8acea2a415bb94c488cb6be7eee686e90545082c80,0xbe1369722ce118053c2d04f154ff377fa20008e7129f687a7bcf68ac50a4f620
run_20260521_224941-0422,user-001,1.006,6.305,5.299,1.006,2026-05-23T08:08:20.778715Z,2026-05-23T08:38:20.778715Z,2026-05-23,0x2dc35ac721598d3dd4148fb1d7397f874e41015891d7addf31f1bb54b3514dbb,0xefde3cc7aebd0298f1f55f9d73eba9db814ce5f502ab7d2f992b009ae14acbc1,0xbe1369722ce118053c2d04f154ff377fa20008e7129f687a7bcf68ac50a4f620
run_20260521_224941-0423,user-006,13.685,13.685,0.0,13.685,2026-05-23T23:47:37.247025Z,2026-05-24T00:27:37.247025Z,2026-05-23,0x15866ee430f0941b59f5a1114cdd1929666622188f1188f59467aba745faa034,0x2241298aac4221ab44f22bb5ad954bf2658f8b89d06c34c388ea1df8b41f2683,0xbe1369722ce118053c2d04f154ff377fa20008e7129f687a7bcf68ac50a4f620
run_20260521_224941-0424,user-005,-13.758,0.0,13.758,-13.758,2026-05-23T21:57:38.128228Z,2026-05-23T23:12:38.128228Z,2026-05-23,0x5a86a2879c2129687b0e375e575c4369ffd60c182f0d5a61f9bce7080718daf0,0xa2f02821ea6a4365b17fd42e3524e97447f6d48a1d1f1e46a6f5497359cfc3e5,0xbe1369722ce118053c2d04f154ff377fa20008e7129f687a7bcf68ac50a4f620
run_20260521_224941-0425,user-002,7.197,7.197,0.0,7.197,2026-05-23T06:24:56.395301Z,2026-05-23T07:04:56.395301Z,2026-05-23,0xc0580236f157ff79a934b91839f0452dab43f452d6f131472f936a671c52f19e,0xf69de16aaf8325f51d2bad7073ebaff99de21865cea8232d24ceec4796ed3d02,0xbe1369722ce118053c2d04f154ff377fa20008e7129f687a7bcf68ac50a4f620
run_20260521_224941-0426,user-009,-0.084,2.75,2.834,-0.084,2026-05-23T03:42:55.565446Z,2026-05-23T04:12:55.565446Z,2026-05-23,0xd14b34298838dde628a2bf23c54bdd1e694dafb8c50e604fea48c07ffef6d647,0xad2776a9454b58ab3deba73b3485deb099bc5184edc83730b70a67425a4c77c0,0xbe1369722ce118053c2d04f154ff377fa20008e7129f687a7bcf68ac50a4f620
run_20260521_224941-0427,user-002,9.122,9.947,0.825,9.122,2026-05-23T20:27:57.798900Z,2026-05-23T21:27:57.798900Z,2026-05-23,0x6c0686d723169b4fa1270b96d527b42e7efeed98c8d7d4f41fb4b96bfadb7f0e,0xababe80e3ae716e001ab14bbcf9d1ed70744a9fcdc09cc470c2de7fe46396b14,0xbe1369722ce118053c2d04f154ff377fa20008e7129f687a7bcf68ac50a4f620
run_20260521_224941-0428,user-003,5.823,5.823,0.0,5.823,2026-05-23T20:31:08.489932Z,2026-05-23T21:01:08.489932Z,2026-05-23,0x5de23820565ece71669b1461aece3a3f16a2a1fb561b2de1a69c55639d2f96ac,0x18db95421f817a74cf9555ace3205ced289d93f1e9e361d180f52ab7006db916,0xbe1369722ce118053c2d04f154ff377fa20008e7129f687a7bcf68ac50a4f620
run_20260521_224941-0429,user-002,1.148,4.205,3.057,1.148,2026-05-23T09:32:41.741533Z,2026-05-23T10:32:41.741533Z,2026-05-23,0xe0e86b6c7ba5c204cd87642e0748238b4be98ac7d5b25edfa91aa8bd46899895,0x228c1acee578cb16571c1d74cdc004e7070d6dc0d637bd2b79bc9b100a357474,0xbe1369722ce118053c2d04f154ff377fa20008e7129f687a7bcf68ac50a4f620
run_20260521_224941-0430,user-001,4.452,4.452,0.0,4.452,2026-05-23T21:02:50.868965Z,2026-05-23T21:42:50.868965Z,2026-05-23,0xb2ff84f585e598329b77803b0e2d510a6f7e2423cc9975452337e32964291fba,0x0b889a5cd8aa209d05bdd8757a8716de0858e94fc2355d4fccb5c5ee20659f79,0xbe1369722ce118053c2d04f154ff377fa20008e7129f687a7bcf68ac50a4f620
run_20260521_224941-0431,user-008,-10.744,0.0,10.744,-10.744,2026-05-23T07:58:12.127644Z,2026-05-23T08:28:12.127644Z,2026-05-23,0x7af2084bc0b821c0d198087cf6c62f4f098eebcc96666f463d6556191ca5ce6d,0x0b087a6968b925733ada54e1a971df4ff81c1e373eb3debc373ba57edaf79281,0xbe1369722ce118053c2d04f154ff377fa20008e7129f687a7bcf68ac50a4f620
run_20260521_224941-0432,user-002,6.829,6.829,0.0,6.829,2026-05-23T03:12:01.611264Z,2026-05-23T03:32:01.611264Z,2026-05-23,0xec77a1a9d88ef9047372be1bd800ba37a1e7b54d4177e308ffe99c852b98be61,0xa920b1988e6e8cf1ace8c59eacceb3ca3a174dcba46cfa79b0fe7cb682a243a6,0xbe1369722ce118053c2d04f154ff377fa20008e7129f687a7bcf68ac50a4f620
run_20260521_224941-0433,user-010,-2.27,12.925,15.195,-2.27,2026-05-23T05:48:02.049803Z,2026-05-23T07:03:02.049803Z,2026-05-23,0xee1ebe63ea41baa617e5b9b7b1d076aaae424f77908d844975548965da15535a,0xcaa4ed9622f0595736cc954930170c079b9dc2de464ba7d8e0b15f750fe74d38,0xbe1369722ce118053c2d04f154ff377fa20008e7129f687a7bcf68ac50a4f620
run_20260521_224941-0434,user-009,3.685,4.311,0.626,3.685,2026-05-23T16:21:58.157584Z,2026-05-23T17:01:58.157584Z,2026-05-23,0xcd5dbf4fb73e62594f996b8e9008a3f48337a65be4eb6222a852c28e3b175106,0xdb92b65fccd55839a4f40bf4d75a6067e9e98d1edb34021336ca3739a8d72a5c,0xbe1369722ce118053c2d04f154ff377fa20008e7129f687a7bcf68ac50a4f620
run_20260521_224941-0435,user-005,-4.951,0.0,4.951,-4.951,2026-05-23T14:37:29.208949Z,2026-05-23T15:17:29.208949Z,2026-05-23,0x1c8db9e03bea22e4a3d7f19fe8ba5d45366811cd6efe29fa4a1dba27c9760e10,0x7160c5f6113c54909ef83254f3926c0d3b3687c63a34ab1a9ded0c37c1b9de3c,0xbe1369722ce118053c2d04f154ff377fa20008e7129f687a7bcf68ac50a4f620
run_20260521_224941-0436,user-005,-21.893,0.0,21.893,-21.893,2026-05-23T22:31:41.397109Z,2026-05-23T23:31:41.397109Z,2026-05-23,0xff0f6abdd27f4a8dfc78529189eeafbad8410049377239fa788c8c753036c6df,0x0943d85da664fd4d569136313759c0a961dfe0afdf22170b77e3a89decba6e6d,0xbe1369722ce118053c2d04f154ff377fa20008e7129f687a7bcf68ac50a4f620
run_20260521_224941-0437,user-003,3.49,3.49,0.0,3.49,2026-05-23T15:01:26.428952Z,2026-05-23T15:31:26.428952Z,2026-05-23,0xb59d9112a016cf07ad33014df537bc7eaed185c1598748dfb317547020c1434e,0xf8e069c1317e7b6788969784e9f3e3180da5486f7b0490e020312cfa94ddbb79,0xbe1369722ce118053c2d04f154ff377fa20008e7129f687a7bcf68ac50a4f620
run_20260521_224941-0438,user-001,10.935,10.935,0.0,10.935,2026-05-23T01:34:45.011094Z,2026-05-23T02:34:45.011094Z,2026-05-23,0x994df9d85b55d6d917f08b2cb9a3a0cf097a790f0b3e2eae7ce7e19cbb65b4b8,0xe4e0e87a6fba05694c9ba26a076809a9d2c23af23edddf8e3603f3ebe47f0980,0xbe1369722ce118053c2d04f154ff377fa20008e7129f687a7bcf68ac50a4f620
run_20260521_224941-0439,user-007,14.252,14.252,0.0,14.252,2026-05-23T18:55:22.544768Z,2026-05-23T20:10:22.544768Z,2026-05-23,0x5ffab77f68c6303c195199058d318674419a2eb7e8850a3740d32dc9e07ff455,0x8590d63e72310f90d07a482d45c58bdbe54187dc3fca16f4340691a3cfab0e95,0xbe1369722ce118053c2d04f154ff377fa20008e7129f687a7bcf68ac50a4f620
run_20260521_224941-0440,user-007,10.682,10.682,0.0,10.682,2026-05-23T10:38:39.687448Z,2026-05-23T11:38:39.687448Z,2026-05-23,0x6dc0cc2fefae557c580becf259e9eaa6db8f7903cb68d1b60d9381906b1d6664,0xf3d2ed212070d5e03f3c9cd546ce3bc5e2f7bc600b823157522b19c4dd51b294,0xbe1369722ce118053c2d04f154ff377fa20008e7129f687a7bcf68ac50a4f620
run_20260521_224941-0441,user-002,0.023,2.627,2.604,0.023,2026-05-23T12:52:43.365259Z,2026-05-23T13:22:43.365259Z,2026-05-23,0x9c9e2373192303da271093ff4ba9b3a02fab11565f228a51327c9a6c9797d2c9,0x7c34539196f96030227d5e7e4dbdc30392ea15a0b072f7ffee68c8f883928405,0xbe1369722ce118053c2d04f154ff377fa20008e7129f687a7bcf68ac50a4f620
run_20260521_224941-0442,user-006,21.187,21.187,0.0,21.187,2026-05-23T23:06:00.821891Z,2026-05-24T00:06:00.821891Z,2026-05-23,0x5535d6990be67e7d47670e431c846f7077d30ea5b1eebd673dd62f75da5cb7a2,0xd6635c4d5fb18de1d6a315f1673c239c87bf718834dbda5149c5aefc81c3b267,0xbe1369722ce118053c2d04f154ff377fa20008e7129f687a7bcf68ac50a4f620
run_20260521_224941-0443,user-003,8.63,8.63,0.0,8.63,2026-05-23T17:45:08.444867Z,2026-05-23T19:00:08.444867Z,2026-05-23,0x7f7acdfb561acc1e61a4042f8f31e7e66e822315484e92b1fb68011372d2b375,0x6e854dedaa9280d0ef5cf4914511247a131ee29ceffb7354ee48de91a55030a4,0xbe1369722ce118053c2d04f154ff377fa20008e7129f687a7bcf68ac50a4f620
run_20260521_224941-0444,user-008,9.508,9.508,0.0,9.508,2026-05-23T12:05:22.344585Z,2026-05-23T13:20:22.344585Z,2026-05-23,0xfa9236951f5bceead375fcbd9e3d249767096fcd7ef66a056681c242db2aa05a,0xf3c4e84e1f51c53388b6c1d7a06f358af6366b5ac2c7e72b50e5864ebb38d0b2,0xbe1369722ce118053c2d04f154ff377fa20008e7129f687a7bcf68ac50a4f620
run_20260521_224941-0445,user-002,7.112,7.112,0.0,7.112,2026-05-23T23:18:51.794206Z,2026-05-24T00:18:51.794206Z,2026-05-23,0x8e0c6ee51400f46eb247f70025098d0bc27a8c5d95d33997252f082b08eff388,0x279958dc6a262b88ebf8cf4b2711d52fb41c4026552ec0ae53ce3e1cb0422448,0xbe1369722ce118053c2d04f154ff377fa20008e7129f687a7bcf68ac50a4f620
run_20260521_224941-0446,user-002,-2.396,0.0,2.396,-2.396,2026-05-23T21:55:49.802000Z,2026-05-23T22:15:49.802000Z,2026-05-23,0x3d201ce74717fe4e606a79e7d8c6b360f2dc7463139d4d8f3464f70511981633,0x840290cca16735fb67278f4de609b022ed878361fb14617b25240dbc4fc84cb9,0xbe1369722ce118053c2d04f154ff377fa20008e7129f687a7bcf68ac50a4f620
run_20260521_224941-0447,user-007,0.3,4.166,3.866,0.3,2026-05-23T22:24:15.721613Z,2026-05-23T22:44:15.721613Z,2026-05-23,0x49a2fdda0eaf959d77937ac336d115064af40ddfb8d9050f88e4c12fe6d15b70,0xb7399b28128e5e94d14380fdc0bff5e500a7e6de177b308d06688f8b1ec4db93,0xbe1369722ce118053c2d04f154ff377fa20008e7129f687a7bcf68ac50a4f620
run_20260521_224941-0448,user-008,24.073,25.572,1.499,24.073,2026-05-23T04:53:57.771846Z,2026-05-23T06:08:57.771846Z,2026-05-23,0xcaab3e5f7cc1f55f00e0fab371e53bf9147506d4459af29961f729c9dd6844b0,0x183d83e0dfffc0e3fd5c2caf3131dd67db5f41a9c11ebf4df3e093d454d3aa2f,0xbe1369722ce118053c2d04f154ff377fa20008e7129f687a7bcf68ac50a4f620
run_20260521_224941-0449,user-006,2.779,5.91,3.131,2.779,2026-05-23T16:30:53.336044Z,2026-05-23T17:45:53.336044Z,2026-05-23,0x19ec749d95c15cc5afa6b69d87a52f43cd5bd36e753e8500664f4a71b5231a86,0x863c444efc380511599164bf939f6266ae67e6d87193e9a5a4592e8c11bda721,0xbe1369722ce118053c2d04f154ff377fa20008e7129f687a7bcf68ac50a4f620
run_20260521_224941-0450,user-008,14.358,14.358,0.0,14.358,2026-05-23T09:35:20.536993Z,2026-05-23T10:15:20.536993Z,2026-05-23,0xfebda6ba2db273c2e97a3cfa88dc5b56c081f34685491618aaff537a3ef1e358,0x3e5317732d4873a7ac4e1f74d88c16173898d5b43f0165c664d9dcfe10f35311,0xbe1369722ce118053c2d04f154ff377fa20008e7129f687a7bcf68ac50a4f620
run_20260521_224941-0451,user-010,21.722,21.722,0.0,21.722,2026-05-23T18:52:04.832944Z,2026-05-23T19:52:04.832944Z,2026-05-23,0xfdd890ff27b5bf5b591f23148db66176d950c0501d93f2782a49e3d3161f071b,0x4c9dfa350df7e0fa7c1c8727378a127ea3b2fd6b7df7dc15eb06cbf4e6059bc1,0xbe1369722ce118053c2d04f154ff377fa20008e7129f687a7bcf68ac50a4f620
run_20260521_224941-0452,user-004,3.618,3.618,0.0,3.618,2026-05-23T19:14:07.920488Z,2026-05-23T19:44:07.920488Z,2026-05-23,0xe3645407857ef6e7bf444e3f0d4ad4445a7c73b90a103b3d6f158f85ca7f469b,0x0857b28d64f42212bf71f57707a1b8752d6d2ebb8cd8de1712e389660c25becc,0xbe1369722ce118053c2d04f154ff377fa20008e7129f687a7bcf68ac50a4f620
run_20260521_224941-0453,user-007,3.631,3.631,0.0,3.631,2026-05-23T08:15:59.301361Z,2026-05-23T08:35:59.301361Z,2026-05-23,0x175bbd90acbc2e8a9a417d201a555b289d1cb7147d73cbef5fcf763b720958bd,0x6dd67a5eb3df2a6341295493c561f41d92fef2a654ee4ef56f69f6e59dd410ef,0xbe1369722ce118053c2d04f154ff377fa20008e7129f687a7bcf68ac50a4f620
run_20260521_224941-0454,user-007,1.234,1.855,0.621,1.234,2026-05-23T02:54:07.290931Z,2026-05-23T03:14:07.290931Z,2026-05-23,0x19fd691ad9dcbdebf7b35c45186a41032d6ae23541c2b0c8f7349de7938c94ab,0x4e995725b5ddb111eaa603b0960e5c398e4fd79f9a4413764ae7d7de32b0aab5,0xbe1369722ce118053c2d04f154ff377fa20008e7129f687a7bcf68ac50a4f620
run_20260521_224941-0455,user-010,13.459,13.459,0.0,13.459,2026-05-23T09:53:15.044625Z,2026-05-23T11:08:15.044625Z,2026-05-23,0x23c6733993c2ffd240c6336aabcf228812c37dbce1f8196d93b4711f88ee1094,0x94bc1f5912a4c4a0119e061b57893042764ed8034270e06cc1302875c1b15b07,0xbe1369722ce118053c2d04f154ff377fa20008e7129f687a7bcf68ac50a4f620
run_20260521_224941-0456,user-006,21.014,21.014,0.0,21.014,2026-05-23T11:22:18.902017Z,2026-05-23T12:22:18.902017Z,2026-05-23,0x55c1edba0f073c25711e12723249f197a1989f7f636b48ab7109023289be8971,0xf559e07249b65be824fec862ee4430ffbb269aba5c82e230ea7446b8dc270158,0xbe1369722ce118053c2d04f154ff377fa20008e7129f687a7bcf68ac50a4f620
run_20260521_224941-0457,user-009,-3.608,0.0,3.608,-3.608,2026-05-23T21:56:56.829657Z,2026-05-23T22:16:56.829657Z,2026-05-23,0x2ff8f4b853ae4f26fc288b2c512a57a0215df26a2db907ede9720268ccbe833f,0xe16b26868a32f42b23157f52df4e28091205f11aaa5030c44fc9878152ccfd9b,0xbe1369722ce118053c2d04f154ff377fa20008e7129f687a7bcf68ac50a4f620
run_20260521_224941-0458,user-006,-7.438,0.0,7.438,-7.438,2026-05-23T04:40:30.814199Z,2026-05-23T05:20:30.814199Z,2026-05-23,0xf18d1b950692f45806eb7a3449c83d461df28fa21b3363b6b10bd1f6dbf633d6,0x0b872600d75447f47c20c271c6fd1552c42fa1adb5505d1be63942f3fa6b1ef4,0xbe1369722ce118053c2d04f154ff377fa20008e7129f687a7bcf68ac50a4f620
run_20260521_224941-0459,user-002,-8.654,0.0,8.654,-8.654,2026-05-23T15:20:15.532626Z,2026-05-23T16:35:15.532626Z,2026-05-23,0x4b680294eb91f4929b738c5d17ce7258dc0ff0cddb79ee71727759553a8ba497,0x445177c0dd463c09db0bc555038f59b420a0449fa4e76510ea09334af2aba061,0xbe1369722ce118053c2d04f154ff377fa20008e7129f687a7bcf68ac50a4f620
run_20260521_224941-0460,user-007,3.871,3.871,0.0,3.871,2026-05-23T04:15:31.182288Z,2026-05-23T04:35:31.182288Z,2026-05-23,0x6da7af77a26f9c865bf48ffd448869e2168169fb62f163c647b9e13c6b360485,0x67742469548b38a14ba2006690f5150b52b0ff4431b48a826b6de637e8687662,0xbe1369722ce118053c2d04f154ff377fa20008e7129f687a7bcf68ac50a4f620
run_20260521_224941-0461,user-009,13.555,13.555,0.0,13.555,2026-05-23T09:53:42.885570Z,2026-05-23T11:08:42.885570Z,2026-05-23,0x64c9424f47f5ec99136a552007a1d464bcaee30eb35cb4d66fc218c83f90e7c6,0xa1dc71f50730c36b104956f305a4703e730bf5a98ae2cdb6607b2ee18f8b0d07,0xbe1369722ce118053c2d04f154ff377fa20008e7129f687a7bcf68ac50a4f620
run_20260521_224941-0462,user-007,-13.45,0.0,13.45,-13.45,2026-05-23T05:40:30.487432Z,2026-05-23T06:55:30.487432Z,2026-05-23,0x6c4ed4534956937fad7c10932417a440d9cd0a8430f0a43ad1de1fadc5a8e490,0x0a432316285b5809ef5c5b7365b17b9b5a90c390b3da2d920eec8bf9c38810f4,0xbe1369722ce118053c2d04f154ff377fa20008e7129f687a7bcf68ac50a4f620
run_20260521_224941-0463,user-008,2.562,3.727,1.165,2.562,2026-05-23T08:38:50.114375Z,2026-05-23T09:18:50.114375Z,2026-05-23,0xd5e9120f0507c179d41e2a9a1c4170eb8dfeec34d4058758e84d3d44a4f22d9f,0x17017e67efd7239a9c5a6143aedad87431633985897035eb7fb0107ebdcf956e,0xbe1369722ce118053c2d04f154ff377fa20008e7129f687a7bcf68ac50a4f620
run_20260521_224941-0464,user-009,-7.525,0.0,7.525,-7.525,2026-05-23T23:43:05.531520Z,2026-05-24T00:23:05.531520Z,2026-05-23,0x587807988038e95b4975cc17aaf8e730b9add2b43ce18d94f5b529f7fa730349,0x81829789ecd691288d7675bed8e02a81b4950b2682fe4839ec3eb75f17a3b992,0xbe1369722ce118053c2d04f154ff377fa20008e7129f687a7bcf68ac50a4f620
run_20260521_224941-0465,user-008,13.155,13.155,0.0,13.155,2026-05-23T20:10:21.300013Z,2026-05-23T21:25:21.300013Z,2026-05-23,0x44570f4c09da2529d85d09b85e679d774cd0f38a45cfb85225d2a079945f4865,0x2f1d1aa97142fac6e13121febb6f23b20e2a7713232b7aa3fd9a26fa01e212fe,0xbe1369722ce118053c2d04f154ff377fa20008e7129f687a7bcf68ac50a4f620
run_20260521_224941-0466,user-005,0.378,2.969,2.591,0.378,2026-05-23T14:35:49.792219Z,2026-05-23T15:05:49.792219Z,2026-05-23,0xd909d19fa3672b777ee001c7b385c3845775efd929955ef26eb33e298f2674bc,0x59378a484318396cb5aca00cb3c47571a7b470dbd25242af5e2b4dbedf87bb3f,0xbe1369722ce118053c2d04f154ff377fa20008e7129f687a7bcf68ac50a4f620
run_20260521_224941-0467,user-005,14.054,14.054,0.0,14.054,2026-05-23T02:48:07.176100Z,2026-05-23T04:03:07.176100Z,2026-05-23,0xf32df9dd9201d6b25cd113b03ab85eec1bc571075e330bdb0a933a04bcccd1ab,0x605f9485e5ee0ccf3774ce3842648ee783af986afa017fe1e418e25323595263,0xbe1369722ce118053c2d04f154ff377fa20008e7129f687a7bcf68ac50a4f620
run_20260521_224941-0468,user-008,-7.592,0.0,7.592,-7.592,2026-05-23T14:50:08.158930Z,2026-05-23T15:50:08.158930Z,2026-05-23,0xbc78e26e00eb234aebac09a662102af2f6cb7e71d2cc8c826c98cb505140c8f2,0xac750ce468016d64cc565a9c932f0cbe60591efefc7855c522e0ed658b68d005,0xbe1369722ce118053c2d04f154ff377fa20008e7129f687a7bcf68ac50a4f620
run_20260521_224941-0469,user-002,7.862,7.862,0.0,7.862,2026-05-23T19:43:46.757423Z,2026-05-23T20:03:46.757423Z,2026-05-23,0xfd10b031f243ad61ce4784848d23d84a8f6de1bde1dd24d081ddd3dd1b81c19c,0xf572114368326dc1582a7024a4b9483dc2508971a7149c68d7d2dbb17482ae58,0xbe1369722ce118053c2d04f154ff377fa20008e7129f687a7bcf68ac50a4f620
run_20260521_224941-0470,user-001,-8.991,0.0,8.991,-8.991,2026-05-23T02:33:31.782226Z,2026-05-23T03:48:31.782226Z,2026-05-23,0x186bb2d238fe3a13486311fa406d255ef829fb74083e915f55039adbf96d91de,0x996240bbc68cd6556a994ed10b540c55b6076df28e37cff3ec25ab5ce17a6b23,0xbe1369722ce118053c2d04f154ff377fa20008e7129f687a7bcf68ac50a4f620
run_20260521_224941-0471,user-004,2.519,2.519,0.0,2.519,2026-05-23T07:39:51.496981Z,2026-05-23T07:59:51.496981Z,2026-05-23,0x3fd94fbb7245944c86bc03ddbac517ff97efbff18fa2b6bcd016c35eccdcd201,0x21c3819ac756a488de60148bb441d4a55c788945db3e20283c313da187269bc4,0xbe1369722ce118053c2d04f154ff377fa20008e7129f687a7bcf68ac50a4f620
run_20260521_224941-0472,user-006,-0.089,5.501,5.59,-0.089,2026-05-23T16:14:20.484634Z,2026-05-23T16:44:20.484634Z,2026-05-23,0x2b9344465b4c0332a97d1eb3dd4c8f69618f2e6124be588d5214c3682256ba60,0x11bc1934cd7c7762a3c2692f63ebec922b615799f84e57faf44e9cc4a5f836d3,0xbe1369722ce118053c2d04f154ff377fa20008e7129f687a7bcf68ac50a4f620
run_20260521_224941-0473,user-004,14.57,14.57,0.0,14.57,2026-05-23T22:23:56.193057Z,2026-05-23T23:03:56.193057Z,2026-05-23,0x9e1c10366d0da30f2b1d104e3b35b493ba959a7bd94834b6421550ebb2a7a738,0x9afd94b2584c2f42ce241478fb041a3f22e6e83f396197329b77631f823477a8,0xbe1369722ce118053c2d04f154ff377fa20008e7129f687a7bcf68ac50a4f620
run_20260521_224941-0474,user-010,21.501,21.501,0.0,21.501,2026-05-23T16:11:55.789273Z,2026-05-23T17:11:55.789273Z,2026-05-23,0x7a692f30adb1501e6a505de9e8fd1682f9075d6aa4b6fa12b54768748515fda5,0x8bbed6cadea2ab29581f5828d2d0580ec232a4f99c3661968174c910c5b7a85a,0xbe1369722ce118053c2d04f154ff377fa20008e7129f687a7bcf68ac50a4f620
run_20260521_224941-0475,user-001,-8.846,0.0,8.846,-8.846,2026-05-23T18:24:02.849851Z,2026-05-23T19:39:02.849851Z,2026-05-23,0x024963d35267b5980ce49ec25bc2d1c199ee35050c36991ae841a9cc919ccb80,0xc43ce4fbf791e090b563746daff0891d610f061887e5764cce701752b7b17b97,0xbe1369722ce118053c2d04f154ff377fa20008e7129f687a7bcf68ac50a4f620
run_20260521_224941-0476,user-001,22.216,22.216,0.0,22.216,2026-05-23T11:28:56.584931Z,2026-05-23T12:28:56.584931Z,2026-05-23,0x1c306e23f0bff11d9c3d05ebce802cc18840ae35ef2486e50b491c60919ca72f,0x5d1b6ae9253ea677508d4f814932360f84120bbefe820cfebbe23186a2851296,0xbe1369722ce118053c2d04f154ff377fa20008e7129f687a7bcf68ac50a4f620
run_20260521_224941-0477,user-001,7.434,7.434,0.0,7.434,2026-05-23T22:25:57.101539Z,2026-05-23T23:25:57.101539Z,2026-05-23,0xf8e68e145f4286fa7b323e4c92f544bf425b41e713ab42ddaeb05f9c96ffb38c,0xa6c8555bd3db7810f94023e164cbb528228b72a511f384786381938a02730ba8,0xbe1369722ce118053c2d04f154ff377fa20008e7129f687a7bcf68ac50a4f620
run_20260521_224941-0478,user-004,13.724,13.724,0.0,13.724,2026-05-23T16:42:32.098892Z,2026-05-23T17:57:32.098892Z,2026-05-23,0x8fcd8949c2c15d7325aec83863a88b65e5896e9e950d92f62060508a1749c016,0xd0553fd9a8c0a76dc0a3200223f5c7475ca26ad76d22843c15e64538794bf506,0xbe1369722ce118053c2d04f154ff377fa20008e7129f687a7bcf68ac50a4f620
run_20260521_224941-0479,user-003,10.704,10.704,0.0,10.704,2026-05-23T17:48:29.995206Z,2026-05-23T18:48:29.995206Z,2026-05-23,0x2744571eddcea3b031e4fc5bdf9e0024c777694371d01329f910dd1361ec5ac8,0xdead50195c6365315bf38afedaddd5890a9d8fff3e155df1a112986563da68c8,0xbe1369722ce118053c2d04f154ff377fa20008e7129f687a7bcf68ac50a4f620
run_20260521_224941-0480,user-008,-9.096,0.0,9.096,-9.096,2026-05-23T16:35:45.144684Z,2026-05-23T17:50:45.144684Z,2026-05-23,0x6b30be4ebd68c20e8390bafe36155c09ba289f09f0f8856bc07bf9a585369d84,0xd39fa03d51ace63e1288367601a9bc89fd2280700d8f3318e81ff5d2044b6fec,0xbe1369722ce118053c2d04f154ff377fa20008e7129f687a7bcf68ac50a4f620
run_20260521_224941-0481,user-001,15.638,15.638,0.0,15.638,2026-05-23T01:52:05.117532Z,2026-05-23T02:32:05.117532Z,2026-05-23,0xc7bf5fabdfbbd9feca8b18fdd8e9f553a1bca36f4e41c0ad77d09d51311bca91,0x4114f988a75c5fa42212e47f2601ae987515c59e3b2ea1b1b39cde004434ca7a,0xbe1369722ce118053c2d04f154ff377fa20008e7129f687a7bcf68ac50a4f620
run_20260521_224941-0482,user-002,10.65,10.65,0.0,10.65,2026-05-23T08:31:04.065442Z,2026-05-23T09:31:04.065442Z,2026-05-23,0xf1c0c88cecd0f79dc5159ecef796f34d41e907e36e17b566e2d65cc8d4276acc,0xb178a8c0e5f7ef61ec9b4ee1b953f70cd424fb04676e5c9c6b6a0c0af5293327,0xbe1369722ce118053c2d04f154ff377fa20008e7129f687a7bcf68ac50a4f620
run_20260521_224941-0483,user-002,13.563,13.563,0.0,13.563,2026-05-23T21:21:38.720203Z,2026-05-23T22:36:38.720203Z,2026-05-23,0x02e8ba4a5c91c969b87ec4fc47b4d4784757aceb714f8d64df78b626c06d5aec,0xb848625d58d06b390a5c55e6964fe9959aaac1dd9e1c02e6fdca5c1460fb8cda,0xbe1369722ce118053c2d04f154ff377fa20008e7129f687a7bcf68ac50a4f620
run_20260521_224941-0484,user-008,-0.023,1.784,1.807,-0.023,2026-05-23T10:22:23.239608Z,2026-05-23T10:52:23.239608Z,2026-05-23,0xeee1a680bccb8b9d27d088de39e786349b29f1ffffdddcf8ca709f3f0894ea41,0x7a508dc153c8a9e62ac175e3d7cfc4ef48592bf917b0602e9320d4a284aa26cc,0xbe1369722ce118053c2d04f154ff377fa20008e7129f687a7bcf68ac50a4f620
run_20260521_224941-0485,user-005,1.813,2.835,1.022,1.813,2026-05-23T21:55:34.909687Z,2026-05-23T22:15:34.909687Z,2026-05-23,0x6bdc9bc9351485e949e6bd5f5892abe49a0f25674bb328f970f673ee9c5e8fba,0x112d3ea95f718d272fccba04e2d55346dbd71774b0fdfd35c4df4d0e7726fcb1,0xbe1369722ce118053c2d04f154ff377fa20008e7129f687a7bcf68ac50a4f620
run_20260521_224941-0486,user-010,1.236,1.695,0.459,1.236,2026-05-23T05:02:32.500699Z,2026-05-23T05:22:32.500699Z,2026-05-23,0xb505799c53028d8967a7054117da3e440e73dac8bf8dd8812f5313d2e78dbc04,0xcfcfd17607a955d98d766434d258caf5f5bf8fb2f71503e018bf7fbcdd73d5c5,0xbe1369722ce118053c2d04f154ff377fa20008e7129f687a7bcf68ac50a4f620
run_20260521_224941-0487,user-006,7.293,7.293,0.0,7.293,2026-05-23T15:05:04.165439Z,2026-05-23T15:45:04.165439Z,2026-05-23,0xd3951a17a452d083221b6d932135c9c96e6867713849190690722c9b7e719f6f,0x6a150e517612028a1ac5c9b775e4bcea6c7e55fa44652244632036c5396db7fe,0xbe1369722ce118053c2d04f154ff377fa20008e7129f687a7bcf68ac50a4f620
run_20260521_224941-0488,user-003,4.286,5.853,1.567,4.286,2026-05-23T23:22:01.211084Z,2026-05-23T23:42:01.211084Z,2026-05-23,0xfed4d091b1b0095dcd500390e4cef8a4a3e4cf8225fee292f90c5f6fa187e403,0x6dcb611f82d303d581ed35432461a74c08c13d47c8da75fd8a6bcf9202ac34de,0xbe1369722ce118053c2d04f154ff377fa20008e7129f687a7bcf68ac50a4f620
run_20260521_224941-0489,user-006,4.529,4.529,0.0,4.529,2026-05-23T23:35:03.141725Z,2026-05-24T00:15:03.141725Z,2026-05-23,0xb4129f57d5a76ab1c1bf4ba5a257bca310e385cd9445e01fa016e3182772aa72,0x84010912507de05deed486947f95f5904215817780d4bda2c5e8cef9fc46f786,0xbe1369722ce118053c2d04f154ff377fa20008e7129f687a7bcf68ac50a4f620
run_20260521_224941-0490,user-002,8.109,11.652,3.543,8.109,2026-05-23T06:21:38.403006Z,2026-05-23T07:01:38.403006Z,2026-05-23,0x504f06ceadf9dae2b4ba05a8adc32c2b8f29498a8e43fbe8e957f5a788855dab,0xa788ff927257ea2b3c35bc861c3d2df07f521ae1131db8109a1895b69dc5bb5e,0xbe1369722ce118053c2d04f154ff377fa20008e7129f687a7bcf68ac50a4f620
run_20260521_224941-0491,user-002,5.051,6.822,1.771,5.051,2026-05-23T12:24:40.637686Z,2026-05-23T13:39:40.637686Z,2026-05-23,0xea59466334a5d7b8cccc409b6ab39c41470b4045852ddb44f3fa970a037657a6,0xb18520883555325e569283a61cd519e099d65ac0a20a09f832437d8f8df3dd26,0xbe1369722ce118053c2d04f154ff377fa20008e7129f687a7bcf68ac50a4f620
run_20260521_224941-0492,user-006,4.679,15.986,11.307,4.679,2026-05-23T03:03:24.331554Z,2026-05-23T04:18:24.331554Z,2026-05-23,0x77ca3525d2c189ebf994185b6b675d4ab0c2afd1db27cc49672d0420edd329c0,0xdeb20a8e18c1a43c86a9c303be4fbec30931534bf6b845287d3a6547afd0307c,0xbe1369722ce118053c2d04f154ff377fa20008e7129f687a7bcf68ac50a4f620
run_20260521_224941-0493,user-010,4.775,4.775,0.0,4.775,2026-05-23T06:17:50.294250Z,2026-05-23T06:57:50.294250Z,2026-05-23,0x8848a88416b0be15590135ba65f41d2cdce8cb3ca481bd6a195c4cc525290055,0x4980e5a0f06c1cf99a7ac045fab74248c52731ca28f4ff54c8da36b7213c940d,0xbe1369722ce118053c2d04f154ff377fa20008e7129f687a7bcf68ac50a4f620
run_20260521_224941-0494,user-009,4.988,4.988,0.0,4.988,2026-05-23T03:31:35.921020Z,2026-05-23T04:11:35.921020Z,2026-05-23,0xa9f526ad0d59b73a27aa1721a17131f7b57c5fd6e83aea0476b93135ec7493e0,0xf3380a4770ab95d4cb717627da5098c52ad97aebdd2275a6568e45f6a1df2bf3,0xbe1369722ce118053c2d04f154ff377fa20008e7129f687a7bcf68ac50a4f620
run_20260521_224941-0495,user-002,13.144,13.144,0.0,13.144,2026-05-23T17:25:13.700311Z,2026-05-23T18:40:13.700311Z,2026-05-23,0x238769b62bc40fd8db62cf3293e1f721f7632dafa55a231727e74aff0aa342ac,0xd545b4e8398c606600e3a772f92cd2fc76c156f426436b283c3e58c94a83bd78,0xbe1369722ce118053c2d04f154ff377fa20008e7129f687a7bcf68ac50a4f620
run_20260521_224941-0496,user-003,-13.187,0.0,13.187,-13.187,2026-05-23T00:11:52.138224Z,2026-05-23T01:26:52.138224Z,2026-05-23,0xd889251b73b2c45332add2b30806e267d4be52ce8e0e68d4dbc3060a43a49348,0x27b5566c78592fe7461e8253ad71094b626e39d009af017a9968abdfa3827aad,0xbe1369722ce118053c2d04f154ff377fa20008e7129f687a7bcf68ac50a4f620
run_20260521_224941-0497,user-008,2.207,3.318,1.111,2.207,2026-05-23T07:16:49.442558Z,2026-05-23T07:56:49.442558Z,2026-05-23,0xae9336f36325fe070cb2a69783a014b29839530021037ab9c0b51a7330cb55f6,0x2929fe83d39c7c9dafc72881d8289d0f764186ee85d2cc7aaa4181c2a7b9acb6,0xbe1369722ce118053c2d04f154ff377fa20008e7129f687a7bcf68ac50a4f620
run_20260521_224941-0498,user-002,7.568,7.568,0.0,7.568,2026-05-23T15:26:57.555029Z,2026-05-23T16:26:57.555029Z,2026-05-23,0xa2a2fcc7a9492ef3a80814d7231b913206546cf56f58b4dd038c9c674db181dc,0x687852376e1eaf76c1c35f70b58c7c028f120310723c11d5bc2a49e2237a8a6a,0xbe1369722ce118053c2d04f154ff377fa20008e7129f687a7bcf68ac50a4f620
run_20260521_224941-0499,user-002,10.965,10.965,0.0,10.965,2026-05-23T05:19:04.057920Z,2026-05-23T06:19:04.057920Z,2026-05-23,0x15fb55b36972dcc16d001e4a0d2d1fd2c9f19d513e7f408779cee2d5ca40b75e,0xffbd772c1018e62f2eff512965c48379beea5c48a3fa4329fdeb2d12595f392b,0xbe1369722ce118053c2d04f154ff377fa20008e7129f687a7bcf68ac50a4f620
run_20260521_224941-0500,user-007,-3.34,0.0,3.34,-3.34,2026-05-23T16:49:21.406807Z,2026-05-23T17:19:21.406807Z,2026-05-23,0x58072546ab74bf702b716c681db340b3947305729a23e0fa33c826b6aba0a180,0x3fe0c6e3b1fc5e2d0bb1c48c0456e01833cdf5bae4aedd685a18864ac3b936ea,0xbe1369722ce118053c2d04f154ff377fa20008e7129f687a7bcf68ac50a4f620
