session_id,user_id,receipt_hash,merkle_root,energy_kwh,start_ts,end_ts,batch_day,batch_root
run_20260217_222909-0001,user-002,0x5be840eb218ba47ad8ea0f9c5936d63a53a1935efb43c6039426df0f3bbc29ad,0x5d4e6893d5e6045e9284bdb0515798893f069bc8190ec7b35c8663e85be3b646,4.879,2026-02-17T23:22:59.070749Z,2026-02-18T00:02:59.070749Z,2026-02-17,0xf8a73b66d9d9efcc4dbbd6eeb360a43099baef2ee5477fc7e23808b695ac93bd
run_20260217_222909-0002,user-009,0xfc86976d6495006f7269d99f7cf3fce59b8f2b3e5de18e9893afdd916f16b00a,0xc3ca76bbcc14941c8ea3f3df93c88d6555925255c6783af517ca287b252df8c4,13.956,2026-02-17T19:12:40.426981Z,2026-02-17T20:27:40.426981Z,2026-02-17,0xf8a73b66d9d9efcc4dbbd6eeb360a43099baef2ee5477fc7e23808b695ac93bd
run_20260217_222909-0003,user-007,0x3dcc9e1bb9f492f2835b3393be6a20a3e5394495b9885a0dddf9292dbfe1be99,0x8a4d9d39bc7f9ee81127f076c3cdcb1c6e9c41db52e5327070e1a9b3d33d4b40,13.632,2026-02-17T22:05:31.662886Z,2026-02-17T22:45:31.662886Z,2026-02-17,0xf8a73b66d9d9efcc4dbbd6eeb360a43099baef2ee5477fc7e23808b695ac93bd
run_20260217_222909-0004,user-007,0x5573cb49563da9cacacbcc5151c011ec9fd80956edd1abdb3daa7d3c6930b99a,0x90a6d9d5e05e086c57781be972b7b3569ba56c76c255110784338bde94cb00e7,4.882,2026-02-17T17:18:43.080691Z,2026-02-17T17:58:43.080691Z,2026-02-17,0xf8a73b66d9d9efcc4dbbd6eeb360a43099baef2ee5477fc7e23808b695ac93bd
run_20260217_222909-0005,user-005,0x589a77675eaf39a02577ea9503da9791de7982b8d9fd0fd5e5ea5c7e2565be33,0x18109062b926500fbf616dcf7f5536594218bb0b4ebfca8712176591237312f6,9.089,2026-02-17T00:14:05.182505Z,2026-02-17T01:29:05.182505Z,2026-02-17,0xf8a73b66d9d9efcc4dbbd6eeb360a43099baef2ee5477fc7e23808b695ac93bd
run_20260217_222909-0006,user-003,0x121254f16815c1e5c517f0ff8103cd374d242646fe71c69da65f33971946d7ee,0x10c9f9e2fb38c9e1049fdcc2d1385f16c1b16175e55ada6547b2d8663b4d88fb,27.595,2026-02-17T18:03:51.383335Z,2026-02-17T19:18:51.383335Z,2026-02-17,0xf8a73b66d9d9efcc4dbbd6eeb360a43099baef2ee5477fc7e23808b695ac93bd
run_20260217_222909-0007,user-009,0x27a7435f79a3b367402e1e9ea6c1af0ec08a53a31c98d27dfa9b28668dae28e6,0x067accc745f04f69c9bf9c61ed14e68dfb5f05c6bb614d6245d9cdd5eb4f7122,7.283,2026-02-17T03:19:28.633727Z,2026-02-17T03:39:28.633727Z,2026-02-17,0xf8a73b66d9d9efcc4dbbd6eeb360a43099baef2ee5477fc7e23808b695ac93bd
run_20260217_222909-0008,user-005,0xca0739399c72adcf9298415b1e4157b98c2e170ab10a3cc11e14e31b03a3900a,0x2ea3d7baa93ad1a3ba5e6d886b5b9f9a4e1b0408d5ac53107977fd5da1490312,7.453,2026-02-17T13:32:56.282342Z,2026-02-17T14:32:56.282342Z,2026-02-17,0xf8a73b66d9d9efcc4dbbd6eeb360a43099baef2ee5477fc7e23808b695ac93bd
run_20260217_222909-0009,user-009,0xc78c8fb6f93d8b1a453e0bccf747806b9c541fdd7df3d1520491fe5afe9c1de8,0x9a3a6beca7e8cf7599028ebdcdf5985235771aa055187616175c93827ad93d36,13.965,2026-02-17T01:56:22.162084Z,2026-02-17T03:11:22.162084Z,2026-02-17,0xf8a73b66d9d9efcc4dbbd6eeb360a43099baef2ee5477fc7e23808b695ac93bd
run_20260217_222909-0010,user-009,0x1aa255d5c1d45186a93cdbf15cfe7d2019ff5c0229036e3863ecf46d404de391,0x744ad5e69b832af90318cc864d417c539413b719652985605152b3822ad1354f,27.702,2026-02-17T20:01:13.030745Z,2026-02-17T21:16:13.030745Z,2026-02-17,0xf8a73b66d9d9efcc4dbbd6eeb360a43099baef2ee5477fc7e23808b695ac93bd
run_20260217_222909-0011,user-001,0x2e898e77d47e73c9af09870332b2192e3b75ac1c1d413ff484e289a2b20e9e55,0xd6591f87994a2077b0f5daf7349a9a94980675bc0ead2c3c5b7f7b26efbe780d,3.79,2026-02-17T18:29:19.429879Z,2026-02-17T18:49:19.429879Z,2026-02-17,0xf8a73b66d9d9efcc4dbbd6eeb360a43099baef2ee5477fc7e23808b695ac93bd
run_20260217_222909-0012,user-010,0x38acbe5340043e23afa6d43dc462992f132627b9e8481472a73d67c386039b0b,0x9f704ffbcd1f163bbb096b6cf60c6d62c695633648e8ea1368dd7cd88da4d7a2,5.454,2026-02-17T10:09:15.313464Z,2026-02-17T10:39:15.313464Z,2026-02-17,0xf8a73b66d9d9efcc4dbbd6eeb360a43099baef2ee5477fc7e23808b695ac93bd
run_20260217_222909-0013,user-002,0xedd0364670c8e72b153884fc0b39aab4bbcdf6c767d4d149affa06086e5ae941,0x1720cc7db28a75c7f8ff1b570d39e7d3f53f9a2294c3397f314a676d61a40894,4.925,2026-02-17T22:31:43.064960Z,2026-02-17T23:11:43.064960Z,2026-02-17,0xf8a73b66d9d9efcc4dbbd6eeb360a43099baef2ee5477fc7e23808b695ac93bd
run_20260217_222909-0014,user-009,0x7ec1ea65db3e4a94c4c97e259ef3a51a5786de0be7cd46e46dea9a7869180a38,0xa879781e086dbcc676027a50761aa9a999580c19bb172f225be9e2c45a412839,2.478,2026-02-17T03:55:07.216649Z,2026-02-17T04:15:07.216649Z,2026-02-17,0xf8a73b66d9d9efcc4dbbd6eeb360a43099baef2ee5477fc7e23808b695ac93bd
run_20260217_222909-0015,user-001,0xe220c5e1c959dc410fc3050b8b53cdc779641e2530ed41b4a2a9c39d17782b3d,0x2b3b3b9624be969f75cae85e6f48c4e9c9af64d34347c73d05b36cad49eb80b5,7.23,2026-02-17T00:20:09.315897Z,2026-02-17T01:00:09.315897Z,2026-02-17,0xf8a73b66d9d9efcc4dbbd6eeb360a43099baef2ee5477fc7e23808b695ac93bd
run_20260217_222909-0016,user-009,0x3a9cc734f2db4e3071a37e7eb2c5dd846d1abd95799d06861c5b1627f09e8c43,0x52dd46cedcb086ea19a07a79481c496bd332313dc051b92f1631a5cf3adc45a4,5.059,2026-02-17T22:31:13.265824Z,2026-02-17T23:11:13.265824Z,2026-02-17,0xf8a73b66d9d9efcc4dbbd6eeb360a43099baef2ee5477fc7e23808b695ac93bd
run_20260217_222909-0017,user-004,0x08b222b627e259bd9bfa9b6186bfd36b7edeec5073c10bafe8f84145f59b26a2,0x85dcab58da32995d8fc76f64ab768f8ccb112f1de64403d9e950f4808654e334,9.143,2026-02-17T14:17:33.792366Z,2026-02-17T15:32:33.792366Z,2026-02-17,0xf8a73b66d9d9efcc4dbbd6eeb360a43099baef2ee5477fc7e23808b695ac93bd
run_20260217_222909-0018,user-010,0x68c7380c745d05bd6a2475f93c54c08161afc6197dbd4c19c1bdc57736333957,0xfe1b2fc4f0a0b10b338d7949aa51683eea0f3cd508b567bf0f7ab4da7fca8910,2.393,2026-02-17T00:01:13.536310Z,2026-02-17T00:21:13.536310Z,2026-02-17,0xf8a73b66d9d9efcc4dbbd6eeb360a43099baef2ee5477fc7e23808b695ac93bd
run_20260217_222909-0019,user-006,0xe3cc6acee609ab78180e585e8602467ad813acacad662d50dd66ce41623625ce,0x0192fa6214b1a32765f8b2855a29c75bf0149bf61a038d5452b60baacd80b2d1,22.638,2026-02-17T17:08:37.089399Z,2026-02-17T18:08:37.089399Z,2026-02-17,0xf8a73b66d9d9efcc4dbbd6eeb360a43099baef2ee5477fc7e23808b695ac93bd
run_20260217_222909-0020,user-005,0xffef121d807fc7ce5a7e4da55c0b8da4840ba1d9887bff3cf02dda96a8f15639,0xab56249df606f2665b9b9a55e42eb2ce3d94b6ba16d2ca6f1d5709a30db0375f,4.446,2026-02-17T09:28:02.702945Z,2026-02-17T10:08:02.702945Z,2026-02-17,0xf8a73b66d9d9efcc4dbbd6eeb360a43099baef2ee5477fc7e23808b695ac93bd
run_20260217_222909-0021,user-003,0xdabaca4563e915753c3c858814f5011e91c97700a984eeff9c3e8f2516837e19,0x607bee0de2fe506eb01a3238a6b8a32b6a55e0882ec108f0c1b6e56971d1cbac,4.903,2026-02-17T08:41:33.404201Z,2026-02-17T09:21:33.404201Z,2026-02-17,0xf8a73b66d9d9efcc4dbbd6eeb360a43099baef2ee5477fc7e23808b695ac93bd
run_20260217_222909-0022,user-003,0x3b7989256b0d24b0d2ec1da8567a864dd676e3c5b0321f204f3d2ac5c31edbc9,0x34e2243f2b5eb6ca4eee7260af272e21991fbbb02fa04bdee2275e0292ef75d2,3.707,2026-02-17T13:40:06.428007Z,2026-02-17T14:00:06.428007Z,2026-02-17,0xf8a73b66d9d9efcc4dbbd6eeb360a43099baef2ee5477fc7e23808b695ac93bd
run_20260217_222909-0023,user-004,0x9039f267d44394abf1f00d1236723bb2649495d98409cd136b98aa8a355ec062,0x2d18071de6a937d21d2e3b529ddf5ada51119e37fc5f0068fba7aba60e5e6df1,14.988,2026-02-17T07:58:36.953321Z,2026-02-17T08:38:36.953321Z,2026-02-17,0xf8a73b66d9d9efcc4dbbd6eeb360a43099baef2ee5477fc7e23808b695ac93bd
run_20260217_222909-0024,user-006,0x0d9c920d1c1287b251a694b25218dfd6455a1cf072afc9005766956b8db1ad98,0xda9c8b0be4b88ec0c3d39a23b26e405dba18e3c21e4cb514ea8de5e331e8abab,22.851,2026-02-17T05:12:21.806733Z,2026-02-17T06:12:21.806733Z,2026-02-17,0xf8a73b66d9d9efcc4dbbd6eeb360a43099baef2ee5477fc7e23808b695ac93bd
run_20260217_222909-0025,user-004,0x691cf56beac9f884024adfb8c278a0ce5fd05e786008878a45bb0fd1129d7fb8,0xab701ad41becffebc7a174c5d5dca047aa043ca0364355ab544d224b4ab11b6a,4.834,2026-02-17T14:25:12.539452Z,2026-02-17T15:05:12.539452Z,2026-02-17,0xf8a73b66d9d9efcc4dbbd6eeb360a43099baef2ee5477fc7e23808b695ac93bd
run_20260217_222909-0026,user-005,0x60698e1badcd4dd81ce69d7920a94792d4fe725f35a23120d03a0a3e0284a4e2,0x5fca7d0ff3564cf94f599c68188325edf35bb514a269566113bf66db49019c4d,13.94,2026-02-17T23:03:54.578149Z,2026-02-18T00:18:54.578149Z,2026-02-17,0xf8a73b66d9d9efcc4dbbd6eeb360a43099baef2ee5477fc7e23808b695ac93bd
run_20260217_222909-0027,user-010,0xf3dabcfa411ff263ee6bd278faf340964afaecfa145b13bf806d94c5cc7c5cab,0x9ddf9640821bfa99012e6efc4e31b1d6a8c28a6f4fedcca328db354641ea7a10,7.485,2026-02-17T16:26:57.688267Z,2026-02-17T16:46:57.688267Z,2026-02-17,0xf8a73b66d9d9efcc4dbbd6eeb360a43099baef2ee5477fc7e23808b695ac93bd
run_20260217_222909-0028,user-003,0xe4f3a5d30c00fcc48fedd7393af001e7a5753621736dcc82eb553845d1f9bc2b,0xb4a230194dbb1d44d3fcf9e2b3cf32a4b543f76040b8e0fe8c2700755346dd36,21.346,2026-02-17T19:22:45.015966Z,2026-02-17T20:22:45.015966Z,2026-02-17,0xf8a73b66d9d9efcc4dbbd6eeb360a43099baef2ee5477fc7e23808b695ac93bd
run_20260217_222909-0029,user-003,0x4cb5474b084546c3e766619c22d5772c51d183e9b1403770340434185b40838a,0x5fc6877815ca03383e3c53d9f97d46209f89d766212b4bc35f43b2a8b45902e7,15.25,2026-02-17T08:10:15.295632Z,2026-02-17T08:50:15.295632Z,2026-02-17,0xf8a73b66d9d9efcc4dbbd6eeb360a43099baef2ee5477fc7e23808b695ac93bd
run_20260217_222909-0030,user-008,0x9baeb47b4b7575097176cc522887d0188a16352f460bffd4669e1ae4bdda3e5a,0xaff411a639f55fb8b072ec245c02a3208e699f92e10e90d0683efdd9d3952bae,3.622,2026-02-17T09:18:45.928728Z,2026-02-17T09:38:45.928728Z,2026-02-17,0xf8a73b66d9d9efcc4dbbd6eeb360a43099baef2ee5477fc7e23808b695ac93bd
run_20260217_222909-0031,user-003,0xa24ac197a77471c97b1dde17d1463f2e7bbca352464f87aba5a40553df6cc49f,0x8302fba6589417364c90942e0e14e3507e62e2f16d3c2c076d01d7b6827621dc,2.484,2026-02-17T08:14:16.587840Z,2026-02-17T08:34:16.587840Z,2026-02-17,0xf8a73b66d9d9efcc4dbbd6eeb360a43099baef2ee5477fc7e23808b695ac93bd
run_20260217_222909-0032,user-004,0x34df0f2370a0bdfc99f7b654850955799ebb871072c676dd61ba9f40b9ad6216,0xedfab9d3f7815b403f34b2166c9445371a2d8b2e2edaa6ba098737a73a12b06c,3.563,2026-02-17T01:57:50.590751Z,2026-02-17T02:17:50.590751Z,2026-02-17,0xf8a73b66d9d9efcc4dbbd6eeb360a43099baef2ee5477fc7e23808b695ac93bd
run_20260217_222909-0033,user-008,0x6635a0d0d83c42974fc9baa6c2b08b26377babb25d4550ddffce36a9aae1a322,0xe7d9104fc116650f9f816c2c4fb2ae43b095c369aedc467056f8bdf517dcbff7,13.684,2026-02-17T09:16:46.839313Z,2026-02-17T10:31:46.839313Z,2026-02-17,0xf8a73b66d9d9efcc4dbbd6eeb360a43099baef2ee5477fc7e23808b695ac93bd
run_20260217_222909-0034,user-009,0x25889df562a8549d42ea33360d7051cc12da6368eca5b89a705fb3a432e07277,0x556b6a7bd1cc3a3c9752a5cf53e0cc633f852de64b7c5482cd79195e3cf9babc,3.698,2026-02-17T22:02:58.090378Z,2026-02-17T22:32:58.090378Z,2026-02-17,0xf8a73b66d9d9efcc4dbbd6eeb360a43099baef2ee5477fc7e23808b695ac93bd
run_20260217_222909-0035,user-007,0x1e068c3a9197b54e97a62b9f059af3c844f2ff41880bba81a4eb70e732f25218,0x813a49772605f38af9699decad058c8c5e5877d5a7d5400f9ee67e2fd785b178,27.254,2026-02-17T14:38:09.203386Z,2026-02-17T15:53:09.203386Z,2026-02-17,0xf8a73b66d9d9efcc4dbbd6eeb360a43099baef2ee5477fc7e23808b695ac93bd
run_20260217_222909-0036,user-007,0x76ebc37828be71e8ae179ef08bb1cafc2439384bc83fd3542b31ab4e19ddf60b,0xfc8c82b424d763ae62f3e90080d4ca64967fc44e7840cfe0cb1d9ece5622ca8c,7.296,2026-02-17T06:36:10.728973Z,2026-02-17T07:36:10.728973Z,2026-02-17,0xf8a73b66d9d9efcc4dbbd6eeb360a43099baef2ee5477fc7e23808b695ac93bd
run_20260217_222909-0037,user-007,0x490f91a76c5a9e9e46571f83f349208f22b03bfe15f62fc435592e08b103fbfb,0xfec46accbda3d48073a21aec3b606a09c14c06064242cf995b711c7d652c046f,11.402,2026-02-17T17:18:18.628409Z,2026-02-17T18:18:18.628409Z,2026-02-17,0xf8a73b66d9d9efcc4dbbd6eeb360a43099baef2ee5477fc7e23808b695ac93bd
run_20260217_222909-0038,user-003,0xa403aa920b3e4f575fc03ce374651796dee2740f364748f0ff56457d0aec3e97,0x3c1a56a8843b6e222b0d983593f0fe215325d7700933917567212ef7e7c7fae4,7.805,2026-02-17T12:37:04.324334Z,2026-02-17T12:57:04.324334Z,2026-02-17,0xf8a73b66d9d9efcc4dbbd6eeb360a43099baef2ee5477fc7e23808b695ac93bd
run_20260217_222909-0039,user-002,0x3d4cd8371f97ecfce939d1a689c1ad1dcf6645a48680f722e806c63bf094a4f8,0x41c324804694e83e4d7f68ccbbc354acd7f53ea64e3ba79c4f70c4149fcc03bb,5.782,2026-02-17T05:18:58.781034Z,2026-02-17T05:48:58.781034Z,2026-02-17,0xf8a73b66d9d9efcc4dbbd6eeb360a43099baef2ee5477fc7e23808b695ac93bd
run_20260217_222909-0040,user-010,0x3ac7b1ea7256db063a98c8c666dc89fd19e6728e433f8a089b428de04f5e5be0,0x11e7fa10a0c5b33001f4dcfe8d48379ced27a8059580232ffb7ef11d8b80446a,3.399,2026-02-17T07:24:30.914463Z,2026-02-17T07:54:30.914463Z,2026-02-17,0xf8a73b66d9d9efcc4dbbd6eeb360a43099baef2ee5477fc7e23808b695ac93bd
run_20260217_222909-0041,user-007,0xe05aa42ffbfb235be9e8d7eaefa84d2ca8564ead2e89b3e85be59d675fd03671,0xd16817f0dd2d46dd538b54a7d9f523d18fd599e49865910fa0bfcab22969dfd9,6.879,2026-02-17T08:06:24.556165Z,2026-02-17T08:26:24.556165Z,2026-02-17,0xf8a73b66d9d9efcc4dbbd6eeb360a43099baef2ee5477fc7e23808b695ac93bd
run_20260217_222909-0042,user-008,0x374d4798f2c4e1298599cc8517c75030aa3c2172c4fad1fabbf86afab7c2a889,0x46018b53a82b988cf635c45819da32af78505220922f54e6b6c15f4630129120,7.138,2026-02-17T07:00:28.533184Z,2026-02-17T08:00:28.533184Z,2026-02-17,0xf8a73b66d9d9efcc4dbbd6eeb360a43099baef2ee5477fc7e23808b695ac93bd
run_20260217_222909-0043,user-008,0x85db1e690a29107297d5c49238f4b635240cd7758f9e918611a9589573c57451,0x7f03f8b0aa4b47898c024c112654bd6002ec146e31917e6730894861f96b0936,11.257,2026-02-17T10:18:24.990700Z,2026-02-17T11:18:24.990700Z,2026-02-17,0xf8a73b66d9d9efcc4dbbd6eeb360a43099baef2ee5477fc7e23808b695ac93bd
run_20260217_222909-0044,user-009,0x5a5e21fa922eb9863a8ee0543fbf91cf5fe86d90ab149e751119f3082377872b,0x89c5500c3f9394fb1143aa48e28bea7419f0c51e907bbe264dd2c08cddcec6a2,21.643,2026-02-17T05:47:14.573939Z,2026-02-17T06:47:14.573939Z,2026-02-17,0xf8a73b66d9d9efcc4dbbd6eeb360a43099baef2ee5477fc7e23808b695ac93bd
run_20260217_222909-0045,user-005,0xf0033775cb0d5615afdbba849be73de72ff6fc9b041c2dec03bfd4246c82b0cb,0x788e4f90379a29190f87da3958f2098b1be35f58921916173affcc5a2433110c,3.37,2026-02-17T16:37:27.773547Z,2026-02-17T17:07:27.773547Z,2026-02-17,0xf8a73b66d9d9efcc4dbbd6eeb360a43099baef2ee5477fc7e23808b695ac93bd
run_20260217_222909-0046,user-010,0x1173b6ad2ebc19d0e32ed699cf13b2843d1ef0541e994a67969053a71c4ec163,0x881e4481413dfe3a69b227b3a5b8c727aab9b5ef02bfe798499c736cdbc48e67,27.548,2026-02-17T00:32:41.153223Z,2026-02-17T01:47:41.153223Z,2026-02-17,0xf8a73b66d9d9efcc4dbbd6eeb360a43099baef2ee5477fc7e23808b695ac93bd
run_20260217_222909-0047,user-008,0x2032e0552e3cef0d458cb6b049998bf22c469859d45c35677de455941e65d43c,0xd600aef76f8640200d8cfc49648749bc7922b8b599d33571bcefc43b566f7458,4.8,2026-02-17T12:29:39.092376Z,2026-02-17T13:09:39.092376Z,2026-02-17,0xf8a73b66d9d9efcc4dbbd6eeb360a43099baef2ee5477fc7e23808b695ac93bd
run_20260217_222909-0048,user-010,0x043bf39d8919d076aad2851dd052f2722619ed552dd989b52f211cf47812e371,0x53556051e1063b6385d785f4cbd8995a97f9ab33eeaa1480b326cd20aa200ef4,2.395,2026-02-17T01:12:15.544500Z,2026-02-17T01:32:15.544500Z,2026-02-17,0xf8a73b66d9d9efcc4dbbd6eeb360a43099baef2ee5477fc7e23808b695ac93bd
run_20260217_222909-0049,user-007,0xa55dcaf0fab639d5dee58c424939cc282cddb0e27ecb5445d97684ff66361329,0x299b86acd2e81779c16d250602710e236b170b7b9480bcfcb154c551fc67e486,11.109,2026-02-17T13:10:15.550234Z,2026-02-17T14:10:15.550234Z,2026-02-17,0xf8a73b66d9d9efcc4dbbd6eeb360a43099baef2ee5477fc7e23808b695ac93bd
run_20260217_222909-0050,user-007,0x6f6c752bba301a827896c249ba45f104fa29e90844185d88d0bf9b5c47af22ce,0x3b24bfac8b346650907a7c45e0e8182d046fe78b4b54efa9f6fe9b59ac3a4fd6,13.435,2026-02-17T13:10:16.479921Z,2026-02-17T14:25:16.479921Z,2026-02-17,0xf8a73b66d9d9efcc4dbbd6eeb360a43099baef2ee5477fc7e23808b695ac93bd
run_20260217_222909-0051,user-005,0x364c6b2899dbf0cfba9b961417c51bcb00f6c2e911524dfeef4392956af24669,0xf8dd6cbbaecccce412b65109686e03d090cc32aa75694655ea99343f1269a524,13.83,2026-02-17T09:42:08.195176Z,2026-02-17T10:57:08.195176Z,2026-02-17,0xf8a73b66d9d9efcc4dbbd6eeb360a43099baef2ee5477fc7e23808b695ac93bd
run_20260217_222909-0052,user-001,0xec42ab2b3dd90fa7ae6d5fba9676573b02e3c37087c6c9ccd91926c39cf67b88,0xd7de092d0cac5b580f9f03642e5c45cc548ec5d485e9dcebd838d7fffff5e800,14.515,2026-02-16T23:59:36.943182Z,2026-02-17T00:39:36.943182Z,,
run_20260217_222909-0053,user-008,0x44e79f860a1bb1cfb995a22f8cd7e75b123fcd4bcc9d36889de572bceacf95c7,0xb2b4ffb62dddfd8a4cc545de3a5f4d61f60c10a08dd4f057c2776284c300053a,7.244,2026-02-17T15:37:56.164736Z,2026-02-17T16:17:56.164736Z,2026-02-17,0xf8a73b66d9d9efcc4dbbd6eeb360a43099baef2ee5477fc7e23808b695ac93bd
run_20260217_222909-0054,user-005,0x99d1fe718b7b356b292e3279aae48fbba38878f04ad5882dbdd548edb4c53ea2,0xcd08843b6985db1d881a4738254a3988ecc075e1c1ec061a80e4db558c602685,22.016,2026-02-17T16:13:29.144866Z,2026-02-17T17:13:29.144866Z,2026-02-17,0xf8a73b66d9d9efcc4dbbd6eeb360a43099baef2ee5477fc7e23808b695ac93bd
run_20260217_222909-0055,user-008,0xe56d4141d9b116958f9f5f7e22ab64d4fdd08b298a3f156ef3b098205dd27a66,0xf95ed43237084a3af4a5a2c244f04b5cadb710723da4e8b7a10383ff8eff80c6,9.173,2026-02-17T21:04:08.786397Z,2026-02-17T22:19:08.786397Z,2026-02-17,0xf8a73b66d9d9efcc4dbbd6eeb360a43099baef2ee5477fc7e23808b695ac93bd
run_20260217_222909-0056,user-007,0xb8dea0a7c0ae0f853399532b75af768ec5a413c914541e26e0ffe019f8e00b17,0x3681d631a5ca20fc5445a0698c1b9d8d56710406eb080df6aadb3f5d9819a8d5,27.417,2026-02-17T19:24:31.263950Z,2026-02-17T20:39:31.263950Z,2026-02-17,0xf8a73b66d9d9efcc4dbbd6eeb360a43099baef2ee5477fc7e23808b695ac93bd
run_20260217_222909-0057,user-006,0x55437e46c26bb72961621e0f85675186a2a8e596caf581547b267ae41b8546c1,0x25ceb5267ea82a961d247bb0d16ac6261b311b7afcc25bd1b60fdde764cc51e6,13.443,2026-02-17T16:00:17.187827Z,2026-02-17T17:15:17.187827Z,2026-02-17,0xf8a73b66d9d9efcc4dbbd6eeb360a43099baef2ee5477fc7e23808b695ac93bd
run_20260217_222909-0058,user-010,0xc9ae799da8847b377369f42c5e25be73348c9c363cfe6a325885a930b02638fa,0x9e2ddb5c80d469d51b942a1bef32d647c01e43906d9d9328cd7c166762d5975f,3.986,2026-02-17T16:00:55.657580Z,2026-02-17T16:20:55.657580Z,2026-02-17,0xf8a73b66d9d9efcc4dbbd6eeb360a43099baef2ee5477fc7e23808b695ac93bd
run_20260217_222909-0059,user-002,0xddaedb40cc7dd9ce1a079ffd548102d4bef1078c1682f17faff8a28f80577369,0xedff62ba0d22df94ee0ce3022123bc139f0d134ee1a307df8b212492b1c05c34,7.29,2026-02-17T12:42:56.012075Z,2026-02-17T13:22:56.012075Z,2026-02-17,0xf8a73b66d9d9efcc4dbbd6eeb360a43099baef2ee5477fc7e23808b695ac93bd
run_20260217_222909-0060,user-009,0x45c2e2b6b73a70b58feb81e3bdc169b9cae939f4767068d9097e0294ae00d767,0xe12f90204f183683075c69e64db3200fac3de05208be33c925381169fc72943e,2.284,2026-02-17T23:07:18.317774Z,2026-02-17T23:27:18.317774Z,2026-02-17,0xf8a73b66d9d9efcc4dbbd6eeb360a43099baef2ee5477fc7e23808b695ac93bd
run_20260217_222909-0061,user-002,0x44a5003815726742a01667307ff22a9698e67505c365358ef7f9c18e49a721c0,0x5da36a36be3e3bf91f834912dfec04068b9498ce9c3c23de43b63ba6be750eae,4.978,2026-02-17T13:20:06.173136Z,2026-02-17T14:00:06.173136Z,2026-02-17,0xf8a73b66d9d9efcc4dbbd6eeb360a43099baef2ee5477fc7e23808b695ac93bd
run_20260217_222909-0062,user-010,0x56a9683bbadecd38801eb40e9f392e32c4df038275214a8bb134308c54bb6e92,0x1d55df0768658b668b5367a0b6be385bd74cf111af3293ff097c4b93b76bbda5,28.972,2026-02-17T03:04:59.458677Z,2026-02-17T04:19:59.458677Z,2026-02-17,0xf8a73b66d9d9efcc4dbbd6eeb360a43099baef2ee5477fc7e23808b695ac93bd
run_20260217_222909-0063,user-005,0x423f8de34474e8e09e91f9eeaa7d54ebba6d466ded593e891e794a4f9a2e0f32,0x7dccb9a23f5b865dde6a2fc2473516de4ebe2a302c685674aec320295e04865c,4.991,2026-02-17T13:01:09.385786Z,2026-02-17T13:41:09.385786Z,2026-02-17,0xf8a73b66d9d9efcc4dbbd6eeb360a43099baef2ee5477fc7e23808b695ac93bd
run_20260217_222909-0064,user-001,0x910344b2e9ad200c88f2df7c3d4361f25b357aacb65eba8d83e511e82d4128f9,0xc83b1963f1e1cfb86dd88ab7ef1e3e37c0d5e08cc9c15172740762934c4f9c8f,7.054,2026-02-17T10:24:03.732935Z,2026-02-17T10:44:03.732935Z,2026-02-17,0xf8a73b66d9d9efcc4dbbd6eeb360a43099baef2ee5477fc7e23808b695ac93bd
run_20260217_222909-0065,user-006,0x8e2a139ac49747d1edba4089c12919f612d9c0e18a909ca8897a20a30959dd96,0xce2351fb73343d8c9a832e3ea5eba5d2275a35402cc631929e8c141c6bdb8140,11.178,2026-02-17T18:43:38.007837Z,2026-02-17T19:13:38.007837Z,2026-02-17,0xf8a73b66d9d9efcc4dbbd6eeb360a43099baef2ee5477fc7e23808b695ac93bd
run_20260217_222909-0066,user-005,0x0298534569f0a8e69a7dbeedc2d52d68855230bfe3a97e336f973f24091bd0e1,0xe50b8a7988c6aca366783c99046c0190efe0f0d065a888117dc7451335b511fb,7.392,2026-02-17T05:03:24.054182Z,2026-02-17T05:23:24.054182Z,2026-02-17,0xf8a73b66d9d9efcc4dbbd6eeb360a43099baef2ee5477fc7e23808b695ac93bd
run_20260217_222909-0067,user-003,0x06b5282949b411a93b2f5cac6a8e4ecb022e59c0f2dd935b16beffa3e4dda058,0xb58e2fcd678a79269c0ec495cdcd6f167f3cc0cc7539e24976b3b5b2713b1cab,15.613,2026-02-17T05:06:25.293127Z,2026-02-17T05:46:25.293127Z,2026-02-17,0xf8a73b66d9d9efcc4dbbd6eeb360a43099baef2ee5477fc7e23808b695ac93bd
run_20260217_222909-0068,user-002,0x28487682c64efa43e60df5150c4c09d04ec35751c2336bbc1b28da849570af71,0x54071330fa466cb233bd0bed76b8d6b238b5a9f78b67c066c1a59cf727db8532,10.695,2026-02-17T20:36:18.593903Z,2026-02-17T21:06:18.593903Z,2026-02-17,0xf8a73b66d9d9efcc4dbbd6eeb360a43099baef2ee5477fc7e23808b695ac93bd
run_20260217_222909-0069,user-002,0x10f134b2a241d6abeb55899a3f71bfe1d7c11505f81b56a5dd8bef877311449b,0xbc72651c3f8f4aa631b5413cf5128dd1dd0704b87e6e95321a53e75889ffdabb,14.552,2026-02-17T13:04:06.487204Z,2026-02-17T13:44:06.487204Z,2026-02-17,0xf8a73b66d9d9efcc4dbbd6eeb360a43099baef2ee5477fc7e23808b695ac93bd
run_20260217_222909-0070,user-002,0xb6d43220c881c2ab0df851ee396e4f36309575ab87775840e8a893c7294f51d7,0x3f185f4c1a1dc8e4e47820b6f7675190b8678d54b5ff96a928470f2c6d6f3188,23.279,2026-02-17T08:44:01.101107Z,2026-02-17T09:44:01.101107Z,2026-02-17,0xf8a73b66d9d9efcc4dbbd6eeb360a43099baef2ee5477fc7e23808b695ac93bd
run_20260217_222909-0071,user-003,0x829bc72b5e9ff043d8050add475ae1d9823f61ba2ff6f356e94172fa89eb7c05,0x618aae0d722018b1a17a3934c61811278a2b6eb2040988ae9ba1a4d150a80445,3.472,2026-02-17T02:44:00.249071Z,2026-02-17T03:04:00.249071Z,2026-02-17,0xf8a73b66d9d9efcc4dbbd6eeb360a43099baef2ee5477fc7e23808b695ac93bd
run_20260217_222909-0072,user-004,0xbe1c0e735aff13deb6309cc6c59badf74793860a1165dc71e6a29907b90c9167,0x8686ece18f4a8f72e0ac1adff6d15dcf0be900d07e4baab993098ad7eafeb77d,7.269,2026-02-17T03:27:09.103298Z,2026-02-17T03:47:09.103298Z,2026-02-17,0xf8a73b66d9d9efcc4dbbd6eeb360a43099baef2ee5477fc7e23808b695ac93bd
run_20260217_222909-0073,user-002,0x566e21150dae2aaef345f4855bf355bf4750f0a190bbed8da356ef143bacbad6,0x78ed76cfd58e79973922c25384d9bcc1261719c112215f39eed05227a4e18b60,7.327,2026-02-17T01:12:25.467894Z,2026-02-17T02:12:25.467894Z,2026-02-17,0xf8a73b66d9d9efcc4dbbd6eeb360a43099baef2ee5477fc7e23808b695ac93bd
run_20260217_222909-0074,user-003,0x92b8548b9d0a3fdefdd479f429aacec5035dc884524956e261b7a230875bba53,0xac64d950f6010c29ed05a39f96ac083bfc5e09a6db991f1b903fd4521535b1bf,9.191,2026-02-17T05:03:21.179630Z,2026-02-17T06:18:21.179630Z,2026-02-17,0xf8a73b66d9d9efcc4dbbd6eeb360a43099baef2ee5477fc7e23808b695ac93bd
run_20260217_222909-0075,user-006,0x546aa5ace83363b8108cfbc3ea45b5359d7cf6ecd4f1a4b8ce8b1328d4541ae1,0xa3ee86d801253d26416506f5cf6ab7e36ad1966f09f7a5674f0654a528377695,3.616,2026-02-17T11:39:56.240463Z,2026-02-17T11:59:56.240463Z,2026-02-17,0xf8a73b66d9d9efcc4dbbd6eeb360a43099baef2ee5477fc7e23808b695ac93bd
run_20260217_222909-0076,user-008,0x91ce12216b27d5747dca5e159a07b8883ee0a2e409c83aa083a871ef4e9e00d0,0xc896f10a3f79a8ac172523639e779f52171a7816b0de4037f3a5b3abda87ffaa,2.518,2026-02-17T08:32:35.364885Z,2026-02-17T08:52:35.364885Z,2026-02-17,0xf8a73b66d9d9efcc4dbbd6eeb360a43099baef2ee5477fc7e23808b695ac93bd
run_20260217_222909-0077,user-002,0xdf80ed26bb58a72a8e157626e80d9a111123793396eef21af702ae22e673ad4b,0x9de2be9159cbdf05b4a63d03e77bd384ff57cd21afb9f012e307a1e8720a393e,14.153,2026-02-17T02:24:03.351493Z,2026-02-17T03:04:03.351493Z,2026-02-17,0xf8a73b66d9d9efcc4dbbd6eeb360a43099baef2ee5477fc7e23808b695ac93bd
run_20260217_222909-0078,user-002,0x1c477be9c08dfcf9fa36db7aafb42d5cb88c0833bfc8a2192fc4c8d4843af861,0xdb88a0385b895c345cbaa19e5b0e2db120d080fd66ea0c27f549fb15aceeaa69,6.784,2026-02-17T04:56:56.497556Z,2026-02-17T05:16:56.497556Z,2026-02-17,0xf8a73b66d9d9efcc4dbbd6eeb360a43099baef2ee5477fc7e23808b695ac93bd
run_20260217_222909-0079,user-007,0x0fee54186499259530e87b7406d55ebadecbb7cc536e3623388ec6a71942ca2a,0xacedf96a7fae86970478a3224249fa59bbb1404bf8ace5878bc47e1f251192ed,10.984,2026-02-17T15:50:56.308133Z,2026-02-17T16:50:56.308133Z,2026-02-17,0xf8a73b66d9d9efcc4dbbd6eeb360a43099baef2ee5477fc7e23808b695ac93bd
run_20260217_222909-0080,user-010,0x2a6c21b95c8ead171eba360b9f29a6854c622068c529133bb1fa071b59ed7ee0,0x63d248571f463acf9471a1e977596e8cd4b8ef594897dc59b08d7e2285da73cb,13.526,2026-02-17T01:01:27.632500Z,2026-02-17T02:16:27.632500Z,2026-02-17,0xf8a73b66d9d9efcc4dbbd6eeb360a43099baef2ee5477fc7e23808b695ac93bd
run_20260217_222909-0081,user-006,0xd4ac0450f3362921c1a2160a6e09be89098275e6e5ff9a7d4e04ef34a69f157d,0xc9bdd9b0dfc6bf2c6a253e903fb176b2894933d2da87dfe2e94cf71fe2eefda7,13.768,2026-02-17T21:13:33.908911Z,2026-02-17T21:53:33.908911Z,2026-02-17,0xf8a73b66d9d9efcc4dbbd6eeb360a43099baef2ee5477fc7e23808b695ac93bd
run_20260217_222909-0082,user-005,0x5366ebb430abe2e15f71eaa5b996caedf0e8923df3ccb857796e7fb1042f855e,0x366e742d4c947ffce21327686cc2492573645b7f5b61a9b65b2a868bd1c8fdcf,15.089,2026-02-17T23:17:18.445156Z,2026-02-17T23:57:18.445156Z,2026-02-17,0xf8a73b66d9d9efcc4dbbd6eeb360a43099baef2ee5477fc7e23808b695ac93bd
run_20260217_222909-0083,user-009,0x13111a8bac6478622f1f3b2fc618e3dd8e15544e3d83d234f9adebe1207c4e36,0x3f75901525ab2d07b1546df04bd600e8e75e0a2039bf59fbdcbcc32d4b226f97,10.78,2026-02-17T18:49:12.519165Z,2026-02-17T19:49:12.519165Z,2026-02-17,0xf8a73b66d9d9efcc4dbbd6eeb360a43099baef2ee5477fc7e23808b695ac93bd
run_20260217_222909-0084,user-007,0xf11eb515f0ff146052003a3a17e9bb989a24df4cbf2458a212fdb150b2c21f6c,0x69247d325b56fe63368384b141fb38d22c378a22be403f042f1ee47000a4f3ca,9.163,2026-02-17T17:25:38.384647Z,2026-02-17T18:40:38.384647Z,2026-02-17,0xf8a73b66d9d9efcc4dbbd6eeb360a43099baef2ee5477fc7e23808b695ac93bd
run_20260217_222909-0085,user-007,0xe0fe6c064a175a450e05a942426aa429985dfaa641bc76c3e3342efc79c00297,0x28f40b6859e61f14e9aa2789a78961d1ba627f3cefc11421a12aae55f6ee3186,10.819,2026-02-17T11:12:04.885144Z,2026-02-17T11:42:04.885144Z,2026-02-17,0xf8a73b66d9d9efcc4dbbd6eeb360a43099baef2ee5477fc7e23808b695ac93bd
run_20260217_222909-0086,user-006,0x473b9ee3bc99de0f886c5a90cec6eaca5fdba20136bd800a05078dc3e63fed42,0xf35c42734a954fd5e07d9c5cd7602b87f3bcfb1370c8c924aa061a68997c5578,13.233,2026-02-17T10:09:54.408512Z,2026-02-17T11:24:54.408512Z,2026-02-17,0xf8a73b66d9d9efcc4dbbd6eeb360a43099baef2ee5477fc7e23808b695ac93bd
run_20260217_222909-0087,user-006,0x60d32f859618d9982cb50790c793cfb9a7b83bea44d629d4f5e9c6b362b13ea6,0x00aa4171209b90d49c95c399c5f70e9da0ada61ae032edeca4387759e60ecf64,3.452,2026-02-17T18:39:56.174112Z,2026-02-17T19:09:56.174112Z,2026-02-17,0xf8a73b66d9d9efcc4dbbd6eeb360a43099baef2ee5477fc7e23808b695ac93bd
run_20260217_222909-0088,user-004,0xde1c706d51377ddc5f225cec9ae483054085be98a8c8d4b0014e8c874be911ec,0xbceee84873a30859499dd4c1baf99da68c71febf36ec4748ef81dca5f988a1ae,4.821,2026-02-17T21:30:57.688800Z,2026-02-17T22:10:57.688800Z,2026-02-17,0xf8a73b66d9d9efcc4dbbd6eeb360a43099baef2ee5477fc7e23808b695ac93bd
run_20260217_222909-0089,user-010,0x5816280c4daa8c053cc0645796c3929230a98ada27a1424f820157b0fe891fc2,0x382ceb2b5f789667355bff47ea3b96413ea7e0583beee36a2f1e6e63a326cc6b,13.768,2026-02-17T08:33:05.505830Z,2026-02-17T09:48:05.505830Z,2026-02-17,0xf8a73b66d9d9efcc4dbbd6eeb360a43099baef2ee5477fc7e23808b695ac93bd
run_20260217_222909-0090,user-007,0xdc75b97b336f56433d59ac450f74cbb116bd4fc3bc29f6a8935c5415d830c949,0x055157663b73bf524f0f15b71bc2f83b0b38d854a2ca22ff05ffb69a964eb6c7,27.819,2026-02-17T12:52:41.712669Z,2026-02-17T14:07:41.712669Z,2026-02-17,0xf8a73b66d9d9efcc4dbbd6eeb360a43099baef2ee5477fc7e23808b695ac93bd
run_20260217_222909-0091,user-008,0xad7edc041f77e1cdb6d15979f19fbb0a592372b37227f86730aaa5dd442c4fa0,0xc08254f85d8c855713fe29847ad796f059ca92b754529ec99ffafca4272f4806,8.865,2026-02-17T11:24:20.477006Z,2026-02-17T12:39:20.477006Z,2026-02-17,0xf8a73b66d9d9efcc4dbbd6eeb360a43099baef2ee5477fc7e23808b695ac93bd
run_20260217_222909-0092,user-003,0xa7d84a79da70e9e2654d1dec4fabda730fc62328a994765f0d4bb9204d523a16,0xa03b49b7c8f1fbb8136ec67df3129ed12531edc60a22d70e80404451743075ee,13.959,2026-02-17T01:58:53.106283Z,2026-02-17T02:38:53.106283Z,2026-02-17,0xf8a73b66d9d9efcc4dbbd6eeb360a43099baef2ee5477fc7e23808b695ac93bd
run_20260217_222909-0093,user-009,0x197de01eb6878da02f730f76df6209937e71c1605fb138c8e703faf6458ed4e0,0xb22a4a994f84a60fb4d9e0a8a391d45f8872ac7a16915d991fce4eb65f2d5474,22.841,2026-02-17T21:44:25.663818Z,2026-02-17T22:44:25.663818Z,2026-02-17,0xf8a73b66d9d9efcc4dbbd6eeb360a43099baef2ee5477fc7e23808b695ac93bd
run_20260217_222909-0094,user-001,0xcc35faf475c4779d06f8dbfeec0cc8c745f2cd1a7077db117330c43137fdd23b,0x61ede04e3f0457cffc0f3c44345c9b82a8ecd916fc70240c1d626b8a541f848d,8.902,2026-02-17T08:05:49.313891Z,2026-02-17T09:20:49.313891Z,2026-02-17,0xf8a73b66d9d9efcc4dbbd6eeb360a43099baef2ee5477fc7e23808b695ac93bd
run_20260217_222909-0095,user-005,0xc241822ebaa085348ed693eb0ee83be55c37c8c7b9d4d1ce6f6f2a506483fb36,0x4014697571da46a26a58b8ccf5e9eeaba2eb5065f8ab9461824764f316974769,7.144,2026-02-17T00:48:32.450546Z,2026-02-17T01:48:32.450546Z,2026-02-17,0xf8a73b66d9d9efcc4dbbd6eeb360a43099baef2ee5477fc7e23808b695ac93bd
run_20260217_222909-0096,user-006,0xc3efd75724066cdc6ef4c481b93e8029caea5dcc4dcbae7d39de0b42dd42302c,0x0ce727ab4051bce4a7ca3e6fac7ca46d592018a161eea38842b7d1037cd56f7a,7.477,2026-02-17T10:40:27.679595Z,2026-02-17T11:00:27.679595Z,2026-02-17,0xf8a73b66d9d9efcc4dbbd6eeb360a43099baef2ee5477fc7e23808b695ac93bd
run_20260217_222909-0097,user-009,0x3f6402406bcd743a38cd75d7ef4e98e24c7d48b09160862ac122bc48324b3a88,0x4c283f75d3f6fa2a681975b2c768d324129d10203e6a64081f2db82a4bceef80,7.385,2026-02-17T20:26:49.076122Z,2026-02-17T21:26:49.076122Z,2026-02-17,0xf8a73b66d9d9efcc4dbbd6eeb360a43099baef2ee5477fc7e23808b695ac93bd
run_20260217_222909-0098,user-003,0xe242614c05eddba8d2a9066932e7f604b67b59e7097f5c1d53b9f60fa64c6b9d,0x935d5e3918153ace91375f3ea90eb4d6a9d420ae63a2c93ffcaf315a121538c5,7.352,2026-02-17T20:40:51.395620Z,2026-02-17T21:20:51.395620Z,2026-02-17,0xf8a73b66d9d9efcc4dbbd6eeb360a43099baef2ee5477fc7e23808b695ac93bd
run_20260217_222909-0099,user-010,0x83243c932ebc40a54ce1eae7c7ca64996980b1627f8cc2821de62d0e8e5a4b27,0x0d157dde8b29548c66a43fb36121fab062bebc037436c52105cdab0f3afecb3c,3.857,2026-02-17T11:19:00.541891Z,2026-02-17T11:39:00.541891Z,2026-02-17,0xf8a73b66d9d9efcc4dbbd6eeb360a43099baef2ee5477fc7e23808b695ac93bd
run_20260217_222909-0100,user-002,0x0b6c63ebd7804d80054635e2cea45eefb6a96bbe190f886c94bd493c2d3bcab3,0x41f9b1d3eaaa76b9188a9d64ceb24a5c2cad2571ab603fd32e0922b188fc9053,21.51,2026-02-17T03:54:10.180940Z,2026-02-17T04:54:10.180940Z,2026-02-17,0xf8a73b66d9d9efcc4dbbd6eeb360a43099baef2ee5477fc7e23808b695ac93bd
run_20260217_222909-0101,user-009,0xbdf05faaa7a142b01166ce3678e70d10d696ed4fda801857cb5b969b9dc002c1,0x04441190706561f696ba0875c8de1593a120f165addc0206afb5020df15d3fba,11.384,2026-02-17T10:41:01.271311Z,2026-02-17T11:41:01.271311Z,2026-02-17,0xf8a73b66d9d9efcc4dbbd6eeb360a43099baef2ee5477fc7e23808b695ac93bd
run_20260217_222909-0102,user-003,0xfe826c6add288be0795e83d66f7e9a0f3faa1d1d762c5f285fe292cda6ffdee2,0xc18e53346de4eee73c7a1e1707b328f50ba8095dcc8bc1a4709737e968b74039,22.866,2026-02-17T04:03:14.852056Z,2026-02-17T05:03:14.852056Z,2026-02-17,0xf8a73b66d9d9efcc4dbbd6eeb360a43099baef2ee5477fc7e23808b695ac93bd
run_20260217_222909-0103,user-001,0xce78a49dada8d98b0d3a8f0f69312ac931e4d124bc8f0994f845f889b33c791e,0xa722b88d7e700b27a309d4bedcc0f96fd96b70ac18d410ff41eeedf910d382f6,5.643,2026-02-17T05:54:15.664614Z,2026-02-17T06:24:15.664614Z,2026-02-17,0xf8a73b66d9d9efcc4dbbd6eeb360a43099baef2ee5477fc7e23808b695ac93bd
run_20260217_222909-0104,user-007,0xfb057d372c94fc62d309d7a604b861c4f1d2c596900ac95158310cbd8842ece8,0xe033cfff90d9d227193d80cea34744fbd6de81554330eca9d1f6181718ae189c,5.47,2026-02-17T15:50:47.235306Z,2026-02-17T16:20:47.235306Z,2026-02-17,0xf8a73b66d9d9efcc4dbbd6eeb360a43099baef2ee5477fc7e23808b695ac93bd
run_20260217_222909-0105,user-003,0x6d5f0054ce0a21eeb9c6697cbcc0030444ec7183761d949258ee47e12b27c6b2,0x2fd33aa8c28290402f7d401560a6f8639d2367bc2c79a44f1f38434af924ca51,4.931,2026-02-17T10:53:31.012069Z,2026-02-17T11:33:31.012069Z,2026-02-17,0xf8a73b66d9d9efcc4dbbd6eeb360a43099baef2ee5477fc7e23808b695ac93bd
run_20260217_222909-0106,user-007,0x0a9ce85d5e2975be69c016b2e19e1f5784f746bdf3bd8af9d573111f5d5e5789,0x577da11ea8aed1062f5bd7289c0b49c0c5675034f9a6c01b684b8023e921a704,2.209,2026-02-17T17:23:38.416890Z,2026-02-17T17:43:38.416890Z,2026-02-17,0xf8a73b66d9d9efcc4dbbd6eeb360a43099baef2ee5477fc7e23808b695ac93bd
run_20260217_222909-0107,user-003,0x7f0dc749a7cc843290d3a5dac6605e002a86113f2121494a129fe9078ac22f37,0x43c85636262de4839a494a1d477551a60bf84131f11d59efd41ebb28bed5a44d,7.33,2026-02-17T03:36:54.971619Z,2026-02-17T04:36:54.971619Z,2026-02-17,0xf8a73b66d9d9efcc4dbbd6eeb360a43099baef2ee5477fc7e23808b695ac93bd
run_20260217_222909-0108,user-005,0xb51a81086e3781cea6f02d75d8db082d5afb073bc6d5f8fd8e325641739cb5e3,0x3684ca7e78be4c61be60e4599202ceae80651ba23b41a32707039b4c752b5fe5,2.315,2026-02-17T17:59:33.553173Z,2026-02-17T18:19:33.553173Z,2026-02-17,0xf8a73b66d9d9efcc4dbbd6eeb360a43099baef2ee5477fc7e23808b695ac93bd
run_20260217_222909-0109,user-008,0xaad747b0d081e1d48aa6dcf58724b426f868c9b28ff0632fc287114e7274c987,0xb6800cea6471345406d272a13eaebc762837bb319f65ee86694d5182e59b3674,12.912,2026-02-17T18:50:01.115243Z,2026-02-17T20:05:01.115243Z,2026-02-17,0xf8a73b66d9d9efcc4dbbd6eeb360a43099baef2ee5477fc7e23808b695ac93bd
run_20260217_222909-0110,user-003,0x64152cf33eb44b87178c7013656ae271720400efc486c07f7506a5db31ca5fc6,0x122a0df97a5cde90401de8278b51d0d151662ca608eeba69f95a65c8545b4af4,9.411,2026-02-17T04:56:04.632436Z,2026-02-17T06:11:04.632436Z,2026-02-17,0xf8a73b66d9d9efcc4dbbd6eeb360a43099baef2ee5477fc7e23808b695ac93bd
run_20260217_222909-0111,user-007,0x3f894e25924553f7ab37d2f3a699f2254bd4acf95b3e6b65667806bed1d6b61d,0xaf27e712e731c2298778cd11d154c53f1e98c5c16b19706d747f1867eb359f31,2.412,2026-02-17T04:13:23.475882Z,2026-02-17T04:33:23.475882Z,2026-02-17,0xf8a73b66d9d9efcc4dbbd6eeb360a43099baef2ee5477fc7e23808b695ac93bd
run_20260217_222909-0112,user-009,0x3ea9b9580123d7fc5a87e8851b3a3649f066820f8479c414b957802eae33ab15,0xaba60f66628627945da4020194c76920df060bec081467c294d561acfdfc13ce,3.624,2026-02-17T08:37:41.804503Z,2026-02-17T09:07:41.804503Z,2026-02-17,0xf8a73b66d9d9efcc4dbbd6eeb360a43099baef2ee5477fc7e23808b695ac93bd
run_20260217_222909-0113,user-004,0x335e8cd15bf375cba0ae02d21d1b5445eb672bf4925af56d053df96232cf0223,0xa217769b33532ef2d37f5ba01331fae707b877d7b093c5eb236bba79754a99ae,13.953,2026-02-17T15:40:43.605686Z,2026-02-17T16:55:43.605686Z,2026-02-17,0xf8a73b66d9d9efcc4dbbd6eeb360a43099baef2ee5477fc7e23808b695ac93bd
run_20260217_222909-0114,user-010,0x8537e60668270d093697c9ea6d3d6ae111926915a0a73f076ab34feabe246097,0x28fdad646ff7f6cf7cf7986e2f917c661ad9e43ce042660077383c84d5ea1724,10.339,2026-02-17T17:37:53.729563Z,2026-02-17T18:07:53.729563Z,2026-02-17,0xf8a73b66d9d9efcc4dbbd6eeb360a43099baef2ee5477fc7e23808b695ac93bd
run_20260217_222909-0115,user-007,0xd9b3bde4bfaddb1300132c0655e037a3dc45fc7dbde164c43dfe7fb41369d7b4,0xcfae8021942177ceb9bf22c4a8d1a0fb77bb94872e426a5e61543a821a447874,7.911,2026-02-17T16:50:41.713508Z,2026-02-17T17:10:41.713508Z,2026-02-17,0xf8a73b66d9d9efcc4dbbd6eeb360a43099baef2ee5477fc7e23808b695ac93bd
run_20260217_222909-0116,user-006,0x831dc01b802edbb19d92917e87692682bae8d64066be383923d6c2505e747a12,0x72577a1aea75f4f94c8d5f77fd98d47b72d12ca2a6ca8e1d41e14daa7ac4aa05,7.304,2026-02-17T06:21:45.141185Z,2026-02-17T07:01:45.141185Z,2026-02-17,0xf8a73b66d9d9efcc4dbbd6eeb360a43099baef2ee5477fc7e23808b695ac93bd
run_20260217_222909-0117,user-010,0x8ee3d024f708826e6dc2b82e6601bb735e6bad474dcb9c0d70dc9a2b848bc2c1,0xb736723def56a1e380e0ab604deb6f19bda4703a5f8172f6e8fc9d2b6f032b45,5.789,2026-02-17T13:56:53.158176Z,2026-02-17T14:26:53.158176Z,2026-02-17,0xf8a73b66d9d9efcc4dbbd6eeb360a43099baef2ee5477fc7e23808b695ac93bd
run_20260217_222909-0118,user-002,0x87c1434f636457114e6a7b467e62e09cebc63137b0dbae41268041935f49e200,0x30526ac3175c717136dbd2548ccc44134db723ec42c8b5f17cc653fbc1416220,12.993,2026-02-17T01:17:51.885728Z,2026-02-17T02:32:51.885728Z,2026-02-17,0xf8a73b66d9d9efcc4dbbd6eeb360a43099baef2ee5477fc7e23808b695ac93bd
run_20260217_222909-0119,user-001,0x09f4b45d23b79f8591a5a6feacac8ae163aafa908102b00f237f4c18bdf54608,0x109c8e1c788f7c7befdb6849e8d31a801140d6174ac56960a6a0cb7cc5809182,5.514,2026-02-17T10:17:47.665969Z,2026-02-17T10:47:47.665969Z,2026-02-17,0xf8a73b66d9d9efcc4dbbd6eeb360a43099baef2ee5477fc7e23808b695ac93bd
run_20260217_222909-0120,user-003,0xbc58e93e2ac018579255a4fecafd1fa21994ecc6a16b94bfeaffca0c56049487,0x3bdd800186f1eb2ce2af0d773f397c4cb6cafe37858eb5a986a7c1d20d52e5f9,11.171,2026-02-17T00:34:52.844748Z,2026-02-17T01:34:52.844748Z,2026-02-17,0xf8a73b66d9d9efcc4dbbd6eeb360a43099baef2ee5477fc7e23808b695ac93bd
run_20260217_222909-0121,user-003,0x5160943ef6ab6c1379864820002faec9e3bfb17016453889372bcd9e0465f56c,0xc0370d3c5af4429617f59d7d6e7764a09821f8376ff73928ea167a58fa2f1199,14.206,2026-02-17T16:06:43.750764Z,2026-02-17T17:21:43.750764Z,2026-02-17,0xf8a73b66d9d9efcc4dbbd6eeb360a43099baef2ee5477fc7e23808b695ac93bd
run_20260217_222909-0122,user-010,0xfe9f3d390dfb64c96544603d965136d795bade02fcb46eeec7bb3211f49e65eb,0x4f6166c3fc4a01cbfdac174e9cdd87a58872be98d8c56c11c5e324dda78ebda7,26.698,2026-02-17T12:35:35.405503Z,2026-02-17T13:50:35.405503Z,2026-02-17,0xf8a73b66d9d9efcc4dbbd6eeb360a43099baef2ee5477fc7e23808b695ac93bd
run_20260217_222909-0123,user-007,0xbb58a53ea173aeb18432d95c8d9b55c268cd3585d4d95d874d7ca3da26bc09f2,0xff2e84c288211c6a00ebda8b1bbe2e1498ccd8f60ad3a901010a18a29ad2ed78,13.821,2026-02-17T11:56:22.794802Z,2026-02-17T13:11:22.794802Z,2026-02-17,0xf8a73b66d9d9efcc4dbbd6eeb360a43099baef2ee5477fc7e23808b695ac93bd
run_20260217_222909-0124,user-008,0x4c0a6a306074770ee749e3838ecdad0998ab4c51e8bba6a321d943866f8dbe3a,0xdc117958b2f241d711948b950c8d409ef3a4431be25000f09730ee2d338ec7b1,5.334,2026-02-17T19:22:08.375787Z,2026-02-17T19:52:08.375787Z,2026-02-17,0xf8a73b66d9d9efcc4dbbd6eeb360a43099baef2ee5477fc7e23808b695ac93bd
run_20260217_222909-0125,user-008,0x857fb93c5b00b8129fe9e5360d6a4088e626a306e489a0f1da174733cd47f90b,0x99ebe39195e691b61eae54dd90ff8014b4a0bb5d651921ccbdf050d52bb09999,7.491,2026-02-17T15:36:43.405749Z,2026-02-17T16:16:43.405749Z,2026-02-17,0xf8a73b66d9d9efcc4dbbd6eeb360a43099baef2ee5477fc7e23808b695ac93bd
run_20260217_222909-0126,user-002,0xc638ce0ce88c1ecf3dca7980c727ddf2f473b9a98bd3e00f737586ecbc909b07,0x19b6437ec29cd69ea0e6b6e4712fe28e5f7a544ce6cc660e0e6ee7970ea5d41e,22.547,2026-02-17T15:40:14.192382Z,2026-02-17T16:40:14.192382Z,2026-02-17,0xf8a73b66d9d9efcc4dbbd6eeb360a43099baef2ee5477fc7e23808b695ac93bd
run_20260217_222909-0127,user-002,0x706b7f41949b48f1d54a2645736068e365def363852a6788a5ef314119e2ebc8,0x07587a8b71fa5edb37e0991ab84d881ffdc16ce83c1c56d739f47ba67edb073f,7.189,2026-02-17T14:03:50.761973Z,2026-02-17T15:03:50.761973Z,2026-02-17,0xf8a73b66d9d9efcc4dbbd6eeb360a43099baef2ee5477fc7e23808b695ac93bd
run_20260217_222909-0128,user-002,0x40f46f5e3ff64ede403929fecfc1e4946c2358a79de3d6da0597804d99bc0dd7,0x2d950857669dcfec20d53b0b5ebb05c0e067256b6939d6751da2a30887eccb08,10.959,2026-02-17T08:19:41.389692Z,2026-02-17T08:49:41.389692Z,2026-02-17,0xf8a73b66d9d9efcc4dbbd6eeb360a43099baef2ee5477fc7e23808b695ac93bd
run_20260217_222909-0129,user-007,0xfe29287a88c6f9ce56cc70ddf86bb0452c58459d01c0c2a1466adf1693be8f3d,0x2ae7927127c8f4197e9d5680dd984f7eefb9f47f161fd9bd5c9057a3cbb157d7,11.401,2026-02-17T05:04:20.201579Z,2026-02-17T05:34:20.201579Z,2026-02-17,0xf8a73b66d9d9efcc4dbbd6eeb360a43099baef2ee5477fc7e23808b695ac93bd
run_20260217_222909-0130,user-009,0xd7c37f575c81aa9d1663f1fcdd51aa279a2f41e9cca729b8b08f5c31c540ace5,0x61a3490706519f2be63dde221a6cc1570e89f3d4d159ccf76496b526bfd96dde,10.887,2026-02-17T11:23:58.878590Z,2026-02-17T11:53:58.878590Z,2026-02-17,0xf8a73b66d9d9efcc4dbbd6eeb360a43099baef2ee5477fc7e23808b695ac93bd
run_20260217_222909-0131,user-006,0x4b3b6511859bfce972a9afabc6e39c8f9c66217824927adf6fd3cdbe96939823,0x66aa9f385ae16356d3557fbe9d12a163b5f463de5377be5f378280c19f3abfef,27.964,2026-02-17T05:00:17.673794Z,2026-02-17T06:15:17.673794Z,2026-02-17,0xf8a73b66d9d9efcc4dbbd6eeb360a43099baef2ee5477fc7e23808b695ac93bd
run_20260217_222909-0132,user-006,0xb3720418fc21b42c4abfb0d9038b4e68b0c78c7a9d79e5b28304bf6848ba0583,0xc7d2de69bb3aa1a6ac05083b9ae59bdde152607dad4aa1f1d71823ddb80ba90e,8.904,2026-02-17T16:44:11.879451Z,2026-02-17T17:59:11.879451Z,2026-02-17,0xf8a73b66d9d9efcc4dbbd6eeb360a43099baef2ee5477fc7e23808b695ac93bd
run_20260217_222909-0133,user-010,0x368bf15933d956a72b31649a89f2beb24e38d4de70563ba5ed1214ed532b6d83,0x461c9cf73a25331d2e4e52a1ad40e309def63696b901336a67866f636bc912c8,13.341,2026-02-17T15:00:58.813652Z,2026-02-17T16:15:58.813652Z,2026-02-17,0xf8a73b66d9d9efcc4dbbd6eeb360a43099baef2ee5477fc7e23808b695ac93bd
run_20260217_222909-0134,user-003,0x3e11dd51d53d8e1cddc5883f57ea711a6db2dd4d05550517178625b992c4d074,0x30b7e66ec0006d4e1880b7717b76ec5aee4cf19fc6b6033b87b3f7a644a26fcc,13.343,2026-02-17T20:02:03.989671Z,2026-02-17T21:17:03.989671Z,2026-02-17,0xf8a73b66d9d9efcc4dbbd6eeb360a43099baef2ee5477fc7e23808b695ac93bd
run_20260217_222909-0135,user-007,0x4ee83d38b4c9d2c2711116f4466b1081f01e5836c89158b1ba505129714e3ba0,0x6ebdb542736ebc4c8e8d740d358d4b14e2ee0c68d39848a5862beaf9a8c31eb7,7.856,2026-02-17T15:42:52.705929Z,2026-02-17T16:02:52.705929Z,2026-02-17,0xf8a73b66d9d9efcc4dbbd6eeb360a43099baef2ee5477fc7e23808b695ac93bd
run_20260217_222909-0136,user-003,0xbd9bde9ddce76f09991ecf46726b1782dc3d2929b9e6d1a1955190cf77c9a661,0x4df03d8eaad08e53676074708d52748eced44b3a94d48470a93b64999647d475,10.94,2026-02-17T05:31:40.813793Z,2026-02-17T06:31:40.813793Z,2026-02-17,0xf8a73b66d9d9efcc4dbbd6eeb360a43099baef2ee5477fc7e23808b695ac93bd
run_20260217_222909-0137,user-004,0x01c4444d7b69db96ffb4ac0fa455f21cf48e452ecc8b673aaf7345200ed605dc,0xb38bb0d2748027cbcffdf74861ea1b1c629ed124794ed80f3a604b74fff8e50f,3.581,2026-02-17T03:56:51.412752Z,2026-02-17T04:16:51.412752Z,2026-02-17,0xf8a73b66d9d9efcc4dbbd6eeb360a43099baef2ee5477fc7e23808b695ac93bd
run_20260217_222909-0138,user-006,0xecd4d11a8011ece61f7a083c7e0fece3ad86d61564386d1e79cf0f7bd0c493e7,0x7609e003d04b20518321295397618d8d6efd7908c582f8b537acfaf54d313b97,11.045,2026-02-17T20:15:37.513355Z,2026-02-17T20:45:37.513355Z,2026-02-17,0xf8a73b66d9d9efcc4dbbd6eeb360a43099baef2ee5477fc7e23808b695ac93bd
run_20260217_222909-0139,user-002,0x9374ecece9f0c014f0fa3a93ff1f61834c0bbc1041c74a18cc3561981bf99a37,0x2b492737381ee263faee30a4803602a0a502ffb5bea58df3b1920d21c5f7f59a,21.829,2026-02-17T09:43:43.225658Z,2026-02-17T10:43:43.225658Z,2026-02-17,0xf8a73b66d9d9efcc4dbbd6eeb360a43099baef2ee5477fc7e23808b695ac93bd
run_20260217_222909-0140,user-010,0xa81566d1b85244cc39eeff859d0a34eec1b40e447c31b0e65732e8b46cfd340d,0xd14ab92397a4337a9f6d62999adf4832befe8beadb4c94b6f47ebdec2725af9c,5.026,2026-02-17T05:26:32.698442Z,2026-02-17T06:06:32.698442Z,2026-02-17,0xf8a73b66d9d9efcc4dbbd6eeb360a43099baef2ee5477fc7e23808b695ac93bd
run_20260217_222909-0141,user-007,0x476634a366c82813f0b52626ff97ebe8108df0dbcb4a24162958802aea6291a7,0xd3014fc7df38f154f27398c13aabf43b2e784c7fa3014ef8110d8eef503adcc4,3.703,2026-02-17T10:38:34.502459Z,2026-02-17T10:58:34.502459Z,2026-02-17,0xf8a73b66d9d9efcc4dbbd6eeb360a43099baef2ee5477fc7e23808b695ac93bd
run_20260217_222909-0142,user-005,0x83b32e9a7a9acc70cf980170a6efb3d124bce7aeb3f3fd7e8b70cecb0d38ea1c,0x8135b320b14dadab35b2c394803b521558aff3187e6e59be1fd304d28368825e,13.787,2026-02-17T14:56:53.839713Z,2026-02-17T16:11:53.839713Z,2026-02-17,0xf8a73b66d9d9efcc4dbbd6eeb360a43099baef2ee5477fc7e23808b695ac93bd
run_20260217_222909-0143,user-004,0xd90f43bab0c723e251b9eec3d95b4bba23c7bfb554eebdeeeeb5de960b7a882a,0xe42ab44bf849d00ebb90dea12cb052009fd509c116b214fbae7a853cea8721fb,22.225,2026-02-17T22:44:47.235245Z,2026-02-17T23:44:47.235245Z,2026-02-17,0xf8a73b66d9d9efcc4dbbd6eeb360a43099baef2ee5477fc7e23808b695ac93bd
run_20260217_222909-0144,user-002,0x3aa0a26a83436b09a5d160e501f8f0e2f18ac7bacdface74789e06dfc6c60274,0xad5ccd45af734dcde76c4e7f891705f5623ce9c97d3261dd3b76f50b716dbcee,7.065,2026-02-17T06:03:29.634748Z,2026-02-17T07:03:29.634748Z,2026-02-17,0xf8a73b66d9d9efcc4dbbd6eeb360a43099baef2ee5477fc7e23808b695ac93bd
run_20260217_222909-0145,user-006,0x6d58d0689c5d71a1cbb2734c2a790a77ec1c254ea62fd79fb6310b6b7633669d,0xd9829a08e304106d650b35189b53ad24ddeaa2216f32a3c6c07cdf177011e478,7.423,2026-02-17T02:02:21.844895Z,2026-02-17T02:42:21.844895Z,2026-02-17,0xf8a73b66d9d9efcc4dbbd6eeb360a43099baef2ee5477fc7e23808b695ac93bd
run_20260217_222909-0146,user-004,0xc91c85399c323a9e0231fb522487ce71098f59e554162af9f84e9185b56664a9,0xb32e991717d68fa602ce8c454fbb24021c7af126668bb03738a93d243e139586,5.138,2026-02-17T14:52:01.843462Z,2026-02-17T15:22:01.843462Z,2026-02-17,0xf8a73b66d9d9efcc4dbbd6eeb360a43099baef2ee5477fc7e23808b695ac93bd
run_20260217_222909-0147,user-003,0x956506a785bfeccabad988dd53e336e27bf94537b135183e8a0485d3d867ddc0,0xdd67758f265de66ee78c2fab9285694e80c450a268df488bd2094522b30dd1f7,5.083,2026-02-17T06:23:48.478721Z,2026-02-17T07:03:48.478721Z,2026-02-17,0xf8a73b66d9d9efcc4dbbd6eeb360a43099baef2ee5477fc7e23808b695ac93bd
run_20260217_222909-0148,user-001,0x9f76569325e718b01238973e197763b2538813678c39b6d465f3c39ba885723b,0x46075de99f7144dc806d280868fe1eb872413860a4d5bea2728db9a0d081457c,6.888,2026-02-17T05:38:21.123915Z,2026-02-17T06:38:21.123915Z,2026-02-17,0xf8a73b66d9d9efcc4dbbd6eeb360a43099baef2ee5477fc7e23808b695ac93bd
run_20260217_222909-0149,user-001,0xdf11059e413fe12acf35bc1eb09681a9ed513a8bde739bbb9f6825f7c24456da,0x05187ad804b3412120e7cbf1e159e8c672119ecf1a77fafff09943cec5407a7e,14.426,2026-02-17T11:16:38.315313Z,2026-02-17T11:56:38.315313Z,2026-02-17,0xf8a73b66d9d9efcc4dbbd6eeb360a43099baef2ee5477fc7e23808b695ac93bd
run_20260217_222909-0150,user-010,0x0d9deb334222d07bb6944ad3a39f985b74c74601429ca74dc3445350def5f21d,0xaec30806f4ec3429a2c9ae615805665f57cee07e6fadae8ec2c616b2e89960da,7.639,2026-02-17T11:20:54.202861Z,2026-02-17T12:00:54.202861Z,2026-02-17,0xf8a73b66d9d9efcc4dbbd6eeb360a43099baef2ee5477fc7e23808b695ac93bd
run_20260217_222909-0151,user-001,0x161bf396aed0ad1a8173353a48ac774862f068ffee67433f9e837ca4977e9749,0xb70a0c3f313c0f350371daa5a45b3077c843eabfaf28262aea8578fd9d31beb1,10.794,2026-02-17T21:44:21.556331Z,2026-02-17T22:44:21.556331Z,2026-02-17,0xf8a73b66d9d9efcc4dbbd6eeb360a43099baef2ee5477fc7e23808b695ac93bd
run_20260217_222909-0152,user-010,0x2e2f3ee9c69607da84afefefc856a919e1b2693c9e9c89d6cb6ade3d734004c1,0xe90c3c45d70780f81b6289609617e7274d23c455effefaba479094abe7192e47,2.228,2026-02-17T12:34:16.775147Z,2026-02-17T12:54:16.775147Z,2026-02-17,0xf8a73b66d9d9efcc4dbbd6eeb360a43099baef2ee5477fc7e23808b695ac93bd
run_20260217_222909-0153,user-006,0xc39838f6372298b30ce4542ba9416897f992ac71ec3e2feded798588e4db4bb8,0xad8ccfd9891431b746de811f4c9a26d7eb6a24790f0aca1afe3e5c394b1eb5af,11.431,2026-02-17T23:36:27.140575Z,2026-02-18T00:06:27.140575Z,2026-02-17,0xf8a73b66d9d9efcc4dbbd6eeb360a43099baef2ee5477fc7e23808b695ac93bd
run_20260217_222909-0154,user-007,0xa4ee3742694ec0a529edd5a2a67acec54b309b3878f007a9ea1c474f45c91621,0xe04b86c37c015d52312689d17cd9c88e3dec81917f78cc35eeb646af99ceaaf5,13.321,2026-02-17T07:44:04.178948Z,2026-02-17T08:59:04.178948Z,2026-02-17,0xf8a73b66d9d9efcc4dbbd6eeb360a43099baef2ee5477fc7e23808b695ac93bd
run_20260217_222909-0155,user-006,0x590c022345fb8195b844eb8afc610ec399f554e6c293d6babdabfb3b366e6983,0xd3605a7d91ff866f728d7b9f977b07e728052c273ded39d71795f07db66ec508,11.456,2026-02-17T10:42:37.540564Z,2026-02-17T11:42:37.540564Z,2026-02-17,0xf8a73b66d9d9efcc4dbbd6eeb360a43099baef2ee5477fc7e23808b695ac93bd
run_20260217_222909-0156,user-001,0xe74b32680b3a96470e1c6aa8da38bd1e1615bd725e3ee0ddc4bebe1fda91ede1,0x5481a4fcd3ed2fb1a2d7f11f891f1cb9991fbf756d7cc959d113b707837203d2,10.965,2026-02-17T01:21:08.236358Z,2026-02-17T02:21:08.236358Z,2026-02-17,0xf8a73b66d9d9efcc4dbbd6eeb360a43099baef2ee5477fc7e23808b695ac93bd
run_20260217_222909-0157,user-007,0xa82c3dd464e2c93ab4a91b42cd121ad8063404f5a983377a7c8685aa8502881b,0x1513bbf2e99040c901bda200fd7192d124b3c1f66bcbd3d3ad940338a772e445,9.08,2026-02-17T05:16:59.789274Z,2026-02-17T06:31:59.789274Z,2026-02-17,0xf8a73b66d9d9efcc4dbbd6eeb360a43099baef2ee5477fc7e23808b695ac93bd
run_20260217_222909-0158,user-008,0x0d0dc1e3f6434f9bc58e5e116185fdb823ca8dad28576dbcddd0a87c50ee4f1d,0xab58a9beaee5b5b42a1e534467c4981991c6fb1c003a7f39b6fe0bb8925c4c57,4.641,2026-02-17T21:24:57.587441Z,2026-02-17T22:04:57.587441Z,2026-02-17,0xf8a73b66d9d9efcc4dbbd6eeb360a43099baef2ee5477fc7e23808b695ac93bd
run_20260217_222909-0159,user-006,0xa9acef7e6259a5a2434a720bc66d547e1e5e5e2fc3e68af3edd0594b718b9b02,0xa2f3f4f0817afbea9c01cb3ff916e4fd39dc3391a629449f7873ac5cb831e7bf,5.548,2026-02-17T09:30:22.546411Z,2026-02-17T10:00:22.546411Z,2026-02-17,0xf8a73b66d9d9efcc4dbbd6eeb360a43099baef2ee5477fc7e23808b695ac93bd
run_20260217_222909-0160,user-006,0x46a45e9375e09733a414bea35412fa7eb069d68fd0f26052456b0784d13499b1,0x5220e847b8cd71044eadbf6b25b4a03e97c1892e8ce092a5a81abc1c482edd62,10.901,2026-02-17T14:57:28.821879Z,2026-02-17T15:57:28.821879Z,2026-02-17,0xf8a73b66d9d9efcc4dbbd6eeb360a43099baef2ee5477fc7e23808b695ac93bd
run_20260217_222909-0161,user-003,0x8fc51ec9a829530752addc304cde614e9c7d06b3c233ecfa69a93053aeedba7a,0xfbbeb536b446e2e49ac9d8877810a1afbc9eb13128c37309e999a2a2808f6a39,5.371,2026-02-17T08:46:59.766174Z,2026-02-17T09:16:59.766174Z,2026-02-17,0xf8a73b66d9d9efcc4dbbd6eeb360a43099baef2ee5477fc7e23808b695ac93bd
run_20260217_222909-0162,user-007,0x6ed38a4302a8a94b9870c0a8da0ebb91ec959cfcda0b9d4521282f08505ec374,0x423893e0a28d9949dc6d5f36586a2cfe5e2d2c1fbe7b0610670931a8cc4b75d7,14.411,2026-02-17T10:56:09.054427Z,2026-02-17T11:36:09.054427Z,2026-02-17,0xf8a73b66d9d9efcc4dbbd6eeb360a43099baef2ee5477fc7e23808b695ac93bd
run_20260217_222909-0163,user-007,0xdeef78077f298217444d84329f1ccb04b95f372480037271683deecdfca5b40a,0x609f46a7499b5300b183770c566e83a492704c8ed76241502877b03a2d0196fb,7.491,2026-02-17T00:46:47.518060Z,2026-02-17T01:26:47.518060Z,2026-02-17,0xf8a73b66d9d9efcc4dbbd6eeb360a43099baef2ee5477fc7e23808b695ac93bd
run_20260217_222909-0164,user-010,0xa9dfa17b9d389fc912924566032c79610a70ef85c970ce0961a28c029f475361,0x38912eb137a36b1b345df3905a42bb5c70e0c3a7c9152d58ff342af93e474677,5.981,2026-02-17T07:24:46.216786Z,2026-02-17T07:54:46.216786Z,2026-02-17,0xf8a73b66d9d9efcc4dbbd6eeb360a43099baef2ee5477fc7e23808b695ac93bd
run_20260217_222909-0165,user-005,0x1808e9bd3bb16f6152785d3347941b5abecc4fd85bf2a6c20ff562bb1432ce94,0x5190390736bd8cc4fa9e0b9644026d4a59f6eb736b2ace052fcc915f50517ce1,10.736,2026-02-17T15:44:59.038775Z,2026-02-17T16:14:59.038775Z,2026-02-17,0xf8a73b66d9d9efcc4dbbd6eeb360a43099baef2ee5477fc7e23808b695ac93bd
run_20260217_222909-0166,user-006,0xbe7518a8b83a45f7d0ec6a214deb8756575532cae72c8b632de52e7d80143fa6,0x6de87a44c224c297b2fcc30121b49caeafd11313f7c5f1f28760c2b0f0098c22,11.536,2026-02-17T08:25:55.399147Z,2026-02-17T08:55:55.399147Z,2026-02-17,0xf8a73b66d9d9efcc4dbbd6eeb360a43099baef2ee5477fc7e23808b695ac93bd
run_20260217_222909-0167,user-003,0x7956a5731b485ff95402ab21600dc100a2ca29e4b6aa3ab9478f9e2c163448a3,0x95679deecbd3b8d2e6978928860f97a62bdd055f4d21ef1d5070b2ecde9aa5df,11.716,2026-02-17T08:36:42.625057Z,2026-02-17T09:36:42.625057Z,2026-02-17,0xf8a73b66d9d9efcc4dbbd6eeb360a43099baef2ee5477fc7e23808b695ac93bd
run_20260217_222909-0168,user-004,0xfd316a0c4e7ec130e45ec994c3e714d2d625ec647f645ff774e1553592b84c4d,0xd738a896c1f8f2a5ac520b942bffad86d77abd6bca0f79a2fb849d93fb564e2a,14.035,2026-02-17T13:00:07.643521Z,2026-02-17T13:40:07.643521Z,2026-02-17,0xf8a73b66d9d9efcc4dbbd6eeb360a43099baef2ee5477fc7e23808b695ac93bd
run_20260217_222909-0169,user-005,0xb68c631a9649362c424d7a0c9257ba045f136c1909ceadd236c43b70d6f63f13,0x3496c2ff8c0f5376514c9530e09a583171c0ee9440236be43e9efab658522f69,8.87,2026-02-17T01:56:05.825105Z,2026-02-17T03:11:05.825105Z,2026-02-17,0xf8a73b66d9d9efcc4dbbd6eeb360a43099baef2ee5477fc7e23808b695ac93bd
run_20260217_222909-0170,user-006,0xd6981ae6fd13ac6396cbbdf98a9088301612ed1daa128c1121d404efccdd1dd1,0x1556987b94ea6564b9d88aeb9358aac27b2ec5800749c9dd68c09878607d7619,8.641,2026-02-17T03:46:32.477499Z,2026-02-17T05:01:32.477499Z,2026-02-17,0xf8a73b66d9d9efcc4dbbd6eeb360a43099baef2ee5477fc7e23808b695ac93bd
run_20260217_222909-0171,user-005,0x4d04602cf2eb912712bb5a714035ab866aa853cb7253555ab9c0675463ff349f,0x79d157543f518e4b4e1428599d6e0b49df6a2362e7e7cf455f2cdd878501ddf0,4.662,2026-02-17T18:35:13.528802Z,2026-02-17T19:15:13.528802Z,2026-02-17,0xf8a73b66d9d9efcc4dbbd6eeb360a43099baef2ee5477fc7e23808b695ac93bd
run_20260217_222909-0172,user-001,0x14297c9d2fc09d283cf9d55ca2c60f3ce066301b7b88e69bd3a57b32065f33ed,0xa2d635e4be789afe80a99fc79d431662fa5d43f8c363cbe62197f4dfdc93ca46,22.469,2026-02-17T05:44:35.643091Z,2026-02-17T06:44:35.643091Z,2026-02-17,0xf8a73b66d9d9efcc4dbbd6eeb360a43099baef2ee5477fc7e23808b695ac93bd
run_20260217_222909-0173,user-010,0xa9c6bdcd856bf2cf8d5eb27fea088ba1fe743e1999d18eeef4aa2580d7a3b6cf,0x6b1d514636e4ca40284e6d4344099102145d11f4bb4bc0e1e06f70398d4c97f0,27.973,2026-02-17T07:26:38.858074Z,2026-02-17T08:41:38.858074Z,2026-02-17,0xf8a73b66d9d9efcc4dbbd6eeb360a43099baef2ee5477fc7e23808b695ac93bd
run_20260217_222909-0174,user-007,0x1734a24768307b8d0726878791f91d77931ebf7f224c9eb16d3a166b5284c9a5,0x184e5060468df49eaf7acdf81a2c74c49a026f33159c3a808411f87df42cda54,15.057,2026-02-17T01:55:58.383298Z,2026-02-17T02:35:58.383298Z,2026-02-17,0xf8a73b66d9d9efcc4dbbd6eeb360a43099baef2ee5477fc7e23808b695ac93bd
run_20260217_222909-0175,user-007,0x07a71d3b0853dc116f8470b155b4fe73e4346ad8d9a3da665b7dac5316ac8545,0x560886e391015d99772d613a0e01271c434107c8760136af96f6c0d505aa14f7,6.678,2026-02-17T14:58:45.110874Z,2026-02-17T15:18:45.110874Z,2026-02-17,0xf8a73b66d9d9efcc4dbbd6eeb360a43099baef2ee5477fc7e23808b695ac93bd
run_20260217_222909-0176,user-006,0x0176c764193c500b3558623c6b92a579388b8b33bd6ec2426ee7ee74a58de548,0x34c9ed6c899622676d4172625cb483c2c408923058ee95084f1558c91488bb93,10.809,2026-02-17T13:04:14.295920Z,2026-02-17T14:04:14.295920Z,2026-02-17,0xf8a73b66d9d9efcc4dbbd6eeb360a43099baef2ee5477fc7e23808b695ac93bd
run_20260217_222909-0177,user-005,0x29eff58ed6adc40ad078c690f1e8e68629c5df4b0346c518554a8069b58ff6c5,0xc9e5ab904e336af715a4412b2de90016597f75620610b3ad7f845a84ca8d1051,9.09,2026-02-17T15:52:37.954593Z,2026-02-17T17:07:37.954593Z,2026-02-17,0xf8a73b66d9d9efcc4dbbd6eeb360a43099baef2ee5477fc7e23808b695ac93bd
run_20260217_222909-0178,user-005,0xa93a70eb33b6cb6f5721a669e604d861e41ce99e0c414b54c83e9ea16c5b6992,0x50b88b73964f9edce22ae8934c094acb6bb89f6abed09fb02f3745394a192478,4.878,2026-02-17T20:10:04.347205Z,2026-02-17T20:50:04.347205Z,2026-02-17,0xf8a73b66d9d9efcc4dbbd6eeb360a43099baef2ee5477fc7e23808b695ac93bd
run_20260217_222909-0179,user-002,0xb85a6502c7bbc739c99de80eae41dff41cd87439518d7c8b518259905f2aa890,0xde590ae6ea2f096c30d3285728614bc50cd8dddc0a756462037763d29a10ef02,2.476,2026-02-17T07:05:40.489364Z,2026-02-17T07:25:40.489364Z,2026-02-17,0xf8a73b66d9d9efcc4dbbd6eeb360a43099baef2ee5477fc7e23808b695ac93bd
run_20260217_222909-0180,user-006,0x1c30e3b3e7474284960276d8730a79e2d2ea1b43f385a68f94b04cff87451a6c,0x3878d48373d9ae481585520ae349aac4b35c9f3cf15df0ded073622b1862e8ae,22.863,2026-02-17T04:22:21.780075Z,2026-02-17T05:22:21.780075Z,2026-02-17,0xf8a73b66d9d9efcc4dbbd6eeb360a43099baef2ee5477fc7e23808b695ac93bd
run_20260217_222909-0181,user-010,0x766eed3c62dd824d7c1bedac3bb252a396b23801ee99656fc92a08b2deb95bf7,0x594b1cf7c8b7b34cff045764d0c6d06df057903d3036ffe8b37980ca2a48c1c5,5.165,2026-02-17T23:46:47.782295Z,2026-02-18T00:16:47.782295Z,2026-02-17,0xf8a73b66d9d9efcc4dbbd6eeb360a43099baef2ee5477fc7e23808b695ac93bd
run_20260217_222909-0182,user-002,0x665b902c0efd207e9e4c065e7a1132489a655fcae0052b36f793ec888e29ec39,0x16ca837d5ca3e4b35d285e6e3c4b71b18a5b851528779e18aaff3c1fe6402ecb,6.989,2026-02-17T20:37:22.864568Z,2026-02-17T20:57:22.864568Z,2026-02-17,0xf8a73b66d9d9efcc4dbbd6eeb360a43099baef2ee5477fc7e23808b695ac93bd
run_20260217_222909-0183,user-002,0x580078b266632c7e6388aaa0d15b8240680c04d298f72a91121b4dbfa4b7c511,0xb5bfc7d751f3848081c59ad2d13a695eae5f03b12f120d987cc1ab8db566884d,27.159,2026-02-17T18:01:38.368851Z,2026-02-17T19:16:38.368851Z,2026-02-17,0xf8a73b66d9d9efcc4dbbd6eeb360a43099baef2ee5477fc7e23808b695ac93bd
run_20260217_222909-0184,user-009,0xfef1176527f6e97272c292cc2d9a5f5be3eeac13197a419b7d891f33ef1330c3,0xd56fcd4b48e36313ed75d40101f27e772dc67c6badb2c5c3de63681566872da7,3.813,2026-02-17T02:39:14.200773Z,2026-02-17T02:59:14.200773Z,2026-02-17,0xf8a73b66d9d9efcc4dbbd6eeb360a43099baef2ee5477fc7e23808b695ac93bd
run_20260217_222909-0185,user-003,0xa3a6907230f477b5a0cac9cc9cd5c981e28e4109dfd687d5d999be0ed741d12b,0xe63bf99e4f7cc444702dc92f6fb0ba7ed8c74504c501f23073a9285a596e6ac0,2.356,2026-02-17T05:40:40.478966Z,2026-02-17T06:00:40.478966Z,2026-02-17,0xf8a73b66d9d9efcc4dbbd6eeb360a43099baef2ee5477fc7e23808b695ac93bd
run_20260217_222909-0186,user-009,0xecac41a9b53398c268b187d95a7a61a040ae415cbe8c79b1dd66e9d26429cd25,0x4c4e2ebae1637677ccbc862a002fff877998b9c40ae8d6ce7c914b804cce469a,22.476,2026-02-17T05:34:21.695942Z,2026-02-17T06:34:21.695942Z,2026-02-17,0xf8a73b66d9d9efcc4dbbd6eeb360a43099baef2ee5477fc7e23808b695ac93bd
run_20260217_222909-0187,user-002,0x38bb8d6b0f77661cad290c7cbe61be0576430f8842617ad884276939ab7e4da1,0x9e8452e445e74aca8fd2a6459adf497f2e89c6ee05f39fd13cefefff2c68d22e,23.006,2026-02-17T16:32:21.355770Z,2026-02-17T17:32:21.355770Z,2026-02-17,0xf8a73b66d9d9efcc4dbbd6eeb360a43099baef2ee5477fc7e23808b695ac93bd
run_20260217_222909-0188,user-006,0x492247897595a06d4f82e24c4bc5dd9d52549196e3cf5371cae46c78af645c35,0x50f14d558035049e4da4208692729c0efddb17c29f87967c65e3361098e5b5c4,4.954,2026-02-17T11:25:52.336660Z,2026-02-17T12:05:52.336660Z,2026-02-17,0xf8a73b66d9d9efcc4dbbd6eeb360a43099baef2ee5477fc7e23808b695ac93bd
run_20260217_222909-0189,user-010,0x80bba68a90b50bb5b4d6d88f82b7be9f81c19b815b5a5a18f754b28bd1eb32ce,0x869124068eb5bd25afd862a2ab8f8819aa75b0b089c8eb28875835b6455dfb88,11.679,2026-02-17T08:55:21.163238Z,2026-02-17T09:55:21.163238Z,2026-02-17,0xf8a73b66d9d9efcc4dbbd6eeb360a43099baef2ee5477fc7e23808b695ac93bd
run_20260217_222909-0190,user-008,0x3f5f485c09d2e647f389814264f1a8e28b402147f1ba32576ff5408a2619973c,0x9ffa087ecb4cdd735743c1ea1ba48ec1812329ec8bf01ce10998d1e2c1cef4d6,3.487,2026-02-17T15:14:52.430717Z,2026-02-17T15:44:52.430717Z,2026-02-17,0xf8a73b66d9d9efcc4dbbd6eeb360a43099baef2ee5477fc7e23808b695ac93bd
run_20260217_222909-0191,user-006,0x09e6f00765613810580ed808c0c7adfebf6eb879d50696fd390b8aa8fcaaa0cb,0xdda1cd1d462f05df9b8718833ed591e4cb6736ea8337bbfc552080007b483f07,7.241,2026-02-17T17:28:23.312428Z,2026-02-17T17:48:23.312428Z,2026-02-17,0xf8a73b66d9d9efcc4dbbd6eeb360a43099baef2ee5477fc7e23808b695ac93bd
run_20260217_222909-0192,user-007,0xcf0a66aab8001442e284b4286eeca0c7ed4e33d175f29e4a45c1d56dff0fdd43,0x48e76773f37cc59b805a907edadcb7d01fbc527119ae2d4aa2adf4d7ba99672e,11.336,2026-02-17T22:19:44.755776Z,2026-02-17T23:19:44.755776Z,2026-02-17,0xf8a73b66d9d9efcc4dbbd6eeb360a43099baef2ee5477fc7e23808b695ac93bd
run_20260217_222909-0193,user-009,0xdfbb76249c48bff2a9f9eacd9adf1e41b2b102e17e599510fce4be29f81c9ce4,0xc603b6d43a4c164512b46f26cfe8b0557050aa442bdd4792259fee717a2ab668,3.754,2026-02-17T05:43:54.336164Z,2026-02-17T06:13:54.336164Z,2026-02-17,0xf8a73b66d9d9efcc4dbbd6eeb360a43099baef2ee5477fc7e23808b695ac93bd
run_20260217_222909-0194,user-007,0x89a3ae401c58c7892d8c9b4a9a89e050c1204c0ca8f34ab3ba0ed75a088edc45,0x560d1da5750b5a4a5be2dec33701e18e8de52e75a19e2f73d39e27fd9e62e4c4,4.872,2026-02-17T03:36:25.882656Z,2026-02-17T04:16:25.882656Z,2026-02-17,0xf8a73b66d9d9efcc4dbbd6eeb360a43099baef2ee5477fc7e23808b695ac93bd
run_20260217_222909-0195,user-009,0x86a310fb5ebb977e36309c7d5307af16b9a193853f5abe1a79cb67ffb528777f,0x0fa0c721f715c81c5079cbfdf1ff350a254d30ec6e369eddda11c0a076b94411,7.354,2026-02-17T14:04:11.892178Z,2026-02-17T14:44:11.892178Z,2026-02-17,0xf8a73b66d9d9efcc4dbbd6eeb360a43099baef2ee5477fc7e23808b695ac93bd
run_20260217_222909-0196,user-005,0x18407d83190953c617ffad330b043f729252308123d9759d8f7a2d9e97bef967,0x46c5816fa4f2d7e395129f464ae9f2ec5b2482ab8da4e7eb9e038c028ceb8d3c,21.996,2026-02-17T03:33:41.055820Z,2026-02-17T04:33:41.055820Z,2026-02-17,0xf8a73b66d9d9efcc4dbbd6eeb360a43099baef2ee5477fc7e23808b695ac93bd
run_20260217_222909-0197,user-004,0xf0cbcccfb0e0972f161bb52d940b50456e5ce3189d668bfa86236688cf7fe778,0x0cd39962c8439f55c2dac21c0da192489c428345683ad20565ac99b5081f0677,11.343,2026-02-17T13:08:14.364554Z,2026-02-17T14:08:14.364554Z,2026-02-17,0xf8a73b66d9d9efcc4dbbd6eeb360a43099baef2ee5477fc7e23808b695ac93bd
run_20260217_222909-0198,user-005,0xc92c2c63a2582ef4d455af03d43b15a7c93bfc55484e3f7824744e47532da673,0x4129c6e16a662d3d31db34c8772dee141529723c5738803e36196736235819f3,3.591,2026-02-17T04:18:04.257194Z,2026-02-17T04:48:04.257194Z,2026-02-17,0xf8a73b66d9d9efcc4dbbd6eeb360a43099baef2ee5477fc7e23808b695ac93bd
run_20260217_222909-0199,user-001,0x5df2f7fcb668468b84afede379b47030d39eb18be9e4cbc9daf6c8c03f5f1727,0xd3fc422a2a76b0cd70733785505b5770bdf3112cb34a113789bc3d4d4d411c6b,3.576,2026-02-17T04:03:15.830524Z,2026-02-17T04:33:15.830524Z,2026-02-17,0xf8a73b66d9d9efcc4dbbd6eeb360a43099baef2ee5477fc7e23808b695ac93bd
run_20260217_222909-0200,user-002,0xd6255468ac0118c77ff8498ab545769ac54f02296713b9ca02db059a3f1fcce7,0x06d4f362fbeb72205323e2556658dcc2728f7bfa388e146f06767501d201b973,7.295,2026-02-17T19:14:14.370910Z,2026-02-17T20:14:14.370910Z,2026-02-17,0xf8a73b66d9d9efcc4dbbd6eeb360a43099baef2ee5477fc7e23808b695ac93bd
run_20260217_222909-0201,user-003,0x1bd33af17c0c14f207888298ee44b6322dbe5fde247952661133efc0712983cc,0x31d0c0dda6414fdc3c99218f389e54bc0a9b57a89d122e80b083761754f16df3,7.543,2026-02-17T17:23:01.575156Z,2026-02-17T18:23:01.575156Z,2026-02-17,0xf8a73b66d9d9efcc4dbbd6eeb360a43099baef2ee5477fc7e23808b695ac93bd
run_20260217_222909-0202,user-009,0x45502e4bf6342a929b035957eeebcdda0cdb2fbc4ab31ef296493a3a08755043,0x60beb2c4b295c2009ee73417d36dedd86aeccdd12f70e40d155ea86bd5f67240,22.019,2026-02-17T04:54:25.284492Z,2026-02-17T05:54:25.284492Z,2026-02-17,0xf8a73b66d9d9efcc4dbbd6eeb360a43099baef2ee5477fc7e23808b695ac93bd
run_20260217_222909-0203,user-010,0xf8b24666dcd6a67bf721a62c13ee37cbf89e233c1465cc35de578153a889024c,0xb25b5124fe14fb2a7e71a4e06358f92d540fa9226e4d1c542b05566e7d6841fb,3.49,2026-02-16T23:59:34.063475Z,2026-02-17T00:29:34.063475Z,,
run_20260217_222909-0204,user-007,0xf6f1edc884263b0af1923cfba9708ea96b5beeac4283b15d55daece4c04bc346,0x17ef52f08b7e4b1a9a8c625c20bdecbb0c33d603780d5fffee8938e16f056002,3.416,2026-02-17T15:28:04.879574Z,2026-02-17T15:58:04.879574Z,2026-02-17,0xf8a73b66d9d9efcc4dbbd6eeb360a43099baef2ee5477fc7e23808b695ac93bd
run_20260217_222909-0205,user-010,0x53c13b101447579617920e4709450e5127a3de043837638357ad879908e11d07,0x183bd4e21d4c7a96b47bb2bbb620baffa9ee6e019179d5816aef8766b11f328a,5.375,2026-02-17T20:34:22.362108Z,2026-02-17T21:04:22.362108Z,2026-02-17,0xf8a73b66d9d9efcc4dbbd6eeb360a43099baef2ee5477fc7e23808b695ac93bd
run_20260217_222909-0206,user-010,0x8dd9ecbaedd2079fc4ebcd5a9fa3b3139c23a1ea2875e006e83dc9e8fe176c7a,0xf38ff24a2e5b4ececbe948d88948c69e445d0a21bd0961e10cf0cd5a34d26104,5.344,2026-02-17T19:08:53.477278Z,2026-02-17T19:38:53.477278Z,2026-02-17,0xf8a73b66d9d9efcc4dbbd6eeb360a43099baef2ee5477fc7e23808b695ac93bd
run_20260217_222909-0207,user-009,0x8eb5a950c66859826eb184f650d2ef72a70d2ed1506d1b2e1419d3c3f362e8d4,0xe033bfc874cf35880e5f7689311694e1665bc347df1e62b2444c6ebdd51faa14,3.445,2026-02-17T03:19:38.158086Z,2026-02-17T03:39:38.158086Z,2026-02-17,0xf8a73b66d9d9efcc4dbbd6eeb360a43099baef2ee5477fc7e23808b695ac93bd
run_20260217_222909-0208,user-003,0x7601cd1555860ce3610bd81473642e6485e775cd12a6a51225e41d18414fd83d,0xc3a950c89bef9ab4adab00839db5acb84e5b67ae5d2e72af3e2af29a0f6a49dd,21.864,2026-02-17T06:24:24.785003Z,2026-02-17T07:24:24.785003Z,2026-02-17,0xf8a73b66d9d9efcc4dbbd6eeb360a43099baef2ee5477fc7e23808b695ac93bd
run_20260217_222909-0209,user-001,0xa3ba2558a295a8252994643b7e9c18e2f5c65d4841816405faa5c79dc7cfd847,0x70dbdf9a907f9496f57df7e6cf414e86be61c6a61340f70a11fc5fb7428c23cd,13.853,2026-02-17T01:12:44.707795Z,2026-02-17T02:27:44.707795Z,2026-02-17,0xf8a73b66d9d9efcc4dbbd6eeb360a43099baef2ee5477fc7e23808b695ac93bd
run_20260217_222909-0210,user-002,0x03c34441c125a781543385648e854cb9188bbf51f547a3fb9be12ca8563b4c0a,0x059c7806c2ffdcf4428e4efcec31a171505ed7b29e050b6b7018e17a954e89a7,7.306,2026-02-17T04:15:48.420011Z,2026-02-17T04:55:48.420011Z,2026-02-17,0xf8a73b66d9d9efcc4dbbd6eeb360a43099baef2ee5477fc7e23808b695ac93bd
run_20260217_222909-0211,user-007,0x0a5ca10be4db4461252dfd0a9f69db6a7d60fe7b8b20749cf785333b776abba6,0x73600487295db19ac8851bc9fe896e325d6d43004a66462cfe9a44a4e8ceb2c9,10.734,2026-02-17T12:08:57.715764Z,2026-02-17T13:08:57.715764Z,2026-02-17,0xf8a73b66d9d9efcc4dbbd6eeb360a43099baef2ee5477fc7e23808b695ac93bd
run_20260217_222909-0212,user-007,0x97a62f441a73c6cbc4ac2155af93517a22318bae318f434105020d5df6ba1f05,0x9cbb30cd9ebb3c9b686163a6e4519e37bd5dbad3fd38d422f4a5e960c755f48e,7.799,2026-02-17T20:07:17.851640Z,2026-02-17T20:27:17.851640Z,2026-02-17,0xf8a73b66d9d9efcc4dbbd6eeb360a43099baef2ee5477fc7e23808b695ac93bd
run_20260217_222909-0213,user-007,0x1efcb29089cdc56046ae87075c48361fd27b1fd5339bea8588c9d552920e2f09,0xb8b51e6ef2c647ce1b3d23b92fd10ab37e08d2604406853e2055df04d0840e52,11.556,2026-02-17T01:21:52.988900Z,2026-02-17T01:51:52.988900Z,2026-02-17,0xf8a73b66d9d9efcc4dbbd6eeb360a43099baef2ee5477fc7e23808b695ac93bd
run_20260217_222909-0214,user-009,0x08e581a46fdeec5f9258739f46e1ec070e911d25ebb7722eaa510ce4f368beda,0xd8b49deeba70f722234c61b3dec614c77500f4fecc64d8b8cd972c379d92b754,7.216,2026-02-17T17:37:01.123928Z,2026-02-17T18:17:01.123928Z,2026-02-17,0xf8a73b66d9d9efcc4dbbd6eeb360a43099baef2ee5477fc7e23808b695ac93bd
run_20260217_222909-0215,user-008,0x28af40e35317db5544954d8f7f261dda5d6ec8366c08909885d3fa8741922fc3,0xd8adda94d50d30e7760a6f85c7117299768d3bc67b2d1dfc634505a01b88876e,2.625,2026-02-17T19:11:28.097214Z,2026-02-17T19:31:28.097214Z,2026-02-17,0xf8a73b66d9d9efcc4dbbd6eeb360a43099baef2ee5477fc7e23808b695ac93bd
run_20260217_222909-0216,user-008,0xa7c89e1d20916f6e665b7c5981652e6340feb267e19682a6b01a0ad831b0903f,0xdd46c910d5a0b50fd099f206ad4f34c92b6ab1899c68356a0d7d90e57c8ef151,4.716,2026-02-17T12:14:42.035433Z,2026-02-17T12:54:42.035433Z,2026-02-17,0xf8a73b66d9d9efcc4dbbd6eeb360a43099baef2ee5477fc7e23808b695ac93bd
run_20260217_222909-0217,user-003,0xd6fc7235bcd43b18d0311bea988facfcfab1420fa3e4ceb7448a563fd719f77f,0xd5d54ff39045a0c763471bc62f61ea00d23a3bf52e18fcd594dfa5a6a26b1dcf,2.217,2026-02-17T05:55:46.883721Z,2026-02-17T06:15:46.883721Z,2026-02-17,0xf8a73b66d9d9efcc4dbbd6eeb360a43099baef2ee5477fc7e23808b695ac93bd
run_20260217_222909-0218,user-007,0xb526a77d7f8b3eb2ad6f12beac485a5f2e4e64b364a2b0363fa0f36bb92e0edd,0x05f786d270187f6cc4e0bd03023fba905dc6ff7f49ddd84be9245249ec14fc67,20.375,2026-02-17T04:20:29.789436Z,2026-02-17T05:20:29.789436Z,2026-02-17,0xf8a73b66d9d9efcc4dbbd6eeb360a43099baef2ee5477fc7e23808b695ac93bd
run_20260217_222909-0219,user-008,0xb5385b391b627fb0644c0be2f5060ac3859601618de7d34e70d554e1099168bb,0x0fc9d77fb6b2f8b32a4380893d30af49be4b7c6d9a25a507b2caf542fa9ffc4b,3.398,2026-02-17T19:50:03.256750Z,2026-02-17T20:20:03.256750Z,2026-02-17,0xf8a73b66d9d9efcc4dbbd6eeb360a43099baef2ee5477fc7e23808b695ac93bd
run_20260217_222909-0220,user-010,0xf6d25622a57716e698a4972feba7cbb382564df70542d8100a3c6b23b5fca13c,0x2ef052e415ea77fc4546b81c3b065bddf083fb47691641466f32f01b8acffc6e,2.414,2026-02-17T17:47:38.618497Z,2026-02-17T18:07:38.618497Z,2026-02-17,0xf8a73b66d9d9efcc4dbbd6eeb360a43099baef2ee5477fc7e23808b695ac93bd
run_20260217_222909-0221,user-001,0xdf0c826212ac8e258d1216ca067291772efb43a126decf300e5b090d9bdc8d3f,0x841e3919e0cff1e905209e06b09772d9315b689c74ba9ba13f47ba3be0287975,27.01,2026-02-17T05:06:22.024805Z,2026-02-17T06:21:22.024805Z,2026-02-17,0xf8a73b66d9d9efcc4dbbd6eeb360a43099baef2ee5477fc7e23808b695ac93bd
run_20260217_222909-0222,user-003,0x2da57b58fa63d906b3f3a552e38e4895746eaa9f6f92fabe1ff6f2d397e05d36,0x265f9e486d44187c54a51764124f8bb0ef119da0222af5233489f3e95f5e9a2b,11.145,2026-02-17T17:22:24.218128Z,2026-02-17T17:52:24.218128Z,2026-02-17,0xf8a73b66d9d9efcc4dbbd6eeb360a43099baef2ee5477fc7e23808b695ac93bd
run_20260217_222909-0223,user-005,0x7f1a87d7b6246caa09c906eb30f310b7c345e38c37da6ecf3dfb954883bf2c02,0x2dbc6ecda12c2709a92b945d20f61f208758b0c627ce32bd4ae7d95c2a2f8a73,3.666,2026-02-17T02:27:16.490310Z,2026-02-17T02:47:16.490310Z,2026-02-17,0xf8a73b66d9d9efcc4dbbd6eeb360a43099baef2ee5477fc7e23808b695ac93bd
run_20260217_222909-0224,user-004,0x79f0aba58ce30cd6b739a8dba2a6f3103c6a3bc952a06df25fb678895a777aa4,0xca1c58d69e83345606982e5e713230fc299d93a8a344c6a25316a7ca88f08c1e,11.083,2026-02-17T20:45:29.090988Z,2026-02-17T21:45:29.090988Z,2026-02-17,0xf8a73b66d9d9efcc4dbbd6eeb360a43099baef2ee5477fc7e23808b695ac93bd
run_20260217_222909-0225,user-007,0x7eef618e74965a9a346717c0f6a2b1bed04ee621dc10d68c954731b724ae1187,0x9050db05ece3237ea532815e062a7bbab9474d2d49e2041f488883ae6dc995ee,27.894,2026-02-17T20:43:39.855464Z,2026-02-17T21:58:39.855464Z,2026-02-17,0xf8a73b66d9d9efcc4dbbd6eeb360a43099baef2ee5477fc7e23808b695ac93bd
run_20260217_222909-0226,user-008,0x419aaabd4b1e7b050f9b8d4d89319b22b40151eb0d253bdaec4f740155e267b8,0x6df0b82e4954f7720a282db670c4211333ed119aa2fd4c16179a87950e400e44,21.872,2026-02-17T19:43:16.768824Z,2026-02-17T20:43:16.768824Z,2026-02-17,0xf8a73b66d9d9efcc4dbbd6eeb360a43099baef2ee5477fc7e23808b695ac93bd
run_20260217_222909-0227,user-005,0xf7d78438f30ef9c3917be4422894dbe49eebf4ef1ff008c91ac578d41cd5066c,0xdd54e2334990148d4e8ca9593273e0fbd53d284ae593c612365b09136a98a847,8.75,2026-02-17T08:20:42.854441Z,2026-02-17T09:35:42.854441Z,2026-02-17,0xf8a73b66d9d9efcc4dbbd6eeb360a43099baef2ee5477fc7e23808b695ac93bd
run_20260217_222909-0228,user-009,0x5448eab9e1707e7c6061167034b7e355cfa0954fda5b5a0c67f1c42e4d1ea24e,0x91f51c9d99ab34c3ad0d43c6928eb6300027a3753f90e763d1aebd7aa2dc0212,21.798,2026-02-17T04:11:59.545025Z,2026-02-17T05:11:59.545025Z,2026-02-17,0xf8a73b66d9d9efcc4dbbd6eeb360a43099baef2ee5477fc7e23808b695ac93bd
run_20260217_222909-0229,user-005,0xf1f6e9e5d7388f0bad4b0e905ad8be3b2982efd757150b52dd1e55872e198093,0xa83dc89384ed66dbe8d47d88dfb244fbb355f3cd8206435e83ff6b5210bc77c5,8.875,2026-02-17T19:27:45.688981Z,2026-02-17T20:42:45.688981Z,2026-02-17,0xf8a73b66d9d9efcc4dbbd6eeb360a43099baef2ee5477fc7e23808b695ac93bd
run_20260217_222909-0230,user-006,0x88b5bd21261cc9a63d7814945684711bf7274ce29877781d75f53fe7f97af474,0xc41f140118b493d72f0cd56a96f555a98df76b6db7ae1f72dc260477d3238448,10.323,2026-02-17T06:32:46.090663Z,2026-02-17T07:02:46.090663Z,2026-02-17,0xf8a73b66d9d9efcc4dbbd6eeb360a43099baef2ee5477fc7e23808b695ac93bd
run_20260217_222909-0231,user-003,0x96e912e2f9b5d1f2462d3a52fdb7d2c62702ee9a87e375af2de37188eca270a9,0x426d5e46e8e3bb85aba40efb7e7e788f54bb36bea51ce8ba5465e9592569909f,7.037,2026-02-17T16:55:57.057833Z,2026-02-17T17:55:57.057833Z,2026-02-17,0xf8a73b66d9d9efcc4dbbd6eeb360a43099baef2ee5477fc7e23808b695ac93bd
run_20260217_222909-0232,user-005,0x30681a1671e3e4532a427699ed7dceb24d2977ddc4012e3afde8788c1c5c7e50,0x53e54d662bc643e9538b000d4afebecf10bd6463a3f070f5a85ddc34491e4897,3.659,2026-02-17T12:51:11.081725Z,2026-02-17T13:11:11.081725Z,2026-02-17,0xf8a73b66d9d9efcc4dbbd6eeb360a43099baef2ee5477fc7e23808b695ac93bd
run_20260217_222909-0233,user-009,0xc9b070fe0e3fe6f109b51b4b962a7de445d07f6db4a7a3713eaffbf818331c3f,0xddb45ad5cfbded23f7d661d0b26fc12c314b92b72637dfd59ca9d433165bb9d2,21.237,2026-02-17T21:06:27.903027Z,2026-02-17T22:06:27.903027Z,2026-02-17,0xf8a73b66d9d9efcc4dbbd6eeb360a43099baef2ee5477fc7e23808b695ac93bd
run_20260217_222909-0234,user-003,0x09dcdaa086af14452772153ffc16ca1ca29cf4b56f2b40d2029825ec41e01356,0x699affb8558e970c1e865763953b47b8e70f14d5d37c8c8bd847aea92c2a59b6,2.307,2026-02-17T16:27:41.024200Z,2026-02-17T16:47:41.024200Z,2026-02-17,0xf8a73b66d9d9efcc4dbbd6eeb360a43099baef2ee5477fc7e23808b695ac93bd
run_20260217_222909-0235,user-002,0x8c8ae9121662410e0e9a571dd21b90a7c53e83101834dbbfa674dab25b1bc497,0xcac198f593a36fdd46eddac833270bb8d8679001b13728cc3f0e21574c85251a,21.591,2026-02-17T20:52:39.325266Z,2026-02-17T21:52:39.325266Z,2026-02-17,0xf8a73b66d9d9efcc4dbbd6eeb360a43099baef2ee5477fc7e23808b695ac93bd
run_20260217_222909-0236,user-006,0x238c83387ea1a3fc1b3bc64f715604a846d161b029eade3b4e65b46b6d86b69b,0xcbd4c56db504d753a494f31c9074ee2eac093bf65fa9309e4bd57f09f09d97c7,3.624,2026-02-17T16:29:35.228694Z,2026-02-17T16:49:35.228694Z,2026-02-17,0xf8a73b66d9d9efcc4dbbd6eeb360a43099baef2ee5477fc7e23808b695ac93bd
run_20260217_222909-0237,user-009,0xdac34d28860ff20fddb6b8e0ce7c48c9bab3a12e9933aba1973346284250dba3,0x9d3fb471caa3dc7bfbc3b802859fe105d3ce9c4bf7f4442915a35405960253d7,7.561,2026-02-17T09:40:13.639032Z,2026-02-17T10:20:13.639032Z,2026-02-17,0xf8a73b66d9d9efcc4dbbd6eeb360a43099baef2ee5477fc7e23808b695ac93bd
run_20260217_222909-0238,user-004,0xe11d324a1df23a7ba0bee45e83c820ac9a2b1266b2892403cea468f32c226684,0x074a24b308eb53e63c3ee4c7c88650d32eb81f9713c2282b0353a6af8d79a9db,3.567,2026-02-17T06:31:52.613249Z,2026-02-17T07:01:52.613249Z,2026-02-17,0xf8a73b66d9d9efcc4dbbd6eeb360a43099baef2ee5477fc7e23808b695ac93bd
run_20260217_222909-0239,user-009,0xe0e57f5200431fc70b99ae9ad3b44fbc47c21cb3a362d57f916fa57d09ce68de,0xcfb2350511d9452dc1c48ef131518fad38bbaa5aa8d8ecd8f7cbb3c2f74d7ec5,8.801,2026-02-17T09:01:41.155240Z,2026-02-17T10:16:41.155240Z,2026-02-17,0xf8a73b66d9d9efcc4dbbd6eeb360a43099baef2ee5477fc7e23808b695ac93bd
run_20260217_222909-0240,user-002,0xe57ed2ec0da438a2d3e80a23063ebe3acb666563e5ff79e1652a5b96e540555b,0x6aa2cb32352351fdaf914ede40441270b1e2562e6f7e273e909bd92b525c0b2e,8.771,2026-02-17T11:42:19.074449Z,2026-02-17T12:57:19.074449Z,2026-02-17,0xf8a73b66d9d9efcc4dbbd6eeb360a43099baef2ee5477fc7e23808b695ac93bd
run_20260217_222909-0241,user-002,0x9e3adb59db2ad7532fcf2ff709c02c2f46d41630d39c87e718bf3929550c1478,0x7403e6cf76738160140a80f8a89d17ff0dbd3b7cb703bba540373ee21a1e58fb,26.635,2026-02-17T02:13:05.564175Z,2026-02-17T03:28:05.564175Z,2026-02-17,0xf8a73b66d9d9efcc4dbbd6eeb360a43099baef2ee5477fc7e23808b695ac93bd
run_20260217_222909-0242,user-002,0xee2bbf7019d8f1aa8fbcebd06137860e78db6685f2adfc4c6489af31f7f54042,0xae8d904caf6f45e7c0d381db2dc5d9af4d4e8f55a4c0d3de4a5c2d81be4808e3,2.478,2026-02-17T03:33:12.354181Z,2026-02-17T03:53:12.354181Z,2026-02-17,0xf8a73b66d9d9efcc4dbbd6eeb360a43099baef2ee5477fc7e23808b695ac93bd
run_20260217_222909-0243,user-005,0xdd6d0523219930a911a423b091655f7b649e7220b16b0ff72e29a6213eb96175,0x2fb0ed1188e976ece011535b2d692677ca17e66249f0433bdcf76b6904090d37,3.521,2026-02-17T02:53:59.713569Z,2026-02-17T03:13:59.713569Z,2026-02-17,0xf8a73b66d9d9efcc4dbbd6eeb360a43099baef2ee5477fc7e23808b695ac93bd
run_20260217_222909-0244,user-008,0x0870516a40c0605e66de320ed4653f363feef1f6077c6fdfa193242a24f9a477,0x3a665c0319f2707ec91ef0bcff44d0ede245948f126acab3fba9eabb282a795b,4.033,2026-02-17T04:47:08.718024Z,2026-02-17T05:17:08.718024Z,2026-02-17,0xf8a73b66d9d9efcc4dbbd6eeb360a43099baef2ee5477fc7e23808b695ac93bd
run_20260217_222909-0245,user-008,0xee426f762c58414a6df8237f994fd1c6ea7d8138a6e2890d3b8d346884608c82,0x9e63cd26e8dac4b7aca3a73fb03699255fe904e1f2706d6b3e064903873e4f64,10.683,2026-02-17T19:37:59.087570Z,2026-02-17T20:37:59.087570Z,2026-02-17,0xf8a73b66d9d9efcc4dbbd6eeb360a43099baef2ee5477fc7e23808b695ac93bd
run_20260217_222909-0246,user-010,0x3738368e99e1914b8c727c43317462c807bffabc2bda0f7c35586bdd14619a09,0x7d950dede966c64363e43e6e99cc54e3ffc84437a2ce2b74073ba98d9cf969df,10.371,2026-02-17T06:36:45.965861Z,2026-02-17T07:06:45.965861Z,2026-02-17,0xf8a73b66d9d9efcc4dbbd6eeb360a43099baef2ee5477fc7e23808b695ac93bd
run_20260217_222909-0247,user-007,0xba889dec23d0af4a18a876a30c4ac64e20786e4211e01c05da30ed60781551de,0x4bdc8c8393aee649f532c9e50fd0b719197c41cdad226b2ea3c6f6482305faeb,29.078,2026-02-17T20:24:56.255325Z,2026-02-17T21:39:56.255325Z,2026-02-17,0xf8a73b66d9d9efcc4dbbd6eeb360a43099baef2ee5477fc7e23808b695ac93bd
run_20260217_222909-0248,user-008,0x5e057a0d2ac0ca600bb9949b1fa13a81ac3b5b3803d3082787c6eb9d4b0acd07,0x1fc215c11c96055a5bc3d8fbc87d6445d45e3d3f8ecee57c10ca19f045da068c,7.134,2026-02-17T04:45:11.024740Z,2026-02-17T05:45:11.024740Z,2026-02-17,0xf8a73b66d9d9efcc4dbbd6eeb360a43099baef2ee5477fc7e23808b695ac93bd
run_20260217_222909-0249,user-009,0xdc56f7c9df501d8e1fb05487fa533c1d12f5948009f65fdfa8ed297c9b7cf20d,0x396c9adf8fa7bcd926e752a75d0ad11ea77d981f5c3497ed7a13176480d4b8f6,10.73,2026-02-17T19:01:08.052099Z,2026-02-17T20:01:08.052099Z,2026-02-17,0xf8a73b66d9d9efcc4dbbd6eeb360a43099baef2ee5477fc7e23808b695ac93bd
run_20260217_222909-0250,user-005,0xe00bec3eda253bf0c37fa17fe0a0e71451ada5b4022f5bb1f38c51885b16238d,0xaa2361e2980c1bf1d90686777cfaef75505c18507602bdff6e8e9bfa03065181,14.813,2026-02-17T10:50:19.533742Z,2026-02-17T11:30:19.533742Z,2026-02-17,0xf8a73b66d9d9efcc4dbbd6eeb360a43099baef2ee5477fc7e23808b695ac93bd
run_20260217_222909-0251,user-007,0xd4cc45ee9967dbf71a75bea9f54256d5d762d99badcfb94692cfbea3e2ef4299,0xc9cfa3ef7315046b2c6d4a4070ff41e35aec036a7c81b6aa97777900aaabae82,11.297,2026-02-17T18:48:33.066823Z,2026-02-17T19:18:33.066823Z,2026-02-17,0xf8a73b66d9d9efcc4dbbd6eeb360a43099baef2ee5477fc7e23808b695ac93bd
run_20260217_222909-0252,user-010,0xcf5c530995959ab6fbfa5caeb4900da091ba2f83bc1ba1594ee5db019426eccc,0x62c3798bc8d1c5a1205d077a270dc7033a8cb5ba2734baefd5fd3256d8ec3243,5.244,2026-02-17T01:02:05.156212Z,2026-02-17T01:32:05.156212Z,2026-02-17,0xf8a73b66d9d9efcc4dbbd6eeb360a43099baef2ee5477fc7e23808b695ac93bd
run_20260217_222909-0253,user-003,0x9c1641b6acd477aa07065b5a62fd0e23989e4364b84153ba08a42bf36f9e3f2c,0xd1989914440777dd092627abd34dce4db1a8f29e247b09eb0f29ecc25ab41151,10.784,2026-02-17T07:22:46.949629Z,2026-02-17T07:52:46.949629Z,2026-02-17,0xf8a73b66d9d9efcc4dbbd6eeb360a43099baef2ee5477fc7e23808b695ac93bd
run_20260217_222909-0254,user-004,0x47fcccec62e2542d03233bd157f50d2444b6c4ac20877a15ae355b9d97961e4c,0x5a198c95c0f6ac283e5cab3860c77029f40c3ed7ba46a737188e588343b9fed3,6.947,2026-02-17T17:25:01.315972Z,2026-02-17T18:05:01.315972Z,2026-02-17,0xf8a73b66d9d9efcc4dbbd6eeb360a43099baef2ee5477fc7e23808b695ac93bd
run_20260217_222909-0255,user-009,0xfbea1db4edf93a785f2b9d668b292c27c18f628f5b76752c8d2c02c4d1934a76,0x8320d5e15ba1adec53fca2f142a4fa84d97c1d96dcf1e17f55d9f41ee23a2aac,3.629,2026-02-17T08:48:04.804219Z,2026-02-17T09:18:04.804219Z,2026-02-17,0xf8a73b66d9d9efcc4dbbd6eeb360a43099baef2ee5477fc7e23808b695ac93bd
run_20260217_222909-0256,user-006,0x9e0f25f0025be9cfaf79e1260d051017007166c81c6a2781e5199a73a4f2290b,0xc5bc89a5c7bd099fc7e0ece8f0c63cd5002f53438d625fccdc86f1450bdf4592,14.11,2026-02-17T06:56:05.524375Z,2026-02-17T07:36:05.524375Z,2026-02-17,0xf8a73b66d9d9efcc4dbbd6eeb360a43099baef2ee5477fc7e23808b695ac93bd
run_20260217_222909-0257,user-001,0xbd8ef327618c0b1855481c932aeb07ac0fc1d88d055ef78049c2e46663745b38,0x32da55b5443672f46d2a687e66b0c5f8d1553a5b4fb3dc553f93ee8e3ba8c8df,7.123,2026-02-17T14:50:32.804911Z,2026-02-17T15:10:32.804911Z,2026-02-17,0xf8a73b66d9d9efcc4dbbd6eeb360a43099baef2ee5477fc7e23808b695ac93bd
run_20260217_222909-0258,user-001,0x66ff2764501878839475c5b58bfbef328aa5aaea71c736ddeacf8dfbdcb2b6be,0xfd38225e58925c8565775ce532fbfb0cdf0c04bc5e20359c28adba8836d360e9,4.755,2026-02-17T07:24:32.604929Z,2026-02-17T08:04:32.604929Z,2026-02-17,0xf8a73b66d9d9efcc4dbbd6eeb360a43099baef2ee5477fc7e23808b695ac93bd
run_20260217_222909-0259,user-009,0x861a10b58feb14bfabadd9b9764d323d5d6ad1b230d205e93c32cfa72b695eb8,0x3edfd19a32228756e836585f6cda5990e6fbd048e2a25187a717eaff70072606,14.137,2026-02-17T05:09:35.860264Z,2026-02-17T05:49:35.860264Z,2026-02-17,0xf8a73b66d9d9efcc4dbbd6eeb360a43099baef2ee5477fc7e23808b695ac93bd
run_20260217_222909-0260,user-008,0xa07a677680d8ada27a5305279a876ad8b772787ccfaf43ccfc45d22ad181eb24,0x8634063990058033bd6757c52f1ede1fa018de687b8da7d109f9e818f9844bec,13.889,2026-02-17T04:03:49.427159Z,2026-02-17T04:43:49.427159Z,2026-02-17,0xf8a73b66d9d9efcc4dbbd6eeb360a43099baef2ee5477fc7e23808b695ac93bd
run_20260217_222909-0261,user-002,0x9dc406d4a0978a98bf24712b899a26b9edf7d16825787c54ea09eaf6b3f725a8,0xb9c9ab0f04659041f5421916105f94e3addd7afc58e4eb3210d551f99a853e58,11.048,2026-02-17T14:55:50.073183Z,2026-02-17T15:55:50.073183Z,2026-02-17,0xf8a73b66d9d9efcc4dbbd6eeb360a43099baef2ee5477fc7e23808b695ac93bd
run_20260217_222909-0262,user-010,0x354dbb83892442735b67f594d4aaec21924e0251eee41ae8d3657beec237c6aa,0x2242979c0f31024fb41ff50088431c5884062d722055ee281c944641cb6d68c2,7.488,2026-02-17T10:46:46.160472Z,2026-02-17T11:06:46.160472Z,2026-02-17,0xf8a73b66d9d9efcc4dbbd6eeb360a43099baef2ee5477fc7e23808b695ac93bd
run_20260217_222909-0263,user-009,0xde9f1c808ddb62cd6c5d45d62dee2d3c78fe0cf23555b70eb6f7fb74009a566d,0xf2d0e94af7ed08bc4b1a71302acdbb971ddff9db41fbd60875f32f479655fb55,3.773,2026-02-17T11:05:40.093701Z,2026-02-17T11:25:40.093701Z,2026-02-17,0xf8a73b66d9d9efcc4dbbd6eeb360a43099baef2ee5477fc7e23808b695ac93bd
run_20260217_222909-0264,user-010,0x6f45306266722267ead60d763c0c6b828c0d72ebe8b5ba9c45c993b2f04243e1,0x234eefcb459886896f3166585f353c938bac497566c02d691132ecb5906f95e5,27.791,2026-02-17T11:15:04.895420Z,2026-02-17T12:30:04.895420Z,2026-02-17,0xf8a73b66d9d9efcc4dbbd6eeb360a43099baef2ee5477fc7e23808b695ac93bd
run_20260217_222909-0265,user-009,0xa233a1901cc9c082509acbffec76672aa7a23ed2e8bb23b6dc7cf5b224166a48,0x275e60bf359b1a0f4845d2a2d20640d67241716a9fc860c5c3696f0e713bfcf0,3.367,2026-02-17T13:17:23.884050Z,2026-02-17T13:37:23.884050Z,2026-02-17,0xf8a73b66d9d9efcc4dbbd6eeb360a43099baef2ee5477fc7e23808b695ac93bd
run_20260217_222909-0266,user-009,0xa1708d0a316359392954d2ffcb60e1f0370bf91896e8279639b4546c94bfcb75,0xae0f36bf8f59eb4a4aa9b0860ede7b2cb78d6e4a7445d86d55da1a8c368edb5e,2.289,2026-02-17T11:11:11.016965Z,2026-02-17T11:31:11.016965Z,2026-02-17,0xf8a73b66d9d9efcc4dbbd6eeb360a43099baef2ee5477fc7e23808b695ac93bd
run_20260217_222909-0267,user-007,0xb47c99c886c7b57594339fb4e3e0159dbd20441bb134af5ea1900be278afea40,0xb6b8122793a985cac5fc3518223a56f620264d87f36af5a3e360cfb9aa87dd66,7.126,2026-02-17T08:27:57.115835Z,2026-02-17T08:47:57.115835Z,2026-02-17,0xf8a73b66d9d9efcc4dbbd6eeb360a43099baef2ee5477fc7e23808b695ac93bd
run_20260217_222909-0268,user-005,0x74f53462177c074fe9e2fd8582b32e68ba4c7676d8e5319e083c5262e90d93e7,0xca8eef547e71d373c9a45eead2b4cf20bc41aec4dd3c15503c13b460cbc2712a,8.945,2026-02-17T10:35:21.524661Z,2026-02-17T11:50:21.524661Z,2026-02-17,0xf8a73b66d9d9efcc4dbbd6eeb360a43099baef2ee5477fc7e23808b695ac93bd
run_20260217_222909-0269,user-005,0xbf84de4a963ab4cdaf3e5e7846b1b3566b937ecbb2e4d64e217fadf07396ff10,0xde2c774c7a508e5cb766805e61a6ade6aca70e25c85f2034044364a5a373ad06,7.445,2026-02-17T09:25:32.711321Z,2026-02-17T10:05:32.711321Z,2026-02-17,0xf8a73b66d9d9efcc4dbbd6eeb360a43099baef2ee5477fc7e23808b695ac93bd
run_20260217_222909-0270,user-003,0x2e6116711229933e056bfa7d961b40edc4499b8546088d3322a32b958ad2c084,0xcbc8c724a13dc5b5795b3b32a47c57f1b31504e29dedff46f67cb7529f6ce28b,4.639,2026-02-17T16:49:47.918122Z,2026-02-17T17:29:47.918122Z,2026-02-17,0xf8a73b66d9d9efcc4dbbd6eeb360a43099baef2ee5477fc7e23808b695ac93bd
run_20260217_222909-0271,user-006,0x6d88cbe0ee158f604157f663d556ea597eaed062de3a4d813e19d76281933056,0xa750054cafc27b81c414f694a85fc4b55e6db868eabb952ea1201c7cdf6a5b23,9.299,2026-02-17T18:54:05.928132Z,2026-02-17T20:09:05.928132Z,2026-02-17,0xf8a73b66d9d9efcc4dbbd6eeb360a43099baef2ee5477fc7e23808b695ac93bd
run_20260217_222909-0272,user-006,0x1558a76e52e435cfa3f8006b7c61ca25431735ec71d05519eb2b24d40830223b,0x0432c1305805f6b5fc12b65210a8c310d66506e954f5103f53ee618482368d6b,3.72,2026-02-17T20:54:22.211334Z,2026-02-17T21:24:22.211334Z,2026-02-17,0xf8a73b66d9d9efcc4dbbd6eeb360a43099baef2ee5477fc7e23808b695ac93bd
run_20260217_222909-0273,user-010,0x313883e1d84ea1a1ad785e69e7f02907219d873bedbb0b0de1a813a4eb253e92,0x5397c695a2cefcd5a7c2472f04344647d57896eeb899d963901c0aa5ed5e5d9a,7.26,2026-02-17T10:22:43.132447Z,2026-02-17T11:02:43.132447Z,2026-02-17,0xf8a73b66d9d9efcc4dbbd6eeb360a43099baef2ee5477fc7e23808b695ac93bd
run_20260217_222909-0274,user-008,0x9882c060c991e1344225f114ab72d2f01b5bf7741449ea1080d2da15fa6c5c35,0xc8f7609fc70beef5ef572a065eafd868bfb1f3677a877deb957068e8c848ccb0,7.044,2026-02-17T13:17:41.071084Z,2026-02-17T13:57:41.071084Z,2026-02-17,0xf8a73b66d9d9efcc4dbbd6eeb360a43099baef2ee5477fc7e23808b695ac93bd
run_20260217_222909-0275,user-002,0x7a5db07f8ce76a15271e0465726f36601cb6f21b5bd78947616a2bf58f96e8a3,0x561a68690d11d6b56c517d1700a63fc67e696f4c601bb86a2d11b64281b8c330,26.424,2026-02-17T02:34:22.112048Z,2026-02-17T03:49:22.112048Z,2026-02-17,0xf8a73b66d9d9efcc4dbbd6eeb360a43099baef2ee5477fc7e23808b695ac93bd
run_20260217_222909-0276,user-009,0x6477f86a7d6fdc853e5dcb785e9305932d1eddc2af442b36f325e4beb7e2cec1,0x92bbef2319632569f2ca9a80e208032a2ba8b0e3d914983692bdc02530421a5e,10.603,2026-02-17T11:44:00.403775Z,2026-02-17T12:44:00.403775Z,2026-02-17,0xf8a73b66d9d9efcc4dbbd6eeb360a43099baef2ee5477fc7e23808b695ac93bd
run_20260217_222909-0277,user-006,0x3b0cb3bd254d84b71249f31a73c0a6866aad356c0a1b7bf98d95f213a9c63099,0xb15234cfaea0075f6813d44829e8ac9df08bcadf7dd0e12841793268645921c2,7.541,2026-02-17T23:00:47.727029Z,2026-02-18T00:00:47.727029Z,2026-02-17,0xf8a73b66d9d9efcc4dbbd6eeb360a43099baef2ee5477fc7e23808b695ac93bd
run_20260217_222909-0278,user-005,0x3688a6ff9e9a0c68e0a9659c932a75e5d5bab2cf8ba89598ba2cd1262100a96a,0x131b08f8f00f2b21402cdda1d4d5053f53439e276428afa3b76b8d7c7dc6baf5,13.603,2026-02-17T03:56:47.036199Z,2026-02-17T04:36:47.036199Z,2026-02-17,0xf8a73b66d9d9efcc4dbbd6eeb360a43099baef2ee5477fc7e23808b695ac93bd
run_20260217_222909-0279,user-006,0x1137adaa8ea8670aafb11c0bd9a480b0a224b74d2a5351f22c1e7913259ac9a7,0xfb410c6f877b2d42c38babad1b908f5446018392ef93917296e766e87cf6be6d,7.279,2026-02-17T04:22:10.743484Z,2026-02-17T05:02:10.743484Z,2026-02-17,0xf8a73b66d9d9efcc4dbbd6eeb360a43099baef2ee5477fc7e23808b695ac93bd
run_20260217_222909-0280,user-006,0x325641cd8315c9e0a7e71f6fe470ad14f4021165e60b9ef4fd2aa58f98ae5b9e,0x77dd3c3ddbac03e71a10c2feaf1c7f53668b7bfa7c68f63418dbc8811a9b320a,7.461,2026-02-17T09:32:05.448113Z,2026-02-17T09:52:05.448113Z,2026-02-17,0xf8a73b66d9d9efcc4dbbd6eeb360a43099baef2ee5477fc7e23808b695ac93bd
run_20260217_222909-0281,user-010,0xcdf749f1034aa9e2cffe5569e39bfd5125c00dbc5854d88989d6a9536e8b212e,0x58e824adcbf7afaecff575d2a0d5506f273b6b8d9030b05b375a9070ec6a5b2c,7.09,2026-02-17T20:06:48.323148Z,2026-02-17T21:06:48.323148Z,2026-02-17,0xf8a73b66d9d9efcc4dbbd6eeb360a43099baef2ee5477fc7e23808b695ac93bd
run_20260217_222909-0282,user-005,0x9bc537791b098383a7d1458048be9d09f00072f968f190b4afd7d49a100b1010,0x8c1173d96bea2db70af90ee7eb53d02abcfe3e6462c9bd100f940de2653aef92,5.282,2026-02-17T01:14:57.265751Z,2026-02-17T01:44:57.265751Z,2026-02-17,0xf8a73b66d9d9efcc4dbbd6eeb360a43099baef2ee5477fc7e23808b695ac93bd
run_20260217_222909-0283,user-003,0x4259b5c18b6f1735b4deb951e5cc6cabcc2e18de542c12c9264a3511147d98b5,0x59bfc9717f0995f898d585c1ea843088a7fc4b6b21623989f592faf0a7cb08a0,13.701,2026-02-17T09:01:34.505758Z,2026-02-17T10:16:34.505758Z,2026-02-17,0xf8a73b66d9d9efcc4dbbd6eeb360a43099baef2ee5477fc7e23808b695ac93bd
run_20260217_222909-0284,user-002,0x14426cb86d5ec40973ad74b112e0e50bd0ec3197173f515f6d6e0ecd329af916,0xff081c82d9c160550af1ecc7ad92dddde1cc7d0d0f78b981cc40ef83e8c2900c,10.821,2026-02-17T21:44:48.386955Z,2026-02-17T22:14:48.386955Z,2026-02-17,0xf8a73b66d9d9efcc4dbbd6eeb360a43099baef2ee5477fc7e23808b695ac93bd
run_20260217_222909-0285,user-007,0xdcaa6963c640fdd0ff42fff962a6e07e52c0e5b8adfd32d7134af191de0c493e,0x0f09cfd2fe28fb6a3cd37e98632caae5df2d99600242bff82e4a7bcd53f870da,11.066,2026-02-17T18:28:32.387449Z,2026-02-17T19:28:32.387449Z,2026-02-17,0xf8a73b66d9d9efcc4dbbd6eeb360a43099baef2ee5477fc7e23808b695ac93bd
run_20260217_222909-0286,user-001,0x674d9489e78c0085ad82a2f08c92f5eb25454905e398c030e690a1e3429135a1,0x791a50bcf654f807ba194f7bd221633c999e357d24edb4a61440dde2fcbf17b1,7.419,2026-02-17T10:06:41.910603Z,2026-02-17T10:26:41.910603Z,2026-02-17,0xf8a73b66d9d9efcc4dbbd6eeb360a43099baef2ee5477fc7e23808b695ac93bd
run_20260217_222909-0287,user-007,0x80ccf31d68c36fd9bed2068d1bf8f50375db334c51bbd6005fa118dd762908ec,0x5d2be6b57f8bc48b2a83a4bcc729297d9efcc73eaa20c79931dde9141b167aa3,6.907,2026-02-17T08:20:43.839235Z,2026-02-17T09:00:43.839235Z,2026-02-17,0xf8a73b66d9d9efcc4dbbd6eeb360a43099baef2ee5477fc7e23808b695ac93bd
run_20260217_222909-0288,user-009,0x77181ab8de8bbed28d1b6b3deceeb52058f1ff187be8a1ae192c2c16fa03e624,0x6ebb4c5be51ca919de5dcc312d32c85b91bbb79a50c7d113395fc4fc1d5251e6,7.208,2026-02-17T10:39:55.658816Z,2026-02-17T11:19:55.658816Z,2026-02-17,0xf8a73b66d9d9efcc4dbbd6eeb360a43099baef2ee5477fc7e23808b695ac93bd
run_20260217_222909-0289,user-009,0x3b918ac9cab25e1dd0b9ebccfe5317d5a7b16a744d537582f753006bec714547,0x6fb7740e552b7f21ee584bcd15670fcee37628a1a3554da3ba1155ff6419c0c7,14.447,2026-02-17T14:22:11.537685Z,2026-02-17T15:02:11.537685Z,2026-02-17,0xf8a73b66d9d9efcc4dbbd6eeb360a43099baef2ee5477fc7e23808b695ac93bd
run_20260217_222909-0290,user-002,0x3404a789219fc8071cefcc4f234df6bb70114a92b2987ef0230015bf7d3ab5d7,0xaa6b24c80cd6f5daad6e1d51329959543b39492c8ce5abb1875328af723055e8,4.585,2026-02-17T17:40:08.851376Z,2026-02-17T18:20:08.851376Z,2026-02-17,0xf8a73b66d9d9efcc4dbbd6eeb360a43099baef2ee5477fc7e23808b695ac93bd
run_20260217_222909-0291,user-008,0xfe69752d0536b6f0c225065d8554824d97e4fd7cb7cfc337f4dd582cd67dde83,0xa2a2fe6c7950f2c9a073e0a11e0e101831550dc03abf6a35128b16e10be7f9e3,11.221,2026-02-17T13:26:52.815006Z,2026-02-17T13:56:52.815006Z,2026-02-17,0xf8a73b66d9d9efcc4dbbd6eeb360a43099baef2ee5477fc7e23808b695ac93bd
run_20260217_222909-0292,user-001,0x3d92f076ca2e08cc126c52ae8ccb3f7c7259c25e85fb64f3e6e2ea536c00cb7f,0xb9f0c746ddc084697cd97237146a21507c9ba0625041f610a5b3c44d442c002b,2.388,2026-02-17T15:20:58.464149Z,2026-02-17T15:40:58.464149Z,2026-02-17,0xf8a73b66d9d9efcc4dbbd6eeb360a43099baef2ee5477fc7e23808b695ac93bd
run_20260217_222909-0293,user-009,0x01326b264f3199b1af880fe59f75d3e28e8c89e5d8d4bf8f6da9bb42cfc31ced,0x6d5f4dab1c80c371900da483428d536267f4966c806ae35ab61a96034a62715d,2.257,2026-02-17T23:36:52.332456Z,2026-02-17T23:56:52.332456Z,2026-02-17,0xf8a73b66d9d9efcc4dbbd6eeb360a43099baef2ee5477fc7e23808b695ac93bd
run_20260217_222909-0294,user-005,0xbbd5e498ffeb42b5571a52702f7e569c5cba5f43d460ff0b07fda7a197d834e2,0xe76bfc4273db8ab09933483a19715e1f715d8db434d4c724a7514c75d723d1a5,5.628,2026-02-17T18:33:08.067680Z,2026-02-17T19:03:08.067680Z,2026-02-17,0xf8a73b66d9d9efcc4dbbd6eeb360a43099baef2ee5477fc7e23808b695ac93bd
run_20260217_222909-0295,user-002,0x05e934bd6b2b8fe68bfc2cb0dfda6c003a0be4a039c3a786523d6ed0522310c2,0xe6af5334cd93ec7825824032b421e2301ff7fd27065b203d971bd385ecc7e42e,13.581,2026-02-17T04:42:45.790242Z,2026-02-17T05:22:45.790242Z,2026-02-17,0xf8a73b66d9d9efcc4dbbd6eeb360a43099baef2ee5477fc7e23808b695ac93bd
run_20260217_222909-0296,user-010,0x419d8e75a35bf535ba43bb49a221d1421a0c55add161b4aa8d3d179aa3f1f8f1,0x1ddfae33fea1813afb9362e62039bd7b698bb6063dd8cabffe55d7b6e70b0203,6.803,2026-02-17T03:17:41.188671Z,2026-02-17T04:17:41.188671Z,2026-02-17,0xf8a73b66d9d9efcc4dbbd6eeb360a43099baef2ee5477fc7e23808b695ac93bd
run_20260217_222909-0297,user-006,0x7f5795f4d1fa857b94e56e0c904f08e086e719a1a034afed14f019bc10d02e44,0xbfbc4883c9f3e3bd3b1a01846d091ef6d9e470daf9774494042f490ba3f0cb18,5.526,2026-02-17T22:09:31.109906Z,2026-02-17T22:39:31.109906Z,2026-02-17,0xf8a73b66d9d9efcc4dbbd6eeb360a43099baef2ee5477fc7e23808b695ac93bd
run_20260217_222909-0298,user-004,0x1ed4820567ca697c15324c00bc00437dd501c8813d52d8c72ab4049628fd8068,0xf1765d805e2d7f107f99b3d8b2695bdc419004b1c372086b89c0c906dca02f19,5.516,2026-02-17T18:20:47.977465Z,2026-02-17T18:50:47.977465Z,2026-02-17,0xf8a73b66d9d9efcc4dbbd6eeb360a43099baef2ee5477fc7e23808b695ac93bd
run_20260217_222909-0299,user-008,0x7495192fdfc238bd5529fd2936d29fd517996801fc7e5145928c3177b4a81cea,0xd6126e9bbf006c983f8fad77c0d50cab8f0f0137bb77b04d1bafadc93a4a4400,9.13,2026-02-17T09:15:05.349336Z,2026-02-17T10:30:05.349336Z,2026-02-17,0xf8a73b66d9d9efcc4dbbd6eeb360a43099baef2ee5477fc7e23808b695ac93bd
run_20260217_222909-0300,user-009,0x2a7dd3989cd7862d9e05e7cb78ff6adef46f14774be916fe167559607b436275,0xc8cb8e2fe54fef81904182088ab3eb30250387b62fdc6c12d8756da17a29edd0,7.336,2026-02-17T23:12:06.587296Z,2026-02-17T23:52:06.587296Z,2026-02-17,0xf8a73b66d9d9efcc4dbbd6eeb360a43099baef2ee5477fc7e23808b695ac93bd
run_20260217_222909-0301,user-006,0xcf728b531e4596eeb2c081af7cbedafb9fdb4a5f422045a236b41858b409ba37,0x5997800b37543163e6d6d52f91b51f1a93604cad8741379f3469dd5535d2e307,4.797,2026-02-17T15:18:17.559048Z,2026-02-17T15:58:17.559048Z,2026-02-17,0xf8a73b66d9d9efcc4dbbd6eeb360a43099baef2ee5477fc7e23808b695ac93bd
run_20260217_222909-0302,user-007,0xdf4aaeb4cb1b2aa060a2f231652b9a8a47b3a6cfcd66ec0a9109fd98c6c605b5,0xcf5ceb41a9def06e85ef063ff6300d3f4f6e499c60e63b5c78ef5796e8b67d84,11.551,2026-02-17T17:16:20.008446Z,2026-02-17T17:46:20.008446Z,2026-02-17,0xf8a73b66d9d9efcc4dbbd6eeb360a43099baef2ee5477fc7e23808b695ac93bd
run_20260217_222909-0303,user-004,0x4ea2adf8bd668b5434791c78577e10537c84c848b17a3dceea93e0d9d11fc93b,0x10dd5f212e55e8841e13b4873293a34826ef2822c75b20116bae646b2c1dc155,5.14,2026-02-17T20:28:59.101267Z,2026-02-17T20:58:59.101267Z,2026-02-17,0xf8a73b66d9d9efcc4dbbd6eeb360a43099baef2ee5477fc7e23808b695ac93bd
run_20260217_222909-0304,user-008,0x2f16d96c55c33f3da2c0d8d6131c9d844e170dc180a120e93f45075ad7074c36,0xbdd40e0b4e6808476ad31f2c0a9b0e6ce64d8daf90ad4bde172ec983f05407aa,28.161,2026-02-17T16:46:57.046662Z,2026-02-17T18:01:57.046662Z,2026-02-17,0xf8a73b66d9d9efcc4dbbd6eeb360a43099baef2ee5477fc7e23808b695ac93bd
run_20260217_222909-0305,user-010,0x261b95b6353ad5696a988aed96e7cdeb65fba644f84c5d8c1052c578e5cf96b5,0x0b6f5c9040865d4f83b70010de0524e328ef5defdd0cbe3179baf95d1bd81e88,9.116,2026-02-17T08:23:11.622259Z,2026-02-17T09:38:11.622259Z,2026-02-17,0xf8a73b66d9d9efcc4dbbd6eeb360a43099baef2ee5477fc7e23808b695ac93bd
run_20260217_222909-0306,user-002,0x2ad5ccf662dfd1941a5b6f4bcd340cdddbec664b8754acef381f5e8cc4b024b9,0xa6fa7b9a2bb76954249453ada34f7995977a40d0f3a0dae78b5e14673fc9ba6b,4.613,2026-02-17T22:05:04.729467Z,2026-02-17T22:45:04.729467Z,2026-02-17,0xf8a73b66d9d9efcc4dbbd6eeb360a43099baef2ee5477fc7e23808b695ac93bd
run_20260217_222909-0307,user-008,0xdc3d837f1636e1c8325b7255e0911e2486e873b32f76661e4aa6c61918cef588,0xb6f4e1975f098c5168b008d99edded1405a3ee530afd55e6cd881cf90ef65a09,3.719,2026-02-17T14:02:51.345141Z,2026-02-17T14:32:51.345141Z,2026-02-17,0xf8a73b66d9d9efcc4dbbd6eeb360a43099baef2ee5477fc7e23808b695ac93bd
run_20260217_222909-0308,user-002,0x041586faefc922593a7f554989daaf6faca974c7610587a9aea82b99aebb8f76,0x0a5bbad1de3de3fe7e8eb04e56e0599f999c977cacdc2c452b634c27dc305776,22.414,2026-02-17T01:30:01.027629Z,2026-02-17T02:30:01.027629Z,2026-02-17,0xf8a73b66d9d9efcc4dbbd6eeb360a43099baef2ee5477fc7e23808b695ac93bd
run_20260217_222909-0309,user-003,0x070cd6b824ff3671853bcce4f1e8c84bfa7440b0f313f3dbc302b4386032e2ec,0x4cb264f0b8b8370d2e6bcd20271134f78b8a7d342432f91aae7138d4b88b90fb,7.326,2026-02-17T23:17:51.440283Z,2026-02-17T23:57:51.440283Z,2026-02-17,0xf8a73b66d9d9efcc4dbbd6eeb360a43099baef2ee5477fc7e23808b695ac93bd
run_20260217_222909-0310,user-010,0xaa07fc198b288a537b8625c9209b2565310a954fa3f5b9b1e10df70bff98efcf,0x6854ad924fbccb6c7c2c2b8877f9409f79bbe63aec64b362e1dc639f0030a647,13.51,2026-02-17T13:32:37.955109Z,2026-02-17T14:47:37.955109Z,2026-02-17,0xf8a73b66d9d9efcc4dbbd6eeb360a43099baef2ee5477fc7e23808b695ac93bd
run_20260217_222909-0311,user-007,0x9a0b7edc3bfa430ec9350b1fc45679d72f7246f8af474c38413f78434f6599fa,0xf8836d3069f5994b2d8fb715640034330707213db33c92fe1b45af12b4213339,8.967,2026-02-17T04:49:55.843332Z,2026-02-17T06:04:55.843332Z,2026-02-17,0xf8a73b66d9d9efcc4dbbd6eeb360a43099baef2ee5477fc7e23808b695ac93bd
run_20260217_222909-0312,user-005,0xedc0014bd1e12d65a34f095be8b6f414c028bcbb75f253e954133b520490de55,0x8d66fd825c68b182f409c11d0092c6a1da19490c2457d6ece33efab08ac96dae,13.925,2026-02-17T17:09:03.919756Z,2026-02-17T18:24:03.919756Z,2026-02-17,0xf8a73b66d9d9efcc4dbbd6eeb360a43099baef2ee5477fc7e23808b695ac93bd
run_20260217_222909-0313,user-002,0x46c835a831a0c824b7ee9e9243320a400ff315e4f2877cd50464794e1fbecb68,0x25b8f27e62191d2d6761d40c01e425049657ec7d6eca522cfce7ceb7ece9d96b,7.156,2026-02-17T20:22:00.928865Z,2026-02-17T21:22:00.928865Z,2026-02-17,0xf8a73b66d9d9efcc4dbbd6eeb360a43099baef2ee5477fc7e23808b695ac93bd
run_20260217_222909-0314,user-005,0x41ac98263b9c5921f502b5361e677693963235c2934ac4a9f1993a60a8e640fd,0x3d99f89c0db7a733978b68f653293c3923945b27be97c6540ae542be8ec6d9e5,2.334,2026-02-17T04:22:09.537446Z,2026-02-17T04:42:09.537446Z,2026-02-17,0xf8a73b66d9d9efcc4dbbd6eeb360a43099baef2ee5477fc7e23808b695ac93bd
run_20260217_222909-0315,user-001,0xe5e13b7f2568bf98393c4e847d456fa4316c74c26c4524870c6847029e822661,0x11d66d71cf03fb7cee45bd16e6949b3e3a7d7d5b059b512db0a48395d382fd6c,7.133,2026-02-17T19:12:10.858687Z,2026-02-17T19:32:10.858687Z,2026-02-17,0xf8a73b66d9d9efcc4dbbd6eeb360a43099baef2ee5477fc7e23808b695ac93bd
run_20260217_222909-0316,user-001,0xdfb94efce9f186aafad3a6470bf0ab0ba58f249ec5f0061119b4c3edfc49b37b,0x085c8418119ec428f0789448a7818b7f6c6566cf79f9bcdb37937a5087371f34,28.456,2026-02-17T06:06:35.796401Z,2026-02-17T07:21:35.796401Z,2026-02-17,0xf8a73b66d9d9efcc4dbbd6eeb360a43099baef2ee5477fc7e23808b695ac93bd
run_20260217_222909-0317,user-008,0xc0f7f783597089276142ce59f6e087d1ec9e3b17eda29aca53df184f7582b14f,0x72214904a44f30c904868a2e9294a6670a4aa50c76e5cfbb3afc7d615d3abba0,5.379,2026-02-17T07:27:41.675036Z,2026-02-17T07:57:41.675036Z,2026-02-17,0xf8a73b66d9d9efcc4dbbd6eeb360a43099baef2ee5477fc7e23808b695ac93bd
run_20260217_222909-0318,user-001,0x71d01376a4fe3d0a5ac35da72064f6d2eed49c705110ee1a11c9547a491813d3,0xe74e704f5cf5a7fe79e6058dd2cd94f43a9f5819ed7aec3063f983829d35ab07,10.407,2026-02-17T15:27:03.272853Z,2026-02-17T15:57:03.272853Z,2026-02-17,0xf8a73b66d9d9efcc4dbbd6eeb360a43099baef2ee5477fc7e23808b695ac93bd
run_20260217_222909-0319,user-008,0xe3d187b2e90ba5a04df72b87745eab77c4078f451b70c92cdc697985bcb4cfe0,0x1e0c3068bc9e2c3eef8e1a9baa085bff2de41cd9018755075e8bee519fd4dde5,7.378,2026-02-17T06:23:12.484936Z,2026-02-17T06:43:12.484936Z,2026-02-17,0xf8a73b66d9d9efcc4dbbd6eeb360a43099baef2ee5477fc7e23808b695ac93bd
run_20260217_222909-0320,user-005,0xcb5ae254ec1e88bfc337bbf40b2e3c3cf6031fd827ad7228676cf64cf8c52943,0x5b5cf82b628cc9b8ba0ff4ab1f807c2be2cd9a13fdc8f61b1b8d3c2f33c31cd2,7.008,2026-02-17T10:57:27.775764Z,2026-02-17T11:57:27.775764Z,2026-02-17,0xf8a73b66d9d9efcc4dbbd6eeb360a43099baef2ee5477fc7e23808b695ac93bd
run_20260217_222909-0321,user-009,0xb522fd33e53963286b354da830894d9b9919cf096929c476f143771a8d0a14f1,0x4f4564b4c41b0d58e319b17af744b558a089392119c13a5d2872964ac8ed57a8,3.65,2026-02-17T14:53:10.635581Z,2026-02-17T15:23:10.635581Z,2026-02-17,0xf8a73b66d9d9efcc4dbbd6eeb360a43099baef2ee5477fc7e23808b695ac93bd
run_20260217_222909-0322,user-008,0x498e83f45544e08476e7685ec6e6e65971a6aebd0247dbd6e2626570b0bd141d,0x3cd88f110ff37a8416b4f1b41abf8ff0313806d6f9ec444f5c71dff35c3ff02a,11.108,2026-02-17T05:36:20.574148Z,2026-02-17T06:06:20.574148Z,2026-02-17,0xf8a73b66d9d9efcc4dbbd6eeb360a43099baef2ee5477fc7e23808b695ac93bd
run_20260217_222909-0323,user-001,0x94a151b7f8677f3499c4744c517ba7be1d47841f0fbe5a62277a10369635a8c7,0xa60df0f78a26dd0b112beed31030f35d8ef19a8228d1886f9a1f97b7b81588c2,7.214,2026-02-17T19:08:00.371921Z,2026-02-17T20:08:00.371921Z,2026-02-17,0xf8a73b66d9d9efcc4dbbd6eeb360a43099baef2ee5477fc7e23808b695ac93bd
run_20260217_222909-0324,user-002,0x944b35847ff32dd28e5523d108f8c2002c8531ab55bdc25b1a1e1f02d4bd9ab2,0xb826e2ec306ed0b17ba455a228af0677cfdcf8530152760f918e723f68fb2dbf,3.356,2026-02-17T12:44:59.690008Z,2026-02-17T13:04:59.690008Z,2026-02-17,0xf8a73b66d9d9efcc4dbbd6eeb360a43099baef2ee5477fc7e23808b695ac93bd
run_20260217_222909-0325,user-010,0xa0a7566c500d82a1fe7be9c8608ebbeb3dfa29c23ffa3977a427d40c9f213cff,0xddce1ad37ddeb4c65b94bdea6947b0b39c6a565f4af7b31c2fbbfe63ef633973,7.82,2026-02-17T17:36:13.529179Z,2026-02-17T17:56:13.529179Z,2026-02-17,0xf8a73b66d9d9efcc4dbbd6eeb360a43099baef2ee5477fc7e23808b695ac93bd
run_20260217_222909-0326,user-004,0x70c8d256d13eebdc3890a2e002692f56d3b3ad08a0fef8460d0fa8ba7e771ee5,0x913f7f0e53c7e14d0057c1bf20c1444c755ab83f65aa5a4677c4080a2df155dc,3.432,2026-02-17T11:13:24.485159Z,2026-02-17T11:43:24.485159Z,2026-02-17,0xf8a73b66d9d9efcc4dbbd6eeb360a43099baef2ee5477fc7e23808b695ac93bd
run_20260217_222909-0327,user-010,0x1e5b36c0c90753a011ea8dbb7db7007971f51788ee6339a501ffbf1ae0942e4c,0x694b096b6317f5b30e32a819c813fe132e95ca5dba4c8ff42865638f927e8f0c,22.704,2026-02-17T15:23:31.965189Z,2026-02-17T16:23:31.965189Z,2026-02-17,0xf8a73b66d9d9efcc4dbbd6eeb360a43099baef2ee5477fc7e23808b695ac93bd
run_20260217_222909-0328,user-007,0x0eeed6b1e374117fd9946848fbfc336e914df544caf60f786841ed9fbb768ffe,0xa427a56416a9f3e1af68d3f91efad53c99f55095ba393d1a09c441cae946cd6e,21.667,2026-02-17T05:38:34.470613Z,2026-02-17T06:38:34.470613Z,2026-02-17,0xf8a73b66d9d9efcc4dbbd6eeb360a43099baef2ee5477fc7e23808b695ac93bd
run_20260217_222909-0329,user-005,0xa1e405e352721047fe4c23a80e3b57f4efdbdfa214c9131697beef9687e89ee5,0x178855db69da222cf2507b041b1c41f5e42937b455568a66cf813a07a9554535,3.618,2026-02-17T23:49:32.453177Z,2026-02-18T00:19:32.453177Z,2026-02-17,0xf8a73b66d9d9efcc4dbbd6eeb360a43099baef2ee5477fc7e23808b695ac93bd
run_20260217_222909-0330,user-010,0x48874ebe2b14952fe76e4a0f098089e23d3b70aca4876f5675e83231245f3566,0x3e2f8aaba7e92dafe709695c9bcd16b608140003f38d7d9f942f315e05f999e2,3.684,2026-02-17T20:16:12.642471Z,2026-02-17T20:36:12.642471Z,2026-02-17,0xf8a73b66d9d9efcc4dbbd6eeb360a43099baef2ee5477fc7e23808b695ac93bd
run_20260217_222909-0331,user-005,0xe43e98f1f86ba7cd3a8e088801d08d0118feb69d4e3552b3faf45e514b848a4a,0x0ba01b97566439f6bc2ef788e32e09f6c9492429d52de8384ed8e92e437f6072,22.149,2026-02-17T21:46:39.397521Z,2026-02-17T22:46:39.397521Z,2026-02-17,0xf8a73b66d9d9efcc4dbbd6eeb360a43099baef2ee5477fc7e23808b695ac93bd
run_20260217_222909-0332,user-001,0xe563b524562fc09a108f2a030a57465a7a9fdc234e64dfd78a1f7a91b5e26542,0x8296f634857a5285b5f7e6829072ff3773632a28c3a40eb1349fedd1b4b26246,7.181,2026-02-17T01:51:30.302701Z,2026-02-17T02:31:30.302701Z,2026-02-17,0xf8a73b66d9d9efcc4dbbd6eeb360a43099baef2ee5477fc7e23808b695ac93bd
run_20260217_222909-0333,user-007,0xa391507b1f5994cd92e21f9542cd6ca03c6355e4cf53528e393814a875b569d3,0x2d6fec6eca3ead6585335cc6ccde8ceee56cc7a5d2dcbe2186f69c1d7b0997fa,9.309,2026-02-17T22:41:03.345227Z,2026-02-17T23:56:03.345227Z,2026-02-17,0xf8a73b66d9d9efcc4dbbd6eeb360a43099baef2ee5477fc7e23808b695ac93bd
run_20260217_222909-0334,user-007,0x0af950d63928a82874a737baa14fdb746714059b5e57be310b07b50d0c6508e9,0xabf41747ad09efd1a8e66b49485e7fe670251e302635e94dfd316feecdbd5848,21.984,2026-02-17T17:40:54.990823Z,2026-02-17T18:40:54.990823Z,2026-02-17,0xf8a73b66d9d9efcc4dbbd6eeb360a43099baef2ee5477fc7e23808b695ac93bd
run_20260217_222909-0335,user-010,0xe40112ceeca3863c5d7f07d0265504a637aec972a2e2741e2ab7ab001a68dc4d,0x76690912a75e606386b83ed8592edddd07951ef25605ba953c19779ba1a09657,10.83,2026-02-17T21:49:59.022402Z,2026-02-17T22:49:59.022402Z,2026-02-17,0xf8a73b66d9d9efcc4dbbd6eeb360a43099baef2ee5477fc7e23808b695ac93bd
run_20260217_222909-0336,user-006,0x4bd15b51917c3fde075c364e709a5caa92e7b1c5de12e181b7087e2a5a076d96,0x4b352cc41eaf8033da0bc9aeeef7db2ebf8e12c1c3be382fc76c389ed729c46e,2.378,2026-02-17T20:14:22.358836Z,2026-02-17T20:34:22.358836Z,2026-02-17,0xf8a73b66d9d9efcc4dbbd6eeb360a43099baef2ee5477fc7e23808b695ac93bd
run_20260217_222909-0337,user-002,0x6f7b12461642cfc4738c43d32d567205a8f7177898a1c3ec0afdf7ed9b038b60,0x1692c6da0532186bac1018c5d26332b178a7afb429d7e61750026ba487f3c096,6.758,2026-02-17T16:39:37.800475Z,2026-02-17T17:39:37.800475Z,2026-02-17,0xf8a73b66d9d9efcc4dbbd6eeb360a43099baef2ee5477fc7e23808b695ac93bd
run_20260217_222909-0338,user-003,0xdb7c1f19d6e153574ded4b3483b5287e343d26485f3f1f675704f2fa3a7541e1,0x9f85343ae4aa688fae471d92fc52a5e841984949bd0ed2d3f9c12d1d236b3a34,11.049,2026-02-17T22:32:26.491717Z,2026-02-17T23:02:26.491717Z,2026-02-17,0xf8a73b66d9d9efcc4dbbd6eeb360a43099baef2ee5477fc7e23808b695ac93bd
run_20260217_222909-0339,user-002,0x62ade4fbc8c45abaafad9b56b08c8ad60f4c2af4f146580d152790d55deb1a8d,0x8aaacf5eb6aa410d1f17526f1f27ce69e46b78100e418e805b24f6c08ef69e34,7.172,2026-02-17T23:31:31.632812Z,2026-02-18T00:31:31.632812Z,2026-02-17,0xf8a73b66d9d9efcc4dbbd6eeb360a43099baef2ee5477fc7e23808b695ac93bd
run_20260217_222909-0340,user-008,0xf0847977f753f446c02b8a71c470cf3d59cb7f0a36df33ce54f12db4faaba343,0x3873d2689f82fb8a3eeb42db3ecca16f4e46457c97eb425c229a37ad0e0cc7e9,3.605,2026-02-17T14:32:30.255740Z,2026-02-17T15:02:30.255740Z,2026-02-17,0xf8a73b66d9d9efcc4dbbd6eeb360a43099baef2ee5477fc7e23808b695ac93bd
run_20260217_222909-0341,user-007,0x9fb2f73e92150c096628e8a2696f13903b13637ad115421879b8c920fce464e1,0xf1c4a5efab79a074d3d90d4060903f6e1106feef0c9e1cbc98c93bdd7eaf164f,7.287,2026-02-17T02:36:49.259763Z,2026-02-17T02:56:49.259763Z,2026-02-17,0xf8a73b66d9d9efcc4dbbd6eeb360a43099baef2ee5477fc7e23808b695ac93bd
run_20260217_222909-0342,user-007,0x1e6545add0b7a829fc8f127bbe438662b7f52ca57de8b9c6e920c3c39468d8fa,0x22e5f02ca96ce6ab5719eac7a9ba54e6debcae97afc8c9823ce0bf1ad1a70ad5,27.114,2026-02-17T11:29:09.978272Z,2026-02-17T12:44:09.978272Z,2026-02-17,0xf8a73b66d9d9efcc4dbbd6eeb360a43099baef2ee5477fc7e23808b695ac93bd
run_20260217_222909-0343,user-007,0x701378efeeb9eb40108a24e8c8c90fb409da905fdc8a54212142068601f02d25,0xdcb0d2eebd899cc90eb0fad23dc774341992317712fbfd5f80f39565b32a3e80,11.381,2026-02-17T00:05:12.746860Z,2026-02-17T00:35:12.746860Z,2026-02-17,0xf8a73b66d9d9efcc4dbbd6eeb360a43099baef2ee5477fc7e23808b695ac93bd
run_20260217_222909-0344,user-003,0x06b2987904517ac0a7c1c49042a46eae1e6b30365db455f3a7e98434c1599c7d,0x52d72f3b04348372b92945b6098bf42ec8f2d8fd28aa46330f9cd218c72f7873,7.086,2026-02-17T06:32:00.328326Z,2026-02-17T07:12:00.328326Z,2026-02-17,0xf8a73b66d9d9efcc4dbbd6eeb360a43099baef2ee5477fc7e23808b695ac93bd
run_20260217_222909-0345,user-010,0x9064139a08b9222864322fd57fb12d137f7754f1574f69e64c286b7bcec9373f,0x441da71e0b3713c4349272206471b42d300f0e50e5cf3bb57ada411238a68ac8,28.101,2026-02-17T09:10:35.821924Z,2026-02-17T10:25:35.821924Z,2026-02-17,0xf8a73b66d9d9efcc4dbbd6eeb360a43099baef2ee5477fc7e23808b695ac93bd
run_20260217_222909-0346,user-007,0xd05c19d29ce1ac554f71cca74217c8d210fc5dbe6384f586268c739b4fc8e52d,0xdf0526959e51ad7112079bb870a6a524f62a77ce6356546256de815f8c1a9559,3.898,2026-02-17T18:38:31.316050Z,2026-02-17T19:08:31.316050Z,2026-02-17,0xf8a73b66d9d9efcc4dbbd6eeb360a43099baef2ee5477fc7e23808b695ac93bd
run_20260217_222909-0347,user-007,0x59410e99838ef3bc10ec1da2b4c2d420238bbf43bab13ad94e48b8d6536bfaaf,0xdba9f3ccd71b868638a521c85ff93b72ab3c28036727389131d92499bc8e7589,7.051,2026-02-17T14:15:59.511224Z,2026-02-17T14:35:59.511224Z,2026-02-17,0xf8a73b66d9d9efcc4dbbd6eeb360a43099baef2ee5477fc7e23808b695ac93bd
run_20260217_222909-0348,user-009,0x42c6b95ebb32335e6ac8d0fb88244d6152d4ba411d286251c5e8c5b7cba60a38,0x125326654c9cf87746b711d8076cb07d051883258d27e652919804f4c920a5af,8.121,2026-02-17T11:22:40.082061Z,2026-02-17T11:42:40.082061Z,2026-02-17,0xf8a73b66d9d9efcc4dbbd6eeb360a43099baef2ee5477fc7e23808b695ac93bd
run_20260217_222909-0349,user-007,0xc4a627f4f1165f1490e0dc3ba147985cc07c78520e3b566d68c07dab065d71d2,0x3f5d1d2df9b39b841fc6bf0d161fbd278c3a3db6cbabe8dd624acdc5feaccff4,7.154,2026-02-17T00:22:17.032384Z,2026-02-17T00:42:17.032384Z,2026-02-17,0xf8a73b66d9d9efcc4dbbd6eeb360a43099baef2ee5477fc7e23808b695ac93bd
run_20260217_222909-0350,user-005,0xbda59387bb423bfde9fe263d3fbfbcf1133cbb53ce08b2b7df1c568e84fb699d,0xd73e336c53210664669ce4f7d3c5e7c1bc10283e659ca0aadc7362159c186dd2,7.48,2026-02-17T05:24:54.306117Z,2026-02-17T06:04:54.306117Z,2026-02-17,0xf8a73b66d9d9efcc4dbbd6eeb360a43099baef2ee5477fc7e23808b695ac93bd
run_20260217_222909-0351,user-010,0xe2a01902bdf55b7e483329ea93530653b86d6e5de2b35c4dfa73287986724209,0x7f006454ad5f4f124a5016ca0cbe8d123288e763ea5575de3c92af30a174424a,9.039,2026-02-17T01:28:30.411655Z,2026-02-17T02:43:30.411655Z,2026-02-17,0xf8a73b66d9d9efcc4dbbd6eeb360a43099baef2ee5477fc7e23808b695ac93bd
run_20260217_222909-0352,user-006,0x7cef0a7161ec3eed6c5ae5455e9ef315cc124d05d7c4438502480e2c7a86f0ab,0x62b61ca0902593ea9c705cf939530db5204d1e6f6689d52ea8a5e96648491947,21.87,2026-02-17T21:56:09.514595Z,2026-02-17T22:56:09.514595Z,2026-02-17,0xf8a73b66d9d9efcc4dbbd6eeb360a43099baef2ee5477fc7e23808b695ac93bd
run_20260217_222909-0353,user-005,0x884ff5885ec5a7c9dc487d23061c4e05a89928b8970f4839287b16884bb5dab0,0x241cbd3b17d6f4cded371c9bb38e20e1cf207cf687ab6d1cdc4fad928480c3e6,10.788,2026-02-17T16:33:17.618410Z,2026-02-17T17:33:17.618410Z,2026-02-17,0xf8a73b66d9d9efcc4dbbd6eeb360a43099baef2ee5477fc7e23808b695ac93bd
run_20260217_222909-0354,user-008,0x3bcc1b704c32f8779d0cf6947c947c62d2210048ed0be83e278f60d43c63a56a,0xb20bd8a75a09eebb73f3b9c3519c37f35d2670bc50349bc91de699bd38529d2c,6.823,2026-02-17T14:08:22.922003Z,2026-02-17T14:28:22.922003Z,2026-02-17,0xf8a73b66d9d9efcc4dbbd6eeb360a43099baef2ee5477fc7e23808b695ac93bd
run_20260217_222909-0355,user-004,0x3565e92c226e5422ec7c0eaa76cc6b17777322e356aed006871c8bd32dfb1e79,0xf3b4c5a38d7bbce8f67402d205a720abe3e49baaec40705352b3a01a0699b921,3.544,2026-02-17T22:48:33.415685Z,2026-02-17T23:18:33.415685Z,2026-02-17,0xf8a73b66d9d9efcc4dbbd6eeb360a43099baef2ee5477fc7e23808b695ac93bd
run_20260217_222909-0356,user-007,0x0faecf0f912896a521c39fc660eda7ac24b3863303dd4ed22b4ab55652702e8a,0x161acf6d1de39d5befe1e52e38477689b9da5816eb7113f405551cc64ecef360,10.281,2026-02-17T00:08:01.280393Z,2026-02-17T00:38:01.280393Z,2026-02-17,0xf8a73b66d9d9efcc4dbbd6eeb360a43099baef2ee5477fc7e23808b695ac93bd
run_20260217_222909-0357,user-001,0xe93823b3e2b44e9549f99f5652a779cf9239f259a911c6465ee38bd468523187,0xbb7e960600271d5795b389b016022aaab6bcbb3edc7bceffd51c5ee4c1c21edc,7.57,2026-02-17T21:44:53.888732Z,2026-02-17T22:24:53.888732Z,2026-02-17,0xf8a73b66d9d9efcc4dbbd6eeb360a43099baef2ee5477fc7e23808b695ac93bd
run_20260217_222909-0358,user-007,0x9d1654ab4f0856359a396c769c378b09e4fe572dab8c3ab1846a191f241b57a4,0xca3cb21b7341580b615d3270d276236c45a48586a7c4d95f8443f7c4b6c074bb,11.907,2026-02-17T11:23:30.567520Z,2026-02-17T11:53:30.567520Z,2026-02-17,0xf8a73b66d9d9efcc4dbbd6eeb360a43099baef2ee5477fc7e23808b695ac93bd
run_20260217_222909-0359,user-005,0x12542cd41e9e2edd1d7e97ebaf8e74f52a7e60b259b163cb8830adb051fa9f67,0x4f17ef48a4df639c3dddae5ed4b0b46584ef8edc3fa6077454902dfe9204a4fa,6.704,2026-02-17T13:44:02.568521Z,2026-02-17T14:24:02.568521Z,2026-02-17,0xf8a73b66d9d9efcc4dbbd6eeb360a43099baef2ee5477fc7e23808b695ac93bd
run_20260217_222909-0360,user-004,0x41c38bbadd9f32a32a13d16cf4bcc3e6f5e4f1b5b00a9906d48e3fc7a269b46c,0x57e2fa50ad3bdc442f0c9da4e7b3a0215c534f3fb896e42c8dfa27cbef01b341,3.731,2026-02-17T06:58:38.077368Z,2026-02-17T07:28:38.077368Z,2026-02-17,0xf8a73b66d9d9efcc4dbbd6eeb360a43099baef2ee5477fc7e23808b695ac93bd
run_20260217_222909-0361,user-006,0xbf5861ca6695d49398b2e504b7a7b0df52374d4ca736c98767497350a0d66fd3,0x19224cae438021eb9c175b779dd4532ee60bcbe16897fb56606c0add96c2453c,3.541,2026-02-17T15:35:30.236160Z,2026-02-17T16:05:30.236160Z,2026-02-17,0xf8a73b66d9d9efcc4dbbd6eeb360a43099baef2ee5477fc7e23808b695ac93bd
run_20260217_222909-0362,user-006,0x7dc840afa90e01438a418f0d7a98bd2fc29f62504dc4d1c96f6fd9a561d7268f,0xc13359966d51427d9515491f648d18d7c3ff4c34df5930f251a41a68abbfa7ae,28.328,2026-02-17T15:47:26.359036Z,2026-02-17T17:02:26.359036Z,2026-02-17,0xf8a73b66d9d9efcc4dbbd6eeb360a43099baef2ee5477fc7e23808b695ac93bd
run_20260217_222909-0363,user-005,0x37b81096b6d7eaab3e48944e1677c2dbeb96219a6393e5dbc108db4a0cd01364,0xdfda6f514e6b2768d3887286a62a7cdae7b1d0822e591fa849cce9f8898f1752,13.864,2026-02-17T10:25:28.955818Z,2026-02-17T11:05:28.955818Z,2026-02-17,0xf8a73b66d9d9efcc4dbbd6eeb360a43099baef2ee5477fc7e23808b695ac93bd
run_20260217_222909-0364,user-007,0xe14976ccb0f3ad6be372609b748e1b92db9fcc8b4a312f850860b1f8b29d0878,0xbfaf7d9024200059dfd2c3dc7d94f9a25ec5978384a8091bf3d83bc1caf6691d,11.129,2026-02-17T08:56:49.462766Z,2026-02-17T09:26:49.462766Z,2026-02-17,0xf8a73b66d9d9efcc4dbbd6eeb360a43099baef2ee5477fc7e23808b695ac93bd
run_20260217_222909-0365,user-007,0x2f60b15cc73d05bbf2264e22b0965421caf9c7966e9e2f4ff1d859ed166c91c6,0xa861af23c65ae033fd3ea425b660d1d517c27392bfd20f7f2ef93389429c3a41,5.736,2026-02-17T21:54:00.671377Z,2026-02-17T22:24:00.671377Z,2026-02-17,0xf8a73b66d9d9efcc4dbbd6eeb360a43099baef2ee5477fc7e23808b695ac93bd
run_20260217_222909-0366,user-002,0xb8e2916bc54c5061d92cc9b3b08d8d19c878c98ea7a753e0d7baeaa39c2cec52,0x2bf3c0f73ee2dc0ee7a3caed8097330575a78d9e45ff9db99f62bf5d0c40e1e2,3.728,2026-02-17T13:19:57.918366Z,2026-02-17T13:39:57.918366Z,2026-02-17,0xf8a73b66d9d9efcc4dbbd6eeb360a43099baef2ee5477fc7e23808b695ac93bd
run_20260217_222909-0367,user-006,0xcac2b38d88bd148d4ccaa148312914aab47c8eecd80591db17907a09f03274cf,0x17952c693ff56abe64d1f1e401b2f0086a2f954119977099627bd4d9a746c4ce,7.348,2026-02-17T20:32:39.307857Z,2026-02-17T20:52:39.307857Z,2026-02-17,0xf8a73b66d9d9efcc4dbbd6eeb360a43099baef2ee5477fc7e23808b695ac93bd
run_20260217_222909-0368,user-002,0x84b13f85bd2ee4ca8ee1076941390cedcfb6456473232911beba4d2feb86d305,0xea32e7506a5bf6789ad1b8b783945af0c293598c6a5f734e4bcf0904227998ad,6.852,2026-02-17T23:53:04.907298Z,2026-02-18T00:13:04.907298Z,2026-02-17,0xf8a73b66d9d9efcc4dbbd6eeb360a43099baef2ee5477fc7e23808b695ac93bd
run_20260217_222909-0369,user-005,0xf20453548801c672a4443118b1b336e2424e7ac5f5eadc20bdbd039da36b902e,0x56c337475ba0de5e34facd981b58708f51817064bd732b29c7961801bdefe1e7,15.388,2026-02-17T23:26:37.705436Z,2026-02-18T00:06:37.705436Z,2026-02-17,0xf8a73b66d9d9efcc4dbbd6eeb360a43099baef2ee5477fc7e23808b695ac93bd
run_20260217_222909-0370,user-010,0x387a49b034d6fc525f5bc09f2ff61ae9a99ec16cf8f758ef36d58d648a263234,0x59b57dd70fa5511b1b30b63293efed04d1e2151e41dfaaec2b7c7df28b1e9f21,2.311,2026-02-17T10:33:08.334029Z,2026-02-17T10:53:08.334029Z,2026-02-17,0xf8a73b66d9d9efcc4dbbd6eeb360a43099baef2ee5477fc7e23808b695ac93bd
run_20260217_222909-0371,user-003,0x1c0b36d6031329fff220b4023bb6b510f36c67a47e8ee32286f40070da38dca7,0xdaae544c41a35070407b7b28b3ea7c05fa09ded314956bb577fc1140c1f936d6,13.911,2026-02-17T22:16:24.615927Z,2026-02-17T23:31:24.615927Z,2026-02-17,0xf8a73b66d9d9efcc4dbbd6eeb360a43099baef2ee5477fc7e23808b695ac93bd
run_20260217_222909-0372,user-009,0xe7230655e60887acffce5a618fe4da1b1e8006f1b0b75bb6cd7f86915863c1f5,0xdeaa2b3cfb3a2a9b590d8a131deb87691f9a071c076d40af124c6d2efad2aff6,22.228,2026-02-17T22:05:53.659518Z,2026-02-17T23:05:53.659518Z,2026-02-17,0xf8a73b66d9d9efcc4dbbd6eeb360a43099baef2ee5477fc7e23808b695ac93bd
run_20260217_222909-0373,user-006,0x331d319bd5bc90d12c3c6714ef3c42d89a57b4774c31b3999c8f6b16abb5c2f6,0xb972d826b1caccf6a357b9c5759345a4cb1aac65cf77c8282011ad257e456c6a,7.459,2026-02-17T05:03:09.519772Z,2026-02-17T05:43:09.519772Z,2026-02-17,0xf8a73b66d9d9efcc4dbbd6eeb360a43099baef2ee5477fc7e23808b695ac93bd
run_20260217_222909-0374,user-002,0xdf1b7df6a926396d9aac2f3bc855f94cb73c0c2a5e90693849709f0ee5dea2fb,0x6dc8b1a5024d1ef5eed36faf5293828ad941e937183e86e512835dc2e9733680,3.514,2026-02-17T16:09:44.855475Z,2026-02-17T16:29:44.855475Z,2026-02-17,0xf8a73b66d9d9efcc4dbbd6eeb360a43099baef2ee5477fc7e23808b695ac93bd
run_20260217_222909-0375,user-008,0x186dd8812e2b202a8bb7969d3e008281e8434ab934e79bedb601d59e0b770c75,0xdf5a4b98da9b7f77cb48bf941937b938be604a75a83c4129f4d1a312bda45460,4.749,2026-02-17T14:46:18.257962Z,2026-02-17T15:26:18.257962Z,2026-02-17,0xf8a73b66d9d9efcc4dbbd6eeb360a43099baef2ee5477fc7e23808b695ac93bd
run_20260217_222909-0376,user-010,0xcaa60e3455be6a2655b0b57be3a33a28b32adaff99b9be9a3b5a81271934b6dd,0x8f31bd9e6da30d944baf3e28c8b58e14419dce269e211389551d2a97399a65d8,7.384,2026-02-17T03:54:04.956051Z,2026-02-17T04:14:04.956051Z,2026-02-17,0xf8a73b66d9d9efcc4dbbd6eeb360a43099baef2ee5477fc7e23808b695ac93bd
run_20260217_222909-0377,user-002,0x1190c6a30dbd68fb99146579da33bd7dd1f93e981de226e395a4c25860730866,0xccfe39bf2d440aaf8919907cca4c2c4acb77e43a6fd2fe11567e4ccca074e721,13.629,2026-02-17T09:37:30.406710Z,2026-02-17T10:52:30.406710Z,2026-02-17,0xf8a73b66d9d9efcc4dbbd6eeb360a43099baef2ee5477fc7e23808b695ac93bd
run_20260217_222909-0378,user-005,0xc1183bcdd4c244cf764b7e2c97febe35ee3d4ce482ab55f24cde6533511bacd4,0x3324c359f238fe733db59877d446f5fe91c1fc1de2773da84d1e147a19c2a127,23.211,2026-02-17T01:56:21.459811Z,2026-02-17T02:56:21.459811Z,2026-02-17,0xf8a73b66d9d9efcc4dbbd6eeb360a43099baef2ee5477fc7e23808b695ac93bd
run_20260217_222909-0379,user-005,0x682e61aac98e83cd549e7476a5a60caaabdde6e4a35a560d07b1a7142291c1ab,0x13274f533b118bbdf580460f29d7c924640a4e5be9ce75e1f87bd61f240aef84,5.392,2026-02-17T03:12:25.279378Z,2026-02-17T03:42:25.279378Z,2026-02-17,0xf8a73b66d9d9efcc4dbbd6eeb360a43099baef2ee5477fc7e23808b695ac93bd
run_20260217_222909-0380,user-003,0x35f47486c13ccabbf50e10f99bae95b4d1fbb6b845f7c347002383c0cbcd55d2,0x503fccdd70b7fab5bf4bc7c2b01d0b1beb1d394c007c4d3adaae3577e10a4e07,11.355,2026-02-17T19:27:57.201190Z,2026-02-17T20:27:57.201190Z,2026-02-17,0xf8a73b66d9d9efcc4dbbd6eeb360a43099baef2ee5477fc7e23808b695ac93bd
run_20260217_222909-0381,user-008,0x9d7a4f51f3d73c20a0746d6f1cd854c89dd273764e846bcbb725b20babfe82da,0x70d98ca573e80f73fb28d89a1ddc4d03ee9669baf7870144879b467273a62e7f,13.341,2026-02-17T02:32:14.474666Z,2026-02-17T03:47:14.474666Z,2026-02-17,0xf8a73b66d9d9efcc4dbbd6eeb360a43099baef2ee5477fc7e23808b695ac93bd
run_20260217_222909-0382,user-010,0x66ec23854faacf03d9baea10e75a01642e23434a757e8fb5fc55b408c8689a81,0x0334a05d6177831ead3fffdb944892d4aad042c9306e6dcb982616fc7d03bd4a,4.538,2026-02-17T12:23:05.633387Z,2026-02-17T13:03:05.633387Z,2026-02-17,0xf8a73b66d9d9efcc4dbbd6eeb360a43099baef2ee5477fc7e23808b695ac93bd
run_20260217_222909-0383,user-010,0x4198e198370c3226c218c1220ae79bbc731fb1a59b33a0feb442c2b300c94053,0x2071d4950937b1ca48d2df7c31b2bc737e662635ba13220812ede1e304ab904a,21.583,2026-02-17T21:51:38.235297Z,2026-02-17T22:51:38.235297Z,2026-02-17,0xf8a73b66d9d9efcc4dbbd6eeb360a43099baef2ee5477fc7e23808b695ac93bd
run_20260217_222909-0384,user-006,0xb19ae145ecffa34e1c09c406de20f865a9981fe22514e2d35abb745ce6421b50,0xc7a4f25ff943059358d656a3f6c212417f7ec497f5028aaf8ab509b95ca8cd21,7.193,2026-02-17T00:55:45.775466Z,2026-02-17T01:35:45.775466Z,2026-02-17,0xf8a73b66d9d9efcc4dbbd6eeb360a43099baef2ee5477fc7e23808b695ac93bd
run_20260217_222909-0385,user-005,0x1ef2bb6f721d4d835ba661015b325bb5054dbd0e3fb52071f03e41c87fb0a64b,0x4bb888c6ca2ae293895f5cd35c6b4c21a4e08eba15e23ddce58c4a8e789bc9e8,9.264,2026-02-17T04:34:11.404636Z,2026-02-17T05:49:11.404636Z,2026-02-17,0xf8a73b66d9d9efcc4dbbd6eeb360a43099baef2ee5477fc7e23808b695ac93bd
run_20260217_222909-0386,user-003,0xdd3a2e85f24bd9166bcc21c13620916720b08e860c5f58cf012d920e7e371f6b,0x6f7cf62b6ec57be53d749299530b3f611920bbc02704398e58cfe6c52d8f6f39,3.674,2026-02-17T04:47:54.258646Z,2026-02-17T05:07:54.258646Z,2026-02-17,0xf8a73b66d9d9efcc4dbbd6eeb360a43099baef2ee5477fc7e23808b695ac93bd
run_20260217_222909-0387,user-007,0xa0f8b57477f0856019844844a8a292b8dc2ef7bcc3bfe25c93b9e56cda4bb019,0xc338f1302796ab2db64e1219fa3a4e55c72f6b98f30d971d72818a3393279db0,10.875,2026-02-17T05:29:40.223018Z,2026-02-17T05:59:40.223018Z,2026-02-17,0xf8a73b66d9d9efcc4dbbd6eeb360a43099baef2ee5477fc7e23808b695ac93bd
run_20260217_222909-0388,user-001,0x1a7608568da6ada06e89c36a40100abc3ab936b53aa52fa2ce76535e961b9bb2,0x20e40a55b25745ce7bd8e5a57e31793860501150f9e1ca8d985ebfffe2b11a51,11.134,2026-02-17T19:57:39.325721Z,2026-02-17T20:57:39.325721Z,2026-02-17,0xf8a73b66d9d9efcc4dbbd6eeb360a43099baef2ee5477fc7e23808b695ac93bd
run_20260217_222909-0389,user-009,0xa2d6d3e9d8b97266ede1cf00a43d7ad329b393bdc96aa8af30a0f8d76d32c4d9,0x6e73c26985a7710ded2404b156632836591681255ddd6f8598c94fe5d4ffb158,2.465,2026-02-17T07:35:39.486737Z,2026-02-17T07:55:39.486737Z,2026-02-17,0xf8a73b66d9d9efcc4dbbd6eeb360a43099baef2ee5477fc7e23808b695ac93bd
run_20260217_222909-0390,user-006,0xfab3c93a01bec8b7993c0349405d8014f1c0b1965331bf2974502468a6c9f55f,0x6843bbc27f9258bbc2aa237276bbde5b6f15f997d25f36eea04d680d0a86170d,3.535,2026-02-17T17:29:43.823476Z,2026-02-17T17:49:43.823476Z,2026-02-17,0xf8a73b66d9d9efcc4dbbd6eeb360a43099baef2ee5477fc7e23808b695ac93bd
run_20260217_222909-0391,user-004,0x21d5686592617cde305d723b44a25d22927c5f2463c2958272d2f2ae892d855d,0x27dc084292792eed4a02e77b3445919bf6eaa03564a129f53c8ca7f9d7afef0a,5.208,2026-02-17T11:30:16.119373Z,2026-02-17T12:00:16.119373Z,2026-02-17,0xf8a73b66d9d9efcc4dbbd6eeb360a43099baef2ee5477fc7e23808b695ac93bd
run_20260217_222909-0392,user-005,0x96b973eb0d03c1149b78d351dd4772693bde24c741f693837af0c8b1cabe6377,0x3fc452626d5cd42423e66cd1cc164a024269305116041604739e13e847f597ed,2.282,2026-02-17T17:56:16.176343Z,2026-02-17T18:16:16.176343Z,2026-02-17,0xf8a73b66d9d9efcc4dbbd6eeb360a43099baef2ee5477fc7e23808b695ac93bd
run_20260217_222909-0393,user-002,0xd7ed103d760c921181b971e3b546099eba6b3630f23ba5c8ca1bb3c766232fed,0xfbcd61faf6668a92c6632a6136167ccbba0fa1a5e71cd3020d02320b477c9b27,2.252,2026-02-17T06:59:22.310856Z,2026-02-17T07:19:22.310856Z,2026-02-17,0xf8a73b66d9d9efcc4dbbd6eeb360a43099baef2ee5477fc7e23808b695ac93bd
run_20260217_222909-0394,user-003,0x8cad1cac07725ec3410b10cadb92380e9de57dd8c2ede38e851fa910f8ca3f6f,0x2804ccedb663dfe403d8ffe7febc30a1c7de2ec3a0d46843db5620e9891d0a1c,5.721,2026-02-17T02:28:45.459137Z,2026-02-17T02:58:45.459137Z,2026-02-17,0xf8a73b66d9d9efcc4dbbd6eeb360a43099baef2ee5477fc7e23808b695ac93bd
run_20260217_222909-0395,user-006,0xba9684fa19496fb5ac45c0acc7c52f41ba1e57d62371b32854dff745c989b3f8,0xa35b913e70fd53dc222d4ee73c66dccd992c509937f4a315587d1dd400246d4d,3.572,2026-02-17T17:48:26.118160Z,2026-02-17T18:08:26.118160Z,2026-02-17,0xf8a73b66d9d9efcc4dbbd6eeb360a43099baef2ee5477fc7e23808b695ac93bd
run_20260217_222909-0396,user-002,0xf0d176c3e52fb5a12157b29c52a37865e2239cff11e5cad2a954cab56e797e10,0x377ab0da59299c71375f2119e0b9347024df5967ad90379831064cbc8c1651d4,11.107,2026-02-17T12:10:55.237655Z,2026-02-17T12:40:55.237655Z,2026-02-17,0xf8a73b66d9d9efcc4dbbd6eeb360a43099baef2ee5477fc7e23808b695ac93bd
run_20260217_222909-0397,user-005,0x7e2c42fb492e121bd9c1b6a13b3b2fa9c8080de3b06d4b1419ceaf8e99ec2afc,0x8e88ba4627c75f26a88496ed1355252bc3f70261d29c0a99cdfd6dec75f9a5d9,2.253,2026-02-17T21:30:15.993182Z,2026-02-17T21:50:15.993182Z,2026-02-17,0xf8a73b66d9d9efcc4dbbd6eeb360a43099baef2ee5477fc7e23808b695ac93bd
run_20260217_222909-0398,user-001,0x075940e5ad31033c1ac60394fce551f5c7d9216836e523d0506b3dc4c9434197,0x176f8f7b54a43fb6432c0a9709c997d109313a73781c8b67f57c3c2465f21422,10.775,2026-02-17T01:35:37.982287Z,2026-02-17T02:35:37.982287Z,2026-02-17,0xf8a73b66d9d9efcc4dbbd6eeb360a43099baef2ee5477fc7e23808b695ac93bd
run_20260217_222909-0399,user-008,0x199b529b24e2fad4b7563d69efb031a9ba2b771e814fefc488129434641dde04,0x1f07b45664480ee8696d80c756f45780536719c78d808d4211b421a122ddb0b0,13.76,2026-02-17T21:04:28.004615Z,2026-02-17T22:19:28.004615Z,2026-02-17,0xf8a73b66d9d9efcc4dbbd6eeb360a43099baef2ee5477fc7e23808b695ac93bd
run_20260217_222909-0400,user-007,0x842f7a74ff4d108e03f905f85b169f06c81b38f04099902ef025f76b79aec69b,0xb2136a553e6f222c61e9506464ecc5a0ef7df96e3eb4ab134cfca5d118f471b4,7.497,2026-02-17T02:28:05.795706Z,2026-02-17T03:08:05.795706Z,2026-02-17,0xf8a73b66d9d9efcc4dbbd6eeb360a43099baef2ee5477fc7e23808b695ac93bd
run_20260217_222909-0401,user-005,0xf0a5cc03ae6248a96ed223d53a3ad4b9c223d83554df7debee0257b6352cd3f8,0xe916af04ad150a2f710adba6f6bda9f5b3746321d35029e5d3a3eeaf258f79c1,7.222,2026-02-17T11:59:27.289309Z,2026-02-17T12:59:27.289309Z,2026-02-17,0xf8a73b66d9d9efcc4dbbd6eeb360a43099baef2ee5477fc7e23808b695ac93bd
run_20260217_222909-0402,user-003,0x2d6287b69d262437937175537ce129b2569923be86c0a11e67e6fb55cc7f3323,0x737c3eb14977106b8160ab4138c7442e6706ada4cc87004a3d55a87f76d75f92,3.841,2026-02-17T12:14:59.496769Z,2026-02-17T12:34:59.496769Z,2026-02-17,0xf8a73b66d9d9efcc4dbbd6eeb360a43099baef2ee5477fc7e23808b695ac93bd
run_20260217_222909-0403,user-001,0x7b5e3c48a4bdcf44c450841e21b7eb6bad15f6bb93a253603f136389bf81350d,0x7558efe97482714668a638cf3c4585d7aca93a42f4e740c7d532ee18e9c9ae1b,3.643,2026-02-17T02:16:17.172906Z,2026-02-17T02:36:17.172906Z,2026-02-17,0xf8a73b66d9d9efcc4dbbd6eeb360a43099baef2ee5477fc7e23808b695ac93bd
run_20260217_222909-0404,user-010,0x629782f2306705316dbc4b4583814c16ac270848bfde39c0376132ec7d47c702,0xce80c835c83f08c6dc434163848a47a4accbd331a9039d60a95630ed538c07f4,5.655,2026-02-17T18:41:22.533905Z,2026-02-17T19:11:22.533905Z,2026-02-17,0xf8a73b66d9d9efcc4dbbd6eeb360a43099baef2ee5477fc7e23808b695ac93bd
run_20260217_222909-0405,user-004,0x61a737984aabcd22996e91b936bb42a44ce4a60d36dd9cdbd71860edef847f46,0x5eb6b367c795d7984272338cc41cf0966f3fc4ae8d70ecc991a2c15ad6fe5a26,8.924,2026-02-17T05:38:30.710963Z,2026-02-17T06:53:30.710963Z,2026-02-17,0xf8a73b66d9d9efcc4dbbd6eeb360a43099baef2ee5477fc7e23808b695ac93bd
run_20260217_222909-0406,user-010,0x868373aebbd5ea3e0188ad600581a0a370d2bbe978b249d7cce70fa885609a62,0xa3b635cc81772830f3fb6b2e294aa05591980e05ff496788cdcfb25711c796ad,21.222,2026-02-17T02:41:50.531734Z,2026-02-17T03:41:50.531734Z,2026-02-17,0xf8a73b66d9d9efcc4dbbd6eeb360a43099baef2ee5477fc7e23808b695ac93bd
run_20260217_222909-0407,user-005,0x9542b5126cde939ab06e089deaa5fbf41950dace8d0d11f12e08470e8abcd08d,0xd1b6537f20d25c7bae73255ca06f244979a192c015cfb4d04fcde653a8a63afa,7.547,2026-02-17T15:38:05.451824Z,2026-02-17T15:58:05.451824Z,2026-02-17,0xf8a73b66d9d9efcc4dbbd6eeb360a43099baef2ee5477fc7e23808b695ac93bd
run_20260217_222909-0408,user-009,0x487c1574b947cd6ae1487fc6809c58e6d3c906de699f6bdb9ad19ccb5a879dab,0xa8b428511d5cf4d31dc925c8af05bc047d33f0bac770f554888186e667defcb4,21.307,2026-02-17T11:48:08.478629Z,2026-02-17T12:48:08.478629Z,2026-02-17,0xf8a73b66d9d9efcc4dbbd6eeb360a43099baef2ee5477fc7e23808b695ac93bd
run_20260217_222909-0409,user-010,0x71bd513da8b0fdb835476bbdbc29328bdcc3aae712a0f59b8c4c134ba7e8e561,0x8dbd0bdf1d04b3b01acb92bd13140d70d3ba410ec042e405a154c526456423fb,7.155,2026-02-17T04:39:34.722518Z,2026-02-17T05:39:34.722518Z,2026-02-17,0xf8a73b66d9d9efcc4dbbd6eeb360a43099baef2ee5477fc7e23808b695ac93bd
run_20260217_222909-0410,user-002,0x724ab4b0fe02988a5d34d24b3df7fc6f5ea389b3f424fb2596d8855ee5edbcd5,0xbd5a12ad1ee19667949d819b3b367bfde96fc290eac40204b36f77cdc100046a,2.288,2026-02-17T16:09:22.175785Z,2026-02-17T16:29:22.175785Z,2026-02-17,0xf8a73b66d9d9efcc4dbbd6eeb360a43099baef2ee5477fc7e23808b695ac93bd
run_20260217_222909-0411,user-001,0xa05042f2ecf8bc095a87476952e5b84ce4f07a1c82975159d471a513bc044693,0xcb0147f5a25c3e265b8fb9a400b6254a471ab308c74bf28222357a0ce8664fc5,3.641,2026-02-17T02:36:41.763888Z,2026-02-17T03:06:41.763888Z,2026-02-17,0xf8a73b66d9d9efcc4dbbd6eeb360a43099baef2ee5477fc7e23808b695ac93bd
run_20260217_222909-0412,user-003,0x7819e3af29a8c024b32d76916d61288bea772efc36aa81c2b57fec05ccdca7dc,0x29ed409aff4f70d91bec057ea3394bf4ca05cb7db1727fef1d3651ebed820ab5,8.741,2026-02-17T23:12:47.026947Z,2026-02-18T00:27:47.026947Z,2026-02-17,0xf8a73b66d9d9efcc4dbbd6eeb360a43099baef2ee5477fc7e23808b695ac93bd
run_20260217_222909-0413,user-008,0xa82b7ab350d226ed0083292f11b0f1587b5b054d33b3c9f062b303991c46953c,0x23752359d273cfd9a27dcc23039046a892d135261169b89c8cf4fcc405b006a2,11.04,2026-02-17T03:17:26.001809Z,2026-02-17T03:47:26.001809Z,2026-02-17,0xf8a73b66d9d9efcc4dbbd6eeb360a43099baef2ee5477fc7e23808b695ac93bd
run_20260217_222909-0414,user-010,0x5d7a1d6b514060247f7e147e2cdc24bf0252e29191f16b41b2caa7661d619b27,0x62f5fcdc9949c9da343cf4863b40ec4c0cd86235de3f7b675a72a089f49d769c,8.817,2026-02-17T01:16:23.796563Z,2026-02-17T02:31:23.796563Z,2026-02-17,0xf8a73b66d9d9efcc4dbbd6eeb360a43099baef2ee5477fc7e23808b695ac93bd
run_20260217_222909-0415,user-002,0x339a6c96931d370ca583704e663fedc4c6b7746ea5578c22d532a4fa2b224fa6,0x3f956f3bce23e48a8e2577609eb1696f9bc2ca9abc2af879b62d2ce17bc6ed3c,4.635,2026-02-17T23:36:03.633791Z,2026-02-18T00:16:03.633791Z,2026-02-17,0xf8a73b66d9d9efcc4dbbd6eeb360a43099baef2ee5477fc7e23808b695ac93bd
run_20260217_222909-0416,user-001,0x55cf8c00c7d05e9697062299a162c292af814476336dadc42bf514ec397a2be5,0x3c295ec54e5f45f279edb700f9a12776a61245cf53d27e220e322cf7ce3e5803,3.708,2026-02-17T03:20:02.938954Z,2026-02-17T03:40:02.938954Z,2026-02-17,0xf8a73b66d9d9efcc4dbbd6eeb360a43099baef2ee5477fc7e23808b695ac93bd
run_20260217_222909-0417,user-010,0x4ec2830d16e130a6bc407c65f204f75c6022c73f06804e7ebdc95bb4a275b278,0xb86de13bc70b0a70b0fb40b08eb1cc1da0e3b70078c05bdb10e783d51a98cc85,11.746,2026-02-17T10:57:53.606803Z,2026-02-17T11:27:53.606803Z,2026-02-17,0xf8a73b66d9d9efcc4dbbd6eeb360a43099baef2ee5477fc7e23808b695ac93bd
run_20260217_222909-0418,user-006,0x34d773230b120bd13cce6325222186f572e893de9b146797b36f737ea0940b05,0xdbb1fd52aa3c8ec25a612d6057c3cd06cf20b222d91d4f66653ec4d627b76427,3.598,2026-02-17T12:48:53.511588Z,2026-02-17T13:08:53.511588Z,2026-02-17,0xf8a73b66d9d9efcc4dbbd6eeb360a43099baef2ee5477fc7e23808b695ac93bd
run_20260217_222909-0419,user-006,0xae3a6d20c1adb1c8ad90da975f75884fb4d2bde15ce04b8a5ae10657a8369f54,0x6e1a48a01d8fd9e3aaea307a8de8fed83d2922d0c8d3ac9bb4f33e7a2a1ccccf,6.33,2026-02-17T18:15:22.134257Z,2026-02-17T18:35:22.134257Z,2026-02-17,0xf8a73b66d9d9efcc4dbbd6eeb360a43099baef2ee5477fc7e23808b695ac93bd
run_20260217_222909-0420,user-004,0xe4e935d5220ce910918de53830ce4df3e598608704a986723035be3e0ceb1912,0xd2e4698842f239583e7c54959fc690e4f31b14af5373510ab7ee4b0595207fee,14.47,2026-02-17T16:17:31.926257Z,2026-02-17T16:57:31.926257Z,2026-02-17,0xf8a73b66d9d9efcc4dbbd6eeb360a43099baef2ee5477fc7e23808b695ac93bd
run_20260217_222909-0421,user-005,0x5de11fd588fc38983cecba4b2b60d739900e3b2433c04c7a758ff09db79c2ce7,0x9f2560c304042127ab7586817bad8e1fcb9c001f98ce6ba398acf67a74ca4500,15.481,2026-02-17T13:08:09.067741Z,2026-02-17T13:48:09.067741Z,2026-02-17,0xf8a73b66d9d9efcc4dbbd6eeb360a43099baef2ee5477fc7e23808b695ac93bd
run_20260217_222909-0422,user-002,0x1118b4885a65343f0875e5ace50ccad7d652638452d36158b93b627919423ff7,0xdb4477b134780c7f98a14d2469a1bb51d7d70d8b7d77b2e1a748cd60eed83702,4.775,2026-02-17T21:21:30.870861Z,2026-02-17T22:01:30.870861Z,2026-02-17,0xf8a73b66d9d9efcc4dbbd6eeb360a43099baef2ee5477fc7e23808b695ac93bd
run_20260217_222909-0423,user-007,0xad36ebede60d4ed1e7452dee7e4a2788bcba2c4f9961d93e1e4554d1dfaecc63,0x322eb4ca2ae84cc56875ad57d9db9363fabbdb35315f6bd6a8bae289a0ed4154,3.726,2026-02-17T13:19:50.491502Z,2026-02-17T13:39:50.491502Z,2026-02-17,0xf8a73b66d9d9efcc4dbbd6eeb360a43099baef2ee5477fc7e23808b695ac93bd
run_20260217_222909-0424,user-007,0x9c62a05c3d71fddf93c895f18b7bc804a3a34dcf7110b53a46bab30072719a10,0x0b76242ca1fd3b728a49a9d81204356762ef367f50ded4cd3ebcc77dabdc0ee7,6.987,2026-02-17T10:05:39.922079Z,2026-02-17T10:45:39.922079Z,2026-02-17,0xf8a73b66d9d9efcc4dbbd6eeb360a43099baef2ee5477fc7e23808b695ac93bd
run_20260217_222909-0425,user-006,0x7087dd27d009a827adb26f6d160a098e2d4ee76726a12fd9f50060ee9ee7cf4f,0xd702e0dbfe40d0a766f7ca7e2e52c4e4d66dd3132bebbae0c050370a8054522d,2.445,2026-02-17T00:41:09.442220Z,2026-02-17T01:01:09.442220Z,2026-02-17,0xf8a73b66d9d9efcc4dbbd6eeb360a43099baef2ee5477fc7e23808b695ac93bd
run_20260217_222909-0426,user-003,0x6cdee39735003005e38467ba1b8ac1a398481530b4bbd24e8f0ce2d8239618ec,0x6a24258c9bc47976cdcb8ea22ec3e2044813c640a9046c82013615a1f7e32c09,3.75,2026-02-17T00:37:34.993889Z,2026-02-17T01:07:34.993889Z,2026-02-17,0xf8a73b66d9d9efcc4dbbd6eeb360a43099baef2ee5477fc7e23808b695ac93bd
run_20260217_222909-0427,user-006,0x252c013ee084b32b1d525ddd7f3a1cbf74cb7443c38e0044ae25f4d47bde308b,0x8f881960c8ba06b9b0c43b7c96e56d680bcde2f66de197cd3ff1dbe559a9d5d4,5.555,2026-02-17T00:30:38.850553Z,2026-02-17T01:00:38.850553Z,2026-02-17,0xf8a73b66d9d9efcc4dbbd6eeb360a43099baef2ee5477fc7e23808b695ac93bd
run_20260217_222909-0428,user-008,0x665876478ee685cf5545be9846755610c7dd2bc5e9d495147b0b6a06b79dcac2,0xae2ae4cc7e23ec66697ce05d5e71443159131b0f185acfd29f361b379c06f2b7,3.555,2026-02-17T01:42:57.104567Z,2026-02-17T02:12:57.104567Z,2026-02-17,0xf8a73b66d9d9efcc4dbbd6eeb360a43099baef2ee5477fc7e23808b695ac93bd
run_20260217_222909-0429,user-010,0x8253b53b941968d2577c03867ab60ee5b3fa1fb183d2bd206d5a3c7fbd0a7185,0xbbabb7d46a23c25f66280cd1a8d949e4e4213390419b9c939aa861281c2ed529,27.57,2026-02-17T07:58:40.900002Z,2026-02-17T09:13:40.900002Z,2026-02-17,0xf8a73b66d9d9efcc4dbbd6eeb360a43099baef2ee5477fc7e23808b695ac93bd
run_20260217_222909-0430,user-005,0xd5e15985006119a850e9e9897ab082c08dcd6ce57785ac544c69e3ef243054ae,0x7991b9e96000c26491b61548c8b1d134028159c014c83b5b44afa2b592ca5eab,7.622,2026-02-17T19:17:10.165815Z,2026-02-17T19:37:10.165815Z,2026-02-17,0xf8a73b66d9d9efcc4dbbd6eeb360a43099baef2ee5477fc7e23808b695ac93bd
run_20260217_222909-0431,user-006,0x65f2424b232384454d111991df5eeb5f41bebf5f98820127a1154ecda138990e,0x43f52e3d6208ceee246b8281e1cb5e3c9982c0937f1c09f537810e63a42622da,9.368,2026-02-17T09:30:25.950033Z,2026-02-17T10:45:25.950033Z,2026-02-17,0xf8a73b66d9d9efcc4dbbd6eeb360a43099baef2ee5477fc7e23808b695ac93bd
run_20260217_222909-0432,user-007,0xf58262cf981c6231f0ee19df83d6066290b0133a8ec3fb81086599dfaac9fa3a,0x3a0ae5929530ad49458c1aa717eda20d2287f10108b9c6e7674beee117c07f19,7.318,2026-02-17T06:29:48.483462Z,2026-02-17T07:29:48.483462Z,2026-02-17,0xf8a73b66d9d9efcc4dbbd6eeb360a43099baef2ee5477fc7e23808b695ac93bd
run_20260217_222909-0433,user-009,0xbd721b7f7bb0f30ce6aced73e18f13710bef0b49ee0c585f5b641d29c392a735,0x40daad98377f9f9ce6bfc36e0b601f09397647ce9b5c7cfa871181cf15dccee4,9.063,2026-02-17T12:53:32.835060Z,2026-02-17T14:08:32.835060Z,2026-02-17,0xf8a73b66d9d9efcc4dbbd6eeb360a43099baef2ee5477fc7e23808b695ac93bd
run_20260217_222909-0434,user-005,0x7588c28e7c6272e07d0bdec36b16c242c721d9ac98f820b758b2095c6b83943b,0x39214baabf8d398682218bf107d50b8ba1066fefe23948ac0842d36fb0177e17,21.242,2026-02-17T13:58:17.654885Z,2026-02-17T14:58:17.654885Z,2026-02-17,0xf8a73b66d9d9efcc4dbbd6eeb360a43099baef2ee5477fc7e23808b695ac93bd
run_20260217_222909-0435,user-010,0x2fdab8b0bea4e0f9a967e78e7c3afc60d6aef3ed61b0cef39d97bcfd3149e1c2,0x04a3462614b5742cc062d3c82683818ac49cedc4ca072c293053887999f148b1,4.7,2026-02-17T23:33:44.105043Z,2026-02-18T00:13:44.105043Z,2026-02-17,0xf8a73b66d9d9efcc4dbbd6eeb360a43099baef2ee5477fc7e23808b695ac93bd
run_20260217_222909-0436,user-005,0x52c1a34685aacd24693b56253862dd2d526a9fdeed6a61d0f9e7c26e07e79437,0x495db133aec6b1850f05f4d6f06a6b013a946bcba5af54426c953c7156f2431f,7.441,2026-02-17T11:16:21.494697Z,2026-02-17T11:36:21.494697Z,2026-02-17,0xf8a73b66d9d9efcc4dbbd6eeb360a43099baef2ee5477fc7e23808b695ac93bd
run_20260217_222909-0437,user-006,0x5416344b5fd9147ef7c4184aa168c5505640a6633c5e28adf0edececd2e1a5f5,0x8cc75dd170fb46bd2c6839aa4c093c003c0892a41637901718ec14ca0baf906f,7.213,2026-02-17T04:08:22.579493Z,2026-02-17T04:48:22.579493Z,2026-02-17,0xf8a73b66d9d9efcc4dbbd6eeb360a43099baef2ee5477fc7e23808b695ac93bd
run_20260217_222909-0438,user-003,0x41183d7a5a15789de2054be325f5dd7ac81af0f2642a5547cf42d6d76f81546c,0x03fb1ea3ff8d6dc43399d7ba0c99e8550e225cf9e03e38f59131d43988d1e170,11.102,2026-02-17T21:31:31.097062Z,2026-02-17T22:01:31.097062Z,2026-02-17,0xf8a73b66d9d9efcc4dbbd6eeb360a43099baef2ee5477fc7e23808b695ac93bd
run_20260217_222909-0439,user-002,0x6eecf262d4dc013aae6bfe35036af6500d1716104f9efbf06ffcd312dbb97eb8,0x54729f376fcb7cc34154fba8309d330de090a90e6b95539f07f263304fc9ca13,2.289,2026-02-17T13:58:01.283359Z,2026-02-17T14:18:01.283359Z,2026-02-17,0xf8a73b66d9d9efcc4dbbd6eeb360a43099baef2ee5477fc7e23808b695ac93bd
run_20260217_222909-0440,user-008,0xa20faebb4e9daf028447aaa18654a5c2f3326f7d69a0f14ae39dca24fb9fbc29,0xe6b6ee64ac47295b03dfcb22fcade9ece208c0f3dfd03c7555623bba971d8d6b,27.285,2026-02-17T02:37:47.640303Z,2026-02-17T03:52:47.640303Z,2026-02-17,0xf8a73b66d9d9efcc4dbbd6eeb360a43099baef2ee5477fc7e23808b695ac93bd
run_20260217_222909-0441,user-004,0x15c7e3cbf8b3a018d233a2373e18a40720f43291d34df584aa6fed6cad7c4761,0x8fa82c5a041f9fa4a4e0d34a40e327d6a569db6382072bb41cfc5451b3eaf304,28.298,2026-02-17T21:23:44.578207Z,2026-02-17T22:38:44.578207Z,2026-02-17,0xf8a73b66d9d9efcc4dbbd6eeb360a43099baef2ee5477fc7e23808b695ac93bd
run_20260217_222909-0442,user-006,0x69063c4a5520d7ed08c06be194766f69b8bfb663cab9cce7bb8fb5dfa9aa266f,0x5ebf98ec1666cc7a667f00d3164b7ee39115116ec3956ffbae595a6dfbd768e3,27.894,2026-02-17T15:31:49.637171Z,2026-02-17T16:46:49.637171Z,2026-02-17,0xf8a73b66d9d9efcc4dbbd6eeb360a43099baef2ee5477fc7e23808b695ac93bd
run_20260217_222909-0443,user-008,0x5591c9992d1e9576d8373b4b05d8f4810745966d091ea35578c2dcafef3c6740,0x7bc656e900ee2d0fc918c5eefc68459b6216e820b9d454e523fd961ac7e4d1bd,2.221,2026-02-17T07:49:07.379678Z,2026-02-17T08:09:07.379678Z,2026-02-17,0xf8a73b66d9d9efcc4dbbd6eeb360a43099baef2ee5477fc7e23808b695ac93bd
run_20260217_222909-0444,user-006,0x8a82a6c43079b594ffc36b097ae47bbca906cb49399cccfa85598dfa40213303,0xcc7f8ad8b0f9a6bc7c3787373cab5941b0eea26c7381c8158bfc03fa92728dff,7.807,2026-02-17T21:00:59.629226Z,2026-02-17T21:20:59.629226Z,2026-02-17,0xf8a73b66d9d9efcc4dbbd6eeb360a43099baef2ee5477fc7e23808b695ac93bd
run_20260217_222909-0445,user-008,0x946ddd1078d96fb4fdb4370a23db7da19c0ae5af48bf0c3681737c6a602371cd,0x74ce5e9123cbf807b818c08596a104e04cf44602f1398c87cbfdefa746996f3a,7.133,2026-02-17T21:12:21.566758Z,2026-02-17T21:52:21.566758Z,2026-02-17,0xf8a73b66d9d9efcc4dbbd6eeb360a43099baef2ee5477fc7e23808b695ac93bd
run_20260217_222909-0446,user-008,0x13fbf5d6f61b3b38f0c42730c41a9196adb567b89881ba2c461fe12c921f3fa5,0x54469c8e963218a03ff95e9815debdfbab7bcda0dce3a633da39cbb3b9ba7837,4.727,2026-02-17T01:26:43.315050Z,2026-02-17T02:06:43.315050Z,2026-02-17,0xf8a73b66d9d9efcc4dbbd6eeb360a43099baef2ee5477fc7e23808b695ac93bd
run_20260217_222909-0447,user-002,0x51e0b0ffb217827f796bf32b29d467ebf908e8c12364fcedc9310a057176a351,0xa82e404d342f9180e18f77caf04c47e154316ab6073aa0355fba7711aa8878d8,3.755,2026-02-17T06:11:20.261412Z,2026-02-17T06:41:20.261412Z,2026-02-17,0xf8a73b66d9d9efcc4dbbd6eeb360a43099baef2ee5477fc7e23808b695ac93bd
run_20260217_222909-0448,user-005,0xd7ce318279dee8be364b9602d9903cff41a85ceab3d0d529a4282da425990c50,0x2f39a1c305b2eb50536a06cfe28c1ef711bb946da1fb95ac8e0f2fb66fb19c16,27.519,2026-02-17T05:37:39.810146Z,2026-02-17T06:52:39.810146Z,2026-02-17,0xf8a73b66d9d9efcc4dbbd6eeb360a43099baef2ee5477fc7e23808b695ac93bd
run_20260217_222909-0449,user-001,0x4c9630cb90c47aa719554c3042ec511457ddac8c709708c48bfe03493e5287f4,0x721e7e9d09237e10f90ac905e99921477611ab68751d07a747da69cb6cab0827,21.456,2026-02-17T04:03:21.002711Z,2026-02-17T05:03:21.002711Z,2026-02-17,0xf8a73b66d9d9efcc4dbbd6eeb360a43099baef2ee5477fc7e23808b695ac93bd
run_20260217_222909-0450,user-005,0x2a454eaa301625911f83cdc749d7900374f05237c1c059ee22e844984dabc1af,0xc9c6d2f8860b7cec7784d14aff74e4d19ce665ea0682fe1ca84e802b4d633297,28.006,2026-02-17T10:57:53.346885Z,2026-02-17T12:12:53.346885Z,2026-02-17,0xf8a73b66d9d9efcc4dbbd6eeb360a43099baef2ee5477fc7e23808b695ac93bd
run_20260217_222909-0451,user-002,0x9a3fe6f26974c0c0412d55abddbc6fb77cc8919a8446756dea48c8ea60f49c4a,0x44f43df58f2c7801125c1b7632e9ad364bbca1cf70eb7029805534cc2a717db7,21.907,2026-02-17T10:19:50.908679Z,2026-02-17T11:19:50.908679Z,2026-02-17,0xf8a73b66d9d9efcc4dbbd6eeb360a43099baef2ee5477fc7e23808b695ac93bd
run_20260217_222909-0452,user-001,0x115aecb394f398d20a24a49cad65c3a64827fd5feff1aa58dbcfc12e7fa609a9,0xb89af095aaf53bc8ba2114741ce715363154fb76b9d8ec7c4aedf394548ea118,7.164,2026-02-17T20:54:23.687301Z,2026-02-17T21:34:23.687301Z,2026-02-17,0xf8a73b66d9d9efcc4dbbd6eeb360a43099baef2ee5477fc7e23808b695ac93bd
run_20260217_222909-0453,user-004,0xc35f3b398040414532800cb11981a08fd3d1b0c06cada84cecd183930120d1b8,0x2abc445d1de3b1cbbf05feb5c25efb309a00b05785534e9c8dbebe4a20bff4c5,15.606,2026-02-17T18:21:08.651559Z,2026-02-17T19:01:08.651559Z,2026-02-17,0xf8a73b66d9d9efcc4dbbd6eeb360a43099baef2ee5477fc7e23808b695ac93bd
run_20260217_222909-0454,user-007,0x769f8ff67baf43594f36a85a3d6552f99bdf092c106e6d6397bbfcf7633f26d9,0x66c7b2044ec14be3c02b281ad6dd8a8ad53fe74416470f91855329ad812be262,21.779,2026-02-17T17:35:04.128314Z,2026-02-17T18:35:04.128314Z,2026-02-17,0xf8a73b66d9d9efcc4dbbd6eeb360a43099baef2ee5477fc7e23808b695ac93bd
run_20260217_222909-0455,user-007,0x75e2b5cec1d008d644b5a749e88d5ce577cd0584c440d44816a3d48fbc5c2c4f,0x744072b9d04326f987318bb49cc6e47437caa885ced3be4cde051a020e3bb8d5,7.34,2026-02-17T19:08:28.054642Z,2026-02-17T19:28:28.054642Z,2026-02-17,0xf8a73b66d9d9efcc4dbbd6eeb360a43099baef2ee5477fc7e23808b695ac93bd
run_20260217_222909-0456,user-002,0x97225b0d91aabc32e0cc119f8b34312d46822946bbc12bd8ab5764fde9140071,0x7ce9812fa19637c22286884e78a87360c3d24c5fd33900c9256183655c424874,8.897,2026-02-17T06:45:30.128761Z,2026-02-17T08:00:30.128761Z,2026-02-17,0xf8a73b66d9d9efcc4dbbd6eeb360a43099baef2ee5477fc7e23808b695ac93bd
run_20260217_222909-0457,user-009,0x2bcfabb6e686c90ac92fe189e158171e3d052ff47542b7ea9431ef3ac23d419c,0x8234a02cb552c50935711c580c77418ed3f1839c09bc33d052ae18c7c02af1d0,6.707,2026-02-17T19:38:56.086483Z,2026-02-17T19:58:56.086483Z,2026-02-17,0xf8a73b66d9d9efcc4dbbd6eeb360a43099baef2ee5477fc7e23808b695ac93bd
run_20260217_222909-0458,user-005,0x72d3485b0a57b42d313e30b86e8820cedb6eb70de222720cca648310aeed1cae,0x48cacaf01e7832d058c13127cce6d71dae69206f046b2c2cebfdc901dca8f1f9,26.973,2026-02-17T01:29:29.123229Z,2026-02-17T02:44:29.123229Z,2026-02-17,0xf8a73b66d9d9efcc4dbbd6eeb360a43099baef2ee5477fc7e23808b695ac93bd
run_20260217_222909-0459,user-003,0x3a4d08d5ccffaa59cc8d7d840e1c6a14bfbf1724a9448eb4ad12d3ca77711a4c,0x6990218835670e4200f8a66ac2ac7d6554cfef9f09b2db580a1d2f17d8fb04da,8.976,2026-02-17T17:49:43.010746Z,2026-02-17T19:04:43.010746Z,2026-02-17,0xf8a73b66d9d9efcc4dbbd6eeb360a43099baef2ee5477fc7e23808b695ac93bd
run_20260217_222909-0460,user-001,0x0571719e8d1aaf1facdc77c51dce9fc1be8ae80ba711ee04d1dbd4828a4624aa,0x0f322586219edde7b622ddac54b2d331aee3c1e00b9085416567c38f6b74301f,7.573,2026-02-17T00:51:08.812659Z,2026-02-17T01:51:08.812659Z,2026-02-17,0xf8a73b66d9d9efcc4dbbd6eeb360a43099baef2ee5477fc7e23808b695ac93bd
run_20260217_222909-0461,user-009,0x62ca9f6a198f338196d689e0e2027b98843f98fb3080b319d4626f2cbf389088,0x8d4226afe7701597e5b5ef42f833d2042484aaad78a1206c895b137cca1fb67b,28.205,2026-02-17T01:35:34.377345Z,2026-02-17T02:50:34.377345Z,2026-02-17,0xf8a73b66d9d9efcc4dbbd6eeb360a43099baef2ee5477fc7e23808b695ac93bd
run_20260217_222909-0462,user-005,0x71a5fc4115e06d7df0a75ed64fa44c28e35ec113ada1e634bf85ceab61aaae2d,0x219c391c2e694ed173261a0a4e4c333a9f5f2ad56a473757d60cc8818a46c2c5,3.63,2026-02-17T03:16:25.445730Z,2026-02-17T03:36:25.445730Z,2026-02-17,0xf8a73b66d9d9efcc4dbbd6eeb360a43099baef2ee5477fc7e23808b695ac93bd
run_20260217_222909-0463,user-005,0xfe3d6c5ada80301f4cf10a926308c5a548aa0fa4fefd4107a419241d918a4e0d,0x8debbfd0258b92afc31b06f73b73a50f79cfa83333ae7ee1e6e320c2d0a79494,5.598,2026-02-17T02:52:36.942068Z,2026-02-17T03:22:36.942068Z,2026-02-17,0xf8a73b66d9d9efcc4dbbd6eeb360a43099baef2ee5477fc7e23808b695ac93bd
run_20260217_222909-0464,user-001,0x3069974d362cbfc7f2e3ad152a39a36bf1c1b5eb9b40ab70f60690d7ebb5cc72,0xd20afe8810daa1d4781c9295cdc49842ff5e16b3595916ca79534535a088a078,5.466,2026-02-17T07:24:25.035864Z,2026-02-17T07:54:25.035864Z,2026-02-17,0xf8a73b66d9d9efcc4dbbd6eeb360a43099baef2ee5477fc7e23808b695ac93bd
run_20260217_222909-0465,user-007,0x7cfb4288f032974ce38e210619f0a0a80841b13785a3d8daa0f58342ee7def4e,0x280d30625440d28a80dc92dd6a83a9aaa5a6408c0ab828e53cc02b0e33ecd664,10.914,2026-02-17T23:47:40.368420Z,2026-02-18T00:47:40.368420Z,2026-02-17,0xf8a73b66d9d9efcc4dbbd6eeb360a43099baef2ee5477fc7e23808b695ac93bd
run_20260217_222909-0466,user-008,0xd6c62324e2fdb68b7e6c0c89031c9f8d12cd7adb8af895fd4ff5571917a76be6,0xa5aa29b93ddbb6eab2d37bb6e790225172fde3227ff7704128427bda230e0ad3,10.412,2026-02-17T12:40:37.713115Z,2026-02-17T13:40:37.713115Z,2026-02-17,0xf8a73b66d9d9efcc4dbbd6eeb360a43099baef2ee5477fc7e23808b695ac93bd
run_20260217_222909-0467,user-003,0xddf8fc07aab67b57baa6202ddc272e43db73e86aa84b6c8ba72740f601bcc5a7,0xb62e8b5e91572f033afc7a4e77cc8e068d1cea6bc7ac43c1eb8a94ba5eb7ffcc,3.638,2026-02-17T08:51:34.492093Z,2026-02-17T09:21:34.492093Z,2026-02-17,0xf8a73b66d9d9efcc4dbbd6eeb360a43099baef2ee5477fc7e23808b695ac93bd
run_20260217_222909-0468,user-003,0xb84f229ab4d987f2775f4cb28658f2dd0ae363344b2d089c3d1d4c6063f1a523,0x36ca83635910e3fd8dc5aaca8ac9c50236fad7966ccee776c84783826e6b4944,10.849,2026-02-17T03:39:22.618865Z,2026-02-17T04:39:22.618865Z,2026-02-17,0xf8a73b66d9d9efcc4dbbd6eeb360a43099baef2ee5477fc7e23808b695ac93bd
run_20260217_222909-0469,user-001,0xfafbd7a52f51bc7f8de9fd9d83cf3ad59221a9eeced03f80b4dd69f29ac280fd,0x0c531cc300baf9c8c28c1b7278e39562c5ece4ce41b7fc5bff8ab44a75b04363,28.573,2026-02-17T01:49:43.092797Z,2026-02-17T03:04:43.092797Z,2026-02-17,0xf8a73b66d9d9efcc4dbbd6eeb360a43099baef2ee5477fc7e23808b695ac93bd
run_20260217_222909-0470,user-008,0x0516ab9cbacd01e0fe7e93f9d656dbd99a844cc1c08feb8ba0a01eff43fbdb35,0xc2fa560cc857358b4d562e3bc61aba964bcb296524be9b408c6e6af31df47840,7.407,2026-02-17T04:07:44.956150Z,2026-02-17T05:07:44.956150Z,2026-02-17,0xf8a73b66d9d9efcc4dbbd6eeb360a43099baef2ee5477fc7e23808b695ac93bd
run_20260217_222909-0471,user-007,0xd4028dd4230b4eeb6fe0c041bd97e94261e8c6f254136fad19a63ad0bf0f76e6,0x73d7f465b4c19da6c904593922bd02885fec6aac0e663377b0d4dcf645c7fd33,3.678,2026-02-17T04:57:51.150605Z,2026-02-17T05:17:51.150605Z,2026-02-17,0xf8a73b66d9d9efcc4dbbd6eeb360a43099baef2ee5477fc7e23808b695ac93bd
run_20260217_222909-0472,user-008,0xaec6ab87e29819b721ba4ab8e479254caed21a20777eb9f91be78843770d356a,0x8ee4acdc9f15595b6b0ca38427c53a05e12884a8550f5550504d16189384eeae,7.157,2026-02-17T21:55:32.178577Z,2026-02-17T22:55:32.178577Z,2026-02-17,0xf8a73b66d9d9efcc4dbbd6eeb360a43099baef2ee5477fc7e23808b695ac93bd
run_20260217_222909-0473,user-010,0xeca134cc5a37ed1a7992a248a2056692c0d30aba174cd86cbcdcb46808b4d0e6,0x0e812d4f7ae5afef438f4b5f25a1cc7ee7f8127fab6442847313c87c8053f924,2.519,2026-02-17T06:57:13.500585Z,2026-02-17T07:17:13.500585Z,2026-02-17,0xf8a73b66d9d9efcc4dbbd6eeb360a43099baef2ee5477fc7e23808b695ac93bd
run_20260217_222909-0474,user-009,0x55da1aef19352493c6dbc9630d37d567282771e6518e40d74db686ebc7a71b67,0xafb7e5b2f16a32cdeab4af8374f523279b35ca616b81bda347c3feaa909e8b17,5.877,2026-02-17T22:59:46.800955Z,2026-02-17T23:29:46.800955Z,2026-02-17,0xf8a73b66d9d9efcc4dbbd6eeb360a43099baef2ee5477fc7e23808b695ac93bd
run_20260217_222909-0475,user-002,0xf1346b32d5f697c4750bae4901f1404548f79d89f161d2bcfbda11078eeaf707,0x3ad30f1a1247409222dd1d1450978c6e40b458624b063e98dbebc8a9452b8f6e,5.428,2026-02-17T16:27:53.505864Z,2026-02-17T16:57:53.505864Z,2026-02-17,0xf8a73b66d9d9efcc4dbbd6eeb360a43099baef2ee5477fc7e23808b695ac93bd
run_20260217_222909-0476,user-005,0x5310c823039dedda4cc164cccecee27c404ead2d4749396e76b11cb3cc92a9e9,0x62b2bbb92dd76371c93083ac673dae0706893cdf10a73ec979eed3876a0901a8,7.355,2026-02-17T11:34:33.559955Z,2026-02-17T12:34:33.559955Z,2026-02-17,0xf8a73b66d9d9efcc4dbbd6eeb360a43099baef2ee5477fc7e23808b695ac93bd
run_20260217_222909-0477,user-002,0x848a1ded28f9f0c639f0366acf707e0678e4120af825fc7a7af82e64042d79b8,0x63bb7cd412edd359e53f3c9462cfd044ad2681a3a5ffd6f1bfb4613781bbb31f,7.249,2026-02-17T00:05:54.569374Z,2026-02-17T01:05:54.569374Z,2026-02-17,0xf8a73b66d9d9efcc4dbbd6eeb360a43099baef2ee5477fc7e23808b695ac93bd
run_20260217_222909-0478,user-010,0x2a377fc11ddb22d6adbdacecbb4660904d1b979a79bfb07a8b1f2f7ff84a0eb0,0x38cb0fcff58f61742bc656002848c4ae18d20b59c964f190b34237b3c6cdb9df,7.285,2026-02-17T18:53:08.972064Z,2026-02-17T19:13:08.972064Z,2026-02-17,0xf8a73b66d9d9efcc4dbbd6eeb360a43099baef2ee5477fc7e23808b695ac93bd
run_20260217_222909-0479,user-006,0x3480c8365a610a44dac9732c34b7c2b0f80158ebed885861480e553d55907594,0x1b38de32958c3edfdec0e74427c4f058d641fdff7d850fa4649deb701f5d9ac6,3.783,2026-02-17T23:21:36.868632Z,2026-02-17T23:41:36.868632Z,2026-02-17,0xf8a73b66d9d9efcc4dbbd6eeb360a43099baef2ee5477fc7e23808b695ac93bd
run_20260217_222909-0480,user-008,0xc182eea4c2b6d5fd9011bdf8e1213a7dc849f6eb53405dc21b88077bea17401d,0xb614c63d07f2d038c88a8d9967d52ad8dae2f4db4afd08a64ae7a78f5cfa728f,14.858,2026-02-17T13:05:09.603492Z,2026-02-17T13:45:09.603492Z,2026-02-17,0xf8a73b66d9d9efcc4dbbd6eeb360a43099baef2ee5477fc7e23808b695ac93bd
run_20260217_222909-0481,user-001,0xf1c81c5c01bae903907370e742a6f5f331d209da93c9c54ff4048252ca8c0763,0xbd539e75add6366bb918e3ccf922198ec40fea667d8a1d3176b149f07113ea45,7.343,2026-02-17T04:44:45.392004Z,2026-02-17T05:24:45.392004Z,2026-02-17,0xf8a73b66d9d9efcc4dbbd6eeb360a43099baef2ee5477fc7e23808b695ac93bd
run_20260217_222909-0482,user-004,0x0598d398cfc9db1901794877419dc5cff5fd3a232101af8e3ba3b801ef6e9858,0x5314981f9574911d6cb7a689e0711d547b2591192725c41258e6e36fb015e15d,10.776,2026-02-17T20:04:21.924913Z,2026-02-17T21:04:21.924913Z,2026-02-17,0xf8a73b66d9d9efcc4dbbd6eeb360a43099baef2ee5477fc7e23808b695ac93bd
run_20260217_222909-0483,user-007,0xb7df1fb6888dbc7f35a9bb84c3058500d137c07776a4a586db80b6b9324d7e73,0x4fadf34b1ad12b00ab329732d6650dc4b3289d23c133cfdc3b3f7636687dd61b,26.698,2026-02-17T12:32:55.611075Z,2026-02-17T13:47:55.611075Z,2026-02-17,0xf8a73b66d9d9efcc4dbbd6eeb360a43099baef2ee5477fc7e23808b695ac93bd
run_20260217_222909-0484,user-008,0x6430b13ef141e21bf973ce0b304de62ca540d50c22c8d48932fe304415fafd6e,0x4070b8befdd8d5a0f912434576d9d47157e0cf7d29e1afa341bda6e94dc4bcfd,10.959,2026-02-17T16:46:26.022796Z,2026-02-17T17:16:26.022796Z,2026-02-17,0xf8a73b66d9d9efcc4dbbd6eeb360a43099baef2ee5477fc7e23808b695ac93bd
run_20260217_222909-0485,user-009,0x9ae6414ed8ad537e2e8a6cb9fb24341e7bd150251075873b706371dacd63586c,0xc5c98d4de907342eda3d41840c776dd5e71b701f544bed2ca5bebb5735b1e6eb,3.512,2026-02-17T13:47:07.471768Z,2026-02-17T14:07:07.471768Z,2026-02-17,0xf8a73b66d9d9efcc4dbbd6eeb360a43099baef2ee5477fc7e23808b695ac93bd
run_20260217_222909-0486,user-001,0x6a0a56014daf923fe6fa8313ffe68be481fe607be5d41d0dea093b861f767f8b,0x97d8a94efcb5534892abf0d0d7b4a862c8b8faad6c3eb82f59356a37a5b4ef76,6.913,2026-02-17T21:14:55.973578Z,2026-02-17T22:14:55.973578Z,2026-02-17,0xf8a73b66d9d9efcc4dbbd6eeb360a43099baef2ee5477fc7e23808b695ac93bd
run_20260217_222909-0487,user-002,0x8b789652995bfaac0d3800f6033d8dfa510ae5d148d9eaa58c9c2442b80cc89c,0xb6f9538c0dd8caa6a9f9f492aa52bb9dae22f94b8f832eb19dcbfb49bd8546de,13.358,2026-02-17T06:03:16.666815Z,2026-02-17T07:18:16.666815Z,2026-02-17,0xf8a73b66d9d9efcc4dbbd6eeb360a43099baef2ee5477fc7e23808b695ac93bd
run_20260217_222909-0488,user-007,0x5657c337310187e2c73f65b83e92016bdc4cb5cdd9c21a7c6a6050788ae43dfe,0xd118a022eb29fe199003d523620b2056b4133246a6ecee90a0ed562c8ff25cfb,2.408,2026-02-17T04:40:19.040499Z,2026-02-17T05:00:19.040499Z,2026-02-17,0xf8a73b66d9d9efcc4dbbd6eeb360a43099baef2ee5477fc7e23808b695ac93bd
run_20260217_222909-0489,user-004,0xefe4c7d3448998f1845294ad44b25505036d3de73e11d52ff88d08ac46c3bb46,0x9d47231f3fddd1a6bec4f209815c479f3e90d24104ce7dc023e970f603eaa5cc,11.767,2026-02-17T12:26:11.474459Z,2026-02-17T12:56:11.474459Z,2026-02-17,0xf8a73b66d9d9efcc4dbbd6eeb360a43099baef2ee5477fc7e23808b695ac93bd
run_20260217_222909-0490,user-001,0x9b60ff555468ee3214476f9f5f20f172a499c8e162127be62afdd4b4d2c445e5,0xe1c137474209876bb6cfa8bed025b8e56f172bc3c75e3abd4939f48b51ad2c21,9.948,2026-02-17T21:11:17.957991Z,2026-02-17T21:41:17.957991Z,2026-02-17,0xf8a73b66d9d9efcc4dbbd6eeb360a43099baef2ee5477fc7e23808b695ac93bd
run_20260217_222909-0491,user-007,0xddfbbf9018f9dd4039925278fbb735eaa73d4bb83a2be15ec068a46e56961b13,0xd47385a1a5042a2e3d1f078a6ab3371e5cfa5f9df8059b05602fb55fb2175326,2.367,2026-02-17T22:45:40.323629Z,2026-02-17T23:05:40.323629Z,2026-02-17,0xf8a73b66d9d9efcc4dbbd6eeb360a43099baef2ee5477fc7e23808b695ac93bd
run_20260217_222909-0492,user-009,0x589e39fc91a9d5d1b8b7d2643d88ec12cccb729057231801f6c70e82e9460310,0xc177d66f4e3cd4a231a63e1c34489b39c0851ee0587525e43d02dcce85d7e128,3.397,2026-02-17T00:00:24.121827Z,2026-02-17T00:20:24.121827Z,2026-02-17,0xf8a73b66d9d9efcc4dbbd6eeb360a43099baef2ee5477fc7e23808b695ac93bd
run_20260217_222909-0493,user-001,0x3dd3647292536ce895f404bbec981f60f6fe3b4c5b92a33c7fc015cbf9072b55,0x42c0c3be13d2b0ee908996d24d3296081159ba1a6a4a673634777d76a902d5c5,22.023,2026-02-17T11:18:14.118907Z,2026-02-17T12:18:14.118907Z,2026-02-17,0xf8a73b66d9d9efcc4dbbd6eeb360a43099baef2ee5477fc7e23808b695ac93bd
run_20260217_222909-0494,user-009,0x0c16b1ad103792d0b579602944c574c2c54f956e274405ff50d919e18d4cd132,0x00cabe6fee04b8c527ffca902d564f3f9faa1f63e81bfcd8708d9cb43dbdffae,13.942,2026-02-17T18:42:37.717388Z,2026-02-17T19:22:37.717388Z,2026-02-17,0xf8a73b66d9d9efcc4dbbd6eeb360a43099baef2ee5477fc7e23808b695ac93bd
run_20260217_222909-0495,user-008,0x7c0de0ca68aa805909aa66ba383c99d2771ef5cfb1b2f05e1dff0804b045d6e3,0x8a3a9ccb20f6970820e77b47b25c02a6dc3b73cdfcd79d87967c4a3d26cb8c04,11.779,2026-02-17T04:47:21.162905Z,2026-02-17T05:17:21.162905Z,2026-02-17,0xf8a73b66d9d9efcc4dbbd6eeb360a43099baef2ee5477fc7e23808b695ac93bd
run_20260217_222909-0496,user-007,0x87e34c5f9d2a44c1441c8807a4d31550fb99b5b502eb59b5d3615237082bc909,0xcd1d1b5460429c1b92f83c534da1494ee4644a602b3a31fb0e85892137552f17,11.431,2026-02-17T01:21:00.074062Z,2026-02-17T02:21:00.074062Z,2026-02-17,0xf8a73b66d9d9efcc4dbbd6eeb360a43099baef2ee5477fc7e23808b695ac93bd
run_20260217_222909-0497,user-004,0x111354a5b94af9f9c462b5a23e928448cfd70723cf535793138c7d0389ba0e88,0x7360fd75fe0e7dddcb74e7d7804ae1604eef1c0911d7ec2d1b54ac03bfc05571,6.849,2026-02-17T12:18:38.038264Z,2026-02-17T12:58:38.038264Z,2026-02-17,0xf8a73b66d9d9efcc4dbbd6eeb360a43099baef2ee5477fc7e23808b695ac93bd
run_20260217_222909-0498,user-008,0xb6767b9540533399002a328f3fc9dd73f6bce43c8e8008108413fe669340aed7,0x87d10f276dde921c3a6007fccadd3c73cb7bd5e1f18fc749905381dfd835b7f4,2.331,2026-02-17T04:48:27.533103Z,2026-02-17T05:08:27.533103Z,2026-02-17,0xf8a73b66d9d9efcc4dbbd6eeb360a43099baef2ee5477fc7e23808b695ac93bd
run_20260217_222909-0499,user-002,0xd7c849e339169842535227b50924d17c7281c04749884c1652f77fe192cb671b,0xa84a0377db4d8b03f1b9420943fa21069e6daee774c1069789c37660881c4687,2.457,2026-02-17T19:58:27.199826Z,2026-02-17T20:18:27.199826Z,2026-02-17,0xf8a73b66d9d9efcc4dbbd6eeb360a43099baef2ee5477fc7e23808b695ac93bd
run_20260217_222909-0500,user-002,0x1f84ffd0b2165cf74c2db88ddeb85f24d59c1537cc2d29147e69462e2083e46d,0x513d12e05272541c986189ae9d156bbc0aff9e51d5f3e9742e77cd4b16d798d3,7.568,2026-02-17T20:16:48.848718Z,2026-02-17T20:56:48.848718Z,2026-02-17,0xf8a73b66d9d9efcc4dbbd6eeb360a43099baef2ee5477fc7e23808b695ac93bd
