session_id,expected_hash,computed_hash,match,batch_day,batch_root
run_20260217_222909-0001,0x5be840eb218ba47ad8ea0f9c5936d63a53a1935efb43c6039426df0f3bbc29ad,0x5be840eb218ba47ad8ea0f9c5936d63a53a1935efb43c6039426df0f3bbc29ad,True,2026-02-17,0xf8a73b66d9d9efcc4dbbd6eeb360a43099baef2ee5477fc7e23808b695ac93bd
run_20260217_222909-0002,0xfc86976d6495006f7269d99f7cf3fce59b8f2b3e5de18e9893afdd916f16b00a,0xfc86976d6495006f7269d99f7cf3fce59b8f2b3e5de18e9893afdd916f16b00a,True,2026-02-17,0xf8a73b66d9d9efcc4dbbd6eeb360a43099baef2ee5477fc7e23808b695ac93bd
run_20260217_222909-0003,0x3dcc9e1bb9f492f2835b3393be6a20a3e5394495b9885a0dddf9292dbfe1be99,0x3dcc9e1bb9f492f2835b3393be6a20a3e5394495b9885a0dddf9292dbfe1be99,True,2026-02-17,0xf8a73b66d9d9efcc4dbbd6eeb360a43099baef2ee5477fc7e23808b695ac93bd
run_20260217_222909-0004,0x5573cb49563da9cacacbcc5151c011ec9fd80956edd1abdb3daa7d3c6930b99a,0x5573cb49563da9cacacbcc5151c011ec9fd80956edd1abdb3daa7d3c6930b99a,True,2026-02-17,0xf8a73b66d9d9efcc4dbbd6eeb360a43099baef2ee5477fc7e23808b695ac93bd
run_20260217_222909-0005,0x589a77675eaf39a02577ea9503da9791de7982b8d9fd0fd5e5ea5c7e2565be33,0x589a77675eaf39a02577ea9503da9791de7982b8d9fd0fd5e5ea5c7e2565be33,True,2026-02-17,0xf8a73b66d9d9efcc4dbbd6eeb360a43099baef2ee5477fc7e23808b695ac93bd
run_20260217_222909-0006,0x121254f16815c1e5c517f0ff8103cd374d242646fe71c69da65f33971946d7ee,0x121254f16815c1e5c517f0ff8103cd374d242646fe71c69da65f33971946d7ee,True,2026-02-17,0xf8a73b66d9d9efcc4dbbd6eeb360a43099baef2ee5477fc7e23808b695ac93bd
run_20260217_222909-0007,0x27a7435f79a3b367402e1e9ea6c1af0ec08a53a31c98d27dfa9b28668dae28e6,0x27a7435f79a3b367402e1e9ea6c1af0ec08a53a31c98d27dfa9b28668dae28e6,True,2026-02-17,0xf8a73b66d9d9efcc4dbbd6eeb360a43099baef2ee5477fc7e23808b695ac93bd
run_20260217_222909-0008,0xca0739399c72adcf9298415b1e4157b98c2e170ab10a3cc11e14e31b03a3900a,0xca0739399c72adcf9298415b1e4157b98c2e170ab10a3cc11e14e31b03a3900a,True,2026-02-17,0xf8a73b66d9d9efcc4dbbd6eeb360a43099baef2ee5477fc7e23808b695ac93bd
run_20260217_222909-0009,0xc78c8fb6f93d8b1a453e0bccf747806b9c541fdd7df3d1520491fe5afe9c1de8,0xc78c8fb6f93d8b1a453e0bccf747806b9c541fdd7df3d1520491fe5afe9c1de8,True,2026-02-17,0xf8a73b66d9d9efcc4dbbd6eeb360a43099baef2ee5477fc7e23808b695ac93bd
run_20260217_222909-0010,0x1aa255d5c1d45186a93cdbf15cfe7d2019ff5c0229036e3863ecf46d404de391,0x1aa255d5c1d45186a93cdbf15cfe7d2019ff5c0229036e3863ecf46d404de391,True,2026-02-17,0xf8a73b66d9d9efcc4dbbd6eeb360a43099baef2ee5477fc7e23808b695ac93bd
run_20260217_222909-0011,0x2e898e77d47e73c9af09870332b2192e3b75ac1c1d413ff484e289a2b20e9e55,0x2e898e77d47e73c9af09870332b2192e3b75ac1c1d413ff484e289a2b20e9e55,True,2026-02-17,0xf8a73b66d9d9efcc4dbbd6eeb360a43099baef2ee5477fc7e23808b695ac93bd
run_20260217_222909-0012,0x38acbe5340043e23afa6d43dc462992f132627b9e8481472a73d67c386039b0b,0x38acbe5340043e23afa6d43dc462992f132627b9e8481472a73d67c386039b0b,True,2026-02-17,0xf8a73b66d9d9efcc4dbbd6eeb360a43099baef2ee5477fc7e23808b695ac93bd
run_20260217_222909-0013,0xedd0364670c8e72b153884fc0b39aab4bbcdf6c767d4d149affa06086e5ae941,0xedd0364670c8e72b153884fc0b39aab4bbcdf6c767d4d149affa06086e5ae941,True,2026-02-17,0xf8a73b66d9d9efcc4dbbd6eeb360a43099baef2ee5477fc7e23808b695ac93bd
run_20260217_222909-0014,0x7ec1ea65db3e4a94c4c97e259ef3a51a5786de0be7cd46e46dea9a7869180a38,0x7ec1ea65db3e4a94c4c97e259ef3a51a5786de0be7cd46e46dea9a7869180a38,True,2026-02-17,0xf8a73b66d9d9efcc4dbbd6eeb360a43099baef2ee5477fc7e23808b695ac93bd
run_20260217_222909-0015,0xe220c5e1c959dc410fc3050b8b53cdc779641e2530ed41b4a2a9c39d17782b3d,0xe220c5e1c959dc410fc3050b8b53cdc779641e2530ed41b4a2a9c39d17782b3d,True,2026-02-17,0xf8a73b66d9d9efcc4dbbd6eeb360a43099baef2ee5477fc7e23808b695ac93bd
run_20260217_222909-0016,0x3a9cc734f2db4e3071a37e7eb2c5dd846d1abd95799d06861c5b1627f09e8c43,0x3a9cc734f2db4e3071a37e7eb2c5dd846d1abd95799d06861c5b1627f09e8c43,True,2026-02-17,0xf8a73b66d9d9efcc4dbbd6eeb360a43099baef2ee5477fc7e23808b695ac93bd
run_20260217_222909-0017,0x08b222b627e259bd9bfa9b6186bfd36b7edeec5073c10bafe8f84145f59b26a2,0x08b222b627e259bd9bfa9b6186bfd36b7edeec5073c10bafe8f84145f59b26a2,True,2026-02-17,0xf8a73b66d9d9efcc4dbbd6eeb360a43099baef2ee5477fc7e23808b695ac93bd
run_20260217_222909-0018,0x68c7380c745d05bd6a2475f93c54c08161afc6197dbd4c19c1bdc57736333957,0x68c7380c745d05bd6a2475f93c54c08161afc6197dbd4c19c1bdc57736333957,True,2026-02-17,0xf8a73b66d9d9efcc4dbbd6eeb360a43099baef2ee5477fc7e23808b695ac93bd
run_20260217_222909-0019,0xe3cc6acee609ab78180e585e8602467ad813acacad662d50dd66ce41623625ce,0xe3cc6acee609ab78180e585e8602467ad813acacad662d50dd66ce41623625ce,True,2026-02-17,0xf8a73b66d9d9efcc4dbbd6eeb360a43099baef2ee5477fc7e23808b695ac93bd
run_20260217_222909-0020,0xffef121d807fc7ce5a7e4da55c0b8da4840ba1d9887bff3cf02dda96a8f15639,0xffef121d807fc7ce5a7e4da55c0b8da4840ba1d9887bff3cf02dda96a8f15639,True,2026-02-17,0xf8a73b66d9d9efcc4dbbd6eeb360a43099baef2ee5477fc7e23808b695ac93bd
run_20260217_222909-0021,0xdabaca4563e915753c3c858814f5011e91c97700a984eeff9c3e8f2516837e19,0xdabaca4563e915753c3c858814f5011e91c97700a984eeff9c3e8f2516837e19,True,2026-02-17,0xf8a73b66d9d9efcc4dbbd6eeb360a43099baef2ee5477fc7e23808b695ac93bd
run_20260217_222909-0022,0x3b7989256b0d24b0d2ec1da8567a864dd676e3c5b0321f204f3d2ac5c31edbc9,0x3b7989256b0d24b0d2ec1da8567a864dd676e3c5b0321f204f3d2ac5c31edbc9,True,2026-02-17,0xf8a73b66d9d9efcc4dbbd6eeb360a43099baef2ee5477fc7e23808b695ac93bd
run_20260217_222909-0023,0x9039f267d44394abf1f00d1236723bb2649495d98409cd136b98aa8a355ec062,0x9039f267d44394abf1f00d1236723bb2649495d98409cd136b98aa8a355ec062,True,2026-02-17,0xf8a73b66d9d9efcc4dbbd6eeb360a43099baef2ee5477fc7e23808b695ac93bd
run_20260217_222909-0024,0x0d9c920d1c1287b251a694b25218dfd6455a1cf072afc9005766956b8db1ad98,0x0d9c920d1c1287b251a694b25218dfd6455a1cf072afc9005766956b8db1ad98,True,2026-02-17,0xf8a73b66d9d9efcc4dbbd6eeb360a43099baef2ee5477fc7e23808b695ac93bd
run_20260217_222909-0025,0x691cf56beac9f884024adfb8c278a0ce5fd05e786008878a45bb0fd1129d7fb8,0x691cf56beac9f884024adfb8c278a0ce5fd05e786008878a45bb0fd1129d7fb8,True,2026-02-17,0xf8a73b66d9d9efcc4dbbd6eeb360a43099baef2ee5477fc7e23808b695ac93bd
run_20260217_222909-0026,0x60698e1badcd4dd81ce69d7920a94792d4fe725f35a23120d03a0a3e0284a4e2,0x60698e1badcd4dd81ce69d7920a94792d4fe725f35a23120d03a0a3e0284a4e2,True,2026-02-17,0xf8a73b66d9d9efcc4dbbd6eeb360a43099baef2ee5477fc7e23808b695ac93bd
run_20260217_222909-0027,0xf3dabcfa411ff263ee6bd278faf340964afaecfa145b13bf806d94c5cc7c5cab,0xf3dabcfa411ff263ee6bd278faf340964afaecfa145b13bf806d94c5cc7c5cab,True,2026-02-17,0xf8a73b66d9d9efcc4dbbd6eeb360a43099baef2ee5477fc7e23808b695ac93bd
run_20260217_222909-0028,0xe4f3a5d30c00fcc48fedd7393af001e7a5753621736dcc82eb553845d1f9bc2b,0xe4f3a5d30c00fcc48fedd7393af001e7a5753621736dcc82eb553845d1f9bc2b,True,2026-02-17,0xf8a73b66d9d9efcc4dbbd6eeb360a43099baef2ee5477fc7e23808b695ac93bd
run_20260217_222909-0029,0x4cb5474b084546c3e766619c22d5772c51d183e9b1403770340434185b40838a,0x4cb5474b084546c3e766619c22d5772c51d183e9b1403770340434185b40838a,True,2026-02-17,0xf8a73b66d9d9efcc4dbbd6eeb360a43099baef2ee5477fc7e23808b695ac93bd
run_20260217_222909-0030,0x9baeb47b4b7575097176cc522887d0188a16352f460bffd4669e1ae4bdda3e5a,0x9baeb47b4b7575097176cc522887d0188a16352f460bffd4669e1ae4bdda3e5a,True,2026-02-17,0xf8a73b66d9d9efcc4dbbd6eeb360a43099baef2ee5477fc7e23808b695ac93bd
run_20260217_222909-0031,0xa24ac197a77471c97b1dde17d1463f2e7bbca352464f87aba5a40553df6cc49f,0xa24ac197a77471c97b1dde17d1463f2e7bbca352464f87aba5a40553df6cc49f,True,2026-02-17,0xf8a73b66d9d9efcc4dbbd6eeb360a43099baef2ee5477fc7e23808b695ac93bd
run_20260217_222909-0032,0x34df0f2370a0bdfc99f7b654850955799ebb871072c676dd61ba9f40b9ad6216,0x34df0f2370a0bdfc99f7b654850955799ebb871072c676dd61ba9f40b9ad6216,True,2026-02-17,0xf8a73b66d9d9efcc4dbbd6eeb360a43099baef2ee5477fc7e23808b695ac93bd
run_20260217_222909-0033,0x6635a0d0d83c42974fc9baa6c2b08b26377babb25d4550ddffce36a9aae1a322,0x6635a0d0d83c42974fc9baa6c2b08b26377babb25d4550ddffce36a9aae1a322,True,2026-02-17,0xf8a73b66d9d9efcc4dbbd6eeb360a43099baef2ee5477fc7e23808b695ac93bd
run_20260217_222909-0034,0x25889df562a8549d42ea33360d7051cc12da6368eca5b89a705fb3a432e07277,0x25889df562a8549d42ea33360d7051cc12da6368eca5b89a705fb3a432e07277,True,2026-02-17,0xf8a73b66d9d9efcc4dbbd6eeb360a43099baef2ee5477fc7e23808b695ac93bd
run_20260217_222909-0035,0x1e068c3a9197b54e97a62b9f059af3c844f2ff41880bba81a4eb70e732f25218,0x1e068c3a9197b54e97a62b9f059af3c844f2ff41880bba81a4eb70e732f25218,True,2026-02-17,0xf8a73b66d9d9efcc4dbbd6eeb360a43099baef2ee5477fc7e23808b695ac93bd
run_20260217_222909-0036,0x76ebc37828be71e8ae179ef08bb1cafc2439384bc83fd3542b31ab4e19ddf60b,0x76ebc37828be71e8ae179ef08bb1cafc2439384bc83fd3542b31ab4e19ddf60b,True,2026-02-17,0xf8a73b66d9d9efcc4dbbd6eeb360a43099baef2ee5477fc7e23808b695ac93bd
run_20260217_222909-0037,0x490f91a76c5a9e9e46571f83f349208f22b03bfe15f62fc435592e08b103fbfb,0x490f91a76c5a9e9e46571f83f349208f22b03bfe15f62fc435592e08b103fbfb,True,2026-02-17,0xf8a73b66d9d9efcc4dbbd6eeb360a43099baef2ee5477fc7e23808b695ac93bd
run_20260217_222909-0038,0xa403aa920b3e4f575fc03ce374651796dee2740f364748f0ff56457d0aec3e97,0xa403aa920b3e4f575fc03ce374651796dee2740f364748f0ff56457d0aec3e97,True,2026-02-17,0xf8a73b66d9d9efcc4dbbd6eeb360a43099baef2ee5477fc7e23808b695ac93bd
run_20260217_222909-0039,0x3d4cd8371f97ecfce939d1a689c1ad1dcf6645a48680f722e806c63bf094a4f8,0x3d4cd8371f97ecfce939d1a689c1ad1dcf6645a48680f722e806c63bf094a4f8,True,2026-02-17,0xf8a73b66d9d9efcc4dbbd6eeb360a43099baef2ee5477fc7e23808b695ac93bd
run_20260217_222909-0040,0x3ac7b1ea7256db063a98c8c666dc89fd19e6728e433f8a089b428de04f5e5be0,0x3ac7b1ea7256db063a98c8c666dc89fd19e6728e433f8a089b428de04f5e5be0,True,2026-02-17,0xf8a73b66d9d9efcc4dbbd6eeb360a43099baef2ee5477fc7e23808b695ac93bd
run_20260217_222909-0041,0xe05aa42ffbfb235be9e8d7eaefa84d2ca8564ead2e89b3e85be59d675fd03671,0xe05aa42ffbfb235be9e8d7eaefa84d2ca8564ead2e89b3e85be59d675fd03671,True,2026-02-17,0xf8a73b66d9d9efcc4dbbd6eeb360a43099baef2ee5477fc7e23808b695ac93bd
run_20260217_222909-0042,0x374d4798f2c4e1298599cc8517c75030aa3c2172c4fad1fabbf86afab7c2a889,0x374d4798f2c4e1298599cc8517c75030aa3c2172c4fad1fabbf86afab7c2a889,True,2026-02-17,0xf8a73b66d9d9efcc4dbbd6eeb360a43099baef2ee5477fc7e23808b695ac93bd
run_20260217_222909-0043,0x85db1e690a29107297d5c49238f4b635240cd7758f9e918611a9589573c57451,0x85db1e690a29107297d5c49238f4b635240cd7758f9e918611a9589573c57451,True,2026-02-17,0xf8a73b66d9d9efcc4dbbd6eeb360a43099baef2ee5477fc7e23808b695ac93bd
run_20260217_222909-0044,0x5a5e21fa922eb9863a8ee0543fbf91cf5fe86d90ab149e751119f3082377872b,0x5a5e21fa922eb9863a8ee0543fbf91cf5fe86d90ab149e751119f3082377872b,True,2026-02-17,0xf8a73b66d9d9efcc4dbbd6eeb360a43099baef2ee5477fc7e23808b695ac93bd
run_20260217_222909-0045,0xf0033775cb0d5615afdbba849be73de72ff6fc9b041c2dec03bfd4246c82b0cb,0xf0033775cb0d5615afdbba849be73de72ff6fc9b041c2dec03bfd4246c82b0cb,True,2026-02-17,0xf8a73b66d9d9efcc4dbbd6eeb360a43099baef2ee5477fc7e23808b695ac93bd
run_20260217_222909-0046,0x1173b6ad2ebc19d0e32ed699cf13b2843d1ef0541e994a67969053a71c4ec163,0x1173b6ad2ebc19d0e32ed699cf13b2843d1ef0541e994a67969053a71c4ec163,True,2026-02-17,0xf8a73b66d9d9efcc4dbbd6eeb360a43099baef2ee5477fc7e23808b695ac93bd
run_20260217_222909-0047,0x2032e0552e3cef0d458cb6b049998bf22c469859d45c35677de455941e65d43c,0x2032e0552e3cef0d458cb6b049998bf22c469859d45c35677de455941e65d43c,True,2026-02-17,0xf8a73b66d9d9efcc4dbbd6eeb360a43099baef2ee5477fc7e23808b695ac93bd
run_20260217_222909-0048,0x043bf39d8919d076aad2851dd052f2722619ed552dd989b52f211cf47812e371,0x043bf39d8919d076aad2851dd052f2722619ed552dd989b52f211cf47812e371,True,2026-02-17,0xf8a73b66d9d9efcc4dbbd6eeb360a43099baef2ee5477fc7e23808b695ac93bd
run_20260217_222909-0049,0xa55dcaf0fab639d5dee58c424939cc282cddb0e27ecb5445d97684ff66361329,0xa55dcaf0fab639d5dee58c424939cc282cddb0e27ecb5445d97684ff66361329,True,2026-02-17,0xf8a73b66d9d9efcc4dbbd6eeb360a43099baef2ee5477fc7e23808b695ac93bd
run_20260217_222909-0050,0x6f6c752bba301a827896c249ba45f104fa29e90844185d88d0bf9b5c47af22ce,0x6f6c752bba301a827896c249ba45f104fa29e90844185d88d0bf9b5c47af22ce,True,2026-02-17,0xf8a73b66d9d9efcc4dbbd6eeb360a43099baef2ee5477fc7e23808b695ac93bd
run_20260217_222909-0051,0x364c6b2899dbf0cfba9b961417c51bcb00f6c2e911524dfeef4392956af24669,0x364c6b2899dbf0cfba9b961417c51bcb00f6c2e911524dfeef4392956af24669,True,2026-02-17,0xf8a73b66d9d9efcc4dbbd6eeb360a43099baef2ee5477fc7e23808b695ac93bd
run_20260217_222909-0052,0xec42ab2b3dd90fa7ae6d5fba9676573b02e3c37087c6c9ccd91926c39cf67b88,0xec42ab2b3dd90fa7ae6d5fba9676573b02e3c37087c6c9ccd91926c39cf67b88,True,2026-02-17,0xf8a73b66d9d9efcc4dbbd6eeb360a43099baef2ee5477fc7e23808b695ac93bd
run_20260217_222909-0053,0x44e79f860a1bb1cfb995a22f8cd7e75b123fcd4bcc9d36889de572bceacf95c7,0x44e79f860a1bb1cfb995a22f8cd7e75b123fcd4bcc9d36889de572bceacf95c7,True,2026-02-17,0xf8a73b66d9d9efcc4dbbd6eeb360a43099baef2ee5477fc7e23808b695ac93bd
run_20260217_222909-0054,0x99d1fe718b7b356b292e3279aae48fbba38878f04ad5882dbdd548edb4c53ea2,0x99d1fe718b7b356b292e3279aae48fbba38878f04ad5882dbdd548edb4c53ea2,True,2026-02-17,0xf8a73b66d9d9efcc4dbbd6eeb360a43099baef2ee5477fc7e23808b695ac93bd
run_20260217_222909-0055,0xe56d4141d9b116958f9f5f7e22ab64d4fdd08b298a3f156ef3b098205dd27a66,0xe56d4141d9b116958f9f5f7e22ab64d4fdd08b298a3f156ef3b098205dd27a66,True,2026-02-17,0xf8a73b66d9d9efcc4dbbd6eeb360a43099baef2ee5477fc7e23808b695ac93bd
run_20260217_222909-0056,0xb8dea0a7c0ae0f853399532b75af768ec5a413c914541e26e0ffe019f8e00b17,0xb8dea0a7c0ae0f853399532b75af768ec5a413c914541e26e0ffe019f8e00b17,True,2026-02-17,0xf8a73b66d9d9efcc4dbbd6eeb360a43099baef2ee5477fc7e23808b695ac93bd
run_20260217_222909-0057,0x55437e46c26bb72961621e0f85675186a2a8e596caf581547b267ae41b8546c1,0x55437e46c26bb72961621e0f85675186a2a8e596caf581547b267ae41b8546c1,True,2026-02-17,0xf8a73b66d9d9efcc4dbbd6eeb360a43099baef2ee5477fc7e23808b695ac93bd
run_20260217_222909-0058,0xc9ae799da8847b377369f42c5e25be73348c9c363cfe6a325885a930b02638fa,0xc9ae799da8847b377369f42c5e25be73348c9c363cfe6a325885a930b02638fa,True,2026-02-17,0xf8a73b66d9d9efcc4dbbd6eeb360a43099baef2ee5477fc7e23808b695ac93bd
run_20260217_222909-0059,0xddaedb40cc7dd9ce1a079ffd548102d4bef1078c1682f17faff8a28f80577369,0xddaedb40cc7dd9ce1a079ffd548102d4bef1078c1682f17faff8a28f80577369,True,2026-02-17,0xf8a73b66d9d9efcc4dbbd6eeb360a43099baef2ee5477fc7e23808b695ac93bd
run_20260217_222909-0060,0x45c2e2b6b73a70b58feb81e3bdc169b9cae939f4767068d9097e0294ae00d767,0x45c2e2b6b73a70b58feb81e3bdc169b9cae939f4767068d9097e0294ae00d767,True,2026-02-17,0xf8a73b66d9d9efcc4dbbd6eeb360a43099baef2ee5477fc7e23808b695ac93bd
run_20260217_222909-0061,0x44a5003815726742a01667307ff22a9698e67505c365358ef7f9c18e49a721c0,0x44a5003815726742a01667307ff22a9698e67505c365358ef7f9c18e49a721c0,True,2026-02-17,0xf8a73b66d9d9efcc4dbbd6eeb360a43099baef2ee5477fc7e23808b695ac93bd
run_20260217_222909-0062,0x56a9683bbadecd38801eb40e9f392e32c4df038275214a8bb134308c54bb6e92,0x56a9683bbadecd38801eb40e9f392e32c4df038275214a8bb134308c54bb6e92,True,2026-02-17,0xf8a73b66d9d9efcc4dbbd6eeb360a43099baef2ee5477fc7e23808b695ac93bd
run_20260217_222909-0063,0x423f8de34474e8e09e91f9eeaa7d54ebba6d466ded593e891e794a4f9a2e0f32,0x423f8de34474e8e09e91f9eeaa7d54ebba6d466ded593e891e794a4f9a2e0f32,True,2026-02-17,0xf8a73b66d9d9efcc4dbbd6eeb360a43099baef2ee5477fc7e23808b695ac93bd
run_20260217_222909-0064,0x910344b2e9ad200c88f2df7c3d4361f25b357aacb65eba8d83e511e82d4128f9,0x910344b2e9ad200c88f2df7c3d4361f25b357aacb65eba8d83e511e82d4128f9,True,2026-02-17,0xf8a73b66d9d9efcc4dbbd6eeb360a43099baef2ee5477fc7e23808b695ac93bd
run_20260217_222909-0065,0x8e2a139ac49747d1edba4089c12919f612d9c0e18a909ca8897a20a30959dd96,0x8e2a139ac49747d1edba4089c12919f612d9c0e18a909ca8897a20a30959dd96,True,2026-02-17,0xf8a73b66d9d9efcc4dbbd6eeb360a43099baef2ee5477fc7e23808b695ac93bd
run_20260217_222909-0066,0x0298534569f0a8e69a7dbeedc2d52d68855230bfe3a97e336f973f24091bd0e1,0x0298534569f0a8e69a7dbeedc2d52d68855230bfe3a97e336f973f24091bd0e1,True,2026-02-17,0xf8a73b66d9d9efcc4dbbd6eeb360a43099baef2ee5477fc7e23808b695ac93bd
run_20260217_222909-0067,0x06b5282949b411a93b2f5cac6a8e4ecb022e59c0f2dd935b16beffa3e4dda058,0x06b5282949b411a93b2f5cac6a8e4ecb022e59c0f2dd935b16beffa3e4dda058,True,2026-02-17,0xf8a73b66d9d9efcc4dbbd6eeb360a43099baef2ee5477fc7e23808b695ac93bd
run_20260217_222909-0068,0x28487682c64efa43e60df5150c4c09d04ec35751c2336bbc1b28da849570af71,0x28487682c64efa43e60df5150c4c09d04ec35751c2336bbc1b28da849570af71,True,2026-02-17,0xf8a73b66d9d9efcc4dbbd6eeb360a43099baef2ee5477fc7e23808b695ac93bd
run_20260217_222909-0069,0x10f134b2a241d6abeb55899a3f71bfe1d7c11505f81b56a5dd8bef877311449b,0x10f134b2a241d6abeb55899a3f71bfe1d7c11505f81b56a5dd8bef877311449b,True,2026-02-17,0xf8a73b66d9d9efcc4dbbd6eeb360a43099baef2ee5477fc7e23808b695ac93bd
run_20260217_222909-0070,0xb6d43220c881c2ab0df851ee396e4f36309575ab87775840e8a893c7294f51d7,0xb6d43220c881c2ab0df851ee396e4f36309575ab87775840e8a893c7294f51d7,True,2026-02-17,0xf8a73b66d9d9efcc4dbbd6eeb360a43099baef2ee5477fc7e23808b695ac93bd
run_20260217_222909-0071,0x829bc72b5e9ff043d8050add475ae1d9823f61ba2ff6f356e94172fa89eb7c05,0x829bc72b5e9ff043d8050add475ae1d9823f61ba2ff6f356e94172fa89eb7c05,True,2026-02-17,0xf8a73b66d9d9efcc4dbbd6eeb360a43099baef2ee5477fc7e23808b695ac93bd
run_20260217_222909-0072,0xbe1c0e735aff13deb6309cc6c59badf74793860a1165dc71e6a29907b90c9167,0xbe1c0e735aff13deb6309cc6c59badf74793860a1165dc71e6a29907b90c9167,True,2026-02-17,0xf8a73b66d9d9efcc4dbbd6eeb360a43099baef2ee5477fc7e23808b695ac93bd
run_20260217_222909-0073,0x566e21150dae2aaef345f4855bf355bf4750f0a190bbed8da356ef143bacbad6,0x566e21150dae2aaef345f4855bf355bf4750f0a190bbed8da356ef143bacbad6,True,2026-02-17,0xf8a73b66d9d9efcc4dbbd6eeb360a43099baef2ee5477fc7e23808b695ac93bd
run_20260217_222909-0074,0x92b8548b9d0a3fdefdd479f429aacec5035dc884524956e261b7a230875bba53,0x92b8548b9d0a3fdefdd479f429aacec5035dc884524956e261b7a230875bba53,True,2026-02-17,0xf8a73b66d9d9efcc4dbbd6eeb360a43099baef2ee5477fc7e23808b695ac93bd
run_20260217_222909-0075,0x546aa5ace83363b8108cfbc3ea45b5359d7cf6ecd4f1a4b8ce8b1328d4541ae1,0x546aa5ace83363b8108cfbc3ea45b5359d7cf6ecd4f1a4b8ce8b1328d4541ae1,True,2026-02-17,0xf8a73b66d9d9efcc4dbbd6eeb360a43099baef2ee5477fc7e23808b695ac93bd
run_20260217_222909-0076,0x91ce12216b27d5747dca5e159a07b8883ee0a2e409c83aa083a871ef4e9e00d0,0x91ce12216b27d5747dca5e159a07b8883ee0a2e409c83aa083a871ef4e9e00d0,True,2026-02-17,0xf8a73b66d9d9efcc4dbbd6eeb360a43099baef2ee5477fc7e23808b695ac93bd
run_20260217_222909-0077,0xdf80ed26bb58a72a8e157626e80d9a111123793396eef21af702ae22e673ad4b,0xdf80ed26bb58a72a8e157626e80d9a111123793396eef21af702ae22e673ad4b,True,2026-02-17,0xf8a73b66d9d9efcc4dbbd6eeb360a43099baef2ee5477fc7e23808b695ac93bd
run_20260217_222909-0078,0x1c477be9c08dfcf9fa36db7aafb42d5cb88c0833bfc8a2192fc4c8d4843af861,0x1c477be9c08dfcf9fa36db7aafb42d5cb88c0833bfc8a2192fc4c8d4843af861,True,2026-02-17,0xf8a73b66d9d9efcc4dbbd6eeb360a43099baef2ee5477fc7e23808b695ac93bd
run_20260217_222909-0079,0x0fee54186499259530e87b7406d55ebadecbb7cc536e3623388ec6a71942ca2a,0x0fee54186499259530e87b7406d55ebadecbb7cc536e3623388ec6a71942ca2a,True,2026-02-17,0xf8a73b66d9d9efcc4dbbd6eeb360a43099baef2ee5477fc7e23808b695ac93bd
run_20260217_222909-0080,0x2a6c21b95c8ead171eba360b9f29a6854c622068c529133bb1fa071b59ed7ee0,0x2a6c21b95c8ead171eba360b9f29a6854c622068c529133bb1fa071b59ed7ee0,True,2026-02-17,0xf8a73b66d9d9efcc4dbbd6eeb360a43099baef2ee5477fc7e23808b695ac93bd
run_20260217_222909-0081,0xd4ac0450f3362921c1a2160a6e09be89098275e6e5ff9a7d4e04ef34a69f157d,0xd4ac0450f3362921c1a2160a6e09be89098275e6e5ff9a7d4e04ef34a69f157d,True,2026-02-17,0xf8a73b66d9d9efcc4dbbd6eeb360a43099baef2ee5477fc7e23808b695ac93bd
run_20260217_222909-0082,0x5366ebb430abe2e15f71eaa5b996caedf0e8923df3ccb857796e7fb1042f855e,0x5366ebb430abe2e15f71eaa5b996caedf0e8923df3ccb857796e7fb1042f855e,True,2026-02-17,0xf8a73b66d9d9efcc4dbbd6eeb360a43099baef2ee5477fc7e23808b695ac93bd
run_20260217_222909-0083,0x13111a8bac6478622f1f3b2fc618e3dd8e15544e3d83d234f9adebe1207c4e36,0x13111a8bac6478622f1f3b2fc618e3dd8e15544e3d83d234f9adebe1207c4e36,True,2026-02-17,0xf8a73b66d9d9efcc4dbbd6eeb360a43099baef2ee5477fc7e23808b695ac93bd
run_20260217_222909-0084,0xf11eb515f0ff146052003a3a17e9bb989a24df4cbf2458a212fdb150b2c21f6c,0xf11eb515f0ff146052003a3a17e9bb989a24df4cbf2458a212fdb150b2c21f6c,True,2026-02-17,0xf8a73b66d9d9efcc4dbbd6eeb360a43099baef2ee5477fc7e23808b695ac93bd
run_20260217_222909-0085,0xe0fe6c064a175a450e05a942426aa429985dfaa641bc76c3e3342efc79c00297,0xe0fe6c064a175a450e05a942426aa429985dfaa641bc76c3e3342efc79c00297,True,2026-02-17,0xf8a73b66d9d9efcc4dbbd6eeb360a43099baef2ee5477fc7e23808b695ac93bd
run_20260217_222909-0086,0x473b9ee3bc99de0f886c5a90cec6eaca5fdba20136bd800a05078dc3e63fed42,0x473b9ee3bc99de0f886c5a90cec6eaca5fdba20136bd800a05078dc3e63fed42,True,2026-02-17,0xf8a73b66d9d9efcc4dbbd6eeb360a43099baef2ee5477fc7e23808b695ac93bd
run_20260217_222909-0087,0x60d32f859618d9982cb50790c793cfb9a7b83bea44d629d4f5e9c6b362b13ea6,0x60d32f859618d9982cb50790c793cfb9a7b83bea44d629d4f5e9c6b362b13ea6,True,2026-02-17,0xf8a73b66d9d9efcc4dbbd6eeb360a43099baef2ee5477fc7e23808b695ac93bd
run_20260217_222909-0088,0xde1c706d51377ddc5f225cec9ae483054085be98a8c8d4b0014e8c874be911ec,0xde1c706d51377ddc5f225cec9ae483054085be98a8c8d4b0014e8c874be911ec,True,2026-02-17,0xf8a73b66d9d9efcc4dbbd6eeb360a43099baef2ee5477fc7e23808b695ac93bd
run_20260217_222909-0089,0x5816280c4daa8c053cc0645796c3929230a98ada27a1424f820157b0fe891fc2,0x5816280c4daa8c053cc0645796c3929230a98ada27a1424f820157b0fe891fc2,True,2026-02-17,0xf8a73b66d9d9efcc4dbbd6eeb360a43099baef2ee5477fc7e23808b695ac93bd
run_20260217_222909-0090,0xdc75b97b336f56433d59ac450f74cbb116bd4fc3bc29f6a8935c5415d830c949,0xdc75b97b336f56433d59ac450f74cbb116bd4fc3bc29f6a8935c5415d830c949,True,2026-02-17,0xf8a73b66d9d9efcc4dbbd6eeb360a43099baef2ee5477fc7e23808b695ac93bd
run_20260217_222909-0091,0xad7edc041f77e1cdb6d15979f19fbb0a592372b37227f86730aaa5dd442c4fa0,0xad7edc041f77e1cdb6d15979f19fbb0a592372b37227f86730aaa5dd442c4fa0,True,2026-02-17,0xf8a73b66d9d9efcc4dbbd6eeb360a43099baef2ee5477fc7e23808b695ac93bd
run_20260217_222909-0092,0xa7d84a79da70e9e2654d1dec4fabda730fc62328a994765f0d4bb9204d523a16,0xa7d84a79da70e9e2654d1dec4fabda730fc62328a994765f0d4bb9204d523a16,True,2026-02-17,0xf8a73b66d9d9efcc4dbbd6eeb360a43099baef2ee5477fc7e23808b695ac93bd
run_20260217_222909-0093,0x197de01eb6878da02f730f76df6209937e71c1605fb138c8e703faf6458ed4e0,0x197de01eb6878da02f730f76df6209937e71c1605fb138c8e703faf6458ed4e0,True,2026-02-17,0xf8a73b66d9d9efcc4dbbd6eeb360a43099baef2ee5477fc7e23808b695ac93bd
run_20260217_222909-0094,0xcc35faf475c4779d06f8dbfeec0cc8c745f2cd1a7077db117330c43137fdd23b,0xcc35faf475c4779d06f8dbfeec0cc8c745f2cd1a7077db117330c43137fdd23b,True,2026-02-17,0xf8a73b66d9d9efcc4dbbd6eeb360a43099baef2ee5477fc7e23808b695ac93bd
run_20260217_222909-0095,0xc241822ebaa085348ed693eb0ee83be55c37c8c7b9d4d1ce6f6f2a506483fb36,0xc241822ebaa085348ed693eb0ee83be55c37c8c7b9d4d1ce6f6f2a506483fb36,True,2026-02-17,0xf8a73b66d9d9efcc4dbbd6eeb360a43099baef2ee5477fc7e23808b695ac93bd
run_20260217_222909-0096,0xc3efd75724066cdc6ef4c481b93e8029caea5dcc4dcbae7d39de0b42dd42302c,0xc3efd75724066cdc6ef4c481b93e8029caea5dcc4dcbae7d39de0b42dd42302c,True,2026-02-17,0xf8a73b66d9d9efcc4dbbd6eeb360a43099baef2ee5477fc7e23808b695ac93bd
run_20260217_222909-0097,0x3f6402406bcd743a38cd75d7ef4e98e24c7d48b09160862ac122bc48324b3a88,0x3f6402406bcd743a38cd75d7ef4e98e24c7d48b09160862ac122bc48324b3a88,True,2026-02-17,0xf8a73b66d9d9efcc4dbbd6eeb360a43099baef2ee5477fc7e23808b695ac93bd
run_20260217_222909-0098,0xe242614c05eddba8d2a9066932e7f604b67b59e7097f5c1d53b9f60fa64c6b9d,0xe242614c05eddba8d2a9066932e7f604b67b59e7097f5c1d53b9f60fa64c6b9d,True,2026-02-17,0xf8a73b66d9d9efcc4dbbd6eeb360a43099baef2ee5477fc7e23808b695ac93bd
run_20260217_222909-0099,0x83243c932ebc40a54ce1eae7c7ca64996980b1627f8cc2821de62d0e8e5a4b27,0x83243c932ebc40a54ce1eae7c7ca64996980b1627f8cc2821de62d0e8e5a4b27,True,2026-02-17,0xf8a73b66d9d9efcc4dbbd6eeb360a43099baef2ee5477fc7e23808b695ac93bd
run_20260217_222909-0100,0x0b6c63ebd7804d80054635e2cea45eefb6a96bbe190f886c94bd493c2d3bcab3,0x0b6c63ebd7804d80054635e2cea45eefb6a96bbe190f886c94bd493c2d3bcab3,True,2026-02-17,0xf8a73b66d9d9efcc4dbbd6eeb360a43099baef2ee5477fc7e23808b695ac93bd
run_20260217_222909-0101,0xbdf05faaa7a142b01166ce3678e70d10d696ed4fda801857cb5b969b9dc002c1,0xbdf05faaa7a142b01166ce3678e70d10d696ed4fda801857cb5b969b9dc002c1,True,2026-02-17,0xf8a73b66d9d9efcc4dbbd6eeb360a43099baef2ee5477fc7e23808b695ac93bd
run_20260217_222909-0102,0xfe826c6add288be0795e83d66f7e9a0f3faa1d1d762c5f285fe292cda6ffdee2,0xfe826c6add288be0795e83d66f7e9a0f3faa1d1d762c5f285fe292cda6ffdee2,True,2026-02-17,0xf8a73b66d9d9efcc4dbbd6eeb360a43099baef2ee5477fc7e23808b695ac93bd
run_20260217_222909-0103,0xce78a49dada8d98b0d3a8f0f69312ac931e4d124bc8f0994f845f889b33c791e,0xce78a49dada8d98b0d3a8f0f69312ac931e4d124bc8f0994f845f889b33c791e,True,2026-02-17,0xf8a73b66d9d9efcc4dbbd6eeb360a43099baef2ee5477fc7e23808b695ac93bd
run_20260217_222909-0104,0xfb057d372c94fc62d309d7a604b861c4f1d2c596900ac95158310cbd8842ece8,0xfb057d372c94fc62d309d7a604b861c4f1d2c596900ac95158310cbd8842ece8,True,2026-02-17,0xf8a73b66d9d9efcc4dbbd6eeb360a43099baef2ee5477fc7e23808b695ac93bd
run_20260217_222909-0105,0x6d5f0054ce0a21eeb9c6697cbcc0030444ec7183761d949258ee47e12b27c6b2,0x6d5f0054ce0a21eeb9c6697cbcc0030444ec7183761d949258ee47e12b27c6b2,True,2026-02-17,0xf8a73b66d9d9efcc4dbbd6eeb360a43099baef2ee5477fc7e23808b695ac93bd
run_20260217_222909-0106,0x0a9ce85d5e2975be69c016b2e19e1f5784f746bdf3bd8af9d573111f5d5e5789,0x0a9ce85d5e2975be69c016b2e19e1f5784f746bdf3bd8af9d573111f5d5e5789,True,2026-02-17,0xf8a73b66d9d9efcc4dbbd6eeb360a43099baef2ee5477fc7e23808b695ac93bd
run_20260217_222909-0107,0x7f0dc749a7cc843290d3a5dac6605e002a86113f2121494a129fe9078ac22f37,0x7f0dc749a7cc843290d3a5dac6605e002a86113f2121494a129fe9078ac22f37,True,2026-02-17,0xf8a73b66d9d9efcc4dbbd6eeb360a43099baef2ee5477fc7e23808b695ac93bd
run_20260217_222909-0108,0xb51a81086e3781cea6f02d75d8db082d5afb073bc6d5f8fd8e325641739cb5e3,0xb51a81086e3781cea6f02d75d8db082d5afb073bc6d5f8fd8e325641739cb5e3,True,2026-02-17,0xf8a73b66d9d9efcc4dbbd6eeb360a43099baef2ee5477fc7e23808b695ac93bd
run_20260217_222909-0109,0xaad747b0d081e1d48aa6dcf58724b426f868c9b28ff0632fc287114e7274c987,0xaad747b0d081e1d48aa6dcf58724b426f868c9b28ff0632fc287114e7274c987,True,2026-02-17,0xf8a73b66d9d9efcc4dbbd6eeb360a43099baef2ee5477fc7e23808b695ac93bd
run_20260217_222909-0110,0x64152cf33eb44b87178c7013656ae271720400efc486c07f7506a5db31ca5fc6,0x64152cf33eb44b87178c7013656ae271720400efc486c07f7506a5db31ca5fc6,True,2026-02-17,0xf8a73b66d9d9efcc4dbbd6eeb360a43099baef2ee5477fc7e23808b695ac93bd
run_20260217_222909-0111,0x3f894e25924553f7ab37d2f3a699f2254bd4acf95b3e6b65667806bed1d6b61d,0x3f894e25924553f7ab37d2f3a699f2254bd4acf95b3e6b65667806bed1d6b61d,True,2026-02-17,0xf8a73b66d9d9efcc4dbbd6eeb360a43099baef2ee5477fc7e23808b695ac93bd
run_20260217_222909-0112,0x3ea9b9580123d7fc5a87e8851b3a3649f066820f8479c414b957802eae33ab15,0x3ea9b9580123d7fc5a87e8851b3a3649f066820f8479c414b957802eae33ab15,True,2026-02-17,0xf8a73b66d9d9efcc4dbbd6eeb360a43099baef2ee5477fc7e23808b695ac93bd
run_20260217_222909-0113,0x335e8cd15bf375cba0ae02d21d1b5445eb672bf4925af56d053df96232cf0223,0x335e8cd15bf375cba0ae02d21d1b5445eb672bf4925af56d053df96232cf0223,True,2026-02-17,0xf8a73b66d9d9efcc4dbbd6eeb360a43099baef2ee5477fc7e23808b695ac93bd
run_20260217_222909-0114,0x8537e60668270d093697c9ea6d3d6ae111926915a0a73f076ab34feabe246097,0x8537e60668270d093697c9ea6d3d6ae111926915a0a73f076ab34feabe246097,True,2026-02-17,0xf8a73b66d9d9efcc4dbbd6eeb360a43099baef2ee5477fc7e23808b695ac93bd
run_20260217_222909-0115,0xd9b3bde4bfaddb1300132c0655e037a3dc45fc7dbde164c43dfe7fb41369d7b4,0xd9b3bde4bfaddb1300132c0655e037a3dc45fc7dbde164c43dfe7fb41369d7b4,True,2026-02-17,0xf8a73b66d9d9efcc4dbbd6eeb360a43099baef2ee5477fc7e23808b695ac93bd
run_20260217_222909-0116,0x831dc01b802edbb19d92917e87692682bae8d64066be383923d6c2505e747a12,0x831dc01b802edbb19d92917e87692682bae8d64066be383923d6c2505e747a12,True,2026-02-17,0xf8a73b66d9d9efcc4dbbd6eeb360a43099baef2ee5477fc7e23808b695ac93bd
run_20260217_222909-0117,0x8ee3d024f708826e6dc2b82e6601bb735e6bad474dcb9c0d70dc9a2b848bc2c1,0x8ee3d024f708826e6dc2b82e6601bb735e6bad474dcb9c0d70dc9a2b848bc2c1,True,2026-02-17,0xf8a73b66d9d9efcc4dbbd6eeb360a43099baef2ee5477fc7e23808b695ac93bd
run_20260217_222909-0118,0x87c1434f636457114e6a7b467e62e09cebc63137b0dbae41268041935f49e200,0x87c1434f636457114e6a7b467e62e09cebc63137b0dbae41268041935f49e200,True,2026-02-17,0xf8a73b66d9d9efcc4dbbd6eeb360a43099baef2ee5477fc7e23808b695ac93bd
run_20260217_222909-0119,0x09f4b45d23b79f8591a5a6feacac8ae163aafa908102b00f237f4c18bdf54608,0x09f4b45d23b79f8591a5a6feacac8ae163aafa908102b00f237f4c18bdf54608,True,2026-02-17,0xf8a73b66d9d9efcc4dbbd6eeb360a43099baef2ee5477fc7e23808b695ac93bd
run_20260217_222909-0120,0xbc58e93e2ac018579255a4fecafd1fa21994ecc6a16b94bfeaffca0c56049487,0xbc58e93e2ac018579255a4fecafd1fa21994ecc6a16b94bfeaffca0c56049487,True,2026-02-17,0xf8a73b66d9d9efcc4dbbd6eeb360a43099baef2ee5477fc7e23808b695ac93bd
run_20260217_222909-0121,0x5160943ef6ab6c1379864820002faec9e3bfb17016453889372bcd9e0465f56c,0x5160943ef6ab6c1379864820002faec9e3bfb17016453889372bcd9e0465f56c,True,2026-02-17,0xf8a73b66d9d9efcc4dbbd6eeb360a43099baef2ee5477fc7e23808b695ac93bd
run_20260217_222909-0122,0xfe9f3d390dfb64c96544603d965136d795bade02fcb46eeec7bb3211f49e65eb,0xfe9f3d390dfb64c96544603d965136d795bade02fcb46eeec7bb3211f49e65eb,True,2026-02-17,0xf8a73b66d9d9efcc4dbbd6eeb360a43099baef2ee5477fc7e23808b695ac93bd
run_20260217_222909-0123,0xbb58a53ea173aeb18432d95c8d9b55c268cd3585d4d95d874d7ca3da26bc09f2,0xbb58a53ea173aeb18432d95c8d9b55c268cd3585d4d95d874d7ca3da26bc09f2,True,2026-02-17,0xf8a73b66d9d9efcc4dbbd6eeb360a43099baef2ee5477fc7e23808b695ac93bd
run_20260217_222909-0124,0x4c0a6a306074770ee749e3838ecdad0998ab4c51e8bba6a321d943866f8dbe3a,0x4c0a6a306074770ee749e3838ecdad0998ab4c51e8bba6a321d943866f8dbe3a,True,2026-02-17,0xf8a73b66d9d9efcc4dbbd6eeb360a43099baef2ee5477fc7e23808b695ac93bd
run_20260217_222909-0125,0x857fb93c5b00b8129fe9e5360d6a4088e626a306e489a0f1da174733cd47f90b,0x857fb93c5b00b8129fe9e5360d6a4088e626a306e489a0f1da174733cd47f90b,True,2026-02-17,0xf8a73b66d9d9efcc4dbbd6eeb360a43099baef2ee5477fc7e23808b695ac93bd
run_20260217_222909-0126,0xc638ce0ce88c1ecf3dca7980c727ddf2f473b9a98bd3e00f737586ecbc909b07,0xc638ce0ce88c1ecf3dca7980c727ddf2f473b9a98bd3e00f737586ecbc909b07,True,2026-02-17,0xf8a73b66d9d9efcc4dbbd6eeb360a43099baef2ee5477fc7e23808b695ac93bd
run_20260217_222909-0127,0x706b7f41949b48f1d54a2645736068e365def363852a6788a5ef314119e2ebc8,0x706b7f41949b48f1d54a2645736068e365def363852a6788a5ef314119e2ebc8,True,2026-02-17,0xf8a73b66d9d9efcc4dbbd6eeb360a43099baef2ee5477fc7e23808b695ac93bd
run_20260217_222909-0128,0x40f46f5e3ff64ede403929fecfc1e4946c2358a79de3d6da0597804d99bc0dd7,0x40f46f5e3ff64ede403929fecfc1e4946c2358a79de3d6da0597804d99bc0dd7,True,2026-02-17,0xf8a73b66d9d9efcc4dbbd6eeb360a43099baef2ee5477fc7e23808b695ac93bd
run_20260217_222909-0129,0xfe29287a88c6f9ce56cc70ddf86bb0452c58459d01c0c2a1466adf1693be8f3d,0xfe29287a88c6f9ce56cc70ddf86bb0452c58459d01c0c2a1466adf1693be8f3d,True,2026-02-17,0xf8a73b66d9d9efcc4dbbd6eeb360a43099baef2ee5477fc7e23808b695ac93bd
run_20260217_222909-0130,0xd7c37f575c81aa9d1663f1fcdd51aa279a2f41e9cca729b8b08f5c31c540ace5,0xd7c37f575c81aa9d1663f1fcdd51aa279a2f41e9cca729b8b08f5c31c540ace5,True,2026-02-17,0xf8a73b66d9d9efcc4dbbd6eeb360a43099baef2ee5477fc7e23808b695ac93bd
run_20260217_222909-0131,0x4b3b6511859bfce972a9afabc6e39c8f9c66217824927adf6fd3cdbe96939823,0x4b3b6511859bfce972a9afabc6e39c8f9c66217824927adf6fd3cdbe96939823,True,2026-02-17,0xf8a73b66d9d9efcc4dbbd6eeb360a43099baef2ee5477fc7e23808b695ac93bd
run_20260217_222909-0132,0xb3720418fc21b42c4abfb0d9038b4e68b0c78c7a9d79e5b28304bf6848ba0583,0xb3720418fc21b42c4abfb0d9038b4e68b0c78c7a9d79e5b28304bf6848ba0583,True,2026-02-17,0xf8a73b66d9d9efcc4dbbd6eeb360a43099baef2ee5477fc7e23808b695ac93bd
run_20260217_222909-0133,0x368bf15933d956a72b31649a89f2beb24e38d4de70563ba5ed1214ed532b6d83,0x368bf15933d956a72b31649a89f2beb24e38d4de70563ba5ed1214ed532b6d83,True,2026-02-17,0xf8a73b66d9d9efcc4dbbd6eeb360a43099baef2ee5477fc7e23808b695ac93bd
run_20260217_222909-0134,0x3e11dd51d53d8e1cddc5883f57ea711a6db2dd4d05550517178625b992c4d074,0x3e11dd51d53d8e1cddc5883f57ea711a6db2dd4d05550517178625b992c4d074,True,2026-02-17,0xf8a73b66d9d9efcc4dbbd6eeb360a43099baef2ee5477fc7e23808b695ac93bd
run_20260217_222909-0135,0x4ee83d38b4c9d2c2711116f4466b1081f01e5836c89158b1ba505129714e3ba0,0x4ee83d38b4c9d2c2711116f4466b1081f01e5836c89158b1ba505129714e3ba0,True,2026-02-17,0xf8a73b66d9d9efcc4dbbd6eeb360a43099baef2ee5477fc7e23808b695ac93bd
run_20260217_222909-0136,0xbd9bde9ddce76f09991ecf46726b1782dc3d2929b9e6d1a1955190cf77c9a661,0xbd9bde9ddce76f09991ecf46726b1782dc3d2929b9e6d1a1955190cf77c9a661,True,2026-02-17,0xf8a73b66d9d9efcc4dbbd6eeb360a43099baef2ee5477fc7e23808b695ac93bd
run_20260217_222909-0137,0x01c4444d7b69db96ffb4ac0fa455f21cf48e452ecc8b673aaf7345200ed605dc,0x01c4444d7b69db96ffb4ac0fa455f21cf48e452ecc8b673aaf7345200ed605dc,True,2026-02-17,0xf8a73b66d9d9efcc4dbbd6eeb360a43099baef2ee5477fc7e23808b695ac93bd
run_20260217_222909-0138,0xecd4d11a8011ece61f7a083c7e0fece3ad86d61564386d1e79cf0f7bd0c493e7,0xecd4d11a8011ece61f7a083c7e0fece3ad86d61564386d1e79cf0f7bd0c493e7,True,2026-02-17,0xf8a73b66d9d9efcc4dbbd6eeb360a43099baef2ee5477fc7e23808b695ac93bd
run_20260217_222909-0139,0x9374ecece9f0c014f0fa3a93ff1f61834c0bbc1041c74a18cc3561981bf99a37,0x9374ecece9f0c014f0fa3a93ff1f61834c0bbc1041c74a18cc3561981bf99a37,True,2026-02-17,0xf8a73b66d9d9efcc4dbbd6eeb360a43099baef2ee5477fc7e23808b695ac93bd
run_20260217_222909-0140,0xa81566d1b85244cc39eeff859d0a34eec1b40e447c31b0e65732e8b46cfd340d,0xa81566d1b85244cc39eeff859d0a34eec1b40e447c31b0e65732e8b46cfd340d,True,2026-02-17,0xf8a73b66d9d9efcc4dbbd6eeb360a43099baef2ee5477fc7e23808b695ac93bd
run_20260217_222909-0141,0x476634a366c82813f0b52626ff97ebe8108df0dbcb4a24162958802aea6291a7,0x476634a366c82813f0b52626ff97ebe8108df0dbcb4a24162958802aea6291a7,True,2026-02-17,0xf8a73b66d9d9efcc4dbbd6eeb360a43099baef2ee5477fc7e23808b695ac93bd
run_20260217_222909-0142,0x83b32e9a7a9acc70cf980170a6efb3d124bce7aeb3f3fd7e8b70cecb0d38ea1c,0x83b32e9a7a9acc70cf980170a6efb3d124bce7aeb3f3fd7e8b70cecb0d38ea1c,True,2026-02-17,0xf8a73b66d9d9efcc4dbbd6eeb360a43099baef2ee5477fc7e23808b695ac93bd
run_20260217_222909-0143,0xd90f43bab0c723e251b9eec3d95b4bba23c7bfb554eebdeeeeb5de960b7a882a,0xd90f43bab0c723e251b9eec3d95b4bba23c7bfb554eebdeeeeb5de960b7a882a,True,2026-02-17,0xf8a73b66d9d9efcc4dbbd6eeb360a43099baef2ee5477fc7e23808b695ac93bd
run_20260217_222909-0144,0x3aa0a26a83436b09a5d160e501f8f0e2f18ac7bacdface74789e06dfc6c60274,0x3aa0a26a83436b09a5d160e501f8f0e2f18ac7bacdface74789e06dfc6c60274,True,2026-02-17,0xf8a73b66d9d9efcc4dbbd6eeb360a43099baef2ee5477fc7e23808b695ac93bd
run_20260217_222909-0145,0x6d58d0689c5d71a1cbb2734c2a790a77ec1c254ea62fd79fb6310b6b7633669d,0x6d58d0689c5d71a1cbb2734c2a790a77ec1c254ea62fd79fb6310b6b7633669d,True,2026-02-17,0xf8a73b66d9d9efcc4dbbd6eeb360a43099baef2ee5477fc7e23808b695ac93bd
run_20260217_222909-0146,0xc91c85399c323a9e0231fb522487ce71098f59e554162af9f84e9185b56664a9,0xc91c85399c323a9e0231fb522487ce71098f59e554162af9f84e9185b56664a9,True,2026-02-17,0xf8a73b66d9d9efcc4dbbd6eeb360a43099baef2ee5477fc7e23808b695ac93bd
run_20260217_222909-0147,0x956506a785bfeccabad988dd53e336e27bf94537b135183e8a0485d3d867ddc0,0x956506a785bfeccabad988dd53e336e27bf94537b135183e8a0485d3d867ddc0,True,2026-02-17,0xf8a73b66d9d9efcc4dbbd6eeb360a43099baef2ee5477fc7e23808b695ac93bd
run_20260217_222909-0148,0x9f76569325e718b01238973e197763b2538813678c39b6d465f3c39ba885723b,0x9f76569325e718b01238973e197763b2538813678c39b6d465f3c39ba885723b,True,2026-02-17,0xf8a73b66d9d9efcc4dbbd6eeb360a43099baef2ee5477fc7e23808b695ac93bd
run_20260217_222909-0149,0xdf11059e413fe12acf35bc1eb09681a9ed513a8bde739bbb9f6825f7c24456da,0xdf11059e413fe12acf35bc1eb09681a9ed513a8bde739bbb9f6825f7c24456da,True,2026-02-17,0xf8a73b66d9d9efcc4dbbd6eeb360a43099baef2ee5477fc7e23808b695ac93bd
run_20260217_222909-0150,0x0d9deb334222d07bb6944ad3a39f985b74c74601429ca74dc3445350def5f21d,0x0d9deb334222d07bb6944ad3a39f985b74c74601429ca74dc3445350def5f21d,True,2026-02-17,0xf8a73b66d9d9efcc4dbbd6eeb360a43099baef2ee5477fc7e23808b695ac93bd
run_20260217_222909-0151,0x161bf396aed0ad1a8173353a48ac774862f068ffee67433f9e837ca4977e9749,0x161bf396aed0ad1a8173353a48ac774862f068ffee67433f9e837ca4977e9749,True,2026-02-17,0xf8a73b66d9d9efcc4dbbd6eeb360a43099baef2ee5477fc7e23808b695ac93bd
run_20260217_222909-0152,0x2e2f3ee9c69607da84afefefc856a919e1b2693c9e9c89d6cb6ade3d734004c1,0x2e2f3ee9c69607da84afefefc856a919e1b2693c9e9c89d6cb6ade3d734004c1,True,2026-02-17,0xf8a73b66d9d9efcc4dbbd6eeb360a43099baef2ee5477fc7e23808b695ac93bd
run_20260217_222909-0153,0xc39838f6372298b30ce4542ba9416897f992ac71ec3e2feded798588e4db4bb8,0xc39838f6372298b30ce4542ba9416897f992ac71ec3e2feded798588e4db4bb8,True,2026-02-17,0xf8a73b66d9d9efcc4dbbd6eeb360a43099baef2ee5477fc7e23808b695ac93bd
run_20260217_222909-0154,0xa4ee3742694ec0a529edd5a2a67acec54b309b3878f007a9ea1c474f45c91621,0xa4ee3742694ec0a529edd5a2a67acec54b309b3878f007a9ea1c474f45c91621,True,2026-02-17,0xf8a73b66d9d9efcc4dbbd6eeb360a43099baef2ee5477fc7e23808b695ac93bd
run_20260217_222909-0155,0x590c022345fb8195b844eb8afc610ec399f554e6c293d6babdabfb3b366e6983,0x590c022345fb8195b844eb8afc610ec399f554e6c293d6babdabfb3b366e6983,True,2026-02-17,0xf8a73b66d9d9efcc4dbbd6eeb360a43099baef2ee5477fc7e23808b695ac93bd
run_20260217_222909-0156,0xe74b32680b3a96470e1c6aa8da38bd1e1615bd725e3ee0ddc4bebe1fda91ede1,0xe74b32680b3a96470e1c6aa8da38bd1e1615bd725e3ee0ddc4bebe1fda91ede1,True,2026-02-17,0xf8a73b66d9d9efcc4dbbd6eeb360a43099baef2ee5477fc7e23808b695ac93bd
run_20260217_222909-0157,0xa82c3dd464e2c93ab4a91b42cd121ad8063404f5a983377a7c8685aa8502881b,0xa82c3dd464e2c93ab4a91b42cd121ad8063404f5a983377a7c8685aa8502881b,True,2026-02-17,0xf8a73b66d9d9efcc4dbbd6eeb360a43099baef2ee5477fc7e23808b695ac93bd
run_20260217_222909-0158,0x0d0dc1e3f6434f9bc58e5e116185fdb823ca8dad28576dbcddd0a87c50ee4f1d,0x0d0dc1e3f6434f9bc58e5e116185fdb823ca8dad28576dbcddd0a87c50ee4f1d,True,2026-02-17,0xf8a73b66d9d9efcc4dbbd6eeb360a43099baef2ee5477fc7e23808b695ac93bd
run_20260217_222909-0159,0xa9acef7e6259a5a2434a720bc66d547e1e5e5e2fc3e68af3edd0594b718b9b02,0xa9acef7e6259a5a2434a720bc66d547e1e5e5e2fc3e68af3edd0594b718b9b02,True,2026-02-17,0xf8a73b66d9d9efcc4dbbd6eeb360a43099baef2ee5477fc7e23808b695ac93bd
run_20260217_222909-0160,0x46a45e9375e09733a414bea35412fa7eb069d68fd0f26052456b0784d13499b1,0x46a45e9375e09733a414bea35412fa7eb069d68fd0f26052456b0784d13499b1,True,2026-02-17,0xf8a73b66d9d9efcc4dbbd6eeb360a43099baef2ee5477fc7e23808b695ac93bd
run_20260217_222909-0161,0x8fc51ec9a829530752addc304cde614e9c7d06b3c233ecfa69a93053aeedba7a,0x8fc51ec9a829530752addc304cde614e9c7d06b3c233ecfa69a93053aeedba7a,True,2026-02-17,0xf8a73b66d9d9efcc4dbbd6eeb360a43099baef2ee5477fc7e23808b695ac93bd
run_20260217_222909-0162,0x6ed38a4302a8a94b9870c0a8da0ebb91ec959cfcda0b9d4521282f08505ec374,0x6ed38a4302a8a94b9870c0a8da0ebb91ec959cfcda0b9d4521282f08505ec374,True,2026-02-17,0xf8a73b66d9d9efcc4dbbd6eeb360a43099baef2ee5477fc7e23808b695ac93bd
run_20260217_222909-0163,0xdeef78077f298217444d84329f1ccb04b95f372480037271683deecdfca5b40a,0xdeef78077f298217444d84329f1ccb04b95f372480037271683deecdfca5b40a,True,2026-02-17,0xf8a73b66d9d9efcc4dbbd6eeb360a43099baef2ee5477fc7e23808b695ac93bd
run_20260217_222909-0164,0xa9dfa17b9d389fc912924566032c79610a70ef85c970ce0961a28c029f475361,0xa9dfa17b9d389fc912924566032c79610a70ef85c970ce0961a28c029f475361,True,2026-02-17,0xf8a73b66d9d9efcc4dbbd6eeb360a43099baef2ee5477fc7e23808b695ac93bd
run_20260217_222909-0165,0x1808e9bd3bb16f6152785d3347941b5abecc4fd85bf2a6c20ff562bb1432ce94,0x1808e9bd3bb16f6152785d3347941b5abecc4fd85bf2a6c20ff562bb1432ce94,True,2026-02-17,0xf8a73b66d9d9efcc4dbbd6eeb360a43099baef2ee5477fc7e23808b695ac93bd
run_20260217_222909-0166,0xbe7518a8b83a45f7d0ec6a214deb8756575532cae72c8b632de52e7d80143fa6,0xbe7518a8b83a45f7d0ec6a214deb8756575532cae72c8b632de52e7d80143fa6,True,2026-02-17,0xf8a73b66d9d9efcc4dbbd6eeb360a43099baef2ee5477fc7e23808b695ac93bd
run_20260217_222909-0167,0x7956a5731b485ff95402ab21600dc100a2ca29e4b6aa3ab9478f9e2c163448a3,0x7956a5731b485ff95402ab21600dc100a2ca29e4b6aa3ab9478f9e2c163448a3,True,2026-02-17,0xf8a73b66d9d9efcc4dbbd6eeb360a43099baef2ee5477fc7e23808b695ac93bd
run_20260217_222909-0168,0xfd316a0c4e7ec130e45ec994c3e714d2d625ec647f645ff774e1553592b84c4d,0xfd316a0c4e7ec130e45ec994c3e714d2d625ec647f645ff774e1553592b84c4d,True,2026-02-17,0xf8a73b66d9d9efcc4dbbd6eeb360a43099baef2ee5477fc7e23808b695ac93bd
run_20260217_222909-0169,0xb68c631a9649362c424d7a0c9257ba045f136c1909ceadd236c43b70d6f63f13,0xb68c631a9649362c424d7a0c9257ba045f136c1909ceadd236c43b70d6f63f13,True,2026-02-17,0xf8a73b66d9d9efcc4dbbd6eeb360a43099baef2ee5477fc7e23808b695ac93bd
run_20260217_222909-0170,0xd6981ae6fd13ac6396cbbdf98a9088301612ed1daa128c1121d404efccdd1dd1,0xd6981ae6fd13ac6396cbbdf98a9088301612ed1daa128c1121d404efccdd1dd1,True,2026-02-17,0xf8a73b66d9d9efcc4dbbd6eeb360a43099baef2ee5477fc7e23808b695ac93bd
run_20260217_222909-0171,0x4d04602cf2eb912712bb5a714035ab866aa853cb7253555ab9c0675463ff349f,0x4d04602cf2eb912712bb5a714035ab866aa853cb7253555ab9c0675463ff349f,True,2026-02-17,0xf8a73b66d9d9efcc4dbbd6eeb360a43099baef2ee5477fc7e23808b695ac93bd
run_20260217_222909-0172,0x14297c9d2fc09d283cf9d55ca2c60f3ce066301b7b88e69bd3a57b32065f33ed,0x14297c9d2fc09d283cf9d55ca2c60f3ce066301b7b88e69bd3a57b32065f33ed,True,2026-02-17,0xf8a73b66d9d9efcc4dbbd6eeb360a43099baef2ee5477fc7e23808b695ac93bd
run_20260217_222909-0173,0xa9c6bdcd856bf2cf8d5eb27fea088ba1fe743e1999d18eeef4aa2580d7a3b6cf,0xa9c6bdcd856bf2cf8d5eb27fea088ba1fe743e1999d18eeef4aa2580d7a3b6cf,True,2026-02-17,0xf8a73b66d9d9efcc4dbbd6eeb360a43099baef2ee5477fc7e23808b695ac93bd
run_20260217_222909-0174,0x1734a24768307b8d0726878791f91d77931ebf7f224c9eb16d3a166b5284c9a5,0x1734a24768307b8d0726878791f91d77931ebf7f224c9eb16d3a166b5284c9a5,True,2026-02-17,0xf8a73b66d9d9efcc4dbbd6eeb360a43099baef2ee5477fc7e23808b695ac93bd
run_20260217_222909-0175,0x07a71d3b0853dc116f8470b155b4fe73e4346ad8d9a3da665b7dac5316ac8545,0x07a71d3b0853dc116f8470b155b4fe73e4346ad8d9a3da665b7dac5316ac8545,True,2026-02-17,0xf8a73b66d9d9efcc4dbbd6eeb360a43099baef2ee5477fc7e23808b695ac93bd
run_20260217_222909-0176,0x0176c764193c500b3558623c6b92a579388b8b33bd6ec2426ee7ee74a58de548,0x0176c764193c500b3558623c6b92a579388b8b33bd6ec2426ee7ee74a58de548,True,2026-02-17,0xf8a73b66d9d9efcc4dbbd6eeb360a43099baef2ee5477fc7e23808b695ac93bd
run_20260217_222909-0177,0x29eff58ed6adc40ad078c690f1e8e68629c5df4b0346c518554a8069b58ff6c5,0x29eff58ed6adc40ad078c690f1e8e68629c5df4b0346c518554a8069b58ff6c5,True,2026-02-17,0xf8a73b66d9d9efcc4dbbd6eeb360a43099baef2ee5477fc7e23808b695ac93bd
run_20260217_222909-0178,0xa93a70eb33b6cb6f5721a669e604d861e41ce99e0c414b54c83e9ea16c5b6992,0xa93a70eb33b6cb6f5721a669e604d861e41ce99e0c414b54c83e9ea16c5b6992,True,2026-02-17,0xf8a73b66d9d9efcc4dbbd6eeb360a43099baef2ee5477fc7e23808b695ac93bd
run_20260217_222909-0179,0xb85a6502c7bbc739c99de80eae41dff41cd87439518d7c8b518259905f2aa890,0xb85a6502c7bbc739c99de80eae41dff41cd87439518d7c8b518259905f2aa890,True,2026-02-17,0xf8a73b66d9d9efcc4dbbd6eeb360a43099baef2ee5477fc7e23808b695ac93bd
run_20260217_222909-0180,0x1c30e3b3e7474284960276d8730a79e2d2ea1b43f385a68f94b04cff87451a6c,0x1c30e3b3e7474284960276d8730a79e2d2ea1b43f385a68f94b04cff87451a6c,True,2026-02-17,0xf8a73b66d9d9efcc4dbbd6eeb360a43099baef2ee5477fc7e23808b695ac93bd
run_20260217_222909-0181,0x766eed3c62dd824d7c1bedac3bb252a396b23801ee99656fc92a08b2deb95bf7,0x766eed3c62dd824d7c1bedac3bb252a396b23801ee99656fc92a08b2deb95bf7,True,2026-02-17,0xf8a73b66d9d9efcc4dbbd6eeb360a43099baef2ee5477fc7e23808b695ac93bd
run_20260217_222909-0182,0x665b902c0efd207e9e4c065e7a1132489a655fcae0052b36f793ec888e29ec39,0x665b902c0efd207e9e4c065e7a1132489a655fcae0052b36f793ec888e29ec39,True,2026-02-17,0xf8a73b66d9d9efcc4dbbd6eeb360a43099baef2ee5477fc7e23808b695ac93bd
run_20260217_222909-0183,0x580078b266632c7e6388aaa0d15b8240680c04d298f72a91121b4dbfa4b7c511,0x580078b266632c7e6388aaa0d15b8240680c04d298f72a91121b4dbfa4b7c511,True,2026-02-17,0xf8a73b66d9d9efcc4dbbd6eeb360a43099baef2ee5477fc7e23808b695ac93bd
run_20260217_222909-0184,0xfef1176527f6e97272c292cc2d9a5f5be3eeac13197a419b7d891f33ef1330c3,0xfef1176527f6e97272c292cc2d9a5f5be3eeac13197a419b7d891f33ef1330c3,True,2026-02-17,0xf8a73b66d9d9efcc4dbbd6eeb360a43099baef2ee5477fc7e23808b695ac93bd
run_20260217_222909-0185,0xa3a6907230f477b5a0cac9cc9cd5c981e28e4109dfd687d5d999be0ed741d12b,0xa3a6907230f477b5a0cac9cc9cd5c981e28e4109dfd687d5d999be0ed741d12b,True,2026-02-17,0xf8a73b66d9d9efcc4dbbd6eeb360a43099baef2ee5477fc7e23808b695ac93bd
run_20260217_222909-0186,0xecac41a9b53398c268b187d95a7a61a040ae415cbe8c79b1dd66e9d26429cd25,0xecac41a9b53398c268b187d95a7a61a040ae415cbe8c79b1dd66e9d26429cd25,True,2026-02-17,0xf8a73b66d9d9efcc4dbbd6eeb360a43099baef2ee5477fc7e23808b695ac93bd
run_20260217_222909-0187,0x38bb8d6b0f77661cad290c7cbe61be0576430f8842617ad884276939ab7e4da1,0x38bb8d6b0f77661cad290c7cbe61be0576430f8842617ad884276939ab7e4da1,True,2026-02-17,0xf8a73b66d9d9efcc4dbbd6eeb360a43099baef2ee5477fc7e23808b695ac93bd
run_20260217_222909-0188,0x492247897595a06d4f82e24c4bc5dd9d52549196e3cf5371cae46c78af645c35,0x492247897595a06d4f82e24c4bc5dd9d52549196e3cf5371cae46c78af645c35,True,2026-02-17,0xf8a73b66d9d9efcc4dbbd6eeb360a43099baef2ee5477fc7e23808b695ac93bd
run_20260217_222909-0189,0x80bba68a90b50bb5b4d6d88f82b7be9f81c19b815b5a5a18f754b28bd1eb32ce,0x80bba68a90b50bb5b4d6d88f82b7be9f81c19b815b5a5a18f754b28bd1eb32ce,True,2026-02-17,0xf8a73b66d9d9efcc4dbbd6eeb360a43099baef2ee5477fc7e23808b695ac93bd
run_20260217_222909-0190,0x3f5f485c09d2e647f389814264f1a8e28b402147f1ba32576ff5408a2619973c,0x3f5f485c09d2e647f389814264f1a8e28b402147f1ba32576ff5408a2619973c,True,2026-02-17,0xf8a73b66d9d9efcc4dbbd6eeb360a43099baef2ee5477fc7e23808b695ac93bd
run_20260217_222909-0191,0x09e6f00765613810580ed808c0c7adfebf6eb879d50696fd390b8aa8fcaaa0cb,0x09e6f00765613810580ed808c0c7adfebf6eb879d50696fd390b8aa8fcaaa0cb,True,2026-02-17,0xf8a73b66d9d9efcc4dbbd6eeb360a43099baef2ee5477fc7e23808b695ac93bd
run_20260217_222909-0192,0xcf0a66aab8001442e284b4286eeca0c7ed4e33d175f29e4a45c1d56dff0fdd43,0xcf0a66aab8001442e284b4286eeca0c7ed4e33d175f29e4a45c1d56dff0fdd43,True,2026-02-17,0xf8a73b66d9d9efcc4dbbd6eeb360a43099baef2ee5477fc7e23808b695ac93bd
run_20260217_222909-0193,0xdfbb76249c48bff2a9f9eacd9adf1e41b2b102e17e599510fce4be29f81c9ce4,0xdfbb76249c48bff2a9f9eacd9adf1e41b2b102e17e599510fce4be29f81c9ce4,True,2026-02-17,0xf8a73b66d9d9efcc4dbbd6eeb360a43099baef2ee5477fc7e23808b695ac93bd
run_20260217_222909-0194,0x89a3ae401c58c7892d8c9b4a9a89e050c1204c0ca8f34ab3ba0ed75a088edc45,0x89a3ae401c58c7892d8c9b4a9a89e050c1204c0ca8f34ab3ba0ed75a088edc45,True,2026-02-17,0xf8a73b66d9d9efcc4dbbd6eeb360a43099baef2ee5477fc7e23808b695ac93bd
run_20260217_222909-0195,0x86a310fb5ebb977e36309c7d5307af16b9a193853f5abe1a79cb67ffb528777f,0x86a310fb5ebb977e36309c7d5307af16b9a193853f5abe1a79cb67ffb528777f,True,2026-02-17,0xf8a73b66d9d9efcc4dbbd6eeb360a43099baef2ee5477fc7e23808b695ac93bd
run_20260217_222909-0196,0x18407d83190953c617ffad330b043f729252308123d9759d8f7a2d9e97bef967,0x18407d83190953c617ffad330b043f729252308123d9759d8f7a2d9e97bef967,True,2026-02-17,0xf8a73b66d9d9efcc4dbbd6eeb360a43099baef2ee5477fc7e23808b695ac93bd
run_20260217_222909-0197,0xf0cbcccfb0e0972f161bb52d940b50456e5ce3189d668bfa86236688cf7fe778,0xf0cbcccfb0e0972f161bb52d940b50456e5ce3189d668bfa86236688cf7fe778,True,2026-02-17,0xf8a73b66d9d9efcc4dbbd6eeb360a43099baef2ee5477fc7e23808b695ac93bd
run_20260217_222909-0198,0xc92c2c63a2582ef4d455af03d43b15a7c93bfc55484e3f7824744e47532da673,0xc92c2c63a2582ef4d455af03d43b15a7c93bfc55484e3f7824744e47532da673,True,2026-02-17,0xf8a73b66d9d9efcc4dbbd6eeb360a43099baef2ee5477fc7e23808b695ac93bd
run_20260217_222909-0199,0x5df2f7fcb668468b84afede379b47030d39eb18be9e4cbc9daf6c8c03f5f1727,0x5df2f7fcb668468b84afede379b47030d39eb18be9e4cbc9daf6c8c03f5f1727,True,2026-02-17,0xf8a73b66d9d9efcc4dbbd6eeb360a43099baef2ee5477fc7e23808b695ac93bd
run_20260217_222909-0200,0xd6255468ac0118c77ff8498ab545769ac54f02296713b9ca02db059a3f1fcce7,0xd6255468ac0118c77ff8498ab545769ac54f02296713b9ca02db059a3f1fcce7,True,2026-02-17,0xf8a73b66d9d9efcc4dbbd6eeb360a43099baef2ee5477fc7e23808b695ac93bd
run_20260217_222909-0201,0x1bd33af17c0c14f207888298ee44b6322dbe5fde247952661133efc0712983cc,0x1bd33af17c0c14f207888298ee44b6322dbe5fde247952661133efc0712983cc,True,2026-02-17,0xf8a73b66d9d9efcc4dbbd6eeb360a43099baef2ee5477fc7e23808b695ac93bd
run_20260217_222909-0202,0x45502e4bf6342a929b035957eeebcdda0cdb2fbc4ab31ef296493a3a08755043,0x45502e4bf6342a929b035957eeebcdda0cdb2fbc4ab31ef296493a3a08755043,True,2026-02-17,0xf8a73b66d9d9efcc4dbbd6eeb360a43099baef2ee5477fc7e23808b695ac93bd
run_20260217_222909-0203,0xf8b24666dcd6a67bf721a62c13ee37cbf89e233c1465cc35de578153a889024c,0xf8b24666dcd6a67bf721a62c13ee37cbf89e233c1465cc35de578153a889024c,True,2026-02-17,0xf8a73b66d9d9efcc4dbbd6eeb360a43099baef2ee5477fc7e23808b695ac93bd
run_20260217_222909-0204,0xf6f1edc884263b0af1923cfba9708ea96b5beeac4283b15d55daece4c04bc346,0xf6f1edc884263b0af1923cfba9708ea96b5beeac4283b15d55daece4c04bc346,True,2026-02-17,0xf8a73b66d9d9efcc4dbbd6eeb360a43099baef2ee5477fc7e23808b695ac93bd
run_20260217_222909-0205,0x53c13b101447579617920e4709450e5127a3de043837638357ad879908e11d07,0x53c13b101447579617920e4709450e5127a3de043837638357ad879908e11d07,True,2026-02-17,0xf8a73b66d9d9efcc4dbbd6eeb360a43099baef2ee5477fc7e23808b695ac93bd
run_20260217_222909-0206,0x8dd9ecbaedd2079fc4ebcd5a9fa3b3139c23a1ea2875e006e83dc9e8fe176c7a,0x8dd9ecbaedd2079fc4ebcd5a9fa3b3139c23a1ea2875e006e83dc9e8fe176c7a,True,2026-02-17,0xf8a73b66d9d9efcc4dbbd6eeb360a43099baef2ee5477fc7e23808b695ac93bd
run_20260217_222909-0207,0x8eb5a950c66859826eb184f650d2ef72a70d2ed1506d1b2e1419d3c3f362e8d4,0x8eb5a950c66859826eb184f650d2ef72a70d2ed1506d1b2e1419d3c3f362e8d4,True,2026-02-17,0xf8a73b66d9d9efcc4dbbd6eeb360a43099baef2ee5477fc7e23808b695ac93bd
run_20260217_222909-0208,0x7601cd1555860ce3610bd81473642e6485e775cd12a6a51225e41d18414fd83d,0x7601cd1555860ce3610bd81473642e6485e775cd12a6a51225e41d18414fd83d,True,2026-02-17,0xf8a73b66d9d9efcc4dbbd6eeb360a43099baef2ee5477fc7e23808b695ac93bd
run_20260217_222909-0209,0xa3ba2558a295a8252994643b7e9c18e2f5c65d4841816405faa5c79dc7cfd847,0xa3ba2558a295a8252994643b7e9c18e2f5c65d4841816405faa5c79dc7cfd847,True,2026-02-17,0xf8a73b66d9d9efcc4dbbd6eeb360a43099baef2ee5477fc7e23808b695ac93bd
run_20260217_222909-0210,0x03c34441c125a781543385648e854cb9188bbf51f547a3fb9be12ca8563b4c0a,0x03c34441c125a781543385648e854cb9188bbf51f547a3fb9be12ca8563b4c0a,True,2026-02-17,0xf8a73b66d9d9efcc4dbbd6eeb360a43099baef2ee5477fc7e23808b695ac93bd
run_20260217_222909-0211,0x0a5ca10be4db4461252dfd0a9f69db6a7d60fe7b8b20749cf785333b776abba6,0x0a5ca10be4db4461252dfd0a9f69db6a7d60fe7b8b20749cf785333b776abba6,True,2026-02-17,0xf8a73b66d9d9efcc4dbbd6eeb360a43099baef2ee5477fc7e23808b695ac93bd
run_20260217_222909-0212,0x97a62f441a73c6cbc4ac2155af93517a22318bae318f434105020d5df6ba1f05,0x97a62f441a73c6cbc4ac2155af93517a22318bae318f434105020d5df6ba1f05,True,2026-02-17,0xf8a73b66d9d9efcc4dbbd6eeb360a43099baef2ee5477fc7e23808b695ac93bd
run_20260217_222909-0213,0x1efcb29089cdc56046ae87075c48361fd27b1fd5339bea8588c9d552920e2f09,0x1efcb29089cdc56046ae87075c48361fd27b1fd5339bea8588c9d552920e2f09,True,2026-02-17,0xf8a73b66d9d9efcc4dbbd6eeb360a43099baef2ee5477fc7e23808b695ac93bd
run_20260217_222909-0214,0x08e581a46fdeec5f9258739f46e1ec070e911d25ebb7722eaa510ce4f368beda,0x08e581a46fdeec5f9258739f46e1ec070e911d25ebb7722eaa510ce4f368beda,True,2026-02-17,0xf8a73b66d9d9efcc4dbbd6eeb360a43099baef2ee5477fc7e23808b695ac93bd
run_20260217_222909-0215,0x28af40e35317db5544954d8f7f261dda5d6ec8366c08909885d3fa8741922fc3,0x28af40e35317db5544954d8f7f261dda5d6ec8366c08909885d3fa8741922fc3,True,2026-02-17,0xf8a73b66d9d9efcc4dbbd6eeb360a43099baef2ee5477fc7e23808b695ac93bd
run_20260217_222909-0216,0xa7c89e1d20916f6e665b7c5981652e6340feb267e19682a6b01a0ad831b0903f,0xa7c89e1d20916f6e665b7c5981652e6340feb267e19682a6b01a0ad831b0903f,True,2026-02-17,0xf8a73b66d9d9efcc4dbbd6eeb360a43099baef2ee5477fc7e23808b695ac93bd
run_20260217_222909-0217,0xd6fc7235bcd43b18d0311bea988facfcfab1420fa3e4ceb7448a563fd719f77f,0xd6fc7235bcd43b18d0311bea988facfcfab1420fa3e4ceb7448a563fd719f77f,True,2026-02-17,0xf8a73b66d9d9efcc4dbbd6eeb360a43099baef2ee5477fc7e23808b695ac93bd
run_20260217_222909-0218,0xb526a77d7f8b3eb2ad6f12beac485a5f2e4e64b364a2b0363fa0f36bb92e0edd,0xb526a77d7f8b3eb2ad6f12beac485a5f2e4e64b364a2b0363fa0f36bb92e0edd,True,2026-02-17,0xf8a73b66d9d9efcc4dbbd6eeb360a43099baef2ee5477fc7e23808b695ac93bd
run_20260217_222909-0219,0xb5385b391b627fb0644c0be2f5060ac3859601618de7d34e70d554e1099168bb,0xb5385b391b627fb0644c0be2f5060ac3859601618de7d34e70d554e1099168bb,True,2026-02-17,0xf8a73b66d9d9efcc4dbbd6eeb360a43099baef2ee5477fc7e23808b695ac93bd
run_20260217_222909-0220,0xf6d25622a57716e698a4972feba7cbb382564df70542d8100a3c6b23b5fca13c,0xf6d25622a57716e698a4972feba7cbb382564df70542d8100a3c6b23b5fca13c,True,2026-02-17,0xf8a73b66d9d9efcc4dbbd6eeb360a43099baef2ee5477fc7e23808b695ac93bd
run_20260217_222909-0221,0xdf0c826212ac8e258d1216ca067291772efb43a126decf300e5b090d9bdc8d3f,0xdf0c826212ac8e258d1216ca067291772efb43a126decf300e5b090d9bdc8d3f,True,2026-02-17,0xf8a73b66d9d9efcc4dbbd6eeb360a43099baef2ee5477fc7e23808b695ac93bd
run_20260217_222909-0222,0x2da57b58fa63d906b3f3a552e38e4895746eaa9f6f92fabe1ff6f2d397e05d36,0x2da57b58fa63d906b3f3a552e38e4895746eaa9f6f92fabe1ff6f2d397e05d36,True,2026-02-17,0xf8a73b66d9d9efcc4dbbd6eeb360a43099baef2ee5477fc7e23808b695ac93bd
run_20260217_222909-0223,0x7f1a87d7b6246caa09c906eb30f310b7c345e38c37da6ecf3dfb954883bf2c02,0x7f1a87d7b6246caa09c906eb30f310b7c345e38c37da6ecf3dfb954883bf2c02,True,2026-02-17,0xf8a73b66d9d9efcc4dbbd6eeb360a43099baef2ee5477fc7e23808b695ac93bd
run_20260217_222909-0224,0x79f0aba58ce30cd6b739a8dba2a6f3103c6a3bc952a06df25fb678895a777aa4,0x79f0aba58ce30cd6b739a8dba2a6f3103c6a3bc952a06df25fb678895a777aa4,True,2026-02-17,0xf8a73b66d9d9efcc4dbbd6eeb360a43099baef2ee5477fc7e23808b695ac93bd
run_20260217_222909-0225,0x7eef618e74965a9a346717c0f6a2b1bed04ee621dc10d68c954731b724ae1187,0x7eef618e74965a9a346717c0f6a2b1bed04ee621dc10d68c954731b724ae1187,True,2026-02-17,0xf8a73b66d9d9efcc4dbbd6eeb360a43099baef2ee5477fc7e23808b695ac93bd
run_20260217_222909-0226,0x419aaabd4b1e7b050f9b8d4d89319b22b40151eb0d253bdaec4f740155e267b8,0x419aaabd4b1e7b050f9b8d4d89319b22b40151eb0d253bdaec4f740155e267b8,True,2026-02-17,0xf8a73b66d9d9efcc4dbbd6eeb360a43099baef2ee5477fc7e23808b695ac93bd
run_20260217_222909-0227,0xf7d78438f30ef9c3917be4422894dbe49eebf4ef1ff008c91ac578d41cd5066c,0xf7d78438f30ef9c3917be4422894dbe49eebf4ef1ff008c91ac578d41cd5066c,True,2026-02-17,0xf8a73b66d9d9efcc4dbbd6eeb360a43099baef2ee5477fc7e23808b695ac93bd
run_20260217_222909-0228,0x5448eab9e1707e7c6061167034b7e355cfa0954fda5b5a0c67f1c42e4d1ea24e,0x5448eab9e1707e7c6061167034b7e355cfa0954fda5b5a0c67f1c42e4d1ea24e,True,2026-02-17,0xf8a73b66d9d9efcc4dbbd6eeb360a43099baef2ee5477fc7e23808b695ac93bd
run_20260217_222909-0229,0xf1f6e9e5d7388f0bad4b0e905ad8be3b2982efd757150b52dd1e55872e198093,0xf1f6e9e5d7388f0bad4b0e905ad8be3b2982efd757150b52dd1e55872e198093,True,2026-02-17,0xf8a73b66d9d9efcc4dbbd6eeb360a43099baef2ee5477fc7e23808b695ac93bd
run_20260217_222909-0230,0x88b5bd21261cc9a63d7814945684711bf7274ce29877781d75f53fe7f97af474,0x88b5bd21261cc9a63d7814945684711bf7274ce29877781d75f53fe7f97af474,True,2026-02-17,0xf8a73b66d9d9efcc4dbbd6eeb360a43099baef2ee5477fc7e23808b695ac93bd
run_20260217_222909-0231,0x96e912e2f9b5d1f2462d3a52fdb7d2c62702ee9a87e375af2de37188eca270a9,0x96e912e2f9b5d1f2462d3a52fdb7d2c62702ee9a87e375af2de37188eca270a9,True,2026-02-17,0xf8a73b66d9d9efcc4dbbd6eeb360a43099baef2ee5477fc7e23808b695ac93bd
run_20260217_222909-0232,0x30681a1671e3e4532a427699ed7dceb24d2977ddc4012e3afde8788c1c5c7e50,0x30681a1671e3e4532a427699ed7dceb24d2977ddc4012e3afde8788c1c5c7e50,True,2026-02-17,0xf8a73b66d9d9efcc4dbbd6eeb360a43099baef2ee5477fc7e23808b695ac93bd
run_20260217_222909-0233,0xc9b070fe0e3fe6f109b51b4b962a7de445d07f6db4a7a3713eaffbf818331c3f,0xc9b070fe0e3fe6f109b51b4b962a7de445d07f6db4a7a3713eaffbf818331c3f,True,2026-02-17,0xf8a73b66d9d9efcc4dbbd6eeb360a43099baef2ee5477fc7e23808b695ac93bd
run_20260217_222909-0234,0x09dcdaa086af14452772153ffc16ca1ca29cf4b56f2b40d2029825ec41e01356,0x09dcdaa086af14452772153ffc16ca1ca29cf4b56f2b40d2029825ec41e01356,True,2026-02-17,0xf8a73b66d9d9efcc4dbbd6eeb360a43099baef2ee5477fc7e23808b695ac93bd
run_20260217_222909-0235,0x8c8ae9121662410e0e9a571dd21b90a7c53e83101834dbbfa674dab25b1bc497,0x8c8ae9121662410e0e9a571dd21b90a7c53e83101834dbbfa674dab25b1bc497,True,2026-02-17,0xf8a73b66d9d9efcc4dbbd6eeb360a43099baef2ee5477fc7e23808b695ac93bd
run_20260217_222909-0236,0x238c83387ea1a3fc1b3bc64f715604a846d161b029eade3b4e65b46b6d86b69b,0x238c83387ea1a3fc1b3bc64f715604a846d161b029eade3b4e65b46b6d86b69b,True,2026-02-17,0xf8a73b66d9d9efcc4dbbd6eeb360a43099baef2ee5477fc7e23808b695ac93bd
run_20260217_222909-0237,0xdac34d28860ff20fddb6b8e0ce7c48c9bab3a12e9933aba1973346284250dba3,0xdac34d28860ff20fddb6b8e0ce7c48c9bab3a12e9933aba1973346284250dba3,True,2026-02-17,0xf8a73b66d9d9efcc4dbbd6eeb360a43099baef2ee5477fc7e23808b695ac93bd
run_20260217_222909-0238,0xe11d324a1df23a7ba0bee45e83c820ac9a2b1266b2892403cea468f32c226684,0xe11d324a1df23a7ba0bee45e83c820ac9a2b1266b2892403cea468f32c226684,True,2026-02-17,0xf8a73b66d9d9efcc4dbbd6eeb360a43099baef2ee5477fc7e23808b695ac93bd
run_20260217_222909-0239,0xe0e57f5200431fc70b99ae9ad3b44fbc47c21cb3a362d57f916fa57d09ce68de,0xe0e57f5200431fc70b99ae9ad3b44fbc47c21cb3a362d57f916fa57d09ce68de,True,2026-02-17,0xf8a73b66d9d9efcc4dbbd6eeb360a43099baef2ee5477fc7e23808b695ac93bd
run_20260217_222909-0240,0xe57ed2ec0da438a2d3e80a23063ebe3acb666563e5ff79e1652a5b96e540555b,0xe57ed2ec0da438a2d3e80a23063ebe3acb666563e5ff79e1652a5b96e540555b,True,2026-02-17,0xf8a73b66d9d9efcc4dbbd6eeb360a43099baef2ee5477fc7e23808b695ac93bd
run_20260217_222909-0241,0x9e3adb59db2ad7532fcf2ff709c02c2f46d41630d39c87e718bf3929550c1478,0x9e3adb59db2ad7532fcf2ff709c02c2f46d41630d39c87e718bf3929550c1478,True,2026-02-17,0xf8a73b66d9d9efcc4dbbd6eeb360a43099baef2ee5477fc7e23808b695ac93bd
run_20260217_222909-0242,0xee2bbf7019d8f1aa8fbcebd06137860e78db6685f2adfc4c6489af31f7f54042,0xee2bbf7019d8f1aa8fbcebd06137860e78db6685f2adfc4c6489af31f7f54042,True,2026-02-17,0xf8a73b66d9d9efcc4dbbd6eeb360a43099baef2ee5477fc7e23808b695ac93bd
run_20260217_222909-0243,0xdd6d0523219930a911a423b091655f7b649e7220b16b0ff72e29a6213eb96175,0xdd6d0523219930a911a423b091655f7b649e7220b16b0ff72e29a6213eb96175,True,2026-02-17,0xf8a73b66d9d9efcc4dbbd6eeb360a43099baef2ee5477fc7e23808b695ac93bd
run_20260217_222909-0244,0x0870516a40c0605e66de320ed4653f363feef1f6077c6fdfa193242a24f9a477,0x0870516a40c0605e66de320ed4653f363feef1f6077c6fdfa193242a24f9a477,True,2026-02-17,0xf8a73b66d9d9efcc4dbbd6eeb360a43099baef2ee5477fc7e23808b695ac93bd
run_20260217_222909-0245,0xee426f762c58414a6df8237f994fd1c6ea7d8138a6e2890d3b8d346884608c82,0xee426f762c58414a6df8237f994fd1c6ea7d8138a6e2890d3b8d346884608c82,True,2026-02-17,0xf8a73b66d9d9efcc4dbbd6eeb360a43099baef2ee5477fc7e23808b695ac93bd
run_20260217_222909-0246,0x3738368e99e1914b8c727c43317462c807bffabc2bda0f7c35586bdd14619a09,0x3738368e99e1914b8c727c43317462c807bffabc2bda0f7c35586bdd14619a09,True,2026-02-17,0xf8a73b66d9d9efcc4dbbd6eeb360a43099baef2ee5477fc7e23808b695ac93bd
run_20260217_222909-0247,0xba889dec23d0af4a18a876a30c4ac64e20786e4211e01c05da30ed60781551de,0xba889dec23d0af4a18a876a30c4ac64e20786e4211e01c05da30ed60781551de,True,2026-02-17,0xf8a73b66d9d9efcc4dbbd6eeb360a43099baef2ee5477fc7e23808b695ac93bd
run_20260217_222909-0248,0x5e057a0d2ac0ca600bb9949b1fa13a81ac3b5b3803d3082787c6eb9d4b0acd07,0x5e057a0d2ac0ca600bb9949b1fa13a81ac3b5b3803d3082787c6eb9d4b0acd07,True,2026-02-17,0xf8a73b66d9d9efcc4dbbd6eeb360a43099baef2ee5477fc7e23808b695ac93bd
run_20260217_222909-0249,0xdc56f7c9df501d8e1fb05487fa533c1d12f5948009f65fdfa8ed297c9b7cf20d,0xdc56f7c9df501d8e1fb05487fa533c1d12f5948009f65fdfa8ed297c9b7cf20d,True,2026-02-17,0xf8a73b66d9d9efcc4dbbd6eeb360a43099baef2ee5477fc7e23808b695ac93bd
run_20260217_222909-0250,0xe00bec3eda253bf0c37fa17fe0a0e71451ada5b4022f5bb1f38c51885b16238d,0xe00bec3eda253bf0c37fa17fe0a0e71451ada5b4022f5bb1f38c51885b16238d,True,2026-02-17,0xf8a73b66d9d9efcc4dbbd6eeb360a43099baef2ee5477fc7e23808b695ac93bd
run_20260217_222909-0251,0xd4cc45ee9967dbf71a75bea9f54256d5d762d99badcfb94692cfbea3e2ef4299,0xd4cc45ee9967dbf71a75bea9f54256d5d762d99badcfb94692cfbea3e2ef4299,True,2026-02-17,0xf8a73b66d9d9efcc4dbbd6eeb360a43099baef2ee5477fc7e23808b695ac93bd
run_20260217_222909-0252,0xcf5c530995959ab6fbfa5caeb4900da091ba2f83bc1ba1594ee5db019426eccc,0xcf5c530995959ab6fbfa5caeb4900da091ba2f83bc1ba1594ee5db019426eccc,True,2026-02-17,0xf8a73b66d9d9efcc4dbbd6eeb360a43099baef2ee5477fc7e23808b695ac93bd
run_20260217_222909-0253,0x9c1641b6acd477aa07065b5a62fd0e23989e4364b84153ba08a42bf36f9e3f2c,0x9c1641b6acd477aa07065b5a62fd0e23989e4364b84153ba08a42bf36f9e3f2c,True,2026-02-17,0xf8a73b66d9d9efcc4dbbd6eeb360a43099baef2ee5477fc7e23808b695ac93bd
run_20260217_222909-0254,0x47fcccec62e2542d03233bd157f50d2444b6c4ac20877a15ae355b9d97961e4c,0x47fcccec62e2542d03233bd157f50d2444b6c4ac20877a15ae355b9d97961e4c,True,2026-02-17,0xf8a73b66d9d9efcc4dbbd6eeb360a43099baef2ee5477fc7e23808b695ac93bd
run_20260217_222909-0255,0xfbea1db4edf93a785f2b9d668b292c27c18f628f5b76752c8d2c02c4d1934a76,0xfbea1db4edf93a785f2b9d668b292c27c18f628f5b76752c8d2c02c4d1934a76,True,2026-02-17,0xf8a73b66d9d9efcc4dbbd6eeb360a43099baef2ee5477fc7e23808b695ac93bd
run_20260217_222909-0256,0x9e0f25f0025be9cfaf79e1260d051017007166c81c6a2781e5199a73a4f2290b,0x9e0f25f0025be9cfaf79e1260d051017007166c81c6a2781e5199a73a4f2290b,True,2026-02-17,0xf8a73b66d9d9efcc4dbbd6eeb360a43099baef2ee5477fc7e23808b695ac93bd
run_20260217_222909-0257,0xbd8ef327618c0b1855481c932aeb07ac0fc1d88d055ef78049c2e46663745b38,0xbd8ef327618c0b1855481c932aeb07ac0fc1d88d055ef78049c2e46663745b38,True,2026-02-17,0xf8a73b66d9d9efcc4dbbd6eeb360a43099baef2ee5477fc7e23808b695ac93bd
run_20260217_222909-0258,0x66ff2764501878839475c5b58bfbef328aa5aaea71c736ddeacf8dfbdcb2b6be,0x66ff2764501878839475c5b58bfbef328aa5aaea71c736ddeacf8dfbdcb2b6be,True,2026-02-17,0xf8a73b66d9d9efcc4dbbd6eeb360a43099baef2ee5477fc7e23808b695ac93bd
run_20260217_222909-0259,0x861a10b58feb14bfabadd9b9764d323d5d6ad1b230d205e93c32cfa72b695eb8,0x861a10b58feb14bfabadd9b9764d323d5d6ad1b230d205e93c32cfa72b695eb8,True,2026-02-17,0xf8a73b66d9d9efcc4dbbd6eeb360a43099baef2ee5477fc7e23808b695ac93bd
run_20260217_222909-0260,0xa07a677680d8ada27a5305279a876ad8b772787ccfaf43ccfc45d22ad181eb24,0xa07a677680d8ada27a5305279a876ad8b772787ccfaf43ccfc45d22ad181eb24,True,2026-02-17,0xf8a73b66d9d9efcc4dbbd6eeb360a43099baef2ee5477fc7e23808b695ac93bd
run_20260217_222909-0261,0x9dc406d4a0978a98bf24712b899a26b9edf7d16825787c54ea09eaf6b3f725a8,0x9dc406d4a0978a98bf24712b899a26b9edf7d16825787c54ea09eaf6b3f725a8,True,2026-02-17,0xf8a73b66d9d9efcc4dbbd6eeb360a43099baef2ee5477fc7e23808b695ac93bd
run_20260217_222909-0262,0x354dbb83892442735b67f594d4aaec21924e0251eee41ae8d3657beec237c6aa,0x354dbb83892442735b67f594d4aaec21924e0251eee41ae8d3657beec237c6aa,True,2026-02-17,0xf8a73b66d9d9efcc4dbbd6eeb360a43099baef2ee5477fc7e23808b695ac93bd
run_20260217_222909-0263,0xde9f1c808ddb62cd6c5d45d62dee2d3c78fe0cf23555b70eb6f7fb74009a566d,0xde9f1c808ddb62cd6c5d45d62dee2d3c78fe0cf23555b70eb6f7fb74009a566d,True,2026-02-17,0xf8a73b66d9d9efcc4dbbd6eeb360a43099baef2ee5477fc7e23808b695ac93bd
run_20260217_222909-0264,0x6f45306266722267ead60d763c0c6b828c0d72ebe8b5ba9c45c993b2f04243e1,0x6f45306266722267ead60d763c0c6b828c0d72ebe8b5ba9c45c993b2f04243e1,True,2026-02-17,0xf8a73b66d9d9efcc4dbbd6eeb360a43099baef2ee5477fc7e23808b695ac93bd
run_20260217_222909-0265,0xa233a1901cc9c082509acbffec76672aa7a23ed2e8bb23b6dc7cf5b224166a48,0xa233a1901cc9c082509acbffec76672aa7a23ed2e8bb23b6dc7cf5b224166a48,True,2026-02-17,0xf8a73b66d9d9efcc4dbbd6eeb360a43099baef2ee5477fc7e23808b695ac93bd
run_20260217_222909-0266,0xa1708d0a316359392954d2ffcb60e1f0370bf91896e8279639b4546c94bfcb75,0xa1708d0a316359392954d2ffcb60e1f0370bf91896e8279639b4546c94bfcb75,True,2026-02-17,0xf8a73b66d9d9efcc4dbbd6eeb360a43099baef2ee5477fc7e23808b695ac93bd
run_20260217_222909-0267,0xb47c99c886c7b57594339fb4e3e0159dbd20441bb134af5ea1900be278afea40,0xb47c99c886c7b57594339fb4e3e0159dbd20441bb134af5ea1900be278afea40,True,2026-02-17,0xf8a73b66d9d9efcc4dbbd6eeb360a43099baef2ee5477fc7e23808b695ac93bd
run_20260217_222909-0268,0x74f53462177c074fe9e2fd8582b32e68ba4c7676d8e5319e083c5262e90d93e7,0x74f53462177c074fe9e2fd8582b32e68ba4c7676d8e5319e083c5262e90d93e7,True,2026-02-17,0xf8a73b66d9d9efcc4dbbd6eeb360a43099baef2ee5477fc7e23808b695ac93bd
run_20260217_222909-0269,0xbf84de4a963ab4cdaf3e5e7846b1b3566b937ecbb2e4d64e217fadf07396ff10,0xbf84de4a963ab4cdaf3e5e7846b1b3566b937ecbb2e4d64e217fadf07396ff10,True,2026-02-17,0xf8a73b66d9d9efcc4dbbd6eeb360a43099baef2ee5477fc7e23808b695ac93bd
run_20260217_222909-0270,0x2e6116711229933e056bfa7d961b40edc4499b8546088d3322a32b958ad2c084,0x2e6116711229933e056bfa7d961b40edc4499b8546088d3322a32b958ad2c084,True,2026-02-17,0xf8a73b66d9d9efcc4dbbd6eeb360a43099baef2ee5477fc7e23808b695ac93bd
run_20260217_222909-0271,0x6d88cbe0ee158f604157f663d556ea597eaed062de3a4d813e19d76281933056,0x6d88cbe0ee158f604157f663d556ea597eaed062de3a4d813e19d76281933056,True,2026-02-17,0xf8a73b66d9d9efcc4dbbd6eeb360a43099baef2ee5477fc7e23808b695ac93bd
run_20260217_222909-0272,0x1558a76e52e435cfa3f8006b7c61ca25431735ec71d05519eb2b24d40830223b,0x1558a76e52e435cfa3f8006b7c61ca25431735ec71d05519eb2b24d40830223b,True,2026-02-17,0xf8a73b66d9d9efcc4dbbd6eeb360a43099baef2ee5477fc7e23808b695ac93bd
run_20260217_222909-0273,0x313883e1d84ea1a1ad785e69e7f02907219d873bedbb0b0de1a813a4eb253e92,0x313883e1d84ea1a1ad785e69e7f02907219d873bedbb0b0de1a813a4eb253e92,True,2026-02-17,0xf8a73b66d9d9efcc4dbbd6eeb360a43099baef2ee5477fc7e23808b695ac93bd
run_20260217_222909-0274,0x9882c060c991e1344225f114ab72d2f01b5bf7741449ea1080d2da15fa6c5c35,0x9882c060c991e1344225f114ab72d2f01b5bf7741449ea1080d2da15fa6c5c35,True,2026-02-17,0xf8a73b66d9d9efcc4dbbd6eeb360a43099baef2ee5477fc7e23808b695ac93bd
run_20260217_222909-0275,0x7a5db07f8ce76a15271e0465726f36601cb6f21b5bd78947616a2bf58f96e8a3,0x7a5db07f8ce76a15271e0465726f36601cb6f21b5bd78947616a2bf58f96e8a3,True,2026-02-17,0xf8a73b66d9d9efcc4dbbd6eeb360a43099baef2ee5477fc7e23808b695ac93bd
run_20260217_222909-0276,0x6477f86a7d6fdc853e5dcb785e9305932d1eddc2af442b36f325e4beb7e2cec1,0x6477f86a7d6fdc853e5dcb785e9305932d1eddc2af442b36f325e4beb7e2cec1,True,2026-02-17,0xf8a73b66d9d9efcc4dbbd6eeb360a43099baef2ee5477fc7e23808b695ac93bd
run_20260217_222909-0277,0x3b0cb3bd254d84b71249f31a73c0a6866aad356c0a1b7bf98d95f213a9c63099,0x3b0cb3bd254d84b71249f31a73c0a6866aad356c0a1b7bf98d95f213a9c63099,True,2026-02-17,0xf8a73b66d9d9efcc4dbbd6eeb360a43099baef2ee5477fc7e23808b695ac93bd
run_20260217_222909-0278,0x3688a6ff9e9a0c68e0a9659c932a75e5d5bab2cf8ba89598ba2cd1262100a96a,0x3688a6ff9e9a0c68e0a9659c932a75e5d5bab2cf8ba89598ba2cd1262100a96a,True,2026-02-17,0xf8a73b66d9d9efcc4dbbd6eeb360a43099baef2ee5477fc7e23808b695ac93bd
run_20260217_222909-0279,0x1137adaa8ea8670aafb11c0bd9a480b0a224b74d2a5351f22c1e7913259ac9a7,0x1137adaa8ea8670aafb11c0bd9a480b0a224b74d2a5351f22c1e7913259ac9a7,True,2026-02-17,0xf8a73b66d9d9efcc4dbbd6eeb360a43099baef2ee5477fc7e23808b695ac93bd
run_20260217_222909-0280,0x325641cd8315c9e0a7e71f6fe470ad14f4021165e60b9ef4fd2aa58f98ae5b9e,0x325641cd8315c9e0a7e71f6fe470ad14f4021165e60b9ef4fd2aa58f98ae5b9e,True,2026-02-17,0xf8a73b66d9d9efcc4dbbd6eeb360a43099baef2ee5477fc7e23808b695ac93bd
run_20260217_222909-0281,0xcdf749f1034aa9e2cffe5569e39bfd5125c00dbc5854d88989d6a9536e8b212e,0xcdf749f1034aa9e2cffe5569e39bfd5125c00dbc5854d88989d6a9536e8b212e,True,2026-02-17,0xf8a73b66d9d9efcc4dbbd6eeb360a43099baef2ee5477fc7e23808b695ac93bd
run_20260217_222909-0282,0x9bc537791b098383a7d1458048be9d09f00072f968f190b4afd7d49a100b1010,0x9bc537791b098383a7d1458048be9d09f00072f968f190b4afd7d49a100b1010,True,2026-02-17,0xf8a73b66d9d9efcc4dbbd6eeb360a43099baef2ee5477fc7e23808b695ac93bd
run_20260217_222909-0283,0x4259b5c18b6f1735b4deb951e5cc6cabcc2e18de542c12c9264a3511147d98b5,0x4259b5c18b6f1735b4deb951e5cc6cabcc2e18de542c12c9264a3511147d98b5,True,2026-02-17,0xf8a73b66d9d9efcc4dbbd6eeb360a43099baef2ee5477fc7e23808b695ac93bd
run_20260217_222909-0284,0x14426cb86d5ec40973ad74b112e0e50bd0ec3197173f515f6d6e0ecd329af916,0x14426cb86d5ec40973ad74b112e0e50bd0ec3197173f515f6d6e0ecd329af916,True,2026-02-17,0xf8a73b66d9d9efcc4dbbd6eeb360a43099baef2ee5477fc7e23808b695ac93bd
run_20260217_222909-0285,0xdcaa6963c640fdd0ff42fff962a6e07e52c0e5b8adfd32d7134af191de0c493e,0xdcaa6963c640fdd0ff42fff962a6e07e52c0e5b8adfd32d7134af191de0c493e,True,2026-02-17,0xf8a73b66d9d9efcc4dbbd6eeb360a43099baef2ee5477fc7e23808b695ac93bd
run_20260217_222909-0286,0x674d9489e78c0085ad82a2f08c92f5eb25454905e398c030e690a1e3429135a1,0x674d9489e78c0085ad82a2f08c92f5eb25454905e398c030e690a1e3429135a1,True,2026-02-17,0xf8a73b66d9d9efcc4dbbd6eeb360a43099baef2ee5477fc7e23808b695ac93bd
run_20260217_222909-0287,0x80ccf31d68c36fd9bed2068d1bf8f50375db334c51bbd6005fa118dd762908ec,0x80ccf31d68c36fd9bed2068d1bf8f50375db334c51bbd6005fa118dd762908ec,True,2026-02-17,0xf8a73b66d9d9efcc4dbbd6eeb360a43099baef2ee5477fc7e23808b695ac93bd
run_20260217_222909-0288,0x77181ab8de8bbed28d1b6b3deceeb52058f1ff187be8a1ae192c2c16fa03e624,0x77181ab8de8bbed28d1b6b3deceeb52058f1ff187be8a1ae192c2c16fa03e624,True,2026-02-17,0xf8a73b66d9d9efcc4dbbd6eeb360a43099baef2ee5477fc7e23808b695ac93bd
run_20260217_222909-0289,0x3b918ac9cab25e1dd0b9ebccfe5317d5a7b16a744d537582f753006bec714547,0x3b918ac9cab25e1dd0b9ebccfe5317d5a7b16a744d537582f753006bec714547,True,2026-02-17,0xf8a73b66d9d9efcc4dbbd6eeb360a43099baef2ee5477fc7e23808b695ac93bd
run_20260217_222909-0290,0x3404a789219fc8071cefcc4f234df6bb70114a92b2987ef0230015bf7d3ab5d7,0x3404a789219fc8071cefcc4f234df6bb70114a92b2987ef0230015bf7d3ab5d7,True,2026-02-17,0xf8a73b66d9d9efcc4dbbd6eeb360a43099baef2ee5477fc7e23808b695ac93bd
run_20260217_222909-0291,0xfe69752d0536b6f0c225065d8554824d97e4fd7cb7cfc337f4dd582cd67dde83,0xfe69752d0536b6f0c225065d8554824d97e4fd7cb7cfc337f4dd582cd67dde83,True,2026-02-17,0xf8a73b66d9d9efcc4dbbd6eeb360a43099baef2ee5477fc7e23808b695ac93bd
run_20260217_222909-0292,0x3d92f076ca2e08cc126c52ae8ccb3f7c7259c25e85fb64f3e6e2ea536c00cb7f,0x3d92f076ca2e08cc126c52ae8ccb3f7c7259c25e85fb64f3e6e2ea536c00cb7f,True,2026-02-17,0xf8a73b66d9d9efcc4dbbd6eeb360a43099baef2ee5477fc7e23808b695ac93bd
run_20260217_222909-0293,0x01326b264f3199b1af880fe59f75d3e28e8c89e5d8d4bf8f6da9bb42cfc31ced,0x01326b264f3199b1af880fe59f75d3e28e8c89e5d8d4bf8f6da9bb42cfc31ced,True,2026-02-17,0xf8a73b66d9d9efcc4dbbd6eeb360a43099baef2ee5477fc7e23808b695ac93bd
run_20260217_222909-0294,0xbbd5e498ffeb42b5571a52702f7e569c5cba5f43d460ff0b07fda7a197d834e2,0xbbd5e498ffeb42b5571a52702f7e569c5cba5f43d460ff0b07fda7a197d834e2,True,2026-02-17,0xf8a73b66d9d9efcc4dbbd6eeb360a43099baef2ee5477fc7e23808b695ac93bd
run_20260217_222909-0295,0x05e934bd6b2b8fe68bfc2cb0dfda6c003a0be4a039c3a786523d6ed0522310c2,0x05e934bd6b2b8fe68bfc2cb0dfda6c003a0be4a039c3a786523d6ed0522310c2,True,2026-02-17,0xf8a73b66d9d9efcc4dbbd6eeb360a43099baef2ee5477fc7e23808b695ac93bd
run_20260217_222909-0296,0x419d8e75a35bf535ba43bb49a221d1421a0c55add161b4aa8d3d179aa3f1f8f1,0x419d8e75a35bf535ba43bb49a221d1421a0c55add161b4aa8d3d179aa3f1f8f1,True,2026-02-17,0xf8a73b66d9d9efcc4dbbd6eeb360a43099baef2ee5477fc7e23808b695ac93bd
run_20260217_222909-0297,0x7f5795f4d1fa857b94e56e0c904f08e086e719a1a034afed14f019bc10d02e44,0x7f5795f4d1fa857b94e56e0c904f08e086e719a1a034afed14f019bc10d02e44,True,2026-02-17,0xf8a73b66d9d9efcc4dbbd6eeb360a43099baef2ee5477fc7e23808b695ac93bd
run_20260217_222909-0298,0x1ed4820567ca697c15324c00bc00437dd501c8813d52d8c72ab4049628fd8068,0x1ed4820567ca697c15324c00bc00437dd501c8813d52d8c72ab4049628fd8068,True,2026-02-17,0xf8a73b66d9d9efcc4dbbd6eeb360a43099baef2ee5477fc7e23808b695ac93bd
run_20260217_222909-0299,0x7495192fdfc238bd5529fd2936d29fd517996801fc7e5145928c3177b4a81cea,0x7495192fdfc238bd5529fd2936d29fd517996801fc7e5145928c3177b4a81cea,True,2026-02-17,0xf8a73b66d9d9efcc4dbbd6eeb360a43099baef2ee5477fc7e23808b695ac93bd
run_20260217_222909-0300,0x2a7dd3989cd7862d9e05e7cb78ff6adef46f14774be916fe167559607b436275,0x2a7dd3989cd7862d9e05e7cb78ff6adef46f14774be916fe167559607b436275,True,2026-02-17,0xf8a73b66d9d9efcc4dbbd6eeb360a43099baef2ee5477fc7e23808b695ac93bd
run_20260217_222909-0301,0xcf728b531e4596eeb2c081af7cbedafb9fdb4a5f422045a236b41858b409ba37,0xcf728b531e4596eeb2c081af7cbedafb9fdb4a5f422045a236b41858b409ba37,True,2026-02-17,0xf8a73b66d9d9efcc4dbbd6eeb360a43099baef2ee5477fc7e23808b695ac93bd
run_20260217_222909-0302,0xdf4aaeb4cb1b2aa060a2f231652b9a8a47b3a6cfcd66ec0a9109fd98c6c605b5,0xdf4aaeb4cb1b2aa060a2f231652b9a8a47b3a6cfcd66ec0a9109fd98c6c605b5,True,2026-02-17,0xf8a73b66d9d9efcc4dbbd6eeb360a43099baef2ee5477fc7e23808b695ac93bd
run_20260217_222909-0303,0x4ea2adf8bd668b5434791c78577e10537c84c848b17a3dceea93e0d9d11fc93b,0x4ea2adf8bd668b5434791c78577e10537c84c848b17a3dceea93e0d9d11fc93b,True,2026-02-17,0xf8a73b66d9d9efcc4dbbd6eeb360a43099baef2ee5477fc7e23808b695ac93bd
run_20260217_222909-0304,0x2f16d96c55c33f3da2c0d8d6131c9d844e170dc180a120e93f45075ad7074c36,0x2f16d96c55c33f3da2c0d8d6131c9d844e170dc180a120e93f45075ad7074c36,True,2026-02-17,0xf8a73b66d9d9efcc4dbbd6eeb360a43099baef2ee5477fc7e23808b695ac93bd
run_20260217_222909-0305,0x261b95b6353ad5696a988aed96e7cdeb65fba644f84c5d8c1052c578e5cf96b5,0x261b95b6353ad5696a988aed96e7cdeb65fba644f84c5d8c1052c578e5cf96b5,True,2026-02-17,0xf8a73b66d9d9efcc4dbbd6eeb360a43099baef2ee5477fc7e23808b695ac93bd
run_20260217_222909-0306,0x2ad5ccf662dfd1941a5b6f4bcd340cdddbec664b8754acef381f5e8cc4b024b9,0x2ad5ccf662dfd1941a5b6f4bcd340cdddbec664b8754acef381f5e8cc4b024b9,True,2026-02-17,0xf8a73b66d9d9efcc4dbbd6eeb360a43099baef2ee5477fc7e23808b695ac93bd
run_20260217_222909-0307,0xdc3d837f1636e1c8325b7255e0911e2486e873b32f76661e4aa6c61918cef588,0xdc3d837f1636e1c8325b7255e0911e2486e873b32f76661e4aa6c61918cef588,True,2026-02-17,0xf8a73b66d9d9efcc4dbbd6eeb360a43099baef2ee5477fc7e23808b695ac93bd
run_20260217_222909-0308,0x041586faefc922593a7f554989daaf6faca974c7610587a9aea82b99aebb8f76,0x041586faefc922593a7f554989daaf6faca974c7610587a9aea82b99aebb8f76,True,2026-02-17,0xf8a73b66d9d9efcc4dbbd6eeb360a43099baef2ee5477fc7e23808b695ac93bd
run_20260217_222909-0309,0x070cd6b824ff3671853bcce4f1e8c84bfa7440b0f313f3dbc302b4386032e2ec,0x070cd6b824ff3671853bcce4f1e8c84bfa7440b0f313f3dbc302b4386032e2ec,True,2026-02-17,0xf8a73b66d9d9efcc4dbbd6eeb360a43099baef2ee5477fc7e23808b695ac93bd
run_20260217_222909-0310,0xaa07fc198b288a537b8625c9209b2565310a954fa3f5b9b1e10df70bff98efcf,0xaa07fc198b288a537b8625c9209b2565310a954fa3f5b9b1e10df70bff98efcf,True,2026-02-17,0xf8a73b66d9d9efcc4dbbd6eeb360a43099baef2ee5477fc7e23808b695ac93bd
run_20260217_222909-0311,0x9a0b7edc3bfa430ec9350b1fc45679d72f7246f8af474c38413f78434f6599fa,0x9a0b7edc3bfa430ec9350b1fc45679d72f7246f8af474c38413f78434f6599fa,True,2026-02-17,0xf8a73b66d9d9efcc4dbbd6eeb360a43099baef2ee5477fc7e23808b695ac93bd
run_20260217_222909-0312,0xedc0014bd1e12d65a34f095be8b6f414c028bcbb75f253e954133b520490de55,0xedc0014bd1e12d65a34f095be8b6f414c028bcbb75f253e954133b520490de55,True,2026-02-17,0xf8a73b66d9d9efcc4dbbd6eeb360a43099baef2ee5477fc7e23808b695ac93bd
run_20260217_222909-0313,0x46c835a831a0c824b7ee9e9243320a400ff315e4f2877cd50464794e1fbecb68,0x46c835a831a0c824b7ee9e9243320a400ff315e4f2877cd50464794e1fbecb68,True,2026-02-17,0xf8a73b66d9d9efcc4dbbd6eeb360a43099baef2ee5477fc7e23808b695ac93bd
run_20260217_222909-0314,0x41ac98263b9c5921f502b5361e677693963235c2934ac4a9f1993a60a8e640fd,0x41ac98263b9c5921f502b5361e677693963235c2934ac4a9f1993a60a8e640fd,True,2026-02-17,0xf8a73b66d9d9efcc4dbbd6eeb360a43099baef2ee5477fc7e23808b695ac93bd
run_20260217_222909-0315,0xe5e13b7f2568bf98393c4e847d456fa4316c74c26c4524870c6847029e822661,0xe5e13b7f2568bf98393c4e847d456fa4316c74c26c4524870c6847029e822661,True,2026-02-17,0xf8a73b66d9d9efcc4dbbd6eeb360a43099baef2ee5477fc7e23808b695ac93bd
run_20260217_222909-0316,0xdfb94efce9f186aafad3a6470bf0ab0ba58f249ec5f0061119b4c3edfc49b37b,0xdfb94efce9f186aafad3a6470bf0ab0ba58f249ec5f0061119b4c3edfc49b37b,True,2026-02-17,0xf8a73b66d9d9efcc4dbbd6eeb360a43099baef2ee5477fc7e23808b695ac93bd
run_20260217_222909-0317,0xc0f7f783597089276142ce59f6e087d1ec9e3b17eda29aca53df184f7582b14f,0xc0f7f783597089276142ce59f6e087d1ec9e3b17eda29aca53df184f7582b14f,True,2026-02-17,0xf8a73b66d9d9efcc4dbbd6eeb360a43099baef2ee5477fc7e23808b695ac93bd
run_20260217_222909-0318,0x71d01376a4fe3d0a5ac35da72064f6d2eed49c705110ee1a11c9547a491813d3,0x71d01376a4fe3d0a5ac35da72064f6d2eed49c705110ee1a11c9547a491813d3,True,2026-02-17,0xf8a73b66d9d9efcc4dbbd6eeb360a43099baef2ee5477fc7e23808b695ac93bd
run_20260217_222909-0319,0xe3d187b2e90ba5a04df72b87745eab77c4078f451b70c92cdc697985bcb4cfe0,0xe3d187b2e90ba5a04df72b87745eab77c4078f451b70c92cdc697985bcb4cfe0,True,2026-02-17,0xf8a73b66d9d9efcc4dbbd6eeb360a43099baef2ee5477fc7e23808b695ac93bd
run_20260217_222909-0320,0xcb5ae254ec1e88bfc337bbf40b2e3c3cf6031fd827ad7228676cf64cf8c52943,0xcb5ae254ec1e88bfc337bbf40b2e3c3cf6031fd827ad7228676cf64cf8c52943,True,2026-02-17,0xf8a73b66d9d9efcc4dbbd6eeb360a43099baef2ee5477fc7e23808b695ac93bd
run_20260217_222909-0321,0xb522fd33e53963286b354da830894d9b9919cf096929c476f143771a8d0a14f1,0xb522fd33e53963286b354da830894d9b9919cf096929c476f143771a8d0a14f1,True,2026-02-17,0xf8a73b66d9d9efcc4dbbd6eeb360a43099baef2ee5477fc7e23808b695ac93bd
run_20260217_222909-0322,0x498e83f45544e08476e7685ec6e6e65971a6aebd0247dbd6e2626570b0bd141d,0x498e83f45544e08476e7685ec6e6e65971a6aebd0247dbd6e2626570b0bd141d,True,2026-02-17,0xf8a73b66d9d9efcc4dbbd6eeb360a43099baef2ee5477fc7e23808b695ac93bd
run_20260217_222909-0323,0x94a151b7f8677f3499c4744c517ba7be1d47841f0fbe5a62277a10369635a8c7,0x94a151b7f8677f3499c4744c517ba7be1d47841f0fbe5a62277a10369635a8c7,True,2026-02-17,0xf8a73b66d9d9efcc4dbbd6eeb360a43099baef2ee5477fc7e23808b695ac93bd
run_20260217_222909-0324,0x944b35847ff32dd28e5523d108f8c2002c8531ab55bdc25b1a1e1f02d4bd9ab2,0x944b35847ff32dd28e5523d108f8c2002c8531ab55bdc25b1a1e1f02d4bd9ab2,True,2026-02-17,0xf8a73b66d9d9efcc4dbbd6eeb360a43099baef2ee5477fc7e23808b695ac93bd
run_20260217_222909-0325,0xa0a7566c500d82a1fe7be9c8608ebbeb3dfa29c23ffa3977a427d40c9f213cff,0xa0a7566c500d82a1fe7be9c8608ebbeb3dfa29c23ffa3977a427d40c9f213cff,True,2026-02-17,0xf8a73b66d9d9efcc4dbbd6eeb360a43099baef2ee5477fc7e23808b695ac93bd
run_20260217_222909-0326,0x70c8d256d13eebdc3890a2e002692f56d3b3ad08a0fef8460d0fa8ba7e771ee5,0x70c8d256d13eebdc3890a2e002692f56d3b3ad08a0fef8460d0fa8ba7e771ee5,True,2026-02-17,0xf8a73b66d9d9efcc4dbbd6eeb360a43099baef2ee5477fc7e23808b695ac93bd
run_20260217_222909-0327,0x1e5b36c0c90753a011ea8dbb7db7007971f51788ee6339a501ffbf1ae0942e4c,0x1e5b36c0c90753a011ea8dbb7db7007971f51788ee6339a501ffbf1ae0942e4c,True,2026-02-17,0xf8a73b66d9d9efcc4dbbd6eeb360a43099baef2ee5477fc7e23808b695ac93bd
run_20260217_222909-0328,0x0eeed6b1e374117fd9946848fbfc336e914df544caf60f786841ed9fbb768ffe,0x0eeed6b1e374117fd9946848fbfc336e914df544caf60f786841ed9fbb768ffe,True,2026-02-17,0xf8a73b66d9d9efcc4dbbd6eeb360a43099baef2ee5477fc7e23808b695ac93bd
run_20260217_222909-0329,0xa1e405e352721047fe4c23a80e3b57f4efdbdfa214c9131697beef9687e89ee5,0xa1e405e352721047fe4c23a80e3b57f4efdbdfa214c9131697beef9687e89ee5,True,2026-02-17,0xf8a73b66d9d9efcc4dbbd6eeb360a43099baef2ee5477fc7e23808b695ac93bd
run_20260217_222909-0330,0x48874ebe2b14952fe76e4a0f098089e23d3b70aca4876f5675e83231245f3566,0x48874ebe2b14952fe76e4a0f098089e23d3b70aca4876f5675e83231245f3566,True,2026-02-17,0xf8a73b66d9d9efcc4dbbd6eeb360a43099baef2ee5477fc7e23808b695ac93bd
run_20260217_222909-0331,0xe43e98f1f86ba7cd3a8e088801d08d0118feb69d4e3552b3faf45e514b848a4a,0xe43e98f1f86ba7cd3a8e088801d08d0118feb69d4e3552b3faf45e514b848a4a,True,2026-02-17,0xf8a73b66d9d9efcc4dbbd6eeb360a43099baef2ee5477fc7e23808b695ac93bd
run_20260217_222909-0332,0xe563b524562fc09a108f2a030a57465a7a9fdc234e64dfd78a1f7a91b5e26542,0xe563b524562fc09a108f2a030a57465a7a9fdc234e64dfd78a1f7a91b5e26542,True,2026-02-17,0xf8a73b66d9d9efcc4dbbd6eeb360a43099baef2ee5477fc7e23808b695ac93bd
run_20260217_222909-0333,0xa391507b1f5994cd92e21f9542cd6ca03c6355e4cf53528e393814a875b569d3,0xa391507b1f5994cd92e21f9542cd6ca03c6355e4cf53528e393814a875b569d3,True,2026-02-17,0xf8a73b66d9d9efcc4dbbd6eeb360a43099baef2ee5477fc7e23808b695ac93bd
run_20260217_222909-0334,0x0af950d63928a82874a737baa14fdb746714059b5e57be310b07b50d0c6508e9,0x0af950d63928a82874a737baa14fdb746714059b5e57be310b07b50d0c6508e9,True,2026-02-17,0xf8a73b66d9d9efcc4dbbd6eeb360a43099baef2ee5477fc7e23808b695ac93bd
run_20260217_222909-0335,0xe40112ceeca3863c5d7f07d0265504a637aec972a2e2741e2ab7ab001a68dc4d,0xe40112ceeca3863c5d7f07d0265504a637aec972a2e2741e2ab7ab001a68dc4d,True,2026-02-17,0xf8a73b66d9d9efcc4dbbd6eeb360a43099baef2ee5477fc7e23808b695ac93bd
run_20260217_222909-0336,0x4bd15b51917c3fde075c364e709a5caa92e7b1c5de12e181b7087e2a5a076d96,0x4bd15b51917c3fde075c364e709a5caa92e7b1c5de12e181b7087e2a5a076d96,True,2026-02-17,0xf8a73b66d9d9efcc4dbbd6eeb360a43099baef2ee5477fc7e23808b695ac93bd
run_20260217_222909-0337,0x6f7b12461642cfc4738c43d32d567205a8f7177898a1c3ec0afdf7ed9b038b60,0x6f7b12461642cfc4738c43d32d567205a8f7177898a1c3ec0afdf7ed9b038b60,True,2026-02-17,0xf8a73b66d9d9efcc4dbbd6eeb360a43099baef2ee5477fc7e23808b695ac93bd
run_20260217_222909-0338,0xdb7c1f19d6e153574ded4b3483b5287e343d26485f3f1f675704f2fa3a7541e1,0xdb7c1f19d6e153574ded4b3483b5287e343d26485f3f1f675704f2fa3a7541e1,True,2026-02-17,0xf8a73b66d9d9efcc4dbbd6eeb360a43099baef2ee5477fc7e23808b695ac93bd
run_20260217_222909-0339,0x62ade4fbc8c45abaafad9b56b08c8ad60f4c2af4f146580d152790d55deb1a8d,0x62ade4fbc8c45abaafad9b56b08c8ad60f4c2af4f146580d152790d55deb1a8d,True,2026-02-17,0xf8a73b66d9d9efcc4dbbd6eeb360a43099baef2ee5477fc7e23808b695ac93bd
run_20260217_222909-0340,0xf0847977f753f446c02b8a71c470cf3d59cb7f0a36df33ce54f12db4faaba343,0xf0847977f753f446c02b8a71c470cf3d59cb7f0a36df33ce54f12db4faaba343,True,2026-02-17,0xf8a73b66d9d9efcc4dbbd6eeb360a43099baef2ee5477fc7e23808b695ac93bd
run_20260217_222909-0341,0x9fb2f73e92150c096628e8a2696f13903b13637ad115421879b8c920fce464e1,0x9fb2f73e92150c096628e8a2696f13903b13637ad115421879b8c920fce464e1,True,2026-02-17,0xf8a73b66d9d9efcc4dbbd6eeb360a43099baef2ee5477fc7e23808b695ac93bd
run_20260217_222909-0342,0x1e6545add0b7a829fc8f127bbe438662b7f52ca57de8b9c6e920c3c39468d8fa,0x1e6545add0b7a829fc8f127bbe438662b7f52ca57de8b9c6e920c3c39468d8fa,True,2026-02-17,0xf8a73b66d9d9efcc4dbbd6eeb360a43099baef2ee5477fc7e23808b695ac93bd
run_20260217_222909-0343,0x701378efeeb9eb40108a24e8c8c90fb409da905fdc8a54212142068601f02d25,0x701378efeeb9eb40108a24e8c8c90fb409da905fdc8a54212142068601f02d25,True,2026-02-17,0xf8a73b66d9d9efcc4dbbd6eeb360a43099baef2ee5477fc7e23808b695ac93bd
run_20260217_222909-0344,0x06b2987904517ac0a7c1c49042a46eae1e6b30365db455f3a7e98434c1599c7d,0x06b2987904517ac0a7c1c49042a46eae1e6b30365db455f3a7e98434c1599c7d,True,2026-02-17,0xf8a73b66d9d9efcc4dbbd6eeb360a43099baef2ee5477fc7e23808b695ac93bd
run_20260217_222909-0345,0x9064139a08b9222864322fd57fb12d137f7754f1574f69e64c286b7bcec9373f,0x9064139a08b9222864322fd57fb12d137f7754f1574f69e64c286b7bcec9373f,True,2026-02-17,0xf8a73b66d9d9efcc4dbbd6eeb360a43099baef2ee5477fc7e23808b695ac93bd
run_20260217_222909-0346,0xd05c19d29ce1ac554f71cca74217c8d210fc5dbe6384f586268c739b4fc8e52d,0xd05c19d29ce1ac554f71cca74217c8d210fc5dbe6384f586268c739b4fc8e52d,True,2026-02-17,0xf8a73b66d9d9efcc4dbbd6eeb360a43099baef2ee5477fc7e23808b695ac93bd
run_20260217_222909-0347,0x59410e99838ef3bc10ec1da2b4c2d420238bbf43bab13ad94e48b8d6536bfaaf,0x59410e99838ef3bc10ec1da2b4c2d420238bbf43bab13ad94e48b8d6536bfaaf,True,2026-02-17,0xf8a73b66d9d9efcc4dbbd6eeb360a43099baef2ee5477fc7e23808b695ac93bd
run_20260217_222909-0348,0x42c6b95ebb32335e6ac8d0fb88244d6152d4ba411d286251c5e8c5b7cba60a38,0x42c6b95ebb32335e6ac8d0fb88244d6152d4ba411d286251c5e8c5b7cba60a38,True,2026-02-17,0xf8a73b66d9d9efcc4dbbd6eeb360a43099baef2ee5477fc7e23808b695ac93bd
run_20260217_222909-0349,0xc4a627f4f1165f1490e0dc3ba147985cc07c78520e3b566d68c07dab065d71d2,0xc4a627f4f1165f1490e0dc3ba147985cc07c78520e3b566d68c07dab065d71d2,True,2026-02-17,0xf8a73b66d9d9efcc4dbbd6eeb360a43099baef2ee5477fc7e23808b695ac93bd
run_20260217_222909-0350,0xbda59387bb423bfde9fe263d3fbfbcf1133cbb53ce08b2b7df1c568e84fb699d,0xbda59387bb423bfde9fe263d3fbfbcf1133cbb53ce08b2b7df1c568e84fb699d,True,2026-02-17,0xf8a73b66d9d9efcc4dbbd6eeb360a43099baef2ee5477fc7e23808b695ac93bd
run_20260217_222909-0351,0xe2a01902bdf55b7e483329ea93530653b86d6e5de2b35c4dfa73287986724209,0xe2a01902bdf55b7e483329ea93530653b86d6e5de2b35c4dfa73287986724209,True,2026-02-17,0xf8a73b66d9d9efcc4dbbd6eeb360a43099baef2ee5477fc7e23808b695ac93bd
run_20260217_222909-0352,0x7cef0a7161ec3eed6c5ae5455e9ef315cc124d05d7c4438502480e2c7a86f0ab,0x7cef0a7161ec3eed6c5ae5455e9ef315cc124d05d7c4438502480e2c7a86f0ab,True,2026-02-17,0xf8a73b66d9d9efcc4dbbd6eeb360a43099baef2ee5477fc7e23808b695ac93bd
run_20260217_222909-0353,0x884ff5885ec5a7c9dc487d23061c4e05a89928b8970f4839287b16884bb5dab0,0x884ff5885ec5a7c9dc487d23061c4e05a89928b8970f4839287b16884bb5dab0,True,2026-02-17,0xf8a73b66d9d9efcc4dbbd6eeb360a43099baef2ee5477fc7e23808b695ac93bd
run_20260217_222909-0354,0x3bcc1b704c32f8779d0cf6947c947c62d2210048ed0be83e278f60d43c63a56a,0x3bcc1b704c32f8779d0cf6947c947c62d2210048ed0be83e278f60d43c63a56a,True,2026-02-17,0xf8a73b66d9d9efcc4dbbd6eeb360a43099baef2ee5477fc7e23808b695ac93bd
run_20260217_222909-0355,0x3565e92c226e5422ec7c0eaa76cc6b17777322e356aed006871c8bd32dfb1e79,0x3565e92c226e5422ec7c0eaa76cc6b17777322e356aed006871c8bd32dfb1e79,True,2026-02-17,0xf8a73b66d9d9efcc4dbbd6eeb360a43099baef2ee5477fc7e23808b695ac93bd
run_20260217_222909-0356,0x0faecf0f912896a521c39fc660eda7ac24b3863303dd4ed22b4ab55652702e8a,0x0faecf0f912896a521c39fc660eda7ac24b3863303dd4ed22b4ab55652702e8a,True,2026-02-17,0xf8a73b66d9d9efcc4dbbd6eeb360a43099baef2ee5477fc7e23808b695ac93bd
run_20260217_222909-0357,0xe93823b3e2b44e9549f99f5652a779cf9239f259a911c6465ee38bd468523187,0xe93823b3e2b44e9549f99f5652a779cf9239f259a911c6465ee38bd468523187,True,2026-02-17,0xf8a73b66d9d9efcc4dbbd6eeb360a43099baef2ee5477fc7e23808b695ac93bd
run_20260217_222909-0358,0x9d1654ab4f0856359a396c769c378b09e4fe572dab8c3ab1846a191f241b57a4,0x9d1654ab4f0856359a396c769c378b09e4fe572dab8c3ab1846a191f241b57a4,True,2026-02-17,0xf8a73b66d9d9efcc4dbbd6eeb360a43099baef2ee5477fc7e23808b695ac93bd
run_20260217_222909-0359,0x12542cd41e9e2edd1d7e97ebaf8e74f52a7e60b259b163cb8830adb051fa9f67,0x12542cd41e9e2edd1d7e97ebaf8e74f52a7e60b259b163cb8830adb051fa9f67,True,2026-02-17,0xf8a73b66d9d9efcc4dbbd6eeb360a43099baef2ee5477fc7e23808b695ac93bd
run_20260217_222909-0360,0x41c38bbadd9f32a32a13d16cf4bcc3e6f5e4f1b5b00a9906d48e3fc7a269b46c,0x41c38bbadd9f32a32a13d16cf4bcc3e6f5e4f1b5b00a9906d48e3fc7a269b46c,True,2026-02-17,0xf8a73b66d9d9efcc4dbbd6eeb360a43099baef2ee5477fc7e23808b695ac93bd
run_20260217_222909-0361,0xbf5861ca6695d49398b2e504b7a7b0df52374d4ca736c98767497350a0d66fd3,0xbf5861ca6695d49398b2e504b7a7b0df52374d4ca736c98767497350a0d66fd3,True,2026-02-17,0xf8a73b66d9d9efcc4dbbd6eeb360a43099baef2ee5477fc7e23808b695ac93bd
run_20260217_222909-0362,0x7dc840afa90e01438a418f0d7a98bd2fc29f62504dc4d1c96f6fd9a561d7268f,0x7dc840afa90e01438a418f0d7a98bd2fc29f62504dc4d1c96f6fd9a561d7268f,True,2026-02-17,0xf8a73b66d9d9efcc4dbbd6eeb360a43099baef2ee5477fc7e23808b695ac93bd
run_20260217_222909-0363,0x37b81096b6d7eaab3e48944e1677c2dbeb96219a6393e5dbc108db4a0cd01364,0x37b81096b6d7eaab3e48944e1677c2dbeb96219a6393e5dbc108db4a0cd01364,True,2026-02-17,0xf8a73b66d9d9efcc4dbbd6eeb360a43099baef2ee5477fc7e23808b695ac93bd
run_20260217_222909-0364,0xe14976ccb0f3ad6be372609b748e1b92db9fcc8b4a312f850860b1f8b29d0878,0xe14976ccb0f3ad6be372609b748e1b92db9fcc8b4a312f850860b1f8b29d0878,True,2026-02-17,0xf8a73b66d9d9efcc4dbbd6eeb360a43099baef2ee5477fc7e23808b695ac93bd
run_20260217_222909-0365,0x2f60b15cc73d05bbf2264e22b0965421caf9c7966e9e2f4ff1d859ed166c91c6,0x2f60b15cc73d05bbf2264e22b0965421caf9c7966e9e2f4ff1d859ed166c91c6,True,2026-02-17,0xf8a73b66d9d9efcc4dbbd6eeb360a43099baef2ee5477fc7e23808b695ac93bd
run_20260217_222909-0366,0xb8e2916bc54c5061d92cc9b3b08d8d19c878c98ea7a753e0d7baeaa39c2cec52,0xb8e2916bc54c5061d92cc9b3b08d8d19c878c98ea7a753e0d7baeaa39c2cec52,True,2026-02-17,0xf8a73b66d9d9efcc4dbbd6eeb360a43099baef2ee5477fc7e23808b695ac93bd
run_20260217_222909-0367,0xcac2b38d88bd148d4ccaa148312914aab47c8eecd80591db17907a09f03274cf,0xcac2b38d88bd148d4ccaa148312914aab47c8eecd80591db17907a09f03274cf,True,2026-02-17,0xf8a73b66d9d9efcc4dbbd6eeb360a43099baef2ee5477fc7e23808b695ac93bd
run_20260217_222909-0368,0x84b13f85bd2ee4ca8ee1076941390cedcfb6456473232911beba4d2feb86d305,0x84b13f85bd2ee4ca8ee1076941390cedcfb6456473232911beba4d2feb86d305,True,2026-02-17,0xf8a73b66d9d9efcc4dbbd6eeb360a43099baef2ee5477fc7e23808b695ac93bd
run_20260217_222909-0369,0xf20453548801c672a4443118b1b336e2424e7ac5f5eadc20bdbd039da36b902e,0xf20453548801c672a4443118b1b336e2424e7ac5f5eadc20bdbd039da36b902e,True,2026-02-17,0xf8a73b66d9d9efcc4dbbd6eeb360a43099baef2ee5477fc7e23808b695ac93bd
run_20260217_222909-0370,0x387a49b034d6fc525f5bc09f2ff61ae9a99ec16cf8f758ef36d58d648a263234,0x387a49b034d6fc525f5bc09f2ff61ae9a99ec16cf8f758ef36d58d648a263234,True,2026-02-17,0xf8a73b66d9d9efcc4dbbd6eeb360a43099baef2ee5477fc7e23808b695ac93bd
run_20260217_222909-0371,0x1c0b36d6031329fff220b4023bb6b510f36c67a47e8ee32286f40070da38dca7,0x1c0b36d6031329fff220b4023bb6b510f36c67a47e8ee32286f40070da38dca7,True,2026-02-17,0xf8a73b66d9d9efcc4dbbd6eeb360a43099baef2ee5477fc7e23808b695ac93bd
run_20260217_222909-0372,0xe7230655e60887acffce5a618fe4da1b1e8006f1b0b75bb6cd7f86915863c1f5,0xe7230655e60887acffce5a618fe4da1b1e8006f1b0b75bb6cd7f86915863c1f5,True,2026-02-17,0xf8a73b66d9d9efcc4dbbd6eeb360a43099baef2ee5477fc7e23808b695ac93bd
run_20260217_222909-0373,0x331d319bd5bc90d12c3c6714ef3c42d89a57b4774c31b3999c8f6b16abb5c2f6,0x331d319bd5bc90d12c3c6714ef3c42d89a57b4774c31b3999c8f6b16abb5c2f6,True,2026-02-17,0xf8a73b66d9d9efcc4dbbd6eeb360a43099baef2ee5477fc7e23808b695ac93bd
run_20260217_222909-0374,0xdf1b7df6a926396d9aac2f3bc855f94cb73c0c2a5e90693849709f0ee5dea2fb,0xdf1b7df6a926396d9aac2f3bc855f94cb73c0c2a5e90693849709f0ee5dea2fb,True,2026-02-17,0xf8a73b66d9d9efcc4dbbd6eeb360a43099baef2ee5477fc7e23808b695ac93bd
run_20260217_222909-0375,0x186dd8812e2b202a8bb7969d3e008281e8434ab934e79bedb601d59e0b770c75,0x186dd8812e2b202a8bb7969d3e008281e8434ab934e79bedb601d59e0b770c75,True,2026-02-17,0xf8a73b66d9d9efcc4dbbd6eeb360a43099baef2ee5477fc7e23808b695ac93bd
run_20260217_222909-0376,0xcaa60e3455be6a2655b0b57be3a33a28b32adaff99b9be9a3b5a81271934b6dd,0xcaa60e3455be6a2655b0b57be3a33a28b32adaff99b9be9a3b5a81271934b6dd,True,2026-02-17,0xf8a73b66d9d9efcc4dbbd6eeb360a43099baef2ee5477fc7e23808b695ac93bd
run_20260217_222909-0377,0x1190c6a30dbd68fb99146579da33bd7dd1f93e981de226e395a4c25860730866,0x1190c6a30dbd68fb99146579da33bd7dd1f93e981de226e395a4c25860730866,True,2026-02-17,0xf8a73b66d9d9efcc4dbbd6eeb360a43099baef2ee5477fc7e23808b695ac93bd
run_20260217_222909-0378,0xc1183bcdd4c244cf764b7e2c97febe35ee3d4ce482ab55f24cde6533511bacd4,0xc1183bcdd4c244cf764b7e2c97febe35ee3d4ce482ab55f24cde6533511bacd4,True,2026-02-17,0xf8a73b66d9d9efcc4dbbd6eeb360a43099baef2ee5477fc7e23808b695ac93bd
run_20260217_222909-0379,0x682e61aac98e83cd549e7476a5a60caaabdde6e4a35a560d07b1a7142291c1ab,0x682e61aac98e83cd549e7476a5a60caaabdde6e4a35a560d07b1a7142291c1ab,True,2026-02-17,0xf8a73b66d9d9efcc4dbbd6eeb360a43099baef2ee5477fc7e23808b695ac93bd
run_20260217_222909-0380,0x35f47486c13ccabbf50e10f99bae95b4d1fbb6b845f7c347002383c0cbcd55d2,0x35f47486c13ccabbf50e10f99bae95b4d1fbb6b845f7c347002383c0cbcd55d2,True,2026-02-17,0xf8a73b66d9d9efcc4dbbd6eeb360a43099baef2ee5477fc7e23808b695ac93bd
run_20260217_222909-0381,0x9d7a4f51f3d73c20a0746d6f1cd854c89dd273764e846bcbb725b20babfe82da,0x9d7a4f51f3d73c20a0746d6f1cd854c89dd273764e846bcbb725b20babfe82da,True,2026-02-17,0xf8a73b66d9d9efcc4dbbd6eeb360a43099baef2ee5477fc7e23808b695ac93bd
run_20260217_222909-0382,0x66ec23854faacf03d9baea10e75a01642e23434a757e8fb5fc55b408c8689a81,0x66ec23854faacf03d9baea10e75a01642e23434a757e8fb5fc55b408c8689a81,True,2026-02-17,0xf8a73b66d9d9efcc4dbbd6eeb360a43099baef2ee5477fc7e23808b695ac93bd
run_20260217_222909-0383,0x4198e198370c3226c218c1220ae79bbc731fb1a59b33a0feb442c2b300c94053,0x4198e198370c3226c218c1220ae79bbc731fb1a59b33a0feb442c2b300c94053,True,2026-02-17,0xf8a73b66d9d9efcc4dbbd6eeb360a43099baef2ee5477fc7e23808b695ac93bd
run_20260217_222909-0384,0xb19ae145ecffa34e1c09c406de20f865a9981fe22514e2d35abb745ce6421b50,0xb19ae145ecffa34e1c09c406de20f865a9981fe22514e2d35abb745ce6421b50,True,2026-02-17,0xf8a73b66d9d9efcc4dbbd6eeb360a43099baef2ee5477fc7e23808b695ac93bd
run_20260217_222909-0385,0x1ef2bb6f721d4d835ba661015b325bb5054dbd0e3fb52071f03e41c87fb0a64b,0x1ef2bb6f721d4d835ba661015b325bb5054dbd0e3fb52071f03e41c87fb0a64b,True,2026-02-17,0xf8a73b66d9d9efcc4dbbd6eeb360a43099baef2ee5477fc7e23808b695ac93bd
run_20260217_222909-0386,0xdd3a2e85f24bd9166bcc21c13620916720b08e860c5f58cf012d920e7e371f6b,0xdd3a2e85f24bd9166bcc21c13620916720b08e860c5f58cf012d920e7e371f6b,True,2026-02-17,0xf8a73b66d9d9efcc4dbbd6eeb360a43099baef2ee5477fc7e23808b695ac93bd
run_20260217_222909-0387,0xa0f8b57477f0856019844844a8a292b8dc2ef7bcc3bfe25c93b9e56cda4bb019,0xa0f8b57477f0856019844844a8a292b8dc2ef7bcc3bfe25c93b9e56cda4bb019,True,2026-02-17,0xf8a73b66d9d9efcc4dbbd6eeb360a43099baef2ee5477fc7e23808b695ac93bd
run_20260217_222909-0388,0x1a7608568da6ada06e89c36a40100abc3ab936b53aa52fa2ce76535e961b9bb2,0x1a7608568da6ada06e89c36a40100abc3ab936b53aa52fa2ce76535e961b9bb2,True,2026-02-17,0xf8a73b66d9d9efcc4dbbd6eeb360a43099baef2ee5477fc7e23808b695ac93bd
run_20260217_222909-0389,0xa2d6d3e9d8b97266ede1cf00a43d7ad329b393bdc96aa8af30a0f8d76d32c4d9,0xa2d6d3e9d8b97266ede1cf00a43d7ad329b393bdc96aa8af30a0f8d76d32c4d9,True,2026-02-17,0xf8a73b66d9d9efcc4dbbd6eeb360a43099baef2ee5477fc7e23808b695ac93bd
run_20260217_222909-0390,0xfab3c93a01bec8b7993c0349405d8014f1c0b1965331bf2974502468a6c9f55f,0xfab3c93a01bec8b7993c0349405d8014f1c0b1965331bf2974502468a6c9f55f,True,2026-02-17,0xf8a73b66d9d9efcc4dbbd6eeb360a43099baef2ee5477fc7e23808b695ac93bd
run_20260217_222909-0391,0x21d5686592617cde305d723b44a25d22927c5f2463c2958272d2f2ae892d855d,0x21d5686592617cde305d723b44a25d22927c5f2463c2958272d2f2ae892d855d,True,2026-02-17,0xf8a73b66d9d9efcc4dbbd6eeb360a43099baef2ee5477fc7e23808b695ac93bd
run_20260217_222909-0392,0x96b973eb0d03c1149b78d351dd4772693bde24c741f693837af0c8b1cabe6377,0x96b973eb0d03c1149b78d351dd4772693bde24c741f693837af0c8b1cabe6377,True,2026-02-17,0xf8a73b66d9d9efcc4dbbd6eeb360a43099baef2ee5477fc7e23808b695ac93bd
run_20260217_222909-0393,0xd7ed103d760c921181b971e3b546099eba6b3630f23ba5c8ca1bb3c766232fed,0xd7ed103d760c921181b971e3b546099eba6b3630f23ba5c8ca1bb3c766232fed,True,2026-02-17,0xf8a73b66d9d9efcc4dbbd6eeb360a43099baef2ee5477fc7e23808b695ac93bd
run_20260217_222909-0394,0x8cad1cac07725ec3410b10cadb92380e9de57dd8c2ede38e851fa910f8ca3f6f,0x8cad1cac07725ec3410b10cadb92380e9de57dd8c2ede38e851fa910f8ca3f6f,True,2026-02-17,0xf8a73b66d9d9efcc4dbbd6eeb360a43099baef2ee5477fc7e23808b695ac93bd
run_20260217_222909-0395,0xba9684fa19496fb5ac45c0acc7c52f41ba1e57d62371b32854dff745c989b3f8,0xba9684fa19496fb5ac45c0acc7c52f41ba1e57d62371b32854dff745c989b3f8,True,2026-02-17,0xf8a73b66d9d9efcc4dbbd6eeb360a43099baef2ee5477fc7e23808b695ac93bd
run_20260217_222909-0396,0xf0d176c3e52fb5a12157b29c52a37865e2239cff11e5cad2a954cab56e797e10,0xf0d176c3e52fb5a12157b29c52a37865e2239cff11e5cad2a954cab56e797e10,True,2026-02-17,0xf8a73b66d9d9efcc4dbbd6eeb360a43099baef2ee5477fc7e23808b695ac93bd
run_20260217_222909-0397,0x7e2c42fb492e121bd9c1b6a13b3b2fa9c8080de3b06d4b1419ceaf8e99ec2afc,0x7e2c42fb492e121bd9c1b6a13b3b2fa9c8080de3b06d4b1419ceaf8e99ec2afc,True,2026-02-17,0xf8a73b66d9d9efcc4dbbd6eeb360a43099baef2ee5477fc7e23808b695ac93bd
run_20260217_222909-0398,0x075940e5ad31033c1ac60394fce551f5c7d9216836e523d0506b3dc4c9434197,0x075940e5ad31033c1ac60394fce551f5c7d9216836e523d0506b3dc4c9434197,True,2026-02-17,0xf8a73b66d9d9efcc4dbbd6eeb360a43099baef2ee5477fc7e23808b695ac93bd
run_20260217_222909-0399,0x199b529b24e2fad4b7563d69efb031a9ba2b771e814fefc488129434641dde04,0x199b529b24e2fad4b7563d69efb031a9ba2b771e814fefc488129434641dde04,True,2026-02-17,0xf8a73b66d9d9efcc4dbbd6eeb360a43099baef2ee5477fc7e23808b695ac93bd
run_20260217_222909-0400,0x842f7a74ff4d108e03f905f85b169f06c81b38f04099902ef025f76b79aec69b,0x842f7a74ff4d108e03f905f85b169f06c81b38f04099902ef025f76b79aec69b,True,2026-02-17,0xf8a73b66d9d9efcc4dbbd6eeb360a43099baef2ee5477fc7e23808b695ac93bd
run_20260217_222909-0401,0xf0a5cc03ae6248a96ed223d53a3ad4b9c223d83554df7debee0257b6352cd3f8,0xf0a5cc03ae6248a96ed223d53a3ad4b9c223d83554df7debee0257b6352cd3f8,True,2026-02-17,0xf8a73b66d9d9efcc4dbbd6eeb360a43099baef2ee5477fc7e23808b695ac93bd
run_20260217_222909-0402,0x2d6287b69d262437937175537ce129b2569923be86c0a11e67e6fb55cc7f3323,0x2d6287b69d262437937175537ce129b2569923be86c0a11e67e6fb55cc7f3323,True,2026-02-17,0xf8a73b66d9d9efcc4dbbd6eeb360a43099baef2ee5477fc7e23808b695ac93bd
run_20260217_222909-0403,0x7b5e3c48a4bdcf44c450841e21b7eb6bad15f6bb93a253603f136389bf81350d,0x7b5e3c48a4bdcf44c450841e21b7eb6bad15f6bb93a253603f136389bf81350d,True,2026-02-17,0xf8a73b66d9d9efcc4dbbd6eeb360a43099baef2ee5477fc7e23808b695ac93bd
run_20260217_222909-0404,0x629782f2306705316dbc4b4583814c16ac270848bfde39c0376132ec7d47c702,0x629782f2306705316dbc4b4583814c16ac270848bfde39c0376132ec7d47c702,True,2026-02-17,0xf8a73b66d9d9efcc4dbbd6eeb360a43099baef2ee5477fc7e23808b695ac93bd
run_20260217_222909-0405,0x61a737984aabcd22996e91b936bb42a44ce4a60d36dd9cdbd71860edef847f46,0x61a737984aabcd22996e91b936bb42a44ce4a60d36dd9cdbd71860edef847f46,True,2026-02-17,0xf8a73b66d9d9efcc4dbbd6eeb360a43099baef2ee5477fc7e23808b695ac93bd
run_20260217_222909-0406,0x868373aebbd5ea3e0188ad600581a0a370d2bbe978b249d7cce70fa885609a62,0x868373aebbd5ea3e0188ad600581a0a370d2bbe978b249d7cce70fa885609a62,True,2026-02-17,0xf8a73b66d9d9efcc4dbbd6eeb360a43099baef2ee5477fc7e23808b695ac93bd
run_20260217_222909-0407,0x9542b5126cde939ab06e089deaa5fbf41950dace8d0d11f12e08470e8abcd08d,0x9542b5126cde939ab06e089deaa5fbf41950dace8d0d11f12e08470e8abcd08d,True,2026-02-17,0xf8a73b66d9d9efcc4dbbd6eeb360a43099baef2ee5477fc7e23808b695ac93bd
run_20260217_222909-0408,0x487c1574b947cd6ae1487fc6809c58e6d3c906de699f6bdb9ad19ccb5a879dab,0x487c1574b947cd6ae1487fc6809c58e6d3c906de699f6bdb9ad19ccb5a879dab,True,2026-02-17,0xf8a73b66d9d9efcc4dbbd6eeb360a43099baef2ee5477fc7e23808b695ac93bd
run_20260217_222909-0409,0x71bd513da8b0fdb835476bbdbc29328bdcc3aae712a0f59b8c4c134ba7e8e561,0x71bd513da8b0fdb835476bbdbc29328bdcc3aae712a0f59b8c4c134ba7e8e561,True,2026-02-17,0xf8a73b66d9d9efcc4dbbd6eeb360a43099baef2ee5477fc7e23808b695ac93bd
run_20260217_222909-0410,0x724ab4b0fe02988a5d34d24b3df7fc6f5ea389b3f424fb2596d8855ee5edbcd5,0x724ab4b0fe02988a5d34d24b3df7fc6f5ea389b3f424fb2596d8855ee5edbcd5,True,2026-02-17,0xf8a73b66d9d9efcc4dbbd6eeb360a43099baef2ee5477fc7e23808b695ac93bd
run_20260217_222909-0411,0xa05042f2ecf8bc095a87476952e5b84ce4f07a1c82975159d471a513bc044693,0xa05042f2ecf8bc095a87476952e5b84ce4f07a1c82975159d471a513bc044693,True,2026-02-17,0xf8a73b66d9d9efcc4dbbd6eeb360a43099baef2ee5477fc7e23808b695ac93bd
run_20260217_222909-0412,0x7819e3af29a8c024b32d76916d61288bea772efc36aa81c2b57fec05ccdca7dc,0x7819e3af29a8c024b32d76916d61288bea772efc36aa81c2b57fec05ccdca7dc,True,2026-02-17,0xf8a73b66d9d9efcc4dbbd6eeb360a43099baef2ee5477fc7e23808b695ac93bd
run_20260217_222909-0413,0xa82b7ab350d226ed0083292f11b0f1587b5b054d33b3c9f062b303991c46953c,0xa82b7ab350d226ed0083292f11b0f1587b5b054d33b3c9f062b303991c46953c,True,2026-02-17,0xf8a73b66d9d9efcc4dbbd6eeb360a43099baef2ee5477fc7e23808b695ac93bd
run_20260217_222909-0414,0x5d7a1d6b514060247f7e147e2cdc24bf0252e29191f16b41b2caa7661d619b27,0x5d7a1d6b514060247f7e147e2cdc24bf0252e29191f16b41b2caa7661d619b27,True,2026-02-17,0xf8a73b66d9d9efcc4dbbd6eeb360a43099baef2ee5477fc7e23808b695ac93bd
run_20260217_222909-0415,0x339a6c96931d370ca583704e663fedc4c6b7746ea5578c22d532a4fa2b224fa6,0x339a6c96931d370ca583704e663fedc4c6b7746ea5578c22d532a4fa2b224fa6,True,2026-02-17,0xf8a73b66d9d9efcc4dbbd6eeb360a43099baef2ee5477fc7e23808b695ac93bd
run_20260217_222909-0416,0x55cf8c00c7d05e9697062299a162c292af814476336dadc42bf514ec397a2be5,0x55cf8c00c7d05e9697062299a162c292af814476336dadc42bf514ec397a2be5,True,2026-02-17,0xf8a73b66d9d9efcc4dbbd6eeb360a43099baef2ee5477fc7e23808b695ac93bd
run_20260217_222909-0417,0x4ec2830d16e130a6bc407c65f204f75c6022c73f06804e7ebdc95bb4a275b278,0x4ec2830d16e130a6bc407c65f204f75c6022c73f06804e7ebdc95bb4a275b278,True,2026-02-17,0xf8a73b66d9d9efcc4dbbd6eeb360a43099baef2ee5477fc7e23808b695ac93bd
run_20260217_222909-0418,0x34d773230b120bd13cce6325222186f572e893de9b146797b36f737ea0940b05,0x34d773230b120bd13cce6325222186f572e893de9b146797b36f737ea0940b05,True,2026-02-17,0xf8a73b66d9d9efcc4dbbd6eeb360a43099baef2ee5477fc7e23808b695ac93bd
run_20260217_222909-0419,0xae3a6d20c1adb1c8ad90da975f75884fb4d2bde15ce04b8a5ae10657a8369f54,0xae3a6d20c1adb1c8ad90da975f75884fb4d2bde15ce04b8a5ae10657a8369f54,True,2026-02-17,0xf8a73b66d9d9efcc4dbbd6eeb360a43099baef2ee5477fc7e23808b695ac93bd
run_20260217_222909-0420,0xe4e935d5220ce910918de53830ce4df3e598608704a986723035be3e0ceb1912,0xe4e935d5220ce910918de53830ce4df3e598608704a986723035be3e0ceb1912,True,2026-02-17,0xf8a73b66d9d9efcc4dbbd6eeb360a43099baef2ee5477fc7e23808b695ac93bd
run_20260217_222909-0421,0x5de11fd588fc38983cecba4b2b60d739900e3b2433c04c7a758ff09db79c2ce7,0x5de11fd588fc38983cecba4b2b60d739900e3b2433c04c7a758ff09db79c2ce7,True,2026-02-17,0xf8a73b66d9d9efcc4dbbd6eeb360a43099baef2ee5477fc7e23808b695ac93bd
run_20260217_222909-0422,0x1118b4885a65343f0875e5ace50ccad7d652638452d36158b93b627919423ff7,0x1118b4885a65343f0875e5ace50ccad7d652638452d36158b93b627919423ff7,True,2026-02-17,0xf8a73b66d9d9efcc4dbbd6eeb360a43099baef2ee5477fc7e23808b695ac93bd
run_20260217_222909-0423,0xad36ebede60d4ed1e7452dee7e4a2788bcba2c4f9961d93e1e4554d1dfaecc63,0xad36ebede60d4ed1e7452dee7e4a2788bcba2c4f9961d93e1e4554d1dfaecc63,True,2026-02-17,0xf8a73b66d9d9efcc4dbbd6eeb360a43099baef2ee5477fc7e23808b695ac93bd
run_20260217_222909-0424,0x9c62a05c3d71fddf93c895f18b7bc804a3a34dcf7110b53a46bab30072719a10,0x9c62a05c3d71fddf93c895f18b7bc804a3a34dcf7110b53a46bab30072719a10,True,2026-02-17,0xf8a73b66d9d9efcc4dbbd6eeb360a43099baef2ee5477fc7e23808b695ac93bd
run_20260217_222909-0425,0x7087dd27d009a827adb26f6d160a098e2d4ee76726a12fd9f50060ee9ee7cf4f,0x7087dd27d009a827adb26f6d160a098e2d4ee76726a12fd9f50060ee9ee7cf4f,True,2026-02-17,0xf8a73b66d9d9efcc4dbbd6eeb360a43099baef2ee5477fc7e23808b695ac93bd
run_20260217_222909-0426,0x6cdee39735003005e38467ba1b8ac1a398481530b4bbd24e8f0ce2d8239618ec,0x6cdee39735003005e38467ba1b8ac1a398481530b4bbd24e8f0ce2d8239618ec,True,2026-02-17,0xf8a73b66d9d9efcc4dbbd6eeb360a43099baef2ee5477fc7e23808b695ac93bd
run_20260217_222909-0427,0x252c013ee084b32b1d525ddd7f3a1cbf74cb7443c38e0044ae25f4d47bde308b,0x252c013ee084b32b1d525ddd7f3a1cbf74cb7443c38e0044ae25f4d47bde308b,True,2026-02-17,0xf8a73b66d9d9efcc4dbbd6eeb360a43099baef2ee5477fc7e23808b695ac93bd
run_20260217_222909-0428,0x665876478ee685cf5545be9846755610c7dd2bc5e9d495147b0b6a06b79dcac2,0x665876478ee685cf5545be9846755610c7dd2bc5e9d495147b0b6a06b79dcac2,True,2026-02-17,0xf8a73b66d9d9efcc4dbbd6eeb360a43099baef2ee5477fc7e23808b695ac93bd
run_20260217_222909-0429,0x8253b53b941968d2577c03867ab60ee5b3fa1fb183d2bd206d5a3c7fbd0a7185,0x8253b53b941968d2577c03867ab60ee5b3fa1fb183d2bd206d5a3c7fbd0a7185,True,2026-02-17,0xf8a73b66d9d9efcc4dbbd6eeb360a43099baef2ee5477fc7e23808b695ac93bd
run_20260217_222909-0430,0xd5e15985006119a850e9e9897ab082c08dcd6ce57785ac544c69e3ef243054ae,0xd5e15985006119a850e9e9897ab082c08dcd6ce57785ac544c69e3ef243054ae,True,2026-02-17,0xf8a73b66d9d9efcc4dbbd6eeb360a43099baef2ee5477fc7e23808b695ac93bd
run_20260217_222909-0431,0x65f2424b232384454d111991df5eeb5f41bebf5f98820127a1154ecda138990e,0x65f2424b232384454d111991df5eeb5f41bebf5f98820127a1154ecda138990e,True,2026-02-17,0xf8a73b66d9d9efcc4dbbd6eeb360a43099baef2ee5477fc7e23808b695ac93bd
run_20260217_222909-0432,0xf58262cf981c6231f0ee19df83d6066290b0133a8ec3fb81086599dfaac9fa3a,0xf58262cf981c6231f0ee19df83d6066290b0133a8ec3fb81086599dfaac9fa3a,True,2026-02-17,0xf8a73b66d9d9efcc4dbbd6eeb360a43099baef2ee5477fc7e23808b695ac93bd
run_20260217_222909-0433,0xbd721b7f7bb0f30ce6aced73e18f13710bef0b49ee0c585f5b641d29c392a735,0xbd721b7f7bb0f30ce6aced73e18f13710bef0b49ee0c585f5b641d29c392a735,True,2026-02-17,0xf8a73b66d9d9efcc4dbbd6eeb360a43099baef2ee5477fc7e23808b695ac93bd
run_20260217_222909-0434,0x7588c28e7c6272e07d0bdec36b16c242c721d9ac98f820b758b2095c6b83943b,0x7588c28e7c6272e07d0bdec36b16c242c721d9ac98f820b758b2095c6b83943b,True,2026-02-17,0xf8a73b66d9d9efcc4dbbd6eeb360a43099baef2ee5477fc7e23808b695ac93bd
run_20260217_222909-0435,0x2fdab8b0bea4e0f9a967e78e7c3afc60d6aef3ed61b0cef39d97bcfd3149e1c2,0x2fdab8b0bea4e0f9a967e78e7c3afc60d6aef3ed61b0cef39d97bcfd3149e1c2,True,2026-02-17,0xf8a73b66d9d9efcc4dbbd6eeb360a43099baef2ee5477fc7e23808b695ac93bd
run_20260217_222909-0436,0x52c1a34685aacd24693b56253862dd2d526a9fdeed6a61d0f9e7c26e07e79437,0x52c1a34685aacd24693b56253862dd2d526a9fdeed6a61d0f9e7c26e07e79437,True,2026-02-17,0xf8a73b66d9d9efcc4dbbd6eeb360a43099baef2ee5477fc7e23808b695ac93bd
run_20260217_222909-0437,0x5416344b5fd9147ef7c4184aa168c5505640a6633c5e28adf0edececd2e1a5f5,0x5416344b5fd9147ef7c4184aa168c5505640a6633c5e28adf0edececd2e1a5f5,True,2026-02-17,0xf8a73b66d9d9efcc4dbbd6eeb360a43099baef2ee5477fc7e23808b695ac93bd
run_20260217_222909-0438,0x41183d7a5a15789de2054be325f5dd7ac81af0f2642a5547cf42d6d76f81546c,0x41183d7a5a15789de2054be325f5dd7ac81af0f2642a5547cf42d6d76f81546c,True,2026-02-17,0xf8a73b66d9d9efcc4dbbd6eeb360a43099baef2ee5477fc7e23808b695ac93bd
run_20260217_222909-0439,0x6eecf262d4dc013aae6bfe35036af6500d1716104f9efbf06ffcd312dbb97eb8,0x6eecf262d4dc013aae6bfe35036af6500d1716104f9efbf06ffcd312dbb97eb8,True,2026-02-17,0xf8a73b66d9d9efcc4dbbd6eeb360a43099baef2ee5477fc7e23808b695ac93bd
run_20260217_222909-0440,0xa20faebb4e9daf028447aaa18654a5c2f3326f7d69a0f14ae39dca24fb9fbc29,0xa20faebb4e9daf028447aaa18654a5c2f3326f7d69a0f14ae39dca24fb9fbc29,True,2026-02-17,0xf8a73b66d9d9efcc4dbbd6eeb360a43099baef2ee5477fc7e23808b695ac93bd
run_20260217_222909-0441,0x15c7e3cbf8b3a018d233a2373e18a40720f43291d34df584aa6fed6cad7c4761,0x15c7e3cbf8b3a018d233a2373e18a40720f43291d34df584aa6fed6cad7c4761,True,2026-02-17,0xf8a73b66d9d9efcc4dbbd6eeb360a43099baef2ee5477fc7e23808b695ac93bd
run_20260217_222909-0442,0x69063c4a5520d7ed08c06be194766f69b8bfb663cab9cce7bb8fb5dfa9aa266f,0x69063c4a5520d7ed08c06be194766f69b8bfb663cab9cce7bb8fb5dfa9aa266f,True,2026-02-17,0xf8a73b66d9d9efcc4dbbd6eeb360a43099baef2ee5477fc7e23808b695ac93bd
run_20260217_222909-0443,0x5591c9992d1e9576d8373b4b05d8f4810745966d091ea35578c2dcafef3c6740,0x5591c9992d1e9576d8373b4b05d8f4810745966d091ea35578c2dcafef3c6740,True,2026-02-17,0xf8a73b66d9d9efcc4dbbd6eeb360a43099baef2ee5477fc7e23808b695ac93bd
run_20260217_222909-0444,0x8a82a6c43079b594ffc36b097ae47bbca906cb49399cccfa85598dfa40213303,0x8a82a6c43079b594ffc36b097ae47bbca906cb49399cccfa85598dfa40213303,True,2026-02-17,0xf8a73b66d9d9efcc4dbbd6eeb360a43099baef2ee5477fc7e23808b695ac93bd
run_20260217_222909-0445,0x946ddd1078d96fb4fdb4370a23db7da19c0ae5af48bf0c3681737c6a602371cd,0x946ddd1078d96fb4fdb4370a23db7da19c0ae5af48bf0c3681737c6a602371cd,True,2026-02-17,0xf8a73b66d9d9efcc4dbbd6eeb360a43099baef2ee5477fc7e23808b695ac93bd
run_20260217_222909-0446,0x13fbf5d6f61b3b38f0c42730c41a9196adb567b89881ba2c461fe12c921f3fa5,0x13fbf5d6f61b3b38f0c42730c41a9196adb567b89881ba2c461fe12c921f3fa5,True,2026-02-17,0xf8a73b66d9d9efcc4dbbd6eeb360a43099baef2ee5477fc7e23808b695ac93bd
run_20260217_222909-0447,0x51e0b0ffb217827f796bf32b29d467ebf908e8c12364fcedc9310a057176a351,0x51e0b0ffb217827f796bf32b29d467ebf908e8c12364fcedc9310a057176a351,True,2026-02-17,0xf8a73b66d9d9efcc4dbbd6eeb360a43099baef2ee5477fc7e23808b695ac93bd
run_20260217_222909-0448,0xd7ce318279dee8be364b9602d9903cff41a85ceab3d0d529a4282da425990c50,0xd7ce318279dee8be364b9602d9903cff41a85ceab3d0d529a4282da425990c50,True,2026-02-17,0xf8a73b66d9d9efcc4dbbd6eeb360a43099baef2ee5477fc7e23808b695ac93bd
run_20260217_222909-0449,0x4c9630cb90c47aa719554c3042ec511457ddac8c709708c48bfe03493e5287f4,0x4c9630cb90c47aa719554c3042ec511457ddac8c709708c48bfe03493e5287f4,True,2026-02-17,0xf8a73b66d9d9efcc4dbbd6eeb360a43099baef2ee5477fc7e23808b695ac93bd
run_20260217_222909-0450,0x2a454eaa301625911f83cdc749d7900374f05237c1c059ee22e844984dabc1af,0x2a454eaa301625911f83cdc749d7900374f05237c1c059ee22e844984dabc1af,True,2026-02-17,0xf8a73b66d9d9efcc4dbbd6eeb360a43099baef2ee5477fc7e23808b695ac93bd
run_20260217_222909-0451,0x9a3fe6f26974c0c0412d55abddbc6fb77cc8919a8446756dea48c8ea60f49c4a,0x9a3fe6f26974c0c0412d55abddbc6fb77cc8919a8446756dea48c8ea60f49c4a,True,2026-02-17,0xf8a73b66d9d9efcc4dbbd6eeb360a43099baef2ee5477fc7e23808b695ac93bd
run_20260217_222909-0452,0x115aecb394f398d20a24a49cad65c3a64827fd5feff1aa58dbcfc12e7fa609a9,0x115aecb394f398d20a24a49cad65c3a64827fd5feff1aa58dbcfc12e7fa609a9,True,2026-02-17,0xf8a73b66d9d9efcc4dbbd6eeb360a43099baef2ee5477fc7e23808b695ac93bd
run_20260217_222909-0453,0xc35f3b398040414532800cb11981a08fd3d1b0c06cada84cecd183930120d1b8,0xc35f3b398040414532800cb11981a08fd3d1b0c06cada84cecd183930120d1b8,True,2026-02-17,0xf8a73b66d9d9efcc4dbbd6eeb360a43099baef2ee5477fc7e23808b695ac93bd
run_20260217_222909-0454,0x769f8ff67baf43594f36a85a3d6552f99bdf092c106e6d6397bbfcf7633f26d9,0x769f8ff67baf43594f36a85a3d6552f99bdf092c106e6d6397bbfcf7633f26d9,True,2026-02-17,0xf8a73b66d9d9efcc4dbbd6eeb360a43099baef2ee5477fc7e23808b695ac93bd
run_20260217_222909-0455,0x75e2b5cec1d008d644b5a749e88d5ce577cd0584c440d44816a3d48fbc5c2c4f,0x75e2b5cec1d008d644b5a749e88d5ce577cd0584c440d44816a3d48fbc5c2c4f,True,2026-02-17,0xf8a73b66d9d9efcc4dbbd6eeb360a43099baef2ee5477fc7e23808b695ac93bd
run_20260217_222909-0456,0x97225b0d91aabc32e0cc119f8b34312d46822946bbc12bd8ab5764fde9140071,0x97225b0d91aabc32e0cc119f8b34312d46822946bbc12bd8ab5764fde9140071,True,2026-02-17,0xf8a73b66d9d9efcc4dbbd6eeb360a43099baef2ee5477fc7e23808b695ac93bd
run_20260217_222909-0457,0x2bcfabb6e686c90ac92fe189e158171e3d052ff47542b7ea9431ef3ac23d419c,0x2bcfabb6e686c90ac92fe189e158171e3d052ff47542b7ea9431ef3ac23d419c,True,2026-02-17,0xf8a73b66d9d9efcc4dbbd6eeb360a43099baef2ee5477fc7e23808b695ac93bd
run_20260217_222909-0458,0x72d3485b0a57b42d313e30b86e8820cedb6eb70de222720cca648310aeed1cae,0x72d3485b0a57b42d313e30b86e8820cedb6eb70de222720cca648310aeed1cae,True,2026-02-17,0xf8a73b66d9d9efcc4dbbd6eeb360a43099baef2ee5477fc7e23808b695ac93bd
run_20260217_222909-0459,0x3a4d08d5ccffaa59cc8d7d840e1c6a14bfbf1724a9448eb4ad12d3ca77711a4c,0x3a4d08d5ccffaa59cc8d7d840e1c6a14bfbf1724a9448eb4ad12d3ca77711a4c,True,2026-02-17,0xf8a73b66d9d9efcc4dbbd6eeb360a43099baef2ee5477fc7e23808b695ac93bd
run_20260217_222909-0460,0x0571719e8d1aaf1facdc77c51dce9fc1be8ae80ba711ee04d1dbd4828a4624aa,0x0571719e8d1aaf1facdc77c51dce9fc1be8ae80ba711ee04d1dbd4828a4624aa,True,2026-02-17,0xf8a73b66d9d9efcc4dbbd6eeb360a43099baef2ee5477fc7e23808b695ac93bd
run_20260217_222909-0461,0x62ca9f6a198f338196d689e0e2027b98843f98fb3080b319d4626f2cbf389088,0x62ca9f6a198f338196d689e0e2027b98843f98fb3080b319d4626f2cbf389088,True,2026-02-17,0xf8a73b66d9d9efcc4dbbd6eeb360a43099baef2ee5477fc7e23808b695ac93bd
run_20260217_222909-0462,0x71a5fc4115e06d7df0a75ed64fa44c28e35ec113ada1e634bf85ceab61aaae2d,0x71a5fc4115e06d7df0a75ed64fa44c28e35ec113ada1e634bf85ceab61aaae2d,True,2026-02-17,0xf8a73b66d9d9efcc4dbbd6eeb360a43099baef2ee5477fc7e23808b695ac93bd
run_20260217_222909-0463,0xfe3d6c5ada80301f4cf10a926308c5a548aa0fa4fefd4107a419241d918a4e0d,0xfe3d6c5ada80301f4cf10a926308c5a548aa0fa4fefd4107a419241d918a4e0d,True,2026-02-17,0xf8a73b66d9d9efcc4dbbd6eeb360a43099baef2ee5477fc7e23808b695ac93bd
run_20260217_222909-0464,0x3069974d362cbfc7f2e3ad152a39a36bf1c1b5eb9b40ab70f60690d7ebb5cc72,0x3069974d362cbfc7f2e3ad152a39a36bf1c1b5eb9b40ab70f60690d7ebb5cc72,True,2026-02-17,0xf8a73b66d9d9efcc4dbbd6eeb360a43099baef2ee5477fc7e23808b695ac93bd
run_20260217_222909-0465,0x7cfb4288f032974ce38e210619f0a0a80841b13785a3d8daa0f58342ee7def4e,0x7cfb4288f032974ce38e210619f0a0a80841b13785a3d8daa0f58342ee7def4e,True,2026-02-17,0xf8a73b66d9d9efcc4dbbd6eeb360a43099baef2ee5477fc7e23808b695ac93bd
run_20260217_222909-0466,0xd6c62324e2fdb68b7e6c0c89031c9f8d12cd7adb8af895fd4ff5571917a76be6,0xd6c62324e2fdb68b7e6c0c89031c9f8d12cd7adb8af895fd4ff5571917a76be6,True,2026-02-17,0xf8a73b66d9d9efcc4dbbd6eeb360a43099baef2ee5477fc7e23808b695ac93bd
run_20260217_222909-0467,0xddf8fc07aab67b57baa6202ddc272e43db73e86aa84b6c8ba72740f601bcc5a7,0xddf8fc07aab67b57baa6202ddc272e43db73e86aa84b6c8ba72740f601bcc5a7,True,2026-02-17,0xf8a73b66d9d9efcc4dbbd6eeb360a43099baef2ee5477fc7e23808b695ac93bd
run_20260217_222909-0468,0xb84f229ab4d987f2775f4cb28658f2dd0ae363344b2d089c3d1d4c6063f1a523,0xb84f229ab4d987f2775f4cb28658f2dd0ae363344b2d089c3d1d4c6063f1a523,True,2026-02-17,0xf8a73b66d9d9efcc4dbbd6eeb360a43099baef2ee5477fc7e23808b695ac93bd
run_20260217_222909-0469,0xfafbd7a52f51bc7f8de9fd9d83cf3ad59221a9eeced03f80b4dd69f29ac280fd,0xfafbd7a52f51bc7f8de9fd9d83cf3ad59221a9eeced03f80b4dd69f29ac280fd,True,2026-02-17,0xf8a73b66d9d9efcc4dbbd6eeb360a43099baef2ee5477fc7e23808b695ac93bd
run_20260217_222909-0470,0x0516ab9cbacd01e0fe7e93f9d656dbd99a844cc1c08feb8ba0a01eff43fbdb35,0x0516ab9cbacd01e0fe7e93f9d656dbd99a844cc1c08feb8ba0a01eff43fbdb35,True,2026-02-17,0xf8a73b66d9d9efcc4dbbd6eeb360a43099baef2ee5477fc7e23808b695ac93bd
run_20260217_222909-0471,0xd4028dd4230b4eeb6fe0c041bd97e94261e8c6f254136fad19a63ad0bf0f76e6,0xd4028dd4230b4eeb6fe0c041bd97e94261e8c6f254136fad19a63ad0bf0f76e6,True,2026-02-17,0xf8a73b66d9d9efcc4dbbd6eeb360a43099baef2ee5477fc7e23808b695ac93bd
run_20260217_222909-0472,0xaec6ab87e29819b721ba4ab8e479254caed21a20777eb9f91be78843770d356a,0xaec6ab87e29819b721ba4ab8e479254caed21a20777eb9f91be78843770d356a,True,2026-02-17,0xf8a73b66d9d9efcc4dbbd6eeb360a43099baef2ee5477fc7e23808b695ac93bd
run_20260217_222909-0473,0xeca134cc5a37ed1a7992a248a2056692c0d30aba174cd86cbcdcb46808b4d0e6,0xeca134cc5a37ed1a7992a248a2056692c0d30aba174cd86cbcdcb46808b4d0e6,True,2026-02-17,0xf8a73b66d9d9efcc4dbbd6eeb360a43099baef2ee5477fc7e23808b695ac93bd
run_20260217_222909-0474,0x55da1aef19352493c6dbc9630d37d567282771e6518e40d74db686ebc7a71b67,0x55da1aef19352493c6dbc9630d37d567282771e6518e40d74db686ebc7a71b67,True,2026-02-17,0xf8a73b66d9d9efcc4dbbd6eeb360a43099baef2ee5477fc7e23808b695ac93bd
run_20260217_222909-0475,0xf1346b32d5f697c4750bae4901f1404548f79d89f161d2bcfbda11078eeaf707,0xf1346b32d5f697c4750bae4901f1404548f79d89f161d2bcfbda11078eeaf707,True,2026-02-17,0xf8a73b66d9d9efcc4dbbd6eeb360a43099baef2ee5477fc7e23808b695ac93bd
run_20260217_222909-0476,0x5310c823039dedda4cc164cccecee27c404ead2d4749396e76b11cb3cc92a9e9,0x5310c823039dedda4cc164cccecee27c404ead2d4749396e76b11cb3cc92a9e9,True,2026-02-17,0xf8a73b66d9d9efcc4dbbd6eeb360a43099baef2ee5477fc7e23808b695ac93bd
run_20260217_222909-0477,0x848a1ded28f9f0c639f0366acf707e0678e4120af825fc7a7af82e64042d79b8,0x848a1ded28f9f0c639f0366acf707e0678e4120af825fc7a7af82e64042d79b8,True,2026-02-17,0xf8a73b66d9d9efcc4dbbd6eeb360a43099baef2ee5477fc7e23808b695ac93bd
run_20260217_222909-0478,0x2a377fc11ddb22d6adbdacecbb4660904d1b979a79bfb07a8b1f2f7ff84a0eb0,0x2a377fc11ddb22d6adbdacecbb4660904d1b979a79bfb07a8b1f2f7ff84a0eb0,True,2026-02-17,0xf8a73b66d9d9efcc4dbbd6eeb360a43099baef2ee5477fc7e23808b695ac93bd
run_20260217_222909-0479,0x3480c8365a610a44dac9732c34b7c2b0f80158ebed885861480e553d55907594,0x3480c8365a610a44dac9732c34b7c2b0f80158ebed885861480e553d55907594,True,2026-02-17,0xf8a73b66d9d9efcc4dbbd6eeb360a43099baef2ee5477fc7e23808b695ac93bd
run_20260217_222909-0480,0xc182eea4c2b6d5fd9011bdf8e1213a7dc849f6eb53405dc21b88077bea17401d,0xc182eea4c2b6d5fd9011bdf8e1213a7dc849f6eb53405dc21b88077bea17401d,True,2026-02-17,0xf8a73b66d9d9efcc4dbbd6eeb360a43099baef2ee5477fc7e23808b695ac93bd
run_20260217_222909-0481,0xf1c81c5c01bae903907370e742a6f5f331d209da93c9c54ff4048252ca8c0763,0xf1c81c5c01bae903907370e742a6f5f331d209da93c9c54ff4048252ca8c0763,True,2026-02-17,0xf8a73b66d9d9efcc4dbbd6eeb360a43099baef2ee5477fc7e23808b695ac93bd
run_20260217_222909-0482,0x0598d398cfc9db1901794877419dc5cff5fd3a232101af8e3ba3b801ef6e9858,0x0598d398cfc9db1901794877419dc5cff5fd3a232101af8e3ba3b801ef6e9858,True,2026-02-17,0xf8a73b66d9d9efcc4dbbd6eeb360a43099baef2ee5477fc7e23808b695ac93bd
run_20260217_222909-0483,0xb7df1fb6888dbc7f35a9bb84c3058500d137c07776a4a586db80b6b9324d7e73,0xb7df1fb6888dbc7f35a9bb84c3058500d137c07776a4a586db80b6b9324d7e73,True,2026-02-17,0xf8a73b66d9d9efcc4dbbd6eeb360a43099baef2ee5477fc7e23808b695ac93bd
run_20260217_222909-0484,0x6430b13ef141e21bf973ce0b304de62ca540d50c22c8d48932fe304415fafd6e,0x6430b13ef141e21bf973ce0b304de62ca540d50c22c8d48932fe304415fafd6e,True,2026-02-17,0xf8a73b66d9d9efcc4dbbd6eeb360a43099baef2ee5477fc7e23808b695ac93bd
run_20260217_222909-0485,0x9ae6414ed8ad537e2e8a6cb9fb24341e7bd150251075873b706371dacd63586c,0x9ae6414ed8ad537e2e8a6cb9fb24341e7bd150251075873b706371dacd63586c,True,2026-02-17,0xf8a73b66d9d9efcc4dbbd6eeb360a43099baef2ee5477fc7e23808b695ac93bd
run_20260217_222909-0486,0x6a0a56014daf923fe6fa8313ffe68be481fe607be5d41d0dea093b861f767f8b,0x6a0a56014daf923fe6fa8313ffe68be481fe607be5d41d0dea093b861f767f8b,True,2026-02-17,0xf8a73b66d9d9efcc4dbbd6eeb360a43099baef2ee5477fc7e23808b695ac93bd
run_20260217_222909-0487,0x8b789652995bfaac0d3800f6033d8dfa510ae5d148d9eaa58c9c2442b80cc89c,0x8b789652995bfaac0d3800f6033d8dfa510ae5d148d9eaa58c9c2442b80cc89c,True,2026-02-17,0xf8a73b66d9d9efcc4dbbd6eeb360a43099baef2ee5477fc7e23808b695ac93bd
run_20260217_222909-0488,0x5657c337310187e2c73f65b83e92016bdc4cb5cdd9c21a7c6a6050788ae43dfe,0x5657c337310187e2c73f65b83e92016bdc4cb5cdd9c21a7c6a6050788ae43dfe,True,2026-02-17,0xf8a73b66d9d9efcc4dbbd6eeb360a43099baef2ee5477fc7e23808b695ac93bd
run_20260217_222909-0489,0xefe4c7d3448998f1845294ad44b25505036d3de73e11d52ff88d08ac46c3bb46,0xefe4c7d3448998f1845294ad44b25505036d3de73e11d52ff88d08ac46c3bb46,True,2026-02-17,0xf8a73b66d9d9efcc4dbbd6eeb360a43099baef2ee5477fc7e23808b695ac93bd
run_20260217_222909-0490,0x9b60ff555468ee3214476f9f5f20f172a499c8e162127be62afdd4b4d2c445e5,0x9b60ff555468ee3214476f9f5f20f172a499c8e162127be62afdd4b4d2c445e5,True,2026-02-17,0xf8a73b66d9d9efcc4dbbd6eeb360a43099baef2ee5477fc7e23808b695ac93bd
run_20260217_222909-0491,0xddfbbf9018f9dd4039925278fbb735eaa73d4bb83a2be15ec068a46e56961b13,0xddfbbf9018f9dd4039925278fbb735eaa73d4bb83a2be15ec068a46e56961b13,True,2026-02-17,0xf8a73b66d9d9efcc4dbbd6eeb360a43099baef2ee5477fc7e23808b695ac93bd
run_20260217_222909-0492,0x589e39fc91a9d5d1b8b7d2643d88ec12cccb729057231801f6c70e82e9460310,0x589e39fc91a9d5d1b8b7d2643d88ec12cccb729057231801f6c70e82e9460310,True,2026-02-17,0xf8a73b66d9d9efcc4dbbd6eeb360a43099baef2ee5477fc7e23808b695ac93bd
run_20260217_222909-0493,0x3dd3647292536ce895f404bbec981f60f6fe3b4c5b92a33c7fc015cbf9072b55,0x3dd3647292536ce895f404bbec981f60f6fe3b4c5b92a33c7fc015cbf9072b55,True,2026-02-17,0xf8a73b66d9d9efcc4dbbd6eeb360a43099baef2ee5477fc7e23808b695ac93bd
run_20260217_222909-0494,0x0c16b1ad103792d0b579602944c574c2c54f956e274405ff50d919e18d4cd132,0x0c16b1ad103792d0b579602944c574c2c54f956e274405ff50d919e18d4cd132,True,2026-02-17,0xf8a73b66d9d9efcc4dbbd6eeb360a43099baef2ee5477fc7e23808b695ac93bd
run_20260217_222909-0495,0x7c0de0ca68aa805909aa66ba383c99d2771ef5cfb1b2f05e1dff0804b045d6e3,0x7c0de0ca68aa805909aa66ba383c99d2771ef5cfb1b2f05e1dff0804b045d6e3,True,2026-02-17,0xf8a73b66d9d9efcc4dbbd6eeb360a43099baef2ee5477fc7e23808b695ac93bd
run_20260217_222909-0496,0x87e34c5f9d2a44c1441c8807a4d31550fb99b5b502eb59b5d3615237082bc909,0x87e34c5f9d2a44c1441c8807a4d31550fb99b5b502eb59b5d3615237082bc909,True,2026-02-17,0xf8a73b66d9d9efcc4dbbd6eeb360a43099baef2ee5477fc7e23808b695ac93bd
run_20260217_222909-0497,0x111354a5b94af9f9c462b5a23e928448cfd70723cf535793138c7d0389ba0e88,0x111354a5b94af9f9c462b5a23e928448cfd70723cf535793138c7d0389ba0e88,True,2026-02-17,0xf8a73b66d9d9efcc4dbbd6eeb360a43099baef2ee5477fc7e23808b695ac93bd
run_20260217_222909-0498,0xb6767b9540533399002a328f3fc9dd73f6bce43c8e8008108413fe669340aed7,0xb6767b9540533399002a328f3fc9dd73f6bce43c8e8008108413fe669340aed7,True,2026-02-17,0xf8a73b66d9d9efcc4dbbd6eeb360a43099baef2ee5477fc7e23808b695ac93bd
run_20260217_222909-0499,0xd7c849e339169842535227b50924d17c7281c04749884c1652f77fe192cb671b,0xd7c849e339169842535227b50924d17c7281c04749884c1652f77fe192cb671b,True,2026-02-17,0xf8a73b66d9d9efcc4dbbd6eeb360a43099baef2ee5477fc7e23808b695ac93bd
run_20260217_222909-0500,0x1f84ffd0b2165cf74c2db88ddeb85f24d59c1537cc2d29147e69462e2083e46d,0x1f84ffd0b2165cf74c2db88ddeb85f24d59c1537cc2d29147e69462e2083e46d,True,2026-02-17,0xf8a73b66d9d9efcc4dbbd6eeb360a43099baef2ee5477fc7e23808b695ac93bd
