session_id,user_id,receipt_hash,merkle_root,energy_kwh,import_kwh,export_kwh,net_kwh,start_ts,end_ts,batch_day,batch_root
research_20260521_1000-0001,user-002,0x560e11b3a43121085ff7085f07432560da6b2ac4f15ff351a8113097c945d281,0x9a11397e0bc4c66c85ec51bac339fead65a34d0b9270688a166bff7a9a462e50,3.404,4.028,0.624,3.404,2026-05-21T23:22:59.070749Z,2026-05-22T00:02:59.070749Z,2026-05-21,0x57bdda51774313bdb9c63336ebb6a51de4fddf593c7e828f3096e74b732f5b2f
research_20260521_1000-0002,user-004,0x477ea2d9856b821f0a193e95efc8cdb41bfb5e420115a205bbb9348f7816ae47,0x3aa1c593a6ec26aba4e4c66ace0ebfc4a084cab241b68f307a6da1e1aae7fc06,4.893,4.893,0.0,4.893,2026-05-21T13:12:08.338401Z,2026-05-21T13:52:08.338401Z,2026-05-21,0x57bdda51774313bdb9c63336ebb6a51de4fddf593c7e828f3096e74b732f5b2f
research_20260521_1000-0003,user-008,0x1ea9441573be9488b00b92bcf7e77f1d296c24d7f47f6cbd8c6c7bb388ae2038,0xac17f828a4db5214aff1b6246c6663bc7bd40840d518976c53dcf1edcdcf1a06,7.318,7.318,0.0,7.318,2026-05-21T11:06:49.892898Z,2026-05-21T12:06:49.892898Z,2026-05-21,0x57bdda51774313bdb9c63336ebb6a51de4fddf593c7e828f3096e74b732f5b2f
research_20260521_1000-0004,user-006,0x78aad0c01acc70300081573179b89de0dc905815c2c13a09382ee3957ae7d97f,0x06ab5ed4f3f811744c6fda00d5da36f112453f1cf5cf7e6e6e97247024a3ce79,15.207,15.207,0.0,15.207,2026-05-21T18:57:18.592541Z,2026-05-21T19:37:18.592541Z,2026-05-21,0x57bdda51774313bdb9c63336ebb6a51de4fddf593c7e828f3096e74b732f5b2f
research_20260521_1000-0005,user-001,0xe4fda9dc14935ead98d2a3bed252ddb90ed0787187c1e9c8df2c00d34873e86c,0x99877797a1a17dd52cb75d9b8e7438990fcaf276fdf1a130ad34ed468ba1bfe7,-3.741,0.0,3.741,-3.741,2026-05-21T18:29:10.246582Z,2026-05-21T18:49:10.246582Z,2026-05-21,0x57bdda51774313bdb9c63336ebb6a51de4fddf593c7e828f3096e74b732f5b2f
research_20260521_1000-0006,user-008,0x4d32fb25882a397fc060796283fd210a9f8a55ff11404f282e5753707815718b,0x4323d05efb4efdca5b1f4e126f9ca839dd010b23e3b3524fa85dcde3f9d96473,3.466,3.466,0.0,3.466,2026-05-21T20:33:15.894586Z,2026-05-21T21:03:15.894586Z,2026-05-21,0x57bdda51774313bdb9c63336ebb6a51de4fddf593c7e828f3096e74b732f5b2f
research_20260521_1000-0007,user-001,0xfea7952d21fee8883dd06d348e29af3fe3497f7933d0163195a9731ff4f53ae1,0x207de957cc5c9ceb9c5a91b1af1090c05a22280ccd2fb501e8e9c642831b6036,0.471,5.582,5.111,0.471,2026-05-21T03:19:00.708605Z,2026-05-21T03:49:00.708605Z,2026-05-21,0x57bdda51774313bdb9c63336ebb6a51de4fddf593c7e828f3096e74b732f5b2f
research_20260521_1000-0008,user-009,0xf50e0fa695e1cf2b679ec5d02ceff1abe0f99a118a5567b907a9a83426a83712,0x407193c539d819902d2d8613d8f6df868b118d2f038d04ce491a5582d754c0f9,2.666,3.714,1.048,2.666,2026-05-21T05:57:44.158115Z,2026-05-21T06:37:44.158115Z,2026-05-21,0x57bdda51774313bdb9c63336ebb6a51de4fddf593c7e828f3096e74b732f5b2f
research_20260521_1000-0009,user-006,0x35dab6de5405abaad88eae44a3679d50f66d200ac21c817d293382e68c2c0936,0xf8c32b7b8623ee0c3729557e9d45778b460ff7ed7bf898d21aeaac72100b5c85,27.805,27.805,0.0,27.805,2026-05-21T05:40:59.066874Z,2026-05-21T06:55:59.066874Z,2026-05-21,0x57bdda51774313bdb9c63336ebb6a51de4fddf593c7e828f3096e74b732f5b2f
research_20260521_1000-0010,user-010,0xde74464baacff8269a616ac235d6bd320124331f8727e9ca67d47f718fde6dce,0xc69439a1f0c1e5901308fd4a4d21a8d80a807e33ac4cb6c59f8e81890c7f355d,10.482,10.482,0.0,10.482,2026-05-21T13:49:40.881967Z,2026-05-21T14:19:40.881967Z,2026-05-21,0x57bdda51774313bdb9c63336ebb6a51de4fddf593c7e828f3096e74b732f5b2f
research_20260521_1000-0011,user-006,0x85117b9c3cc9e28d601ff7b66fb4984c4a58f8b9f504f2469c5bd8b0647ba5cf,0x1d2b1e26c02df043ecb87a40099d0b02f767f0f08c6813af3dbaf14834b17299,8.959,8.959,0.0,8.959,2026-05-21T23:28:42.639935Z,2026-05-22T00:43:42.639935Z,2026-05-21,0x57bdda51774313bdb9c63336ebb6a51de4fddf593c7e828f3096e74b732f5b2f
research_20260521_1000-0012,user-002,0x0ba3131b66adfbabd0e52598bcc19a395ebb791c2633b54738ff9c2d6815bc71,0xe85f739bad7d998978155c3092124de6f94729e507578aeb59744d41811138ba,-7.311,0.0,7.311,-7.311,2026-05-21T08:10:03.890442Z,2026-05-21T08:50:03.890442Z,2026-05-21,0x57bdda51774313bdb9c63336ebb6a51de4fddf593c7e828f3096e74b732f5b2f
research_20260521_1000-0013,user-007,0x8723c6d8d6f05a5b0a905b23a3653e90cda76297291a5e8fea2a62330367cd0f,0x477aa5bd5093b58a02dca76b22201498df81f0fbf11dc673ac149b893eeb8bf8,7.205,7.205,0.0,7.205,2026-05-21T19:34:46.633708Z,2026-05-21T20:34:46.633708Z,2026-05-21,0x57bdda51774313bdb9c63336ebb6a51de4fddf593c7e828f3096e74b732f5b2f
research_20260521_1000-0014,user-001,0xf80a1200d4ed000aae2620bb0460ea0b9c72fbb2208fc58e4d339179b4e2f866,0x055fa2419ec67c6156f9358b8a5aa36bb375a71258de220c805275ad34004d7c,-0.141,3.852,3.993,-0.141,2026-05-21T00:20:09.315897Z,2026-05-21T01:00:09.315897Z,2026-05-21,0x57bdda51774313bdb9c63336ebb6a51de4fddf593c7e828f3096e74b732f5b2f
research_20260521_1000-0015,user-002,0xbf5592ae64442ac399cb590f2d25667ad95daee54a711cab21f96e9baa607c85,0x22d48e5df4720bd1ceb34f329da19f187734597551a2f31de0e5e64274d3d57b,3.936,6.033,2.097,3.936,2026-05-21T03:33:04.004082Z,2026-05-21T03:53:04.004082Z,2026-05-21,0x57bdda51774313bdb9c63336ebb6a51de4fddf593c7e828f3096e74b732f5b2f
research_20260521_1000-0016,user-010,0xbf322474cbd319fbe36a6e9b5fcaa8626e3c3df5355d5be9f02acce379fe8658,0x011c4c05ba29185225f141f87f0ad9068cb4831959bfd3d5748b0b758b17382d,4.855,4.855,0.0,4.855,2026-05-21T11:26:11.573378Z,2026-05-21T12:06:11.573378Z,2026-05-21,0x57bdda51774313bdb9c63336ebb6a51de4fddf593c7e828f3096e74b732f5b2f
research_20260521_1000-0017,user-002,0xd5555b6c887d9b4482cd1eee7cf81be6fd0958ac5eb07777d8209b7e3f19ce7c,0xcc80aee8e419c6f963baf00fcbfcc12af857e59b8e6efb9ad6f12b47fc1bff4d,2.972,8.628,5.656,2.972,2026-05-21T11:04:48.387486Z,2026-05-21T12:19:48.387486Z,2026-05-21,0x57bdda51774313bdb9c63336ebb6a51de4fddf593c7e828f3096e74b732f5b2f
research_20260521_1000-0018,user-004,0xd512cd4f1bc0dd8b6a2e155aeac676f644a32935fa1269f9f318ac7b46678664,0x0a671e87874b880734009f3775c0a0e33ea8f8168cb81049c29fc3eefa3b109e,11.507,11.507,0.0,11.507,2026-05-21T06:45:38.307031Z,2026-05-21T07:15:38.307031Z,2026-05-21,0x57bdda51774313bdb9c63336ebb6a51de4fddf593c7e828f3096e74b732f5b2f
research_20260521_1000-0019,user-003,0x001780a7411070c1d08ed37a6daa37adea9d5519cd2b9b29b7f2910407f00d5f,0xd2082bdf8b009694f587508a79bced4510ea33c6eaa2d73384892fc9b33a1878,4.68,4.68,0.0,4.68,2026-05-21T08:41:33.404201Z,2026-05-21T09:21:33.404201Z,2026-05-21,0x57bdda51774313bdb9c63336ebb6a51de4fddf593c7e828f3096e74b732f5b2f
research_20260521_1000-0020,user-001,0x02e9c94eebed792a5bb5f416f3e03a25525eeef3621ce6912b22519ef91787fc,0x09371c147a53058c89b9fa40b079056fad5d785807ddd0bf2b0aa95d2dab1722,1.885,2.898,1.013,1.885,2026-05-21T16:35:06.478566Z,2026-05-21T16:55:06.478566Z,2026-05-21,0x57bdda51774313bdb9c63336ebb6a51de4fddf593c7e828f3096e74b732f5b2f
research_20260521_1000-0021,user-004,0xa2ab4a9139a2c07cfca0c463b24cf7872764094eafc4fa10da810d74290f5d00,0x00efd2485a28beb4925a2d4c47b362acd06b10fadc51d55b21373b740f2db9b5,-0.048,2.557,2.605,-0.048,2026-05-21T03:13:58.067847Z,2026-05-21T03:43:58.067847Z,2026-05-21,0x57bdda51774313bdb9c63336ebb6a51de4fddf593c7e828f3096e74b732f5b2f
research_20260521_1000-0022,user-008,0x56923c965bbffb416780db4f25868535a541eb4e1bb7ac6d858c909082e44a91,0xc4c26f6fa95d136d1faac1ae135bbbed35574f02e914dd10296122ae034d5e6f,-11.192,0.0,11.192,-11.192,2026-05-21T18:38:41.726804Z,2026-05-21T19:38:41.726804Z,2026-05-21,0x57bdda51774313bdb9c63336ebb6a51de4fddf593c7e828f3096e74b732f5b2f
research_20260521_1000-0023,user-003,0x5a2525b608ca19be945081548f5c683e1ddb9c47f4d1c95a887d1bfdd3a1f7c0,0x7af89818b0dbd96c1a01d208b6fa3534f1e3a35a7feb897524c42c38690fe25e,0.245,2.433,2.188,0.245,2026-05-21T10:02:57.047005Z,2026-05-21T10:42:57.047005Z,2026-05-21,0x57bdda51774313bdb9c63336ebb6a51de4fddf593c7e828f3096e74b732f5b2f
research_20260521_1000-0024,user-004,0xd2eba7d2ed8905e4617a931f8618c799b31e229db3851b506adb37f0b8b2157d,0x97a7fa01abddf6464feb21a0ebeee0da2a83e8ba2eb93bc5f9da7f53079da91d,7.517,7.517,0.0,7.517,2026-05-21T15:14:31.264838Z,2026-05-21T15:34:31.264838Z,2026-05-21,0x57bdda51774313bdb9c63336ebb6a51de4fddf593c7e828f3096e74b732f5b2f
research_20260521_1000-0025,user-007,0x11d215522f2bea09bfc33827297668adfe324b788684357c343f8315b9cbb0df,0x830a7fd5c220f597e02598be6e6f313c108d1d372de759d3254572b4dbf4bf7a,0.817,4.91,4.093,0.817,2026-05-21T07:15:01.193014Z,2026-05-21T08:30:01.193014Z,2026-05-21,0x57bdda51774313bdb9c63336ebb6a51de4fddf593c7e828f3096e74b732f5b2f
research_20260521_1000-0026,user-010,0xd5a49b2047cb59598b6cf07abe36ea1afe2f2f6408ce5ea54754ff828d3a45c5,0x7688d9902bc6b6abe67d6bdbd264765da6db805732adb7cd2c08a4d8dbf44bc3,-11.153,0.0,11.153,-11.153,2026-05-21T15:56:19.734733Z,2026-05-21T16:26:19.734733Z,2026-05-21,0x57bdda51774313bdb9c63336ebb6a51de4fddf593c7e828f3096e74b732f5b2f
research_20260521_1000-0027,user-004,0x224d1f7da1e32a953fc26b14ad7f05b4ef83a258d5fcd46291beb9d47b04dd56,0xb3bfb2ed34422a54a1fd44e4a526128c683111d5d00d8ec28e605351ad06bc5d,-11.039,0.0,11.039,-11.039,2026-05-21T06:44:34.912901Z,2026-05-21T07:44:34.912901Z,2026-05-21,0x57bdda51774313bdb9c63336ebb6a51de4fddf593c7e828f3096e74b732f5b2f
research_20260521_1000-0028,user-009,0x25cd4d20c1fb443cb1b4d6836b31af40cf97ee16d4d467ab0f0fd6e5ff72d9b3,0xa985833b57ce909582f921cc7e8c50f2908c6250de884e6b34dac5b69d231125,13.549,13.549,0.0,13.549,2026-05-21T00:16:26.092055Z,2026-05-21T01:31:26.092055Z,2026-05-21,0x57bdda51774313bdb9c63336ebb6a51de4fddf593c7e828f3096e74b732f5b2f
research_20260521_1000-0029,user-006,0x5f50124770b6f2a9712416b21cf29c8957b9dad3e8abb060f088fd0ace31c7d5,0xcef799116fd236b0305bb5627dd5e7aaebee6c25a3c2720106dfa51487b1bf27,3.691,6.217,2.526,3.691,2026-05-21T16:18:37.093289Z,2026-05-21T17:33:37.093289Z,2026-05-21,0x57bdda51774313bdb9c63336ebb6a51de4fddf593c7e828f3096e74b732f5b2f
research_20260521_1000-0030,user-007,0x69fbce100739692e4b626a0d1b77cf99aec664f6bb28f7c7c9c23337ddb4a6fa,0xbe0f51fc572821e0bef46b20388a850321ce6cf9db46346a42d2550ea4eff0f6,21.809,21.809,0.0,21.809,2026-05-21T03:30:02.097071Z,2026-05-21T04:30:02.097071Z,2026-05-21,0x57bdda51774313bdb9c63336ebb6a51de4fddf593c7e828f3096e74b732f5b2f
research_20260521_1000-0031,user-010,0xdb13893b14719deaadc53eeec9afeb08bceba6a8a539db2c6af214600755e672,0x82b46ad1709ea18e842a6cd19e9077126f9231bb2e9e6f7dd36bb5b5635bff8b,2.568,2.568,0.0,2.568,2026-05-21T10:26:16.532667Z,2026-05-21T10:46:16.532667Z,2026-05-21,0x57bdda51774313bdb9c63336ebb6a51de4fddf593c7e828f3096e74b732f5b2f
research_20260521_1000-0032,user-007,0xff65d12ebe6fa725a58a39d68d3d8facc54a93ffaeda7c0b105a7907a4743d9d,0xf9faef40a5f8b4a90007bcc4f9ddf1c5879d6c407363886b7f78970ba9bb7835,11.264,11.264,0.0,11.264,2026-05-21T17:18:18.628409Z,2026-05-21T18:18:18.628409Z,2026-05-21,0x57bdda51774313bdb9c63336ebb6a51de4fddf593c7e828f3096e74b732f5b2f
research_20260521_1000-0033,user-010,0xfe0110a73d046afb0dfb2a999274905d322f42f76c613bc4fcce56480f43aa85,0x06c3f6f589e25c9a155e1baf76bd7ed11beadff427368e707d45873c55c47954,9.654,14.861,5.207,9.654,2026-05-21T01:14:13.793280Z,2026-05-21T02:14:13.793280Z,2026-05-21,0x57bdda51774313bdb9c63336ebb6a51de4fddf593c7e828f3096e74b732f5b2f
research_20260521_1000-0034,user-004,0x44c66f8e060cb34df94c4fa8ee4516a43ac5e7de4baae560674d7cf78cc959b4,0x83d529b251935702b3cb83de7311ed83b943be77ae9332013bc96c9dddbb4f76,15.024,15.024,0.0,15.024,2026-05-21T21:32:15.727209Z,2026-05-21T22:12:15.727209Z,2026-05-21,0x57bdda51774313bdb9c63336ebb6a51de4fddf593c7e828f3096e74b732f5b2f
research_20260521_1000-0035,user-006,0x19c65701811eab5787cdd76b54eff5583b223c94e24e3e951815347a9b16289d,0x327160b8a55aa6d47e58084d55bb655b1ea7426b531253721a8e8468efacc010,14.902,18.497,3.595,14.902,2026-05-21T08:43:45.446833Z,2026-05-21T09:43:45.446833Z,2026-05-21,0x57bdda51774313bdb9c63336ebb6a51de4fddf593c7e828f3096e74b732f5b2f
research_20260521_1000-0036,user-007,0x3583ebb561ed4d6f4dbb0b9c719e4aebcacd118a114b8236ec56491553d0b419,0xe79578d1e1143224414eefb4f6384dc22a5d387b38476c09949013353c5464e0,6.964,8.847,1.883,6.964,2026-05-21T15:54:35.332041Z,2026-05-21T16:54:35.332041Z,2026-05-21,0x57bdda51774313bdb9c63336ebb6a51de4fddf593c7e828f3096e74b732f5b2f
research_20260521_1000-0037,user-001,0x5932b90be281a7b31608bb97abc110e9c93b85fd5a98e982e90f65b55b2f1d00,0x7aae72397e535ed3028e8dd71f74ac58b80a495d8098843590daf29a64a365d7,5.412,5.412,0.0,5.412,2026-05-21T21:45:00.190512Z,2026-05-21T22:15:00.190512Z,2026-05-21,0x57bdda51774313bdb9c63336ebb6a51de4fddf593c7e828f3096e74b732f5b2f
research_20260521_1000-0038,user-005,0x81bfdbe1206ef389e45b3dea0f9a388d6e641a242fd6b4bfd3c40de690fe96b0,0xa5b4acc42dec068a709539814c1393cfc1f1e53ec787d928ddee3d43a7e4b75c,3.361,5.245,1.884,3.361,2026-05-21T17:56:58.722376Z,2026-05-21T18:16:58.722376Z,2026-05-21,0x57bdda51774313bdb9c63336ebb6a51de4fddf593c7e828f3096e74b732f5b2f
research_20260521_1000-0039,user-009,0xf33fae568ae3ac8ebda3c68c9c0f0a6789141e5c52d56c7c76ef0758f8168679,0x5a17067141773d235d479f8b7995cd0a21ec67f30179d50a316c4a156a817e01,-0.033,1.226,1.259,-0.033,2026-05-21T09:39:37.280020Z,2026-05-21T09:59:37.280020Z,2026-05-21,0x57bdda51774313bdb9c63336ebb6a51de4fddf593c7e828f3096e74b732f5b2f
research_20260521_1000-0040,user-003,0xa2e21e0943f2ac9730402f7b43667a7c65377a8561a47b3227422f91c3e60c8e,0x78755f3521b53fb8d4151468f7bbde471939a733aa72c342ed77fa4fab801e28,7.14,7.14,0.0,7.14,2026-05-21T08:40:28.061799Z,2026-05-21T09:40:28.061799Z,2026-05-21,0x57bdda51774313bdb9c63336ebb6a51de4fddf593c7e828f3096e74b732f5b2f
research_20260521_1000-0041,user-002,0x8d11178c837c52512df72a0c28a06512d9bc6e2ec91d91ec58382c3afcfc6597,0x10c66471b4fa757647eeccd760f8df55ee33a25bc9aec8a99591e168a79a7710,7.132,7.132,0.0,7.132,2026-05-21T00:07:45.474198Z,2026-05-21T00:27:45.474198Z,2026-05-21,0x57bdda51774313bdb9c63336ebb6a51de4fddf593c7e828f3096e74b732f5b2f
research_20260521_1000-0042,user-010,0x517aabb464ae30310c42e629024e28c466cebf93ab584bbe2337f2c4c610a566,0x773595a26aaec0e9ce5e738ae1d21eb3043f5eaf14e0e6985f5fe3969a72c0d8,14.805,14.805,0.0,14.805,2026-05-21T00:13:21.299096Z,2026-05-21T00:53:21.299096Z,2026-05-21,0x57bdda51774313bdb9c63336ebb6a51de4fddf593c7e828f3096e74b732f5b2f
research_20260521_1000-0043,user-010,0x25f96f15959b3d678484ef1d8f4620fbe68d28de24b4824d61020f7a12fa29c3,0x8cdda0ed2156cc9d7129464aaec4bda8625dcedd74fa0c8db12216c1fab6b515,0.136,1.345,1.209,0.136,2026-05-21T12:42:19.561814Z,2026-05-21T13:02:19.561814Z,2026-05-21,0x57bdda51774313bdb9c63336ebb6a51de4fddf593c7e828f3096e74b732f5b2f
research_20260521_1000-0044,user-007,0x6d49d6e499371bada4f830dbe95efd21d4c920b1a773c62c8cd2db7439838604,0x8fee62cc91c1d3e4d8a3b2ea6b6bbbaaca67d4d00ee90102e2c9ee502601553f,3.91,7.517,3.607,3.91,2026-05-21T21:13:43.327467Z,2026-05-21T21:43:43.327467Z,2026-05-21,0x57bdda51774313bdb9c63336ebb6a51de4fddf593c7e828f3096e74b732f5b2f
research_20260521_1000-0045,user-007,0x46d29b6670e931e588c63aefbeb1e09cd5d4059f978a825906fbcb80aaf599f3,0xe6443331de6460227f841cb44e6ed5759ce05330fa55d0a11c7e292eab176a38,27.548,27.548,0.0,27.548,2026-05-21T01:21:32.772800Z,2026-05-21T02:36:32.772800Z,2026-05-21,0x57bdda51774313bdb9c63336ebb6a51de4fddf593c7e828f3096e74b732f5b2f
research_20260521_1000-0046,user-010,0x5e2759fcfce0a7b22d29f670a5418ee60dcf91efac96d74f8c1e47182cfe236f,0xd04dc399d3d6c9399726b3218266bbcd60681386c0a68c26d5602b90c795735d,7.084,7.084,0.0,7.084,2026-05-21T13:31:19.537117Z,2026-05-21T14:31:19.537117Z,2026-05-21,0x57bdda51774313bdb9c63336ebb6a51de4fddf593c7e828f3096e74b732f5b2f
research_20260521_1000-0047,user-009,0xd04f9731de4a11d980a70afb6005317089bbf8cd015e1b9ea99b142f92139c14,0x89cf7bbe2b2ea8c6e95dc2640116971369162867f23657a20f7bb9dc6139a5c1,7.108,7.108,0.0,7.108,2026-05-21T04:11:06.289638Z,2026-05-21T04:31:06.289638Z,2026-05-21,0x57bdda51774313bdb9c63336ebb6a51de4fddf593c7e828f3096e74b732f5b2f
research_20260521_1000-0048,user-004,0xf0039fcee65d99bcbd7967d6b73d831c2fa4aab7d75a96f6d424f334e530e546,0x09e7c7efef3db8f85701fcd6c3fb6a214f7959aaee26e398368f51e6c19d553b,-5.532,0.0,5.532,-5.532,2026-05-21T17:34:26.341013Z,2026-05-21T18:04:26.341013Z,2026-05-21,0x57bdda51774313bdb9c63336ebb6a51de4fddf593c7e828f3096e74b732f5b2f
research_20260521_1000-0049,user-004,0x9d8ab0d1153d6cc3b315a0001fa1a92e7541f86ffb526a1cc66dab87187c060c,0x1c188d109eb1fc5870b94b24a173a8863cdb7f58bb8fdb72b14e549fc6a91045,3.716,3.716,0.0,3.716,2026-05-21T00:10:08.983156Z,2026-05-21T00:30:08.983156Z,2026-05-21,0x57bdda51774313bdb9c63336ebb6a51de4fddf593c7e828f3096e74b732f5b2f
research_20260521_1000-0050,user-008,0xe6163683c3c5fea594db756f0d479cc30a4fd0b6b8012e89b5af18802c0b63ca,0x10fbfee4cea89883b13a047a8dde55c61398eceb61139897f18cb2b381204558,-8.67,0.0,8.67,-8.67,2026-05-21T18:08:01.649715Z,2026-05-21T19:23:01.649715Z,2026-05-21,0x57bdda51774313bdb9c63336ebb6a51de4fddf593c7e828f3096e74b732f5b2f
research_20260521_1000-0051,user-008,0x19a373c517104486a6d801b86753f33748482a2af05228c3f4c2da4f4f96f320,0x28b7ee2906361bbac55721e82b453fab0adaedd814131dcdb2f6e6d951e79001,-27.453,0.0,27.453,-27.453,2026-05-21T15:42:01.291438Z,2026-05-21T16:57:01.291438Z,2026-05-21,0x57bdda51774313bdb9c63336ebb6a51de4fddf593c7e828f3096e74b732f5b2f
research_20260521_1000-0052,user-002,0x47c76f0cdc35e889289d41ce45c990281fcd941efe2a5b00082e379d7be6e0eb,0x40c6e712ff8ee304677c0a4ffdb3be70c5e2c6bc55449d9edfcfb04308f4c911,7.328,7.328,0.0,7.328,2026-05-21T03:00:09.951682Z,2026-05-21T04:00:09.951682Z,2026-05-21,0x57bdda51774313bdb9c63336ebb6a51de4fddf593c7e828f3096e74b732f5b2f
research_20260521_1000-0053,user-008,0xfa8a38effeaded0804bffb3fbfeab50771a936f44bab7c91ba9bd284a21f75e9,0xfc270714fe4669e3bc7e2e00505a8c4de426b7ba0027fcc4f25ea9701c8451b9,0.308,3.683,3.375,0.308,2026-05-21T03:02:46.107297Z,2026-05-21T03:22:46.107297Z,2026-05-21,0x57bdda51774313bdb9c63336ebb6a51de4fddf593c7e828f3096e74b732f5b2f
research_20260521_1000-0054,user-001,0xd76159d8de12964246d201f6ea3b610996da033469f804969803311485b44086,0x7ae0ede83e345576a1f8f82702abbae6bd5aa23ef0d0493527d2f2a879d51c90,-3.591,0.0,3.591,-3.591,2026-05-21T22:52:46.380306Z,2026-05-21T23:12:46.380306Z,2026-05-21,0x57bdda51774313bdb9c63336ebb6a51de4fddf593c7e828f3096e74b732f5b2f
research_20260521_1000-0055,user-007,0xb5b285e8ab03765948345800fb0ee17293f0a0317467afeea40e921a11833820,0x8dc9c32bb70ef7b6cc54df2be3a64b52889b9f2be47cebcf9f8ca76f230fd56c,5.95,5.95,0.0,5.95,2026-05-21T09:06:37.024158Z,2026-05-21T09:36:37.024158Z,2026-05-21,0x57bdda51774313bdb9c63336ebb6a51de4fddf593c7e828f3096e74b732f5b2f
research_20260521_1000-0056,user-008,0x6812fbe566cf8656d11920faf103fb38353821e63cf076ece5acb92e05122ad6,0xe7ca3826a7c835b7dcd3aab5fa4022b07fc245bf20fd3cbac9134abe23904296,13.517,13.517,0.0,13.517,2026-05-21T01:17:51.641142Z,2026-05-21T02:32:51.641142Z,2026-05-21,0x57bdda51774313bdb9c63336ebb6a51de4fddf593c7e828f3096e74b732f5b2f
research_20260521_1000-0057,user-001,0x8387f48ad0aca48828a47a300a210281d07ed7c69b2b17bc22e388de93378830,0x4e7163d5b532a25a96d5dda7364858a087cc7f5a570f965b8b97202f76195584,11.307,11.307,0.0,11.307,2026-05-21T02:07:42.695199Z,2026-05-21T03:07:42.695199Z,2026-05-21,0x57bdda51774313bdb9c63336ebb6a51de4fddf593c7e828f3096e74b732f5b2f
research_20260521_1000-0058,user-003,0x9005a5e9f5976ba3ff9759306a31c802ee50b823d448fb51720b40fb329ef9ba,0x1c9fd5e89ee54b2d9e32ea04c342d9e5dc512dbf02ae9321a8f90b210d6cf18a,6.836,6.836,0.0,6.836,2026-05-21T21:49:12.476336Z,2026-05-21T22:29:12.476336Z,2026-05-21,0x57bdda51774313bdb9c63336ebb6a51de4fddf593c7e828f3096e74b732f5b2f
research_20260521_1000-0059,user-006,0xb545dd95ed452aca3a2bdacd68e554a4c8ecfa35ddead881ac3817e5f9b5a5bb,0xc1cd77dd90c61a51960f9f7c917479782c271264085522577a714d0e000a70ae,4.861,6.0,1.139,4.861,2026-05-21T04:40:54.308665Z,2026-05-21T05:40:54.308665Z,2026-05-21,0x57bdda51774313bdb9c63336ebb6a51de4fddf593c7e828f3096e74b732f5b2f
research_20260521_1000-0060,user-010,0x46ad30d9a7b74f2e24196042490611f50ee7c3e7a8dff00939ff49974e0e4eb6,0x362b0aba8e6d03e6cc52d4f0cb3d6c3984e1db48fc9d68f62524ace3be3ee51d,14.471,14.471,0.0,14.471,2026-05-21T02:45:42.109373Z,2026-05-21T04:00:42.109373Z,2026-05-21,0x57bdda51774313bdb9c63336ebb6a51de4fddf593c7e828f3096e74b732f5b2f
research_20260521_1000-0061,user-003,0x1f169e0281ed342ab9c832b4c2785e3cf24c5236f201633711d9dd42269ee69b,0xdac90b4d68599c1ea4a2131ec25009dbdf0c277699b5928882b8a74cbc6e66c8,3.552,3.552,0.0,3.552,2026-05-21T02:44:00.249071Z,2026-05-21T03:04:00.249071Z,2026-05-21,0x57bdda51774313bdb9c63336ebb6a51de4fddf593c7e828f3096e74b732f5b2f
research_20260521_1000-0062,user-002,0x8df953a8546f79046a368e7872b771129e8c8e159206fa9491fa69c03652f220,0x329a295cb35977e441f406b59f31ee44599c42d9313e100e8e41b66d4f6c73a1,15.176,15.176,0.0,15.176,2026-05-21T00:26:27.845137Z,2026-05-21T01:06:27.845137Z,2026-05-21,0x57bdda51774313bdb9c63336ebb6a51de4fddf593c7e828f3096e74b732f5b2f
research_20260521_1000-0063,user-006,0x26feca7e91a63c9c9a12992be51838c37d0f39a8bbfd95050963f9ba447ff7b0,0x083b77d19c9287bf21aeae982d4cdffe962a4991295ba553f134fde5d0281ace,0.8,5.908,5.108,0.8,2026-05-21T18:08:15.647285Z,2026-05-21T18:38:15.647285Z,2026-05-21,0x57bdda51774313bdb9c63336ebb6a51de4fddf593c7e828f3096e74b732f5b2f
research_20260521_1000-0064,user-003,0x83a459e45af3bfe2a20c646b28389dc869a9aae60ee9293f46cf8cffcbe2c713,0xbccd8d2277a839876599d941e66eb38cf5904cb647f0dd552ee74030e58a676f,3.485,3.485,0.0,3.485,2026-05-21T11:01:05.384527Z,2026-05-21T11:31:05.384527Z,2026-05-21,0x57bdda51774313bdb9c63336ebb6a51de4fddf593c7e828f3096e74b732f5b2f
research_20260521_1000-0065,user-002,0x1805f0e9eab0b7e25f7b34799fcd06f7e1a66e50d744f9131fd4cfc70c31f8be,0x32abcdbe0663a5613d4bbefeea1b51b73f19b27ad014e27e85013cbe96d329ec,10.897,10.897,0.0,10.897,2026-05-21T06:05:14.520237Z,2026-05-21T07:05:14.520237Z,2026-05-21,0x57bdda51774313bdb9c63336ebb6a51de4fddf593c7e828f3096e74b732f5b2f
research_20260521_1000-0066,user-008,0xc6b2e8a17d997fc4b3bb67d16c24ea22d70e61a7bb3a19f7427ebe64e32f391b,0xdd2a3d5b19d16a518c1d2b6792ada1b93eb61f78369a3ad090c3688fc4576936,3.725,3.725,0.0,3.725,2026-05-21T22:13:10.402158Z,2026-05-21T22:33:10.402158Z,2026-05-21,0x57bdda51774313bdb9c63336ebb6a51de4fddf593c7e828f3096e74b732f5b2f
research_20260521_1000-0067,user-005,0x1f7c823f3bdd30267d35cde36adf8d84ada8cd97b5497ac97642cf414d98f68b,0xaae3211193c457e89699ebf93b8214d33edca20bb3f4dd300440a2f765a099ba,9.82,11.552,1.732,9.82,2026-05-21T13:05:38.987921Z,2026-05-21T14:20:38.987921Z,2026-05-21,0x57bdda51774313bdb9c63336ebb6a51de4fddf593c7e828f3096e74b732f5b2f
research_20260521_1000-0068,user-002,0x429c3186302f5d7996b8d8a6c40a50ea9df3eb6a7ba81b7ba59fa7e7d82c8e5e,0xc537b5a4cd2edf178a8f832e87cd38f5dd583b733886f958208e38a296dd2ba6,4.603,4.603,0.0,4.603,2026-05-21T13:37:05.868797Z,2026-05-21T14:17:05.868797Z,2026-05-21,0x57bdda51774313bdb9c63336ebb6a51de4fddf593c7e828f3096e74b732f5b2f
research_20260521_1000-0069,user-005,0x1e7d1e980f3b09c4e28605e84e38e3d379c489fb14968744deeb0784fc816224,0xf5e5c39bba43f12a136ec85d89a2afda6fedee9c0095c88a186ac252d9c18442,-2.465,11.969,14.434,-2.465,2026-05-21T15:32:37.769556Z,2026-05-21T16:47:37.769556Z,2026-05-21,0x57bdda51774313bdb9c63336ebb6a51de4fddf593c7e828f3096e74b732f5b2f
research_20260521_1000-0070,user-006,0xdfbd24c9c8b2007c7763638432a273753d4a6310fe46d12d8312a2ef94beddff,0x71b1b3a526ae9c422d93bf9130a428162b50a88d90c8d325d219de33cb15b1c7,3.557,3.557,0.0,3.557,2026-05-21T15:33:31.576448Z,2026-05-21T16:03:31.576448Z,2026-05-21,0x57bdda51774313bdb9c63336ebb6a51de4fddf593c7e828f3096e74b732f5b2f
research_20260521_1000-0071,user-005,0xd37ef8f9bbb7e13a21ec57e651e8841e674262cf7c9e74a7c0daf7c775a4d47f,0x1cf62f4f82e865ed137ce633fa743438949cbf00ee581c9d2b4631aeff5903f1,22.619,24.665,2.046,22.619,2026-05-21T06:39:54.108387Z,2026-05-21T07:54:54.108387Z,2026-05-21,0x57bdda51774313bdb9c63336ebb6a51de4fddf593c7e828f3096e74b732f5b2f
research_20260521_1000-0072,user-010,0x7056e1fd6cd44636abecf84b35c32ae89765c6cd94ef1e48a1c5f286230d89ba,0x4ed204ae238b74f0bd165e1381368211112f3d3ec93baa37d5aeb3d73b9aa9d4,5.3,5.3,0.0,5.3,2026-05-21T22:40:06.838784Z,2026-05-21T23:10:06.838784Z,2026-05-21,0x57bdda51774313bdb9c63336ebb6a51de4fddf593c7e828f3096e74b732f5b2f
research_20260521_1000-0073,user-009,0x725473b20819e4a81eeb2d2c276c3de89e56bee8e86e6b9810a196b4dd99ad49,0x818d69bfbed7f15af6f910ab38da0633869dd94b209b0e37492ba9fb8d177993,-4.727,0.0,4.727,-4.727,2026-05-21T10:34:26.283753Z,2026-05-21T11:14:26.283753Z,2026-05-21,0x57bdda51774313bdb9c63336ebb6a51de4fddf593c7e828f3096e74b732f5b2f
research_20260521_1000-0074,user-006,0x267d54b1d3849f8bf3cca1d97f292bd5f42fa5e0b7875aea35082d9f9181300d,0x4f849101e41aced010fb4d8494f75c34a9301ce408c43d57ac92b1d28174b3da,13.979,13.979,0.0,13.979,2026-05-21T19:51:30.157198Z,2026-05-21T21:06:30.157198Z,2026-05-21,0x57bdda51774313bdb9c63336ebb6a51de4fddf593c7e828f3096e74b732f5b2f
research_20260521_1000-0075,user-003,0xfba9a34088b71222ccfee68492fb508c80d6aabbf1d5b64fd5917444fefab02d,0x754dca4092bf84f098dd247c0c42b7c98a0a59716a3e83f62298ec48b1015de5,0.23,2.808,2.578,0.23,2026-05-21T18:18:46.371451Z,2026-05-21T18:48:46.371451Z,2026-05-21,0x57bdda51774313bdb9c63336ebb6a51de4fddf593c7e828f3096e74b732f5b2f
research_20260521_1000-0076,user-010,0xa405ff08dc6ba81105289fe00c4c2567df5ebb5199d9080b410a98bc405c27d3,0x91e5311018e1fb190a04627d3ae3a5c6d99852730ffc2468e9b1861761d66566,14.524,14.524,0.0,14.524,2026-05-21T08:33:05.505830Z,2026-05-21T09:48:05.505830Z,2026-05-21,0x57bdda51774313bdb9c63336ebb6a51de4fddf593c7e828f3096e74b732f5b2f
research_20260521_1000-0077,user-008,0x0b879b11041091fbf69cd65a3ae68e7b8239bcb35686a6c3e961a2972bdd6246,0x5296fa8554c3d4e710eb775a11dbd0fcdffd282f2815352720cda39edc215bea,3.436,3.436,0.0,3.436,2026-05-21T10:03:19.539200Z,2026-05-21T10:23:19.539200Z,2026-05-21,0x57bdda51774313bdb9c63336ebb6a51de4fddf593c7e828f3096e74b732f5b2f
research_20260521_1000-0078,user-006,0xdb3276027d1ba6f1e88454fd5af7635f6b6c48f743ac74a05c5813e6bad59463,0xe6d5acd877b73d3165a884b3060cc33d0dfe45ade9e38d9f0ba0754bef9579e5,7.893,7.893,0.0,7.893,2026-05-21T00:24:21.885794Z,2026-05-21T00:44:21.885794Z,2026-05-21,0x57bdda51774313bdb9c63336ebb6a51de4fddf593c7e828f3096e74b732f5b2f
research_20260521_1000-0079,user-005,0x5bd7aed9fffb16d14b7e7aec82a5965f32e01bb94e296d2664447efac789a1ce,0xaa7cc987ea2fce0516b11f3dff74bcd9b63922243d369204a8e7859238538e78,14.074,14.074,0.0,14.074,2026-05-21T14:41:07.209257Z,2026-05-21T15:21:07.209257Z,2026-05-21,0x57bdda51774313bdb9c63336ebb6a51de4fddf593c7e828f3096e74b732f5b2f
research_20260521_1000-0080,user-010,0xb56aaf66b2ccd4984233b2ffb64ab0e9999521d4e9cf31472e63d95932651df5,0xf2ec948377325789aa064949b0df34f7fef2013bbfb59ae09a011da5d49c4267,6.849,6.849,0.0,6.849,2026-05-21T08:03:23.914041Z,2026-05-21T08:43:23.914041Z,2026-05-21,0x57bdda51774313bdb9c63336ebb6a51de4fddf593c7e828f3096e74b732f5b2f
research_20260521_1000-0081,user-009,0x71db6c6690fceab1ba710617c382308b0150f721fc69c3596e43314ea53bf6c4,0x3e148f75b0be209ce0a395c8e226b3a6c602af2f2ec20969e3183c311bd1d75a,-22.208,0.0,22.208,-22.208,2026-05-21T21:44:25.663818Z,2026-05-21T22:44:25.663818Z,2026-05-21,0x57bdda51774313bdb9c63336ebb6a51de4fddf593c7e828f3096e74b732f5b2f
research_20260521_1000-0082,user-010,0xedf4b126a30b2b2571cbec8af66167b56b9be8fd6419926f9904ffca13912132,0x6fee74c20a0a079626b23954442905cbe47a14e55513f3f28353f4e60c106f33,0.04,3.485,3.445,0.04,2026-05-21T20:50:17.362820Z,2026-05-21T21:50:17.362820Z,2026-05-21,0x57bdda51774313bdb9c63336ebb6a51de4fddf593c7e828f3096e74b732f5b2f
research_20260521_1000-0083,user-010,0x391c8ab68d89881549f69c3757fdee73c9264921a1a2f10020a46f0c334ca423,0xec657e741653c05bb5befea17cbf16190567fb6bb162a8143a8027da83c65a4c,10.732,10.732,0.0,10.732,2026-05-21T00:21:24.401839Z,2026-05-21T01:21:24.401839Z,2026-05-21,0x57bdda51774313bdb9c63336ebb6a51de4fddf593c7e828f3096e74b732f5b2f
research_20260521_1000-0084,user-005,0x2d3a993172d3afa7fc126e66bdd139d6d47f033b40385631292cf35dcd6c60d6,0xbb78419b5e67b2b866e1a5ce683e3d5b0e6e647c7e600d110b37885837b70199,9.311,9.311,0.0,9.311,2026-05-21T13:11:58.819360Z,2026-05-21T14:26:58.819360Z,2026-05-21,0x57bdda51774313bdb9c63336ebb6a51de4fddf593c7e828f3096e74b732f5b2f
research_20260521_1000-0085,user-003,0xf0d0b4f8eb14cb2ed06e5521f33529a386ec32150fb73fa2502846e1099f4584,0x28e4a07bed288d76f40b5f4ef378de45ed787021bd331323708ee0db2df25b4b,11.175,11.175,0.0,11.175,2026-05-21T05:46:16.124228Z,2026-05-21T06:46:16.124228Z,2026-05-21,0x57bdda51774313bdb9c63336ebb6a51de4fddf593c7e828f3096e74b732f5b2f
research_20260521_1000-0086,user-008,0xfff024e9df0ae8af0bb47675c1e23001963c8a5c1e9eff556f85f0fb926aa65c,0xf6ef542d5d7dc1db3fe2a60441d4f99a727bc6db333ac5528598cafeae42a048,7.473,7.473,0.0,7.473,2026-05-21T09:39:41.746700Z,2026-05-21T09:59:41.746700Z,2026-05-21,0x57bdda51774313bdb9c63336ebb6a51de4fddf593c7e828f3096e74b732f5b2f
research_20260521_1000-0087,user-002,0xf7f4fd0a71fa4bb7d1f0521d59a110cf3191790fff7e4c7c808823e273fdbc57,0xbb9365f654320681613393c5381d881276210a5061c488067a7420ba6c05b6c7,4.648,4.648,0.0,4.648,2026-05-21T11:25:10.934217Z,2026-05-21T12:05:10.934217Z,2026-05-21,0x57bdda51774313bdb9c63336ebb6a51de4fddf593c7e828f3096e74b732f5b2f
research_20260521_1000-0088,user-006,0xdedf3cfefe94b94b58f76484db0a82f4c2f4210298f175b0ba56f3ceb49b7a07,0xe2f10c0f33df37e0de18e709161dd5b8f9e45d795eedc66f4c27a8a0a9ff2b76,7.148,7.148,0.0,7.148,2026-05-21T18:11:46.720133Z,2026-05-21T18:31:46.720133Z,2026-05-21,0x57bdda51774313bdb9c63336ebb6a51de4fddf593c7e828f3096e74b732f5b2f
research_20260521_1000-0089,user-008,0xadfa2b90d60b3c51c696f2e588ddf030236343885e3b2b345a6bc4ffaf07dc6a,0x8bdb68df914b2af125daa5cae22e797f0511d6ae958e7f91a77dde3d43174e0d,3.751,3.751,0.0,3.751,2026-05-21T08:49:18.022754Z,2026-05-21T09:19:18.022754Z,2026-05-21,0x57bdda51774313bdb9c63336ebb6a51de4fddf593c7e828f3096e74b732f5b2f
research_20260521_1000-0090,user-009,0xdc3574337e98f2cff51e09ea08c0477e45879b0464286362670b9556084614c1,0x3908830f031e1cb7038ef3cb25cf41255d4d75901066bcf1ece10f479f76c40f,-0.003,3.668,3.671,-0.003,2026-05-21T12:37:18.260073Z,2026-05-21T12:57:18.260073Z,2026-05-21,0x57bdda51774313bdb9c63336ebb6a51de4fddf593c7e828f3096e74b732f5b2f
research_20260521_1000-0091,user-007,0x1a4d0c6c3ca679044755d909ea4039c926eaab6c237f80e172b9082aca7e10f3,0xad48fe5224f2a254dbcfbd0b7c6376cee7ec45de28ec9db270229f4c10a1f22a,5.52,5.52,0.0,5.52,2026-05-21T15:50:47.235306Z,2026-05-21T16:20:47.235306Z,2026-05-21,0x57bdda51774313bdb9c63336ebb6a51de4fddf593c7e828f3096e74b732f5b2f
research_20260521_1000-0092,user-002,0x43b0c7fca3faa6200187ecd1c7be84d461774f84f8c97f7d100d0bab2c871fc9,0x2a9cfd8f9c99359f5ddfad1c8e9e6b793073087f5551c61f61702523889665ee,-6.951,0.0,6.951,-6.951,2026-05-21T16:06:47.720178Z,2026-05-21T16:46:47.720178Z,2026-05-21,0x57bdda51774313bdb9c63336ebb6a51de4fddf593c7e828f3096e74b732f5b2f
research_20260521_1000-0093,user-002,0xb527f2f9af76a9986809071a9f734c1a3dd420d5b0f6ad631cc9010ba0be8097,0x10fc87139f14b1fa4cd46491de941e7a09d204147d15af577bfb2c77786f9180,10.954,10.954,0.0,10.954,2026-05-21T07:52:29.712000Z,2026-05-21T08:52:29.712000Z,2026-05-21,0x57bdda51774313bdb9c63336ebb6a51de4fddf593c7e828f3096e74b732f5b2f
research_20260521_1000-0094,user-006,0xfb942201247d998276948e3fad5cd89ee48b0faf4df9ee77482424df281d3fad,0x001683480f37dd64840851ca745d8f97c7472ce4a498c625815aaca8371ed04a,-0.052,3.693,3.745,-0.052,2026-05-21T13:19:43.645415Z,2026-05-21T13:39:43.645415Z,2026-05-21,0x57bdda51774313bdb9c63336ebb6a51de4fddf593c7e828f3096e74b732f5b2f
research_20260521_1000-0095,user-009,0x03a2517c133f3f8b796c9bb00b935735eebe646c72914f888522b45fe8b0968d,0x7423d4993603d8c450c59dc56fef1532d79d02736e6b604949f18c9f3231193d,-15.014,0.0,15.014,-15.014,2026-05-21T21:09:25.449990Z,2026-05-21T21:49:25.449990Z,2026-05-21,0x57bdda51774313bdb9c63336ebb6a51de4fddf593c7e828f3096e74b732f5b2f
research_20260521_1000-0096,user-006,0x8b3679d211a767cc6e6f011081af85bbf79484b062f4dc212a9d34bbb17c2c7c,0x98f190a535048bba3dbe1f5fc7ecb99ede0a831b67b1e9fde7b18e08ee2c63fd,7.402,7.402,0.0,7.402,2026-05-21T07:57:18.642102Z,2026-05-21T08:17:18.642102Z,2026-05-21,0x57bdda51774313bdb9c63336ebb6a51de4fddf593c7e828f3096e74b732f5b2f
research_20260521_1000-0097,user-004,0x1339bdd81804e81e078abee187a68f281bd5bf8f11f91fd24efc6f04270b83c8,0xb33b1c6c7144b294988b4379dac5e654e4052547556105f4be044b8e67b58843,1.397,2.413,1.016,1.397,2026-05-21T21:04:14.283881Z,2026-05-21T21:34:14.283881Z,2026-05-21,0x57bdda51774313bdb9c63336ebb6a51de4fddf593c7e828f3096e74b732f5b2f
research_20260521_1000-0098,user-008,0xb454027442f8dbd62f81cf20d577e0f486c1ca180e0f67cf1a35c22c7b5d62ac,0x4255664de656065d034ee4f78f653c7dbf6692c6b8f8f084c438aadf96412d63,12.288,17.4,5.112,12.288,2026-05-21T11:21:59.895423Z,2026-05-21T12:21:59.895423Z,2026-05-21,0x57bdda51774313bdb9c63336ebb6a51de4fddf593c7e828f3096e74b732f5b2f
research_20260521_1000-0099,user-004,0xd8351dbca4e63ede3065743384453b010337923e3640c166b70c13ca28d0a33a,0x8486b7370c872d329467659fb34d588d55e9b7bd4c1ccd37de0fff9df16d2f6e,13.43,13.43,0.0,13.43,2026-05-21T15:40:43.605686Z,2026-05-21T16:55:43.605686Z,2026-05-21,0x57bdda51774313bdb9c63336ebb6a51de4fddf593c7e828f3096e74b732f5b2f
research_20260521_1000-0100,user-002,0x5a46a88a298811ef758c9f6855fb4bc67a55c2379ae8ad6e1d4ee3bd5daa0ee2,0x7ddef51710e51de8dcccd955328151200012594c760098be81b557b70b31f4ef,13.486,13.486,0.0,13.486,2026-05-21T22:53:32.100196Z,2026-05-22T00:08:32.100196Z,2026-05-21,0x57bdda51774313bdb9c63336ebb6a51de4fddf593c7e828f3096e74b732f5b2f
research_20260521_1000-0101,user-006,0x45eafe9ca528f8d84c89fd313108c17d72f19df16a3ffa85f6f0f98a2cdff7ba,0xa5ccbdc4e2ccad2dfeb5b0049d02c861825cb36609b4d0aca30e10dba91c3cb9,1.584,4.391,2.807,1.584,2026-05-21T06:21:45.141185Z,2026-05-21T07:01:45.141185Z,2026-05-21,0x57bdda51774313bdb9c63336ebb6a51de4fddf593c7e828f3096e74b732f5b2f
research_20260521_1000-0102,user-003,0xd5598ead9308ec33f5a70c2426857dddb5456967bf10483d3934b103c09ee0b6,0x9d296378b7f785573c2edb3b16a7b0fa30664ffe478cbd16ec996a71b8343d5f,-27.141,0.0,27.141,-27.141,2026-05-21T04:27:35.514068Z,2026-05-21T05:42:35.514068Z,2026-05-21,0x57bdda51774313bdb9c63336ebb6a51de4fddf593c7e828f3096e74b732f5b2f
research_20260521_1000-0103,user-001,0xafccd1c535ba01db7feaedd06b17c041016d52f6e97f9dbb0e060b359d89c0ef,0xaeb28f85f32d016c38d05886aea17f114e9e78c11e17b7e1d8638d8880c9ac85,7.046,7.046,0.0,7.046,2026-05-21T03:39:04.307630Z,2026-05-21T04:39:04.307630Z,2026-05-21,0x57bdda51774313bdb9c63336ebb6a51de4fddf593c7e828f3096e74b732f5b2f
research_20260521_1000-0104,user-002,0x6f4214cda3585d1c7471ed12ad19774ce8de9cd931f76696ca187a3a543ba41c,0x54ac0d3945d06610c6a3ef42b0b24e9c15c4b471b9b8fae7c1e9472b4b08b6f8,14.521,14.521,0.0,14.521,2026-05-21T14:31:46.719220Z,2026-05-21T15:11:46.719220Z,2026-05-21,0x57bdda51774313bdb9c63336ebb6a51de4fddf593c7e828f3096e74b732f5b2f
research_20260521_1000-0105,user-003,0xc020dbf83f16c7aa8b3853048b0d7c866d27037e82d94a47c95d47c154336631,0xd3510807d9c09a6a64520a1c73a2cffa4f9aba7a27194744868ca2f9f7a0372b,4.614,9.056,4.442,4.614,2026-05-21T16:06:43.750764Z,2026-05-21T17:21:43.750764Z,2026-05-21,0x57bdda51774313bdb9c63336ebb6a51de4fddf593c7e828f3096e74b732f5b2f
research_20260521_1000-0106,user-001,0x449b03fc8dc76b526ceb2d8bccd1a671536119cefcdd5227134173cc6ab2a546,0xdd6c0149248338c99623199aafe83be7d6e561175b8bb73f20fd9f8ae0566033,11.404,11.404,0.0,11.404,2026-05-21T09:58:43.588863Z,2026-05-21T10:28:43.588863Z,2026-05-21,0x57bdda51774313bdb9c63336ebb6a51de4fddf593c7e828f3096e74b732f5b2f
research_20260521_1000-0107,user-007,0x4dd0d31b56b6d27fa5339817713d6ce6f6e7d230c613e14b889d8fce857c956e,0x278ed5c9daa9f25a8c02e45372ac17f3323a73e5b1189e6c058e004e0002768b,5.333,5.333,0.0,5.333,2026-05-21T20:20:56.339298Z,2026-05-21T20:50:56.339298Z,2026-05-21,0x57bdda51774313bdb9c63336ebb6a51de4fddf593c7e828f3096e74b732f5b2f
research_20260521_1000-0108,user-009,0x8b24d87571dd3b2804e333bb58e9acef8eba029968783b271ab88706ac303a9a,0xc8bc9eb9f01d4d75e3e00bfb8892b9ccb0a9a5a3bfd5f3296d5e49ab4f4cb983,5.206,5.206,0.0,5.206,2026-05-21T14:56:22.339338Z,2026-05-21T15:26:22.339338Z,2026-05-21,0x57bdda51774313bdb9c63336ebb6a51de4fddf593c7e828f3096e74b732f5b2f
research_20260521_1000-0109,user-005,0x7c136b31283164d1346a03760871b312518a0058cdbc177214f3c16143d02c88,0xe7eadb2108a644c31110a4de65cb20ac8b68e177f20f8aea0591760d8cfdfa43,4.92,4.92,0.0,4.92,2026-05-21T10:35:21.313370Z,2026-05-21T11:05:21.313370Z,2026-05-21,0x57bdda51774313bdb9c63336ebb6a51de4fddf593c7e828f3096e74b732f5b2f
research_20260521_1000-0110,user-009,0x4a56491e6856dbf370251b1f1b917435999d6dcb3e9a2a81b65d5c40a0f6e3c6,0xdda11c57678d500aa7f5ecb38ce5c9422daa6ead6db2a4b14f82078d4fdd9fee,11.379,11.379,0.0,11.379,2026-05-21T14:52:14.422384Z,2026-05-21T15:52:14.422384Z,2026-05-21,0x57bdda51774313bdb9c63336ebb6a51de4fddf593c7e828f3096e74b732f5b2f
research_20260521_1000-0111,user-004,0x148560d79389ed0f0668f718b177a1039a56cf3c1f140224959617355e94fa34,0x08bcbdc75c8ceef5739cf98f50fe1f108595532c81adbc7ef6c65fd5459a0067,8.987,8.987,0.0,8.987,2026-05-21T18:09:51.625481Z,2026-05-21T19:24:51.625481Z,2026-05-21,0x57bdda51774313bdb9c63336ebb6a51de4fddf593c7e828f3096e74b732f5b2f
research_20260521_1000-0112,user-002,0xc90af888a8ec7ffcc28915e21351d25d0843dcde6399df5fc93b5c6ccd2a9fd3,0x22a527ce4b207c3348e6261c1b49ef35512512913f056f8af74afffced52d278,10.926,10.926,0.0,10.926,2026-05-21T08:19:41.389692Z,2026-05-21T08:49:41.389692Z,2026-05-21,0x57bdda51774313bdb9c63336ebb6a51de4fddf593c7e828f3096e74b732f5b2f
research_20260521_1000-0113,user-008,0xf71042be891031cbfc904044b1abf23b9fa13fe7e25c02ba1ef7172354c9627e,0xd9c8c12a4f9bb45e88a07e17a8893f4d398e93943341787f19da10dad58bcadc,3.819,4.352,0.533,3.819,2026-05-21T19:30:42.675002Z,2026-05-21T20:10:42.675002Z,2026-05-21,0x57bdda51774313bdb9c63336ebb6a51de4fddf593c7e828f3096e74b732f5b2f
research_20260521_1000-0114,user-005,0xfbf0f277ec85ecaf73b6deeaa511b53b79844ad7f7739d359538d4b1c7f99bc0,0xe721c81b8bc8830855f1ccdaadc171c0325d6187d58d6a7aebf3becc8505d233,-7.844,0.0,7.844,-7.844,2026-05-21T06:44:13.117813Z,2026-05-21T07:04:13.117813Z,2026-05-21,0x57bdda51774313bdb9c63336ebb6a51de4fddf593c7e828f3096e74b732f5b2f
research_20260521_1000-0115,user-009,0x6092dccc53c841ed3dde5f0321976ffb28b9908d574c7dde7f98f04cf5549d2e,0x8c1c49f9404f4c1e01fe48d65a11f45dd4e94a5b13f7578528c4e12e0638e520,13.706,17.917,4.211,13.706,2026-05-21T16:06:47.136685Z,2026-05-21T17:06:47.136685Z,2026-05-21,0x57bdda51774313bdb9c63336ebb6a51de4fddf593c7e828f3096e74b732f5b2f
research_20260521_1000-0116,user-009,0xe7548d4b4bc7529730338a1bb94a66cd6316776cc6f65d1b62271a0d9b34e61d,0x0817e6442da9af56fe534e193de6a465d6bd85fdd72a3529a611996889578a81,3.006,8.652,5.646,3.006,2026-05-21T01:49:43.640395Z,2026-05-21T02:29:43.640395Z,2026-05-21,0x57bdda51774313bdb9c63336ebb6a51de4fddf593c7e828f3096e74b732f5b2f
research_20260521_1000-0117,user-004,0xaf92914d2737fcaa44d0b7303767129ee89ca477fe6ba188f25ff28fe293c9e4,0x9871c568fae503559e89225258935324c8fef09d95e146da9ace3e2d553582bc,9.065,9.065,0.0,9.065,2026-05-21T05:41:55.328834Z,2026-05-21T06:56:55.328834Z,2026-05-21,0x57bdda51774313bdb9c63336ebb6a51de4fddf593c7e828f3096e74b732f5b2f
research_20260521_1000-0118,user-008,0x902a97869bf55af8824dff98da183fc7c471efc4736891ad709547292bc3fb6e,0xe6995eb4328563fa11830f76f4321bba0fff53de18a60c9a442725e2fb996d2b,13.636,13.636,0.0,13.636,2026-05-21T10:26:58.073607Z,2026-05-21T11:41:58.073607Z,2026-05-21,0x57bdda51774313bdb9c63336ebb6a51de4fddf593c7e828f3096e74b732f5b2f
research_20260521_1000-0119,user-007,0xc0c442e6ed88d89a01d865f134a69ccfc4cde17b217181e1e0f5b00d5a080596,0xf53f9f4a89c4e0cc9367fd102c9289b5c9caf04ca3c57ca0fdde348bf2a45946,10.489,10.489,0.0,10.489,2026-05-21T14:59:46.576457Z,2026-05-21T15:59:46.576457Z,2026-05-21,0x57bdda51774313bdb9c63336ebb6a51de4fddf593c7e828f3096e74b732f5b2f
research_20260521_1000-0120,user-008,0x8219db96c4ef254263d27d84a71fadb1c8f29d626b24107a8e906e43779ee7e1,0x12e422b04bf47990033443bfea3d35d360eb7e714caa570e28ed54c13aeb5ddf,14.166,14.166,0.0,14.166,2026-05-21T07:49:09.612288Z,2026-05-21T09:04:09.612288Z,2026-05-21,0x57bdda51774313bdb9c63336ebb6a51de4fddf593c7e828f3096e74b732f5b2f
research_20260521_1000-0121,user-001,0x836e9aaf50be97d082a5d599ed86d8d6bb6e4ba67238aed6c21c95dab5e34407,0xd6a0993d87a7ae907b8a1133fe3b9e949f7e1a04e62b9e34f0d7e755be63c62b,7.276,8.958,1.682,7.276,2026-05-21T14:19:44.273690Z,2026-05-21T14:49:44.273690Z,2026-05-21,0x57bdda51774313bdb9c63336ebb6a51de4fddf593c7e828f3096e74b732f5b2f
research_20260521_1000-0122,user-003,0xd2fc8fedcb0849aa8148aa35415d89b2c5616d7ea0878ae3c62ac8134163aab9,0x4de8f1872e32bb3f35c69bb1c0f6ac97267f2e75e622121501ff689d89c91f37,-9.04,0.0,9.04,-9.04,2026-05-21T00:19:35.903553Z,2026-05-21T01:34:35.903553Z,2026-05-21,0x57bdda51774313bdb9c63336ebb6a51de4fddf593c7e828f3096e74b732f5b2f
research_20260521_1000-0123,user-008,0xbd971d19c79b2846d108ae6138870c09bc1363bac4d4f792253a17508a1b67d0,0x17dd10006b4991b885067abc37849b1d7ab4932647c3b81f4074a09709d1a501,5.724,5.724,0.0,5.724,2026-05-21T18:12:00.348469Z,2026-05-21T18:42:00.348469Z,2026-05-21,0x57bdda51774313bdb9c63336ebb6a51de4fddf593c7e828f3096e74b732f5b2f
research_20260521_1000-0124,user-002,0x5a8f76144883575d0c93fc6386a6b84d2a5db0652c1c8b05ea8a58882bf09f36,0x56902b896d830ff1137f00bfbaa00dcf9450d863230be51892eebe51230b8bdb,4.771,4.771,0.0,4.771,2026-05-21T01:50:59.664570Z,2026-05-21T02:30:59.664570Z,2026-05-21,0x57bdda51774313bdb9c63336ebb6a51de4fddf593c7e828f3096e74b732f5b2f
research_20260521_1000-0125,user-006,0xcac1f2dc219254eee9dbcd43a045d62738295fcc5a286c280270d281e304253c,0xf7732563cfa0a3865f16bd2b30d20228fba9d9fde12038f9d283770bd6d933ac,2.49,2.49,0.0,2.49,2026-05-21T16:42:24.554585Z,2026-05-21T17:02:24.554585Z,2026-05-21,0x57bdda51774313bdb9c63336ebb6a51de4fddf593c7e828f3096e74b732f5b2f
research_20260521_1000-0126,user-007,0x75563b193cae16103e221cf4700481cb2aeb942d6035c22ff229d950f9c90eab,0xc383db47dd2c82e52bc580d34c283452bde29a1589009beef4c9b3efb1fe5a4f,13.86,13.86,0.0,13.86,2026-05-21T02:01:13.073891Z,2026-05-21T03:16:13.073891Z,2026-05-21,0x57bdda51774313bdb9c63336ebb6a51de4fddf593c7e828f3096e74b732f5b2f
research_20260521_1000-0127,user-007,0x65e07950373e7b66ba67ef4fc3dbec875f8348c2b96f1977d30152584ffa689b,0xac4c350201bc8181857e7ca1ebee1eeae6a3a2923837ec56a5e7282c8696c6ca,0.093,2.761,2.668,0.093,2026-05-21T16:53:55.386359Z,2026-05-21T17:23:55.386359Z,2026-05-21,0x57bdda51774313bdb9c63336ebb6a51de4fddf593c7e828f3096e74b732f5b2f
research_20260521_1000-0128,user-006,0xe76008ab1074f48399cdc1f4db81b92e522f8d2ffe40f3cfa06b92ce4a465dc8,0x13123ccba88a8887e4ffdac7cd030c3049fd32d288926225192c9240ae340cc9,11.702,12.563,0.861,11.702,2026-05-21T19:55:15.442582Z,2026-05-21T21:10:15.442582Z,2026-05-21,0x57bdda51774313bdb9c63336ebb6a51de4fddf593c7e828f3096e74b732f5b2f
research_20260521_1000-0129,user-001,0xfb2fb10cc093aa8976a8f48433c7d062518058a85e22e9568063eb0e9c861f8c,0xa17f37d80f4c7a2c7d06d8d2e9791ed0ef579b564af36f6d11da97618676312b,4.61,9.073,4.463,4.61,2026-05-21T23:49:28.692356Z,2026-05-22T01:04:28.692356Z,2026-05-21,0x57bdda51774313bdb9c63336ebb6a51de4fddf593c7e828f3096e74b732f5b2f
research_20260521_1000-0130,user-005,0x8d2574d1b2c4fdb80a487a2e89655c57b72428556769da7bf8ede374529734f1,0x62d5f89db732245256b9a6de9da575b3acba9a3a9ca0ced31bcf2ba5b0daca2c,7.255,7.255,0.0,7.255,2026-05-21T07:33:58.803559Z,2026-05-21T07:53:58.803559Z,2026-05-21,0x57bdda51774313bdb9c63336ebb6a51de4fddf593c7e828f3096e74b732f5b2f
research_20260521_1000-0131,user-003,0xc8a35ad6ffd655913b957a072bb112d8aa489a127a42b3f2fac1a01d82fd7814,0x3bbb55c547ca86963ed5bc68585805312965f088066d8ba8b455d07b2bbc97a2,22.393,22.393,0.0,22.393,2026-05-21T21:59:55.919015Z,2026-05-21T22:59:55.919015Z,2026-05-21,0x57bdda51774313bdb9c63336ebb6a51de4fddf593c7e828f3096e74b732f5b2f
research_20260521_1000-0132,user-006,0xe1b93732538ef10af0296f0c8dd9bb3343c99ba52b97448546a6fe7574719010,0x957609b94211036b1fd056f88dd4dbd64b9cf223dc12bc6423b712a80f88444a,0.403,5.757,5.354,0.403,2026-05-21T23:36:27.140575Z,2026-05-22T00:06:27.140575Z,2026-05-21,0x57bdda51774313bdb9c63336ebb6a51de4fddf593c7e828f3096e74b732f5b2f
research_20260521_1000-0133,user-003,0xe571f97901de7376b80e9295451fca0ff9d9109046fe9386fd34d048fed0474d,0xa95b85b23d90c9e9479949c3195103e0932c940a920e01985e544a8d9a41dd9b,7.139,7.139,0.0,7.139,2026-05-21T05:00:40.965436Z,2026-05-21T05:20:40.965436Z,2026-05-21,0x57bdda51774313bdb9c63336ebb6a51de4fddf593c7e828f3096e74b732f5b2f
research_20260521_1000-0134,user-007,0x528a5ae4a52236b4485049d4fe09aa7322e7b4721da6501f027808d2674e0787,0x5fe19d2c7a7beb13c3fef99117f01d9f039a7386af3fbb08285eb0861107185f,4.809,4.809,0.0,4.809,2026-05-21T00:43:45.266450Z,2026-05-21T01:23:45.266450Z,2026-05-21,0x57bdda51774313bdb9c63336ebb6a51de4fddf593c7e828f3096e74b732f5b2f
research_20260521_1000-0135,user-002,0xbb39babddacd126d5324f6f36f745004293966917f9035ae723c94ebeb79a4ec,0x4855ffcb19b06c2382b22b02d76af6f8431b710edb291fe31e460a03293797f2,5.342,5.342,0.0,5.342,2026-05-21T22:00:51.915964Z,2026-05-21T22:30:51.915964Z,2026-05-21,0x57bdda51774313bdb9c63336ebb6a51de4fddf593c7e828f3096e74b732f5b2f
research_20260521_1000-0136,user-002,0xf658517ac6ac720f9f96adf871d5deeb88bc9551ee6716d1323faa6462773bf0,0x0765d819f727e733aa257b3e43fd0d2b11c2282d089682fa5bca13e305805420,22.083,22.083,0.0,22.083,2026-05-21T19:29:09.349903Z,2026-05-21T20:29:09.349903Z,2026-05-21,0x57bdda51774313bdb9c63336ebb6a51de4fddf593c7e828f3096e74b732f5b2f
research_20260521_1000-0137,user-007,0xd94b2504f1b1b9e8ddaaddcd8de51af2d3b2de449aebed92522da258ceac3987,0x4be08c7ec8b609edcbfdc60845ab3c6f702863c307199d4fd2fff4df9a79a85e,3.921,5.675,1.754,3.921,2026-05-21T19:54:55.049211Z,2026-05-21T20:34:55.049211Z,2026-05-21,0x57bdda51774313bdb9c63336ebb6a51de4fddf593c7e828f3096e74b732f5b2f
research_20260521_1000-0138,user-005,0x729045e4f53f014e0792538f027485042c3a15ac28890d529ac9fbf3a0fdf690,0xad123711fddac8a2d02900461310352cd769c9b6d0eb851e0a2bcd70317fd190,10.41,10.41,0.0,10.41,2026-05-21T23:49:15.299282Z,2026-05-22T00:49:15.299282Z,2026-05-21,0x57bdda51774313bdb9c63336ebb6a51de4fddf593c7e828f3096e74b732f5b2f
research_20260521_1000-0139,user-008,0x6552e1ada485cd923469bc2c74c40889a4a7fc27358bd594d6d333657b49a29c,0x2e9541d0e94c6563ef7b07d6456e7b8c61d95e047aeedf1f1afba632e9a4c8dd,-5.531,0.0,5.531,-5.531,2026-05-21T00:45:25.269414Z,2026-05-21T01:15:25.269414Z,2026-05-21,0x57bdda51774313bdb9c63336ebb6a51de4fddf593c7e828f3096e74b732f5b2f
research_20260521_1000-0140,user-008,0x9f7d3de5a31717c376c0ca44b3d6cdcd05e761a0842951609688b87ca7f152f6,0xd53dd9aede02a0343a5a367941c0b213c3c2b74c4041303ea9debeb48da84c22,5.361,5.361,0.0,5.361,2026-05-21T01:21:06.967308Z,2026-05-21T01:51:06.967308Z,2026-05-21,0x57bdda51774313bdb9c63336ebb6a51de4fddf593c7e828f3096e74b732f5b2f
research_20260521_1000-0141,user-007,0x773e4a629158857ef2f69c2f58bb7fcdb2c770db2deabe2c7e5f32f501f23475,0x3bf14fa330670710bc8e86e3ca6a60c0229a594ba97b3e50e9016db5cb8c858f,3.336,3.336,0.0,3.336,2026-05-21T05:02:43.767658Z,2026-05-21T05:22:43.767658Z,2026-05-21,0x57bdda51774313bdb9c63336ebb6a51de4fddf593c7e828f3096e74b732f5b2f
research_20260521_1000-0142,user-006,0x85ca500c4a2ee9421a497d49e46079007f4f17253ee69b508a6ed00e82f479dc,0xac4a4a862370bbecd2ece1bb2713370a1dd2eef021b0a95fefff868581aa917c,28.076,28.076,0.0,28.076,2026-05-21T07:08:38.797598Z,2026-05-21T08:23:38.797598Z,2026-05-21,0x57bdda51774313bdb9c63336ebb6a51de4fddf593c7e828f3096e74b732f5b2f
research_20260521_1000-0143,user-010,0x9e1a5285bd4dc33d3ccbde0a40466e68c92473cf622dc1ab3975d3b930340cfd,0xf6a4e78f8a33ab24f6e7ce7ba5ff40d837273d0e184dbb1398f05f6d701247a6,7.54,7.54,0.0,7.54,2026-05-21T18:40:42.857994Z,2026-05-21T19:20:42.857994Z,2026-05-21,0x57bdda51774313bdb9c63336ebb6a51de4fddf593c7e828f3096e74b732f5b2f
research_20260521_1000-0144,user-008,0x96a34ae4c49b7d51af218593f531a1f6f5e7ee3d488770f2f549a12661486a58,0x62e4a694b115a6a0c9c202e0f0c83c9b8fef681b6909927e6f43021dc3bf4344,-14.335,0.0,14.335,-14.335,2026-05-21T05:09:39.072214Z,2026-05-21T06:24:39.072214Z,2026-05-21,0x57bdda51774313bdb9c63336ebb6a51de4fddf593c7e828f3096e74b732f5b2f
research_20260521_1000-0145,user-003,0xd162604d65ad68845d2d25158abd4a7ecd254851ea495abc58922f0a217d9db3,0xa8efb58607472b622b2ef5477ba25b1edb0338ed03353c382ae62de5cd276f1a,1.886,6.447,4.561,1.886,2026-05-21T19:30:36.169655Z,2026-05-21T20:30:36.169655Z,2026-05-21,0x57bdda51774313bdb9c63336ebb6a51de4fddf593c7e828f3096e74b732f5b2f
research_20260521_1000-0146,user-009,0x40cc301e584fd3e4ee75e11eb0a5092dbcd4d7654e5bf353dcd338bc92accd4c,0x2cb970db3a333f2e89a0b3a93db7b6bace290e8a120b5a0df725f45a830b9e25,-15.284,0.0,15.284,-15.284,2026-05-21T00:48:04.823044Z,2026-05-21T01:28:04.823044Z,2026-05-21,0x57bdda51774313bdb9c63336ebb6a51de4fddf593c7e828f3096e74b732f5b2f
research_20260521_1000-0147,user-002,0xcae964c8986a1c3a83df54e0e4d185038619b62c58e2885ac871be8c49bee070,0x6f7023bcf8e3daf2cb8dc0586cfde12c0d395fbcb8630ae52f4f4eda01c554c4,-2.292,0.0,2.292,-2.292,2026-05-21T18:15:27.316436Z,2026-05-21T18:35:27.316436Z,2026-05-21,0x57bdda51774313bdb9c63336ebb6a51de4fddf593c7e828f3096e74b732f5b2f
research_20260521_1000-0148,user-003,0xd27e325725244e96842a87fcf1f7172d8b5dfb25398db4dec250ca0a0102d505,0x4e9e21fc0d9d71b068768877481148df5023d937237067494ade3cae9adc7fb9,5.654,8.14,2.486,5.654,2026-05-21T10:39:55.553448Z,2026-05-21T11:39:55.553448Z,2026-05-21,0x57bdda51774313bdb9c63336ebb6a51de4fddf593c7e828f3096e74b732f5b2f
research_20260521_1000-0149,user-004,0xd614e63fa62c4419262c51de50eb90e3ad90f34068b44f1dde964e4e592dbb14,0xa6141ebc29c804b06af4cae873f760d0c21e7745dc1b0cb23ff4238cd9d5d6cd,4.762,4.762,0.0,4.762,2026-05-21T16:58:23.431814Z,2026-05-21T17:38:23.431814Z,2026-05-21,0x57bdda51774313bdb9c63336ebb6a51de4fddf593c7e828f3096e74b732f5b2f
research_20260521_1000-0150,user-008,0xd08b1b6e1633aa8ab01012d205867b3476059dfbf78100d327b601ae34ae8bf1,0xee1b896d5e8c162117902e6d7cb24fdb1b01a194c6ad1eb15b7dd2f9d048cdaf,7.659,7.659,0.0,7.659,2026-05-21T10:52:15.077064Z,2026-05-21T11:52:15.077064Z,2026-05-21,0x57bdda51774313bdb9c63336ebb6a51de4fddf593c7e828f3096e74b732f5b2f
research_20260521_1000-0151,user-007,0x4b892c1a4e80acc2deb37fcfb4a687d03bcbce7228dde9307dbfc4004fc2c936,0x5f66674020d0bdc9daa20b71fbff0304a7d2a942d9da47bbec9eb0100cf43558,3.635,3.635,0.0,3.635,2026-05-21T19:59:59.188232Z,2026-05-21T20:29:59.188232Z,2026-05-21,0x57bdda51774313bdb9c63336ebb6a51de4fddf593c7e828f3096e74b732f5b2f
research_20260521_1000-0152,user-009,0xc82d503159218a886635f60f2e8e488df65b8108ed16c05ecc44584001c4ce30,0x99a50100480dc027ec2468c399cbcf2be949893dbe1f72edee561d237e52a152,2.565,2.565,0.0,2.565,2026-05-21T00:19:53.810685Z,2026-05-21T00:39:53.810685Z,2026-05-21,0x57bdda51774313bdb9c63336ebb6a51de4fddf593c7e828f3096e74b732f5b2f
research_20260521_1000-0153,user-003,0xa71639bde9bdf9610c4857c372f377cb4005ceb6e085c1d30ec395487e69854f,0x5ca9ae74f2791085df44dc20773a594fb1e320281177c03cef9b90acd6e26d87,-11.386,0.0,11.386,-11.386,2026-05-21T06:54:35.485060Z,2026-05-21T07:24:35.485060Z,2026-05-21,0x57bdda51774313bdb9c63336ebb6a51de4fddf593c7e828f3096e74b732f5b2f
research_20260521_1000-0154,user-005,0x3da6e00ff8f8d40a9040f046074fb7bfc488ab844f36877ed068e0c90adc6f00,0x13bb95bc54477174633700a70b124a2a175e7165b2f161d4c6c9b17cb94268b0,7.129,7.129,0.0,7.129,2026-05-21T07:18:37.607601Z,2026-05-21T07:58:37.607601Z,2026-05-21,0x57bdda51774313bdb9c63336ebb6a51de4fddf593c7e828f3096e74b732f5b2f
research_20260521_1000-0155,user-007,0xd6d18549230941d04337a95bc7142c1b1fe885370704e3ad71eb91c740c23288,0x947693bfaedc0a19cbffe8b5f4c92b876c0283a2abfa265058d6ee3c5313e1b2,-11.063,0.0,11.063,-11.063,2026-05-21T04:11:13.163244Z,2026-05-21T05:11:13.163244Z,2026-05-21,0x57bdda51774313bdb9c63336ebb6a51de4fddf593c7e828f3096e74b732f5b2f
research_20260521_1000-0156,user-007,0xb3961601700da25400b5319683a00de1171d0fb027f815478e8b60467b428167,0xec27e9f31be430dce28f7e547d001ca249efc538ff4efb63d014063165afd0b8,-11.517,0.0,11.517,-11.517,2026-05-21T19:07:39.706967Z,2026-05-21T19:37:39.706967Z,2026-05-21,0x57bdda51774313bdb9c63336ebb6a51de4fddf593c7e828f3096e74b732f5b2f
research_20260521_1000-0157,user-005,0x779e3977060b3cfa2cb1f16e20131dc41663e9d819a476258478184ea42daefe,0xc4c0c30a450846d5705698ee660d87c8a3ea458087d765bb67557dac5895704c,5.541,5.541,0.0,5.541,2026-05-21T06:33:34.605396Z,2026-05-21T07:03:34.605396Z,2026-05-21,0x57bdda51774313bdb9c63336ebb6a51de4fddf593c7e828f3096e74b732f5b2f
research_20260521_1000-0158,user-002,0x6e77cb227a9eb3bf8b246486a3ee970eb4ada3c034dfd570f89cbe585f7ac807,0x8e16b93330ca55d6add8f4c1884bcb28a5432b439fce63974fc79c9964d62101,19.256,21.217,1.961,19.256,2026-05-21T00:16:03.415822Z,2026-05-21T01:16:03.415822Z,2026-05-21,0x57bdda51774313bdb9c63336ebb6a51de4fddf593c7e828f3096e74b732f5b2f
research_20260521_1000-0159,user-006,0x959fb9a9f8c387556fe19da03a32186f9403ef7f24a4bfc5606c6314e88ca740,0xfe6a459da12c0a05c3ba66ca2f703c0a2ef52c7dae9c07d9aff29224b11a6827,5.667,5.667,0.0,5.667,2026-05-21T06:38:41.872922Z,2026-05-21T07:08:41.872922Z,2026-05-21,0x57bdda51774313bdb9c63336ebb6a51de4fddf593c7e828f3096e74b732f5b2f
research_20260521_1000-0160,user-003,0xeefbf4ffa6151e0818f23b2dde62947bdccc2e4c9dc386dcea59b3a241e78f84,0x87de4a1196695f53b23e143e21ef3533b3614f43a28fff32b7eb14c5e47113c1,2.37,2.37,0.0,2.37,2026-05-21T18:02:11.257203Z,2026-05-21T18:22:11.257203Z,2026-05-21,0x57bdda51774313bdb9c63336ebb6a51de4fddf593c7e828f3096e74b732f5b2f
research_20260521_1000-0161,user-010,0x3027c0816695a3bc8c2576e28f9fd9060edc26dbcbd9a4482d75c03f4b24b0a1,0x0abe2bc982259d156753dbc652e0f4002af7b219487dbae9b47881769e6cd2a1,11.284,11.284,0.0,11.284,2026-05-21T11:45:17.250288Z,2026-05-21T12:45:17.250288Z,2026-05-21,0x57bdda51774313bdb9c63336ebb6a51de4fddf593c7e828f3096e74b732f5b2f
research_20260521_1000-0162,user-003,0xb7383ff1a81fdd7606621fd446bc91a8a0757bab385b5d7b91f1839ecbb9b51c,0x05bdbdac2371660f84543dcbf408f96a7be527f322206a197407ac4c2eaef965,2.629,2.629,0.0,2.629,2026-05-21T05:40:40.478966Z,2026-05-21T06:00:40.478966Z,2026-05-21,0x57bdda51774313bdb9c63336ebb6a51de4fddf593c7e828f3096e74b732f5b2f
research_20260521_1000-0163,user-009,0x2ab65826fec4a1104c6c5783baec596b403236319138021c94d5151c0a53681f,0x3ab973cb3992a6340428180ec82767252199b9d5baa33166993286289b9083f9,-22.35,0.0,22.35,-22.35,2026-05-21T05:34:21.695942Z,2026-05-21T06:34:21.695942Z,2026-05-21,0x57bdda51774313bdb9c63336ebb6a51de4fddf593c7e828f3096e74b732f5b2f
research_20260521_1000-0164,user-004,0x7df89892ba83c9312a670c910d3fb0c17dbfaa2b29d234b8e5ae6eff2f23e0e2,0xa1c04cd7537e2f92c1d9b5bdffd8d6646429ca0d1ade13a3e5da51e582a2e545,1.659,2.508,0.849,1.659,2026-05-21T22:35:36.926436Z,2026-05-21T22:55:36.926436Z,2026-05-21,0x57bdda51774313bdb9c63336ebb6a51de4fddf593c7e828f3096e74b732f5b2f
research_20260521_1000-0165,user-006,0x2d2478493f034feecb9c3336b5c17241d77e400aae29581cb27dca951fb89472,0xcf792d315d193e07f62d31726eb4b28d25f733cca7e0f61444dfdab593ac1902,-4.599,0.0,4.599,-4.599,2026-05-21T11:25:52.336660Z,2026-05-21T12:05:52.336660Z,2026-05-21,0x57bdda51774313bdb9c63336ebb6a51de4fddf593c7e828f3096e74b732f5b2f
research_20260521_1000-0166,user-002,0xae46ce7e0efdc812ea1bd58c929dd11fcf516a8fbc302e3738f7b9c2e5eaf453,0x7676fd0c0ef480168377ad4042d3cfa8267bffab82617c8fd98025d844578bed,8.51,11.654,3.144,8.51,2026-05-21T12:04:32.850044Z,2026-05-21T13:19:32.850044Z,2026-05-21,0x57bdda51774313bdb9c63336ebb6a51de4fddf593c7e828f3096e74b732f5b2f
research_20260521_1000-0167,user-007,0x66fc4bca4667b4de2401d477d53f15f48fc9c4fed4dc6e97e9633f834cef7fd5,0xbd7d5bd64ff5cd5a0eb6aaf18d46f1319e023713c1de735eabeee339966412b5,5.48,5.48,0.0,5.48,2026-05-21T18:35:41.876886Z,2026-05-21T19:05:41.876886Z,2026-05-21,0x57bdda51774313bdb9c63336ebb6a51de4fddf593c7e828f3096e74b732f5b2f
research_20260521_1000-0168,user-007,0x436ac3e644658ca442451a87862cbacb784138cb23b16af84aff6369a0d1d2bc,0xdcfa42668170a79f6c4ca8180067ed11f0b4a2942bfea2ae8aba61b219439fc4,11.172,11.172,0.0,11.172,2026-05-21T22:19:44.755776Z,2026-05-21T23:19:44.755776Z,2026-05-21,0x57bdda51774313bdb9c63336ebb6a51de4fddf593c7e828f3096e74b732f5b2f
research_20260521_1000-0169,user-004,0xd15777339ae920382caf4a5f159235f46dfb8caa4c2e93185b84236422157e2b,0x955f3dd7fd68f94afdd0c1bfe9f7e715e7e14bf781da81158053bac0b906adac,3.554,5.292,1.738,3.554,2026-05-21T20:22:11.065045Z,2026-05-21T21:22:11.065045Z,2026-05-21,0x57bdda51774313bdb9c63336ebb6a51de4fddf593c7e828f3096e74b732f5b2f
research_20260521_1000-0170,user-009,0x1820ca9dd193919ef6b090525739079e34b8af20fba7daad294a799ef37d77d2,0xab8d516c40b95f729241b6029cf85f55ce87bd121313e828694d21f15f00327d,7.666,7.666,0.0,7.666,2026-05-21T14:04:11.892178Z,2026-05-21T14:44:11.892178Z,2026-05-21,0x57bdda51774313bdb9c63336ebb6a51de4fddf593c7e828f3096e74b732f5b2f
research_20260521_1000-0171,user-007,0x33ac3037ab56b057c42e8a5e743532b77087807581835cd87f7be008a010a271,0xcdb1d8538fb711ca2db7f484d390a65784dff7107e8a7098c50ac06f15e4f8d9,7.806,7.806,0.0,7.806,2026-05-21T07:09:57.307614Z,2026-05-21T07:49:57.307614Z,2026-05-21,0x57bdda51774313bdb9c63336ebb6a51de4fddf593c7e828f3096e74b732f5b2f
research_20260521_1000-0172,user-004,0x9188e8eba17bf66033f6034fa4ea5ce0f120ad45134b3d681db2c81bca13e106,0x4e03d7c01555c3102602930549b89560e3cda0e0a6ebb19c815b2f13b3dd3774,10.922,10.922,0.0,10.922,2026-05-21T13:08:14.364554Z,2026-05-21T14:08:14.364554Z,2026-05-21,0x57bdda51774313bdb9c63336ebb6a51de4fddf593c7e828f3096e74b732f5b2f
research_20260521_1000-0173,user-001,0xa19cffeae62a2e3b8da2ec7fd458fff661a56e0e0bcbca10a17487e2a07947a2,0xae1374c00a7e2ec41756185ae9ad1776e351ded3f765eb656e6ac9948744d4d1,22.147,22.147,0.0,22.147,2026-05-21T01:07:58.853170Z,2026-05-21T02:07:58.853170Z,2026-05-21,0x57bdda51774313bdb9c63336ebb6a51de4fddf593c7e828f3096e74b732f5b2f
research_20260521_1000-0174,user-002,0x3c4d9e1c023ba4cd51eeed342eb6a8887f38d5d14afc6ed4ca62fc07ae16084b,0x83023431dc17e7eddc920eb2efd00d19041b72ca813aac17e5736da73831e6f1,2.411,2.411,0.0,2.411,2026-05-21T23:27:36.464211Z,2026-05-21T23:47:36.464211Z,2026-05-21,0x57bdda51774313bdb9c63336ebb6a51de4fddf593c7e828f3096e74b732f5b2f
research_20260521_1000-0175,user-001,0x66924fbf40ba17677a25a999e7d0ec48ed99f4bf11e129a3328fd756c69e3d98,0xb0d6032eb4cb84665dba2dcd3817f97679c8bfd6aa1cc314403e7753c319f119,14.155,14.155,0.0,14.155,2026-05-21T19:57:05.732366Z,2026-05-21T21:12:05.732366Z,2026-05-21,0x57bdda51774313bdb9c63336ebb6a51de4fddf593c7e828f3096e74b732f5b2f
research_20260521_1000-0176,user-009,0xe4b590c9ade4563a7678d817d98b06db9ebb6f2ec94170d6c0a0f243fb4084f9,0x5abf2bd01fc2671dda8b96ffa7154910318a15111545aab3c87d332367d6088a,9.187,9.187,0.0,9.187,2026-05-21T18:00:13.633956Z,2026-05-21T19:15:13.633956Z,2026-05-21,0x57bdda51774313bdb9c63336ebb6a51de4fddf593c7e828f3096e74b732f5b2f
research_20260521_1000-0177,user-004,0x1744825d5d115fc3cdbe58e577f7b1f754054be3dc50805d0e4c6012624c5e64,0x42341e585c169d105220a89c375f952cd6701ff59ae0dc1a44d094abde6d1bea,2.506,2.506,0.0,2.506,2026-05-21T00:36:28.139946Z,2026-05-21T00:56:28.139946Z,2026-05-21,0x57bdda51774313bdb9c63336ebb6a51de4fddf593c7e828f3096e74b732f5b2f
research_20260521_1000-0178,user-007,0xd2d7fa344bb2c3502cdd6922c1fc3547ac07042f358e63cf41dac189a8d279e0,0xab8047fba053602678989dde7539ca2bcb6fc5d46019a94de9ffcba284f13bae,1.287,2.304,1.017,1.287,2026-05-21T15:28:04.879574Z,2026-05-21T15:58:04.879574Z,2026-05-21,0x57bdda51774313bdb9c63336ebb6a51de4fddf593c7e828f3096e74b732f5b2f
research_20260521_1000-0179,user-008,0xe5252c5122785eaf99135f2a0d34ed805d2bae2fa54f1aec5de3b46862acc99a,0x37b43f6eed82c67f08070dd2728bd3eae7ec20c5f47ec9239fa9b629b3fd9c9c,3.358,4.264,0.906,3.358,2026-05-21T10:58:20.434429Z,2026-05-21T11:28:20.434429Z,2026-05-21,0x57bdda51774313bdb9c63336ebb6a51de4fddf593c7e828f3096e74b732f5b2f
research_20260521_1000-0180,user-006,0x440deaa29b1c82618cde7ce05f1185378b90a5cb9ac867758fa4b9857b7cd778,0x6e4ab0a6405bb03d0993b421ebbb332dddb835536c20b657729e9b16b0aef279,11.307,11.307,0.0,11.307,2026-05-21T22:33:14.364810Z,2026-05-21T23:03:14.364810Z,2026-05-21,0x57bdda51774313bdb9c63336ebb6a51de4fddf593c7e828f3096e74b732f5b2f
research_20260521_1000-0181,user-005,0xd37308a3a972f72bbb65741d71d37d23b078142ff598b797898573568abca9f6,0x35043342d370c2f8cd89a7b7762a2a313849d67514eedd8f5c48fc0d747d7f72,10.734,10.734,0.0,10.734,2026-05-21T16:14:27.083142Z,2026-05-21T16:44:27.083142Z,2026-05-21,0x57bdda51774313bdb9c63336ebb6a51de4fddf593c7e828f3096e74b732f5b2f
research_20260521_1000-0182,user-010,0x34f6a50ccb45a6884b790f024b6982e7183ee6ae6dea81e3059567f154a32a27,0x421e8ed7fb4dd25a12292ace32e8d96ef69978006be6512424f4dbdc8c6ee2c9,10.876,10.876,0.0,10.876,2026-05-21T04:26:11.153971Z,2026-05-21T05:26:11.153971Z,2026-05-21,0x57bdda51774313bdb9c63336ebb6a51de4fddf593c7e828f3096e74b732f5b2f
research_20260521_1000-0183,user-003,0x0608626c3d33cc2cd8b0c525a4710baacdce8268e2c895be8308a8f9a5fe77fa,0xa97c47b5ba066301da326392ef7399993d8faa3dff3d8560f6eabd5594c8afe4,-2.524,0.0,2.524,-2.524,2026-05-21T16:02:07.047979Z,2026-05-21T16:22:07.047979Z,2026-05-21,0x57bdda51774313bdb9c63336ebb6a51de4fddf593c7e828f3096e74b732f5b2f
research_20260521_1000-0184,user-008,0xf7417e65e23404add7796fa14099e736ef4683cdfe23caafdee5efe586ffb209,0xa78cda711deef1282f7a877984670b7c9a16fe8825465dfa21342c500233f09d,3.567,3.567,0.0,3.567,2026-05-21T23:42:35.418406Z,2026-05-22T00:12:35.418406Z,2026-05-21,0x57bdda51774313bdb9c63336ebb6a51de4fddf593c7e828f3096e74b732f5b2f
research_20260521_1000-0185,user-007,0xe6725d5156ea8cb676b7a02e48569d6607893666848848e32b7394015af70fa6,0x22d2b6819918d87bf92bbff833e545e07326eb42ddca60826bdbcb59261ee116,7.109,7.109,0.0,7.109,2026-05-21T15:33:13.626973Z,2026-05-21T16:33:13.626973Z,2026-05-21,0x57bdda51774313bdb9c63336ebb6a51de4fddf593c7e828f3096e74b732f5b2f
research_20260521_1000-0186,user-002,0xc73809be3c56e8633f74cb1ae72432b593314cd7d3dfeecef2549ee65510ecdf,0x94c89ede974bb77772af0a479a8104ce12adb494a3943e62763c2954dc913ee4,13.236,13.236,0.0,13.236,2026-05-21T15:52:21.069521Z,2026-05-21T17:07:21.069521Z,2026-05-21,0x57bdda51774313bdb9c63336ebb6a51de4fddf593c7e828f3096e74b732f5b2f
research_20260521_1000-0187,user-007,0xe49449d3abf5340348befee568ddb2a085f17a2946490e6f2eb9c0dd2f91ebde,0x57a1bcaab6c78f78ddecd26087498e95747bcfb5af8bc255b9013e0115dce211,12.368,13.438,1.07,12.368,2026-05-21T21:52:48.909756Z,2026-05-21T23:07:48.909756Z,2026-05-21,0x57bdda51774313bdb9c63336ebb6a51de4fddf593c7e828f3096e74b732f5b2f
research_20260521_1000-0188,user-005,0x7af9165b9444c65fe1151a613d17f9434766022cc645f19ae9b5411d5e578689,0x1ab72b03e83b02d81c0b48ce777e83423de37deb36207e7165d67765286cdd41,10.313,10.313,0.0,10.313,2026-05-21T10:26:29.094804Z,2026-05-21T10:56:29.094804Z,2026-05-21,0x57bdda51774313bdb9c63336ebb6a51de4fddf593c7e828f3096e74b732f5b2f
research_20260521_1000-0189,user-009,0x164921af3f632154d77167d56b3949bfe35a810603a0ace3bcd8064c13eae227,0xc6c76e88f3d4caf484683d3d83fe132106568cea5637b1113eb17acdb462d3f2,21.195,21.195,0.0,21.195,2026-05-21T07:29:37.330642Z,2026-05-21T08:29:37.330642Z,2026-05-21,0x57bdda51774313bdb9c63336ebb6a51de4fddf593c7e828f3096e74b732f5b2f
research_20260521_1000-0190,user-003,0x859aeba4943a574f8eaada5a28699085ed6d740c48baf83b2b562e0b3c58166a,0x4e1ec12d689c363fd1101309037009139800b1905c12c5e133e3116ae7bb39e9,-7.536,0.0,7.536,-7.536,2026-05-21T22:57:32.802185Z,2026-05-21T23:17:32.802185Z,2026-05-21,0x57bdda51774313bdb9c63336ebb6a51de4fddf593c7e828f3096e74b732f5b2f
research_20260521_1000-0191,user-007,0x2513caebd335101e81fd7cdd827afe4c802b5df35ae31685ddf98e6ac69d9a61,0x0067932cab438d3bac1632a8b3ea1691cc2f893cd280cf519cba5f31b3bb08c6,13.665,13.665,0.0,13.665,2026-05-21T10:37:50.132777Z,2026-05-21T11:52:50.132777Z,2026-05-21,0x57bdda51774313bdb9c63336ebb6a51de4fddf593c7e828f3096e74b732f5b2f
research_20260521_1000-0192,user-008,0x5559b2f55d98d1c8f42a09b4cecef9d53cabbdae78e47431313c86ea78806109,0x41e553e03ac850a8857369be574d736782808362a83a4c257cd1bd97f3e50c5f,2.242,4.633,2.391,2.242,2026-05-21T10:15:17.192081Z,2026-05-21T11:15:17.192081Z,2026-05-21,0x57bdda51774313bdb9c63336ebb6a51de4fddf593c7e828f3096e74b732f5b2f
research_20260521_1000-0193,user-002,0x77f35c0fdea371f003fa09287e2922dfc8193fdbadd07002aa35ec2577bf9eea,0x29917a6cbc28539ddfdc238add4e1795e98b1f3ff5fd9b8bf759282931082865,-3.608,0.0,3.608,-3.608,2026-05-21T00:38:36.290072Z,2026-05-21T01:08:36.290072Z,2026-05-21,0x57bdda51774313bdb9c63336ebb6a51de4fddf593c7e828f3096e74b732f5b2f
research_20260521_1000-0194,user-008,0x04544d0a1e7902e682b080d0b94501e4cf90a329926a029667d1b521143b73d9,0x03b2c0c05d0700e2e9a2266f85993249812a95fe46608f771600ce41006d3c7f,4.835,4.835,0.0,4.835,2026-05-21T05:45:19.779292Z,2026-05-21T06:25:19.779292Z,2026-05-21,0x57bdda51774313bdb9c63336ebb6a51de4fddf593c7e828f3096e74b732f5b2f
research_20260521_1000-0195,user-008,0xa741dff21f5edf6b59e398c5036e706f436882537b89437486b9c0d836f63d95,0x10e90367a6a2d903e343d5fa15cf03300fe7627483711f5d92ffa54126660489,3.866,9.259,5.393,3.866,2026-05-21T22:46:11.678062Z,2026-05-21T23:26:11.678062Z,2026-05-21,0x57bdda51774313bdb9c63336ebb6a51de4fddf593c7e828f3096e74b732f5b2f
research_20260521_1000-0196,user-005,0xfdddc7fc317c2b85f14ed1f40300dce56c5b9f0dd1ab682bf7192b6c148c03a3,0x791960caac80e6669e5ecbc7bb9183f42765d039b963462228ac160a9dc358f9,1.651,2.734,1.083,1.651,2026-05-21T06:00:29.757981Z,2026-05-21T06:20:29.757981Z,2026-05-21,0x57bdda51774313bdb9c63336ebb6a51de4fddf593c7e828f3096e74b732f5b2f
research_20260521_1000-0197,user-007,0x90e24b68f4add54368f9c3580e1595a093e9cadaa78b8a3548515eba6793ac15,0x0a6b5e7c2d70c82ba363c449788fbbb68b7df90c26f1a3dbd878edf724a573b8,3.626,3.626,0.0,3.626,2026-05-21T11:39:52.501403Z,2026-05-21T11:59:52.501403Z,2026-05-21,0x57bdda51774313bdb9c63336ebb6a51de4fddf593c7e828f3096e74b732f5b2f
research_20260521_1000-0198,user-005,0x704aea977cfe3d6e55621eb9c5209bc7be7d76bdbbbe483d245ab324e598be8c,0x2fe992b5d7544c6902cd9e8deaab25c29e668d7fa80a45d0f37246c6e716a768,11.075,11.075,0.0,11.075,2026-05-21T13:48:43.092423Z,2026-05-21T14:48:43.092423Z,2026-05-21,0x57bdda51774313bdb9c63336ebb6a51de4fddf593c7e828f3096e74b732f5b2f
research_20260521_1000-0199,user-005,0xf3bbeeda003ded077a615b448e32ae6c86df9c8661a1053d59feec011b743331,0x2dd3252af4bb5022582facf049e232cfb43b50b7524b93d4a5732e2d15d6b1be,7.661,7.661,0.0,7.661,2026-05-21T08:36:32.613979Z,2026-05-21T09:16:32.613979Z,2026-05-21,0x57bdda51774313bdb9c63336ebb6a51de4fddf593c7e828f3096e74b732f5b2f
research_20260521_1000-0200,user-001,0x5339e153dc2a0e341ac61a0cb95c27ea9ff73caeb647ace7b3e0a65c6e009714,0x6338449015b9471fb09524ffc8c2863a99e509219162162baf1c4171fd3b90ac,6.683,6.683,0.0,6.683,2026-05-21T08:15:13.390712Z,2026-05-21T08:55:13.390712Z,2026-05-21,0x57bdda51774313bdb9c63336ebb6a51de4fddf593c7e828f3096e74b732f5b2f
research_20260521_1000-0201,user-006,0xfdb9aa73a3ca5a82a3d6583e2c4b88edcfeed8896f044a06307eb92efc7e0073,0x168fb60e56c667b918bcc8208ae79299235c29116a23d21fa48ec97a4409cf37,11.151,11.151,0.0,11.151,2026-05-21T11:48:27.996476Z,2026-05-21T12:18:27.996476Z,2026-05-21,0x57bdda51774313bdb9c63336ebb6a51de4fddf593c7e828f3096e74b732f5b2f
research_20260521_1000-0202,user-002,0x3b8734976c30c0b90b50db593a80bb87a7f596b8f46e75fb7290c5817804a80f,0x7f1698c9cab369a3790dc8c3ed1fc81f7bad2e4bfe85117568851cad7996901e,10.475,10.475,0.0,10.475,2026-05-21T18:38:57.296605Z,2026-05-21T19:08:57.296605Z,2026-05-21,0x57bdda51774313bdb9c63336ebb6a51de4fddf593c7e828f3096e74b732f5b2f
research_20260521_1000-0203,user-010,0xe49d149d6b0fdce4034d189adfa9e751f0c2256c0d4d7226ac7e7e814d638085,0xe1631258d61da637159c364ac010715164910a4ad663ad2e7e763020a55b7073,0.261,5.612,5.351,0.261,2026-05-21T22:16:26.960288Z,2026-05-21T22:46:26.960288Z,2026-05-21,0x57bdda51774313bdb9c63336ebb6a51de4fddf593c7e828f3096e74b732f5b2f
research_20260521_1000-0204,user-003,0xbaf867f3c87af4573f374feecfbd55437b21a78f4551ef93e2758a0201064d0c,0x75d60bfdcac984970f9b213adb1a45774ed1ce3c2b6e10ff84c0a8bcc17a8589,3.521,3.521,0.0,3.521,2026-05-21T16:23:24.469259Z,2026-05-21T16:53:24.469259Z,2026-05-21,0x57bdda51774313bdb9c63336ebb6a51de4fddf593c7e828f3096e74b732f5b2f
research_20260521_1000-0205,user-002,0xdaf63f4e5e9056b9ab13a1b9e7540b19a69256677ee5227be01021d167f9bc01,0x0de6396e6ec9a6cca4c220b971decc482054e6f80d9a96d6c897db5070e1f14c,-22.245,0.0,22.245,-22.245,2026-05-21T20:52:39.325266Z,2026-05-21T21:52:39.325266Z,2026-05-21,0x57bdda51774313bdb9c63336ebb6a51de4fddf593c7e828f3096e74b732f5b2f
research_20260521_1000-0206,user-003,0x2b32733aba564d3b80125561c332467d79a110da9ecc1e786dbfc82da65bca1b,0x40f2d0b992ae01614ae747f9b3cf8f45c8168cd79ce9d94d7f8a1247fbbb3017,-28.441,0.0,28.441,-28.441,2026-05-21T21:31:06.009503Z,2026-05-21T22:46:06.009503Z,2026-05-21,0x57bdda51774313bdb9c63336ebb6a51de4fddf593c7e828f3096e74b732f5b2f
research_20260521_1000-0207,user-003,0x770cb81cf3e3d8e9b3537670370ed21755aa8da94d6f15bf58814972deaaa08e,0x7e7883dd20336cb43ef3372f45340b38580b14326e8ca7134e20ed19648c297c,7.617,7.617,0.0,7.617,2026-05-21T18:54:53.164200Z,2026-05-21T19:14:53.164200Z,2026-05-21,0x57bdda51774313bdb9c63336ebb6a51de4fddf593c7e828f3096e74b732f5b2f
research_20260521_1000-0208,user-001,0x0a651c62d15bff17e7bac26278bd17fe82552b36e15dc30353df4234575b3f5a,0xf22b5fb59653bbd74d02074aa534f4459c5022c7350519ac1a9facc5a2f3d30c,3.549,5.312,1.763,3.549,2026-05-21T09:43:44.960536Z,2026-05-21T10:03:44.960536Z,2026-05-21,0x57bdda51774313bdb9c63336ebb6a51de4fddf593c7e828f3096e74b732f5b2f
research_20260521_1000-0209,user-001,0xf061ddcb29a389a585db6aa413e201ea24b2538f02c3b7951f156472def8fd1d,0x67cee8e66cc7601f04f8b95fd9384e8116b566dd52b47d3ba3a103c45d2970f5,6.78,6.78,0.0,6.78,2026-05-21T16:45:23.538309Z,2026-05-21T17:05:23.538309Z,2026-05-21,0x57bdda51774313bdb9c63336ebb6a51de4fddf593c7e828f3096e74b732f5b2f
research_20260521_1000-0210,user-002,0x1aaec82c9ae6a1eacff58bd578bb01c884788e3a776baefadfa1237f8112bd7e,0x62608ec26ffbc0cdcba0fe3d3d5557c2e9d2fc6eb4a7f805ca9786e85647a7b1,6.899,6.899,0.0,6.899,2026-05-21T05:08:56.730283Z,2026-05-21T06:08:56.730283Z,2026-05-21,0x57bdda51774313bdb9c63336ebb6a51de4fddf593c7e828f3096e74b732f5b2f
research_20260521_1000-0211,user-008,0x5e6dad714120a717c33cd951ce8646d4866101deae5d49d4a5663a2bc7ca3efa,0xc62e61a61b452222dce126f8509f8231f29280f734ac0dd3444fba55f962ac41,3.823,5.497,1.674,3.823,2026-05-21T20:24:13.915834Z,2026-05-21T20:44:13.915834Z,2026-05-21,0x57bdda51774313bdb9c63336ebb6a51de4fddf593c7e828f3096e74b732f5b2f
research_20260521_1000-0212,user-001,0x175ae5890526ec1d66582207bc37152626bf537fe24efd5b5f4f08f3471bf195,0x4223ee8f617e6a90594e9ddd9ff84995bfffc4a0ef920a11edf673c2d2430b83,-14.705,0.0,14.705,-14.705,2026-05-21T03:31:45.713552Z,2026-05-21T04:11:45.713552Z,2026-05-21,0x57bdda51774313bdb9c63336ebb6a51de4fddf593c7e828f3096e74b732f5b2f
research_20260521_1000-0213,user-002,0xa3e847d6a12f904724e3bef25a90de0b5b730405c46ae5b21aba37e19dd91d80,0xacfe1ce799c27355a2b6d20abcc180c2015923c2ea6f24285ab3f428f3b85446,0.341,2.575,2.234,0.341,2026-05-21T15:02:25.445957Z,2026-05-21T15:42:25.445957Z,2026-05-21,0x57bdda51774313bdb9c63336ebb6a51de4fddf593c7e828f3096e74b732f5b2f
research_20260521_1000-0214,user-002,0xac1c19f4095fef2eed03bbe4d640767e5b9608fcc47113daeb3a6c4253a43559,0x7878fac86550a5dee7d3065e7a0f7d2373b5d1b21d7e740b6f330a1710eb4169,14.209,14.209,0.0,14.209,2026-05-21T13:59:55.205283Z,2026-05-21T15:14:55.205283Z,2026-05-21,0x57bdda51774313bdb9c63336ebb6a51de4fddf593c7e828f3096e74b732f5b2f
research_20260521_1000-0215,user-010,0xbf60147df7c108e953cd0c40241bade18499a85c908a15f6c6a29007ac5f31af,0x92dce2c50bc9b5a2aa7fe633999e030557e9245014356b78962423adab786234,14.444,14.444,0.0,14.444,2026-05-21T18:36:27.702970Z,2026-05-21T19:16:27.702970Z,2026-05-21,0x57bdda51774313bdb9c63336ebb6a51de4fddf593c7e828f3096e74b732f5b2f
research_20260521_1000-0216,user-001,0x8742836067ba089354e616746371fe51843aee7ce9071f53f0b35fc42c352298,0xb2e9a8201cd2c95817353f8bb2b1c727351a80421e78e83bd0803614010d9e58,11.471,11.471,0.0,11.471,2026-05-21T08:32:30.350889Z,2026-05-21T09:02:30.350889Z,2026-05-21,0x57bdda51774313bdb9c63336ebb6a51de4fddf593c7e828f3096e74b732f5b2f
research_20260521_1000-0217,user-007,0xc072831acfc72d491264011bbd0edf98eb65ce5bbdc5ab935f2dd82d2d0f8f69,0x07bfc315458fafa21237df07653bdfef455e70f2dbbff229dec3b9ca1180a071,3.758,3.758,0.0,3.758,2026-05-21T14:18:16.867765Z,2026-05-21T14:48:16.867765Z,2026-05-21,0x57bdda51774313bdb9c63336ebb6a51de4fddf593c7e828f3096e74b732f5b2f
research_20260521_1000-0218,user-001,0xcd4da4f00dcd622388afd42a17a6ceee0b7a80a9c34d8a404642df61f6886b67,0xf56c659583a543f01791974a027fe79868a593602b99ff90ddc2daef13233820,2.571,2.571,0.0,2.571,2026-05-21T10:36:43.880615Z,2026-05-21T10:56:43.880615Z,2026-05-21,0x57bdda51774313bdb9c63336ebb6a51de4fddf593c7e828f3096e74b732f5b2f
research_20260521_1000-0219,user-006,0xb73a155e387727572f6e57776e966841bad215406dcf8a7c2d3a21270e87ec42,0x9d233251877334310d1ed82d34730a295983fa93860722f5295869bbb9a9fdc7,-5.172,0.0,5.172,-5.172,2026-05-21T04:10:33.130411Z,2026-05-21T04:40:33.130411Z,2026-05-21,0x57bdda51774313bdb9c63336ebb6a51de4fddf593c7e828f3096e74b732f5b2f
research_20260521_1000-0220,user-005,0xe7084e38b450c58ae7eb7b9c1fed5e4cee3b7a993f25fbae30523b0a49dcd7cf,0x64739e0c23ca15d66c7ddb4308b09a84f3b8a7acbbdc9a20adfe4357caae9e4a,7.869,11.434,3.565,7.869,2026-05-21T10:50:19.533742Z,2026-05-21T11:30:19.533742Z,2026-05-21,0x57bdda51774313bdb9c63336ebb6a51de4fddf593c7e828f3096e74b732f5b2f
research_20260521_1000-0221,user-006,0x7e40dbd80b096c47a7a81d5a806487607ea03c164dd7124a882aaf1690458bb0,0x0388198b33dfa275eb4cf01f446c86c17706879992128dd0f19af516e18b1f69,7.067,7.067,0.0,7.067,2026-05-21T21:23:49.039434Z,2026-05-21T22:23:49.039434Z,2026-05-21,0x57bdda51774313bdb9c63336ebb6a51de4fddf593c7e828f3096e74b732f5b2f
research_20260521_1000-0222,user-003,0x4d0b24e9c4c9364b81208d73913134667395e64fde6514c959b9f2a4071a023f,0x5b9d55ce76f3aea8d193585d748730c3ce05c7d6e704a4791a201ee15fa39427,11.151,11.151,0.0,11.151,2026-05-21T07:22:46.949629Z,2026-05-21T07:52:46.949629Z,2026-05-21,0x57bdda51774313bdb9c63336ebb6a51de4fddf593c7e828f3096e74b732f5b2f
research_20260521_1000-0223,user-005,0x9e84ebad438a548be400165882b798b87b42eaae8a810458743c0a00d901d1cf,0xbbefb99fc1c16990eb4492a17299772954e44c23a025b46daee634b797c3aa3d,7.396,7.396,0.0,7.396,2026-05-21T14:26:04.032306Z,2026-05-21T15:06:04.032306Z,2026-05-21,0x57bdda51774313bdb9c63336ebb6a51de4fddf593c7e828f3096e74b732f5b2f
research_20260521_1000-0224,user-010,0x159e7aae368e404ce34478bcb6f2341e85e9d9bd8af706bba22f2482c0efbb3f,0x1cbab8a47ded93659b8c6adb4cce776e6adebe9bc06d50f195d4ff3e43cd4fce,7.417,10.559,3.142,7.417,2026-05-21T06:50:17.176122Z,2026-05-21T07:30:17.176122Z,2026-05-21,0x57bdda51774313bdb9c63336ebb6a51de4fddf593c7e828f3096e74b732f5b2f
research_20260521_1000-0225,user-005,0x224b98fa39383f30adb3e7596ca6ffcda2248a76e6889024cd09526e7686dd82,0xd677ea666556f0be58362c3be07ef9c2611326bdf78621f5d7bc4bac6c72cd94,7.092,7.092,0.0,7.092,2026-05-21T02:55:25.966900Z,2026-05-21T03:55:25.966900Z,2026-05-21,0x57bdda51774313bdb9c63336ebb6a51de4fddf593c7e828f3096e74b732f5b2f
research_20260521_1000-0226,user-010,0x32d0e92826261d217d04629fd44b6d9218d3fdf057785e9651697725e1fdfcce,0x8159d46619357ccb5a8babdf5cb9c22df806967433650f30569d82ea52ae6fcb,9.253,9.253,0.0,9.253,2026-05-21T03:09:01.743716Z,2026-05-21T04:24:01.743716Z,2026-05-21,0x57bdda51774313bdb9c63336ebb6a51de4fddf593c7e828f3096e74b732f5b2f
research_20260521_1000-0227,user-008,0x1d3bcc3ad65c1b155e958cc4475d918fc7287778430a9b760810c35c727f3e8e,0x15169f5046573da1afb50b0b71ed153abaa10599f7ffa27330eb733d55fc1a6f,14.857,14.857,0.0,14.857,2026-05-21T04:03:49.427159Z,2026-05-21T04:43:49.427159Z,2026-05-21,0x57bdda51774313bdb9c63336ebb6a51de4fddf593c7e828f3096e74b732f5b2f
research_20260521_1000-0228,user-005,0x66c2b6af545d3e89b45c4b5ee21765742284f2bae9d5ed687dd697d629449449,0xeaa4a65d5015669302d87da4fc634817098a8bde997c8dad3dc67135c1d45e37,3.683,3.683,0.0,3.683,2026-05-21T10:37:29.879181Z,2026-05-21T11:07:29.879181Z,2026-05-21,0x57bdda51774313bdb9c63336ebb6a51de4fddf593c7e828f3096e74b732f5b2f
research_20260521_1000-0229,user-005,0x5986daabaec77d5055ce3c0864bc8fbcf0e7dd829c49876d4339531bf94af249,0x0b3b6d5c74b359267237d6a2ddff4f399634515f0e5e0bcc315f3f1b23089ade,-28.118,0.0,28.118,-28.118,2026-05-21T12:12:36.398684Z,2026-05-21T13:27:36.398684Z,2026-05-21,0x57bdda51774313bdb9c63336ebb6a51de4fddf593c7e828f3096e74b732f5b2f
research_20260521_1000-0230,user-001,0x4a1ece2a6f7f3a60f838e374b7e7902d93ec346db78cb58c979e221119fca317,0xa28e278114844d2b07d81eca79ed78d20351f994ce53bb2dea60f61704cfd94a,3.767,5.454,1.687,3.767,2026-05-21T21:13:48.023399Z,2026-05-21T21:53:48.023399Z,2026-05-21,0x57bdda51774313bdb9c63336ebb6a51de4fddf593c7e828f3096e74b732f5b2f
research_20260521_1000-0231,user-008,0x86582e9d545bce46bd61565833e523f970c53aede152f2d3abcffb2ee279a99b,0xa1660b582f9ca226fc1f1a45b7c776df442dc6943425c0c1f03fe97a4bf927c4,11.618,13.846,2.228,11.618,2026-05-21T12:18:00.073128Z,2026-05-21T12:58:00.073128Z,2026-05-21,0x57bdda51774313bdb9c63336ebb6a51de4fddf593c7e828f3096e74b732f5b2f
research_20260521_1000-0232,user-007,0xcee38aedd02a3b4317268492c8f623b3e2073d844ca1e084553b4f7366a71729,0x9d966a1d780110b0c63c3055e397199eaea32c1120523f5ddb8970b845680794,7.371,7.371,0.0,7.371,2026-05-21T08:27:57.115835Z,2026-05-21T08:47:57.115835Z,2026-05-21,0x57bdda51774313bdb9c63336ebb6a51de4fddf593c7e828f3096e74b732f5b2f
research_20260521_1000-0233,user-010,0x8185ec670b58d7330a924f5586300673bb898794e97a2ae38840ff66d7bbe57a,0x2f8ca8b303aec4935c1bb3534383da588cbb8f985e8d3f5741ae21424291543f,-7.085,0.0,7.085,-7.085,2026-05-21T04:15:52.090870Z,2026-05-21T04:55:52.090870Z,2026-05-21,0x57bdda51774313bdb9c63336ebb6a51de4fddf593c7e828f3096e74b732f5b2f
research_20260521_1000-0234,user-006,0xff48076987f5967e3b5c6a8fbb8fd4330b48b6a1a7ab0692974cf31c193338f2,0x048662537d53dcdb742f41515de6aa22eddc29f43d823ce82eabe864ea4f9dd4,3.596,3.596,0.0,3.596,2026-05-21T01:42:36.674386Z,2026-05-21T02:02:36.674386Z,2026-05-21,0x57bdda51774313bdb9c63336ebb6a51de4fddf593c7e828f3096e74b732f5b2f
research_20260521_1000-0235,user-003,0x6383f1b46846d40fcc4cf21d34bfedff2e9217541a0f5520eca20130a7591032,0x196deaa0d16a529d4892b404a0c4275e4d3f78b6964bb4848ddad07650bab4da,-10.546,0.0,10.546,-10.546,2026-05-21T11:10:48.385207Z,2026-05-21T11:40:48.385207Z,2026-05-21,0x57bdda51774313bdb9c63336ebb6a51de4fddf593c7e828f3096e74b732f5b2f
research_20260521_1000-0236,user-001,0x03a775d5b7c74a24e59465e0d318507632d596aa14b47ce73c2668f8a564d6d8,0x7b238fa73e05ce837997ed0bd32fbad19aafe0f601777d91a533721fa465d600,7.526,8.082,0.556,7.526,2026-05-21T10:41:55.510177Z,2026-05-21T11:56:55.510177Z,2026-05-21,0x57bdda51774313bdb9c63336ebb6a51de4fddf593c7e828f3096e74b732f5b2f
research_20260521_1000-0237,user-001,0x053a0c1be8539d12af1e268a9eb9c078d64bd733fdbfb7ac843b032981988b94,0x63d5a1a1f33a37c4b52f511bf13808c4f0706b0e25d16220326fe3a8dd0de822,13.721,13.721,0.0,13.721,2026-05-21T03:33:00.100782Z,2026-05-21T04:48:00.100782Z,2026-05-21,0x57bdda51774313bdb9c63336ebb6a51de4fddf593c7e828f3096e74b732f5b2f
research_20260521_1000-0238,user-006,0xa2ecb64229e5c87684a13b1b05d09b7fcf9ba9d08663dff8cc642b46b92b848c,0xa2d2972b896f9214a9ad82bbbebe5e434b43f7438bad28ae7cfe1fc12f088d3b,-3.326,0.0,3.326,-3.326,2026-05-21T00:58:31.869145Z,2026-05-21T01:28:31.869145Z,2026-05-21,0x57bdda51774313bdb9c63336ebb6a51de4fddf593c7e828f3096e74b732f5b2f
research_20260521_1000-0239,user-006,0xfd2e1b0c802028c682530df59ff7e2502191ebe527705d5f69d9b0b48ef32cc7,0x3fcce2916b003a7932b5256cfd702f569c8573d14f2b88caf6902bf6f1ffe553,0.247,11.144,10.897,0.247,2026-05-21T05:23:20.134524Z,2026-05-21T06:23:20.134524Z,2026-05-21,0x57bdda51774313bdb9c63336ebb6a51de4fddf593c7e828f3096e74b732f5b2f
research_20260521_1000-0240,user-001,0x722d9cdcd198b733dd905ac800616e51fe6d21a3f9f262377c78cac423f550c7,0x54dc348ac6c69623809620fd5a29376560195c604a3e15d2b5a444c3603725cd,26.458,26.458,0.0,26.458,2026-05-21T10:44:42.278527Z,2026-05-21T11:59:42.278527Z,2026-05-21,0x57bdda51774313bdb9c63336ebb6a51de4fddf593c7e828f3096e74b732f5b2f
research_20260521_1000-0241,user-003,0xdb2e0fdc65bc22157f67c07b3fd3f31923f0c0658dad4a5a8588010e273b5249,0x7caac4bc4123eed5f785a95c76eb65fc265b36a0b483b06a825c140681e5bf06,27.913,27.913,0.0,27.913,2026-05-21T19:41:01.856110Z,2026-05-21T20:56:01.856110Z,2026-05-21,0x57bdda51774313bdb9c63336ebb6a51de4fddf593c7e828f3096e74b732f5b2f
research_20260521_1000-0242,user-005,0xb40b13d88151728488cff6d205b593735725a2eab9fba7f095875a848e6db01e,0xdba452f4678c85a72abf4689cfb0dbd7148d9607301540c6bfe8756f128aa640,14.753,14.753,0.0,14.753,2026-05-21T03:56:47.036199Z,2026-05-21T04:36:47.036199Z,2026-05-21,0x57bdda51774313bdb9c63336ebb6a51de4fddf593c7e828f3096e74b732f5b2f
research_20260521_1000-0243,user-006,0x1f2dfd945b4560c4d7688a95dc92ff639df9901ed1eb7321c257bf4562a9e504,0xb118e81825f4d436c88096799215f2976f6d16369e1c5b0d44d114a078edeca4,15.541,19.099,3.558,15.541,2026-05-21T12:17:55.160985Z,2026-05-21T13:17:55.160985Z,2026-05-21,0x57bdda51774313bdb9c63336ebb6a51de4fddf593c7e828f3096e74b732f5b2f
research_20260521_1000-0244,user-007,0xe59f9502f320b828ad37ca28eb73e748316f518126ebfb41bffc222384f87d0c,0xf578a0986c044b5ff13d63f17f257a1e6d6da3f5ad9eb703f9379703c9d36497,2.525,2.525,0.0,2.525,2026-05-21T23:26:40.662303Z,2026-05-21T23:46:40.662303Z,2026-05-21,0x57bdda51774313bdb9c63336ebb6a51de4fddf593c7e828f3096e74b732f5b2f
research_20260521_1000-0245,user-009,0xb155089e8b1b6aa79887378a2bfd537ca2f10758118bc80e88b4455e96b4e411,0xf9d398b0fe2a2b08b95ccf597fdf36d36bc1212dab3c801003084f8b06cf91ad,27.822,27.822,0.0,27.822,2026-05-21T00:59:08.207728Z,2026-05-21T02:14:08.207728Z,2026-05-21,0x57bdda51774313bdb9c63336ebb6a51de4fddf593c7e828f3096e74b732f5b2f
research_20260521_1000-0246,user-006,0x211b520fbc2160a26518869ff725850978aeeaf66d0b45099d2b866bb60c7654,0x693714ee4869b73c54848e732f8d669d2c052d7ef9ccfd6ec1476d05a6103288,0.775,13.513,12.738,0.775,2026-05-21T01:50:48.791965Z,2026-05-21T03:05:48.791965Z,2026-05-21,0x57bdda51774313bdb9c63336ebb6a51de4fddf593c7e828f3096e74b732f5b2f
research_20260521_1000-0247,user-007,0xb3f91bb9779bcbe6ce6a505cdaeff7042313d1239de0650b24e174ff64951c40,0xd62edf184de6a6f21ef370a2a5428f35ff6801c6e72072d12b5ecf16a7605f4c,4.653,4.653,0.0,4.653,2026-05-21T11:27:15.378557Z,2026-05-21T12:07:15.378557Z,2026-05-21,0x57bdda51774313bdb9c63336ebb6a51de4fddf593c7e828f3096e74b732f5b2f
research_20260521_1000-0248,user-008,0x7c87667b4942b1261ba7160762a9d4b57803e3757d7994e10e8d22df3b7db827,0x1dd60b2a5afd30eb891c17850276c69aba1be1b6159c2ebe884cfdb21cd09056,3.635,3.635,0.0,3.635,2026-05-21T05:36:09.791873Z,2026-05-21T05:56:09.791873Z,2026-05-21,0x57bdda51774313bdb9c63336ebb6a51de4fddf593c7e828f3096e74b732f5b2f
research_20260521_1000-0249,user-001,0x4a4e87e1612806769fbf2d63ec487c2d18a322f409631dc705b31b52a73a1e69,0x0e4ade847bf9da032a27c84d584eecc06979c6f2b588e86ad5922b809d5ab7ca,10.86,10.86,0.0,10.86,2026-05-21T14:58:57.418221Z,2026-05-21T15:28:57.418221Z,2026-05-21,0x57bdda51774313bdb9c63336ebb6a51de4fddf593c7e828f3096e74b732f5b2f
research_20260521_1000-0250,user-007,0x88f1d2701ac31d56322bb606dbcc6f9e4415f5ad9f9a576b1c3e00f149766e3d,0x50e90649091fe96220d5312ad290c78382387bf2cc78f2410d2341c82f3005d8,21.57,21.57,0.0,21.57,2026-05-21T05:51:50.427787Z,2026-05-21T06:51:50.427787Z,2026-05-21,0x57bdda51774313bdb9c63336ebb6a51de4fddf593c7e828f3096e74b732f5b2f
research_20260521_1000-0251,user-009,0x979ddd150583afd7682647c55d9083e6ebc98755bc3295802fa88aa051f8d575,0x0f626a5ac7210401e6f7d805b237a557c498e51b46c5195fd542265d350cc362,13.904,13.904,0.0,13.904,2026-05-21T14:22:11.537685Z,2026-05-21T15:02:11.537685Z,2026-05-21,0x57bdda51774313bdb9c63336ebb6a51de4fddf593c7e828f3096e74b732f5b2f
research_20260521_1000-0252,user-002,0x0828bc3294bad32c3e808950f5a00a9af8fae4f80b2d892df05de46725c3bb4c,0x281452d158054ae090e942a048f3b83505bd9ceac18000caef38f2af0fd45baa,10.22,10.22,0.0,10.22,2026-05-21T09:21:59.906392Z,2026-05-21T10:21:59.906392Z,2026-05-21,0x57bdda51774313bdb9c63336ebb6a51de4fddf593c7e828f3096e74b732f5b2f
research_20260521_1000-0253,user-010,0x766d5db964c22c35c0152686c6eda745735a15ecfb558243f18a1ecfb1061030,0xc696ad310f5d530dc2d71375daccad2fdf4d231f6196a50f8ecec5103c46098f,1.801,2.741,0.94,1.801,2026-05-21T19:54:56.678147Z,2026-05-21T20:14:56.678147Z,2026-05-21,0x57bdda51774313bdb9c63336ebb6a51de4fddf593c7e828f3096e74b732f5b2f
research_20260521_1000-0254,user-002,0xdee28aae1b04fa90589d4d548d179eaa840d1f46695608b01d9d970024e115a4,0x642b337f211d8d96b9c0d219a6cfdb8217453980c0918dd49009d9b3fae2a00f,13.771,13.771,0.0,13.771,2026-05-21T01:55:23.070816Z,2026-05-21T03:10:23.070816Z,2026-05-21,0x57bdda51774313bdb9c63336ebb6a51de4fddf593c7e828f3096e74b732f5b2f
research_20260521_1000-0255,user-009,0x91b83ab9ea6cbf3b653caae17e4be0f6283642340328bb2a48f56765b418628c,0x3eb9c1643948f4eab65244fc9bc6e1c255f7eeca1bce158d83224a73047cda98,14.06,14.06,0.0,14.06,2026-05-21T04:28:04.068994Z,2026-05-21T05:43:04.068994Z,2026-05-21,0x57bdda51774313bdb9c63336ebb6a51de4fddf593c7e828f3096e74b732f5b2f
research_20260521_1000-0256,user-005,0x49fc37d906c0244b70a7a0ece9c58a0f97e46bb450bfa49bc8f41294c5bc6db1,0x6f0b0ea4a12a87f318fa11126f24b52e1a59767e8d25fcb1dc560c8ed996634a,3.824,3.824,0.0,3.824,2026-05-21T18:01:30.542551Z,2026-05-21T18:21:30.542551Z,2026-05-21,0x57bdda51774313bdb9c63336ebb6a51de4fddf593c7e828f3096e74b732f5b2f
research_20260521_1000-0257,user-003,0x485f0cdf134c9d5069821f428b8578aac1f3e8cce1a13c783553ca5840429b94,0x7f253e70a760e7d616505458dc9c05b0a4f2e7afa3b6fa39d9aaacc5d74e29cd,5.679,5.679,0.0,5.679,2026-05-21T01:15:08.995377Z,2026-05-21T01:45:08.995377Z,2026-05-21,0x57bdda51774313bdb9c63336ebb6a51de4fddf593c7e828f3096e74b732f5b2f
research_20260521_1000-0258,user-002,0xcb1fbd92397a92ed2883f2918bb001158f6d4c610b4d8531236cb1aca99a1f4c,0xfbfaec6aae38f6609bcd27dfe599c9010ed5be4fa7821388a5f693a72ac6ca00,3.473,12.5,9.027,3.473,2026-05-21T07:45:49.832411Z,2026-05-21T08:45:49.832411Z,2026-05-21,0x57bdda51774313bdb9c63336ebb6a51de4fddf593c7e828f3096e74b732f5b2f
research_20260521_1000-0259,user-008,0xc5bc5f44ee692d57778448cc38890d21143397ba1483271d6b71f62e791a2605,0x88560ab6ff486bf1947aa5ad04d2400c967f91e89d3a427807ead72d760e82b2,-7.385,0.0,7.385,-7.385,2026-05-21T01:25:53.857994Z,2026-05-21T01:45:53.857994Z,2026-05-21,0x57bdda51774313bdb9c63336ebb6a51de4fddf593c7e828f3096e74b732f5b2f
research_20260521_1000-0260,user-001,0x1bab88a764d6e0ead2d84506cf401d98b19abcf16cee3c40076007d8ae7025eb,0x0dff9ff4f465100dde8f80f5cbb07298cf8146887ceba441258e4f521f1b6747,10.247,16.239,5.992,10.247,2026-05-21T07:48:17.495578Z,2026-05-21T08:48:17.495578Z,2026-05-21,0x57bdda51774313bdb9c63336ebb6a51de4fddf593c7e828f3096e74b732f5b2f
research_20260521_1000-0261,user-004,0x941ae85c16ab0ab56704d4fe1eab21caafa8304c566403820727175bbb9003f6,0x00afb1d1b4a3ec37949c32b96b1ed52a26f6336b1eaf2537e9d0e98ab685f1be,4.734,4.734,0.0,4.734,2026-05-21T04:26:33.926618Z,2026-05-21T05:06:33.926618Z,2026-05-21,0x57bdda51774313bdb9c63336ebb6a51de4fddf593c7e828f3096e74b732f5b2f
research_20260521_1000-0262,user-008,0x4a2693a17c5064d344dba32bad4707c2c0e4572d34991c18b5333353a16e6e37,0xfcc72a6800d1211e474cff4b4c5ef29b5a28ee335c684561de2e0ac80fd19448,20.89,24.608,3.718,20.89,2026-05-21T16:46:57.046662Z,2026-05-21T18:01:57.046662Z,2026-05-21,0x57bdda51774313bdb9c63336ebb6a51de4fddf593c7e828f3096e74b732f5b2f
research_20260521_1000-0263,user-009,0x9e7c0dac40eb0e4c8843bf8433fed7e2709a483ebba30734607afa431ee77e41,0x381df3c2d29d505a5802ab16266cb44d3c4ed3f9f6495870ee73784067e1d7bd,-7.126,0.0,7.126,-7.126,2026-05-21T19:47:39.844593Z,2026-05-21T20:27:39.844593Z,2026-05-21,0x57bdda51774313bdb9c63336ebb6a51de4fddf593c7e828f3096e74b732f5b2f
research_20260521_1000-0264,user-010,0xd85c0984140753efca9ef5cdfa081be9bdf9c77f4f275e48b604666b01b6c599,0x097efbfdfdf03fa29ff37b52a908b2c8daef76c845f0dab26b9a013aedcb459d,1.211,1.856,0.645,1.211,2026-05-21T10:15:50.513617Z,2026-05-21T10:35:50.513617Z,2026-05-21,0x57bdda51774313bdb9c63336ebb6a51de4fddf593c7e828f3096e74b732f5b2f
research_20260521_1000-0265,user-006,0xac71a7f3b84b0a535e6267bc39810f9d2b8bd8715782b86421f4ecaf406ce985,0x1e70b0c62cd79cea4b0d919304a20d675d0ddf8f5360a9ebe79ebfad704de338,-13.94,0.0,13.94,-13.94,2026-05-21T06:02:01.828932Z,2026-05-21T07:17:01.828932Z,2026-05-21,0x57bdda51774313bdb9c63336ebb6a51de4fddf593c7e828f3096e74b732f5b2f
research_20260521_1000-0266,user-007,0x0898da7b7fd3c75305b6ad2ab4c4be751b34315c7891a2c03b5b3ef0d58e879a,0x8444ed608f2bafcff6199d20613cb6c879a526e16443bef115025efc13b06fa6,0.0,5.919,5.919,0.0,2026-05-21T16:33:30.375533Z,2026-05-21T17:03:30.375533Z,2026-05-21,0x57bdda51774313bdb9c63336ebb6a51de4fddf593c7e828f3096e74b732f5b2f
research_20260521_1000-0267,user-005,0x663ea5680150fa21078db935c15451ffa15c9206ac1b22588f3c5efded303cc6,0xe99b58824c971f20a2baddfda75a3765240aadff25ba53a278cde3ef9f1b1a3c,9.977,9.977,0.0,9.977,2026-05-21T10:49:05.688286Z,2026-05-21T11:19:05.688286Z,2026-05-21,0x57bdda51774313bdb9c63336ebb6a51de4fddf593c7e828f3096e74b732f5b2f
research_20260521_1000-0268,user-009,0x314bb678f9ca35fb8604a28c38b4d9450c64b2819539668e3aeb24bc615fefe2,0x5962fb651424f1b43b32c51c99d100d8113e739b9d2ffe8be00b4304886c306d,-3.813,0.0,3.813,-3.813,2026-05-21T18:31:56.102382Z,2026-05-21T18:51:56.102382Z,2026-05-21,0x57bdda51774313bdb9c63336ebb6a51de4fddf593c7e828f3096e74b732f5b2f
research_20260521_1000-0269,user-008,0x28187e28d2bd151d4e8615bfc4b16a58e46b0160a806efe3c748d464359776f8,0x224c28443b309b238ecf06b7d68ecb975ec6e94d4e0fdbba788f313a01172180,3.312,6.967,3.655,3.312,2026-05-21T11:08:27.456073Z,2026-05-21T12:08:27.456073Z,2026-05-21,0x57bdda51774313bdb9c63336ebb6a51de4fddf593c7e828f3096e74b732f5b2f
research_20260521_1000-0270,user-010,0x3d85c2de017f0ca7ea5ac2421679509724a5718a6b0cd13ae84ef80cf40ad54a,0x9947b8f053122a4c4f4ddec407f16c3c25737e9da2ac014a85e58e171b4708b5,7.295,7.295,0.0,7.295,2026-05-21T04:36:05.525147Z,2026-05-21T05:16:05.525147Z,2026-05-21,0x57bdda51774313bdb9c63336ebb6a51de4fddf593c7e828f3096e74b732f5b2f
research_20260521_1000-0271,user-001,0x66fa805319b65a0a4991c3ef50b45bb97e7ac05702381afca089d4a4e7e0b5d9,0xe5377f7402c78f3446c3cd159da4e9d3dc6fbfa162a989df185e324005cd9c14,6.598,7.796,1.198,6.598,2026-05-21T20:19:54.300038Z,2026-05-21T21:34:54.300038Z,2026-05-21,0x57bdda51774313bdb9c63336ebb6a51de4fddf593c7e828f3096e74b732f5b2f
research_20260521_1000-0272,user-002,0x57422bb09f4e799d00b0a2ed9bd9a1707740261d2ac53175ed723cbb74525997,0x1067e39b996ab309843a9c7657b8651bf0ed4952493b075237e469d9dd999dd8,3.763,3.763,0.0,3.763,2026-05-21T10:56:48.215473Z,2026-05-21T11:26:48.215473Z,2026-05-21,0x57bdda51774313bdb9c63336ebb6a51de4fddf593c7e828f3096e74b732f5b2f
research_20260521_1000-0273,user-004,0xef04e41b396c054972cdc0790a24970453dd1a3543ae75ec70f852de95d52ba2,0xcdba85b3fb2f01a54f0c6986bce31434c160270b7bf489a912a2b585fdf356fe,7.87,7.87,0.0,7.87,2026-05-21T12:55:23.887509Z,2026-05-21T13:15:23.887509Z,2026-05-21,0x57bdda51774313bdb9c63336ebb6a51de4fddf593c7e828f3096e74b732f5b2f
research_20260521_1000-0274,user-009,0x615b7527859d83c8d4d18e37be0867bf00c4c0955f22c54b9d0b275cdfb47381,0x43bab5c362e2aa1df090eb9f7697e8be5074bd6b5949747f22af2a718f4c7ff6,7.777,7.777,0.0,7.777,2026-05-21T11:28:51.971748Z,2026-05-21T12:08:51.971748Z,2026-05-21,0x57bdda51774313bdb9c63336ebb6a51de4fddf593c7e828f3096e74b732f5b2f
research_20260521_1000-0275,user-004,0x9bf13a9b30bece004e140c72a046e143ae4ae2b48524b794eb306f8c76766827,0xf2472527fc648506e5eb4025dc7cd6854d56443171603f7897d3807aa3888496,7.13,7.13,0.0,7.13,2026-05-21T23:46:08.460451Z,2026-05-22T00:06:08.460451Z,2026-05-21,0x57bdda51774313bdb9c63336ebb6a51de4fddf593c7e828f3096e74b732f5b2f
research_20260521_1000-0276,user-006,0x6bb70395dc7abede57b00df33e3f36210df1e35a15f810cc3705893745e04145,0x2b59d4adce60b8aae802cdc99f99dddc020ce381bf00534a599f8fd7ef5613d1,-2.601,0.0,2.601,-2.601,2026-05-21T01:38:34.665018Z,2026-05-21T01:58:34.665018Z,2026-05-21,0x57bdda51774313bdb9c63336ebb6a51de4fddf593c7e828f3096e74b732f5b2f
research_20260521_1000-0277,user-006,0xbf1c4d91e58aed04c7a6e9dc72e697d97cc0bcab8c93c2c6e3b619b82ef19b1f,0x2d621cd1557b1eb14b7465a2128a061ccd2203c17b6332b96fe06f7f8d63c470,0.472,11.178,10.706,0.472,2026-05-21T04:39:02.607463Z,2026-05-21T05:39:02.607463Z,2026-05-21,0x57bdda51774313bdb9c63336ebb6a51de4fddf593c7e828f3096e74b732f5b2f
research_20260521_1000-0278,user-002,0x5179c751a69c9d9a9fd7c1f5589287d685ec06ba505248c33976efe784c69968,0xa42fdb8089572e874838a89cea368ec2bcc7c98ad8300b690dc6a2ba0de992d5,10.655,10.655,0.0,10.655,2026-05-21T11:14:09.726019Z,2026-05-21T12:14:09.726019Z,2026-05-21,0x57bdda51774313bdb9c63336ebb6a51de4fddf593c7e828f3096e74b732f5b2f
research_20260521_1000-0279,user-009,0xebe334a246365ef81ee6f3d2161e027b65ea8f8c9515496f3fd9c34223578384,0xe0b61e094e598b52cac47eafa05ad028d549a1a3a0ea021e7c0b01ccf935de5d,-7.397,0.0,7.397,-7.397,2026-05-21T20:17:03.037196Z,2026-05-21T20:57:03.037196Z,2026-05-21,0x57bdda51774313bdb9c63336ebb6a51de4fddf593c7e828f3096e74b732f5b2f
research_20260521_1000-0280,user-007,0x669e25d92d950598a0cc1a2e74a23835532c2e5b5339e1daf66c37236cb72c71,0xc19a166e9d32ca8e5c5bf8be9c7ae7e9281b126ab12d9a4f07b0cf1da6ecdeb1,27.927,27.927,0.0,27.927,2026-05-21T08:11:35.603284Z,2026-05-21T09:26:35.603284Z,2026-05-21,0x57bdda51774313bdb9c63336ebb6a51de4fddf593c7e828f3096e74b732f5b2f
research_20260521_1000-0281,user-002,0xb681d126119fb1086adc3b40443f9039085bd643cb098fa29de58ca30c4ea7c3,0x7c320c1540e70b4fab8cbadcd6766ef0f2433678f5e26e52b74c3fa95f2b605c,2.565,2.565,0.0,2.565,2026-05-21T03:57:22.958555Z,2026-05-21T04:17:22.958555Z,2026-05-21,0x57bdda51774313bdb9c63336ebb6a51de4fddf593c7e828f3096e74b732f5b2f
research_20260521_1000-0282,user-003,0x5d5ab3a1a182fa367bc68a66a1d42d4ef143a3f894128a15bccc7b3b0ec2b53c,0xbad46431def46058e2d90a9eb4e60cdbe91ff8868feeb3b4a0756ce2bc878691,13.153,13.153,0.0,13.153,2026-05-21T10:34:52.211327Z,2026-05-21T11:49:52.211327Z,2026-05-21,0x57bdda51774313bdb9c63336ebb6a51de4fddf593c7e828f3096e74b732f5b2f
research_20260521_1000-0283,user-006,0xd2ffff6a323ca7dd8e46a5ad353d897e5dcec11360676dae2a79857ac10f5c9b,0x10f4c23d4627d35e5cdfe34e3b5c017fba13e396b91c9ef707b023b628839d87,-21.831,0.0,21.831,-21.831,2026-05-21T14:05:13.539600Z,2026-05-21T15:05:13.539600Z,2026-05-21,0x57bdda51774313bdb9c63336ebb6a51de4fddf593c7e828f3096e74b732f5b2f
research_20260521_1000-0284,user-005,0xa555178e51929305fadf4ffa91ba6dd074820a8e3a924843c9493c5283539e92,0xcb3bca2118a426e59bd4409a71bb0fd59d095a929e41ed735bca93ae6334c5ec,0.449,2.987,2.538,0.449,2026-05-21T00:21:28.321653Z,2026-05-21T00:51:28.321653Z,2026-05-21,0x57bdda51774313bdb9c63336ebb6a51de4fddf593c7e828f3096e74b732f5b2f
research_20260521_1000-0285,user-010,0xd0235516861cc7975ce56efd4c7e169ed5e243882a94af57dbcda9799590e6d5,0x74cdca56a3540a8b9c6df412cf8f5395aea0168a9fa8a78c055b2357ad31811e,-0.287,3.258,3.545,-0.287,2026-05-21T17:59:12.363332Z,2026-05-21T18:39:12.363332Z,2026-05-21,0x57bdda51774313bdb9c63336ebb6a51de4fddf593c7e828f3096e74b732f5b2f
research_20260521_1000-0286,user-010,0x234a415132cd7d4672011940947da75c2fc656cecbea9dbfdac6e1b0c86619aa,0x901fb1ef86e417a0ae70e67de50348e354815cc122a328e7de54125be28a4ddd,-3.607,0.0,3.607,-3.607,2026-05-21T14:49:34.416053Z,2026-05-21T15:09:34.416053Z,2026-05-21,0x57bdda51774313bdb9c63336ebb6a51de4fddf593c7e828f3096e74b732f5b2f
research_20260521_1000-0287,user-001,0xfe47097e212845b4b73bb5a70b41627fa7e04aa7b7bd15293029a66e803abbe7,0x82553d0f1d4d20112cbc6b62e2e8346dbb64fe91031f9daacf29631dc444b0dc,-7.254,0.0,7.254,-7.254,2026-05-21T08:46:12.154298Z,2026-05-21T09:46:12.154298Z,2026-05-21,0x57bdda51774313bdb9c63336ebb6a51de4fddf593c7e828f3096e74b732f5b2f
research_20260521_1000-0288,user-006,0xf463e39d03a30740c8a1570625e5e1842a69f77fa48db73961d287efb3b8e138,0x68fbd886476c5f44b92f3483fdb561d381da7a56017982629aaeb50d74a70504,1.753,14.983,13.23,1.753,2026-05-21T22:00:08.102268Z,2026-05-21T23:15:08.102268Z,2026-05-21,0x57bdda51774313bdb9c63336ebb6a51de4fddf593c7e828f3096e74b732f5b2f
research_20260521_1000-0289,user-006,0x7a92c5a13903aa2b918ae2f51fc454f4a03b7fe370581f77d95d1c32c411f6e2,0x8a6974589d645c466694a2f9bdf9e22e381293259939d211b5af6b0ee2772d47,7.835,7.835,0.0,7.835,2026-05-21T15:37:26.201168Z,2026-05-21T16:17:26.201168Z,2026-05-21,0x57bdda51774313bdb9c63336ebb6a51de4fddf593c7e828f3096e74b732f5b2f
research_20260521_1000-0290,user-002,0x19086b1351d20c896c78b06d03af64b003868ccb9b5817ef204b6f1b783a1f3e,0x62d07da64345d0807f29610d9d8d3a4e945207bb4353480821b4217a9ba1e34f,2.473,2.473,0.0,2.473,2026-05-21T21:17:11.081596Z,2026-05-21T21:37:11.081596Z,2026-05-21,0x57bdda51774313bdb9c63336ebb6a51de4fddf593c7e828f3096e74b732f5b2f
research_20260521_1000-0291,user-008,0x11dbd1fcb049bed40f231ad1edfbe3ac018332b784b35677274ca015358e44f8,0x289f9eba50d501d92380255a4d125be551dd6691a31b1f16b8134df46732157d,11.436,11.436,0.0,11.436,2026-05-21T23:26:14.562851Z,2026-05-21T23:56:14.562851Z,2026-05-21,0x57bdda51774313bdb9c63336ebb6a51de4fddf593c7e828f3096e74b732f5b2f
research_20260521_1000-0292,user-009,0x13addca7bac948c222a16ebc12afa2d0412e5c3cfdf59df6101de882efea4b0d,0x2a9cbab792c936148392ec102798486ede6b094725bbc5402dc6f77b541d2881,-0.169,1.711,1.88,-0.169,2026-05-21T22:56:23.154552Z,2026-05-21T23:26:23.154552Z,2026-05-21,0x57bdda51774313bdb9c63336ebb6a51de4fddf593c7e828f3096e74b732f5b2f
research_20260521_1000-0293,user-005,0xc8a1cfb91f2d6920a4a76a59a20b45ae9c13ab273226c6d97bd2b7a6199894f1,0x49c5a004e0f919dcde7d6f47789b8d890dc43127e7455098f781cc14b2d90c7a,7.214,7.214,0.0,7.214,2026-05-21T03:09:55.737737Z,2026-05-21T04:09:55.737737Z,2026-05-21,0x57bdda51774313bdb9c63336ebb6a51de4fddf593c7e828f3096e74b732f5b2f
research_20260521_1000-0294,user-003,0x950120c33b4b2290e4e05f04bfc0729a395a3dd8c426aac50a8db7c3c1e9f457,0xf5685d7b3f1272f48f87e3ef3a19ee3034e2c6971ecc11d274a25fb418681172,7.354,7.354,0.0,7.354,2026-05-21T23:32:32.639728Z,2026-05-22T00:12:32.639728Z,2026-05-21,0x57bdda51774313bdb9c63336ebb6a51de4fddf593c7e828f3096e74b732f5b2f
research_20260521_1000-0295,user-004,0x054c29860361e333c237ec3a68a97cde3d228e076c50c7e0491e0de0da2c2add,0x44e73af52f63bf590353c46cc283fca7b63126c5715a7b108163bc5ddf90d401,-0.458,10.376,10.834,-0.458,2026-05-21T20:20:32.413182Z,2026-05-21T21:20:32.413182Z,2026-05-21,0x57bdda51774313bdb9c63336ebb6a51de4fddf593c7e828f3096e74b732f5b2f
research_20260521_1000-0296,user-003,0x13a0acc648cb6af02c026cc59b6b4c64c7fd5a1e952ba34aa7049746f7de2612,0x35d2e472055cb3d252b5269d1822567ddab4dd812d13730259c955e81328eb51,-9.156,0.0,9.156,-9.156,2026-05-21T16:34:02.538572Z,2026-05-21T17:49:02.538572Z,2026-05-21,0x57bdda51774313bdb9c63336ebb6a51de4fddf593c7e828f3096e74b732f5b2f
research_20260521_1000-0297,user-005,0xb9747a1694830338eaebf5a430ce034fef690434bab7be0814fa8f6b71355bb5,0x143e4aa5fb696c6f8e4a83127865422dbddb52ab4aa5f4fc74288998035e455e,2.182,2.784,0.602,2.182,2026-05-21T20:20:10.910381Z,2026-05-21T20:50:10.910381Z,2026-05-21,0x57bdda51774313bdb9c63336ebb6a51de4fddf593c7e828f3096e74b732f5b2f
research_20260521_1000-0298,user-009,0x414814e3a563b5b17e1f2169d87fbb37291dde4f44061649898145fd07c6514f,0x309e4a85649600a8b762cb53384e6f7a5541e5fabdfe26fdd1126905568128a0,22.608,22.608,0.0,22.608,2026-05-21T03:40:33.656413Z,2026-05-21T04:40:33.656413Z,2026-05-21,0x57bdda51774313bdb9c63336ebb6a51de4fddf593c7e828f3096e74b732f5b2f
research_20260521_1000-0299,user-008,0x2954a82168beb060e2032e29f1e9778ed7d902768206f1f80aa5eea607067870,0x940f0178e4ff15021df810cba099d8b2d37c6a5900555a3bf8c5b9b545977f27,-21.143,0.0,21.143,-21.143,2026-05-21T03:10:20.054172Z,2026-05-21T04:10:20.054172Z,2026-05-21,0x57bdda51774313bdb9c63336ebb6a51de4fddf593c7e828f3096e74b732f5b2f
research_20260521_1000-0300,user-001,0x9ed60f05be523c1d08592e06454515d9af520c1b752f706060f2d93e3bf317f2,0xf3f07231cedde4b526622298763861d7b997f9756c1e03b2c1389ea0a7bb6930,11.1,11.1,0.0,11.1,2026-05-21T02:54:59.813335Z,2026-05-21T03:24:59.813335Z,2026-05-21,0x57bdda51774313bdb9c63336ebb6a51de4fddf593c7e828f3096e74b732f5b2f
research_20260521_1000-0301,user-005,0xf21bcc1e02048ce04015dd745b9548e78bbaf599c7980a5f2f7d7c1739c893b9,0x13534ec305dfd4f3a33f8468e19c150e3b5252a41573528506cc5e1d3079565c,11.723,11.723,0.0,11.723,2026-05-21T12:54:39.605034Z,2026-05-21T13:54:39.605034Z,2026-05-21,0x57bdda51774313bdb9c63336ebb6a51de4fddf593c7e828f3096e74b732f5b2f
research_20260521_1000-0302,user-004,0x6d820767de5a3c3dd5c270299e8b1a19832aacb18f98b810edbc3d5efdbc76e3,0x2a0ea337a640a56454fb6d67c90ab1bda9cd6a2882634494bf9f812d6ccc4563,-3.669,0.0,3.669,-3.669,2026-05-21T02:48:07.814148Z,2026-05-21T03:08:07.814148Z,2026-05-21,0x57bdda51774313bdb9c63336ebb6a51de4fddf593c7e828f3096e74b732f5b2f
research_20260521_1000-0303,user-006,0x77a008a148ad9474663b944dfc21114ce853ec389f73869021cfd062f31eca83,0x26a24de01a6db12a68566c276c25797332b777679313527916809376ea5f6513,21.706,21.706,0.0,21.706,2026-05-21T21:56:09.514595Z,2026-05-21T22:56:09.514595Z,2026-05-21,0x57bdda51774313bdb9c63336ebb6a51de4fddf593c7e828f3096e74b732f5b2f
research_20260521_1000-0304,user-008,0x3dbe885ad31de229ef2475548e17d2c0e61bf5461bb20f3a59706843d39fc770,0x4c8014c668de26b646a2927caad6ebcafcab6493a63f08ddf96fb6613ff7c201,3.526,3.526,0.0,3.526,2026-05-21T17:03:09.361565Z,2026-05-21T17:33:09.361565Z,2026-05-21,0x57bdda51774313bdb9c63336ebb6a51de4fddf593c7e828f3096e74b732f5b2f
research_20260521_1000-0305,user-004,0x22d8b338f81f8be9eb5b56b9e52a3231b0cd00b9b97e6d741be84d7ddee811e7,0xfcb9f955757c8f9d293ec121fc6d7392ad9f8adf02d144b8bbca683e94b01cf9,-11.512,0.0,11.512,-11.512,2026-05-21T09:51:02.294931Z,2026-05-21T10:51:02.294931Z,2026-05-21,0x57bdda51774313bdb9c63336ebb6a51de4fddf593c7e828f3096e74b732f5b2f
research_20260521_1000-0306,user-006,0x4f5884ba8cf89b9e8fe7d4315222adbd62ee3dc60e8f72749f118f9fccba5fad,0x4edd99f5190f4d1f553f4ef7fd293e40e4445a174bb219844cb5075b769ef10c,-2.39,0.0,2.39,-2.39,2026-05-21T01:53:38.762070Z,2026-05-21T02:13:38.762070Z,2026-05-21,0x57bdda51774313bdb9c63336ebb6a51de4fddf593c7e828f3096e74b732f5b2f
research_20260521_1000-0307,user-008,0xa9a536bf41c79a72f5298a7705555ce95d5fef434d33a79a0697a346662048d4,0xd689a684a2706b4f60a3bcc9271acd040b3ec72ff6a4660923165ce9ff887574,1.282,3.118,1.836,1.282,2026-05-21T05:59:57.472500Z,2026-05-21T06:39:57.472500Z,2026-05-21,0x57bdda51774313bdb9c63336ebb6a51de4fddf593c7e828f3096e74b732f5b2f
research_20260521_1000-0308,user-004,0x045ed54efd8c5b5b3ae31a9594f6fcb37ea7131815ec410c4ef8b3c72973d5e4,0x825004ea1a8865516059d90ce4f2aa7d4e5cd29e192aa10479f1def021d89072,6.17,7.35,1.18,6.17,2026-05-21T07:17:00.331429Z,2026-05-21T08:32:00.331429Z,2026-05-21,0x57bdda51774313bdb9c63336ebb6a51de4fddf593c7e828f3096e74b732f5b2f
research_20260521_1000-0309,user-001,0x1f506c0fe680369c43201ad40924f4d4592961571bf87007106138a05fcff7cb,0xa3e20004289d48c3ec30c0459f55ba874b8c4b69c7f8261b68424f55494e3746,20.982,20.982,0.0,20.982,2026-05-21T21:08:46.903580Z,2026-05-21T22:08:46.903580Z,2026-05-21,0x57bdda51774313bdb9c63336ebb6a51de4fddf593c7e828f3096e74b732f5b2f
research_20260521_1000-0310,user-001,0xc85468874d83a457d4d4c6864ce332cc41fb22a50521a1ebb070debd879c3877,0x01cab91d4bc5d8419e1c0f51dcafcf91db9437255e410dda3eed3b0e0be6c974,-6.858,0.0,6.858,-6.858,2026-05-21T21:15:04.503681Z,2026-05-21T21:55:04.503681Z,2026-05-21,0x57bdda51774313bdb9c63336ebb6a51de4fddf593c7e828f3096e74b732f5b2f
research_20260521_1000-0311,user-008,0x22ff6e0f075947750203b4a33cebe9cdf79e1356ef1e8c12a35f9b9ec90eb65d,0x3d9d11b21bef469e20008c98bfa81be4714e1614e3bbc58b50c645efb5a1aff5,13.608,13.608,0.0,13.608,2026-05-21T02:34:26.160565Z,2026-05-21T03:49:26.160565Z,2026-05-21,0x57bdda51774313bdb9c63336ebb6a51de4fddf593c7e828f3096e74b732f5b2f
research_20260521_1000-0312,user-009,0xa9a8086e003a485059c51aef467f49db4527d2ac3a0e285fe2ec84e58eb324b1,0x58bbd4b755d1a78117f40fed96715a58ffcdc769c5c0249e4a7a3721d1d2623b,-27.082,0.0,27.082,-27.082,2026-05-21T03:45:56.141046Z,2026-05-21T05:00:56.141046Z,2026-05-21,0x57bdda51774313bdb9c63336ebb6a51de4fddf593c7e828f3096e74b732f5b2f
research_20260521_1000-0313,user-008,0xa967eefaec75d87896e94ce9b2729eae1dbbb17c8be7bf6c27aee94c444272bc,0xe65e5875382563bc6471b19062fbd123920e26cee5243c9e6aa409dc7f4ffa44,-3.423,0.0,3.423,-3.423,2026-05-21T02:15:51.818826Z,2026-05-21T02:45:51.818826Z,2026-05-21,0x57bdda51774313bdb9c63336ebb6a51de4fddf593c7e828f3096e74b732f5b2f
research_20260521_1000-0314,user-001,0x0395ebce2737c0cf278a18e2b869b8524fd31492025256c294705c5a9f3eb11f,0x23fb0fe0c07f3de27f794099d4df4c27aea3b73574e621810df89b6ea3913545,8.115,8.629,0.514,8.115,2026-05-21T12:57:30.569323Z,2026-05-21T14:12:30.569323Z,2026-05-21,0x57bdda51774313bdb9c63336ebb6a51de4fddf593c7e828f3096e74b732f5b2f
research_20260521_1000-0315,user-003,0xb22cc2b5221241bee9f218b9f9b1a63b1722d69c5a61849aa5b376ec259752b5,0x69aa2bc98f70663e5dc8e54256bcd3bebfbff6467a6a98c6e90b912616dbae78,2.271,2.271,0.0,2.271,2026-05-21T20:12:12.344322Z,2026-05-21T20:32:12.344322Z,2026-05-21,0x57bdda51774313bdb9c63336ebb6a51de4fddf593c7e828f3096e74b732f5b2f
research_20260521_1000-0316,user-005,0x54f4e48be1212881ed2fa43a5d61e1504623e408d56af3d9a850d0f4385ea738,0xbf1790006a7c9e6a776cd2782f20c0a8839166fc7c40e3729737ef18ece82572,-3.635,0.0,3.635,-3.635,2026-05-21T10:12:19.233756Z,2026-05-21T10:42:19.233756Z,2026-05-21,0x57bdda51774313bdb9c63336ebb6a51de4fddf593c7e828f3096e74b732f5b2f
research_20260521_1000-0317,user-003,0x672d94243fc0c5cd1a302aba7aaaa8beb010d85bada6f4469d23f31f96e57e21,0xe2a0552cf1ea8abbc46c7eca6de934f344776f154ef8096c6ab9f25bac53829e,26.536,26.536,0.0,26.536,2026-05-21T07:04:15.855906Z,2026-05-21T08:19:15.855906Z,2026-05-21,0x57bdda51774313bdb9c63336ebb6a51de4fddf593c7e828f3096e74b732f5b2f
research_20260521_1000-0318,user-004,0x04d13813fe6cc14c4f6aff39ca5712c3ea3d3fecd328b8fe52dabca75a56e357,0x4fd45940604359d48e2def7f2c33d51863ceceea3bf7a476a34541fd10256516,13.841,13.841,0.0,13.841,2026-05-21T20:32:02.446522Z,2026-05-21T21:47:02.446522Z,2026-05-21,0x57bdda51774313bdb9c63336ebb6a51de4fddf593c7e828f3096e74b732f5b2f
research_20260521_1000-0319,user-002,0x159f3b0201c2c13d4e4e9a0de011b6277024003651a6094b666ab18184a754b4,0x541fbf80ed670652b06f190c98d77c468afb0e7894286e301b26ae1f043b1455,3.482,3.482,0.0,3.482,2026-05-21T16:09:44.855475Z,2026-05-21T16:29:44.855475Z,2026-05-21,0x57bdda51774313bdb9c63336ebb6a51de4fddf593c7e828f3096e74b732f5b2f
research_20260521_1000-0320,user-010,0x9da5d56edab48de1bd37088238e5f5c79aa30ec6bfb3f90aa2b7a5a58692bcfd,0xee61a72b1bd0554abd40e7cde5e8625770981291dd644aabf795dc8bfebd0a6d,21.399,21.399,0.0,21.399,2026-05-21T13:38:08.769804Z,2026-05-21T14:38:08.769804Z,2026-05-21,0x57bdda51774313bdb9c63336ebb6a51de4fddf593c7e828f3096e74b732f5b2f
research_20260521_1000-0321,user-010,0x65ad690b8ceb0044183330ab3a2f58604a34daf46751f0ac4cc20efc4e50b6d5,0x766ba7d318dfc33ad5dc7e597afab26a2df88a108cf588c74860e106cbcaf16e,11.074,11.074,0.0,11.074,2026-05-21T05:28:15.932066Z,2026-05-21T06:28:15.932066Z,2026-05-21,0x57bdda51774313bdb9c63336ebb6a51de4fddf593c7e828f3096e74b732f5b2f
research_20260521_1000-0322,user-005,0xb081fe722322c0bf6ad181320f78f18593a3a517d25361a087608c700748f84b,0xf423ab74016ebf941e2c9aa5f68ae9c5c3b5dc7d4cf9e01d9dc702584572d35a,7.064,7.064,0.0,7.064,2026-05-21T10:17:48.118361Z,2026-05-21T10:57:48.118361Z,2026-05-21,0x57bdda51774313bdb9c63336ebb6a51de4fddf593c7e828f3096e74b732f5b2f
research_20260521_1000-0323,user-009,0xa0f3b66aba2fde5e4dc4a0262802bedb565668ae5bc6d7b75355d2811ebb63ca,0x632880b640c354dd59bc2ed0594ff2d920f6583e021683e2e0e6b96a1323e8a9,4.746,4.746,0.0,4.746,2026-05-21T04:17:06.916294Z,2026-05-21T04:57:06.916294Z,2026-05-21,0x57bdda51774313bdb9c63336ebb6a51de4fddf593c7e828f3096e74b732f5b2f
research_20260521_1000-0324,user-009,0x63ec95a41b4542b2e9faffe6db7067a51e477b12d03a8da883aabab7fb59fb05,0xfde993f5e82b295c81c6e0ee0333ada58e69f5d95bc86c73de1ba7eb24d78feb,3.547,5.508,1.961,3.547,2026-05-21T14:45:10.987015Z,2026-05-21T15:25:10.987015Z,2026-05-21,0x57bdda51774313bdb9c63336ebb6a51de4fddf593c7e828f3096e74b732f5b2f
research_20260521_1000-0325,user-010,0x02ec5efdc144e2c0fee2936dab2a2630a1cf9ebef7302f1bb7545582c638472b,0x44e3aeb8778683e5c11939005f394d9efd9faa40d5265518f357c45c0ebfd2fd,8.79,8.79,0.0,8.79,2026-05-21T01:39:21.128523Z,2026-05-21T02:54:21.128523Z,2026-05-21,0x57bdda51774313bdb9c63336ebb6a51de4fddf593c7e828f3096e74b732f5b2f
research_20260521_1000-0326,user-003,0x1c737c65674f379a4a6260d9917d1614df8014cfc5160a24dd3efe8b8a99b9b4,0x2cf708471f62042d2df5369438877798ba9a13c1740b0fe81ac32c8f1ba5821f,14.065,14.065,0.0,14.065,2026-05-21T06:27:31.975438Z,2026-05-21T07:42:31.975438Z,2026-05-21,0x57bdda51774313bdb9c63336ebb6a51de4fddf593c7e828f3096e74b732f5b2f
research_20260521_1000-0327,user-006,0xf58511879ce6c3db14787fc699ec9d21d4e32b3f2d11746f41b6662d18fb67c3,0xe0f9ce5f9cf3496b2d2f8a55cb88698b224b37574bf19b6289c0880b57c9a766,1.877,4.52,2.643,1.877,2026-05-21T13:52:44.208342Z,2026-05-21T14:32:44.208342Z,2026-05-21,0x57bdda51774313bdb9c63336ebb6a51de4fddf593c7e828f3096e74b732f5b2f
research_20260521_1000-0328,user-005,0xb463c4e31604cd15e00bd63262a826581788318e71a0ecc3b6c025a07d98a471,0xde9c9225201a9b07af95d493f705a12a669f26e0bbd85e0eaea0b7fe308a3a29,4.966,9.417,4.451,4.966,2026-05-21T17:56:02.795806Z,2026-05-21T19:11:02.795806Z,2026-05-21,0x57bdda51774313bdb9c63336ebb6a51de4fddf593c7e828f3096e74b732f5b2f
research_20260521_1000-0329,user-007,0x7760d565b95b13a80822802fb6c868d5a46fef2d12f4e0d9b9985cbc666036b5,0x0f5a2e7f3e096ddb360d5cb3bc92fbca9fa5e9bff92abfa8dd1340b7e1f9d12d,22.599,22.599,0.0,22.599,2026-05-21T18:16:21.341261Z,2026-05-21T19:16:21.341261Z,2026-05-21,0x57bdda51774313bdb9c63336ebb6a51de4fddf593c7e828f3096e74b732f5b2f
research_20260521_1000-0330,user-005,0xf32e7253563dac6d75244931b4c6f7cd1c46853e6d6bfe5699ef56c1bc09e162,0xc5b639f2facf4832c868e99392c578a3c320d38e278cda00efd6a313cc75fc47,1.985,4.49,2.505,1.985,2026-05-21T20:29:59.054605Z,2026-05-21T21:29:59.054605Z,2026-05-21,0x57bdda51774313bdb9c63336ebb6a51de4fddf593c7e828f3096e74b732f5b2f
research_20260521_1000-0331,user-008,0xd02ffcbb22b0bb72997b4b5d2efaeaf46f316c188820959b6543ff3fdf658323,0xf0c199c96b5d0bd83cb346dbb513389587d5799becda1b89d1fc9918c3e50d2a,10.148,10.148,0.0,10.148,2026-05-21T05:25:39.752278Z,2026-05-21T05:55:39.752278Z,2026-05-21,0x57bdda51774313bdb9c63336ebb6a51de4fddf593c7e828f3096e74b732f5b2f
research_20260521_1000-0332,user-002,0xd1ba4250e0f94fd4d9fc17e556de2b710fff76ac497dbe41b0d08e81d43e93b2,0x28b56d71d0737fddeb9bc61cb8c01557dddab45d94f89cb9773c385b1740e50e,5.9,8.527,2.627,5.9,2026-05-21T11:22:37.167597Z,2026-05-21T12:22:37.167597Z,2026-05-21,0x57bdda51774313bdb9c63336ebb6a51de4fddf593c7e828f3096e74b732f5b2f
research_20260521_1000-0333,user-003,0x8c93efcec6a015891e0231102216ff2aa31b4c0c9710dd9fbb96c7c973944e5a,0xc02617a7340e65c102777dbc445b27ff9b0f06dcd8e3dcb86ceb9f049c727f30,0.539,2.959,2.42,0.539,2026-05-21T02:28:45.459137Z,2026-05-21T02:58:45.459137Z,2026-05-21,0x57bdda51774313bdb9c63336ebb6a51de4fddf593c7e828f3096e74b732f5b2f
research_20260521_1000-0334,user-005,0x07cb38ffb4f90ac05e604237949cea932701e09d7328c526e102ab150c13b7ba,0x8a0d0da3d2b46068f7a7bcdf7a08f78d22f6d9b0da713a4b1101f7b52921d81a,-10.975,0.0,10.975,-10.975,2026-05-21T05:19:58.045895Z,2026-05-21T06:19:58.045895Z,2026-05-21,0x57bdda51774313bdb9c63336ebb6a51de4fddf593c7e828f3096e74b732f5b2f
research_20260521_1000-0335,user-005,0x9df6daae7fd7edbf4bba11f8bdabf07c0c649a2dac4403f7824826d701df6df8,0x06f3fd7eab89baaac66bb18056927abb081677147023f6e017a049323bca0809,2.45,2.45,0.0,2.45,2026-05-21T21:30:15.993182Z,2026-05-21T21:50:15.993182Z,2026-05-21,0x57bdda51774313bdb9c63336ebb6a51de4fddf593c7e828f3096e74b732f5b2f
research_20260521_1000-0336,user-007,0x956ce3693b8a5e1c684b9452ebbfb5fb6d001751f9a8293e0501937a9a36561e,0xcbdb920f8857d7ae75ac51bc38ab3f82758ce890fc32ae3c138ce376a20c91c0,6.954,6.954,0.0,6.954,2026-05-21T17:35:19.888032Z,2026-05-21T18:15:19.888032Z,2026-05-21,0x57bdda51774313bdb9c63336ebb6a51de4fddf593c7e828f3096e74b732f5b2f
research_20260521_1000-0337,user-008,0x6968550e4702e827d6f17198234d8472af0784dc6a0b64403da7a03095ee7253,0xa2378a9ae9bb0fa2b924784818e01fcde16fac5215687cbbb7343ddd8c41ab1c,-14.036,0.0,14.036,-14.036,2026-05-21T21:04:28.004615Z,2026-05-21T22:19:28.004615Z,2026-05-21,0x57bdda51774313bdb9c63336ebb6a51de4fddf593c7e828f3096e74b732f5b2f
research_20260521_1000-0338,user-006,0x507ec579172f514d5d9b5255106618a7c135ef36238043685c7ee7d99c2a8bad,0x1f1a92ffe41153859a77339e68a27191973eb21dbb5dfa28800c711698678434,18.133,20.148,2.015,18.133,2026-05-21T12:18:26.093962Z,2026-05-21T13:18:26.093962Z,2026-05-21,0x57bdda51774313bdb9c63336ebb6a51de4fddf593c7e828f3096e74b732f5b2f
research_20260521_1000-0339,user-002,0x5467fd9103385ca38391724d679cba995298a3fb18bc314050a6a280f2fa712f,0xa338703230df6ca06e00b524c145ef7193015e9e54d86ff2c43de86cb38bba7b,14.314,14.314,0.0,14.314,2026-05-21T18:54:11.005621Z,2026-05-21T20:09:11.005621Z,2026-05-21,0x57bdda51774313bdb9c63336ebb6a51de4fddf593c7e828f3096e74b732f5b2f
research_20260521_1000-0340,user-010,0x55ddabc695acaa191b8f28c34f45122cbc390b1ca6b4e3af81f40796d76bf51a,0x200c0c2c19c15dc908bd76c62b787d509063332ed93e2af00cd3984f8a3a90a7,2.331,2.331,0.0,2.331,2026-05-21T22:26:54.062036Z,2026-05-21T22:46:54.062036Z,2026-05-21,0x57bdda51774313bdb9c63336ebb6a51de4fddf593c7e828f3096e74b732f5b2f
research_20260521_1000-0341,user-010,0xfda6ab084f175c9769e3213de9947f93494318091197c669334f8ab8f0818b5b,0xea42e6e8d78ca12cbcba5bddc0ee61f522c8f00d92138dfd528ef7b667fd5078,4.618,4.618,0.0,4.618,2026-05-21T10:52:55.553582Z,2026-05-21T11:32:55.553582Z,2026-05-21,0x57bdda51774313bdb9c63336ebb6a51de4fddf593c7e828f3096e74b732f5b2f
research_20260521_1000-0342,user-010,0x5079991e25898ba18ff2a4e26a131cea36dc49c947ed88ffa7ca4805268e9201,0xaeb5a47710188f91a57eaba0248a40ce8eb579f33d748dbb3b1bbaea9260c2c4,3.59,3.59,0.0,3.59,2026-05-21T14:57:22.276754Z,2026-05-21T15:27:22.276754Z,2026-05-21,0x57bdda51774313bdb9c63336ebb6a51de4fddf593c7e828f3096e74b732f5b2f
research_20260521_1000-0343,user-003,0x757b2a0a48671c8c5e2a6fdd2384c7c5ebd4b9495079185a1e2589a86e7097d8,0x3b5137e5746bfbb971d21a169eb36c97c966e9e1b310b630c84817636ba3f17b,14.379,14.379,0.0,14.379,2026-05-21T19:02:07.757114Z,2026-05-21T19:42:07.757114Z,2026-05-21,0x57bdda51774313bdb9c63336ebb6a51de4fddf593c7e828f3096e74b732f5b2f
research_20260521_1000-0344,user-004,0xb444c4ba6ca1b2f49c558c83d5b7714076dcb12e0a79c92b19069c4468b2f85f,0x0446fc41a56366555bcbb2f4ad06cc3d99fbe91c132810001bfd6aba26044edf,9.321,9.321,0.0,9.321,2026-05-21T19:22:39.592734Z,2026-05-21T20:37:39.592734Z,2026-05-21,0x57bdda51774313bdb9c63336ebb6a51de4fddf593c7e828f3096e74b732f5b2f
research_20260521_1000-0345,user-007,0xc79060d299953b98106eea675655153b962acfd00033bd49c9e7bead25788a08,0xb7c9e1c9580876ddf3a04adc5857a473134b3b85173492cbe72e546d9866339f,12.164,13.124,0.96,12.164,2026-05-21T17:57:00.614232Z,2026-05-21T19:12:00.614232Z,2026-05-21,0x57bdda51774313bdb9c63336ebb6a51de4fddf593c7e828f3096e74b732f5b2f
research_20260521_1000-0346,user-010,0xfb07c4d00c641d4d73ba399e22a936344aa513116d68f42ee5458da957b3af1d,0x12bb56b0d072ffbb4f8cca5cc1362297ff9ffb96c4c6463c47d09ab145e46592,1.186,4.157,2.971,1.186,2026-05-21T12:21:27.173346Z,2026-05-21T13:21:27.173346Z,2026-05-21,0x57bdda51774313bdb9c63336ebb6a51de4fddf593c7e828f3096e74b732f5b2f
research_20260521_1000-0347,user-005,0xc4b40c47766d4e83251d9a9751a61117d92a8d3426eb68eb26211599ecd72a46,0x2b6ebfcb3325664e42087dfc9a0ac7c45317f63e7f2390987cf757b6380d09a9,8.951,8.951,0.0,8.951,2026-05-21T09:29:45.851082Z,2026-05-21T10:44:45.851082Z,2026-05-21,0x57bdda51774313bdb9c63336ebb6a51de4fddf593c7e828f3096e74b732f5b2f
research_20260521_1000-0348,user-001,0xe2bc9acb611c29efdb0f3d93eadb3613c784fb0780047d0f3faaff2dd4af742e,0x445d306e9cb214f91a462680b76cc241ea168a42f65c02332b7a35509c673868,2.295,2.295,0.0,2.295,2026-05-21T13:57:24.511870Z,2026-05-21T14:17:24.511870Z,2026-05-21,0x57bdda51774313bdb9c63336ebb6a51de4fddf593c7e828f3096e74b732f5b2f
research_20260521_1000-0349,user-004,0xea6644ef0dce066ca51cef03eb50ec09a33b4b690826ec4d35441a348ce0070b,0x16ab275ab55c9af698a3a5d1f4ea0b7b089095a3d0e9f26d14f4b053f5ae7b96,7.575,7.575,0.0,7.575,2026-05-21T21:59:20.892332Z,2026-05-21T22:19:20.892332Z,2026-05-21,0x57bdda51774313bdb9c63336ebb6a51de4fddf593c7e828f3096e74b732f5b2f
research_20260521_1000-0350,user-003,0xbb382b65e643a2c03abc904013b2f2de212b405e3fc6cfb057cd5d6e7ab554fb,0x9f22c36bbfde7ac3e942ff3864c1f6c0a62ef87d9c1d071e2b55806dfc1f93f4,28.218,28.218,0.0,28.218,2026-05-21T07:06:14.492245Z,2026-05-21T08:21:14.492245Z,2026-05-21,0x57bdda51774313bdb9c63336ebb6a51de4fddf593c7e828f3096e74b732f5b2f
research_20260521_1000-0351,user-002,0x4f7e8cd160671992836496ed502870262d6b54c248f670bdbbfa3585d708eb2b,0x6ca6a94cdb078c272536c328bcae102fd8c5d58d04aa8fffde4281e020f4e48c,14.106,14.106,0.0,14.106,2026-05-21T09:05:32.669683Z,2026-05-21T09:45:32.669683Z,2026-05-21,0x57bdda51774313bdb9c63336ebb6a51de4fddf593c7e828f3096e74b732f5b2f
research_20260521_1000-0352,user-004,0xcf19cc1863e605de1421dc404d0767fbcc1e89066f65624d321e580fe858c2d7,0xcb58b12f96632e0e02256c695f9952593067fa1bb2c7773f4e475a2635004eaa,4.436,4.436,0.0,4.436,2026-05-21T20:39:41.738260Z,2026-05-21T21:19:41.738260Z,2026-05-21,0x57bdda51774313bdb9c63336ebb6a51de4fddf593c7e828f3096e74b732f5b2f
research_20260521_1000-0353,user-001,0x5814017f7b6b34bc16612a2fee8487064e298eeacb3fe3391adda9469c5bf1d4,0x1c0c845afbda2a1c90a5de8cd199b193f1aa12638ea3c1e96b1941d7819b4b77,6.821,6.821,0.0,6.821,2026-05-21T22:27:44.902843Z,2026-05-21T23:07:44.902843Z,2026-05-21,0x57bdda51774313bdb9c63336ebb6a51de4fddf593c7e828f3096e74b732f5b2f
research_20260521_1000-0354,user-002,0xd7f82c14e9bcca5bed9269e2e6c05e12723392b0791da4d5f62ef66e6e1fe4a1,0x5697e8e0eba254ddebf6a45233411300deb97b6ed9185a11a8642a9a3647acf9,4.936,6.182,1.246,4.936,2026-05-21T19:27:46.250480Z,2026-05-21T20:27:46.250480Z,2026-05-21,0x57bdda51774313bdb9c63336ebb6a51de4fddf593c7e828f3096e74b732f5b2f
research_20260521_1000-0355,user-001,0x74924122a54f43e26b33f8b76acc3d8b9655cd16f7a10b61f1b8250dfe4cf413,0x8f2947346197957d71797c3c335c09b15fb30d8c56f57fc59704e49507367fd3,2.396,2.396,0.0,2.396,2026-05-21T16:59:12.948725Z,2026-05-21T17:19:12.948725Z,2026-05-21,0x57bdda51774313bdb9c63336ebb6a51de4fddf593c7e828f3096e74b732f5b2f
research_20260521_1000-0356,user-008,0x5956a80e88632d31e0f26c5de1b4efc9e506fc3deb8904875a142b230ebf2968,0x4989b5a5c57945e5851da41b5c0b21c59c2202ff8a2f52e151f837b86a562f33,-28.039,0.0,28.039,-28.039,2026-05-21T09:44:33.933163Z,2026-05-21T10:59:33.933163Z,2026-05-21,0x57bdda51774313bdb9c63336ebb6a51de4fddf593c7e828f3096e74b732f5b2f
research_20260521_1000-0357,user-003,0xdb752aa16a6ce68f0caf1850c88d114ef53f3751f615f46d5611bc262b06d290,0xc8fd818efd46c8257e0ff68a7b553f27a31432f0aabbdda1a27e4e8eafcaf9db,2.315,2.315,0.0,2.315,2026-05-21T20:06:47.592778Z,2026-05-21T20:26:47.592778Z,2026-05-21,0x57bdda51774313bdb9c63336ebb6a51de4fddf593c7e828f3096e74b732f5b2f
research_20260521_1000-0358,user-006,0xd0bd92644e3d2af3c70fbe3510d55a39a7d1e46ec657bd2f2d8394d6178c16ea,0x40a456fbefe705b50f825d4a15f21981fa064227c4676a1adfd669b699a76cef,21.939,21.939,0.0,21.939,2026-05-21T20:25:57.619847Z,2026-05-21T21:25:57.619847Z,2026-05-21,0x57bdda51774313bdb9c63336ebb6a51de4fddf593c7e828f3096e74b732f5b2f
research_20260521_1000-0359,user-010,0x656e2ca841d18e13ca48bfcecb86291caa4efc5bb9873cf3089a3f2ee7eb45ad,0x6a8a41aee49e9d6f3e1899817468d943b73f374d3218436aa1e32fe1f6132cd0,27.094,27.094,0.0,27.094,2026-05-21T07:58:40.900002Z,2026-05-21T09:13:40.900002Z,2026-05-21,0x57bdda51774313bdb9c63336ebb6a51de4fddf593c7e828f3096e74b732f5b2f
research_20260521_1000-0360,user-008,0x5dd18a030a7143d6a150764701d8c8b871d6ce7f8a9bbb207c0a774c38ecf468,0x98ce7da887d381f70030e392e64503662a5307fb2bfa6a96c75c10b22751c349,-7.46,0.0,7.46,-7.46,2026-05-21T07:44:01.723262Z,2026-05-21T08:04:01.723262Z,2026-05-21,0x57bdda51774313bdb9c63336ebb6a51de4fddf593c7e828f3096e74b732f5b2f
research_20260521_1000-0361,user-007,0x40adaf7e5f91251b5d8a6f5501fae97722f25798bfb24d17152dbdc2566e76b6,0x208b8f17d8a775de488ea21dc28782ebcd0d65866794417e02801ef503934423,1.108,3.024,1.916,1.108,2026-05-21T15:06:43.970842Z,2026-05-21T15:46:43.970842Z,2026-05-21,0x57bdda51774313bdb9c63336ebb6a51de4fddf593c7e828f3096e74b732f5b2f
research_20260521_1000-0362,user-007,0x420e820624b5ad21683bc7a14eec077908b0ed1163e4b49abf54586417f7f74c,0xee6634b6843b0d6ae438f5e28eea0146abff95779fd0afda9ec47bd2a5dd8ce8,11.776,19.485,7.709,11.776,2026-05-21T20:38:01.351853Z,2026-05-21T21:53:01.351853Z,2026-05-21,0x57bdda51774313bdb9c63336ebb6a51de4fddf593c7e828f3096e74b732f5b2f
research_20260521_1000-0363,user-008,0x6ea4ebcf2ca0cf80b26f3bb547cff6d9af33f4fda8d5fad71f2701ddec5d5d9c,0x92e0576d14bfe0284ec20549f1801bfb7c939878f25f13f7ad418a8900c13ba5,-14.763,0.0,14.763,-14.763,2026-05-21T22:58:11.076192Z,2026-05-21T23:38:11.076192Z,2026-05-21,0x57bdda51774313bdb9c63336ebb6a51de4fddf593c7e828f3096e74b732f5b2f
research_20260521_1000-0364,user-003,0xe50cde6e592ad87b89888de080be9ed300f67e2045a3ed828e316255840718f3,0x0900a6d2cbd1192e96a472adb26c3711fe93b13d8a2844f7139b61e8454c8721,1.361,2.371,1.01,1.361,2026-05-21T12:10:41.006115Z,2026-05-21T12:40:41.006115Z,2026-05-21,0x57bdda51774313bdb9c63336ebb6a51de4fddf593c7e828f3096e74b732f5b2f
research_20260521_1000-0365,user-002,0x803d26bba24c64cdf95bb1097be157d36d30f524da7d259c75a20b89375f5ed7,0x99e53b2ac6d21d771d9d4d5687050f728851fc1a9865675d4e6d860d2102e0e6,9.305,9.305,0.0,9.305,2026-05-21T15:01:35.328540Z,2026-05-21T16:16:35.328540Z,2026-05-21,0x57bdda51774313bdb9c63336ebb6a51de4fddf593c7e828f3096e74b732f5b2f
research_20260521_1000-0366,user-006,0x89a3af37631daf8fcd7053ce6f5606a5b32d9f7dc581e7ecaa0ff2852730c7be,0x0a59c18ea2bf915f2556087571dd801e247d7761333c085b99bab0a00b2ff2e9,7.036,7.036,0.0,7.036,2026-05-21T03:02:40.913183Z,2026-05-21T03:42:40.913183Z,2026-05-21,0x57bdda51774313bdb9c63336ebb6a51de4fddf593c7e828f3096e74b732f5b2f
research_20260521_1000-0367,user-004,0x0850369cac273168850e92fd462670ed1dba97ae00b9cf590f0d0e08cc25e63c,0xd1bc58ab2d1116c25690c3e9be29b1a7f00881e9c0691afc6808fcfc0741557c,3.586,3.586,0.0,3.586,2026-05-21T20:16:26.455369Z,2026-05-21T20:46:26.455369Z,2026-05-21,0x57bdda51774313bdb9c63336ebb6a51de4fddf593c7e828f3096e74b732f5b2f
research_20260521_1000-0368,user-002,0xfced6a151f0b452e1698d92cff7b9e78d006b226db747e052c7877fa7e42ca76,0x42fe80ae1776b1da10977724452216e24a3fd7ce86aee3a1e5d4254190c044fb,-3.209,0.0,3.209,-3.209,2026-05-21T04:19:51.814114Z,2026-05-21T04:39:51.814114Z,2026-05-21,0x57bdda51774313bdb9c63336ebb6a51de4fddf593c7e828f3096e74b732f5b2f
research_20260521_1000-0369,user-005,0xb14863090b739eb6009215a6baadb73adfc2ecb518c83da2771bfa894485aabb,0x5d1068c624cbad413c57a7ea8a0bccbaecdaef8f80855ee26eb58a85e036145f,1.254,1.885,0.631,1.254,2026-05-21T23:17:35.175984Z,2026-05-21T23:37:35.175984Z,2026-05-21,0x57bdda51774313bdb9c63336ebb6a51de4fddf593c7e828f3096e74b732f5b2f
research_20260521_1000-0370,user-001,0x661028068211ef159235d11dcbdaf916a6e37139492edbfbd2abd2781dbf1a31,0xc43ccd57caa525040c75d9b93d108e86f4748e7a29864c6b7aefb73ed1d8af48,6.162,6.742,0.58,6.162,2026-05-21T05:23:26.584585Z,2026-05-21T06:23:26.584585Z,2026-05-21,0x57bdda51774313bdb9c63336ebb6a51de4fddf593c7e828f3096e74b732f5b2f
research_20260521_1000-0371,user-005,0xad949ed6a3a7a90420fe18e6acb5ccfb34159e65e64394bab75c01df804fd09f,0x420d0debe1b541992c17fcdb1d26fd7b0b5076ede07e1b64b3912b9b9f0d7b64,3.578,5.416,1.838,3.578,2026-05-21T01:12:44.405321Z,2026-05-21T01:52:44.405321Z,2026-05-21,0x57bdda51774313bdb9c63336ebb6a51de4fddf593c7e828f3096e74b732f5b2f
research_20260521_1000-0372,user-004,0x2b142712fc8fbff88e6896740668d4e9d611e5e707c683886979f2540a5d559c,0xe75dfd5af990528458a3c19e57a4bdac374cc6baea0b1262d52b03b5cf046e19,11.419,11.419,0.0,11.419,2026-05-21T01:53:30.771823Z,2026-05-21T02:53:30.771823Z,2026-05-21,0x57bdda51774313bdb9c63336ebb6a51de4fddf593c7e828f3096e74b732f5b2f
research_20260521_1000-0373,user-009,0xcd8c57a5c59d26a13ca91b16082c093fc3b04cac2f72c5a8ffc4faecacfc9797,0x6b756e741e28e534916c52c511627f75c2238bd4edad306cdc38b70200d34b6a,3.669,3.669,0.0,3.669,2026-05-21T06:39:07.400153Z,2026-05-21T06:59:07.400153Z,2026-05-21,0x57bdda51774313bdb9c63336ebb6a51de4fddf593c7e828f3096e74b732f5b2f
research_20260521_1000-0374,user-007,0x4478904d155e7d7dcd2427f149d76beee33fccbfb7f6fbf858964e434670cd4a,0xe97c19b04c612af00016eeb4bf688854b33c1a3f1565beac3dd9e4cd771b29b9,3.466,3.466,0.0,3.466,2026-05-21T19:27:08.977238Z,2026-05-21T19:47:08.977238Z,2026-05-21,0x57bdda51774313bdb9c63336ebb6a51de4fddf593c7e828f3096e74b732f5b2f
research_20260521_1000-0375,user-002,0x929abf3eb74083ba5ce297d6c0b30c29058dfc3c404075bbf0152a3163929053,0x73583472fc5decd6addd472c22b46e322dc5d5ffd823072a69d52945efb67843,11.13,11.13,0.0,11.13,2026-05-21T21:07:19.578288Z,2026-05-21T22:07:19.578288Z,2026-05-21,0x57bdda51774313bdb9c63336ebb6a51de4fddf593c7e828f3096e74b732f5b2f
research_20260521_1000-0376,user-005,0x60cdf83fd1872f48e68455cbe125ca14b4019ddba6747c07a63fb5ab9f6cf8f6,0x6814fd758ff1da6d8bf9202e30f51b87aa82dcfcccdc378926c47dd98a7f7bdd,10.875,10.875,0.0,10.875,2026-05-21T05:49:55.425660Z,2026-05-21T06:49:55.425660Z,2026-05-21,0x57bdda51774313bdb9c63336ebb6a51de4fddf593c7e828f3096e74b732f5b2f
research_20260521_1000-0377,user-003,0x3f96bb70ca4bf1da5ca0416bc7e97917384ff475a41266db3a8df3732acc50ae,0x3fdab2410ba5655c21af07ca7a4c2f02824b40004499f00b44250dc33bd356b3,-4.485,0.0,4.485,-4.485,2026-05-21T14:48:00.510289Z,2026-05-21T15:28:00.510289Z,2026-05-21,0x57bdda51774313bdb9c63336ebb6a51de4fddf593c7e828f3096e74b732f5b2f
research_20260521_1000-0378,user-009,0x60588015a77f57f263440ab9334a98bf5e61f313456a95663e40ae949fa4561d,0x343af30e11420797e4cc9be9f0e4df6c05b7df3025bd6bbf48316ac8ecb8c6cb,3.972,3.972,0.0,3.972,2026-05-21T10:51:52.029079Z,2026-05-21T11:11:52.029079Z,2026-05-21,0x57bdda51774313bdb9c63336ebb6a51de4fddf593c7e828f3096e74b732f5b2f
research_20260521_1000-0379,user-005,0x639c84c74a06fcf2d5d9305b242eac105e01d5ddb7fb17b2018dfb1682d8720f,0x5414f1dc579cfd6650ed102eea3948c61414b95753a6f99f494bf0d2b0c6eda6,-5.246,0.0,5.246,-5.246,2026-05-21T02:45:01.900209Z,2026-05-21T03:15:01.900209Z,2026-05-21,0x57bdda51774313bdb9c63336ebb6a51de4fddf593c7e828f3096e74b732f5b2f
research_20260521_1000-0380,user-003,0xdc2e3a218d1d50b23afa402c80495975e2eac9f8fc34c7f1a9d903582b6523d7,0x44dad5d51a2853b4f309e21a92d625a3408488894b85416f5f4845af18377fd2,11.611,11.611,0.0,11.611,2026-05-21T11:49:22.411787Z,2026-05-21T12:49:22.411787Z,2026-05-21,0x57bdda51774313bdb9c63336ebb6a51de4fddf593c7e828f3096e74b732f5b2f
research_20260521_1000-0381,user-006,0x84d5db9f7bdd9dee1d8a600b87255a8950046ba798e94ec0202a3d5d63b61c46,0x2408714231f7931a03e449a4ae69be982aed035e0acd1ef88117f77b859eb73a,3.49,5.395,1.905,3.49,2026-05-21T14:05:49.282339Z,2026-05-21T14:25:49.282339Z,2026-05-21,0x57bdda51774313bdb9c63336ebb6a51de4fddf593c7e828f3096e74b732f5b2f
research_20260521_1000-0382,user-006,0xc05fa6df150d3969b23b0136dc15499ada47bcb5a5837f23561bdfd84cbc8931,0xb16ba0a4701b2b5f4f5d8a039bc93c76c1d39ed888c56300614d5a59c288d33e,21.571,21.571,0.0,21.571,2026-05-21T23:05:10.573486Z,2026-05-22T00:05:10.573486Z,2026-05-21,0x57bdda51774313bdb9c63336ebb6a51de4fddf593c7e828f3096e74b732f5b2f
research_20260521_1000-0383,user-005,0xc513821aa015cff960c6d89e76b972e7762b29c9498638330bf5e31294e947d3,0xd1a50830b95b7052afa854015d90af68b5f86fa3db74900d89ce1054de9eebb2,7.502,7.502,0.0,7.502,2026-05-21T15:15:47.916017Z,2026-05-21T16:15:47.916017Z,2026-05-21,0x57bdda51774313bdb9c63336ebb6a51de4fddf593c7e828f3096e74b732f5b2f
research_20260521_1000-0384,user-010,0x63434970151ad3aa505e5f770692d831774ca23a139202bbb98ad2d33a2cc36e,0x1f034fec88c01a07d5087970bf964206575cb34b157c59128859002f4c9dcee9,9.603,10.418,0.815,9.603,2026-05-21T04:45:17.557985Z,2026-05-21T05:45:17.557985Z,2026-05-21,0x57bdda51774313bdb9c63336ebb6a51de4fddf593c7e828f3096e74b732f5b2f
research_20260521_1000-0385,user-004,0x0707fd6fde9c5edda72dab1f81c911f7f94f66cf5cc6b01c6a6ad520135db5b3,0x074237040a1c0c8114da4caf90edd8293ebd7be74126f75be3c61acd13d4c070,10.452,10.452,0.0,10.452,2026-05-21T08:07:26.342936Z,2026-05-21T09:07:26.342936Z,2026-05-21,0x57bdda51774313bdb9c63336ebb6a51de4fddf593c7e828f3096e74b732f5b2f
research_20260521_1000-0386,user-002,0x93899dfbe9610e8415760d887f58770966c6ca6331027b78ec18c8c48ff9488d,0x61292e79fd69cf20912e517fe7f8ca24d0e2b071e5caa119a4ddc047302d7f0c,10.75,10.75,0.0,10.75,2026-05-21T08:46:08.665006Z,2026-05-21T09:46:08.665006Z,2026-05-21,0x57bdda51774313bdb9c63336ebb6a51de4fddf593c7e828f3096e74b732f5b2f
research_20260521_1000-0387,user-001,0x603341ae88716d9da0f5e7e18a71994e70fd8abc634d53e7c33ced3b734fd2a5,0x1560baacff15ebdcd0ba32261af945ce34d464fa10544d1fbadcbaad9c1e056b,14.764,14.764,0.0,14.764,2026-05-21T17:46:54.512379Z,2026-05-21T18:26:54.512379Z,2026-05-21,0x57bdda51774313bdb9c63336ebb6a51de4fddf593c7e828f3096e74b732f5b2f
research_20260521_1000-0388,user-006,0x7261013f40eff9916f15bee824b0c8360ae4b688b193c0d1de2b322529de1bab,0x70b43b0bde36a9f1a86f27db41c7f10419a3a595b0247b0f4a6f3542674c072b,3.794,3.794,0.0,3.794,2026-05-21T07:51:47.532855Z,2026-05-21T08:11:47.532855Z,2026-05-21,0x57bdda51774313bdb9c63336ebb6a51de4fddf593c7e828f3096e74b732f5b2f
research_20260521_1000-0389,user-009,0xd6876496e8ce09d9863081484e1c19b5ccd3793b23eea8dc4b594f7b5cf766c9,0xa69969720411cd3edc4c3ca455cebc518717de2d10802c5a36c58b5e7d86e117,2.468,2.468,0.0,2.468,2026-05-21T17:56:23.783750Z,2026-05-21T18:16:23.783750Z,2026-05-21,0x57bdda51774313bdb9c63336ebb6a51de4fddf593c7e828f3096e74b732f5b2f
research_20260521_1000-0390,user-004,0x4fbd510877b5663a551c3ff6af60196082fbf7576e6137c781f36443a9298afa,0x5a3c70606b3f9d8b466fa490dc643e579bda1fd8dbfa0f6c1d9c6531564cc27c,3.29,3.29,0.0,3.29,2026-05-21T20:31:14.388688Z,2026-05-21T21:01:14.388688Z,2026-05-21,0x57bdda51774313bdb9c63336ebb6a51de4fddf593c7e828f3096e74b732f5b2f
research_20260521_1000-0391,user-004,0x76673313150f0226fd45acb8b9bec06d19beff0ec1666a76a159ce79611e2682,0x05d24d604641a5790179646e81faffd7ee534fad77a3573ea6f77558ef4a74da,5.531,5.531,0.0,5.531,2026-05-21T00:51:49.554627Z,2026-05-21T01:21:49.554627Z,2026-05-21,0x57bdda51774313bdb9c63336ebb6a51de4fddf593c7e828f3096e74b732f5b2f
research_20260521_1000-0392,user-004,0xfa31103fd82f0aad601418c27c746728b77c22ff4379302fcd5babf80f70b488,0xe6048239eef66200fcc8ea53fc37c9939ea4ed77004ff51b5f04034700d1925e,11.012,11.012,0.0,11.012,2026-05-21T17:54:42.277767Z,2026-05-21T18:54:42.277767Z,2026-05-21,0x57bdda51774313bdb9c63336ebb6a51de4fddf593c7e828f3096e74b732f5b2f
research_20260521_1000-0393,user-003,0x3bf6e4da596c8b913dd4c9343f1feea9f264bb12352ae9677db98e4e59423e7e,0x8f72a1bf3d16c7fa0ab6311c9ed943dbb0e401ab086e329a8c1ba03974114cb3,-15.322,0.0,15.322,-15.322,2026-05-21T02:00:07.034773Z,2026-05-21T02:40:07.034773Z,2026-05-21,0x57bdda51774313bdb9c63336ebb6a51de4fddf593c7e828f3096e74b732f5b2f
research_20260521_1000-0394,user-009,0xac245c6bf3c3e1d1cd6eeff0a667028525f03d4bfde8acb0737166c67f670f26,0x3ce7e245d94273efda5c215ccc4f5a799ee53dae47e46a95b66a9ca435408148,20.878,20.878,0.0,20.878,2026-05-21T22:23:25.870988Z,2026-05-21T23:23:25.870988Z,2026-05-21,0x57bdda51774313bdb9c63336ebb6a51de4fddf593c7e828f3096e74b732f5b2f
research_20260521_1000-0395,user-003,0x7f80eb7842d4b58f35d8b6926c247f8c12a8bb239e7d603a796d4eed4470511a,0x713388e788a14971cd5c0e395cf0dccda4333f20106ad3119d5702392e1a3d50,11.475,11.475,0.0,11.475,2026-05-21T03:39:22.618865Z,2026-05-21T04:39:22.618865Z,2026-05-21,0x57bdda51774313bdb9c63336ebb6a51de4fddf593c7e828f3096e74b732f5b2f
research_20260521_1000-0396,user-010,0x877b7600a5ba6f9062feab8236198bc2c9af1229ee488089a78518cbe16cfcb0,0x00f6b3641fb8b3b6921870178d78c2384f07a677564b93127ac5ae99c2680201,1.911,2.725,0.814,1.911,2026-05-21T08:56:39.396310Z,2026-05-21T09:16:39.396310Z,2026-05-21,0x57bdda51774313bdb9c63336ebb6a51de4fddf593c7e828f3096e74b732f5b2f
research_20260521_1000-0397,user-001,0x57265775a0840cf5c7d3f0c0deca49bd3ad5a693c9a0c3b5b55773a6a02d4ced,0xb93823aabf4ccf48921f830f23e5711ddefd8256f35a2fca1783ee5375f3ba29,11.129,11.129,0.0,11.129,2026-05-21T06:44:14.392180Z,2026-05-21T07:44:14.392180Z,2026-05-21,0x57bdda51774313bdb9c63336ebb6a51de4fddf593c7e828f3096e74b732f5b2f
research_20260521_1000-0398,user-007,0xcf275f09c65e6bbdc9899280dbb976ae8cd7a3ea3f5f8fa9ac41d855f1f645a3,0x4f98e5c9a891860a17db4fcf34f63cf594cab0da2a60f5f2b7519c5ec4c1d242,3.944,3.944,0.0,3.944,2026-05-21T04:57:51.150605Z,2026-05-21T05:17:51.150605Z,2026-05-21,0x57bdda51774313bdb9c63336ebb6a51de4fddf593c7e828f3096e74b732f5b2f
research_20260521_1000-0399,user-003,0x05d581ad245bf30975b009a98dbbb1c5db0e7ae67846131a414d45e0114e2e8d,0x75f9cc16f62d3d29b6a27474184af6d40f9642c8b2e0181ae6ee84d400afda17,6.276,14.352,8.076,6.276,2026-05-21T03:04:07.283742Z,2026-05-21T04:04:07.283742Z,2026-05-21,0x57bdda51774313bdb9c63336ebb6a51de4fddf593c7e828f3096e74b732f5b2f
research_20260521_1000-0400,user-007,0x38a919fa7a87d9f10a235273b37d43c26e470f6c03537e8d8921681ccee8b488,0x366a5c6221b3f0eaf4c8b1d0b1e02c660224463cb7432be5ff4647ff9b10cec3,-21.553,0.0,21.553,-21.553,2026-05-21T16:43:23.364473Z,2026-05-21T17:43:23.364473Z,2026-05-21,0x57bdda51774313bdb9c63336ebb6a51de4fddf593c7e828f3096e74b732f5b2f
research_20260521_1000-0401,user-005,0x4ed44e2adf69aad7f9ed523728edfb7561096f79087eecb7eddc17df6cd49879,0xb1793be9797670f983b7b42bc1b8708e565752779025796751304eff86acf43f,11.289,11.289,0.0,11.289,2026-05-21T06:02:08.061029Z,2026-05-21T07:02:08.061029Z,2026-05-21,0x57bdda51774313bdb9c63336ebb6a51de4fddf593c7e828f3096e74b732f5b2f
research_20260521_1000-0402,user-004,0x2e20396da7b57f614dc7c2bd04f542baacc5a665efcaae652f92fce2d543b264,0xcc6636af537248b75be51037e05659b12bfd987dff7774b569720fc94c2c5703,3.865,7.482,3.617,3.865,2026-05-21T19:35:16.589847Z,2026-05-21T20:35:16.589847Z,2026-05-21,0x57bdda51774313bdb9c63336ebb6a51de4fddf593c7e828f3096e74b732f5b2f
research_20260521_1000-0403,user-009,0xa82dfbf4982ad791ea5220be9ad69e9de0c0bba481c22e38cc61fbd32f016961,0x87ee075895826a5a1333aafa08d857123c28b2cf90c340c27ede1095af5ff98a,25.984,25.984,0.0,25.984,2026-05-21T04:14:29.800239Z,2026-05-21T05:29:29.800239Z,2026-05-21,0x57bdda51774313bdb9c63336ebb6a51de4fddf593c7e828f3096e74b732f5b2f
research_20260521_1000-0404,user-002,0x3db0c5078d7bc5959055767bfb079307dbb4051c43323f8c1ee3b8534ccfea7b,0x442296c71986476a49f7af3b2f48abb6ae09c70870cd4637aebccc3373a0513f,11.527,11.527,0.0,11.527,2026-05-21T12:56:15.853209Z,2026-05-21T13:56:15.853209Z,2026-05-21,0x57bdda51774313bdb9c63336ebb6a51de4fddf593c7e828f3096e74b732f5b2f
research_20260521_1000-0405,user-002,0xfdb00f2292cc723fba962729e2f81bb6504332eda8edeba865586c04372f3d2e,0xbaea706a98f9f3ce7778bd9d30fcce27637c810bfb77e8417c9d442c276ab72f,4.848,9.431,4.583,4.848,2026-05-21T10:51:05.702436Z,2026-05-21T12:06:05.702436Z,2026-05-21,0x57bdda51774313bdb9c63336ebb6a51de4fddf593c7e828f3096e74b732f5b2f
research_20260521_1000-0406,user-009,0xf3edc6789bed4783092858ec020e459d5aabf97233df7034806e5ca7edb89af9,0xcf65b938624a432ca739c1841ca29485af779ae05dbd544d087df9e0083e3a50,10.546,10.546,0.0,10.546,2026-05-21T19:11:11.123085Z,2026-05-21T20:11:11.123085Z,2026-05-21,0x57bdda51774313bdb9c63336ebb6a51de4fddf593c7e828f3096e74b732f5b2f
research_20260521_1000-0407,user-009,0xeef2f8441f5a586152b1901e83e7ae9c85d1fd0c085cb00f8fc49ec625f976f8,0x040140014006ce3a483eca23997a3048b0b4661ebc6a60ac913a651b32c03f84,4.197,7.711,3.514,4.197,2026-05-21T21:58:04.983200Z,2026-05-21T22:58:04.983200Z,2026-05-21,0x57bdda51774313bdb9c63336ebb6a51de4fddf593c7e828f3096e74b732f5b2f
research_20260521_1000-0408,user-006,0x04e9e7734af36689027bd34a0c898bfeb5cef57ba82c1a98e709c9345d5fb2f1,0x469ee4742e8e03fa0b167f322925d366d9e68dd2030c8027823e52d93a69d943,-0.277,3.506,3.783,-0.277,2026-05-21T17:52:00.078344Z,2026-05-21T18:12:00.078344Z,2026-05-21,0x57bdda51774313bdb9c63336ebb6a51de4fddf593c7e828f3096e74b732f5b2f
research_20260521_1000-0409,user-008,0x9efc0a8c366751d322d564fec9b1e0aed7f53e021ffc92e125e2b70896a25288,0xd474f48f3906f816b89728b34467113648df11f12c8899598b441bf206ae8433,23.025,23.025,0.0,23.025,2026-05-21T05:48:24.591549Z,2026-05-21T06:48:24.591549Z,2026-05-21,0x57bdda51774313bdb9c63336ebb6a51de4fddf593c7e828f3096e74b732f5b2f
research_20260521_1000-0410,user-010,0x8c94a3b1fcb458b74a7cb332d02c920295b7e2c1e63708570ed644cf240573fc,0xcd28a561d4fa7a13604e191cbbe749776b2ab599971d8626936bb7c6751acf44,14.524,14.524,0.0,14.524,2026-05-21T06:33:41.254622Z,2026-05-21T07:13:41.254622Z,2026-05-21,0x57bdda51774313bdb9c63336ebb6a51de4fddf593c7e828f3096e74b732f5b2f
research_20260521_1000-0411,user-001,0x77862ea80f93f1f80b989b296fccf3e50d4f42f34cf0aaf564e51aa52c697ee9,0x99c83215adc7f39794420e642a7cca86f5a66e27f9264a69bc5d1dfb6b813528,0.265,5.755,5.49,0.265,2026-05-21T18:57:42.572899Z,2026-05-21T19:27:42.572899Z,2026-05-21,0x57bdda51774313bdb9c63336ebb6a51de4fddf593c7e828f3096e74b732f5b2f
research_20260521_1000-0412,user-008,0xe106869388dbd244a22e556a041c43903ecc6ab5928b2929b2eed3d9460703f7,0x2f2fe046b734fc1f194ef3b9edc65cc09e4f25a56cab84a60d751645b09029f4,10.895,16.083,5.188,10.895,2026-05-21T12:40:03.333236Z,2026-05-21T13:40:03.333236Z,2026-05-21,0x57bdda51774313bdb9c63336ebb6a51de4fddf593c7e828f3096e74b732f5b2f
research_20260521_1000-0413,user-008,0x61fcc44d3020c94993ffdf4dca0c164d9c188056c673ac8b1243f7d3e14d69e1,0xc9cefc9ecdab38e13237f684c1292b75171ef46634f84ee244701bde6990d30e,0.346,4.0,3.654,0.346,2026-05-21T18:25:03.340085Z,2026-05-21T18:45:03.340085Z,2026-05-21,0x57bdda51774313bdb9c63336ebb6a51de4fddf593c7e828f3096e74b732f5b2f
research_20260521_1000-0414,user-007,0x08ef2efb229d04b845d0ecbf78b45a98fba577bbc3264794cc4f3028935e53c2,0x7b8c0c6c4797c85c305acca24d7ceee17ce41c37d338c5a9afed98d073aad6b3,3.718,8.986,5.268,3.718,2026-05-21T23:29:02.281705Z,2026-05-22T00:09:02.281705Z,2026-05-21,0x57bdda51774313bdb9c63336ebb6a51de4fddf593c7e828f3096e74b732f5b2f
research_20260521_1000-0415,user-007,0xcc9bd8be33ac330fe3a831ad8e48d2a136781a9ec2e1ea8757098404b4b268e3,0x327853f957b046980c39baee86ab1b37411761b64b305cf33b8029d43f5796ef,7.35,7.35,0.0,7.35,2026-05-21T03:59:21.823563Z,2026-05-21T04:39:21.823563Z,2026-05-21,0x57bdda51774313bdb9c63336ebb6a51de4fddf593c7e828f3096e74b732f5b2f
research_20260521_1000-0416,user-008,0x75de789efcc3516f2671b7654b555d974bdadbabe44ce3970cde745fee40d73d,0x8bc9563170117d8624360b8fe1c0930caba491108aa2893ac7696374de593aec,8.327,10.043,1.716,8.327,2026-05-21T16:41:44.476410Z,2026-05-21T17:11:44.476410Z,2026-05-21,0x57bdda51774313bdb9c63336ebb6a51de4fddf593c7e828f3096e74b732f5b2f
research_20260521_1000-0417,user-004,0xf2367ae60d8f567f415b5712e864847b3c189f6740e88cefa2ed428dd8a03d92,0x2db260b842f4f144898625218f8ca31e1945c62d9031196aa889f6068bf59980,2.221,3.716,1.495,2.221,2026-05-21T21:05:12.553964Z,2026-05-21T21:35:12.553964Z,2026-05-21,0x57bdda51774313bdb9c63336ebb6a51de4fddf593c7e828f3096e74b732f5b2f
research_20260521_1000-0418,user-008,0x10800dcaaa1bf2b521fae49063bc1e883966b426939657808a946aacb03d7416,0x6bfa677f3348edf4ea91e4879438029d1462f2217a4acdc74b232aab5f50b395,2.198,2.198,0.0,2.198,2026-05-21T04:48:27.533103Z,2026-05-21T05:08:27.533103Z,2026-05-21,0x57bdda51774313bdb9c63336ebb6a51de4fddf593c7e828f3096e74b732f5b2f
research_20260521_1000-0419,user-004,0x664e71a3936d8b613ba3a330f457a3ae33e99c470f97255f0ec2894a43cc490c,0x247859d81c2c15e5e47859dcfe4eeeb8887d1fdaa46b36a1ee23a896117f222d,4.177,7.612,3.435,4.177,2026-05-21T02:07:10.829426Z,2026-05-21T02:37:10.829426Z,2026-05-21,0x57bdda51774313bdb9c63336ebb6a51de4fddf593c7e828f3096e74b732f5b2f
research_20260521_1000-0420,user-001,0x3edd79e0fc2a6363530fa6c2c177b0f9b8bda039a3f8bd6452b9722b7b543d8b,0x699bdec27d07461181a4845335e2516ec2ebd730b2579c3d38462789abed402f,7.57,9.533,1.963,7.57,2026-05-21T18:05:44.692017Z,2026-05-21T19:05:44.692017Z,2026-05-21,0x57bdda51774313bdb9c63336ebb6a51de4fddf593c7e828f3096e74b732f5b2f
research_20260521_1000-0421,user-001,0xe277470f18231d136f8d8afb0cdeb6256910e5a397bfa8a0ecd5668af713d4d4,0x009f4f2f3c9475cbc6ba1ef83829025a2208b65eb77ec1a6a33139effabb7aa1,6.98,6.98,0.0,6.98,2026-05-21T13:21:41.201240Z,2026-05-21T13:41:41.201240Z,2026-05-21,0x57bdda51774313bdb9c63336ebb6a51de4fddf593c7e828f3096e74b732f5b2f
research_20260521_1000-0422,user-001,0x3bd0d27e7b10c4544ca4b66d864b3367259df468a425fa9f1f95682e1a4dc222,0x85266083be52f75a97d2730195d1448359c9ba829388f9e8df2da132f2a0698d,1.006,6.305,5.299,1.006,2026-05-21T08:08:20.778715Z,2026-05-21T08:38:20.778715Z,2026-05-21,0x57bdda51774313bdb9c63336ebb6a51de4fddf593c7e828f3096e74b732f5b2f
research_20260521_1000-0423,user-006,0xdf8f8d0a15214447a0587b44f929ac21c84c13b99babca48126c9ccd87e3e3fa,0x415d2d1d9f9fc6eae5c64ca417962bf08f165331ad1df08d2dfb333157a2193a,13.685,13.685,0.0,13.685,2026-05-21T23:47:37.247025Z,2026-05-22T00:27:37.247025Z,2026-05-21,0x57bdda51774313bdb9c63336ebb6a51de4fddf593c7e828f3096e74b732f5b2f
research_20260521_1000-0424,user-005,0xc7b90114403d83a2a292690c1d7c9a642233011fa2093ea8398cea63660e3be4,0xccb1abf4f304e75d46581fef71c15caaa691a24e75e6e90d8210d638d2f0fbfc,-13.758,0.0,13.758,-13.758,2026-05-21T21:57:38.128228Z,2026-05-21T23:12:38.128228Z,2026-05-21,0x57bdda51774313bdb9c63336ebb6a51de4fddf593c7e828f3096e74b732f5b2f
research_20260521_1000-0425,user-002,0x899fcdfc37acdf7f38fd377af5a69eca5c1eb531a1f98782c7eff49e816d978c,0xa9767d99433810bd287029620937206e417457cb3536700aa03194cfd87ebdf1,7.197,7.197,0.0,7.197,2026-05-21T06:24:56.395301Z,2026-05-21T07:04:56.395301Z,2026-05-21,0x57bdda51774313bdb9c63336ebb6a51de4fddf593c7e828f3096e74b732f5b2f
research_20260521_1000-0426,user-009,0x98080c43faf6bda334e8b88163be393db5345e09e91e38707a2a3cc8277c3360,0xd65c3bcb142e68b144b0a9b7a74aee1b9e5ce10f1f187069ccf62007d799e6a4,-0.084,2.75,2.834,-0.084,2026-05-21T03:42:55.565446Z,2026-05-21T04:12:55.565446Z,2026-05-21,0x57bdda51774313bdb9c63336ebb6a51de4fddf593c7e828f3096e74b732f5b2f
research_20260521_1000-0427,user-002,0x82227a77947a9bb720badc76bcf989edd4220bb50bcde635ffec7f3d1ffa7f7d,0xbd72eff2173542cb43eca6ed6be1943e2536c14b88c5921f5602c5c272523271,9.122,9.947,0.825,9.122,2026-05-21T20:27:57.798900Z,2026-05-21T21:27:57.798900Z,2026-05-21,0x57bdda51774313bdb9c63336ebb6a51de4fddf593c7e828f3096e74b732f5b2f
research_20260521_1000-0428,user-003,0xd1acbb137bfd7af54cb64382dd3eacd823cf2e68c4ac9552bc55d7603f6ae8a9,0x329bf45fed728e285c0f5acd8896d4034d84fb8505d74556f0ae4f126b725108,5.823,5.823,0.0,5.823,2026-05-21T20:31:08.489932Z,2026-05-21T21:01:08.489932Z,2026-05-21,0x57bdda51774313bdb9c63336ebb6a51de4fddf593c7e828f3096e74b732f5b2f
research_20260521_1000-0429,user-002,0x7405f02429286516f13091f657b2d9bdb4ccba3c8dc63e807693d4792d35fa59,0xc1efb055fcb0122b27750680c0b686f2db99e75129ab837536f1e930d04dab74,1.148,4.205,3.057,1.148,2026-05-21T09:32:41.741533Z,2026-05-21T10:32:41.741533Z,2026-05-21,0x57bdda51774313bdb9c63336ebb6a51de4fddf593c7e828f3096e74b732f5b2f
research_20260521_1000-0430,user-001,0x65453c4a47411e9cba53e5b6f2c6ae97af03b3659a5a443a2b1e02fc0ce94d8b,0x991ed72e3049832ba833b29285e7433494e824eb90a8f0de24e31bddb92870e8,4.452,4.452,0.0,4.452,2026-05-21T21:02:50.868965Z,2026-05-21T21:42:50.868965Z,2026-05-21,0x57bdda51774313bdb9c63336ebb6a51de4fddf593c7e828f3096e74b732f5b2f
research_20260521_1000-0431,user-008,0x1431263b4a0eb69c8a833831cb6cbe5325b726eb20d1036f7cd7ac844e64b6bd,0xcdad146162930d5cb9b3b2723568897426d03613922c7ba8244ae1808f4560da,-10.744,0.0,10.744,-10.744,2026-05-21T07:58:12.127644Z,2026-05-21T08:28:12.127644Z,2026-05-21,0x57bdda51774313bdb9c63336ebb6a51de4fddf593c7e828f3096e74b732f5b2f
research_20260521_1000-0432,user-002,0xd0771ed3ff33a3804e3b1a2856e2871ee54cb585372f01219954fe4ca5924a1f,0x439ab470a8b3fb7e79331c49256a4b0daaf42cb96e9663871f9987accb4ee1f2,6.829,6.829,0.0,6.829,2026-05-21T03:12:01.611264Z,2026-05-21T03:32:01.611264Z,2026-05-21,0x57bdda51774313bdb9c63336ebb6a51de4fddf593c7e828f3096e74b732f5b2f
research_20260521_1000-0433,user-010,0xf99bd2359d9df37f00b5dbe954c194aabda0e8792e6e9d9dd5da5f9b0c54dac7,0x243e349648b50ce0a132c059fe4bfb1f5f3a8b5c5c51a400bb83c1ca789894f1,-2.27,12.925,15.195,-2.27,2026-05-21T05:48:02.049803Z,2026-05-21T07:03:02.049803Z,2026-05-21,0x57bdda51774313bdb9c63336ebb6a51de4fddf593c7e828f3096e74b732f5b2f
research_20260521_1000-0434,user-009,0x0641eb054ae5bbe553ab20e8afd24c4dd2672f16bdd9916c0247e136639d55da,0x6e29fbf33ad3b889f612c7ff0a67b6461157fdae5b0270d4ba3af3fc3890cf32,3.685,4.311,0.626,3.685,2026-05-21T16:21:58.157584Z,2026-05-21T17:01:58.157584Z,2026-05-21,0x57bdda51774313bdb9c63336ebb6a51de4fddf593c7e828f3096e74b732f5b2f
research_20260521_1000-0435,user-005,0xf959602bce3a8b3c9171205d04c18d46097ec223e5ebceebd80fb57e45eb484c,0x5022dc8d6f4863b023e552d88307135c3f061ddb0fd85b8e73223e23886759d4,-4.951,0.0,4.951,-4.951,2026-05-21T14:37:29.208949Z,2026-05-21T15:17:29.208949Z,2026-05-21,0x57bdda51774313bdb9c63336ebb6a51de4fddf593c7e828f3096e74b732f5b2f
research_20260521_1000-0436,user-005,0xedc0f6feeee76ab078f16aa27875f47720a19b9bd2b3327ff4856556869c8783,0x3f26663f44e2670004522011222b56483f36c8dd582ee41ad9fb201e629f1487,-21.893,0.0,21.893,-21.893,2026-05-21T22:31:41.397109Z,2026-05-21T23:31:41.397109Z,2026-05-21,0x57bdda51774313bdb9c63336ebb6a51de4fddf593c7e828f3096e74b732f5b2f
research_20260521_1000-0437,user-003,0x680d27d9e6128b923eeeececdafa950eb676440447e49527d7583717473407c0,0xc7a2f6f58e643c4c179d971813d1356c311ff0f68689abb9343109e28e658eb5,3.49,3.49,0.0,3.49,2026-05-21T15:01:26.428952Z,2026-05-21T15:31:26.428952Z,2026-05-21,0x57bdda51774313bdb9c63336ebb6a51de4fddf593c7e828f3096e74b732f5b2f
research_20260521_1000-0438,user-001,0xc147ec0542d49e5bf599fdfa77d3faa1e7ba624fe48a844ec9ba3101211931b1,0xb95562fee9d2cbcbf32bb65892c2df3db7f0cebc9ee39f43abf53f720fb4ed61,10.935,10.935,0.0,10.935,2026-05-21T01:34:45.011094Z,2026-05-21T02:34:45.011094Z,2026-05-21,0x57bdda51774313bdb9c63336ebb6a51de4fddf593c7e828f3096e74b732f5b2f
research_20260521_1000-0439,user-007,0xa9dd8da10a628987fff7e32b8ff160b1fd29b93bfbf00febe9c54ab98cedddaf,0x693bd8f01af341bfe07e25725e8e9cf5692436434c8cb1d7c2812b7bc2f8aaac,14.252,14.252,0.0,14.252,2026-05-21T18:55:22.544768Z,2026-05-21T20:10:22.544768Z,2026-05-21,0x57bdda51774313bdb9c63336ebb6a51de4fddf593c7e828f3096e74b732f5b2f
research_20260521_1000-0440,user-007,0x282ef843dc3b69b5237e6bf58486b0ac8fc43fc2a757a18bf3710e348680e84f,0xc186e48346f986931f8f640ed6dd37257835653cea57f4e8cbfda07154aa1861,10.682,10.682,0.0,10.682,2026-05-21T10:38:39.687448Z,2026-05-21T11:38:39.687448Z,2026-05-21,0x57bdda51774313bdb9c63336ebb6a51de4fddf593c7e828f3096e74b732f5b2f
research_20260521_1000-0441,user-002,0x158fecc9a648f1a33e9fd6ec85efc6b16f42dc00ea73e3d74b1630113537805e,0x35bebd4ba41e1e22eb34b4aff56875dc6177f8ace0019ce07b99233d7e8046f9,0.023,2.627,2.604,0.023,2026-05-21T12:52:43.365259Z,2026-05-21T13:22:43.365259Z,2026-05-21,0x57bdda51774313bdb9c63336ebb6a51de4fddf593c7e828f3096e74b732f5b2f
research_20260521_1000-0442,user-006,0x013c0cc419fd01028012aea66e05ced4e6cf0bfb4a6ad5dd6253b4cf01de4b3d,0x1f5e4f2a1ba54a6153ee241c13e4945afcc504357687092b11b996feec53e2eb,21.187,21.187,0.0,21.187,2026-05-21T23:06:00.821891Z,2026-05-22T00:06:00.821891Z,2026-05-21,0x57bdda51774313bdb9c63336ebb6a51de4fddf593c7e828f3096e74b732f5b2f
research_20260521_1000-0443,user-003,0x2f1ac2d20dcbbe5bd610d509e33c3cbfeb05ae7413e9b4a4fd062678a33a0ea4,0xfeab8c3ff93550758484ab105938c73af23d089e19b7a8c6e99501073a34263e,8.63,8.63,0.0,8.63,2026-05-21T17:45:08.444867Z,2026-05-21T19:00:08.444867Z,2026-05-21,0x57bdda51774313bdb9c63336ebb6a51de4fddf593c7e828f3096e74b732f5b2f
research_20260521_1000-0444,user-008,0xc6c56479c8811dff523dd7b8e0ba1e25a852505477d72b774b2e17e9417bf544,0x841175bd9bc13a3768a984b988a298c0e196c363597f468c8b0b2b456334bbe6,9.508,9.508,0.0,9.508,2026-05-21T12:05:22.344585Z,2026-05-21T13:20:22.344585Z,2026-05-21,0x57bdda51774313bdb9c63336ebb6a51de4fddf593c7e828f3096e74b732f5b2f
research_20260521_1000-0445,user-002,0x03bf824c8e6dff3748082c2fc035a6bef2ad4176019f5c7ffb424dea22f6c898,0x3219ba6d8b06e08ef57d9625d3064f5b61f02de588ee2619894af0bdf573bce0,7.112,7.112,0.0,7.112,2026-05-21T23:18:51.794206Z,2026-05-22T00:18:51.794206Z,2026-05-21,0x57bdda51774313bdb9c63336ebb6a51de4fddf593c7e828f3096e74b732f5b2f
research_20260521_1000-0446,user-002,0xc32ffe4ee783734c5d0c1e3665c5144c82da96f09d0947cd6cb50f644507dedc,0xc818fc9d68b15ae03819db2646a4d16089c7a7f3c982e8c08678886946f8eab6,-2.396,0.0,2.396,-2.396,2026-05-21T21:55:49.802000Z,2026-05-21T22:15:49.802000Z,2026-05-21,0x57bdda51774313bdb9c63336ebb6a51de4fddf593c7e828f3096e74b732f5b2f
research_20260521_1000-0447,user-007,0x0c1ef79c09f500c445d49f1278c8ae7881bdddc9ccbea9d2476d1581d20f8874,0x70e4ee27d848dcd065dab71c6a3f42bea94aa81c3c5014f7d326233ca6e2f951,0.3,4.166,3.866,0.3,2026-05-21T22:24:15.721613Z,2026-05-21T22:44:15.721613Z,2026-05-21,0x57bdda51774313bdb9c63336ebb6a51de4fddf593c7e828f3096e74b732f5b2f
research_20260521_1000-0448,user-008,0xd9ab0bdc91d8831384db80b95f096398be53f0cdb1a25b5a3ec49b5700291ab4,0x010d2c271edb11b2edf5477074fdac5223692bc980e0a18f6bfec00ec958ea41,24.073,25.572,1.499,24.073,2026-05-21T04:53:57.771846Z,2026-05-21T06:08:57.771846Z,2026-05-21,0x57bdda51774313bdb9c63336ebb6a51de4fddf593c7e828f3096e74b732f5b2f
research_20260521_1000-0449,user-006,0x6846d52c003b7a66c4701de216563187472c58f0f1bbaf64a043d5451f4c4da5,0xc33b0ec8d6bbfed372c65c916db35c077f3e3b97444b8ede6c4cd9ea5a25b81d,2.779,5.91,3.131,2.779,2026-05-21T16:30:53.336044Z,2026-05-21T17:45:53.336044Z,2026-05-21,0x57bdda51774313bdb9c63336ebb6a51de4fddf593c7e828f3096e74b732f5b2f
research_20260521_1000-0450,user-008,0x9997a58f0c0663aa4d898ab2fcb25aedb1744669fd297b981dcb60e4e57e30fc,0x4f5085621fd9390eeecec037a49925e562e71baeab51e22e5a33a65db1c4940b,14.358,14.358,0.0,14.358,2026-05-21T09:35:20.536993Z,2026-05-21T10:15:20.536993Z,2026-05-21,0x57bdda51774313bdb9c63336ebb6a51de4fddf593c7e828f3096e74b732f5b2f
research_20260521_1000-0451,user-010,0x485a006d08c0ab970a9f712d52bf7186824d08577235daab87fb18d5e840069c,0xc20e3f420e571dbc06333362b3746467751435fabe509476addc43bad9ae61af,21.722,21.722,0.0,21.722,2026-05-21T18:52:04.832944Z,2026-05-21T19:52:04.832944Z,2026-05-21,0x57bdda51774313bdb9c63336ebb6a51de4fddf593c7e828f3096e74b732f5b2f
research_20260521_1000-0452,user-004,0xe2e5f7dd07db7f604c4c17a788bb25016fbe5a60d5158a91af55f24e596ce0a9,0x0a5dd714c2fcb56d6d5151410818fe771d782a673c710735579c6e152d1a4f6a,3.618,3.618,0.0,3.618,2026-05-21T19:14:07.920488Z,2026-05-21T19:44:07.920488Z,2026-05-21,0x57bdda51774313bdb9c63336ebb6a51de4fddf593c7e828f3096e74b732f5b2f
research_20260521_1000-0453,user-007,0x5b788cde465951c24d464bdc67adcfe84a774ece61b04f95c62de48c2a443e28,0x0d8258ba4802983ff3a5e6d5a0fd8e6abd03a54e83619aecf6062d76d9d24560,3.631,3.631,0.0,3.631,2026-05-21T08:15:59.301361Z,2026-05-21T08:35:59.301361Z,2026-05-21,0x57bdda51774313bdb9c63336ebb6a51de4fddf593c7e828f3096e74b732f5b2f
research_20260521_1000-0454,user-007,0x18698b744fee7b5f42dbb4985d8b5f3ee0a628422bd7cd5af20d9fd55d9c47bb,0x1aecb3bd082df3e6bf76b3032d9e4d933123446dcecf04139c189b8fdb84a7a3,1.234,1.855,0.621,1.234,2026-05-21T02:54:07.290931Z,2026-05-21T03:14:07.290931Z,2026-05-21,0x57bdda51774313bdb9c63336ebb6a51de4fddf593c7e828f3096e74b732f5b2f
research_20260521_1000-0455,user-010,0xc2ad7ff8524d19324aad1e9a01ba0a21aaa9c929dea1dc5001f5724224628d22,0x02e4c428ab7f3fa980e2489886ae1796e1d965c0b577c76f34c5d4e1951ce73c,13.459,13.459,0.0,13.459,2026-05-21T09:53:15.044625Z,2026-05-21T11:08:15.044625Z,2026-05-21,0x57bdda51774313bdb9c63336ebb6a51de4fddf593c7e828f3096e74b732f5b2f
research_20260521_1000-0456,user-006,0x8d16fdd157faf6749c33e61a0158471d8d3e9bf6f4e97d2ec60328b527b32afd,0x5c563b30a16d82b02748f5f28c1f2d16908e27c4b5cd2e57decdfca6359e3b47,21.014,21.014,0.0,21.014,2026-05-21T11:22:18.902017Z,2026-05-21T12:22:18.902017Z,2026-05-21,0x57bdda51774313bdb9c63336ebb6a51de4fddf593c7e828f3096e74b732f5b2f
research_20260521_1000-0457,user-009,0x10cd6c71eb522ed6486f5af222eb8443e899ef1633acbe945c009967b0acb7c8,0x72532e7d8ddc327f4d951255df01ff8e02e807887d4ed4e3c8631429b6c07a83,-3.608,0.0,3.608,-3.608,2026-05-21T21:56:56.829657Z,2026-05-21T22:16:56.829657Z,2026-05-21,0x57bdda51774313bdb9c63336ebb6a51de4fddf593c7e828f3096e74b732f5b2f
research_20260521_1000-0458,user-006,0x3116c360d188d5a4dc501b19d8acc2c7051f39e860d41b66116b6782d26e6c8e,0x77f5b29e7c575b4faa931b6ea6543df2cc166357d4ae6d9ef74b0a48aeeb1c5c,-7.438,0.0,7.438,-7.438,2026-05-21T04:40:30.814199Z,2026-05-21T05:20:30.814199Z,2026-05-21,0x57bdda51774313bdb9c63336ebb6a51de4fddf593c7e828f3096e74b732f5b2f
research_20260521_1000-0459,user-002,0x65819467646336ade50bd38dd3281a67e3cb986a144a94437a9691ed1fb1a775,0x344be75688c4d4bf47f4425a2cbf4cc3134c9b7f1c6022dba6dfe47132c185b7,-8.654,0.0,8.654,-8.654,2026-05-21T15:20:15.532626Z,2026-05-21T16:35:15.532626Z,2026-05-21,0x57bdda51774313bdb9c63336ebb6a51de4fddf593c7e828f3096e74b732f5b2f
research_20260521_1000-0460,user-007,0xc6c91d30bd4909f3e519095d878d25eb17c49d16da6d1f2276714fdcd5d260f7,0x27910525cd0a913a8eda7d12773b23272361cd0e335e9e0b0e2be38f189df708,3.871,3.871,0.0,3.871,2026-05-21T04:15:31.182288Z,2026-05-21T04:35:31.182288Z,2026-05-21,0x57bdda51774313bdb9c63336ebb6a51de4fddf593c7e828f3096e74b732f5b2f
research_20260521_1000-0461,user-009,0xa0cfc46ba0cff773214a4a598f34759bf3bcc81b4e11cd9a40873e6b4de51d5b,0x53b76e095b7dcbcb1a8ef4f3e193e927b3a9dfed00fa3876c2c4e4272a0186ac,13.555,13.555,0.0,13.555,2026-05-21T09:53:42.885570Z,2026-05-21T11:08:42.885570Z,2026-05-21,0x57bdda51774313bdb9c63336ebb6a51de4fddf593c7e828f3096e74b732f5b2f
research_20260521_1000-0462,user-007,0x3564a4985f7dbf190c21ff32df7caa0dc989c698806f5f7c3660d16253485668,0x86c2702a8e79ea15e6c68fb8864e463e363dbbf94593a5b0c9c83fdfd5a5afc9,-13.45,0.0,13.45,-13.45,2026-05-21T05:40:30.487432Z,2026-05-21T06:55:30.487432Z,2026-05-21,0x57bdda51774313bdb9c63336ebb6a51de4fddf593c7e828f3096e74b732f5b2f
research_20260521_1000-0463,user-008,0x8b4a8b30b0c965623489bb39d99f9f74b460880ba791fa7a5df0e3f92325ca5b,0x686b5bb37c508440a9882317456012fb3782ef416114f9cafdcb256d02824ef9,2.562,3.727,1.165,2.562,2026-05-21T08:38:50.114375Z,2026-05-21T09:18:50.114375Z,2026-05-21,0x57bdda51774313bdb9c63336ebb6a51de4fddf593c7e828f3096e74b732f5b2f
research_20260521_1000-0464,user-009,0x6dfd6a0e129bd02b8c223cd8bd860a87a284274204249123c98e13ca661904b8,0x074c996e7bacb1c5c7e9d31d7656eb3510797243acd1de7b345e5ca843c1e8b5,-7.525,0.0,7.525,-7.525,2026-05-21T23:43:05.531520Z,2026-05-22T00:23:05.531520Z,2026-05-21,0x57bdda51774313bdb9c63336ebb6a51de4fddf593c7e828f3096e74b732f5b2f
research_20260521_1000-0465,user-008,0x9ba57b36f380b0ead801d3a3fb4a80f31ac8e0a3f5e8d2d2d199f26e57a2963a,0xe33cab63b05742d9ae15bf4f587952e4854f7abbc793753142a0de31b2e8e82a,13.155,13.155,0.0,13.155,2026-05-21T20:10:21.300013Z,2026-05-21T21:25:21.300013Z,2026-05-21,0x57bdda51774313bdb9c63336ebb6a51de4fddf593c7e828f3096e74b732f5b2f
research_20260521_1000-0466,user-005,0x10052a9ccd5759a8d31ba80c5cfd2739c1f4d2f35aa48ead9efe3a3ef0c1bfbd,0x9b8f241a61b633fa6c65890c1f638af10cd7687844eb32792a036850dfbcc9df,0.378,2.969,2.591,0.378,2026-05-21T14:35:49.792219Z,2026-05-21T15:05:49.792219Z,2026-05-21,0x57bdda51774313bdb9c63336ebb6a51de4fddf593c7e828f3096e74b732f5b2f
research_20260521_1000-0467,user-005,0x055bec6a7471de9ed503c81f3824a6f61855a499446eba30d626d6fea2265d4c,0xbeb9cd79b900a0bc9b8f382635b7dd92ec268c295c6fe7cf9a58426af46b7a9f,14.054,14.054,0.0,14.054,2026-05-21T02:48:07.176100Z,2026-05-21T04:03:07.176100Z,2026-05-21,0x57bdda51774313bdb9c63336ebb6a51de4fddf593c7e828f3096e74b732f5b2f
research_20260521_1000-0468,user-008,0x72d126ab2e41e57e0b194e6da4736d4875c48095170c6c63e2de793f87b32805,0xb517de01ae458417904155d1155a7ad3c0b93976249c7436092506df660d9096,-7.592,0.0,7.592,-7.592,2026-05-21T14:50:08.158930Z,2026-05-21T15:50:08.158930Z,2026-05-21,0x57bdda51774313bdb9c63336ebb6a51de4fddf593c7e828f3096e74b732f5b2f
research_20260521_1000-0469,user-002,0xc3dc2f478299773f9c677e51e364bb9ba9e09b355ee13326476f2dcdd1e2dd92,0x84011f4bcf1de049f1dbb17ca1a26c6f36ca714446e829e2b58fa23c812e13df,7.862,7.862,0.0,7.862,2026-05-21T19:43:46.757423Z,2026-05-21T20:03:46.757423Z,2026-05-21,0x57bdda51774313bdb9c63336ebb6a51de4fddf593c7e828f3096e74b732f5b2f
research_20260521_1000-0470,user-001,0xa760380117d8ddf66824db706184f531bdf476d3234f248923f341c4f490034d,0x3990253b637ca95b98b8daeb574e6a52710d2ffeb11148641f88fa41b9f0450c,-8.991,0.0,8.991,-8.991,2026-05-21T02:33:31.782226Z,2026-05-21T03:48:31.782226Z,2026-05-21,0x57bdda51774313bdb9c63336ebb6a51de4fddf593c7e828f3096e74b732f5b2f
research_20260521_1000-0471,user-004,0x620c29cf9260621f4a540b7f64a39abedad6c5cb7b3295944220b8de921fbb56,0xb2d5f46b01dd73b3f0cae0641a55765ababaf83398dc93d67a9a4bae8cd68d0c,2.519,2.519,0.0,2.519,2026-05-21T07:39:51.496981Z,2026-05-21T07:59:51.496981Z,2026-05-21,0x57bdda51774313bdb9c63336ebb6a51de4fddf593c7e828f3096e74b732f5b2f
research_20260521_1000-0472,user-006,0x6ce9b8b15aae0c2cbd95e1a3797aef621ec1b501fedd99e192a77d68993de4f0,0x2c938c2c6b74235b6879c69cb2633334ab20914ad9feee379e86bfa2299b8452,-0.089,5.501,5.59,-0.089,2026-05-21T16:14:20.484634Z,2026-05-21T16:44:20.484634Z,2026-05-21,0x57bdda51774313bdb9c63336ebb6a51de4fddf593c7e828f3096e74b732f5b2f
research_20260521_1000-0473,user-004,0x941dd0a5b7fdb67e0aec0622537dbfc40e35b52269b90bd85e85ab844ae9d9aa,0xce05407976198f5bbfc5f23614c5e897f52c8f999c2e9dbcb2c285959640c7ba,14.57,14.57,0.0,14.57,2026-05-21T22:23:56.193057Z,2026-05-21T23:03:56.193057Z,2026-05-21,0x57bdda51774313bdb9c63336ebb6a51de4fddf593c7e828f3096e74b732f5b2f
research_20260521_1000-0474,user-010,0x459947733ac487434d5e60c44c36de232c4632bcf298643e41905d077e150e38,0x214d7d99cda5f02b82d7e8e405e1a9b1d535f446977830011ba9c744e3991bce,21.501,21.501,0.0,21.501,2026-05-21T16:11:55.789273Z,2026-05-21T17:11:55.789273Z,2026-05-21,0x57bdda51774313bdb9c63336ebb6a51de4fddf593c7e828f3096e74b732f5b2f
research_20260521_1000-0475,user-001,0x9e57721c06bcd4d68b0e3eefcbfe1fdc7ac53bf6dca78b174c7b4f588af37052,0xd639a70490dbcf9de8c111f501041af3019fd2ff79d6693f596bd0e6fbac0f60,-8.846,0.0,8.846,-8.846,2026-05-21T18:24:02.849851Z,2026-05-21T19:39:02.849851Z,2026-05-21,0x57bdda51774313bdb9c63336ebb6a51de4fddf593c7e828f3096e74b732f5b2f
research_20260521_1000-0476,user-001,0x77911e5adda20fe7bf9985986b8ac856d3f1583e8a8acff88fb0f6818acf5e17,0x48d722a145997c239a52d1a27cdb751a10346a027a211946cc8ef4b438ca7bab,22.216,22.216,0.0,22.216,2026-05-21T11:28:56.584931Z,2026-05-21T12:28:56.584931Z,2026-05-21,0x57bdda51774313bdb9c63336ebb6a51de4fddf593c7e828f3096e74b732f5b2f
research_20260521_1000-0477,user-001,0x5a17c1c695de7cc1f59766944cf5748fad6ce4f44789d5ce68f86b8bf92c59dc,0x8267138017a3d71fb18353a2a6d19aa27164a193706cfee10322e21d88b69d5a,7.434,7.434,0.0,7.434,2026-05-21T22:25:57.101539Z,2026-05-21T23:25:57.101539Z,2026-05-21,0x57bdda51774313bdb9c63336ebb6a51de4fddf593c7e828f3096e74b732f5b2f
research_20260521_1000-0478,user-004,0xdcf045e629e9e0a4b1cbc57b7af3af525c69cdce26de6f69428e3d31f4005c06,0x997e32652240ceb55a7649f9ed5e60ce79b8cf2a1e6b6643abfd2ed8778cf38a,13.724,13.724,0.0,13.724,2026-05-21T16:42:32.098892Z,2026-05-21T17:57:32.098892Z,2026-05-21,0x57bdda51774313bdb9c63336ebb6a51de4fddf593c7e828f3096e74b732f5b2f
research_20260521_1000-0479,user-003,0x14604d488557f5418fae5d270e259cf93ca1f274b6902b3b5c89ba8c4763506f,0x50b7d1a1587f5574bb42212dc1ed96fe1a782c05f9a8cdd767fedccceeef0d97,10.704,10.704,0.0,10.704,2026-05-21T17:48:29.995206Z,2026-05-21T18:48:29.995206Z,2026-05-21,0x57bdda51774313bdb9c63336ebb6a51de4fddf593c7e828f3096e74b732f5b2f
research_20260521_1000-0480,user-008,0x0ce2da194bde9dfbbcf0a2a4557b398f60cbcb43d49ba782fb720390ed3dd89c,0x9bc431e0916abad879cb6deb32f4646c496adf9670aa89edc0fcdd83d97b1814,-9.096,0.0,9.096,-9.096,2026-05-21T16:35:45.144684Z,2026-05-21T17:50:45.144684Z,2026-05-21,0x57bdda51774313bdb9c63336ebb6a51de4fddf593c7e828f3096e74b732f5b2f
research_20260521_1000-0481,user-001,0x73a78c3c7e7a1759d2e1b5ca789345b92a4119bfcebf50bfbbf4a7b2a7f1bcd1,0x56004ec40aeb6889af7fa056c9ffbced101c4e4aa7abb95754248aa66af72ac9,15.638,15.638,0.0,15.638,2026-05-21T01:52:05.117532Z,2026-05-21T02:32:05.117532Z,2026-05-21,0x57bdda51774313bdb9c63336ebb6a51de4fddf593c7e828f3096e74b732f5b2f
research_20260521_1000-0482,user-002,0xeaafdebc0e8c8774ded22b144c6eb3ce42188955211349487b7ce8367493ff91,0xc65771634bf2afcb4af61bc55c344d38969eeeed75221888f53fb5a636ccd149,10.65,10.65,0.0,10.65,2026-05-21T08:31:04.065442Z,2026-05-21T09:31:04.065442Z,2026-05-21,0x57bdda51774313bdb9c63336ebb6a51de4fddf593c7e828f3096e74b732f5b2f
research_20260521_1000-0483,user-002,0xa34cbb296f633db44157b551747c49f58ee50618daa250657eeebed329e2b62e,0x7a7d1d2b48243b77e4de005bfa87cff9b2568dab5a4a14796fd0f33a01abc2bc,13.563,13.563,0.0,13.563,2026-05-21T21:21:38.720203Z,2026-05-21T22:36:38.720203Z,2026-05-21,0x57bdda51774313bdb9c63336ebb6a51de4fddf593c7e828f3096e74b732f5b2f
research_20260521_1000-0484,user-008,0x8c069aea0ddeb65b373ca1063dce956ae9c794d77ebfaad2e281ab5cba368d5f,0xafe4ab102475a032fd24ca71b522d8d7779950713748ce3a5c42bfe99870a360,-0.023,1.784,1.807,-0.023,2026-05-21T10:22:23.239608Z,2026-05-21T10:52:23.239608Z,2026-05-21,0x57bdda51774313bdb9c63336ebb6a51de4fddf593c7e828f3096e74b732f5b2f
research_20260521_1000-0485,user-005,0x190ad4da9983ec88f05c9c80b15244a4360fe58d80cc58647c3556d6b28c2dec,0xdfaab69340ed54497da12ed234196cb07c246db54f7bf3448806306e6090a36e,1.813,2.835,1.022,1.813,2026-05-21T21:55:34.909687Z,2026-05-21T22:15:34.909687Z,2026-05-21,0x57bdda51774313bdb9c63336ebb6a51de4fddf593c7e828f3096e74b732f5b2f
research_20260521_1000-0486,user-010,0x21f23485938ae31e1a58bc45e0395f519c327b1416222dd64df55cbf21fff33a,0xde6399d772f7c78bbb94ca67115b3fafc3f647ee02135c39751d2d054d9b3568,1.236,1.695,0.459,1.236,2026-05-21T05:02:32.500699Z,2026-05-21T05:22:32.500699Z,2026-05-21,0x57bdda51774313bdb9c63336ebb6a51de4fddf593c7e828f3096e74b732f5b2f
research_20260521_1000-0487,user-006,0x273132f1266144baffa614ccd9ea52369f89c415d4ab9bb28acfc46d84283eb8,0x9a366d45fb79f41a9880a08abc1c9162ab79e9d2048fd549eac581a52bb7cd76,7.293,7.293,0.0,7.293,2026-05-21T15:05:04.165439Z,2026-05-21T15:45:04.165439Z,2026-05-21,0x57bdda51774313bdb9c63336ebb6a51de4fddf593c7e828f3096e74b732f5b2f
research_20260521_1000-0488,user-003,0xdd6e4569c8d0ac1ef711b6130e75d4e5e4d22d091d232d2a9de20bcef16f0d80,0x06a9a0657593ca82b064c5980f81fe2924004ddeb618b3e1f93323054ca19196,4.286,5.853,1.567,4.286,2026-05-21T23:22:01.211084Z,2026-05-21T23:42:01.211084Z,2026-05-21,0x57bdda51774313bdb9c63336ebb6a51de4fddf593c7e828f3096e74b732f5b2f
research_20260521_1000-0489,user-006,0x4041143b8a06fce4f2d8a1afb735820a9a479204ddf36aa8525ece50cf1089ec,0x70716a52ea0870010adae5d2da7adf60627cfc7d62869fe7b0d34f273309a290,4.529,4.529,0.0,4.529,2026-05-21T23:35:03.141725Z,2026-05-22T00:15:03.141725Z,2026-05-21,0x57bdda51774313bdb9c63336ebb6a51de4fddf593c7e828f3096e74b732f5b2f
research_20260521_1000-0490,user-002,0x8fccf462022b26c7352341bc5b40ad407542684988680b41bca89c66ab26ff88,0x62324dbffd7298ba081befd3517731e23748081204bdcc757a50ebbfa831e63f,8.109,11.652,3.543,8.109,2026-05-21T06:21:38.403006Z,2026-05-21T07:01:38.403006Z,2026-05-21,0x57bdda51774313bdb9c63336ebb6a51de4fddf593c7e828f3096e74b732f5b2f
research_20260521_1000-0491,user-002,0x5a74394405323ae95bb60d36d58b6166eaa000da8289bfd97dd751b7320989bf,0xe53fc8047f3be99efa99c1c0a18c093e66677e582554573526ee59c2b7969d42,5.051,6.822,1.771,5.051,2026-05-21T12:24:40.637686Z,2026-05-21T13:39:40.637686Z,2026-05-21,0x57bdda51774313bdb9c63336ebb6a51de4fddf593c7e828f3096e74b732f5b2f
research_20260521_1000-0492,user-006,0x1d291952ba84d581374a91d5864a9e97ee8e64e2dbe99c648632f7aeceb0e7ed,0x241ad9ebac7b2dfe440e2f0c1b1a15f95c69fe2ddc6a61e249b22ed496a2aaa5,4.679,15.986,11.307,4.679,2026-05-21T03:03:24.331554Z,2026-05-21T04:18:24.331554Z,2026-05-21,0x57bdda51774313bdb9c63336ebb6a51de4fddf593c7e828f3096e74b732f5b2f
research_20260521_1000-0493,user-010,0xcd7fa05798a02e0a603f3add710049d5a1a5d6a240cdf6969b63eb251d52fca0,0x8d2d8175263802727a29a221e35b812f813d6649c1c7f85e0d2806198fdaeeff,4.775,4.775,0.0,4.775,2026-05-21T06:17:50.294250Z,2026-05-21T06:57:50.294250Z,2026-05-21,0x57bdda51774313bdb9c63336ebb6a51de4fddf593c7e828f3096e74b732f5b2f
research_20260521_1000-0494,user-009,0x0b5bd1508e4826c5616bb304bd142f465cdc36491d6a5648ffe7d11f10dbfbab,0x117fdd5fe5422241701b0153afebde243ae08956dffb164058287a5e1b9093eb,4.988,4.988,0.0,4.988,2026-05-21T03:31:35.921020Z,2026-05-21T04:11:35.921020Z,2026-05-21,0x57bdda51774313bdb9c63336ebb6a51de4fddf593c7e828f3096e74b732f5b2f
research_20260521_1000-0495,user-002,0x3635413c2298361248175450069eee379b83f5148724f9a173508cc4e5d57b08,0x71740a34c2fa83f771000bc84fab293982113387dee1adafe0c7087f2b5386e5,13.144,13.144,0.0,13.144,2026-05-21T17:25:13.700311Z,2026-05-21T18:40:13.700311Z,2026-05-21,0x57bdda51774313bdb9c63336ebb6a51de4fddf593c7e828f3096e74b732f5b2f
research_20260521_1000-0496,user-003,0xb84cbc7e3dd99fb121cab782b4216eb748cc306e1258795c3250340f0a186a54,0x25e1423a54222d6a9c87d2d9b50f32e434a787fe2d288e0ba5dc3a00b2dabbdb,-13.187,0.0,13.187,-13.187,2026-05-21T00:11:52.138224Z,2026-05-21T01:26:52.138224Z,2026-05-21,0x57bdda51774313bdb9c63336ebb6a51de4fddf593c7e828f3096e74b732f5b2f
research_20260521_1000-0497,user-008,0xbdab061e12e3e89d2133e4338d4a761b96e80ccbace3e05a89413cd4ad7b22e5,0x7e5a3b8446b44f9c959cf0dd88dbc6aa74f676a242fbffb472e784f0111a7bb9,2.207,3.318,1.111,2.207,2026-05-21T07:16:49.442558Z,2026-05-21T07:56:49.442558Z,2026-05-21,0x57bdda51774313bdb9c63336ebb6a51de4fddf593c7e828f3096e74b732f5b2f
research_20260521_1000-0498,user-002,0x4e8d31e3f40248c858a0684b9841b050f848b8c535f75b0304215d3c28f47d69,0xd31555f5296955e4a4d5e7040eea719906095285012cd7b3c63990374581f68f,7.568,7.568,0.0,7.568,2026-05-21T15:26:57.555029Z,2026-05-21T16:26:57.555029Z,2026-05-21,0x57bdda51774313bdb9c63336ebb6a51de4fddf593c7e828f3096e74b732f5b2f
research_20260521_1000-0499,user-002,0x3dcd4c481c974b6a9a80c4d122acd5e337f5e84785d8c2ca0d2c7b4e7ee26fe8,0x635eb379e8d1deea3cd3af61248c96d0e5a298f877222ee2013e794c9116bcb2,10.965,10.965,0.0,10.965,2026-05-21T05:19:04.057920Z,2026-05-21T06:19:04.057920Z,2026-05-21,0x57bdda51774313bdb9c63336ebb6a51de4fddf593c7e828f3096e74b732f5b2f
research_20260521_1000-0500,user-007,0x8eb06c298759276bffe9b9828a4ee7f78717ddf0e5613495012fc94212ae62da,0x7a3b760f7285c64b9573c8e12a758c1f68d49a7cad2f6a3a6603257d70818c6a,-3.34,0.0,3.34,-3.34,2026-05-21T16:49:21.406807Z,2026-05-21T17:19:21.406807Z,2026-05-21,0x57bdda51774313bdb9c63336ebb6a51de4fddf593c7e828f3096e74b732f5b2f
research_20260521_1000-0501,user-002,0x2fa066025e0fdd91618e0f70be746bb64e20c6f72ccc9d2c37dd27857cc2f67f,0x51d234daefd5e61ba1e9df8843f8c5cb7ad04011d805d0d9e70db1ef8e23777a,26.502,26.502,0.0,26.502,2026-05-21T11:31:46.943583Z,2026-05-21T12:46:46.943583Z,2026-05-21,0x57bdda51774313bdb9c63336ebb6a51de4fddf593c7e828f3096e74b732f5b2f
research_20260521_1000-0502,user-002,0xe518f101a25e3a7a39369b06d46b478123d1167e6eb3bbae47b5cda94ed59a52,0x303bac4116347a27b5a93344981f13ca7fd13c6ba7e3022fad42e4ae3c796368,-12.895,0.0,12.895,-12.895,2026-05-21T00:27:54.183231Z,2026-05-21T01:42:54.183231Z,2026-05-21,0x57bdda51774313bdb9c63336ebb6a51de4fddf593c7e828f3096e74b732f5b2f
research_20260521_1000-0503,user-001,0xffa014b6a610daa04ed827a450d79d9b380c19570b741cdf04de91fa7a5c74c1,0x87a04cc14f6a80c2451b0550d9372a8170673c78291853ad865ad8eccfb7beed,2.456,3.022,0.566,2.456,2026-05-21T18:17:34.529276Z,2026-05-21T18:47:34.529276Z,2026-05-21,0x57bdda51774313bdb9c63336ebb6a51de4fddf593c7e828f3096e74b732f5b2f
research_20260521_1000-0504,user-003,0x9fcd0adbcee441286a360146c8632f3efbab2d04db1912a5347614318a46040f,0xb66a5f12e16f67e5cf0d77c55bb26944d83e7e1594f0c52483388a87896f7cfb,3.707,3.707,0.0,3.707,2026-05-21T14:22:54.869949Z,2026-05-21T14:42:54.869949Z,2026-05-21,0x57bdda51774313bdb9c63336ebb6a51de4fddf593c7e828f3096e74b732f5b2f
research_20260521_1000-0505,user-004,0x88cccb6d46d25a263affde63f6c786dcb17260597f895d91929e0a715e4bc5f5,0x949d59fd1d4dfea0ba2a55530f5088f25e408af5462003bddd1aedd203f315a7,27.508,27.508,0.0,27.508,2026-05-21T06:50:11.954774Z,2026-05-21T08:05:11.954774Z,2026-05-21,0x57bdda51774313bdb9c63336ebb6a51de4fddf593c7e828f3096e74b732f5b2f
research_20260521_1000-0506,user-004,0x8fcc0353444bb6c4f0e59af8e8b2890da824b24b62ee6ca1bb4f7519a99a03d0,0xc4c1ad39c37a92cd53b5d15925d2689e9cd676bd8eea8c1c1ef3ea0016ff8014,3.892,3.892,0.0,3.892,2026-05-21T17:24:56.917613Z,2026-05-21T17:44:56.917613Z,2026-05-21,0x57bdda51774313bdb9c63336ebb6a51de4fddf593c7e828f3096e74b732f5b2f
research_20260521_1000-0507,user-008,0x7426a021cb4367fd188c904fcb69b330e5c94b80430ba4c9aff15c64dae98b36,0x590666dde6eada0b20eea3dc954c98b2e8fe3505fbd427166d3790143c5a3d53,15.454,15.454,0.0,15.454,2026-05-21T21:41:25.295852Z,2026-05-21T22:21:25.295852Z,2026-05-21,0x57bdda51774313bdb9c63336ebb6a51de4fddf593c7e828f3096e74b732f5b2f
research_20260521_1000-0508,user-010,0x562a2b7503199158892e39d28d1111eb3e5b07094fa417444d2c59ad91f9f370,0x842210f8347802542afdee18ad1bc7fa80843beb61ce7edea10a2ba3da59c1f5,11.082,11.082,0.0,11.082,2026-05-21T02:48:53.373252Z,2026-05-21T03:48:53.373252Z,2026-05-21,0x57bdda51774313bdb9c63336ebb6a51de4fddf593c7e828f3096e74b732f5b2f
research_20260521_1000-0509,user-006,0x0e48cd88111e4e47c51f87f4952a204cb8bbed03a7a6961940adefaf0028c37a,0x2d524b55d77035f7bcfcc163d12ed25e73b20ee9ec7bd3b113b3c4287c7a2749,1.112,7.754,6.642,1.112,2026-05-21T04:49:12.287148Z,2026-05-21T06:04:12.287148Z,2026-05-21,0x57bdda51774313bdb9c63336ebb6a51de4fddf593c7e828f3096e74b732f5b2f
research_20260521_1000-0510,user-003,0x0adf2b7bcff231e09415aaa8662543a95ee3d6fdfe512687cf324de399519135,0x2dd8c0c858e98ac3bbb38164c85f2bc8eb00b61d50c4010732eb87aafd5fb8a7,26.098,26.098,0.0,26.098,2026-05-21T12:28:17.726134Z,2026-05-21T13:43:17.726134Z,2026-05-21,0x57bdda51774313bdb9c63336ebb6a51de4fddf593c7e828f3096e74b732f5b2f
research_20260521_1000-0511,user-008,0x1e515450d9a2461b0ac194704f7694415eadd332edad631ca144385f574c01d2,0x2d6e8d5c30615dac3f31ef0915b87c8d94b128d112fca0cde135d70b0329bae2,1.618,5.21,3.592,1.618,2026-05-21T00:49:54.466044Z,2026-05-21T02:04:54.466044Z,2026-05-21,0x57bdda51774313bdb9c63336ebb6a51de4fddf593c7e828f3096e74b732f5b2f
research_20260521_1000-0512,user-009,0xac45bf282b399379cfa5d4327b1a02fb6c69efe10cf1f18492390d1a6dd1bd82,0xe24cafa6b92e6ed6ca6c9294cc408355d89798fd3249ec5705f96441b6839fd0,3.642,3.642,0.0,3.642,2026-05-21T04:09:57.153723Z,2026-05-21T04:29:57.153723Z,2026-05-21,0x57bdda51774313bdb9c63336ebb6a51de4fddf593c7e828f3096e74b732f5b2f
research_20260521_1000-0513,user-003,0xcbf29122af55dfea247d3119ddc5e99f930edb0270e061078883d4e3e67535fe,0x19a56f2b9f310a7bbd325eefc2e0756686165f32c58c8ce41b6a83a5e72adddb,-2.546,0.0,2.546,-2.546,2026-05-21T14:20:01.317144Z,2026-05-21T14:40:01.317144Z,2026-05-21,0x57bdda51774313bdb9c63336ebb6a51de4fddf593c7e828f3096e74b732f5b2f
research_20260521_1000-0514,user-005,0xd5a3e7f285d947bf6db2b8d300c2b8bb5181eaadd956e5dc725a445b8a6e0754,0x0c2f0fe7733b5e3fc9991a1848381a9667f6aac5a39f8d9191346a7a6332d83d,3.556,7.284,3.728,3.556,2026-05-21T18:33:25.371878Z,2026-05-21T19:33:25.371878Z,2026-05-21,0x57bdda51774313bdb9c63336ebb6a51de4fddf593c7e828f3096e74b732f5b2f
research_20260521_1000-0515,user-001,0x7bf578308ce0ce9bc6583d5e19ceddbbd5697dc1c766b694f72ad8e1f2cb08f6,0x11bd80f39e820c6aef410f29a70eb732f97b684d8d72aab0fac389cb17520ae9,5.469,5.469,0.0,5.469,2026-05-21T20:08:08.999906Z,2026-05-21T20:38:08.999906Z,2026-05-21,0x57bdda51774313bdb9c63336ebb6a51de4fddf593c7e828f3096e74b732f5b2f
research_20260521_1000-0516,user-009,0x22dd3bbc5926d6e2b2eaa8398a8c720876c511ef9ba34508e0dc1a7f74f5d07e,0x8ad474344b85852a1c11f184dbe6c4e4cc408d19b4647cf8103ee182e30a5444,6.376,6.948,0.572,6.376,2026-05-21T06:33:34.070312Z,2026-05-21T07:33:34.070312Z,2026-05-21,0x57bdda51774313bdb9c63336ebb6a51de4fddf593c7e828f3096e74b732f5b2f
research_20260521_1000-0517,user-009,0xf9bd7b43cf3aa54d11c96a970c5af985e06f0a1fcc3512b7bb4818be7be2e205,0xbb4ca10ce061c0b9f423041eaf1ffcab5764a87b41f3c84f5ef4fd5e0de05a2a,4.693,4.693,0.0,4.693,2026-05-21T19:29:55.275661Z,2026-05-21T20:09:55.275661Z,2026-05-21,0x57bdda51774313bdb9c63336ebb6a51de4fddf593c7e828f3096e74b732f5b2f
research_20260521_1000-0518,user-003,0xbf226da23b917ea2380f730a93281b2757a4633159bba25fc4047939721d5557,0xe385727e7804a5ede3e09b0b33d4f1c49cbaec9e360583039e2b43c2b056eb75,3.709,4.512,0.803,3.709,2026-05-21T18:28:41.205791Z,2026-05-21T18:58:41.205791Z,2026-05-21,0x57bdda51774313bdb9c63336ebb6a51de4fddf593c7e828f3096e74b732f5b2f
research_20260521_1000-0519,user-007,0xcc9c8f62fbcab3f635230d68b5ab62628740a354344d7da76dceb5b82cd6a9ea,0xa7fc2252fd78577d8859919c646d86bff956ba309347dc1b3cf76298b8b7eac0,14.237,14.237,0.0,14.237,2026-05-21T12:28:57.531470Z,2026-05-21T13:43:57.531470Z,2026-05-21,0x57bdda51774313bdb9c63336ebb6a51de4fddf593c7e828f3096e74b732f5b2f
research_20260521_1000-0520,user-006,0x6333f83ae726000e590e0a5977e4042cc401908acf7fc376e74c883d43ac6032,0x5e1655087608d3c7d9474bf8035f7f6d58a2b95fe92c2320d310f45445e4e699,2.941,5.031,2.09,2.941,2026-05-21T16:40:43.581547Z,2026-05-21T17:00:43.581547Z,2026-05-21,0x57bdda51774313bdb9c63336ebb6a51de4fddf593c7e828f3096e74b732f5b2f
research_20260521_1000-0521,user-004,0x5cf221eed47e5726c11e436604e82ffb89fde94343acc178d9c0076eeaf91c55,0x35ca5c0f6d2b3318d412d017eaf3f354e148cc422f48a7f8916a2affc7436b21,1.19,1.677,0.487,1.19,2026-05-21T09:57:34.128509Z,2026-05-21T10:17:34.128509Z,2026-05-21,0x57bdda51774313bdb9c63336ebb6a51de4fddf593c7e828f3096e74b732f5b2f
research_20260521_1000-0522,user-009,0xfebf3cd2f66da3b48efdb32a752d9bfe2697cc8640f786218931979a57a847af,0x105d4588e9a9bba304fba77071827e966c544a7886b5672eda7b0395a0060204,14.526,14.526,0.0,14.526,2026-05-21T09:07:37.504114Z,2026-05-21T09:47:37.504114Z,2026-05-21,0x57bdda51774313bdb9c63336ebb6a51de4fddf593c7e828f3096e74b732f5b2f
research_20260521_1000-0523,user-008,0x25adaad345fa413937fadc828c92b0e9a115a1f074e1844d573101c6778b9984,0xf44ef3992c1808d45b069cf9565830e21269a13a99d18997b51fcc46efe47d8a,-0.042,1.892,1.934,-0.042,2026-05-21T08:51:59.695240Z,2026-05-21T09:11:59.695240Z,2026-05-21,0x57bdda51774313bdb9c63336ebb6a51de4fddf593c7e828f3096e74b732f5b2f
research_20260521_1000-0524,user-004,0xab186df953f8e84f7569eb9196ce5f325a135a93ca366800cf4e4eac7d79be7a,0x4bd5383319f14b466d3beebd88b41d53a61b4b9ebb3fbd97a834250074ae26b9,11.408,11.408,0.0,11.408,2026-05-21T06:12:22.206993Z,2026-05-21T07:12:22.206993Z,2026-05-21,0x57bdda51774313bdb9c63336ebb6a51de4fddf593c7e828f3096e74b732f5b2f
research_20260521_1000-0525,user-009,0x52f386d5decca6fed0237fac54c3fce66b1317ee3e463cff0abe357ae7683831,0x499afbbad2053aca7398903dad1f8aae4964e6c542679efa470b5fe80cabb0cb,5.576,5.576,0.0,5.576,2026-05-21T17:46:16.689038Z,2026-05-21T18:16:16.689038Z,2026-05-21,0x57bdda51774313bdb9c63336ebb6a51de4fddf593c7e828f3096e74b732f5b2f
research_20260521_1000-0526,user-001,0xf4adcaf6e0e7d3e784f20677a6433119a0c116737369863b18a77f1995a6f3b8,0x38cc9157a2603d6542d01547698a76449a3cda44f0091049c5e78fa167882763,3.703,3.703,0.0,3.703,2026-05-21T08:33:55.506061Z,2026-05-21T09:03:55.506061Z,2026-05-21,0x57bdda51774313bdb9c63336ebb6a51de4fddf593c7e828f3096e74b732f5b2f
research_20260521_1000-0527,user-010,0xad9760141acb45e8680336098a1fd33ce794958d27c6a26b4bc811dbae8f8ec1,0x21cfa7ddb1a6352531c0d35349c0a515fbf819aaba22f19e37bcc8844fbe1750,7.363,7.363,0.0,7.363,2026-05-21T16:54:21.042758Z,2026-05-21T17:14:21.042758Z,2026-05-21,0x57bdda51774313bdb9c63336ebb6a51de4fddf593c7e828f3096e74b732f5b2f
research_20260521_1000-0528,user-010,0x5b42541061f37ae0e7e744a60415af9f9cd7f57cd2173664fcd6fa236a3af229,0x3ce0d3246c2a3fc014e2148f4d99def8881369b8290c8ba5e57c25c38ca7285f,-0.097,10.847,10.944,-0.097,2026-05-21T21:25:43.347909Z,2026-05-21T22:25:43.347909Z,2026-05-21,0x57bdda51774313bdb9c63336ebb6a51de4fddf593c7e828f3096e74b732f5b2f
research_20260521_1000-0529,user-003,0x5d15b0fdf1999a8326c2ba5a19f3f59c47dd21709b9b0ef9b48426dccd532c51,0x9b7bd966439f653ddf3ca37ada6e3fb612e6fd4f8fe3cdc09253dc3c1d9f8f0f,3.673,3.673,0.0,3.673,2026-05-21T04:24:32.333868Z,2026-05-21T04:54:32.333868Z,2026-05-21,0x57bdda51774313bdb9c63336ebb6a51de4fddf593c7e828f3096e74b732f5b2f
research_20260521_1000-0530,user-002,0xdf24059d877a600da579bcaf4e342bde0eb923e6f5bda92e60ced3738e8d2707,0xc6f1a9ebf428a1339d2a44eb8b02530f3469d68243af58f44fec2527e4befe2a,22.0,22.0,0.0,22.0,2026-05-21T13:44:59.469351Z,2026-05-21T14:44:59.469351Z,2026-05-21,0x57bdda51774313bdb9c63336ebb6a51de4fddf593c7e828f3096e74b732f5b2f
research_20260521_1000-0531,user-010,0xd5ab2f2dc6471eaf076e565e2920aafe11df4d572e9187f09f356cb5a43971ba,0xdb194c5e3a1c7bcb64b2c2596228778c393c39b58bd40810e450a9349ca0cc23,2.387,2.387,0.0,2.387,2026-05-21T23:39:33.867493Z,2026-05-21T23:59:33.867493Z,2026-05-21,0x57bdda51774313bdb9c63336ebb6a51de4fddf593c7e828f3096e74b732f5b2f
research_20260521_1000-0532,user-003,0x516655dec8c14e8dd3075e964dd11719fe25215f84803abea45e84ccea21b3a5,0xb46d0a492cc28e28afedb8f069d84a8abbafb1a3099fd85b3ce87ee7b78a6d21,1.285,4.327,3.042,1.285,2026-05-21T16:36:21.936637Z,2026-05-21T17:36:21.936637Z,2026-05-21,0x57bdda51774313bdb9c63336ebb6a51de4fddf593c7e828f3096e74b732f5b2f
research_20260521_1000-0533,user-007,0xd77b5c2a5499093257fb39248bb6637d14212e59b9887b648255ea8bac1c1a13,0xfc8d1732e33d5b38f1ecc84c5726429fcf5730effcb43f1a87d1cbe11f426767,1.806,2.906,1.1,1.806,2026-05-21T07:30:03.392690Z,2026-05-21T07:50:03.392690Z,2026-05-21,0x57bdda51774313bdb9c63336ebb6a51de4fddf593c7e828f3096e74b732f5b2f
research_20260521_1000-0534,user-002,0xc138a2df43893823d712b954c1aa00a0c853b9ff99a36b44084693e93fc444a4,0xec62244cd66a84221679aecf071eab4f083056e48fb1ece3106dc6ff80d7b0de,1.456,5.146,3.69,1.456,2026-05-21T02:29:21.327182Z,2026-05-21T03:44:21.327182Z,2026-05-21,0x57bdda51774313bdb9c63336ebb6a51de4fddf593c7e828f3096e74b732f5b2f
research_20260521_1000-0535,user-008,0x4509d0a7f7f9775a240a7af11c4d78a09d804d4da4871dcb886f4149f111f2a1,0x3c1b2dce7b08e68c2b95d26f6b30ef9e639577d0e664fca2aaef7b1ab64a3849,2.597,4.924,2.327,2.597,2026-05-21T06:40:15.924742Z,2026-05-21T07:40:15.924742Z,2026-05-21,0x57bdda51774313bdb9c63336ebb6a51de4fddf593c7e828f3096e74b732f5b2f
research_20260521_1000-0536,user-009,0x023e4441c6f1a7fd05b8948ae077e0e56a76ba5ff284065de6badc2f5af17b15,0x1cf4fd9067477ad7945c7552010682e064a37aa55bc0e3b60cea0c7979823984,28.302,28.302,0.0,28.302,2026-05-21T11:10:22.216113Z,2026-05-21T12:25:22.216113Z,2026-05-21,0x57bdda51774313bdb9c63336ebb6a51de4fddf593c7e828f3096e74b732f5b2f
research_20260521_1000-0537,user-003,0x622268a271e8be19bbc318e942ed7ef7cde8efbfd2d8d831f4306e2490ca2dd7,0x07db7345ae3d9e5fba52d2d7865f11a92c8385635bfb364f4300d243746e9fc4,11.681,11.681,0.0,11.681,2026-05-21T16:54:38.154306Z,2026-05-21T17:24:38.154306Z,2026-05-21,0x57bdda51774313bdb9c63336ebb6a51de4fddf593c7e828f3096e74b732f5b2f
research_20260521_1000-0538,user-007,0xafafe3a7fb2e8a30dbef5cd36f647b2fe38c30128657fa175b612b338a2aecef,0x78ef45947199504b0e3cda642382c342415349f70c49f8cc41c0aebea8545fa7,7.268,7.268,0.0,7.268,2026-05-21T15:03:46.482419Z,2026-05-21T15:23:46.482419Z,2026-05-21,0x57bdda51774313bdb9c63336ebb6a51de4fddf593c7e828f3096e74b732f5b2f
research_20260521_1000-0539,user-010,0x310ca91b2476c325d3ccfae689b7d220fba5ecdb8741c2639db44105af4d52f3,0xd2949a76094ec75d53c448786addaafc09fe889490fe1202e3de2f06a174e349,7.02,7.02,0.0,7.02,2026-05-21T04:02:15.725418Z,2026-05-21T05:02:15.725418Z,2026-05-21,0x57bdda51774313bdb9c63336ebb6a51de4fddf593c7e828f3096e74b732f5b2f
research_20260521_1000-0540,user-001,0x6cf2da13c34e975194a005dfea2cdf1a73ea4784b6bf04b63248cd93d8d04eaf,0xe15ada632e61c30047d36ca2a701ba9b6881d7e4b08d4dde8b17d87881af0d5d,22.625,22.625,0.0,22.625,2026-05-21T14:28:11.844371Z,2026-05-21T15:28:11.844371Z,2026-05-21,0x57bdda51774313bdb9c63336ebb6a51de4fddf593c7e828f3096e74b732f5b2f
research_20260521_1000-0541,user-003,0x8de19bcb35d3dd12a70e45c66b4b941e5eabecff5be10fd6ed598e15b7ebaca0,0x75c022fb888c3ceeeba0fd5e8667dad53416a0a3c8fff0a6f4ffcacc63fda574,27.72,27.72,0.0,27.72,2026-05-21T04:14:35.570976Z,2026-05-21T05:29:35.570976Z,2026-05-21,0x57bdda51774313bdb9c63336ebb6a51de4fddf593c7e828f3096e74b732f5b2f
research_20260521_1000-0542,user-005,0x0e33ffe932980489e6834a5a2c1e87ec2c09caa9b284b1902d218211799fb7a6,0x56ae3f0f3feb4d4b0c36c99bddff35e70e3984c58a183b2e52b6f7692063682d,11.442,11.442,0.0,11.442,2026-05-21T19:28:38.934863Z,2026-05-21T19:58:38.934863Z,2026-05-21,0x57bdda51774313bdb9c63336ebb6a51de4fddf593c7e828f3096e74b732f5b2f
research_20260521_1000-0543,user-001,0x2aa2507485a38fc2ebd360cdcc01815044b4c6e516bbe76710e98283ed5c7139,0x85cb8a737d800949db24e7084929e9f1de781f7b1a4399208001a7395e4129a8,7.356,7.356,0.0,7.356,2026-05-21T00:27:01.203446Z,2026-05-21T01:07:01.203446Z,2026-05-21,0x57bdda51774313bdb9c63336ebb6a51de4fddf593c7e828f3096e74b732f5b2f
research_20260521_1000-0544,user-010,0xb95c954b2cb3b1f9ca97b2f8ad201bb5982c9512588029cfe9b091b8b744399b,0xff063faa205192bdad0ca231050f38cb160e6a2936e56be23637a8e42227f21e,21.154,21.154,0.0,21.154,2026-05-21T04:52:39.612734Z,2026-05-21T05:52:39.612734Z,2026-05-21,0x57bdda51774313bdb9c63336ebb6a51de4fddf593c7e828f3096e74b732f5b2f
research_20260521_1000-0545,user-009,0xa6bfa3650946db4c789ae797affa866a25076d65337fbb9fd5b27ddfddd73ea3,0xfdc7c15241ccb879fc0e86b827ebca0994b11e78efa9629232b050216b730dec,7.034,7.034,0.0,7.034,2026-05-21T01:39:28.369623Z,2026-05-21T02:19:28.369623Z,2026-05-21,0x57bdda51774313bdb9c63336ebb6a51de4fddf593c7e828f3096e74b732f5b2f
research_20260521_1000-0546,user-010,0xdc3f7369e5c064a763f25b1dcf31ea567ca3117d970ddc2924cccb5c5d73c11f,0xeae1b48b5ce751ab19e0eb7404f8d56ee320658551bcd39b101559757907e99d,7.259,7.259,0.0,7.259,2026-05-21T08:54:58.974556Z,2026-05-21T09:54:58.974556Z,2026-05-21,0x57bdda51774313bdb9c63336ebb6a51de4fddf593c7e828f3096e74b732f5b2f
research_20260521_1000-0547,user-008,0x26ceccac14ef9bd0e937968d39a73b05c5a118e94685a90bae36b1a449e372bd,0x3507fde2ebd6e0d1baa80b74bc622302d54085228c82d2f57b971d8f4d6ce173,10.794,10.794,0.0,10.794,2026-05-21T17:47:33.629803Z,2026-05-21T18:47:33.629803Z,2026-05-21,0x57bdda51774313bdb9c63336ebb6a51de4fddf593c7e828f3096e74b732f5b2f
research_20260521_1000-0548,user-007,0x69d213c40a5f711be1ce9a2940838341ae604a3a1417af4a33cea6e567fa9c93,0x3d4d360ed9574aad3385d2a08fe74797f268d1671ecb2409a29bb876ce38bad1,10.382,12.356,1.974,10.382,2026-05-21T11:50:26.574050Z,2026-05-21T12:30:26.574050Z,2026-05-21,0x57bdda51774313bdb9c63336ebb6a51de4fddf593c7e828f3096e74b732f5b2f
research_20260521_1000-0549,user-002,0x0f85a7d949338410bfd9ff5e5a21437a13fcd3ef7331e2ce67a54ad5bc2504ea,0x800c2937edf580d4f9e97cf2b399f43a6340b17d73d5f4f8c4969372ebddad6c,22.078,22.078,0.0,22.078,2026-05-21T15:36:31.760088Z,2026-05-21T16:36:31.760088Z,2026-05-21,0x57bdda51774313bdb9c63336ebb6a51de4fddf593c7e828f3096e74b732f5b2f
research_20260521_1000-0550,user-001,0xb2f4bf4602bbf226ce3c269ab4a028fa632d77d1eb4448e0de0e1afda56ef6cd,0xe47fe355f60d138f0538801d4bef962b569ae09a9e84756ffe7a361cf44b642c,7.339,7.339,0.0,7.339,2026-05-21T10:54:04.982443Z,2026-05-21T11:54:04.982443Z,2026-05-21,0x57bdda51774313bdb9c63336ebb6a51de4fddf593c7e828f3096e74b732f5b2f
research_20260521_1000-0551,user-003,0x0d93ad22cd6ccd963a338dd1d136f857288ff675d860521afdcab3b868859a35,0x538df83c4e589304c5f4d97085b8275e9d77cda6a8277ee6f05083e2949b266b,-0.04,3.499,3.539,-0.04,2026-05-21T22:19:16.018119Z,2026-05-21T23:19:16.018119Z,2026-05-21,0x57bdda51774313bdb9c63336ebb6a51de4fddf593c7e828f3096e74b732f5b2f
research_20260521_1000-0552,user-007,0x660349d6f0e0878167b294421a1a9615966b3d31facb1bf83fb9ce5607ffcaed,0xea84e7a586061be89ec255c3e3057b66c4035f762edc69b9321160454c9770de,13.294,13.294,0.0,13.294,2026-05-21T15:28:14.578670Z,2026-05-21T16:43:14.578670Z,2026-05-21,0x57bdda51774313bdb9c63336ebb6a51de4fddf593c7e828f3096e74b732f5b2f
research_20260521_1000-0553,user-007,0x8233431817576a1267ab9f209abb36ce439ad357ce4f00281bf49a442a2be346,0x073b8c3f053c9954d906be5ecc10af284a700ea6995f21cd10b62ca2e1e8c702,3.476,3.476,0.0,3.476,2026-05-21T17:40:33.847226Z,2026-05-21T18:00:33.847226Z,2026-05-21,0x57bdda51774313bdb9c63336ebb6a51de4fddf593c7e828f3096e74b732f5b2f
research_20260521_1000-0554,user-007,0x364b7812a6df44df3102be9526f7a279e7d5d575690640266e40fe60287870fb,0xba03cc18acf22f0119f8e1dd4baa2175c3f85b84029422525ed50268721cd64f,-11.667,0.0,11.667,-11.667,2026-05-21T07:16:07.058035Z,2026-05-21T07:46:07.058035Z,2026-05-21,0x57bdda51774313bdb9c63336ebb6a51de4fddf593c7e828f3096e74b732f5b2f
research_20260521_1000-0555,user-002,0x898b94389e7ef4424b5f753e37d508613e983000e35bb66ab7e1f728ddff395b,0xdcdd5e0c6b1f16a466b7469258a906d6d70eeb36ffee6b5b1a9ab20b8b421f67,-10.73,0.0,10.73,-10.73,2026-05-21T07:11:58.998578Z,2026-05-21T08:11:58.998578Z,2026-05-21,0x57bdda51774313bdb9c63336ebb6a51de4fddf593c7e828f3096e74b732f5b2f
research_20260521_1000-0556,user-010,0x64d3c75c789e74a162b31cd98bb575241ac0e4d0c2db4deae4278cd3e02b032b,0x7d08d0fb4f1dfe9b407b0ce5f2e7ef7ea7d53839ceff94c82a94bf4a72a8902b,2.435,2.435,0.0,2.435,2026-05-21T01:28:25.307498Z,2026-05-21T01:48:25.307498Z,2026-05-21,0x57bdda51774313bdb9c63336ebb6a51de4fddf593c7e828f3096e74b732f5b2f
research_20260521_1000-0557,user-009,0x97f2a1eed1cc2a3e43db109b920a637533a102109ab36cc04239528b42309cb5,0x500e4f2d13ebf46d9bd2046951e5fa92b379f8c649d4d89b028afdc39a8157b2,23.013,23.013,0.0,23.013,2026-05-21T21:35:25.740945Z,2026-05-21T22:35:25.740945Z,2026-05-21,0x57bdda51774313bdb9c63336ebb6a51de4fddf593c7e828f3096e74b732f5b2f
research_20260521_1000-0558,user-001,0xcb49a7244016c6c2552b030019ba262ba5441bfa0f1d4cb7ddfb6668f56d92d7,0xf229db13ec66b1ceead9df3f2e71cbc518532f8ca4ce2bc31545cec735cb56d2,-0.181,5.772,5.953,-0.181,2026-05-21T01:25:57.107651Z,2026-05-21T01:55:57.107651Z,2026-05-21,0x57bdda51774313bdb9c63336ebb6a51de4fddf593c7e828f3096e74b732f5b2f
research_20260521_1000-0559,user-006,0xe1ec614f584b73766c676adc12d086a33134e8b7478c5d6f356326b9d3bea45a,0x9ba5990271c0386baee08a274ab1bbae355c9b75dd7dc2c8b0881678d97cd31b,27.903,27.903,0.0,27.903,2026-05-21T03:48:17.504414Z,2026-05-21T05:03:17.504414Z,2026-05-21,0x57bdda51774313bdb9c63336ebb6a51de4fddf593c7e828f3096e74b732f5b2f
research_20260521_1000-0560,user-003,0x339e09aa4685261d72b59ee19c9bb04f89cef45b2081ed855e3c82c1124a4b3a,0xac93bf741c0c668bd9aa5251b7b268c8f458ba70d289eb38a1569261af3775f8,13.122,13.122,0.0,13.122,2026-05-21T11:52:52.191177Z,2026-05-21T13:07:52.191177Z,2026-05-21,0x57bdda51774313bdb9c63336ebb6a51de4fddf593c7e828f3096e74b732f5b2f
research_20260521_1000-0561,user-006,0x9e7c0ba3b053bb3d957d11150f751add30b1bb7b23b1373a6da9ab87c2b39997,0x01d0545d712fb25f8bac2c89eba2ffb775b11a901c92fa020622818b6e4a9aff,3.121,4.249,1.128,3.121,2026-05-21T19:30:21.633199Z,2026-05-21T20:00:21.633199Z,2026-05-21,0x57bdda51774313bdb9c63336ebb6a51de4fddf593c7e828f3096e74b732f5b2f
research_20260521_1000-0562,user-010,0xdb7ac426fb0017d26fd58181404d1f87119d95b869c26c1ef55ff1accdedb6ae,0x1ee1243406cad12ded9bacf27f4e04795bb964df621d7d8431fff29561083df1,3.842,4.915,1.073,3.842,2026-05-21T21:02:20.074485Z,2026-05-21T21:32:20.074485Z,2026-05-21,0x57bdda51774313bdb9c63336ebb6a51de4fddf593c7e828f3096e74b732f5b2f
research_20260521_1000-0563,user-002,0x04073feed5a72d61dfea9cc42286f9de78d60b967fb0fb5dcd142218106f4999,0xc26dc7701340fa02747119f8e94a36850cfee67269e12dfe2a68ead95837dd78,10.937,10.937,0.0,10.937,2026-05-21T18:56:10.427943Z,2026-05-21T19:56:10.427943Z,2026-05-21,0x57bdda51774313bdb9c63336ebb6a51de4fddf593c7e828f3096e74b732f5b2f
research_20260521_1000-0564,user-005,0x0629920d6fad4ecf64fede5aabd8d5ab9cdf684ddb30909b697c8c90fff53ca4,0x47ddc9bfcf0922c27e8af130f3d39700363f8baae73c6f7dda1f7a444f5dc5eb,7.34,9.207,1.867,7.34,2026-05-21T01:44:43.213313Z,2026-05-21T02:14:43.213313Z,2026-05-21,0x57bdda51774313bdb9c63336ebb6a51de4fddf593c7e828f3096e74b732f5b2f
research_20260521_1000-0565,user-003,0xece94a53c75e0a4dd751d84af3253663602a8ea4e7a3dfa8cbee440004a591bd,0x0392d96c413248ebc55500acc2047e91e99c66ca5193fb96869f43d7cc680c47,7.336,7.336,0.0,7.336,2026-05-21T17:33:40.178013Z,2026-05-21T18:33:40.178013Z,2026-05-21,0x57bdda51774313bdb9c63336ebb6a51de4fddf593c7e828f3096e74b732f5b2f
research_20260521_1000-0566,user-010,0x2feb41827d98ea5c82b2efa8d30fcfdb82b4bc1f6878c0fd9027ffa476c25815,0xbda0aef7227e19cf6372fd3fbeb85dc7f6a259d11f5f9857346b0ed7cea64ba6,10.316,10.316,0.0,10.316,2026-05-21T16:30:19.044808Z,2026-05-21T17:00:19.044808Z,2026-05-21,0x57bdda51774313bdb9c63336ebb6a51de4fddf593c7e828f3096e74b732f5b2f
research_20260521_1000-0567,user-002,0x509634f7382b4a9fa8b69e95e40858dda1b5970f5d11f9b77336cfc98d3f84a5,0xafdb6dd004dc9c5f957fd22d6bd20f5684c9fe8feb97e922500bad7e4f5ad79d,-0.354,3.299,3.653,-0.354,2026-05-21T13:11:51.547615Z,2026-05-21T13:31:51.547615Z,2026-05-21,0x57bdda51774313bdb9c63336ebb6a51de4fddf593c7e828f3096e74b732f5b2f
research_20260521_1000-0568,user-006,0xfc517f414caa8b3c3401716186ead3e6799b90453288c8349eaa12c90f596475,0x336613b0f9055909bd8586be932152419265978c8c94af0fbc23af67f0d75a2e,3.757,4.731,0.974,3.757,2026-05-21T13:40:40.980440Z,2026-05-21T14:10:40.980440Z,2026-05-21,0x57bdda51774313bdb9c63336ebb6a51de4fddf593c7e828f3096e74b732f5b2f
research_20260521_1000-0569,user-004,0xd9ff8545ea48d13fb2472900b5b13d56ad77b5c993c0dc5ba3ac136c86bcad5c,0x30635c25b8850cfea7e3151f46ab669fda46a03ad30d27c603ca224fda594d11,11.303,11.303,0.0,11.303,2026-05-21T10:30:14.253588Z,2026-05-21T11:30:14.253588Z,2026-05-21,0x57bdda51774313bdb9c63336ebb6a51de4fddf593c7e828f3096e74b732f5b2f
research_20260521_1000-0570,user-001,0x8641530d4c6c519ca1a7b6ea33080ba82b46f8253c0cf72b6dc24d046042888d,0x10746cbc76574d7369684d6b486e1fc410dfbd5a49ffa5338ec554e1ffdf2013,4.755,5.963,1.208,4.755,2026-05-21T00:13:01.560497Z,2026-05-21T01:13:01.560497Z,2026-05-21,0x57bdda51774313bdb9c63336ebb6a51de4fddf593c7e828f3096e74b732f5b2f
research_20260521_1000-0571,user-002,0xffef62352c25936c2bbdf80c0f01bf37af449c90ef4b3551ffeb92843ee87d72,0x9931ca0d8ae968878d690c813e734f9db36775c5bcaf10d57ab4e4d3edeaf112,-22.664,0.0,22.664,-22.664,2026-05-21T12:42:21.214395Z,2026-05-21T13:42:21.214395Z,2026-05-21,0x57bdda51774313bdb9c63336ebb6a51de4fddf593c7e828f3096e74b732f5b2f
research_20260521_1000-0572,user-001,0x48f66cae92fba07ce4d3d5dc63feb1728f47fe42ab433006ab26a2d56215af53,0xc1dde0a59030210585da9d163af6210f97cb0a148320f859a62d8b4db4a54cd1,14.543,14.543,0.0,14.543,2026-05-21T20:39:13.345818Z,2026-05-21T21:19:13.345818Z,2026-05-21,0x57bdda51774313bdb9c63336ebb6a51de4fddf593c7e828f3096e74b732f5b2f
research_20260521_1000-0573,user-002,0x2236b82e3bd216465d34c5f056b628b54bbace9897db0d6434c0f51999aeb02d,0x14c5564bf752ebcb840ce243a31002cba9236174f06ed95e970e2a19d39f61d0,-0.308,2.067,2.375,-0.308,2026-05-21T22:49:52.507101Z,2026-05-21T23:29:52.507101Z,2026-05-21,0x57bdda51774313bdb9c63336ebb6a51de4fddf593c7e828f3096e74b732f5b2f
research_20260521_1000-0574,user-009,0x8426ac068dbe7aa66e119ba0631df536ab9b572748878dfa234e37bae2482358,0x73043967d8d23673f45bc41687110fbb2ec8aa0e8ba81fedf3a2edb83ef938d1,14.25,14.25,0.0,14.25,2026-05-21T11:19:16.316617Z,2026-05-21T12:34:16.316617Z,2026-05-21,0x57bdda51774313bdb9c63336ebb6a51de4fddf593c7e828f3096e74b732f5b2f
research_20260521_1000-0575,user-008,0x8b88eb017b31fe0c9349473010a25607a26b15fc045e947c1ede4ae8ed8cd47b,0x11ffef26c735a7b60dac331930389c397e83461b8d36c71e7781835c1bcc3933,10.811,10.811,0.0,10.811,2026-05-21T21:28:28.200369Z,2026-05-21T21:58:28.200369Z,2026-05-21,0x57bdda51774313bdb9c63336ebb6a51de4fddf593c7e828f3096e74b732f5b2f
research_20260521_1000-0576,user-006,0x8aa2644f0d8bea441a9cc13d5f99d4e61843242b8956acaf0e63f12d8994d038,0xe025c005dfc8789c7cdef06f7265334c623ada1dd368ba6cd15b5164885b75aa,21.798,21.798,0.0,21.798,2026-05-21T14:43:46.255304Z,2026-05-21T15:43:46.255304Z,2026-05-21,0x57bdda51774313bdb9c63336ebb6a51de4fddf593c7e828f3096e74b732f5b2f
research_20260521_1000-0577,user-009,0x37152099caecbaf0ff16c7007b07955dff02fdceb5579e907fd9eb8b9c264792,0x6ac5436294a890a59758f4f6440873065c26cda86e68533632804dbaef4b02d5,5.088,5.088,0.0,5.088,2026-05-21T13:07:11.824853Z,2026-05-21T13:47:11.824853Z,2026-05-21,0x57bdda51774313bdb9c63336ebb6a51de4fddf593c7e828f3096e74b732f5b2f
research_20260521_1000-0578,user-004,0xdfdf73a4d716e144ca5e4a62e87b31c719c82663ac54cfc0c364b4e573b83961,0x3a30567c14f288357c0686144ad6d57e5ff8d08e2172d48cc12c677b5f488c67,6.992,6.992,0.0,6.992,2026-05-21T16:55:37.890708Z,2026-05-21T17:55:37.890708Z,2026-05-21,0x57bdda51774313bdb9c63336ebb6a51de4fddf593c7e828f3096e74b732f5b2f
research_20260521_1000-0579,user-007,0x5d078ad31cc9aa719271fc6a2484217085fa93f74c9424c9a43b85fdc3a93e45,0x79fac57e0d552b91e3f1bf090a511745116ab5da733c51cc66ec7e857f4b9aa0,2.442,2.442,0.0,2.442,2026-05-21T14:34:39.141044Z,2026-05-21T14:54:39.141044Z,2026-05-21,0x57bdda51774313bdb9c63336ebb6a51de4fddf593c7e828f3096e74b732f5b2f
research_20260521_1000-0580,user-005,0xaeae126681389e5437379670d61489a2a2148f49fd34386611db8e71a9243d0b,0x6873b63736a14ceac37bd2fcda9c7bc824b2a3e43396245c9c4b76433f2536ce,2.371,2.371,0.0,2.371,2026-05-21T06:22:12.571805Z,2026-05-21T06:42:12.571805Z,2026-05-21,0x57bdda51774313bdb9c63336ebb6a51de4fddf593c7e828f3096e74b732f5b2f
research_20260521_1000-0581,user-003,0x47b706cc9212959a707c784041984fed5d3bb4a426f0ca8917b40d9c0975344d,0xdc599bb1a4f06912fc4925c2c00f86b9fb072b2ac478d602b8e9476eeb779cd2,7.548,7.548,0.0,7.548,2026-05-21T19:29:13.442803Z,2026-05-21T20:29:13.442803Z,2026-05-21,0x57bdda51774313bdb9c63336ebb6a51de4fddf593c7e828f3096e74b732f5b2f
research_20260521_1000-0582,user-010,0x6d76f764f72b54e7a049ace22a1839b6bbd8b72e9a63bb103ed1f95812281866,0xfdd27bf6f8ebd8619ab76ffc394aef977804e395bcb4079ceaf85177f37fe7af,4.829,4.829,0.0,4.829,2026-05-21T07:39:44.003111Z,2026-05-21T08:19:44.003111Z,2026-05-21,0x57bdda51774313bdb9c63336ebb6a51de4fddf593c7e828f3096e74b732f5b2f
research_20260521_1000-0583,user-008,0xb61e0b725476240c96f0981e711eac2ed144b4d6c83c5092d5dfa8196484c76b,0x311c6c50bcbf7504042c28f96d4946723ff3dd3b976c867ba249370644a68d1f,6.928,6.928,0.0,6.928,2026-05-21T23:39:28.324953Z,2026-05-22T00:19:28.324953Z,2026-05-21,0x57bdda51774313bdb9c63336ebb6a51de4fddf593c7e828f3096e74b732f5b2f
research_20260521_1000-0584,user-004,0xeb5ea610a7d9526009e439cb1bdc7ea638881de7fa90568f138e204ab41439cc,0x3f6e6336d0361dc5b7bb6aea4d8aa0e9d83b66105220a2fbe47cde1da893112b,5.589,5.589,0.0,5.589,2026-05-21T08:09:30.698709Z,2026-05-21T08:39:30.698709Z,2026-05-21,0x57bdda51774313bdb9c63336ebb6a51de4fddf593c7e828f3096e74b732f5b2f
research_20260521_1000-0585,user-009,0x6753e034107e2acfce0d6785b97b5f44f2d4a0f1e8b9764efa09500741bef188,0xabbdd9089077143922915f4f377fcd3aa4037ea9eb34dc44f84adfacc100ee65,-0.268,10.26,10.528,-0.268,2026-05-21T02:24:07.272562Z,2026-05-21T03:24:07.272562Z,2026-05-21,0x57bdda51774313bdb9c63336ebb6a51de4fddf593c7e828f3096e74b732f5b2f
research_20260521_1000-0586,user-008,0x79572fff80c721eae16dc7edccd72a6fcbc011f4c7721bf5223c90b0cc9b5680,0x6fb4c30a5f30e42fcee5f5edfea8a7396c669854ce50e5d01405baa6ecf934bf,5.377,5.377,0.0,5.377,2026-05-21T01:43:47.066161Z,2026-05-21T02:13:47.066161Z,2026-05-21,0x57bdda51774313bdb9c63336ebb6a51de4fddf593c7e828f3096e74b732f5b2f
research_20260521_1000-0587,user-005,0xf54c66f2a8ea02614af21e2978b8b04def29b6a96243233402c4464f14aa0c16,0x14780d1dcdcf3077c8a542d18f2d2b40997e8d4df662d285218f848095101b01,2.469,2.469,0.0,2.469,2026-05-21T04:10:19.340076Z,2026-05-21T04:30:19.340076Z,2026-05-21,0x57bdda51774313bdb9c63336ebb6a51de4fddf593c7e828f3096e74b732f5b2f
research_20260521_1000-0588,user-009,0x00813cbbcac67faacdf7af067a04acc43ba610328597d006275931e5ecb5611a,0x5b6351280b02da152ed428bc669da79454ac53392ad808e16873222ba7543111,9.174,9.174,0.0,9.174,2026-05-21T08:00:55.833691Z,2026-05-21T09:15:55.833691Z,2026-05-21,0x57bdda51774313bdb9c63336ebb6a51de4fddf593c7e828f3096e74b732f5b2f
research_20260521_1000-0589,user-007,0x21119e7ef62857c788c924576f39bc28592d6d5d81894033b330f472011691be,0x0240ddff99e85c02e37784d446ef3f5e552311aed68545ba3ca0227019538542,7.051,10.767,3.716,7.051,2026-05-21T07:41:21.034564Z,2026-05-21T08:21:21.034564Z,2026-05-21,0x57bdda51774313bdb9c63336ebb6a51de4fddf593c7e828f3096e74b732f5b2f
research_20260521_1000-0590,user-006,0x59563fb359250fcf1f900812d570326dbe6c2d602b6b2a533fe7ba0dec5bb698,0x317fe0c7833d627cbe473d91218b8e123d0738831f482a600be96c489755647e,-7.255,0.0,7.255,-7.255,2026-05-21T11:53:30.368999Z,2026-05-21T12:33:30.368999Z,2026-05-21,0x57bdda51774313bdb9c63336ebb6a51de4fddf593c7e828f3096e74b732f5b2f
research_20260521_1000-0591,user-006,0xb711a685af95015abd816cbc809d06efd5db83ff1f863509553a18f3d7ce28a5,0x153d5ad11678791030761ba61bdf107140dee77ce9cbe8dd8bbb76eaba89e1cf,27.267,27.267,0.0,27.267,2026-05-21T20:55:43.452044Z,2026-05-21T22:10:43.452044Z,2026-05-21,0x57bdda51774313bdb9c63336ebb6a51de4fddf593c7e828f3096e74b732f5b2f
research_20260521_1000-0592,user-009,0x2d04acc3b88d431f68c733d801b8cedc2a15a82dbb91bff88656f098f67e6a3e,0x73183ded259f088a1512d90c908cbb9bcbeff1e1dcb239b02d5338290dc97df4,3.801,5.42,1.619,3.801,2026-05-21T06:14:19.000307Z,2026-05-21T06:34:19.000307Z,2026-05-21,0x57bdda51774313bdb9c63336ebb6a51de4fddf593c7e828f3096e74b732f5b2f
research_20260521_1000-0593,user-001,0x8ec027ad0b4c8a7b84775de44cc9dcc4c3fc0a41804765f58f12fc7434fa2069,0x51dfab18e4605d14fb7ec4f01d2f7ab19cbb52f9b7c9037e55b1cb025db4f914,20.055,24.209,4.154,20.055,2026-05-21T04:38:54.704650Z,2026-05-21T05:53:54.704650Z,2026-05-21,0x57bdda51774313bdb9c63336ebb6a51de4fddf593c7e828f3096e74b732f5b2f
research_20260521_1000-0594,user-010,0x868643a4916d66e58392ddec13158720cc1e9ebf3489c8c79f662456161d0257,0x5bd67a12c4a11fab39247d0ec7756993f39730a54bf07930ce6fbfc6a45c4977,7.149,9.247,2.098,7.149,2026-05-21T21:01:35.819758Z,2026-05-21T21:31:35.819758Z,2026-05-21,0x57bdda51774313bdb9c63336ebb6a51de4fddf593c7e828f3096e74b732f5b2f
research_20260521_1000-0595,user-007,0xa87c22dc66a8971f6a95dc556af43390d1e38517db794f26721a7043da653339,0xf8171136db335311816c3ee27cadb8c613350209e36c345c2988b7e62625e870,-3.575,0.0,3.575,-3.575,2026-05-21T14:43:25.083841Z,2026-05-21T15:03:25.083841Z,2026-05-21,0x57bdda51774313bdb9c63336ebb6a51de4fddf593c7e828f3096e74b732f5b2f
research_20260521_1000-0596,user-010,0xeb652879243c0969e65b316b8552a71e868ef19f8b56c31f20421065e78a7769,0x60d7009b1d054cd4756895277d27c5e73e8c806ef61292fdee32e8ca56a1497f,4.804,4.804,0.0,4.804,2026-05-21T13:18:56.981236Z,2026-05-21T13:58:56.981236Z,2026-05-21,0x57bdda51774313bdb9c63336ebb6a51de4fddf593c7e828f3096e74b732f5b2f
research_20260521_1000-0597,user-003,0x1623edf670e27ece4b61a65490b53f8537a092a4b8706e712df0fa8aa7e1ab29,0x9d7092b4c4a04727fcb86bdd81616464a5f03190c4f68c4c1132dc3baadc55af,13.758,13.758,0.0,13.758,2026-05-21T15:32:18.690970Z,2026-05-21T16:47:18.690970Z,2026-05-21,0x57bdda51774313bdb9c63336ebb6a51de4fddf593c7e828f3096e74b732f5b2f
research_20260521_1000-0598,user-010,0xa91b8ea310fbeb91c27b4b403e4582cf1ae09599acbfa7fb6363d0d007e5831e,0xaa9616b5077959863089364db69fb63e9fb6ed729153cc17823517c196a9d1c5,1.209,1.902,0.693,1.209,2026-05-21T04:03:57.826436Z,2026-05-21T04:23:57.826436Z,2026-05-21,0x57bdda51774313bdb9c63336ebb6a51de4fddf593c7e828f3096e74b732f5b2f
research_20260521_1000-0599,user-004,0x152ce652688f48050fdaa12ceb3db8ea55be94ba329eaa861fe58027fa8f5757,0x3abe268a3fd0f0b8a6d97a134979dbddef01667e02946d1d432fa80d3dfa5d2e,11.33,11.33,0.0,11.33,2026-05-21T21:27:10.691679Z,2026-05-21T21:57:10.691679Z,2026-05-21,0x57bdda51774313bdb9c63336ebb6a51de4fddf593c7e828f3096e74b732f5b2f
research_20260521_1000-0600,user-001,0xa7c40c093d7551cb299076ece686e3b659ef0d622414744ddec78ccc07ee0995,0x6a3f6693fb12dc98c980bf7f2be4501d73cd5dd8b883291b74c59ff10c37754f,4.873,4.873,0.0,4.873,2026-05-21T01:49:05.206950Z,2026-05-21T02:29:05.206950Z,2026-05-21,0x57bdda51774313bdb9c63336ebb6a51de4fddf593c7e828f3096e74b732f5b2f
research_20260521_1000-0601,user-004,0xa3c35fc64d80c56d9c7ff49970e109579fbce2d57d257093689f2fe46155be23,0x51776643ecb8c0bc3fdb0f0d4456db7829237fc502175e5a8cd0a467d2007ea5,7.531,7.531,0.0,7.531,2026-05-21T21:55:08.019015Z,2026-05-21T22:15:08.019015Z,2026-05-21,0x57bdda51774313bdb9c63336ebb6a51de4fddf593c7e828f3096e74b732f5b2f
research_20260521_1000-0602,user-002,0x3ac249e3c80d4c1207c2b7e02cfe4230eb4f39fe923b8739ee7215357eeda06d,0x3591eeb6f95e6d8363b4c07b4ee64fe3d4b23fa328eaa8b3aa29598f6b642af9,6.304,10.126,3.822,6.304,2026-05-21T15:48:22.542653Z,2026-05-21T17:03:22.542653Z,2026-05-21,0x57bdda51774313bdb9c63336ebb6a51de4fddf593c7e828f3096e74b732f5b2f
research_20260521_1000-0603,user-004,0x108595958a1c72d198d412ebdc911eb6af12b28e79eccc75fa3ce78e8a7534f8,0xa824aea64339845453f123e25eb73b3021ea348b76c8ca5bb8c894286845c5fe,-7.246,0.0,7.246,-7.246,2026-05-21T04:16:17.277641Z,2026-05-21T04:56:17.277641Z,2026-05-21,0x57bdda51774313bdb9c63336ebb6a51de4fddf593c7e828f3096e74b732f5b2f
research_20260521_1000-0604,user-002,0x3cd113bbd64a6af1afb97947417c5eecd347b7e0650be404f0ccc40c9f1c4300,0xafe71e617122ee013c82f865e8c4a9d101991807437ad3094e6f670d760a993b,4.418,9.446,5.028,4.418,2026-05-21T09:59:48.454983Z,2026-05-21T10:39:48.454983Z,2026-05-21,0x57bdda51774313bdb9c63336ebb6a51de4fddf593c7e828f3096e74b732f5b2f
research_20260521_1000-0605,user-010,0x2d5924f8a7cb7f85d4242823dc3d5e27fad5ffaf787f45e76a4f221989f07800,0x5bafb70747e271c982197b0f0815d3621533b91bd7281b9fe2ffb64a189bcc6c,3.693,3.693,0.0,3.693,2026-05-21T02:16:46.418017Z,2026-05-21T02:36:46.418017Z,2026-05-21,0x57bdda51774313bdb9c63336ebb6a51de4fddf593c7e828f3096e74b732f5b2f
research_20260521_1000-0606,user-001,0x4145ae1742bc04bba42c4e0cd2f13fbe23bfd25cd1a7c06a7cce25c0d5b15ee5,0x548c4ee131bd8095ba5fc9be48945a94c1fd70ff2f364e339d940517b476b334,10.826,16.092,5.266,10.826,2026-05-21T21:29:09.110905Z,2026-05-21T22:29:09.110905Z,2026-05-21,0x57bdda51774313bdb9c63336ebb6a51de4fddf593c7e828f3096e74b732f5b2f
research_20260521_1000-0607,user-003,0x80133daa8d29c1e1bd874539a0be523acc562647d95c6807564d475926f2e06d,0x31856e12a49ce7da4dd5358521e629866bcaf81167578155228ff592f9c06847,8.792,15.761,6.969,8.792,2026-05-21T13:40:12.308756Z,2026-05-21T14:40:12.308756Z,2026-05-21,0x57bdda51774313bdb9c63336ebb6a51de4fddf593c7e828f3096e74b732f5b2f
research_20260521_1000-0608,user-004,0x085dc59bfaf86bb5e3ab78445e6aa41e5e01b8db6aa450d5041034cfc80e1a51,0xd236be3fd8180e527d04a286bf8625e593a7024a2aa7b7c138a0414013476577,1.176,1.791,0.615,1.176,2026-05-21T04:28:49.468538Z,2026-05-21T04:48:49.468538Z,2026-05-21,0x57bdda51774313bdb9c63336ebb6a51de4fddf593c7e828f3096e74b732f5b2f
research_20260521_1000-0609,user-002,0xd8d44cf1065955f118ab0e701ac55b246f5ff541a64a9c01282e1c122f20ce20,0x157ba495c394b477c24715920879006c217df1e9a9c3929bd40fc65f1440df91,3.739,3.739,0.0,3.739,2026-05-21T08:13:30.599507Z,2026-05-21T08:33:30.599507Z,2026-05-21,0x57bdda51774313bdb9c63336ebb6a51de4fddf593c7e828f3096e74b732f5b2f
research_20260521_1000-0610,user-006,0x2529606c3f18ab20f566a69fb211a4733dabda8f12814fc53c64559407c0b4b9,0xe94d0b46b65501c15974302f46527ed2ae328eea09dda91a96442687b8e6f970,2.812,8.744,5.932,2.812,2026-05-21T05:15:29.993766Z,2026-05-21T05:55:29.993766Z,2026-05-21,0x57bdda51774313bdb9c63336ebb6a51de4fddf593c7e828f3096e74b732f5b2f
research_20260521_1000-0611,user-005,0xe43cd058abfe99cd5dace928e483145f4cfda94dd699456f4d334cc4cc5087c9,0xc4b82921f553563d294a19af301527a4f7db920d8a810d04107259dcfef6eb9e,-3.57,0.0,3.57,-3.57,2026-05-21T06:10:39.091889Z,2026-05-21T06:40:39.091889Z,2026-05-21,0x57bdda51774313bdb9c63336ebb6a51de4fddf593c7e828f3096e74b732f5b2f
research_20260521_1000-0612,user-005,0x4fc34d7cf44ad8a53df5a7e756cfeba76ef2236e78e63ba36256f46ac5a8e053,0xefb915498e9a2e5b1ed96004aefe6fac2c9ed0f0cb3cf93e7afa0ff079d5a7d7,11.245,11.245,0.0,11.245,2026-05-21T17:18:43.622625Z,2026-05-21T18:18:43.622625Z,2026-05-21,0x57bdda51774313bdb9c63336ebb6a51de4fddf593c7e828f3096e74b732f5b2f
research_20260521_1000-0613,user-010,0x708fa116f4e1a1018911018ef9fb62edad97325b372589abdfe234e44dbd22c5,0x78a1eda7172864a34286b27dff3a4220cb2f4db6fe848772100109fb9b08a8f0,6.955,6.955,0.0,6.955,2026-05-21T05:52:33.094422Z,2026-05-21T06:32:33.094422Z,2026-05-21,0x57bdda51774313bdb9c63336ebb6a51de4fddf593c7e828f3096e74b732f5b2f
research_20260521_1000-0614,user-005,0x03c1545d1525a8690d637fb612fd837ef60541b8004b2561e9f857382dfe952f,0x63b2a246b20e6c31e6fa8093c68eba711f041834c3e36dc85975fd1b388b59f8,-14.077,0.0,14.077,-14.077,2026-05-21T03:22:44.382383Z,2026-05-21T04:37:44.382383Z,2026-05-21,0x57bdda51774313bdb9c63336ebb6a51de4fddf593c7e828f3096e74b732f5b2f
research_20260521_1000-0615,user-010,0x32a74fef064e29c982c2e283f85327cb55b456fc1aa5ed4b7667b19ff450e9b9,0x925150a5d57df27fd34b1cca4ada935bf310d5bfc8db0343f7aa3cc13e50ea1f,14.39,14.39,0.0,14.39,2026-05-21T23:41:13.900372Z,2026-05-22T00:21:13.900372Z,2026-05-21,0x57bdda51774313bdb9c63336ebb6a51de4fddf593c7e828f3096e74b732f5b2f
research_20260521_1000-0616,user-002,0x023b63103e5158a1e47f7ccd752cf2dfe52bb84ed066e4236d276567d5582f2e,0x781f19b9daaf93d77dc2946e71de93a6050db0f2593ad4f3729c11c77ccb9591,-27.082,0.0,27.082,-27.082,2026-05-21T17:20:55.094013Z,2026-05-21T18:35:55.094013Z,2026-05-21,0x57bdda51774313bdb9c63336ebb6a51de4fddf593c7e828f3096e74b732f5b2f
research_20260521_1000-0617,user-004,0x4fa757a67116126273141674b42da7d61531f7b1225b4829befa53dff40c8a18,0xb0593c4dacee85f2c3fdb9fb2b1c930d41ebbdf97d2b8fe64f531552a7aaa5ac,1.834,4.526,2.692,1.834,2026-05-21T22:31:25.768221Z,2026-05-21T23:11:25.768221Z,2026-05-21,0x57bdda51774313bdb9c63336ebb6a51de4fddf593c7e828f3096e74b732f5b2f
research_20260521_1000-0618,user-002,0xb4d84939a33a96d9149b22170e8c55664be9c9b12edd884c8062e2c52b8e348f,0xb10059e2120d28da91e0427001429146271c004408728fd4a2f1fa9bc2b6060a,1.328,3.124,1.796,1.328,2026-05-21T08:34:40.960848Z,2026-05-21T09:14:40.960848Z,2026-05-21,0x57bdda51774313bdb9c63336ebb6a51de4fddf593c7e828f3096e74b732f5b2f
research_20260521_1000-0619,user-010,0x1100e6a77568d9cec41363b6b9dcb9bc0545c89e4baf7fe7c8ab5d3484108bdb,0x65a101359c60c3b703485a8d0b45504b59ecc517eb60e1d098772f0cc653de35,13.654,13.654,0.0,13.654,2026-05-21T18:54:28.158454Z,2026-05-21T19:34:28.158454Z,2026-05-21,0x57bdda51774313bdb9c63336ebb6a51de4fddf593c7e828f3096e74b732f5b2f
research_20260521_1000-0620,user-002,0x37bf7fd24229e7f1fdaffa5e9ee49c61109d3eb8862486fe5bf178a89f564586,0xec3f058f6648040c2afabefd523890d9fac9130cff4a22f6500bdb950c9d721b,10.522,10.522,0.0,10.522,2026-05-21T00:58:34.785560Z,2026-05-21T01:28:34.785560Z,2026-05-21,0x57bdda51774313bdb9c63336ebb6a51de4fddf593c7e828f3096e74b732f5b2f
research_20260521_1000-0621,user-009,0x4d9c8279f7118b73f1d23591d417145ff6e2c7abbafaf649eca2c5463d2aabb6,0x5c942bc4d68358367f1cc88774b7f98787f9004b7c84dfef0dada08e590f9293,4.916,4.916,0.0,4.916,2026-05-21T13:23:56.095429Z,2026-05-21T14:03:56.095429Z,2026-05-21,0x57bdda51774313bdb9c63336ebb6a51de4fddf593c7e828f3096e74b732f5b2f
research_20260521_1000-0622,user-007,0xd0a02907150ec453045a053b5d4d1461d42d61a7f5b2bb8fdb6006269bff475f,0xe193d1e5314f66a05f268bf9f645d8e2431e4c80e198986f8bdddf96780f7c9b,14.347,14.347,0.0,14.347,2026-05-21T15:17:53.467790Z,2026-05-21T15:57:53.467790Z,2026-05-21,0x57bdda51774313bdb9c63336ebb6a51de4fddf593c7e828f3096e74b732f5b2f
research_20260521_1000-0623,user-010,0x7bde190f3f290d6a854d7dd37a8fde823a7c1d8cd1cf799550508135d20771af,0xb33a0b76e04a5b1f00bf6b5a48e55ee901050b2ffcdf49e4e1fd203a69a5fee1,13.978,13.978,0.0,13.978,2026-05-21T08:00:06.010792Z,2026-05-21T09:15:06.010792Z,2026-05-21,0x57bdda51774313bdb9c63336ebb6a51de4fddf593c7e828f3096e74b732f5b2f
research_20260521_1000-0624,user-003,0x4f33db1242d3e2c4d7d1b74625b138fb372d0be30da4bb722cab7fab6d176b1e,0xd7131ec5535fc13d147da4c577af88a88550370f2faf0cd405679a2af33587b6,10.931,10.931,0.0,10.931,2026-05-21T00:13:29.746996Z,2026-05-21T00:43:29.746996Z,2026-05-21,0x57bdda51774313bdb9c63336ebb6a51de4fddf593c7e828f3096e74b732f5b2f
research_20260521_1000-0625,user-006,0x2487e2694447aac502e3d4e9dbd0c7b3624e0e952c38a7b06a8da400d619d97a,0x65cc65ace904171d125acdba19daaa1519ec30a8030e8015fe1433b7f1f9ff4e,9.222,9.222,0.0,9.222,2026-05-21T09:47:16.300615Z,2026-05-21T11:02:16.300615Z,2026-05-21,0x57bdda51774313bdb9c63336ebb6a51de4fddf593c7e828f3096e74b732f5b2f
research_20260521_1000-0626,user-010,0x13bec2090899f4209f968ad9dfc440a34de839403c203819c027a00c35debac7,0xb036c10e7155ab94a4646b350262d60157f78e9c99f05ae695dffbc757616625,-11.49,0.0,11.49,-11.49,2026-05-21T15:06:22.894287Z,2026-05-21T16:06:22.894287Z,2026-05-21,0x57bdda51774313bdb9c63336ebb6a51de4fddf593c7e828f3096e74b732f5b2f
research_20260521_1000-0627,user-003,0xcc1099a90f5a2329db23838b75a09e34c5f5d6cdcd08f5baa06ff27fe1322a80,0x837e5d000c69fac7d5d1b430212fa3c3bbaf24fc53b8c2d7232cb3a3c0696e84,5.538,5.538,0.0,5.538,2026-05-21T22:58:36.865316Z,2026-05-21T23:28:36.865316Z,2026-05-21,0x57bdda51774313bdb9c63336ebb6a51de4fddf593c7e828f3096e74b732f5b2f
research_20260521_1000-0628,user-005,0x60120320597d9eaaf3b68f4bfc50281f9deb2073f8b2e206733ecd5ed9a9aa1e,0xf16deee042287c69b170a46e3b1847b2893195c8c7aedad666992f46a7349e83,2.425,2.425,0.0,2.425,2026-05-21T00:15:07.198387Z,2026-05-21T00:35:07.198387Z,2026-05-21,0x57bdda51774313bdb9c63336ebb6a51de4fddf593c7e828f3096e74b732f5b2f
research_20260521_1000-0629,user-009,0x717950b5d002cab6cf69307947cb431e18ef38d214f7866acf2e6372215aba06,0xf8068586c3c6e50df02007b503d280ae8ad78ab8bf5aab190c90395ffb64871e,3.658,3.658,0.0,3.658,2026-05-21T11:04:24.064408Z,2026-05-21T11:34:24.064408Z,2026-05-21,0x57bdda51774313bdb9c63336ebb6a51de4fddf593c7e828f3096e74b732f5b2f
research_20260521_1000-0630,user-002,0x235792588a48e43f507f57b34d4f29a2ddf79e6f26e6e33dcf221ab1f2878828,0xfafef28daddae3d7092b3c90bee1b6191e7c2f3ea7fafce6d721344a9e3b05c6,3.734,3.734,0.0,3.734,2026-05-21T06:47:35.921448Z,2026-05-21T07:07:35.921448Z,2026-05-21,0x57bdda51774313bdb9c63336ebb6a51de4fddf593c7e828f3096e74b732f5b2f
research_20260521_1000-0631,user-002,0x8fec286a71ff2f294b540704bfdd617c712167d054c01a925cb056cfb0c160bb,0x50dc66fd9d9af75e4029c7259694ac03d0b91137b49f513521bac73d818f4a29,6.982,9.065,2.083,6.982,2026-05-21T06:07:14.420948Z,2026-05-21T06:37:14.420948Z,2026-05-21,0x57bdda51774313bdb9c63336ebb6a51de4fddf593c7e828f3096e74b732f5b2f
research_20260521_1000-0632,user-009,0xb3cc38f3159af29804b0278ac613be3b3f9a43258ef8ea4ad9be6578203cdc41,0x69b64755308249bd923f64fcf91b0661a68601bfd6665f72d5c1dd58936501e6,26.972,26.972,0.0,26.972,2026-05-21T16:21:45.650031Z,2026-05-21T17:36:45.650031Z,2026-05-21,0x57bdda51774313bdb9c63336ebb6a51de4fddf593c7e828f3096e74b732f5b2f
research_20260521_1000-0633,user-002,0x8968e747e5d7e96932d01577c946de2292db5023eda5a9b15e6a2b41bb019c6f,0x48ba9291cbe5fc0057811e2d81ed4a6fc9bd8e72e7e4bc5f1636a1f5a0515353,8.839,8.839,0.0,8.839,2026-05-21T12:12:24.284476Z,2026-05-21T13:27:24.284476Z,2026-05-21,0x57bdda51774313bdb9c63336ebb6a51de4fddf593c7e828f3096e74b732f5b2f
research_20260521_1000-0634,user-002,0x257d1878195d20a90a706ce2901812daf9abeaf66138d039a0c7ba8c93487e8e,0x22d88d5d187c62220f944ca78cc929a52b45299886a74869d20fde7d5743ead9,7.376,7.376,0.0,7.376,2026-05-21T18:43:44.402346Z,2026-05-21T19:23:44.402346Z,2026-05-21,0x57bdda51774313bdb9c63336ebb6a51de4fddf593c7e828f3096e74b732f5b2f
research_20260521_1000-0635,user-008,0xbe37bbc5669b23d514d578eb542550c6ec7b7aef87290fdb3e1cd70d7c0196bf,0x61a24949770b07b7de0ca39557edaba17b760b66c6d21d8ea9bf7cee443a64c1,-0.022,1.887,1.909,-0.022,2026-05-21T09:33:28.520400Z,2026-05-21T10:03:28.520400Z,2026-05-21,0x57bdda51774313bdb9c63336ebb6a51de4fddf593c7e828f3096e74b732f5b2f
research_20260521_1000-0636,user-005,0xcf20e04c8cfaf28df6a9a0b976a0526d0a5dd88cea3874dccc1760d468427348,0x608fd0ecbb0418e50822ae66b7bbcd667290f30822d4367c090f7a94e33e73a5,7.524,7.524,0.0,7.524,2026-05-21T02:05:11.341718Z,2026-05-21T02:45:11.341718Z,2026-05-21,0x57bdda51774313bdb9c63336ebb6a51de4fddf593c7e828f3096e74b732f5b2f
research_20260521_1000-0637,user-009,0xea473314db1d07b6723138bc1e4eea2907f7228461a7fc0aff5766c139f6ca35,0x29adaabc568bedfdbdd0f12c32b52cbd71b97a8886124589d3957f77e587fe3d,0.099,1.754,1.655,0.099,2026-05-21T23:30:18.919204Z,2026-05-21T23:50:18.919204Z,2026-05-21,0x57bdda51774313bdb9c63336ebb6a51de4fddf593c7e828f3096e74b732f5b2f
research_20260521_1000-0638,user-009,0xb34b9e8ee164e7caa3134a4348c0ee70054fdb88e0528d1d5adf816c266f13a5,0x0c654a838067a8a13f16de355ed5dea52112b156d72510637e8ec23471594fcf,5.717,5.717,0.0,5.717,2026-05-21T14:29:26.528639Z,2026-05-21T14:59:26.528639Z,2026-05-21,0x57bdda51774313bdb9c63336ebb6a51de4fddf593c7e828f3096e74b732f5b2f
research_20260521_1000-0639,user-009,0xc46ac0de9034fa92ab1bdb2d70ec54cac23a28a08e0845d5e27c4acccac1c5a4,0x68b6c7f87e6eebe51194d7ab6b0581c96f50a5de73465ff5a0da35a49e32343a,3.618,5.534,1.916,3.618,2026-05-21T14:25:58.207947Z,2026-05-21T15:25:58.207947Z,2026-05-21,0x57bdda51774313bdb9c63336ebb6a51de4fddf593c7e828f3096e74b732f5b2f
research_20260521_1000-0640,user-001,0xfc2984ec48deb56373f302ed52313d431d74cc880dc4224785f9e47215eda264,0x1f9bd9e0f901494377ea2a8f704866005482c69c426ccf28507face058bb324a,28.058,28.058,0.0,28.058,2026-05-21T23:37:46.309870Z,2026-05-22T00:52:46.309870Z,2026-05-21,0x57bdda51774313bdb9c63336ebb6a51de4fddf593c7e828f3096e74b732f5b2f
research_20260521_1000-0641,user-009,0xa84799c83b78ae404b631cff08ca54264d217fd8b686ec629591b45187d99e46,0x72f57aaa5be738c0bad62a2221958c2e6750aef387b5decfb3aae48fec73db16,7.028,7.028,0.0,7.028,2026-05-21T11:49:30.321178Z,2026-05-21T12:49:30.321178Z,2026-05-21,0x57bdda51774313bdb9c63336ebb6a51de4fddf593c7e828f3096e74b732f5b2f
research_20260521_1000-0642,user-002,0x65654ac8c0e4954ef2ae8c600a882b8d31afa4c4e0db0215cce647a5e958baa7,0x4f7d715b2682f65dba05960bb18589084bb44828209c94be4c40459fc83019d4,5.724,5.724,0.0,5.724,2026-05-21T10:31:19.499436Z,2026-05-21T11:01:19.499436Z,2026-05-21,0x57bdda51774313bdb9c63336ebb6a51de4fddf593c7e828f3096e74b732f5b2f
research_20260521_1000-0643,user-005,0xebc966784f7c2f10c5d8ebf97488336c6f1ffe0c054677a1513920f65e62bf49,0x02b6717308c2dd88733c59db6461bf9197109b31e2313f6046b364ce3d003d8e,-3.532,0.0,3.532,-3.532,2026-05-21T06:12:39.838426Z,2026-05-21T06:42:39.838426Z,2026-05-21,0x57bdda51774313bdb9c63336ebb6a51de4fddf593c7e828f3096e74b732f5b2f
research_20260521_1000-0644,user-004,0xd157f1c1ae9143bc3f5bf8a42a8a6558571149b6790040b1581e480c85bcb19d,0x2b821cc5356166a7e4a660673b7e23d0255c75a0def824091f2371b53b50fbd4,22.039,22.039,0.0,22.039,2026-05-21T16:15:33.200458Z,2026-05-21T17:15:33.200458Z,2026-05-21,0x57bdda51774313bdb9c63336ebb6a51de4fddf593c7e828f3096e74b732f5b2f
research_20260521_1000-0645,user-009,0xe046ea5b9b57d3ca7d2ec0ac76ca8464c20370fe5b9272ef111cdd917bcdd092,0xf9c92c700799def9538ce7639d9910e599e23847acc1dcf0e23e2f9a4c54f835,-13.305,0.0,13.305,-13.305,2026-05-21T12:17:26.492239Z,2026-05-21T13:32:26.492239Z,2026-05-21,0x57bdda51774313bdb9c63336ebb6a51de4fddf593c7e828f3096e74b732f5b2f
research_20260521_1000-0646,user-004,0x23fd30bb7654ec7a07bcca10cbb78362643724170db2c6cb6c12964478583c19,0x1e47ae41414e0397869b2ceb4d05be88c2d48e1732179dfcedac4f6d21432d37,3.802,3.802,0.0,3.802,2026-05-21T01:30:52.104108Z,2026-05-21T02:00:52.104108Z,2026-05-21,0x57bdda51774313bdb9c63336ebb6a51de4fddf593c7e828f3096e74b732f5b2f
research_20260521_1000-0647,user-002,0x37621c3d31359eb656455482340dd895eabc78fc4461694a19db8b04c261d48a,0xa8f3034eb6f950a2840c0eabe3dfced5987f39c12d49d26bbbc75ef45365bcaa,0.104,2.582,2.478,0.104,2026-05-21T11:04:39.998880Z,2026-05-21T11:44:39.998880Z,2026-05-21,0x57bdda51774313bdb9c63336ebb6a51de4fddf593c7e828f3096e74b732f5b2f
research_20260521_1000-0648,user-010,0x6982b31cfe57441d2ad493429a2b801834346412b4c99b68d4654f62deebab86,0x9281018bfd2abdee723e5d685383a21dfdb4921c6177c26f8c087264ba6f93ea,15.551,15.551,0.0,15.551,2026-05-21T05:34:32.164290Z,2026-05-21T06:14:32.164290Z,2026-05-21,0x57bdda51774313bdb9c63336ebb6a51de4fddf593c7e828f3096e74b732f5b2f
research_20260521_1000-0649,user-010,0xe00be1cf2e08c4ce64a58db943fdc890457db05acb006d3032939272c2a027f2,0x57b8557087b3b309b7d43dd8376cf1c5963786c0cf59817a8c50d8ee255b7b7d,-1.928,13.367,15.295,-1.928,2026-05-21T05:27:21.041817Z,2026-05-21T06:42:21.041817Z,2026-05-21,0x57bdda51774313bdb9c63336ebb6a51de4fddf593c7e828f3096e74b732f5b2f
research_20260521_1000-0650,user-007,0xcd9aaf9f725eb277f2cdc9bf9984034e7df7b6ea0f0028a6a75ed9a0280a0c8f,0xc9fb1afdcf86a2bc4a4bce825740f865bb58de34809ab7a0a95c895244a43e34,7.527,7.527,0.0,7.527,2026-05-21T07:02:00.467300Z,2026-05-21T07:42:00.467300Z,2026-05-21,0x57bdda51774313bdb9c63336ebb6a51de4fddf593c7e828f3096e74b732f5b2f
research_20260521_1000-0651,user-005,0xbadd693645984b2fea69769eed76b4b1137c88cc4fd4c958f42cb5a0e7c53b72,0x6f389e136dd6bc248af5f388397d8388244310b1a34e8e122a30aee3277f7e38,13.863,13.863,0.0,13.863,2026-05-21T07:32:04.240645Z,2026-05-21T08:47:04.240645Z,2026-05-21,0x57bdda51774313bdb9c63336ebb6a51de4fddf593c7e828f3096e74b732f5b2f
research_20260521_1000-0652,user-005,0xc4c0b5a3324dac900523758471aca8be8f7dcfc1d0db4afd0d1d8274cf1b6264,0x620b757f69e46de5eef289e6ec1156d641ed73f8687a02e1cd482126d435d6f0,7.075,7.075,0.0,7.075,2026-05-21T16:06:01.786534Z,2026-05-21T16:46:01.786534Z,2026-05-21,0x57bdda51774313bdb9c63336ebb6a51de4fddf593c7e828f3096e74b732f5b2f
research_20260521_1000-0653,user-008,0x9a85747e57f1725529fa961866924ee621683eb2343094a6b0e743fe375d8fb8,0x0e53cf8f4e0831b71b35389842be635d6610b6635e96705a8644e3db79b6c5d3,-0.042,5.377,5.419,-0.042,2026-05-21T00:02:59.191713Z,2026-05-21T01:02:59.191713Z,2026-05-21,0x57bdda51774313bdb9c63336ebb6a51de4fddf593c7e828f3096e74b732f5b2f
research_20260521_1000-0654,user-009,0xcb4aed864ca799ac413ad8489d25bbf53b11592a710603ef812a289b6f5eb276,0x46dc0b045ddbadf8d5e9d5f267979fa7019d3e993941766d16fd779d6dd10e6e,10.86,10.86,0.0,10.86,2026-05-21T17:19:25.886475Z,2026-05-21T17:49:25.886475Z,2026-05-21,0x57bdda51774313bdb9c63336ebb6a51de4fddf593c7e828f3096e74b732f5b2f
research_20260521_1000-0655,user-001,0x4e05669c766f714243a5d4f602314ffaef9ad2321c7e89d0b2c3ec6e3b240849,0xab64e902a3e78d50aaf71d7213809cdc38211cb2f9be6069424ede97f26263f4,11.163,11.163,0.0,11.163,2026-05-21T01:24:36.898042Z,2026-05-21T02:24:36.898042Z,2026-05-21,0x57bdda51774313bdb9c63336ebb6a51de4fddf593c7e828f3096e74b732f5b2f
research_20260521_1000-0656,user-002,0xa6b065bdc99e2b112a562c4c49ae2e7741fd3eb0ad15fe74b926fe11918ae0fd,0xaf16d49ac071d1a6c4d9468b9056d95cc2fcfd9f3bfb9971ff2a9886db50bd98,-0.149,13.553,13.702,-0.149,2026-05-21T15:47:18.504839Z,2026-05-21T17:02:18.504839Z,2026-05-21,0x57bdda51774313bdb9c63336ebb6a51de4fddf593c7e828f3096e74b732f5b2f
research_20260521_1000-0657,user-005,0xc6c4c7aaf598e82c286dcb1ab914aea00bf76919184276fbc4175ff10167da6b,0x7d45cf944cab851cc66ee3dd49ff45ad12d5dc7b5cefaffe990af08b7c452847,1.249,3.026,1.777,1.249,2026-05-21T22:42:11.829699Z,2026-05-21T23:22:11.829699Z,2026-05-21,0x57bdda51774313bdb9c63336ebb6a51de4fddf593c7e828f3096e74b732f5b2f
research_20260521_1000-0658,user-009,0xb128535eb000bf2c32d106dc75a7202fb6ab90cf07f8ee19fb663664c60c5fa1,0xf5871335b9d63709708c610d36060429e017f8a80a7c477ed14c5f0c4753865f,3.289,3.289,0.0,3.289,2026-05-21T13:11:28.240295Z,2026-05-21T13:41:28.240295Z,2026-05-21,0x57bdda51774313bdb9c63336ebb6a51de4fddf593c7e828f3096e74b732f5b2f
research_20260521_1000-0659,user-009,0x7088f5903fa99efd07ae3183e884d4c359b3277e38b79b02f2a2f1ec3d6c7443,0xf7d1a636c865b0003b8205c77df5ae40ffc103b74928caf33915b62aa50ef4ed,4.852,4.852,0.0,4.852,2026-05-21T10:44:40.791788Z,2026-05-21T11:24:40.791788Z,2026-05-21,0x57bdda51774313bdb9c63336ebb6a51de4fddf593c7e828f3096e74b732f5b2f
research_20260521_1000-0660,user-010,0x8016d46208f00ae2def5a30e42fbb55883123550cc3e9fef146cf796b8bd44d7,0x3d85c48292739b5173a731aab132734ba85e203228e05138d8b67aa535acc14b,3.826,9.646,5.82,3.826,2026-05-21T02:21:09.848864Z,2026-05-21T03:01:09.848864Z,2026-05-21,0x57bdda51774313bdb9c63336ebb6a51de4fddf593c7e828f3096e74b732f5b2f
research_20260521_1000-0661,user-008,0x630f777478a3ffafeb89094ceb8e33b568864d4ee8c2c1cb5e4b2b21120a5342,0x84a5334e988b7fd03455c869a08db020ffd1049cc6d48942d9301b90353a5d19,-21.691,0.0,21.691,-21.691,2026-05-21T09:44:15.141450Z,2026-05-21T10:44:15.141450Z,2026-05-21,0x57bdda51774313bdb9c63336ebb6a51de4fddf593c7e828f3096e74b732f5b2f
research_20260521_1000-0662,user-010,0x402b0b1e8cc755728d01dc3a58baa66a84cd13ccd6a2449d8797d07f305447cf,0x41d2d13d9bf9863ecc3180ccba2619e5338ea9f73c387244713b757e2f8f2f64,9.325,9.325,0.0,9.325,2026-05-21T23:17:52.833232Z,2026-05-22T00:32:52.833232Z,2026-05-21,0x57bdda51774313bdb9c63336ebb6a51de4fddf593c7e828f3096e74b732f5b2f
research_20260521_1000-0663,user-004,0x1dc5f10ac1d5cce62b407fc66df6f45bd4bc6927fcaed975c16ae6d0bd2588bf,0x33dd230e8584e56ac9e119911c158858ff29b0ed62eaa40a089a93ad760ce469,3.554,5.511,1.957,3.554,2026-05-21T02:47:32.710437Z,2026-05-21T03:27:32.710437Z,2026-05-21,0x57bdda51774313bdb9c63336ebb6a51de4fddf593c7e828f3096e74b732f5b2f
research_20260521_1000-0664,user-008,0xe653dee7c5c6ccb1210c176bfefe940c9db76f5aa4a0d3f17cd4034c7ff1a509,0x0c66cd41d3e0539df5004e3c6d061dc47d744efda1a87273872e09f5fa4fe47c,18.83,20.64,1.81,18.83,2026-05-21T07:56:27.056123Z,2026-05-21T08:56:27.056123Z,2026-05-21,0x57bdda51774313bdb9c63336ebb6a51de4fddf593c7e828f3096e74b732f5b2f
research_20260521_1000-0665,user-003,0xd2b7d3260c8c59c4035e774695b2e361b20542eee866b3c9f2958ecce1b7816d,0x6350a7e8732d5533a76dc73a2ce32d545d7b2c7671b793369e42948afa013054,-7.088,0.0,7.088,-7.088,2026-05-21T05:33:18.284775Z,2026-05-21T06:13:18.284775Z,2026-05-21,0x57bdda51774313bdb9c63336ebb6a51de4fddf593c7e828f3096e74b732f5b2f
research_20260521_1000-0666,user-003,0xa7756a1fcd00bf2ac8787bbcd4a9237778b89d966b91ccd41ff89e5099eabc09,0x5a103b7101fe0155fd5a9f44a7b75ca1f3533200c93c80b7f365cfda74828d56,-7.544,0.0,7.544,-7.544,2026-05-21T13:45:58.541954Z,2026-05-21T14:25:58.541954Z,2026-05-21,0x57bdda51774313bdb9c63336ebb6a51de4fddf593c7e828f3096e74b732f5b2f
research_20260521_1000-0667,user-007,0xabdb8d5d85a43708910ec9482538888e1e9a92579be226d780e9f41155170299,0xb739f89a5b09d7d950982435c42d9245f9b9a86e33bf3fe65e0df7f4256bc1e5,-2.274,0.0,2.274,-2.274,2026-05-21T04:41:53.257809Z,2026-05-21T05:01:53.257809Z,2026-05-21,0x57bdda51774313bdb9c63336ebb6a51de4fddf593c7e828f3096e74b732f5b2f
research_20260521_1000-0668,user-005,0xaa6e453d1b6f04639e631cd6638b3355d2b946ef6ca35ab7470e110b45e051d3,0x2d9eae605275d0d5ef1dbefef24cc6e47ee652041c757881439e771548cea1d6,7.169,7.169,0.0,7.169,2026-05-21T13:47:01.624222Z,2026-05-21T14:07:01.624222Z,2026-05-21,0x57bdda51774313bdb9c63336ebb6a51de4fddf593c7e828f3096e74b732f5b2f
research_20260521_1000-0669,user-003,0xaf61d7f4ea8e98f67c6844b547267102e1d53ff65d38acaf83b9d650098376fd,0x24a957d3851f58bef1e93b54dee0ccf4450fac640da6f3e097fdee0fb930722f,13.776,13.776,0.0,13.776,2026-05-21T00:26:44.538516Z,2026-05-21T01:41:44.538516Z,2026-05-21,0x57bdda51774313bdb9c63336ebb6a51de4fddf593c7e828f3096e74b732f5b2f
research_20260521_1000-0670,user-001,0x7f332bf9b471449ba7bd310ff6d9a65557c09d1390bb251e67844536ef07c19d,0xac2e02fb7dd500ecca3a3c4da18dd3e31571d7e794b79dfe49767bc615fea41a,-5.349,0.0,5.349,-5.349,2026-05-21T10:57:26.529779Z,2026-05-21T11:27:26.529779Z,2026-05-21,0x57bdda51774313bdb9c63336ebb6a51de4fddf593c7e828f3096e74b732f5b2f
research_20260521_1000-0671,user-009,0xe2afac2070d3432280d183c7e5965b321daf0542d10153006295196b6c6dae94,0x5392d928eb275539ca8c6d4fa45e179194010650365e0dd5d5306ba0775bd3c8,11.233,11.233,0.0,11.233,2026-05-21T21:42:48.929534Z,2026-05-21T22:12:48.929534Z,2026-05-21,0x57bdda51774313bdb9c63336ebb6a51de4fddf593c7e828f3096e74b732f5b2f
research_20260521_1000-0672,user-001,0xa85e84a576d79e371d598e113e90e68fbd543104eccdd78758ed532aef54cfd5,0x365dab244015ed56915d7adf17ae4f4ff6e4bf31d5d52821193e6a8a1412ae03,3.629,4.184,0.555,3.629,2026-05-21T22:08:47.277178Z,2026-05-21T22:48:47.277178Z,2026-05-21,0x57bdda51774313bdb9c63336ebb6a51de4fddf593c7e828f3096e74b732f5b2f
research_20260521_1000-0673,user-007,0xd47132d8dc29123e51dcae07873b9b35bb7b1277330169bf5bd15d286fd84914,0xf71e672c24bddd877ba0f181d543616f3fcb6742d81fc17d1bd3cb5336fd2ba7,3.983,7.575,3.592,3.983,2026-05-21T00:49:10.171648Z,2026-05-21T01:19:10.171648Z,2026-05-21,0x57bdda51774313bdb9c63336ebb6a51de4fddf593c7e828f3096e74b732f5b2f
research_20260521_1000-0674,user-001,0xe5df77a7a8d48509d162a8bd94407166a8a99c686bbb24559fa9d125ace31ab2,0x570fef307697e4f207268b9fb3bd5e39f1cf5074e5e3002d7992a7028017b0bf,7.313,9.065,1.752,7.313,2026-05-21T09:28:20.610109Z,2026-05-21T09:58:20.610109Z,2026-05-21,0x57bdda51774313bdb9c63336ebb6a51de4fddf593c7e828f3096e74b732f5b2f
research_20260521_1000-0675,user-001,0x7d641e346cfe27e521cb633bf067e284c3567198ef4f044df117a38431ec7beb,0xd96e9005893e4753296234240bb094cbd1ee023475e11fe31724681f7265ccfc,3.425,3.425,0.0,3.425,2026-05-21T06:58:01.664749Z,2026-05-21T07:28:01.664749Z,2026-05-21,0x57bdda51774313bdb9c63336ebb6a51de4fddf593c7e828f3096e74b732f5b2f
research_20260521_1000-0676,user-006,0x974364c9dfb8626f0838d1ec95dec446cc2d4661abcf3bf7da8d2706a080cce9,0x092fba1fe036ef215c7cad5da42552e93fcc255dc4ecbd2eea0dd694e5a4c0b6,6.852,6.852,0.0,6.852,2026-05-21T16:18:42.861463Z,2026-05-21T17:18:42.861463Z,2026-05-21,0x57bdda51774313bdb9c63336ebb6a51de4fddf593c7e828f3096e74b732f5b2f
research_20260521_1000-0677,user-006,0x3fbd27a47554f1037f463cf1288f19cba7dd582ab4d633398e62817e3a423506,0xf7cfd7effa307c51665aa9e04cb254da3b89e69d72a1c205a03237047dcb5996,1.036,3.891,2.855,1.036,2026-05-21T13:08:50.470500Z,2026-05-21T14:08:50.470500Z,2026-05-21,0x57bdda51774313bdb9c63336ebb6a51de4fddf593c7e828f3096e74b732f5b2f
research_20260521_1000-0678,user-002,0x15c2ec7afeb9cb23d381f6401cf30721849af1343057036d021b6328ef7d79bd,0x66ac9a02cecda8e738c6e15f4a68fc9ee328904c96d8e91c0e9a71ab9666b1d7,3.806,3.806,0.0,3.806,2026-05-21T10:17:07.630634Z,2026-05-21T10:47:07.630634Z,2026-05-21,0x57bdda51774313bdb9c63336ebb6a51de4fddf593c7e828f3096e74b732f5b2f
research_20260521_1000-0679,user-002,0xed301f7361b7ed6eaabbc2114a127c474afade600f692589bb1b0a386e6656d6,0xcf61a257a8b5a93bc02d970bffa1ad4cbba794c575d6b91c5922d79203671231,14.815,14.815,0.0,14.815,2026-05-21T08:02:30.132482Z,2026-05-21T08:42:30.132482Z,2026-05-21,0x57bdda51774313bdb9c63336ebb6a51de4fddf593c7e828f3096e74b732f5b2f
research_20260521_1000-0680,user-008,0x32b76a94b1a19895b05b95ea62b0788513485629ba97e4b6fcd72787bd3f0ec3,0xf8c5d3e34591a567db946b0eca0102038cbcb0b21cf3580a09859994a6f4103b,3.613,3.613,0.0,3.613,2026-05-21T08:14:05.131062Z,2026-05-21T08:34:05.131062Z,2026-05-21,0x57bdda51774313bdb9c63336ebb6a51de4fddf593c7e828f3096e74b732f5b2f
research_20260521_1000-0681,user-002,0x465856fe12a86e08f93c8a07b64d2b0475093e8e8861d4a946c08fc18c2bba86,0x2bc7f3040e9d9e0090e1a6c26f440bb3b5b2e2f6f0fa2340f270d32dd50a11d1,-7.15,0.0,7.15,-7.15,2026-05-21T09:35:37.310104Z,2026-05-21T10:35:37.310104Z,2026-05-21,0x57bdda51774313bdb9c63336ebb6a51de4fddf593c7e828f3096e74b732f5b2f
research_20260521_1000-0682,user-008,0x8d40756f8b91669aebc6f5bf0235e675db38ae1ee127347415ec373a0b2b9acd,0x859da9c79a35beaaa0768a4fc97f36e56ac590ac3278f462d691e698a6210764,4.128,5.001,0.873,4.128,2026-05-21T01:29:31.027335Z,2026-05-21T01:59:31.027335Z,2026-05-21,0x57bdda51774313bdb9c63336ebb6a51de4fddf593c7e828f3096e74b732f5b2f
research_20260521_1000-0683,user-010,0x7062c6c2ec78ffcc22a73c45c3501e7afe16a0ed22742fce1045fab396be80e8,0x065e0080e402520b0664a7a34aaa914f627d222a6e5b203002ae0c9cf5e043a6,3.837,3.837,0.0,3.837,2026-05-21T03:52:27.561065Z,2026-05-21T04:22:27.561065Z,2026-05-21,0x57bdda51774313bdb9c63336ebb6a51de4fddf593c7e828f3096e74b732f5b2f
research_20260521_1000-0684,user-005,0x631c3cf1d3f02006de0216b62057602477ef46a87ef5c3d3d2cb77489c4c2303,0xada5cd2de347d457dabdf67ba1a29b3047350f7bcc01856cdacc35612a86e3ba,8.312,8.312,0.0,8.312,2026-05-21T02:46:57.951876Z,2026-05-21T04:01:57.951876Z,2026-05-21,0x57bdda51774313bdb9c63336ebb6a51de4fddf593c7e828f3096e74b732f5b2f
research_20260521_1000-0685,user-010,0xcecb3e637e0f1a877b069d10603ab1eefcc3911660cca2aa91d8c6f5dadd6bd8,0x8f33999a1c0173b1f5107a41e890fec924b59b73b9525b74cb38070ceeb98df4,0.138,3.768,3.63,0.138,2026-05-21T05:53:50.873185Z,2026-05-21T06:13:50.873185Z,2026-05-21,0x57bdda51774313bdb9c63336ebb6a51de4fddf593c7e828f3096e74b732f5b2f
research_20260521_1000-0686,user-008,0x1580c8bc63e419a55e0c4593b782031938c83011f8eace44f5557db6e57f9e75,0xa11a34e55bf89e303f8ba63bc5fbf7950e2566e97cbe160c8183e8d8e48a05a7,0.154,3.609,3.455,0.154,2026-05-21T05:55:23.786330Z,2026-05-21T06:35:23.786330Z,2026-05-21,0x57bdda51774313bdb9c63336ebb6a51de4fddf593c7e828f3096e74b732f5b2f
research_20260521_1000-0687,user-005,0xd72434f457b2e90b46b9be3e80512c84347f76650e4667691dfe595bbdd115f4,0x36bdf3a16eea23d2feb1520d39934d30f85db96ea411f6cbb768b51e2de4a28b,10.91,10.91,0.0,10.91,2026-05-21T01:18:29.978897Z,2026-05-21T01:48:29.978897Z,2026-05-21,0x57bdda51774313bdb9c63336ebb6a51de4fddf593c7e828f3096e74b732f5b2f
research_20260521_1000-0688,user-004,0xdab97e1987725952a06d2fb9515e2a34a3ed8b25d2d582d93fa94e8d62af9bc4,0x250c5cb80b02ab97a9ec539f9e62213d36b7966df85705f3b0b601517afa7386,-10.635,0.0,10.635,-10.635,2026-05-21T23:18:40.393506Z,2026-05-21T23:48:40.393506Z,2026-05-21,0x57bdda51774313bdb9c63336ebb6a51de4fddf593c7e828f3096e74b732f5b2f
research_20260521_1000-0689,user-003,0xb5bfd1281158a322006d66de081e5e3e31932671d08275d2d9005f09fc75ba1a,0x8d58e514232afea5b4c362e45f6ac569609353a1ccad5c1df9b3dd10afaadd31,13.373,13.373,0.0,13.373,2026-05-21T09:53:31.499228Z,2026-05-21T11:08:31.499228Z,2026-05-21,0x57bdda51774313bdb9c63336ebb6a51de4fddf593c7e828f3096e74b732f5b2f
research_20260521_1000-0690,user-001,0xbe3f9ddb8f932550da2f0e3868bee9a35b8776f14c9b22a107920ed2f290961f,0xe2fb6651d3b8f5f655538ecddd580b5c00c914850f8a9a3ee4379e427f5d36da,8.731,8.731,0.0,8.731,2026-05-21T03:49:25.975462Z,2026-05-21T05:04:25.975462Z,2026-05-21,0x57bdda51774313bdb9c63336ebb6a51de4fddf593c7e828f3096e74b732f5b2f
research_20260521_1000-0691,user-004,0xb7b0fa3da29b781a252b5b75dc2cb72dcaf59697414425162953951d10027eb0,0x729476a83f8f0c351086ab826365b9d779f5ca10b0b4e4325a3448ecfa08e1c5,0.866,4.162,3.296,0.866,2026-05-21T18:30:11.430001Z,2026-05-21T19:30:11.430001Z,2026-05-21,0x57bdda51774313bdb9c63336ebb6a51de4fddf593c7e828f3096e74b732f5b2f
research_20260521_1000-0692,user-002,0xe25424216c391c427747e3f6ad1b66542463514487a6e70b1bc79b26c17ceb19,0x744767380d4e2c8ea6f0cc1dad7cbe3bd4e9a47ab8969806d3fb8fd0351319ac,1.769,2.624,0.855,1.769,2026-05-21T19:16:08.808381Z,2026-05-21T19:36:08.808381Z,2026-05-21,0x57bdda51774313bdb9c63336ebb6a51de4fddf593c7e828f3096e74b732f5b2f
research_20260521_1000-0693,user-008,0x109b92224ec2a72ab830fd0349ef5c4641007b3af0fd8bc80cf1f08bc3b2bf79,0x852fc7d24361e3b74253589cd48007390f51cd3afe25e482f6aa19d3c462eccc,10.724,10.724,0.0,10.724,2026-05-21T05:19:32.997338Z,2026-05-21T05:49:32.997338Z,2026-05-21,0x57bdda51774313bdb9c63336ebb6a51de4fddf593c7e828f3096e74b732f5b2f
research_20260521_1000-0694,user-005,0x1c4e4f785f90eb407b151f1a81e39464a79e7c256b15359f86fd84633e235fcf,0xf88eb96aab952973d0569617b202be40be0853b831e6453b150a399fb29d93ab,7.227,7.227,0.0,7.227,2026-05-21T01:08:55.955743Z,2026-05-21T01:48:55.955743Z,2026-05-21,0x57bdda51774313bdb9c63336ebb6a51de4fddf593c7e828f3096e74b732f5b2f
research_20260521_1000-0695,user-008,0xdf9750bffc48b062d06345c3ce475d178f07f35ca5b6be03089b577142b8c954,0xb225ad1c7c06c03c1ccc3d23f6aa5623599b652721b1e6f607a4ab5801fdeb54,3.96,3.96,0.0,3.96,2026-05-21T20:04:05.492548Z,2026-05-21T20:24:05.492548Z,2026-05-21,0x57bdda51774313bdb9c63336ebb6a51de4fddf593c7e828f3096e74b732f5b2f
research_20260521_1000-0696,user-004,0xd0e8cfa1302e1883a41c32daed7d317888867da661bc13f82ee75f5ebe5e42b0,0xbf0e435b3c0c2bcea34305069d56805a7395d0689d4a0303a2b23996ae4f8c9c,-13.804,0.0,13.804,-13.804,2026-05-21T18:51:58.098838Z,2026-05-21T20:06:58.098838Z,2026-05-21,0x57bdda51774313bdb9c63336ebb6a51de4fddf593c7e828f3096e74b732f5b2f
research_20260521_1000-0697,user-005,0x99ab5a7c403f1b39da6a27ec3d5b7e0db7acd046907e0d98361dad95a30d551a,0x2ef1a55d7084005cc259c4714c190c5040e9e5af92b2389bc873ebc45db4f50c,1.76,4.508,2.748,1.76,2026-05-21T12:39:20.783371Z,2026-05-21T13:19:20.783371Z,2026-05-21,0x57bdda51774313bdb9c63336ebb6a51de4fddf593c7e828f3096e74b732f5b2f
research_20260521_1000-0698,user-008,0xa621c2537b05c833e077e6411120f8dbb2b5e2c37ae02c74fd16710919a12b69,0x4aa68c4555cfef84af0d4d21f847e497dfd002500bce52907365ed9d22a50adc,-0.17,3.482,3.652,-0.17,2026-05-21T05:34:27.001014Z,2026-05-21T05:54:27.001014Z,2026-05-21,0x57bdda51774313bdb9c63336ebb6a51de4fddf593c7e828f3096e74b732f5b2f
research_20260521_1000-0699,user-004,0x27c5ff67f944cef7863b2c53228872f7011e13dd3cbe065b3a5f1f5437b26e5e,0xf31a6c26c6869be198241e661cdba62d33e95ddfdfd907a14544706a25bc8189,6.986,8.894,1.908,6.986,2026-05-21T09:09:43.175588Z,2026-05-21T10:09:43.175588Z,2026-05-21,0x57bdda51774313bdb9c63336ebb6a51de4fddf593c7e828f3096e74b732f5b2f
research_20260521_1000-0700,user-006,0x53a8228893ffb63d6cf783c54e171557db681257bbe8c69ee935184ee02dc130,0x2ad34d34f8784c441a2b93852efbdf9f505d561a79e388a569db3fb38c6848b5,7.396,7.396,0.0,7.396,2026-05-21T17:21:29.606549Z,2026-05-21T18:01:29.606549Z,2026-05-21,0x57bdda51774313bdb9c63336ebb6a51de4fddf593c7e828f3096e74b732f5b2f
research_20260521_1000-0701,user-008,0xad5eb2f9a8f466c13cc4298f70476e836d40fc6126da772886711f70030a4a74,0xaae10242f3ccf5aa544c431cf53321360d3e66954885330d0c1e36413ec1910e,27.8,27.8,0.0,27.8,2026-05-21T18:05:52.415818Z,2026-05-21T19:20:52.415818Z,2026-05-21,0x57bdda51774313bdb9c63336ebb6a51de4fddf593c7e828f3096e74b732f5b2f
research_20260521_1000-0702,user-004,0x2e4cdfa2170d4c245ad6c46e67b4800efc2b89086dbd04f7824e5e436280927b,0x7f5eeb9ec0787c21bf1cbc39fde70c9ce4e3b6efd438e0b011acf26ef93e2e18,7.113,7.113,0.0,7.113,2026-05-21T07:43:09.415488Z,2026-05-21T08:23:09.415488Z,2026-05-21,0x57bdda51774313bdb9c63336ebb6a51de4fddf593c7e828f3096e74b732f5b2f
research_20260521_1000-0703,user-001,0x96df43a0c054aa17f9e1aaa2f38379006447261f641f8154b84952a73c6b76f1,0xfad9cd080b3ba31bd764b7b3df0437192f2dc7506653b7c2cfbb3995bc174ce6,13.935,13.935,0.0,13.935,2026-05-21T00:56:54.294409Z,2026-05-21T01:36:54.294409Z,2026-05-21,0x57bdda51774313bdb9c63336ebb6a51de4fddf593c7e828f3096e74b732f5b2f
research_20260521_1000-0704,user-004,0x5221b7d917f5b607d7868f9476cd3dff620146cd0723afeb8fb7eda5f0ade8d2,0xd0b22ccad82a369674b4b72fead2cd60f67216cd60c2fbab4076dcc45d63e988,10.978,10.978,0.0,10.978,2026-05-21T05:56:15.205031Z,2026-05-21T06:56:15.205031Z,2026-05-21,0x57bdda51774313bdb9c63336ebb6a51de4fddf593c7e828f3096e74b732f5b2f
research_20260521_1000-0705,user-001,0x21bc2b13e8c7a3f2e8f983353d4a5ca632bec38ef8ba032a78b6495d9e3cb5e2,0xba6b8b4e7fa8e08bb3fadf56b10c823dad71545f6908feeb3aa3e1ddb6b4b499,3.6,5.329,1.729,3.6,2026-05-21T23:46:42.324999Z,2026-05-22T00:26:42.324999Z,2026-05-21,0x57bdda51774313bdb9c63336ebb6a51de4fddf593c7e828f3096e74b732f5b2f
research_20260521_1000-0706,user-004,0x7e7f611565d1e496ff559d84d2e106f5bbae6be1176e833b8de7d170dab9154b,0xbab5e239ec79a52b0865a2df5ffc5561cb560526960ff2a906e197526cd86692,2.489,2.489,0.0,2.489,2026-05-21T16:34:47.184160Z,2026-05-21T16:54:47.184160Z,2026-05-21,0x57bdda51774313bdb9c63336ebb6a51de4fddf593c7e828f3096e74b732f5b2f
research_20260521_1000-0707,user-004,0x3cd3fa4bd37c364e6e0b3638ede5902dd7369cae008685024b59256a354b7a09,0x16d243b647ce263f5c80290de197e5eed93c2f31f2e213b994c748e186b8c50f,2.008,3.786,1.778,2.008,2026-05-21T08:11:14.367451Z,2026-05-21T08:41:14.367451Z,2026-05-21,0x57bdda51774313bdb9c63336ebb6a51de4fddf593c7e828f3096e74b732f5b2f
research_20260521_1000-0708,user-004,0x96befa269fb8db422ce668e28667e9b80e245c51c0c57b7263e16874ad0ee669,0x1461c8dc5da22b75c56db5c4940e66695a3020aeacc6eadbf8c12c7592bd577a,-11.148,0.0,11.148,-11.148,2026-05-21T14:51:12.008783Z,2026-05-21T15:51:12.008783Z,2026-05-21,0x57bdda51774313bdb9c63336ebb6a51de4fddf593c7e828f3096e74b732f5b2f
research_20260521_1000-0709,user-004,0xd5714f48239dcb0e6ca1584a9f674da6923561f377d82215c7954ffa3e7bb366,0xae9b1cc78938455b2d20787102ee5dfc64fe07233a5d62f1c4bc0f0a080e3931,13.806,13.806,0.0,13.806,2026-05-21T00:20:22.858242Z,2026-05-21T01:35:22.858242Z,2026-05-21,0x57bdda51774313bdb9c63336ebb6a51de4fddf593c7e828f3096e74b732f5b2f
research_20260521_1000-0710,user-006,0x0b02564ffa87c1520678d60ed2cfb9cfb8e99065c6cc378a8be65a5913ad4bd1,0xa5b982482423687d574bcfd228254c0f22afea9a61984ada75c5acc61a8879f6,3.531,3.531,0.0,3.531,2026-05-21T22:53:40.075889Z,2026-05-21T23:23:40.075889Z,2026-05-21,0x57bdda51774313bdb9c63336ebb6a51de4fddf593c7e828f3096e74b732f5b2f
research_20260521_1000-0711,user-007,0x4c3109228f09d57647829ce084497e21b4093f0207c1b816f35dd9ccba44d8fe,0x16b95f6cc53456b1b9c973f997afe086bcd75fd27bf8d49ff8289186ac8c2127,0.946,4.022,3.076,0.946,2026-05-21T04:13:31.139115Z,2026-05-21T05:13:31.139115Z,2026-05-21,0x57bdda51774313bdb9c63336ebb6a51de4fddf593c7e828f3096e74b732f5b2f
research_20260521_1000-0712,user-001,0xef997be2114d4090b73cefc2693d5d15594f80b7e167091ed323526256ec939f,0x3116c416d0706e779d771072e1c60e862f74a544ac9c2f4b94bd08f023898568,1.945,3.8,1.855,1.945,2026-05-21T06:20:40.247465Z,2026-05-21T06:50:40.247465Z,2026-05-21,0x57bdda51774313bdb9c63336ebb6a51de4fddf593c7e828f3096e74b732f5b2f
research_20260521_1000-0713,user-009,0x967a850a31271b453b8b44774335be0b86bdefe5080711d5e3dc38c8a5f97be2,0x25fa183dd0344d61683e027387d4d5a55376bb241dc390ee336138ea98758f6f,-2.058,13.108,15.166,-2.058,2026-05-21T13:24:48.072252Z,2026-05-21T14:39:48.072252Z,2026-05-21,0x57bdda51774313bdb9c63336ebb6a51de4fddf593c7e828f3096e74b732f5b2f
research_20260521_1000-0714,user-007,0x05328ead467fa1da9ac1725ddff3a6d13a8271ac93d068d46923329d34b45749,0xa83f99e6131433eb0a530d7d171c4184b14b7c32cc511540ec82067f7b40fa0d,2.957,5.823,2.866,2.957,2026-05-21T17:12:29.299136Z,2026-05-21T18:27:29.299136Z,2026-05-21,0x57bdda51774313bdb9c63336ebb6a51de4fddf593c7e828f3096e74b732f5b2f
research_20260521_1000-0715,user-003,0x9c31e5e9d5735b23c9835415ad75184c2e08821d950a33bfc1421ee43514aa97,0x2bdebcfb4240f07f8126009b34ee9a3d42d9a43b1b21abf4154a310596b22cf9,0.093,1.123,1.03,0.093,2026-05-21T23:38:22.602476Z,2026-05-21T23:58:22.602476Z,2026-05-21,0x57bdda51774313bdb9c63336ebb6a51de4fddf593c7e828f3096e74b732f5b2f
research_20260521_1000-0716,user-008,0x61cf81eaf01ac944f13772a4cc301fdf3c3cbe5e0fb18e2e7cfe26a63370eb4f,0xb1802c80ca3f7abc090d226a41eed11cd4b00259a878877efc304236fa651a91,4.75,9.141,4.391,4.75,2026-05-21T09:04:18.594763Z,2026-05-21T10:19:18.594763Z,2026-05-21,0x57bdda51774313bdb9c63336ebb6a51de4fddf593c7e828f3096e74b732f5b2f
research_20260521_1000-0717,user-008,0xbf36b7f81be984577b5b88046af8bac38ab9bde57900fd854a30fb1e76409e7d,0xb203eac0d4b00abe92845217814e0bfa9fc0c7391196a2e3d4eef2f6ec892f17,7.419,7.419,0.0,7.419,2026-05-21T04:03:41.264734Z,2026-05-21T04:23:41.264734Z,2026-05-21,0x57bdda51774313bdb9c63336ebb6a51de4fddf593c7e828f3096e74b732f5b2f
research_20260521_1000-0718,user-003,0xa8be220592b4ba28244507579ab23e050234b6091deec9e154e41ef38626a2ba,0xb3748be472a3192c6b1b09c35aabb33a81d31238e2cb359985082ea898918ecb,4.16,6.566,2.406,4.16,2026-05-21T14:26:30.980231Z,2026-05-21T15:41:30.980231Z,2026-05-21,0x57bdda51774313bdb9c63336ebb6a51de4fddf593c7e828f3096e74b732f5b2f
research_20260521_1000-0719,user-003,0x779df29660064bebe02de2aac69445048df4a8a1c878464999637a54b7689652,0x47cfceece889560ef471ca709bd043964b0e092a26e232ad87eeb3f7f44986b0,14.196,14.196,0.0,14.196,2026-05-21T11:00:13.016633Z,2026-05-21T12:15:13.016633Z,2026-05-21,0x57bdda51774313bdb9c63336ebb6a51de4fddf593c7e828f3096e74b732f5b2f
research_20260521_1000-0720,user-001,0x893d825254768f8facbfcb6c86957f964ba0bffad1e5eecc353a691e227ed154,0x5ab2a2f34747988b55aaa78d14f3fc25e7a960d827dfe6d53a1aa5f38882cedf,3.956,3.956,0.0,3.956,2026-05-21T05:51:33.349493Z,2026-05-21T06:21:33.349493Z,2026-05-21,0x57bdda51774313bdb9c63336ebb6a51de4fddf593c7e828f3096e74b732f5b2f
research_20260521_1000-0721,user-006,0x530ab2494be62f2c427a045215329ca099f64a510c5710c1be51af13456c5124,0xf8caedfc4847246f506ff060189280ffa5bf9f0dc81449b296aafad61fedac65,4.899,4.899,0.0,4.899,2026-05-21T22:17:26.066463Z,2026-05-21T22:57:26.066463Z,2026-05-21,0x57bdda51774313bdb9c63336ebb6a51de4fddf593c7e828f3096e74b732f5b2f
research_20260521_1000-0722,user-010,0xe3aa16e41781d886b0af5a60edf6f47863ab02b77e992a62e120cfa9774f3207,0xb3b79f1b820e1c342cd9a6286733785f16f92d4b81d54c0a7c09744dfe9b0bd9,11.305,11.305,0.0,11.305,2026-05-21T12:40:36.153682Z,2026-05-21T13:40:36.153682Z,2026-05-21,0x57bdda51774313bdb9c63336ebb6a51de4fddf593c7e828f3096e74b732f5b2f
research_20260521_1000-0723,user-008,0x1c61ab9c18923fe21e8a60be3c4d575a09e578dc8d9e1d8e2633cd5a73e982c2,0x2b05d46bfe3bc39dbe6eb0038e859d026d88770fc8b8a3f7c1acedcce9bce9f4,0.182,5.773,5.591,0.182,2026-05-21T05:46:49.096354Z,2026-05-21T06:16:49.096354Z,2026-05-21,0x57bdda51774313bdb9c63336ebb6a51de4fddf593c7e828f3096e74b732f5b2f
research_20260521_1000-0724,user-005,0x6585adc926778e6c865979565994b4914b0e5750a40c33fc902fd09f717b8a51,0xd82d9fd2069596d28eac36275649f810d6c582e37afe797305e353443140e06b,7.52,7.52,0.0,7.52,2026-05-21T03:46:03.120009Z,2026-05-21T04:26:03.120009Z,2026-05-21,0x57bdda51774313bdb9c63336ebb6a51de4fddf593c7e828f3096e74b732f5b2f
research_20260521_1000-0725,user-002,0x2a5340b7d0a2de07d5be0ec3985d42b946c00a1dad46a7745161c8d0f4b1a47c,0xf7c25f455af5c952961b4983b618449bc3abd6bc6cdc06d913ca1d94fd1a5a16,21.9,21.9,0.0,21.9,2026-05-21T00:02:53.060716Z,2026-05-21T01:02:53.060716Z,2026-05-21,0x57bdda51774313bdb9c63336ebb6a51de4fddf593c7e828f3096e74b732f5b2f
research_20260521_1000-0726,user-007,0x191e6653cd1e32d4972c76268fc2379ce3078b4db951cf03148270fa1438d03b,0xaa055d33fcfc5932a5e97b8727986a2b04f3b161e48f8cec86ce618db2faff88,3.607,3.607,0.0,3.607,2026-05-21T04:24:59.502157Z,2026-05-21T04:44:59.502157Z,2026-05-21,0x57bdda51774313bdb9c63336ebb6a51de4fddf593c7e828f3096e74b732f5b2f
research_20260521_1000-0727,user-007,0xa1f87d26bd55cbfe56bceda74ed378c3646af9e14a2176af8c004d4856a6e638,0x4bb38fc83b0747fc0a6bf7be01d83182bdb0ec04a513ed9f8563d87edae51291,2.754,2.754,0.0,2.754,2026-05-21T07:55:32.493212Z,2026-05-21T08:15:32.493212Z,2026-05-21,0x57bdda51774313bdb9c63336ebb6a51de4fddf593c7e828f3096e74b732f5b2f
research_20260521_1000-0728,user-005,0xe09b0a51de95e935b0ba355df173ebb67d2ba2817d570bfcc9730f392873dcde,0x0bcf643b233a2aa0f5914de664d8440208ab231d6d044266a9b58ead768891f5,7.585,7.585,0.0,7.585,2026-05-21T15:22:37.916224Z,2026-05-21T16:02:37.916224Z,2026-05-21,0x57bdda51774313bdb9c63336ebb6a51de4fddf593c7e828f3096e74b732f5b2f
research_20260521_1000-0729,user-007,0x63d99f8db69a9bc7ddc4e4106beaf7009107893625c1e60102fc7a31a10cd4cc,0x5ef2646df0f6fa33ce2e7df1efb02245acd34135e153c95438a42f258606e07d,5.556,5.556,0.0,5.556,2026-05-21T05:54:13.225069Z,2026-05-21T06:24:13.225069Z,2026-05-21,0x57bdda51774313bdb9c63336ebb6a51de4fddf593c7e828f3096e74b732f5b2f
research_20260521_1000-0730,user-007,0x626aa84f870c468f236d761627980535258febeb60566ba7d48e9819b6ba1155,0xe52759b5c0af927eee9e672d1bc60ef8e2b22d115c143175c44f6653e4890457,7.301,15.115,7.814,7.301,2026-05-21T16:28:23.336592Z,2026-05-21T17:28:23.336592Z,2026-05-21,0x57bdda51774313bdb9c63336ebb6a51de4fddf593c7e828f3096e74b732f5b2f
research_20260521_1000-0731,user-003,0x451a1c14e909a9f12f4708d0da6fd564d4143032fcf13e224d01c87475c938ef,0x5df5d591eb25480eaba0b265b00813f6ea05a8a0e84f16791a188a37606bd017,0.035,1.259,1.224,0.035,2026-05-21T14:25:55.285523Z,2026-05-21T14:45:55.285523Z,2026-05-21,0x57bdda51774313bdb9c63336ebb6a51de4fddf593c7e828f3096e74b732f5b2f
research_20260521_1000-0732,user-005,0xe2914f79eaff3439c9668099e8f5dc89dd471fcb4b33979aa12ec3016a9faee2,0x0056b4a1bedef9d813f55e7546af76fe37aaf57aea810c98e08d3533f09a2a56,3.481,3.481,0.0,3.481,2026-05-21T09:15:40.509515Z,2026-05-21T09:35:40.509515Z,2026-05-21,0x57bdda51774313bdb9c63336ebb6a51de4fddf593c7e828f3096e74b732f5b2f
research_20260521_1000-0733,user-004,0x20feb973c86a31bbb03001f25f79bada91bf5c018a8f134ae9f788a7662f1edc,0xebc3b4c1b6a8192877d0e64bb6fb4a9db79244888c72c7e09fdb08b898e5c943,5.29,5.29,0.0,5.29,2026-05-21T18:05:41.609811Z,2026-05-21T18:35:41.609811Z,2026-05-21,0x57bdda51774313bdb9c63336ebb6a51de4fddf593c7e828f3096e74b732f5b2f
research_20260521_1000-0734,user-004,0x87897713ce1c3ad71cae98ee9c84224ac91ae785d13c282df4accc3e395c5804,0xbb1405b97d68bd4a1c8bbaa3f427843ad041404b2863c9c14f6c1848c4f79346,-27.233,0.0,27.233,-27.233,2026-05-21T14:05:15.243925Z,2026-05-21T15:20:15.243925Z,2026-05-21,0x57bdda51774313bdb9c63336ebb6a51de4fddf593c7e828f3096e74b732f5b2f
research_20260521_1000-0735,user-003,0xc22d02cbb730287b121cd83a6f2d49406fd8804bbc79abb27f2999e0b9acafa1,0xaa54bce1a6571fee60f8178d89d654657c2e30cedc6b1f14072ca3c849d04d0a,26.536,26.536,0.0,26.536,2026-05-21T21:39:51.910270Z,2026-05-21T22:54:51.910270Z,2026-05-21,0x57bdda51774313bdb9c63336ebb6a51de4fddf593c7e828f3096e74b732f5b2f
research_20260521_1000-0736,user-001,0x0f64a6bdc5541f05148aaeabb97c95c426ddd1a5c3daf89674005511bf72c2ef,0xe5f68ab7b7ff35e71640d004596e13a5f5c2ed3819f45b0a3b8f2635f16cff67,2.126,11.938,9.812,2.126,2026-05-21T02:28:59.283090Z,2026-05-21T03:28:59.283090Z,2026-05-21,0x57bdda51774313bdb9c63336ebb6a51de4fddf593c7e828f3096e74b732f5b2f
research_20260521_1000-0737,user-004,0xb4fe8d3db745ac7045f12b443891269d23bc27781beafdd97535e44e039da55b,0xb9c61d79deaecfafe1f95e6238f8423f73780e1f5ddc62f3a617750b13f02b8f,3.588,8.964,5.376,3.588,2026-05-21T10:18:24.323674Z,2026-05-21T11:33:24.323674Z,2026-05-21,0x57bdda51774313bdb9c63336ebb6a51de4fddf593c7e828f3096e74b732f5b2f
research_20260521_1000-0738,user-007,0x9eb52355f5acd364c16e97eb1a66c19b2122477029ac95c7fd0f8d472826c800,0xcf75960edf0c2d41b89046ca91df6e240e10ffab79eb5592d950edd77420ef52,-11.145,0.0,11.145,-11.145,2026-05-21T10:12:26.150343Z,2026-05-21T11:12:26.150343Z,2026-05-21,0x57bdda51774313bdb9c63336ebb6a51de4fddf593c7e828f3096e74b732f5b2f
research_20260521_1000-0739,user-009,0xade8b522c19aa0d0d9d3caf3bb767b488bcd1d1a1eec76b42c951ec7f5da11b4,0x5fd505c887af3d8ea74b43a3f94d664a2797dafed88ba085db8c7b8452664f5a,9.456,9.456,0.0,9.456,2026-05-21T17:47:48.859793Z,2026-05-21T19:02:48.859793Z,2026-05-21,0x57bdda51774313bdb9c63336ebb6a51de4fddf593c7e828f3096e74b732f5b2f
research_20260521_1000-0740,user-002,0x42bab1af8735254d5206e95f14bdd565bc11e76b42a5dab4ab0bfd77ff0424e7,0xd6afab89b8733453ac6e6b1ba5371df62544496dae59aecfe095b1a1014c2730,-10.832,0.0,10.832,-10.832,2026-05-21T03:03:10.810994Z,2026-05-21T03:33:10.810994Z,2026-05-21,0x57bdda51774313bdb9c63336ebb6a51de4fddf593c7e828f3096e74b732f5b2f
research_20260521_1000-0741,user-009,0x035c5adeb4f0168dd84cd4553b25a7a3a811c9fcc7a8d0ec12aac1d93d52e8f5,0xe6dc03c19ebf6347bb42a077e1267689ae54dfe333d9c540e534f1b2e3871f64,3.785,3.785,0.0,3.785,2026-05-21T02:39:56.621960Z,2026-05-21T02:59:56.621960Z,2026-05-21,0x57bdda51774313bdb9c63336ebb6a51de4fddf593c7e828f3096e74b732f5b2f
research_20260521_1000-0742,user-010,0x9b3ead08c850168e009215d01e8cb42ccb892ba9942bf86a9a2c5934e4a76aab,0x1b3b4ab3da37d9af8b61004a4454c6274a6cf6780491ef0280aa7af0a28f3de8,23.025,23.025,0.0,23.025,2026-05-21T01:54:12.074301Z,2026-05-21T02:54:12.074301Z,2026-05-21,0x57bdda51774313bdb9c63336ebb6a51de4fddf593c7e828f3096e74b732f5b2f
research_20260521_1000-0743,user-010,0xdd398d224e218410433b45675820898cffe033994466b5bfc67b73f3c1d8d264,0x635c7b3b5a8032203b7a93802f6146af16f850186c9da4bbbf97dcfc4b527196,9.016,9.016,0.0,9.016,2026-05-21T21:36:45.376022Z,2026-05-21T22:51:45.376022Z,2026-05-21,0x57bdda51774313bdb9c63336ebb6a51de4fddf593c7e828f3096e74b732f5b2f
research_20260521_1000-0744,user-008,0x04386a15cdfc337ccab704b0ec153d76595f8598659c171d8edc123fb9036f1c,0x3230981e69b6f4fc53b10b6982bba029919f9f72faf5e659e496683a6a578bbb,13.92,13.92,0.0,13.92,2026-05-21T00:10:06.372222Z,2026-05-21T00:50:06.372222Z,2026-05-21,0x57bdda51774313bdb9c63336ebb6a51de4fddf593c7e828f3096e74b732f5b2f
research_20260521_1000-0745,user-005,0x462b9de901b40a619139dffd18ec91d2c885b7ed11d1a8fa89b71714503a701c,0x6040f3f72331a957406f8d110fa3dcf40d3d53309ec8288ea07c9a01e188c01f,0.011,7.21,7.199,0.011,2026-05-21T14:44:44.519828Z,2026-05-21T15:24:44.519828Z,2026-05-21,0x57bdda51774313bdb9c63336ebb6a51de4fddf593c7e828f3096e74b732f5b2f
research_20260521_1000-0746,user-010,0xf88c6911398bbd2ff8e2e7bddb28e2e6125773184027a05a9912602c638f2c89,0x10cf04b974112fde2bf0042875b26773af198f408fcaefd21df0633d76703a5c,7.566,7.566,0.0,7.566,2026-05-21T23:36:32.789897Z,2026-05-22T00:36:32.789897Z,2026-05-21,0x57bdda51774313bdb9c63336ebb6a51de4fddf593c7e828f3096e74b732f5b2f
research_20260521_1000-0747,user-007,0x45ab7365f570f21658452a5182d06905aeed9df3934dcaa4c9dd65171e063ca4,0x1d96548ceeab27a2a13992d1254f506001afbb67f01e7f2d436d6bb09bd049d6,4.628,4.628,0.0,4.628,2026-05-21T07:39:13.809862Z,2026-05-21T08:19:13.809862Z,2026-05-21,0x57bdda51774313bdb9c63336ebb6a51de4fddf593c7e828f3096e74b732f5b2f
research_20260521_1000-0748,user-007,0xcc12651310d4eda924336ee3bc3b409341ddc7430b51bbc1c36f6cc3d073214d,0x3063319c6cec0ce5731fc4b4f14405b1975e52180a5387b60115de26c95e858e,7.615,7.615,0.0,7.615,2026-05-21T22:58:48.536220Z,2026-05-21T23:58:48.536220Z,2026-05-21,0x57bdda51774313bdb9c63336ebb6a51de4fddf593c7e828f3096e74b732f5b2f
research_20260521_1000-0749,user-005,0x8f7cd2f13579678a77fccedcc05d39c5d143bcf154293a16b12cc505d52ea546,0xd6184e9b0f6c0a56e63f3aa80024d33636f1af2293af4c2b2b4636c51cb314cb,3.544,3.544,0.0,3.544,2026-05-21T21:22:46.286684Z,2026-05-21T21:42:46.286684Z,2026-05-21,0x57bdda51774313bdb9c63336ebb6a51de4fddf593c7e828f3096e74b732f5b2f
research_20260521_1000-0750,user-008,0xfecac3095aad5ddd9aee83539087f8cb1c6ef182c3e80ce8a477d3d37778476e,0xdfc19cc4e05c7b2978a69f1e9a2cd93b5aeb4c2355fffa7665e15ca6675538c9,3.636,3.636,0.0,3.636,2026-05-21T21:21:32.687502Z,2026-05-21T21:51:32.687502Z,2026-05-21,0x57bdda51774313bdb9c63336ebb6a51de4fddf593c7e828f3096e74b732f5b2f
research_20260521_1000-0751,user-009,0xd317114e0f8e251053f7e704c9dd659a2e25c25961a8c308d7de7666595eca9c,0xdc5a6e97b67589f89a7660c2947c7d14dfac427432e08b47b43ce8d1c211b410,3.735,3.735,0.0,3.735,2026-05-21T05:34:49.328344Z,2026-05-21T06:04:49.328344Z,2026-05-21,0x57bdda51774313bdb9c63336ebb6a51de4fddf593c7e828f3096e74b732f5b2f
research_20260521_1000-0752,user-007,0xa134d6a9c579b7235ea928f91702288e6fcd987d10f18355b3c3e53f5acd32e5,0x5b443318d108debe750187ecb748a2bbd4aabefda2b897376610605f6acad46a,7.173,11.023,3.85,7.173,2026-05-21T14:51:45.032717Z,2026-05-21T15:31:45.032717Z,2026-05-21,0x57bdda51774313bdb9c63336ebb6a51de4fddf593c7e828f3096e74b732f5b2f
research_20260521_1000-0753,user-002,0x7fab994386135735cf23ae06254e69dd81ee6b6485c0f19948c809e9cd818dfe,0xd423911dd2eb648f7a15e46f01eaa8add368890bfe53324b60a5e32b51991b56,21.778,21.778,0.0,21.778,2026-05-21T07:32:56.491614Z,2026-05-21T08:32:56.491614Z,2026-05-21,0x57bdda51774313bdb9c63336ebb6a51de4fddf593c7e828f3096e74b732f5b2f
research_20260521_1000-0754,user-009,0x64804e098afd280c13ad16d1bd622a0b03f01f15df71626f4636b8c263086535,0xa80eba7285f780c6a63723474cbfbced05652d5bd7a352f9b53a1645c0aa4768,21.57,21.57,0.0,21.57,2026-05-21T22:12:32.965309Z,2026-05-21T23:12:32.965309Z,2026-05-21,0x57bdda51774313bdb9c63336ebb6a51de4fddf593c7e828f3096e74b732f5b2f
research_20260521_1000-0755,user-003,0xba690a7d09eaa4c76d5aa0e0750318d696e7a8bb4c4881cc02c8433bc13aac44,0x2dca6eba5cf6c4929787649218e48f6707b57773869546906f65c10f4f0b1d4e,10.705,10.705,0.0,10.705,2026-05-21T00:52:13.370912Z,2026-05-21T01:52:13.370912Z,2026-05-21,0x57bdda51774313bdb9c63336ebb6a51de4fddf593c7e828f3096e74b732f5b2f
research_20260521_1000-0756,user-008,0x59cc7fc335300e4492b04c960988fa43bfcad0b135e7776828a068da82284476,0xa894334dcb6a1dc4074234d3efb1ed97ba3d70cb4e5037775bb25cf819664c3e,-11.37,0.0,11.37,-11.37,2026-05-21T13:19:47.654445Z,2026-05-21T14:19:47.654445Z,2026-05-21,0x57bdda51774313bdb9c63336ebb6a51de4fddf593c7e828f3096e74b732f5b2f
research_20260521_1000-0757,user-005,0x07ed0525d12bf0b8accaf0f363b92b2fa9f363ed1614763c5554d982d1332e49,0x658218dfe17c58703d2cd21ef2a656ce7e1a96e1cb6c1fd8eb9e9739e4a5f085,-0.264,2.617,2.881,-0.264,2026-05-21T18:51:32.417812Z,2026-05-21T19:21:32.417812Z,2026-05-21,0x57bdda51774313bdb9c63336ebb6a51de4fddf593c7e828f3096e74b732f5b2f
research_20260521_1000-0758,user-009,0x62fb776b5467f635f3f9889f7c38767bba6e33c6b8ca8a27c0e634b495a2231e,0xeb0f6fae3560621af3e0cc187595c74bd09d5ac891cad47db748657b991b6dee,7.178,7.178,0.0,7.178,2026-05-21T13:37:13.878034Z,2026-05-21T14:37:13.878034Z,2026-05-21,0x57bdda51774313bdb9c63336ebb6a51de4fddf593c7e828f3096e74b732f5b2f
research_20260521_1000-0759,user-010,0x577e4e9fbc72f89657eb33be4dd3cc66497d3360cc0a7125d25b929307282476,0xa6358c2be66c67f827a9c931239291da10bf8b815cc57389e53615341357f770,29.122,29.122,0.0,29.122,2026-05-21T01:35:27.053213Z,2026-05-21T02:50:27.053213Z,2026-05-21,0x57bdda51774313bdb9c63336ebb6a51de4fddf593c7e828f3096e74b732f5b2f
research_20260521_1000-0760,user-008,0x6843625641768fa00c690303148a682fffcfd378c61f790e50bccdbf18989776,0x6cc24ce0c5b983b0df71fc43b2c9a3cb6ca57d2c1aa03a17caa5a0a05a0493f7,-5.753,0.0,5.753,-5.753,2026-05-21T12:34:52.454492Z,2026-05-21T13:04:52.454492Z,2026-05-21,0x57bdda51774313bdb9c63336ebb6a51de4fddf593c7e828f3096e74b732f5b2f
research_20260521_1000-0761,user-008,0xe0eb30979da8591d4ffc787e5eec7909962194091419ed4e42412f8f9d6c9597,0x378e4aaa9d25ce91f12476781a71c479393a3b964129e6560cde749d35f3da25,15.082,15.082,0.0,15.082,2026-05-21T07:11:11.870137Z,2026-05-21T07:51:11.870137Z,2026-05-21,0x57bdda51774313bdb9c63336ebb6a51de4fddf593c7e828f3096e74b732f5b2f
research_20260521_1000-0762,user-006,0x783a98678b7f9aefc3166f5cda5b32d089444f758153a8fc816a951a87619216,0x84b29ef8d2c48bf104e900a02a4e883f429e5581bf30b7b3f6c3ff673123c421,23.556,25.505,1.949,23.556,2026-05-21T01:38:26.595557Z,2026-05-21T02:53:26.595557Z,2026-05-21,0x57bdda51774313bdb9c63336ebb6a51de4fddf593c7e828f3096e74b732f5b2f
research_20260521_1000-0763,user-008,0x4b812d6900fe08bb8193e30ceede01198410771c9c2b0335c7cf0868ab106cb8,0x5edc5f7867e1f1448882aa698182286bea6bc46b27cc987a819fc1b8ee8c0d6f,13.743,13.743,0.0,13.743,2026-05-21T23:36:01.441798Z,2026-05-22T00:51:01.441798Z,2026-05-21,0x57bdda51774313bdb9c63336ebb6a51de4fddf593c7e828f3096e74b732f5b2f
research_20260521_1000-0764,user-006,0x4d19e6e739955ad792866a5e0e2540aadbf1f563e448a2e1505919e9f0447e22,0x5176875a546a8447ec290dc2fab31d4309e3b1bf74e94001f8590fb0088b5ed1,-0.049,5.348,5.397,-0.049,2026-05-21T10:45:09.916586Z,2026-05-21T11:15:09.916586Z,2026-05-21,0x57bdda51774313bdb9c63336ebb6a51de4fddf593c7e828f3096e74b732f5b2f
research_20260521_1000-0765,user-007,0x203b47b3d7f9b84928c8ca48923ad3cfa0523dd98bbaee2fc0a05d81898386df,0x26bd42e457e4d6e189082dcfb30876bef5a7492d5c834b1168af4daf523d200c,4.834,4.834,0.0,4.834,2026-05-21T14:12:38.348811Z,2026-05-21T14:52:38.348811Z,2026-05-21,0x57bdda51774313bdb9c63336ebb6a51de4fddf593c7e828f3096e74b732f5b2f
research_20260521_1000-0766,user-001,0x303edf2cc458be644aa5ff8cf408546d94e2ef730027512fd0f6062bcc0ee4b5,0x66f794ab5c73fa460a5dc69db71de12f233b3cfc237defe5f8068c5532dedb92,-0.246,1.104,1.35,-0.246,2026-05-21T04:31:30.760878Z,2026-05-21T04:51:30.760878Z,2026-05-21,0x57bdda51774313bdb9c63336ebb6a51de4fddf593c7e828f3096e74b732f5b2f
research_20260521_1000-0767,user-006,0xaa86986d1497247f2972869adbaa72d2dd226904afa09836d7e708b3c659e13d,0x91a592e563e6a3fe94cf1cb8872d792ee5479f6cb78240fb4c354a498a4121f6,-0.755,4.296,5.051,-0.755,2026-05-21T03:05:58.210947Z,2026-05-21T04:20:58.210947Z,2026-05-21,0x57bdda51774313bdb9c63336ebb6a51de4fddf593c7e828f3096e74b732f5b2f
research_20260521_1000-0768,user-008,0x41fee7f266c6422df3a5d8019882338f2ca9b1a1e7eca40e68b6fe954564c540,0x9384eff37bce64a5fa278838988c2416b5590499dc4523b9db745f1034dc6953,0.098,2.837,2.739,0.098,2026-05-21T09:27:08.443898Z,2026-05-21T09:57:08.443898Z,2026-05-21,0x57bdda51774313bdb9c63336ebb6a51de4fddf593c7e828f3096e74b732f5b2f
research_20260521_1000-0769,user-004,0x067b351b9cf2608e4f8a559762bbafe6d8e69ef2bcbbb410725e652e2531a4d1,0x64dbc162b4e1edddca497f654b30e4efe90ef5539f208bd38af62cd1fb50b433,-0.075,1.205,1.28,-0.075,2026-05-21T07:11:02.849456Z,2026-05-21T07:31:02.849456Z,2026-05-21,0x57bdda51774313bdb9c63336ebb6a51de4fddf593c7e828f3096e74b732f5b2f
research_20260521_1000-0770,user-005,0x7e96f4f77d8a84583c4ae6fee8b41b66c0fca144fb174d0ea60db784b68fe08f,0xc20d3580d7334b7b6278e0245af8cd0fc0c5081d090a27c176fab4f7bd37f36f,-0.286,5.497,5.783,-0.286,2026-05-21T04:11:45.915506Z,2026-05-21T04:41:45.915506Z,2026-05-21,0x57bdda51774313bdb9c63336ebb6a51de4fddf593c7e828f3096e74b732f5b2f
research_20260521_1000-0771,user-008,0x05acd985ad5fd86ed804164e20f1e8609400607fb75a04d8b4ddb0f08069c26a,0x02a1332e716d5703d276bde4b2ab50c80acb045eedf2591fa0bddd9bfdb36b9b,3.622,3.622,0.0,3.622,2026-05-21T23:41:43.291254Z,2026-05-22T00:01:43.291254Z,2026-05-21,0x57bdda51774313bdb9c63336ebb6a51de4fddf593c7e828f3096e74b732f5b2f
research_20260521_1000-0772,user-006,0xc4c6b2a06c92c1d97b349ab450118ffbd80fcc0276521811eff296b4cbd89c14,0xd184f9d4d94dda3cfcfe7841311f017d599d46271fa6cc1f3980c79ec3f07ba1,10.832,10.832,0.0,10.832,2026-05-21T13:09:52.007445Z,2026-05-21T14:09:52.007445Z,2026-05-21,0x57bdda51774313bdb9c63336ebb6a51de4fddf593c7e828f3096e74b732f5b2f
research_20260521_1000-0773,user-003,0xa6cd327ab2183f160cbc35849000a17b9da0d55c1c67c29ae0d1e09f1bc469b6,0xd37d0bac106e8471f2f90adadf5ea5bfca0545030b997743a92db72696b37a40,10.895,10.895,0.0,10.895,2026-05-21T20:34:24.038269Z,2026-05-21T21:34:24.038269Z,2026-05-21,0x57bdda51774313bdb9c63336ebb6a51de4fddf593c7e828f3096e74b732f5b2f
research_20260521_1000-0774,user-006,0xe3c7eb9241e8242a47894dd34d4b2ed653962e27e01443eef831b83b8380fdf8,0xf3e63fed4ea3ef10e92605779e8086cfd975d27f6337f8c6822d17378012888b,1.805,6.414,4.609,1.805,2026-05-21T19:14:13.839755Z,2026-05-21T20:14:13.839755Z,2026-05-21,0x57bdda51774313bdb9c63336ebb6a51de4fddf593c7e828f3096e74b732f5b2f
research_20260521_1000-0775,user-008,0x21cf9784e5df2f031c5c070eaae21fdce94c75fd81c285aba166e94113094daa,0x67c064a30e1dd753e7824a6e5c1cdf5bb18817f379f4110b6ebda5402e1592ef,5.374,8.013,2.639,5.374,2026-05-21T04:41:47.055205Z,2026-05-21T05:41:47.055205Z,2026-05-21,0x57bdda51774313bdb9c63336ebb6a51de4fddf593c7e828f3096e74b732f5b2f
research_20260521_1000-0776,user-004,0x0d37e0ef8b2b1c0f292e44904080d49e313bfe71f98b78ce094eba9002d97d9b,0x8e34cb43fecbd60b1261b59be3a58d93bf09543e8a3f3b4b99f577cc51fce30b,5.588,5.588,0.0,5.588,2026-05-21T01:18:48.568787Z,2026-05-21T01:48:48.568787Z,2026-05-21,0x57bdda51774313bdb9c63336ebb6a51de4fddf593c7e828f3096e74b732f5b2f
research_20260521_1000-0777,user-010,0xff2d6a04dbd3e68342a10957e95f12680223ab65afe30edea92bc467d7c86b18,0x266c1ea6d6c57dc617d3c6232359149d31da4de6c15f4cd1de5c199a60095239,11.119,11.119,0.0,11.119,2026-05-21T00:40:33.877015Z,2026-05-21T01:10:33.877015Z,2026-05-21,0x57bdda51774313bdb9c63336ebb6a51de4fddf593c7e828f3096e74b732f5b2f
research_20260521_1000-0778,user-006,0x480bdc1485ed492cd919d65f3aa76e79cde1c104a454c65087c0a10a258142b7,0x46b24a4e7e0f9319a5269ea87e6f6e23d8cefeffb858d40e96ee00dc4c12715f,11.04,11.04,0.0,11.04,2026-05-21T22:01:55.017445Z,2026-05-21T23:01:55.017445Z,2026-05-21,0x57bdda51774313bdb9c63336ebb6a51de4fddf593c7e828f3096e74b732f5b2f
research_20260521_1000-0779,user-009,0xb66b3f75ffe18ced0bd85b74d39b6984c5f7ef8450f08165866956d56e0a2009,0xad114408224c25378ed02dc8c6309370ba150e85314ccef9e8bd1dcb8a068262,7.985,7.985,0.0,7.985,2026-05-21T20:28:35.215026Z,2026-05-21T21:08:35.215026Z,2026-05-21,0x57bdda51774313bdb9c63336ebb6a51de4fddf593c7e828f3096e74b732f5b2f
research_20260521_1000-0780,user-009,0x53ebb4404444fde89d09c4546d951e79214ac03732c151fca24c7d7afc2ba955,0xee9af311eac47daa62c38caaa12cbe84ad48d70055bdbdb5c7412a36e61fd15d,10.827,10.827,0.0,10.827,2026-05-21T17:12:15.779283Z,2026-05-21T18:12:15.779283Z,2026-05-21,0x57bdda51774313bdb9c63336ebb6a51de4fddf593c7e828f3096e74b732f5b2f
research_20260521_1000-0781,user-002,0x2164f446f1b8ab3e326742c94a9f734041372de7bcda66c8a693b72a9f6502d1,0xc6fae9deea3d4e6b8a9ec9b862a1b986242cbb5891b3c8fc17e7f8cb7d689a9b,1.965,6.609,4.644,1.965,2026-05-21T01:29:51.582566Z,2026-05-21T02:29:51.582566Z,2026-05-21,0x57bdda51774313bdb9c63336ebb6a51de4fddf593c7e828f3096e74b732f5b2f
research_20260521_1000-0782,user-001,0xe2a56540a71744d16f503ba0a232f6a88a54f363462eb1638a66d8ba90688cdd,0xbad05664ffb09ca3710ae29beb04cb3c7655625592956adfdd84805dc91e0c6a,14.273,14.273,0.0,14.273,2026-05-21T08:32:11.147551Z,2026-05-21T09:12:11.147551Z,2026-05-21,0x57bdda51774313bdb9c63336ebb6a51de4fddf593c7e828f3096e74b732f5b2f
research_20260521_1000-0783,user-006,0xece2ef1eb7573f079bbd551490939107ccd74193771fd6016f91bb7fd7f3f84c,0xb47aa68d145c58ece3947810792baba5943b0cfc84d837669b6af7bc7eac86e5,-4.639,0.0,4.639,-4.639,2026-05-21T00:38:51.600880Z,2026-05-21T01:18:51.600880Z,2026-05-21,0x57bdda51774313bdb9c63336ebb6a51de4fddf593c7e828f3096e74b732f5b2f
research_20260521_1000-0784,user-005,0xb8ebe35c8892222f90b205914a5de89b693d3060099582e0d7ff8e359b12d365,0x7c7b2ed3c3e73bb7130549c669f9cf28a1e6e6af75c2e21f21afcd054de95c67,7.847,7.847,0.0,7.847,2026-05-21T18:31:32.972234Z,2026-05-21T18:51:32.972234Z,2026-05-21,0x57bdda51774313bdb9c63336ebb6a51de4fddf593c7e828f3096e74b732f5b2f
research_20260521_1000-0785,user-003,0xf87dda6862db07f1df9e0113bf0798b12c652f2330d7b64a0241fd533acc7ed1,0x5117a4bc36740cea20677e340b3a2f33948dc14201e11c42331208609b1c7d07,-10.723,0.0,10.723,-10.723,2026-05-21T01:04:38.023865Z,2026-05-21T01:34:38.023865Z,2026-05-21,0x57bdda51774313bdb9c63336ebb6a51de4fddf593c7e828f3096e74b732f5b2f
research_20260521_1000-0786,user-001,0x1e1768f410986dc6853149cc21819eb2c0c7ce1778f0b7caed52f982688abf4c,0x0605138432fd6baca0c968eac03fceb704d55cf21af813d7e3fcf387696f6650,0.075,1.273,1.198,0.075,2026-05-21T19:10:49.251644Z,2026-05-21T19:30:49.251644Z,2026-05-21,0x57bdda51774313bdb9c63336ebb6a51de4fddf593c7e828f3096e74b732f5b2f
research_20260521_1000-0787,user-001,0xa410061157e17d13f179605b0431fdf838654413cb45a4d9900c16aebd9a1643,0x551062673e2780e2ff65e1fd49f2d414940914672967af5d7ff6624bb35e8515,2.539,8.171,5.632,2.539,2026-05-21T02:01:06.662732Z,2026-05-21T03:16:06.662732Z,2026-05-21,0x57bdda51774313bdb9c63336ebb6a51de4fddf593c7e828f3096e74b732f5b2f
research_20260521_1000-0788,user-004,0x2c5e357df3c8624f2131492a1fc72d9d60ac60b1b38ad542b73716abc1ebfd4d,0x3199db10425b540813e2d79e20c5636146875bdb09beed31346d75eea19d5c24,26.978,26.978,0.0,26.978,2026-05-21T19:10:47.676327Z,2026-05-21T20:25:47.676327Z,2026-05-21,0x57bdda51774313bdb9c63336ebb6a51de4fddf593c7e828f3096e74b732f5b2f
research_20260521_1000-0789,user-007,0x38bb2de8550fae521b1457ae443e5584faee7b73e31a0ac9fb2eae8cc9afbd74,0xfd821cedc85b258ea079797629be608511db064bde8f9aa51d8b3a8a30aa6a70,5.11,5.11,0.0,5.11,2026-05-21T09:32:23.358594Z,2026-05-21T10:02:23.358594Z,2026-05-21,0x57bdda51774313bdb9c63336ebb6a51de4fddf593c7e828f3096e74b732f5b2f
research_20260521_1000-0790,user-001,0xd71a5839225b8fe5e3e5a84a492704bbfe982f1d0f30156bfc54b25929632057,0x623ffc487c9db4fd188a22349482f372df3a64449717f5d77b09b199d2b1148f,-3.496,0.0,3.496,-3.496,2026-05-21T01:15:37.593393Z,2026-05-21T01:35:37.593393Z,2026-05-21,0x57bdda51774313bdb9c63336ebb6a51de4fddf593c7e828f3096e74b732f5b2f
research_20260521_1000-0791,user-006,0xc3b405d357242384b02b5ee65d9f8eef8f0be6950b45e12cad6303c1a1df0d7b,0xc5bc75f2cf22577b620cdf399300e544324ba93a068e111d804c63c8a5042033,18.968,20.755,1.787,18.968,2026-05-21T22:09:25.003015Z,2026-05-21T23:09:25.003015Z,2026-05-21,0x57bdda51774313bdb9c63336ebb6a51de4fddf593c7e828f3096e74b732f5b2f
research_20260521_1000-0792,user-008,0xea002a1b36bc7609ea3bf31b6f99ca50183a90019baeffd145881c0a6118a9a6,0x0dc306b23f13eca89002ef6746755b7af13843802b05c39f3fa4709aa9a9c3fa,26.86,26.86,0.0,26.86,2026-05-21T03:06:29.989344Z,2026-05-21T04:21:29.989344Z,2026-05-21,0x57bdda51774313bdb9c63336ebb6a51de4fddf593c7e828f3096e74b732f5b2f
research_20260521_1000-0793,user-005,0xbb5e594898bc3f24a0de01700b7308e94ff6fcf626bd6ac51bb9148993d6cdcb,0x8e9bea0b4c295826bff8f969b82bcdcbb782868a3762f05faad70d41beb2891a,1.61,3.676,2.066,1.61,2026-05-21T06:43:49.559676Z,2026-05-21T07:13:49.559676Z,2026-05-21,0x57bdda51774313bdb9c63336ebb6a51de4fddf593c7e828f3096e74b732f5b2f
research_20260521_1000-0794,user-004,0x521726290a099c026eed43ffd64f9355c40c3dbd094c961624cccfffcf774d82,0x6635d5c03d6954422afd0b365d4c7a966aefd0a7b54f783ed3ea29105d768048,-3.481,0.0,3.481,-3.481,2026-05-21T06:48:34.810436Z,2026-05-21T07:08:34.810436Z,2026-05-21,0x57bdda51774313bdb9c63336ebb6a51de4fddf593c7e828f3096e74b732f5b2f
research_20260521_1000-0795,user-009,0x9ee9cd845be7847c5dea49f74a489fc1a84fa449e29e45453242c278eb4e4a9f,0x8d1b5810b3ce439741d77d4bba84c37c545fbbee3eded4d0eb86bce458140b9b,-0.184,3.495,3.679,-0.184,2026-05-21T20:29:11.891850Z,2026-05-21T21:09:11.891850Z,2026-05-21,0x57bdda51774313bdb9c63336ebb6a51de4fddf593c7e828f3096e74b732f5b2f
research_20260521_1000-0796,user-003,0x61e8c69394e93a7df330aceda72a1f3a947d38c6bf62de8796bf472e5a062d74,0x1f4897db9cc34a754d8c0db290ad1a6b303c352cbbbde7b3a8d85bfffabac2bc,13.657,13.657,0.0,13.657,2026-05-21T15:59:45.727850Z,2026-05-21T16:39:45.727850Z,2026-05-21,0x57bdda51774313bdb9c63336ebb6a51de4fddf593c7e828f3096e74b732f5b2f
research_20260521_1000-0797,user-010,0x3a69e9941e2c3a63531208fd13176c65d27a1f522d1969e4bf31cc6d4ae497ad,0x7dbbd24fba9ad7d09196c7fc96358e97449238d4ac75454028bc36f323ad4c12,-10.778,0.0,10.778,-10.778,2026-05-21T20:38:05.359626Z,2026-05-21T21:08:05.359626Z,2026-05-21,0x57bdda51774313bdb9c63336ebb6a51de4fddf593c7e828f3096e74b732f5b2f
research_20260521_1000-0798,user-003,0xa38e62903e3646ac029e46d368c8d0653a2d5fc47832f802f0535024cb5ed5a2,0x34c2d4c27fb68ce5f5b028b4e3c8763ca5056701fd8273e1883affd199940899,1.798,4.568,2.77,1.798,2026-05-21T06:13:48.946793Z,2026-05-21T06:53:48.946793Z,2026-05-21,0x57bdda51774313bdb9c63336ebb6a51de4fddf593c7e828f3096e74b732f5b2f
research_20260521_1000-0799,user-004,0xf5c54c45fedfa2467ad8c9aec13c5a7442a3d6ecf67b6db0376ca1f202bb564b,0xa7ffe316663ccb695ca34e839f05199cc340e01fc702192410106337ffe6ad83,8.974,8.974,0.0,8.974,2026-05-21T06:47:40.157003Z,2026-05-21T08:02:40.157003Z,2026-05-21,0x57bdda51774313bdb9c63336ebb6a51de4fddf593c7e828f3096e74b732f5b2f
research_20260521_1000-0800,user-007,0x63aa7ddf2636a685f62d6f177bd823da914d9570e3a3f1cb34e61300e4ce2297,0x4e89c4d212a3152853e3eabd11f405952d14e904955605f7cfa6e295db24dab6,-12.905,0.0,12.905,-12.905,2026-05-21T23:43:46.885694Z,2026-05-22T00:58:46.885694Z,2026-05-21,0x57bdda51774313bdb9c63336ebb6a51de4fddf593c7e828f3096e74b732f5b2f
research_20260521_1000-0801,user-010,0x1744da0079f5d847e30460dd5a2e64c02c326693b080ec1cfcb0bc576b9a5e26,0xd01e10a7149e5d9e29f75fe48d7c8e696bc98df51e6dafc8bca8b8eea9145152,-7.476,0.0,7.476,-7.476,2026-05-21T02:50:53.071335Z,2026-05-21T03:50:53.071335Z,2026-05-21,0x57bdda51774313bdb9c63336ebb6a51de4fddf593c7e828f3096e74b732f5b2f
research_20260521_1000-0802,user-008,0x5541e57582e6ac8fa8cd7d0bde72d9dacf782d1526200cdad383d68bca06d692,0x175318a17f698aea0befe130891db6fa4f05a4aa17ac487126c88ab7c623600a,4.745,5.981,1.236,4.745,2026-05-21T18:47:09.617406Z,2026-05-21T19:47:09.617406Z,2026-05-21,0x57bdda51774313bdb9c63336ebb6a51de4fddf593c7e828f3096e74b732f5b2f
research_20260521_1000-0803,user-008,0xe28b2fad2938d06d040906c4781ff5b849096a6f8272fbbbe5580ce32575a672,0xed317f498052ab7bce09cee8ddc395f3a0ca6b3975a2717dc9568653cf7aac83,1.31,2.47,1.16,1.31,2026-05-21T16:56:31.149296Z,2026-05-21T17:26:31.149296Z,2026-05-21,0x57bdda51774313bdb9c63336ebb6a51de4fddf593c7e828f3096e74b732f5b2f
research_20260521_1000-0804,user-003,0xc874c1dc1f4836617f8a12e50a7363da6226380387627a6dc7bf8046d8f77fae,0x23e1fa635cc35a125cbbdf5ea52c2fa4d7a55c2092a26f171553b08020b570d5,-0.216,1.654,1.87,-0.216,2026-05-21T05:26:39.225412Z,2026-05-21T05:46:39.225412Z,2026-05-21,0x57bdda51774313bdb9c63336ebb6a51de4fddf593c7e828f3096e74b732f5b2f
research_20260521_1000-0805,user-010,0x3d955f2f1e424199b3554bf688641be264e27815f8cd23b1ebe26f29ac199dbe,0x82c576c30b9b631d92e3d64321744076a9dda743b10fa131eaca075938f3bff4,-10.663,0.0,10.663,-10.663,2026-05-21T10:28:36.606831Z,2026-05-21T11:28:36.606831Z,2026-05-21,0x57bdda51774313bdb9c63336ebb6a51de4fddf593c7e828f3096e74b732f5b2f
research_20260521_1000-0806,user-004,0x736f932a7af0e427aa632dd5b9455adf544602d91a1438f436ef25496b51712d,0xb99e164b93702aeb5c611e34a00d0ee317d2524f31cb841d81cfd1e75ccafbcb,2.388,2.924,0.536,2.388,2026-05-21T02:13:28.356847Z,2026-05-21T02:43:28.356847Z,2026-05-21,0x57bdda51774313bdb9c63336ebb6a51de4fddf593c7e828f3096e74b732f5b2f
research_20260521_1000-0807,user-009,0x8377bea1cebb3d29b4e05fbfe8ad5ef413d7ab5ce9cbf0a482f2fca3755440e8,0x8ff2064d3f1a55f08b3b8c953bb18f5392132b11955c9abbd72e51c7c586e5ae,-3.62,0.0,3.62,-3.62,2026-05-21T23:01:45.102046Z,2026-05-21T23:31:45.102046Z,2026-05-21,0x57bdda51774313bdb9c63336ebb6a51de4fddf593c7e828f3096e74b732f5b2f
research_20260521_1000-0808,user-003,0x59c309da9938bad65762e7789a5f78c03635dd1aaa7c38be3af5d6b3f8e9fb48,0x646e30a9fb0812660b80b404c76006fdb1838b505b0428942d824b0bb147744d,5.585,5.585,0.0,5.585,2026-05-21T16:18:52.677334Z,2026-05-21T16:48:52.677334Z,2026-05-21,0x57bdda51774313bdb9c63336ebb6a51de4fddf593c7e828f3096e74b732f5b2f
research_20260521_1000-0809,user-003,0x1d2fb282d165d2abcad26b643605a96a9e91e5ffaa1b13f3e36d2325644e2c59,0x21d62c615343940146873a4bbce981fda8b86d17e86400725d46aa0875406f37,3.709,3.709,0.0,3.709,2026-05-21T03:23:42.137519Z,2026-05-21T03:53:42.137519Z,2026-05-21,0x57bdda51774313bdb9c63336ebb6a51de4fddf593c7e828f3096e74b732f5b2f
research_20260521_1000-0810,user-007,0x10177c81a1d5d341aa9447fa87b464bef4cd528d4ca2bcceda8e4a0de1275a14,0x077a1995afe970ba8fb8d89d56fd0eed68b63ecb6309572e16e566012f52e20b,1.65,4.404,2.754,1.65,2026-05-21T22:57:12.670524Z,2026-05-21T23:37:12.670524Z,2026-05-21,0x57bdda51774313bdb9c63336ebb6a51de4fddf593c7e828f3096e74b732f5b2f
research_20260521_1000-0811,user-009,0xc03acb1a4febd2ba868dfcd4c96e282eccfb78b87e2e24fcb152fceb6ce2dfc5,0xb3651515e75d342098b3cbfa6e02672cdc9887d5d02aec5f89bbebb137c68336,3.426,3.426,0.0,3.426,2026-05-21T17:04:48.968591Z,2026-05-21T17:24:48.968591Z,2026-05-21,0x57bdda51774313bdb9c63336ebb6a51de4fddf593c7e828f3096e74b732f5b2f
research_20260521_1000-0812,user-007,0xe3552e423d343237f0ab24297ae30da6dee6ca582d72f323a4cfe098d57bb6cd,0x602bbe90c9643bf9d4c4e819407abe7cdb8541adeea9d1aa7d970fdc69459a3f,6.846,6.846,0.0,6.846,2026-05-21T17:14:35.987436Z,2026-05-21T17:54:35.987436Z,2026-05-21,0x57bdda51774313bdb9c63336ebb6a51de4fddf593c7e828f3096e74b732f5b2f
research_20260521_1000-0813,user-010,0xc358f064c251486d4d4b92fa5901860f185028714875fde7857fdea5aec66acb,0xed5f7a0a3ac391fbf6d20ea13764819600e4922ae813a8683e92680eb3ce6a46,4.633,4.633,0.0,4.633,2026-05-21T20:41:20.101846Z,2026-05-21T21:21:20.101846Z,2026-05-21,0x57bdda51774313bdb9c63336ebb6a51de4fddf593c7e828f3096e74b732f5b2f
research_20260521_1000-0814,user-004,0x1f2feafc88b2a13a4d3342504b872ad32bc4617a4b8fc14350c190c6b8873a9a,0x06a321dee786eef20e0f2506d58696e2a0e1e44329fea27feb40c1920fcec0ba,1.18,4.133,2.953,1.18,2026-05-21T10:23:56.310516Z,2026-05-21T11:03:56.310516Z,2026-05-21,0x57bdda51774313bdb9c63336ebb6a51de4fddf593c7e828f3096e74b732f5b2f
research_20260521_1000-0815,user-006,0xd91af8c48fc4b7a1a0a684b1b6eb215b21832ab2ad02411d9e02a710cf4755d1,0x17684b52813528f7fa111b93f3eeeb44aed0edbb3f5205e6c90d11e4a6b496ec,-1.416,5.944,7.36,-1.416,2026-05-21T06:52:49.542383Z,2026-05-21T08:07:49.542383Z,2026-05-21,0x57bdda51774313bdb9c63336ebb6a51de4fddf593c7e828f3096e74b732f5b2f
research_20260521_1000-0816,user-007,0x67629148fe7ff10bdea6bac21930ffefc496b9371efbd33a0a010a4a6b4e36f0,0x795f9a4f55948417564067e0c67b87ef985845fa212f5bf77d52d531e71c0224,3.142,5.102,1.96,3.142,2026-05-21T04:28:06.904782Z,2026-05-21T05:28:06.904782Z,2026-05-21,0x57bdda51774313bdb9c63336ebb6a51de4fddf593c7e828f3096e74b732f5b2f
research_20260521_1000-0817,user-001,0x87c3ed283cb5a9071fe4032e276cf69dae813672e8474fcdd6327569dd60fac5,0xab5bb7b75fca602f7171f067fa829c8c9527c6b1f95a7cdb74fb7688ce46fc60,-0.286,1.605,1.891,-0.286,2026-05-21T22:59:54.609230Z,2026-05-21T23:19:54.609230Z,2026-05-21,0x57bdda51774313bdb9c63336ebb6a51de4fddf593c7e828f3096e74b732f5b2f
research_20260521_1000-0818,user-006,0xce44687fe6d728194b760dddd329c4bc3d77e0898d55842790d81d6560c23175,0xad9c9e4e6c58f2356af1455f7ad9c4366ce942c2ebb371ecfadc5eae3d95addf,-7.166,0.0,7.166,-7.166,2026-05-21T00:32:21.347021Z,2026-05-21T01:12:21.347021Z,2026-05-21,0x57bdda51774313bdb9c63336ebb6a51de4fddf593c7e828f3096e74b732f5b2f
research_20260521_1000-0819,user-007,0x57d310f2c2776959260795af3a0f7f37c698f5b3a26a937b3af54898f041e2fb,0x52b69b5d10dabad7c36129fbae33924ec0f97e6b4b264a573c8f3778944530c3,9.297,9.297,0.0,9.297,2026-05-21T19:06:28.599538Z,2026-05-21T20:21:28.599538Z,2026-05-21,0x57bdda51774313bdb9c63336ebb6a51de4fddf593c7e828f3096e74b732f5b2f
research_20260521_1000-0820,user-007,0x3a34b505750404998d5fb36e5de27894c3e979ae97eacf130e53c80aae502042,0x0336948378dec5e800aae7f93ec5979a618d036b2a873b5cfb69586f09d42870,3.734,3.734,0.0,3.734,2026-05-21T13:16:31.326233Z,2026-05-21T13:46:31.326233Z,2026-05-21,0x57bdda51774313bdb9c63336ebb6a51de4fddf593c7e828f3096e74b732f5b2f
research_20260521_1000-0821,user-008,0x6d99db13b52e5da5c9779cd39a3767013fbc729a34498d51fe79c8668a014a5d,0x25bcfd7b25525875a740bd86c8c09ef2e8c356cc780525021f7e6243e15374db,-13.446,0.0,13.446,-13.446,2026-05-21T13:30:13.414986Z,2026-05-21T14:45:13.414986Z,2026-05-21,0x57bdda51774313bdb9c63336ebb6a51de4fddf593c7e828f3096e74b732f5b2f
research_20260521_1000-0822,user-010,0x63763d75d499747009e157bb77269dca152617da86bcfb2d0229420aa0f2c8b9,0x12ea3e0ca92d8a109369cbcbddfae679a3fc37820741e94b615ea442ee80c5e0,3.854,3.854,0.0,3.854,2026-05-21T18:07:32.101735Z,2026-05-21T18:27:32.101735Z,2026-05-21,0x57bdda51774313bdb9c63336ebb6a51de4fddf593c7e828f3096e74b732f5b2f
research_20260521_1000-0823,user-002,0x16692a9f0c2c43ffcf644301620b71283717e950ca650b74f52de53dd179a3c0,0x1039e16c0bc345e9a602fde65a2279dfa796001345ab7948355baa46aaecb104,1.455,3.117,1.662,1.455,2026-05-21T13:29:11.893394Z,2026-05-21T14:09:11.893394Z,2026-05-21,0x57bdda51774313bdb9c63336ebb6a51de4fddf593c7e828f3096e74b732f5b2f
research_20260521_1000-0824,user-003,0xec8824b24ba96d975c4525734613c5169a9385688add9dab7ab4ddc4f853b7dd,0x46f6ed260d5a20371a6bb779ae5eade39fe8f26dd2aa27ca46f4d83dc3a8dbee,3.093,6.027,2.934,3.093,2026-05-21T21:45:58.646154Z,2026-05-21T23:00:58.646154Z,2026-05-21,0x57bdda51774313bdb9c63336ebb6a51de4fddf593c7e828f3096e74b732f5b2f
research_20260521_1000-0825,user-007,0x3d5f81fc5a874ffee279f251f3af2d3103d471c2a02b7320faba6489907c03c5,0x9f75e4ecc3011267c9c567d7c6375b179396b0556acc303d830824545bf1bb8c,3.739,3.739,0.0,3.739,2026-05-21T02:30:18.738820Z,2026-05-21T03:00:18.738820Z,2026-05-21,0x57bdda51774313bdb9c63336ebb6a51de4fddf593c7e828f3096e74b732f5b2f
research_20260521_1000-0826,user-006,0x63fa50a7d2684a7ce26375175f6df86f0ca7459acd45aabb3d76cf9f1acffa6d,0x4c772e90c93d2d4b968c93f5812a3124687b8970faac65622b2bf066507cfb34,10.93,10.93,0.0,10.93,2026-05-21T06:37:34.785961Z,2026-05-21T07:07:34.785961Z,2026-05-21,0x57bdda51774313bdb9c63336ebb6a51de4fddf593c7e828f3096e74b732f5b2f
research_20260521_1000-0827,user-003,0x3130dee41fad9b6dc6ac1975615128685e23fa7fa301cb34d3c8ad9ba67cb9a1,0xc653cf1c8d75fc681196bc9985a95e237c07b5586f133ff7da56e3f758d6494c,0.004,1.82,1.816,0.004,2026-05-21T22:49:23.038085Z,2026-05-21T23:19:23.038085Z,2026-05-21,0x57bdda51774313bdb9c63336ebb6a51de4fddf593c7e828f3096e74b732f5b2f
research_20260521_1000-0828,user-007,0xd1cbea79f398cfdd03bf13bb113557a2c530d9384a21de535c606013b239209d,0x7545fc63c95c7a758c89e56935815d32f2c7bb057e715f579f249ac856d5d992,6.861,6.861,0.0,6.861,2026-05-21T20:43:17.872581Z,2026-05-21T21:23:17.872581Z,2026-05-21,0x57bdda51774313bdb9c63336ebb6a51de4fddf593c7e828f3096e74b732f5b2f
research_20260521_1000-0829,user-007,0x34ae31675973227e01b9d25314f2df542b8ccefd6c30a9529fd5663dea3c4641,0x9640b1aa217c136cb8b8aac7f0afb58eaa3050a84a37ebdc48a470c1ee4a03cb,-0.592,6.557,7.149,-0.592,2026-05-21T05:56:39.058981Z,2026-05-21T07:11:39.058981Z,2026-05-21,0x57bdda51774313bdb9c63336ebb6a51de4fddf593c7e828f3096e74b732f5b2f
research_20260521_1000-0830,user-005,0x08a711c439741b3f3965b9107c578c26ea51ec5a4bcd134d295bb449d0687819,0x0fd707774cfef5f747b2bc5be963182cf87aefd345c2ca875429fe4b60f705c1,3.659,3.659,0.0,3.659,2026-05-21T14:28:14.429326Z,2026-05-21T14:58:14.429326Z,2026-05-21,0x57bdda51774313bdb9c63336ebb6a51de4fddf593c7e828f3096e74b732f5b2f
research_20260521_1000-0831,user-003,0x438d1b63166144bf65c0ff4598807b450127c16a7bc46e75c15dcd4ee5b49957,0x1498e45888be2be400cc97e2fad2e7a6c9ff75a52429af8ca7b9b3cd0a6fa94e,-3.896,0.0,3.896,-3.896,2026-05-21T02:27:15.841902Z,2026-05-21T02:47:15.841902Z,2026-05-21,0x57bdda51774313bdb9c63336ebb6a51de4fddf593c7e828f3096e74b732f5b2f
research_20260521_1000-0832,user-009,0x6c50c6030a00c93c96b14a843a6a92a5debcefefcd5420f6b0b073b05475006c,0x9ef791573ac15540b5a1cae5ccbe3060a936ec6995b8d66082251268f9d6dc46,0.305,1.977,1.672,0.305,2026-05-21T10:44:41.178897Z,2026-05-21T11:04:41.178897Z,2026-05-21,0x57bdda51774313bdb9c63336ebb6a51de4fddf593c7e828f3096e74b732f5b2f
research_20260521_1000-0833,user-001,0x4cca1f0ad3f0289cea9a71b6ef19fb425827dff5c93554ea33b47d59c5ee9618,0xd68b7fdd55c2cae02f6264bafd799f63b97ac5d0909263491f818a8f66b9108e,0.358,7.066,6.708,0.358,2026-05-21T11:45:18.620770Z,2026-05-21T13:00:18.620770Z,2026-05-21,0x57bdda51774313bdb9c63336ebb6a51de4fddf593c7e828f3096e74b732f5b2f
research_20260521_1000-0834,user-007,0x8c0570e36dac275c3f4ce8aae9ec2c749f3f549c1f619fbc18546ac541a36ad3,0x9be1656a2338cd80788ec033c8f55da6e18822b386cd26c813ad70cf1f605407,22.123,22.123,0.0,22.123,2026-05-21T16:03:34.861840Z,2026-05-21T17:03:34.861840Z,2026-05-21,0x57bdda51774313bdb9c63336ebb6a51de4fddf593c7e828f3096e74b732f5b2f
research_20260521_1000-0835,user-004,0x6d53ae49feeda619421f2d716d1a236e4844b8b3ecc966d5edae122cada61be7,0x3ec8a96040cf117140f1f62ce8ff79580dad7073bac983d9fe6c7e05bed550cd,2.551,2.551,0.0,2.551,2026-05-21T23:58:11.012784Z,2026-05-22T00:18:11.012784Z,2026-05-21,0x57bdda51774313bdb9c63336ebb6a51de4fddf593c7e828f3096e74b732f5b2f
research_20260521_1000-0836,user-002,0x143191ffece3d0c80e3e88e77fa9240546e204e5ffb4964abf78fcca2953be64,0xc8871dba83c28efe5f8e091e6bcb9f4bdc6587a14dc6163ae81653911f3e7777,14.073,14.073,0.0,14.073,2026-05-21T07:55:02.359204Z,2026-05-21T08:35:02.359204Z,2026-05-21,0x57bdda51774313bdb9c63336ebb6a51de4fddf593c7e828f3096e74b732f5b2f
research_20260521_1000-0837,user-010,0x3e8f32597e685c93b07c70505b2bc2e2d9e198c41c43b44f1808d11f10c8a805,0xaf03dae54882fb4d67cfbc9f06b430c5b927fcc281e7a4b27927c638fe994d44,15.486,15.486,0.0,15.486,2026-05-21T11:30:07.828550Z,2026-05-21T12:10:07.828550Z,2026-05-21,0x57bdda51774313bdb9c63336ebb6a51de4fddf593c7e828f3096e74b732f5b2f
research_20260521_1000-0838,user-005,0xe12ce8fd8e74bea44c04937ba73525b81b028000f6b6ea4316c0965bef6fcf29,0x9e0cd68b134a4a63bd846c31491372cb1d43630774ba1c76a2109d3c2517195d,7.558,9.415,1.857,7.558,2026-05-21T21:25:38.676294Z,2026-05-21T21:55:38.676294Z,2026-05-21,0x57bdda51774313bdb9c63336ebb6a51de4fddf593c7e828f3096e74b732f5b2f
research_20260521_1000-0839,user-004,0xf5851fee9da918f407063369f3bc3f6408659f89709a9c5d025b55d2af2b90ec,0xf154753f12ded939d203865d4544566935e9ba14935c67586a50ff6fd43e94a3,12.107,17.548,5.441,12.107,2026-05-21T20:05:04.710931Z,2026-05-21T21:05:04.710931Z,2026-05-21,0x57bdda51774313bdb9c63336ebb6a51de4fddf593c7e828f3096e74b732f5b2f
research_20260521_1000-0840,user-004,0x2cb07562b25ad4ee2e72ad4622113e2e6d9d1f18e1b525e6ecc4dc3b3e2ec1f8,0x3e2a48e04b7e207bdaf8f9ae09e1896c81ace4fdfcc6eaf824f7b0f0b9e2bb90,1.903,3.867,1.964,1.903,2026-05-21T09:19:46.516640Z,2026-05-21T09:49:46.516640Z,2026-05-21,0x57bdda51774313bdb9c63336ebb6a51de4fddf593c7e828f3096e74b732f5b2f
research_20260521_1000-0841,user-003,0x53a31f7717f1621d0e3092eed495a19b27c05cc67f47e79e2c1abb3fe1f86cbb,0x84a30a7980f5f96de8f3f1500c83efb926cef517a3c96ee6175dc45fe33cd989,1.704,2.612,0.908,1.704,2026-05-21T00:10:45.259791Z,2026-05-21T00:30:45.259791Z,2026-05-21,0x57bdda51774313bdb9c63336ebb6a51de4fddf593c7e828f3096e74b732f5b2f
research_20260521_1000-0842,user-003,0x2605b775a1ccaed51b5c212c2f3bf47d237255d44f6ee83d26d7ba9ef8e6d74b,0xd50bf99e72aa2c64a41af4b1d676c3ce9edc3863edd90571097b748a88b72f5f,3.744,4.26,0.516,3.744,2026-05-21T02:33:15.191604Z,2026-05-21T03:13:15.191604Z,2026-05-21,0x57bdda51774313bdb9c63336ebb6a51de4fddf593c7e828f3096e74b732f5b2f
research_20260521_1000-0843,user-010,0xcf9096bc04d875fd2dfee08d9bf319caf98891f13f381ea7a0590b5344bc76ed,0x75acdddd5c7fb588a2afd49472b9873f7ab23a7bf30c364272dc0ccac1ef374b,3.738,3.738,0.0,3.738,2026-05-21T17:09:23.964554Z,2026-05-21T17:29:23.964554Z,2026-05-21,0x57bdda51774313bdb9c63336ebb6a51de4fddf593c7e828f3096e74b732f5b2f
research_20260521_1000-0844,user-007,0x2e579354f6316d707c016551af2c0d325b87e6e668b92657af035228a3eadd73,0xa934227531602faf71017d38f64e12cda710f26a016282354162dded2488ce34,10.759,10.759,0.0,10.759,2026-05-21T03:31:53.684188Z,2026-05-21T04:01:53.684188Z,2026-05-21,0x57bdda51774313bdb9c63336ebb6a51de4fddf593c7e828f3096e74b732f5b2f
research_20260521_1000-0845,user-006,0xdc50aefdbab50bf505d5dbfea18f81d03baf9ab17b5bfa2839959dbe55f70394,0x09d23699aaddea629acf68380bd9d0431a16e34b4b5654b80217aa3b7e0908b6,7.292,7.292,0.0,7.292,2026-05-21T18:55:48.714569Z,2026-05-21T19:55:48.714569Z,2026-05-21,0x57bdda51774313bdb9c63336ebb6a51de4fddf593c7e828f3096e74b732f5b2f
research_20260521_1000-0846,user-009,0x179f0ad8d5f3a57e3f55a75001b012ec1ffd9a61afa8fc9c455c8d75df1bc326,0x6af7397c0812e16cb58f618c3a4ee18cde8986dff12d719fe94c547af2cc5426,-0.175,7.191,7.366,-0.175,2026-05-21T06:28:41.528643Z,2026-05-21T07:08:41.528643Z,2026-05-21,0x57bdda51774313bdb9c63336ebb6a51de4fddf593c7e828f3096e74b732f5b2f
research_20260521_1000-0847,user-006,0x399240d4c73a0cb174b534070bdbbbe7545e2f222bba85a9ea9339c745bb5956,0x55b65b7182e83191eecd957cc5e60382095cb66cfe902b82b55fdd4fdb2fdc6c,14.306,14.306,0.0,14.306,2026-05-21T13:11:33.501950Z,2026-05-21T13:51:33.501950Z,2026-05-21,0x57bdda51774313bdb9c63336ebb6a51de4fddf593c7e828f3096e74b732f5b2f
research_20260521_1000-0848,user-006,0x490cb7f1668c882b9ef99da7cb5f3c8dcbc5661a1c51168f96093444dfeb3d8e,0x7eb7d67b0ca4491a238c89817143b447dc9ec21ad3c001d45f330885be8cc74f,3.61,3.61,0.0,3.61,2026-05-21T20:25:38.304292Z,2026-05-21T20:55:38.304292Z,2026-05-21,0x57bdda51774313bdb9c63336ebb6a51de4fddf593c7e828f3096e74b732f5b2f
research_20260521_1000-0849,user-006,0x88225d5f02ca0b738dffdccdf770c24d562135260b24bb937dbecf5bd46abae0,0xd55fd9b3bd9ad52f2c16e871947aca68158d6d75d321ecf8b58dcf109b10dc8f,3.909,3.909,0.0,3.909,2026-05-21T15:53:27.663787Z,2026-05-21T16:13:27.663787Z,2026-05-21,0x57bdda51774313bdb9c63336ebb6a51de4fddf593c7e828f3096e74b732f5b2f
research_20260521_1000-0850,user-007,0x9f06542c60648d22452d87cb3f650b3683a5ee09774f8cf2449e4788d182977f,0x88f3ea8aa185b4329c482d9ded9a8312d1c0b86178ba759b06cee43ee0c7f1ef,28.781,28.781,0.0,28.781,2026-05-21T02:37:59.737576Z,2026-05-21T03:52:59.737576Z,2026-05-21,0x57bdda51774313bdb9c63336ebb6a51de4fddf593c7e828f3096e74b732f5b2f
research_20260521_1000-0851,user-004,0x8053ec4bf492e1de11628a8999c94d622c3ff43a2beafcd4c5ef17976d3a128f,0x34e2c59cf2ddaf3571c52f88924e16315b146de83b3ea25bdc6be57dffca9d83,-9.201,0.0,9.201,-9.201,2026-05-21T01:49:45.065987Z,2026-05-21T03:04:45.065987Z,2026-05-21,0x57bdda51774313bdb9c63336ebb6a51de4fddf593c7e828f3096e74b732f5b2f
research_20260521_1000-0852,user-007,0x0548d524878a8419c77ea02c6ea53584615d46b8233d043184d44ca3840be9a0,0x133f60f490ff215b29e496d3097c52f67fa37550db28a9138befcd2885a30d7d,13.947,13.947,0.0,13.947,2026-05-21T23:35:27.929927Z,2026-05-22T00:15:27.929927Z,2026-05-21,0x57bdda51774313bdb9c63336ebb6a51de4fddf593c7e828f3096e74b732f5b2f
research_20260521_1000-0853,user-004,0x7529f13eca9ebfbda7005e34eb90a41dbea631f716690ccd6e8c1da1577fde9b,0x60eee35d9a3a3accfc2076a0e63a22547bcda697fe8837aef7e5d2d842881d18,-7.479,0.0,7.479,-7.479,2026-05-21T23:38:32.138989Z,2026-05-22T00:38:32.138989Z,2026-05-21,0x57bdda51774313bdb9c63336ebb6a51de4fddf593c7e828f3096e74b732f5b2f
research_20260521_1000-0854,user-009,0xa7d67d6de867718e409268a5f475375914a35d8b186b4a792b4b4788fe6710eb,0x1cb9a14d78e201c91527e4d7ea424357ecb28c557dad9df6be758bbf5003f55a,2.443,2.443,0.0,2.443,2026-05-21T07:23:09.432568Z,2026-05-21T07:43:09.432568Z,2026-05-21,0x57bdda51774313bdb9c63336ebb6a51de4fddf593c7e828f3096e74b732f5b2f
research_20260521_1000-0855,user-005,0x214711a003631dc6d921e41fa6f651d2507f9436585e5e4b001032811d05e92c,0x6224a21ab4a5a5be0025ae31672faf1887f1be7e1511b65917adb80f204821f4,-3.361,0.0,3.361,-3.361,2026-05-21T00:49:11.586527Z,2026-05-21T01:09:11.586527Z,2026-05-21,0x57bdda51774313bdb9c63336ebb6a51de4fddf593c7e828f3096e74b732f5b2f
research_20260521_1000-0856,user-002,0x99bbe2a0b47e772fa171b0c0e30d9c0ec14386092a2212488eef18fc370fa1f9,0xa7a321cfb32c2c254a98ad626e4ee2773adec95d24dc536f68734cf43eaa2f55,1.746,2.771,1.025,1.746,2026-05-21T15:25:59.217102Z,2026-05-21T15:45:59.217102Z,2026-05-21,0x57bdda51774313bdb9c63336ebb6a51de4fddf593c7e828f3096e74b732f5b2f
research_20260521_1000-0857,user-003,0x6b663d38fb634590bc5f3b55566496ccfc5e2492e5fa2dad0b8a42e86c7ca69c,0xb49c4871ba5f17d0fea2868f7dccff91976c7fa2a2b7bb8f6d1d7be43e2d196b,26.666,26.666,0.0,26.666,2026-05-21T15:46:22.457382Z,2026-05-21T17:01:22.457382Z,2026-05-21,0x57bdda51774313bdb9c63336ebb6a51de4fddf593c7e828f3096e74b732f5b2f
research_20260521_1000-0858,user-008,0x40d2fc677990df51e5ec8555981c096b0bb0e08ba8fda4066e24fa2a62e5c0a5,0x26a41c4459ac351b064a5af2c4aade9f8eb6c897248dc3bdc3b542aad197e16c,-10.829,0.0,10.829,-10.829,2026-05-21T10:36:15.649042Z,2026-05-21T11:36:15.649042Z,2026-05-21,0x57bdda51774313bdb9c63336ebb6a51de4fddf593c7e828f3096e74b732f5b2f
research_20260521_1000-0859,user-010,0xd7303d3bc7ef994f2246b4c7efe007073789e19e552a192c213b82b0c12cc36a,0xb8d014fde2a1720aaec11dab9f1aed2aa094018a63db650df46d6e4c27c06971,-0.407,3.733,4.14,-0.407,2026-05-21T11:29:27.574893Z,2026-05-21T11:49:27.574893Z,2026-05-21,0x57bdda51774313bdb9c63336ebb6a51de4fddf593c7e828f3096e74b732f5b2f
research_20260521_1000-0860,user-005,0xed5aeda362ff16ded327cbed7090eab3cc072a209b9fdc1eea82323556b76bc9,0x434a8fa0c06c02655639b7e151988377a29ff72b43a114bae6692258d85b75e8,1.985,1.985,0.0,1.985,2026-05-21T23:02:55.688587Z,2026-05-21T23:22:55.688587Z,2026-05-21,0x57bdda51774313bdb9c63336ebb6a51de4fddf593c7e828f3096e74b732f5b2f
research_20260521_1000-0861,user-002,0xd405b9dcad4e300276f58788c72d032c3e987559da9e5f21dbfb41d9a095d640,0xae15184dbe8aea9122ab9597097dd8f373c3c65bd039f2bd0ebe31c4e967c619,4.769,4.769,0.0,4.769,2026-05-21T00:34:48.806349Z,2026-05-21T01:14:48.806349Z,2026-05-21,0x57bdda51774313bdb9c63336ebb6a51de4fddf593c7e828f3096e74b732f5b2f
research_20260521_1000-0862,user-002,0xeedc6f60768d9a3c4e00946c1862143e6b6eec65edd6fd9b778919452e2d4300,0x007235ebfd8c654982c7991362f675084bfa335bc73cf574c5a0a6e435654e72,7.495,7.495,0.0,7.495,2026-05-21T00:35:31.182634Z,2026-05-21T01:15:31.182634Z,2026-05-21,0x57bdda51774313bdb9c63336ebb6a51de4fddf593c7e828f3096e74b732f5b2f
research_20260521_1000-0863,user-010,0xe36f960e592b8dde338d4fcc7b759da166c6bcfc731705963ad2f2d35c2a42a1,0xeec8c188ff03b71e7889f8b039f66f1c4069c0762fed1d6e076e2f872852e4ce,14.271,14.271,0.0,14.271,2026-05-21T03:05:46.043943Z,2026-05-21T04:20:46.043943Z,2026-05-21,0x57bdda51774313bdb9c63336ebb6a51de4fddf593c7e828f3096e74b732f5b2f
research_20260521_1000-0864,user-009,0x6b52a56c12d7094c0c595909836737d0c6ae0f25174e891ed50a3a7b406241b7,0xe3d660e750ccc4b2dc590dc6d3d1a9a0dd1594acb65e39dca7c7b30423319037,11.175,11.175,0.0,11.175,2026-05-21T21:25:04.623329Z,2026-05-21T21:55:04.623329Z,2026-05-21,0x57bdda51774313bdb9c63336ebb6a51de4fddf593c7e828f3096e74b732f5b2f
research_20260521_1000-0865,user-004,0xaec5b23e00c0ecc1a7590613e3d591fbab64946c770625a3124cd7954e357977,0x227c581d1a757a8999b3b62a6366d5d002e0a7d346911266fc5bee05e964186c,3.461,3.461,0.0,3.461,2026-05-21T06:29:36.116240Z,2026-05-21T06:59:36.116240Z,2026-05-21,0x57bdda51774313bdb9c63336ebb6a51de4fddf593c7e828f3096e74b732f5b2f
research_20260521_1000-0866,user-004,0x709f890cf1f1eceb97120e66f98f71dea71a780325238082f716e2e8994ac6ef,0x901e8ef33dc3f7e2e8031214042b90f9fd690378ebfafbce5d0b50a62d63352e,-3.723,0.0,3.723,-3.723,2026-05-21T12:09:34.797411Z,2026-05-21T12:39:34.797411Z,2026-05-21,0x57bdda51774313bdb9c63336ebb6a51de4fddf593c7e828f3096e74b732f5b2f
research_20260521_1000-0867,user-004,0xab926f332f377976394e9cc3eea24c1273a9982ad59109170e5742ad9221ccfe,0x9f29b0833ebc6d4afa5d4613bf0217ecab85c856f25b5118178455721451699c,-7.192,0.0,7.192,-7.192,2026-05-21T09:11:24.349143Z,2026-05-21T09:31:24.349143Z,2026-05-21,0x57bdda51774313bdb9c63336ebb6a51de4fddf593c7e828f3096e74b732f5b2f
research_20260521_1000-0868,user-010,0x73940c3c58bbe79b3e5424b28dbad5234115eee6d9f9421cf5fd864893e6d2d8,0x733424a256dca943d0f8a5055dfa40382cfd5f9ad39e96c3e0be464b89f1d133,9.297,9.297,0.0,9.297,2026-05-21T19:33:31.474648Z,2026-05-21T20:48:31.474648Z,2026-05-21,0x57bdda51774313bdb9c63336ebb6a51de4fddf593c7e828f3096e74b732f5b2f
research_20260521_1000-0869,user-002,0xcb34dab0cf8d7d104f28bcbb606d6890804b1fd44dbb88d4f826795ecb236d97,0x2c276e11cb323af9d192218dc10c3e2b0a4be2a8f1c8363b965aee0a21396989,-7.225,0.0,7.225,-7.225,2026-05-21T03:07:55.581328Z,2026-05-21T03:47:55.581328Z,2026-05-21,0x57bdda51774313bdb9c63336ebb6a51de4fddf593c7e828f3096e74b732f5b2f
research_20260521_1000-0870,user-005,0x5d0330d81c1510281dc0acbd50610b3aa311739c1d041cda53a745146dbfa1e3,0x82b1c8ebddaa2e406914460b61eb7a157d836116757f1788df94eed3aa5ca68e,-4.982,0.0,4.982,-4.982,2026-05-21T13:29:04.249231Z,2026-05-21T14:09:04.249231Z,2026-05-21,0x57bdda51774313bdb9c63336ebb6a51de4fddf593c7e828f3096e74b732f5b2f
research_20260521_1000-0871,user-001,0xc0a2048c1bfed6cf37ccb31700f916fb4fc5668336e32654287f8a62506fc7e0,0x9ac2942cc983ae1fd5c12f0b5d0109adc6e7d91eab8d2a03bca3c687ab041041,9.207,9.207,0.0,9.207,2026-05-21T12:37:32.585301Z,2026-05-21T13:52:32.585301Z,2026-05-21,0x57bdda51774313bdb9c63336ebb6a51de4fddf593c7e828f3096e74b732f5b2f
research_20260521_1000-0872,user-002,0x7cdd25ab316262a430a067ce1826a1eca37eff18e520e92f8fa8b89a4c76e8b5,0xad2ba1fe1ab768830d9c759cff37ebbf3a89367412b17906f2248723c8acc4a0,12.37,14.134,1.764,12.37,2026-05-21T17:33:32.811521Z,2026-05-21T18:13:32.811521Z,2026-05-21,0x57bdda51774313bdb9c63336ebb6a51de4fddf593c7e828f3096e74b732f5b2f
research_20260521_1000-0873,user-009,0xdc557f5cdcad33631b7b96815f46d7fdcd7525942a5a3339b084b6ebf994285d,0xa191a7c169cba0ae78086749ed851d59a7cd3f020a8db0cb26c14bed16e3d5ad,27.37,27.37,0.0,27.37,2026-05-21T03:26:34.546414Z,2026-05-21T04:41:34.546414Z,2026-05-21,0x57bdda51774313bdb9c63336ebb6a51de4fddf593c7e828f3096e74b732f5b2f
research_20260521_1000-0874,user-010,0x1dbff68cd1d205c620ca231e2a4ded1929d5ca334a79933e1dd3a322fb406b94,0xf9adc6a048f9bbd8158b7443504e038058d059c5490ee57f73e6f3526415d0a5,-4.546,0.0,4.546,-4.546,2026-05-21T10:25:05.365786Z,2026-05-21T11:05:05.365786Z,2026-05-21,0x57bdda51774313bdb9c63336ebb6a51de4fddf593c7e828f3096e74b732f5b2f
research_20260521_1000-0875,user-002,0xa565842f01835eef9a20d123172bec9197d2f15ab982a55f530e78b7367f5e6d,0x4d7e61176802c373ba55ca7ea594253a09d8633b38f3b32ef245f2b265e9ed01,-3.697,0.0,3.697,-3.697,2026-05-21T21:30:24.175294Z,2026-05-21T22:00:24.175294Z,2026-05-21,0x57bdda51774313bdb9c63336ebb6a51de4fddf593c7e828f3096e74b732f5b2f
research_20260521_1000-0876,user-004,0xef46f17e291a884fc40b711acbe570451dfe089ccb9e6b15a9b292dc57024f79,0x5131ee1e1a92a01353821669c9915028e8f73b3702da76a17dae3385cc2cba04,-0.102,1.293,1.395,-0.102,2026-05-21T18:44:24.152517Z,2026-05-21T19:04:24.152517Z,2026-05-21,0x57bdda51774313bdb9c63336ebb6a51de4fddf593c7e828f3096e74b732f5b2f
research_20260521_1000-0877,user-002,0xbf2d9928705794cf23960374294284244d87b805c8d0cfcdab9bd43bc5134fc1,0x209b8b2e6c5fa7e5f702d621cb1957ea202050f019de01a721afaaff4f3c7f75,13.992,13.992,0.0,13.992,2026-05-21T21:44:20.722443Z,2026-05-21T22:24:20.722443Z,2026-05-21,0x57bdda51774313bdb9c63336ebb6a51de4fddf593c7e828f3096e74b732f5b2f
research_20260521_1000-0878,user-007,0xe39fa7d33a098731f90e02541b336d8d81e0ef08277e687b189d26a71f220564,0x37f5e9799b01d1a55d1c259531d553eb522d27b94f351838e21085928b78739a,2.574,2.574,0.0,2.574,2026-05-21T02:41:02.741176Z,2026-05-21T03:01:02.741176Z,2026-05-21,0x57bdda51774313bdb9c63336ebb6a51de4fddf593c7e828f3096e74b732f5b2f
research_20260521_1000-0879,user-003,0x2fe0a855549a39f9b3ac49481c2da26695630c3c003cf0630426c87b10500b6f,0xe3198aceb327a9f6620bbb258faaa358af43eee8a86c34174df25e2c16fdb34c,7.229,7.229,0.0,7.229,2026-05-21T23:20:15.894166Z,2026-05-21T23:40:15.894166Z,2026-05-21,0x57bdda51774313bdb9c63336ebb6a51de4fddf593c7e828f3096e74b732f5b2f
research_20260521_1000-0880,user-004,0xe1cc35890f87ee1478663f05893055fbd2733259646dda8584922a46f97ce2b9,0xedf6187cb91acd2fadfc3b9c40144d52f72b3866da5ec581307e30cc2f6b59c6,0.164,3.63,3.466,0.164,2026-05-21T19:14:23.500786Z,2026-05-21T19:54:23.500786Z,2026-05-21,0x57bdda51774313bdb9c63336ebb6a51de4fddf593c7e828f3096e74b732f5b2f
research_20260521_1000-0881,user-003,0x7bfc50257f168c66676634d915b25b149d095366a5f5dc8eef2833ed239c442e,0xdb081485f2335abae56eee95dd7cbb630a850c1c49d033f946f3c3a0705139d3,-2.201,0.0,2.201,-2.201,2026-05-21T12:36:49.723434Z,2026-05-21T12:56:49.723434Z,2026-05-21,0x57bdda51774313bdb9c63336ebb6a51de4fddf593c7e828f3096e74b732f5b2f
research_20260521_1000-0882,user-007,0x8a50048380861bbfa252f6eca798504dde7b7f3b2e74caf9401c9a0b07c0f6e6,0x1f834a29d3f95792680a0ea0a31f88f734b6783af178b539895da46144727b19,11.195,11.195,0.0,11.195,2026-05-21T21:22:50.807811Z,2026-05-21T21:52:50.807811Z,2026-05-21,0x57bdda51774313bdb9c63336ebb6a51de4fddf593c7e828f3096e74b732f5b2f
research_20260521_1000-0883,user-003,0xe088b892742efedfc3f7f1197c81b62b766cda81b8be6311687652ff1f7cc306,0xc2a60e0d92c3f4bee7c9b5b19aae47c23311648a8ee8074dcb495b076e5f5970,27.188,27.188,0.0,27.188,2026-05-21T04:05:33.793346Z,2026-05-21T05:20:33.793346Z,2026-05-21,0x57bdda51774313bdb9c63336ebb6a51de4fddf593c7e828f3096e74b732f5b2f
research_20260521_1000-0884,user-003,0x566d1ecea7315319f6c42ff2675ca2b7d2eec5a9d244d99676ca21b98597f481,0x73fa50b27762f77198a3adcd9239c795462b977077d561d6ce33ea5f0f220090,10.303,10.303,0.0,10.303,2026-05-21T02:21:48.206800Z,2026-05-21T02:51:48.206800Z,2026-05-21,0x57bdda51774313bdb9c63336ebb6a51de4fddf593c7e828f3096e74b732f5b2f
research_20260521_1000-0885,user-004,0xfc428e3fbcd757851b36b9a358833594722639480aba94f1c6318514aed785dc,0x2d689052ce70c1298d9083f4453b9995bebb24b450dd94e61dfa0578d264886f,3.528,3.528,0.0,3.528,2026-05-21T04:48:31.333899Z,2026-05-21T05:18:31.333899Z,2026-05-21,0x57bdda51774313bdb9c63336ebb6a51de4fddf593c7e828f3096e74b732f5b2f
research_20260521_1000-0886,user-003,0xeed4613a3edaacec77c27bb40493898006dbf628cfbdddfb0eb232311ec4e709,0xc0c60acb75dc113cec13ebd2efced292fd464ff8ab11e953bc9c872c7a314fbe,4.791,6.068,1.277,4.791,2026-05-21T22:55:36.796213Z,2026-05-21T23:55:36.796213Z,2026-05-21,0x57bdda51774313bdb9c63336ebb6a51de4fddf593c7e828f3096e74b732f5b2f
research_20260521_1000-0887,user-001,0x306609853b1e1ce13347fff957ac2c92baeaf4ee8b041c909649cf8a5d8d27a9,0x7595b1957b399e526a8bcfeeee747860d6e7b5b2797ae35c61c1f266dd472fd9,-2.262,0.0,2.262,-2.262,2026-05-21T03:16:26.668032Z,2026-05-21T03:36:26.668032Z,2026-05-21,0x57bdda51774313bdb9c63336ebb6a51de4fddf593c7e828f3096e74b732f5b2f
research_20260521_1000-0888,user-008,0x3246bf7578b66329e8df107b13c6123d9403fa2b257d8a1599b3f9751c58ff15,0xc85580bc4845aad93d3efc05525e906d401ac686a3fdad439f70f617274605b0,-26.25,0.0,26.25,-26.25,2026-05-21T05:10:32.667457Z,2026-05-21T06:25:32.667457Z,2026-05-21,0x57bdda51774313bdb9c63336ebb6a51de4fddf593c7e828f3096e74b732f5b2f
research_20260521_1000-0889,user-002,0xa52a42ffd53bad708efd57372fb1dbd12ea2c4bde629b7e45b7906cf5327b92c,0x875ce694edb34b5204523b16fd6c7f86cdb7265c1b11ec1cc5eddbf12092cc46,15.354,15.354,0.0,15.354,2026-05-21T20:22:10.125734Z,2026-05-21T21:02:10.125734Z,2026-05-21,0x57bdda51774313bdb9c63336ebb6a51de4fddf593c7e828f3096e74b732f5b2f
research_20260521_1000-0890,user-002,0xca549b9d756167e6d5f899140d59bd622eb536d7aa959452b4761b0c132767e3,0x451b17c4d56f839520fd19903ca473088a879d9a0a59ba51d4f3ac6d2aa5d9a5,14.02,14.02,0.0,14.02,2026-05-21T15:18:29.273578Z,2026-05-21T16:33:29.273578Z,2026-05-21,0x57bdda51774313bdb9c63336ebb6a51de4fddf593c7e828f3096e74b732f5b2f
research_20260521_1000-0891,user-004,0x5ae72d1d1721d0fc84ee93578196653de243df5658192bc1807189fbb499538e,0xf5938be1c01d0ffd98de7f4f3671b9c6028e8ddfd1133913ebbe7008754bdace,28.613,28.613,0.0,28.613,2026-05-21T14:08:20.148710Z,2026-05-21T15:23:20.148710Z,2026-05-21,0x57bdda51774313bdb9c63336ebb6a51de4fddf593c7e828f3096e74b732f5b2f
research_20260521_1000-0892,user-005,0xcfec77a3df9e5f6e2108955401047f66b78a0fb312e64c4428db7bbf83e7a388,0x50aa501e0edfc757f626ab00ebfb9216a4b2a960a936948871a309bb0ad27b38,10.145,10.145,0.0,10.145,2026-05-21T00:53:30.063063Z,2026-05-21T01:23:30.063063Z,2026-05-21,0x57bdda51774313bdb9c63336ebb6a51de4fddf593c7e828f3096e74b732f5b2f
research_20260521_1000-0893,user-002,0x18b3ae59a148c2294a685484c8f7e21d78757dff2e14622fc042517c3add2ae0,0xe19028a659e1f516782fdd5df94cb67f5efbf0944aaa227047a732ac7b88d193,21.499,21.499,0.0,21.499,2026-05-21T20:35:14.317484Z,2026-05-21T21:35:14.317484Z,2026-05-21,0x57bdda51774313bdb9c63336ebb6a51de4fddf593c7e828f3096e74b732f5b2f
research_20260521_1000-0894,user-005,0x6c0374f7307dbcf61bcf2232da72f79163141bc6818ea430aa116de1a2a7c3ab,0x2af82d4668363cd0a7e1842fe7c278a340087546a8f5c0bec7856a7e99471386,0.397,1.963,1.566,0.397,2026-05-21T22:00:40.660861Z,2026-05-21T22:20:40.660861Z,2026-05-21,0x57bdda51774313bdb9c63336ebb6a51de4fddf593c7e828f3096e74b732f5b2f
research_20260521_1000-0895,user-006,0x6be64429aafb54edf17d4916c402f2c6322244ad8553bd19ab43c3411f15ae8c,0x27742a37b9cc8307733fe0aad49e8d0e8a97bdcd0cbbc7a80461d7df7bc692e4,0.49,2.916,2.426,0.49,2026-05-21T15:49:29.986032Z,2026-05-21T16:19:29.986032Z,2026-05-21,0x57bdda51774313bdb9c63336ebb6a51de4fddf593c7e828f3096e74b732f5b2f
research_20260521_1000-0896,user-004,0x28e60d72c06dff98fab5230a8e93db506cd9a42d61d862795c59186095c0e203,0xb05d25074a2d00eab2d992bf3ff4b42776cc749827a70b63375ccbe7914dd8fc,4.82,4.82,0.0,4.82,2026-05-21T06:26:40.601665Z,2026-05-21T07:06:40.601665Z,2026-05-21,0x57bdda51774313bdb9c63336ebb6a51de4fddf593c7e828f3096e74b732f5b2f
research_20260521_1000-0897,user-001,0xb6b24efc433bc5f029b69ff47f2b606ad0899c948aa835a78f5e44447a5626de,0x5df27ba833bb29ae83390259fd400065d88af0854a11eea0206ee0a724943654,2.285,3.574,1.289,2.285,2026-05-21T00:08:53.911337Z,2026-05-21T00:48:53.911337Z,2026-05-21,0x57bdda51774313bdb9c63336ebb6a51de4fddf593c7e828f3096e74b732f5b2f
research_20260521_1000-0898,user-010,0xa610e7e59cb8c05825cb91891b8e5525809c11d1b95ec765e20377f7703021b7,0xea0b77283541f3c9d368bb3d9f2efdadc8a26e49e2a2197eb5f1dd776e177b25,21.874,21.874,0.0,21.874,2026-05-21T13:04:10.126109Z,2026-05-21T14:04:10.126109Z,2026-05-21,0x57bdda51774313bdb9c63336ebb6a51de4fddf593c7e828f3096e74b732f5b2f
research_20260521_1000-0899,user-010,0x0086237040e791451a0afb1f3d8202a73030956d49e269cdc46d6d61307d3f68,0x564f4933c8fcc0e3e3379603c4644ee8e7a16bdb088bfa3f9a800c576cd4e81c,11.476,11.476,0.0,11.476,2026-05-21T05:42:39.050178Z,2026-05-21T06:42:39.050178Z,2026-05-21,0x57bdda51774313bdb9c63336ebb6a51de4fddf593c7e828f3096e74b732f5b2f
research_20260521_1000-0900,user-003,0x52bb95d5c8d0e854e8201de548ca405a99d0de19dda9d69c08f32c2760d5eb8f,0x36b4f6b72871abaa1a3746702a5f79e30a4963bf66547cc8ecf2c76390d3b332,0.475,4.728,4.253,0.475,2026-05-21T03:52:51.640264Z,2026-05-21T05:07:51.640264Z,2026-05-21,0x57bdda51774313bdb9c63336ebb6a51de4fddf593c7e828f3096e74b732f5b2f
research_20260521_1000-0901,user-002,0x4920928dd0e708e474e3fc6d032c1e69f20dacc2f76c1957f27f8a9de09a126a,0x9a814adb2b5c4998a8f323584ccd74bb3e005e8cc91a251651d1925e6b908073,4.099,9.355,5.256,4.099,2026-05-21T03:04:59.286065Z,2026-05-21T04:19:59.286065Z,2026-05-21,0x57bdda51774313bdb9c63336ebb6a51de4fddf593c7e828f3096e74b732f5b2f
research_20260521_1000-0902,user-005,0x346b247e59d84afc5ae13878141bf08711368a66c2cb8f7d3ff5731d63b3faef,0x0ef8999637b5787b58cf0c7688847de25d68e22f1043d001ec00b28ebea97b84,14.207,14.207,0.0,14.207,2026-05-21T20:51:43.468217Z,2026-05-21T22:06:43.468217Z,2026-05-21,0x57bdda51774313bdb9c63336ebb6a51de4fddf593c7e828f3096e74b732f5b2f
research_20260521_1000-0903,user-001,0x61846443548479797e41c72a00a021c786c445a32934a0c6d748963a2941bef0,0x0a6e24d3ce59592073233311adc55cce41dd53ee5a7a0a9d327cb909444a05ee,-5.643,0.0,5.643,-5.643,2026-05-21T11:29:49.832943Z,2026-05-21T11:59:49.832943Z,2026-05-21,0x57bdda51774313bdb9c63336ebb6a51de4fddf593c7e828f3096e74b732f5b2f
research_20260521_1000-0904,user-003,0x43456c1b8b5d0580193abab9e07b0a793bed8306de8e465f29f71759833f5b58,0x78716d77fc41afe901212b7280cff575648dd7feff26a56c1ac4d50620827b6f,-7.225,0.0,7.225,-7.225,2026-05-21T05:33:39.823353Z,2026-05-21T06:13:39.823353Z,2026-05-21,0x57bdda51774313bdb9c63336ebb6a51de4fddf593c7e828f3096e74b732f5b2f
research_20260521_1000-0905,user-005,0x657a318316f7e125b0973861dce285a7d60b7cbe3ce72d635b823b19c03e0421,0x0de05f24b12a001c33e00964d94a3fa2a66c8fda7a382ba58e63699f87d8dcfe,1.355,1.931,0.576,1.355,2026-05-21T17:00:49.368843Z,2026-05-21T17:20:49.368843Z,2026-05-21,0x57bdda51774313bdb9c63336ebb6a51de4fddf593c7e828f3096e74b732f5b2f
research_20260521_1000-0906,user-009,0xdd1bada89df65fa57065ce077525875f0ee65ae16f482ca068fd4b59194715cb,0x72f4a6ec0c0ae1dc0fa5bf3662721966228ba109b6e2ef2163502aaa235b9135,-0.173,1.14,1.313,-0.173,2026-05-21T20:42:26.808424Z,2026-05-21T21:02:26.808424Z,2026-05-21,0x57bdda51774313bdb9c63336ebb6a51de4fddf593c7e828f3096e74b732f5b2f
research_20260521_1000-0907,user-010,0x8f5295beda3436a055c28f5807db52e2b1783eb82ee6e035d1e9b0f3ecc680fd,0x33aeffacbbda391ff55f359acd69d61960360c339e2ef5fd59faaab8e11da906,1.919,2.813,0.894,1.919,2026-05-21T10:02:35.110776Z,2026-05-21T10:22:35.110776Z,2026-05-21,0x57bdda51774313bdb9c63336ebb6a51de4fddf593c7e828f3096e74b732f5b2f
research_20260521_1000-0908,user-010,0xf8c8564e045d3c0363e3136dab3e4eff33446d33aabd887883b25d4d45834045,0x2b2040758d13fa8d2ec19bb6823af722ea9047bff9fda5134ffdb0a5ddf7b025,21.693,21.693,0.0,21.693,2026-05-21T01:21:40.141995Z,2026-05-21T02:21:40.141995Z,2026-05-21,0x57bdda51774313bdb9c63336ebb6a51de4fddf593c7e828f3096e74b732f5b2f
research_20260521_1000-0909,user-010,0xffd2e7cc946b315934d458c58c5d767b664497cec2895da3afcf869d032219de,0x45d36547a7b0fb51aad8d08761ce4c960b99cae6002e96474587fbb56b2ed6dd,10.351,12.227,1.876,10.351,2026-05-21T18:01:35.449797Z,2026-05-21T18:41:35.449797Z,2026-05-21,0x57bdda51774313bdb9c63336ebb6a51de4fddf593c7e828f3096e74b732f5b2f
research_20260521_1000-0910,user-003,0xfa1fb553e7bfcbecec9abff7ab5cdbb8fd448f2316bc235b3b83127caa930b52,0x281c9d27d31bd0350c0c485010dd6d24fee61336b2069096c5843c4593a139eb,10.631,10.631,0.0,10.631,2026-05-21T05:21:10.377408Z,2026-05-21T06:21:10.377408Z,2026-05-21,0x57bdda51774313bdb9c63336ebb6a51de4fddf593c7e828f3096e74b732f5b2f
research_20260521_1000-0911,user-004,0x5001b88940dcdcfc7301dcbfb87c7d14be5e29c4cb5ddd658bbab1d70b79699c,0x5ad93be49ba2eef9832ed3f7263aa963cee7f194431413a6db26ad28e7558ea2,5.887,5.887,0.0,5.887,2026-05-21T11:30:12.537485Z,2026-05-21T12:00:12.537485Z,2026-05-21,0x57bdda51774313bdb9c63336ebb6a51de4fddf593c7e828f3096e74b732f5b2f
research_20260521_1000-0912,user-005,0x226ec13bd35a7f20321ac74f891c305c0bfdf2fcb672dff7cfdecf371237c7ec,0x38c6c71a3812eaebe74c6799a6b4a7e98011595664ad51df98d06bc90dbd7206,7.267,7.267,0.0,7.267,2026-05-21T04:06:39.624408Z,2026-05-21T04:46:39.624408Z,2026-05-21,0x57bdda51774313bdb9c63336ebb6a51de4fddf593c7e828f3096e74b732f5b2f
research_20260521_1000-0913,user-003,0x9588eb68acf0e872dff2a4075d2841b616bdf539e671dbb474d1a16de4de80bb,0x4655975d9c4609813d0e605cfbbd1fcea9eebc6df61e720a8f793e99ed92e4ec,4.73,4.73,0.0,4.73,2026-05-21T13:33:49.822344Z,2026-05-21T14:13:49.822344Z,2026-05-21,0x57bdda51774313bdb9c63336ebb6a51de4fddf593c7e828f3096e74b732f5b2f
research_20260521_1000-0914,user-004,0x31cb45ca96786cf89baf148dbf9a9dbb0ad5338b5b8e6ff99eff5f3b588f5e86,0xa5213498bf625517a637c0dd19931a185305b5bc46b09b952cedebe1f30ca71c,-14.161,0.0,14.161,-14.161,2026-05-21T04:36:35.114954Z,2026-05-21T05:16:35.114954Z,2026-05-21,0x57bdda51774313bdb9c63336ebb6a51de4fddf593c7e828f3096e74b732f5b2f
research_20260521_1000-0915,user-001,0x9e6fc9b6133cc3fba05e2d435a17735373d267d5bca13122e2650eb3020e351b,0x0af607b66e6756d338730d6d7d86a2cb877cd1d6936bdb13b723cab218087ba4,5.528,5.528,0.0,5.528,2026-05-21T04:00:09.411304Z,2026-05-21T04:30:09.411304Z,2026-05-21,0x57bdda51774313bdb9c63336ebb6a51de4fddf593c7e828f3096e74b732f5b2f
research_20260521_1000-0916,user-007,0x4b2c9c69b13bb96b3609af9be44757afb556d9e11a2992a22b0168039527dbe8,0x84718f8059ce739920ba123369ff885ebf057ecdb259e172daddaf3d446da607,2.465,2.465,0.0,2.465,2026-05-21T11:53:23.097895Z,2026-05-21T12:13:23.097895Z,2026-05-21,0x57bdda51774313bdb9c63336ebb6a51de4fddf593c7e828f3096e74b732f5b2f
research_20260521_1000-0917,user-001,0x2a0b0adef494899aa83e5d175d3497303d5f7bf7973c994967595bbfae9052a4,0xceb64312c5802a8149cc889452121a1eaebdd4ab3bbfb901cbea62b50fe56e73,3.535,4.079,0.544,3.535,2026-05-21T09:17:37.357433Z,2026-05-21T09:57:37.357433Z,2026-05-21,0x57bdda51774313bdb9c63336ebb6a51de4fddf593c7e828f3096e74b732f5b2f
research_20260521_1000-0918,user-006,0x24a5fb79e62403e85bb7b9947640855c7fd8d9d46c39ac729cc9111f0a7fff6c,0x0dbefd748de1d5e94ce55b1e6150338d633e691008090a91ab946447149077dc,0.196,3.804,3.608,0.196,2026-05-21T18:41:27.869415Z,2026-05-21T19:21:27.869415Z,2026-05-21,0x57bdda51774313bdb9c63336ebb6a51de4fddf593c7e828f3096e74b732f5b2f
research_20260521_1000-0919,user-001,0xf2bb09aa9a8129d459ab89b6b1286f4f9b3b04c700ac41b027a26ac21179bf3e,0xdf8e08434bc04eae237f7f804b6c65dbf056188948ec12e76ed99494890c6f7a,7.115,7.115,0.0,7.115,2026-05-21T10:39:07.868086Z,2026-05-21T10:59:07.868086Z,2026-05-21,0x57bdda51774313bdb9c63336ebb6a51de4fddf593c7e828f3096e74b732f5b2f
research_20260521_1000-0920,user-002,0xc241a04a5a26d3318c2f34f483a023649434bb6f4bb7f606dfcde09509ce8f4d,0x47908e3446a764726fda5952f4d99875697f1fc14351305775969a8867608695,-4.903,0.0,4.903,-4.903,2026-05-21T05:31:28.624992Z,2026-05-21T06:11:28.624992Z,2026-05-21,0x57bdda51774313bdb9c63336ebb6a51de4fddf593c7e828f3096e74b732f5b2f
research_20260521_1000-0921,user-004,0x28560937f0aeab8573d9fc33f5fb94e6b28062e61ed98da9c51d405b8f9107f1,0x1d9fdb4f817bddc6621cdde987f3ce533dec45cdf8d2f249a62e33f7a0a5e33a,7.505,7.505,0.0,7.505,2026-05-21T15:42:34.367205Z,2026-05-21T16:42:34.367205Z,2026-05-21,0x57bdda51774313bdb9c63336ebb6a51de4fddf593c7e828f3096e74b732f5b2f
research_20260521_1000-0922,user-009,0xfb679e07e5c9e83f5b5696f8554040c529353d6bd6c7ac1ff88b66a13ea329c1,0x3048aa8cdecf6a7563aac4425556e8db48d1d4c12f4cc95e144faebd87d55946,3.601,5.726,2.125,3.601,2026-05-21T10:13:15.159918Z,2026-05-21T10:53:15.159918Z,2026-05-21,0x57bdda51774313bdb9c63336ebb6a51de4fddf593c7e828f3096e74b732f5b2f
research_20260521_1000-0923,user-001,0xa5379349c92bd064f1c15c487e548765f1814acaa4d782080edad43fa2f9c005,0xac62a3702e6a4c337bdb348d890ea3d39e99f54cdaf8ceb4f2b7201055527b6c,1.973,2.757,0.784,1.973,2026-05-21T00:37:46.011561Z,2026-05-21T00:57:46.011561Z,2026-05-21,0x57bdda51774313bdb9c63336ebb6a51de4fddf593c7e828f3096e74b732f5b2f
research_20260521_1000-0924,user-008,0x23542fc5064998f217705767598d293e83e55edc2eaebc1bff3e2ed6da34bf1c,0x3f03dbd48fc70c3f5fae650cee63ccd12b29e8aca759b72d5faa266a5db193fd,21.086,21.086,0.0,21.086,2026-05-21T06:12:04.817926Z,2026-05-21T07:12:04.817926Z,2026-05-21,0x57bdda51774313bdb9c63336ebb6a51de4fddf593c7e828f3096e74b732f5b2f
research_20260521_1000-0925,user-008,0x1029a19de223388c11b3d394ced0ee02c37920dadcfbccee548c97ffb421a64c,0x8b4884f1e636c75d5cf28de879af6538c9ee544ef07e51f65ff631703da1f9d9,0.704,7.364,6.66,0.704,2026-05-21T05:09:28.311283Z,2026-05-21T06:24:28.311283Z,2026-05-21,0x57bdda51774313bdb9c63336ebb6a51de4fddf593c7e828f3096e74b732f5b2f
research_20260521_1000-0926,user-008,0xd44cb5505e0f266ca33d33f27aa45fa072ec55b2724f9024c57eb79ed0af3d8c,0x85e56873054bde1db0bb60b9fd5b1b708e8872ab6c24d22b59606ad515ca1e3c,3.895,7.552,3.657,3.895,2026-05-21T07:10:50.362419Z,2026-05-21T08:10:50.362419Z,2026-05-21,0x57bdda51774313bdb9c63336ebb6a51de4fddf593c7e828f3096e74b732f5b2f
research_20260521_1000-0927,user-009,0xae7c3d9c694ed82d79d39db543ec8e74321750f70511747af0b9419d48243695,0xbbdc0a4a7214338cac1d95145f0159286f28aaa869c2247597bc67f7c32d793c,3.948,5.899,1.951,3.948,2026-05-21T00:15:01.340545Z,2026-05-21T00:35:01.340545Z,2026-05-21,0x57bdda51774313bdb9c63336ebb6a51de4fddf593c7e828f3096e74b732f5b2f
research_20260521_1000-0928,user-008,0xfc10535f649e2426b060a8da7e0b0dd27d3aa888c8d8fae1d0aff99f395f2d65,0x9c2e8fc04d2589eb84eedb4a1a7d5a4991b01d8b6d554cfe851f3857a6b8608e,6.956,6.956,0.0,6.956,2026-05-21T05:51:51.195506Z,2026-05-21T06:11:51.195506Z,2026-05-21,0x57bdda51774313bdb9c63336ebb6a51de4fddf593c7e828f3096e74b732f5b2f
research_20260521_1000-0929,user-003,0x8e04fba98949b4764ebde59a2a573e98d562a47358bb4182407b64adee05f650,0x852a40d3aecc3dc4b7666a06e6f11fe476a5672151b54d56ef806c8e9e99d92d,3.834,3.834,0.0,3.834,2026-05-21T20:56:18.079403Z,2026-05-21T21:16:18.079403Z,2026-05-21,0x57bdda51774313bdb9c63336ebb6a51de4fddf593c7e828f3096e74b732f5b2f
research_20260521_1000-0930,user-005,0xc5b1ab14ba3ee538bfbad97ff977d55a6bb23606b463ae3d584c60cbf5d58213,0x651914b0d0083244cb5a7130565aa085e0046dbe6e68612ef5ceecd81912e283,3.597,8.826,5.229,3.597,2026-05-21T11:48:23.989468Z,2026-05-21T12:28:23.989468Z,2026-05-21,0x57bdda51774313bdb9c63336ebb6a51de4fddf593c7e828f3096e74b732f5b2f
research_20260521_1000-0931,user-006,0x334e8284f5e8e791c2ff62eeee3058da510ad3ea2ec95ad11596feb9afeaafd7,0xfa78832339ceb7bf601470021481f7c957e792c1ac4f9448ebf5a2c0d3057996,-11.087,0.0,11.087,-11.087,2026-05-21T01:48:56.694903Z,2026-05-21T02:18:56.694903Z,2026-05-21,0x57bdda51774313bdb9c63336ebb6a51de4fddf593c7e828f3096e74b732f5b2f
research_20260521_1000-0932,user-010,0x67323ef9080de1228d11edff75caece3ff0394b928e3f38825f2886da7f9b381,0x076d4658e00aa8d0d4addeeb5fca462ddf89b43986c621d7ee2a7b1dda54dde7,11.044,11.044,0.0,11.044,2026-05-21T22:27:35.233793Z,2026-05-21T23:27:35.233793Z,2026-05-21,0x57bdda51774313bdb9c63336ebb6a51de4fddf593c7e828f3096e74b732f5b2f
research_20260521_1000-0933,user-009,0x22a0a0eb98c0f7aaa8f4e1b923f047c9c7e96b1b2ef6b60a579e9b01e3260d54,0xc712f2c83184a444952a4766f5a22cee5a25190dbcc569991859522fad533e17,11.795,11.795,0.0,11.795,2026-05-21T23:58:03.440324Z,2026-05-22T00:28:03.440324Z,2026-05-21,0x57bdda51774313bdb9c63336ebb6a51de4fddf593c7e828f3096e74b732f5b2f
research_20260521_1000-0934,user-008,0x56a2c75bf8c0070734c148fc919c4dc516567ee0a4df83a3b37a20900a03d2a7,0xfc4a6d6fa68f3e392bdef43ffb086d577f52f99cc2c7097fbe5050f35e4a04d3,-0.187,3.403,3.59,-0.187,2026-05-21T10:19:21.683096Z,2026-05-21T10:39:21.683096Z,2026-05-21,0x57bdda51774313bdb9c63336ebb6a51de4fddf593c7e828f3096e74b732f5b2f
research_20260521_1000-0935,user-004,0x939612dbe194114cd9930dfa706601c7af6a3549723945c36c535b524d1376fc,0x956efbe71aa6f9382fb4f22771195800a1c3adee6f0de21ab9fd532ce1abdbe5,6.519,10.013,3.494,6.519,2026-05-21T20:36:53.400652Z,2026-05-21T21:51:53.400652Z,2026-05-21,0x57bdda51774313bdb9c63336ebb6a51de4fddf593c7e828f3096e74b732f5b2f
research_20260521_1000-0936,user-009,0x9c3319507c769e292d32677d4ed51e21014bd9b761a5ca10c6c9808dfeeb6175,0x67acdd43627dd7df7b5aced41cacc504850f1d13b3f812ffd7825054e686cf5c,7.215,7.215,0.0,7.215,2026-05-21T05:42:26.554839Z,2026-05-21T06:42:26.554839Z,2026-05-21,0x57bdda51774313bdb9c63336ebb6a51de4fddf593c7e828f3096e74b732f5b2f
research_20260521_1000-0937,user-006,0xd300be55a7cea40a1b84672d2ec2059ef5fce24e85e69c9bf854a9bdd4423704,0x8efdfc2c7b48c453c7341d9315f1a5bfd3dba518db333452dd2032c19e26033a,6.829,14.577,7.748,6.829,2026-05-21T15:12:14.515569Z,2026-05-21T16:12:14.515569Z,2026-05-21,0x57bdda51774313bdb9c63336ebb6a51de4fddf593c7e828f3096e74b732f5b2f
research_20260521_1000-0938,user-003,0xff4ba58ed811256242d206b4571527e29699dd2045cafd21ac1fac3d0414fc23,0x1dfdb8845a828c2f59a803eb949ecb641f016eecb913d61209ee99ab8ccfe976,-27.784,0.0,27.784,-27.784,2026-05-21T22:51:28.718205Z,2026-05-22T00:06:28.718205Z,2026-05-21,0x57bdda51774313bdb9c63336ebb6a51de4fddf593c7e828f3096e74b732f5b2f
research_20260521_1000-0939,user-008,0x89c37891edb009a6a8dc8201de451129bdc88eeae801edeb7282cba7bbd78fdb,0x4b136e5faf6427864ec14240c53b2dfe0aa914a854c3a263b8e22dcfeb8beb49,2.523,2.523,0.0,2.523,2026-05-21T03:32:45.274025Z,2026-05-21T03:52:45.274025Z,2026-05-21,0x57bdda51774313bdb9c63336ebb6a51de4fddf593c7e828f3096e74b732f5b2f
research_20260521_1000-0940,user-002,0xb9bab1de1f205795b6ca6c8e5baeda7d184b3ae5b4d9743ac2f0e49ef9dc5feb,0xbe0ddfa0306c3dd952c59a7c501678ff6d2a04d32ccdfde3dd3e1fc33217b2db,4.605,4.605,0.0,4.605,2026-05-21T23:08:19.394790Z,2026-05-21T23:48:19.394790Z,2026-05-21,0x57bdda51774313bdb9c63336ebb6a51de4fddf593c7e828f3096e74b732f5b2f
research_20260521_1000-0941,user-004,0x59b687095944f44669c55a96368256e172f541f6fb7e3771eafd932f552f0e00,0x6f44457f5742745e2066ae82fa59b21c42c8f7796a486cb70085b0a5bce9b4e4,27.116,27.116,0.0,27.116,2026-05-21T03:42:37.730954Z,2026-05-21T04:57:37.730954Z,2026-05-21,0x57bdda51774313bdb9c63336ebb6a51de4fddf593c7e828f3096e74b732f5b2f
research_20260521_1000-0942,user-006,0x76ee774dc3d2e720f928d9f4d75d007cf75c73a03519f3bdbd25dee32389029a,0xbf3f6e0e53914cd2c46340d7f7efab8003823400e77ba5881206cd19e9c40a0e,14.391,14.391,0.0,14.391,2026-05-21T11:44:17.997405Z,2026-05-21T12:24:17.997405Z,2026-05-21,0x57bdda51774313bdb9c63336ebb6a51de4fddf593c7e828f3096e74b732f5b2f
research_20260521_1000-0943,user-002,0x1bed9e105bf873b49ffe0e30c9418a49b58199ad79c59704a01588181b01edc1,0xc1347740f7732830f3586ac04160d64b71f026c5500dde2065a44845b2cfcb82,8.929,10.005,1.076,8.929,2026-05-21T04:29:07.094748Z,2026-05-21T05:29:07.094748Z,2026-05-21,0x57bdda51774313bdb9c63336ebb6a51de4fddf593c7e828f3096e74b732f5b2f
research_20260521_1000-0944,user-006,0x4edf81cc150cc5cdb3e0c4e0f42f9311886cf33a4d560fea5c33124c684d1ac7,0x9e338be12ce5db223d453f62b1a8ac39fcb56db5d78c0228f0e91f92dee3b6de,8.649,8.649,0.0,8.649,2026-05-21T12:27:02.278039Z,2026-05-21T13:42:02.278039Z,2026-05-21,0x57bdda51774313bdb9c63336ebb6a51de4fddf593c7e828f3096e74b732f5b2f
research_20260521_1000-0945,user-007,0xc305d5b4df97354cc8c36034d2ba1f6e9b6fba17651a244a92eb7623438e53ca,0x6e7a29979effab63e4b968a5996be8053e783de10fd87657793d78f7787f0918,-2.381,0.0,2.381,-2.381,2026-05-21T20:23:25.515180Z,2026-05-21T20:43:25.515180Z,2026-05-21,0x57bdda51774313bdb9c63336ebb6a51de4fddf593c7e828f3096e74b732f5b2f
research_20260521_1000-0946,user-004,0xd9a83bc9fd6061286a4c49bb3aa946104fac47c117fff66b27400d542f601ed8,0x7d05c90540b18bc959aaeef9dd76a2119d785d6cf6890bd4f01ef1d6f8592ff6,11.117,11.117,0.0,11.117,2026-05-21T04:39:14.756633Z,2026-05-21T05:09:14.756633Z,2026-05-21,0x57bdda51774313bdb9c63336ebb6a51de4fddf593c7e828f3096e74b732f5b2f
research_20260521_1000-0947,user-002,0x25f1e5341696b490716f2105620810393575c2edc7b4819a75a490e62921522c,0xa8ca0f6a709e121cec7fbc9b5bca4388d9b4b49234f6f0fdd4819daf3e7f5871,2.429,2.429,0.0,2.429,2026-05-21T22:34:03.739973Z,2026-05-21T22:54:03.739973Z,2026-05-21,0x57bdda51774313bdb9c63336ebb6a51de4fddf593c7e828f3096e74b732f5b2f
research_20260521_1000-0948,user-008,0x8e45936b3f21b74caae4eb09e3eef869964bea3d2a5878446ee744d2dac52fcd,0xcf034d2d08daee055208da96aae84cb4224ddfd238e88b2d2d0d7d6592887645,7.104,7.104,0.0,7.104,2026-05-21T14:17:12.209124Z,2026-05-21T14:37:12.209124Z,2026-05-21,0x57bdda51774313bdb9c63336ebb6a51de4fddf593c7e828f3096e74b732f5b2f
research_20260521_1000-0949,user-005,0x0bc08b360f859beba0be91b3803b6a5399d71f5f8a23739df5d813639549de8a,0x474bd6355e162efdfd5627b19e596ff5d190395fb18325d1d22243087177f498,6.793,6.793,0.0,6.793,2026-05-21T12:22:16.798452Z,2026-05-21T13:22:16.798452Z,2026-05-21,0x57bdda51774313bdb9c63336ebb6a51de4fddf593c7e828f3096e74b732f5b2f
research_20260521_1000-0950,user-008,0x8ef5d4e68901a06c3d2861035652e0adf984b6947593d0eb41873faee514470a,0x4a5cf8a95071526cfa455601288c0e4160abd0f50bcd958cc983a9f31ec09d93,7.139,14.899,7.76,7.139,2026-05-21T19:46:12.566960Z,2026-05-21T20:46:12.566960Z,2026-05-21,0x57bdda51774313bdb9c63336ebb6a51de4fddf593c7e828f3096e74b732f5b2f
research_20260521_1000-0951,user-010,0xd37b544575381e810d70bb4290df779ed9b54cd08ce775d2464ef4976817d223,0x03f45bf9b9ba86f42f951b8505df151b0c95692448e38c57ad28f52376bad584,5.006,5.006,0.0,5.006,2026-05-21T22:10:28.647740Z,2026-05-21T22:50:28.647740Z,2026-05-21,0x57bdda51774313bdb9c63336ebb6a51de4fddf593c7e828f3096e74b732f5b2f
research_20260521_1000-0952,user-007,0x95e2d28200bd81a7bd78cb5a6c12611d54c02004c16d5ce9d3ac65ba1e59476f,0xfa3fe95bb4a4f32f50fde36f0c1674b754ead26aff10def7ecce942ff732a193,21.981,21.981,0.0,21.981,2026-05-21T21:03:05.674152Z,2026-05-21T22:03:05.674152Z,2026-05-21,0x57bdda51774313bdb9c63336ebb6a51de4fddf593c7e828f3096e74b732f5b2f
research_20260521_1000-0953,user-010,0xcd6a7f0fc415a5d79beb390baccba1dbf2cdcc58c1fe2c281570b0d8c8f25a5d,0x5b9c2ba25e0e6227b9b9eed80227befda8db12e2e550157e8022ad64d314d819,6.997,8.96,1.963,6.997,2026-05-21T13:27:08.025711Z,2026-05-21T13:57:08.025711Z,2026-05-21,0x57bdda51774313bdb9c63336ebb6a51de4fddf593c7e828f3096e74b732f5b2f
research_20260521_1000-0954,user-006,0x6f7c60033c8fd14e1930323a5ebbc741d55a22b16c93b73573608644ce507792,0xc2fc90f94c6f4c1d633eda2fb4c0a5dc260660259d365c85d962b96c1121596f,17.181,22.478,5.297,17.181,2026-05-21T20:39:53.008302Z,2026-05-21T21:54:53.008302Z,2026-05-21,0x57bdda51774313bdb9c63336ebb6a51de4fddf593c7e828f3096e74b732f5b2f
research_20260521_1000-0955,user-010,0xb740d51a6e91ab9bb176fbf2cd31aa1e9d78ee220f733ef1209aabd16087506f,0xf55e7395b6ccdfcc271495625c6234c3aa423419a87c0a95c7f1e73fb3fc10fc,10.395,10.395,0.0,10.395,2026-05-21T13:27:44.836554Z,2026-05-21T13:57:44.836554Z,2026-05-21,0x57bdda51774313bdb9c63336ebb6a51de4fddf593c7e828f3096e74b732f5b2f
research_20260521_1000-0956,user-001,0x3195b24940c22c2e2922f133396d538e860f85286d149b79887666eb5e6ee185,0x2e0785b09f9b78318f1e07fcca4f43110d284f3af4b02428a4aa44be2383f4d0,0.47,3.983,3.513,0.47,2026-05-21T19:08:07.615231Z,2026-05-21T19:48:07.615231Z,2026-05-21,0x57bdda51774313bdb9c63336ebb6a51de4fddf593c7e828f3096e74b732f5b2f
research_20260521_1000-0957,user-002,0x6edaa402203569d44fa8e161d4544948c749e3506a5b0bd662926384a94bf2e4,0xaa6acb7510a01d8d2623ab737036879c1b3594c10ba1257008ed4e2920c17851,10.707,10.707,0.0,10.707,2026-05-21T23:26:06.573872Z,2026-05-21T23:56:06.573872Z,2026-05-21,0x57bdda51774313bdb9c63336ebb6a51de4fddf593c7e828f3096e74b732f5b2f
research_20260521_1000-0958,user-009,0xefa52194ef3daf0c87704a927cc7a3d35aac16018c4a837571a877c4dfb08263,0x18a21fefd79b253c9549e14309ca4484fc10145ae79f9512616067cb58755ffd,8.838,8.838,0.0,8.838,2026-05-21T19:21:17.649786Z,2026-05-21T20:36:17.649786Z,2026-05-21,0x57bdda51774313bdb9c63336ebb6a51de4fddf593c7e828f3096e74b732f5b2f
research_20260521_1000-0959,user-010,0x40f614320c75e08912ed6031a0ef01bd9f802d26ddc45fde03628f5aebb08f77,0x062dceefde1222f1446f22bab36855debf9b5c44777e0c78676bb1713150d08e,0.086,1.297,1.211,0.086,2026-05-21T05:28:13.035327Z,2026-05-21T05:48:13.035327Z,2026-05-21,0x57bdda51774313bdb9c63336ebb6a51de4fddf593c7e828f3096e74b732f5b2f
research_20260521_1000-0960,user-009,0xc0f04e05e2781fc339dae7b3f65cc824c44841256b140e7d0d571fe384323612,0xaea0137dbc45e0d6972f90b17f1a597fe02d498e22ff608c5b5ab1ca25c3b7f8,3.621,3.621,0.0,3.621,2026-05-21T05:44:40.148096Z,2026-05-21T06:14:40.148096Z,2026-05-21,0x57bdda51774313bdb9c63336ebb6a51de4fddf593c7e828f3096e74b732f5b2f
research_20260521_1000-0961,user-005,0xbbf0343fd99205db9ba397ec5ff5e623b6f655d2c665b83a4f8000dfdfc446f4,0x509653cfb1122a2e366520fa16538603c3fd51dc9c318465f0c330963c0d9dcf,2.427,2.427,0.0,2.427,2026-05-21T05:20:37.547458Z,2026-05-21T05:40:37.547458Z,2026-05-21,0x57bdda51774313bdb9c63336ebb6a51de4fddf593c7e828f3096e74b732f5b2f
research_20260521_1000-0962,user-006,0x76668a7da3d93486a4d2df2e4a6f3d7ca5e0b6e2c77d58f124a62f9c0ed841c8,0x7a333667cd45ae9c084f722cd7a6844ded8ea6e44d951e6e03721171e684ac02,-27.755,0.0,27.755,-27.755,2026-05-21T03:20:49.491986Z,2026-05-21T04:35:49.491986Z,2026-05-21,0x57bdda51774313bdb9c63336ebb6a51de4fddf593c7e828f3096e74b732f5b2f
research_20260521_1000-0963,user-006,0xeae0a6210dca94d0f30a21aaaa03972fb98c741469ff4a943f7adc09341a6550,0x12286869f18012bdceab21ccd4358737565b587efee69e28fffb4b0cb6b20cb7,14.061,14.061,0.0,14.061,2026-05-21T20:54:23.232221Z,2026-05-21T22:09:23.232221Z,2026-05-21,0x57bdda51774313bdb9c63336ebb6a51de4fddf593c7e828f3096e74b732f5b2f
research_20260521_1000-0964,user-007,0x37132010b9edd84eff053578435b3dd9534fedc4959c0fb2fba6dc5b42300ee7,0xfaec010517cc12b5fc8260ba59aa756d97d69e2f61a4cce66fa5ddd48c8a99c8,8.96,8.96,0.0,8.96,2026-05-21T21:01:43.049536Z,2026-05-21T22:16:43.049536Z,2026-05-21,0x57bdda51774313bdb9c63336ebb6a51de4fddf593c7e828f3096e74b732f5b2f
research_20260521_1000-0965,user-003,0x2c5a46195847862abd34a0684605b1156dbd0d54554bad2514e817cc7e001966,0x1febe98f68365f2f2a325009b1097502fc12765ce90ad1732355e6a007a41366,2.413,2.413,0.0,2.413,2026-05-21T04:07:00.875952Z,2026-05-21T04:27:00.875952Z,2026-05-21,0x57bdda51774313bdb9c63336ebb6a51de4fddf593c7e828f3096e74b732f5b2f
research_20260521_1000-0966,user-008,0x0fb3be76d4fec8f579032eec8bcc6f7e6d6204530b8e89fd433b77059062b914,0xf959b412f5b66a8fae06a5a67eba4395411c8c550ca9f5e42ea4d3845baba5ba,-11.002,0.0,11.002,-11.002,2026-05-21T10:26:13.396252Z,2026-05-21T11:26:13.396252Z,2026-05-21,0x57bdda51774313bdb9c63336ebb6a51de4fddf593c7e828f3096e74b732f5b2f
research_20260521_1000-0967,user-001,0xb82e3dec64a70612f79fb2730c73ff17e4545ad354b5fea3ab2705fdb4ef7113,0xd20276d59d176699ed7a6fad7201eabab3b1923f455cf466aad35328dbeb6a3a,3.238,5.175,1.937,3.238,2026-05-21T10:39:53.062925Z,2026-05-21T10:59:53.062925Z,2026-05-21,0x57bdda51774313bdb9c63336ebb6a51de4fddf593c7e828f3096e74b732f5b2f
research_20260521_1000-0968,user-002,0xe49e64792bb39d8b4da3133ee0a5ec63246143533bed26685e6243f7e717dd54,0x7507eacd15e603ee29c5ba56e8a6359e59d4289502425c37c780e06fee1b8eff,18.236,20.141,1.905,18.236,2026-05-21T12:14:51.764599Z,2026-05-21T13:14:51.764599Z,2026-05-21,0x57bdda51774313bdb9c63336ebb6a51de4fddf593c7e828f3096e74b732f5b2f
research_20260521_1000-0969,user-004,0x8f0d1810acb6a31534317a6f264334825a97f8ca3b8da8636c314cc0f931979a,0x890721427c0d6fe01af01017489c7ad64192392b0b03461a8f7c19ba6a8c7726,-3.686,0.0,3.686,-3.686,2026-05-21T16:00:43.165218Z,2026-05-21T16:20:43.165218Z,2026-05-21,0x57bdda51774313bdb9c63336ebb6a51de4fddf593c7e828f3096e74b732f5b2f
research_20260521_1000-0970,user-001,0x5641bd25f2b0e7b310218f5d3a30c7a448eb4e36e24a0a7d3baf2e4cc9041b3f,0xfb717736468ad176c5688d89f5926e2bf08bbd685f4a37ccd31af6dbebb6e206,5.379,5.379,0.0,5.379,2026-05-21T10:25:12.663194Z,2026-05-21T10:55:12.663194Z,2026-05-21,0x57bdda51774313bdb9c63336ebb6a51de4fddf593c7e828f3096e74b732f5b2f
research_20260521_1000-0971,user-004,0xf294342c10c721821014631f15262f62dafe5c3c8bda378dadd02d922a40d9b2,0x35a87b3ce70de4d6bdb76d4688fdcbdadb7b94612341ca7e4a65933d859a44f6,5.416,5.416,0.0,5.416,2026-05-21T09:24:58.423475Z,2026-05-21T09:54:58.423475Z,2026-05-21,0x57bdda51774313bdb9c63336ebb6a51de4fddf593c7e828f3096e74b732f5b2f
research_20260521_1000-0972,user-008,0x1e41bda736392d6ec1024f814ebf5c641773500cadda084e813b30bd670e4c13,0xe9c894eab70bc1e74228b5ca2b87fe2a3d90d97950fd17192a7dcca0afa14f73,-3.68,0.0,3.68,-3.68,2026-05-21T23:31:40.076145Z,2026-05-21T23:51:40.076145Z,2026-05-21,0x57bdda51774313bdb9c63336ebb6a51de4fddf593c7e828f3096e74b732f5b2f
research_20260521_1000-0973,user-008,0xce33a65bb6f1e460188d2444c01a5d96c1c3490fac74495cdc92df51dfa7832a,0xcbe4b9b0398dc824019ff843d9d32f8c7c0940eb6f572e4487e16b6efe47a5f5,7.039,7.039,0.0,7.039,2026-05-21T09:51:32.365610Z,2026-05-21T10:51:32.365610Z,2026-05-21,0x57bdda51774313bdb9c63336ebb6a51de4fddf593c7e828f3096e74b732f5b2f
research_20260521_1000-0974,user-002,0x369ea4f4bc8609341c7a1232afde94578175f9a36d0c7da3484caa8a488cad21,0x5849c121571069539e7af93ad0a9e34b5ec472723dbc005a36b09871b01ddea0,0.345,1.899,1.554,0.345,2026-05-21T16:23:00.065499Z,2026-05-21T16:53:00.065499Z,2026-05-21,0x57bdda51774313bdb9c63336ebb6a51de4fddf593c7e828f3096e74b732f5b2f
research_20260521_1000-0975,user-004,0x6bda358aeb2c945f268782afb298bb5b5f63505eabf569a03a3402ead3fd9686,0x7cd6c08eaf229f500a93330c8ccd08d4779d82697199a4eb33b36de89a7de0fc,5.338,5.338,0.0,5.338,2026-05-21T08:25:50.474640Z,2026-05-21T08:55:50.474640Z,2026-05-21,0x57bdda51774313bdb9c63336ebb6a51de4fddf593c7e828f3096e74b732f5b2f
research_20260521_1000-0976,user-008,0x2ce6083a147fbb89642d5c3cb86307e320986599feeb51c77e1eb66d7570f47d,0x69e4758808bd89ba6b44775653172f2a7930896bd2fc34842a7c145004785192,3.835,3.835,0.0,3.835,2026-05-21T17:06:13.005340Z,2026-05-21T17:26:13.005340Z,2026-05-21,0x57bdda51774313bdb9c63336ebb6a51de4fddf593c7e828f3096e74b732f5b2f
research_20260521_1000-0977,user-009,0x5ca9c9d0c16deff6d84f19ebec40ed594d322556b0e6bc08bdb6c567568502a9,0x3dba1d50c9ccfdb69b3dd0cc3facf7642eaa6356a7df1333a4eef1ddadd621e9,13.731,13.731,0.0,13.731,2026-05-21T07:54:35.198213Z,2026-05-21T09:09:35.198213Z,2026-05-21,0x57bdda51774313bdb9c63336ebb6a51de4fddf593c7e828f3096e74b732f5b2f
research_20260521_1000-0978,user-001,0xc6b504fc64622180774d4d8dcd1cbca28bd805b45d3067b25309d9f1e9508927,0x208c650443a5799d5a04fb65ee43ec0d94f03e0301544be6d6f7d5d696883dd8,4.78,4.78,0.0,4.78,2026-05-21T08:50:36.751840Z,2026-05-21T09:30:36.751840Z,2026-05-21,0x57bdda51774313bdb9c63336ebb6a51de4fddf593c7e828f3096e74b732f5b2f
research_20260521_1000-0979,user-008,0x461498d1938452c274143798a1c06e38ca21b68c31a0c4bf2154f429818b358e,0x0beebd8a7b2df09cbf5eb19db137a639f6e174a11921d496c6b0c54d07b13d2b,2.342,2.342,0.0,2.342,2026-05-21T02:21:48.075419Z,2026-05-21T02:41:48.075419Z,2026-05-21,0x57bdda51774313bdb9c63336ebb6a51de4fddf593c7e828f3096e74b732f5b2f
research_20260521_1000-0980,user-002,0xc67cbd27998b2f797a54a92d146238a0522b8e6cc5cfcd98212a5356271710eb,0x4967a6dad0d873d0a14fc184fba26557b359515975663914b603d06744c1c28a,-11.063,0.0,11.063,-11.063,2026-05-21T00:41:28.090917Z,2026-05-21T01:41:28.090917Z,2026-05-21,0x57bdda51774313bdb9c63336ebb6a51de4fddf593c7e828f3096e74b732f5b2f
research_20260521_1000-0981,user-009,0x7cfd296df8651deba17c256b21e165486197657ca657e47a42a4c6f709618e33,0xa9e32a9f7614264be0a072fca7e93a0f5f69c38d810b4f8dcf39ff4cb3bf442a,11.756,11.756,0.0,11.756,2026-05-21T22:51:34.550903Z,2026-05-21T23:51:34.550903Z,2026-05-21,0x57bdda51774313bdb9c63336ebb6a51de4fddf593c7e828f3096e74b732f5b2f
research_20260521_1000-0982,user-007,0x8517352dcb87d4cfed774412b7f12d249ded4a07ff40c53cb87c03b3277a0377,0x28495651f38823448999a027b6de472c69cb0100c7c84c12c3bf24d60f4d8095,9.002,9.002,0.0,9.002,2026-05-21T10:33:02.878165Z,2026-05-21T11:48:02.878165Z,2026-05-21,0x57bdda51774313bdb9c63336ebb6a51de4fddf593c7e828f3096e74b732f5b2f
research_20260521_1000-0983,user-004,0x4e348ec7bc41cf11247773f10343e2d2ac901c658223b1b0165067af983369aa,0x4716f05da94a94fa5ae5ac9db96f74a301f5278f1ee3b2fd5eb27c13ae8f6b95,14.531,14.531,0.0,14.531,2026-05-21T19:44:04.669734Z,2026-05-21T20:24:04.669734Z,2026-05-21,0x57bdda51774313bdb9c63336ebb6a51de4fddf593c7e828f3096e74b732f5b2f
research_20260521_1000-0984,user-005,0x6d216b7e500fdc14390377eba7ee73588e73eb132a4c38b211d0bf5e7631b71a,0x23f228d12b44950872d4f4d2e876594a5feed343d6d2ba9f110d0086b47ccd62,14.372,14.372,0.0,14.372,2026-05-21T08:37:24.119010Z,2026-05-21T09:52:24.119010Z,2026-05-21,0x57bdda51774313bdb9c63336ebb6a51de4fddf593c7e828f3096e74b732f5b2f
research_20260521_1000-0985,user-005,0x7c60fc8232811db14a64f1b04f5994bee27d5cda813015bb3c0d57e9c844c7dd,0x09dd5fa2c9f9946c378e3edda1e8961110241de1ca3062a1428b2c08b5d001c2,3.468,3.468,0.0,3.468,2026-05-21T10:57:37.661625Z,2026-05-21T11:27:37.661625Z,2026-05-21,0x57bdda51774313bdb9c63336ebb6a51de4fddf593c7e828f3096e74b732f5b2f
research_20260521_1000-0986,user-005,0xeeba65e6ffdec6b9e6bcb8f05802d64321ce358089f53225cf91a99575918f9c,0x995d0e18aadd4869727fa0d1a76ed618656ef9c3a531445c5ccfe930f6df3610,-10.563,0.0,10.563,-10.563,2026-05-21T14:29:55.711747Z,2026-05-21T14:59:55.711747Z,2026-05-21,0x57bdda51774313bdb9c63336ebb6a51de4fddf593c7e828f3096e74b732f5b2f
research_20260521_1000-0987,user-004,0x37fb7a1949dd501b3ff7ac29f845cd3e54d2f055ad692380a173385003ccb962,0x581950898c1123922f5e117b0d3c9c89fbd7afa74d77306153ab14c96dfb4a27,28.77,28.77,0.0,28.77,2026-05-21T15:23:50.649465Z,2026-05-21T16:38:50.649465Z,2026-05-21,0x57bdda51774313bdb9c63336ebb6a51de4fddf593c7e828f3096e74b732f5b2f
research_20260521_1000-0988,user-005,0xe696fbe5b2bdad949e7762da0ae41da433f33fc016003005faf703b742a6c6ec,0x94dfff3eb1cb4408fddf615990136490c6ad52fb7936af49a5117fdc61d31bf5,1.269,4.211,2.942,1.269,2026-05-21T05:58:18.833905Z,2026-05-21T06:58:18.833905Z,2026-05-21,0x57bdda51774313bdb9c63336ebb6a51de4fddf593c7e828f3096e74b732f5b2f
research_20260521_1000-0989,user-005,0x4308b2501ed57319f89b8a472d65dd7108d83a883e3d4f06ade9303b1098377b,0x7026bfcd1ec4c9bd7deab071b0209e8208d83c848431d169ad2be4a2409844b3,27.098,27.098,0.0,27.098,2026-05-21T09:42:51.122457Z,2026-05-21T10:57:51.122457Z,2026-05-21,0x57bdda51774313bdb9c63336ebb6a51de4fddf593c7e828f3096e74b732f5b2f
research_20260521_1000-0990,user-009,0x79ae18881bb66d7a26b17d72a592cfa4efbb2ce42137965ad3e16d0af840921b,0x57e8f5648dd6b6b4c6a2b9362610091003eb47a15236713dada8778869e3e7f9,10.472,10.472,0.0,10.472,2026-05-21T09:09:56.064803Z,2026-05-21T09:39:56.064803Z,2026-05-21,0x57bdda51774313bdb9c63336ebb6a51de4fddf593c7e828f3096e74b732f5b2f
research_20260521_1000-0991,user-006,0x34eceb8abdabb2a9bcb7375925d4680cc0085fb74082b3b53f7362f7d1a28c5d,0x961153308af53659e3976bcf658f4612b8e23a40316d8145abacdc9deeb6c167,1.285,1.863,0.578,1.285,2026-05-21T04:41:50.749287Z,2026-05-21T05:01:50.749287Z,2026-05-21,0x57bdda51774313bdb9c63336ebb6a51de4fddf593c7e828f3096e74b732f5b2f
research_20260521_1000-0992,user-001,0xaa6cfd79673933c85f9a8d549106c291399864f0ada1ee0c05a70cce8a10b710,0xa5117df4ffe24c1b93b89d2e19cc7b4b5f6ba9eca9c8e8e0a61c4520568bc1a8,1.946,2.73,0.784,1.946,2026-05-21T15:33:11.045893Z,2026-05-21T15:53:11.045893Z,2026-05-21,0x57bdda51774313bdb9c63336ebb6a51de4fddf593c7e828f3096e74b732f5b2f
research_20260521_1000-0993,user-003,0x09832bfb624418d8441e43b0978e36be31f29117570ed3c0214b258058bab4c6,0x133ca691f92d8539acf6c389ac539336cea117d081af76bd8ff7773399c9b12e,-13.722,0.0,13.722,-13.722,2026-05-21T21:34:59.281781Z,2026-05-21T22:49:59.281781Z,2026-05-21,0x57bdda51774313bdb9c63336ebb6a51de4fddf593c7e828f3096e74b732f5b2f
research_20260521_1000-0994,user-009,0x31017ec9a77a17ad676a9aeba67e229f1612d433945c42e6541310bb8fc7f862,0xa131a0e68690ee592c5cb0ad6ca1d8fb37ca97e7fa1aaa86141632db0c82b386,-11.355,0.0,11.355,-11.355,2026-05-21T09:15:43.063923Z,2026-05-21T10:15:43.063923Z,2026-05-21,0x57bdda51774313bdb9c63336ebb6a51de4fddf593c7e828f3096e74b732f5b2f
research_20260521_1000-0995,user-004,0x055e53d2be124bf7d550c68117cfee63336e16a724883c9a032cc74b0221daf5,0xa9fd55c10f08787ca845b7af14099d1c77148a1a71398e36c0caa989b9d04e0f,-9.086,0.0,9.086,-9.086,2026-05-21T05:13:59.179562Z,2026-05-21T06:28:59.179562Z,2026-05-21,0x57bdda51774313bdb9c63336ebb6a51de4fddf593c7e828f3096e74b732f5b2f
research_20260521_1000-0996,user-002,0xb0cc30a7a5a637e6d9d8bde594645a6a340555fb21369ee8efeff2557703feca,0x9216adfb8aa648c903eaa03557c3ab59447b7576786b632f625d58a725a7826e,4.717,4.717,0.0,4.717,2026-05-21T19:47:07.956664Z,2026-05-21T20:27:07.956664Z,2026-05-21,0x57bdda51774313bdb9c63336ebb6a51de4fddf593c7e828f3096e74b732f5b2f
research_20260521_1000-0997,user-005,0x769e9b32d3f0fd1169e904e2009b68419261e28de33d882082d6e89b34c0fb45,0xc60f3a955c17c93ce94ec4f73f4a837548d8c89225b175801705fb2081705569,-2.447,0.0,2.447,-2.447,2026-05-21T06:57:50.220090Z,2026-05-21T07:17:50.220090Z,2026-05-21,0x57bdda51774313bdb9c63336ebb6a51de4fddf593c7e828f3096e74b732f5b2f
research_20260521_1000-0998,user-001,0x816f9619a783c660e5eed2083ee5ea8ae730fa7b1e69cc0bbb8ce24b67cdd82e,0x7437e42ca49a5f33c93d3f19e5dfb0e9a4f35d23f804236f18c07a69e57e84bb,0.584,4.835,4.251,0.584,2026-05-21T05:43:53.409767Z,2026-05-21T06:58:53.409767Z,2026-05-21,0x57bdda51774313bdb9c63336ebb6a51de4fddf593c7e828f3096e74b732f5b2f
research_20260521_1000-0999,user-007,0x6d49425811cd8e2c2661cdad25d53e591829a26390f6678a35338efcbc607ab8,0x4350153bac03910be99d9b4711c211c52728fb2a584bfc1c11014483c9a45b53,0.154,1.218,1.064,0.154,2026-05-21T22:09:21.530820Z,2026-05-21T22:29:21.530820Z,2026-05-21,0x57bdda51774313bdb9c63336ebb6a51de4fddf593c7e828f3096e74b732f5b2f
research_20260521_1000-1000,user-009,0xe639ae8ab67f39d5ce456b580e976a75ed6ca6aa786db8aa2c5f1ac0eeb0ea5c,0x5a7c280a7107158a8105a1fbca5d00a39202b6e1c67465d6cb6a2b6dabfe5d93,13.355,13.355,0.0,13.355,2026-05-21T22:49:44.705404Z,2026-05-22T00:04:44.705404Z,2026-05-21,0x57bdda51774313bdb9c63336ebb6a51de4fddf593c7e828f3096e74b732f5b2f
