session_id,user_id,evse_id,start_ts,end_ts,session_type,tariff_model
research_20260521_1000-0001,user-002,EVSE-046,2026-05-21T23:22:59.070749Z,2026-05-22T00:02:59.070749Z,bidirectional,TOU
research_20260521_1000-0002,user-004,EVSE-023,2026-05-21T13:12:08.338401Z,2026-05-21T13:52:08.338401Z,charge_only,TOU
research_20260521_1000-0003,user-008,EVSE-041,2026-05-21T11:06:49.892898Z,2026-05-21T12:06:49.892898Z,charge_only,TOU
research_20260521_1000-0004,user-006,EVSE-036,2026-05-21T18:57:18.592541Z,2026-05-21T19:37:18.592541Z,charge_only,TOU
research_20260521_1000-0005,user-001,EVSE-014,2026-05-21T18:29:10.246582Z,2026-05-21T18:49:10.246582Z,discharge_only,TOU
research_20260521_1000-0006,user-008,EVSE-009,2026-05-21T20:33:15.894586Z,2026-05-21T21:03:15.894586Z,charge_only,TOU
research_20260521_1000-0007,user-001,EVSE-001,2026-05-21T03:19:00.708605Z,2026-05-21T03:49:00.708605Z,bidirectional,TOU
research_20260521_1000-0008,user-009,EVSE-041,2026-05-21T05:57:44.158115Z,2026-05-21T06:37:44.158115Z,bidirectional,TOU
research_20260521_1000-0009,user-006,EVSE-036,2026-05-21T05:40:59.066874Z,2026-05-21T06:55:59.066874Z,charge_only,TOU
research_20260521_1000-0010,user-010,EVSE-029,2026-05-21T13:49:40.881967Z,2026-05-21T14:19:40.881967Z,charge_only,TOU
research_20260521_1000-0011,user-006,EVSE-031,2026-05-21T23:28:42.639935Z,2026-05-22T00:43:42.639935Z,charge_only,TOU
research_20260521_1000-0012,user-002,EVSE-013,2026-05-21T08:10:03.890442Z,2026-05-21T08:50:03.890442Z,discharge_only,TOU
research_20260521_1000-0013,user-007,EVSE-026,2026-05-21T19:34:46.633708Z,2026-05-21T20:34:46.633708Z,charge_only,TOU
research_20260521_1000-0014,user-001,EVSE-034,2026-05-21T00:20:09.315897Z,2026-05-21T01:00:09.315897Z,bidirectional,TOU
research_20260521_1000-0015,user-002,EVSE-040,2026-05-21T03:33:04.004082Z,2026-05-21T03:53:04.004082Z,bidirectional,TOU
research_20260521_1000-0016,user-010,EVSE-040,2026-05-21T11:26:11.573378Z,2026-05-21T12:06:11.573378Z,charge_only,TOU
research_20260521_1000-0017,user-002,EVSE-036,2026-05-21T11:04:48.387486Z,2026-05-21T12:19:48.387486Z,bidirectional,TOU
research_20260521_1000-0018,user-004,EVSE-018,2026-05-21T06:45:38.307031Z,2026-05-21T07:15:38.307031Z,charge_only,TOU
research_20260521_1000-0019,user-003,EVSE-038,2026-05-21T08:41:33.404201Z,2026-05-21T09:21:33.404201Z,charge_only,TOU
research_20260521_1000-0020,user-001,EVSE-040,2026-05-21T16:35:06.478566Z,2026-05-21T16:55:06.478566Z,bidirectional,TOU
research_20260521_1000-0021,user-004,EVSE-045,2026-05-21T03:13:58.067847Z,2026-05-21T03:43:58.067847Z,bidirectional,TOU
research_20260521_1000-0022,user-008,EVSE-002,2026-05-21T18:38:41.726804Z,2026-05-21T19:38:41.726804Z,discharge_only,TOU
research_20260521_1000-0023,user-003,EVSE-001,2026-05-21T10:02:57.047005Z,2026-05-21T10:42:57.047005Z,bidirectional,TOU
research_20260521_1000-0024,user-004,EVSE-033,2026-05-21T15:14:31.264838Z,2026-05-21T15:34:31.264838Z,charge_only,TOU
research_20260521_1000-0025,user-007,EVSE-011,2026-05-21T07:15:01.193014Z,2026-05-21T08:30:01.193014Z,bidirectional,TOU
research_20260521_1000-0026,user-010,EVSE-030,2026-05-21T15:56:19.734733Z,2026-05-21T16:26:19.734733Z,discharge_only,TOU
research_20260521_1000-0027,user-004,EVSE-008,2026-05-21T06:44:34.912901Z,2026-05-21T07:44:34.912901Z,discharge_only,TOU
research_20260521_1000-0028,user-009,EVSE-005,2026-05-21T00:16:26.092055Z,2026-05-21T01:31:26.092055Z,charge_only,TOU
research_20260521_1000-0029,user-006,EVSE-001,2026-05-21T16:18:37.093289Z,2026-05-21T17:33:37.093289Z,bidirectional,TOU
research_20260521_1000-0030,user-007,EVSE-040,2026-05-21T03:30:02.097071Z,2026-05-21T04:30:02.097071Z,charge_only,TOU
research_20260521_1000-0031,user-010,EVSE-014,2026-05-21T10:26:16.532667Z,2026-05-21T10:46:16.532667Z,charge_only,TOU
research_20260521_1000-0032,user-007,EVSE-016,2026-05-21T17:18:18.628409Z,2026-05-21T18:18:18.628409Z,charge_only,TOU
research_20260521_1000-0033,user-010,EVSE-013,2026-05-21T01:14:13.793280Z,2026-05-21T02:14:13.793280Z,bidirectional,TOU
research_20260521_1000-0034,user-004,EVSE-027,2026-05-21T21:32:15.727209Z,2026-05-21T22:12:15.727209Z,charge_only,TOU
research_20260521_1000-0035,user-006,EVSE-016,2026-05-21T08:43:45.446833Z,2026-05-21T09:43:45.446833Z,bidirectional,TOU
research_20260521_1000-0036,user-007,EVSE-042,2026-05-21T15:54:35.332041Z,2026-05-21T16:54:35.332041Z,bidirectional,TOU
research_20260521_1000-0037,user-001,EVSE-022,2026-05-21T21:45:00.190512Z,2026-05-21T22:15:00.190512Z,charge_only,TOU
research_20260521_1000-0038,user-005,EVSE-031,2026-05-21T17:56:58.722376Z,2026-05-21T18:16:58.722376Z,bidirectional,TOU
research_20260521_1000-0039,user-009,EVSE-004,2026-05-21T09:39:37.280020Z,2026-05-21T09:59:37.280020Z,bidirectional,TOU
research_20260521_1000-0040,user-003,EVSE-010,2026-05-21T08:40:28.061799Z,2026-05-21T09:40:28.061799Z,charge_only,TOU
research_20260521_1000-0041,user-002,EVSE-029,2026-05-21T00:07:45.474198Z,2026-05-21T00:27:45.474198Z,charge_only,TOU
research_20260521_1000-0042,user-010,EVSE-005,2026-05-21T00:13:21.299096Z,2026-05-21T00:53:21.299096Z,charge_only,TOU
research_20260521_1000-0043,user-010,EVSE-038,2026-05-21T12:42:19.561814Z,2026-05-21T13:02:19.561814Z,bidirectional,TOU
research_20260521_1000-0044,user-007,EVSE-008,2026-05-21T21:13:43.327467Z,2026-05-21T21:43:43.327467Z,bidirectional,TOU
research_20260521_1000-0045,user-007,EVSE-042,2026-05-21T01:21:32.772800Z,2026-05-21T02:36:32.772800Z,charge_only,TOU
research_20260521_1000-0046,user-010,EVSE-008,2026-05-21T13:31:19.537117Z,2026-05-21T14:31:19.537117Z,charge_only,TOU
research_20260521_1000-0047,user-009,EVSE-032,2026-05-21T04:11:06.289638Z,2026-05-21T04:31:06.289638Z,charge_only,TOU
research_20260521_1000-0048,user-004,EVSE-036,2026-05-21T17:34:26.341013Z,2026-05-21T18:04:26.341013Z,discharge_only,TOU
research_20260521_1000-0049,user-004,EVSE-046,2026-05-21T00:10:08.983156Z,2026-05-21T00:30:08.983156Z,charge_only,TOU
research_20260521_1000-0050,user-008,EVSE-032,2026-05-21T18:08:01.649715Z,2026-05-21T19:23:01.649715Z,discharge_only,TOU
research_20260521_1000-0051,user-008,EVSE-009,2026-05-21T15:42:01.291438Z,2026-05-21T16:57:01.291438Z,discharge_only,TOU
research_20260521_1000-0052,user-002,EVSE-035,2026-05-21T03:00:09.951682Z,2026-05-21T04:00:09.951682Z,charge_only,TOU
research_20260521_1000-0053,user-008,EVSE-007,2026-05-21T03:02:46.107297Z,2026-05-21T03:22:46.107297Z,bidirectional,TOU
research_20260521_1000-0054,user-001,EVSE-012,2026-05-21T22:52:46.380306Z,2026-05-21T23:12:46.380306Z,discharge_only,TOU
research_20260521_1000-0055,user-007,EVSE-019,2026-05-21T09:06:37.024158Z,2026-05-21T09:36:37.024158Z,charge_only,TOU
research_20260521_1000-0056,user-008,EVSE-037,2026-05-21T01:17:51.641142Z,2026-05-21T02:32:51.641142Z,charge_only,TOU
research_20260521_1000-0057,user-001,EVSE-029,2026-05-21T02:07:42.695199Z,2026-05-21T03:07:42.695199Z,charge_only,TOU
research_20260521_1000-0058,user-003,EVSE-031,2026-05-21T21:49:12.476336Z,2026-05-21T22:29:12.476336Z,charge_only,TOU
research_20260521_1000-0059,user-006,EVSE-007,2026-05-21T04:40:54.308665Z,2026-05-21T05:40:54.308665Z,bidirectional,TOU
research_20260521_1000-0060,user-010,EVSE-035,2026-05-21T02:45:42.109373Z,2026-05-21T04:00:42.109373Z,charge_only,TOU
research_20260521_1000-0061,user-003,EVSE-029,2026-05-21T02:44:00.249071Z,2026-05-21T03:04:00.249071Z,charge_only,TOU
research_20260521_1000-0062,user-002,EVSE-041,2026-05-21T00:26:27.845137Z,2026-05-21T01:06:27.845137Z,charge_only,TOU
research_20260521_1000-0063,user-006,EVSE-018,2026-05-21T18:08:15.647285Z,2026-05-21T18:38:15.647285Z,bidirectional,TOU
research_20260521_1000-0064,user-003,EVSE-004,2026-05-21T11:01:05.384527Z,2026-05-21T11:31:05.384527Z,charge_only,TOU
research_20260521_1000-0065,user-002,EVSE-026,2026-05-21T06:05:14.520237Z,2026-05-21T07:05:14.520237Z,charge_only,TOU
research_20260521_1000-0066,user-008,EVSE-021,2026-05-21T22:13:10.402158Z,2026-05-21T22:33:10.402158Z,charge_only,TOU
research_20260521_1000-0067,user-005,EVSE-031,2026-05-21T13:05:38.987921Z,2026-05-21T14:20:38.987921Z,bidirectional,TOU
research_20260521_1000-0068,user-002,EVSE-047,2026-05-21T13:37:05.868797Z,2026-05-21T14:17:05.868797Z,charge_only,TOU
research_20260521_1000-0069,user-005,EVSE-018,2026-05-21T15:32:37.769556Z,2026-05-21T16:47:37.769556Z,bidirectional,TOU
research_20260521_1000-0070,user-006,EVSE-027,2026-05-21T15:33:31.576448Z,2026-05-21T16:03:31.576448Z,charge_only,TOU
research_20260521_1000-0071,user-005,EVSE-043,2026-05-21T06:39:54.108387Z,2026-05-21T07:54:54.108387Z,bidirectional,TOU
research_20260521_1000-0072,user-010,EVSE-009,2026-05-21T22:40:06.838784Z,2026-05-21T23:10:06.838784Z,charge_only,TOU
research_20260521_1000-0073,user-009,EVSE-019,2026-05-21T10:34:26.283753Z,2026-05-21T11:14:26.283753Z,discharge_only,TOU
research_20260521_1000-0074,user-006,EVSE-047,2026-05-21T19:51:30.157198Z,2026-05-21T21:06:30.157198Z,charge_only,TOU
research_20260521_1000-0075,user-003,EVSE-049,2026-05-21T18:18:46.371451Z,2026-05-21T18:48:46.371451Z,bidirectional,TOU
research_20260521_1000-0076,user-010,EVSE-006,2026-05-21T08:33:05.505830Z,2026-05-21T09:48:05.505830Z,charge_only,TOU
research_20260521_1000-0077,user-008,EVSE-004,2026-05-21T10:03:19.539200Z,2026-05-21T10:23:19.539200Z,charge_only,TOU
research_20260521_1000-0078,user-006,EVSE-040,2026-05-21T00:24:21.885794Z,2026-05-21T00:44:21.885794Z,charge_only,TOU
research_20260521_1000-0079,user-005,EVSE-039,2026-05-21T14:41:07.209257Z,2026-05-21T15:21:07.209257Z,charge_only,TOU
research_20260521_1000-0080,user-010,EVSE-043,2026-05-21T08:03:23.914041Z,2026-05-21T08:43:23.914041Z,charge_only,TOU
research_20260521_1000-0081,user-009,EVSE-034,2026-05-21T21:44:25.663818Z,2026-05-21T22:44:25.663818Z,discharge_only,TOU
research_20260521_1000-0082,user-010,EVSE-031,2026-05-21T20:50:17.362820Z,2026-05-21T21:50:17.362820Z,bidirectional,TOU
research_20260521_1000-0083,user-010,EVSE-008,2026-05-21T00:21:24.401839Z,2026-05-21T01:21:24.401839Z,charge_only,TOU
research_20260521_1000-0084,user-005,EVSE-003,2026-05-21T13:11:58.819360Z,2026-05-21T14:26:58.819360Z,charge_only,TOU
research_20260521_1000-0085,user-003,EVSE-040,2026-05-21T05:46:16.124228Z,2026-05-21T06:46:16.124228Z,charge_only,TOU
research_20260521_1000-0086,user-008,EVSE-016,2026-05-21T09:39:41.746700Z,2026-05-21T09:59:41.746700Z,charge_only,TOU
research_20260521_1000-0087,user-002,EVSE-048,2026-05-21T11:25:10.934217Z,2026-05-21T12:05:10.934217Z,charge_only,TOU
research_20260521_1000-0088,user-006,EVSE-012,2026-05-21T18:11:46.720133Z,2026-05-21T18:31:46.720133Z,charge_only,TOU
research_20260521_1000-0089,user-008,EVSE-020,2026-05-21T08:49:18.022754Z,2026-05-21T09:19:18.022754Z,charge_only,TOU
research_20260521_1000-0090,user-009,EVSE-026,2026-05-21T12:37:18.260073Z,2026-05-21T12:57:18.260073Z,bidirectional,TOU
research_20260521_1000-0091,user-007,EVSE-012,2026-05-21T15:50:47.235306Z,2026-05-21T16:20:47.235306Z,charge_only,TOU
research_20260521_1000-0092,user-002,EVSE-041,2026-05-21T16:06:47.720178Z,2026-05-21T16:46:47.720178Z,discharge_only,TOU
research_20260521_1000-0093,user-002,EVSE-010,2026-05-21T07:52:29.712000Z,2026-05-21T08:52:29.712000Z,charge_only,TOU
research_20260521_1000-0094,user-006,EVSE-012,2026-05-21T13:19:43.645415Z,2026-05-21T13:39:43.645415Z,bidirectional,TOU
research_20260521_1000-0095,user-009,EVSE-029,2026-05-21T21:09:25.449990Z,2026-05-21T21:49:25.449990Z,discharge_only,TOU
research_20260521_1000-0096,user-006,EVSE-041,2026-05-21T07:57:18.642102Z,2026-05-21T08:17:18.642102Z,charge_only,TOU
research_20260521_1000-0097,user-004,EVSE-005,2026-05-21T21:04:14.283881Z,2026-05-21T21:34:14.283881Z,bidirectional,TOU
research_20260521_1000-0098,user-008,EVSE-010,2026-05-21T11:21:59.895423Z,2026-05-21T12:21:59.895423Z,bidirectional,TOU
research_20260521_1000-0099,user-004,EVSE-037,2026-05-21T15:40:43.605686Z,2026-05-21T16:55:43.605686Z,charge_only,TOU
research_20260521_1000-0100,user-002,EVSE-039,2026-05-21T22:53:32.100196Z,2026-05-22T00:08:32.100196Z,charge_only,TOU
research_20260521_1000-0101,user-006,EVSE-040,2026-05-21T06:21:45.141185Z,2026-05-21T07:01:45.141185Z,bidirectional,TOU
research_20260521_1000-0102,user-003,EVSE-042,2026-05-21T04:27:35.514068Z,2026-05-21T05:42:35.514068Z,discharge_only,TOU
research_20260521_1000-0103,user-001,EVSE-044,2026-05-21T03:39:04.307630Z,2026-05-21T04:39:04.307630Z,charge_only,TOU
research_20260521_1000-0104,user-002,EVSE-030,2026-05-21T14:31:46.719220Z,2026-05-21T15:11:46.719220Z,charge_only,TOU
research_20260521_1000-0105,user-003,EVSE-050,2026-05-21T16:06:43.750764Z,2026-05-21T17:21:43.750764Z,bidirectional,TOU
research_20260521_1000-0106,user-001,EVSE-008,2026-05-21T09:58:43.588863Z,2026-05-21T10:28:43.588863Z,charge_only,TOU
research_20260521_1000-0107,user-007,EVSE-036,2026-05-21T20:20:56.339298Z,2026-05-21T20:50:56.339298Z,charge_only,TOU
research_20260521_1000-0108,user-009,EVSE-040,2026-05-21T14:56:22.339338Z,2026-05-21T15:26:22.339338Z,charge_only,TOU
research_20260521_1000-0109,user-005,EVSE-047,2026-05-21T10:35:21.313370Z,2026-05-21T11:05:21.313370Z,charge_only,TOU
research_20260521_1000-0110,user-009,EVSE-009,2026-05-21T14:52:14.422384Z,2026-05-21T15:52:14.422384Z,charge_only,TOU
research_20260521_1000-0111,user-004,EVSE-021,2026-05-21T18:09:51.625481Z,2026-05-21T19:24:51.625481Z,charge_only,TOU
research_20260521_1000-0112,user-002,EVSE-003,2026-05-21T08:19:41.389692Z,2026-05-21T08:49:41.389692Z,charge_only,TOU
research_20260521_1000-0113,user-008,EVSE-008,2026-05-21T19:30:42.675002Z,2026-05-21T20:10:42.675002Z,bidirectional,TOU
research_20260521_1000-0114,user-005,EVSE-041,2026-05-21T06:44:13.117813Z,2026-05-21T07:04:13.117813Z,discharge_only,TOU
research_20260521_1000-0115,user-009,EVSE-008,2026-05-21T16:06:47.136685Z,2026-05-21T17:06:47.136685Z,bidirectional,TOU
research_20260521_1000-0116,user-009,EVSE-031,2026-05-21T01:49:43.640395Z,2026-05-21T02:29:43.640395Z,bidirectional,TOU
research_20260521_1000-0117,user-004,EVSE-004,2026-05-21T05:41:55.328834Z,2026-05-21T06:56:55.328834Z,charge_only,TOU
research_20260521_1000-0118,user-008,EVSE-012,2026-05-21T10:26:58.073607Z,2026-05-21T11:41:58.073607Z,charge_only,TOU
research_20260521_1000-0119,user-007,EVSE-001,2026-05-21T14:59:46.576457Z,2026-05-21T15:59:46.576457Z,charge_only,TOU
research_20260521_1000-0120,user-008,EVSE-046,2026-05-21T07:49:09.612288Z,2026-05-21T09:04:09.612288Z,charge_only,TOU
research_20260521_1000-0121,user-001,EVSE-044,2026-05-21T14:19:44.273690Z,2026-05-21T14:49:44.273690Z,bidirectional,TOU
research_20260521_1000-0122,user-003,EVSE-020,2026-05-21T00:19:35.903553Z,2026-05-21T01:34:35.903553Z,discharge_only,TOU
research_20260521_1000-0123,user-008,EVSE-025,2026-05-21T18:12:00.348469Z,2026-05-21T18:42:00.348469Z,charge_only,TOU
research_20260521_1000-0124,user-002,EVSE-043,2026-05-21T01:50:59.664570Z,2026-05-21T02:30:59.664570Z,charge_only,TOU
research_20260521_1000-0125,user-006,EVSE-016,2026-05-21T16:42:24.554585Z,2026-05-21T17:02:24.554585Z,charge_only,TOU
research_20260521_1000-0126,user-007,EVSE-017,2026-05-21T02:01:13.073891Z,2026-05-21T03:16:13.073891Z,charge_only,TOU
research_20260521_1000-0127,user-007,EVSE-042,2026-05-21T16:53:55.386359Z,2026-05-21T17:23:55.386359Z,bidirectional,TOU
research_20260521_1000-0128,user-006,EVSE-040,2026-05-21T19:55:15.442582Z,2026-05-21T21:10:15.442582Z,bidirectional,TOU
research_20260521_1000-0129,user-001,EVSE-037,2026-05-21T23:49:28.692356Z,2026-05-22T01:04:28.692356Z,bidirectional,TOU
research_20260521_1000-0130,user-005,EVSE-031,2026-05-21T07:33:58.803559Z,2026-05-21T07:53:58.803559Z,charge_only,TOU
research_20260521_1000-0131,user-003,EVSE-035,2026-05-21T21:59:55.919015Z,2026-05-21T22:59:55.919015Z,charge_only,TOU
research_20260521_1000-0132,user-006,EVSE-035,2026-05-21T23:36:27.140575Z,2026-05-22T00:06:27.140575Z,bidirectional,TOU
research_20260521_1000-0133,user-003,EVSE-039,2026-05-21T05:00:40.965436Z,2026-05-21T05:20:40.965436Z,charge_only,TOU
research_20260521_1000-0134,user-007,EVSE-050,2026-05-21T00:43:45.266450Z,2026-05-21T01:23:45.266450Z,charge_only,TOU
research_20260521_1000-0135,user-002,EVSE-024,2026-05-21T22:00:51.915964Z,2026-05-21T22:30:51.915964Z,charge_only,TOU
research_20260521_1000-0136,user-002,EVSE-016,2026-05-21T19:29:09.349903Z,2026-05-21T20:29:09.349903Z,charge_only,TOU
research_20260521_1000-0137,user-007,EVSE-040,2026-05-21T19:54:55.049211Z,2026-05-21T20:34:55.049211Z,bidirectional,TOU
research_20260521_1000-0138,user-005,EVSE-026,2026-05-21T23:49:15.299282Z,2026-05-22T00:49:15.299282Z,charge_only,TOU
research_20260521_1000-0139,user-008,EVSE-044,2026-05-21T00:45:25.269414Z,2026-05-21T01:15:25.269414Z,discharge_only,TOU
research_20260521_1000-0140,user-008,EVSE-020,2026-05-21T01:21:06.967308Z,2026-05-21T01:51:06.967308Z,charge_only,TOU
research_20260521_1000-0141,user-007,EVSE-045,2026-05-21T05:02:43.767658Z,2026-05-21T05:22:43.767658Z,charge_only,TOU
research_20260521_1000-0142,user-006,EVSE-033,2026-05-21T07:08:38.797598Z,2026-05-21T08:23:38.797598Z,charge_only,TOU
research_20260521_1000-0143,user-010,EVSE-047,2026-05-21T18:40:42.857994Z,2026-05-21T19:20:42.857994Z,charge_only,TOU
research_20260521_1000-0144,user-008,EVSE-030,2026-05-21T05:09:39.072214Z,2026-05-21T06:24:39.072214Z,discharge_only,TOU
research_20260521_1000-0145,user-003,EVSE-008,2026-05-21T19:30:36.169655Z,2026-05-21T20:30:36.169655Z,bidirectional,TOU
research_20260521_1000-0146,user-009,EVSE-038,2026-05-21T00:48:04.823044Z,2026-05-21T01:28:04.823044Z,discharge_only,TOU
research_20260521_1000-0147,user-002,EVSE-028,2026-05-21T18:15:27.316436Z,2026-05-21T18:35:27.316436Z,discharge_only,TOU
research_20260521_1000-0148,user-003,EVSE-011,2026-05-21T10:39:55.553448Z,2026-05-21T11:39:55.553448Z,bidirectional,TOU
research_20260521_1000-0149,user-004,EVSE-024,2026-05-21T16:58:23.431814Z,2026-05-21T17:38:23.431814Z,charge_only,TOU
research_20260521_1000-0150,user-008,EVSE-045,2026-05-21T10:52:15.077064Z,2026-05-21T11:52:15.077064Z,charge_only,TOU
research_20260521_1000-0151,user-007,EVSE-019,2026-05-21T19:59:59.188232Z,2026-05-21T20:29:59.188232Z,charge_only,TOU
research_20260521_1000-0152,user-009,EVSE-009,2026-05-21T00:19:53.810685Z,2026-05-21T00:39:53.810685Z,charge_only,TOU
research_20260521_1000-0153,user-003,EVSE-050,2026-05-21T06:54:35.485060Z,2026-05-21T07:24:35.485060Z,discharge_only,TOU
research_20260521_1000-0154,user-005,EVSE-005,2026-05-21T07:18:37.607601Z,2026-05-21T07:58:37.607601Z,charge_only,TOU
research_20260521_1000-0155,user-007,EVSE-011,2026-05-21T04:11:13.163244Z,2026-05-21T05:11:13.163244Z,discharge_only,TOU
research_20260521_1000-0156,user-007,EVSE-042,2026-05-21T19:07:39.706967Z,2026-05-21T19:37:39.706967Z,discharge_only,TOU
research_20260521_1000-0157,user-005,EVSE-001,2026-05-21T06:33:34.605396Z,2026-05-21T07:03:34.605396Z,charge_only,TOU
research_20260521_1000-0158,user-002,EVSE-001,2026-05-21T00:16:03.415822Z,2026-05-21T01:16:03.415822Z,bidirectional,TOU
research_20260521_1000-0159,user-006,EVSE-023,2026-05-21T06:38:41.872922Z,2026-05-21T07:08:41.872922Z,charge_only,TOU
research_20260521_1000-0160,user-003,EVSE-043,2026-05-21T18:02:11.257203Z,2026-05-21T18:22:11.257203Z,charge_only,TOU
research_20260521_1000-0161,user-010,EVSE-037,2026-05-21T11:45:17.250288Z,2026-05-21T12:45:17.250288Z,charge_only,TOU
research_20260521_1000-0162,user-003,EVSE-026,2026-05-21T05:40:40.478966Z,2026-05-21T06:00:40.478966Z,charge_only,TOU
research_20260521_1000-0163,user-009,EVSE-042,2026-05-21T05:34:21.695942Z,2026-05-21T06:34:21.695942Z,discharge_only,TOU
research_20260521_1000-0164,user-004,EVSE-009,2026-05-21T22:35:36.926436Z,2026-05-21T22:55:36.926436Z,bidirectional,TOU
research_20260521_1000-0165,user-006,EVSE-017,2026-05-21T11:25:52.336660Z,2026-05-21T12:05:52.336660Z,discharge_only,TOU
research_20260521_1000-0166,user-002,EVSE-003,2026-05-21T12:04:32.850044Z,2026-05-21T13:19:32.850044Z,bidirectional,TOU
research_20260521_1000-0167,user-007,EVSE-015,2026-05-21T18:35:41.876886Z,2026-05-21T19:05:41.876886Z,charge_only,TOU
research_20260521_1000-0168,user-007,EVSE-047,2026-05-21T22:19:44.755776Z,2026-05-21T23:19:44.755776Z,charge_only,TOU
research_20260521_1000-0169,user-004,EVSE-006,2026-05-21T20:22:11.065045Z,2026-05-21T21:22:11.065045Z,bidirectional,TOU
research_20260521_1000-0170,user-009,EVSE-016,2026-05-21T14:04:11.892178Z,2026-05-21T14:44:11.892178Z,charge_only,TOU
research_20260521_1000-0171,user-007,EVSE-008,2026-05-21T07:09:57.307614Z,2026-05-21T07:49:57.307614Z,charge_only,TOU
research_20260521_1000-0172,user-004,EVSE-020,2026-05-21T13:08:14.364554Z,2026-05-21T14:08:14.364554Z,charge_only,TOU
research_20260521_1000-0173,user-001,EVSE-038,2026-05-21T01:07:58.853170Z,2026-05-21T02:07:58.853170Z,charge_only,TOU
research_20260521_1000-0174,user-002,EVSE-022,2026-05-21T23:27:36.464211Z,2026-05-21T23:47:36.464211Z,charge_only,TOU
research_20260521_1000-0175,user-001,EVSE-009,2026-05-21T19:57:05.732366Z,2026-05-21T21:12:05.732366Z,charge_only,TOU
research_20260521_1000-0176,user-009,EVSE-034,2026-05-21T18:00:13.633956Z,2026-05-21T19:15:13.633956Z,charge_only,TOU
research_20260521_1000-0177,user-004,EVSE-015,2026-05-21T00:36:28.139946Z,2026-05-21T00:56:28.139946Z,charge_only,TOU
research_20260521_1000-0178,user-007,EVSE-013,2026-05-21T15:28:04.879574Z,2026-05-21T15:58:04.879574Z,bidirectional,TOU
research_20260521_1000-0179,user-008,EVSE-022,2026-05-21T10:58:20.434429Z,2026-05-21T11:28:20.434429Z,bidirectional,TOU
research_20260521_1000-0180,user-006,EVSE-043,2026-05-21T22:33:14.364810Z,2026-05-21T23:03:14.364810Z,charge_only,TOU
research_20260521_1000-0181,user-005,EVSE-040,2026-05-21T16:14:27.083142Z,2026-05-21T16:44:27.083142Z,charge_only,TOU
research_20260521_1000-0182,user-010,EVSE-041,2026-05-21T04:26:11.153971Z,2026-05-21T05:26:11.153971Z,charge_only,TOU
research_20260521_1000-0183,user-003,EVSE-043,2026-05-21T16:02:07.047979Z,2026-05-21T16:22:07.047979Z,discharge_only,TOU
research_20260521_1000-0184,user-008,EVSE-011,2026-05-21T23:42:35.418406Z,2026-05-22T00:12:35.418406Z,charge_only,TOU
research_20260521_1000-0185,user-007,EVSE-011,2026-05-21T15:33:13.626973Z,2026-05-21T16:33:13.626973Z,charge_only,TOU
research_20260521_1000-0186,user-002,EVSE-032,2026-05-21T15:52:21.069521Z,2026-05-21T17:07:21.069521Z,charge_only,TOU
research_20260521_1000-0187,user-007,EVSE-017,2026-05-21T21:52:48.909756Z,2026-05-21T23:07:48.909756Z,bidirectional,TOU
research_20260521_1000-0188,user-005,EVSE-025,2026-05-21T10:26:29.094804Z,2026-05-21T10:56:29.094804Z,charge_only,TOU
research_20260521_1000-0189,user-009,EVSE-011,2026-05-21T07:29:37.330642Z,2026-05-21T08:29:37.330642Z,charge_only,TOU
research_20260521_1000-0190,user-003,EVSE-047,2026-05-21T22:57:32.802185Z,2026-05-21T23:17:32.802185Z,discharge_only,TOU
research_20260521_1000-0191,user-007,EVSE-023,2026-05-21T10:37:50.132777Z,2026-05-21T11:52:50.132777Z,charge_only,TOU
research_20260521_1000-0192,user-008,EVSE-020,2026-05-21T10:15:17.192081Z,2026-05-21T11:15:17.192081Z,bidirectional,TOU
research_20260521_1000-0193,user-002,EVSE-029,2026-05-21T00:38:36.290072Z,2026-05-21T01:08:36.290072Z,discharge_only,TOU
research_20260521_1000-0194,user-008,EVSE-013,2026-05-21T05:45:19.779292Z,2026-05-21T06:25:19.779292Z,charge_only,TOU
research_20260521_1000-0195,user-008,EVSE-038,2026-05-21T22:46:11.678062Z,2026-05-21T23:26:11.678062Z,bidirectional,TOU
research_20260521_1000-0196,user-005,EVSE-015,2026-05-21T06:00:29.757981Z,2026-05-21T06:20:29.757981Z,bidirectional,TOU
research_20260521_1000-0197,user-007,EVSE-020,2026-05-21T11:39:52.501403Z,2026-05-21T11:59:52.501403Z,charge_only,TOU
research_20260521_1000-0198,user-005,EVSE-044,2026-05-21T13:48:43.092423Z,2026-05-21T14:48:43.092423Z,charge_only,TOU
research_20260521_1000-0199,user-005,EVSE-026,2026-05-21T08:36:32.613979Z,2026-05-21T09:16:32.613979Z,charge_only,TOU
research_20260521_1000-0200,user-001,EVSE-041,2026-05-21T08:15:13.390712Z,2026-05-21T08:55:13.390712Z,charge_only,TOU
research_20260521_1000-0201,user-006,EVSE-012,2026-05-21T11:48:27.996476Z,2026-05-21T12:18:27.996476Z,charge_only,TOU
research_20260521_1000-0202,user-002,EVSE-004,2026-05-21T18:38:57.296605Z,2026-05-21T19:08:57.296605Z,charge_only,TOU
research_20260521_1000-0203,user-010,EVSE-037,2026-05-21T22:16:26.960288Z,2026-05-21T22:46:26.960288Z,bidirectional,TOU
research_20260521_1000-0204,user-003,EVSE-011,2026-05-21T16:23:24.469259Z,2026-05-21T16:53:24.469259Z,charge_only,TOU
research_20260521_1000-0205,user-002,EVSE-015,2026-05-21T20:52:39.325266Z,2026-05-21T21:52:39.325266Z,discharge_only,TOU
research_20260521_1000-0206,user-003,EVSE-026,2026-05-21T21:31:06.009503Z,2026-05-21T22:46:06.009503Z,discharge_only,TOU
research_20260521_1000-0207,user-003,EVSE-041,2026-05-21T18:54:53.164200Z,2026-05-21T19:14:53.164200Z,charge_only,TOU
research_20260521_1000-0208,user-001,EVSE-031,2026-05-21T09:43:44.960536Z,2026-05-21T10:03:44.960536Z,bidirectional,TOU
research_20260521_1000-0209,user-001,EVSE-033,2026-05-21T16:45:23.538309Z,2026-05-21T17:05:23.538309Z,charge_only,TOU
research_20260521_1000-0210,user-002,EVSE-006,2026-05-21T05:08:56.730283Z,2026-05-21T06:08:56.730283Z,charge_only,TOU
research_20260521_1000-0211,user-008,EVSE-004,2026-05-21T20:24:13.915834Z,2026-05-21T20:44:13.915834Z,bidirectional,TOU
research_20260521_1000-0212,user-001,EVSE-029,2026-05-21T03:31:45.713552Z,2026-05-21T04:11:45.713552Z,discharge_only,TOU
research_20260521_1000-0213,user-002,EVSE-004,2026-05-21T15:02:25.445957Z,2026-05-21T15:42:25.445957Z,bidirectional,TOU
research_20260521_1000-0214,user-002,EVSE-044,2026-05-21T13:59:55.205283Z,2026-05-21T15:14:55.205283Z,charge_only,TOU
research_20260521_1000-0215,user-010,EVSE-036,2026-05-21T18:36:27.702970Z,2026-05-21T19:16:27.702970Z,charge_only,TOU
research_20260521_1000-0216,user-001,EVSE-004,2026-05-21T08:32:30.350889Z,2026-05-21T09:02:30.350889Z,charge_only,TOU
research_20260521_1000-0217,user-007,EVSE-042,2026-05-21T14:18:16.867765Z,2026-05-21T14:48:16.867765Z,charge_only,TOU
research_20260521_1000-0218,user-001,EVSE-042,2026-05-21T10:36:43.880615Z,2026-05-21T10:56:43.880615Z,charge_only,TOU
research_20260521_1000-0219,user-006,EVSE-043,2026-05-21T04:10:33.130411Z,2026-05-21T04:40:33.130411Z,discharge_only,TOU
research_20260521_1000-0220,user-005,EVSE-030,2026-05-21T10:50:19.533742Z,2026-05-21T11:30:19.533742Z,bidirectional,TOU
research_20260521_1000-0221,user-006,EVSE-031,2026-05-21T21:23:49.039434Z,2026-05-21T22:23:49.039434Z,charge_only,TOU
research_20260521_1000-0222,user-003,EVSE-039,2026-05-21T07:22:46.949629Z,2026-05-21T07:52:46.949629Z,charge_only,TOU
research_20260521_1000-0223,user-005,EVSE-036,2026-05-21T14:26:04.032306Z,2026-05-21T15:06:04.032306Z,charge_only,TOU
research_20260521_1000-0224,user-010,EVSE-044,2026-05-21T06:50:17.176122Z,2026-05-21T07:30:17.176122Z,bidirectional,TOU
research_20260521_1000-0225,user-005,EVSE-003,2026-05-21T02:55:25.966900Z,2026-05-21T03:55:25.966900Z,charge_only,TOU
research_20260521_1000-0226,user-010,EVSE-040,2026-05-21T03:09:01.743716Z,2026-05-21T04:24:01.743716Z,charge_only,TOU
research_20260521_1000-0227,user-008,EVSE-033,2026-05-21T04:03:49.427159Z,2026-05-21T04:43:49.427159Z,charge_only,TOU
research_20260521_1000-0228,user-005,EVSE-004,2026-05-21T10:37:29.879181Z,2026-05-21T11:07:29.879181Z,charge_only,TOU
research_20260521_1000-0229,user-005,EVSE-036,2026-05-21T12:12:36.398684Z,2026-05-21T13:27:36.398684Z,discharge_only,TOU
research_20260521_1000-0230,user-001,EVSE-050,2026-05-21T21:13:48.023399Z,2026-05-21T21:53:48.023399Z,bidirectional,TOU
research_20260521_1000-0231,user-008,EVSE-028,2026-05-21T12:18:00.073128Z,2026-05-21T12:58:00.073128Z,bidirectional,TOU
research_20260521_1000-0232,user-007,EVSE-012,2026-05-21T08:27:57.115835Z,2026-05-21T08:47:57.115835Z,charge_only,TOU
research_20260521_1000-0233,user-010,EVSE-038,2026-05-21T04:15:52.090870Z,2026-05-21T04:55:52.090870Z,discharge_only,TOU
research_20260521_1000-0234,user-006,EVSE-026,2026-05-21T01:42:36.674386Z,2026-05-21T02:02:36.674386Z,charge_only,TOU
research_20260521_1000-0235,user-003,EVSE-047,2026-05-21T11:10:48.385207Z,2026-05-21T11:40:48.385207Z,discharge_only,TOU
research_20260521_1000-0236,user-001,EVSE-012,2026-05-21T10:41:55.510177Z,2026-05-21T11:56:55.510177Z,bidirectional,TOU
research_20260521_1000-0237,user-001,EVSE-010,2026-05-21T03:33:00.100782Z,2026-05-21T04:48:00.100782Z,charge_only,TOU
research_20260521_1000-0238,user-006,EVSE-022,2026-05-21T00:58:31.869145Z,2026-05-21T01:28:31.869145Z,discharge_only,TOU
research_20260521_1000-0239,user-006,EVSE-038,2026-05-21T05:23:20.134524Z,2026-05-21T06:23:20.134524Z,bidirectional,TOU
research_20260521_1000-0240,user-001,EVSE-011,2026-05-21T10:44:42.278527Z,2026-05-21T11:59:42.278527Z,charge_only,TOU
research_20260521_1000-0241,user-003,EVSE-007,2026-05-21T19:41:01.856110Z,2026-05-21T20:56:01.856110Z,charge_only,TOU
research_20260521_1000-0242,user-005,EVSE-034,2026-05-21T03:56:47.036199Z,2026-05-21T04:36:47.036199Z,charge_only,TOU
research_20260521_1000-0243,user-006,EVSE-031,2026-05-21T12:17:55.160985Z,2026-05-21T13:17:55.160985Z,bidirectional,TOU
research_20260521_1000-0244,user-007,EVSE-004,2026-05-21T23:26:40.662303Z,2026-05-21T23:46:40.662303Z,charge_only,TOU
research_20260521_1000-0245,user-009,EVSE-033,2026-05-21T00:59:08.207728Z,2026-05-21T02:14:08.207728Z,charge_only,TOU
research_20260521_1000-0246,user-006,EVSE-035,2026-05-21T01:50:48.791965Z,2026-05-21T03:05:48.791965Z,bidirectional,TOU
research_20260521_1000-0247,user-007,EVSE-037,2026-05-21T11:27:15.378557Z,2026-05-21T12:07:15.378557Z,charge_only,TOU
research_20260521_1000-0248,user-008,EVSE-001,2026-05-21T05:36:09.791873Z,2026-05-21T05:56:09.791873Z,charge_only,TOU
research_20260521_1000-0249,user-001,EVSE-037,2026-05-21T14:58:57.418221Z,2026-05-21T15:28:57.418221Z,charge_only,TOU
research_20260521_1000-0250,user-007,EVSE-045,2026-05-21T05:51:50.427787Z,2026-05-21T06:51:50.427787Z,charge_only,TOU
research_20260521_1000-0251,user-009,EVSE-006,2026-05-21T14:22:11.537685Z,2026-05-21T15:02:11.537685Z,charge_only,TOU
research_20260521_1000-0252,user-002,EVSE-039,2026-05-21T09:21:59.906392Z,2026-05-21T10:21:59.906392Z,charge_only,TOU
research_20260521_1000-0253,user-010,EVSE-026,2026-05-21T19:54:56.678147Z,2026-05-21T20:14:56.678147Z,bidirectional,TOU
research_20260521_1000-0254,user-002,EVSE-008,2026-05-21T01:55:23.070816Z,2026-05-21T03:10:23.070816Z,charge_only,TOU
research_20260521_1000-0255,user-009,EVSE-023,2026-05-21T04:28:04.068994Z,2026-05-21T05:43:04.068994Z,charge_only,TOU
research_20260521_1000-0256,user-005,EVSE-023,2026-05-21T18:01:30.542551Z,2026-05-21T18:21:30.542551Z,charge_only,TOU
research_20260521_1000-0257,user-003,EVSE-023,2026-05-21T01:15:08.995377Z,2026-05-21T01:45:08.995377Z,charge_only,TOU
research_20260521_1000-0258,user-002,EVSE-009,2026-05-21T07:45:49.832411Z,2026-05-21T08:45:49.832411Z,bidirectional,TOU
research_20260521_1000-0259,user-008,EVSE-034,2026-05-21T01:25:53.857994Z,2026-05-21T01:45:53.857994Z,discharge_only,TOU
research_20260521_1000-0260,user-001,EVSE-037,2026-05-21T07:48:17.495578Z,2026-05-21T08:48:17.495578Z,bidirectional,TOU
research_20260521_1000-0261,user-004,EVSE-041,2026-05-21T04:26:33.926618Z,2026-05-21T05:06:33.926618Z,charge_only,TOU
research_20260521_1000-0262,user-008,EVSE-039,2026-05-21T16:46:57.046662Z,2026-05-21T18:01:57.046662Z,bidirectional,TOU
research_20260521_1000-0263,user-009,EVSE-041,2026-05-21T19:47:39.844593Z,2026-05-21T20:27:39.844593Z,discharge_only,TOU
research_20260521_1000-0264,user-010,EVSE-018,2026-05-21T10:15:50.513617Z,2026-05-21T10:35:50.513617Z,bidirectional,TOU
research_20260521_1000-0265,user-006,EVSE-017,2026-05-21T06:02:01.828932Z,2026-05-21T07:17:01.828932Z,discharge_only,TOU
research_20260521_1000-0266,user-007,EVSE-031,2026-05-21T16:33:30.375533Z,2026-05-21T17:03:30.375533Z,bidirectional,TOU
research_20260521_1000-0267,user-005,EVSE-035,2026-05-21T10:49:05.688286Z,2026-05-21T11:19:05.688286Z,charge_only,TOU
research_20260521_1000-0268,user-009,EVSE-049,2026-05-21T18:31:56.102382Z,2026-05-21T18:51:56.102382Z,discharge_only,TOU
research_20260521_1000-0269,user-008,EVSE-041,2026-05-21T11:08:27.456073Z,2026-05-21T12:08:27.456073Z,bidirectional,TOU
research_20260521_1000-0270,user-010,EVSE-045,2026-05-21T04:36:05.525147Z,2026-05-21T05:16:05.525147Z,charge_only,TOU
research_20260521_1000-0271,user-001,EVSE-010,2026-05-21T20:19:54.300038Z,2026-05-21T21:34:54.300038Z,bidirectional,TOU
research_20260521_1000-0272,user-002,EVSE-029,2026-05-21T10:56:48.215473Z,2026-05-21T11:26:48.215473Z,charge_only,TOU
research_20260521_1000-0273,user-004,EVSE-011,2026-05-21T12:55:23.887509Z,2026-05-21T13:15:23.887509Z,charge_only,TOU
research_20260521_1000-0274,user-009,EVSE-018,2026-05-21T11:28:51.971748Z,2026-05-21T12:08:51.971748Z,charge_only,TOU
research_20260521_1000-0275,user-004,EVSE-011,2026-05-21T23:46:08.460451Z,2026-05-22T00:06:08.460451Z,charge_only,TOU
research_20260521_1000-0276,user-006,EVSE-021,2026-05-21T01:38:34.665018Z,2026-05-21T01:58:34.665018Z,discharge_only,TOU
research_20260521_1000-0277,user-006,EVSE-039,2026-05-21T04:39:02.607463Z,2026-05-21T05:39:02.607463Z,bidirectional,TOU
research_20260521_1000-0278,user-002,EVSE-025,2026-05-21T11:14:09.726019Z,2026-05-21T12:14:09.726019Z,charge_only,TOU
research_20260521_1000-0279,user-009,EVSE-013,2026-05-21T20:17:03.037196Z,2026-05-21T20:57:03.037196Z,discharge_only,TOU
research_20260521_1000-0280,user-007,EVSE-040,2026-05-21T08:11:35.603284Z,2026-05-21T09:26:35.603284Z,charge_only,TOU
research_20260521_1000-0281,user-002,EVSE-034,2026-05-21T03:57:22.958555Z,2026-05-21T04:17:22.958555Z,charge_only,TOU
research_20260521_1000-0282,user-003,EVSE-036,2026-05-21T10:34:52.211327Z,2026-05-21T11:49:52.211327Z,charge_only,TOU
research_20260521_1000-0283,user-006,EVSE-009,2026-05-21T14:05:13.539600Z,2026-05-21T15:05:13.539600Z,discharge_only,TOU
research_20260521_1000-0284,user-005,EVSE-010,2026-05-21T00:21:28.321653Z,2026-05-21T00:51:28.321653Z,bidirectional,TOU
research_20260521_1000-0285,user-010,EVSE-039,2026-05-21T17:59:12.363332Z,2026-05-21T18:39:12.363332Z,bidirectional,TOU
research_20260521_1000-0286,user-010,EVSE-015,2026-05-21T14:49:34.416053Z,2026-05-21T15:09:34.416053Z,discharge_only,TOU
research_20260521_1000-0287,user-001,EVSE-019,2026-05-21T08:46:12.154298Z,2026-05-21T09:46:12.154298Z,discharge_only,TOU
research_20260521_1000-0288,user-006,EVSE-006,2026-05-21T22:00:08.102268Z,2026-05-21T23:15:08.102268Z,bidirectional,TOU
research_20260521_1000-0289,user-006,EVSE-015,2026-05-21T15:37:26.201168Z,2026-05-21T16:17:26.201168Z,charge_only,TOU
research_20260521_1000-0290,user-002,EVSE-045,2026-05-21T21:17:11.081596Z,2026-05-21T21:37:11.081596Z,charge_only,TOU
research_20260521_1000-0291,user-008,EVSE-045,2026-05-21T23:26:14.562851Z,2026-05-21T23:56:14.562851Z,charge_only,TOU
research_20260521_1000-0292,user-009,EVSE-043,2026-05-21T22:56:23.154552Z,2026-05-21T23:26:23.154552Z,bidirectional,TOU
research_20260521_1000-0293,user-005,EVSE-020,2026-05-21T03:09:55.737737Z,2026-05-21T04:09:55.737737Z,charge_only,TOU
research_20260521_1000-0294,user-003,EVSE-002,2026-05-21T23:32:32.639728Z,2026-05-22T00:12:32.639728Z,charge_only,TOU
research_20260521_1000-0295,user-004,EVSE-038,2026-05-21T20:20:32.413182Z,2026-05-21T21:20:32.413182Z,bidirectional,TOU
research_20260521_1000-0296,user-003,EVSE-027,2026-05-21T16:34:02.538572Z,2026-05-21T17:49:02.538572Z,discharge_only,TOU
research_20260521_1000-0297,user-005,EVSE-006,2026-05-21T20:20:10.910381Z,2026-05-21T20:50:10.910381Z,bidirectional,TOU
research_20260521_1000-0298,user-009,EVSE-014,2026-05-21T03:40:33.656413Z,2026-05-21T04:40:33.656413Z,charge_only,TOU
research_20260521_1000-0299,user-008,EVSE-003,2026-05-21T03:10:20.054172Z,2026-05-21T04:10:20.054172Z,discharge_only,TOU
research_20260521_1000-0300,user-001,EVSE-029,2026-05-21T02:54:59.813335Z,2026-05-21T03:24:59.813335Z,charge_only,TOU
research_20260521_1000-0301,user-005,EVSE-029,2026-05-21T12:54:39.605034Z,2026-05-21T13:54:39.605034Z,charge_only,TOU
research_20260521_1000-0302,user-004,EVSE-006,2026-05-21T02:48:07.814148Z,2026-05-21T03:08:07.814148Z,discharge_only,TOU
research_20260521_1000-0303,user-006,EVSE-027,2026-05-21T21:56:09.514595Z,2026-05-21T22:56:09.514595Z,charge_only,TOU
research_20260521_1000-0304,user-008,EVSE-001,2026-05-21T17:03:09.361565Z,2026-05-21T17:33:09.361565Z,charge_only,TOU
research_20260521_1000-0305,user-004,EVSE-043,2026-05-21T09:51:02.294931Z,2026-05-21T10:51:02.294931Z,discharge_only,TOU
research_20260521_1000-0306,user-006,EVSE-039,2026-05-21T01:53:38.762070Z,2026-05-21T02:13:38.762070Z,discharge_only,TOU
research_20260521_1000-0307,user-008,EVSE-018,2026-05-21T05:59:57.472500Z,2026-05-21T06:39:57.472500Z,bidirectional,TOU
research_20260521_1000-0308,user-004,EVSE-015,2026-05-21T07:17:00.331429Z,2026-05-21T08:32:00.331429Z,bidirectional,TOU
research_20260521_1000-0309,user-001,EVSE-020,2026-05-21T21:08:46.903580Z,2026-05-21T22:08:46.903580Z,charge_only,TOU
research_20260521_1000-0310,user-001,EVSE-003,2026-05-21T21:15:04.503681Z,2026-05-21T21:55:04.503681Z,discharge_only,TOU
research_20260521_1000-0311,user-008,EVSE-002,2026-05-21T02:34:26.160565Z,2026-05-21T03:49:26.160565Z,charge_only,TOU
research_20260521_1000-0312,user-009,EVSE-006,2026-05-21T03:45:56.141046Z,2026-05-21T05:00:56.141046Z,discharge_only,TOU
research_20260521_1000-0313,user-008,EVSE-034,2026-05-21T02:15:51.818826Z,2026-05-21T02:45:51.818826Z,discharge_only,TOU
research_20260521_1000-0314,user-001,EVSE-050,2026-05-21T12:57:30.569323Z,2026-05-21T14:12:30.569323Z,bidirectional,TOU
research_20260521_1000-0315,user-003,EVSE-018,2026-05-21T20:12:12.344322Z,2026-05-21T20:32:12.344322Z,charge_only,TOU
research_20260521_1000-0316,user-005,EVSE-025,2026-05-21T10:12:19.233756Z,2026-05-21T10:42:19.233756Z,discharge_only,TOU
research_20260521_1000-0317,user-003,EVSE-046,2026-05-21T07:04:15.855906Z,2026-05-21T08:19:15.855906Z,charge_only,TOU
research_20260521_1000-0318,user-004,EVSE-007,2026-05-21T20:32:02.446522Z,2026-05-21T21:47:02.446522Z,charge_only,TOU
research_20260521_1000-0319,user-002,EVSE-031,2026-05-21T16:09:44.855475Z,2026-05-21T16:29:44.855475Z,charge_only,TOU
research_20260521_1000-0320,user-010,EVSE-026,2026-05-21T13:38:08.769804Z,2026-05-21T14:38:08.769804Z,charge_only,TOU
research_20260521_1000-0321,user-010,EVSE-013,2026-05-21T05:28:15.932066Z,2026-05-21T06:28:15.932066Z,charge_only,TOU
research_20260521_1000-0322,user-005,EVSE-036,2026-05-21T10:17:48.118361Z,2026-05-21T10:57:48.118361Z,charge_only,TOU
research_20260521_1000-0323,user-009,EVSE-043,2026-05-21T04:17:06.916294Z,2026-05-21T04:57:06.916294Z,charge_only,TOU
research_20260521_1000-0324,user-009,EVSE-027,2026-05-21T14:45:10.987015Z,2026-05-21T15:25:10.987015Z,bidirectional,TOU
research_20260521_1000-0325,user-010,EVSE-038,2026-05-21T01:39:21.128523Z,2026-05-21T02:54:21.128523Z,charge_only,TOU
research_20260521_1000-0326,user-003,EVSE-033,2026-05-21T06:27:31.975438Z,2026-05-21T07:42:31.975438Z,charge_only,TOU
research_20260521_1000-0327,user-006,EVSE-032,2026-05-21T13:52:44.208342Z,2026-05-21T14:32:44.208342Z,bidirectional,TOU
research_20260521_1000-0328,user-005,EVSE-032,2026-05-21T17:56:02.795806Z,2026-05-21T19:11:02.795806Z,bidirectional,TOU
research_20260521_1000-0329,user-007,EVSE-025,2026-05-21T18:16:21.341261Z,2026-05-21T19:16:21.341261Z,charge_only,TOU
research_20260521_1000-0330,user-005,EVSE-007,2026-05-21T20:29:59.054605Z,2026-05-21T21:29:59.054605Z,bidirectional,TOU
research_20260521_1000-0331,user-008,EVSE-001,2026-05-21T05:25:39.752278Z,2026-05-21T05:55:39.752278Z,charge_only,TOU
research_20260521_1000-0332,user-002,EVSE-043,2026-05-21T11:22:37.167597Z,2026-05-21T12:22:37.167597Z,bidirectional,TOU
research_20260521_1000-0333,user-003,EVSE-021,2026-05-21T02:28:45.459137Z,2026-05-21T02:58:45.459137Z,bidirectional,TOU
research_20260521_1000-0334,user-005,EVSE-042,2026-05-21T05:19:58.045895Z,2026-05-21T06:19:58.045895Z,discharge_only,TOU
research_20260521_1000-0335,user-005,EVSE-041,2026-05-21T21:30:15.993182Z,2026-05-21T21:50:15.993182Z,charge_only,TOU
research_20260521_1000-0336,user-007,EVSE-001,2026-05-21T17:35:19.888032Z,2026-05-21T18:15:19.888032Z,charge_only,TOU
research_20260521_1000-0337,user-008,EVSE-020,2026-05-21T21:04:28.004615Z,2026-05-21T22:19:28.004615Z,discharge_only,TOU
research_20260521_1000-0338,user-006,EVSE-022,2026-05-21T12:18:26.093962Z,2026-05-21T13:18:26.093962Z,bidirectional,TOU
research_20260521_1000-0339,user-002,EVSE-007,2026-05-21T18:54:11.005621Z,2026-05-21T20:09:11.005621Z,charge_only,TOU
research_20260521_1000-0340,user-010,EVSE-048,2026-05-21T22:26:54.062036Z,2026-05-21T22:46:54.062036Z,charge_only,TOU
research_20260521_1000-0341,user-010,EVSE-038,2026-05-21T10:52:55.553582Z,2026-05-21T11:32:55.553582Z,charge_only,TOU
research_20260521_1000-0342,user-010,EVSE-045,2026-05-21T14:57:22.276754Z,2026-05-21T15:27:22.276754Z,charge_only,TOU
research_20260521_1000-0343,user-003,EVSE-020,2026-05-21T19:02:07.757114Z,2026-05-21T19:42:07.757114Z,charge_only,TOU
research_20260521_1000-0344,user-004,EVSE-004,2026-05-21T19:22:39.592734Z,2026-05-21T20:37:39.592734Z,charge_only,TOU
research_20260521_1000-0345,user-007,EVSE-025,2026-05-21T17:57:00.614232Z,2026-05-21T19:12:00.614232Z,bidirectional,TOU
research_20260521_1000-0346,user-010,EVSE-027,2026-05-21T12:21:27.173346Z,2026-05-21T13:21:27.173346Z,bidirectional,TOU
research_20260521_1000-0347,user-005,EVSE-038,2026-05-21T09:29:45.851082Z,2026-05-21T10:44:45.851082Z,charge_only,TOU
research_20260521_1000-0348,user-001,EVSE-045,2026-05-21T13:57:24.511870Z,2026-05-21T14:17:24.511870Z,charge_only,TOU
research_20260521_1000-0349,user-004,EVSE-006,2026-05-21T21:59:20.892332Z,2026-05-21T22:19:20.892332Z,charge_only,TOU
research_20260521_1000-0350,user-003,EVSE-040,2026-05-21T07:06:14.492245Z,2026-05-21T08:21:14.492245Z,charge_only,TOU
research_20260521_1000-0351,user-002,EVSE-042,2026-05-21T09:05:32.669683Z,2026-05-21T09:45:32.669683Z,charge_only,TOU
research_20260521_1000-0352,user-004,EVSE-018,2026-05-21T20:39:41.738260Z,2026-05-21T21:19:41.738260Z,charge_only,TOU
research_20260521_1000-0353,user-001,EVSE-045,2026-05-21T22:27:44.902843Z,2026-05-21T23:07:44.902843Z,charge_only,TOU
research_20260521_1000-0354,user-002,EVSE-031,2026-05-21T19:27:46.250480Z,2026-05-21T20:27:46.250480Z,bidirectional,TOU
research_20260521_1000-0355,user-001,EVSE-022,2026-05-21T16:59:12.948725Z,2026-05-21T17:19:12.948725Z,charge_only,TOU
research_20260521_1000-0356,user-008,EVSE-019,2026-05-21T09:44:33.933163Z,2026-05-21T10:59:33.933163Z,discharge_only,TOU
research_20260521_1000-0357,user-003,EVSE-046,2026-05-21T20:06:47.592778Z,2026-05-21T20:26:47.592778Z,charge_only,TOU
research_20260521_1000-0358,user-006,EVSE-019,2026-05-21T20:25:57.619847Z,2026-05-21T21:25:57.619847Z,charge_only,TOU
research_20260521_1000-0359,user-010,EVSE-018,2026-05-21T07:58:40.900002Z,2026-05-21T09:13:40.900002Z,charge_only,TOU
research_20260521_1000-0360,user-008,EVSE-043,2026-05-21T07:44:01.723262Z,2026-05-21T08:04:01.723262Z,discharge_only,TOU
research_20260521_1000-0361,user-007,EVSE-047,2026-05-21T15:06:43.970842Z,2026-05-21T15:46:43.970842Z,bidirectional,TOU
research_20260521_1000-0362,user-007,EVSE-012,2026-05-21T20:38:01.351853Z,2026-05-21T21:53:01.351853Z,bidirectional,TOU
research_20260521_1000-0363,user-008,EVSE-042,2026-05-21T22:58:11.076192Z,2026-05-21T23:38:11.076192Z,discharge_only,TOU
research_20260521_1000-0364,user-003,EVSE-041,2026-05-21T12:10:41.006115Z,2026-05-21T12:40:41.006115Z,bidirectional,TOU
research_20260521_1000-0365,user-002,EVSE-007,2026-05-21T15:01:35.328540Z,2026-05-21T16:16:35.328540Z,charge_only,TOU
research_20260521_1000-0366,user-006,EVSE-022,2026-05-21T03:02:40.913183Z,2026-05-21T03:42:40.913183Z,charge_only,TOU
research_20260521_1000-0367,user-004,EVSE-008,2026-05-21T20:16:26.455369Z,2026-05-21T20:46:26.455369Z,charge_only,TOU
research_20260521_1000-0368,user-002,EVSE-034,2026-05-21T04:19:51.814114Z,2026-05-21T04:39:51.814114Z,discharge_only,TOU
research_20260521_1000-0369,user-005,EVSE-045,2026-05-21T23:17:35.175984Z,2026-05-21T23:37:35.175984Z,bidirectional,TOU
research_20260521_1000-0370,user-001,EVSE-023,2026-05-21T05:23:26.584585Z,2026-05-21T06:23:26.584585Z,bidirectional,TOU
research_20260521_1000-0371,user-005,EVSE-035,2026-05-21T01:12:44.405321Z,2026-05-21T01:52:44.405321Z,bidirectional,TOU
research_20260521_1000-0372,user-004,EVSE-032,2026-05-21T01:53:30.771823Z,2026-05-21T02:53:30.771823Z,charge_only,TOU
research_20260521_1000-0373,user-009,EVSE-029,2026-05-21T06:39:07.400153Z,2026-05-21T06:59:07.400153Z,charge_only,TOU
research_20260521_1000-0374,user-007,EVSE-026,2026-05-21T19:27:08.977238Z,2026-05-21T19:47:08.977238Z,charge_only,TOU
research_20260521_1000-0375,user-002,EVSE-049,2026-05-21T21:07:19.578288Z,2026-05-21T22:07:19.578288Z,charge_only,TOU
research_20260521_1000-0376,user-005,EVSE-005,2026-05-21T05:49:55.425660Z,2026-05-21T06:49:55.425660Z,charge_only,TOU
research_20260521_1000-0377,user-003,EVSE-033,2026-05-21T14:48:00.510289Z,2026-05-21T15:28:00.510289Z,discharge_only,TOU
research_20260521_1000-0378,user-009,EVSE-003,2026-05-21T10:51:52.029079Z,2026-05-21T11:11:52.029079Z,charge_only,TOU
research_20260521_1000-0379,user-005,EVSE-035,2026-05-21T02:45:01.900209Z,2026-05-21T03:15:01.900209Z,discharge_only,TOU
research_20260521_1000-0380,user-003,EVSE-022,2026-05-21T11:49:22.411787Z,2026-05-21T12:49:22.411787Z,charge_only,TOU
research_20260521_1000-0381,user-006,EVSE-008,2026-05-21T14:05:49.282339Z,2026-05-21T14:25:49.282339Z,bidirectional,TOU
research_20260521_1000-0382,user-006,EVSE-049,2026-05-21T23:05:10.573486Z,2026-05-22T00:05:10.573486Z,charge_only,TOU
research_20260521_1000-0383,user-005,EVSE-007,2026-05-21T15:15:47.916017Z,2026-05-21T16:15:47.916017Z,charge_only,TOU
research_20260521_1000-0384,user-010,EVSE-034,2026-05-21T04:45:17.557985Z,2026-05-21T05:45:17.557985Z,bidirectional,TOU
research_20260521_1000-0385,user-004,EVSE-028,2026-05-21T08:07:26.342936Z,2026-05-21T09:07:26.342936Z,charge_only,TOU
research_20260521_1000-0386,user-002,EVSE-003,2026-05-21T08:46:08.665006Z,2026-05-21T09:46:08.665006Z,charge_only,TOU
research_20260521_1000-0387,user-001,EVSE-005,2026-05-21T17:46:54.512379Z,2026-05-21T18:26:54.512379Z,charge_only,TOU
research_20260521_1000-0388,user-006,EVSE-008,2026-05-21T07:51:47.532855Z,2026-05-21T08:11:47.532855Z,charge_only,TOU
research_20260521_1000-0389,user-009,EVSE-048,2026-05-21T17:56:23.783750Z,2026-05-21T18:16:23.783750Z,charge_only,TOU
research_20260521_1000-0390,user-004,EVSE-021,2026-05-21T20:31:14.388688Z,2026-05-21T21:01:14.388688Z,charge_only,TOU
research_20260521_1000-0391,user-004,EVSE-004,2026-05-21T00:51:49.554627Z,2026-05-21T01:21:49.554627Z,charge_only,TOU
research_20260521_1000-0392,user-004,EVSE-049,2026-05-21T17:54:42.277767Z,2026-05-21T18:54:42.277767Z,charge_only,TOU
research_20260521_1000-0393,user-003,EVSE-007,2026-05-21T02:00:07.034773Z,2026-05-21T02:40:07.034773Z,discharge_only,TOU
research_20260521_1000-0394,user-009,EVSE-008,2026-05-21T22:23:25.870988Z,2026-05-21T23:23:25.870988Z,charge_only,TOU
research_20260521_1000-0395,user-003,EVSE-002,2026-05-21T03:39:22.618865Z,2026-05-21T04:39:22.618865Z,charge_only,TOU
research_20260521_1000-0396,user-010,EVSE-024,2026-05-21T08:56:39.396310Z,2026-05-21T09:16:39.396310Z,bidirectional,TOU
research_20260521_1000-0397,user-001,EVSE-047,2026-05-21T06:44:14.392180Z,2026-05-21T07:44:14.392180Z,charge_only,TOU
research_20260521_1000-0398,user-007,EVSE-042,2026-05-21T04:57:51.150605Z,2026-05-21T05:17:51.150605Z,charge_only,TOU
research_20260521_1000-0399,user-003,EVSE-003,2026-05-21T03:04:07.283742Z,2026-05-21T04:04:07.283742Z,bidirectional,TOU
research_20260521_1000-0400,user-007,EVSE-003,2026-05-21T16:43:23.364473Z,2026-05-21T17:43:23.364473Z,discharge_only,TOU
research_20260521_1000-0401,user-005,EVSE-029,2026-05-21T06:02:08.061029Z,2026-05-21T07:02:08.061029Z,charge_only,TOU
research_20260521_1000-0402,user-004,EVSE-019,2026-05-21T19:35:16.589847Z,2026-05-21T20:35:16.589847Z,bidirectional,TOU
research_20260521_1000-0403,user-009,EVSE-007,2026-05-21T04:14:29.800239Z,2026-05-21T05:29:29.800239Z,charge_only,TOU
research_20260521_1000-0404,user-002,EVSE-042,2026-05-21T12:56:15.853209Z,2026-05-21T13:56:15.853209Z,charge_only,TOU
research_20260521_1000-0405,user-002,EVSE-023,2026-05-21T10:51:05.702436Z,2026-05-21T12:06:05.702436Z,bidirectional,TOU
research_20260521_1000-0406,user-009,EVSE-010,2026-05-21T19:11:11.123085Z,2026-05-21T20:11:11.123085Z,charge_only,TOU
research_20260521_1000-0407,user-009,EVSE-043,2026-05-21T21:58:04.983200Z,2026-05-21T22:58:04.983200Z,bidirectional,TOU
research_20260521_1000-0408,user-006,EVSE-046,2026-05-21T17:52:00.078344Z,2026-05-21T18:12:00.078344Z,bidirectional,TOU
research_20260521_1000-0409,user-008,EVSE-042,2026-05-21T05:48:24.591549Z,2026-05-21T06:48:24.591549Z,charge_only,TOU
research_20260521_1000-0410,user-010,EVSE-002,2026-05-21T06:33:41.254622Z,2026-05-21T07:13:41.254622Z,charge_only,TOU
research_20260521_1000-0411,user-001,EVSE-010,2026-05-21T18:57:42.572899Z,2026-05-21T19:27:42.572899Z,bidirectional,TOU
research_20260521_1000-0412,user-008,EVSE-038,2026-05-21T12:40:03.333236Z,2026-05-21T13:40:03.333236Z,bidirectional,TOU
research_20260521_1000-0413,user-008,EVSE-040,2026-05-21T18:25:03.340085Z,2026-05-21T18:45:03.340085Z,bidirectional,TOU
research_20260521_1000-0414,user-007,EVSE-019,2026-05-21T23:29:02.281705Z,2026-05-22T00:09:02.281705Z,bidirectional,TOU
research_20260521_1000-0415,user-007,EVSE-007,2026-05-21T03:59:21.823563Z,2026-05-21T04:39:21.823563Z,charge_only,TOU
research_20260521_1000-0416,user-008,EVSE-005,2026-05-21T16:41:44.476410Z,2026-05-21T17:11:44.476410Z,bidirectional,TOU
research_20260521_1000-0417,user-004,EVSE-039,2026-05-21T21:05:12.553964Z,2026-05-21T21:35:12.553964Z,bidirectional,TOU
research_20260521_1000-0418,user-008,EVSE-033,2026-05-21T04:48:27.533103Z,2026-05-21T05:08:27.533103Z,charge_only,TOU
research_20260521_1000-0419,user-004,EVSE-029,2026-05-21T02:07:10.829426Z,2026-05-21T02:37:10.829426Z,bidirectional,TOU
research_20260521_1000-0420,user-001,EVSE-034,2026-05-21T18:05:44.692017Z,2026-05-21T19:05:44.692017Z,bidirectional,TOU
research_20260521_1000-0421,user-001,EVSE-011,2026-05-21T13:21:41.201240Z,2026-05-21T13:41:41.201240Z,charge_only,TOU
research_20260521_1000-0422,user-001,EVSE-020,2026-05-21T08:08:20.778715Z,2026-05-21T08:38:20.778715Z,bidirectional,TOU
research_20260521_1000-0423,user-006,EVSE-042,2026-05-21T23:47:37.247025Z,2026-05-22T00:27:37.247025Z,charge_only,TOU
research_20260521_1000-0424,user-005,EVSE-020,2026-05-21T21:57:38.128228Z,2026-05-21T23:12:38.128228Z,discharge_only,TOU
research_20260521_1000-0425,user-002,EVSE-048,2026-05-21T06:24:56.395301Z,2026-05-21T07:04:56.395301Z,charge_only,TOU
research_20260521_1000-0426,user-009,EVSE-013,2026-05-21T03:42:55.565446Z,2026-05-21T04:12:55.565446Z,bidirectional,TOU
research_20260521_1000-0427,user-002,EVSE-032,2026-05-21T20:27:57.798900Z,2026-05-21T21:27:57.798900Z,bidirectional,TOU
research_20260521_1000-0428,user-003,EVSE-048,2026-05-21T20:31:08.489932Z,2026-05-21T21:01:08.489932Z,charge_only,TOU
research_20260521_1000-0429,user-002,EVSE-014,2026-05-21T09:32:41.741533Z,2026-05-21T10:32:41.741533Z,bidirectional,TOU
research_20260521_1000-0430,user-001,EVSE-049,2026-05-21T21:02:50.868965Z,2026-05-21T21:42:50.868965Z,charge_only,TOU
research_20260521_1000-0431,user-008,EVSE-043,2026-05-21T07:58:12.127644Z,2026-05-21T08:28:12.127644Z,discharge_only,TOU
research_20260521_1000-0432,user-002,EVSE-006,2026-05-21T03:12:01.611264Z,2026-05-21T03:32:01.611264Z,charge_only,TOU
research_20260521_1000-0433,user-010,EVSE-028,2026-05-21T05:48:02.049803Z,2026-05-21T07:03:02.049803Z,bidirectional,TOU
research_20260521_1000-0434,user-009,EVSE-021,2026-05-21T16:21:58.157584Z,2026-05-21T17:01:58.157584Z,bidirectional,TOU
research_20260521_1000-0435,user-005,EVSE-049,2026-05-21T14:37:29.208949Z,2026-05-21T15:17:29.208949Z,discharge_only,TOU
research_20260521_1000-0436,user-005,EVSE-006,2026-05-21T22:31:41.397109Z,2026-05-21T23:31:41.397109Z,discharge_only,TOU
research_20260521_1000-0437,user-003,EVSE-019,2026-05-21T15:01:26.428952Z,2026-05-21T15:31:26.428952Z,charge_only,TOU
research_20260521_1000-0438,user-001,EVSE-009,2026-05-21T01:34:45.011094Z,2026-05-21T02:34:45.011094Z,charge_only,TOU
research_20260521_1000-0439,user-007,EVSE-001,2026-05-21T18:55:22.544768Z,2026-05-21T20:10:22.544768Z,charge_only,TOU
research_20260521_1000-0440,user-007,EVSE-050,2026-05-21T10:38:39.687448Z,2026-05-21T11:38:39.687448Z,charge_only,TOU
research_20260521_1000-0441,user-002,EVSE-046,2026-05-21T12:52:43.365259Z,2026-05-21T13:22:43.365259Z,bidirectional,TOU
research_20260521_1000-0442,user-006,EVSE-005,2026-05-21T23:06:00.821891Z,2026-05-22T00:06:00.821891Z,charge_only,TOU
research_20260521_1000-0443,user-003,EVSE-027,2026-05-21T17:45:08.444867Z,2026-05-21T19:00:08.444867Z,charge_only,TOU
research_20260521_1000-0444,user-008,EVSE-011,2026-05-21T12:05:22.344585Z,2026-05-21T13:20:22.344585Z,charge_only,TOU
research_20260521_1000-0445,user-002,EVSE-049,2026-05-21T23:18:51.794206Z,2026-05-22T00:18:51.794206Z,charge_only,TOU
research_20260521_1000-0446,user-002,EVSE-029,2026-05-21T21:55:49.802000Z,2026-05-21T22:15:49.802000Z,discharge_only,TOU
research_20260521_1000-0447,user-007,EVSE-043,2026-05-21T22:24:15.721613Z,2026-05-21T22:44:15.721613Z,bidirectional,TOU
research_20260521_1000-0448,user-008,EVSE-009,2026-05-21T04:53:57.771846Z,2026-05-21T06:08:57.771846Z,bidirectional,TOU
research_20260521_1000-0449,user-006,EVSE-022,2026-05-21T16:30:53.336044Z,2026-05-21T17:45:53.336044Z,bidirectional,TOU
research_20260521_1000-0450,user-008,EVSE-041,2026-05-21T09:35:20.536993Z,2026-05-21T10:15:20.536993Z,charge_only,TOU
research_20260521_1000-0451,user-010,EVSE-049,2026-05-21T18:52:04.832944Z,2026-05-21T19:52:04.832944Z,charge_only,TOU
research_20260521_1000-0452,user-004,EVSE-007,2026-05-21T19:14:07.920488Z,2026-05-21T19:44:07.920488Z,charge_only,TOU
research_20260521_1000-0453,user-007,EVSE-034,2026-05-21T08:15:59.301361Z,2026-05-21T08:35:59.301361Z,charge_only,TOU
research_20260521_1000-0454,user-007,EVSE-041,2026-05-21T02:54:07.290931Z,2026-05-21T03:14:07.290931Z,bidirectional,TOU
research_20260521_1000-0455,user-010,EVSE-032,2026-05-21T09:53:15.044625Z,2026-05-21T11:08:15.044625Z,charge_only,TOU
research_20260521_1000-0456,user-006,EVSE-011,2026-05-21T11:22:18.902017Z,2026-05-21T12:22:18.902017Z,charge_only,TOU
research_20260521_1000-0457,user-009,EVSE-028,2026-05-21T21:56:56.829657Z,2026-05-21T22:16:56.829657Z,discharge_only,TOU
research_20260521_1000-0458,user-006,EVSE-018,2026-05-21T04:40:30.814199Z,2026-05-21T05:20:30.814199Z,discharge_only,TOU
research_20260521_1000-0459,user-002,EVSE-023,2026-05-21T15:20:15.532626Z,2026-05-21T16:35:15.532626Z,discharge_only,TOU
research_20260521_1000-0460,user-007,EVSE-047,2026-05-21T04:15:31.182288Z,2026-05-21T04:35:31.182288Z,charge_only,TOU
research_20260521_1000-0461,user-009,EVSE-022,2026-05-21T09:53:42.885570Z,2026-05-21T11:08:42.885570Z,charge_only,TOU
research_20260521_1000-0462,user-007,EVSE-013,2026-05-21T05:40:30.487432Z,2026-05-21T06:55:30.487432Z,discharge_only,TOU
research_20260521_1000-0463,user-008,EVSE-034,2026-05-21T08:38:50.114375Z,2026-05-21T09:18:50.114375Z,bidirectional,TOU
research_20260521_1000-0464,user-009,EVSE-020,2026-05-21T23:43:05.531520Z,2026-05-22T00:23:05.531520Z,discharge_only,TOU
research_20260521_1000-0465,user-008,EVSE-030,2026-05-21T20:10:21.300013Z,2026-05-21T21:25:21.300013Z,charge_only,TOU
research_20260521_1000-0466,user-005,EVSE-003,2026-05-21T14:35:49.792219Z,2026-05-21T15:05:49.792219Z,bidirectional,TOU
research_20260521_1000-0467,user-005,EVSE-003,2026-05-21T02:48:07.176100Z,2026-05-21T04:03:07.176100Z,charge_only,TOU
research_20260521_1000-0468,user-008,EVSE-011,2026-05-21T14:50:08.158930Z,2026-05-21T15:50:08.158930Z,discharge_only,TOU
research_20260521_1000-0469,user-002,EVSE-029,2026-05-21T19:43:46.757423Z,2026-05-21T20:03:46.757423Z,charge_only,TOU
research_20260521_1000-0470,user-001,EVSE-002,2026-05-21T02:33:31.782226Z,2026-05-21T03:48:31.782226Z,discharge_only,TOU
research_20260521_1000-0471,user-004,EVSE-003,2026-05-21T07:39:51.496981Z,2026-05-21T07:59:51.496981Z,charge_only,TOU
research_20260521_1000-0472,user-006,EVSE-021,2026-05-21T16:14:20.484634Z,2026-05-21T16:44:20.484634Z,bidirectional,TOU
research_20260521_1000-0473,user-004,EVSE-037,2026-05-21T22:23:56.193057Z,2026-05-21T23:03:56.193057Z,charge_only,TOU
research_20260521_1000-0474,user-010,EVSE-048,2026-05-21T16:11:55.789273Z,2026-05-21T17:11:55.789273Z,charge_only,TOU
research_20260521_1000-0475,user-001,EVSE-018,2026-05-21T18:24:02.849851Z,2026-05-21T19:39:02.849851Z,discharge_only,TOU
research_20260521_1000-0476,user-001,EVSE-034,2026-05-21T11:28:56.584931Z,2026-05-21T12:28:56.584931Z,charge_only,TOU
research_20260521_1000-0477,user-001,EVSE-013,2026-05-21T22:25:57.101539Z,2026-05-21T23:25:57.101539Z,charge_only,TOU
research_20260521_1000-0478,user-004,EVSE-020,2026-05-21T16:42:32.098892Z,2026-05-21T17:57:32.098892Z,charge_only,TOU
research_20260521_1000-0479,user-003,EVSE-026,2026-05-21T17:48:29.995206Z,2026-05-21T18:48:29.995206Z,charge_only,TOU
research_20260521_1000-0480,user-008,EVSE-028,2026-05-21T16:35:45.144684Z,2026-05-21T17:50:45.144684Z,discharge_only,TOU
research_20260521_1000-0481,user-001,EVSE-043,2026-05-21T01:52:05.117532Z,2026-05-21T02:32:05.117532Z,charge_only,TOU
research_20260521_1000-0482,user-002,EVSE-049,2026-05-21T08:31:04.065442Z,2026-05-21T09:31:04.065442Z,charge_only,TOU
research_20260521_1000-0483,user-002,EVSE-032,2026-05-21T21:21:38.720203Z,2026-05-21T22:36:38.720203Z,charge_only,TOU
research_20260521_1000-0484,user-008,EVSE-007,2026-05-21T10:22:23.239608Z,2026-05-21T10:52:23.239608Z,bidirectional,TOU
research_20260521_1000-0485,user-005,EVSE-018,2026-05-21T21:55:34.909687Z,2026-05-21T22:15:34.909687Z,bidirectional,TOU
research_20260521_1000-0486,user-010,EVSE-031,2026-05-21T05:02:32.500699Z,2026-05-21T05:22:32.500699Z,bidirectional,TOU
research_20260521_1000-0487,user-006,EVSE-045,2026-05-21T15:05:04.165439Z,2026-05-21T15:45:04.165439Z,charge_only,TOU
research_20260521_1000-0488,user-003,EVSE-043,2026-05-21T23:22:01.211084Z,2026-05-21T23:42:01.211084Z,bidirectional,TOU
research_20260521_1000-0489,user-006,EVSE-031,2026-05-21T23:35:03.141725Z,2026-05-22T00:15:03.141725Z,charge_only,TOU
research_20260521_1000-0490,user-002,EVSE-030,2026-05-21T06:21:38.403006Z,2026-05-21T07:01:38.403006Z,bidirectional,TOU
research_20260521_1000-0491,user-002,EVSE-041,2026-05-21T12:24:40.637686Z,2026-05-21T13:39:40.637686Z,bidirectional,TOU
research_20260521_1000-0492,user-006,EVSE-009,2026-05-21T03:03:24.331554Z,2026-05-21T04:18:24.331554Z,bidirectional,TOU
research_20260521_1000-0493,user-010,EVSE-038,2026-05-21T06:17:50.294250Z,2026-05-21T06:57:50.294250Z,charge_only,TOU
research_20260521_1000-0494,user-009,EVSE-003,2026-05-21T03:31:35.921020Z,2026-05-21T04:11:35.921020Z,charge_only,TOU
research_20260521_1000-0495,user-002,EVSE-047,2026-05-21T17:25:13.700311Z,2026-05-21T18:40:13.700311Z,charge_only,TOU
research_20260521_1000-0496,user-003,EVSE-030,2026-05-21T00:11:52.138224Z,2026-05-21T01:26:52.138224Z,discharge_only,TOU
research_20260521_1000-0497,user-008,EVSE-044,2026-05-21T07:16:49.442558Z,2026-05-21T07:56:49.442558Z,bidirectional,TOU
research_20260521_1000-0498,user-002,EVSE-048,2026-05-21T15:26:57.555029Z,2026-05-21T16:26:57.555029Z,charge_only,TOU
research_20260521_1000-0499,user-002,EVSE-038,2026-05-21T05:19:04.057920Z,2026-05-21T06:19:04.057920Z,charge_only,TOU
research_20260521_1000-0500,user-007,EVSE-035,2026-05-21T16:49:21.406807Z,2026-05-21T17:19:21.406807Z,discharge_only,TOU
research_20260521_1000-0501,user-002,EVSE-036,2026-05-21T11:31:46.943583Z,2026-05-21T12:46:46.943583Z,charge_only,TOU
research_20260521_1000-0502,user-002,EVSE-014,2026-05-21T00:27:54.183231Z,2026-05-21T01:42:54.183231Z,discharge_only,TOU
research_20260521_1000-0503,user-001,EVSE-017,2026-05-21T18:17:34.529276Z,2026-05-21T18:47:34.529276Z,bidirectional,TOU
research_20260521_1000-0504,user-003,EVSE-018,2026-05-21T14:22:54.869949Z,2026-05-21T14:42:54.869949Z,charge_only,TOU
research_20260521_1000-0505,user-004,EVSE-022,2026-05-21T06:50:11.954774Z,2026-05-21T08:05:11.954774Z,charge_only,TOU
research_20260521_1000-0506,user-004,EVSE-034,2026-05-21T17:24:56.917613Z,2026-05-21T17:44:56.917613Z,charge_only,TOU
research_20260521_1000-0507,user-008,EVSE-044,2026-05-21T21:41:25.295852Z,2026-05-21T22:21:25.295852Z,charge_only,TOU
research_20260521_1000-0508,user-010,EVSE-027,2026-05-21T02:48:53.373252Z,2026-05-21T03:48:53.373252Z,charge_only,TOU
research_20260521_1000-0509,user-006,EVSE-028,2026-05-21T04:49:12.287148Z,2026-05-21T06:04:12.287148Z,bidirectional,TOU
research_20260521_1000-0510,user-003,EVSE-034,2026-05-21T12:28:17.726134Z,2026-05-21T13:43:17.726134Z,charge_only,TOU
research_20260521_1000-0511,user-008,EVSE-014,2026-05-21T00:49:54.466044Z,2026-05-21T02:04:54.466044Z,bidirectional,TOU
research_20260521_1000-0512,user-009,EVSE-020,2026-05-21T04:09:57.153723Z,2026-05-21T04:29:57.153723Z,charge_only,TOU
research_20260521_1000-0513,user-003,EVSE-032,2026-05-21T14:20:01.317144Z,2026-05-21T14:40:01.317144Z,discharge_only,TOU
research_20260521_1000-0514,user-005,EVSE-009,2026-05-21T18:33:25.371878Z,2026-05-21T19:33:25.371878Z,bidirectional,TOU
research_20260521_1000-0515,user-001,EVSE-049,2026-05-21T20:08:08.999906Z,2026-05-21T20:38:08.999906Z,charge_only,TOU
research_20260521_1000-0516,user-009,EVSE-028,2026-05-21T06:33:34.070312Z,2026-05-21T07:33:34.070312Z,bidirectional,TOU
research_20260521_1000-0517,user-009,EVSE-012,2026-05-21T19:29:55.275661Z,2026-05-21T20:09:55.275661Z,charge_only,TOU
research_20260521_1000-0518,user-003,EVSE-041,2026-05-21T18:28:41.205791Z,2026-05-21T18:58:41.205791Z,bidirectional,TOU
research_20260521_1000-0519,user-007,EVSE-012,2026-05-21T12:28:57.531470Z,2026-05-21T13:43:57.531470Z,charge_only,TOU
research_20260521_1000-0520,user-006,EVSE-039,2026-05-21T16:40:43.581547Z,2026-05-21T17:00:43.581547Z,bidirectional,TOU
research_20260521_1000-0521,user-004,EVSE-046,2026-05-21T09:57:34.128509Z,2026-05-21T10:17:34.128509Z,bidirectional,TOU
research_20260521_1000-0522,user-009,EVSE-036,2026-05-21T09:07:37.504114Z,2026-05-21T09:47:37.504114Z,charge_only,TOU
research_20260521_1000-0523,user-008,EVSE-037,2026-05-21T08:51:59.695240Z,2026-05-21T09:11:59.695240Z,bidirectional,TOU
research_20260521_1000-0524,user-004,EVSE-033,2026-05-21T06:12:22.206993Z,2026-05-21T07:12:22.206993Z,charge_only,TOU
research_20260521_1000-0525,user-009,EVSE-018,2026-05-21T17:46:16.689038Z,2026-05-21T18:16:16.689038Z,charge_only,TOU
research_20260521_1000-0526,user-001,EVSE-036,2026-05-21T08:33:55.506061Z,2026-05-21T09:03:55.506061Z,charge_only,TOU
research_20260521_1000-0527,user-010,EVSE-002,2026-05-21T16:54:21.042758Z,2026-05-21T17:14:21.042758Z,charge_only,TOU
research_20260521_1000-0528,user-010,EVSE-031,2026-05-21T21:25:43.347909Z,2026-05-21T22:25:43.347909Z,bidirectional,TOU
research_20260521_1000-0529,user-003,EVSE-044,2026-05-21T04:24:32.333868Z,2026-05-21T04:54:32.333868Z,charge_only,TOU
research_20260521_1000-0530,user-002,EVSE-006,2026-05-21T13:44:59.469351Z,2026-05-21T14:44:59.469351Z,charge_only,TOU
research_20260521_1000-0531,user-010,EVSE-049,2026-05-21T23:39:33.867493Z,2026-05-21T23:59:33.867493Z,charge_only,TOU
research_20260521_1000-0532,user-003,EVSE-023,2026-05-21T16:36:21.936637Z,2026-05-21T17:36:21.936637Z,bidirectional,TOU
research_20260521_1000-0533,user-007,EVSE-008,2026-05-21T07:30:03.392690Z,2026-05-21T07:50:03.392690Z,bidirectional,TOU
research_20260521_1000-0534,user-002,EVSE-042,2026-05-21T02:29:21.327182Z,2026-05-21T03:44:21.327182Z,bidirectional,TOU
research_20260521_1000-0535,user-008,EVSE-016,2026-05-21T06:40:15.924742Z,2026-05-21T07:40:15.924742Z,bidirectional,TOU
research_20260521_1000-0536,user-009,EVSE-004,2026-05-21T11:10:22.216113Z,2026-05-21T12:25:22.216113Z,charge_only,TOU
research_20260521_1000-0537,user-003,EVSE-046,2026-05-21T16:54:38.154306Z,2026-05-21T17:24:38.154306Z,charge_only,TOU
research_20260521_1000-0538,user-007,EVSE-010,2026-05-21T15:03:46.482419Z,2026-05-21T15:23:46.482419Z,charge_only,TOU
research_20260521_1000-0539,user-010,EVSE-039,2026-05-21T04:02:15.725418Z,2026-05-21T05:02:15.725418Z,charge_only,TOU
research_20260521_1000-0540,user-001,EVSE-026,2026-05-21T14:28:11.844371Z,2026-05-21T15:28:11.844371Z,charge_only,TOU
research_20260521_1000-0541,user-003,EVSE-005,2026-05-21T04:14:35.570976Z,2026-05-21T05:29:35.570976Z,charge_only,TOU
research_20260521_1000-0542,user-005,EVSE-004,2026-05-21T19:28:38.934863Z,2026-05-21T19:58:38.934863Z,charge_only,TOU
research_20260521_1000-0543,user-001,EVSE-033,2026-05-21T00:27:01.203446Z,2026-05-21T01:07:01.203446Z,charge_only,TOU
research_20260521_1000-0544,user-010,EVSE-033,2026-05-21T04:52:39.612734Z,2026-05-21T05:52:39.612734Z,charge_only,TOU
research_20260521_1000-0545,user-009,EVSE-040,2026-05-21T01:39:28.369623Z,2026-05-21T02:19:28.369623Z,charge_only,TOU
research_20260521_1000-0546,user-010,EVSE-006,2026-05-21T08:54:58.974556Z,2026-05-21T09:54:58.974556Z,charge_only,TOU
research_20260521_1000-0547,user-008,EVSE-040,2026-05-21T17:47:33.629803Z,2026-05-21T18:47:33.629803Z,charge_only,TOU
research_20260521_1000-0548,user-007,EVSE-015,2026-05-21T11:50:26.574050Z,2026-05-21T12:30:26.574050Z,bidirectional,TOU
research_20260521_1000-0549,user-002,EVSE-048,2026-05-21T15:36:31.760088Z,2026-05-21T16:36:31.760088Z,charge_only,TOU
research_20260521_1000-0550,user-001,EVSE-018,2026-05-21T10:54:04.982443Z,2026-05-21T11:54:04.982443Z,charge_only,TOU
research_20260521_1000-0551,user-003,EVSE-031,2026-05-21T22:19:16.018119Z,2026-05-21T23:19:16.018119Z,bidirectional,TOU
research_20260521_1000-0552,user-007,EVSE-032,2026-05-21T15:28:14.578670Z,2026-05-21T16:43:14.578670Z,charge_only,TOU
research_20260521_1000-0553,user-007,EVSE-003,2026-05-21T17:40:33.847226Z,2026-05-21T18:00:33.847226Z,charge_only,TOU
research_20260521_1000-0554,user-007,EVSE-002,2026-05-21T07:16:07.058035Z,2026-05-21T07:46:07.058035Z,discharge_only,TOU
research_20260521_1000-0555,user-002,EVSE-045,2026-05-21T07:11:58.998578Z,2026-05-21T08:11:58.998578Z,discharge_only,TOU
research_20260521_1000-0556,user-010,EVSE-032,2026-05-21T01:28:25.307498Z,2026-05-21T01:48:25.307498Z,charge_only,TOU
research_20260521_1000-0557,user-009,EVSE-042,2026-05-21T21:35:25.740945Z,2026-05-21T22:35:25.740945Z,charge_only,TOU
research_20260521_1000-0558,user-001,EVSE-003,2026-05-21T01:25:57.107651Z,2026-05-21T01:55:57.107651Z,bidirectional,TOU
research_20260521_1000-0559,user-006,EVSE-028,2026-05-21T03:48:17.504414Z,2026-05-21T05:03:17.504414Z,charge_only,TOU
research_20260521_1000-0560,user-003,EVSE-048,2026-05-21T11:52:52.191177Z,2026-05-21T13:07:52.191177Z,charge_only,TOU
research_20260521_1000-0561,user-006,EVSE-038,2026-05-21T19:30:21.633199Z,2026-05-21T20:00:21.633199Z,bidirectional,TOU
research_20260521_1000-0562,user-010,EVSE-027,2026-05-21T21:02:20.074485Z,2026-05-21T21:32:20.074485Z,bidirectional,TOU
research_20260521_1000-0563,user-002,EVSE-039,2026-05-21T18:56:10.427943Z,2026-05-21T19:56:10.427943Z,charge_only,TOU
research_20260521_1000-0564,user-005,EVSE-015,2026-05-21T01:44:43.213313Z,2026-05-21T02:14:43.213313Z,bidirectional,TOU
research_20260521_1000-0565,user-003,EVSE-026,2026-05-21T17:33:40.178013Z,2026-05-21T18:33:40.178013Z,charge_only,TOU
research_20260521_1000-0566,user-010,EVSE-028,2026-05-21T16:30:19.044808Z,2026-05-21T17:00:19.044808Z,charge_only,TOU
research_20260521_1000-0567,user-002,EVSE-026,2026-05-21T13:11:51.547615Z,2026-05-21T13:31:51.547615Z,bidirectional,TOU
research_20260521_1000-0568,user-006,EVSE-030,2026-05-21T13:40:40.980440Z,2026-05-21T14:10:40.980440Z,bidirectional,TOU
research_20260521_1000-0569,user-004,EVSE-013,2026-05-21T10:30:14.253588Z,2026-05-21T11:30:14.253588Z,charge_only,TOU
research_20260521_1000-0570,user-001,EVSE-034,2026-05-21T00:13:01.560497Z,2026-05-21T01:13:01.560497Z,bidirectional,TOU
research_20260521_1000-0571,user-002,EVSE-040,2026-05-21T12:42:21.214395Z,2026-05-21T13:42:21.214395Z,discharge_only,TOU
research_20260521_1000-0572,user-001,EVSE-004,2026-05-21T20:39:13.345818Z,2026-05-21T21:19:13.345818Z,charge_only,TOU
research_20260521_1000-0573,user-002,EVSE-027,2026-05-21T22:49:52.507101Z,2026-05-21T23:29:52.507101Z,bidirectional,TOU
research_20260521_1000-0574,user-009,EVSE-014,2026-05-21T11:19:16.316617Z,2026-05-21T12:34:16.316617Z,charge_only,TOU
research_20260521_1000-0575,user-008,EVSE-007,2026-05-21T21:28:28.200369Z,2026-05-21T21:58:28.200369Z,charge_only,TOU
research_20260521_1000-0576,user-006,EVSE-012,2026-05-21T14:43:46.255304Z,2026-05-21T15:43:46.255304Z,charge_only,TOU
research_20260521_1000-0577,user-009,EVSE-042,2026-05-21T13:07:11.824853Z,2026-05-21T13:47:11.824853Z,charge_only,TOU
research_20260521_1000-0578,user-004,EVSE-015,2026-05-21T16:55:37.890708Z,2026-05-21T17:55:37.890708Z,charge_only,TOU
research_20260521_1000-0579,user-007,EVSE-023,2026-05-21T14:34:39.141044Z,2026-05-21T14:54:39.141044Z,charge_only,TOU
research_20260521_1000-0580,user-005,EVSE-016,2026-05-21T06:22:12.571805Z,2026-05-21T06:42:12.571805Z,charge_only,TOU
research_20260521_1000-0581,user-003,EVSE-031,2026-05-21T19:29:13.442803Z,2026-05-21T20:29:13.442803Z,charge_only,TOU
research_20260521_1000-0582,user-010,EVSE-017,2026-05-21T07:39:44.003111Z,2026-05-21T08:19:44.003111Z,charge_only,TOU
research_20260521_1000-0583,user-008,EVSE-002,2026-05-21T23:39:28.324953Z,2026-05-22T00:19:28.324953Z,charge_only,TOU
research_20260521_1000-0584,user-004,EVSE-025,2026-05-21T08:09:30.698709Z,2026-05-21T08:39:30.698709Z,charge_only,TOU
research_20260521_1000-0585,user-009,EVSE-023,2026-05-21T02:24:07.272562Z,2026-05-21T03:24:07.272562Z,bidirectional,TOU
research_20260521_1000-0586,user-008,EVSE-019,2026-05-21T01:43:47.066161Z,2026-05-21T02:13:47.066161Z,charge_only,TOU
research_20260521_1000-0587,user-005,EVSE-009,2026-05-21T04:10:19.340076Z,2026-05-21T04:30:19.340076Z,charge_only,TOU
research_20260521_1000-0588,user-009,EVSE-020,2026-05-21T08:00:55.833691Z,2026-05-21T09:15:55.833691Z,charge_only,TOU
research_20260521_1000-0589,user-007,EVSE-028,2026-05-21T07:41:21.034564Z,2026-05-21T08:21:21.034564Z,bidirectional,TOU
research_20260521_1000-0590,user-006,EVSE-020,2026-05-21T11:53:30.368999Z,2026-05-21T12:33:30.368999Z,discharge_only,TOU
research_20260521_1000-0591,user-006,EVSE-004,2026-05-21T20:55:43.452044Z,2026-05-21T22:10:43.452044Z,charge_only,TOU
research_20260521_1000-0592,user-009,EVSE-010,2026-05-21T06:14:19.000307Z,2026-05-21T06:34:19.000307Z,bidirectional,TOU
research_20260521_1000-0593,user-001,EVSE-017,2026-05-21T04:38:54.704650Z,2026-05-21T05:53:54.704650Z,bidirectional,TOU
research_20260521_1000-0594,user-010,EVSE-038,2026-05-21T21:01:35.819758Z,2026-05-21T21:31:35.819758Z,bidirectional,TOU
research_20260521_1000-0595,user-007,EVSE-001,2026-05-21T14:43:25.083841Z,2026-05-21T15:03:25.083841Z,discharge_only,TOU
research_20260521_1000-0596,user-010,EVSE-025,2026-05-21T13:18:56.981236Z,2026-05-21T13:58:56.981236Z,charge_only,TOU
research_20260521_1000-0597,user-003,EVSE-038,2026-05-21T15:32:18.690970Z,2026-05-21T16:47:18.690970Z,charge_only,TOU
research_20260521_1000-0598,user-010,EVSE-049,2026-05-21T04:03:57.826436Z,2026-05-21T04:23:57.826436Z,bidirectional,TOU
research_20260521_1000-0599,user-004,EVSE-005,2026-05-21T21:27:10.691679Z,2026-05-21T21:57:10.691679Z,charge_only,TOU
research_20260521_1000-0600,user-001,EVSE-011,2026-05-21T01:49:05.206950Z,2026-05-21T02:29:05.206950Z,charge_only,TOU
research_20260521_1000-0601,user-004,EVSE-050,2026-05-21T21:55:08.019015Z,2026-05-21T22:15:08.019015Z,charge_only,TOU
research_20260521_1000-0602,user-002,EVSE-004,2026-05-21T15:48:22.542653Z,2026-05-21T17:03:22.542653Z,bidirectional,TOU
research_20260521_1000-0603,user-004,EVSE-020,2026-05-21T04:16:17.277641Z,2026-05-21T04:56:17.277641Z,discharge_only,TOU
research_20260521_1000-0604,user-002,EVSE-004,2026-05-21T09:59:48.454983Z,2026-05-21T10:39:48.454983Z,bidirectional,TOU
research_20260521_1000-0605,user-010,EVSE-036,2026-05-21T02:16:46.418017Z,2026-05-21T02:36:46.418017Z,charge_only,TOU
research_20260521_1000-0606,user-001,EVSE-031,2026-05-21T21:29:09.110905Z,2026-05-21T22:29:09.110905Z,bidirectional,TOU
research_20260521_1000-0607,user-003,EVSE-037,2026-05-21T13:40:12.308756Z,2026-05-21T14:40:12.308756Z,bidirectional,TOU
research_20260521_1000-0608,user-004,EVSE-019,2026-05-21T04:28:49.468538Z,2026-05-21T04:48:49.468538Z,bidirectional,TOU
research_20260521_1000-0609,user-002,EVSE-015,2026-05-21T08:13:30.599507Z,2026-05-21T08:33:30.599507Z,charge_only,TOU
research_20260521_1000-0610,user-006,EVSE-009,2026-05-21T05:15:29.993766Z,2026-05-21T05:55:29.993766Z,bidirectional,TOU
research_20260521_1000-0611,user-005,EVSE-008,2026-05-21T06:10:39.091889Z,2026-05-21T06:40:39.091889Z,discharge_only,TOU
research_20260521_1000-0612,user-005,EVSE-035,2026-05-21T17:18:43.622625Z,2026-05-21T18:18:43.622625Z,charge_only,TOU
research_20260521_1000-0613,user-010,EVSE-004,2026-05-21T05:52:33.094422Z,2026-05-21T06:32:33.094422Z,charge_only,TOU
research_20260521_1000-0614,user-005,EVSE-018,2026-05-21T03:22:44.382383Z,2026-05-21T04:37:44.382383Z,discharge_only,TOU
research_20260521_1000-0615,user-010,EVSE-036,2026-05-21T23:41:13.900372Z,2026-05-22T00:21:13.900372Z,charge_only,TOU
research_20260521_1000-0616,user-002,EVSE-038,2026-05-21T17:20:55.094013Z,2026-05-21T18:35:55.094013Z,discharge_only,TOU
research_20260521_1000-0617,user-004,EVSE-024,2026-05-21T22:31:25.768221Z,2026-05-21T23:11:25.768221Z,bidirectional,TOU
research_20260521_1000-0618,user-002,EVSE-010,2026-05-21T08:34:40.960848Z,2026-05-21T09:14:40.960848Z,bidirectional,TOU
research_20260521_1000-0619,user-010,EVSE-049,2026-05-21T18:54:28.158454Z,2026-05-21T19:34:28.158454Z,charge_only,TOU
research_20260521_1000-0620,user-002,EVSE-004,2026-05-21T00:58:34.785560Z,2026-05-21T01:28:34.785560Z,charge_only,TOU
research_20260521_1000-0621,user-009,EVSE-016,2026-05-21T13:23:56.095429Z,2026-05-21T14:03:56.095429Z,charge_only,TOU
research_20260521_1000-0622,user-007,EVSE-035,2026-05-21T15:17:53.467790Z,2026-05-21T15:57:53.467790Z,charge_only,TOU
research_20260521_1000-0623,user-010,EVSE-003,2026-05-21T08:00:06.010792Z,2026-05-21T09:15:06.010792Z,charge_only,TOU
research_20260521_1000-0624,user-003,EVSE-008,2026-05-21T00:13:29.746996Z,2026-05-21T00:43:29.746996Z,charge_only,TOU
research_20260521_1000-0625,user-006,EVSE-006,2026-05-21T09:47:16.300615Z,2026-05-21T11:02:16.300615Z,charge_only,TOU
research_20260521_1000-0626,user-010,EVSE-025,2026-05-21T15:06:22.894287Z,2026-05-21T16:06:22.894287Z,discharge_only,TOU
research_20260521_1000-0627,user-003,EVSE-029,2026-05-21T22:58:36.865316Z,2026-05-21T23:28:36.865316Z,charge_only,TOU
research_20260521_1000-0628,user-005,EVSE-002,2026-05-21T00:15:07.198387Z,2026-05-21T00:35:07.198387Z,charge_only,TOU
research_20260521_1000-0629,user-009,EVSE-009,2026-05-21T11:04:24.064408Z,2026-05-21T11:34:24.064408Z,charge_only,TOU
research_20260521_1000-0630,user-002,EVSE-043,2026-05-21T06:47:35.921448Z,2026-05-21T07:07:35.921448Z,charge_only,TOU
research_20260521_1000-0631,user-002,EVSE-003,2026-05-21T06:07:14.420948Z,2026-05-21T06:37:14.420948Z,bidirectional,TOU
research_20260521_1000-0632,user-009,EVSE-047,2026-05-21T16:21:45.650031Z,2026-05-21T17:36:45.650031Z,charge_only,TOU
research_20260521_1000-0633,user-002,EVSE-039,2026-05-21T12:12:24.284476Z,2026-05-21T13:27:24.284476Z,charge_only,TOU
research_20260521_1000-0634,user-002,EVSE-050,2026-05-21T18:43:44.402346Z,2026-05-21T19:23:44.402346Z,charge_only,TOU
research_20260521_1000-0635,user-008,EVSE-026,2026-05-21T09:33:28.520400Z,2026-05-21T10:03:28.520400Z,bidirectional,TOU
research_20260521_1000-0636,user-005,EVSE-040,2026-05-21T02:05:11.341718Z,2026-05-21T02:45:11.341718Z,charge_only,TOU
research_20260521_1000-0637,user-009,EVSE-024,2026-05-21T23:30:18.919204Z,2026-05-21T23:50:18.919204Z,bidirectional,TOU
research_20260521_1000-0638,user-009,EVSE-002,2026-05-21T14:29:26.528639Z,2026-05-21T14:59:26.528639Z,charge_only,TOU
research_20260521_1000-0639,user-009,EVSE-047,2026-05-21T14:25:58.207947Z,2026-05-21T15:25:58.207947Z,bidirectional,TOU
research_20260521_1000-0640,user-001,EVSE-027,2026-05-21T23:37:46.309870Z,2026-05-22T00:52:46.309870Z,charge_only,TOU
research_20260521_1000-0641,user-009,EVSE-010,2026-05-21T11:49:30.321178Z,2026-05-21T12:49:30.321178Z,charge_only,TOU
research_20260521_1000-0642,user-002,EVSE-004,2026-05-21T10:31:19.499436Z,2026-05-21T11:01:19.499436Z,charge_only,TOU
research_20260521_1000-0643,user-005,EVSE-035,2026-05-21T06:12:39.838426Z,2026-05-21T06:42:39.838426Z,discharge_only,TOU
research_20260521_1000-0644,user-004,EVSE-028,2026-05-21T16:15:33.200458Z,2026-05-21T17:15:33.200458Z,charge_only,TOU
research_20260521_1000-0645,user-009,EVSE-034,2026-05-21T12:17:26.492239Z,2026-05-21T13:32:26.492239Z,discharge_only,TOU
research_20260521_1000-0646,user-004,EVSE-020,2026-05-21T01:30:52.104108Z,2026-05-21T02:00:52.104108Z,charge_only,TOU
research_20260521_1000-0647,user-002,EVSE-028,2026-05-21T11:04:39.998880Z,2026-05-21T11:44:39.998880Z,bidirectional,TOU
research_20260521_1000-0648,user-010,EVSE-038,2026-05-21T05:34:32.164290Z,2026-05-21T06:14:32.164290Z,charge_only,TOU
research_20260521_1000-0649,user-010,EVSE-008,2026-05-21T05:27:21.041817Z,2026-05-21T06:42:21.041817Z,bidirectional,TOU
research_20260521_1000-0650,user-007,EVSE-028,2026-05-21T07:02:00.467300Z,2026-05-21T07:42:00.467300Z,charge_only,TOU
research_20260521_1000-0651,user-005,EVSE-024,2026-05-21T07:32:04.240645Z,2026-05-21T08:47:04.240645Z,charge_only,TOU
research_20260521_1000-0652,user-005,EVSE-004,2026-05-21T16:06:01.786534Z,2026-05-21T16:46:01.786534Z,charge_only,TOU
research_20260521_1000-0653,user-008,EVSE-041,2026-05-21T00:02:59.191713Z,2026-05-21T01:02:59.191713Z,bidirectional,TOU
research_20260521_1000-0654,user-009,EVSE-038,2026-05-21T17:19:25.886475Z,2026-05-21T17:49:25.886475Z,charge_only,TOU
research_20260521_1000-0655,user-001,EVSE-001,2026-05-21T01:24:36.898042Z,2026-05-21T02:24:36.898042Z,charge_only,TOU
research_20260521_1000-0656,user-002,EVSE-013,2026-05-21T15:47:18.504839Z,2026-05-21T17:02:18.504839Z,bidirectional,TOU
research_20260521_1000-0657,user-005,EVSE-038,2026-05-21T22:42:11.829699Z,2026-05-21T23:22:11.829699Z,bidirectional,TOU
research_20260521_1000-0658,user-009,EVSE-044,2026-05-21T13:11:28.240295Z,2026-05-21T13:41:28.240295Z,charge_only,TOU
research_20260521_1000-0659,user-009,EVSE-021,2026-05-21T10:44:40.791788Z,2026-05-21T11:24:40.791788Z,charge_only,TOU
research_20260521_1000-0660,user-010,EVSE-049,2026-05-21T02:21:09.848864Z,2026-05-21T03:01:09.848864Z,bidirectional,TOU
research_20260521_1000-0661,user-008,EVSE-050,2026-05-21T09:44:15.141450Z,2026-05-21T10:44:15.141450Z,discharge_only,TOU
research_20260521_1000-0662,user-010,EVSE-011,2026-05-21T23:17:52.833232Z,2026-05-22T00:32:52.833232Z,charge_only,TOU
research_20260521_1000-0663,user-004,EVSE-036,2026-05-21T02:47:32.710437Z,2026-05-21T03:27:32.710437Z,bidirectional,TOU
research_20260521_1000-0664,user-008,EVSE-038,2026-05-21T07:56:27.056123Z,2026-05-21T08:56:27.056123Z,bidirectional,TOU
research_20260521_1000-0665,user-003,EVSE-028,2026-05-21T05:33:18.284775Z,2026-05-21T06:13:18.284775Z,discharge_only,TOU
research_20260521_1000-0666,user-003,EVSE-006,2026-05-21T13:45:58.541954Z,2026-05-21T14:25:58.541954Z,discharge_only,TOU
research_20260521_1000-0667,user-007,EVSE-043,2026-05-21T04:41:53.257809Z,2026-05-21T05:01:53.257809Z,discharge_only,TOU
research_20260521_1000-0668,user-005,EVSE-035,2026-05-21T13:47:01.624222Z,2026-05-21T14:07:01.624222Z,charge_only,TOU
research_20260521_1000-0669,user-003,EVSE-028,2026-05-21T00:26:44.538516Z,2026-05-21T01:41:44.538516Z,charge_only,TOU
research_20260521_1000-0670,user-001,EVSE-048,2026-05-21T10:57:26.529779Z,2026-05-21T11:27:26.529779Z,discharge_only,TOU
research_20260521_1000-0671,user-009,EVSE-047,2026-05-21T21:42:48.929534Z,2026-05-21T22:12:48.929534Z,charge_only,TOU
research_20260521_1000-0672,user-001,EVSE-047,2026-05-21T22:08:47.277178Z,2026-05-21T22:48:47.277178Z,bidirectional,TOU
research_20260521_1000-0673,user-007,EVSE-045,2026-05-21T00:49:10.171648Z,2026-05-21T01:19:10.171648Z,bidirectional,TOU
research_20260521_1000-0674,user-001,EVSE-041,2026-05-21T09:28:20.610109Z,2026-05-21T09:58:20.610109Z,bidirectional,TOU
research_20260521_1000-0675,user-001,EVSE-031,2026-05-21T06:58:01.664749Z,2026-05-21T07:28:01.664749Z,charge_only,TOU
research_20260521_1000-0676,user-006,EVSE-034,2026-05-21T16:18:42.861463Z,2026-05-21T17:18:42.861463Z,charge_only,TOU
research_20260521_1000-0677,user-006,EVSE-008,2026-05-21T13:08:50.470500Z,2026-05-21T14:08:50.470500Z,bidirectional,TOU
research_20260521_1000-0678,user-002,EVSE-018,2026-05-21T10:17:07.630634Z,2026-05-21T10:47:07.630634Z,charge_only,TOU
research_20260521_1000-0679,user-002,EVSE-019,2026-05-21T08:02:30.132482Z,2026-05-21T08:42:30.132482Z,charge_only,TOU
research_20260521_1000-0680,user-008,EVSE-015,2026-05-21T08:14:05.131062Z,2026-05-21T08:34:05.131062Z,charge_only,TOU
research_20260521_1000-0681,user-002,EVSE-024,2026-05-21T09:35:37.310104Z,2026-05-21T10:35:37.310104Z,discharge_only,TOU
research_20260521_1000-0682,user-008,EVSE-030,2026-05-21T01:29:31.027335Z,2026-05-21T01:59:31.027335Z,bidirectional,TOU
research_20260521_1000-0683,user-010,EVSE-025,2026-05-21T03:52:27.561065Z,2026-05-21T04:22:27.561065Z,charge_only,TOU
research_20260521_1000-0684,user-005,EVSE-008,2026-05-21T02:46:57.951876Z,2026-05-21T04:01:57.951876Z,charge_only,TOU
research_20260521_1000-0685,user-010,EVSE-022,2026-05-21T05:53:50.873185Z,2026-05-21T06:13:50.873185Z,bidirectional,TOU
research_20260521_1000-0686,user-008,EVSE-024,2026-05-21T05:55:23.786330Z,2026-05-21T06:35:23.786330Z,bidirectional,TOU
research_20260521_1000-0687,user-005,EVSE-019,2026-05-21T01:18:29.978897Z,2026-05-21T01:48:29.978897Z,charge_only,TOU
research_20260521_1000-0688,user-004,EVSE-040,2026-05-21T23:18:40.393506Z,2026-05-21T23:48:40.393506Z,discharge_only,TOU
research_20260521_1000-0689,user-003,EVSE-032,2026-05-21T09:53:31.499228Z,2026-05-21T11:08:31.499228Z,charge_only,TOU
research_20260521_1000-0690,user-001,EVSE-048,2026-05-21T03:49:25.975462Z,2026-05-21T05:04:25.975462Z,charge_only,TOU
research_20260521_1000-0691,user-004,EVSE-035,2026-05-21T18:30:11.430001Z,2026-05-21T19:30:11.430001Z,bidirectional,TOU
research_20260521_1000-0692,user-002,EVSE-038,2026-05-21T19:16:08.808381Z,2026-05-21T19:36:08.808381Z,bidirectional,TOU
research_20260521_1000-0693,user-008,EVSE-012,2026-05-21T05:19:32.997338Z,2026-05-21T05:49:32.997338Z,charge_only,TOU
research_20260521_1000-0694,user-005,EVSE-021,2026-05-21T01:08:55.955743Z,2026-05-21T01:48:55.955743Z,charge_only,TOU
research_20260521_1000-0695,user-008,EVSE-012,2026-05-21T20:04:05.492548Z,2026-05-21T20:24:05.492548Z,charge_only,TOU
research_20260521_1000-0696,user-004,EVSE-050,2026-05-21T18:51:58.098838Z,2026-05-21T20:06:58.098838Z,discharge_only,TOU
research_20260521_1000-0697,user-005,EVSE-027,2026-05-21T12:39:20.783371Z,2026-05-21T13:19:20.783371Z,bidirectional,TOU
research_20260521_1000-0698,user-008,EVSE-036,2026-05-21T05:34:27.001014Z,2026-05-21T05:54:27.001014Z,bidirectional,TOU
research_20260521_1000-0699,user-004,EVSE-025,2026-05-21T09:09:43.175588Z,2026-05-21T10:09:43.175588Z,bidirectional,TOU
research_20260521_1000-0700,user-006,EVSE-020,2026-05-21T17:21:29.606549Z,2026-05-21T18:01:29.606549Z,charge_only,TOU
research_20260521_1000-0701,user-008,EVSE-030,2026-05-21T18:05:52.415818Z,2026-05-21T19:20:52.415818Z,charge_only,TOU
research_20260521_1000-0702,user-004,EVSE-033,2026-05-21T07:43:09.415488Z,2026-05-21T08:23:09.415488Z,charge_only,TOU
research_20260521_1000-0703,user-001,EVSE-006,2026-05-21T00:56:54.294409Z,2026-05-21T01:36:54.294409Z,charge_only,TOU
research_20260521_1000-0704,user-004,EVSE-019,2026-05-21T05:56:15.205031Z,2026-05-21T06:56:15.205031Z,charge_only,TOU
research_20260521_1000-0705,user-001,EVSE-037,2026-05-21T23:46:42.324999Z,2026-05-22T00:26:42.324999Z,bidirectional,TOU
research_20260521_1000-0706,user-004,EVSE-005,2026-05-21T16:34:47.184160Z,2026-05-21T16:54:47.184160Z,charge_only,TOU
research_20260521_1000-0707,user-004,EVSE-025,2026-05-21T08:11:14.367451Z,2026-05-21T08:41:14.367451Z,bidirectional,TOU
research_20260521_1000-0708,user-004,EVSE-048,2026-05-21T14:51:12.008783Z,2026-05-21T15:51:12.008783Z,discharge_only,TOU
research_20260521_1000-0709,user-004,EVSE-031,2026-05-21T00:20:22.858242Z,2026-05-21T01:35:22.858242Z,charge_only,TOU
research_20260521_1000-0710,user-006,EVSE-048,2026-05-21T22:53:40.075889Z,2026-05-21T23:23:40.075889Z,charge_only,TOU
research_20260521_1000-0711,user-007,EVSE-002,2026-05-21T04:13:31.139115Z,2026-05-21T05:13:31.139115Z,bidirectional,TOU
research_20260521_1000-0712,user-001,EVSE-031,2026-05-21T06:20:40.247465Z,2026-05-21T06:50:40.247465Z,bidirectional,TOU
research_20260521_1000-0713,user-009,EVSE-043,2026-05-21T13:24:48.072252Z,2026-05-21T14:39:48.072252Z,bidirectional,TOU
research_20260521_1000-0714,user-007,EVSE-041,2026-05-21T17:12:29.299136Z,2026-05-21T18:27:29.299136Z,bidirectional,TOU
research_20260521_1000-0715,user-003,EVSE-037,2026-05-21T23:38:22.602476Z,2026-05-21T23:58:22.602476Z,bidirectional,TOU
research_20260521_1000-0716,user-008,EVSE-035,2026-05-21T09:04:18.594763Z,2026-05-21T10:19:18.594763Z,bidirectional,TOU
research_20260521_1000-0717,user-008,EVSE-006,2026-05-21T04:03:41.264734Z,2026-05-21T04:23:41.264734Z,charge_only,TOU
research_20260521_1000-0718,user-003,EVSE-015,2026-05-21T14:26:30.980231Z,2026-05-21T15:41:30.980231Z,bidirectional,TOU
research_20260521_1000-0719,user-003,EVSE-047,2026-05-21T11:00:13.016633Z,2026-05-21T12:15:13.016633Z,charge_only,TOU
research_20260521_1000-0720,user-001,EVSE-027,2026-05-21T05:51:33.349493Z,2026-05-21T06:21:33.349493Z,charge_only,TOU
research_20260521_1000-0721,user-006,EVSE-008,2026-05-21T22:17:26.066463Z,2026-05-21T22:57:26.066463Z,charge_only,TOU
research_20260521_1000-0722,user-010,EVSE-028,2026-05-21T12:40:36.153682Z,2026-05-21T13:40:36.153682Z,charge_only,TOU
research_20260521_1000-0723,user-008,EVSE-028,2026-05-21T05:46:49.096354Z,2026-05-21T06:16:49.096354Z,bidirectional,TOU
research_20260521_1000-0724,user-005,EVSE-015,2026-05-21T03:46:03.120009Z,2026-05-21T04:26:03.120009Z,charge_only,TOU
research_20260521_1000-0725,user-002,EVSE-038,2026-05-21T00:02:53.060716Z,2026-05-21T01:02:53.060716Z,charge_only,TOU
research_20260521_1000-0726,user-007,EVSE-026,2026-05-21T04:24:59.502157Z,2026-05-21T04:44:59.502157Z,charge_only,TOU
research_20260521_1000-0727,user-007,EVSE-002,2026-05-21T07:55:32.493212Z,2026-05-21T08:15:32.493212Z,charge_only,TOU
research_20260521_1000-0728,user-005,EVSE-050,2026-05-21T15:22:37.916224Z,2026-05-21T16:02:37.916224Z,charge_only,TOU
research_20260521_1000-0729,user-007,EVSE-007,2026-05-21T05:54:13.225069Z,2026-05-21T06:24:13.225069Z,charge_only,TOU
research_20260521_1000-0730,user-007,EVSE-036,2026-05-21T16:28:23.336592Z,2026-05-21T17:28:23.336592Z,bidirectional,TOU
research_20260521_1000-0731,user-003,EVSE-025,2026-05-21T14:25:55.285523Z,2026-05-21T14:45:55.285523Z,bidirectional,TOU
research_20260521_1000-0732,user-005,EVSE-018,2026-05-21T09:15:40.509515Z,2026-05-21T09:35:40.509515Z,charge_only,TOU
research_20260521_1000-0733,user-004,EVSE-027,2026-05-21T18:05:41.609811Z,2026-05-21T18:35:41.609811Z,charge_only,TOU
research_20260521_1000-0734,user-004,EVSE-045,2026-05-21T14:05:15.243925Z,2026-05-21T15:20:15.243925Z,discharge_only,TOU
research_20260521_1000-0735,user-003,EVSE-011,2026-05-21T21:39:51.910270Z,2026-05-21T22:54:51.910270Z,charge_only,TOU
research_20260521_1000-0736,user-001,EVSE-035,2026-05-21T02:28:59.283090Z,2026-05-21T03:28:59.283090Z,bidirectional,TOU
research_20260521_1000-0737,user-004,EVSE-047,2026-05-21T10:18:24.323674Z,2026-05-21T11:33:24.323674Z,bidirectional,TOU
research_20260521_1000-0738,user-007,EVSE-006,2026-05-21T10:12:26.150343Z,2026-05-21T11:12:26.150343Z,discharge_only,TOU
research_20260521_1000-0739,user-009,EVSE-012,2026-05-21T17:47:48.859793Z,2026-05-21T19:02:48.859793Z,charge_only,TOU
research_20260521_1000-0740,user-002,EVSE-029,2026-05-21T03:03:10.810994Z,2026-05-21T03:33:10.810994Z,discharge_only,TOU
research_20260521_1000-0741,user-009,EVSE-007,2026-05-21T02:39:56.621960Z,2026-05-21T02:59:56.621960Z,charge_only,TOU
research_20260521_1000-0742,user-010,EVSE-031,2026-05-21T01:54:12.074301Z,2026-05-21T02:54:12.074301Z,charge_only,TOU
research_20260521_1000-0743,user-010,EVSE-036,2026-05-21T21:36:45.376022Z,2026-05-21T22:51:45.376022Z,charge_only,TOU
research_20260521_1000-0744,user-008,EVSE-048,2026-05-21T00:10:06.372222Z,2026-05-21T00:50:06.372222Z,charge_only,TOU
research_20260521_1000-0745,user-005,EVSE-046,2026-05-21T14:44:44.519828Z,2026-05-21T15:24:44.519828Z,bidirectional,TOU
research_20260521_1000-0746,user-010,EVSE-039,2026-05-21T23:36:32.789897Z,2026-05-22T00:36:32.789897Z,charge_only,TOU
research_20260521_1000-0747,user-007,EVSE-050,2026-05-21T07:39:13.809862Z,2026-05-21T08:19:13.809862Z,charge_only,TOU
research_20260521_1000-0748,user-007,EVSE-035,2026-05-21T22:58:48.536220Z,2026-05-21T23:58:48.536220Z,charge_only,TOU
research_20260521_1000-0749,user-005,EVSE-009,2026-05-21T21:22:46.286684Z,2026-05-21T21:42:46.286684Z,charge_only,TOU
research_20260521_1000-0750,user-008,EVSE-010,2026-05-21T21:21:32.687502Z,2026-05-21T21:51:32.687502Z,charge_only,TOU
research_20260521_1000-0751,user-009,EVSE-030,2026-05-21T05:34:49.328344Z,2026-05-21T06:04:49.328344Z,charge_only,TOU
research_20260521_1000-0752,user-007,EVSE-010,2026-05-21T14:51:45.032717Z,2026-05-21T15:31:45.032717Z,bidirectional,TOU
research_20260521_1000-0753,user-002,EVSE-015,2026-05-21T07:32:56.491614Z,2026-05-21T08:32:56.491614Z,charge_only,TOU
research_20260521_1000-0754,user-009,EVSE-024,2026-05-21T22:12:32.965309Z,2026-05-21T23:12:32.965309Z,charge_only,TOU
research_20260521_1000-0755,user-003,EVSE-027,2026-05-21T00:52:13.370912Z,2026-05-21T01:52:13.370912Z,charge_only,TOU
research_20260521_1000-0756,user-008,EVSE-049,2026-05-21T13:19:47.654445Z,2026-05-21T14:19:47.654445Z,discharge_only,TOU
research_20260521_1000-0757,user-005,EVSE-036,2026-05-21T18:51:32.417812Z,2026-05-21T19:21:32.417812Z,bidirectional,TOU
research_20260521_1000-0758,user-009,EVSE-009,2026-05-21T13:37:13.878034Z,2026-05-21T14:37:13.878034Z,charge_only,TOU
research_20260521_1000-0759,user-010,EVSE-024,2026-05-21T01:35:27.053213Z,2026-05-21T02:50:27.053213Z,charge_only,TOU
research_20260521_1000-0760,user-008,EVSE-027,2026-05-21T12:34:52.454492Z,2026-05-21T13:04:52.454492Z,discharge_only,TOU
research_20260521_1000-0761,user-008,EVSE-031,2026-05-21T07:11:11.870137Z,2026-05-21T07:51:11.870137Z,charge_only,TOU
research_20260521_1000-0762,user-006,EVSE-006,2026-05-21T01:38:26.595557Z,2026-05-21T02:53:26.595557Z,bidirectional,TOU
research_20260521_1000-0763,user-008,EVSE-049,2026-05-21T23:36:01.441798Z,2026-05-22T00:51:01.441798Z,charge_only,TOU
research_20260521_1000-0764,user-006,EVSE-025,2026-05-21T10:45:09.916586Z,2026-05-21T11:15:09.916586Z,bidirectional,TOU
research_20260521_1000-0765,user-007,EVSE-021,2026-05-21T14:12:38.348811Z,2026-05-21T14:52:38.348811Z,charge_only,TOU
research_20260521_1000-0766,user-001,EVSE-001,2026-05-21T04:31:30.760878Z,2026-05-21T04:51:30.760878Z,bidirectional,TOU
research_20260521_1000-0767,user-006,EVSE-034,2026-05-21T03:05:58.210947Z,2026-05-21T04:20:58.210947Z,bidirectional,TOU
research_20260521_1000-0768,user-008,EVSE-010,2026-05-21T09:27:08.443898Z,2026-05-21T09:57:08.443898Z,bidirectional,TOU
research_20260521_1000-0769,user-004,EVSE-033,2026-05-21T07:11:02.849456Z,2026-05-21T07:31:02.849456Z,bidirectional,TOU
research_20260521_1000-0770,user-005,EVSE-049,2026-05-21T04:11:45.915506Z,2026-05-21T04:41:45.915506Z,bidirectional,TOU
research_20260521_1000-0771,user-008,EVSE-005,2026-05-21T23:41:43.291254Z,2026-05-22T00:01:43.291254Z,charge_only,TOU
research_20260521_1000-0772,user-006,EVSE-030,2026-05-21T13:09:52.007445Z,2026-05-21T14:09:52.007445Z,charge_only,TOU
research_20260521_1000-0773,user-003,EVSE-002,2026-05-21T20:34:24.038269Z,2026-05-21T21:34:24.038269Z,charge_only,TOU
research_20260521_1000-0774,user-006,EVSE-019,2026-05-21T19:14:13.839755Z,2026-05-21T20:14:13.839755Z,bidirectional,TOU
research_20260521_1000-0775,user-008,EVSE-002,2026-05-21T04:41:47.055205Z,2026-05-21T05:41:47.055205Z,bidirectional,TOU
research_20260521_1000-0776,user-004,EVSE-009,2026-05-21T01:18:48.568787Z,2026-05-21T01:48:48.568787Z,charge_only,TOU
research_20260521_1000-0777,user-010,EVSE-007,2026-05-21T00:40:33.877015Z,2026-05-21T01:10:33.877015Z,charge_only,TOU
research_20260521_1000-0778,user-006,EVSE-021,2026-05-21T22:01:55.017445Z,2026-05-21T23:01:55.017445Z,charge_only,TOU
research_20260521_1000-0779,user-009,EVSE-004,2026-05-21T20:28:35.215026Z,2026-05-21T21:08:35.215026Z,charge_only,TOU
research_20260521_1000-0780,user-009,EVSE-011,2026-05-21T17:12:15.779283Z,2026-05-21T18:12:15.779283Z,charge_only,TOU
research_20260521_1000-0781,user-002,EVSE-021,2026-05-21T01:29:51.582566Z,2026-05-21T02:29:51.582566Z,bidirectional,TOU
research_20260521_1000-0782,user-001,EVSE-011,2026-05-21T08:32:11.147551Z,2026-05-21T09:12:11.147551Z,charge_only,TOU
research_20260521_1000-0783,user-006,EVSE-014,2026-05-21T00:38:51.600880Z,2026-05-21T01:18:51.600880Z,discharge_only,TOU
research_20260521_1000-0784,user-005,EVSE-003,2026-05-21T18:31:32.972234Z,2026-05-21T18:51:32.972234Z,charge_only,TOU
research_20260521_1000-0785,user-003,EVSE-046,2026-05-21T01:04:38.023865Z,2026-05-21T01:34:38.023865Z,discharge_only,TOU
research_20260521_1000-0786,user-001,EVSE-011,2026-05-21T19:10:49.251644Z,2026-05-21T19:30:49.251644Z,bidirectional,TOU
research_20260521_1000-0787,user-001,EVSE-008,2026-05-21T02:01:06.662732Z,2026-05-21T03:16:06.662732Z,bidirectional,TOU
research_20260521_1000-0788,user-004,EVSE-047,2026-05-21T19:10:47.676327Z,2026-05-21T20:25:47.676327Z,charge_only,TOU
research_20260521_1000-0789,user-007,EVSE-001,2026-05-21T09:32:23.358594Z,2026-05-21T10:02:23.358594Z,charge_only,TOU
research_20260521_1000-0790,user-001,EVSE-042,2026-05-21T01:15:37.593393Z,2026-05-21T01:35:37.593393Z,discharge_only,TOU
research_20260521_1000-0791,user-006,EVSE-001,2026-05-21T22:09:25.003015Z,2026-05-21T23:09:25.003015Z,bidirectional,TOU
research_20260521_1000-0792,user-008,EVSE-005,2026-05-21T03:06:29.989344Z,2026-05-21T04:21:29.989344Z,charge_only,TOU
research_20260521_1000-0793,user-005,EVSE-028,2026-05-21T06:43:49.559676Z,2026-05-21T07:13:49.559676Z,bidirectional,TOU
research_20260521_1000-0794,user-004,EVSE-043,2026-05-21T06:48:34.810436Z,2026-05-21T07:08:34.810436Z,discharge_only,TOU
research_20260521_1000-0795,user-009,EVSE-028,2026-05-21T20:29:11.891850Z,2026-05-21T21:09:11.891850Z,bidirectional,TOU
research_20260521_1000-0796,user-003,EVSE-035,2026-05-21T15:59:45.727850Z,2026-05-21T16:39:45.727850Z,charge_only,TOU
research_20260521_1000-0797,user-010,EVSE-017,2026-05-21T20:38:05.359626Z,2026-05-21T21:08:05.359626Z,discharge_only,TOU
research_20260521_1000-0798,user-003,EVSE-041,2026-05-21T06:13:48.946793Z,2026-05-21T06:53:48.946793Z,bidirectional,TOU
research_20260521_1000-0799,user-004,EVSE-008,2026-05-21T06:47:40.157003Z,2026-05-21T08:02:40.157003Z,charge_only,TOU
research_20260521_1000-0800,user-007,EVSE-050,2026-05-21T23:43:46.885694Z,2026-05-22T00:58:46.885694Z,discharge_only,TOU
research_20260521_1000-0801,user-010,EVSE-031,2026-05-21T02:50:53.071335Z,2026-05-21T03:50:53.071335Z,discharge_only,TOU
research_20260521_1000-0802,user-008,EVSE-045,2026-05-21T18:47:09.617406Z,2026-05-21T19:47:09.617406Z,bidirectional,TOU
research_20260521_1000-0803,user-008,EVSE-050,2026-05-21T16:56:31.149296Z,2026-05-21T17:26:31.149296Z,bidirectional,TOU
research_20260521_1000-0804,user-003,EVSE-007,2026-05-21T05:26:39.225412Z,2026-05-21T05:46:39.225412Z,bidirectional,TOU
research_20260521_1000-0805,user-010,EVSE-043,2026-05-21T10:28:36.606831Z,2026-05-21T11:28:36.606831Z,discharge_only,TOU
research_20260521_1000-0806,user-004,EVSE-043,2026-05-21T02:13:28.356847Z,2026-05-21T02:43:28.356847Z,bidirectional,TOU
research_20260521_1000-0807,user-009,EVSE-018,2026-05-21T23:01:45.102046Z,2026-05-21T23:31:45.102046Z,discharge_only,TOU
research_20260521_1000-0808,user-003,EVSE-035,2026-05-21T16:18:52.677334Z,2026-05-21T16:48:52.677334Z,charge_only,TOU
research_20260521_1000-0809,user-003,EVSE-015,2026-05-21T03:23:42.137519Z,2026-05-21T03:53:42.137519Z,charge_only,TOU
research_20260521_1000-0810,user-007,EVSE-049,2026-05-21T22:57:12.670524Z,2026-05-21T23:37:12.670524Z,bidirectional,TOU
research_20260521_1000-0811,user-009,EVSE-050,2026-05-21T17:04:48.968591Z,2026-05-21T17:24:48.968591Z,charge_only,TOU
research_20260521_1000-0812,user-007,EVSE-036,2026-05-21T17:14:35.987436Z,2026-05-21T17:54:35.987436Z,charge_only,TOU
research_20260521_1000-0813,user-010,EVSE-015,2026-05-21T20:41:20.101846Z,2026-05-21T21:21:20.101846Z,charge_only,TOU
research_20260521_1000-0814,user-004,EVSE-045,2026-05-21T10:23:56.310516Z,2026-05-21T11:03:56.310516Z,bidirectional,TOU
research_20260521_1000-0815,user-006,EVSE-017,2026-05-21T06:52:49.542383Z,2026-05-21T08:07:49.542383Z,bidirectional,TOU
research_20260521_1000-0816,user-007,EVSE-008,2026-05-21T04:28:06.904782Z,2026-05-21T05:28:06.904782Z,bidirectional,TOU
research_20260521_1000-0817,user-001,EVSE-043,2026-05-21T22:59:54.609230Z,2026-05-21T23:19:54.609230Z,bidirectional,TOU
research_20260521_1000-0818,user-006,EVSE-021,2026-05-21T00:32:21.347021Z,2026-05-21T01:12:21.347021Z,discharge_only,TOU
research_20260521_1000-0819,user-007,EVSE-020,2026-05-21T19:06:28.599538Z,2026-05-21T20:21:28.599538Z,charge_only,TOU
research_20260521_1000-0820,user-007,EVSE-002,2026-05-21T13:16:31.326233Z,2026-05-21T13:46:31.326233Z,charge_only,TOU
research_20260521_1000-0821,user-008,EVSE-039,2026-05-21T13:30:13.414986Z,2026-05-21T14:45:13.414986Z,discharge_only,TOU
research_20260521_1000-0822,user-010,EVSE-028,2026-05-21T18:07:32.101735Z,2026-05-21T18:27:32.101735Z,charge_only,TOU
research_20260521_1000-0823,user-002,EVSE-004,2026-05-21T13:29:11.893394Z,2026-05-21T14:09:11.893394Z,bidirectional,TOU
research_20260521_1000-0824,user-003,EVSE-048,2026-05-21T21:45:58.646154Z,2026-05-21T23:00:58.646154Z,bidirectional,TOU
research_20260521_1000-0825,user-007,EVSE-008,2026-05-21T02:30:18.738820Z,2026-05-21T03:00:18.738820Z,charge_only,TOU
research_20260521_1000-0826,user-006,EVSE-033,2026-05-21T06:37:34.785961Z,2026-05-21T07:07:34.785961Z,charge_only,TOU
research_20260521_1000-0827,user-003,EVSE-041,2026-05-21T22:49:23.038085Z,2026-05-21T23:19:23.038085Z,bidirectional,TOU
research_20260521_1000-0828,user-007,EVSE-039,2026-05-21T20:43:17.872581Z,2026-05-21T21:23:17.872581Z,charge_only,TOU
research_20260521_1000-0829,user-007,EVSE-049,2026-05-21T05:56:39.058981Z,2026-05-21T07:11:39.058981Z,bidirectional,TOU
research_20260521_1000-0830,user-005,EVSE-009,2026-05-21T14:28:14.429326Z,2026-05-21T14:58:14.429326Z,charge_only,TOU
research_20260521_1000-0831,user-003,EVSE-005,2026-05-21T02:27:15.841902Z,2026-05-21T02:47:15.841902Z,discharge_only,TOU
research_20260521_1000-0832,user-009,EVSE-048,2026-05-21T10:44:41.178897Z,2026-05-21T11:04:41.178897Z,bidirectional,TOU
research_20260521_1000-0833,user-001,EVSE-005,2026-05-21T11:45:18.620770Z,2026-05-21T13:00:18.620770Z,bidirectional,TOU
research_20260521_1000-0834,user-007,EVSE-010,2026-05-21T16:03:34.861840Z,2026-05-21T17:03:34.861840Z,charge_only,TOU
research_20260521_1000-0835,user-004,EVSE-011,2026-05-21T23:58:11.012784Z,2026-05-22T00:18:11.012784Z,charge_only,TOU
research_20260521_1000-0836,user-002,EVSE-021,2026-05-21T07:55:02.359204Z,2026-05-21T08:35:02.359204Z,charge_only,TOU
research_20260521_1000-0837,user-010,EVSE-004,2026-05-21T11:30:07.828550Z,2026-05-21T12:10:07.828550Z,charge_only,TOU
research_20260521_1000-0838,user-005,EVSE-027,2026-05-21T21:25:38.676294Z,2026-05-21T21:55:38.676294Z,bidirectional,TOU
research_20260521_1000-0839,user-004,EVSE-026,2026-05-21T20:05:04.710931Z,2026-05-21T21:05:04.710931Z,bidirectional,TOU
research_20260521_1000-0840,user-004,EVSE-006,2026-05-21T09:19:46.516640Z,2026-05-21T09:49:46.516640Z,bidirectional,TOU
research_20260521_1000-0841,user-003,EVSE-023,2026-05-21T00:10:45.259791Z,2026-05-21T00:30:45.259791Z,bidirectional,TOU
research_20260521_1000-0842,user-003,EVSE-040,2026-05-21T02:33:15.191604Z,2026-05-21T03:13:15.191604Z,bidirectional,TOU
research_20260521_1000-0843,user-010,EVSE-039,2026-05-21T17:09:23.964554Z,2026-05-21T17:29:23.964554Z,charge_only,TOU
research_20260521_1000-0844,user-007,EVSE-016,2026-05-21T03:31:53.684188Z,2026-05-21T04:01:53.684188Z,charge_only,TOU
research_20260521_1000-0845,user-006,EVSE-027,2026-05-21T18:55:48.714569Z,2026-05-21T19:55:48.714569Z,charge_only,TOU
research_20260521_1000-0846,user-009,EVSE-030,2026-05-21T06:28:41.528643Z,2026-05-21T07:08:41.528643Z,bidirectional,TOU
research_20260521_1000-0847,user-006,EVSE-027,2026-05-21T13:11:33.501950Z,2026-05-21T13:51:33.501950Z,charge_only,TOU
research_20260521_1000-0848,user-006,EVSE-024,2026-05-21T20:25:38.304292Z,2026-05-21T20:55:38.304292Z,charge_only,TOU
research_20260521_1000-0849,user-006,EVSE-048,2026-05-21T15:53:27.663787Z,2026-05-21T16:13:27.663787Z,charge_only,TOU
research_20260521_1000-0850,user-007,EVSE-030,2026-05-21T02:37:59.737576Z,2026-05-21T03:52:59.737576Z,charge_only,TOU
research_20260521_1000-0851,user-004,EVSE-018,2026-05-21T01:49:45.065987Z,2026-05-21T03:04:45.065987Z,discharge_only,TOU
research_20260521_1000-0852,user-007,EVSE-047,2026-05-21T23:35:27.929927Z,2026-05-22T00:15:27.929927Z,charge_only,TOU
research_20260521_1000-0853,user-004,EVSE-049,2026-05-21T23:38:32.138989Z,2026-05-22T00:38:32.138989Z,discharge_only,TOU
research_20260521_1000-0854,user-009,EVSE-050,2026-05-21T07:23:09.432568Z,2026-05-21T07:43:09.432568Z,charge_only,TOU
research_20260521_1000-0855,user-005,EVSE-031,2026-05-21T00:49:11.586527Z,2026-05-21T01:09:11.586527Z,discharge_only,TOU
research_20260521_1000-0856,user-002,EVSE-050,2026-05-21T15:25:59.217102Z,2026-05-21T15:45:59.217102Z,bidirectional,TOU
research_20260521_1000-0857,user-003,EVSE-048,2026-05-21T15:46:22.457382Z,2026-05-21T17:01:22.457382Z,charge_only,TOU
research_20260521_1000-0858,user-008,EVSE-030,2026-05-21T10:36:15.649042Z,2026-05-21T11:36:15.649042Z,discharge_only,TOU
research_20260521_1000-0859,user-010,EVSE-016,2026-05-21T11:29:27.574893Z,2026-05-21T11:49:27.574893Z,bidirectional,TOU
research_20260521_1000-0860,user-005,EVSE-010,2026-05-21T23:02:55.688587Z,2026-05-21T23:22:55.688587Z,charge_only,TOU
research_20260521_1000-0861,user-002,EVSE-039,2026-05-21T00:34:48.806349Z,2026-05-21T01:14:48.806349Z,charge_only,TOU
research_20260521_1000-0862,user-002,EVSE-006,2026-05-21T00:35:31.182634Z,2026-05-21T01:15:31.182634Z,charge_only,TOU
research_20260521_1000-0863,user-010,EVSE-003,2026-05-21T03:05:46.043943Z,2026-05-21T04:20:46.043943Z,charge_only,TOU
research_20260521_1000-0864,user-009,EVSE-007,2026-05-21T21:25:04.623329Z,2026-05-21T21:55:04.623329Z,charge_only,TOU
research_20260521_1000-0865,user-004,EVSE-037,2026-05-21T06:29:36.116240Z,2026-05-21T06:59:36.116240Z,charge_only,TOU
research_20260521_1000-0866,user-004,EVSE-027,2026-05-21T12:09:34.797411Z,2026-05-21T12:39:34.797411Z,discharge_only,TOU
research_20260521_1000-0867,user-004,EVSE-013,2026-05-21T09:11:24.349143Z,2026-05-21T09:31:24.349143Z,discharge_only,TOU
research_20260521_1000-0868,user-010,EVSE-029,2026-05-21T19:33:31.474648Z,2026-05-21T20:48:31.474648Z,charge_only,TOU
research_20260521_1000-0869,user-002,EVSE-043,2026-05-21T03:07:55.581328Z,2026-05-21T03:47:55.581328Z,discharge_only,TOU
research_20260521_1000-0870,user-005,EVSE-019,2026-05-21T13:29:04.249231Z,2026-05-21T14:09:04.249231Z,discharge_only,TOU
research_20260521_1000-0871,user-001,EVSE-036,2026-05-21T12:37:32.585301Z,2026-05-21T13:52:32.585301Z,charge_only,TOU
research_20260521_1000-0872,user-002,EVSE-017,2026-05-21T17:33:32.811521Z,2026-05-21T18:13:32.811521Z,bidirectional,TOU
research_20260521_1000-0873,user-009,EVSE-041,2026-05-21T03:26:34.546414Z,2026-05-21T04:41:34.546414Z,charge_only,TOU
research_20260521_1000-0874,user-010,EVSE-028,2026-05-21T10:25:05.365786Z,2026-05-21T11:05:05.365786Z,discharge_only,TOU
research_20260521_1000-0875,user-002,EVSE-036,2026-05-21T21:30:24.175294Z,2026-05-21T22:00:24.175294Z,discharge_only,TOU
research_20260521_1000-0876,user-004,EVSE-006,2026-05-21T18:44:24.152517Z,2026-05-21T19:04:24.152517Z,bidirectional,TOU
research_20260521_1000-0877,user-002,EVSE-032,2026-05-21T21:44:20.722443Z,2026-05-21T22:24:20.722443Z,charge_only,TOU
research_20260521_1000-0878,user-007,EVSE-023,2026-05-21T02:41:02.741176Z,2026-05-21T03:01:02.741176Z,charge_only,TOU
research_20260521_1000-0879,user-003,EVSE-003,2026-05-21T23:20:15.894166Z,2026-05-21T23:40:15.894166Z,charge_only,TOU
research_20260521_1000-0880,user-004,EVSE-028,2026-05-21T19:14:23.500786Z,2026-05-21T19:54:23.500786Z,bidirectional,TOU
research_20260521_1000-0881,user-003,EVSE-049,2026-05-21T12:36:49.723434Z,2026-05-21T12:56:49.723434Z,discharge_only,TOU
research_20260521_1000-0882,user-007,EVSE-038,2026-05-21T21:22:50.807811Z,2026-05-21T21:52:50.807811Z,charge_only,TOU
research_20260521_1000-0883,user-003,EVSE-006,2026-05-21T04:05:33.793346Z,2026-05-21T05:20:33.793346Z,charge_only,TOU
research_20260521_1000-0884,user-003,EVSE-009,2026-05-21T02:21:48.206800Z,2026-05-21T02:51:48.206800Z,charge_only,TOU
research_20260521_1000-0885,user-004,EVSE-017,2026-05-21T04:48:31.333899Z,2026-05-21T05:18:31.333899Z,charge_only,TOU
research_20260521_1000-0886,user-003,EVSE-050,2026-05-21T22:55:36.796213Z,2026-05-21T23:55:36.796213Z,bidirectional,TOU
research_20260521_1000-0887,user-001,EVSE-013,2026-05-21T03:16:26.668032Z,2026-05-21T03:36:26.668032Z,discharge_only,TOU
research_20260521_1000-0888,user-008,EVSE-019,2026-05-21T05:10:32.667457Z,2026-05-21T06:25:32.667457Z,discharge_only,TOU
research_20260521_1000-0889,user-002,EVSE-016,2026-05-21T20:22:10.125734Z,2026-05-21T21:02:10.125734Z,charge_only,TOU
research_20260521_1000-0890,user-002,EVSE-041,2026-05-21T15:18:29.273578Z,2026-05-21T16:33:29.273578Z,charge_only,TOU
research_20260521_1000-0891,user-004,EVSE-048,2026-05-21T14:08:20.148710Z,2026-05-21T15:23:20.148710Z,charge_only,TOU
research_20260521_1000-0892,user-005,EVSE-005,2026-05-21T00:53:30.063063Z,2026-05-21T01:23:30.063063Z,charge_only,TOU
research_20260521_1000-0893,user-002,EVSE-028,2026-05-21T20:35:14.317484Z,2026-05-21T21:35:14.317484Z,charge_only,TOU
research_20260521_1000-0894,user-005,EVSE-003,2026-05-21T22:00:40.660861Z,2026-05-21T22:20:40.660861Z,bidirectional,TOU
research_20260521_1000-0895,user-006,EVSE-034,2026-05-21T15:49:29.986032Z,2026-05-21T16:19:29.986032Z,bidirectional,TOU
research_20260521_1000-0896,user-004,EVSE-045,2026-05-21T06:26:40.601665Z,2026-05-21T07:06:40.601665Z,charge_only,TOU
research_20260521_1000-0897,user-001,EVSE-010,2026-05-21T00:08:53.911337Z,2026-05-21T00:48:53.911337Z,bidirectional,TOU
research_20260521_1000-0898,user-010,EVSE-003,2026-05-21T13:04:10.126109Z,2026-05-21T14:04:10.126109Z,charge_only,TOU
research_20260521_1000-0899,user-010,EVSE-022,2026-05-21T05:42:39.050178Z,2026-05-21T06:42:39.050178Z,charge_only,TOU
research_20260521_1000-0900,user-003,EVSE-004,2026-05-21T03:52:51.640264Z,2026-05-21T05:07:51.640264Z,bidirectional,TOU
research_20260521_1000-0901,user-002,EVSE-017,2026-05-21T03:04:59.286065Z,2026-05-21T04:19:59.286065Z,bidirectional,TOU
research_20260521_1000-0902,user-005,EVSE-003,2026-05-21T20:51:43.468217Z,2026-05-21T22:06:43.468217Z,charge_only,TOU
research_20260521_1000-0903,user-001,EVSE-021,2026-05-21T11:29:49.832943Z,2026-05-21T11:59:49.832943Z,discharge_only,TOU
research_20260521_1000-0904,user-003,EVSE-010,2026-05-21T05:33:39.823353Z,2026-05-21T06:13:39.823353Z,discharge_only,TOU
research_20260521_1000-0905,user-005,EVSE-043,2026-05-21T17:00:49.368843Z,2026-05-21T17:20:49.368843Z,bidirectional,TOU
research_20260521_1000-0906,user-009,EVSE-039,2026-05-21T20:42:26.808424Z,2026-05-21T21:02:26.808424Z,bidirectional,TOU
research_20260521_1000-0907,user-010,EVSE-026,2026-05-21T10:02:35.110776Z,2026-05-21T10:22:35.110776Z,bidirectional,TOU
research_20260521_1000-0908,user-010,EVSE-035,2026-05-21T01:21:40.141995Z,2026-05-21T02:21:40.141995Z,charge_only,TOU
research_20260521_1000-0909,user-010,EVSE-050,2026-05-21T18:01:35.449797Z,2026-05-21T18:41:35.449797Z,bidirectional,TOU
research_20260521_1000-0910,user-003,EVSE-014,2026-05-21T05:21:10.377408Z,2026-05-21T06:21:10.377408Z,charge_only,TOU
research_20260521_1000-0911,user-004,EVSE-049,2026-05-21T11:30:12.537485Z,2026-05-21T12:00:12.537485Z,charge_only,TOU
research_20260521_1000-0912,user-005,EVSE-038,2026-05-21T04:06:39.624408Z,2026-05-21T04:46:39.624408Z,charge_only,TOU
research_20260521_1000-0913,user-003,EVSE-044,2026-05-21T13:33:49.822344Z,2026-05-21T14:13:49.822344Z,charge_only,TOU
research_20260521_1000-0914,user-004,EVSE-033,2026-05-21T04:36:35.114954Z,2026-05-21T05:16:35.114954Z,discharge_only,TOU
research_20260521_1000-0915,user-001,EVSE-004,2026-05-21T04:00:09.411304Z,2026-05-21T04:30:09.411304Z,charge_only,TOU
research_20260521_1000-0916,user-007,EVSE-004,2026-05-21T11:53:23.097895Z,2026-05-21T12:13:23.097895Z,charge_only,TOU
research_20260521_1000-0917,user-001,EVSE-027,2026-05-21T09:17:37.357433Z,2026-05-21T09:57:37.357433Z,bidirectional,TOU
research_20260521_1000-0918,user-006,EVSE-043,2026-05-21T18:41:27.869415Z,2026-05-21T19:21:27.869415Z,bidirectional,TOU
research_20260521_1000-0919,user-001,EVSE-011,2026-05-21T10:39:07.868086Z,2026-05-21T10:59:07.868086Z,charge_only,TOU
research_20260521_1000-0920,user-002,EVSE-021,2026-05-21T05:31:28.624992Z,2026-05-21T06:11:28.624992Z,discharge_only,TOU
research_20260521_1000-0921,user-004,EVSE-043,2026-05-21T15:42:34.367205Z,2026-05-21T16:42:34.367205Z,charge_only,TOU
research_20260521_1000-0922,user-009,EVSE-010,2026-05-21T10:13:15.159918Z,2026-05-21T10:53:15.159918Z,bidirectional,TOU
research_20260521_1000-0923,user-001,EVSE-035,2026-05-21T00:37:46.011561Z,2026-05-21T00:57:46.011561Z,bidirectional,TOU
research_20260521_1000-0924,user-008,EVSE-011,2026-05-21T06:12:04.817926Z,2026-05-21T07:12:04.817926Z,charge_only,TOU
research_20260521_1000-0925,user-008,EVSE-044,2026-05-21T05:09:28.311283Z,2026-05-21T06:24:28.311283Z,bidirectional,TOU
research_20260521_1000-0926,user-008,EVSE-043,2026-05-21T07:10:50.362419Z,2026-05-21T08:10:50.362419Z,bidirectional,TOU
research_20260521_1000-0927,user-009,EVSE-037,2026-05-21T00:15:01.340545Z,2026-05-21T00:35:01.340545Z,bidirectional,TOU
research_20260521_1000-0928,user-008,EVSE-019,2026-05-21T05:51:51.195506Z,2026-05-21T06:11:51.195506Z,charge_only,TOU
research_20260521_1000-0929,user-003,EVSE-028,2026-05-21T20:56:18.079403Z,2026-05-21T21:16:18.079403Z,charge_only,TOU
research_20260521_1000-0930,user-005,EVSE-003,2026-05-21T11:48:23.989468Z,2026-05-21T12:28:23.989468Z,bidirectional,TOU
research_20260521_1000-0931,user-006,EVSE-018,2026-05-21T01:48:56.694903Z,2026-05-21T02:18:56.694903Z,discharge_only,TOU
research_20260521_1000-0932,user-010,EVSE-003,2026-05-21T22:27:35.233793Z,2026-05-21T23:27:35.233793Z,charge_only,TOU
research_20260521_1000-0933,user-009,EVSE-025,2026-05-21T23:58:03.440324Z,2026-05-22T00:28:03.440324Z,charge_only,TOU
research_20260521_1000-0934,user-008,EVSE-034,2026-05-21T10:19:21.683096Z,2026-05-21T10:39:21.683096Z,bidirectional,TOU
research_20260521_1000-0935,user-004,EVSE-044,2026-05-21T20:36:53.400652Z,2026-05-21T21:51:53.400652Z,bidirectional,TOU
research_20260521_1000-0936,user-009,EVSE-033,2026-05-21T05:42:26.554839Z,2026-05-21T06:42:26.554839Z,charge_only,TOU
research_20260521_1000-0937,user-006,EVSE-008,2026-05-21T15:12:14.515569Z,2026-05-21T16:12:14.515569Z,bidirectional,TOU
research_20260521_1000-0938,user-003,EVSE-034,2026-05-21T22:51:28.718205Z,2026-05-22T00:06:28.718205Z,discharge_only,TOU
research_20260521_1000-0939,user-008,EVSE-007,2026-05-21T03:32:45.274025Z,2026-05-21T03:52:45.274025Z,charge_only,TOU
research_20260521_1000-0940,user-002,EVSE-031,2026-05-21T23:08:19.394790Z,2026-05-21T23:48:19.394790Z,charge_only,TOU
research_20260521_1000-0941,user-004,EVSE-020,2026-05-21T03:42:37.730954Z,2026-05-21T04:57:37.730954Z,charge_only,TOU
research_20260521_1000-0942,user-006,EVSE-020,2026-05-21T11:44:17.997405Z,2026-05-21T12:24:17.997405Z,charge_only,TOU
research_20260521_1000-0943,user-002,EVSE-021,2026-05-21T04:29:07.094748Z,2026-05-21T05:29:07.094748Z,bidirectional,TOU
research_20260521_1000-0944,user-006,EVSE-029,2026-05-21T12:27:02.278039Z,2026-05-21T13:42:02.278039Z,charge_only,TOU
research_20260521_1000-0945,user-007,EVSE-014,2026-05-21T20:23:25.515180Z,2026-05-21T20:43:25.515180Z,discharge_only,TOU
research_20260521_1000-0946,user-004,EVSE-042,2026-05-21T04:39:14.756633Z,2026-05-21T05:09:14.756633Z,charge_only,TOU
research_20260521_1000-0947,user-002,EVSE-023,2026-05-21T22:34:03.739973Z,2026-05-21T22:54:03.739973Z,charge_only,TOU
research_20260521_1000-0948,user-008,EVSE-048,2026-05-21T14:17:12.209124Z,2026-05-21T14:37:12.209124Z,charge_only,TOU
research_20260521_1000-0949,user-005,EVSE-012,2026-05-21T12:22:16.798452Z,2026-05-21T13:22:16.798452Z,charge_only,TOU
research_20260521_1000-0950,user-008,EVSE-007,2026-05-21T19:46:12.566960Z,2026-05-21T20:46:12.566960Z,bidirectional,TOU
research_20260521_1000-0951,user-010,EVSE-021,2026-05-21T22:10:28.647740Z,2026-05-21T22:50:28.647740Z,charge_only,TOU
research_20260521_1000-0952,user-007,EVSE-029,2026-05-21T21:03:05.674152Z,2026-05-21T22:03:05.674152Z,charge_only,TOU
research_20260521_1000-0953,user-010,EVSE-008,2026-05-21T13:27:08.025711Z,2026-05-21T13:57:08.025711Z,bidirectional,TOU
research_20260521_1000-0954,user-006,EVSE-030,2026-05-21T20:39:53.008302Z,2026-05-21T21:54:53.008302Z,bidirectional,TOU
research_20260521_1000-0955,user-010,EVSE-004,2026-05-21T13:27:44.836554Z,2026-05-21T13:57:44.836554Z,charge_only,TOU
research_20260521_1000-0956,user-001,EVSE-047,2026-05-21T19:08:07.615231Z,2026-05-21T19:48:07.615231Z,bidirectional,TOU
research_20260521_1000-0957,user-002,EVSE-031,2026-05-21T23:26:06.573872Z,2026-05-21T23:56:06.573872Z,charge_only,TOU
research_20260521_1000-0958,user-009,EVSE-049,2026-05-21T19:21:17.649786Z,2026-05-21T20:36:17.649786Z,charge_only,TOU
research_20260521_1000-0959,user-010,EVSE-029,2026-05-21T05:28:13.035327Z,2026-05-21T05:48:13.035327Z,bidirectional,TOU
research_20260521_1000-0960,user-009,EVSE-001,2026-05-21T05:44:40.148096Z,2026-05-21T06:14:40.148096Z,charge_only,TOU
research_20260521_1000-0961,user-005,EVSE-044,2026-05-21T05:20:37.547458Z,2026-05-21T05:40:37.547458Z,charge_only,TOU
research_20260521_1000-0962,user-006,EVSE-014,2026-05-21T03:20:49.491986Z,2026-05-21T04:35:49.491986Z,discharge_only,TOU
research_20260521_1000-0963,user-006,EVSE-010,2026-05-21T20:54:23.232221Z,2026-05-21T22:09:23.232221Z,charge_only,TOU
research_20260521_1000-0964,user-007,EVSE-007,2026-05-21T21:01:43.049536Z,2026-05-21T22:16:43.049536Z,charge_only,TOU
research_20260521_1000-0965,user-003,EVSE-024,2026-05-21T04:07:00.875952Z,2026-05-21T04:27:00.875952Z,charge_only,TOU
research_20260521_1000-0966,user-008,EVSE-017,2026-05-21T10:26:13.396252Z,2026-05-21T11:26:13.396252Z,discharge_only,TOU
research_20260521_1000-0967,user-001,EVSE-029,2026-05-21T10:39:53.062925Z,2026-05-21T10:59:53.062925Z,bidirectional,TOU
research_20260521_1000-0968,user-002,EVSE-007,2026-05-21T12:14:51.764599Z,2026-05-21T13:14:51.764599Z,bidirectional,TOU
research_20260521_1000-0969,user-004,EVSE-012,2026-05-21T16:00:43.165218Z,2026-05-21T16:20:43.165218Z,discharge_only,TOU
research_20260521_1000-0970,user-001,EVSE-008,2026-05-21T10:25:12.663194Z,2026-05-21T10:55:12.663194Z,charge_only,TOU
research_20260521_1000-0971,user-004,EVSE-016,2026-05-21T09:24:58.423475Z,2026-05-21T09:54:58.423475Z,charge_only,TOU
research_20260521_1000-0972,user-008,EVSE-049,2026-05-21T23:31:40.076145Z,2026-05-21T23:51:40.076145Z,discharge_only,TOU
research_20260521_1000-0973,user-008,EVSE-021,2026-05-21T09:51:32.365610Z,2026-05-21T10:51:32.365610Z,charge_only,TOU
research_20260521_1000-0974,user-002,EVSE-039,2026-05-21T16:23:00.065499Z,2026-05-21T16:53:00.065499Z,bidirectional,TOU
research_20260521_1000-0975,user-004,EVSE-025,2026-05-21T08:25:50.474640Z,2026-05-21T08:55:50.474640Z,charge_only,TOU
research_20260521_1000-0976,user-008,EVSE-012,2026-05-21T17:06:13.005340Z,2026-05-21T17:26:13.005340Z,charge_only,TOU
research_20260521_1000-0977,user-009,EVSE-006,2026-05-21T07:54:35.198213Z,2026-05-21T09:09:35.198213Z,charge_only,TOU
research_20260521_1000-0978,user-001,EVSE-033,2026-05-21T08:50:36.751840Z,2026-05-21T09:30:36.751840Z,charge_only,TOU
research_20260521_1000-0979,user-008,EVSE-019,2026-05-21T02:21:48.075419Z,2026-05-21T02:41:48.075419Z,charge_only,TOU
research_20260521_1000-0980,user-002,EVSE-012,2026-05-21T00:41:28.090917Z,2026-05-21T01:41:28.090917Z,discharge_only,TOU
research_20260521_1000-0981,user-009,EVSE-038,2026-05-21T22:51:34.550903Z,2026-05-21T23:51:34.550903Z,charge_only,TOU
research_20260521_1000-0982,user-007,EVSE-028,2026-05-21T10:33:02.878165Z,2026-05-21T11:48:02.878165Z,charge_only,TOU
research_20260521_1000-0983,user-004,EVSE-043,2026-05-21T19:44:04.669734Z,2026-05-21T20:24:04.669734Z,charge_only,TOU
research_20260521_1000-0984,user-005,EVSE-049,2026-05-21T08:37:24.119010Z,2026-05-21T09:52:24.119010Z,charge_only,TOU
research_20260521_1000-0985,user-005,EVSE-040,2026-05-21T10:57:37.661625Z,2026-05-21T11:27:37.661625Z,charge_only,TOU
research_20260521_1000-0986,user-005,EVSE-008,2026-05-21T14:29:55.711747Z,2026-05-21T14:59:55.711747Z,discharge_only,TOU
research_20260521_1000-0987,user-004,EVSE-045,2026-05-21T15:23:50.649465Z,2026-05-21T16:38:50.649465Z,charge_only,TOU
research_20260521_1000-0988,user-005,EVSE-005,2026-05-21T05:58:18.833905Z,2026-05-21T06:58:18.833905Z,bidirectional,TOU
research_20260521_1000-0989,user-005,EVSE-017,2026-05-21T09:42:51.122457Z,2026-05-21T10:57:51.122457Z,charge_only,TOU
research_20260521_1000-0990,user-009,EVSE-006,2026-05-21T09:09:56.064803Z,2026-05-21T09:39:56.064803Z,charge_only,TOU
research_20260521_1000-0991,user-006,EVSE-024,2026-05-21T04:41:50.749287Z,2026-05-21T05:01:50.749287Z,bidirectional,TOU
research_20260521_1000-0992,user-001,EVSE-014,2026-05-21T15:33:11.045893Z,2026-05-21T15:53:11.045893Z,bidirectional,TOU
research_20260521_1000-0993,user-003,EVSE-018,2026-05-21T21:34:59.281781Z,2026-05-21T22:49:59.281781Z,discharge_only,TOU
research_20260521_1000-0994,user-009,EVSE-020,2026-05-21T09:15:43.063923Z,2026-05-21T10:15:43.063923Z,discharge_only,TOU
research_20260521_1000-0995,user-004,EVSE-044,2026-05-21T05:13:59.179562Z,2026-05-21T06:28:59.179562Z,discharge_only,TOU
research_20260521_1000-0996,user-002,EVSE-025,2026-05-21T19:47:07.956664Z,2026-05-21T20:27:07.956664Z,charge_only,TOU
research_20260521_1000-0997,user-005,EVSE-034,2026-05-21T06:57:50.220090Z,2026-05-21T07:17:50.220090Z,discharge_only,TOU
research_20260521_1000-0998,user-001,EVSE-017,2026-05-21T05:43:53.409767Z,2026-05-21T06:58:53.409767Z,bidirectional,TOU
research_20260521_1000-0999,user-007,EVSE-045,2026-05-21T22:09:21.530820Z,2026-05-21T22:29:21.530820Z,bidirectional,TOU
research_20260521_1000-1000,user-009,EVSE-020,2026-05-21T22:49:44.705404Z,2026-05-22T00:04:44.705404Z,charge_only,TOU
