session_id,expected_hash,computed_hash,match,import_consistent,export_consistent,net_consistent,settlement_consistent,audit_ok,audit_reason,batch_day,batch_root
research_20260521_1000-0001,0x560e11b3a43121085ff7085f07432560da6b2ac4f15ff351a8113097c945d281,0x560e11b3a43121085ff7085f07432560da6b2ac4f15ff351a8113097c945d281,True,True,True,True,True,True,,2026-05-21,0x57bdda51774313bdb9c63336ebb6a51de4fddf593c7e828f3096e74b732f5b2f
research_20260521_1000-0002,0x477ea2d9856b821f0a193e95efc8cdb41bfb5e420115a205bbb9348f7816ae47,0x477ea2d9856b821f0a193e95efc8cdb41bfb5e420115a205bbb9348f7816ae47,True,True,True,True,True,True,,2026-05-21,0x57bdda51774313bdb9c63336ebb6a51de4fddf593c7e828f3096e74b732f5b2f
research_20260521_1000-0003,0x1ea9441573be9488b00b92bcf7e77f1d296c24d7f47f6cbd8c6c7bb388ae2038,0x1ea9441573be9488b00b92bcf7e77f1d296c24d7f47f6cbd8c6c7bb388ae2038,True,True,True,True,True,True,,2026-05-21,0x57bdda51774313bdb9c63336ebb6a51de4fddf593c7e828f3096e74b732f5b2f
research_20260521_1000-0004,0x78aad0c01acc70300081573179b89de0dc905815c2c13a09382ee3957ae7d97f,0x78aad0c01acc70300081573179b89de0dc905815c2c13a09382ee3957ae7d97f,True,True,True,True,True,True,,2026-05-21,0x57bdda51774313bdb9c63336ebb6a51de4fddf593c7e828f3096e74b732f5b2f
research_20260521_1000-0005,0xe4fda9dc14935ead98d2a3bed252ddb90ed0787187c1e9c8df2c00d34873e86c,0xe4fda9dc14935ead98d2a3bed252ddb90ed0787187c1e9c8df2c00d34873e86c,True,True,True,True,True,True,,2026-05-21,0x57bdda51774313bdb9c63336ebb6a51de4fddf593c7e828f3096e74b732f5b2f
research_20260521_1000-0006,0x4d32fb25882a397fc060796283fd210a9f8a55ff11404f282e5753707815718b,0x4d32fb25882a397fc060796283fd210a9f8a55ff11404f282e5753707815718b,True,True,True,True,True,True,,2026-05-21,0x57bdda51774313bdb9c63336ebb6a51de4fddf593c7e828f3096e74b732f5b2f
research_20260521_1000-0007,0xfea7952d21fee8883dd06d348e29af3fe3497f7933d0163195a9731ff4f53ae1,0xfea7952d21fee8883dd06d348e29af3fe3497f7933d0163195a9731ff4f53ae1,True,True,True,True,True,True,,2026-05-21,0x57bdda51774313bdb9c63336ebb6a51de4fddf593c7e828f3096e74b732f5b2f
research_20260521_1000-0008,0xf50e0fa695e1cf2b679ec5d02ceff1abe0f99a118a5567b907a9a83426a83712,0xf50e0fa695e1cf2b679ec5d02ceff1abe0f99a118a5567b907a9a83426a83712,True,True,True,True,True,True,,2026-05-21,0x57bdda51774313bdb9c63336ebb6a51de4fddf593c7e828f3096e74b732f5b2f
research_20260521_1000-0009,0x35dab6de5405abaad88eae44a3679d50f66d200ac21c817d293382e68c2c0936,0x35dab6de5405abaad88eae44a3679d50f66d200ac21c817d293382e68c2c0936,True,True,True,True,True,True,,2026-05-21,0x57bdda51774313bdb9c63336ebb6a51de4fddf593c7e828f3096e74b732f5b2f
research_20260521_1000-0010,0xde74464baacff8269a616ac235d6bd320124331f8727e9ca67d47f718fde6dce,0xde74464baacff8269a616ac235d6bd320124331f8727e9ca67d47f718fde6dce,True,True,True,True,True,True,,2026-05-21,0x57bdda51774313bdb9c63336ebb6a51de4fddf593c7e828f3096e74b732f5b2f
research_20260521_1000-0011,0x85117b9c3cc9e28d601ff7b66fb4984c4a58f8b9f504f2469c5bd8b0647ba5cf,0x85117b9c3cc9e28d601ff7b66fb4984c4a58f8b9f504f2469c5bd8b0647ba5cf,True,True,True,True,True,True,,2026-05-21,0x57bdda51774313bdb9c63336ebb6a51de4fddf593c7e828f3096e74b732f5b2f
research_20260521_1000-0012,0x0ba3131b66adfbabd0e52598bcc19a395ebb791c2633b54738ff9c2d6815bc71,0x0ba3131b66adfbabd0e52598bcc19a395ebb791c2633b54738ff9c2d6815bc71,True,True,True,True,True,True,,2026-05-21,0x57bdda51774313bdb9c63336ebb6a51de4fddf593c7e828f3096e74b732f5b2f
research_20260521_1000-0013,0x8723c6d8d6f05a5b0a905b23a3653e90cda76297291a5e8fea2a62330367cd0f,0x8723c6d8d6f05a5b0a905b23a3653e90cda76297291a5e8fea2a62330367cd0f,True,True,True,True,True,True,,2026-05-21,0x57bdda51774313bdb9c63336ebb6a51de4fddf593c7e828f3096e74b732f5b2f
research_20260521_1000-0014,0xf80a1200d4ed000aae2620bb0460ea0b9c72fbb2208fc58e4d339179b4e2f866,0xf80a1200d4ed000aae2620bb0460ea0b9c72fbb2208fc58e4d339179b4e2f866,True,True,True,True,True,True,,2026-05-21,0x57bdda51774313bdb9c63336ebb6a51de4fddf593c7e828f3096e74b732f5b2f
research_20260521_1000-0015,0xbf5592ae64442ac399cb590f2d25667ad95daee54a711cab21f96e9baa607c85,0xbf5592ae64442ac399cb590f2d25667ad95daee54a711cab21f96e9baa607c85,True,True,True,True,True,True,,2026-05-21,0x57bdda51774313bdb9c63336ebb6a51de4fddf593c7e828f3096e74b732f5b2f
research_20260521_1000-0016,0xbf322474cbd319fbe36a6e9b5fcaa8626e3c3df5355d5be9f02acce379fe8658,0xbf322474cbd319fbe36a6e9b5fcaa8626e3c3df5355d5be9f02acce379fe8658,True,True,True,True,True,True,,2026-05-21,0x57bdda51774313bdb9c63336ebb6a51de4fddf593c7e828f3096e74b732f5b2f
research_20260521_1000-0017,0xd5555b6c887d9b4482cd1eee7cf81be6fd0958ac5eb07777d8209b7e3f19ce7c,0xd5555b6c887d9b4482cd1eee7cf81be6fd0958ac5eb07777d8209b7e3f19ce7c,True,True,True,True,True,True,,2026-05-21,0x57bdda51774313bdb9c63336ebb6a51de4fddf593c7e828f3096e74b732f5b2f
research_20260521_1000-0018,0xd512cd4f1bc0dd8b6a2e155aeac676f644a32935fa1269f9f318ac7b46678664,0xd512cd4f1bc0dd8b6a2e155aeac676f644a32935fa1269f9f318ac7b46678664,True,True,True,True,True,True,,2026-05-21,0x57bdda51774313bdb9c63336ebb6a51de4fddf593c7e828f3096e74b732f5b2f
research_20260521_1000-0019,0x001780a7411070c1d08ed37a6daa37adea9d5519cd2b9b29b7f2910407f00d5f,0x001780a7411070c1d08ed37a6daa37adea9d5519cd2b9b29b7f2910407f00d5f,True,True,True,True,True,True,,2026-05-21,0x57bdda51774313bdb9c63336ebb6a51de4fddf593c7e828f3096e74b732f5b2f
research_20260521_1000-0020,0x02e9c94eebed792a5bb5f416f3e03a25525eeef3621ce6912b22519ef91787fc,0x02e9c94eebed792a5bb5f416f3e03a25525eeef3621ce6912b22519ef91787fc,True,True,True,True,True,True,,2026-05-21,0x57bdda51774313bdb9c63336ebb6a51de4fddf593c7e828f3096e74b732f5b2f
research_20260521_1000-0021,0xa2ab4a9139a2c07cfca0c463b24cf7872764094eafc4fa10da810d74290f5d00,0xa2ab4a9139a2c07cfca0c463b24cf7872764094eafc4fa10da810d74290f5d00,True,True,True,True,True,True,,2026-05-21,0x57bdda51774313bdb9c63336ebb6a51de4fddf593c7e828f3096e74b732f5b2f
research_20260521_1000-0022,0x56923c965bbffb416780db4f25868535a541eb4e1bb7ac6d858c909082e44a91,0x56923c965bbffb416780db4f25868535a541eb4e1bb7ac6d858c909082e44a91,True,True,True,True,True,True,,2026-05-21,0x57bdda51774313bdb9c63336ebb6a51de4fddf593c7e828f3096e74b732f5b2f
research_20260521_1000-0023,0x5a2525b608ca19be945081548f5c683e1ddb9c47f4d1c95a887d1bfdd3a1f7c0,0x5a2525b608ca19be945081548f5c683e1ddb9c47f4d1c95a887d1bfdd3a1f7c0,True,True,True,True,True,True,,2026-05-21,0x57bdda51774313bdb9c63336ebb6a51de4fddf593c7e828f3096e74b732f5b2f
research_20260521_1000-0024,0xd2eba7d2ed8905e4617a931f8618c799b31e229db3851b506adb37f0b8b2157d,0xd2eba7d2ed8905e4617a931f8618c799b31e229db3851b506adb37f0b8b2157d,True,True,True,True,True,True,,2026-05-21,0x57bdda51774313bdb9c63336ebb6a51de4fddf593c7e828f3096e74b732f5b2f
research_20260521_1000-0025,0x11d215522f2bea09bfc33827297668adfe324b788684357c343f8315b9cbb0df,0x11d215522f2bea09bfc33827297668adfe324b788684357c343f8315b9cbb0df,True,True,True,True,True,True,,2026-05-21,0x57bdda51774313bdb9c63336ebb6a51de4fddf593c7e828f3096e74b732f5b2f
research_20260521_1000-0026,0xd5a49b2047cb59598b6cf07abe36ea1afe2f2f6408ce5ea54754ff828d3a45c5,0xd5a49b2047cb59598b6cf07abe36ea1afe2f2f6408ce5ea54754ff828d3a45c5,True,True,True,True,True,True,,2026-05-21,0x57bdda51774313bdb9c63336ebb6a51de4fddf593c7e828f3096e74b732f5b2f
research_20260521_1000-0027,0x224d1f7da1e32a953fc26b14ad7f05b4ef83a258d5fcd46291beb9d47b04dd56,0x224d1f7da1e32a953fc26b14ad7f05b4ef83a258d5fcd46291beb9d47b04dd56,True,True,True,True,True,True,,2026-05-21,0x57bdda51774313bdb9c63336ebb6a51de4fddf593c7e828f3096e74b732f5b2f
research_20260521_1000-0028,0x25cd4d20c1fb443cb1b4d6836b31af40cf97ee16d4d467ab0f0fd6e5ff72d9b3,0x25cd4d20c1fb443cb1b4d6836b31af40cf97ee16d4d467ab0f0fd6e5ff72d9b3,True,True,True,True,True,True,,2026-05-21,0x57bdda51774313bdb9c63336ebb6a51de4fddf593c7e828f3096e74b732f5b2f
research_20260521_1000-0029,0x5f50124770b6f2a9712416b21cf29c8957b9dad3e8abb060f088fd0ace31c7d5,0x5f50124770b6f2a9712416b21cf29c8957b9dad3e8abb060f088fd0ace31c7d5,True,True,True,True,True,True,,2026-05-21,0x57bdda51774313bdb9c63336ebb6a51de4fddf593c7e828f3096e74b732f5b2f
research_20260521_1000-0030,0x69fbce100739692e4b626a0d1b77cf99aec664f6bb28f7c7c9c23337ddb4a6fa,0x69fbce100739692e4b626a0d1b77cf99aec664f6bb28f7c7c9c23337ddb4a6fa,True,True,True,True,True,True,,2026-05-21,0x57bdda51774313bdb9c63336ebb6a51de4fddf593c7e828f3096e74b732f5b2f
research_20260521_1000-0031,0xdb13893b14719deaadc53eeec9afeb08bceba6a8a539db2c6af214600755e672,0xdb13893b14719deaadc53eeec9afeb08bceba6a8a539db2c6af214600755e672,True,True,True,True,True,True,,2026-05-21,0x57bdda51774313bdb9c63336ebb6a51de4fddf593c7e828f3096e74b732f5b2f
research_20260521_1000-0032,0xff65d12ebe6fa725a58a39d68d3d8facc54a93ffaeda7c0b105a7907a4743d9d,0xff65d12ebe6fa725a58a39d68d3d8facc54a93ffaeda7c0b105a7907a4743d9d,True,True,True,True,True,True,,2026-05-21,0x57bdda51774313bdb9c63336ebb6a51de4fddf593c7e828f3096e74b732f5b2f
research_20260521_1000-0033,0xfe0110a73d046afb0dfb2a999274905d322f42f76c613bc4fcce56480f43aa85,0xfe0110a73d046afb0dfb2a999274905d322f42f76c613bc4fcce56480f43aa85,True,True,True,True,True,True,,2026-05-21,0x57bdda51774313bdb9c63336ebb6a51de4fddf593c7e828f3096e74b732f5b2f
research_20260521_1000-0034,0x44c66f8e060cb34df94c4fa8ee4516a43ac5e7de4baae560674d7cf78cc959b4,0x44c66f8e060cb34df94c4fa8ee4516a43ac5e7de4baae560674d7cf78cc959b4,True,True,True,True,True,True,,2026-05-21,0x57bdda51774313bdb9c63336ebb6a51de4fddf593c7e828f3096e74b732f5b2f
research_20260521_1000-0035,0x19c65701811eab5787cdd76b54eff5583b223c94e24e3e951815347a9b16289d,0x19c65701811eab5787cdd76b54eff5583b223c94e24e3e951815347a9b16289d,True,True,True,True,True,True,,2026-05-21,0x57bdda51774313bdb9c63336ebb6a51de4fddf593c7e828f3096e74b732f5b2f
research_20260521_1000-0036,0x3583ebb561ed4d6f4dbb0b9c719e4aebcacd118a114b8236ec56491553d0b419,0x3583ebb561ed4d6f4dbb0b9c719e4aebcacd118a114b8236ec56491553d0b419,True,True,True,True,True,True,,2026-05-21,0x57bdda51774313bdb9c63336ebb6a51de4fddf593c7e828f3096e74b732f5b2f
research_20260521_1000-0037,0x5932b90be281a7b31608bb97abc110e9c93b85fd5a98e982e90f65b55b2f1d00,0x5932b90be281a7b31608bb97abc110e9c93b85fd5a98e982e90f65b55b2f1d00,True,True,True,True,True,True,,2026-05-21,0x57bdda51774313bdb9c63336ebb6a51de4fddf593c7e828f3096e74b732f5b2f
research_20260521_1000-0038,0x81bfdbe1206ef389e45b3dea0f9a388d6e641a242fd6b4bfd3c40de690fe96b0,0x81bfdbe1206ef389e45b3dea0f9a388d6e641a242fd6b4bfd3c40de690fe96b0,True,True,True,True,True,True,,2026-05-21,0x57bdda51774313bdb9c63336ebb6a51de4fddf593c7e828f3096e74b732f5b2f
research_20260521_1000-0039,0xf33fae568ae3ac8ebda3c68c9c0f0a6789141e5c52d56c7c76ef0758f8168679,0xf33fae568ae3ac8ebda3c68c9c0f0a6789141e5c52d56c7c76ef0758f8168679,True,True,True,True,True,True,,2026-05-21,0x57bdda51774313bdb9c63336ebb6a51de4fddf593c7e828f3096e74b732f5b2f
research_20260521_1000-0040,0xa2e21e0943f2ac9730402f7b43667a7c65377a8561a47b3227422f91c3e60c8e,0xa2e21e0943f2ac9730402f7b43667a7c65377a8561a47b3227422f91c3e60c8e,True,True,True,True,True,True,,2026-05-21,0x57bdda51774313bdb9c63336ebb6a51de4fddf593c7e828f3096e74b732f5b2f
research_20260521_1000-0041,0x8d11178c837c52512df72a0c28a06512d9bc6e2ec91d91ec58382c3afcfc6597,0x8d11178c837c52512df72a0c28a06512d9bc6e2ec91d91ec58382c3afcfc6597,True,True,True,True,True,True,,2026-05-21,0x57bdda51774313bdb9c63336ebb6a51de4fddf593c7e828f3096e74b732f5b2f
research_20260521_1000-0042,0x517aabb464ae30310c42e629024e28c466cebf93ab584bbe2337f2c4c610a566,0x517aabb464ae30310c42e629024e28c466cebf93ab584bbe2337f2c4c610a566,True,True,True,True,True,True,,2026-05-21,0x57bdda51774313bdb9c63336ebb6a51de4fddf593c7e828f3096e74b732f5b2f
research_20260521_1000-0043,0x25f96f15959b3d678484ef1d8f4620fbe68d28de24b4824d61020f7a12fa29c3,0x25f96f15959b3d678484ef1d8f4620fbe68d28de24b4824d61020f7a12fa29c3,True,True,True,True,True,True,,2026-05-21,0x57bdda51774313bdb9c63336ebb6a51de4fddf593c7e828f3096e74b732f5b2f
research_20260521_1000-0044,0x6d49d6e499371bada4f830dbe95efd21d4c920b1a773c62c8cd2db7439838604,0x6d49d6e499371bada4f830dbe95efd21d4c920b1a773c62c8cd2db7439838604,True,True,True,True,True,True,,2026-05-21,0x57bdda51774313bdb9c63336ebb6a51de4fddf593c7e828f3096e74b732f5b2f
research_20260521_1000-0045,0x46d29b6670e931e588c63aefbeb1e09cd5d4059f978a825906fbcb80aaf599f3,0x46d29b6670e931e588c63aefbeb1e09cd5d4059f978a825906fbcb80aaf599f3,True,True,True,True,True,True,,2026-05-21,0x57bdda51774313bdb9c63336ebb6a51de4fddf593c7e828f3096e74b732f5b2f
research_20260521_1000-0046,0x5e2759fcfce0a7b22d29f670a5418ee60dcf91efac96d74f8c1e47182cfe236f,0x5e2759fcfce0a7b22d29f670a5418ee60dcf91efac96d74f8c1e47182cfe236f,True,True,True,True,True,True,,2026-05-21,0x57bdda51774313bdb9c63336ebb6a51de4fddf593c7e828f3096e74b732f5b2f
research_20260521_1000-0047,0xd04f9731de4a11d980a70afb6005317089bbf8cd015e1b9ea99b142f92139c14,0xd04f9731de4a11d980a70afb6005317089bbf8cd015e1b9ea99b142f92139c14,True,True,True,True,True,True,,2026-05-21,0x57bdda51774313bdb9c63336ebb6a51de4fddf593c7e828f3096e74b732f5b2f
research_20260521_1000-0048,0xf0039fcee65d99bcbd7967d6b73d831c2fa4aab7d75a96f6d424f334e530e546,0xf0039fcee65d99bcbd7967d6b73d831c2fa4aab7d75a96f6d424f334e530e546,True,True,True,True,True,True,,2026-05-21,0x57bdda51774313bdb9c63336ebb6a51de4fddf593c7e828f3096e74b732f5b2f
research_20260521_1000-0049,0x9d8ab0d1153d6cc3b315a0001fa1a92e7541f86ffb526a1cc66dab87187c060c,0x9d8ab0d1153d6cc3b315a0001fa1a92e7541f86ffb526a1cc66dab87187c060c,True,True,True,True,True,True,,2026-05-21,0x57bdda51774313bdb9c63336ebb6a51de4fddf593c7e828f3096e74b732f5b2f
research_20260521_1000-0050,0xe6163683c3c5fea594db756f0d479cc30a4fd0b6b8012e89b5af18802c0b63ca,0xe6163683c3c5fea594db756f0d479cc30a4fd0b6b8012e89b5af18802c0b63ca,True,True,True,True,True,True,,2026-05-21,0x57bdda51774313bdb9c63336ebb6a51de4fddf593c7e828f3096e74b732f5b2f
research_20260521_1000-0051,0x19a373c517104486a6d801b86753f33748482a2af05228c3f4c2da4f4f96f320,0x19a373c517104486a6d801b86753f33748482a2af05228c3f4c2da4f4f96f320,True,True,True,True,True,True,,2026-05-21,0x57bdda51774313bdb9c63336ebb6a51de4fddf593c7e828f3096e74b732f5b2f
research_20260521_1000-0052,0x47c76f0cdc35e889289d41ce45c990281fcd941efe2a5b00082e379d7be6e0eb,0x47c76f0cdc35e889289d41ce45c990281fcd941efe2a5b00082e379d7be6e0eb,True,True,True,True,True,True,,2026-05-21,0x57bdda51774313bdb9c63336ebb6a51de4fddf593c7e828f3096e74b732f5b2f
research_20260521_1000-0053,0xfa8a38effeaded0804bffb3fbfeab50771a936f44bab7c91ba9bd284a21f75e9,0xfa8a38effeaded0804bffb3fbfeab50771a936f44bab7c91ba9bd284a21f75e9,True,True,True,True,True,True,,2026-05-21,0x57bdda51774313bdb9c63336ebb6a51de4fddf593c7e828f3096e74b732f5b2f
research_20260521_1000-0054,0xd76159d8de12964246d201f6ea3b610996da033469f804969803311485b44086,0xd76159d8de12964246d201f6ea3b610996da033469f804969803311485b44086,True,True,True,True,True,True,,2026-05-21,0x57bdda51774313bdb9c63336ebb6a51de4fddf593c7e828f3096e74b732f5b2f
research_20260521_1000-0055,0xb5b285e8ab03765948345800fb0ee17293f0a0317467afeea40e921a11833820,0xb5b285e8ab03765948345800fb0ee17293f0a0317467afeea40e921a11833820,True,True,True,True,True,True,,2026-05-21,0x57bdda51774313bdb9c63336ebb6a51de4fddf593c7e828f3096e74b732f5b2f
research_20260521_1000-0056,0x6812fbe566cf8656d11920faf103fb38353821e63cf076ece5acb92e05122ad6,0x6812fbe566cf8656d11920faf103fb38353821e63cf076ece5acb92e05122ad6,True,True,True,True,True,True,,2026-05-21,0x57bdda51774313bdb9c63336ebb6a51de4fddf593c7e828f3096e74b732f5b2f
research_20260521_1000-0057,0x8387f48ad0aca48828a47a300a210281d07ed7c69b2b17bc22e388de93378830,0x8387f48ad0aca48828a47a300a210281d07ed7c69b2b17bc22e388de93378830,True,True,True,True,True,True,,2026-05-21,0x57bdda51774313bdb9c63336ebb6a51de4fddf593c7e828f3096e74b732f5b2f
research_20260521_1000-0058,0x9005a5e9f5976ba3ff9759306a31c802ee50b823d448fb51720b40fb329ef9ba,0x9005a5e9f5976ba3ff9759306a31c802ee50b823d448fb51720b40fb329ef9ba,True,True,True,True,True,True,,2026-05-21,0x57bdda51774313bdb9c63336ebb6a51de4fddf593c7e828f3096e74b732f5b2f
research_20260521_1000-0059,0xb545dd95ed452aca3a2bdacd68e554a4c8ecfa35ddead881ac3817e5f9b5a5bb,0xb545dd95ed452aca3a2bdacd68e554a4c8ecfa35ddead881ac3817e5f9b5a5bb,True,True,True,True,True,True,,2026-05-21,0x57bdda51774313bdb9c63336ebb6a51de4fddf593c7e828f3096e74b732f5b2f
research_20260521_1000-0060,0x46ad30d9a7b74f2e24196042490611f50ee7c3e7a8dff00939ff49974e0e4eb6,0x46ad30d9a7b74f2e24196042490611f50ee7c3e7a8dff00939ff49974e0e4eb6,True,True,True,True,True,True,,2026-05-21,0x57bdda51774313bdb9c63336ebb6a51de4fddf593c7e828f3096e74b732f5b2f
research_20260521_1000-0061,0x1f169e0281ed342ab9c832b4c2785e3cf24c5236f201633711d9dd42269ee69b,0x1f169e0281ed342ab9c832b4c2785e3cf24c5236f201633711d9dd42269ee69b,True,True,True,True,True,True,,2026-05-21,0x57bdda51774313bdb9c63336ebb6a51de4fddf593c7e828f3096e74b732f5b2f
research_20260521_1000-0062,0x8df953a8546f79046a368e7872b771129e8c8e159206fa9491fa69c03652f220,0x8df953a8546f79046a368e7872b771129e8c8e159206fa9491fa69c03652f220,True,True,True,True,True,True,,2026-05-21,0x57bdda51774313bdb9c63336ebb6a51de4fddf593c7e828f3096e74b732f5b2f
research_20260521_1000-0063,0x26feca7e91a63c9c9a12992be51838c37d0f39a8bbfd95050963f9ba447ff7b0,0x26feca7e91a63c9c9a12992be51838c37d0f39a8bbfd95050963f9ba447ff7b0,True,True,True,True,True,True,,2026-05-21,0x57bdda51774313bdb9c63336ebb6a51de4fddf593c7e828f3096e74b732f5b2f
research_20260521_1000-0064,0x83a459e45af3bfe2a20c646b28389dc869a9aae60ee9293f46cf8cffcbe2c713,0x83a459e45af3bfe2a20c646b28389dc869a9aae60ee9293f46cf8cffcbe2c713,True,True,True,True,True,True,,2026-05-21,0x57bdda51774313bdb9c63336ebb6a51de4fddf593c7e828f3096e74b732f5b2f
research_20260521_1000-0065,0x1805f0e9eab0b7e25f7b34799fcd06f7e1a66e50d744f9131fd4cfc70c31f8be,0x1805f0e9eab0b7e25f7b34799fcd06f7e1a66e50d744f9131fd4cfc70c31f8be,True,True,True,True,True,True,,2026-05-21,0x57bdda51774313bdb9c63336ebb6a51de4fddf593c7e828f3096e74b732f5b2f
research_20260521_1000-0066,0xc6b2e8a17d997fc4b3bb67d16c24ea22d70e61a7bb3a19f7427ebe64e32f391b,0xc6b2e8a17d997fc4b3bb67d16c24ea22d70e61a7bb3a19f7427ebe64e32f391b,True,True,True,True,True,True,,2026-05-21,0x57bdda51774313bdb9c63336ebb6a51de4fddf593c7e828f3096e74b732f5b2f
research_20260521_1000-0067,0x1f7c823f3bdd30267d35cde36adf8d84ada8cd97b5497ac97642cf414d98f68b,0x1f7c823f3bdd30267d35cde36adf8d84ada8cd97b5497ac97642cf414d98f68b,True,True,True,True,True,True,,2026-05-21,0x57bdda51774313bdb9c63336ebb6a51de4fddf593c7e828f3096e74b732f5b2f
research_20260521_1000-0068,0x429c3186302f5d7996b8d8a6c40a50ea9df3eb6a7ba81b7ba59fa7e7d82c8e5e,0x429c3186302f5d7996b8d8a6c40a50ea9df3eb6a7ba81b7ba59fa7e7d82c8e5e,True,True,True,True,True,True,,2026-05-21,0x57bdda51774313bdb9c63336ebb6a51de4fddf593c7e828f3096e74b732f5b2f
research_20260521_1000-0069,0x1e7d1e980f3b09c4e28605e84e38e3d379c489fb14968744deeb0784fc816224,0x1e7d1e980f3b09c4e28605e84e38e3d379c489fb14968744deeb0784fc816224,True,True,True,True,True,True,,2026-05-21,0x57bdda51774313bdb9c63336ebb6a51de4fddf593c7e828f3096e74b732f5b2f
research_20260521_1000-0070,0xdfbd24c9c8b2007c7763638432a273753d4a6310fe46d12d8312a2ef94beddff,0xdfbd24c9c8b2007c7763638432a273753d4a6310fe46d12d8312a2ef94beddff,True,True,True,True,True,True,,2026-05-21,0x57bdda51774313bdb9c63336ebb6a51de4fddf593c7e828f3096e74b732f5b2f
research_20260521_1000-0071,0xd37ef8f9bbb7e13a21ec57e651e8841e674262cf7c9e74a7c0daf7c775a4d47f,0xd37ef8f9bbb7e13a21ec57e651e8841e674262cf7c9e74a7c0daf7c775a4d47f,True,True,True,True,True,True,,2026-05-21,0x57bdda51774313bdb9c63336ebb6a51de4fddf593c7e828f3096e74b732f5b2f
research_20260521_1000-0072,0x7056e1fd6cd44636abecf84b35c32ae89765c6cd94ef1e48a1c5f286230d89ba,0x7056e1fd6cd44636abecf84b35c32ae89765c6cd94ef1e48a1c5f286230d89ba,True,True,True,True,True,True,,2026-05-21,0x57bdda51774313bdb9c63336ebb6a51de4fddf593c7e828f3096e74b732f5b2f
research_20260521_1000-0073,0x725473b20819e4a81eeb2d2c276c3de89e56bee8e86e6b9810a196b4dd99ad49,0x725473b20819e4a81eeb2d2c276c3de89e56bee8e86e6b9810a196b4dd99ad49,True,True,True,True,True,True,,2026-05-21,0x57bdda51774313bdb9c63336ebb6a51de4fddf593c7e828f3096e74b732f5b2f
research_20260521_1000-0074,0x267d54b1d3849f8bf3cca1d97f292bd5f42fa5e0b7875aea35082d9f9181300d,0x267d54b1d3849f8bf3cca1d97f292bd5f42fa5e0b7875aea35082d9f9181300d,True,True,True,True,True,True,,2026-05-21,0x57bdda51774313bdb9c63336ebb6a51de4fddf593c7e828f3096e74b732f5b2f
research_20260521_1000-0075,0xfba9a34088b71222ccfee68492fb508c80d6aabbf1d5b64fd5917444fefab02d,0xfba9a34088b71222ccfee68492fb508c80d6aabbf1d5b64fd5917444fefab02d,True,True,True,True,True,True,,2026-05-21,0x57bdda51774313bdb9c63336ebb6a51de4fddf593c7e828f3096e74b732f5b2f
research_20260521_1000-0076,0xa405ff08dc6ba81105289fe00c4c2567df5ebb5199d9080b410a98bc405c27d3,0xa405ff08dc6ba81105289fe00c4c2567df5ebb5199d9080b410a98bc405c27d3,True,True,True,True,True,True,,2026-05-21,0x57bdda51774313bdb9c63336ebb6a51de4fddf593c7e828f3096e74b732f5b2f
research_20260521_1000-0077,0x0b879b11041091fbf69cd65a3ae68e7b8239bcb35686a6c3e961a2972bdd6246,0x0b879b11041091fbf69cd65a3ae68e7b8239bcb35686a6c3e961a2972bdd6246,True,True,True,True,True,True,,2026-05-21,0x57bdda51774313bdb9c63336ebb6a51de4fddf593c7e828f3096e74b732f5b2f
research_20260521_1000-0078,0xdb3276027d1ba6f1e88454fd5af7635f6b6c48f743ac74a05c5813e6bad59463,0xdb3276027d1ba6f1e88454fd5af7635f6b6c48f743ac74a05c5813e6bad59463,True,True,True,True,True,True,,2026-05-21,0x57bdda51774313bdb9c63336ebb6a51de4fddf593c7e828f3096e74b732f5b2f
research_20260521_1000-0079,0x5bd7aed9fffb16d14b7e7aec82a5965f32e01bb94e296d2664447efac789a1ce,0x5bd7aed9fffb16d14b7e7aec82a5965f32e01bb94e296d2664447efac789a1ce,True,True,True,True,True,True,,2026-05-21,0x57bdda51774313bdb9c63336ebb6a51de4fddf593c7e828f3096e74b732f5b2f
research_20260521_1000-0080,0xb56aaf66b2ccd4984233b2ffb64ab0e9999521d4e9cf31472e63d95932651df5,0xb56aaf66b2ccd4984233b2ffb64ab0e9999521d4e9cf31472e63d95932651df5,True,True,True,True,True,True,,2026-05-21,0x57bdda51774313bdb9c63336ebb6a51de4fddf593c7e828f3096e74b732f5b2f
research_20260521_1000-0081,0x71db6c6690fceab1ba710617c382308b0150f721fc69c3596e43314ea53bf6c4,0x71db6c6690fceab1ba710617c382308b0150f721fc69c3596e43314ea53bf6c4,True,True,True,True,True,True,,2026-05-21,0x57bdda51774313bdb9c63336ebb6a51de4fddf593c7e828f3096e74b732f5b2f
research_20260521_1000-0082,0xedf4b126a30b2b2571cbec8af66167b56b9be8fd6419926f9904ffca13912132,0xedf4b126a30b2b2571cbec8af66167b56b9be8fd6419926f9904ffca13912132,True,True,True,True,True,True,,2026-05-21,0x57bdda51774313bdb9c63336ebb6a51de4fddf593c7e828f3096e74b732f5b2f
research_20260521_1000-0083,0x391c8ab68d89881549f69c3757fdee73c9264921a1a2f10020a46f0c334ca423,0x391c8ab68d89881549f69c3757fdee73c9264921a1a2f10020a46f0c334ca423,True,True,True,True,True,True,,2026-05-21,0x57bdda51774313bdb9c63336ebb6a51de4fddf593c7e828f3096e74b732f5b2f
research_20260521_1000-0084,0x2d3a993172d3afa7fc126e66bdd139d6d47f033b40385631292cf35dcd6c60d6,0x2d3a993172d3afa7fc126e66bdd139d6d47f033b40385631292cf35dcd6c60d6,True,True,True,True,True,True,,2026-05-21,0x57bdda51774313bdb9c63336ebb6a51de4fddf593c7e828f3096e74b732f5b2f
research_20260521_1000-0085,0xf0d0b4f8eb14cb2ed06e5521f33529a386ec32150fb73fa2502846e1099f4584,0xf0d0b4f8eb14cb2ed06e5521f33529a386ec32150fb73fa2502846e1099f4584,True,True,True,True,True,True,,2026-05-21,0x57bdda51774313bdb9c63336ebb6a51de4fddf593c7e828f3096e74b732f5b2f
research_20260521_1000-0086,0xfff024e9df0ae8af0bb47675c1e23001963c8a5c1e9eff556f85f0fb926aa65c,0xfff024e9df0ae8af0bb47675c1e23001963c8a5c1e9eff556f85f0fb926aa65c,True,True,True,True,True,True,,2026-05-21,0x57bdda51774313bdb9c63336ebb6a51de4fddf593c7e828f3096e74b732f5b2f
research_20260521_1000-0087,0xf7f4fd0a71fa4bb7d1f0521d59a110cf3191790fff7e4c7c808823e273fdbc57,0xf7f4fd0a71fa4bb7d1f0521d59a110cf3191790fff7e4c7c808823e273fdbc57,True,True,True,True,True,True,,2026-05-21,0x57bdda51774313bdb9c63336ebb6a51de4fddf593c7e828f3096e74b732f5b2f
research_20260521_1000-0088,0xdedf3cfefe94b94b58f76484db0a82f4c2f4210298f175b0ba56f3ceb49b7a07,0xdedf3cfefe94b94b58f76484db0a82f4c2f4210298f175b0ba56f3ceb49b7a07,True,True,True,True,True,True,,2026-05-21,0x57bdda51774313bdb9c63336ebb6a51de4fddf593c7e828f3096e74b732f5b2f
research_20260521_1000-0089,0xadfa2b90d60b3c51c696f2e588ddf030236343885e3b2b345a6bc4ffaf07dc6a,0xadfa2b90d60b3c51c696f2e588ddf030236343885e3b2b345a6bc4ffaf07dc6a,True,True,True,True,True,True,,2026-05-21,0x57bdda51774313bdb9c63336ebb6a51de4fddf593c7e828f3096e74b732f5b2f
research_20260521_1000-0090,0xdc3574337e98f2cff51e09ea08c0477e45879b0464286362670b9556084614c1,0xdc3574337e98f2cff51e09ea08c0477e45879b0464286362670b9556084614c1,True,True,True,True,True,True,,2026-05-21,0x57bdda51774313bdb9c63336ebb6a51de4fddf593c7e828f3096e74b732f5b2f
research_20260521_1000-0091,0x1a4d0c6c3ca679044755d909ea4039c926eaab6c237f80e172b9082aca7e10f3,0x1a4d0c6c3ca679044755d909ea4039c926eaab6c237f80e172b9082aca7e10f3,True,True,True,True,True,True,,2026-05-21,0x57bdda51774313bdb9c63336ebb6a51de4fddf593c7e828f3096e74b732f5b2f
research_20260521_1000-0092,0x43b0c7fca3faa6200187ecd1c7be84d461774f84f8c97f7d100d0bab2c871fc9,0x43b0c7fca3faa6200187ecd1c7be84d461774f84f8c97f7d100d0bab2c871fc9,True,True,True,True,True,True,,2026-05-21,0x57bdda51774313bdb9c63336ebb6a51de4fddf593c7e828f3096e74b732f5b2f
research_20260521_1000-0093,0xb527f2f9af76a9986809071a9f734c1a3dd420d5b0f6ad631cc9010ba0be8097,0xb527f2f9af76a9986809071a9f734c1a3dd420d5b0f6ad631cc9010ba0be8097,True,True,True,True,True,True,,2026-05-21,0x57bdda51774313bdb9c63336ebb6a51de4fddf593c7e828f3096e74b732f5b2f
research_20260521_1000-0094,0xfb942201247d998276948e3fad5cd89ee48b0faf4df9ee77482424df281d3fad,0xfb942201247d998276948e3fad5cd89ee48b0faf4df9ee77482424df281d3fad,True,True,True,True,True,True,,2026-05-21,0x57bdda51774313bdb9c63336ebb6a51de4fddf593c7e828f3096e74b732f5b2f
research_20260521_1000-0095,0x03a2517c133f3f8b796c9bb00b935735eebe646c72914f888522b45fe8b0968d,0x03a2517c133f3f8b796c9bb00b935735eebe646c72914f888522b45fe8b0968d,True,True,True,True,True,True,,2026-05-21,0x57bdda51774313bdb9c63336ebb6a51de4fddf593c7e828f3096e74b732f5b2f
research_20260521_1000-0096,0x8b3679d211a767cc6e6f011081af85bbf79484b062f4dc212a9d34bbb17c2c7c,0x8b3679d211a767cc6e6f011081af85bbf79484b062f4dc212a9d34bbb17c2c7c,True,True,True,True,True,True,,2026-05-21,0x57bdda51774313bdb9c63336ebb6a51de4fddf593c7e828f3096e74b732f5b2f
research_20260521_1000-0097,0x1339bdd81804e81e078abee187a68f281bd5bf8f11f91fd24efc6f04270b83c8,0x1339bdd81804e81e078abee187a68f281bd5bf8f11f91fd24efc6f04270b83c8,True,True,True,True,True,True,,2026-05-21,0x57bdda51774313bdb9c63336ebb6a51de4fddf593c7e828f3096e74b732f5b2f
research_20260521_1000-0098,0xb454027442f8dbd62f81cf20d577e0f486c1ca180e0f67cf1a35c22c7b5d62ac,0xb454027442f8dbd62f81cf20d577e0f486c1ca180e0f67cf1a35c22c7b5d62ac,True,True,True,True,True,True,,2026-05-21,0x57bdda51774313bdb9c63336ebb6a51de4fddf593c7e828f3096e74b732f5b2f
research_20260521_1000-0099,0xd8351dbca4e63ede3065743384453b010337923e3640c166b70c13ca28d0a33a,0xd8351dbca4e63ede3065743384453b010337923e3640c166b70c13ca28d0a33a,True,True,True,True,True,True,,2026-05-21,0x57bdda51774313bdb9c63336ebb6a51de4fddf593c7e828f3096e74b732f5b2f
research_20260521_1000-0100,0x5a46a88a298811ef758c9f6855fb4bc67a55c2379ae8ad6e1d4ee3bd5daa0ee2,0x5a46a88a298811ef758c9f6855fb4bc67a55c2379ae8ad6e1d4ee3bd5daa0ee2,True,True,True,True,True,True,,2026-05-21,0x57bdda51774313bdb9c63336ebb6a51de4fddf593c7e828f3096e74b732f5b2f
research_20260521_1000-0101,0x45eafe9ca528f8d84c89fd313108c17d72f19df16a3ffa85f6f0f98a2cdff7ba,0x45eafe9ca528f8d84c89fd313108c17d72f19df16a3ffa85f6f0f98a2cdff7ba,True,True,True,True,True,True,,2026-05-21,0x57bdda51774313bdb9c63336ebb6a51de4fddf593c7e828f3096e74b732f5b2f
research_20260521_1000-0102,0xd5598ead9308ec33f5a70c2426857dddb5456967bf10483d3934b103c09ee0b6,0xd5598ead9308ec33f5a70c2426857dddb5456967bf10483d3934b103c09ee0b6,True,True,True,True,True,True,,2026-05-21,0x57bdda51774313bdb9c63336ebb6a51de4fddf593c7e828f3096e74b732f5b2f
research_20260521_1000-0103,0xafccd1c535ba01db7feaedd06b17c041016d52f6e97f9dbb0e060b359d89c0ef,0xafccd1c535ba01db7feaedd06b17c041016d52f6e97f9dbb0e060b359d89c0ef,True,True,True,True,True,True,,2026-05-21,0x57bdda51774313bdb9c63336ebb6a51de4fddf593c7e828f3096e74b732f5b2f
research_20260521_1000-0104,0x6f4214cda3585d1c7471ed12ad19774ce8de9cd931f76696ca187a3a543ba41c,0x6f4214cda3585d1c7471ed12ad19774ce8de9cd931f76696ca187a3a543ba41c,True,True,True,True,True,True,,2026-05-21,0x57bdda51774313bdb9c63336ebb6a51de4fddf593c7e828f3096e74b732f5b2f
research_20260521_1000-0105,0xc020dbf83f16c7aa8b3853048b0d7c866d27037e82d94a47c95d47c154336631,0xc020dbf83f16c7aa8b3853048b0d7c866d27037e82d94a47c95d47c154336631,True,True,True,True,True,True,,2026-05-21,0x57bdda51774313bdb9c63336ebb6a51de4fddf593c7e828f3096e74b732f5b2f
research_20260521_1000-0106,0x449b03fc8dc76b526ceb2d8bccd1a671536119cefcdd5227134173cc6ab2a546,0x449b03fc8dc76b526ceb2d8bccd1a671536119cefcdd5227134173cc6ab2a546,True,True,True,True,True,True,,2026-05-21,0x57bdda51774313bdb9c63336ebb6a51de4fddf593c7e828f3096e74b732f5b2f
research_20260521_1000-0107,0x4dd0d31b56b6d27fa5339817713d6ce6f6e7d230c613e14b889d8fce857c956e,0x4dd0d31b56b6d27fa5339817713d6ce6f6e7d230c613e14b889d8fce857c956e,True,True,True,True,True,True,,2026-05-21,0x57bdda51774313bdb9c63336ebb6a51de4fddf593c7e828f3096e74b732f5b2f
research_20260521_1000-0108,0x8b24d87571dd3b2804e333bb58e9acef8eba029968783b271ab88706ac303a9a,0x8b24d87571dd3b2804e333bb58e9acef8eba029968783b271ab88706ac303a9a,True,True,True,True,True,True,,2026-05-21,0x57bdda51774313bdb9c63336ebb6a51de4fddf593c7e828f3096e74b732f5b2f
research_20260521_1000-0109,0x7c136b31283164d1346a03760871b312518a0058cdbc177214f3c16143d02c88,0x7c136b31283164d1346a03760871b312518a0058cdbc177214f3c16143d02c88,True,True,True,True,True,True,,2026-05-21,0x57bdda51774313bdb9c63336ebb6a51de4fddf593c7e828f3096e74b732f5b2f
research_20260521_1000-0110,0x4a56491e6856dbf370251b1f1b917435999d6dcb3e9a2a81b65d5c40a0f6e3c6,0x4a56491e6856dbf370251b1f1b917435999d6dcb3e9a2a81b65d5c40a0f6e3c6,True,True,True,True,True,True,,2026-05-21,0x57bdda51774313bdb9c63336ebb6a51de4fddf593c7e828f3096e74b732f5b2f
research_20260521_1000-0111,0x148560d79389ed0f0668f718b177a1039a56cf3c1f140224959617355e94fa34,0x148560d79389ed0f0668f718b177a1039a56cf3c1f140224959617355e94fa34,True,True,True,True,True,True,,2026-05-21,0x57bdda51774313bdb9c63336ebb6a51de4fddf593c7e828f3096e74b732f5b2f
research_20260521_1000-0112,0xc90af888a8ec7ffcc28915e21351d25d0843dcde6399df5fc93b5c6ccd2a9fd3,0xc90af888a8ec7ffcc28915e21351d25d0843dcde6399df5fc93b5c6ccd2a9fd3,True,True,True,True,True,True,,2026-05-21,0x57bdda51774313bdb9c63336ebb6a51de4fddf593c7e828f3096e74b732f5b2f
research_20260521_1000-0113,0xf71042be891031cbfc904044b1abf23b9fa13fe7e25c02ba1ef7172354c9627e,0xf71042be891031cbfc904044b1abf23b9fa13fe7e25c02ba1ef7172354c9627e,True,True,True,True,True,True,,2026-05-21,0x57bdda51774313bdb9c63336ebb6a51de4fddf593c7e828f3096e74b732f5b2f
research_20260521_1000-0114,0xfbf0f277ec85ecaf73b6deeaa511b53b79844ad7f7739d359538d4b1c7f99bc0,0xfbf0f277ec85ecaf73b6deeaa511b53b79844ad7f7739d359538d4b1c7f99bc0,True,True,True,True,True,True,,2026-05-21,0x57bdda51774313bdb9c63336ebb6a51de4fddf593c7e828f3096e74b732f5b2f
research_20260521_1000-0115,0x6092dccc53c841ed3dde5f0321976ffb28b9908d574c7dde7f98f04cf5549d2e,0x6092dccc53c841ed3dde5f0321976ffb28b9908d574c7dde7f98f04cf5549d2e,True,True,True,True,True,True,,2026-05-21,0x57bdda51774313bdb9c63336ebb6a51de4fddf593c7e828f3096e74b732f5b2f
research_20260521_1000-0116,0xe7548d4b4bc7529730338a1bb94a66cd6316776cc6f65d1b62271a0d9b34e61d,0xe7548d4b4bc7529730338a1bb94a66cd6316776cc6f65d1b62271a0d9b34e61d,True,True,True,True,True,True,,2026-05-21,0x57bdda51774313bdb9c63336ebb6a51de4fddf593c7e828f3096e74b732f5b2f
research_20260521_1000-0117,0xaf92914d2737fcaa44d0b7303767129ee89ca477fe6ba188f25ff28fe293c9e4,0xaf92914d2737fcaa44d0b7303767129ee89ca477fe6ba188f25ff28fe293c9e4,True,True,True,True,True,True,,2026-05-21,0x57bdda51774313bdb9c63336ebb6a51de4fddf593c7e828f3096e74b732f5b2f
research_20260521_1000-0118,0x902a97869bf55af8824dff98da183fc7c471efc4736891ad709547292bc3fb6e,0x902a97869bf55af8824dff98da183fc7c471efc4736891ad709547292bc3fb6e,True,True,True,True,True,True,,2026-05-21,0x57bdda51774313bdb9c63336ebb6a51de4fddf593c7e828f3096e74b732f5b2f
research_20260521_1000-0119,0xc0c442e6ed88d89a01d865f134a69ccfc4cde17b217181e1e0f5b00d5a080596,0xc0c442e6ed88d89a01d865f134a69ccfc4cde17b217181e1e0f5b00d5a080596,True,True,True,True,True,True,,2026-05-21,0x57bdda51774313bdb9c63336ebb6a51de4fddf593c7e828f3096e74b732f5b2f
research_20260521_1000-0120,0x8219db96c4ef254263d27d84a71fadb1c8f29d626b24107a8e906e43779ee7e1,0x8219db96c4ef254263d27d84a71fadb1c8f29d626b24107a8e906e43779ee7e1,True,True,True,True,True,True,,2026-05-21,0x57bdda51774313bdb9c63336ebb6a51de4fddf593c7e828f3096e74b732f5b2f
research_20260521_1000-0121,0x836e9aaf50be97d082a5d599ed86d8d6bb6e4ba67238aed6c21c95dab5e34407,0x836e9aaf50be97d082a5d599ed86d8d6bb6e4ba67238aed6c21c95dab5e34407,True,True,True,True,True,True,,2026-05-21,0x57bdda51774313bdb9c63336ebb6a51de4fddf593c7e828f3096e74b732f5b2f
research_20260521_1000-0122,0xd2fc8fedcb0849aa8148aa35415d89b2c5616d7ea0878ae3c62ac8134163aab9,0xd2fc8fedcb0849aa8148aa35415d89b2c5616d7ea0878ae3c62ac8134163aab9,True,True,True,True,True,True,,2026-05-21,0x57bdda51774313bdb9c63336ebb6a51de4fddf593c7e828f3096e74b732f5b2f
research_20260521_1000-0123,0xbd971d19c79b2846d108ae6138870c09bc1363bac4d4f792253a17508a1b67d0,0xbd971d19c79b2846d108ae6138870c09bc1363bac4d4f792253a17508a1b67d0,True,True,True,True,True,True,,2026-05-21,0x57bdda51774313bdb9c63336ebb6a51de4fddf593c7e828f3096e74b732f5b2f
research_20260521_1000-0124,0x5a8f76144883575d0c93fc6386a6b84d2a5db0652c1c8b05ea8a58882bf09f36,0x5a8f76144883575d0c93fc6386a6b84d2a5db0652c1c8b05ea8a58882bf09f36,True,True,True,True,True,True,,2026-05-21,0x57bdda51774313bdb9c63336ebb6a51de4fddf593c7e828f3096e74b732f5b2f
research_20260521_1000-0125,0xcac1f2dc219254eee9dbcd43a045d62738295fcc5a286c280270d281e304253c,0xcac1f2dc219254eee9dbcd43a045d62738295fcc5a286c280270d281e304253c,True,True,True,True,True,True,,2026-05-21,0x57bdda51774313bdb9c63336ebb6a51de4fddf593c7e828f3096e74b732f5b2f
research_20260521_1000-0126,0x75563b193cae16103e221cf4700481cb2aeb942d6035c22ff229d950f9c90eab,0x75563b193cae16103e221cf4700481cb2aeb942d6035c22ff229d950f9c90eab,True,True,True,True,True,True,,2026-05-21,0x57bdda51774313bdb9c63336ebb6a51de4fddf593c7e828f3096e74b732f5b2f
research_20260521_1000-0127,0x65e07950373e7b66ba67ef4fc3dbec875f8348c2b96f1977d30152584ffa689b,0x65e07950373e7b66ba67ef4fc3dbec875f8348c2b96f1977d30152584ffa689b,True,True,True,True,True,True,,2026-05-21,0x57bdda51774313bdb9c63336ebb6a51de4fddf593c7e828f3096e74b732f5b2f
research_20260521_1000-0128,0xe76008ab1074f48399cdc1f4db81b92e522f8d2ffe40f3cfa06b92ce4a465dc8,0xe76008ab1074f48399cdc1f4db81b92e522f8d2ffe40f3cfa06b92ce4a465dc8,True,True,True,True,True,True,,2026-05-21,0x57bdda51774313bdb9c63336ebb6a51de4fddf593c7e828f3096e74b732f5b2f
research_20260521_1000-0129,0xfb2fb10cc093aa8976a8f48433c7d062518058a85e22e9568063eb0e9c861f8c,0xfb2fb10cc093aa8976a8f48433c7d062518058a85e22e9568063eb0e9c861f8c,True,True,True,True,True,True,,2026-05-21,0x57bdda51774313bdb9c63336ebb6a51de4fddf593c7e828f3096e74b732f5b2f
research_20260521_1000-0130,0x8d2574d1b2c4fdb80a487a2e89655c57b72428556769da7bf8ede374529734f1,0x8d2574d1b2c4fdb80a487a2e89655c57b72428556769da7bf8ede374529734f1,True,True,True,True,True,True,,2026-05-21,0x57bdda51774313bdb9c63336ebb6a51de4fddf593c7e828f3096e74b732f5b2f
research_20260521_1000-0131,0xc8a35ad6ffd655913b957a072bb112d8aa489a127a42b3f2fac1a01d82fd7814,0xc8a35ad6ffd655913b957a072bb112d8aa489a127a42b3f2fac1a01d82fd7814,True,True,True,True,True,True,,2026-05-21,0x57bdda51774313bdb9c63336ebb6a51de4fddf593c7e828f3096e74b732f5b2f
research_20260521_1000-0132,0xe1b93732538ef10af0296f0c8dd9bb3343c99ba52b97448546a6fe7574719010,0xe1b93732538ef10af0296f0c8dd9bb3343c99ba52b97448546a6fe7574719010,True,True,True,True,True,True,,2026-05-21,0x57bdda51774313bdb9c63336ebb6a51de4fddf593c7e828f3096e74b732f5b2f
research_20260521_1000-0133,0xe571f97901de7376b80e9295451fca0ff9d9109046fe9386fd34d048fed0474d,0xe571f97901de7376b80e9295451fca0ff9d9109046fe9386fd34d048fed0474d,True,True,True,True,True,True,,2026-05-21,0x57bdda51774313bdb9c63336ebb6a51de4fddf593c7e828f3096e74b732f5b2f
research_20260521_1000-0134,0x528a5ae4a52236b4485049d4fe09aa7322e7b4721da6501f027808d2674e0787,0x528a5ae4a52236b4485049d4fe09aa7322e7b4721da6501f027808d2674e0787,True,True,True,True,True,True,,2026-05-21,0x57bdda51774313bdb9c63336ebb6a51de4fddf593c7e828f3096e74b732f5b2f
research_20260521_1000-0135,0xbb39babddacd126d5324f6f36f745004293966917f9035ae723c94ebeb79a4ec,0xbb39babddacd126d5324f6f36f745004293966917f9035ae723c94ebeb79a4ec,True,True,True,True,True,True,,2026-05-21,0x57bdda51774313bdb9c63336ebb6a51de4fddf593c7e828f3096e74b732f5b2f
research_20260521_1000-0136,0xf658517ac6ac720f9f96adf871d5deeb88bc9551ee6716d1323faa6462773bf0,0xf658517ac6ac720f9f96adf871d5deeb88bc9551ee6716d1323faa6462773bf0,True,True,True,True,True,True,,2026-05-21,0x57bdda51774313bdb9c63336ebb6a51de4fddf593c7e828f3096e74b732f5b2f
research_20260521_1000-0137,0xd94b2504f1b1b9e8ddaaddcd8de51af2d3b2de449aebed92522da258ceac3987,0xd94b2504f1b1b9e8ddaaddcd8de51af2d3b2de449aebed92522da258ceac3987,True,True,True,True,True,True,,2026-05-21,0x57bdda51774313bdb9c63336ebb6a51de4fddf593c7e828f3096e74b732f5b2f
research_20260521_1000-0138,0x729045e4f53f014e0792538f027485042c3a15ac28890d529ac9fbf3a0fdf690,0x729045e4f53f014e0792538f027485042c3a15ac28890d529ac9fbf3a0fdf690,True,True,True,True,True,True,,2026-05-21,0x57bdda51774313bdb9c63336ebb6a51de4fddf593c7e828f3096e74b732f5b2f
research_20260521_1000-0139,0x6552e1ada485cd923469bc2c74c40889a4a7fc27358bd594d6d333657b49a29c,0x6552e1ada485cd923469bc2c74c40889a4a7fc27358bd594d6d333657b49a29c,True,True,True,True,True,True,,2026-05-21,0x57bdda51774313bdb9c63336ebb6a51de4fddf593c7e828f3096e74b732f5b2f
research_20260521_1000-0140,0x9f7d3de5a31717c376c0ca44b3d6cdcd05e761a0842951609688b87ca7f152f6,0x9f7d3de5a31717c376c0ca44b3d6cdcd05e761a0842951609688b87ca7f152f6,True,True,True,True,True,True,,2026-05-21,0x57bdda51774313bdb9c63336ebb6a51de4fddf593c7e828f3096e74b732f5b2f
research_20260521_1000-0141,0x773e4a629158857ef2f69c2f58bb7fcdb2c770db2deabe2c7e5f32f501f23475,0x773e4a629158857ef2f69c2f58bb7fcdb2c770db2deabe2c7e5f32f501f23475,True,True,True,True,True,True,,2026-05-21,0x57bdda51774313bdb9c63336ebb6a51de4fddf593c7e828f3096e74b732f5b2f
research_20260521_1000-0142,0x85ca500c4a2ee9421a497d49e46079007f4f17253ee69b508a6ed00e82f479dc,0x85ca500c4a2ee9421a497d49e46079007f4f17253ee69b508a6ed00e82f479dc,True,True,True,True,True,True,,2026-05-21,0x57bdda51774313bdb9c63336ebb6a51de4fddf593c7e828f3096e74b732f5b2f
research_20260521_1000-0143,0x9e1a5285bd4dc33d3ccbde0a40466e68c92473cf622dc1ab3975d3b930340cfd,0x9e1a5285bd4dc33d3ccbde0a40466e68c92473cf622dc1ab3975d3b930340cfd,True,True,True,True,True,True,,2026-05-21,0x57bdda51774313bdb9c63336ebb6a51de4fddf593c7e828f3096e74b732f5b2f
research_20260521_1000-0144,0x96a34ae4c49b7d51af218593f531a1f6f5e7ee3d488770f2f549a12661486a58,0x96a34ae4c49b7d51af218593f531a1f6f5e7ee3d488770f2f549a12661486a58,True,True,True,True,True,True,,2026-05-21,0x57bdda51774313bdb9c63336ebb6a51de4fddf593c7e828f3096e74b732f5b2f
research_20260521_1000-0145,0xd162604d65ad68845d2d25158abd4a7ecd254851ea495abc58922f0a217d9db3,0xd162604d65ad68845d2d25158abd4a7ecd254851ea495abc58922f0a217d9db3,True,True,True,True,True,True,,2026-05-21,0x57bdda51774313bdb9c63336ebb6a51de4fddf593c7e828f3096e74b732f5b2f
research_20260521_1000-0146,0x40cc301e584fd3e4ee75e11eb0a5092dbcd4d7654e5bf353dcd338bc92accd4c,0x40cc301e584fd3e4ee75e11eb0a5092dbcd4d7654e5bf353dcd338bc92accd4c,True,True,True,True,True,True,,2026-05-21,0x57bdda51774313bdb9c63336ebb6a51de4fddf593c7e828f3096e74b732f5b2f
research_20260521_1000-0147,0xcae964c8986a1c3a83df54e0e4d185038619b62c58e2885ac871be8c49bee070,0xcae964c8986a1c3a83df54e0e4d185038619b62c58e2885ac871be8c49bee070,True,True,True,True,True,True,,2026-05-21,0x57bdda51774313bdb9c63336ebb6a51de4fddf593c7e828f3096e74b732f5b2f
research_20260521_1000-0148,0xd27e325725244e96842a87fcf1f7172d8b5dfb25398db4dec250ca0a0102d505,0xd27e325725244e96842a87fcf1f7172d8b5dfb25398db4dec250ca0a0102d505,True,True,True,True,True,True,,2026-05-21,0x57bdda51774313bdb9c63336ebb6a51de4fddf593c7e828f3096e74b732f5b2f
research_20260521_1000-0149,0xd614e63fa62c4419262c51de50eb90e3ad90f34068b44f1dde964e4e592dbb14,0xd614e63fa62c4419262c51de50eb90e3ad90f34068b44f1dde964e4e592dbb14,True,True,True,True,True,True,,2026-05-21,0x57bdda51774313bdb9c63336ebb6a51de4fddf593c7e828f3096e74b732f5b2f
research_20260521_1000-0150,0xd08b1b6e1633aa8ab01012d205867b3476059dfbf78100d327b601ae34ae8bf1,0xd08b1b6e1633aa8ab01012d205867b3476059dfbf78100d327b601ae34ae8bf1,True,True,True,True,True,True,,2026-05-21,0x57bdda51774313bdb9c63336ebb6a51de4fddf593c7e828f3096e74b732f5b2f
research_20260521_1000-0151,0x4b892c1a4e80acc2deb37fcfb4a687d03bcbce7228dde9307dbfc4004fc2c936,0x4b892c1a4e80acc2deb37fcfb4a687d03bcbce7228dde9307dbfc4004fc2c936,True,True,True,True,True,True,,2026-05-21,0x57bdda51774313bdb9c63336ebb6a51de4fddf593c7e828f3096e74b732f5b2f
research_20260521_1000-0152,0xc82d503159218a886635f60f2e8e488df65b8108ed16c05ecc44584001c4ce30,0xc82d503159218a886635f60f2e8e488df65b8108ed16c05ecc44584001c4ce30,True,True,True,True,True,True,,2026-05-21,0x57bdda51774313bdb9c63336ebb6a51de4fddf593c7e828f3096e74b732f5b2f
research_20260521_1000-0153,0xa71639bde9bdf9610c4857c372f377cb4005ceb6e085c1d30ec395487e69854f,0xa71639bde9bdf9610c4857c372f377cb4005ceb6e085c1d30ec395487e69854f,True,True,True,True,True,True,,2026-05-21,0x57bdda51774313bdb9c63336ebb6a51de4fddf593c7e828f3096e74b732f5b2f
research_20260521_1000-0154,0x3da6e00ff8f8d40a9040f046074fb7bfc488ab844f36877ed068e0c90adc6f00,0x3da6e00ff8f8d40a9040f046074fb7bfc488ab844f36877ed068e0c90adc6f00,True,True,True,True,True,True,,2026-05-21,0x57bdda51774313bdb9c63336ebb6a51de4fddf593c7e828f3096e74b732f5b2f
research_20260521_1000-0155,0xd6d18549230941d04337a95bc7142c1b1fe885370704e3ad71eb91c740c23288,0xd6d18549230941d04337a95bc7142c1b1fe885370704e3ad71eb91c740c23288,True,True,True,True,True,True,,2026-05-21,0x57bdda51774313bdb9c63336ebb6a51de4fddf593c7e828f3096e74b732f5b2f
research_20260521_1000-0156,0xb3961601700da25400b5319683a00de1171d0fb027f815478e8b60467b428167,0xb3961601700da25400b5319683a00de1171d0fb027f815478e8b60467b428167,True,True,True,True,True,True,,2026-05-21,0x57bdda51774313bdb9c63336ebb6a51de4fddf593c7e828f3096e74b732f5b2f
research_20260521_1000-0157,0x779e3977060b3cfa2cb1f16e20131dc41663e9d819a476258478184ea42daefe,0x779e3977060b3cfa2cb1f16e20131dc41663e9d819a476258478184ea42daefe,True,True,True,True,True,True,,2026-05-21,0x57bdda51774313bdb9c63336ebb6a51de4fddf593c7e828f3096e74b732f5b2f
research_20260521_1000-0158,0x6e77cb227a9eb3bf8b246486a3ee970eb4ada3c034dfd570f89cbe585f7ac807,0x6e77cb227a9eb3bf8b246486a3ee970eb4ada3c034dfd570f89cbe585f7ac807,True,True,True,True,True,True,,2026-05-21,0x57bdda51774313bdb9c63336ebb6a51de4fddf593c7e828f3096e74b732f5b2f
research_20260521_1000-0159,0x959fb9a9f8c387556fe19da03a32186f9403ef7f24a4bfc5606c6314e88ca740,0x959fb9a9f8c387556fe19da03a32186f9403ef7f24a4bfc5606c6314e88ca740,True,True,True,True,True,True,,2026-05-21,0x57bdda51774313bdb9c63336ebb6a51de4fddf593c7e828f3096e74b732f5b2f
research_20260521_1000-0160,0xeefbf4ffa6151e0818f23b2dde62947bdccc2e4c9dc386dcea59b3a241e78f84,0xeefbf4ffa6151e0818f23b2dde62947bdccc2e4c9dc386dcea59b3a241e78f84,True,True,True,True,True,True,,2026-05-21,0x57bdda51774313bdb9c63336ebb6a51de4fddf593c7e828f3096e74b732f5b2f
research_20260521_1000-0161,0x3027c0816695a3bc8c2576e28f9fd9060edc26dbcbd9a4482d75c03f4b24b0a1,0x3027c0816695a3bc8c2576e28f9fd9060edc26dbcbd9a4482d75c03f4b24b0a1,True,True,True,True,True,True,,2026-05-21,0x57bdda51774313bdb9c63336ebb6a51de4fddf593c7e828f3096e74b732f5b2f
research_20260521_1000-0162,0xb7383ff1a81fdd7606621fd446bc91a8a0757bab385b5d7b91f1839ecbb9b51c,0xb7383ff1a81fdd7606621fd446bc91a8a0757bab385b5d7b91f1839ecbb9b51c,True,True,True,True,True,True,,2026-05-21,0x57bdda51774313bdb9c63336ebb6a51de4fddf593c7e828f3096e74b732f5b2f
research_20260521_1000-0163,0x2ab65826fec4a1104c6c5783baec596b403236319138021c94d5151c0a53681f,0x2ab65826fec4a1104c6c5783baec596b403236319138021c94d5151c0a53681f,True,True,True,True,True,True,,2026-05-21,0x57bdda51774313bdb9c63336ebb6a51de4fddf593c7e828f3096e74b732f5b2f
research_20260521_1000-0164,0x7df89892ba83c9312a670c910d3fb0c17dbfaa2b29d234b8e5ae6eff2f23e0e2,0x7df89892ba83c9312a670c910d3fb0c17dbfaa2b29d234b8e5ae6eff2f23e0e2,True,True,True,True,True,True,,2026-05-21,0x57bdda51774313bdb9c63336ebb6a51de4fddf593c7e828f3096e74b732f5b2f
research_20260521_1000-0165,0x2d2478493f034feecb9c3336b5c17241d77e400aae29581cb27dca951fb89472,0x2d2478493f034feecb9c3336b5c17241d77e400aae29581cb27dca951fb89472,True,True,True,True,True,True,,2026-05-21,0x57bdda51774313bdb9c63336ebb6a51de4fddf593c7e828f3096e74b732f5b2f
research_20260521_1000-0166,0xae46ce7e0efdc812ea1bd58c929dd11fcf516a8fbc302e3738f7b9c2e5eaf453,0xae46ce7e0efdc812ea1bd58c929dd11fcf516a8fbc302e3738f7b9c2e5eaf453,True,True,True,True,True,True,,2026-05-21,0x57bdda51774313bdb9c63336ebb6a51de4fddf593c7e828f3096e74b732f5b2f
research_20260521_1000-0167,0x66fc4bca4667b4de2401d477d53f15f48fc9c4fed4dc6e97e9633f834cef7fd5,0x66fc4bca4667b4de2401d477d53f15f48fc9c4fed4dc6e97e9633f834cef7fd5,True,True,True,True,True,True,,2026-05-21,0x57bdda51774313bdb9c63336ebb6a51de4fddf593c7e828f3096e74b732f5b2f
research_20260521_1000-0168,0x436ac3e644658ca442451a87862cbacb784138cb23b16af84aff6369a0d1d2bc,0x436ac3e644658ca442451a87862cbacb784138cb23b16af84aff6369a0d1d2bc,True,True,True,True,True,True,,2026-05-21,0x57bdda51774313bdb9c63336ebb6a51de4fddf593c7e828f3096e74b732f5b2f
research_20260521_1000-0169,0xd15777339ae920382caf4a5f159235f46dfb8caa4c2e93185b84236422157e2b,0xd15777339ae920382caf4a5f159235f46dfb8caa4c2e93185b84236422157e2b,True,True,True,True,True,True,,2026-05-21,0x57bdda51774313bdb9c63336ebb6a51de4fddf593c7e828f3096e74b732f5b2f
research_20260521_1000-0170,0x1820ca9dd193919ef6b090525739079e34b8af20fba7daad294a799ef37d77d2,0x1820ca9dd193919ef6b090525739079e34b8af20fba7daad294a799ef37d77d2,True,True,True,True,True,True,,2026-05-21,0x57bdda51774313bdb9c63336ebb6a51de4fddf593c7e828f3096e74b732f5b2f
research_20260521_1000-0171,0x33ac3037ab56b057c42e8a5e743532b77087807581835cd87f7be008a010a271,0x33ac3037ab56b057c42e8a5e743532b77087807581835cd87f7be008a010a271,True,True,True,True,True,True,,2026-05-21,0x57bdda51774313bdb9c63336ebb6a51de4fddf593c7e828f3096e74b732f5b2f
research_20260521_1000-0172,0x9188e8eba17bf66033f6034fa4ea5ce0f120ad45134b3d681db2c81bca13e106,0x9188e8eba17bf66033f6034fa4ea5ce0f120ad45134b3d681db2c81bca13e106,True,True,True,True,True,True,,2026-05-21,0x57bdda51774313bdb9c63336ebb6a51de4fddf593c7e828f3096e74b732f5b2f
research_20260521_1000-0173,0xa19cffeae62a2e3b8da2ec7fd458fff661a56e0e0bcbca10a17487e2a07947a2,0xa19cffeae62a2e3b8da2ec7fd458fff661a56e0e0bcbca10a17487e2a07947a2,True,True,True,True,True,True,,2026-05-21,0x57bdda51774313bdb9c63336ebb6a51de4fddf593c7e828f3096e74b732f5b2f
research_20260521_1000-0174,0x3c4d9e1c023ba4cd51eeed342eb6a8887f38d5d14afc6ed4ca62fc07ae16084b,0x3c4d9e1c023ba4cd51eeed342eb6a8887f38d5d14afc6ed4ca62fc07ae16084b,True,True,True,True,True,True,,2026-05-21,0x57bdda51774313bdb9c63336ebb6a51de4fddf593c7e828f3096e74b732f5b2f
research_20260521_1000-0175,0x66924fbf40ba17677a25a999e7d0ec48ed99f4bf11e129a3328fd756c69e3d98,0x66924fbf40ba17677a25a999e7d0ec48ed99f4bf11e129a3328fd756c69e3d98,True,True,True,True,True,True,,2026-05-21,0x57bdda51774313bdb9c63336ebb6a51de4fddf593c7e828f3096e74b732f5b2f
research_20260521_1000-0176,0xe4b590c9ade4563a7678d817d98b06db9ebb6f2ec94170d6c0a0f243fb4084f9,0xe4b590c9ade4563a7678d817d98b06db9ebb6f2ec94170d6c0a0f243fb4084f9,True,True,True,True,True,True,,2026-05-21,0x57bdda51774313bdb9c63336ebb6a51de4fddf593c7e828f3096e74b732f5b2f
research_20260521_1000-0177,0x1744825d5d115fc3cdbe58e577f7b1f754054be3dc50805d0e4c6012624c5e64,0x1744825d5d115fc3cdbe58e577f7b1f754054be3dc50805d0e4c6012624c5e64,True,True,True,True,True,True,,2026-05-21,0x57bdda51774313bdb9c63336ebb6a51de4fddf593c7e828f3096e74b732f5b2f
research_20260521_1000-0178,0xd2d7fa344bb2c3502cdd6922c1fc3547ac07042f358e63cf41dac189a8d279e0,0xd2d7fa344bb2c3502cdd6922c1fc3547ac07042f358e63cf41dac189a8d279e0,True,True,True,True,True,True,,2026-05-21,0x57bdda51774313bdb9c63336ebb6a51de4fddf593c7e828f3096e74b732f5b2f
research_20260521_1000-0179,0xe5252c5122785eaf99135f2a0d34ed805d2bae2fa54f1aec5de3b46862acc99a,0xe5252c5122785eaf99135f2a0d34ed805d2bae2fa54f1aec5de3b46862acc99a,True,True,True,True,True,True,,2026-05-21,0x57bdda51774313bdb9c63336ebb6a51de4fddf593c7e828f3096e74b732f5b2f
research_20260521_1000-0180,0x440deaa29b1c82618cde7ce05f1185378b90a5cb9ac867758fa4b9857b7cd778,0x440deaa29b1c82618cde7ce05f1185378b90a5cb9ac867758fa4b9857b7cd778,True,True,True,True,True,True,,2026-05-21,0x57bdda51774313bdb9c63336ebb6a51de4fddf593c7e828f3096e74b732f5b2f
research_20260521_1000-0181,0xd37308a3a972f72bbb65741d71d37d23b078142ff598b797898573568abca9f6,0xd37308a3a972f72bbb65741d71d37d23b078142ff598b797898573568abca9f6,True,True,True,True,True,True,,2026-05-21,0x57bdda51774313bdb9c63336ebb6a51de4fddf593c7e828f3096e74b732f5b2f
research_20260521_1000-0182,0x34f6a50ccb45a6884b790f024b6982e7183ee6ae6dea81e3059567f154a32a27,0x34f6a50ccb45a6884b790f024b6982e7183ee6ae6dea81e3059567f154a32a27,True,True,True,True,True,True,,2026-05-21,0x57bdda51774313bdb9c63336ebb6a51de4fddf593c7e828f3096e74b732f5b2f
research_20260521_1000-0183,0x0608626c3d33cc2cd8b0c525a4710baacdce8268e2c895be8308a8f9a5fe77fa,0x0608626c3d33cc2cd8b0c525a4710baacdce8268e2c895be8308a8f9a5fe77fa,True,True,True,True,True,True,,2026-05-21,0x57bdda51774313bdb9c63336ebb6a51de4fddf593c7e828f3096e74b732f5b2f
research_20260521_1000-0184,0xf7417e65e23404add7796fa14099e736ef4683cdfe23caafdee5efe586ffb209,0xf7417e65e23404add7796fa14099e736ef4683cdfe23caafdee5efe586ffb209,True,True,True,True,True,True,,2026-05-21,0x57bdda51774313bdb9c63336ebb6a51de4fddf593c7e828f3096e74b732f5b2f
research_20260521_1000-0185,0xe6725d5156ea8cb676b7a02e48569d6607893666848848e32b7394015af70fa6,0xe6725d5156ea8cb676b7a02e48569d6607893666848848e32b7394015af70fa6,True,True,True,True,True,True,,2026-05-21,0x57bdda51774313bdb9c63336ebb6a51de4fddf593c7e828f3096e74b732f5b2f
research_20260521_1000-0186,0xc73809be3c56e8633f74cb1ae72432b593314cd7d3dfeecef2549ee65510ecdf,0xc73809be3c56e8633f74cb1ae72432b593314cd7d3dfeecef2549ee65510ecdf,True,True,True,True,True,True,,2026-05-21,0x57bdda51774313bdb9c63336ebb6a51de4fddf593c7e828f3096e74b732f5b2f
research_20260521_1000-0187,0xe49449d3abf5340348befee568ddb2a085f17a2946490e6f2eb9c0dd2f91ebde,0xe49449d3abf5340348befee568ddb2a085f17a2946490e6f2eb9c0dd2f91ebde,True,True,True,True,True,True,,2026-05-21,0x57bdda51774313bdb9c63336ebb6a51de4fddf593c7e828f3096e74b732f5b2f
research_20260521_1000-0188,0x7af9165b9444c65fe1151a613d17f9434766022cc645f19ae9b5411d5e578689,0x7af9165b9444c65fe1151a613d17f9434766022cc645f19ae9b5411d5e578689,True,True,True,True,True,True,,2026-05-21,0x57bdda51774313bdb9c63336ebb6a51de4fddf593c7e828f3096e74b732f5b2f
research_20260521_1000-0189,0x164921af3f632154d77167d56b3949bfe35a810603a0ace3bcd8064c13eae227,0x164921af3f632154d77167d56b3949bfe35a810603a0ace3bcd8064c13eae227,True,True,True,True,True,True,,2026-05-21,0x57bdda51774313bdb9c63336ebb6a51de4fddf593c7e828f3096e74b732f5b2f
research_20260521_1000-0190,0x859aeba4943a574f8eaada5a28699085ed6d740c48baf83b2b562e0b3c58166a,0x859aeba4943a574f8eaada5a28699085ed6d740c48baf83b2b562e0b3c58166a,True,True,True,True,True,True,,2026-05-21,0x57bdda51774313bdb9c63336ebb6a51de4fddf593c7e828f3096e74b732f5b2f
research_20260521_1000-0191,0x2513caebd335101e81fd7cdd827afe4c802b5df35ae31685ddf98e6ac69d9a61,0x2513caebd335101e81fd7cdd827afe4c802b5df35ae31685ddf98e6ac69d9a61,True,True,True,True,True,True,,2026-05-21,0x57bdda51774313bdb9c63336ebb6a51de4fddf593c7e828f3096e74b732f5b2f
research_20260521_1000-0192,0x5559b2f55d98d1c8f42a09b4cecef9d53cabbdae78e47431313c86ea78806109,0x5559b2f55d98d1c8f42a09b4cecef9d53cabbdae78e47431313c86ea78806109,True,True,True,True,True,True,,2026-05-21,0x57bdda51774313bdb9c63336ebb6a51de4fddf593c7e828f3096e74b732f5b2f
research_20260521_1000-0193,0x77f35c0fdea371f003fa09287e2922dfc8193fdbadd07002aa35ec2577bf9eea,0x77f35c0fdea371f003fa09287e2922dfc8193fdbadd07002aa35ec2577bf9eea,True,True,True,True,True,True,,2026-05-21,0x57bdda51774313bdb9c63336ebb6a51de4fddf593c7e828f3096e74b732f5b2f
research_20260521_1000-0194,0x04544d0a1e7902e682b080d0b94501e4cf90a329926a029667d1b521143b73d9,0x04544d0a1e7902e682b080d0b94501e4cf90a329926a029667d1b521143b73d9,True,True,True,True,True,True,,2026-05-21,0x57bdda51774313bdb9c63336ebb6a51de4fddf593c7e828f3096e74b732f5b2f
research_20260521_1000-0195,0xa741dff21f5edf6b59e398c5036e706f436882537b89437486b9c0d836f63d95,0xa741dff21f5edf6b59e398c5036e706f436882537b89437486b9c0d836f63d95,True,True,True,True,True,True,,2026-05-21,0x57bdda51774313bdb9c63336ebb6a51de4fddf593c7e828f3096e74b732f5b2f
research_20260521_1000-0196,0xfdddc7fc317c2b85f14ed1f40300dce56c5b9f0dd1ab682bf7192b6c148c03a3,0xfdddc7fc317c2b85f14ed1f40300dce56c5b9f0dd1ab682bf7192b6c148c03a3,True,True,True,True,True,True,,2026-05-21,0x57bdda51774313bdb9c63336ebb6a51de4fddf593c7e828f3096e74b732f5b2f
research_20260521_1000-0197,0x90e24b68f4add54368f9c3580e1595a093e9cadaa78b8a3548515eba6793ac15,0x90e24b68f4add54368f9c3580e1595a093e9cadaa78b8a3548515eba6793ac15,True,True,True,True,True,True,,2026-05-21,0x57bdda51774313bdb9c63336ebb6a51de4fddf593c7e828f3096e74b732f5b2f
research_20260521_1000-0198,0x704aea977cfe3d6e55621eb9c5209bc7be7d76bdbbbe483d245ab324e598be8c,0x704aea977cfe3d6e55621eb9c5209bc7be7d76bdbbbe483d245ab324e598be8c,True,True,True,True,True,True,,2026-05-21,0x57bdda51774313bdb9c63336ebb6a51de4fddf593c7e828f3096e74b732f5b2f
research_20260521_1000-0199,0xf3bbeeda003ded077a615b448e32ae6c86df9c8661a1053d59feec011b743331,0xf3bbeeda003ded077a615b448e32ae6c86df9c8661a1053d59feec011b743331,True,True,True,True,True,True,,2026-05-21,0x57bdda51774313bdb9c63336ebb6a51de4fddf593c7e828f3096e74b732f5b2f
research_20260521_1000-0200,0x5339e153dc2a0e341ac61a0cb95c27ea9ff73caeb647ace7b3e0a65c6e009714,0x5339e153dc2a0e341ac61a0cb95c27ea9ff73caeb647ace7b3e0a65c6e009714,True,True,True,True,True,True,,2026-05-21,0x57bdda51774313bdb9c63336ebb6a51de4fddf593c7e828f3096e74b732f5b2f
research_20260521_1000-0201,0xfdb9aa73a3ca5a82a3d6583e2c4b88edcfeed8896f044a06307eb92efc7e0073,0xfdb9aa73a3ca5a82a3d6583e2c4b88edcfeed8896f044a06307eb92efc7e0073,True,True,True,True,True,True,,2026-05-21,0x57bdda51774313bdb9c63336ebb6a51de4fddf593c7e828f3096e74b732f5b2f
research_20260521_1000-0202,0x3b8734976c30c0b90b50db593a80bb87a7f596b8f46e75fb7290c5817804a80f,0x3b8734976c30c0b90b50db593a80bb87a7f596b8f46e75fb7290c5817804a80f,True,True,True,True,True,True,,2026-05-21,0x57bdda51774313bdb9c63336ebb6a51de4fddf593c7e828f3096e74b732f5b2f
research_20260521_1000-0203,0xe49d149d6b0fdce4034d189adfa9e751f0c2256c0d4d7226ac7e7e814d638085,0xe49d149d6b0fdce4034d189adfa9e751f0c2256c0d4d7226ac7e7e814d638085,True,True,True,True,True,True,,2026-05-21,0x57bdda51774313bdb9c63336ebb6a51de4fddf593c7e828f3096e74b732f5b2f
research_20260521_1000-0204,0xbaf867f3c87af4573f374feecfbd55437b21a78f4551ef93e2758a0201064d0c,0xbaf867f3c87af4573f374feecfbd55437b21a78f4551ef93e2758a0201064d0c,True,True,True,True,True,True,,2026-05-21,0x57bdda51774313bdb9c63336ebb6a51de4fddf593c7e828f3096e74b732f5b2f
research_20260521_1000-0205,0xdaf63f4e5e9056b9ab13a1b9e7540b19a69256677ee5227be01021d167f9bc01,0xdaf63f4e5e9056b9ab13a1b9e7540b19a69256677ee5227be01021d167f9bc01,True,True,True,True,True,True,,2026-05-21,0x57bdda51774313bdb9c63336ebb6a51de4fddf593c7e828f3096e74b732f5b2f
research_20260521_1000-0206,0x2b32733aba564d3b80125561c332467d79a110da9ecc1e786dbfc82da65bca1b,0x2b32733aba564d3b80125561c332467d79a110da9ecc1e786dbfc82da65bca1b,True,True,True,True,True,True,,2026-05-21,0x57bdda51774313bdb9c63336ebb6a51de4fddf593c7e828f3096e74b732f5b2f
research_20260521_1000-0207,0x770cb81cf3e3d8e9b3537670370ed21755aa8da94d6f15bf58814972deaaa08e,0x770cb81cf3e3d8e9b3537670370ed21755aa8da94d6f15bf58814972deaaa08e,True,True,True,True,True,True,,2026-05-21,0x57bdda51774313bdb9c63336ebb6a51de4fddf593c7e828f3096e74b732f5b2f
research_20260521_1000-0208,0x0a651c62d15bff17e7bac26278bd17fe82552b36e15dc30353df4234575b3f5a,0x0a651c62d15bff17e7bac26278bd17fe82552b36e15dc30353df4234575b3f5a,True,True,True,True,True,True,,2026-05-21,0x57bdda51774313bdb9c63336ebb6a51de4fddf593c7e828f3096e74b732f5b2f
research_20260521_1000-0209,0xf061ddcb29a389a585db6aa413e201ea24b2538f02c3b7951f156472def8fd1d,0xf061ddcb29a389a585db6aa413e201ea24b2538f02c3b7951f156472def8fd1d,True,True,True,True,True,True,,2026-05-21,0x57bdda51774313bdb9c63336ebb6a51de4fddf593c7e828f3096e74b732f5b2f
research_20260521_1000-0210,0x1aaec82c9ae6a1eacff58bd578bb01c884788e3a776baefadfa1237f8112bd7e,0x1aaec82c9ae6a1eacff58bd578bb01c884788e3a776baefadfa1237f8112bd7e,True,True,True,True,True,True,,2026-05-21,0x57bdda51774313bdb9c63336ebb6a51de4fddf593c7e828f3096e74b732f5b2f
research_20260521_1000-0211,0x5e6dad714120a717c33cd951ce8646d4866101deae5d49d4a5663a2bc7ca3efa,0x5e6dad714120a717c33cd951ce8646d4866101deae5d49d4a5663a2bc7ca3efa,True,True,True,True,True,True,,2026-05-21,0x57bdda51774313bdb9c63336ebb6a51de4fddf593c7e828f3096e74b732f5b2f
research_20260521_1000-0212,0x175ae5890526ec1d66582207bc37152626bf537fe24efd5b5f4f08f3471bf195,0x175ae5890526ec1d66582207bc37152626bf537fe24efd5b5f4f08f3471bf195,True,True,True,True,True,True,,2026-05-21,0x57bdda51774313bdb9c63336ebb6a51de4fddf593c7e828f3096e74b732f5b2f
research_20260521_1000-0213,0xa3e847d6a12f904724e3bef25a90de0b5b730405c46ae5b21aba37e19dd91d80,0xa3e847d6a12f904724e3bef25a90de0b5b730405c46ae5b21aba37e19dd91d80,True,True,True,True,True,True,,2026-05-21,0x57bdda51774313bdb9c63336ebb6a51de4fddf593c7e828f3096e74b732f5b2f
research_20260521_1000-0214,0xac1c19f4095fef2eed03bbe4d640767e5b9608fcc47113daeb3a6c4253a43559,0xac1c19f4095fef2eed03bbe4d640767e5b9608fcc47113daeb3a6c4253a43559,True,True,True,True,True,True,,2026-05-21,0x57bdda51774313bdb9c63336ebb6a51de4fddf593c7e828f3096e74b732f5b2f
research_20260521_1000-0215,0xbf60147df7c108e953cd0c40241bade18499a85c908a15f6c6a29007ac5f31af,0xbf60147df7c108e953cd0c40241bade18499a85c908a15f6c6a29007ac5f31af,True,True,True,True,True,True,,2026-05-21,0x57bdda51774313bdb9c63336ebb6a51de4fddf593c7e828f3096e74b732f5b2f
research_20260521_1000-0216,0x8742836067ba089354e616746371fe51843aee7ce9071f53f0b35fc42c352298,0x8742836067ba089354e616746371fe51843aee7ce9071f53f0b35fc42c352298,True,True,True,True,True,True,,2026-05-21,0x57bdda51774313bdb9c63336ebb6a51de4fddf593c7e828f3096e74b732f5b2f
research_20260521_1000-0217,0xc072831acfc72d491264011bbd0edf98eb65ce5bbdc5ab935f2dd82d2d0f8f69,0xc072831acfc72d491264011bbd0edf98eb65ce5bbdc5ab935f2dd82d2d0f8f69,True,True,True,True,True,True,,2026-05-21,0x57bdda51774313bdb9c63336ebb6a51de4fddf593c7e828f3096e74b732f5b2f
research_20260521_1000-0218,0xcd4da4f00dcd622388afd42a17a6ceee0b7a80a9c34d8a404642df61f6886b67,0xcd4da4f00dcd622388afd42a17a6ceee0b7a80a9c34d8a404642df61f6886b67,True,True,True,True,True,True,,2026-05-21,0x57bdda51774313bdb9c63336ebb6a51de4fddf593c7e828f3096e74b732f5b2f
research_20260521_1000-0219,0xb73a155e387727572f6e57776e966841bad215406dcf8a7c2d3a21270e87ec42,0xb73a155e387727572f6e57776e966841bad215406dcf8a7c2d3a21270e87ec42,True,True,True,True,True,True,,2026-05-21,0x57bdda51774313bdb9c63336ebb6a51de4fddf593c7e828f3096e74b732f5b2f
research_20260521_1000-0220,0xe7084e38b450c58ae7eb7b9c1fed5e4cee3b7a993f25fbae30523b0a49dcd7cf,0xe7084e38b450c58ae7eb7b9c1fed5e4cee3b7a993f25fbae30523b0a49dcd7cf,True,True,True,True,True,True,,2026-05-21,0x57bdda51774313bdb9c63336ebb6a51de4fddf593c7e828f3096e74b732f5b2f
research_20260521_1000-0221,0x7e40dbd80b096c47a7a81d5a806487607ea03c164dd7124a882aaf1690458bb0,0x7e40dbd80b096c47a7a81d5a806487607ea03c164dd7124a882aaf1690458bb0,True,True,True,True,True,True,,2026-05-21,0x57bdda51774313bdb9c63336ebb6a51de4fddf593c7e828f3096e74b732f5b2f
research_20260521_1000-0222,0x4d0b24e9c4c9364b81208d73913134667395e64fde6514c959b9f2a4071a023f,0x4d0b24e9c4c9364b81208d73913134667395e64fde6514c959b9f2a4071a023f,True,True,True,True,True,True,,2026-05-21,0x57bdda51774313bdb9c63336ebb6a51de4fddf593c7e828f3096e74b732f5b2f
research_20260521_1000-0223,0x9e84ebad438a548be400165882b798b87b42eaae8a810458743c0a00d901d1cf,0x9e84ebad438a548be400165882b798b87b42eaae8a810458743c0a00d901d1cf,True,True,True,True,True,True,,2026-05-21,0x57bdda51774313bdb9c63336ebb6a51de4fddf593c7e828f3096e74b732f5b2f
research_20260521_1000-0224,0x159e7aae368e404ce34478bcb6f2341e85e9d9bd8af706bba22f2482c0efbb3f,0x159e7aae368e404ce34478bcb6f2341e85e9d9bd8af706bba22f2482c0efbb3f,True,True,True,True,True,True,,2026-05-21,0x57bdda51774313bdb9c63336ebb6a51de4fddf593c7e828f3096e74b732f5b2f
research_20260521_1000-0225,0x224b98fa39383f30adb3e7596ca6ffcda2248a76e6889024cd09526e7686dd82,0x224b98fa39383f30adb3e7596ca6ffcda2248a76e6889024cd09526e7686dd82,True,True,True,True,True,True,,2026-05-21,0x57bdda51774313bdb9c63336ebb6a51de4fddf593c7e828f3096e74b732f5b2f
research_20260521_1000-0226,0x32d0e92826261d217d04629fd44b6d9218d3fdf057785e9651697725e1fdfcce,0x32d0e92826261d217d04629fd44b6d9218d3fdf057785e9651697725e1fdfcce,True,True,True,True,True,True,,2026-05-21,0x57bdda51774313bdb9c63336ebb6a51de4fddf593c7e828f3096e74b732f5b2f
research_20260521_1000-0227,0x1d3bcc3ad65c1b155e958cc4475d918fc7287778430a9b760810c35c727f3e8e,0x1d3bcc3ad65c1b155e958cc4475d918fc7287778430a9b760810c35c727f3e8e,True,True,True,True,True,True,,2026-05-21,0x57bdda51774313bdb9c63336ebb6a51de4fddf593c7e828f3096e74b732f5b2f
research_20260521_1000-0228,0x66c2b6af545d3e89b45c4b5ee21765742284f2bae9d5ed687dd697d629449449,0x66c2b6af545d3e89b45c4b5ee21765742284f2bae9d5ed687dd697d629449449,True,True,True,True,True,True,,2026-05-21,0x57bdda51774313bdb9c63336ebb6a51de4fddf593c7e828f3096e74b732f5b2f
research_20260521_1000-0229,0x5986daabaec77d5055ce3c0864bc8fbcf0e7dd829c49876d4339531bf94af249,0x5986daabaec77d5055ce3c0864bc8fbcf0e7dd829c49876d4339531bf94af249,True,True,True,True,True,True,,2026-05-21,0x57bdda51774313bdb9c63336ebb6a51de4fddf593c7e828f3096e74b732f5b2f
research_20260521_1000-0230,0x4a1ece2a6f7f3a60f838e374b7e7902d93ec346db78cb58c979e221119fca317,0x4a1ece2a6f7f3a60f838e374b7e7902d93ec346db78cb58c979e221119fca317,True,True,True,True,True,True,,2026-05-21,0x57bdda51774313bdb9c63336ebb6a51de4fddf593c7e828f3096e74b732f5b2f
research_20260521_1000-0231,0x86582e9d545bce46bd61565833e523f970c53aede152f2d3abcffb2ee279a99b,0x86582e9d545bce46bd61565833e523f970c53aede152f2d3abcffb2ee279a99b,True,True,True,True,True,True,,2026-05-21,0x57bdda51774313bdb9c63336ebb6a51de4fddf593c7e828f3096e74b732f5b2f
research_20260521_1000-0232,0xcee38aedd02a3b4317268492c8f623b3e2073d844ca1e084553b4f7366a71729,0xcee38aedd02a3b4317268492c8f623b3e2073d844ca1e084553b4f7366a71729,True,True,True,True,True,True,,2026-05-21,0x57bdda51774313bdb9c63336ebb6a51de4fddf593c7e828f3096e74b732f5b2f
research_20260521_1000-0233,0x8185ec670b58d7330a924f5586300673bb898794e97a2ae38840ff66d7bbe57a,0x8185ec670b58d7330a924f5586300673bb898794e97a2ae38840ff66d7bbe57a,True,True,True,True,True,True,,2026-05-21,0x57bdda51774313bdb9c63336ebb6a51de4fddf593c7e828f3096e74b732f5b2f
research_20260521_1000-0234,0xff48076987f5967e3b5c6a8fbb8fd4330b48b6a1a7ab0692974cf31c193338f2,0xff48076987f5967e3b5c6a8fbb8fd4330b48b6a1a7ab0692974cf31c193338f2,True,True,True,True,True,True,,2026-05-21,0x57bdda51774313bdb9c63336ebb6a51de4fddf593c7e828f3096e74b732f5b2f
research_20260521_1000-0235,0x6383f1b46846d40fcc4cf21d34bfedff2e9217541a0f5520eca20130a7591032,0x6383f1b46846d40fcc4cf21d34bfedff2e9217541a0f5520eca20130a7591032,True,True,True,True,True,True,,2026-05-21,0x57bdda51774313bdb9c63336ebb6a51de4fddf593c7e828f3096e74b732f5b2f
research_20260521_1000-0236,0x03a775d5b7c74a24e59465e0d318507632d596aa14b47ce73c2668f8a564d6d8,0x03a775d5b7c74a24e59465e0d318507632d596aa14b47ce73c2668f8a564d6d8,True,True,True,True,True,True,,2026-05-21,0x57bdda51774313bdb9c63336ebb6a51de4fddf593c7e828f3096e74b732f5b2f
research_20260521_1000-0237,0x053a0c1be8539d12af1e268a9eb9c078d64bd733fdbfb7ac843b032981988b94,0x053a0c1be8539d12af1e268a9eb9c078d64bd733fdbfb7ac843b032981988b94,True,True,True,True,True,True,,2026-05-21,0x57bdda51774313bdb9c63336ebb6a51de4fddf593c7e828f3096e74b732f5b2f
research_20260521_1000-0238,0xa2ecb64229e5c87684a13b1b05d09b7fcf9ba9d08663dff8cc642b46b92b848c,0xa2ecb64229e5c87684a13b1b05d09b7fcf9ba9d08663dff8cc642b46b92b848c,True,True,True,True,True,True,,2026-05-21,0x57bdda51774313bdb9c63336ebb6a51de4fddf593c7e828f3096e74b732f5b2f
research_20260521_1000-0239,0xfd2e1b0c802028c682530df59ff7e2502191ebe527705d5f69d9b0b48ef32cc7,0xfd2e1b0c802028c682530df59ff7e2502191ebe527705d5f69d9b0b48ef32cc7,True,True,True,True,True,True,,2026-05-21,0x57bdda51774313bdb9c63336ebb6a51de4fddf593c7e828f3096e74b732f5b2f
research_20260521_1000-0240,0x722d9cdcd198b733dd905ac800616e51fe6d21a3f9f262377c78cac423f550c7,0x722d9cdcd198b733dd905ac800616e51fe6d21a3f9f262377c78cac423f550c7,True,True,True,True,True,True,,2026-05-21,0x57bdda51774313bdb9c63336ebb6a51de4fddf593c7e828f3096e74b732f5b2f
research_20260521_1000-0241,0xdb2e0fdc65bc22157f67c07b3fd3f31923f0c0658dad4a5a8588010e273b5249,0xdb2e0fdc65bc22157f67c07b3fd3f31923f0c0658dad4a5a8588010e273b5249,True,True,True,True,True,True,,2026-05-21,0x57bdda51774313bdb9c63336ebb6a51de4fddf593c7e828f3096e74b732f5b2f
research_20260521_1000-0242,0xb40b13d88151728488cff6d205b593735725a2eab9fba7f095875a848e6db01e,0xb40b13d88151728488cff6d205b593735725a2eab9fba7f095875a848e6db01e,True,True,True,True,True,True,,2026-05-21,0x57bdda51774313bdb9c63336ebb6a51de4fddf593c7e828f3096e74b732f5b2f
research_20260521_1000-0243,0x1f2dfd945b4560c4d7688a95dc92ff639df9901ed1eb7321c257bf4562a9e504,0x1f2dfd945b4560c4d7688a95dc92ff639df9901ed1eb7321c257bf4562a9e504,True,True,True,True,True,True,,2026-05-21,0x57bdda51774313bdb9c63336ebb6a51de4fddf593c7e828f3096e74b732f5b2f
research_20260521_1000-0244,0xe59f9502f320b828ad37ca28eb73e748316f518126ebfb41bffc222384f87d0c,0xe59f9502f320b828ad37ca28eb73e748316f518126ebfb41bffc222384f87d0c,True,True,True,True,True,True,,2026-05-21,0x57bdda51774313bdb9c63336ebb6a51de4fddf593c7e828f3096e74b732f5b2f
research_20260521_1000-0245,0xb155089e8b1b6aa79887378a2bfd537ca2f10758118bc80e88b4455e96b4e411,0xb155089e8b1b6aa79887378a2bfd537ca2f10758118bc80e88b4455e96b4e411,True,True,True,True,True,True,,2026-05-21,0x57bdda51774313bdb9c63336ebb6a51de4fddf593c7e828f3096e74b732f5b2f
research_20260521_1000-0246,0x211b520fbc2160a26518869ff725850978aeeaf66d0b45099d2b866bb60c7654,0x211b520fbc2160a26518869ff725850978aeeaf66d0b45099d2b866bb60c7654,True,True,True,True,True,True,,2026-05-21,0x57bdda51774313bdb9c63336ebb6a51de4fddf593c7e828f3096e74b732f5b2f
research_20260521_1000-0247,0xb3f91bb9779bcbe6ce6a505cdaeff7042313d1239de0650b24e174ff64951c40,0xb3f91bb9779bcbe6ce6a505cdaeff7042313d1239de0650b24e174ff64951c40,True,True,True,True,True,True,,2026-05-21,0x57bdda51774313bdb9c63336ebb6a51de4fddf593c7e828f3096e74b732f5b2f
research_20260521_1000-0248,0x7c87667b4942b1261ba7160762a9d4b57803e3757d7994e10e8d22df3b7db827,0x7c87667b4942b1261ba7160762a9d4b57803e3757d7994e10e8d22df3b7db827,True,True,True,True,True,True,,2026-05-21,0x57bdda51774313bdb9c63336ebb6a51de4fddf593c7e828f3096e74b732f5b2f
research_20260521_1000-0249,0x4a4e87e1612806769fbf2d63ec487c2d18a322f409631dc705b31b52a73a1e69,0x4a4e87e1612806769fbf2d63ec487c2d18a322f409631dc705b31b52a73a1e69,True,True,True,True,True,True,,2026-05-21,0x57bdda51774313bdb9c63336ebb6a51de4fddf593c7e828f3096e74b732f5b2f
research_20260521_1000-0250,0x88f1d2701ac31d56322bb606dbcc6f9e4415f5ad9f9a576b1c3e00f149766e3d,0x88f1d2701ac31d56322bb606dbcc6f9e4415f5ad9f9a576b1c3e00f149766e3d,True,True,True,True,True,True,,2026-05-21,0x57bdda51774313bdb9c63336ebb6a51de4fddf593c7e828f3096e74b732f5b2f
research_20260521_1000-0251,0x979ddd150583afd7682647c55d9083e6ebc98755bc3295802fa88aa051f8d575,0x979ddd150583afd7682647c55d9083e6ebc98755bc3295802fa88aa051f8d575,True,True,True,True,True,True,,2026-05-21,0x57bdda51774313bdb9c63336ebb6a51de4fddf593c7e828f3096e74b732f5b2f
research_20260521_1000-0252,0x0828bc3294bad32c3e808950f5a00a9af8fae4f80b2d892df05de46725c3bb4c,0x0828bc3294bad32c3e808950f5a00a9af8fae4f80b2d892df05de46725c3bb4c,True,True,True,True,True,True,,2026-05-21,0x57bdda51774313bdb9c63336ebb6a51de4fddf593c7e828f3096e74b732f5b2f
research_20260521_1000-0253,0x766d5db964c22c35c0152686c6eda745735a15ecfb558243f18a1ecfb1061030,0x766d5db964c22c35c0152686c6eda745735a15ecfb558243f18a1ecfb1061030,True,True,True,True,True,True,,2026-05-21,0x57bdda51774313bdb9c63336ebb6a51de4fddf593c7e828f3096e74b732f5b2f
research_20260521_1000-0254,0xdee28aae1b04fa90589d4d548d179eaa840d1f46695608b01d9d970024e115a4,0xdee28aae1b04fa90589d4d548d179eaa840d1f46695608b01d9d970024e115a4,True,True,True,True,True,True,,2026-05-21,0x57bdda51774313bdb9c63336ebb6a51de4fddf593c7e828f3096e74b732f5b2f
research_20260521_1000-0255,0x91b83ab9ea6cbf3b653caae17e4be0f6283642340328bb2a48f56765b418628c,0x91b83ab9ea6cbf3b653caae17e4be0f6283642340328bb2a48f56765b418628c,True,True,True,True,True,True,,2026-05-21,0x57bdda51774313bdb9c63336ebb6a51de4fddf593c7e828f3096e74b732f5b2f
research_20260521_1000-0256,0x49fc37d906c0244b70a7a0ece9c58a0f97e46bb450bfa49bc8f41294c5bc6db1,0x49fc37d906c0244b70a7a0ece9c58a0f97e46bb450bfa49bc8f41294c5bc6db1,True,True,True,True,True,True,,2026-05-21,0x57bdda51774313bdb9c63336ebb6a51de4fddf593c7e828f3096e74b732f5b2f
research_20260521_1000-0257,0x485f0cdf134c9d5069821f428b8578aac1f3e8cce1a13c783553ca5840429b94,0x485f0cdf134c9d5069821f428b8578aac1f3e8cce1a13c783553ca5840429b94,True,True,True,True,True,True,,2026-05-21,0x57bdda51774313bdb9c63336ebb6a51de4fddf593c7e828f3096e74b732f5b2f
research_20260521_1000-0258,0xcb1fbd92397a92ed2883f2918bb001158f6d4c610b4d8531236cb1aca99a1f4c,0xcb1fbd92397a92ed2883f2918bb001158f6d4c610b4d8531236cb1aca99a1f4c,True,True,True,True,True,True,,2026-05-21,0x57bdda51774313bdb9c63336ebb6a51de4fddf593c7e828f3096e74b732f5b2f
research_20260521_1000-0259,0xc5bc5f44ee692d57778448cc38890d21143397ba1483271d6b71f62e791a2605,0xc5bc5f44ee692d57778448cc38890d21143397ba1483271d6b71f62e791a2605,True,True,True,True,True,True,,2026-05-21,0x57bdda51774313bdb9c63336ebb6a51de4fddf593c7e828f3096e74b732f5b2f
research_20260521_1000-0260,0x1bab88a764d6e0ead2d84506cf401d98b19abcf16cee3c40076007d8ae7025eb,0x1bab88a764d6e0ead2d84506cf401d98b19abcf16cee3c40076007d8ae7025eb,True,True,True,True,True,True,,2026-05-21,0x57bdda51774313bdb9c63336ebb6a51de4fddf593c7e828f3096e74b732f5b2f
research_20260521_1000-0261,0x941ae85c16ab0ab56704d4fe1eab21caafa8304c566403820727175bbb9003f6,0x941ae85c16ab0ab56704d4fe1eab21caafa8304c566403820727175bbb9003f6,True,True,True,True,True,True,,2026-05-21,0x57bdda51774313bdb9c63336ebb6a51de4fddf593c7e828f3096e74b732f5b2f
research_20260521_1000-0262,0x4a2693a17c5064d344dba32bad4707c2c0e4572d34991c18b5333353a16e6e37,0x4a2693a17c5064d344dba32bad4707c2c0e4572d34991c18b5333353a16e6e37,True,True,True,True,True,True,,2026-05-21,0x57bdda51774313bdb9c63336ebb6a51de4fddf593c7e828f3096e74b732f5b2f
research_20260521_1000-0263,0x9e7c0dac40eb0e4c8843bf8433fed7e2709a483ebba30734607afa431ee77e41,0x9e7c0dac40eb0e4c8843bf8433fed7e2709a483ebba30734607afa431ee77e41,True,True,True,True,True,True,,2026-05-21,0x57bdda51774313bdb9c63336ebb6a51de4fddf593c7e828f3096e74b732f5b2f
research_20260521_1000-0264,0xd85c0984140753efca9ef5cdfa081be9bdf9c77f4f275e48b604666b01b6c599,0xd85c0984140753efca9ef5cdfa081be9bdf9c77f4f275e48b604666b01b6c599,True,True,True,True,True,True,,2026-05-21,0x57bdda51774313bdb9c63336ebb6a51de4fddf593c7e828f3096e74b732f5b2f
research_20260521_1000-0265,0xac71a7f3b84b0a535e6267bc39810f9d2b8bd8715782b86421f4ecaf406ce985,0xac71a7f3b84b0a535e6267bc39810f9d2b8bd8715782b86421f4ecaf406ce985,True,True,True,True,True,True,,2026-05-21,0x57bdda51774313bdb9c63336ebb6a51de4fddf593c7e828f3096e74b732f5b2f
research_20260521_1000-0266,0x0898da7b7fd3c75305b6ad2ab4c4be751b34315c7891a2c03b5b3ef0d58e879a,0x0898da7b7fd3c75305b6ad2ab4c4be751b34315c7891a2c03b5b3ef0d58e879a,True,True,True,True,True,True,,2026-05-21,0x57bdda51774313bdb9c63336ebb6a51de4fddf593c7e828f3096e74b732f5b2f
research_20260521_1000-0267,0x663ea5680150fa21078db935c15451ffa15c9206ac1b22588f3c5efded303cc6,0x663ea5680150fa21078db935c15451ffa15c9206ac1b22588f3c5efded303cc6,True,True,True,True,True,True,,2026-05-21,0x57bdda51774313bdb9c63336ebb6a51de4fddf593c7e828f3096e74b732f5b2f
research_20260521_1000-0268,0x314bb678f9ca35fb8604a28c38b4d9450c64b2819539668e3aeb24bc615fefe2,0x314bb678f9ca35fb8604a28c38b4d9450c64b2819539668e3aeb24bc615fefe2,True,True,True,True,True,True,,2026-05-21,0x57bdda51774313bdb9c63336ebb6a51de4fddf593c7e828f3096e74b732f5b2f
research_20260521_1000-0269,0x28187e28d2bd151d4e8615bfc4b16a58e46b0160a806efe3c748d464359776f8,0x28187e28d2bd151d4e8615bfc4b16a58e46b0160a806efe3c748d464359776f8,True,True,True,True,True,True,,2026-05-21,0x57bdda51774313bdb9c63336ebb6a51de4fddf593c7e828f3096e74b732f5b2f
research_20260521_1000-0270,0x3d85c2de017f0ca7ea5ac2421679509724a5718a6b0cd13ae84ef80cf40ad54a,0x3d85c2de017f0ca7ea5ac2421679509724a5718a6b0cd13ae84ef80cf40ad54a,True,True,True,True,True,True,,2026-05-21,0x57bdda51774313bdb9c63336ebb6a51de4fddf593c7e828f3096e74b732f5b2f
research_20260521_1000-0271,0x66fa805319b65a0a4991c3ef50b45bb97e7ac05702381afca089d4a4e7e0b5d9,0x66fa805319b65a0a4991c3ef50b45bb97e7ac05702381afca089d4a4e7e0b5d9,True,True,True,True,True,True,,2026-05-21,0x57bdda51774313bdb9c63336ebb6a51de4fddf593c7e828f3096e74b732f5b2f
research_20260521_1000-0272,0x57422bb09f4e799d00b0a2ed9bd9a1707740261d2ac53175ed723cbb74525997,0x57422bb09f4e799d00b0a2ed9bd9a1707740261d2ac53175ed723cbb74525997,True,True,True,True,True,True,,2026-05-21,0x57bdda51774313bdb9c63336ebb6a51de4fddf593c7e828f3096e74b732f5b2f
research_20260521_1000-0273,0xef04e41b396c054972cdc0790a24970453dd1a3543ae75ec70f852de95d52ba2,0xef04e41b396c054972cdc0790a24970453dd1a3543ae75ec70f852de95d52ba2,True,True,True,True,True,True,,2026-05-21,0x57bdda51774313bdb9c63336ebb6a51de4fddf593c7e828f3096e74b732f5b2f
research_20260521_1000-0274,0x615b7527859d83c8d4d18e37be0867bf00c4c0955f22c54b9d0b275cdfb47381,0x615b7527859d83c8d4d18e37be0867bf00c4c0955f22c54b9d0b275cdfb47381,True,True,True,True,True,True,,2026-05-21,0x57bdda51774313bdb9c63336ebb6a51de4fddf593c7e828f3096e74b732f5b2f
research_20260521_1000-0275,0x9bf13a9b30bece004e140c72a046e143ae4ae2b48524b794eb306f8c76766827,0x9bf13a9b30bece004e140c72a046e143ae4ae2b48524b794eb306f8c76766827,True,True,True,True,True,True,,2026-05-21,0x57bdda51774313bdb9c63336ebb6a51de4fddf593c7e828f3096e74b732f5b2f
research_20260521_1000-0276,0x6bb70395dc7abede57b00df33e3f36210df1e35a15f810cc3705893745e04145,0x6bb70395dc7abede57b00df33e3f36210df1e35a15f810cc3705893745e04145,True,True,True,True,True,True,,2026-05-21,0x57bdda51774313bdb9c63336ebb6a51de4fddf593c7e828f3096e74b732f5b2f
research_20260521_1000-0277,0xbf1c4d91e58aed04c7a6e9dc72e697d97cc0bcab8c93c2c6e3b619b82ef19b1f,0xbf1c4d91e58aed04c7a6e9dc72e697d97cc0bcab8c93c2c6e3b619b82ef19b1f,True,True,True,True,True,True,,2026-05-21,0x57bdda51774313bdb9c63336ebb6a51de4fddf593c7e828f3096e74b732f5b2f
research_20260521_1000-0278,0x5179c751a69c9d9a9fd7c1f5589287d685ec06ba505248c33976efe784c69968,0x5179c751a69c9d9a9fd7c1f5589287d685ec06ba505248c33976efe784c69968,True,True,True,True,True,True,,2026-05-21,0x57bdda51774313bdb9c63336ebb6a51de4fddf593c7e828f3096e74b732f5b2f
research_20260521_1000-0279,0xebe334a246365ef81ee6f3d2161e027b65ea8f8c9515496f3fd9c34223578384,0xebe334a246365ef81ee6f3d2161e027b65ea8f8c9515496f3fd9c34223578384,True,True,True,True,True,True,,2026-05-21,0x57bdda51774313bdb9c63336ebb6a51de4fddf593c7e828f3096e74b732f5b2f
research_20260521_1000-0280,0x669e25d92d950598a0cc1a2e74a23835532c2e5b5339e1daf66c37236cb72c71,0x669e25d92d950598a0cc1a2e74a23835532c2e5b5339e1daf66c37236cb72c71,True,True,True,True,True,True,,2026-05-21,0x57bdda51774313bdb9c63336ebb6a51de4fddf593c7e828f3096e74b732f5b2f
research_20260521_1000-0281,0xb681d126119fb1086adc3b40443f9039085bd643cb098fa29de58ca30c4ea7c3,0xb681d126119fb1086adc3b40443f9039085bd643cb098fa29de58ca30c4ea7c3,True,True,True,True,True,True,,2026-05-21,0x57bdda51774313bdb9c63336ebb6a51de4fddf593c7e828f3096e74b732f5b2f
research_20260521_1000-0282,0x5d5ab3a1a182fa367bc68a66a1d42d4ef143a3f894128a15bccc7b3b0ec2b53c,0x5d5ab3a1a182fa367bc68a66a1d42d4ef143a3f894128a15bccc7b3b0ec2b53c,True,True,True,True,True,True,,2026-05-21,0x57bdda51774313bdb9c63336ebb6a51de4fddf593c7e828f3096e74b732f5b2f
research_20260521_1000-0283,0xd2ffff6a323ca7dd8e46a5ad353d897e5dcec11360676dae2a79857ac10f5c9b,0xd2ffff6a323ca7dd8e46a5ad353d897e5dcec11360676dae2a79857ac10f5c9b,True,True,True,True,True,True,,2026-05-21,0x57bdda51774313bdb9c63336ebb6a51de4fddf593c7e828f3096e74b732f5b2f
research_20260521_1000-0284,0xa555178e51929305fadf4ffa91ba6dd074820a8e3a924843c9493c5283539e92,0xa555178e51929305fadf4ffa91ba6dd074820a8e3a924843c9493c5283539e92,True,True,True,True,True,True,,2026-05-21,0x57bdda51774313bdb9c63336ebb6a51de4fddf593c7e828f3096e74b732f5b2f
research_20260521_1000-0285,0xd0235516861cc7975ce56efd4c7e169ed5e243882a94af57dbcda9799590e6d5,0xd0235516861cc7975ce56efd4c7e169ed5e243882a94af57dbcda9799590e6d5,True,True,True,True,True,True,,2026-05-21,0x57bdda51774313bdb9c63336ebb6a51de4fddf593c7e828f3096e74b732f5b2f
research_20260521_1000-0286,0x234a415132cd7d4672011940947da75c2fc656cecbea9dbfdac6e1b0c86619aa,0x234a415132cd7d4672011940947da75c2fc656cecbea9dbfdac6e1b0c86619aa,True,True,True,True,True,True,,2026-05-21,0x57bdda51774313bdb9c63336ebb6a51de4fddf593c7e828f3096e74b732f5b2f
research_20260521_1000-0287,0xfe47097e212845b4b73bb5a70b41627fa7e04aa7b7bd15293029a66e803abbe7,0xfe47097e212845b4b73bb5a70b41627fa7e04aa7b7bd15293029a66e803abbe7,True,True,True,True,True,True,,2026-05-21,0x57bdda51774313bdb9c63336ebb6a51de4fddf593c7e828f3096e74b732f5b2f
research_20260521_1000-0288,0xf463e39d03a30740c8a1570625e5e1842a69f77fa48db73961d287efb3b8e138,0xf463e39d03a30740c8a1570625e5e1842a69f77fa48db73961d287efb3b8e138,True,True,True,True,True,True,,2026-05-21,0x57bdda51774313bdb9c63336ebb6a51de4fddf593c7e828f3096e74b732f5b2f
research_20260521_1000-0289,0x7a92c5a13903aa2b918ae2f51fc454f4a03b7fe370581f77d95d1c32c411f6e2,0x7a92c5a13903aa2b918ae2f51fc454f4a03b7fe370581f77d95d1c32c411f6e2,True,True,True,True,True,True,,2026-05-21,0x57bdda51774313bdb9c63336ebb6a51de4fddf593c7e828f3096e74b732f5b2f
research_20260521_1000-0290,0x19086b1351d20c896c78b06d03af64b003868ccb9b5817ef204b6f1b783a1f3e,0x19086b1351d20c896c78b06d03af64b003868ccb9b5817ef204b6f1b783a1f3e,True,True,True,True,True,True,,2026-05-21,0x57bdda51774313bdb9c63336ebb6a51de4fddf593c7e828f3096e74b732f5b2f
research_20260521_1000-0291,0x11dbd1fcb049bed40f231ad1edfbe3ac018332b784b35677274ca015358e44f8,0x11dbd1fcb049bed40f231ad1edfbe3ac018332b784b35677274ca015358e44f8,True,True,True,True,True,True,,2026-05-21,0x57bdda51774313bdb9c63336ebb6a51de4fddf593c7e828f3096e74b732f5b2f
research_20260521_1000-0292,0x13addca7bac948c222a16ebc12afa2d0412e5c3cfdf59df6101de882efea4b0d,0x13addca7bac948c222a16ebc12afa2d0412e5c3cfdf59df6101de882efea4b0d,True,True,True,True,True,True,,2026-05-21,0x57bdda51774313bdb9c63336ebb6a51de4fddf593c7e828f3096e74b732f5b2f
research_20260521_1000-0293,0xc8a1cfb91f2d6920a4a76a59a20b45ae9c13ab273226c6d97bd2b7a6199894f1,0xc8a1cfb91f2d6920a4a76a59a20b45ae9c13ab273226c6d97bd2b7a6199894f1,True,True,True,True,True,True,,2026-05-21,0x57bdda51774313bdb9c63336ebb6a51de4fddf593c7e828f3096e74b732f5b2f
research_20260521_1000-0294,0x950120c33b4b2290e4e05f04bfc0729a395a3dd8c426aac50a8db7c3c1e9f457,0x950120c33b4b2290e4e05f04bfc0729a395a3dd8c426aac50a8db7c3c1e9f457,True,True,True,True,True,True,,2026-05-21,0x57bdda51774313bdb9c63336ebb6a51de4fddf593c7e828f3096e74b732f5b2f
research_20260521_1000-0295,0x054c29860361e333c237ec3a68a97cde3d228e076c50c7e0491e0de0da2c2add,0x054c29860361e333c237ec3a68a97cde3d228e076c50c7e0491e0de0da2c2add,True,True,True,True,True,True,,2026-05-21,0x57bdda51774313bdb9c63336ebb6a51de4fddf593c7e828f3096e74b732f5b2f
research_20260521_1000-0296,0x13a0acc648cb6af02c026cc59b6b4c64c7fd5a1e952ba34aa7049746f7de2612,0x13a0acc648cb6af02c026cc59b6b4c64c7fd5a1e952ba34aa7049746f7de2612,True,True,True,True,True,True,,2026-05-21,0x57bdda51774313bdb9c63336ebb6a51de4fddf593c7e828f3096e74b732f5b2f
research_20260521_1000-0297,0xb9747a1694830338eaebf5a430ce034fef690434bab7be0814fa8f6b71355bb5,0xb9747a1694830338eaebf5a430ce034fef690434bab7be0814fa8f6b71355bb5,True,True,True,True,True,True,,2026-05-21,0x57bdda51774313bdb9c63336ebb6a51de4fddf593c7e828f3096e74b732f5b2f
research_20260521_1000-0298,0x414814e3a563b5b17e1f2169d87fbb37291dde4f44061649898145fd07c6514f,0x414814e3a563b5b17e1f2169d87fbb37291dde4f44061649898145fd07c6514f,True,True,True,True,True,True,,2026-05-21,0x57bdda51774313bdb9c63336ebb6a51de4fddf593c7e828f3096e74b732f5b2f
research_20260521_1000-0299,0x2954a82168beb060e2032e29f1e9778ed7d902768206f1f80aa5eea607067870,0x2954a82168beb060e2032e29f1e9778ed7d902768206f1f80aa5eea607067870,True,True,True,True,True,True,,2026-05-21,0x57bdda51774313bdb9c63336ebb6a51de4fddf593c7e828f3096e74b732f5b2f
research_20260521_1000-0300,0x9ed60f05be523c1d08592e06454515d9af520c1b752f706060f2d93e3bf317f2,0x9ed60f05be523c1d08592e06454515d9af520c1b752f706060f2d93e3bf317f2,True,True,True,True,True,True,,2026-05-21,0x57bdda51774313bdb9c63336ebb6a51de4fddf593c7e828f3096e74b732f5b2f
research_20260521_1000-0301,0xf21bcc1e02048ce04015dd745b9548e78bbaf599c7980a5f2f7d7c1739c893b9,0xf21bcc1e02048ce04015dd745b9548e78bbaf599c7980a5f2f7d7c1739c893b9,True,True,True,True,True,True,,2026-05-21,0x57bdda51774313bdb9c63336ebb6a51de4fddf593c7e828f3096e74b732f5b2f
research_20260521_1000-0302,0x6d820767de5a3c3dd5c270299e8b1a19832aacb18f98b810edbc3d5efdbc76e3,0x6d820767de5a3c3dd5c270299e8b1a19832aacb18f98b810edbc3d5efdbc76e3,True,True,True,True,True,True,,2026-05-21,0x57bdda51774313bdb9c63336ebb6a51de4fddf593c7e828f3096e74b732f5b2f
research_20260521_1000-0303,0x77a008a148ad9474663b944dfc21114ce853ec389f73869021cfd062f31eca83,0x77a008a148ad9474663b944dfc21114ce853ec389f73869021cfd062f31eca83,True,True,True,True,True,True,,2026-05-21,0x57bdda51774313bdb9c63336ebb6a51de4fddf593c7e828f3096e74b732f5b2f
research_20260521_1000-0304,0x3dbe885ad31de229ef2475548e17d2c0e61bf5461bb20f3a59706843d39fc770,0x3dbe885ad31de229ef2475548e17d2c0e61bf5461bb20f3a59706843d39fc770,True,True,True,True,True,True,,2026-05-21,0x57bdda51774313bdb9c63336ebb6a51de4fddf593c7e828f3096e74b732f5b2f
research_20260521_1000-0305,0x22d8b338f81f8be9eb5b56b9e52a3231b0cd00b9b97e6d741be84d7ddee811e7,0x22d8b338f81f8be9eb5b56b9e52a3231b0cd00b9b97e6d741be84d7ddee811e7,True,True,True,True,True,True,,2026-05-21,0x57bdda51774313bdb9c63336ebb6a51de4fddf593c7e828f3096e74b732f5b2f
research_20260521_1000-0306,0x4f5884ba8cf89b9e8fe7d4315222adbd62ee3dc60e8f72749f118f9fccba5fad,0x4f5884ba8cf89b9e8fe7d4315222adbd62ee3dc60e8f72749f118f9fccba5fad,True,True,True,True,True,True,,2026-05-21,0x57bdda51774313bdb9c63336ebb6a51de4fddf593c7e828f3096e74b732f5b2f
research_20260521_1000-0307,0xa9a536bf41c79a72f5298a7705555ce95d5fef434d33a79a0697a346662048d4,0xa9a536bf41c79a72f5298a7705555ce95d5fef434d33a79a0697a346662048d4,True,True,True,True,True,True,,2026-05-21,0x57bdda51774313bdb9c63336ebb6a51de4fddf593c7e828f3096e74b732f5b2f
research_20260521_1000-0308,0x045ed54efd8c5b5b3ae31a9594f6fcb37ea7131815ec410c4ef8b3c72973d5e4,0x045ed54efd8c5b5b3ae31a9594f6fcb37ea7131815ec410c4ef8b3c72973d5e4,True,True,True,True,True,True,,2026-05-21,0x57bdda51774313bdb9c63336ebb6a51de4fddf593c7e828f3096e74b732f5b2f
research_20260521_1000-0309,0x1f506c0fe680369c43201ad40924f4d4592961571bf87007106138a05fcff7cb,0x1f506c0fe680369c43201ad40924f4d4592961571bf87007106138a05fcff7cb,True,True,True,True,True,True,,2026-05-21,0x57bdda51774313bdb9c63336ebb6a51de4fddf593c7e828f3096e74b732f5b2f
research_20260521_1000-0310,0xc85468874d83a457d4d4c6864ce332cc41fb22a50521a1ebb070debd879c3877,0xc85468874d83a457d4d4c6864ce332cc41fb22a50521a1ebb070debd879c3877,True,True,True,True,True,True,,2026-05-21,0x57bdda51774313bdb9c63336ebb6a51de4fddf593c7e828f3096e74b732f5b2f
research_20260521_1000-0311,0x22ff6e0f075947750203b4a33cebe9cdf79e1356ef1e8c12a35f9b9ec90eb65d,0x22ff6e0f075947750203b4a33cebe9cdf79e1356ef1e8c12a35f9b9ec90eb65d,True,True,True,True,True,True,,2026-05-21,0x57bdda51774313bdb9c63336ebb6a51de4fddf593c7e828f3096e74b732f5b2f
research_20260521_1000-0312,0xa9a8086e003a485059c51aef467f49db4527d2ac3a0e285fe2ec84e58eb324b1,0xa9a8086e003a485059c51aef467f49db4527d2ac3a0e285fe2ec84e58eb324b1,True,True,True,True,True,True,,2026-05-21,0x57bdda51774313bdb9c63336ebb6a51de4fddf593c7e828f3096e74b732f5b2f
research_20260521_1000-0313,0xa967eefaec75d87896e94ce9b2729eae1dbbb17c8be7bf6c27aee94c444272bc,0xa967eefaec75d87896e94ce9b2729eae1dbbb17c8be7bf6c27aee94c444272bc,True,True,True,True,True,True,,2026-05-21,0x57bdda51774313bdb9c63336ebb6a51de4fddf593c7e828f3096e74b732f5b2f
research_20260521_1000-0314,0x0395ebce2737c0cf278a18e2b869b8524fd31492025256c294705c5a9f3eb11f,0x0395ebce2737c0cf278a18e2b869b8524fd31492025256c294705c5a9f3eb11f,True,True,True,True,True,True,,2026-05-21,0x57bdda51774313bdb9c63336ebb6a51de4fddf593c7e828f3096e74b732f5b2f
research_20260521_1000-0315,0xb22cc2b5221241bee9f218b9f9b1a63b1722d69c5a61849aa5b376ec259752b5,0xb22cc2b5221241bee9f218b9f9b1a63b1722d69c5a61849aa5b376ec259752b5,True,True,True,True,True,True,,2026-05-21,0x57bdda51774313bdb9c63336ebb6a51de4fddf593c7e828f3096e74b732f5b2f
research_20260521_1000-0316,0x54f4e48be1212881ed2fa43a5d61e1504623e408d56af3d9a850d0f4385ea738,0x54f4e48be1212881ed2fa43a5d61e1504623e408d56af3d9a850d0f4385ea738,True,True,True,True,True,True,,2026-05-21,0x57bdda51774313bdb9c63336ebb6a51de4fddf593c7e828f3096e74b732f5b2f
research_20260521_1000-0317,0x672d94243fc0c5cd1a302aba7aaaa8beb010d85bada6f4469d23f31f96e57e21,0x672d94243fc0c5cd1a302aba7aaaa8beb010d85bada6f4469d23f31f96e57e21,True,True,True,True,True,True,,2026-05-21,0x57bdda51774313bdb9c63336ebb6a51de4fddf593c7e828f3096e74b732f5b2f
research_20260521_1000-0318,0x04d13813fe6cc14c4f6aff39ca5712c3ea3d3fecd328b8fe52dabca75a56e357,0x04d13813fe6cc14c4f6aff39ca5712c3ea3d3fecd328b8fe52dabca75a56e357,True,True,True,True,True,True,,2026-05-21,0x57bdda51774313bdb9c63336ebb6a51de4fddf593c7e828f3096e74b732f5b2f
research_20260521_1000-0319,0x159f3b0201c2c13d4e4e9a0de011b6277024003651a6094b666ab18184a754b4,0x159f3b0201c2c13d4e4e9a0de011b6277024003651a6094b666ab18184a754b4,True,True,True,True,True,True,,2026-05-21,0x57bdda51774313bdb9c63336ebb6a51de4fddf593c7e828f3096e74b732f5b2f
research_20260521_1000-0320,0x9da5d56edab48de1bd37088238e5f5c79aa30ec6bfb3f90aa2b7a5a58692bcfd,0x9da5d56edab48de1bd37088238e5f5c79aa30ec6bfb3f90aa2b7a5a58692bcfd,True,True,True,True,True,True,,2026-05-21,0x57bdda51774313bdb9c63336ebb6a51de4fddf593c7e828f3096e74b732f5b2f
research_20260521_1000-0321,0x65ad690b8ceb0044183330ab3a2f58604a34daf46751f0ac4cc20efc4e50b6d5,0x65ad690b8ceb0044183330ab3a2f58604a34daf46751f0ac4cc20efc4e50b6d5,True,True,True,True,True,True,,2026-05-21,0x57bdda51774313bdb9c63336ebb6a51de4fddf593c7e828f3096e74b732f5b2f
research_20260521_1000-0322,0xb081fe722322c0bf6ad181320f78f18593a3a517d25361a087608c700748f84b,0xb081fe722322c0bf6ad181320f78f18593a3a517d25361a087608c700748f84b,True,True,True,True,True,True,,2026-05-21,0x57bdda51774313bdb9c63336ebb6a51de4fddf593c7e828f3096e74b732f5b2f
research_20260521_1000-0323,0xa0f3b66aba2fde5e4dc4a0262802bedb565668ae5bc6d7b75355d2811ebb63ca,0xa0f3b66aba2fde5e4dc4a0262802bedb565668ae5bc6d7b75355d2811ebb63ca,True,True,True,True,True,True,,2026-05-21,0x57bdda51774313bdb9c63336ebb6a51de4fddf593c7e828f3096e74b732f5b2f
research_20260521_1000-0324,0x63ec95a41b4542b2e9faffe6db7067a51e477b12d03a8da883aabab7fb59fb05,0x63ec95a41b4542b2e9faffe6db7067a51e477b12d03a8da883aabab7fb59fb05,True,True,True,True,True,True,,2026-05-21,0x57bdda51774313bdb9c63336ebb6a51de4fddf593c7e828f3096e74b732f5b2f
research_20260521_1000-0325,0x02ec5efdc144e2c0fee2936dab2a2630a1cf9ebef7302f1bb7545582c638472b,0x02ec5efdc144e2c0fee2936dab2a2630a1cf9ebef7302f1bb7545582c638472b,True,True,True,True,True,True,,2026-05-21,0x57bdda51774313bdb9c63336ebb6a51de4fddf593c7e828f3096e74b732f5b2f
research_20260521_1000-0326,0x1c737c65674f379a4a6260d9917d1614df8014cfc5160a24dd3efe8b8a99b9b4,0x1c737c65674f379a4a6260d9917d1614df8014cfc5160a24dd3efe8b8a99b9b4,True,True,True,True,True,True,,2026-05-21,0x57bdda51774313bdb9c63336ebb6a51de4fddf593c7e828f3096e74b732f5b2f
research_20260521_1000-0327,0xf58511879ce6c3db14787fc699ec9d21d4e32b3f2d11746f41b6662d18fb67c3,0xf58511879ce6c3db14787fc699ec9d21d4e32b3f2d11746f41b6662d18fb67c3,True,True,True,True,True,True,,2026-05-21,0x57bdda51774313bdb9c63336ebb6a51de4fddf593c7e828f3096e74b732f5b2f
research_20260521_1000-0328,0xb463c4e31604cd15e00bd63262a826581788318e71a0ecc3b6c025a07d98a471,0xb463c4e31604cd15e00bd63262a826581788318e71a0ecc3b6c025a07d98a471,True,True,True,True,True,True,,2026-05-21,0x57bdda51774313bdb9c63336ebb6a51de4fddf593c7e828f3096e74b732f5b2f
research_20260521_1000-0329,0x7760d565b95b13a80822802fb6c868d5a46fef2d12f4e0d9b9985cbc666036b5,0x7760d565b95b13a80822802fb6c868d5a46fef2d12f4e0d9b9985cbc666036b5,True,True,True,True,True,True,,2026-05-21,0x57bdda51774313bdb9c63336ebb6a51de4fddf593c7e828f3096e74b732f5b2f
research_20260521_1000-0330,0xf32e7253563dac6d75244931b4c6f7cd1c46853e6d6bfe5699ef56c1bc09e162,0xf32e7253563dac6d75244931b4c6f7cd1c46853e6d6bfe5699ef56c1bc09e162,True,True,True,True,True,True,,2026-05-21,0x57bdda51774313bdb9c63336ebb6a51de4fddf593c7e828f3096e74b732f5b2f
research_20260521_1000-0331,0xd02ffcbb22b0bb72997b4b5d2efaeaf46f316c188820959b6543ff3fdf658323,0xd02ffcbb22b0bb72997b4b5d2efaeaf46f316c188820959b6543ff3fdf658323,True,True,True,True,True,True,,2026-05-21,0x57bdda51774313bdb9c63336ebb6a51de4fddf593c7e828f3096e74b732f5b2f
research_20260521_1000-0332,0xd1ba4250e0f94fd4d9fc17e556de2b710fff76ac497dbe41b0d08e81d43e93b2,0xd1ba4250e0f94fd4d9fc17e556de2b710fff76ac497dbe41b0d08e81d43e93b2,True,True,True,True,True,True,,2026-05-21,0x57bdda51774313bdb9c63336ebb6a51de4fddf593c7e828f3096e74b732f5b2f
research_20260521_1000-0333,0x8c93efcec6a015891e0231102216ff2aa31b4c0c9710dd9fbb96c7c973944e5a,0x8c93efcec6a015891e0231102216ff2aa31b4c0c9710dd9fbb96c7c973944e5a,True,True,True,True,True,True,,2026-05-21,0x57bdda51774313bdb9c63336ebb6a51de4fddf593c7e828f3096e74b732f5b2f
research_20260521_1000-0334,0x07cb38ffb4f90ac05e604237949cea932701e09d7328c526e102ab150c13b7ba,0x07cb38ffb4f90ac05e604237949cea932701e09d7328c526e102ab150c13b7ba,True,True,True,True,True,True,,2026-05-21,0x57bdda51774313bdb9c63336ebb6a51de4fddf593c7e828f3096e74b732f5b2f
research_20260521_1000-0335,0x9df6daae7fd7edbf4bba11f8bdabf07c0c649a2dac4403f7824826d701df6df8,0x9df6daae7fd7edbf4bba11f8bdabf07c0c649a2dac4403f7824826d701df6df8,True,True,True,True,True,True,,2026-05-21,0x57bdda51774313bdb9c63336ebb6a51de4fddf593c7e828f3096e74b732f5b2f
research_20260521_1000-0336,0x956ce3693b8a5e1c684b9452ebbfb5fb6d001751f9a8293e0501937a9a36561e,0x956ce3693b8a5e1c684b9452ebbfb5fb6d001751f9a8293e0501937a9a36561e,True,True,True,True,True,True,,2026-05-21,0x57bdda51774313bdb9c63336ebb6a51de4fddf593c7e828f3096e74b732f5b2f
research_20260521_1000-0337,0x6968550e4702e827d6f17198234d8472af0784dc6a0b64403da7a03095ee7253,0x6968550e4702e827d6f17198234d8472af0784dc6a0b64403da7a03095ee7253,True,True,True,True,True,True,,2026-05-21,0x57bdda51774313bdb9c63336ebb6a51de4fddf593c7e828f3096e74b732f5b2f
research_20260521_1000-0338,0x507ec579172f514d5d9b5255106618a7c135ef36238043685c7ee7d99c2a8bad,0x507ec579172f514d5d9b5255106618a7c135ef36238043685c7ee7d99c2a8bad,True,True,True,True,True,True,,2026-05-21,0x57bdda51774313bdb9c63336ebb6a51de4fddf593c7e828f3096e74b732f5b2f
research_20260521_1000-0339,0x5467fd9103385ca38391724d679cba995298a3fb18bc314050a6a280f2fa712f,0x5467fd9103385ca38391724d679cba995298a3fb18bc314050a6a280f2fa712f,True,True,True,True,True,True,,2026-05-21,0x57bdda51774313bdb9c63336ebb6a51de4fddf593c7e828f3096e74b732f5b2f
research_20260521_1000-0340,0x55ddabc695acaa191b8f28c34f45122cbc390b1ca6b4e3af81f40796d76bf51a,0x55ddabc695acaa191b8f28c34f45122cbc390b1ca6b4e3af81f40796d76bf51a,True,True,True,True,True,True,,2026-05-21,0x57bdda51774313bdb9c63336ebb6a51de4fddf593c7e828f3096e74b732f5b2f
research_20260521_1000-0341,0xfda6ab084f175c9769e3213de9947f93494318091197c669334f8ab8f0818b5b,0xfda6ab084f175c9769e3213de9947f93494318091197c669334f8ab8f0818b5b,True,True,True,True,True,True,,2026-05-21,0x57bdda51774313bdb9c63336ebb6a51de4fddf593c7e828f3096e74b732f5b2f
research_20260521_1000-0342,0x5079991e25898ba18ff2a4e26a131cea36dc49c947ed88ffa7ca4805268e9201,0x5079991e25898ba18ff2a4e26a131cea36dc49c947ed88ffa7ca4805268e9201,True,True,True,True,True,True,,2026-05-21,0x57bdda51774313bdb9c63336ebb6a51de4fddf593c7e828f3096e74b732f5b2f
research_20260521_1000-0343,0x757b2a0a48671c8c5e2a6fdd2384c7c5ebd4b9495079185a1e2589a86e7097d8,0x757b2a0a48671c8c5e2a6fdd2384c7c5ebd4b9495079185a1e2589a86e7097d8,True,True,True,True,True,True,,2026-05-21,0x57bdda51774313bdb9c63336ebb6a51de4fddf593c7e828f3096e74b732f5b2f
research_20260521_1000-0344,0xb444c4ba6ca1b2f49c558c83d5b7714076dcb12e0a79c92b19069c4468b2f85f,0xb444c4ba6ca1b2f49c558c83d5b7714076dcb12e0a79c92b19069c4468b2f85f,True,True,True,True,True,True,,2026-05-21,0x57bdda51774313bdb9c63336ebb6a51de4fddf593c7e828f3096e74b732f5b2f
research_20260521_1000-0345,0xc79060d299953b98106eea675655153b962acfd00033bd49c9e7bead25788a08,0xc79060d299953b98106eea675655153b962acfd00033bd49c9e7bead25788a08,True,True,True,True,True,True,,2026-05-21,0x57bdda51774313bdb9c63336ebb6a51de4fddf593c7e828f3096e74b732f5b2f
research_20260521_1000-0346,0xfb07c4d00c641d4d73ba399e22a936344aa513116d68f42ee5458da957b3af1d,0xfb07c4d00c641d4d73ba399e22a936344aa513116d68f42ee5458da957b3af1d,True,True,True,True,True,True,,2026-05-21,0x57bdda51774313bdb9c63336ebb6a51de4fddf593c7e828f3096e74b732f5b2f
research_20260521_1000-0347,0xc4b40c47766d4e83251d9a9751a61117d92a8d3426eb68eb26211599ecd72a46,0xc4b40c47766d4e83251d9a9751a61117d92a8d3426eb68eb26211599ecd72a46,True,True,True,True,True,True,,2026-05-21,0x57bdda51774313bdb9c63336ebb6a51de4fddf593c7e828f3096e74b732f5b2f
research_20260521_1000-0348,0xe2bc9acb611c29efdb0f3d93eadb3613c784fb0780047d0f3faaff2dd4af742e,0xe2bc9acb611c29efdb0f3d93eadb3613c784fb0780047d0f3faaff2dd4af742e,True,True,True,True,True,True,,2026-05-21,0x57bdda51774313bdb9c63336ebb6a51de4fddf593c7e828f3096e74b732f5b2f
research_20260521_1000-0349,0xea6644ef0dce066ca51cef03eb50ec09a33b4b690826ec4d35441a348ce0070b,0xea6644ef0dce066ca51cef03eb50ec09a33b4b690826ec4d35441a348ce0070b,True,True,True,True,True,True,,2026-05-21,0x57bdda51774313bdb9c63336ebb6a51de4fddf593c7e828f3096e74b732f5b2f
research_20260521_1000-0350,0xbb382b65e643a2c03abc904013b2f2de212b405e3fc6cfb057cd5d6e7ab554fb,0xbb382b65e643a2c03abc904013b2f2de212b405e3fc6cfb057cd5d6e7ab554fb,True,True,True,True,True,True,,2026-05-21,0x57bdda51774313bdb9c63336ebb6a51de4fddf593c7e828f3096e74b732f5b2f
research_20260521_1000-0351,0x4f7e8cd160671992836496ed502870262d6b54c248f670bdbbfa3585d708eb2b,0x4f7e8cd160671992836496ed502870262d6b54c248f670bdbbfa3585d708eb2b,True,True,True,True,True,True,,2026-05-21,0x57bdda51774313bdb9c63336ebb6a51de4fddf593c7e828f3096e74b732f5b2f
research_20260521_1000-0352,0xcf19cc1863e605de1421dc404d0767fbcc1e89066f65624d321e580fe858c2d7,0xcf19cc1863e605de1421dc404d0767fbcc1e89066f65624d321e580fe858c2d7,True,True,True,True,True,True,,2026-05-21,0x57bdda51774313bdb9c63336ebb6a51de4fddf593c7e828f3096e74b732f5b2f
research_20260521_1000-0353,0x5814017f7b6b34bc16612a2fee8487064e298eeacb3fe3391adda9469c5bf1d4,0x5814017f7b6b34bc16612a2fee8487064e298eeacb3fe3391adda9469c5bf1d4,True,True,True,True,True,True,,2026-05-21,0x57bdda51774313bdb9c63336ebb6a51de4fddf593c7e828f3096e74b732f5b2f
research_20260521_1000-0354,0xd7f82c14e9bcca5bed9269e2e6c05e12723392b0791da4d5f62ef66e6e1fe4a1,0xd7f82c14e9bcca5bed9269e2e6c05e12723392b0791da4d5f62ef66e6e1fe4a1,True,True,True,True,True,True,,2026-05-21,0x57bdda51774313bdb9c63336ebb6a51de4fddf593c7e828f3096e74b732f5b2f
research_20260521_1000-0355,0x74924122a54f43e26b33f8b76acc3d8b9655cd16f7a10b61f1b8250dfe4cf413,0x74924122a54f43e26b33f8b76acc3d8b9655cd16f7a10b61f1b8250dfe4cf413,True,True,True,True,True,True,,2026-05-21,0x57bdda51774313bdb9c63336ebb6a51de4fddf593c7e828f3096e74b732f5b2f
research_20260521_1000-0356,0x5956a80e88632d31e0f26c5de1b4efc9e506fc3deb8904875a142b230ebf2968,0x5956a80e88632d31e0f26c5de1b4efc9e506fc3deb8904875a142b230ebf2968,True,True,True,True,True,True,,2026-05-21,0x57bdda51774313bdb9c63336ebb6a51de4fddf593c7e828f3096e74b732f5b2f
research_20260521_1000-0357,0xdb752aa16a6ce68f0caf1850c88d114ef53f3751f615f46d5611bc262b06d290,0xdb752aa16a6ce68f0caf1850c88d114ef53f3751f615f46d5611bc262b06d290,True,True,True,True,True,True,,2026-05-21,0x57bdda51774313bdb9c63336ebb6a51de4fddf593c7e828f3096e74b732f5b2f
research_20260521_1000-0358,0xd0bd92644e3d2af3c70fbe3510d55a39a7d1e46ec657bd2f2d8394d6178c16ea,0xd0bd92644e3d2af3c70fbe3510d55a39a7d1e46ec657bd2f2d8394d6178c16ea,True,True,True,True,True,True,,2026-05-21,0x57bdda51774313bdb9c63336ebb6a51de4fddf593c7e828f3096e74b732f5b2f
research_20260521_1000-0359,0x656e2ca841d18e13ca48bfcecb86291caa4efc5bb9873cf3089a3f2ee7eb45ad,0x656e2ca841d18e13ca48bfcecb86291caa4efc5bb9873cf3089a3f2ee7eb45ad,True,True,True,True,True,True,,2026-05-21,0x57bdda51774313bdb9c63336ebb6a51de4fddf593c7e828f3096e74b732f5b2f
research_20260521_1000-0360,0x5dd18a030a7143d6a150764701d8c8b871d6ce7f8a9bbb207c0a774c38ecf468,0x5dd18a030a7143d6a150764701d8c8b871d6ce7f8a9bbb207c0a774c38ecf468,True,True,True,True,True,True,,2026-05-21,0x57bdda51774313bdb9c63336ebb6a51de4fddf593c7e828f3096e74b732f5b2f
research_20260521_1000-0361,0x40adaf7e5f91251b5d8a6f5501fae97722f25798bfb24d17152dbdc2566e76b6,0x40adaf7e5f91251b5d8a6f5501fae97722f25798bfb24d17152dbdc2566e76b6,True,True,True,True,True,True,,2026-05-21,0x57bdda51774313bdb9c63336ebb6a51de4fddf593c7e828f3096e74b732f5b2f
research_20260521_1000-0362,0x420e820624b5ad21683bc7a14eec077908b0ed1163e4b49abf54586417f7f74c,0x420e820624b5ad21683bc7a14eec077908b0ed1163e4b49abf54586417f7f74c,True,True,True,True,True,True,,2026-05-21,0x57bdda51774313bdb9c63336ebb6a51de4fddf593c7e828f3096e74b732f5b2f
research_20260521_1000-0363,0x6ea4ebcf2ca0cf80b26f3bb547cff6d9af33f4fda8d5fad71f2701ddec5d5d9c,0x6ea4ebcf2ca0cf80b26f3bb547cff6d9af33f4fda8d5fad71f2701ddec5d5d9c,True,True,True,True,True,True,,2026-05-21,0x57bdda51774313bdb9c63336ebb6a51de4fddf593c7e828f3096e74b732f5b2f
research_20260521_1000-0364,0xe50cde6e592ad87b89888de080be9ed300f67e2045a3ed828e316255840718f3,0xe50cde6e592ad87b89888de080be9ed300f67e2045a3ed828e316255840718f3,True,True,True,True,True,True,,2026-05-21,0x57bdda51774313bdb9c63336ebb6a51de4fddf593c7e828f3096e74b732f5b2f
research_20260521_1000-0365,0x803d26bba24c64cdf95bb1097be157d36d30f524da7d259c75a20b89375f5ed7,0x803d26bba24c64cdf95bb1097be157d36d30f524da7d259c75a20b89375f5ed7,True,True,True,True,True,True,,2026-05-21,0x57bdda51774313bdb9c63336ebb6a51de4fddf593c7e828f3096e74b732f5b2f
research_20260521_1000-0366,0x89a3af37631daf8fcd7053ce6f5606a5b32d9f7dc581e7ecaa0ff2852730c7be,0x89a3af37631daf8fcd7053ce6f5606a5b32d9f7dc581e7ecaa0ff2852730c7be,True,True,True,True,True,True,,2026-05-21,0x57bdda51774313bdb9c63336ebb6a51de4fddf593c7e828f3096e74b732f5b2f
research_20260521_1000-0367,0x0850369cac273168850e92fd462670ed1dba97ae00b9cf590f0d0e08cc25e63c,0x0850369cac273168850e92fd462670ed1dba97ae00b9cf590f0d0e08cc25e63c,True,True,True,True,True,True,,2026-05-21,0x57bdda51774313bdb9c63336ebb6a51de4fddf593c7e828f3096e74b732f5b2f
research_20260521_1000-0368,0xfced6a151f0b452e1698d92cff7b9e78d006b226db747e052c7877fa7e42ca76,0xfced6a151f0b452e1698d92cff7b9e78d006b226db747e052c7877fa7e42ca76,True,True,True,True,True,True,,2026-05-21,0x57bdda51774313bdb9c63336ebb6a51de4fddf593c7e828f3096e74b732f5b2f
research_20260521_1000-0369,0xb14863090b739eb6009215a6baadb73adfc2ecb518c83da2771bfa894485aabb,0xb14863090b739eb6009215a6baadb73adfc2ecb518c83da2771bfa894485aabb,True,True,True,True,True,True,,2026-05-21,0x57bdda51774313bdb9c63336ebb6a51de4fddf593c7e828f3096e74b732f5b2f
research_20260521_1000-0370,0x661028068211ef159235d11dcbdaf916a6e37139492edbfbd2abd2781dbf1a31,0x661028068211ef159235d11dcbdaf916a6e37139492edbfbd2abd2781dbf1a31,True,True,True,True,True,True,,2026-05-21,0x57bdda51774313bdb9c63336ebb6a51de4fddf593c7e828f3096e74b732f5b2f
research_20260521_1000-0371,0xad949ed6a3a7a90420fe18e6acb5ccfb34159e65e64394bab75c01df804fd09f,0xad949ed6a3a7a90420fe18e6acb5ccfb34159e65e64394bab75c01df804fd09f,True,True,True,True,True,True,,2026-05-21,0x57bdda51774313bdb9c63336ebb6a51de4fddf593c7e828f3096e74b732f5b2f
research_20260521_1000-0372,0x2b142712fc8fbff88e6896740668d4e9d611e5e707c683886979f2540a5d559c,0x2b142712fc8fbff88e6896740668d4e9d611e5e707c683886979f2540a5d559c,True,True,True,True,True,True,,2026-05-21,0x57bdda51774313bdb9c63336ebb6a51de4fddf593c7e828f3096e74b732f5b2f
research_20260521_1000-0373,0xcd8c57a5c59d26a13ca91b16082c093fc3b04cac2f72c5a8ffc4faecacfc9797,0xcd8c57a5c59d26a13ca91b16082c093fc3b04cac2f72c5a8ffc4faecacfc9797,True,True,True,True,True,True,,2026-05-21,0x57bdda51774313bdb9c63336ebb6a51de4fddf593c7e828f3096e74b732f5b2f
research_20260521_1000-0374,0x4478904d155e7d7dcd2427f149d76beee33fccbfb7f6fbf858964e434670cd4a,0x4478904d155e7d7dcd2427f149d76beee33fccbfb7f6fbf858964e434670cd4a,True,True,True,True,True,True,,2026-05-21,0x57bdda51774313bdb9c63336ebb6a51de4fddf593c7e828f3096e74b732f5b2f
research_20260521_1000-0375,0x929abf3eb74083ba5ce297d6c0b30c29058dfc3c404075bbf0152a3163929053,0x929abf3eb74083ba5ce297d6c0b30c29058dfc3c404075bbf0152a3163929053,True,True,True,True,True,True,,2026-05-21,0x57bdda51774313bdb9c63336ebb6a51de4fddf593c7e828f3096e74b732f5b2f
research_20260521_1000-0376,0x60cdf83fd1872f48e68455cbe125ca14b4019ddba6747c07a63fb5ab9f6cf8f6,0x60cdf83fd1872f48e68455cbe125ca14b4019ddba6747c07a63fb5ab9f6cf8f6,True,True,True,True,True,True,,2026-05-21,0x57bdda51774313bdb9c63336ebb6a51de4fddf593c7e828f3096e74b732f5b2f
research_20260521_1000-0377,0x3f96bb70ca4bf1da5ca0416bc7e97917384ff475a41266db3a8df3732acc50ae,0x3f96bb70ca4bf1da5ca0416bc7e97917384ff475a41266db3a8df3732acc50ae,True,True,True,True,True,True,,2026-05-21,0x57bdda51774313bdb9c63336ebb6a51de4fddf593c7e828f3096e74b732f5b2f
research_20260521_1000-0378,0x60588015a77f57f263440ab9334a98bf5e61f313456a95663e40ae949fa4561d,0x60588015a77f57f263440ab9334a98bf5e61f313456a95663e40ae949fa4561d,True,True,True,True,True,True,,2026-05-21,0x57bdda51774313bdb9c63336ebb6a51de4fddf593c7e828f3096e74b732f5b2f
research_20260521_1000-0379,0x639c84c74a06fcf2d5d9305b242eac105e01d5ddb7fb17b2018dfb1682d8720f,0x639c84c74a06fcf2d5d9305b242eac105e01d5ddb7fb17b2018dfb1682d8720f,True,True,True,True,True,True,,2026-05-21,0x57bdda51774313bdb9c63336ebb6a51de4fddf593c7e828f3096e74b732f5b2f
research_20260521_1000-0380,0xdc2e3a218d1d50b23afa402c80495975e2eac9f8fc34c7f1a9d903582b6523d7,0xdc2e3a218d1d50b23afa402c80495975e2eac9f8fc34c7f1a9d903582b6523d7,True,True,True,True,True,True,,2026-05-21,0x57bdda51774313bdb9c63336ebb6a51de4fddf593c7e828f3096e74b732f5b2f
research_20260521_1000-0381,0x84d5db9f7bdd9dee1d8a600b87255a8950046ba798e94ec0202a3d5d63b61c46,0x84d5db9f7bdd9dee1d8a600b87255a8950046ba798e94ec0202a3d5d63b61c46,True,True,True,True,True,True,,2026-05-21,0x57bdda51774313bdb9c63336ebb6a51de4fddf593c7e828f3096e74b732f5b2f
research_20260521_1000-0382,0xc05fa6df150d3969b23b0136dc15499ada47bcb5a5837f23561bdfd84cbc8931,0xc05fa6df150d3969b23b0136dc15499ada47bcb5a5837f23561bdfd84cbc8931,True,True,True,True,True,True,,2026-05-21,0x57bdda51774313bdb9c63336ebb6a51de4fddf593c7e828f3096e74b732f5b2f
research_20260521_1000-0383,0xc513821aa015cff960c6d89e76b972e7762b29c9498638330bf5e31294e947d3,0xc513821aa015cff960c6d89e76b972e7762b29c9498638330bf5e31294e947d3,True,True,True,True,True,True,,2026-05-21,0x57bdda51774313bdb9c63336ebb6a51de4fddf593c7e828f3096e74b732f5b2f
research_20260521_1000-0384,0x63434970151ad3aa505e5f770692d831774ca23a139202bbb98ad2d33a2cc36e,0x63434970151ad3aa505e5f770692d831774ca23a139202bbb98ad2d33a2cc36e,True,True,True,True,True,True,,2026-05-21,0x57bdda51774313bdb9c63336ebb6a51de4fddf593c7e828f3096e74b732f5b2f
research_20260521_1000-0385,0x0707fd6fde9c5edda72dab1f81c911f7f94f66cf5cc6b01c6a6ad520135db5b3,0x0707fd6fde9c5edda72dab1f81c911f7f94f66cf5cc6b01c6a6ad520135db5b3,True,True,True,True,True,True,,2026-05-21,0x57bdda51774313bdb9c63336ebb6a51de4fddf593c7e828f3096e74b732f5b2f
research_20260521_1000-0386,0x93899dfbe9610e8415760d887f58770966c6ca6331027b78ec18c8c48ff9488d,0x93899dfbe9610e8415760d887f58770966c6ca6331027b78ec18c8c48ff9488d,True,True,True,True,True,True,,2026-05-21,0x57bdda51774313bdb9c63336ebb6a51de4fddf593c7e828f3096e74b732f5b2f
research_20260521_1000-0387,0x603341ae88716d9da0f5e7e18a71994e70fd8abc634d53e7c33ced3b734fd2a5,0x603341ae88716d9da0f5e7e18a71994e70fd8abc634d53e7c33ced3b734fd2a5,True,True,True,True,True,True,,2026-05-21,0x57bdda51774313bdb9c63336ebb6a51de4fddf593c7e828f3096e74b732f5b2f
research_20260521_1000-0388,0x7261013f40eff9916f15bee824b0c8360ae4b688b193c0d1de2b322529de1bab,0x7261013f40eff9916f15bee824b0c8360ae4b688b193c0d1de2b322529de1bab,True,True,True,True,True,True,,2026-05-21,0x57bdda51774313bdb9c63336ebb6a51de4fddf593c7e828f3096e74b732f5b2f
research_20260521_1000-0389,0xd6876496e8ce09d9863081484e1c19b5ccd3793b23eea8dc4b594f7b5cf766c9,0xd6876496e8ce09d9863081484e1c19b5ccd3793b23eea8dc4b594f7b5cf766c9,True,True,True,True,True,True,,2026-05-21,0x57bdda51774313bdb9c63336ebb6a51de4fddf593c7e828f3096e74b732f5b2f
research_20260521_1000-0390,0x4fbd510877b5663a551c3ff6af60196082fbf7576e6137c781f36443a9298afa,0x4fbd510877b5663a551c3ff6af60196082fbf7576e6137c781f36443a9298afa,True,True,True,True,True,True,,2026-05-21,0x57bdda51774313bdb9c63336ebb6a51de4fddf593c7e828f3096e74b732f5b2f
research_20260521_1000-0391,0x76673313150f0226fd45acb8b9bec06d19beff0ec1666a76a159ce79611e2682,0x76673313150f0226fd45acb8b9bec06d19beff0ec1666a76a159ce79611e2682,True,True,True,True,True,True,,2026-05-21,0x57bdda51774313bdb9c63336ebb6a51de4fddf593c7e828f3096e74b732f5b2f
research_20260521_1000-0392,0xfa31103fd82f0aad601418c27c746728b77c22ff4379302fcd5babf80f70b488,0xfa31103fd82f0aad601418c27c746728b77c22ff4379302fcd5babf80f70b488,True,True,True,True,True,True,,2026-05-21,0x57bdda51774313bdb9c63336ebb6a51de4fddf593c7e828f3096e74b732f5b2f
research_20260521_1000-0393,0x3bf6e4da596c8b913dd4c9343f1feea9f264bb12352ae9677db98e4e59423e7e,0x3bf6e4da596c8b913dd4c9343f1feea9f264bb12352ae9677db98e4e59423e7e,True,True,True,True,True,True,,2026-05-21,0x57bdda51774313bdb9c63336ebb6a51de4fddf593c7e828f3096e74b732f5b2f
research_20260521_1000-0394,0xac245c6bf3c3e1d1cd6eeff0a667028525f03d4bfde8acb0737166c67f670f26,0xac245c6bf3c3e1d1cd6eeff0a667028525f03d4bfde8acb0737166c67f670f26,True,True,True,True,True,True,,2026-05-21,0x57bdda51774313bdb9c63336ebb6a51de4fddf593c7e828f3096e74b732f5b2f
research_20260521_1000-0395,0x7f80eb7842d4b58f35d8b6926c247f8c12a8bb239e7d603a796d4eed4470511a,0x7f80eb7842d4b58f35d8b6926c247f8c12a8bb239e7d603a796d4eed4470511a,True,True,True,True,True,True,,2026-05-21,0x57bdda51774313bdb9c63336ebb6a51de4fddf593c7e828f3096e74b732f5b2f
research_20260521_1000-0396,0x877b7600a5ba6f9062feab8236198bc2c9af1229ee488089a78518cbe16cfcb0,0x877b7600a5ba6f9062feab8236198bc2c9af1229ee488089a78518cbe16cfcb0,True,True,True,True,True,True,,2026-05-21,0x57bdda51774313bdb9c63336ebb6a51de4fddf593c7e828f3096e74b732f5b2f
research_20260521_1000-0397,0x57265775a0840cf5c7d3f0c0deca49bd3ad5a693c9a0c3b5b55773a6a02d4ced,0x57265775a0840cf5c7d3f0c0deca49bd3ad5a693c9a0c3b5b55773a6a02d4ced,True,True,True,True,True,True,,2026-05-21,0x57bdda51774313bdb9c63336ebb6a51de4fddf593c7e828f3096e74b732f5b2f
research_20260521_1000-0398,0xcf275f09c65e6bbdc9899280dbb976ae8cd7a3ea3f5f8fa9ac41d855f1f645a3,0xcf275f09c65e6bbdc9899280dbb976ae8cd7a3ea3f5f8fa9ac41d855f1f645a3,True,True,True,True,True,True,,2026-05-21,0x57bdda51774313bdb9c63336ebb6a51de4fddf593c7e828f3096e74b732f5b2f
research_20260521_1000-0399,0x05d581ad245bf30975b009a98dbbb1c5db0e7ae67846131a414d45e0114e2e8d,0x05d581ad245bf30975b009a98dbbb1c5db0e7ae67846131a414d45e0114e2e8d,True,True,True,True,True,True,,2026-05-21,0x57bdda51774313bdb9c63336ebb6a51de4fddf593c7e828f3096e74b732f5b2f
research_20260521_1000-0400,0x38a919fa7a87d9f10a235273b37d43c26e470f6c03537e8d8921681ccee8b488,0x38a919fa7a87d9f10a235273b37d43c26e470f6c03537e8d8921681ccee8b488,True,True,True,True,True,True,,2026-05-21,0x57bdda51774313bdb9c63336ebb6a51de4fddf593c7e828f3096e74b732f5b2f
research_20260521_1000-0401,0x4ed44e2adf69aad7f9ed523728edfb7561096f79087eecb7eddc17df6cd49879,0x4ed44e2adf69aad7f9ed523728edfb7561096f79087eecb7eddc17df6cd49879,True,True,True,True,True,True,,2026-05-21,0x57bdda51774313bdb9c63336ebb6a51de4fddf593c7e828f3096e74b732f5b2f
research_20260521_1000-0402,0x2e20396da7b57f614dc7c2bd04f542baacc5a665efcaae652f92fce2d543b264,0x2e20396da7b57f614dc7c2bd04f542baacc5a665efcaae652f92fce2d543b264,True,True,True,True,True,True,,2026-05-21,0x57bdda51774313bdb9c63336ebb6a51de4fddf593c7e828f3096e74b732f5b2f
research_20260521_1000-0403,0xa82dfbf4982ad791ea5220be9ad69e9de0c0bba481c22e38cc61fbd32f016961,0xa82dfbf4982ad791ea5220be9ad69e9de0c0bba481c22e38cc61fbd32f016961,True,True,True,True,True,True,,2026-05-21,0x57bdda51774313bdb9c63336ebb6a51de4fddf593c7e828f3096e74b732f5b2f
research_20260521_1000-0404,0x3db0c5078d7bc5959055767bfb079307dbb4051c43323f8c1ee3b8534ccfea7b,0x3db0c5078d7bc5959055767bfb079307dbb4051c43323f8c1ee3b8534ccfea7b,True,True,True,True,True,True,,2026-05-21,0x57bdda51774313bdb9c63336ebb6a51de4fddf593c7e828f3096e74b732f5b2f
research_20260521_1000-0405,0xfdb00f2292cc723fba962729e2f81bb6504332eda8edeba865586c04372f3d2e,0xfdb00f2292cc723fba962729e2f81bb6504332eda8edeba865586c04372f3d2e,True,True,True,True,True,True,,2026-05-21,0x57bdda51774313bdb9c63336ebb6a51de4fddf593c7e828f3096e74b732f5b2f
research_20260521_1000-0406,0xf3edc6789bed4783092858ec020e459d5aabf97233df7034806e5ca7edb89af9,0xf3edc6789bed4783092858ec020e459d5aabf97233df7034806e5ca7edb89af9,True,True,True,True,True,True,,2026-05-21,0x57bdda51774313bdb9c63336ebb6a51de4fddf593c7e828f3096e74b732f5b2f
research_20260521_1000-0407,0xeef2f8441f5a586152b1901e83e7ae9c85d1fd0c085cb00f8fc49ec625f976f8,0xeef2f8441f5a586152b1901e83e7ae9c85d1fd0c085cb00f8fc49ec625f976f8,True,True,True,True,True,True,,2026-05-21,0x57bdda51774313bdb9c63336ebb6a51de4fddf593c7e828f3096e74b732f5b2f
research_20260521_1000-0408,0x04e9e7734af36689027bd34a0c898bfeb5cef57ba82c1a98e709c9345d5fb2f1,0x04e9e7734af36689027bd34a0c898bfeb5cef57ba82c1a98e709c9345d5fb2f1,True,True,True,True,True,True,,2026-05-21,0x57bdda51774313bdb9c63336ebb6a51de4fddf593c7e828f3096e74b732f5b2f
research_20260521_1000-0409,0x9efc0a8c366751d322d564fec9b1e0aed7f53e021ffc92e125e2b70896a25288,0x9efc0a8c366751d322d564fec9b1e0aed7f53e021ffc92e125e2b70896a25288,True,True,True,True,True,True,,2026-05-21,0x57bdda51774313bdb9c63336ebb6a51de4fddf593c7e828f3096e74b732f5b2f
research_20260521_1000-0410,0x8c94a3b1fcb458b74a7cb332d02c920295b7e2c1e63708570ed644cf240573fc,0x8c94a3b1fcb458b74a7cb332d02c920295b7e2c1e63708570ed644cf240573fc,True,True,True,True,True,True,,2026-05-21,0x57bdda51774313bdb9c63336ebb6a51de4fddf593c7e828f3096e74b732f5b2f
research_20260521_1000-0411,0x77862ea80f93f1f80b989b296fccf3e50d4f42f34cf0aaf564e51aa52c697ee9,0x77862ea80f93f1f80b989b296fccf3e50d4f42f34cf0aaf564e51aa52c697ee9,True,True,True,True,True,True,,2026-05-21,0x57bdda51774313bdb9c63336ebb6a51de4fddf593c7e828f3096e74b732f5b2f
research_20260521_1000-0412,0xe106869388dbd244a22e556a041c43903ecc6ab5928b2929b2eed3d9460703f7,0xe106869388dbd244a22e556a041c43903ecc6ab5928b2929b2eed3d9460703f7,True,True,True,True,True,True,,2026-05-21,0x57bdda51774313bdb9c63336ebb6a51de4fddf593c7e828f3096e74b732f5b2f
research_20260521_1000-0413,0x61fcc44d3020c94993ffdf4dca0c164d9c188056c673ac8b1243f7d3e14d69e1,0x61fcc44d3020c94993ffdf4dca0c164d9c188056c673ac8b1243f7d3e14d69e1,True,True,True,True,True,True,,2026-05-21,0x57bdda51774313bdb9c63336ebb6a51de4fddf593c7e828f3096e74b732f5b2f
research_20260521_1000-0414,0x08ef2efb229d04b845d0ecbf78b45a98fba577bbc3264794cc4f3028935e53c2,0x08ef2efb229d04b845d0ecbf78b45a98fba577bbc3264794cc4f3028935e53c2,True,True,True,True,True,True,,2026-05-21,0x57bdda51774313bdb9c63336ebb6a51de4fddf593c7e828f3096e74b732f5b2f
research_20260521_1000-0415,0xcc9bd8be33ac330fe3a831ad8e48d2a136781a9ec2e1ea8757098404b4b268e3,0xcc9bd8be33ac330fe3a831ad8e48d2a136781a9ec2e1ea8757098404b4b268e3,True,True,True,True,True,True,,2026-05-21,0x57bdda51774313bdb9c63336ebb6a51de4fddf593c7e828f3096e74b732f5b2f
research_20260521_1000-0416,0x75de789efcc3516f2671b7654b555d974bdadbabe44ce3970cde745fee40d73d,0x75de789efcc3516f2671b7654b555d974bdadbabe44ce3970cde745fee40d73d,True,True,True,True,True,True,,2026-05-21,0x57bdda51774313bdb9c63336ebb6a51de4fddf593c7e828f3096e74b732f5b2f
research_20260521_1000-0417,0xf2367ae60d8f567f415b5712e864847b3c189f6740e88cefa2ed428dd8a03d92,0xf2367ae60d8f567f415b5712e864847b3c189f6740e88cefa2ed428dd8a03d92,True,True,True,True,True,True,,2026-05-21,0x57bdda51774313bdb9c63336ebb6a51de4fddf593c7e828f3096e74b732f5b2f
research_20260521_1000-0418,0x10800dcaaa1bf2b521fae49063bc1e883966b426939657808a946aacb03d7416,0x10800dcaaa1bf2b521fae49063bc1e883966b426939657808a946aacb03d7416,True,True,True,True,True,True,,2026-05-21,0x57bdda51774313bdb9c63336ebb6a51de4fddf593c7e828f3096e74b732f5b2f
research_20260521_1000-0419,0x664e71a3936d8b613ba3a330f457a3ae33e99c470f97255f0ec2894a43cc490c,0x664e71a3936d8b613ba3a330f457a3ae33e99c470f97255f0ec2894a43cc490c,True,True,True,True,True,True,,2026-05-21,0x57bdda51774313bdb9c63336ebb6a51de4fddf593c7e828f3096e74b732f5b2f
research_20260521_1000-0420,0x3edd79e0fc2a6363530fa6c2c177b0f9b8bda039a3f8bd6452b9722b7b543d8b,0x3edd79e0fc2a6363530fa6c2c177b0f9b8bda039a3f8bd6452b9722b7b543d8b,True,True,True,True,True,True,,2026-05-21,0x57bdda51774313bdb9c63336ebb6a51de4fddf593c7e828f3096e74b732f5b2f
research_20260521_1000-0421,0xe277470f18231d136f8d8afb0cdeb6256910e5a397bfa8a0ecd5668af713d4d4,0xe277470f18231d136f8d8afb0cdeb6256910e5a397bfa8a0ecd5668af713d4d4,True,True,True,True,True,True,,2026-05-21,0x57bdda51774313bdb9c63336ebb6a51de4fddf593c7e828f3096e74b732f5b2f
research_20260521_1000-0422,0x3bd0d27e7b10c4544ca4b66d864b3367259df468a425fa9f1f95682e1a4dc222,0x3bd0d27e7b10c4544ca4b66d864b3367259df468a425fa9f1f95682e1a4dc222,True,True,True,True,True,True,,2026-05-21,0x57bdda51774313bdb9c63336ebb6a51de4fddf593c7e828f3096e74b732f5b2f
research_20260521_1000-0423,0xdf8f8d0a15214447a0587b44f929ac21c84c13b99babca48126c9ccd87e3e3fa,0xdf8f8d0a15214447a0587b44f929ac21c84c13b99babca48126c9ccd87e3e3fa,True,True,True,True,True,True,,2026-05-21,0x57bdda51774313bdb9c63336ebb6a51de4fddf593c7e828f3096e74b732f5b2f
research_20260521_1000-0424,0xc7b90114403d83a2a292690c1d7c9a642233011fa2093ea8398cea63660e3be4,0xc7b90114403d83a2a292690c1d7c9a642233011fa2093ea8398cea63660e3be4,True,True,True,True,True,True,,2026-05-21,0x57bdda51774313bdb9c63336ebb6a51de4fddf593c7e828f3096e74b732f5b2f
research_20260521_1000-0425,0x899fcdfc37acdf7f38fd377af5a69eca5c1eb531a1f98782c7eff49e816d978c,0x899fcdfc37acdf7f38fd377af5a69eca5c1eb531a1f98782c7eff49e816d978c,True,True,True,True,True,True,,2026-05-21,0x57bdda51774313bdb9c63336ebb6a51de4fddf593c7e828f3096e74b732f5b2f
research_20260521_1000-0426,0x98080c43faf6bda334e8b88163be393db5345e09e91e38707a2a3cc8277c3360,0x98080c43faf6bda334e8b88163be393db5345e09e91e38707a2a3cc8277c3360,True,True,True,True,True,True,,2026-05-21,0x57bdda51774313bdb9c63336ebb6a51de4fddf593c7e828f3096e74b732f5b2f
research_20260521_1000-0427,0x82227a77947a9bb720badc76bcf989edd4220bb50bcde635ffec7f3d1ffa7f7d,0x82227a77947a9bb720badc76bcf989edd4220bb50bcde635ffec7f3d1ffa7f7d,True,True,True,True,True,True,,2026-05-21,0x57bdda51774313bdb9c63336ebb6a51de4fddf593c7e828f3096e74b732f5b2f
research_20260521_1000-0428,0xd1acbb137bfd7af54cb64382dd3eacd823cf2e68c4ac9552bc55d7603f6ae8a9,0xd1acbb137bfd7af54cb64382dd3eacd823cf2e68c4ac9552bc55d7603f6ae8a9,True,True,True,True,True,True,,2026-05-21,0x57bdda51774313bdb9c63336ebb6a51de4fddf593c7e828f3096e74b732f5b2f
research_20260521_1000-0429,0x7405f02429286516f13091f657b2d9bdb4ccba3c8dc63e807693d4792d35fa59,0x7405f02429286516f13091f657b2d9bdb4ccba3c8dc63e807693d4792d35fa59,True,True,True,True,True,True,,2026-05-21,0x57bdda51774313bdb9c63336ebb6a51de4fddf593c7e828f3096e74b732f5b2f
research_20260521_1000-0430,0x65453c4a47411e9cba53e5b6f2c6ae97af03b3659a5a443a2b1e02fc0ce94d8b,0x65453c4a47411e9cba53e5b6f2c6ae97af03b3659a5a443a2b1e02fc0ce94d8b,True,True,True,True,True,True,,2026-05-21,0x57bdda51774313bdb9c63336ebb6a51de4fddf593c7e828f3096e74b732f5b2f
research_20260521_1000-0431,0x1431263b4a0eb69c8a833831cb6cbe5325b726eb20d1036f7cd7ac844e64b6bd,0x1431263b4a0eb69c8a833831cb6cbe5325b726eb20d1036f7cd7ac844e64b6bd,True,True,True,True,True,True,,2026-05-21,0x57bdda51774313bdb9c63336ebb6a51de4fddf593c7e828f3096e74b732f5b2f
research_20260521_1000-0432,0xd0771ed3ff33a3804e3b1a2856e2871ee54cb585372f01219954fe4ca5924a1f,0xd0771ed3ff33a3804e3b1a2856e2871ee54cb585372f01219954fe4ca5924a1f,True,True,True,True,True,True,,2026-05-21,0x57bdda51774313bdb9c63336ebb6a51de4fddf593c7e828f3096e74b732f5b2f
research_20260521_1000-0433,0xf99bd2359d9df37f00b5dbe954c194aabda0e8792e6e9d9dd5da5f9b0c54dac7,0xf99bd2359d9df37f00b5dbe954c194aabda0e8792e6e9d9dd5da5f9b0c54dac7,True,True,True,True,True,True,,2026-05-21,0x57bdda51774313bdb9c63336ebb6a51de4fddf593c7e828f3096e74b732f5b2f
research_20260521_1000-0434,0x0641eb054ae5bbe553ab20e8afd24c4dd2672f16bdd9916c0247e136639d55da,0x0641eb054ae5bbe553ab20e8afd24c4dd2672f16bdd9916c0247e136639d55da,True,True,True,True,True,True,,2026-05-21,0x57bdda51774313bdb9c63336ebb6a51de4fddf593c7e828f3096e74b732f5b2f
research_20260521_1000-0435,0xf959602bce3a8b3c9171205d04c18d46097ec223e5ebceebd80fb57e45eb484c,0xf959602bce3a8b3c9171205d04c18d46097ec223e5ebceebd80fb57e45eb484c,True,True,True,True,True,True,,2026-05-21,0x57bdda51774313bdb9c63336ebb6a51de4fddf593c7e828f3096e74b732f5b2f
research_20260521_1000-0436,0xedc0f6feeee76ab078f16aa27875f47720a19b9bd2b3327ff4856556869c8783,0xedc0f6feeee76ab078f16aa27875f47720a19b9bd2b3327ff4856556869c8783,True,True,True,True,True,True,,2026-05-21,0x57bdda51774313bdb9c63336ebb6a51de4fddf593c7e828f3096e74b732f5b2f
research_20260521_1000-0437,0x680d27d9e6128b923eeeececdafa950eb676440447e49527d7583717473407c0,0x680d27d9e6128b923eeeececdafa950eb676440447e49527d7583717473407c0,True,True,True,True,True,True,,2026-05-21,0x57bdda51774313bdb9c63336ebb6a51de4fddf593c7e828f3096e74b732f5b2f
research_20260521_1000-0438,0xc147ec0542d49e5bf599fdfa77d3faa1e7ba624fe48a844ec9ba3101211931b1,0xc147ec0542d49e5bf599fdfa77d3faa1e7ba624fe48a844ec9ba3101211931b1,True,True,True,True,True,True,,2026-05-21,0x57bdda51774313bdb9c63336ebb6a51de4fddf593c7e828f3096e74b732f5b2f
research_20260521_1000-0439,0xa9dd8da10a628987fff7e32b8ff160b1fd29b93bfbf00febe9c54ab98cedddaf,0xa9dd8da10a628987fff7e32b8ff160b1fd29b93bfbf00febe9c54ab98cedddaf,True,True,True,True,True,True,,2026-05-21,0x57bdda51774313bdb9c63336ebb6a51de4fddf593c7e828f3096e74b732f5b2f
research_20260521_1000-0440,0x282ef843dc3b69b5237e6bf58486b0ac8fc43fc2a757a18bf3710e348680e84f,0x282ef843dc3b69b5237e6bf58486b0ac8fc43fc2a757a18bf3710e348680e84f,True,True,True,True,True,True,,2026-05-21,0x57bdda51774313bdb9c63336ebb6a51de4fddf593c7e828f3096e74b732f5b2f
research_20260521_1000-0441,0x158fecc9a648f1a33e9fd6ec85efc6b16f42dc00ea73e3d74b1630113537805e,0x158fecc9a648f1a33e9fd6ec85efc6b16f42dc00ea73e3d74b1630113537805e,True,True,True,True,True,True,,2026-05-21,0x57bdda51774313bdb9c63336ebb6a51de4fddf593c7e828f3096e74b732f5b2f
research_20260521_1000-0442,0x013c0cc419fd01028012aea66e05ced4e6cf0bfb4a6ad5dd6253b4cf01de4b3d,0x013c0cc419fd01028012aea66e05ced4e6cf0bfb4a6ad5dd6253b4cf01de4b3d,True,True,True,True,True,True,,2026-05-21,0x57bdda51774313bdb9c63336ebb6a51de4fddf593c7e828f3096e74b732f5b2f
research_20260521_1000-0443,0x2f1ac2d20dcbbe5bd610d509e33c3cbfeb05ae7413e9b4a4fd062678a33a0ea4,0x2f1ac2d20dcbbe5bd610d509e33c3cbfeb05ae7413e9b4a4fd062678a33a0ea4,True,True,True,True,True,True,,2026-05-21,0x57bdda51774313bdb9c63336ebb6a51de4fddf593c7e828f3096e74b732f5b2f
research_20260521_1000-0444,0xc6c56479c8811dff523dd7b8e0ba1e25a852505477d72b774b2e17e9417bf544,0xc6c56479c8811dff523dd7b8e0ba1e25a852505477d72b774b2e17e9417bf544,True,True,True,True,True,True,,2026-05-21,0x57bdda51774313bdb9c63336ebb6a51de4fddf593c7e828f3096e74b732f5b2f
research_20260521_1000-0445,0x03bf824c8e6dff3748082c2fc035a6bef2ad4176019f5c7ffb424dea22f6c898,0x03bf824c8e6dff3748082c2fc035a6bef2ad4176019f5c7ffb424dea22f6c898,True,True,True,True,True,True,,2026-05-21,0x57bdda51774313bdb9c63336ebb6a51de4fddf593c7e828f3096e74b732f5b2f
research_20260521_1000-0446,0xc32ffe4ee783734c5d0c1e3665c5144c82da96f09d0947cd6cb50f644507dedc,0xc32ffe4ee783734c5d0c1e3665c5144c82da96f09d0947cd6cb50f644507dedc,True,True,True,True,True,True,,2026-05-21,0x57bdda51774313bdb9c63336ebb6a51de4fddf593c7e828f3096e74b732f5b2f
research_20260521_1000-0447,0x0c1ef79c09f500c445d49f1278c8ae7881bdddc9ccbea9d2476d1581d20f8874,0x0c1ef79c09f500c445d49f1278c8ae7881bdddc9ccbea9d2476d1581d20f8874,True,True,True,True,True,True,,2026-05-21,0x57bdda51774313bdb9c63336ebb6a51de4fddf593c7e828f3096e74b732f5b2f
research_20260521_1000-0448,0xd9ab0bdc91d8831384db80b95f096398be53f0cdb1a25b5a3ec49b5700291ab4,0xd9ab0bdc91d8831384db80b95f096398be53f0cdb1a25b5a3ec49b5700291ab4,True,True,True,True,True,True,,2026-05-21,0x57bdda51774313bdb9c63336ebb6a51de4fddf593c7e828f3096e74b732f5b2f
research_20260521_1000-0449,0x6846d52c003b7a66c4701de216563187472c58f0f1bbaf64a043d5451f4c4da5,0x6846d52c003b7a66c4701de216563187472c58f0f1bbaf64a043d5451f4c4da5,True,True,True,True,True,True,,2026-05-21,0x57bdda51774313bdb9c63336ebb6a51de4fddf593c7e828f3096e74b732f5b2f
research_20260521_1000-0450,0x9997a58f0c0663aa4d898ab2fcb25aedb1744669fd297b981dcb60e4e57e30fc,0x9997a58f0c0663aa4d898ab2fcb25aedb1744669fd297b981dcb60e4e57e30fc,True,True,True,True,True,True,,2026-05-21,0x57bdda51774313bdb9c63336ebb6a51de4fddf593c7e828f3096e74b732f5b2f
research_20260521_1000-0451,0x485a006d08c0ab970a9f712d52bf7186824d08577235daab87fb18d5e840069c,0x485a006d08c0ab970a9f712d52bf7186824d08577235daab87fb18d5e840069c,True,True,True,True,True,True,,2026-05-21,0x57bdda51774313bdb9c63336ebb6a51de4fddf593c7e828f3096e74b732f5b2f
research_20260521_1000-0452,0xe2e5f7dd07db7f604c4c17a788bb25016fbe5a60d5158a91af55f24e596ce0a9,0xe2e5f7dd07db7f604c4c17a788bb25016fbe5a60d5158a91af55f24e596ce0a9,True,True,True,True,True,True,,2026-05-21,0x57bdda51774313bdb9c63336ebb6a51de4fddf593c7e828f3096e74b732f5b2f
research_20260521_1000-0453,0x5b788cde465951c24d464bdc67adcfe84a774ece61b04f95c62de48c2a443e28,0x5b788cde465951c24d464bdc67adcfe84a774ece61b04f95c62de48c2a443e28,True,True,True,True,True,True,,2026-05-21,0x57bdda51774313bdb9c63336ebb6a51de4fddf593c7e828f3096e74b732f5b2f
research_20260521_1000-0454,0x18698b744fee7b5f42dbb4985d8b5f3ee0a628422bd7cd5af20d9fd55d9c47bb,0x18698b744fee7b5f42dbb4985d8b5f3ee0a628422bd7cd5af20d9fd55d9c47bb,True,True,True,True,True,True,,2026-05-21,0x57bdda51774313bdb9c63336ebb6a51de4fddf593c7e828f3096e74b732f5b2f
research_20260521_1000-0455,0xc2ad7ff8524d19324aad1e9a01ba0a21aaa9c929dea1dc5001f5724224628d22,0xc2ad7ff8524d19324aad1e9a01ba0a21aaa9c929dea1dc5001f5724224628d22,True,True,True,True,True,True,,2026-05-21,0x57bdda51774313bdb9c63336ebb6a51de4fddf593c7e828f3096e74b732f5b2f
research_20260521_1000-0456,0x8d16fdd157faf6749c33e61a0158471d8d3e9bf6f4e97d2ec60328b527b32afd,0x8d16fdd157faf6749c33e61a0158471d8d3e9bf6f4e97d2ec60328b527b32afd,True,True,True,True,True,True,,2026-05-21,0x57bdda51774313bdb9c63336ebb6a51de4fddf593c7e828f3096e74b732f5b2f
research_20260521_1000-0457,0x10cd6c71eb522ed6486f5af222eb8443e899ef1633acbe945c009967b0acb7c8,0x10cd6c71eb522ed6486f5af222eb8443e899ef1633acbe945c009967b0acb7c8,True,True,True,True,True,True,,2026-05-21,0x57bdda51774313bdb9c63336ebb6a51de4fddf593c7e828f3096e74b732f5b2f
research_20260521_1000-0458,0x3116c360d188d5a4dc501b19d8acc2c7051f39e860d41b66116b6782d26e6c8e,0x3116c360d188d5a4dc501b19d8acc2c7051f39e860d41b66116b6782d26e6c8e,True,True,True,True,True,True,,2026-05-21,0x57bdda51774313bdb9c63336ebb6a51de4fddf593c7e828f3096e74b732f5b2f
research_20260521_1000-0459,0x65819467646336ade50bd38dd3281a67e3cb986a144a94437a9691ed1fb1a775,0x65819467646336ade50bd38dd3281a67e3cb986a144a94437a9691ed1fb1a775,True,True,True,True,True,True,,2026-05-21,0x57bdda51774313bdb9c63336ebb6a51de4fddf593c7e828f3096e74b732f5b2f
research_20260521_1000-0460,0xc6c91d30bd4909f3e519095d878d25eb17c49d16da6d1f2276714fdcd5d260f7,0xc6c91d30bd4909f3e519095d878d25eb17c49d16da6d1f2276714fdcd5d260f7,True,True,True,True,True,True,,2026-05-21,0x57bdda51774313bdb9c63336ebb6a51de4fddf593c7e828f3096e74b732f5b2f
research_20260521_1000-0461,0xa0cfc46ba0cff773214a4a598f34759bf3bcc81b4e11cd9a40873e6b4de51d5b,0xa0cfc46ba0cff773214a4a598f34759bf3bcc81b4e11cd9a40873e6b4de51d5b,True,True,True,True,True,True,,2026-05-21,0x57bdda51774313bdb9c63336ebb6a51de4fddf593c7e828f3096e74b732f5b2f
research_20260521_1000-0462,0x3564a4985f7dbf190c21ff32df7caa0dc989c698806f5f7c3660d16253485668,0x3564a4985f7dbf190c21ff32df7caa0dc989c698806f5f7c3660d16253485668,True,True,True,True,True,True,,2026-05-21,0x57bdda51774313bdb9c63336ebb6a51de4fddf593c7e828f3096e74b732f5b2f
research_20260521_1000-0463,0x8b4a8b30b0c965623489bb39d99f9f74b460880ba791fa7a5df0e3f92325ca5b,0x8b4a8b30b0c965623489bb39d99f9f74b460880ba791fa7a5df0e3f92325ca5b,True,True,True,True,True,True,,2026-05-21,0x57bdda51774313bdb9c63336ebb6a51de4fddf593c7e828f3096e74b732f5b2f
research_20260521_1000-0464,0x6dfd6a0e129bd02b8c223cd8bd860a87a284274204249123c98e13ca661904b8,0x6dfd6a0e129bd02b8c223cd8bd860a87a284274204249123c98e13ca661904b8,True,True,True,True,True,True,,2026-05-21,0x57bdda51774313bdb9c63336ebb6a51de4fddf593c7e828f3096e74b732f5b2f
research_20260521_1000-0465,0x9ba57b36f380b0ead801d3a3fb4a80f31ac8e0a3f5e8d2d2d199f26e57a2963a,0x9ba57b36f380b0ead801d3a3fb4a80f31ac8e0a3f5e8d2d2d199f26e57a2963a,True,True,True,True,True,True,,2026-05-21,0x57bdda51774313bdb9c63336ebb6a51de4fddf593c7e828f3096e74b732f5b2f
research_20260521_1000-0466,0x10052a9ccd5759a8d31ba80c5cfd2739c1f4d2f35aa48ead9efe3a3ef0c1bfbd,0x10052a9ccd5759a8d31ba80c5cfd2739c1f4d2f35aa48ead9efe3a3ef0c1bfbd,True,True,True,True,True,True,,2026-05-21,0x57bdda51774313bdb9c63336ebb6a51de4fddf593c7e828f3096e74b732f5b2f
research_20260521_1000-0467,0x055bec6a7471de9ed503c81f3824a6f61855a499446eba30d626d6fea2265d4c,0x055bec6a7471de9ed503c81f3824a6f61855a499446eba30d626d6fea2265d4c,True,True,True,True,True,True,,2026-05-21,0x57bdda51774313bdb9c63336ebb6a51de4fddf593c7e828f3096e74b732f5b2f
research_20260521_1000-0468,0x72d126ab2e41e57e0b194e6da4736d4875c48095170c6c63e2de793f87b32805,0x72d126ab2e41e57e0b194e6da4736d4875c48095170c6c63e2de793f87b32805,True,True,True,True,True,True,,2026-05-21,0x57bdda51774313bdb9c63336ebb6a51de4fddf593c7e828f3096e74b732f5b2f
research_20260521_1000-0469,0xc3dc2f478299773f9c677e51e364bb9ba9e09b355ee13326476f2dcdd1e2dd92,0xc3dc2f478299773f9c677e51e364bb9ba9e09b355ee13326476f2dcdd1e2dd92,True,True,True,True,True,True,,2026-05-21,0x57bdda51774313bdb9c63336ebb6a51de4fddf593c7e828f3096e74b732f5b2f
research_20260521_1000-0470,0xa760380117d8ddf66824db706184f531bdf476d3234f248923f341c4f490034d,0xa760380117d8ddf66824db706184f531bdf476d3234f248923f341c4f490034d,True,True,True,True,True,True,,2026-05-21,0x57bdda51774313bdb9c63336ebb6a51de4fddf593c7e828f3096e74b732f5b2f
research_20260521_1000-0471,0x620c29cf9260621f4a540b7f64a39abedad6c5cb7b3295944220b8de921fbb56,0x620c29cf9260621f4a540b7f64a39abedad6c5cb7b3295944220b8de921fbb56,True,True,True,True,True,True,,2026-05-21,0x57bdda51774313bdb9c63336ebb6a51de4fddf593c7e828f3096e74b732f5b2f
research_20260521_1000-0472,0x6ce9b8b15aae0c2cbd95e1a3797aef621ec1b501fedd99e192a77d68993de4f0,0x6ce9b8b15aae0c2cbd95e1a3797aef621ec1b501fedd99e192a77d68993de4f0,True,True,True,True,True,True,,2026-05-21,0x57bdda51774313bdb9c63336ebb6a51de4fddf593c7e828f3096e74b732f5b2f
research_20260521_1000-0473,0x941dd0a5b7fdb67e0aec0622537dbfc40e35b52269b90bd85e85ab844ae9d9aa,0x941dd0a5b7fdb67e0aec0622537dbfc40e35b52269b90bd85e85ab844ae9d9aa,True,True,True,True,True,True,,2026-05-21,0x57bdda51774313bdb9c63336ebb6a51de4fddf593c7e828f3096e74b732f5b2f
research_20260521_1000-0474,0x459947733ac487434d5e60c44c36de232c4632bcf298643e41905d077e150e38,0x459947733ac487434d5e60c44c36de232c4632bcf298643e41905d077e150e38,True,True,True,True,True,True,,2026-05-21,0x57bdda51774313bdb9c63336ebb6a51de4fddf593c7e828f3096e74b732f5b2f
research_20260521_1000-0475,0x9e57721c06bcd4d68b0e3eefcbfe1fdc7ac53bf6dca78b174c7b4f588af37052,0x9e57721c06bcd4d68b0e3eefcbfe1fdc7ac53bf6dca78b174c7b4f588af37052,True,True,True,True,True,True,,2026-05-21,0x57bdda51774313bdb9c63336ebb6a51de4fddf593c7e828f3096e74b732f5b2f
research_20260521_1000-0476,0x77911e5adda20fe7bf9985986b8ac856d3f1583e8a8acff88fb0f6818acf5e17,0x77911e5adda20fe7bf9985986b8ac856d3f1583e8a8acff88fb0f6818acf5e17,True,True,True,True,True,True,,2026-05-21,0x57bdda51774313bdb9c63336ebb6a51de4fddf593c7e828f3096e74b732f5b2f
research_20260521_1000-0477,0x5a17c1c695de7cc1f59766944cf5748fad6ce4f44789d5ce68f86b8bf92c59dc,0x5a17c1c695de7cc1f59766944cf5748fad6ce4f44789d5ce68f86b8bf92c59dc,True,True,True,True,True,True,,2026-05-21,0x57bdda51774313bdb9c63336ebb6a51de4fddf593c7e828f3096e74b732f5b2f
research_20260521_1000-0478,0xdcf045e629e9e0a4b1cbc57b7af3af525c69cdce26de6f69428e3d31f4005c06,0xdcf045e629e9e0a4b1cbc57b7af3af525c69cdce26de6f69428e3d31f4005c06,True,True,True,True,True,True,,2026-05-21,0x57bdda51774313bdb9c63336ebb6a51de4fddf593c7e828f3096e74b732f5b2f
research_20260521_1000-0479,0x14604d488557f5418fae5d270e259cf93ca1f274b6902b3b5c89ba8c4763506f,0x14604d488557f5418fae5d270e259cf93ca1f274b6902b3b5c89ba8c4763506f,True,True,True,True,True,True,,2026-05-21,0x57bdda51774313bdb9c63336ebb6a51de4fddf593c7e828f3096e74b732f5b2f
research_20260521_1000-0480,0x0ce2da194bde9dfbbcf0a2a4557b398f60cbcb43d49ba782fb720390ed3dd89c,0x0ce2da194bde9dfbbcf0a2a4557b398f60cbcb43d49ba782fb720390ed3dd89c,True,True,True,True,True,True,,2026-05-21,0x57bdda51774313bdb9c63336ebb6a51de4fddf593c7e828f3096e74b732f5b2f
research_20260521_1000-0481,0x73a78c3c7e7a1759d2e1b5ca789345b92a4119bfcebf50bfbbf4a7b2a7f1bcd1,0x73a78c3c7e7a1759d2e1b5ca789345b92a4119bfcebf50bfbbf4a7b2a7f1bcd1,True,True,True,True,True,True,,2026-05-21,0x57bdda51774313bdb9c63336ebb6a51de4fddf593c7e828f3096e74b732f5b2f
research_20260521_1000-0482,0xeaafdebc0e8c8774ded22b144c6eb3ce42188955211349487b7ce8367493ff91,0xeaafdebc0e8c8774ded22b144c6eb3ce42188955211349487b7ce8367493ff91,True,True,True,True,True,True,,2026-05-21,0x57bdda51774313bdb9c63336ebb6a51de4fddf593c7e828f3096e74b732f5b2f
research_20260521_1000-0483,0xa34cbb296f633db44157b551747c49f58ee50618daa250657eeebed329e2b62e,0xa34cbb296f633db44157b551747c49f58ee50618daa250657eeebed329e2b62e,True,True,True,True,True,True,,2026-05-21,0x57bdda51774313bdb9c63336ebb6a51de4fddf593c7e828f3096e74b732f5b2f
research_20260521_1000-0484,0x8c069aea0ddeb65b373ca1063dce956ae9c794d77ebfaad2e281ab5cba368d5f,0x8c069aea0ddeb65b373ca1063dce956ae9c794d77ebfaad2e281ab5cba368d5f,True,True,True,True,True,True,,2026-05-21,0x57bdda51774313bdb9c63336ebb6a51de4fddf593c7e828f3096e74b732f5b2f
research_20260521_1000-0485,0x190ad4da9983ec88f05c9c80b15244a4360fe58d80cc58647c3556d6b28c2dec,0x190ad4da9983ec88f05c9c80b15244a4360fe58d80cc58647c3556d6b28c2dec,True,True,True,True,True,True,,2026-05-21,0x57bdda51774313bdb9c63336ebb6a51de4fddf593c7e828f3096e74b732f5b2f
research_20260521_1000-0486,0x21f23485938ae31e1a58bc45e0395f519c327b1416222dd64df55cbf21fff33a,0x21f23485938ae31e1a58bc45e0395f519c327b1416222dd64df55cbf21fff33a,True,True,True,True,True,True,,2026-05-21,0x57bdda51774313bdb9c63336ebb6a51de4fddf593c7e828f3096e74b732f5b2f
research_20260521_1000-0487,0x273132f1266144baffa614ccd9ea52369f89c415d4ab9bb28acfc46d84283eb8,0x273132f1266144baffa614ccd9ea52369f89c415d4ab9bb28acfc46d84283eb8,True,True,True,True,True,True,,2026-05-21,0x57bdda51774313bdb9c63336ebb6a51de4fddf593c7e828f3096e74b732f5b2f
research_20260521_1000-0488,0xdd6e4569c8d0ac1ef711b6130e75d4e5e4d22d091d232d2a9de20bcef16f0d80,0xdd6e4569c8d0ac1ef711b6130e75d4e5e4d22d091d232d2a9de20bcef16f0d80,True,True,True,True,True,True,,2026-05-21,0x57bdda51774313bdb9c63336ebb6a51de4fddf593c7e828f3096e74b732f5b2f
research_20260521_1000-0489,0x4041143b8a06fce4f2d8a1afb735820a9a479204ddf36aa8525ece50cf1089ec,0x4041143b8a06fce4f2d8a1afb735820a9a479204ddf36aa8525ece50cf1089ec,True,True,True,True,True,True,,2026-05-21,0x57bdda51774313bdb9c63336ebb6a51de4fddf593c7e828f3096e74b732f5b2f
research_20260521_1000-0490,0x8fccf462022b26c7352341bc5b40ad407542684988680b41bca89c66ab26ff88,0x8fccf462022b26c7352341bc5b40ad407542684988680b41bca89c66ab26ff88,True,True,True,True,True,True,,2026-05-21,0x57bdda51774313bdb9c63336ebb6a51de4fddf593c7e828f3096e74b732f5b2f
research_20260521_1000-0491,0x5a74394405323ae95bb60d36d58b6166eaa000da8289bfd97dd751b7320989bf,0x5a74394405323ae95bb60d36d58b6166eaa000da8289bfd97dd751b7320989bf,True,True,True,True,True,True,,2026-05-21,0x57bdda51774313bdb9c63336ebb6a51de4fddf593c7e828f3096e74b732f5b2f
research_20260521_1000-0492,0x1d291952ba84d581374a91d5864a9e97ee8e64e2dbe99c648632f7aeceb0e7ed,0x1d291952ba84d581374a91d5864a9e97ee8e64e2dbe99c648632f7aeceb0e7ed,True,True,True,True,True,True,,2026-05-21,0x57bdda51774313bdb9c63336ebb6a51de4fddf593c7e828f3096e74b732f5b2f
research_20260521_1000-0493,0xcd7fa05798a02e0a603f3add710049d5a1a5d6a240cdf6969b63eb251d52fca0,0xcd7fa05798a02e0a603f3add710049d5a1a5d6a240cdf6969b63eb251d52fca0,True,True,True,True,True,True,,2026-05-21,0x57bdda51774313bdb9c63336ebb6a51de4fddf593c7e828f3096e74b732f5b2f
research_20260521_1000-0494,0x0b5bd1508e4826c5616bb304bd142f465cdc36491d6a5648ffe7d11f10dbfbab,0x0b5bd1508e4826c5616bb304bd142f465cdc36491d6a5648ffe7d11f10dbfbab,True,True,True,True,True,True,,2026-05-21,0x57bdda51774313bdb9c63336ebb6a51de4fddf593c7e828f3096e74b732f5b2f
research_20260521_1000-0495,0x3635413c2298361248175450069eee379b83f5148724f9a173508cc4e5d57b08,0x3635413c2298361248175450069eee379b83f5148724f9a173508cc4e5d57b08,True,True,True,True,True,True,,2026-05-21,0x57bdda51774313bdb9c63336ebb6a51de4fddf593c7e828f3096e74b732f5b2f
research_20260521_1000-0496,0xb84cbc7e3dd99fb121cab782b4216eb748cc306e1258795c3250340f0a186a54,0xb84cbc7e3dd99fb121cab782b4216eb748cc306e1258795c3250340f0a186a54,True,True,True,True,True,True,,2026-05-21,0x57bdda51774313bdb9c63336ebb6a51de4fddf593c7e828f3096e74b732f5b2f
research_20260521_1000-0497,0xbdab061e12e3e89d2133e4338d4a761b96e80ccbace3e05a89413cd4ad7b22e5,0xbdab061e12e3e89d2133e4338d4a761b96e80ccbace3e05a89413cd4ad7b22e5,True,True,True,True,True,True,,2026-05-21,0x57bdda51774313bdb9c63336ebb6a51de4fddf593c7e828f3096e74b732f5b2f
research_20260521_1000-0498,0x4e8d31e3f40248c858a0684b9841b050f848b8c535f75b0304215d3c28f47d69,0x4e8d31e3f40248c858a0684b9841b050f848b8c535f75b0304215d3c28f47d69,True,True,True,True,True,True,,2026-05-21,0x57bdda51774313bdb9c63336ebb6a51de4fddf593c7e828f3096e74b732f5b2f
research_20260521_1000-0499,0x3dcd4c481c974b6a9a80c4d122acd5e337f5e84785d8c2ca0d2c7b4e7ee26fe8,0x3dcd4c481c974b6a9a80c4d122acd5e337f5e84785d8c2ca0d2c7b4e7ee26fe8,True,True,True,True,True,True,,2026-05-21,0x57bdda51774313bdb9c63336ebb6a51de4fddf593c7e828f3096e74b732f5b2f
research_20260521_1000-0500,0x8eb06c298759276bffe9b9828a4ee7f78717ddf0e5613495012fc94212ae62da,0x8eb06c298759276bffe9b9828a4ee7f78717ddf0e5613495012fc94212ae62da,True,True,True,True,True,True,,2026-05-21,0x57bdda51774313bdb9c63336ebb6a51de4fddf593c7e828f3096e74b732f5b2f
research_20260521_1000-0501,0x2fa066025e0fdd91618e0f70be746bb64e20c6f72ccc9d2c37dd27857cc2f67f,0x2fa066025e0fdd91618e0f70be746bb64e20c6f72ccc9d2c37dd27857cc2f67f,True,True,True,True,True,True,,2026-05-21,0x57bdda51774313bdb9c63336ebb6a51de4fddf593c7e828f3096e74b732f5b2f
research_20260521_1000-0502,0xe518f101a25e3a7a39369b06d46b478123d1167e6eb3bbae47b5cda94ed59a52,0xe518f101a25e3a7a39369b06d46b478123d1167e6eb3bbae47b5cda94ed59a52,True,True,True,True,True,True,,2026-05-21,0x57bdda51774313bdb9c63336ebb6a51de4fddf593c7e828f3096e74b732f5b2f
research_20260521_1000-0503,0xffa014b6a610daa04ed827a450d79d9b380c19570b741cdf04de91fa7a5c74c1,0xffa014b6a610daa04ed827a450d79d9b380c19570b741cdf04de91fa7a5c74c1,True,True,True,True,True,True,,2026-05-21,0x57bdda51774313bdb9c63336ebb6a51de4fddf593c7e828f3096e74b732f5b2f
research_20260521_1000-0504,0x9fcd0adbcee441286a360146c8632f3efbab2d04db1912a5347614318a46040f,0x9fcd0adbcee441286a360146c8632f3efbab2d04db1912a5347614318a46040f,True,True,True,True,True,True,,2026-05-21,0x57bdda51774313bdb9c63336ebb6a51de4fddf593c7e828f3096e74b732f5b2f
research_20260521_1000-0505,0x88cccb6d46d25a263affde63f6c786dcb17260597f895d91929e0a715e4bc5f5,0x88cccb6d46d25a263affde63f6c786dcb17260597f895d91929e0a715e4bc5f5,True,True,True,True,True,True,,2026-05-21,0x57bdda51774313bdb9c63336ebb6a51de4fddf593c7e828f3096e74b732f5b2f
research_20260521_1000-0506,0x8fcc0353444bb6c4f0e59af8e8b2890da824b24b62ee6ca1bb4f7519a99a03d0,0x8fcc0353444bb6c4f0e59af8e8b2890da824b24b62ee6ca1bb4f7519a99a03d0,True,True,True,True,True,True,,2026-05-21,0x57bdda51774313bdb9c63336ebb6a51de4fddf593c7e828f3096e74b732f5b2f
research_20260521_1000-0507,0x7426a021cb4367fd188c904fcb69b330e5c94b80430ba4c9aff15c64dae98b36,0x7426a021cb4367fd188c904fcb69b330e5c94b80430ba4c9aff15c64dae98b36,True,True,True,True,True,True,,2026-05-21,0x57bdda51774313bdb9c63336ebb6a51de4fddf593c7e828f3096e74b732f5b2f
research_20260521_1000-0508,0x562a2b7503199158892e39d28d1111eb3e5b07094fa417444d2c59ad91f9f370,0x562a2b7503199158892e39d28d1111eb3e5b07094fa417444d2c59ad91f9f370,True,True,True,True,True,True,,2026-05-21,0x57bdda51774313bdb9c63336ebb6a51de4fddf593c7e828f3096e74b732f5b2f
research_20260521_1000-0509,0x0e48cd88111e4e47c51f87f4952a204cb8bbed03a7a6961940adefaf0028c37a,0x0e48cd88111e4e47c51f87f4952a204cb8bbed03a7a6961940adefaf0028c37a,True,True,True,True,True,True,,2026-05-21,0x57bdda51774313bdb9c63336ebb6a51de4fddf593c7e828f3096e74b732f5b2f
research_20260521_1000-0510,0x0adf2b7bcff231e09415aaa8662543a95ee3d6fdfe512687cf324de399519135,0x0adf2b7bcff231e09415aaa8662543a95ee3d6fdfe512687cf324de399519135,True,True,True,True,True,True,,2026-05-21,0x57bdda51774313bdb9c63336ebb6a51de4fddf593c7e828f3096e74b732f5b2f
research_20260521_1000-0511,0x1e515450d9a2461b0ac194704f7694415eadd332edad631ca144385f574c01d2,0x1e515450d9a2461b0ac194704f7694415eadd332edad631ca144385f574c01d2,True,True,True,True,True,True,,2026-05-21,0x57bdda51774313bdb9c63336ebb6a51de4fddf593c7e828f3096e74b732f5b2f
research_20260521_1000-0512,0xac45bf282b399379cfa5d4327b1a02fb6c69efe10cf1f18492390d1a6dd1bd82,0xac45bf282b399379cfa5d4327b1a02fb6c69efe10cf1f18492390d1a6dd1bd82,True,True,True,True,True,True,,2026-05-21,0x57bdda51774313bdb9c63336ebb6a51de4fddf593c7e828f3096e74b732f5b2f
research_20260521_1000-0513,0xcbf29122af55dfea247d3119ddc5e99f930edb0270e061078883d4e3e67535fe,0xcbf29122af55dfea247d3119ddc5e99f930edb0270e061078883d4e3e67535fe,True,True,True,True,True,True,,2026-05-21,0x57bdda51774313bdb9c63336ebb6a51de4fddf593c7e828f3096e74b732f5b2f
research_20260521_1000-0514,0xd5a3e7f285d947bf6db2b8d300c2b8bb5181eaadd956e5dc725a445b8a6e0754,0xd5a3e7f285d947bf6db2b8d300c2b8bb5181eaadd956e5dc725a445b8a6e0754,True,True,True,True,True,True,,2026-05-21,0x57bdda51774313bdb9c63336ebb6a51de4fddf593c7e828f3096e74b732f5b2f
research_20260521_1000-0515,0x7bf578308ce0ce9bc6583d5e19ceddbbd5697dc1c766b694f72ad8e1f2cb08f6,0x7bf578308ce0ce9bc6583d5e19ceddbbd5697dc1c766b694f72ad8e1f2cb08f6,True,True,True,True,True,True,,2026-05-21,0x57bdda51774313bdb9c63336ebb6a51de4fddf593c7e828f3096e74b732f5b2f
research_20260521_1000-0516,0x22dd3bbc5926d6e2b2eaa8398a8c720876c511ef9ba34508e0dc1a7f74f5d07e,0x22dd3bbc5926d6e2b2eaa8398a8c720876c511ef9ba34508e0dc1a7f74f5d07e,True,True,True,True,True,True,,2026-05-21,0x57bdda51774313bdb9c63336ebb6a51de4fddf593c7e828f3096e74b732f5b2f
research_20260521_1000-0517,0xf9bd7b43cf3aa54d11c96a970c5af985e06f0a1fcc3512b7bb4818be7be2e205,0xf9bd7b43cf3aa54d11c96a970c5af985e06f0a1fcc3512b7bb4818be7be2e205,True,True,True,True,True,True,,2026-05-21,0x57bdda51774313bdb9c63336ebb6a51de4fddf593c7e828f3096e74b732f5b2f
research_20260521_1000-0518,0xbf226da23b917ea2380f730a93281b2757a4633159bba25fc4047939721d5557,0xbf226da23b917ea2380f730a93281b2757a4633159bba25fc4047939721d5557,True,True,True,True,True,True,,2026-05-21,0x57bdda51774313bdb9c63336ebb6a51de4fddf593c7e828f3096e74b732f5b2f
research_20260521_1000-0519,0xcc9c8f62fbcab3f635230d68b5ab62628740a354344d7da76dceb5b82cd6a9ea,0xcc9c8f62fbcab3f635230d68b5ab62628740a354344d7da76dceb5b82cd6a9ea,True,True,True,True,True,True,,2026-05-21,0x57bdda51774313bdb9c63336ebb6a51de4fddf593c7e828f3096e74b732f5b2f
research_20260521_1000-0520,0x6333f83ae726000e590e0a5977e4042cc401908acf7fc376e74c883d43ac6032,0x6333f83ae726000e590e0a5977e4042cc401908acf7fc376e74c883d43ac6032,True,True,True,True,True,True,,2026-05-21,0x57bdda51774313bdb9c63336ebb6a51de4fddf593c7e828f3096e74b732f5b2f
research_20260521_1000-0521,0x5cf221eed47e5726c11e436604e82ffb89fde94343acc178d9c0076eeaf91c55,0x5cf221eed47e5726c11e436604e82ffb89fde94343acc178d9c0076eeaf91c55,True,True,True,True,True,True,,2026-05-21,0x57bdda51774313bdb9c63336ebb6a51de4fddf593c7e828f3096e74b732f5b2f
research_20260521_1000-0522,0xfebf3cd2f66da3b48efdb32a752d9bfe2697cc8640f786218931979a57a847af,0xfebf3cd2f66da3b48efdb32a752d9bfe2697cc8640f786218931979a57a847af,True,True,True,True,True,True,,2026-05-21,0x57bdda51774313bdb9c63336ebb6a51de4fddf593c7e828f3096e74b732f5b2f
research_20260521_1000-0523,0x25adaad345fa413937fadc828c92b0e9a115a1f074e1844d573101c6778b9984,0x25adaad345fa413937fadc828c92b0e9a115a1f074e1844d573101c6778b9984,True,True,True,True,True,True,,2026-05-21,0x57bdda51774313bdb9c63336ebb6a51de4fddf593c7e828f3096e74b732f5b2f
research_20260521_1000-0524,0xab186df953f8e84f7569eb9196ce5f325a135a93ca366800cf4e4eac7d79be7a,0xab186df953f8e84f7569eb9196ce5f325a135a93ca366800cf4e4eac7d79be7a,True,True,True,True,True,True,,2026-05-21,0x57bdda51774313bdb9c63336ebb6a51de4fddf593c7e828f3096e74b732f5b2f
research_20260521_1000-0525,0x52f386d5decca6fed0237fac54c3fce66b1317ee3e463cff0abe357ae7683831,0x52f386d5decca6fed0237fac54c3fce66b1317ee3e463cff0abe357ae7683831,True,True,True,True,True,True,,2026-05-21,0x57bdda51774313bdb9c63336ebb6a51de4fddf593c7e828f3096e74b732f5b2f
research_20260521_1000-0526,0xf4adcaf6e0e7d3e784f20677a6433119a0c116737369863b18a77f1995a6f3b8,0xf4adcaf6e0e7d3e784f20677a6433119a0c116737369863b18a77f1995a6f3b8,True,True,True,True,True,True,,2026-05-21,0x57bdda51774313bdb9c63336ebb6a51de4fddf593c7e828f3096e74b732f5b2f
research_20260521_1000-0527,0xad9760141acb45e8680336098a1fd33ce794958d27c6a26b4bc811dbae8f8ec1,0xad9760141acb45e8680336098a1fd33ce794958d27c6a26b4bc811dbae8f8ec1,True,True,True,True,True,True,,2026-05-21,0x57bdda51774313bdb9c63336ebb6a51de4fddf593c7e828f3096e74b732f5b2f
research_20260521_1000-0528,0x5b42541061f37ae0e7e744a60415af9f9cd7f57cd2173664fcd6fa236a3af229,0x5b42541061f37ae0e7e744a60415af9f9cd7f57cd2173664fcd6fa236a3af229,True,True,True,True,True,True,,2026-05-21,0x57bdda51774313bdb9c63336ebb6a51de4fddf593c7e828f3096e74b732f5b2f
research_20260521_1000-0529,0x5d15b0fdf1999a8326c2ba5a19f3f59c47dd21709b9b0ef9b48426dccd532c51,0x5d15b0fdf1999a8326c2ba5a19f3f59c47dd21709b9b0ef9b48426dccd532c51,True,True,True,True,True,True,,2026-05-21,0x57bdda51774313bdb9c63336ebb6a51de4fddf593c7e828f3096e74b732f5b2f
research_20260521_1000-0530,0xdf24059d877a600da579bcaf4e342bde0eb923e6f5bda92e60ced3738e8d2707,0xdf24059d877a600da579bcaf4e342bde0eb923e6f5bda92e60ced3738e8d2707,True,True,True,True,True,True,,2026-05-21,0x57bdda51774313bdb9c63336ebb6a51de4fddf593c7e828f3096e74b732f5b2f
research_20260521_1000-0531,0xd5ab2f2dc6471eaf076e565e2920aafe11df4d572e9187f09f356cb5a43971ba,0xd5ab2f2dc6471eaf076e565e2920aafe11df4d572e9187f09f356cb5a43971ba,True,True,True,True,True,True,,2026-05-21,0x57bdda51774313bdb9c63336ebb6a51de4fddf593c7e828f3096e74b732f5b2f
research_20260521_1000-0532,0x516655dec8c14e8dd3075e964dd11719fe25215f84803abea45e84ccea21b3a5,0x516655dec8c14e8dd3075e964dd11719fe25215f84803abea45e84ccea21b3a5,True,True,True,True,True,True,,2026-05-21,0x57bdda51774313bdb9c63336ebb6a51de4fddf593c7e828f3096e74b732f5b2f
research_20260521_1000-0533,0xd77b5c2a5499093257fb39248bb6637d14212e59b9887b648255ea8bac1c1a13,0xd77b5c2a5499093257fb39248bb6637d14212e59b9887b648255ea8bac1c1a13,True,True,True,True,True,True,,2026-05-21,0x57bdda51774313bdb9c63336ebb6a51de4fddf593c7e828f3096e74b732f5b2f
research_20260521_1000-0534,0xc138a2df43893823d712b954c1aa00a0c853b9ff99a36b44084693e93fc444a4,0xc138a2df43893823d712b954c1aa00a0c853b9ff99a36b44084693e93fc444a4,True,True,True,True,True,True,,2026-05-21,0x57bdda51774313bdb9c63336ebb6a51de4fddf593c7e828f3096e74b732f5b2f
research_20260521_1000-0535,0x4509d0a7f7f9775a240a7af11c4d78a09d804d4da4871dcb886f4149f111f2a1,0x4509d0a7f7f9775a240a7af11c4d78a09d804d4da4871dcb886f4149f111f2a1,True,True,True,True,True,True,,2026-05-21,0x57bdda51774313bdb9c63336ebb6a51de4fddf593c7e828f3096e74b732f5b2f
research_20260521_1000-0536,0x023e4441c6f1a7fd05b8948ae077e0e56a76ba5ff284065de6badc2f5af17b15,0x023e4441c6f1a7fd05b8948ae077e0e56a76ba5ff284065de6badc2f5af17b15,True,True,True,True,True,True,,2026-05-21,0x57bdda51774313bdb9c63336ebb6a51de4fddf593c7e828f3096e74b732f5b2f
research_20260521_1000-0537,0x622268a271e8be19bbc318e942ed7ef7cde8efbfd2d8d831f4306e2490ca2dd7,0x622268a271e8be19bbc318e942ed7ef7cde8efbfd2d8d831f4306e2490ca2dd7,True,True,True,True,True,True,,2026-05-21,0x57bdda51774313bdb9c63336ebb6a51de4fddf593c7e828f3096e74b732f5b2f
research_20260521_1000-0538,0xafafe3a7fb2e8a30dbef5cd36f647b2fe38c30128657fa175b612b338a2aecef,0xafafe3a7fb2e8a30dbef5cd36f647b2fe38c30128657fa175b612b338a2aecef,True,True,True,True,True,True,,2026-05-21,0x57bdda51774313bdb9c63336ebb6a51de4fddf593c7e828f3096e74b732f5b2f
research_20260521_1000-0539,0x310ca91b2476c325d3ccfae689b7d220fba5ecdb8741c2639db44105af4d52f3,0x310ca91b2476c325d3ccfae689b7d220fba5ecdb8741c2639db44105af4d52f3,True,True,True,True,True,True,,2026-05-21,0x57bdda51774313bdb9c63336ebb6a51de4fddf593c7e828f3096e74b732f5b2f
research_20260521_1000-0540,0x6cf2da13c34e975194a005dfea2cdf1a73ea4784b6bf04b63248cd93d8d04eaf,0x6cf2da13c34e975194a005dfea2cdf1a73ea4784b6bf04b63248cd93d8d04eaf,True,True,True,True,True,True,,2026-05-21,0x57bdda51774313bdb9c63336ebb6a51de4fddf593c7e828f3096e74b732f5b2f
research_20260521_1000-0541,0x8de19bcb35d3dd12a70e45c66b4b941e5eabecff5be10fd6ed598e15b7ebaca0,0x8de19bcb35d3dd12a70e45c66b4b941e5eabecff5be10fd6ed598e15b7ebaca0,True,True,True,True,True,True,,2026-05-21,0x57bdda51774313bdb9c63336ebb6a51de4fddf593c7e828f3096e74b732f5b2f
research_20260521_1000-0542,0x0e33ffe932980489e6834a5a2c1e87ec2c09caa9b284b1902d218211799fb7a6,0x0e33ffe932980489e6834a5a2c1e87ec2c09caa9b284b1902d218211799fb7a6,True,True,True,True,True,True,,2026-05-21,0x57bdda51774313bdb9c63336ebb6a51de4fddf593c7e828f3096e74b732f5b2f
research_20260521_1000-0543,0x2aa2507485a38fc2ebd360cdcc01815044b4c6e516bbe76710e98283ed5c7139,0x2aa2507485a38fc2ebd360cdcc01815044b4c6e516bbe76710e98283ed5c7139,True,True,True,True,True,True,,2026-05-21,0x57bdda51774313bdb9c63336ebb6a51de4fddf593c7e828f3096e74b732f5b2f
research_20260521_1000-0544,0xb95c954b2cb3b1f9ca97b2f8ad201bb5982c9512588029cfe9b091b8b744399b,0xb95c954b2cb3b1f9ca97b2f8ad201bb5982c9512588029cfe9b091b8b744399b,True,True,True,True,True,True,,2026-05-21,0x57bdda51774313bdb9c63336ebb6a51de4fddf593c7e828f3096e74b732f5b2f
research_20260521_1000-0545,0xa6bfa3650946db4c789ae797affa866a25076d65337fbb9fd5b27ddfddd73ea3,0xa6bfa3650946db4c789ae797affa866a25076d65337fbb9fd5b27ddfddd73ea3,True,True,True,True,True,True,,2026-05-21,0x57bdda51774313bdb9c63336ebb6a51de4fddf593c7e828f3096e74b732f5b2f
research_20260521_1000-0546,0xdc3f7369e5c064a763f25b1dcf31ea567ca3117d970ddc2924cccb5c5d73c11f,0xdc3f7369e5c064a763f25b1dcf31ea567ca3117d970ddc2924cccb5c5d73c11f,True,True,True,True,True,True,,2026-05-21,0x57bdda51774313bdb9c63336ebb6a51de4fddf593c7e828f3096e74b732f5b2f
research_20260521_1000-0547,0x26ceccac14ef9bd0e937968d39a73b05c5a118e94685a90bae36b1a449e372bd,0x26ceccac14ef9bd0e937968d39a73b05c5a118e94685a90bae36b1a449e372bd,True,True,True,True,True,True,,2026-05-21,0x57bdda51774313bdb9c63336ebb6a51de4fddf593c7e828f3096e74b732f5b2f
research_20260521_1000-0548,0x69d213c40a5f711be1ce9a2940838341ae604a3a1417af4a33cea6e567fa9c93,0x69d213c40a5f711be1ce9a2940838341ae604a3a1417af4a33cea6e567fa9c93,True,True,True,True,True,True,,2026-05-21,0x57bdda51774313bdb9c63336ebb6a51de4fddf593c7e828f3096e74b732f5b2f
research_20260521_1000-0549,0x0f85a7d949338410bfd9ff5e5a21437a13fcd3ef7331e2ce67a54ad5bc2504ea,0x0f85a7d949338410bfd9ff5e5a21437a13fcd3ef7331e2ce67a54ad5bc2504ea,True,True,True,True,True,True,,2026-05-21,0x57bdda51774313bdb9c63336ebb6a51de4fddf593c7e828f3096e74b732f5b2f
research_20260521_1000-0550,0xb2f4bf4602bbf226ce3c269ab4a028fa632d77d1eb4448e0de0e1afda56ef6cd,0xb2f4bf4602bbf226ce3c269ab4a028fa632d77d1eb4448e0de0e1afda56ef6cd,True,True,True,True,True,True,,2026-05-21,0x57bdda51774313bdb9c63336ebb6a51de4fddf593c7e828f3096e74b732f5b2f
research_20260521_1000-0551,0x0d93ad22cd6ccd963a338dd1d136f857288ff675d860521afdcab3b868859a35,0x0d93ad22cd6ccd963a338dd1d136f857288ff675d860521afdcab3b868859a35,True,True,True,True,True,True,,2026-05-21,0x57bdda51774313bdb9c63336ebb6a51de4fddf593c7e828f3096e74b732f5b2f
research_20260521_1000-0552,0x660349d6f0e0878167b294421a1a9615966b3d31facb1bf83fb9ce5607ffcaed,0x660349d6f0e0878167b294421a1a9615966b3d31facb1bf83fb9ce5607ffcaed,True,True,True,True,True,True,,2026-05-21,0x57bdda51774313bdb9c63336ebb6a51de4fddf593c7e828f3096e74b732f5b2f
research_20260521_1000-0553,0x8233431817576a1267ab9f209abb36ce439ad357ce4f00281bf49a442a2be346,0x8233431817576a1267ab9f209abb36ce439ad357ce4f00281bf49a442a2be346,True,True,True,True,True,True,,2026-05-21,0x57bdda51774313bdb9c63336ebb6a51de4fddf593c7e828f3096e74b732f5b2f
research_20260521_1000-0554,0x364b7812a6df44df3102be9526f7a279e7d5d575690640266e40fe60287870fb,0x364b7812a6df44df3102be9526f7a279e7d5d575690640266e40fe60287870fb,True,True,True,True,True,True,,2026-05-21,0x57bdda51774313bdb9c63336ebb6a51de4fddf593c7e828f3096e74b732f5b2f
research_20260521_1000-0555,0x898b94389e7ef4424b5f753e37d508613e983000e35bb66ab7e1f728ddff395b,0x898b94389e7ef4424b5f753e37d508613e983000e35bb66ab7e1f728ddff395b,True,True,True,True,True,True,,2026-05-21,0x57bdda51774313bdb9c63336ebb6a51de4fddf593c7e828f3096e74b732f5b2f
research_20260521_1000-0556,0x64d3c75c789e74a162b31cd98bb575241ac0e4d0c2db4deae4278cd3e02b032b,0x64d3c75c789e74a162b31cd98bb575241ac0e4d0c2db4deae4278cd3e02b032b,True,True,True,True,True,True,,2026-05-21,0x57bdda51774313bdb9c63336ebb6a51de4fddf593c7e828f3096e74b732f5b2f
research_20260521_1000-0557,0x97f2a1eed1cc2a3e43db109b920a637533a102109ab36cc04239528b42309cb5,0x97f2a1eed1cc2a3e43db109b920a637533a102109ab36cc04239528b42309cb5,True,True,True,True,True,True,,2026-05-21,0x57bdda51774313bdb9c63336ebb6a51de4fddf593c7e828f3096e74b732f5b2f
research_20260521_1000-0558,0xcb49a7244016c6c2552b030019ba262ba5441bfa0f1d4cb7ddfb6668f56d92d7,0xcb49a7244016c6c2552b030019ba262ba5441bfa0f1d4cb7ddfb6668f56d92d7,True,True,True,True,True,True,,2026-05-21,0x57bdda51774313bdb9c63336ebb6a51de4fddf593c7e828f3096e74b732f5b2f
research_20260521_1000-0559,0xe1ec614f584b73766c676adc12d086a33134e8b7478c5d6f356326b9d3bea45a,0xe1ec614f584b73766c676adc12d086a33134e8b7478c5d6f356326b9d3bea45a,True,True,True,True,True,True,,2026-05-21,0x57bdda51774313bdb9c63336ebb6a51de4fddf593c7e828f3096e74b732f5b2f
research_20260521_1000-0560,0x339e09aa4685261d72b59ee19c9bb04f89cef45b2081ed855e3c82c1124a4b3a,0x339e09aa4685261d72b59ee19c9bb04f89cef45b2081ed855e3c82c1124a4b3a,True,True,True,True,True,True,,2026-05-21,0x57bdda51774313bdb9c63336ebb6a51de4fddf593c7e828f3096e74b732f5b2f
research_20260521_1000-0561,0x9e7c0ba3b053bb3d957d11150f751add30b1bb7b23b1373a6da9ab87c2b39997,0x9e7c0ba3b053bb3d957d11150f751add30b1bb7b23b1373a6da9ab87c2b39997,True,True,True,True,True,True,,2026-05-21,0x57bdda51774313bdb9c63336ebb6a51de4fddf593c7e828f3096e74b732f5b2f
research_20260521_1000-0562,0xdb7ac426fb0017d26fd58181404d1f87119d95b869c26c1ef55ff1accdedb6ae,0xdb7ac426fb0017d26fd58181404d1f87119d95b869c26c1ef55ff1accdedb6ae,True,True,True,True,True,True,,2026-05-21,0x57bdda51774313bdb9c63336ebb6a51de4fddf593c7e828f3096e74b732f5b2f
research_20260521_1000-0563,0x04073feed5a72d61dfea9cc42286f9de78d60b967fb0fb5dcd142218106f4999,0x04073feed5a72d61dfea9cc42286f9de78d60b967fb0fb5dcd142218106f4999,True,True,True,True,True,True,,2026-05-21,0x57bdda51774313bdb9c63336ebb6a51de4fddf593c7e828f3096e74b732f5b2f
research_20260521_1000-0564,0x0629920d6fad4ecf64fede5aabd8d5ab9cdf684ddb30909b697c8c90fff53ca4,0x0629920d6fad4ecf64fede5aabd8d5ab9cdf684ddb30909b697c8c90fff53ca4,True,True,True,True,True,True,,2026-05-21,0x57bdda51774313bdb9c63336ebb6a51de4fddf593c7e828f3096e74b732f5b2f
research_20260521_1000-0565,0xece94a53c75e0a4dd751d84af3253663602a8ea4e7a3dfa8cbee440004a591bd,0xece94a53c75e0a4dd751d84af3253663602a8ea4e7a3dfa8cbee440004a591bd,True,True,True,True,True,True,,2026-05-21,0x57bdda51774313bdb9c63336ebb6a51de4fddf593c7e828f3096e74b732f5b2f
research_20260521_1000-0566,0x2feb41827d98ea5c82b2efa8d30fcfdb82b4bc1f6878c0fd9027ffa476c25815,0x2feb41827d98ea5c82b2efa8d30fcfdb82b4bc1f6878c0fd9027ffa476c25815,True,True,True,True,True,True,,2026-05-21,0x57bdda51774313bdb9c63336ebb6a51de4fddf593c7e828f3096e74b732f5b2f
research_20260521_1000-0567,0x509634f7382b4a9fa8b69e95e40858dda1b5970f5d11f9b77336cfc98d3f84a5,0x509634f7382b4a9fa8b69e95e40858dda1b5970f5d11f9b77336cfc98d3f84a5,True,True,True,True,True,True,,2026-05-21,0x57bdda51774313bdb9c63336ebb6a51de4fddf593c7e828f3096e74b732f5b2f
research_20260521_1000-0568,0xfc517f414caa8b3c3401716186ead3e6799b90453288c8349eaa12c90f596475,0xfc517f414caa8b3c3401716186ead3e6799b90453288c8349eaa12c90f596475,True,True,True,True,True,True,,2026-05-21,0x57bdda51774313bdb9c63336ebb6a51de4fddf593c7e828f3096e74b732f5b2f
research_20260521_1000-0569,0xd9ff8545ea48d13fb2472900b5b13d56ad77b5c993c0dc5ba3ac136c86bcad5c,0xd9ff8545ea48d13fb2472900b5b13d56ad77b5c993c0dc5ba3ac136c86bcad5c,True,True,True,True,True,True,,2026-05-21,0x57bdda51774313bdb9c63336ebb6a51de4fddf593c7e828f3096e74b732f5b2f
research_20260521_1000-0570,0x8641530d4c6c519ca1a7b6ea33080ba82b46f8253c0cf72b6dc24d046042888d,0x8641530d4c6c519ca1a7b6ea33080ba82b46f8253c0cf72b6dc24d046042888d,True,True,True,True,True,True,,2026-05-21,0x57bdda51774313bdb9c63336ebb6a51de4fddf593c7e828f3096e74b732f5b2f
research_20260521_1000-0571,0xffef62352c25936c2bbdf80c0f01bf37af449c90ef4b3551ffeb92843ee87d72,0xffef62352c25936c2bbdf80c0f01bf37af449c90ef4b3551ffeb92843ee87d72,True,True,True,True,True,True,,2026-05-21,0x57bdda51774313bdb9c63336ebb6a51de4fddf593c7e828f3096e74b732f5b2f
research_20260521_1000-0572,0x48f66cae92fba07ce4d3d5dc63feb1728f47fe42ab433006ab26a2d56215af53,0x48f66cae92fba07ce4d3d5dc63feb1728f47fe42ab433006ab26a2d56215af53,True,True,True,True,True,True,,2026-05-21,0x57bdda51774313bdb9c63336ebb6a51de4fddf593c7e828f3096e74b732f5b2f
research_20260521_1000-0573,0x2236b82e3bd216465d34c5f056b628b54bbace9897db0d6434c0f51999aeb02d,0x2236b82e3bd216465d34c5f056b628b54bbace9897db0d6434c0f51999aeb02d,True,True,True,True,True,True,,2026-05-21,0x57bdda51774313bdb9c63336ebb6a51de4fddf593c7e828f3096e74b732f5b2f
research_20260521_1000-0574,0x8426ac068dbe7aa66e119ba0631df536ab9b572748878dfa234e37bae2482358,0x8426ac068dbe7aa66e119ba0631df536ab9b572748878dfa234e37bae2482358,True,True,True,True,True,True,,2026-05-21,0x57bdda51774313bdb9c63336ebb6a51de4fddf593c7e828f3096e74b732f5b2f
research_20260521_1000-0575,0x8b88eb017b31fe0c9349473010a25607a26b15fc045e947c1ede4ae8ed8cd47b,0x8b88eb017b31fe0c9349473010a25607a26b15fc045e947c1ede4ae8ed8cd47b,True,True,True,True,True,True,,2026-05-21,0x57bdda51774313bdb9c63336ebb6a51de4fddf593c7e828f3096e74b732f5b2f
research_20260521_1000-0576,0x8aa2644f0d8bea441a9cc13d5f99d4e61843242b8956acaf0e63f12d8994d038,0x8aa2644f0d8bea441a9cc13d5f99d4e61843242b8956acaf0e63f12d8994d038,True,True,True,True,True,True,,2026-05-21,0x57bdda51774313bdb9c63336ebb6a51de4fddf593c7e828f3096e74b732f5b2f
research_20260521_1000-0577,0x37152099caecbaf0ff16c7007b07955dff02fdceb5579e907fd9eb8b9c264792,0x37152099caecbaf0ff16c7007b07955dff02fdceb5579e907fd9eb8b9c264792,True,True,True,True,True,True,,2026-05-21,0x57bdda51774313bdb9c63336ebb6a51de4fddf593c7e828f3096e74b732f5b2f
research_20260521_1000-0578,0xdfdf73a4d716e144ca5e4a62e87b31c719c82663ac54cfc0c364b4e573b83961,0xdfdf73a4d716e144ca5e4a62e87b31c719c82663ac54cfc0c364b4e573b83961,True,True,True,True,True,True,,2026-05-21,0x57bdda51774313bdb9c63336ebb6a51de4fddf593c7e828f3096e74b732f5b2f
research_20260521_1000-0579,0x5d078ad31cc9aa719271fc6a2484217085fa93f74c9424c9a43b85fdc3a93e45,0x5d078ad31cc9aa719271fc6a2484217085fa93f74c9424c9a43b85fdc3a93e45,True,True,True,True,True,True,,2026-05-21,0x57bdda51774313bdb9c63336ebb6a51de4fddf593c7e828f3096e74b732f5b2f
research_20260521_1000-0580,0xaeae126681389e5437379670d61489a2a2148f49fd34386611db8e71a9243d0b,0xaeae126681389e5437379670d61489a2a2148f49fd34386611db8e71a9243d0b,True,True,True,True,True,True,,2026-05-21,0x57bdda51774313bdb9c63336ebb6a51de4fddf593c7e828f3096e74b732f5b2f
research_20260521_1000-0581,0x47b706cc9212959a707c784041984fed5d3bb4a426f0ca8917b40d9c0975344d,0x47b706cc9212959a707c784041984fed5d3bb4a426f0ca8917b40d9c0975344d,True,True,True,True,True,True,,2026-05-21,0x57bdda51774313bdb9c63336ebb6a51de4fddf593c7e828f3096e74b732f5b2f
research_20260521_1000-0582,0x6d76f764f72b54e7a049ace22a1839b6bbd8b72e9a63bb103ed1f95812281866,0x6d76f764f72b54e7a049ace22a1839b6bbd8b72e9a63bb103ed1f95812281866,True,True,True,True,True,True,,2026-05-21,0x57bdda51774313bdb9c63336ebb6a51de4fddf593c7e828f3096e74b732f5b2f
research_20260521_1000-0583,0xb61e0b725476240c96f0981e711eac2ed144b4d6c83c5092d5dfa8196484c76b,0xb61e0b725476240c96f0981e711eac2ed144b4d6c83c5092d5dfa8196484c76b,True,True,True,True,True,True,,2026-05-21,0x57bdda51774313bdb9c63336ebb6a51de4fddf593c7e828f3096e74b732f5b2f
research_20260521_1000-0584,0xeb5ea610a7d9526009e439cb1bdc7ea638881de7fa90568f138e204ab41439cc,0xeb5ea610a7d9526009e439cb1bdc7ea638881de7fa90568f138e204ab41439cc,True,True,True,True,True,True,,2026-05-21,0x57bdda51774313bdb9c63336ebb6a51de4fddf593c7e828f3096e74b732f5b2f
research_20260521_1000-0585,0x6753e034107e2acfce0d6785b97b5f44f2d4a0f1e8b9764efa09500741bef188,0x6753e034107e2acfce0d6785b97b5f44f2d4a0f1e8b9764efa09500741bef188,True,True,True,True,True,True,,2026-05-21,0x57bdda51774313bdb9c63336ebb6a51de4fddf593c7e828f3096e74b732f5b2f
research_20260521_1000-0586,0x79572fff80c721eae16dc7edccd72a6fcbc011f4c7721bf5223c90b0cc9b5680,0x79572fff80c721eae16dc7edccd72a6fcbc011f4c7721bf5223c90b0cc9b5680,True,True,True,True,True,True,,2026-05-21,0x57bdda51774313bdb9c63336ebb6a51de4fddf593c7e828f3096e74b732f5b2f
research_20260521_1000-0587,0xf54c66f2a8ea02614af21e2978b8b04def29b6a96243233402c4464f14aa0c16,0xf54c66f2a8ea02614af21e2978b8b04def29b6a96243233402c4464f14aa0c16,True,True,True,True,True,True,,2026-05-21,0x57bdda51774313bdb9c63336ebb6a51de4fddf593c7e828f3096e74b732f5b2f
research_20260521_1000-0588,0x00813cbbcac67faacdf7af067a04acc43ba610328597d006275931e5ecb5611a,0x00813cbbcac67faacdf7af067a04acc43ba610328597d006275931e5ecb5611a,True,True,True,True,True,True,,2026-05-21,0x57bdda51774313bdb9c63336ebb6a51de4fddf593c7e828f3096e74b732f5b2f
research_20260521_1000-0589,0x21119e7ef62857c788c924576f39bc28592d6d5d81894033b330f472011691be,0x21119e7ef62857c788c924576f39bc28592d6d5d81894033b330f472011691be,True,True,True,True,True,True,,2026-05-21,0x57bdda51774313bdb9c63336ebb6a51de4fddf593c7e828f3096e74b732f5b2f
research_20260521_1000-0590,0x59563fb359250fcf1f900812d570326dbe6c2d602b6b2a533fe7ba0dec5bb698,0x59563fb359250fcf1f900812d570326dbe6c2d602b6b2a533fe7ba0dec5bb698,True,True,True,True,True,True,,2026-05-21,0x57bdda51774313bdb9c63336ebb6a51de4fddf593c7e828f3096e74b732f5b2f
research_20260521_1000-0591,0xb711a685af95015abd816cbc809d06efd5db83ff1f863509553a18f3d7ce28a5,0xb711a685af95015abd816cbc809d06efd5db83ff1f863509553a18f3d7ce28a5,True,True,True,True,True,True,,2026-05-21,0x57bdda51774313bdb9c63336ebb6a51de4fddf593c7e828f3096e74b732f5b2f
research_20260521_1000-0592,0x2d04acc3b88d431f68c733d801b8cedc2a15a82dbb91bff88656f098f67e6a3e,0x2d04acc3b88d431f68c733d801b8cedc2a15a82dbb91bff88656f098f67e6a3e,True,True,True,True,True,True,,2026-05-21,0x57bdda51774313bdb9c63336ebb6a51de4fddf593c7e828f3096e74b732f5b2f
research_20260521_1000-0593,0x8ec027ad0b4c8a7b84775de44cc9dcc4c3fc0a41804765f58f12fc7434fa2069,0x8ec027ad0b4c8a7b84775de44cc9dcc4c3fc0a41804765f58f12fc7434fa2069,True,True,True,True,True,True,,2026-05-21,0x57bdda51774313bdb9c63336ebb6a51de4fddf593c7e828f3096e74b732f5b2f
research_20260521_1000-0594,0x868643a4916d66e58392ddec13158720cc1e9ebf3489c8c79f662456161d0257,0x868643a4916d66e58392ddec13158720cc1e9ebf3489c8c79f662456161d0257,True,True,True,True,True,True,,2026-05-21,0x57bdda51774313bdb9c63336ebb6a51de4fddf593c7e828f3096e74b732f5b2f
research_20260521_1000-0595,0xa87c22dc66a8971f6a95dc556af43390d1e38517db794f26721a7043da653339,0xa87c22dc66a8971f6a95dc556af43390d1e38517db794f26721a7043da653339,True,True,True,True,True,True,,2026-05-21,0x57bdda51774313bdb9c63336ebb6a51de4fddf593c7e828f3096e74b732f5b2f
research_20260521_1000-0596,0xeb652879243c0969e65b316b8552a71e868ef19f8b56c31f20421065e78a7769,0xeb652879243c0969e65b316b8552a71e868ef19f8b56c31f20421065e78a7769,True,True,True,True,True,True,,2026-05-21,0x57bdda51774313bdb9c63336ebb6a51de4fddf593c7e828f3096e74b732f5b2f
research_20260521_1000-0597,0x1623edf670e27ece4b61a65490b53f8537a092a4b8706e712df0fa8aa7e1ab29,0x1623edf670e27ece4b61a65490b53f8537a092a4b8706e712df0fa8aa7e1ab29,True,True,True,True,True,True,,2026-05-21,0x57bdda51774313bdb9c63336ebb6a51de4fddf593c7e828f3096e74b732f5b2f
research_20260521_1000-0598,0xa91b8ea310fbeb91c27b4b403e4582cf1ae09599acbfa7fb6363d0d007e5831e,0xa91b8ea310fbeb91c27b4b403e4582cf1ae09599acbfa7fb6363d0d007e5831e,True,True,True,True,True,True,,2026-05-21,0x57bdda51774313bdb9c63336ebb6a51de4fddf593c7e828f3096e74b732f5b2f
research_20260521_1000-0599,0x152ce652688f48050fdaa12ceb3db8ea55be94ba329eaa861fe58027fa8f5757,0x152ce652688f48050fdaa12ceb3db8ea55be94ba329eaa861fe58027fa8f5757,True,True,True,True,True,True,,2026-05-21,0x57bdda51774313bdb9c63336ebb6a51de4fddf593c7e828f3096e74b732f5b2f
research_20260521_1000-0600,0xa7c40c093d7551cb299076ece686e3b659ef0d622414744ddec78ccc07ee0995,0xa7c40c093d7551cb299076ece686e3b659ef0d622414744ddec78ccc07ee0995,True,True,True,True,True,True,,2026-05-21,0x57bdda51774313bdb9c63336ebb6a51de4fddf593c7e828f3096e74b732f5b2f
research_20260521_1000-0601,0xa3c35fc64d80c56d9c7ff49970e109579fbce2d57d257093689f2fe46155be23,0xa3c35fc64d80c56d9c7ff49970e109579fbce2d57d257093689f2fe46155be23,True,True,True,True,True,True,,2026-05-21,0x57bdda51774313bdb9c63336ebb6a51de4fddf593c7e828f3096e74b732f5b2f
research_20260521_1000-0602,0x3ac249e3c80d4c1207c2b7e02cfe4230eb4f39fe923b8739ee7215357eeda06d,0x3ac249e3c80d4c1207c2b7e02cfe4230eb4f39fe923b8739ee7215357eeda06d,True,True,True,True,True,True,,2026-05-21,0x57bdda51774313bdb9c63336ebb6a51de4fddf593c7e828f3096e74b732f5b2f
research_20260521_1000-0603,0x108595958a1c72d198d412ebdc911eb6af12b28e79eccc75fa3ce78e8a7534f8,0x108595958a1c72d198d412ebdc911eb6af12b28e79eccc75fa3ce78e8a7534f8,True,True,True,True,True,True,,2026-05-21,0x57bdda51774313bdb9c63336ebb6a51de4fddf593c7e828f3096e74b732f5b2f
research_20260521_1000-0604,0x3cd113bbd64a6af1afb97947417c5eecd347b7e0650be404f0ccc40c9f1c4300,0x3cd113bbd64a6af1afb97947417c5eecd347b7e0650be404f0ccc40c9f1c4300,True,True,True,True,True,True,,2026-05-21,0x57bdda51774313bdb9c63336ebb6a51de4fddf593c7e828f3096e74b732f5b2f
research_20260521_1000-0605,0x2d5924f8a7cb7f85d4242823dc3d5e27fad5ffaf787f45e76a4f221989f07800,0x2d5924f8a7cb7f85d4242823dc3d5e27fad5ffaf787f45e76a4f221989f07800,True,True,True,True,True,True,,2026-05-21,0x57bdda51774313bdb9c63336ebb6a51de4fddf593c7e828f3096e74b732f5b2f
research_20260521_1000-0606,0x4145ae1742bc04bba42c4e0cd2f13fbe23bfd25cd1a7c06a7cce25c0d5b15ee5,0x4145ae1742bc04bba42c4e0cd2f13fbe23bfd25cd1a7c06a7cce25c0d5b15ee5,True,True,True,True,True,True,,2026-05-21,0x57bdda51774313bdb9c63336ebb6a51de4fddf593c7e828f3096e74b732f5b2f
research_20260521_1000-0607,0x80133daa8d29c1e1bd874539a0be523acc562647d95c6807564d475926f2e06d,0x80133daa8d29c1e1bd874539a0be523acc562647d95c6807564d475926f2e06d,True,True,True,True,True,True,,2026-05-21,0x57bdda51774313bdb9c63336ebb6a51de4fddf593c7e828f3096e74b732f5b2f
research_20260521_1000-0608,0x085dc59bfaf86bb5e3ab78445e6aa41e5e01b8db6aa450d5041034cfc80e1a51,0x085dc59bfaf86bb5e3ab78445e6aa41e5e01b8db6aa450d5041034cfc80e1a51,True,True,True,True,True,True,,2026-05-21,0x57bdda51774313bdb9c63336ebb6a51de4fddf593c7e828f3096e74b732f5b2f
research_20260521_1000-0609,0xd8d44cf1065955f118ab0e701ac55b246f5ff541a64a9c01282e1c122f20ce20,0xd8d44cf1065955f118ab0e701ac55b246f5ff541a64a9c01282e1c122f20ce20,True,True,True,True,True,True,,2026-05-21,0x57bdda51774313bdb9c63336ebb6a51de4fddf593c7e828f3096e74b732f5b2f
research_20260521_1000-0610,0x2529606c3f18ab20f566a69fb211a4733dabda8f12814fc53c64559407c0b4b9,0x2529606c3f18ab20f566a69fb211a4733dabda8f12814fc53c64559407c0b4b9,True,True,True,True,True,True,,2026-05-21,0x57bdda51774313bdb9c63336ebb6a51de4fddf593c7e828f3096e74b732f5b2f
research_20260521_1000-0611,0xe43cd058abfe99cd5dace928e483145f4cfda94dd699456f4d334cc4cc5087c9,0xe43cd058abfe99cd5dace928e483145f4cfda94dd699456f4d334cc4cc5087c9,True,True,True,True,True,True,,2026-05-21,0x57bdda51774313bdb9c63336ebb6a51de4fddf593c7e828f3096e74b732f5b2f
research_20260521_1000-0612,0x4fc34d7cf44ad8a53df5a7e756cfeba76ef2236e78e63ba36256f46ac5a8e053,0x4fc34d7cf44ad8a53df5a7e756cfeba76ef2236e78e63ba36256f46ac5a8e053,True,True,True,True,True,True,,2026-05-21,0x57bdda51774313bdb9c63336ebb6a51de4fddf593c7e828f3096e74b732f5b2f
research_20260521_1000-0613,0x708fa116f4e1a1018911018ef9fb62edad97325b372589abdfe234e44dbd22c5,0x708fa116f4e1a1018911018ef9fb62edad97325b372589abdfe234e44dbd22c5,True,True,True,True,True,True,,2026-05-21,0x57bdda51774313bdb9c63336ebb6a51de4fddf593c7e828f3096e74b732f5b2f
research_20260521_1000-0614,0x03c1545d1525a8690d637fb612fd837ef60541b8004b2561e9f857382dfe952f,0x03c1545d1525a8690d637fb612fd837ef60541b8004b2561e9f857382dfe952f,True,True,True,True,True,True,,2026-05-21,0x57bdda51774313bdb9c63336ebb6a51de4fddf593c7e828f3096e74b732f5b2f
research_20260521_1000-0615,0x32a74fef064e29c982c2e283f85327cb55b456fc1aa5ed4b7667b19ff450e9b9,0x32a74fef064e29c982c2e283f85327cb55b456fc1aa5ed4b7667b19ff450e9b9,True,True,True,True,True,True,,2026-05-21,0x57bdda51774313bdb9c63336ebb6a51de4fddf593c7e828f3096e74b732f5b2f
research_20260521_1000-0616,0x023b63103e5158a1e47f7ccd752cf2dfe52bb84ed066e4236d276567d5582f2e,0x023b63103e5158a1e47f7ccd752cf2dfe52bb84ed066e4236d276567d5582f2e,True,True,True,True,True,True,,2026-05-21,0x57bdda51774313bdb9c63336ebb6a51de4fddf593c7e828f3096e74b732f5b2f
research_20260521_1000-0617,0x4fa757a67116126273141674b42da7d61531f7b1225b4829befa53dff40c8a18,0x4fa757a67116126273141674b42da7d61531f7b1225b4829befa53dff40c8a18,True,True,True,True,True,True,,2026-05-21,0x57bdda51774313bdb9c63336ebb6a51de4fddf593c7e828f3096e74b732f5b2f
research_20260521_1000-0618,0xb4d84939a33a96d9149b22170e8c55664be9c9b12edd884c8062e2c52b8e348f,0xb4d84939a33a96d9149b22170e8c55664be9c9b12edd884c8062e2c52b8e348f,True,True,True,True,True,True,,2026-05-21,0x57bdda51774313bdb9c63336ebb6a51de4fddf593c7e828f3096e74b732f5b2f
research_20260521_1000-0619,0x1100e6a77568d9cec41363b6b9dcb9bc0545c89e4baf7fe7c8ab5d3484108bdb,0x1100e6a77568d9cec41363b6b9dcb9bc0545c89e4baf7fe7c8ab5d3484108bdb,True,True,True,True,True,True,,2026-05-21,0x57bdda51774313bdb9c63336ebb6a51de4fddf593c7e828f3096e74b732f5b2f
research_20260521_1000-0620,0x37bf7fd24229e7f1fdaffa5e9ee49c61109d3eb8862486fe5bf178a89f564586,0x37bf7fd24229e7f1fdaffa5e9ee49c61109d3eb8862486fe5bf178a89f564586,True,True,True,True,True,True,,2026-05-21,0x57bdda51774313bdb9c63336ebb6a51de4fddf593c7e828f3096e74b732f5b2f
research_20260521_1000-0621,0x4d9c8279f7118b73f1d23591d417145ff6e2c7abbafaf649eca2c5463d2aabb6,0x4d9c8279f7118b73f1d23591d417145ff6e2c7abbafaf649eca2c5463d2aabb6,True,True,True,True,True,True,,2026-05-21,0x57bdda51774313bdb9c63336ebb6a51de4fddf593c7e828f3096e74b732f5b2f
research_20260521_1000-0622,0xd0a02907150ec453045a053b5d4d1461d42d61a7f5b2bb8fdb6006269bff475f,0xd0a02907150ec453045a053b5d4d1461d42d61a7f5b2bb8fdb6006269bff475f,True,True,True,True,True,True,,2026-05-21,0x57bdda51774313bdb9c63336ebb6a51de4fddf593c7e828f3096e74b732f5b2f
research_20260521_1000-0623,0x7bde190f3f290d6a854d7dd37a8fde823a7c1d8cd1cf799550508135d20771af,0x7bde190f3f290d6a854d7dd37a8fde823a7c1d8cd1cf799550508135d20771af,True,True,True,True,True,True,,2026-05-21,0x57bdda51774313bdb9c63336ebb6a51de4fddf593c7e828f3096e74b732f5b2f
research_20260521_1000-0624,0x4f33db1242d3e2c4d7d1b74625b138fb372d0be30da4bb722cab7fab6d176b1e,0x4f33db1242d3e2c4d7d1b74625b138fb372d0be30da4bb722cab7fab6d176b1e,True,True,True,True,True,True,,2026-05-21,0x57bdda51774313bdb9c63336ebb6a51de4fddf593c7e828f3096e74b732f5b2f
research_20260521_1000-0625,0x2487e2694447aac502e3d4e9dbd0c7b3624e0e952c38a7b06a8da400d619d97a,0x2487e2694447aac502e3d4e9dbd0c7b3624e0e952c38a7b06a8da400d619d97a,True,True,True,True,True,True,,2026-05-21,0x57bdda51774313bdb9c63336ebb6a51de4fddf593c7e828f3096e74b732f5b2f
research_20260521_1000-0626,0x13bec2090899f4209f968ad9dfc440a34de839403c203819c027a00c35debac7,0x13bec2090899f4209f968ad9dfc440a34de839403c203819c027a00c35debac7,True,True,True,True,True,True,,2026-05-21,0x57bdda51774313bdb9c63336ebb6a51de4fddf593c7e828f3096e74b732f5b2f
research_20260521_1000-0627,0xcc1099a90f5a2329db23838b75a09e34c5f5d6cdcd08f5baa06ff27fe1322a80,0xcc1099a90f5a2329db23838b75a09e34c5f5d6cdcd08f5baa06ff27fe1322a80,True,True,True,True,True,True,,2026-05-21,0x57bdda51774313bdb9c63336ebb6a51de4fddf593c7e828f3096e74b732f5b2f
research_20260521_1000-0628,0x60120320597d9eaaf3b68f4bfc50281f9deb2073f8b2e206733ecd5ed9a9aa1e,0x60120320597d9eaaf3b68f4bfc50281f9deb2073f8b2e206733ecd5ed9a9aa1e,True,True,True,True,True,True,,2026-05-21,0x57bdda51774313bdb9c63336ebb6a51de4fddf593c7e828f3096e74b732f5b2f
research_20260521_1000-0629,0x717950b5d002cab6cf69307947cb431e18ef38d214f7866acf2e6372215aba06,0x717950b5d002cab6cf69307947cb431e18ef38d214f7866acf2e6372215aba06,True,True,True,True,True,True,,2026-05-21,0x57bdda51774313bdb9c63336ebb6a51de4fddf593c7e828f3096e74b732f5b2f
research_20260521_1000-0630,0x235792588a48e43f507f57b34d4f29a2ddf79e6f26e6e33dcf221ab1f2878828,0x235792588a48e43f507f57b34d4f29a2ddf79e6f26e6e33dcf221ab1f2878828,True,True,True,True,True,True,,2026-05-21,0x57bdda51774313bdb9c63336ebb6a51de4fddf593c7e828f3096e74b732f5b2f
research_20260521_1000-0631,0x8fec286a71ff2f294b540704bfdd617c712167d054c01a925cb056cfb0c160bb,0x8fec286a71ff2f294b540704bfdd617c712167d054c01a925cb056cfb0c160bb,True,True,True,True,True,True,,2026-05-21,0x57bdda51774313bdb9c63336ebb6a51de4fddf593c7e828f3096e74b732f5b2f
research_20260521_1000-0632,0xb3cc38f3159af29804b0278ac613be3b3f9a43258ef8ea4ad9be6578203cdc41,0xb3cc38f3159af29804b0278ac613be3b3f9a43258ef8ea4ad9be6578203cdc41,True,True,True,True,True,True,,2026-05-21,0x57bdda51774313bdb9c63336ebb6a51de4fddf593c7e828f3096e74b732f5b2f
research_20260521_1000-0633,0x8968e747e5d7e96932d01577c946de2292db5023eda5a9b15e6a2b41bb019c6f,0x8968e747e5d7e96932d01577c946de2292db5023eda5a9b15e6a2b41bb019c6f,True,True,True,True,True,True,,2026-05-21,0x57bdda51774313bdb9c63336ebb6a51de4fddf593c7e828f3096e74b732f5b2f
research_20260521_1000-0634,0x257d1878195d20a90a706ce2901812daf9abeaf66138d039a0c7ba8c93487e8e,0x257d1878195d20a90a706ce2901812daf9abeaf66138d039a0c7ba8c93487e8e,True,True,True,True,True,True,,2026-05-21,0x57bdda51774313bdb9c63336ebb6a51de4fddf593c7e828f3096e74b732f5b2f
research_20260521_1000-0635,0xbe37bbc5669b23d514d578eb542550c6ec7b7aef87290fdb3e1cd70d7c0196bf,0xbe37bbc5669b23d514d578eb542550c6ec7b7aef87290fdb3e1cd70d7c0196bf,True,True,True,True,True,True,,2026-05-21,0x57bdda51774313bdb9c63336ebb6a51de4fddf593c7e828f3096e74b732f5b2f
research_20260521_1000-0636,0xcf20e04c8cfaf28df6a9a0b976a0526d0a5dd88cea3874dccc1760d468427348,0xcf20e04c8cfaf28df6a9a0b976a0526d0a5dd88cea3874dccc1760d468427348,True,True,True,True,True,True,,2026-05-21,0x57bdda51774313bdb9c63336ebb6a51de4fddf593c7e828f3096e74b732f5b2f
research_20260521_1000-0637,0xea473314db1d07b6723138bc1e4eea2907f7228461a7fc0aff5766c139f6ca35,0xea473314db1d07b6723138bc1e4eea2907f7228461a7fc0aff5766c139f6ca35,True,True,True,True,True,True,,2026-05-21,0x57bdda51774313bdb9c63336ebb6a51de4fddf593c7e828f3096e74b732f5b2f
research_20260521_1000-0638,0xb34b9e8ee164e7caa3134a4348c0ee70054fdb88e0528d1d5adf816c266f13a5,0xb34b9e8ee164e7caa3134a4348c0ee70054fdb88e0528d1d5adf816c266f13a5,True,True,True,True,True,True,,2026-05-21,0x57bdda51774313bdb9c63336ebb6a51de4fddf593c7e828f3096e74b732f5b2f
research_20260521_1000-0639,0xc46ac0de9034fa92ab1bdb2d70ec54cac23a28a08e0845d5e27c4acccac1c5a4,0xc46ac0de9034fa92ab1bdb2d70ec54cac23a28a08e0845d5e27c4acccac1c5a4,True,True,True,True,True,True,,2026-05-21,0x57bdda51774313bdb9c63336ebb6a51de4fddf593c7e828f3096e74b732f5b2f
research_20260521_1000-0640,0xfc2984ec48deb56373f302ed52313d431d74cc880dc4224785f9e47215eda264,0xfc2984ec48deb56373f302ed52313d431d74cc880dc4224785f9e47215eda264,True,True,True,True,True,True,,2026-05-21,0x57bdda51774313bdb9c63336ebb6a51de4fddf593c7e828f3096e74b732f5b2f
research_20260521_1000-0641,0xa84799c83b78ae404b631cff08ca54264d217fd8b686ec629591b45187d99e46,0xa84799c83b78ae404b631cff08ca54264d217fd8b686ec629591b45187d99e46,True,True,True,True,True,True,,2026-05-21,0x57bdda51774313bdb9c63336ebb6a51de4fddf593c7e828f3096e74b732f5b2f
research_20260521_1000-0642,0x65654ac8c0e4954ef2ae8c600a882b8d31afa4c4e0db0215cce647a5e958baa7,0x65654ac8c0e4954ef2ae8c600a882b8d31afa4c4e0db0215cce647a5e958baa7,True,True,True,True,True,True,,2026-05-21,0x57bdda51774313bdb9c63336ebb6a51de4fddf593c7e828f3096e74b732f5b2f
research_20260521_1000-0643,0xebc966784f7c2f10c5d8ebf97488336c6f1ffe0c054677a1513920f65e62bf49,0xebc966784f7c2f10c5d8ebf97488336c6f1ffe0c054677a1513920f65e62bf49,True,True,True,True,True,True,,2026-05-21,0x57bdda51774313bdb9c63336ebb6a51de4fddf593c7e828f3096e74b732f5b2f
research_20260521_1000-0644,0xd157f1c1ae9143bc3f5bf8a42a8a6558571149b6790040b1581e480c85bcb19d,0xd157f1c1ae9143bc3f5bf8a42a8a6558571149b6790040b1581e480c85bcb19d,True,True,True,True,True,True,,2026-05-21,0x57bdda51774313bdb9c63336ebb6a51de4fddf593c7e828f3096e74b732f5b2f
research_20260521_1000-0645,0xe046ea5b9b57d3ca7d2ec0ac76ca8464c20370fe5b9272ef111cdd917bcdd092,0xe046ea5b9b57d3ca7d2ec0ac76ca8464c20370fe5b9272ef111cdd917bcdd092,True,True,True,True,True,True,,2026-05-21,0x57bdda51774313bdb9c63336ebb6a51de4fddf593c7e828f3096e74b732f5b2f
research_20260521_1000-0646,0x23fd30bb7654ec7a07bcca10cbb78362643724170db2c6cb6c12964478583c19,0x23fd30bb7654ec7a07bcca10cbb78362643724170db2c6cb6c12964478583c19,True,True,True,True,True,True,,2026-05-21,0x57bdda51774313bdb9c63336ebb6a51de4fddf593c7e828f3096e74b732f5b2f
research_20260521_1000-0647,0x37621c3d31359eb656455482340dd895eabc78fc4461694a19db8b04c261d48a,0x37621c3d31359eb656455482340dd895eabc78fc4461694a19db8b04c261d48a,True,True,True,True,True,True,,2026-05-21,0x57bdda51774313bdb9c63336ebb6a51de4fddf593c7e828f3096e74b732f5b2f
research_20260521_1000-0648,0x6982b31cfe57441d2ad493429a2b801834346412b4c99b68d4654f62deebab86,0x6982b31cfe57441d2ad493429a2b801834346412b4c99b68d4654f62deebab86,True,True,True,True,True,True,,2026-05-21,0x57bdda51774313bdb9c63336ebb6a51de4fddf593c7e828f3096e74b732f5b2f
research_20260521_1000-0649,0xe00be1cf2e08c4ce64a58db943fdc890457db05acb006d3032939272c2a027f2,0xe00be1cf2e08c4ce64a58db943fdc890457db05acb006d3032939272c2a027f2,True,True,True,True,True,True,,2026-05-21,0x57bdda51774313bdb9c63336ebb6a51de4fddf593c7e828f3096e74b732f5b2f
research_20260521_1000-0650,0xcd9aaf9f725eb277f2cdc9bf9984034e7df7b6ea0f0028a6a75ed9a0280a0c8f,0xcd9aaf9f725eb277f2cdc9bf9984034e7df7b6ea0f0028a6a75ed9a0280a0c8f,True,True,True,True,True,True,,2026-05-21,0x57bdda51774313bdb9c63336ebb6a51de4fddf593c7e828f3096e74b732f5b2f
research_20260521_1000-0651,0xbadd693645984b2fea69769eed76b4b1137c88cc4fd4c958f42cb5a0e7c53b72,0xbadd693645984b2fea69769eed76b4b1137c88cc4fd4c958f42cb5a0e7c53b72,True,True,True,True,True,True,,2026-05-21,0x57bdda51774313bdb9c63336ebb6a51de4fddf593c7e828f3096e74b732f5b2f
research_20260521_1000-0652,0xc4c0b5a3324dac900523758471aca8be8f7dcfc1d0db4afd0d1d8274cf1b6264,0xc4c0b5a3324dac900523758471aca8be8f7dcfc1d0db4afd0d1d8274cf1b6264,True,True,True,True,True,True,,2026-05-21,0x57bdda51774313bdb9c63336ebb6a51de4fddf593c7e828f3096e74b732f5b2f
research_20260521_1000-0653,0x9a85747e57f1725529fa961866924ee621683eb2343094a6b0e743fe375d8fb8,0x9a85747e57f1725529fa961866924ee621683eb2343094a6b0e743fe375d8fb8,True,True,True,True,True,True,,2026-05-21,0x57bdda51774313bdb9c63336ebb6a51de4fddf593c7e828f3096e74b732f5b2f
research_20260521_1000-0654,0xcb4aed864ca799ac413ad8489d25bbf53b11592a710603ef812a289b6f5eb276,0xcb4aed864ca799ac413ad8489d25bbf53b11592a710603ef812a289b6f5eb276,True,True,True,True,True,True,,2026-05-21,0x57bdda51774313bdb9c63336ebb6a51de4fddf593c7e828f3096e74b732f5b2f
research_20260521_1000-0655,0x4e05669c766f714243a5d4f602314ffaef9ad2321c7e89d0b2c3ec6e3b240849,0x4e05669c766f714243a5d4f602314ffaef9ad2321c7e89d0b2c3ec6e3b240849,True,True,True,True,True,True,,2026-05-21,0x57bdda51774313bdb9c63336ebb6a51de4fddf593c7e828f3096e74b732f5b2f
research_20260521_1000-0656,0xa6b065bdc99e2b112a562c4c49ae2e7741fd3eb0ad15fe74b926fe11918ae0fd,0xa6b065bdc99e2b112a562c4c49ae2e7741fd3eb0ad15fe74b926fe11918ae0fd,True,True,True,True,True,True,,2026-05-21,0x57bdda51774313bdb9c63336ebb6a51de4fddf593c7e828f3096e74b732f5b2f
research_20260521_1000-0657,0xc6c4c7aaf598e82c286dcb1ab914aea00bf76919184276fbc4175ff10167da6b,0xc6c4c7aaf598e82c286dcb1ab914aea00bf76919184276fbc4175ff10167da6b,True,True,True,True,True,True,,2026-05-21,0x57bdda51774313bdb9c63336ebb6a51de4fddf593c7e828f3096e74b732f5b2f
research_20260521_1000-0658,0xb128535eb000bf2c32d106dc75a7202fb6ab90cf07f8ee19fb663664c60c5fa1,0xb128535eb000bf2c32d106dc75a7202fb6ab90cf07f8ee19fb663664c60c5fa1,True,True,True,True,True,True,,2026-05-21,0x57bdda51774313bdb9c63336ebb6a51de4fddf593c7e828f3096e74b732f5b2f
research_20260521_1000-0659,0x7088f5903fa99efd07ae3183e884d4c359b3277e38b79b02f2a2f1ec3d6c7443,0x7088f5903fa99efd07ae3183e884d4c359b3277e38b79b02f2a2f1ec3d6c7443,True,True,True,True,True,True,,2026-05-21,0x57bdda51774313bdb9c63336ebb6a51de4fddf593c7e828f3096e74b732f5b2f
research_20260521_1000-0660,0x8016d46208f00ae2def5a30e42fbb55883123550cc3e9fef146cf796b8bd44d7,0x8016d46208f00ae2def5a30e42fbb55883123550cc3e9fef146cf796b8bd44d7,True,True,True,True,True,True,,2026-05-21,0x57bdda51774313bdb9c63336ebb6a51de4fddf593c7e828f3096e74b732f5b2f
research_20260521_1000-0661,0x630f777478a3ffafeb89094ceb8e33b568864d4ee8c2c1cb5e4b2b21120a5342,0x630f777478a3ffafeb89094ceb8e33b568864d4ee8c2c1cb5e4b2b21120a5342,True,True,True,True,True,True,,2026-05-21,0x57bdda51774313bdb9c63336ebb6a51de4fddf593c7e828f3096e74b732f5b2f
research_20260521_1000-0662,0x402b0b1e8cc755728d01dc3a58baa66a84cd13ccd6a2449d8797d07f305447cf,0x402b0b1e8cc755728d01dc3a58baa66a84cd13ccd6a2449d8797d07f305447cf,True,True,True,True,True,True,,2026-05-21,0x57bdda51774313bdb9c63336ebb6a51de4fddf593c7e828f3096e74b732f5b2f
research_20260521_1000-0663,0x1dc5f10ac1d5cce62b407fc66df6f45bd4bc6927fcaed975c16ae6d0bd2588bf,0x1dc5f10ac1d5cce62b407fc66df6f45bd4bc6927fcaed975c16ae6d0bd2588bf,True,True,True,True,True,True,,2026-05-21,0x57bdda51774313bdb9c63336ebb6a51de4fddf593c7e828f3096e74b732f5b2f
research_20260521_1000-0664,0xe653dee7c5c6ccb1210c176bfefe940c9db76f5aa4a0d3f17cd4034c7ff1a509,0xe653dee7c5c6ccb1210c176bfefe940c9db76f5aa4a0d3f17cd4034c7ff1a509,True,True,True,True,True,True,,2026-05-21,0x57bdda51774313bdb9c63336ebb6a51de4fddf593c7e828f3096e74b732f5b2f
research_20260521_1000-0665,0xd2b7d3260c8c59c4035e774695b2e361b20542eee866b3c9f2958ecce1b7816d,0xd2b7d3260c8c59c4035e774695b2e361b20542eee866b3c9f2958ecce1b7816d,True,True,True,True,True,True,,2026-05-21,0x57bdda51774313bdb9c63336ebb6a51de4fddf593c7e828f3096e74b732f5b2f
research_20260521_1000-0666,0xa7756a1fcd00bf2ac8787bbcd4a9237778b89d966b91ccd41ff89e5099eabc09,0xa7756a1fcd00bf2ac8787bbcd4a9237778b89d966b91ccd41ff89e5099eabc09,True,True,True,True,True,True,,2026-05-21,0x57bdda51774313bdb9c63336ebb6a51de4fddf593c7e828f3096e74b732f5b2f
research_20260521_1000-0667,0xabdb8d5d85a43708910ec9482538888e1e9a92579be226d780e9f41155170299,0xabdb8d5d85a43708910ec9482538888e1e9a92579be226d780e9f41155170299,True,True,True,True,True,True,,2026-05-21,0x57bdda51774313bdb9c63336ebb6a51de4fddf593c7e828f3096e74b732f5b2f
research_20260521_1000-0668,0xaa6e453d1b6f04639e631cd6638b3355d2b946ef6ca35ab7470e110b45e051d3,0xaa6e453d1b6f04639e631cd6638b3355d2b946ef6ca35ab7470e110b45e051d3,True,True,True,True,True,True,,2026-05-21,0x57bdda51774313bdb9c63336ebb6a51de4fddf593c7e828f3096e74b732f5b2f
research_20260521_1000-0669,0xaf61d7f4ea8e98f67c6844b547267102e1d53ff65d38acaf83b9d650098376fd,0xaf61d7f4ea8e98f67c6844b547267102e1d53ff65d38acaf83b9d650098376fd,True,True,True,True,True,True,,2026-05-21,0x57bdda51774313bdb9c63336ebb6a51de4fddf593c7e828f3096e74b732f5b2f
research_20260521_1000-0670,0x7f332bf9b471449ba7bd310ff6d9a65557c09d1390bb251e67844536ef07c19d,0x7f332bf9b471449ba7bd310ff6d9a65557c09d1390bb251e67844536ef07c19d,True,True,True,True,True,True,,2026-05-21,0x57bdda51774313bdb9c63336ebb6a51de4fddf593c7e828f3096e74b732f5b2f
research_20260521_1000-0671,0xe2afac2070d3432280d183c7e5965b321daf0542d10153006295196b6c6dae94,0xe2afac2070d3432280d183c7e5965b321daf0542d10153006295196b6c6dae94,True,True,True,True,True,True,,2026-05-21,0x57bdda51774313bdb9c63336ebb6a51de4fddf593c7e828f3096e74b732f5b2f
research_20260521_1000-0672,0xa85e84a576d79e371d598e113e90e68fbd543104eccdd78758ed532aef54cfd5,0xa85e84a576d79e371d598e113e90e68fbd543104eccdd78758ed532aef54cfd5,True,True,True,True,True,True,,2026-05-21,0x57bdda51774313bdb9c63336ebb6a51de4fddf593c7e828f3096e74b732f5b2f
research_20260521_1000-0673,0xd47132d8dc29123e51dcae07873b9b35bb7b1277330169bf5bd15d286fd84914,0xd47132d8dc29123e51dcae07873b9b35bb7b1277330169bf5bd15d286fd84914,True,True,True,True,True,True,,2026-05-21,0x57bdda51774313bdb9c63336ebb6a51de4fddf593c7e828f3096e74b732f5b2f
research_20260521_1000-0674,0xe5df77a7a8d48509d162a8bd94407166a8a99c686bbb24559fa9d125ace31ab2,0xe5df77a7a8d48509d162a8bd94407166a8a99c686bbb24559fa9d125ace31ab2,True,True,True,True,True,True,,2026-05-21,0x57bdda51774313bdb9c63336ebb6a51de4fddf593c7e828f3096e74b732f5b2f
research_20260521_1000-0675,0x7d641e346cfe27e521cb633bf067e284c3567198ef4f044df117a38431ec7beb,0x7d641e346cfe27e521cb633bf067e284c3567198ef4f044df117a38431ec7beb,True,True,True,True,True,True,,2026-05-21,0x57bdda51774313bdb9c63336ebb6a51de4fddf593c7e828f3096e74b732f5b2f
research_20260521_1000-0676,0x974364c9dfb8626f0838d1ec95dec446cc2d4661abcf3bf7da8d2706a080cce9,0x974364c9dfb8626f0838d1ec95dec446cc2d4661abcf3bf7da8d2706a080cce9,True,True,True,True,True,True,,2026-05-21,0x57bdda51774313bdb9c63336ebb6a51de4fddf593c7e828f3096e74b732f5b2f
research_20260521_1000-0677,0x3fbd27a47554f1037f463cf1288f19cba7dd582ab4d633398e62817e3a423506,0x3fbd27a47554f1037f463cf1288f19cba7dd582ab4d633398e62817e3a423506,True,True,True,True,True,True,,2026-05-21,0x57bdda51774313bdb9c63336ebb6a51de4fddf593c7e828f3096e74b732f5b2f
research_20260521_1000-0678,0x15c2ec7afeb9cb23d381f6401cf30721849af1343057036d021b6328ef7d79bd,0x15c2ec7afeb9cb23d381f6401cf30721849af1343057036d021b6328ef7d79bd,True,True,True,True,True,True,,2026-05-21,0x57bdda51774313bdb9c63336ebb6a51de4fddf593c7e828f3096e74b732f5b2f
research_20260521_1000-0679,0xed301f7361b7ed6eaabbc2114a127c474afade600f692589bb1b0a386e6656d6,0xed301f7361b7ed6eaabbc2114a127c474afade600f692589bb1b0a386e6656d6,True,True,True,True,True,True,,2026-05-21,0x57bdda51774313bdb9c63336ebb6a51de4fddf593c7e828f3096e74b732f5b2f
research_20260521_1000-0680,0x32b76a94b1a19895b05b95ea62b0788513485629ba97e4b6fcd72787bd3f0ec3,0x32b76a94b1a19895b05b95ea62b0788513485629ba97e4b6fcd72787bd3f0ec3,True,True,True,True,True,True,,2026-05-21,0x57bdda51774313bdb9c63336ebb6a51de4fddf593c7e828f3096e74b732f5b2f
research_20260521_1000-0681,0x465856fe12a86e08f93c8a07b64d2b0475093e8e8861d4a946c08fc18c2bba86,0x465856fe12a86e08f93c8a07b64d2b0475093e8e8861d4a946c08fc18c2bba86,True,True,True,True,True,True,,2026-05-21,0x57bdda51774313bdb9c63336ebb6a51de4fddf593c7e828f3096e74b732f5b2f
research_20260521_1000-0682,0x8d40756f8b91669aebc6f5bf0235e675db38ae1ee127347415ec373a0b2b9acd,0x8d40756f8b91669aebc6f5bf0235e675db38ae1ee127347415ec373a0b2b9acd,True,True,True,True,True,True,,2026-05-21,0x57bdda51774313bdb9c63336ebb6a51de4fddf593c7e828f3096e74b732f5b2f
research_20260521_1000-0683,0x7062c6c2ec78ffcc22a73c45c3501e7afe16a0ed22742fce1045fab396be80e8,0x7062c6c2ec78ffcc22a73c45c3501e7afe16a0ed22742fce1045fab396be80e8,True,True,True,True,True,True,,2026-05-21,0x57bdda51774313bdb9c63336ebb6a51de4fddf593c7e828f3096e74b732f5b2f
research_20260521_1000-0684,0x631c3cf1d3f02006de0216b62057602477ef46a87ef5c3d3d2cb77489c4c2303,0x631c3cf1d3f02006de0216b62057602477ef46a87ef5c3d3d2cb77489c4c2303,True,True,True,True,True,True,,2026-05-21,0x57bdda51774313bdb9c63336ebb6a51de4fddf593c7e828f3096e74b732f5b2f
research_20260521_1000-0685,0xcecb3e637e0f1a877b069d10603ab1eefcc3911660cca2aa91d8c6f5dadd6bd8,0xcecb3e637e0f1a877b069d10603ab1eefcc3911660cca2aa91d8c6f5dadd6bd8,True,True,True,True,True,True,,2026-05-21,0x57bdda51774313bdb9c63336ebb6a51de4fddf593c7e828f3096e74b732f5b2f
research_20260521_1000-0686,0x1580c8bc63e419a55e0c4593b782031938c83011f8eace44f5557db6e57f9e75,0x1580c8bc63e419a55e0c4593b782031938c83011f8eace44f5557db6e57f9e75,True,True,True,True,True,True,,2026-05-21,0x57bdda51774313bdb9c63336ebb6a51de4fddf593c7e828f3096e74b732f5b2f
research_20260521_1000-0687,0xd72434f457b2e90b46b9be3e80512c84347f76650e4667691dfe595bbdd115f4,0xd72434f457b2e90b46b9be3e80512c84347f76650e4667691dfe595bbdd115f4,True,True,True,True,True,True,,2026-05-21,0x57bdda51774313bdb9c63336ebb6a51de4fddf593c7e828f3096e74b732f5b2f
research_20260521_1000-0688,0xdab97e1987725952a06d2fb9515e2a34a3ed8b25d2d582d93fa94e8d62af9bc4,0xdab97e1987725952a06d2fb9515e2a34a3ed8b25d2d582d93fa94e8d62af9bc4,True,True,True,True,True,True,,2026-05-21,0x57bdda51774313bdb9c63336ebb6a51de4fddf593c7e828f3096e74b732f5b2f
research_20260521_1000-0689,0xb5bfd1281158a322006d66de081e5e3e31932671d08275d2d9005f09fc75ba1a,0xb5bfd1281158a322006d66de081e5e3e31932671d08275d2d9005f09fc75ba1a,True,True,True,True,True,True,,2026-05-21,0x57bdda51774313bdb9c63336ebb6a51de4fddf593c7e828f3096e74b732f5b2f
research_20260521_1000-0690,0xbe3f9ddb8f932550da2f0e3868bee9a35b8776f14c9b22a107920ed2f290961f,0xbe3f9ddb8f932550da2f0e3868bee9a35b8776f14c9b22a107920ed2f290961f,True,True,True,True,True,True,,2026-05-21,0x57bdda51774313bdb9c63336ebb6a51de4fddf593c7e828f3096e74b732f5b2f
research_20260521_1000-0691,0xb7b0fa3da29b781a252b5b75dc2cb72dcaf59697414425162953951d10027eb0,0xb7b0fa3da29b781a252b5b75dc2cb72dcaf59697414425162953951d10027eb0,True,True,True,True,True,True,,2026-05-21,0x57bdda51774313bdb9c63336ebb6a51de4fddf593c7e828f3096e74b732f5b2f
research_20260521_1000-0692,0xe25424216c391c427747e3f6ad1b66542463514487a6e70b1bc79b26c17ceb19,0xe25424216c391c427747e3f6ad1b66542463514487a6e70b1bc79b26c17ceb19,True,True,True,True,True,True,,2026-05-21,0x57bdda51774313bdb9c63336ebb6a51de4fddf593c7e828f3096e74b732f5b2f
research_20260521_1000-0693,0x109b92224ec2a72ab830fd0349ef5c4641007b3af0fd8bc80cf1f08bc3b2bf79,0x109b92224ec2a72ab830fd0349ef5c4641007b3af0fd8bc80cf1f08bc3b2bf79,True,True,True,True,True,True,,2026-05-21,0x57bdda51774313bdb9c63336ebb6a51de4fddf593c7e828f3096e74b732f5b2f
research_20260521_1000-0694,0x1c4e4f785f90eb407b151f1a81e39464a79e7c256b15359f86fd84633e235fcf,0x1c4e4f785f90eb407b151f1a81e39464a79e7c256b15359f86fd84633e235fcf,True,True,True,True,True,True,,2026-05-21,0x57bdda51774313bdb9c63336ebb6a51de4fddf593c7e828f3096e74b732f5b2f
research_20260521_1000-0695,0xdf9750bffc48b062d06345c3ce475d178f07f35ca5b6be03089b577142b8c954,0xdf9750bffc48b062d06345c3ce475d178f07f35ca5b6be03089b577142b8c954,True,True,True,True,True,True,,2026-05-21,0x57bdda51774313bdb9c63336ebb6a51de4fddf593c7e828f3096e74b732f5b2f
research_20260521_1000-0696,0xd0e8cfa1302e1883a41c32daed7d317888867da661bc13f82ee75f5ebe5e42b0,0xd0e8cfa1302e1883a41c32daed7d317888867da661bc13f82ee75f5ebe5e42b0,True,True,True,True,True,True,,2026-05-21,0x57bdda51774313bdb9c63336ebb6a51de4fddf593c7e828f3096e74b732f5b2f
research_20260521_1000-0697,0x99ab5a7c403f1b39da6a27ec3d5b7e0db7acd046907e0d98361dad95a30d551a,0x99ab5a7c403f1b39da6a27ec3d5b7e0db7acd046907e0d98361dad95a30d551a,True,True,True,True,True,True,,2026-05-21,0x57bdda51774313bdb9c63336ebb6a51de4fddf593c7e828f3096e74b732f5b2f
research_20260521_1000-0698,0xa621c2537b05c833e077e6411120f8dbb2b5e2c37ae02c74fd16710919a12b69,0xa621c2537b05c833e077e6411120f8dbb2b5e2c37ae02c74fd16710919a12b69,True,True,True,True,True,True,,2026-05-21,0x57bdda51774313bdb9c63336ebb6a51de4fddf593c7e828f3096e74b732f5b2f
research_20260521_1000-0699,0x27c5ff67f944cef7863b2c53228872f7011e13dd3cbe065b3a5f1f5437b26e5e,0x27c5ff67f944cef7863b2c53228872f7011e13dd3cbe065b3a5f1f5437b26e5e,True,True,True,True,True,True,,2026-05-21,0x57bdda51774313bdb9c63336ebb6a51de4fddf593c7e828f3096e74b732f5b2f
research_20260521_1000-0700,0x53a8228893ffb63d6cf783c54e171557db681257bbe8c69ee935184ee02dc130,0x53a8228893ffb63d6cf783c54e171557db681257bbe8c69ee935184ee02dc130,True,True,True,True,True,True,,2026-05-21,0x57bdda51774313bdb9c63336ebb6a51de4fddf593c7e828f3096e74b732f5b2f
research_20260521_1000-0701,0xad5eb2f9a8f466c13cc4298f70476e836d40fc6126da772886711f70030a4a74,0xad5eb2f9a8f466c13cc4298f70476e836d40fc6126da772886711f70030a4a74,True,True,True,True,True,True,,2026-05-21,0x57bdda51774313bdb9c63336ebb6a51de4fddf593c7e828f3096e74b732f5b2f
research_20260521_1000-0702,0x2e4cdfa2170d4c245ad6c46e67b4800efc2b89086dbd04f7824e5e436280927b,0x2e4cdfa2170d4c245ad6c46e67b4800efc2b89086dbd04f7824e5e436280927b,True,True,True,True,True,True,,2026-05-21,0x57bdda51774313bdb9c63336ebb6a51de4fddf593c7e828f3096e74b732f5b2f
research_20260521_1000-0703,0x96df43a0c054aa17f9e1aaa2f38379006447261f641f8154b84952a73c6b76f1,0x96df43a0c054aa17f9e1aaa2f38379006447261f641f8154b84952a73c6b76f1,True,True,True,True,True,True,,2026-05-21,0x57bdda51774313bdb9c63336ebb6a51de4fddf593c7e828f3096e74b732f5b2f
research_20260521_1000-0704,0x5221b7d917f5b607d7868f9476cd3dff620146cd0723afeb8fb7eda5f0ade8d2,0x5221b7d917f5b607d7868f9476cd3dff620146cd0723afeb8fb7eda5f0ade8d2,True,True,True,True,True,True,,2026-05-21,0x57bdda51774313bdb9c63336ebb6a51de4fddf593c7e828f3096e74b732f5b2f
research_20260521_1000-0705,0x21bc2b13e8c7a3f2e8f983353d4a5ca632bec38ef8ba032a78b6495d9e3cb5e2,0x21bc2b13e8c7a3f2e8f983353d4a5ca632bec38ef8ba032a78b6495d9e3cb5e2,True,True,True,True,True,True,,2026-05-21,0x57bdda51774313bdb9c63336ebb6a51de4fddf593c7e828f3096e74b732f5b2f
research_20260521_1000-0706,0x7e7f611565d1e496ff559d84d2e106f5bbae6be1176e833b8de7d170dab9154b,0x7e7f611565d1e496ff559d84d2e106f5bbae6be1176e833b8de7d170dab9154b,True,True,True,True,True,True,,2026-05-21,0x57bdda51774313bdb9c63336ebb6a51de4fddf593c7e828f3096e74b732f5b2f
research_20260521_1000-0707,0x3cd3fa4bd37c364e6e0b3638ede5902dd7369cae008685024b59256a354b7a09,0x3cd3fa4bd37c364e6e0b3638ede5902dd7369cae008685024b59256a354b7a09,True,True,True,True,True,True,,2026-05-21,0x57bdda51774313bdb9c63336ebb6a51de4fddf593c7e828f3096e74b732f5b2f
research_20260521_1000-0708,0x96befa269fb8db422ce668e28667e9b80e245c51c0c57b7263e16874ad0ee669,0x96befa269fb8db422ce668e28667e9b80e245c51c0c57b7263e16874ad0ee669,True,True,True,True,True,True,,2026-05-21,0x57bdda51774313bdb9c63336ebb6a51de4fddf593c7e828f3096e74b732f5b2f
research_20260521_1000-0709,0xd5714f48239dcb0e6ca1584a9f674da6923561f377d82215c7954ffa3e7bb366,0xd5714f48239dcb0e6ca1584a9f674da6923561f377d82215c7954ffa3e7bb366,True,True,True,True,True,True,,2026-05-21,0x57bdda51774313bdb9c63336ebb6a51de4fddf593c7e828f3096e74b732f5b2f
research_20260521_1000-0710,0x0b02564ffa87c1520678d60ed2cfb9cfb8e99065c6cc378a8be65a5913ad4bd1,0x0b02564ffa87c1520678d60ed2cfb9cfb8e99065c6cc378a8be65a5913ad4bd1,True,True,True,True,True,True,,2026-05-21,0x57bdda51774313bdb9c63336ebb6a51de4fddf593c7e828f3096e74b732f5b2f
research_20260521_1000-0711,0x4c3109228f09d57647829ce084497e21b4093f0207c1b816f35dd9ccba44d8fe,0x4c3109228f09d57647829ce084497e21b4093f0207c1b816f35dd9ccba44d8fe,True,True,True,True,True,True,,2026-05-21,0x57bdda51774313bdb9c63336ebb6a51de4fddf593c7e828f3096e74b732f5b2f
research_20260521_1000-0712,0xef997be2114d4090b73cefc2693d5d15594f80b7e167091ed323526256ec939f,0xef997be2114d4090b73cefc2693d5d15594f80b7e167091ed323526256ec939f,True,True,True,True,True,True,,2026-05-21,0x57bdda51774313bdb9c63336ebb6a51de4fddf593c7e828f3096e74b732f5b2f
research_20260521_1000-0713,0x967a850a31271b453b8b44774335be0b86bdefe5080711d5e3dc38c8a5f97be2,0x967a850a31271b453b8b44774335be0b86bdefe5080711d5e3dc38c8a5f97be2,True,True,True,True,True,True,,2026-05-21,0x57bdda51774313bdb9c63336ebb6a51de4fddf593c7e828f3096e74b732f5b2f
research_20260521_1000-0714,0x05328ead467fa1da9ac1725ddff3a6d13a8271ac93d068d46923329d34b45749,0x05328ead467fa1da9ac1725ddff3a6d13a8271ac93d068d46923329d34b45749,True,True,True,True,True,True,,2026-05-21,0x57bdda51774313bdb9c63336ebb6a51de4fddf593c7e828f3096e74b732f5b2f
research_20260521_1000-0715,0x9c31e5e9d5735b23c9835415ad75184c2e08821d950a33bfc1421ee43514aa97,0x9c31e5e9d5735b23c9835415ad75184c2e08821d950a33bfc1421ee43514aa97,True,True,True,True,True,True,,2026-05-21,0x57bdda51774313bdb9c63336ebb6a51de4fddf593c7e828f3096e74b732f5b2f
research_20260521_1000-0716,0x61cf81eaf01ac944f13772a4cc301fdf3c3cbe5e0fb18e2e7cfe26a63370eb4f,0x61cf81eaf01ac944f13772a4cc301fdf3c3cbe5e0fb18e2e7cfe26a63370eb4f,True,True,True,True,True,True,,2026-05-21,0x57bdda51774313bdb9c63336ebb6a51de4fddf593c7e828f3096e74b732f5b2f
research_20260521_1000-0717,0xbf36b7f81be984577b5b88046af8bac38ab9bde57900fd854a30fb1e76409e7d,0xbf36b7f81be984577b5b88046af8bac38ab9bde57900fd854a30fb1e76409e7d,True,True,True,True,True,True,,2026-05-21,0x57bdda51774313bdb9c63336ebb6a51de4fddf593c7e828f3096e74b732f5b2f
research_20260521_1000-0718,0xa8be220592b4ba28244507579ab23e050234b6091deec9e154e41ef38626a2ba,0xa8be220592b4ba28244507579ab23e050234b6091deec9e154e41ef38626a2ba,True,True,True,True,True,True,,2026-05-21,0x57bdda51774313bdb9c63336ebb6a51de4fddf593c7e828f3096e74b732f5b2f
research_20260521_1000-0719,0x779df29660064bebe02de2aac69445048df4a8a1c878464999637a54b7689652,0x779df29660064bebe02de2aac69445048df4a8a1c878464999637a54b7689652,True,True,True,True,True,True,,2026-05-21,0x57bdda51774313bdb9c63336ebb6a51de4fddf593c7e828f3096e74b732f5b2f
research_20260521_1000-0720,0x893d825254768f8facbfcb6c86957f964ba0bffad1e5eecc353a691e227ed154,0x893d825254768f8facbfcb6c86957f964ba0bffad1e5eecc353a691e227ed154,True,True,True,True,True,True,,2026-05-21,0x57bdda51774313bdb9c63336ebb6a51de4fddf593c7e828f3096e74b732f5b2f
research_20260521_1000-0721,0x530ab2494be62f2c427a045215329ca099f64a510c5710c1be51af13456c5124,0x530ab2494be62f2c427a045215329ca099f64a510c5710c1be51af13456c5124,True,True,True,True,True,True,,2026-05-21,0x57bdda51774313bdb9c63336ebb6a51de4fddf593c7e828f3096e74b732f5b2f
research_20260521_1000-0722,0xe3aa16e41781d886b0af5a60edf6f47863ab02b77e992a62e120cfa9774f3207,0xe3aa16e41781d886b0af5a60edf6f47863ab02b77e992a62e120cfa9774f3207,True,True,True,True,True,True,,2026-05-21,0x57bdda51774313bdb9c63336ebb6a51de4fddf593c7e828f3096e74b732f5b2f
research_20260521_1000-0723,0x1c61ab9c18923fe21e8a60be3c4d575a09e578dc8d9e1d8e2633cd5a73e982c2,0x1c61ab9c18923fe21e8a60be3c4d575a09e578dc8d9e1d8e2633cd5a73e982c2,True,True,True,True,True,True,,2026-05-21,0x57bdda51774313bdb9c63336ebb6a51de4fddf593c7e828f3096e74b732f5b2f
research_20260521_1000-0724,0x6585adc926778e6c865979565994b4914b0e5750a40c33fc902fd09f717b8a51,0x6585adc926778e6c865979565994b4914b0e5750a40c33fc902fd09f717b8a51,True,True,True,True,True,True,,2026-05-21,0x57bdda51774313bdb9c63336ebb6a51de4fddf593c7e828f3096e74b732f5b2f
research_20260521_1000-0725,0x2a5340b7d0a2de07d5be0ec3985d42b946c00a1dad46a7745161c8d0f4b1a47c,0x2a5340b7d0a2de07d5be0ec3985d42b946c00a1dad46a7745161c8d0f4b1a47c,True,True,True,True,True,True,,2026-05-21,0x57bdda51774313bdb9c63336ebb6a51de4fddf593c7e828f3096e74b732f5b2f
research_20260521_1000-0726,0x191e6653cd1e32d4972c76268fc2379ce3078b4db951cf03148270fa1438d03b,0x191e6653cd1e32d4972c76268fc2379ce3078b4db951cf03148270fa1438d03b,True,True,True,True,True,True,,2026-05-21,0x57bdda51774313bdb9c63336ebb6a51de4fddf593c7e828f3096e74b732f5b2f
research_20260521_1000-0727,0xa1f87d26bd55cbfe56bceda74ed378c3646af9e14a2176af8c004d4856a6e638,0xa1f87d26bd55cbfe56bceda74ed378c3646af9e14a2176af8c004d4856a6e638,True,True,True,True,True,True,,2026-05-21,0x57bdda51774313bdb9c63336ebb6a51de4fddf593c7e828f3096e74b732f5b2f
research_20260521_1000-0728,0xe09b0a51de95e935b0ba355df173ebb67d2ba2817d570bfcc9730f392873dcde,0xe09b0a51de95e935b0ba355df173ebb67d2ba2817d570bfcc9730f392873dcde,True,True,True,True,True,True,,2026-05-21,0x57bdda51774313bdb9c63336ebb6a51de4fddf593c7e828f3096e74b732f5b2f
research_20260521_1000-0729,0x63d99f8db69a9bc7ddc4e4106beaf7009107893625c1e60102fc7a31a10cd4cc,0x63d99f8db69a9bc7ddc4e4106beaf7009107893625c1e60102fc7a31a10cd4cc,True,True,True,True,True,True,,2026-05-21,0x57bdda51774313bdb9c63336ebb6a51de4fddf593c7e828f3096e74b732f5b2f
research_20260521_1000-0730,0x626aa84f870c468f236d761627980535258febeb60566ba7d48e9819b6ba1155,0x626aa84f870c468f236d761627980535258febeb60566ba7d48e9819b6ba1155,True,True,True,True,True,True,,2026-05-21,0x57bdda51774313bdb9c63336ebb6a51de4fddf593c7e828f3096e74b732f5b2f
research_20260521_1000-0731,0x451a1c14e909a9f12f4708d0da6fd564d4143032fcf13e224d01c87475c938ef,0x451a1c14e909a9f12f4708d0da6fd564d4143032fcf13e224d01c87475c938ef,True,True,True,True,True,True,,2026-05-21,0x57bdda51774313bdb9c63336ebb6a51de4fddf593c7e828f3096e74b732f5b2f
research_20260521_1000-0732,0xe2914f79eaff3439c9668099e8f5dc89dd471fcb4b33979aa12ec3016a9faee2,0xe2914f79eaff3439c9668099e8f5dc89dd471fcb4b33979aa12ec3016a9faee2,True,True,True,True,True,True,,2026-05-21,0x57bdda51774313bdb9c63336ebb6a51de4fddf593c7e828f3096e74b732f5b2f
research_20260521_1000-0733,0x20feb973c86a31bbb03001f25f79bada91bf5c018a8f134ae9f788a7662f1edc,0x20feb973c86a31bbb03001f25f79bada91bf5c018a8f134ae9f788a7662f1edc,True,True,True,True,True,True,,2026-05-21,0x57bdda51774313bdb9c63336ebb6a51de4fddf593c7e828f3096e74b732f5b2f
research_20260521_1000-0734,0x87897713ce1c3ad71cae98ee9c84224ac91ae785d13c282df4accc3e395c5804,0x87897713ce1c3ad71cae98ee9c84224ac91ae785d13c282df4accc3e395c5804,True,True,True,True,True,True,,2026-05-21,0x57bdda51774313bdb9c63336ebb6a51de4fddf593c7e828f3096e74b732f5b2f
research_20260521_1000-0735,0xc22d02cbb730287b121cd83a6f2d49406fd8804bbc79abb27f2999e0b9acafa1,0xc22d02cbb730287b121cd83a6f2d49406fd8804bbc79abb27f2999e0b9acafa1,True,True,True,True,True,True,,2026-05-21,0x57bdda51774313bdb9c63336ebb6a51de4fddf593c7e828f3096e74b732f5b2f
research_20260521_1000-0736,0x0f64a6bdc5541f05148aaeabb97c95c426ddd1a5c3daf89674005511bf72c2ef,0x0f64a6bdc5541f05148aaeabb97c95c426ddd1a5c3daf89674005511bf72c2ef,True,True,True,True,True,True,,2026-05-21,0x57bdda51774313bdb9c63336ebb6a51de4fddf593c7e828f3096e74b732f5b2f
research_20260521_1000-0737,0xb4fe8d3db745ac7045f12b443891269d23bc27781beafdd97535e44e039da55b,0xb4fe8d3db745ac7045f12b443891269d23bc27781beafdd97535e44e039da55b,True,True,True,True,True,True,,2026-05-21,0x57bdda51774313bdb9c63336ebb6a51de4fddf593c7e828f3096e74b732f5b2f
research_20260521_1000-0738,0x9eb52355f5acd364c16e97eb1a66c19b2122477029ac95c7fd0f8d472826c800,0x9eb52355f5acd364c16e97eb1a66c19b2122477029ac95c7fd0f8d472826c800,True,True,True,True,True,True,,2026-05-21,0x57bdda51774313bdb9c63336ebb6a51de4fddf593c7e828f3096e74b732f5b2f
research_20260521_1000-0739,0xade8b522c19aa0d0d9d3caf3bb767b488bcd1d1a1eec76b42c951ec7f5da11b4,0xade8b522c19aa0d0d9d3caf3bb767b488bcd1d1a1eec76b42c951ec7f5da11b4,True,True,True,True,True,True,,2026-05-21,0x57bdda51774313bdb9c63336ebb6a51de4fddf593c7e828f3096e74b732f5b2f
research_20260521_1000-0740,0x42bab1af8735254d5206e95f14bdd565bc11e76b42a5dab4ab0bfd77ff0424e7,0x42bab1af8735254d5206e95f14bdd565bc11e76b42a5dab4ab0bfd77ff0424e7,True,True,True,True,True,True,,2026-05-21,0x57bdda51774313bdb9c63336ebb6a51de4fddf593c7e828f3096e74b732f5b2f
research_20260521_1000-0741,0x035c5adeb4f0168dd84cd4553b25a7a3a811c9fcc7a8d0ec12aac1d93d52e8f5,0x035c5adeb4f0168dd84cd4553b25a7a3a811c9fcc7a8d0ec12aac1d93d52e8f5,True,True,True,True,True,True,,2026-05-21,0x57bdda51774313bdb9c63336ebb6a51de4fddf593c7e828f3096e74b732f5b2f
research_20260521_1000-0742,0x9b3ead08c850168e009215d01e8cb42ccb892ba9942bf86a9a2c5934e4a76aab,0x9b3ead08c850168e009215d01e8cb42ccb892ba9942bf86a9a2c5934e4a76aab,True,True,True,True,True,True,,2026-05-21,0x57bdda51774313bdb9c63336ebb6a51de4fddf593c7e828f3096e74b732f5b2f
research_20260521_1000-0743,0xdd398d224e218410433b45675820898cffe033994466b5bfc67b73f3c1d8d264,0xdd398d224e218410433b45675820898cffe033994466b5bfc67b73f3c1d8d264,True,True,True,True,True,True,,2026-05-21,0x57bdda51774313bdb9c63336ebb6a51de4fddf593c7e828f3096e74b732f5b2f
research_20260521_1000-0744,0x04386a15cdfc337ccab704b0ec153d76595f8598659c171d8edc123fb9036f1c,0x04386a15cdfc337ccab704b0ec153d76595f8598659c171d8edc123fb9036f1c,True,True,True,True,True,True,,2026-05-21,0x57bdda51774313bdb9c63336ebb6a51de4fddf593c7e828f3096e74b732f5b2f
research_20260521_1000-0745,0x462b9de901b40a619139dffd18ec91d2c885b7ed11d1a8fa89b71714503a701c,0x462b9de901b40a619139dffd18ec91d2c885b7ed11d1a8fa89b71714503a701c,True,True,True,True,True,True,,2026-05-21,0x57bdda51774313bdb9c63336ebb6a51de4fddf593c7e828f3096e74b732f5b2f
research_20260521_1000-0746,0xf88c6911398bbd2ff8e2e7bddb28e2e6125773184027a05a9912602c638f2c89,0xf88c6911398bbd2ff8e2e7bddb28e2e6125773184027a05a9912602c638f2c89,True,True,True,True,True,True,,2026-05-21,0x57bdda51774313bdb9c63336ebb6a51de4fddf593c7e828f3096e74b732f5b2f
research_20260521_1000-0747,0x45ab7365f570f21658452a5182d06905aeed9df3934dcaa4c9dd65171e063ca4,0x45ab7365f570f21658452a5182d06905aeed9df3934dcaa4c9dd65171e063ca4,True,True,True,True,True,True,,2026-05-21,0x57bdda51774313bdb9c63336ebb6a51de4fddf593c7e828f3096e74b732f5b2f
research_20260521_1000-0748,0xcc12651310d4eda924336ee3bc3b409341ddc7430b51bbc1c36f6cc3d073214d,0xcc12651310d4eda924336ee3bc3b409341ddc7430b51bbc1c36f6cc3d073214d,True,True,True,True,True,True,,2026-05-21,0x57bdda51774313bdb9c63336ebb6a51de4fddf593c7e828f3096e74b732f5b2f
research_20260521_1000-0749,0x8f7cd2f13579678a77fccedcc05d39c5d143bcf154293a16b12cc505d52ea546,0x8f7cd2f13579678a77fccedcc05d39c5d143bcf154293a16b12cc505d52ea546,True,True,True,True,True,True,,2026-05-21,0x57bdda51774313bdb9c63336ebb6a51de4fddf593c7e828f3096e74b732f5b2f
research_20260521_1000-0750,0xfecac3095aad5ddd9aee83539087f8cb1c6ef182c3e80ce8a477d3d37778476e,0xfecac3095aad5ddd9aee83539087f8cb1c6ef182c3e80ce8a477d3d37778476e,True,True,True,True,True,True,,2026-05-21,0x57bdda51774313bdb9c63336ebb6a51de4fddf593c7e828f3096e74b732f5b2f
research_20260521_1000-0751,0xd317114e0f8e251053f7e704c9dd659a2e25c25961a8c308d7de7666595eca9c,0xd317114e0f8e251053f7e704c9dd659a2e25c25961a8c308d7de7666595eca9c,True,True,True,True,True,True,,2026-05-21,0x57bdda51774313bdb9c63336ebb6a51de4fddf593c7e828f3096e74b732f5b2f
research_20260521_1000-0752,0xa134d6a9c579b7235ea928f91702288e6fcd987d10f18355b3c3e53f5acd32e5,0xa134d6a9c579b7235ea928f91702288e6fcd987d10f18355b3c3e53f5acd32e5,True,True,True,True,True,True,,2026-05-21,0x57bdda51774313bdb9c63336ebb6a51de4fddf593c7e828f3096e74b732f5b2f
research_20260521_1000-0753,0x7fab994386135735cf23ae06254e69dd81ee6b6485c0f19948c809e9cd818dfe,0x7fab994386135735cf23ae06254e69dd81ee6b6485c0f19948c809e9cd818dfe,True,True,True,True,True,True,,2026-05-21,0x57bdda51774313bdb9c63336ebb6a51de4fddf593c7e828f3096e74b732f5b2f
research_20260521_1000-0754,0x64804e098afd280c13ad16d1bd622a0b03f01f15df71626f4636b8c263086535,0x64804e098afd280c13ad16d1bd622a0b03f01f15df71626f4636b8c263086535,True,True,True,True,True,True,,2026-05-21,0x57bdda51774313bdb9c63336ebb6a51de4fddf593c7e828f3096e74b732f5b2f
research_20260521_1000-0755,0xba690a7d09eaa4c76d5aa0e0750318d696e7a8bb4c4881cc02c8433bc13aac44,0xba690a7d09eaa4c76d5aa0e0750318d696e7a8bb4c4881cc02c8433bc13aac44,True,True,True,True,True,True,,2026-05-21,0x57bdda51774313bdb9c63336ebb6a51de4fddf593c7e828f3096e74b732f5b2f
research_20260521_1000-0756,0x59cc7fc335300e4492b04c960988fa43bfcad0b135e7776828a068da82284476,0x59cc7fc335300e4492b04c960988fa43bfcad0b135e7776828a068da82284476,True,True,True,True,True,True,,2026-05-21,0x57bdda51774313bdb9c63336ebb6a51de4fddf593c7e828f3096e74b732f5b2f
research_20260521_1000-0757,0x07ed0525d12bf0b8accaf0f363b92b2fa9f363ed1614763c5554d982d1332e49,0x07ed0525d12bf0b8accaf0f363b92b2fa9f363ed1614763c5554d982d1332e49,True,True,True,True,True,True,,2026-05-21,0x57bdda51774313bdb9c63336ebb6a51de4fddf593c7e828f3096e74b732f5b2f
research_20260521_1000-0758,0x62fb776b5467f635f3f9889f7c38767bba6e33c6b8ca8a27c0e634b495a2231e,0x62fb776b5467f635f3f9889f7c38767bba6e33c6b8ca8a27c0e634b495a2231e,True,True,True,True,True,True,,2026-05-21,0x57bdda51774313bdb9c63336ebb6a51de4fddf593c7e828f3096e74b732f5b2f
research_20260521_1000-0759,0x577e4e9fbc72f89657eb33be4dd3cc66497d3360cc0a7125d25b929307282476,0x577e4e9fbc72f89657eb33be4dd3cc66497d3360cc0a7125d25b929307282476,True,True,True,True,True,True,,2026-05-21,0x57bdda51774313bdb9c63336ebb6a51de4fddf593c7e828f3096e74b732f5b2f
research_20260521_1000-0760,0x6843625641768fa00c690303148a682fffcfd378c61f790e50bccdbf18989776,0x6843625641768fa00c690303148a682fffcfd378c61f790e50bccdbf18989776,True,True,True,True,True,True,,2026-05-21,0x57bdda51774313bdb9c63336ebb6a51de4fddf593c7e828f3096e74b732f5b2f
research_20260521_1000-0761,0xe0eb30979da8591d4ffc787e5eec7909962194091419ed4e42412f8f9d6c9597,0xe0eb30979da8591d4ffc787e5eec7909962194091419ed4e42412f8f9d6c9597,True,True,True,True,True,True,,2026-05-21,0x57bdda51774313bdb9c63336ebb6a51de4fddf593c7e828f3096e74b732f5b2f
research_20260521_1000-0762,0x783a98678b7f9aefc3166f5cda5b32d089444f758153a8fc816a951a87619216,0x783a98678b7f9aefc3166f5cda5b32d089444f758153a8fc816a951a87619216,True,True,True,True,True,True,,2026-05-21,0x57bdda51774313bdb9c63336ebb6a51de4fddf593c7e828f3096e74b732f5b2f
research_20260521_1000-0763,0x4b812d6900fe08bb8193e30ceede01198410771c9c2b0335c7cf0868ab106cb8,0x4b812d6900fe08bb8193e30ceede01198410771c9c2b0335c7cf0868ab106cb8,True,True,True,True,True,True,,2026-05-21,0x57bdda51774313bdb9c63336ebb6a51de4fddf593c7e828f3096e74b732f5b2f
research_20260521_1000-0764,0x4d19e6e739955ad792866a5e0e2540aadbf1f563e448a2e1505919e9f0447e22,0x4d19e6e739955ad792866a5e0e2540aadbf1f563e448a2e1505919e9f0447e22,True,True,True,True,True,True,,2026-05-21,0x57bdda51774313bdb9c63336ebb6a51de4fddf593c7e828f3096e74b732f5b2f
research_20260521_1000-0765,0x203b47b3d7f9b84928c8ca48923ad3cfa0523dd98bbaee2fc0a05d81898386df,0x203b47b3d7f9b84928c8ca48923ad3cfa0523dd98bbaee2fc0a05d81898386df,True,True,True,True,True,True,,2026-05-21,0x57bdda51774313bdb9c63336ebb6a51de4fddf593c7e828f3096e74b732f5b2f
research_20260521_1000-0766,0x303edf2cc458be644aa5ff8cf408546d94e2ef730027512fd0f6062bcc0ee4b5,0x303edf2cc458be644aa5ff8cf408546d94e2ef730027512fd0f6062bcc0ee4b5,True,True,True,True,True,True,,2026-05-21,0x57bdda51774313bdb9c63336ebb6a51de4fddf593c7e828f3096e74b732f5b2f
research_20260521_1000-0767,0xaa86986d1497247f2972869adbaa72d2dd226904afa09836d7e708b3c659e13d,0xaa86986d1497247f2972869adbaa72d2dd226904afa09836d7e708b3c659e13d,True,True,True,True,True,True,,2026-05-21,0x57bdda51774313bdb9c63336ebb6a51de4fddf593c7e828f3096e74b732f5b2f
research_20260521_1000-0768,0x41fee7f266c6422df3a5d8019882338f2ca9b1a1e7eca40e68b6fe954564c540,0x41fee7f266c6422df3a5d8019882338f2ca9b1a1e7eca40e68b6fe954564c540,True,True,True,True,True,True,,2026-05-21,0x57bdda51774313bdb9c63336ebb6a51de4fddf593c7e828f3096e74b732f5b2f
research_20260521_1000-0769,0x067b351b9cf2608e4f8a559762bbafe6d8e69ef2bcbbb410725e652e2531a4d1,0x067b351b9cf2608e4f8a559762bbafe6d8e69ef2bcbbb410725e652e2531a4d1,True,True,True,True,True,True,,2026-05-21,0x57bdda51774313bdb9c63336ebb6a51de4fddf593c7e828f3096e74b732f5b2f
research_20260521_1000-0770,0x7e96f4f77d8a84583c4ae6fee8b41b66c0fca144fb174d0ea60db784b68fe08f,0x7e96f4f77d8a84583c4ae6fee8b41b66c0fca144fb174d0ea60db784b68fe08f,True,True,True,True,True,True,,2026-05-21,0x57bdda51774313bdb9c63336ebb6a51de4fddf593c7e828f3096e74b732f5b2f
research_20260521_1000-0771,0x05acd985ad5fd86ed804164e20f1e8609400607fb75a04d8b4ddb0f08069c26a,0x05acd985ad5fd86ed804164e20f1e8609400607fb75a04d8b4ddb0f08069c26a,True,True,True,True,True,True,,2026-05-21,0x57bdda51774313bdb9c63336ebb6a51de4fddf593c7e828f3096e74b732f5b2f
research_20260521_1000-0772,0xc4c6b2a06c92c1d97b349ab450118ffbd80fcc0276521811eff296b4cbd89c14,0xc4c6b2a06c92c1d97b349ab450118ffbd80fcc0276521811eff296b4cbd89c14,True,True,True,True,True,True,,2026-05-21,0x57bdda51774313bdb9c63336ebb6a51de4fddf593c7e828f3096e74b732f5b2f
research_20260521_1000-0773,0xa6cd327ab2183f160cbc35849000a17b9da0d55c1c67c29ae0d1e09f1bc469b6,0xa6cd327ab2183f160cbc35849000a17b9da0d55c1c67c29ae0d1e09f1bc469b6,True,True,True,True,True,True,,2026-05-21,0x57bdda51774313bdb9c63336ebb6a51de4fddf593c7e828f3096e74b732f5b2f
research_20260521_1000-0774,0xe3c7eb9241e8242a47894dd34d4b2ed653962e27e01443eef831b83b8380fdf8,0xe3c7eb9241e8242a47894dd34d4b2ed653962e27e01443eef831b83b8380fdf8,True,True,True,True,True,True,,2026-05-21,0x57bdda51774313bdb9c63336ebb6a51de4fddf593c7e828f3096e74b732f5b2f
research_20260521_1000-0775,0x21cf9784e5df2f031c5c070eaae21fdce94c75fd81c285aba166e94113094daa,0x21cf9784e5df2f031c5c070eaae21fdce94c75fd81c285aba166e94113094daa,True,True,True,True,True,True,,2026-05-21,0x57bdda51774313bdb9c63336ebb6a51de4fddf593c7e828f3096e74b732f5b2f
research_20260521_1000-0776,0x0d37e0ef8b2b1c0f292e44904080d49e313bfe71f98b78ce094eba9002d97d9b,0x0d37e0ef8b2b1c0f292e44904080d49e313bfe71f98b78ce094eba9002d97d9b,True,True,True,True,True,True,,2026-05-21,0x57bdda51774313bdb9c63336ebb6a51de4fddf593c7e828f3096e74b732f5b2f
research_20260521_1000-0777,0xff2d6a04dbd3e68342a10957e95f12680223ab65afe30edea92bc467d7c86b18,0xff2d6a04dbd3e68342a10957e95f12680223ab65afe30edea92bc467d7c86b18,True,True,True,True,True,True,,2026-05-21,0x57bdda51774313bdb9c63336ebb6a51de4fddf593c7e828f3096e74b732f5b2f
research_20260521_1000-0778,0x480bdc1485ed492cd919d65f3aa76e79cde1c104a454c65087c0a10a258142b7,0x480bdc1485ed492cd919d65f3aa76e79cde1c104a454c65087c0a10a258142b7,True,True,True,True,True,True,,2026-05-21,0x57bdda51774313bdb9c63336ebb6a51de4fddf593c7e828f3096e74b732f5b2f
research_20260521_1000-0779,0xb66b3f75ffe18ced0bd85b74d39b6984c5f7ef8450f08165866956d56e0a2009,0xb66b3f75ffe18ced0bd85b74d39b6984c5f7ef8450f08165866956d56e0a2009,True,True,True,True,True,True,,2026-05-21,0x57bdda51774313bdb9c63336ebb6a51de4fddf593c7e828f3096e74b732f5b2f
research_20260521_1000-0780,0x53ebb4404444fde89d09c4546d951e79214ac03732c151fca24c7d7afc2ba955,0x53ebb4404444fde89d09c4546d951e79214ac03732c151fca24c7d7afc2ba955,True,True,True,True,True,True,,2026-05-21,0x57bdda51774313bdb9c63336ebb6a51de4fddf593c7e828f3096e74b732f5b2f
research_20260521_1000-0781,0x2164f446f1b8ab3e326742c94a9f734041372de7bcda66c8a693b72a9f6502d1,0x2164f446f1b8ab3e326742c94a9f734041372de7bcda66c8a693b72a9f6502d1,True,True,True,True,True,True,,2026-05-21,0x57bdda51774313bdb9c63336ebb6a51de4fddf593c7e828f3096e74b732f5b2f
research_20260521_1000-0782,0xe2a56540a71744d16f503ba0a232f6a88a54f363462eb1638a66d8ba90688cdd,0xe2a56540a71744d16f503ba0a232f6a88a54f363462eb1638a66d8ba90688cdd,True,True,True,True,True,True,,2026-05-21,0x57bdda51774313bdb9c63336ebb6a51de4fddf593c7e828f3096e74b732f5b2f
research_20260521_1000-0783,0xece2ef1eb7573f079bbd551490939107ccd74193771fd6016f91bb7fd7f3f84c,0xece2ef1eb7573f079bbd551490939107ccd74193771fd6016f91bb7fd7f3f84c,True,True,True,True,True,True,,2026-05-21,0x57bdda51774313bdb9c63336ebb6a51de4fddf593c7e828f3096e74b732f5b2f
research_20260521_1000-0784,0xb8ebe35c8892222f90b205914a5de89b693d3060099582e0d7ff8e359b12d365,0xb8ebe35c8892222f90b205914a5de89b693d3060099582e0d7ff8e359b12d365,True,True,True,True,True,True,,2026-05-21,0x57bdda51774313bdb9c63336ebb6a51de4fddf593c7e828f3096e74b732f5b2f
research_20260521_1000-0785,0xf87dda6862db07f1df9e0113bf0798b12c652f2330d7b64a0241fd533acc7ed1,0xf87dda6862db07f1df9e0113bf0798b12c652f2330d7b64a0241fd533acc7ed1,True,True,True,True,True,True,,2026-05-21,0x57bdda51774313bdb9c63336ebb6a51de4fddf593c7e828f3096e74b732f5b2f
research_20260521_1000-0786,0x1e1768f410986dc6853149cc21819eb2c0c7ce1778f0b7caed52f982688abf4c,0x1e1768f410986dc6853149cc21819eb2c0c7ce1778f0b7caed52f982688abf4c,True,True,True,True,True,True,,2026-05-21,0x57bdda51774313bdb9c63336ebb6a51de4fddf593c7e828f3096e74b732f5b2f
research_20260521_1000-0787,0xa410061157e17d13f179605b0431fdf838654413cb45a4d9900c16aebd9a1643,0xa410061157e17d13f179605b0431fdf838654413cb45a4d9900c16aebd9a1643,True,True,True,True,True,True,,2026-05-21,0x57bdda51774313bdb9c63336ebb6a51de4fddf593c7e828f3096e74b732f5b2f
research_20260521_1000-0788,0x2c5e357df3c8624f2131492a1fc72d9d60ac60b1b38ad542b73716abc1ebfd4d,0x2c5e357df3c8624f2131492a1fc72d9d60ac60b1b38ad542b73716abc1ebfd4d,True,True,True,True,True,True,,2026-05-21,0x57bdda51774313bdb9c63336ebb6a51de4fddf593c7e828f3096e74b732f5b2f
research_20260521_1000-0789,0x38bb2de8550fae521b1457ae443e5584faee7b73e31a0ac9fb2eae8cc9afbd74,0x38bb2de8550fae521b1457ae443e5584faee7b73e31a0ac9fb2eae8cc9afbd74,True,True,True,True,True,True,,2026-05-21,0x57bdda51774313bdb9c63336ebb6a51de4fddf593c7e828f3096e74b732f5b2f
research_20260521_1000-0790,0xd71a5839225b8fe5e3e5a84a492704bbfe982f1d0f30156bfc54b25929632057,0xd71a5839225b8fe5e3e5a84a492704bbfe982f1d0f30156bfc54b25929632057,True,True,True,True,True,True,,2026-05-21,0x57bdda51774313bdb9c63336ebb6a51de4fddf593c7e828f3096e74b732f5b2f
research_20260521_1000-0791,0xc3b405d357242384b02b5ee65d9f8eef8f0be6950b45e12cad6303c1a1df0d7b,0xc3b405d357242384b02b5ee65d9f8eef8f0be6950b45e12cad6303c1a1df0d7b,True,True,True,True,True,True,,2026-05-21,0x57bdda51774313bdb9c63336ebb6a51de4fddf593c7e828f3096e74b732f5b2f
research_20260521_1000-0792,0xea002a1b36bc7609ea3bf31b6f99ca50183a90019baeffd145881c0a6118a9a6,0xea002a1b36bc7609ea3bf31b6f99ca50183a90019baeffd145881c0a6118a9a6,True,True,True,True,True,True,,2026-05-21,0x57bdda51774313bdb9c63336ebb6a51de4fddf593c7e828f3096e74b732f5b2f
research_20260521_1000-0793,0xbb5e594898bc3f24a0de01700b7308e94ff6fcf626bd6ac51bb9148993d6cdcb,0xbb5e594898bc3f24a0de01700b7308e94ff6fcf626bd6ac51bb9148993d6cdcb,True,True,True,True,True,True,,2026-05-21,0x57bdda51774313bdb9c63336ebb6a51de4fddf593c7e828f3096e74b732f5b2f
research_20260521_1000-0794,0x521726290a099c026eed43ffd64f9355c40c3dbd094c961624cccfffcf774d82,0x521726290a099c026eed43ffd64f9355c40c3dbd094c961624cccfffcf774d82,True,True,True,True,True,True,,2026-05-21,0x57bdda51774313bdb9c63336ebb6a51de4fddf593c7e828f3096e74b732f5b2f
research_20260521_1000-0795,0x9ee9cd845be7847c5dea49f74a489fc1a84fa449e29e45453242c278eb4e4a9f,0x9ee9cd845be7847c5dea49f74a489fc1a84fa449e29e45453242c278eb4e4a9f,True,True,True,True,True,True,,2026-05-21,0x57bdda51774313bdb9c63336ebb6a51de4fddf593c7e828f3096e74b732f5b2f
research_20260521_1000-0796,0x61e8c69394e93a7df330aceda72a1f3a947d38c6bf62de8796bf472e5a062d74,0x61e8c69394e93a7df330aceda72a1f3a947d38c6bf62de8796bf472e5a062d74,True,True,True,True,True,True,,2026-05-21,0x57bdda51774313bdb9c63336ebb6a51de4fddf593c7e828f3096e74b732f5b2f
research_20260521_1000-0797,0x3a69e9941e2c3a63531208fd13176c65d27a1f522d1969e4bf31cc6d4ae497ad,0x3a69e9941e2c3a63531208fd13176c65d27a1f522d1969e4bf31cc6d4ae497ad,True,True,True,True,True,True,,2026-05-21,0x57bdda51774313bdb9c63336ebb6a51de4fddf593c7e828f3096e74b732f5b2f
research_20260521_1000-0798,0xa38e62903e3646ac029e46d368c8d0653a2d5fc47832f802f0535024cb5ed5a2,0xa38e62903e3646ac029e46d368c8d0653a2d5fc47832f802f0535024cb5ed5a2,True,True,True,True,True,True,,2026-05-21,0x57bdda51774313bdb9c63336ebb6a51de4fddf593c7e828f3096e74b732f5b2f
research_20260521_1000-0799,0xf5c54c45fedfa2467ad8c9aec13c5a7442a3d6ecf67b6db0376ca1f202bb564b,0xf5c54c45fedfa2467ad8c9aec13c5a7442a3d6ecf67b6db0376ca1f202bb564b,True,True,True,True,True,True,,2026-05-21,0x57bdda51774313bdb9c63336ebb6a51de4fddf593c7e828f3096e74b732f5b2f
research_20260521_1000-0800,0x63aa7ddf2636a685f62d6f177bd823da914d9570e3a3f1cb34e61300e4ce2297,0x63aa7ddf2636a685f62d6f177bd823da914d9570e3a3f1cb34e61300e4ce2297,True,True,True,True,True,True,,2026-05-21,0x57bdda51774313bdb9c63336ebb6a51de4fddf593c7e828f3096e74b732f5b2f
research_20260521_1000-0801,0x1744da0079f5d847e30460dd5a2e64c02c326693b080ec1cfcb0bc576b9a5e26,0x1744da0079f5d847e30460dd5a2e64c02c326693b080ec1cfcb0bc576b9a5e26,True,True,True,True,True,True,,2026-05-21,0x57bdda51774313bdb9c63336ebb6a51de4fddf593c7e828f3096e74b732f5b2f
research_20260521_1000-0802,0x5541e57582e6ac8fa8cd7d0bde72d9dacf782d1526200cdad383d68bca06d692,0x5541e57582e6ac8fa8cd7d0bde72d9dacf782d1526200cdad383d68bca06d692,True,True,True,True,True,True,,2026-05-21,0x57bdda51774313bdb9c63336ebb6a51de4fddf593c7e828f3096e74b732f5b2f
research_20260521_1000-0803,0xe28b2fad2938d06d040906c4781ff5b849096a6f8272fbbbe5580ce32575a672,0xe28b2fad2938d06d040906c4781ff5b849096a6f8272fbbbe5580ce32575a672,True,True,True,True,True,True,,2026-05-21,0x57bdda51774313bdb9c63336ebb6a51de4fddf593c7e828f3096e74b732f5b2f
research_20260521_1000-0804,0xc874c1dc1f4836617f8a12e50a7363da6226380387627a6dc7bf8046d8f77fae,0xc874c1dc1f4836617f8a12e50a7363da6226380387627a6dc7bf8046d8f77fae,True,True,True,True,True,True,,2026-05-21,0x57bdda51774313bdb9c63336ebb6a51de4fddf593c7e828f3096e74b732f5b2f
research_20260521_1000-0805,0x3d955f2f1e424199b3554bf688641be264e27815f8cd23b1ebe26f29ac199dbe,0x3d955f2f1e424199b3554bf688641be264e27815f8cd23b1ebe26f29ac199dbe,True,True,True,True,True,True,,2026-05-21,0x57bdda51774313bdb9c63336ebb6a51de4fddf593c7e828f3096e74b732f5b2f
research_20260521_1000-0806,0x736f932a7af0e427aa632dd5b9455adf544602d91a1438f436ef25496b51712d,0x736f932a7af0e427aa632dd5b9455adf544602d91a1438f436ef25496b51712d,True,True,True,True,True,True,,2026-05-21,0x57bdda51774313bdb9c63336ebb6a51de4fddf593c7e828f3096e74b732f5b2f
research_20260521_1000-0807,0x8377bea1cebb3d29b4e05fbfe8ad5ef413d7ab5ce9cbf0a482f2fca3755440e8,0x8377bea1cebb3d29b4e05fbfe8ad5ef413d7ab5ce9cbf0a482f2fca3755440e8,True,True,True,True,True,True,,2026-05-21,0x57bdda51774313bdb9c63336ebb6a51de4fddf593c7e828f3096e74b732f5b2f
research_20260521_1000-0808,0x59c309da9938bad65762e7789a5f78c03635dd1aaa7c38be3af5d6b3f8e9fb48,0x59c309da9938bad65762e7789a5f78c03635dd1aaa7c38be3af5d6b3f8e9fb48,True,True,True,True,True,True,,2026-05-21,0x57bdda51774313bdb9c63336ebb6a51de4fddf593c7e828f3096e74b732f5b2f
research_20260521_1000-0809,0x1d2fb282d165d2abcad26b643605a96a9e91e5ffaa1b13f3e36d2325644e2c59,0x1d2fb282d165d2abcad26b643605a96a9e91e5ffaa1b13f3e36d2325644e2c59,True,True,True,True,True,True,,2026-05-21,0x57bdda51774313bdb9c63336ebb6a51de4fddf593c7e828f3096e74b732f5b2f
research_20260521_1000-0810,0x10177c81a1d5d341aa9447fa87b464bef4cd528d4ca2bcceda8e4a0de1275a14,0x10177c81a1d5d341aa9447fa87b464bef4cd528d4ca2bcceda8e4a0de1275a14,True,True,True,True,True,True,,2026-05-21,0x57bdda51774313bdb9c63336ebb6a51de4fddf593c7e828f3096e74b732f5b2f
research_20260521_1000-0811,0xc03acb1a4febd2ba868dfcd4c96e282eccfb78b87e2e24fcb152fceb6ce2dfc5,0xc03acb1a4febd2ba868dfcd4c96e282eccfb78b87e2e24fcb152fceb6ce2dfc5,True,True,True,True,True,True,,2026-05-21,0x57bdda51774313bdb9c63336ebb6a51de4fddf593c7e828f3096e74b732f5b2f
research_20260521_1000-0812,0xe3552e423d343237f0ab24297ae30da6dee6ca582d72f323a4cfe098d57bb6cd,0xe3552e423d343237f0ab24297ae30da6dee6ca582d72f323a4cfe098d57bb6cd,True,True,True,True,True,True,,2026-05-21,0x57bdda51774313bdb9c63336ebb6a51de4fddf593c7e828f3096e74b732f5b2f
research_20260521_1000-0813,0xc358f064c251486d4d4b92fa5901860f185028714875fde7857fdea5aec66acb,0xc358f064c251486d4d4b92fa5901860f185028714875fde7857fdea5aec66acb,True,True,True,True,True,True,,2026-05-21,0x57bdda51774313bdb9c63336ebb6a51de4fddf593c7e828f3096e74b732f5b2f
research_20260521_1000-0814,0x1f2feafc88b2a13a4d3342504b872ad32bc4617a4b8fc14350c190c6b8873a9a,0x1f2feafc88b2a13a4d3342504b872ad32bc4617a4b8fc14350c190c6b8873a9a,True,True,True,True,True,True,,2026-05-21,0x57bdda51774313bdb9c63336ebb6a51de4fddf593c7e828f3096e74b732f5b2f
research_20260521_1000-0815,0xd91af8c48fc4b7a1a0a684b1b6eb215b21832ab2ad02411d9e02a710cf4755d1,0xd91af8c48fc4b7a1a0a684b1b6eb215b21832ab2ad02411d9e02a710cf4755d1,True,True,True,True,True,True,,2026-05-21,0x57bdda51774313bdb9c63336ebb6a51de4fddf593c7e828f3096e74b732f5b2f
research_20260521_1000-0816,0x67629148fe7ff10bdea6bac21930ffefc496b9371efbd33a0a010a4a6b4e36f0,0x67629148fe7ff10bdea6bac21930ffefc496b9371efbd33a0a010a4a6b4e36f0,True,True,True,True,True,True,,2026-05-21,0x57bdda51774313bdb9c63336ebb6a51de4fddf593c7e828f3096e74b732f5b2f
research_20260521_1000-0817,0x87c3ed283cb5a9071fe4032e276cf69dae813672e8474fcdd6327569dd60fac5,0x87c3ed283cb5a9071fe4032e276cf69dae813672e8474fcdd6327569dd60fac5,True,True,True,True,True,True,,2026-05-21,0x57bdda51774313bdb9c63336ebb6a51de4fddf593c7e828f3096e74b732f5b2f
research_20260521_1000-0818,0xce44687fe6d728194b760dddd329c4bc3d77e0898d55842790d81d6560c23175,0xce44687fe6d728194b760dddd329c4bc3d77e0898d55842790d81d6560c23175,True,True,True,True,True,True,,2026-05-21,0x57bdda51774313bdb9c63336ebb6a51de4fddf593c7e828f3096e74b732f5b2f
research_20260521_1000-0819,0x57d310f2c2776959260795af3a0f7f37c698f5b3a26a937b3af54898f041e2fb,0x57d310f2c2776959260795af3a0f7f37c698f5b3a26a937b3af54898f041e2fb,True,True,True,True,True,True,,2026-05-21,0x57bdda51774313bdb9c63336ebb6a51de4fddf593c7e828f3096e74b732f5b2f
research_20260521_1000-0820,0x3a34b505750404998d5fb36e5de27894c3e979ae97eacf130e53c80aae502042,0x3a34b505750404998d5fb36e5de27894c3e979ae97eacf130e53c80aae502042,True,True,True,True,True,True,,2026-05-21,0x57bdda51774313bdb9c63336ebb6a51de4fddf593c7e828f3096e74b732f5b2f
research_20260521_1000-0821,0x6d99db13b52e5da5c9779cd39a3767013fbc729a34498d51fe79c8668a014a5d,0x6d99db13b52e5da5c9779cd39a3767013fbc729a34498d51fe79c8668a014a5d,True,True,True,True,True,True,,2026-05-21,0x57bdda51774313bdb9c63336ebb6a51de4fddf593c7e828f3096e74b732f5b2f
research_20260521_1000-0822,0x63763d75d499747009e157bb77269dca152617da86bcfb2d0229420aa0f2c8b9,0x63763d75d499747009e157bb77269dca152617da86bcfb2d0229420aa0f2c8b9,True,True,True,True,True,True,,2026-05-21,0x57bdda51774313bdb9c63336ebb6a51de4fddf593c7e828f3096e74b732f5b2f
research_20260521_1000-0823,0x16692a9f0c2c43ffcf644301620b71283717e950ca650b74f52de53dd179a3c0,0x16692a9f0c2c43ffcf644301620b71283717e950ca650b74f52de53dd179a3c0,True,True,True,True,True,True,,2026-05-21,0x57bdda51774313bdb9c63336ebb6a51de4fddf593c7e828f3096e74b732f5b2f
research_20260521_1000-0824,0xec8824b24ba96d975c4525734613c5169a9385688add9dab7ab4ddc4f853b7dd,0xec8824b24ba96d975c4525734613c5169a9385688add9dab7ab4ddc4f853b7dd,True,True,True,True,True,True,,2026-05-21,0x57bdda51774313bdb9c63336ebb6a51de4fddf593c7e828f3096e74b732f5b2f
research_20260521_1000-0825,0x3d5f81fc5a874ffee279f251f3af2d3103d471c2a02b7320faba6489907c03c5,0x3d5f81fc5a874ffee279f251f3af2d3103d471c2a02b7320faba6489907c03c5,True,True,True,True,True,True,,2026-05-21,0x57bdda51774313bdb9c63336ebb6a51de4fddf593c7e828f3096e74b732f5b2f
research_20260521_1000-0826,0x63fa50a7d2684a7ce26375175f6df86f0ca7459acd45aabb3d76cf9f1acffa6d,0x63fa50a7d2684a7ce26375175f6df86f0ca7459acd45aabb3d76cf9f1acffa6d,True,True,True,True,True,True,,2026-05-21,0x57bdda51774313bdb9c63336ebb6a51de4fddf593c7e828f3096e74b732f5b2f
research_20260521_1000-0827,0x3130dee41fad9b6dc6ac1975615128685e23fa7fa301cb34d3c8ad9ba67cb9a1,0x3130dee41fad9b6dc6ac1975615128685e23fa7fa301cb34d3c8ad9ba67cb9a1,True,True,True,True,True,True,,2026-05-21,0x57bdda51774313bdb9c63336ebb6a51de4fddf593c7e828f3096e74b732f5b2f
research_20260521_1000-0828,0xd1cbea79f398cfdd03bf13bb113557a2c530d9384a21de535c606013b239209d,0xd1cbea79f398cfdd03bf13bb113557a2c530d9384a21de535c606013b239209d,True,True,True,True,True,True,,2026-05-21,0x57bdda51774313bdb9c63336ebb6a51de4fddf593c7e828f3096e74b732f5b2f
research_20260521_1000-0829,0x34ae31675973227e01b9d25314f2df542b8ccefd6c30a9529fd5663dea3c4641,0x34ae31675973227e01b9d25314f2df542b8ccefd6c30a9529fd5663dea3c4641,True,True,True,True,True,True,,2026-05-21,0x57bdda51774313bdb9c63336ebb6a51de4fddf593c7e828f3096e74b732f5b2f
research_20260521_1000-0830,0x08a711c439741b3f3965b9107c578c26ea51ec5a4bcd134d295bb449d0687819,0x08a711c439741b3f3965b9107c578c26ea51ec5a4bcd134d295bb449d0687819,True,True,True,True,True,True,,2026-05-21,0x57bdda51774313bdb9c63336ebb6a51de4fddf593c7e828f3096e74b732f5b2f
research_20260521_1000-0831,0x438d1b63166144bf65c0ff4598807b450127c16a7bc46e75c15dcd4ee5b49957,0x438d1b63166144bf65c0ff4598807b450127c16a7bc46e75c15dcd4ee5b49957,True,True,True,True,True,True,,2026-05-21,0x57bdda51774313bdb9c63336ebb6a51de4fddf593c7e828f3096e74b732f5b2f
research_20260521_1000-0832,0x6c50c6030a00c93c96b14a843a6a92a5debcefefcd5420f6b0b073b05475006c,0x6c50c6030a00c93c96b14a843a6a92a5debcefefcd5420f6b0b073b05475006c,True,True,True,True,True,True,,2026-05-21,0x57bdda51774313bdb9c63336ebb6a51de4fddf593c7e828f3096e74b732f5b2f
research_20260521_1000-0833,0x4cca1f0ad3f0289cea9a71b6ef19fb425827dff5c93554ea33b47d59c5ee9618,0x4cca1f0ad3f0289cea9a71b6ef19fb425827dff5c93554ea33b47d59c5ee9618,True,True,True,True,True,True,,2026-05-21,0x57bdda51774313bdb9c63336ebb6a51de4fddf593c7e828f3096e74b732f5b2f
research_20260521_1000-0834,0x8c0570e36dac275c3f4ce8aae9ec2c749f3f549c1f619fbc18546ac541a36ad3,0x8c0570e36dac275c3f4ce8aae9ec2c749f3f549c1f619fbc18546ac541a36ad3,True,True,True,True,True,True,,2026-05-21,0x57bdda51774313bdb9c63336ebb6a51de4fddf593c7e828f3096e74b732f5b2f
research_20260521_1000-0835,0x6d53ae49feeda619421f2d716d1a236e4844b8b3ecc966d5edae122cada61be7,0x6d53ae49feeda619421f2d716d1a236e4844b8b3ecc966d5edae122cada61be7,True,True,True,True,True,True,,2026-05-21,0x57bdda51774313bdb9c63336ebb6a51de4fddf593c7e828f3096e74b732f5b2f
research_20260521_1000-0836,0x143191ffece3d0c80e3e88e77fa9240546e204e5ffb4964abf78fcca2953be64,0x143191ffece3d0c80e3e88e77fa9240546e204e5ffb4964abf78fcca2953be64,True,True,True,True,True,True,,2026-05-21,0x57bdda51774313bdb9c63336ebb6a51de4fddf593c7e828f3096e74b732f5b2f
research_20260521_1000-0837,0x3e8f32597e685c93b07c70505b2bc2e2d9e198c41c43b44f1808d11f10c8a805,0x3e8f32597e685c93b07c70505b2bc2e2d9e198c41c43b44f1808d11f10c8a805,True,True,True,True,True,True,,2026-05-21,0x57bdda51774313bdb9c63336ebb6a51de4fddf593c7e828f3096e74b732f5b2f
research_20260521_1000-0838,0xe12ce8fd8e74bea44c04937ba73525b81b028000f6b6ea4316c0965bef6fcf29,0xe12ce8fd8e74bea44c04937ba73525b81b028000f6b6ea4316c0965bef6fcf29,True,True,True,True,True,True,,2026-05-21,0x57bdda51774313bdb9c63336ebb6a51de4fddf593c7e828f3096e74b732f5b2f
research_20260521_1000-0839,0xf5851fee9da918f407063369f3bc3f6408659f89709a9c5d025b55d2af2b90ec,0xf5851fee9da918f407063369f3bc3f6408659f89709a9c5d025b55d2af2b90ec,True,True,True,True,True,True,,2026-05-21,0x57bdda51774313bdb9c63336ebb6a51de4fddf593c7e828f3096e74b732f5b2f
research_20260521_1000-0840,0x2cb07562b25ad4ee2e72ad4622113e2e6d9d1f18e1b525e6ecc4dc3b3e2ec1f8,0x2cb07562b25ad4ee2e72ad4622113e2e6d9d1f18e1b525e6ecc4dc3b3e2ec1f8,True,True,True,True,True,True,,2026-05-21,0x57bdda51774313bdb9c63336ebb6a51de4fddf593c7e828f3096e74b732f5b2f
research_20260521_1000-0841,0x53a31f7717f1621d0e3092eed495a19b27c05cc67f47e79e2c1abb3fe1f86cbb,0x53a31f7717f1621d0e3092eed495a19b27c05cc67f47e79e2c1abb3fe1f86cbb,True,True,True,True,True,True,,2026-05-21,0x57bdda51774313bdb9c63336ebb6a51de4fddf593c7e828f3096e74b732f5b2f
research_20260521_1000-0842,0x2605b775a1ccaed51b5c212c2f3bf47d237255d44f6ee83d26d7ba9ef8e6d74b,0x2605b775a1ccaed51b5c212c2f3bf47d237255d44f6ee83d26d7ba9ef8e6d74b,True,True,True,True,True,True,,2026-05-21,0x57bdda51774313bdb9c63336ebb6a51de4fddf593c7e828f3096e74b732f5b2f
research_20260521_1000-0843,0xcf9096bc04d875fd2dfee08d9bf319caf98891f13f381ea7a0590b5344bc76ed,0xcf9096bc04d875fd2dfee08d9bf319caf98891f13f381ea7a0590b5344bc76ed,True,True,True,True,True,True,,2026-05-21,0x57bdda51774313bdb9c63336ebb6a51de4fddf593c7e828f3096e74b732f5b2f
research_20260521_1000-0844,0x2e579354f6316d707c016551af2c0d325b87e6e668b92657af035228a3eadd73,0x2e579354f6316d707c016551af2c0d325b87e6e668b92657af035228a3eadd73,True,True,True,True,True,True,,2026-05-21,0x57bdda51774313bdb9c63336ebb6a51de4fddf593c7e828f3096e74b732f5b2f
research_20260521_1000-0845,0xdc50aefdbab50bf505d5dbfea18f81d03baf9ab17b5bfa2839959dbe55f70394,0xdc50aefdbab50bf505d5dbfea18f81d03baf9ab17b5bfa2839959dbe55f70394,True,True,True,True,True,True,,2026-05-21,0x57bdda51774313bdb9c63336ebb6a51de4fddf593c7e828f3096e74b732f5b2f
research_20260521_1000-0846,0x179f0ad8d5f3a57e3f55a75001b012ec1ffd9a61afa8fc9c455c8d75df1bc326,0x179f0ad8d5f3a57e3f55a75001b012ec1ffd9a61afa8fc9c455c8d75df1bc326,True,True,True,True,True,True,,2026-05-21,0x57bdda51774313bdb9c63336ebb6a51de4fddf593c7e828f3096e74b732f5b2f
research_20260521_1000-0847,0x399240d4c73a0cb174b534070bdbbbe7545e2f222bba85a9ea9339c745bb5956,0x399240d4c73a0cb174b534070bdbbbe7545e2f222bba85a9ea9339c745bb5956,True,True,True,True,True,True,,2026-05-21,0x57bdda51774313bdb9c63336ebb6a51de4fddf593c7e828f3096e74b732f5b2f
research_20260521_1000-0848,0x490cb7f1668c882b9ef99da7cb5f3c8dcbc5661a1c51168f96093444dfeb3d8e,0x490cb7f1668c882b9ef99da7cb5f3c8dcbc5661a1c51168f96093444dfeb3d8e,True,True,True,True,True,True,,2026-05-21,0x57bdda51774313bdb9c63336ebb6a51de4fddf593c7e828f3096e74b732f5b2f
research_20260521_1000-0849,0x88225d5f02ca0b738dffdccdf770c24d562135260b24bb937dbecf5bd46abae0,0x88225d5f02ca0b738dffdccdf770c24d562135260b24bb937dbecf5bd46abae0,True,True,True,True,True,True,,2026-05-21,0x57bdda51774313bdb9c63336ebb6a51de4fddf593c7e828f3096e74b732f5b2f
research_20260521_1000-0850,0x9f06542c60648d22452d87cb3f650b3683a5ee09774f8cf2449e4788d182977f,0x9f06542c60648d22452d87cb3f650b3683a5ee09774f8cf2449e4788d182977f,True,True,True,True,True,True,,2026-05-21,0x57bdda51774313bdb9c63336ebb6a51de4fddf593c7e828f3096e74b732f5b2f
research_20260521_1000-0851,0x8053ec4bf492e1de11628a8999c94d622c3ff43a2beafcd4c5ef17976d3a128f,0x8053ec4bf492e1de11628a8999c94d622c3ff43a2beafcd4c5ef17976d3a128f,True,True,True,True,True,True,,2026-05-21,0x57bdda51774313bdb9c63336ebb6a51de4fddf593c7e828f3096e74b732f5b2f
research_20260521_1000-0852,0x0548d524878a8419c77ea02c6ea53584615d46b8233d043184d44ca3840be9a0,0x0548d524878a8419c77ea02c6ea53584615d46b8233d043184d44ca3840be9a0,True,True,True,True,True,True,,2026-05-21,0x57bdda51774313bdb9c63336ebb6a51de4fddf593c7e828f3096e74b732f5b2f
research_20260521_1000-0853,0x7529f13eca9ebfbda7005e34eb90a41dbea631f716690ccd6e8c1da1577fde9b,0x7529f13eca9ebfbda7005e34eb90a41dbea631f716690ccd6e8c1da1577fde9b,True,True,True,True,True,True,,2026-05-21,0x57bdda51774313bdb9c63336ebb6a51de4fddf593c7e828f3096e74b732f5b2f
research_20260521_1000-0854,0xa7d67d6de867718e409268a5f475375914a35d8b186b4a792b4b4788fe6710eb,0xa7d67d6de867718e409268a5f475375914a35d8b186b4a792b4b4788fe6710eb,True,True,True,True,True,True,,2026-05-21,0x57bdda51774313bdb9c63336ebb6a51de4fddf593c7e828f3096e74b732f5b2f
research_20260521_1000-0855,0x214711a003631dc6d921e41fa6f651d2507f9436585e5e4b001032811d05e92c,0x214711a003631dc6d921e41fa6f651d2507f9436585e5e4b001032811d05e92c,True,True,True,True,True,True,,2026-05-21,0x57bdda51774313bdb9c63336ebb6a51de4fddf593c7e828f3096e74b732f5b2f
research_20260521_1000-0856,0x99bbe2a0b47e772fa171b0c0e30d9c0ec14386092a2212488eef18fc370fa1f9,0x99bbe2a0b47e772fa171b0c0e30d9c0ec14386092a2212488eef18fc370fa1f9,True,True,True,True,True,True,,2026-05-21,0x57bdda51774313bdb9c63336ebb6a51de4fddf593c7e828f3096e74b732f5b2f
research_20260521_1000-0857,0x6b663d38fb634590bc5f3b55566496ccfc5e2492e5fa2dad0b8a42e86c7ca69c,0x6b663d38fb634590bc5f3b55566496ccfc5e2492e5fa2dad0b8a42e86c7ca69c,True,True,True,True,True,True,,2026-05-21,0x57bdda51774313bdb9c63336ebb6a51de4fddf593c7e828f3096e74b732f5b2f
research_20260521_1000-0858,0x40d2fc677990df51e5ec8555981c096b0bb0e08ba8fda4066e24fa2a62e5c0a5,0x40d2fc677990df51e5ec8555981c096b0bb0e08ba8fda4066e24fa2a62e5c0a5,True,True,True,True,True,True,,2026-05-21,0x57bdda51774313bdb9c63336ebb6a51de4fddf593c7e828f3096e74b732f5b2f
research_20260521_1000-0859,0xd7303d3bc7ef994f2246b4c7efe007073789e19e552a192c213b82b0c12cc36a,0xd7303d3bc7ef994f2246b4c7efe007073789e19e552a192c213b82b0c12cc36a,True,True,True,True,True,True,,2026-05-21,0x57bdda51774313bdb9c63336ebb6a51de4fddf593c7e828f3096e74b732f5b2f
research_20260521_1000-0860,0xed5aeda362ff16ded327cbed7090eab3cc072a209b9fdc1eea82323556b76bc9,0xed5aeda362ff16ded327cbed7090eab3cc072a209b9fdc1eea82323556b76bc9,True,True,True,True,True,True,,2026-05-21,0x57bdda51774313bdb9c63336ebb6a51de4fddf593c7e828f3096e74b732f5b2f
research_20260521_1000-0861,0xd405b9dcad4e300276f58788c72d032c3e987559da9e5f21dbfb41d9a095d640,0xd405b9dcad4e300276f58788c72d032c3e987559da9e5f21dbfb41d9a095d640,True,True,True,True,True,True,,2026-05-21,0x57bdda51774313bdb9c63336ebb6a51de4fddf593c7e828f3096e74b732f5b2f
research_20260521_1000-0862,0xeedc6f60768d9a3c4e00946c1862143e6b6eec65edd6fd9b778919452e2d4300,0xeedc6f60768d9a3c4e00946c1862143e6b6eec65edd6fd9b778919452e2d4300,True,True,True,True,True,True,,2026-05-21,0x57bdda51774313bdb9c63336ebb6a51de4fddf593c7e828f3096e74b732f5b2f
research_20260521_1000-0863,0xe36f960e592b8dde338d4fcc7b759da166c6bcfc731705963ad2f2d35c2a42a1,0xe36f960e592b8dde338d4fcc7b759da166c6bcfc731705963ad2f2d35c2a42a1,True,True,True,True,True,True,,2026-05-21,0x57bdda51774313bdb9c63336ebb6a51de4fddf593c7e828f3096e74b732f5b2f
research_20260521_1000-0864,0x6b52a56c12d7094c0c595909836737d0c6ae0f25174e891ed50a3a7b406241b7,0x6b52a56c12d7094c0c595909836737d0c6ae0f25174e891ed50a3a7b406241b7,True,True,True,True,True,True,,2026-05-21,0x57bdda51774313bdb9c63336ebb6a51de4fddf593c7e828f3096e74b732f5b2f
research_20260521_1000-0865,0xaec5b23e00c0ecc1a7590613e3d591fbab64946c770625a3124cd7954e357977,0xaec5b23e00c0ecc1a7590613e3d591fbab64946c770625a3124cd7954e357977,True,True,True,True,True,True,,2026-05-21,0x57bdda51774313bdb9c63336ebb6a51de4fddf593c7e828f3096e74b732f5b2f
research_20260521_1000-0866,0x709f890cf1f1eceb97120e66f98f71dea71a780325238082f716e2e8994ac6ef,0x709f890cf1f1eceb97120e66f98f71dea71a780325238082f716e2e8994ac6ef,True,True,True,True,True,True,,2026-05-21,0x57bdda51774313bdb9c63336ebb6a51de4fddf593c7e828f3096e74b732f5b2f
research_20260521_1000-0867,0xab926f332f377976394e9cc3eea24c1273a9982ad59109170e5742ad9221ccfe,0xab926f332f377976394e9cc3eea24c1273a9982ad59109170e5742ad9221ccfe,True,True,True,True,True,True,,2026-05-21,0x57bdda51774313bdb9c63336ebb6a51de4fddf593c7e828f3096e74b732f5b2f
research_20260521_1000-0868,0x73940c3c58bbe79b3e5424b28dbad5234115eee6d9f9421cf5fd864893e6d2d8,0x73940c3c58bbe79b3e5424b28dbad5234115eee6d9f9421cf5fd864893e6d2d8,True,True,True,True,True,True,,2026-05-21,0x57bdda51774313bdb9c63336ebb6a51de4fddf593c7e828f3096e74b732f5b2f
research_20260521_1000-0869,0xcb34dab0cf8d7d104f28bcbb606d6890804b1fd44dbb88d4f826795ecb236d97,0xcb34dab0cf8d7d104f28bcbb606d6890804b1fd44dbb88d4f826795ecb236d97,True,True,True,True,True,True,,2026-05-21,0x57bdda51774313bdb9c63336ebb6a51de4fddf593c7e828f3096e74b732f5b2f
research_20260521_1000-0870,0x5d0330d81c1510281dc0acbd50610b3aa311739c1d041cda53a745146dbfa1e3,0x5d0330d81c1510281dc0acbd50610b3aa311739c1d041cda53a745146dbfa1e3,True,True,True,True,True,True,,2026-05-21,0x57bdda51774313bdb9c63336ebb6a51de4fddf593c7e828f3096e74b732f5b2f
research_20260521_1000-0871,0xc0a2048c1bfed6cf37ccb31700f916fb4fc5668336e32654287f8a62506fc7e0,0xc0a2048c1bfed6cf37ccb31700f916fb4fc5668336e32654287f8a62506fc7e0,True,True,True,True,True,True,,2026-05-21,0x57bdda51774313bdb9c63336ebb6a51de4fddf593c7e828f3096e74b732f5b2f
research_20260521_1000-0872,0x7cdd25ab316262a430a067ce1826a1eca37eff18e520e92f8fa8b89a4c76e8b5,0x7cdd25ab316262a430a067ce1826a1eca37eff18e520e92f8fa8b89a4c76e8b5,True,True,True,True,True,True,,2026-05-21,0x57bdda51774313bdb9c63336ebb6a51de4fddf593c7e828f3096e74b732f5b2f
research_20260521_1000-0873,0xdc557f5cdcad33631b7b96815f46d7fdcd7525942a5a3339b084b6ebf994285d,0xdc557f5cdcad33631b7b96815f46d7fdcd7525942a5a3339b084b6ebf994285d,True,True,True,True,True,True,,2026-05-21,0x57bdda51774313bdb9c63336ebb6a51de4fddf593c7e828f3096e74b732f5b2f
research_20260521_1000-0874,0x1dbff68cd1d205c620ca231e2a4ded1929d5ca334a79933e1dd3a322fb406b94,0x1dbff68cd1d205c620ca231e2a4ded1929d5ca334a79933e1dd3a322fb406b94,True,True,True,True,True,True,,2026-05-21,0x57bdda51774313bdb9c63336ebb6a51de4fddf593c7e828f3096e74b732f5b2f
research_20260521_1000-0875,0xa565842f01835eef9a20d123172bec9197d2f15ab982a55f530e78b7367f5e6d,0xa565842f01835eef9a20d123172bec9197d2f15ab982a55f530e78b7367f5e6d,True,True,True,True,True,True,,2026-05-21,0x57bdda51774313bdb9c63336ebb6a51de4fddf593c7e828f3096e74b732f5b2f
research_20260521_1000-0876,0xef46f17e291a884fc40b711acbe570451dfe089ccb9e6b15a9b292dc57024f79,0xef46f17e291a884fc40b711acbe570451dfe089ccb9e6b15a9b292dc57024f79,True,True,True,True,True,True,,2026-05-21,0x57bdda51774313bdb9c63336ebb6a51de4fddf593c7e828f3096e74b732f5b2f
research_20260521_1000-0877,0xbf2d9928705794cf23960374294284244d87b805c8d0cfcdab9bd43bc5134fc1,0xbf2d9928705794cf23960374294284244d87b805c8d0cfcdab9bd43bc5134fc1,True,True,True,True,True,True,,2026-05-21,0x57bdda51774313bdb9c63336ebb6a51de4fddf593c7e828f3096e74b732f5b2f
research_20260521_1000-0878,0xe39fa7d33a098731f90e02541b336d8d81e0ef08277e687b189d26a71f220564,0xe39fa7d33a098731f90e02541b336d8d81e0ef08277e687b189d26a71f220564,True,True,True,True,True,True,,2026-05-21,0x57bdda51774313bdb9c63336ebb6a51de4fddf593c7e828f3096e74b732f5b2f
research_20260521_1000-0879,0x2fe0a855549a39f9b3ac49481c2da26695630c3c003cf0630426c87b10500b6f,0x2fe0a855549a39f9b3ac49481c2da26695630c3c003cf0630426c87b10500b6f,True,True,True,True,True,True,,2026-05-21,0x57bdda51774313bdb9c63336ebb6a51de4fddf593c7e828f3096e74b732f5b2f
research_20260521_1000-0880,0xe1cc35890f87ee1478663f05893055fbd2733259646dda8584922a46f97ce2b9,0xe1cc35890f87ee1478663f05893055fbd2733259646dda8584922a46f97ce2b9,True,True,True,True,True,True,,2026-05-21,0x57bdda51774313bdb9c63336ebb6a51de4fddf593c7e828f3096e74b732f5b2f
research_20260521_1000-0881,0x7bfc50257f168c66676634d915b25b149d095366a5f5dc8eef2833ed239c442e,0x7bfc50257f168c66676634d915b25b149d095366a5f5dc8eef2833ed239c442e,True,True,True,True,True,True,,2026-05-21,0x57bdda51774313bdb9c63336ebb6a51de4fddf593c7e828f3096e74b732f5b2f
research_20260521_1000-0882,0x8a50048380861bbfa252f6eca798504dde7b7f3b2e74caf9401c9a0b07c0f6e6,0x8a50048380861bbfa252f6eca798504dde7b7f3b2e74caf9401c9a0b07c0f6e6,True,True,True,True,True,True,,2026-05-21,0x57bdda51774313bdb9c63336ebb6a51de4fddf593c7e828f3096e74b732f5b2f
research_20260521_1000-0883,0xe088b892742efedfc3f7f1197c81b62b766cda81b8be6311687652ff1f7cc306,0xe088b892742efedfc3f7f1197c81b62b766cda81b8be6311687652ff1f7cc306,True,True,True,True,True,True,,2026-05-21,0x57bdda51774313bdb9c63336ebb6a51de4fddf593c7e828f3096e74b732f5b2f
research_20260521_1000-0884,0x566d1ecea7315319f6c42ff2675ca2b7d2eec5a9d244d99676ca21b98597f481,0x566d1ecea7315319f6c42ff2675ca2b7d2eec5a9d244d99676ca21b98597f481,True,True,True,True,True,True,,2026-05-21,0x57bdda51774313bdb9c63336ebb6a51de4fddf593c7e828f3096e74b732f5b2f
research_20260521_1000-0885,0xfc428e3fbcd757851b36b9a358833594722639480aba94f1c6318514aed785dc,0xfc428e3fbcd757851b36b9a358833594722639480aba94f1c6318514aed785dc,True,True,True,True,True,True,,2026-05-21,0x57bdda51774313bdb9c63336ebb6a51de4fddf593c7e828f3096e74b732f5b2f
research_20260521_1000-0886,0xeed4613a3edaacec77c27bb40493898006dbf628cfbdddfb0eb232311ec4e709,0xeed4613a3edaacec77c27bb40493898006dbf628cfbdddfb0eb232311ec4e709,True,True,True,True,True,True,,2026-05-21,0x57bdda51774313bdb9c63336ebb6a51de4fddf593c7e828f3096e74b732f5b2f
research_20260521_1000-0887,0x306609853b1e1ce13347fff957ac2c92baeaf4ee8b041c909649cf8a5d8d27a9,0x306609853b1e1ce13347fff957ac2c92baeaf4ee8b041c909649cf8a5d8d27a9,True,True,True,True,True,True,,2026-05-21,0x57bdda51774313bdb9c63336ebb6a51de4fddf593c7e828f3096e74b732f5b2f
research_20260521_1000-0888,0x3246bf7578b66329e8df107b13c6123d9403fa2b257d8a1599b3f9751c58ff15,0x3246bf7578b66329e8df107b13c6123d9403fa2b257d8a1599b3f9751c58ff15,True,True,True,True,True,True,,2026-05-21,0x57bdda51774313bdb9c63336ebb6a51de4fddf593c7e828f3096e74b732f5b2f
research_20260521_1000-0889,0xa52a42ffd53bad708efd57372fb1dbd12ea2c4bde629b7e45b7906cf5327b92c,0xa52a42ffd53bad708efd57372fb1dbd12ea2c4bde629b7e45b7906cf5327b92c,True,True,True,True,True,True,,2026-05-21,0x57bdda51774313bdb9c63336ebb6a51de4fddf593c7e828f3096e74b732f5b2f
research_20260521_1000-0890,0xca549b9d756167e6d5f899140d59bd622eb536d7aa959452b4761b0c132767e3,0xca549b9d756167e6d5f899140d59bd622eb536d7aa959452b4761b0c132767e3,True,True,True,True,True,True,,2026-05-21,0x57bdda51774313bdb9c63336ebb6a51de4fddf593c7e828f3096e74b732f5b2f
research_20260521_1000-0891,0x5ae72d1d1721d0fc84ee93578196653de243df5658192bc1807189fbb499538e,0x5ae72d1d1721d0fc84ee93578196653de243df5658192bc1807189fbb499538e,True,True,True,True,True,True,,2026-05-21,0x57bdda51774313bdb9c63336ebb6a51de4fddf593c7e828f3096e74b732f5b2f
research_20260521_1000-0892,0xcfec77a3df9e5f6e2108955401047f66b78a0fb312e64c4428db7bbf83e7a388,0xcfec77a3df9e5f6e2108955401047f66b78a0fb312e64c4428db7bbf83e7a388,True,True,True,True,True,True,,2026-05-21,0x57bdda51774313bdb9c63336ebb6a51de4fddf593c7e828f3096e74b732f5b2f
research_20260521_1000-0893,0x18b3ae59a148c2294a685484c8f7e21d78757dff2e14622fc042517c3add2ae0,0x18b3ae59a148c2294a685484c8f7e21d78757dff2e14622fc042517c3add2ae0,True,True,True,True,True,True,,2026-05-21,0x57bdda51774313bdb9c63336ebb6a51de4fddf593c7e828f3096e74b732f5b2f
research_20260521_1000-0894,0x6c0374f7307dbcf61bcf2232da72f79163141bc6818ea430aa116de1a2a7c3ab,0x6c0374f7307dbcf61bcf2232da72f79163141bc6818ea430aa116de1a2a7c3ab,True,True,True,True,True,True,,2026-05-21,0x57bdda51774313bdb9c63336ebb6a51de4fddf593c7e828f3096e74b732f5b2f
research_20260521_1000-0895,0x6be64429aafb54edf17d4916c402f2c6322244ad8553bd19ab43c3411f15ae8c,0x6be64429aafb54edf17d4916c402f2c6322244ad8553bd19ab43c3411f15ae8c,True,True,True,True,True,True,,2026-05-21,0x57bdda51774313bdb9c63336ebb6a51de4fddf593c7e828f3096e74b732f5b2f
research_20260521_1000-0896,0x28e60d72c06dff98fab5230a8e93db506cd9a42d61d862795c59186095c0e203,0x28e60d72c06dff98fab5230a8e93db506cd9a42d61d862795c59186095c0e203,True,True,True,True,True,True,,2026-05-21,0x57bdda51774313bdb9c63336ebb6a51de4fddf593c7e828f3096e74b732f5b2f
research_20260521_1000-0897,0xb6b24efc433bc5f029b69ff47f2b606ad0899c948aa835a78f5e44447a5626de,0xb6b24efc433bc5f029b69ff47f2b606ad0899c948aa835a78f5e44447a5626de,True,True,True,True,True,True,,2026-05-21,0x57bdda51774313bdb9c63336ebb6a51de4fddf593c7e828f3096e74b732f5b2f
research_20260521_1000-0898,0xa610e7e59cb8c05825cb91891b8e5525809c11d1b95ec765e20377f7703021b7,0xa610e7e59cb8c05825cb91891b8e5525809c11d1b95ec765e20377f7703021b7,True,True,True,True,True,True,,2026-05-21,0x57bdda51774313bdb9c63336ebb6a51de4fddf593c7e828f3096e74b732f5b2f
research_20260521_1000-0899,0x0086237040e791451a0afb1f3d8202a73030956d49e269cdc46d6d61307d3f68,0x0086237040e791451a0afb1f3d8202a73030956d49e269cdc46d6d61307d3f68,True,True,True,True,True,True,,2026-05-21,0x57bdda51774313bdb9c63336ebb6a51de4fddf593c7e828f3096e74b732f5b2f
research_20260521_1000-0900,0x52bb95d5c8d0e854e8201de548ca405a99d0de19dda9d69c08f32c2760d5eb8f,0x52bb95d5c8d0e854e8201de548ca405a99d0de19dda9d69c08f32c2760d5eb8f,True,True,True,True,True,True,,2026-05-21,0x57bdda51774313bdb9c63336ebb6a51de4fddf593c7e828f3096e74b732f5b2f
research_20260521_1000-0901,0x4920928dd0e708e474e3fc6d032c1e69f20dacc2f76c1957f27f8a9de09a126a,0x4920928dd0e708e474e3fc6d032c1e69f20dacc2f76c1957f27f8a9de09a126a,True,True,True,True,True,True,,2026-05-21,0x57bdda51774313bdb9c63336ebb6a51de4fddf593c7e828f3096e74b732f5b2f
research_20260521_1000-0902,0x346b247e59d84afc5ae13878141bf08711368a66c2cb8f7d3ff5731d63b3faef,0x346b247e59d84afc5ae13878141bf08711368a66c2cb8f7d3ff5731d63b3faef,True,True,True,True,True,True,,2026-05-21,0x57bdda51774313bdb9c63336ebb6a51de4fddf593c7e828f3096e74b732f5b2f
research_20260521_1000-0903,0x61846443548479797e41c72a00a021c786c445a32934a0c6d748963a2941bef0,0x61846443548479797e41c72a00a021c786c445a32934a0c6d748963a2941bef0,True,True,True,True,True,True,,2026-05-21,0x57bdda51774313bdb9c63336ebb6a51de4fddf593c7e828f3096e74b732f5b2f
research_20260521_1000-0904,0x43456c1b8b5d0580193abab9e07b0a793bed8306de8e465f29f71759833f5b58,0x43456c1b8b5d0580193abab9e07b0a793bed8306de8e465f29f71759833f5b58,True,True,True,True,True,True,,2026-05-21,0x57bdda51774313bdb9c63336ebb6a51de4fddf593c7e828f3096e74b732f5b2f
research_20260521_1000-0905,0x657a318316f7e125b0973861dce285a7d60b7cbe3ce72d635b823b19c03e0421,0x657a318316f7e125b0973861dce285a7d60b7cbe3ce72d635b823b19c03e0421,True,True,True,True,True,True,,2026-05-21,0x57bdda51774313bdb9c63336ebb6a51de4fddf593c7e828f3096e74b732f5b2f
research_20260521_1000-0906,0xdd1bada89df65fa57065ce077525875f0ee65ae16f482ca068fd4b59194715cb,0xdd1bada89df65fa57065ce077525875f0ee65ae16f482ca068fd4b59194715cb,True,True,True,True,True,True,,2026-05-21,0x57bdda51774313bdb9c63336ebb6a51de4fddf593c7e828f3096e74b732f5b2f
research_20260521_1000-0907,0x8f5295beda3436a055c28f5807db52e2b1783eb82ee6e035d1e9b0f3ecc680fd,0x8f5295beda3436a055c28f5807db52e2b1783eb82ee6e035d1e9b0f3ecc680fd,True,True,True,True,True,True,,2026-05-21,0x57bdda51774313bdb9c63336ebb6a51de4fddf593c7e828f3096e74b732f5b2f
research_20260521_1000-0908,0xf8c8564e045d3c0363e3136dab3e4eff33446d33aabd887883b25d4d45834045,0xf8c8564e045d3c0363e3136dab3e4eff33446d33aabd887883b25d4d45834045,True,True,True,True,True,True,,2026-05-21,0x57bdda51774313bdb9c63336ebb6a51de4fddf593c7e828f3096e74b732f5b2f
research_20260521_1000-0909,0xffd2e7cc946b315934d458c58c5d767b664497cec2895da3afcf869d032219de,0xffd2e7cc946b315934d458c58c5d767b664497cec2895da3afcf869d032219de,True,True,True,True,True,True,,2026-05-21,0x57bdda51774313bdb9c63336ebb6a51de4fddf593c7e828f3096e74b732f5b2f
research_20260521_1000-0910,0xfa1fb553e7bfcbecec9abff7ab5cdbb8fd448f2316bc235b3b83127caa930b52,0xfa1fb553e7bfcbecec9abff7ab5cdbb8fd448f2316bc235b3b83127caa930b52,True,True,True,True,True,True,,2026-05-21,0x57bdda51774313bdb9c63336ebb6a51de4fddf593c7e828f3096e74b732f5b2f
research_20260521_1000-0911,0x5001b88940dcdcfc7301dcbfb87c7d14be5e29c4cb5ddd658bbab1d70b79699c,0x5001b88940dcdcfc7301dcbfb87c7d14be5e29c4cb5ddd658bbab1d70b79699c,True,True,True,True,True,True,,2026-05-21,0x57bdda51774313bdb9c63336ebb6a51de4fddf593c7e828f3096e74b732f5b2f
research_20260521_1000-0912,0x226ec13bd35a7f20321ac74f891c305c0bfdf2fcb672dff7cfdecf371237c7ec,0x226ec13bd35a7f20321ac74f891c305c0bfdf2fcb672dff7cfdecf371237c7ec,True,True,True,True,True,True,,2026-05-21,0x57bdda51774313bdb9c63336ebb6a51de4fddf593c7e828f3096e74b732f5b2f
research_20260521_1000-0913,0x9588eb68acf0e872dff2a4075d2841b616bdf539e671dbb474d1a16de4de80bb,0x9588eb68acf0e872dff2a4075d2841b616bdf539e671dbb474d1a16de4de80bb,True,True,True,True,True,True,,2026-05-21,0x57bdda51774313bdb9c63336ebb6a51de4fddf593c7e828f3096e74b732f5b2f
research_20260521_1000-0914,0x31cb45ca96786cf89baf148dbf9a9dbb0ad5338b5b8e6ff99eff5f3b588f5e86,0x31cb45ca96786cf89baf148dbf9a9dbb0ad5338b5b8e6ff99eff5f3b588f5e86,True,True,True,True,True,True,,2026-05-21,0x57bdda51774313bdb9c63336ebb6a51de4fddf593c7e828f3096e74b732f5b2f
research_20260521_1000-0915,0x9e6fc9b6133cc3fba05e2d435a17735373d267d5bca13122e2650eb3020e351b,0x9e6fc9b6133cc3fba05e2d435a17735373d267d5bca13122e2650eb3020e351b,True,True,True,True,True,True,,2026-05-21,0x57bdda51774313bdb9c63336ebb6a51de4fddf593c7e828f3096e74b732f5b2f
research_20260521_1000-0916,0x4b2c9c69b13bb96b3609af9be44757afb556d9e11a2992a22b0168039527dbe8,0x4b2c9c69b13bb96b3609af9be44757afb556d9e11a2992a22b0168039527dbe8,True,True,True,True,True,True,,2026-05-21,0x57bdda51774313bdb9c63336ebb6a51de4fddf593c7e828f3096e74b732f5b2f
research_20260521_1000-0917,0x2a0b0adef494899aa83e5d175d3497303d5f7bf7973c994967595bbfae9052a4,0x2a0b0adef494899aa83e5d175d3497303d5f7bf7973c994967595bbfae9052a4,True,True,True,True,True,True,,2026-05-21,0x57bdda51774313bdb9c63336ebb6a51de4fddf593c7e828f3096e74b732f5b2f
research_20260521_1000-0918,0x24a5fb79e62403e85bb7b9947640855c7fd8d9d46c39ac729cc9111f0a7fff6c,0x24a5fb79e62403e85bb7b9947640855c7fd8d9d46c39ac729cc9111f0a7fff6c,True,True,True,True,True,True,,2026-05-21,0x57bdda51774313bdb9c63336ebb6a51de4fddf593c7e828f3096e74b732f5b2f
research_20260521_1000-0919,0xf2bb09aa9a8129d459ab89b6b1286f4f9b3b04c700ac41b027a26ac21179bf3e,0xf2bb09aa9a8129d459ab89b6b1286f4f9b3b04c700ac41b027a26ac21179bf3e,True,True,True,True,True,True,,2026-05-21,0x57bdda51774313bdb9c63336ebb6a51de4fddf593c7e828f3096e74b732f5b2f
research_20260521_1000-0920,0xc241a04a5a26d3318c2f34f483a023649434bb6f4bb7f606dfcde09509ce8f4d,0xc241a04a5a26d3318c2f34f483a023649434bb6f4bb7f606dfcde09509ce8f4d,True,True,True,True,True,True,,2026-05-21,0x57bdda51774313bdb9c63336ebb6a51de4fddf593c7e828f3096e74b732f5b2f
research_20260521_1000-0921,0x28560937f0aeab8573d9fc33f5fb94e6b28062e61ed98da9c51d405b8f9107f1,0x28560937f0aeab8573d9fc33f5fb94e6b28062e61ed98da9c51d405b8f9107f1,True,True,True,True,True,True,,2026-05-21,0x57bdda51774313bdb9c63336ebb6a51de4fddf593c7e828f3096e74b732f5b2f
research_20260521_1000-0922,0xfb679e07e5c9e83f5b5696f8554040c529353d6bd6c7ac1ff88b66a13ea329c1,0xfb679e07e5c9e83f5b5696f8554040c529353d6bd6c7ac1ff88b66a13ea329c1,True,True,True,True,True,True,,2026-05-21,0x57bdda51774313bdb9c63336ebb6a51de4fddf593c7e828f3096e74b732f5b2f
research_20260521_1000-0923,0xa5379349c92bd064f1c15c487e548765f1814acaa4d782080edad43fa2f9c005,0xa5379349c92bd064f1c15c487e548765f1814acaa4d782080edad43fa2f9c005,True,True,True,True,True,True,,2026-05-21,0x57bdda51774313bdb9c63336ebb6a51de4fddf593c7e828f3096e74b732f5b2f
research_20260521_1000-0924,0x23542fc5064998f217705767598d293e83e55edc2eaebc1bff3e2ed6da34bf1c,0x23542fc5064998f217705767598d293e83e55edc2eaebc1bff3e2ed6da34bf1c,True,True,True,True,True,True,,2026-05-21,0x57bdda51774313bdb9c63336ebb6a51de4fddf593c7e828f3096e74b732f5b2f
research_20260521_1000-0925,0x1029a19de223388c11b3d394ced0ee02c37920dadcfbccee548c97ffb421a64c,0x1029a19de223388c11b3d394ced0ee02c37920dadcfbccee548c97ffb421a64c,True,True,True,True,True,True,,2026-05-21,0x57bdda51774313bdb9c63336ebb6a51de4fddf593c7e828f3096e74b732f5b2f
research_20260521_1000-0926,0xd44cb5505e0f266ca33d33f27aa45fa072ec55b2724f9024c57eb79ed0af3d8c,0xd44cb5505e0f266ca33d33f27aa45fa072ec55b2724f9024c57eb79ed0af3d8c,True,True,True,True,True,True,,2026-05-21,0x57bdda51774313bdb9c63336ebb6a51de4fddf593c7e828f3096e74b732f5b2f
research_20260521_1000-0927,0xae7c3d9c694ed82d79d39db543ec8e74321750f70511747af0b9419d48243695,0xae7c3d9c694ed82d79d39db543ec8e74321750f70511747af0b9419d48243695,True,True,True,True,True,True,,2026-05-21,0x57bdda51774313bdb9c63336ebb6a51de4fddf593c7e828f3096e74b732f5b2f
research_20260521_1000-0928,0xfc10535f649e2426b060a8da7e0b0dd27d3aa888c8d8fae1d0aff99f395f2d65,0xfc10535f649e2426b060a8da7e0b0dd27d3aa888c8d8fae1d0aff99f395f2d65,True,True,True,True,True,True,,2026-05-21,0x57bdda51774313bdb9c63336ebb6a51de4fddf593c7e828f3096e74b732f5b2f
research_20260521_1000-0929,0x8e04fba98949b4764ebde59a2a573e98d562a47358bb4182407b64adee05f650,0x8e04fba98949b4764ebde59a2a573e98d562a47358bb4182407b64adee05f650,True,True,True,True,True,True,,2026-05-21,0x57bdda51774313bdb9c63336ebb6a51de4fddf593c7e828f3096e74b732f5b2f
research_20260521_1000-0930,0xc5b1ab14ba3ee538bfbad97ff977d55a6bb23606b463ae3d584c60cbf5d58213,0xc5b1ab14ba3ee538bfbad97ff977d55a6bb23606b463ae3d584c60cbf5d58213,True,True,True,True,True,True,,2026-05-21,0x57bdda51774313bdb9c63336ebb6a51de4fddf593c7e828f3096e74b732f5b2f
research_20260521_1000-0931,0x334e8284f5e8e791c2ff62eeee3058da510ad3ea2ec95ad11596feb9afeaafd7,0x334e8284f5e8e791c2ff62eeee3058da510ad3ea2ec95ad11596feb9afeaafd7,True,True,True,True,True,True,,2026-05-21,0x57bdda51774313bdb9c63336ebb6a51de4fddf593c7e828f3096e74b732f5b2f
research_20260521_1000-0932,0x67323ef9080de1228d11edff75caece3ff0394b928e3f38825f2886da7f9b381,0x67323ef9080de1228d11edff75caece3ff0394b928e3f38825f2886da7f9b381,True,True,True,True,True,True,,2026-05-21,0x57bdda51774313bdb9c63336ebb6a51de4fddf593c7e828f3096e74b732f5b2f
research_20260521_1000-0933,0x22a0a0eb98c0f7aaa8f4e1b923f047c9c7e96b1b2ef6b60a579e9b01e3260d54,0x22a0a0eb98c0f7aaa8f4e1b923f047c9c7e96b1b2ef6b60a579e9b01e3260d54,True,True,True,True,True,True,,2026-05-21,0x57bdda51774313bdb9c63336ebb6a51de4fddf593c7e828f3096e74b732f5b2f
research_20260521_1000-0934,0x56a2c75bf8c0070734c148fc919c4dc516567ee0a4df83a3b37a20900a03d2a7,0x56a2c75bf8c0070734c148fc919c4dc516567ee0a4df83a3b37a20900a03d2a7,True,True,True,True,True,True,,2026-05-21,0x57bdda51774313bdb9c63336ebb6a51de4fddf593c7e828f3096e74b732f5b2f
research_20260521_1000-0935,0x939612dbe194114cd9930dfa706601c7af6a3549723945c36c535b524d1376fc,0x939612dbe194114cd9930dfa706601c7af6a3549723945c36c535b524d1376fc,True,True,True,True,True,True,,2026-05-21,0x57bdda51774313bdb9c63336ebb6a51de4fddf593c7e828f3096e74b732f5b2f
research_20260521_1000-0936,0x9c3319507c769e292d32677d4ed51e21014bd9b761a5ca10c6c9808dfeeb6175,0x9c3319507c769e292d32677d4ed51e21014bd9b761a5ca10c6c9808dfeeb6175,True,True,True,True,True,True,,2026-05-21,0x57bdda51774313bdb9c63336ebb6a51de4fddf593c7e828f3096e74b732f5b2f
research_20260521_1000-0937,0xd300be55a7cea40a1b84672d2ec2059ef5fce24e85e69c9bf854a9bdd4423704,0xd300be55a7cea40a1b84672d2ec2059ef5fce24e85e69c9bf854a9bdd4423704,True,True,True,True,True,True,,2026-05-21,0x57bdda51774313bdb9c63336ebb6a51de4fddf593c7e828f3096e74b732f5b2f
research_20260521_1000-0938,0xff4ba58ed811256242d206b4571527e29699dd2045cafd21ac1fac3d0414fc23,0xff4ba58ed811256242d206b4571527e29699dd2045cafd21ac1fac3d0414fc23,True,True,True,True,True,True,,2026-05-21,0x57bdda51774313bdb9c63336ebb6a51de4fddf593c7e828f3096e74b732f5b2f
research_20260521_1000-0939,0x89c37891edb009a6a8dc8201de451129bdc88eeae801edeb7282cba7bbd78fdb,0x89c37891edb009a6a8dc8201de451129bdc88eeae801edeb7282cba7bbd78fdb,True,True,True,True,True,True,,2026-05-21,0x57bdda51774313bdb9c63336ebb6a51de4fddf593c7e828f3096e74b732f5b2f
research_20260521_1000-0940,0xb9bab1de1f205795b6ca6c8e5baeda7d184b3ae5b4d9743ac2f0e49ef9dc5feb,0xb9bab1de1f205795b6ca6c8e5baeda7d184b3ae5b4d9743ac2f0e49ef9dc5feb,True,True,True,True,True,True,,2026-05-21,0x57bdda51774313bdb9c63336ebb6a51de4fddf593c7e828f3096e74b732f5b2f
research_20260521_1000-0941,0x59b687095944f44669c55a96368256e172f541f6fb7e3771eafd932f552f0e00,0x59b687095944f44669c55a96368256e172f541f6fb7e3771eafd932f552f0e00,True,True,True,True,True,True,,2026-05-21,0x57bdda51774313bdb9c63336ebb6a51de4fddf593c7e828f3096e74b732f5b2f
research_20260521_1000-0942,0x76ee774dc3d2e720f928d9f4d75d007cf75c73a03519f3bdbd25dee32389029a,0x76ee774dc3d2e720f928d9f4d75d007cf75c73a03519f3bdbd25dee32389029a,True,True,True,True,True,True,,2026-05-21,0x57bdda51774313bdb9c63336ebb6a51de4fddf593c7e828f3096e74b732f5b2f
research_20260521_1000-0943,0x1bed9e105bf873b49ffe0e30c9418a49b58199ad79c59704a01588181b01edc1,0x1bed9e105bf873b49ffe0e30c9418a49b58199ad79c59704a01588181b01edc1,True,True,True,True,True,True,,2026-05-21,0x57bdda51774313bdb9c63336ebb6a51de4fddf593c7e828f3096e74b732f5b2f
research_20260521_1000-0944,0x4edf81cc150cc5cdb3e0c4e0f42f9311886cf33a4d560fea5c33124c684d1ac7,0x4edf81cc150cc5cdb3e0c4e0f42f9311886cf33a4d560fea5c33124c684d1ac7,True,True,True,True,True,True,,2026-05-21,0x57bdda51774313bdb9c63336ebb6a51de4fddf593c7e828f3096e74b732f5b2f
research_20260521_1000-0945,0xc305d5b4df97354cc8c36034d2ba1f6e9b6fba17651a244a92eb7623438e53ca,0xc305d5b4df97354cc8c36034d2ba1f6e9b6fba17651a244a92eb7623438e53ca,True,True,True,True,True,True,,2026-05-21,0x57bdda51774313bdb9c63336ebb6a51de4fddf593c7e828f3096e74b732f5b2f
research_20260521_1000-0946,0xd9a83bc9fd6061286a4c49bb3aa946104fac47c117fff66b27400d542f601ed8,0xd9a83bc9fd6061286a4c49bb3aa946104fac47c117fff66b27400d542f601ed8,True,True,True,True,True,True,,2026-05-21,0x57bdda51774313bdb9c63336ebb6a51de4fddf593c7e828f3096e74b732f5b2f
research_20260521_1000-0947,0x25f1e5341696b490716f2105620810393575c2edc7b4819a75a490e62921522c,0x25f1e5341696b490716f2105620810393575c2edc7b4819a75a490e62921522c,True,True,True,True,True,True,,2026-05-21,0x57bdda51774313bdb9c63336ebb6a51de4fddf593c7e828f3096e74b732f5b2f
research_20260521_1000-0948,0x8e45936b3f21b74caae4eb09e3eef869964bea3d2a5878446ee744d2dac52fcd,0x8e45936b3f21b74caae4eb09e3eef869964bea3d2a5878446ee744d2dac52fcd,True,True,True,True,True,True,,2026-05-21,0x57bdda51774313bdb9c63336ebb6a51de4fddf593c7e828f3096e74b732f5b2f
research_20260521_1000-0949,0x0bc08b360f859beba0be91b3803b6a5399d71f5f8a23739df5d813639549de8a,0x0bc08b360f859beba0be91b3803b6a5399d71f5f8a23739df5d813639549de8a,True,True,True,True,True,True,,2026-05-21,0x57bdda51774313bdb9c63336ebb6a51de4fddf593c7e828f3096e74b732f5b2f
research_20260521_1000-0950,0x8ef5d4e68901a06c3d2861035652e0adf984b6947593d0eb41873faee514470a,0x8ef5d4e68901a06c3d2861035652e0adf984b6947593d0eb41873faee514470a,True,True,True,True,True,True,,2026-05-21,0x57bdda51774313bdb9c63336ebb6a51de4fddf593c7e828f3096e74b732f5b2f
research_20260521_1000-0951,0xd37b544575381e810d70bb4290df779ed9b54cd08ce775d2464ef4976817d223,0xd37b544575381e810d70bb4290df779ed9b54cd08ce775d2464ef4976817d223,True,True,True,True,True,True,,2026-05-21,0x57bdda51774313bdb9c63336ebb6a51de4fddf593c7e828f3096e74b732f5b2f
research_20260521_1000-0952,0x95e2d28200bd81a7bd78cb5a6c12611d54c02004c16d5ce9d3ac65ba1e59476f,0x95e2d28200bd81a7bd78cb5a6c12611d54c02004c16d5ce9d3ac65ba1e59476f,True,True,True,True,True,True,,2026-05-21,0x57bdda51774313bdb9c63336ebb6a51de4fddf593c7e828f3096e74b732f5b2f
research_20260521_1000-0953,0xcd6a7f0fc415a5d79beb390baccba1dbf2cdcc58c1fe2c281570b0d8c8f25a5d,0xcd6a7f0fc415a5d79beb390baccba1dbf2cdcc58c1fe2c281570b0d8c8f25a5d,True,True,True,True,True,True,,2026-05-21,0x57bdda51774313bdb9c63336ebb6a51de4fddf593c7e828f3096e74b732f5b2f
research_20260521_1000-0954,0x6f7c60033c8fd14e1930323a5ebbc741d55a22b16c93b73573608644ce507792,0x6f7c60033c8fd14e1930323a5ebbc741d55a22b16c93b73573608644ce507792,True,True,True,True,True,True,,2026-05-21,0x57bdda51774313bdb9c63336ebb6a51de4fddf593c7e828f3096e74b732f5b2f
research_20260521_1000-0955,0xb740d51a6e91ab9bb176fbf2cd31aa1e9d78ee220f733ef1209aabd16087506f,0xb740d51a6e91ab9bb176fbf2cd31aa1e9d78ee220f733ef1209aabd16087506f,True,True,True,True,True,True,,2026-05-21,0x57bdda51774313bdb9c63336ebb6a51de4fddf593c7e828f3096e74b732f5b2f
research_20260521_1000-0956,0x3195b24940c22c2e2922f133396d538e860f85286d149b79887666eb5e6ee185,0x3195b24940c22c2e2922f133396d538e860f85286d149b79887666eb5e6ee185,True,True,True,True,True,True,,2026-05-21,0x57bdda51774313bdb9c63336ebb6a51de4fddf593c7e828f3096e74b732f5b2f
research_20260521_1000-0957,0x6edaa402203569d44fa8e161d4544948c749e3506a5b0bd662926384a94bf2e4,0x6edaa402203569d44fa8e161d4544948c749e3506a5b0bd662926384a94bf2e4,True,True,True,True,True,True,,2026-05-21,0x57bdda51774313bdb9c63336ebb6a51de4fddf593c7e828f3096e74b732f5b2f
research_20260521_1000-0958,0xefa52194ef3daf0c87704a927cc7a3d35aac16018c4a837571a877c4dfb08263,0xefa52194ef3daf0c87704a927cc7a3d35aac16018c4a837571a877c4dfb08263,True,True,True,True,True,True,,2026-05-21,0x57bdda51774313bdb9c63336ebb6a51de4fddf593c7e828f3096e74b732f5b2f
research_20260521_1000-0959,0x40f614320c75e08912ed6031a0ef01bd9f802d26ddc45fde03628f5aebb08f77,0x40f614320c75e08912ed6031a0ef01bd9f802d26ddc45fde03628f5aebb08f77,True,True,True,True,True,True,,2026-05-21,0x57bdda51774313bdb9c63336ebb6a51de4fddf593c7e828f3096e74b732f5b2f
research_20260521_1000-0960,0xc0f04e05e2781fc339dae7b3f65cc824c44841256b140e7d0d571fe384323612,0xc0f04e05e2781fc339dae7b3f65cc824c44841256b140e7d0d571fe384323612,True,True,True,True,True,True,,2026-05-21,0x57bdda51774313bdb9c63336ebb6a51de4fddf593c7e828f3096e74b732f5b2f
research_20260521_1000-0961,0xbbf0343fd99205db9ba397ec5ff5e623b6f655d2c665b83a4f8000dfdfc446f4,0xbbf0343fd99205db9ba397ec5ff5e623b6f655d2c665b83a4f8000dfdfc446f4,True,True,True,True,True,True,,2026-05-21,0x57bdda51774313bdb9c63336ebb6a51de4fddf593c7e828f3096e74b732f5b2f
research_20260521_1000-0962,0x76668a7da3d93486a4d2df2e4a6f3d7ca5e0b6e2c77d58f124a62f9c0ed841c8,0x76668a7da3d93486a4d2df2e4a6f3d7ca5e0b6e2c77d58f124a62f9c0ed841c8,True,True,True,True,True,True,,2026-05-21,0x57bdda51774313bdb9c63336ebb6a51de4fddf593c7e828f3096e74b732f5b2f
research_20260521_1000-0963,0xeae0a6210dca94d0f30a21aaaa03972fb98c741469ff4a943f7adc09341a6550,0xeae0a6210dca94d0f30a21aaaa03972fb98c741469ff4a943f7adc09341a6550,True,True,True,True,True,True,,2026-05-21,0x57bdda51774313bdb9c63336ebb6a51de4fddf593c7e828f3096e74b732f5b2f
research_20260521_1000-0964,0x37132010b9edd84eff053578435b3dd9534fedc4959c0fb2fba6dc5b42300ee7,0x37132010b9edd84eff053578435b3dd9534fedc4959c0fb2fba6dc5b42300ee7,True,True,True,True,True,True,,2026-05-21,0x57bdda51774313bdb9c63336ebb6a51de4fddf593c7e828f3096e74b732f5b2f
research_20260521_1000-0965,0x2c5a46195847862abd34a0684605b1156dbd0d54554bad2514e817cc7e001966,0x2c5a46195847862abd34a0684605b1156dbd0d54554bad2514e817cc7e001966,True,True,True,True,True,True,,2026-05-21,0x57bdda51774313bdb9c63336ebb6a51de4fddf593c7e828f3096e74b732f5b2f
research_20260521_1000-0966,0x0fb3be76d4fec8f579032eec8bcc6f7e6d6204530b8e89fd433b77059062b914,0x0fb3be76d4fec8f579032eec8bcc6f7e6d6204530b8e89fd433b77059062b914,True,True,True,True,True,True,,2026-05-21,0x57bdda51774313bdb9c63336ebb6a51de4fddf593c7e828f3096e74b732f5b2f
research_20260521_1000-0967,0xb82e3dec64a70612f79fb2730c73ff17e4545ad354b5fea3ab2705fdb4ef7113,0xb82e3dec64a70612f79fb2730c73ff17e4545ad354b5fea3ab2705fdb4ef7113,True,True,True,True,True,True,,2026-05-21,0x57bdda51774313bdb9c63336ebb6a51de4fddf593c7e828f3096e74b732f5b2f
research_20260521_1000-0968,0xe49e64792bb39d8b4da3133ee0a5ec63246143533bed26685e6243f7e717dd54,0xe49e64792bb39d8b4da3133ee0a5ec63246143533bed26685e6243f7e717dd54,True,True,True,True,True,True,,2026-05-21,0x57bdda51774313bdb9c63336ebb6a51de4fddf593c7e828f3096e74b732f5b2f
research_20260521_1000-0969,0x8f0d1810acb6a31534317a6f264334825a97f8ca3b8da8636c314cc0f931979a,0x8f0d1810acb6a31534317a6f264334825a97f8ca3b8da8636c314cc0f931979a,True,True,True,True,True,True,,2026-05-21,0x57bdda51774313bdb9c63336ebb6a51de4fddf593c7e828f3096e74b732f5b2f
research_20260521_1000-0970,0x5641bd25f2b0e7b310218f5d3a30c7a448eb4e36e24a0a7d3baf2e4cc9041b3f,0x5641bd25f2b0e7b310218f5d3a30c7a448eb4e36e24a0a7d3baf2e4cc9041b3f,True,True,True,True,True,True,,2026-05-21,0x57bdda51774313bdb9c63336ebb6a51de4fddf593c7e828f3096e74b732f5b2f
research_20260521_1000-0971,0xf294342c10c721821014631f15262f62dafe5c3c8bda378dadd02d922a40d9b2,0xf294342c10c721821014631f15262f62dafe5c3c8bda378dadd02d922a40d9b2,True,True,True,True,True,True,,2026-05-21,0x57bdda51774313bdb9c63336ebb6a51de4fddf593c7e828f3096e74b732f5b2f
research_20260521_1000-0972,0x1e41bda736392d6ec1024f814ebf5c641773500cadda084e813b30bd670e4c13,0x1e41bda736392d6ec1024f814ebf5c641773500cadda084e813b30bd670e4c13,True,True,True,True,True,True,,2026-05-21,0x57bdda51774313bdb9c63336ebb6a51de4fddf593c7e828f3096e74b732f5b2f
research_20260521_1000-0973,0xce33a65bb6f1e460188d2444c01a5d96c1c3490fac74495cdc92df51dfa7832a,0xce33a65bb6f1e460188d2444c01a5d96c1c3490fac74495cdc92df51dfa7832a,True,True,True,True,True,True,,2026-05-21,0x57bdda51774313bdb9c63336ebb6a51de4fddf593c7e828f3096e74b732f5b2f
research_20260521_1000-0974,0x369ea4f4bc8609341c7a1232afde94578175f9a36d0c7da3484caa8a488cad21,0x369ea4f4bc8609341c7a1232afde94578175f9a36d0c7da3484caa8a488cad21,True,True,True,True,True,True,,2026-05-21,0x57bdda51774313bdb9c63336ebb6a51de4fddf593c7e828f3096e74b732f5b2f
research_20260521_1000-0975,0x6bda358aeb2c945f268782afb298bb5b5f63505eabf569a03a3402ead3fd9686,0x6bda358aeb2c945f268782afb298bb5b5f63505eabf569a03a3402ead3fd9686,True,True,True,True,True,True,,2026-05-21,0x57bdda51774313bdb9c63336ebb6a51de4fddf593c7e828f3096e74b732f5b2f
research_20260521_1000-0976,0x2ce6083a147fbb89642d5c3cb86307e320986599feeb51c77e1eb66d7570f47d,0x2ce6083a147fbb89642d5c3cb86307e320986599feeb51c77e1eb66d7570f47d,True,True,True,True,True,True,,2026-05-21,0x57bdda51774313bdb9c63336ebb6a51de4fddf593c7e828f3096e74b732f5b2f
research_20260521_1000-0977,0x5ca9c9d0c16deff6d84f19ebec40ed594d322556b0e6bc08bdb6c567568502a9,0x5ca9c9d0c16deff6d84f19ebec40ed594d322556b0e6bc08bdb6c567568502a9,True,True,True,True,True,True,,2026-05-21,0x57bdda51774313bdb9c63336ebb6a51de4fddf593c7e828f3096e74b732f5b2f
research_20260521_1000-0978,0xc6b504fc64622180774d4d8dcd1cbca28bd805b45d3067b25309d9f1e9508927,0xc6b504fc64622180774d4d8dcd1cbca28bd805b45d3067b25309d9f1e9508927,True,True,True,True,True,True,,2026-05-21,0x57bdda51774313bdb9c63336ebb6a51de4fddf593c7e828f3096e74b732f5b2f
research_20260521_1000-0979,0x461498d1938452c274143798a1c06e38ca21b68c31a0c4bf2154f429818b358e,0x461498d1938452c274143798a1c06e38ca21b68c31a0c4bf2154f429818b358e,True,True,True,True,True,True,,2026-05-21,0x57bdda51774313bdb9c63336ebb6a51de4fddf593c7e828f3096e74b732f5b2f
research_20260521_1000-0980,0xc67cbd27998b2f797a54a92d146238a0522b8e6cc5cfcd98212a5356271710eb,0xc67cbd27998b2f797a54a92d146238a0522b8e6cc5cfcd98212a5356271710eb,True,True,True,True,True,True,,2026-05-21,0x57bdda51774313bdb9c63336ebb6a51de4fddf593c7e828f3096e74b732f5b2f
research_20260521_1000-0981,0x7cfd296df8651deba17c256b21e165486197657ca657e47a42a4c6f709618e33,0x7cfd296df8651deba17c256b21e165486197657ca657e47a42a4c6f709618e33,True,True,True,True,True,True,,2026-05-21,0x57bdda51774313bdb9c63336ebb6a51de4fddf593c7e828f3096e74b732f5b2f
research_20260521_1000-0982,0x8517352dcb87d4cfed774412b7f12d249ded4a07ff40c53cb87c03b3277a0377,0x8517352dcb87d4cfed774412b7f12d249ded4a07ff40c53cb87c03b3277a0377,True,True,True,True,True,True,,2026-05-21,0x57bdda51774313bdb9c63336ebb6a51de4fddf593c7e828f3096e74b732f5b2f
research_20260521_1000-0983,0x4e348ec7bc41cf11247773f10343e2d2ac901c658223b1b0165067af983369aa,0x4e348ec7bc41cf11247773f10343e2d2ac901c658223b1b0165067af983369aa,True,True,True,True,True,True,,2026-05-21,0x57bdda51774313bdb9c63336ebb6a51de4fddf593c7e828f3096e74b732f5b2f
research_20260521_1000-0984,0x6d216b7e500fdc14390377eba7ee73588e73eb132a4c38b211d0bf5e7631b71a,0x6d216b7e500fdc14390377eba7ee73588e73eb132a4c38b211d0bf5e7631b71a,True,True,True,True,True,True,,2026-05-21,0x57bdda51774313bdb9c63336ebb6a51de4fddf593c7e828f3096e74b732f5b2f
research_20260521_1000-0985,0x7c60fc8232811db14a64f1b04f5994bee27d5cda813015bb3c0d57e9c844c7dd,0x7c60fc8232811db14a64f1b04f5994bee27d5cda813015bb3c0d57e9c844c7dd,True,True,True,True,True,True,,2026-05-21,0x57bdda51774313bdb9c63336ebb6a51de4fddf593c7e828f3096e74b732f5b2f
research_20260521_1000-0986,0xeeba65e6ffdec6b9e6bcb8f05802d64321ce358089f53225cf91a99575918f9c,0xeeba65e6ffdec6b9e6bcb8f05802d64321ce358089f53225cf91a99575918f9c,True,True,True,True,True,True,,2026-05-21,0x57bdda51774313bdb9c63336ebb6a51de4fddf593c7e828f3096e74b732f5b2f
research_20260521_1000-0987,0x37fb7a1949dd501b3ff7ac29f845cd3e54d2f055ad692380a173385003ccb962,0x37fb7a1949dd501b3ff7ac29f845cd3e54d2f055ad692380a173385003ccb962,True,True,True,True,True,True,,2026-05-21,0x57bdda51774313bdb9c63336ebb6a51de4fddf593c7e828f3096e74b732f5b2f
research_20260521_1000-0988,0xe696fbe5b2bdad949e7762da0ae41da433f33fc016003005faf703b742a6c6ec,0xe696fbe5b2bdad949e7762da0ae41da433f33fc016003005faf703b742a6c6ec,True,True,True,True,True,True,,2026-05-21,0x57bdda51774313bdb9c63336ebb6a51de4fddf593c7e828f3096e74b732f5b2f
research_20260521_1000-0989,0x4308b2501ed57319f89b8a472d65dd7108d83a883e3d4f06ade9303b1098377b,0x4308b2501ed57319f89b8a472d65dd7108d83a883e3d4f06ade9303b1098377b,True,True,True,True,True,True,,2026-05-21,0x57bdda51774313bdb9c63336ebb6a51de4fddf593c7e828f3096e74b732f5b2f
research_20260521_1000-0990,0x79ae18881bb66d7a26b17d72a592cfa4efbb2ce42137965ad3e16d0af840921b,0x79ae18881bb66d7a26b17d72a592cfa4efbb2ce42137965ad3e16d0af840921b,True,True,True,True,True,True,,2026-05-21,0x57bdda51774313bdb9c63336ebb6a51de4fddf593c7e828f3096e74b732f5b2f
research_20260521_1000-0991,0x34eceb8abdabb2a9bcb7375925d4680cc0085fb74082b3b53f7362f7d1a28c5d,0x34eceb8abdabb2a9bcb7375925d4680cc0085fb74082b3b53f7362f7d1a28c5d,True,True,True,True,True,True,,2026-05-21,0x57bdda51774313bdb9c63336ebb6a51de4fddf593c7e828f3096e74b732f5b2f
research_20260521_1000-0992,0xaa6cfd79673933c85f9a8d549106c291399864f0ada1ee0c05a70cce8a10b710,0xaa6cfd79673933c85f9a8d549106c291399864f0ada1ee0c05a70cce8a10b710,True,True,True,True,True,True,,2026-05-21,0x57bdda51774313bdb9c63336ebb6a51de4fddf593c7e828f3096e74b732f5b2f
research_20260521_1000-0993,0x09832bfb624418d8441e43b0978e36be31f29117570ed3c0214b258058bab4c6,0x09832bfb624418d8441e43b0978e36be31f29117570ed3c0214b258058bab4c6,True,True,True,True,True,True,,2026-05-21,0x57bdda51774313bdb9c63336ebb6a51de4fddf593c7e828f3096e74b732f5b2f
research_20260521_1000-0994,0x31017ec9a77a17ad676a9aeba67e229f1612d433945c42e6541310bb8fc7f862,0x31017ec9a77a17ad676a9aeba67e229f1612d433945c42e6541310bb8fc7f862,True,True,True,True,True,True,,2026-05-21,0x57bdda51774313bdb9c63336ebb6a51de4fddf593c7e828f3096e74b732f5b2f
research_20260521_1000-0995,0x055e53d2be124bf7d550c68117cfee63336e16a724883c9a032cc74b0221daf5,0x055e53d2be124bf7d550c68117cfee63336e16a724883c9a032cc74b0221daf5,True,True,True,True,True,True,,2026-05-21,0x57bdda51774313bdb9c63336ebb6a51de4fddf593c7e828f3096e74b732f5b2f
research_20260521_1000-0996,0xb0cc30a7a5a637e6d9d8bde594645a6a340555fb21369ee8efeff2557703feca,0xb0cc30a7a5a637e6d9d8bde594645a6a340555fb21369ee8efeff2557703feca,True,True,True,True,True,True,,2026-05-21,0x57bdda51774313bdb9c63336ebb6a51de4fddf593c7e828f3096e74b732f5b2f
research_20260521_1000-0997,0x769e9b32d3f0fd1169e904e2009b68419261e28de33d882082d6e89b34c0fb45,0x769e9b32d3f0fd1169e904e2009b68419261e28de33d882082d6e89b34c0fb45,True,True,True,True,True,True,,2026-05-21,0x57bdda51774313bdb9c63336ebb6a51de4fddf593c7e828f3096e74b732f5b2f
research_20260521_1000-0998,0x816f9619a783c660e5eed2083ee5ea8ae730fa7b1e69cc0bbb8ce24b67cdd82e,0x816f9619a783c660e5eed2083ee5ea8ae730fa7b1e69cc0bbb8ce24b67cdd82e,True,True,True,True,True,True,,2026-05-21,0x57bdda51774313bdb9c63336ebb6a51de4fddf593c7e828f3096e74b732f5b2f
research_20260521_1000-0999,0x6d49425811cd8e2c2661cdad25d53e591829a26390f6678a35338efcbc607ab8,0x6d49425811cd8e2c2661cdad25d53e591829a26390f6678a35338efcbc607ab8,True,True,True,True,True,True,,2026-05-21,0x57bdda51774313bdb9c63336ebb6a51de4fddf593c7e828f3096e74b732f5b2f
research_20260521_1000-1000,0xe639ae8ab67f39d5ce456b580e976a75ed6ca6aa786db8aa2c5f1ac0eeb0ea5c,0xe639ae8ab67f39d5ce456b580e976a75ed6ca6aa786db8aa2c5f1ac0eeb0ea5c,True,True,True,True,True,True,,2026-05-21,0x57bdda51774313bdb9c63336ebb6a51de4fddf593c7e828f3096e74b732f5b2f
