session_id,ts,energy_kwh
run_20260217_224037-0001,2026-02-17T23:22:59.070749Z,0.0
run_20260217_224037-0001,2026-02-17T23:27:59.070749Z,0.616
run_20260217_224037-0001,2026-02-17T23:32:59.070749Z,1.313
run_20260217_224037-0001,2026-02-17T23:37:59.070749Z,1.857
run_20260217_224037-0001,2026-02-17T23:42:59.070749Z,2.343
run_20260217_224037-0001,2026-02-17T23:47:59.070749Z,2.997
run_20260217_224037-0001,2026-02-17T23:52:59.070749Z,3.63
run_20260217_224037-0001,2026-02-17T23:57:59.070749Z,4.271
run_20260217_224037-0001,2026-02-18T00:02:59.070749Z,4.879
run_20260217_224037-0002,2026-02-17T19:12:40.426981Z,0.0
run_20260217_224037-0002,2026-02-17T19:17:40.426981Z,0.939
run_20260217_224037-0002,2026-02-17T19:22:40.426981Z,1.976
run_20260217_224037-0002,2026-02-17T19:27:40.426981Z,2.897
run_20260217_224037-0002,2026-02-17T19:32:40.426981Z,3.804
run_20260217_224037-0002,2026-02-17T19:37:40.426981Z,4.769
run_20260217_224037-0002,2026-02-17T19:42:40.426981Z,5.552
run_20260217_224037-0002,2026-02-17T19:47:40.426981Z,6.44
run_20260217_224037-0002,2026-02-17T19:52:40.426981Z,7.402
run_20260217_224037-0002,2026-02-17T19:57:40.426981Z,8.399
run_20260217_224037-0002,2026-02-17T20:02:40.426981Z,9.293
run_20260217_224037-0002,2026-02-17T20:07:40.426981Z,10.245
run_20260217_224037-0002,2026-02-17T20:12:40.426981Z,11.184
run_20260217_224037-0002,2026-02-17T20:17:40.426981Z,12.172
run_20260217_224037-0002,2026-02-17T20:22:40.426981Z,12.987
run_20260217_224037-0002,2026-02-17T20:27:40.426981Z,13.956
run_20260217_224037-0003,2026-02-17T22:05:31.662886Z,0.0
run_20260217_224037-0003,2026-02-17T22:10:31.662886Z,1.556
run_20260217_224037-0003,2026-02-17T22:15:31.662886Z,3.121
run_20260217_224037-0003,2026-02-17T22:20:31.662886Z,4.707
run_20260217_224037-0003,2026-02-17T22:25:31.662886Z,6.287
run_20260217_224037-0003,2026-02-17T22:30:31.662886Z,7.987
run_20260217_224037-0003,2026-02-17T22:35:31.662886Z,9.947
run_20260217_224037-0003,2026-02-17T22:40:31.662886Z,11.817
run_20260217_224037-0003,2026-02-17T22:45:31.662886Z,13.632
run_20260217_224037-0004,2026-02-17T17:18:43.080691Z,0.0
run_20260217_224037-0004,2026-02-17T17:23:43.080691Z,0.624
run_20260217_224037-0004,2026-02-17T17:28:43.080691Z,1.196
run_20260217_224037-0004,2026-02-17T17:33:43.080691Z,1.825
run_20260217_224037-0004,2026-02-17T17:38:43.080691Z,2.41
run_20260217_224037-0004,2026-02-17T17:43:43.080691Z,3.151
run_20260217_224037-0004,2026-02-17T17:48:43.080691Z,3.701
run_20260217_224037-0004,2026-02-17T17:53:43.080691Z,4.236
run_20260217_224037-0004,2026-02-17T17:58:43.080691Z,4.882
run_20260217_224037-0005,2026-02-17T00:14:05.182505Z,0.0
run_20260217_224037-0005,2026-02-17T00:19:05.182505Z,0.685
run_20260217_224037-0005,2026-02-17T00:24:05.182505Z,1.239
run_20260217_224037-0005,2026-02-17T00:29:05.182505Z,1.733
run_20260217_224037-0005,2026-02-17T00:34:05.182505Z,2.34
run_20260217_224037-0005,2026-02-17T00:39:05.182505Z,2.898
run_20260217_224037-0005,2026-02-17T00:44:05.182505Z,3.549
run_20260217_224037-0005,2026-02-17T00:49:05.182505Z,4.159
run_20260217_224037-0005,2026-02-17T00:54:05.182505Z,4.755
run_20260217_224037-0005,2026-02-17T00:59:05.182505Z,5.396
run_20260217_224037-0005,2026-02-17T01:04:05.182505Z,6.111
run_20260217_224037-0005,2026-02-17T01:09:05.182505Z,6.668
run_20260217_224037-0005,2026-02-17T01:14:05.182505Z,7.233
run_20260217_224037-0005,2026-02-17T01:19:05.182505Z,7.913
run_20260217_224037-0005,2026-02-17T01:24:05.182505Z,8.408
run_20260217_224037-0005,2026-02-17T01:29:05.182505Z,9.089
run_20260217_224037-0006,2026-02-17T18:03:51.383335Z,0.0
run_20260217_224037-0006,2026-02-17T18:08:51.383335Z,1.814
run_20260217_224037-0006,2026-02-17T18:13:51.383335Z,3.889
run_20260217_224037-0006,2026-02-17T18:18:51.383335Z,5.871
run_20260217_224037-0006,2026-02-17T18:23:51.383335Z,7.594
run_20260217_224037-0006,2026-02-17T18:28:51.383335Z,9.549
run_20260217_224037-0006,2026-02-17T18:33:51.383335Z,12.006
run_20260217_224037-0006,2026-02-17T18:38:51.383335Z,13.759
run_20260217_224037-0006,2026-02-17T18:43:51.383335Z,15.588
run_20260217_224037-0006,2026-02-17T18:48:51.383335Z,17.505
run_20260217_224037-0006,2026-02-17T18:53:51.383335Z,19.365
run_20260217_224037-0006,2026-02-17T18:58:51.383335Z,20.972
run_20260217_224037-0006,2026-02-17T19:03:51.383335Z,22.572
run_20260217_224037-0006,2026-02-17T19:08:51.383335Z,24.346
run_20260217_224037-0006,2026-02-17T19:13:51.383335Z,26.211
run_20260217_224037-0006,2026-02-17T19:18:51.383335Z,27.595
run_20260217_224037-0007,2026-02-17T03:19:28.633727Z,0.0
run_20260217_224037-0007,2026-02-17T03:24:28.633727Z,2.247
run_20260217_224037-0007,2026-02-17T03:29:28.633727Z,4.03
run_20260217_224037-0007,2026-02-17T03:34:28.633727Z,5.59
run_20260217_224037-0007,2026-02-17T03:39:28.633727Z,7.283
run_20260217_224037-0008,2026-02-17T13:32:56.282342Z,0.0
run_20260217_224037-0008,2026-02-17T13:37:56.282342Z,0.589
run_20260217_224037-0008,2026-02-17T13:42:56.282342Z,1.307
run_20260217_224037-0008,2026-02-17T13:47:56.282342Z,1.871
run_20260217_224037-0008,2026-02-17T13:52:56.282342Z,2.466
run_20260217_224037-0008,2026-02-17T13:57:56.282342Z,3.136
run_20260217_224037-0008,2026-02-17T14:02:56.282342Z,3.793
run_20260217_224037-0008,2026-02-17T14:07:56.282342Z,4.513
run_20260217_224037-0008,2026-02-17T14:12:56.282342Z,5.148
run_20260217_224037-0008,2026-02-17T14:17:56.282342Z,5.711
run_20260217_224037-0008,2026-02-17T14:22:56.282342Z,6.258
run_20260217_224037-0008,2026-02-17T14:27:56.282342Z,6.795
run_20260217_224037-0008,2026-02-17T14:32:56.282342Z,7.453
run_20260217_224037-0009,2026-02-17T01:56:22.162084Z,0.0
run_20260217_224037-0009,2026-02-17T02:01:22.162084Z,1.044
run_20260217_224037-0009,2026-02-17T02:06:22.162084Z,1.916
run_20260217_224037-0009,2026-02-17T02:11:22.162084Z,2.836
run_20260217_224037-0009,2026-02-17T02:16:22.162084Z,3.579
run_20260217_224037-0009,2026-02-17T02:21:22.162084Z,4.698
run_20260217_224037-0009,2026-02-17T02:26:22.162084Z,5.638
run_20260217_224037-0009,2026-02-17T02:31:22.162084Z,6.491
run_20260217_224037-0009,2026-02-17T02:36:22.162084Z,7.415
run_20260217_224037-0009,2026-02-17T02:41:22.162084Z,8.45
run_20260217_224037-0009,2026-02-17T02:46:22.162084Z,9.497
run_20260217_224037-0009,2026-02-17T02:51:22.162084Z,10.485
run_20260217_224037-0009,2026-02-17T02:56:22.162084Z,11.503
run_20260217_224037-0009,2026-02-17T03:01:22.162084Z,12.188
run_20260217_224037-0009,2026-02-17T03:06:22.162084Z,13.058
run_20260217_224037-0009,2026-02-17T03:11:22.162084Z,13.965
run_20260217_224037-0010,2026-02-17T20:01:13.030745Z,0.0
run_20260217_224037-0010,2026-02-17T20:06:13.030745Z,1.721
run_20260217_224037-0010,2026-02-17T20:11:13.030745Z,3.613
run_20260217_224037-0010,2026-02-17T20:16:13.030745Z,5.159
run_20260217_224037-0010,2026-02-17T20:21:13.030745Z,6.92
run_20260217_224037-0010,2026-02-17T20:26:13.030745Z,8.801
run_20260217_224037-0010,2026-02-17T20:31:13.030745Z,10.786
run_20260217_224037-0010,2026-02-17T20:36:13.030745Z,12.884
run_20260217_224037-0010,2026-02-17T20:41:13.030745Z,14.71
run_20260217_224037-0010,2026-02-17T20:46:13.030745Z,16.338
run_20260217_224037-0010,2026-02-17T20:51:13.030745Z,18.255
run_20260217_224037-0010,2026-02-17T20:56:13.030745Z,20.183
run_20260217_224037-0010,2026-02-17T21:01:13.030745Z,22.107
run_20260217_224037-0010,2026-02-17T21:06:13.030745Z,23.812
run_20260217_224037-0010,2026-02-17T21:11:13.030745Z,25.853
run_20260217_224037-0010,2026-02-17T21:16:13.030745Z,27.702
run_20260217_224037-0011,2026-02-17T18:29:19.429879Z,0.0
run_20260217_224037-0011,2026-02-17T18:34:19.429879Z,0.981
run_20260217_224037-0011,2026-02-17T18:39:19.429879Z,1.958
run_20260217_224037-0011,2026-02-17T18:44:19.429879Z,2.904
run_20260217_224037-0011,2026-02-17T18:49:19.429879Z,3.79
run_20260217_224037-0012,2026-02-17T10:09:15.313464Z,0.0
run_20260217_224037-0012,2026-02-17T10:14:15.313464Z,0.861
run_20260217_224037-0012,2026-02-17T10:19:15.313464Z,1.799
run_20260217_224037-0012,2026-02-17T10:24:15.313464Z,2.66
run_20260217_224037-0012,2026-02-17T10:29:15.313464Z,3.656
run_20260217_224037-0012,2026-02-17T10:34:15.313464Z,4.629
run_20260217_224037-0012,2026-02-17T10:39:15.313464Z,5.454
run_20260217_224037-0013,2026-02-17T22:31:43.064960Z,0.0
run_20260217_224037-0013,2026-02-17T22:36:43.064960Z,0.631
run_20260217_224037-0013,2026-02-17T22:41:43.064960Z,1.231
run_20260217_224037-0013,2026-02-17T22:46:43.064960Z,1.87
run_20260217_224037-0013,2026-02-17T22:51:43.064960Z,2.411
run_20260217_224037-0013,2026-02-17T22:56:43.064960Z,3.031
run_20260217_224037-0013,2026-02-17T23:01:43.064960Z,3.623
run_20260217_224037-0013,2026-02-17T23:06:43.064960Z,4.267
run_20260217_224037-0013,2026-02-17T23:11:43.064960Z,4.925
run_20260217_224037-0014,2026-02-17T03:55:07.216649Z,0.0
run_20260217_224037-0014,2026-02-17T04:00:07.216649Z,0.57
run_20260217_224037-0014,2026-02-17T04:05:07.216649Z,1.205
run_20260217_224037-0014,2026-02-17T04:10:07.216649Z,1.864
run_20260217_224037-0014,2026-02-17T04:15:07.216649Z,2.478
run_20260217_224037-0015,2026-02-17T00:20:09.315897Z,0.0
run_20260217_224037-0015,2026-02-17T00:25:09.315897Z,1.007
run_20260217_224037-0015,2026-02-17T00:30:09.315897Z,1.893
run_20260217_224037-0015,2026-02-17T00:35:09.315897Z,2.947
run_20260217_224037-0015,2026-02-17T00:40:09.315897Z,3.845
run_20260217_224037-0015,2026-02-17T00:45:09.315897Z,4.602
run_20260217_224037-0015,2026-02-17T00:50:09.315897Z,5.463
run_20260217_224037-0015,2026-02-17T00:55:09.315897Z,6.29
run_20260217_224037-0015,2026-02-17T01:00:09.315897Z,7.23
run_20260217_224037-0016,2026-02-17T22:31:13.265824Z,0.0
run_20260217_224037-0016,2026-02-17T22:36:13.265824Z,0.639
run_20260217_224037-0016,2026-02-17T22:41:13.265824Z,1.304
run_20260217_224037-0016,2026-02-17T22:46:13.265824Z,1.925
run_20260217_224037-0016,2026-02-17T22:51:13.265824Z,2.59
run_20260217_224037-0016,2026-02-17T22:56:13.265824Z,3.154
run_20260217_224037-0016,2026-02-17T23:01:13.265824Z,3.821
run_20260217_224037-0016,2026-02-17T23:06:13.265824Z,4.446
run_20260217_224037-0016,2026-02-17T23:11:13.265824Z,5.059
run_20260217_224037-0017,2026-02-17T14:17:33.792366Z,0.0
run_20260217_224037-0017,2026-02-17T14:22:33.792366Z,0.582
run_20260217_224037-0017,2026-02-17T14:27:33.792366Z,1.167
run_20260217_224037-0017,2026-02-17T14:32:33.792366Z,1.759
run_20260217_224037-0017,2026-02-17T14:37:33.792366Z,2.435
run_20260217_224037-0017,2026-02-17T14:42:33.792366Z,3.078
run_20260217_224037-0017,2026-02-17T14:47:33.792366Z,3.63
run_20260217_224037-0017,2026-02-17T14:52:33.792366Z,4.21
run_20260217_224037-0017,2026-02-17T14:57:33.792366Z,4.803
run_20260217_224037-0017,2026-02-17T15:02:33.792366Z,5.493
run_20260217_224037-0017,2026-02-17T15:07:33.792366Z,6.074
run_20260217_224037-0017,2026-02-17T15:12:33.792366Z,6.717
run_20260217_224037-0017,2026-02-17T15:17:33.792366Z,7.376
run_20260217_224037-0017,2026-02-17T15:22:33.792366Z,8.04
run_20260217_224037-0017,2026-02-17T15:27:33.792366Z,8.506
run_20260217_224037-0017,2026-02-17T15:32:33.792366Z,9.143
run_20260217_224037-0018,2026-02-17T00:01:13.536310Z,0.0
run_20260217_224037-0018,2026-02-17T00:06:13.536310Z,0.531
run_20260217_224037-0018,2026-02-17T00:11:13.536310Z,1.114
run_20260217_224037-0018,2026-02-17T00:16:13.536310Z,1.751
run_20260217_224037-0018,2026-02-17T00:21:13.536310Z,2.393
run_20260217_224037-0019,2026-02-17T17:08:37.089399Z,0.0
run_20260217_224037-0019,2026-02-17T17:13:37.089399Z,1.761
run_20260217_224037-0019,2026-02-17T17:18:37.089399Z,3.353
run_20260217_224037-0019,2026-02-17T17:23:37.089399Z,5.452
run_20260217_224037-0019,2026-02-17T17:28:37.089399Z,7.264
run_20260217_224037-0019,2026-02-17T17:33:37.089399Z,9.435
run_20260217_224037-0019,2026-02-17T17:38:37.089399Z,11.285
run_20260217_224037-0019,2026-02-17T17:43:37.089399Z,13.036
run_20260217_224037-0019,2026-02-17T17:48:37.089399Z,15.127
run_20260217_224037-0019,2026-02-17T17:53:37.089399Z,17.051
run_20260217_224037-0019,2026-02-17T17:58:37.089399Z,18.848
run_20260217_224037-0019,2026-02-17T18:03:37.089399Z,20.746
run_20260217_224037-0019,2026-02-17T18:08:37.089399Z,22.638
run_20260217_224037-0020,2026-02-17T09:28:02.702945Z,0.0
run_20260217_224037-0020,2026-02-17T09:33:02.702945Z,0.555
run_20260217_224037-0020,2026-02-17T09:38:02.702945Z,1.047
run_20260217_224037-0020,2026-02-17T09:43:02.702945Z,1.601
run_20260217_224037-0020,2026-02-17T09:48:02.702945Z,2.199
run_20260217_224037-0020,2026-02-17T09:53:02.702945Z,2.816
run_20260217_224037-0020,2026-02-17T09:58:02.702945Z,3.405
run_20260217_224037-0020,2026-02-17T10:03:02.702945Z,3.93
run_20260217_224037-0020,2026-02-17T10:08:02.702945Z,4.446
run_20260217_224037-0021,2026-02-17T08:41:33.404201Z,0.0
run_20260217_224037-0021,2026-02-17T08:46:33.404201Z,0.596
run_20260217_224037-0021,2026-02-17T08:51:33.404201Z,1.12
run_20260217_224037-0021,2026-02-17T08:56:33.404201Z,1.712
run_20260217_224037-0021,2026-02-17T09:01:33.404201Z,2.316
run_20260217_224037-0021,2026-02-17T09:06:33.404201Z,3.027
run_20260217_224037-0021,2026-02-17T09:11:33.404201Z,3.683
run_20260217_224037-0021,2026-02-17T09:16:33.404201Z,4.345
run_20260217_224037-0021,2026-02-17T09:21:33.404201Z,4.903
run_20260217_224037-0022,2026-02-17T13:40:06.428007Z,0.0
run_20260217_224037-0022,2026-02-17T13:45:06.428007Z,0.776
run_20260217_224037-0022,2026-02-17T13:50:06.428007Z,1.853
run_20260217_224037-0022,2026-02-17T13:55:06.428007Z,2.795
run_20260217_224037-0022,2026-02-17T14:00:06.428007Z,3.707
run_20260217_224037-0023,2026-02-17T07:58:36.953321Z,0.0
run_20260217_224037-0023,2026-02-17T08:03:36.953321Z,1.973
run_20260217_224037-0023,2026-02-17T08:08:36.953321Z,3.682
run_20260217_224037-0023,2026-02-17T08:13:36.953321Z,5.438
run_20260217_224037-0023,2026-02-17T08:18:36.953321Z,7.198
run_20260217_224037-0023,2026-02-17T08:23:36.953321Z,9.363
run_20260217_224037-0023,2026-02-17T08:28:36.953321Z,11.04
run_20260217_224037-0023,2026-02-17T08:33:36.953321Z,13.204
run_20260217_224037-0023,2026-02-17T08:38:36.953321Z,14.988
run_20260217_224037-0024,2026-02-17T05:12:21.806733Z,0.0
run_20260217_224037-0024,2026-02-17T05:17:21.806733Z,2.053
run_20260217_224037-0024,2026-02-17T05:22:21.806733Z,3.634
run_20260217_224037-0024,2026-02-17T05:27:21.806733Z,5.434
run_20260217_224037-0024,2026-02-17T05:32:21.806733Z,7.588
run_20260217_224037-0024,2026-02-17T05:37:21.806733Z,9.71
run_20260217_224037-0024,2026-02-17T05:42:21.806733Z,11.777
run_20260217_224037-0024,2026-02-17T05:47:21.806733Z,13.693
run_20260217_224037-0024,2026-02-17T05:52:21.806733Z,15.425
run_20260217_224037-0024,2026-02-17T05:57:21.806733Z,17.341
run_20260217_224037-0024,2026-02-17T06:02:21.806733Z,18.988
run_20260217_224037-0024,2026-02-17T06:07:21.806733Z,20.711
run_20260217_224037-0024,2026-02-17T06:12:21.806733Z,22.851
run_20260217_224037-0025,2026-02-17T14:25:12.539452Z,0.0
run_20260217_224037-0025,2026-02-17T14:30:12.539452Z,0.647
run_20260217_224037-0025,2026-02-17T14:35:12.539452Z,1.237
run_20260217_224037-0025,2026-02-17T14:40:12.539452Z,1.799
run_20260217_224037-0025,2026-02-17T14:45:12.539452Z,2.352
run_20260217_224037-0025,2026-02-17T14:50:12.539452Z,3.026
run_20260217_224037-0025,2026-02-17T14:55:12.539452Z,3.617
run_20260217_224037-0025,2026-02-17T15:00:12.539452Z,4.245
run_20260217_224037-0025,2026-02-17T15:05:12.539452Z,4.834
run_20260217_224037-0026,2026-02-17T23:03:54.578149Z,0.0
run_20260217_224037-0026,2026-02-17T23:08:54.578149Z,0.826
run_20260217_224037-0026,2026-02-17T23:13:54.578149Z,1.875
run_20260217_224037-0026,2026-02-17T23:18:54.578149Z,2.548
run_20260217_224037-0026,2026-02-17T23:23:54.578149Z,3.568
run_20260217_224037-0026,2026-02-17T23:28:54.578149Z,4.631
run_20260217_224037-0026,2026-02-17T23:33:54.578149Z,5.679
run_20260217_224037-0026,2026-02-17T23:38:54.578149Z,6.605
run_20260217_224037-0026,2026-02-17T23:43:54.578149Z,7.548
run_20260217_224037-0026,2026-02-17T23:48:54.578149Z,8.362
run_20260217_224037-0026,2026-02-17T23:53:54.578149Z,9.322
run_20260217_224037-0026,2026-02-17T23:58:54.578149Z,10.288
run_20260217_224037-0026,2026-02-18T00:03:54.578149Z,11.073
run_20260217_224037-0026,2026-02-18T00:08:54.578149Z,12.129
run_20260217_224037-0026,2026-02-18T00:13:54.578149Z,12.991
run_20260217_224037-0026,2026-02-18T00:18:54.578149Z,13.94
run_20260217_224037-0027,2026-02-17T16:26:57.688267Z,0.0
run_20260217_224037-0027,2026-02-17T16:31:57.688267Z,2.017
run_20260217_224037-0027,2026-02-17T16:36:57.688267Z,4.027
run_20260217_224037-0027,2026-02-17T16:41:57.688267Z,5.732
run_20260217_224037-0027,2026-02-17T16:46:57.688267Z,7.485
run_20260217_224037-0028,2026-02-17T19:22:45.015966Z,0.0
run_20260217_224037-0028,2026-02-17T19:27:45.015966Z,1.692
run_20260217_224037-0028,2026-02-17T19:32:45.015966Z,3.524
run_20260217_224037-0028,2026-02-17T19:37:45.015966Z,5.244
run_20260217_224037-0028,2026-02-17T19:42:45.015966Z,6.908
run_20260217_224037-0028,2026-02-17T19:47:45.015966Z,8.662
run_20260217_224037-0028,2026-02-17T19:52:45.015966Z,10.574
run_20260217_224037-0028,2026-02-17T19:57:45.015966Z,12.272
run_20260217_224037-0028,2026-02-17T20:02:45.015966Z,14.185
run_20260217_224037-0028,2026-02-17T20:07:45.015966Z,16.33
run_20260217_224037-0028,2026-02-17T20:12:45.015966Z,18.037
run_20260217_224037-0028,2026-02-17T20:17:45.015966Z,19.77
run_20260217_224037-0028,2026-02-17T20:22:45.015966Z,21.346
run_20260217_224037-0029,2026-02-17T08:10:15.295632Z,0.0
run_20260217_224037-0029,2026-02-17T08:15:15.295632Z,1.932
run_20260217_224037-0029,2026-02-17T08:20:15.295632Z,3.634
run_20260217_224037-0029,2026-02-17T08:25:15.295632Z,5.249
run_20260217_224037-0029,2026-02-17T08:30:15.295632Z,7.458
run_20260217_224037-0029,2026-02-17T08:35:15.295632Z,9.542
run_20260217_224037-0029,2026-02-17T08:40:15.295632Z,11.39
run_20260217_224037-0029,2026-02-17T08:45:15.295632Z,13.381
run_20260217_224037-0029,2026-02-17T08:50:15.295632Z,15.25
run_20260217_224037-0030,2026-02-17T09:18:45.928728Z,0.0
run_20260217_224037-0030,2026-02-17T09:23:45.928728Z,0.868
run_20260217_224037-0030,2026-02-17T09:28:45.928728Z,1.674
run_20260217_224037-0030,2026-02-17T09:33:45.928728Z,2.657
run_20260217_224037-0030,2026-02-17T09:38:45.928728Z,3.622
run_20260217_224037-0031,2026-02-17T08:14:16.587840Z,0.0
run_20260217_224037-0031,2026-02-17T08:19:16.587840Z,0.687
run_20260217_224037-0031,2026-02-17T08:24:16.587840Z,1.295
run_20260217_224037-0031,2026-02-17T08:29:16.587840Z,1.853
run_20260217_224037-0031,2026-02-17T08:34:16.587840Z,2.484
run_20260217_224037-0032,2026-02-17T01:57:50.590751Z,0.0
run_20260217_224037-0032,2026-02-17T02:02:50.590751Z,0.783
run_20260217_224037-0032,2026-02-17T02:07:50.590751Z,1.769
run_20260217_224037-0032,2026-02-17T02:12:50.590751Z,2.761
run_20260217_224037-0032,2026-02-17T02:17:50.590751Z,3.563
run_20260217_224037-0033,2026-02-17T09:16:46.839313Z,0.0
run_20260217_224037-0033,2026-02-17T09:21:46.839313Z,0.894
run_20260217_224037-0033,2026-02-17T09:26:46.839313Z,1.867
run_20260217_224037-0033,2026-02-17T09:31:46.839313Z,2.682
run_20260217_224037-0033,2026-02-17T09:36:46.839313Z,3.72
run_20260217_224037-0033,2026-02-17T09:41:46.839313Z,4.545
run_20260217_224037-0033,2026-02-17T09:46:46.839313Z,5.392
run_20260217_224037-0033,2026-02-17T09:51:46.839313Z,6.32
run_20260217_224037-0033,2026-02-17T09:56:46.839313Z,7.239
run_20260217_224037-0033,2026-02-17T10:01:46.839313Z,8.286
run_20260217_224037-0033,2026-02-17T10:06:46.839313Z,9.214
run_20260217_224037-0033,2026-02-17T10:11:46.839313Z,10.02
run_20260217_224037-0033,2026-02-17T10:16:46.839313Z,10.885
run_20260217_224037-0033,2026-02-17T10:21:46.839313Z,11.749
run_20260217_224037-0033,2026-02-17T10:26:46.839313Z,12.732
run_20260217_224037-0033,2026-02-17T10:31:46.839313Z,13.684
run_20260217_224037-0034,2026-02-17T22:02:58.090378Z,0.0
run_20260217_224037-0034,2026-02-17T22:07:58.090378Z,0.574
run_20260217_224037-0034,2026-02-17T22:12:58.090378Z,1.198
run_20260217_224037-0034,2026-02-17T22:17:58.090378Z,1.811
run_20260217_224037-0034,2026-02-17T22:22:58.090378Z,2.472
run_20260217_224037-0034,2026-02-17T22:27:58.090378Z,3.039
run_20260217_224037-0034,2026-02-17T22:32:58.090378Z,3.698
run_20260217_224037-0035,2026-02-17T14:38:09.203386Z,0.0
run_20260217_224037-0035,2026-02-17T14:43:09.203386Z,2.209
run_20260217_224037-0035,2026-02-17T14:48:09.203386Z,4.088
run_20260217_224037-0035,2026-02-17T14:53:09.203386Z,5.736
run_20260217_224037-0035,2026-02-17T14:58:09.203386Z,7.474
run_20260217_224037-0035,2026-02-17T15:03:09.203386Z,9.452
run_20260217_224037-0035,2026-02-17T15:08:09.203386Z,11.23
run_20260217_224037-0035,2026-02-17T15:13:09.203386Z,12.766
run_20260217_224037-0035,2026-02-17T15:18:09.203386Z,14.846
run_20260217_224037-0035,2026-02-17T15:23:09.203386Z,16.796
run_20260217_224037-0035,2026-02-17T15:28:09.203386Z,18.434
run_20260217_224037-0035,2026-02-17T15:33:09.203386Z,20.235
run_20260217_224037-0035,2026-02-17T15:38:09.203386Z,21.741
run_20260217_224037-0035,2026-02-17T15:43:09.203386Z,23.745
run_20260217_224037-0035,2026-02-17T15:48:09.203386Z,25.451
run_20260217_224037-0035,2026-02-17T15:53:09.203386Z,27.254
run_20260217_224037-0036,2026-02-17T06:36:10.728973Z,0.0
run_20260217_224037-0036,2026-02-17T06:41:10.728973Z,0.668
run_20260217_224037-0036,2026-02-17T06:46:10.728973Z,1.342
run_20260217_224037-0036,2026-02-17T06:51:10.728973Z,1.933
run_20260217_224037-0036,2026-02-17T06:56:10.728973Z,2.6
run_20260217_224037-0036,2026-02-17T07:01:10.728973Z,3.156
run_20260217_224037-0036,2026-02-17T07:06:10.728973Z,3.743
run_20260217_224037-0036,2026-02-17T07:11:10.728973Z,4.321
run_20260217_224037-0036,2026-02-17T07:16:10.728973Z,4.813
run_20260217_224037-0036,2026-02-17T07:21:10.728973Z,5.465
run_20260217_224037-0036,2026-02-17T07:26:10.728973Z,6.084
run_20260217_224037-0036,2026-02-17T07:31:10.728973Z,6.727
run_20260217_224037-0036,2026-02-17T07:36:10.728973Z,7.296
run_20260217_224037-0037,2026-02-17T17:18:18.628409Z,0.0
run_20260217_224037-0037,2026-02-17T17:23:18.628409Z,1.006
run_20260217_224037-0037,2026-02-17T17:28:18.628409Z,1.975
run_20260217_224037-0037,2026-02-17T17:33:18.628409Z,2.803
run_20260217_224037-0037,2026-02-17T17:38:18.628409Z,3.719
run_20260217_224037-0037,2026-02-17T17:43:18.628409Z,4.606
run_20260217_224037-0037,2026-02-17T17:48:18.628409Z,5.585
run_20260217_224037-0037,2026-02-17T17:53:18.628409Z,6.482
run_20260217_224037-0037,2026-02-17T17:58:18.628409Z,7.608
run_20260217_224037-0037,2026-02-17T18:03:18.628409Z,8.621
run_20260217_224037-0037,2026-02-17T18:08:18.628409Z,9.56
run_20260217_224037-0037,2026-02-17T18:13:18.628409Z,10.482
run_20260217_224037-0037,2026-02-17T18:18:18.628409Z,11.402
run_20260217_224037-0038,2026-02-17T12:37:04.324334Z,0.0
run_20260217_224037-0038,2026-02-17T12:42:04.324334Z,2.184
run_20260217_224037-0038,2026-02-17T12:47:04.324334Z,4.211
run_20260217_224037-0038,2026-02-17T12:52:04.324334Z,5.978
run_20260217_224037-0038,2026-02-17T12:57:04.324334Z,7.805
run_20260217_224037-0039,2026-02-17T05:18:58.781034Z,0.0
run_20260217_224037-0039,2026-02-17T05:23:58.781034Z,1.005
run_20260217_224037-0039,2026-02-17T05:28:58.781034Z,1.937
run_20260217_224037-0039,2026-02-17T05:33:58.781034Z,2.867
run_20260217_224037-0039,2026-02-17T05:38:58.781034Z,3.732
run_20260217_224037-0039,2026-02-17T05:43:58.781034Z,4.776
run_20260217_224037-0039,2026-02-17T05:48:58.781034Z,5.782
run_20260217_224037-0040,2026-02-17T07:24:30.914463Z,0.0
run_20260217_224037-0040,2026-02-17T07:29:30.914463Z,0.584
run_20260217_224037-0040,2026-02-17T07:34:30.914463Z,1.168
run_20260217_224037-0040,2026-02-17T07:39:30.914463Z,1.72
run_20260217_224037-0040,2026-02-17T07:44:30.914463Z,2.276
run_20260217_224037-0040,2026-02-17T07:49:30.914463Z,2.777
run_20260217_224037-0040,2026-02-17T07:54:30.914463Z,3.399
run_20260217_224037-0041,2026-02-17T08:06:24.556165Z,0.0
run_20260217_224037-0041,2026-02-17T08:11:24.556165Z,1.606
run_20260217_224037-0041,2026-02-17T08:16:24.556165Z,3.422
run_20260217_224037-0041,2026-02-17T08:21:24.556165Z,5.232
run_20260217_224037-0041,2026-02-17T08:26:24.556165Z,6.879
run_20260217_224037-0042,2026-02-17T07:00:28.533184Z,0.0
run_20260217_224037-0042,2026-02-17T07:05:28.533184Z,0.634
run_20260217_224037-0042,2026-02-17T07:10:28.533184Z,1.218
run_20260217_224037-0042,2026-02-17T07:15:28.533184Z,1.663
run_20260217_224037-0042,2026-02-17T07:20:28.533184Z,2.249
run_20260217_224037-0042,2026-02-17T07:25:28.533184Z,2.957
run_20260217_224037-0042,2026-02-17T07:30:28.533184Z,3.49
run_20260217_224037-0042,2026-02-17T07:35:28.533184Z,4.074
run_20260217_224037-0042,2026-02-17T07:40:28.533184Z,4.585
run_20260217_224037-0042,2026-02-17T07:45:28.533184Z,5.223
run_20260217_224037-0042,2026-02-17T07:50:28.533184Z,5.809
run_20260217_224037-0042,2026-02-17T07:55:28.533184Z,6.526
run_20260217_224037-0042,2026-02-17T08:00:28.533184Z,7.138
run_20260217_224037-0043,2026-02-17T10:18:24.990700Z,0.0
run_20260217_224037-0043,2026-02-17T10:23:24.990700Z,0.883
run_20260217_224037-0043,2026-02-17T10:28:24.990700Z,1.975
run_20260217_224037-0043,2026-02-17T10:33:24.990700Z,2.924
run_20260217_224037-0043,2026-02-17T10:38:24.990700Z,3.867
run_20260217_224037-0043,2026-02-17T10:43:24.990700Z,4.841
run_20260217_224037-0043,2026-02-17T10:48:24.990700Z,5.783
run_20260217_224037-0043,2026-02-17T10:53:24.990700Z,6.619
run_20260217_224037-0043,2026-02-17T10:58:24.990700Z,7.64
run_20260217_224037-0043,2026-02-17T11:03:24.990700Z,8.459
run_20260217_224037-0043,2026-02-17T11:08:24.990700Z,9.374
run_20260217_224037-0043,2026-02-17T11:13:24.990700Z,10.304
run_20260217_224037-0043,2026-02-17T11:18:24.990700Z,11.257
run_20260217_224037-0044,2026-02-17T05:47:14.573939Z,0.0
run_20260217_224037-0044,2026-02-17T05:52:14.573939Z,1.808
run_20260217_224037-0044,2026-02-17T05:57:14.573939Z,3.594
run_20260217_224037-0044,2026-02-17T06:02:14.573939Z,5.233
run_20260217_224037-0044,2026-02-17T06:07:14.573939Z,7.219
run_20260217_224037-0044,2026-02-17T06:12:14.573939Z,9.069
run_20260217_224037-0044,2026-02-17T06:17:14.573939Z,10.789
run_20260217_224037-0044,2026-02-17T06:22:14.573939Z,12.7
run_20260217_224037-0044,2026-02-17T06:27:14.573939Z,14.443
run_20260217_224037-0044,2026-02-17T06:32:14.573939Z,16.125
run_20260217_224037-0044,2026-02-17T06:37:14.573939Z,17.8
run_20260217_224037-0044,2026-02-17T06:42:14.573939Z,19.578
run_20260217_224037-0044,2026-02-17T06:47:14.573939Z,21.643
run_20260217_224037-0045,2026-02-17T16:37:27.773547Z,0.0
run_20260217_224037-0045,2026-02-17T16:42:27.773547Z,0.598
run_20260217_224037-0045,2026-02-17T16:47:27.773547Z,1.189
run_20260217_224037-0045,2026-02-17T16:52:27.773547Z,1.738
run_20260217_224037-0045,2026-02-17T16:57:27.773547Z,2.331
run_20260217_224037-0045,2026-02-17T17:02:27.773547Z,2.784
run_20260217_224037-0045,2026-02-17T17:07:27.773547Z,3.37
run_20260217_224037-0046,2026-02-17T00:32:41.153223Z,0.0
run_20260217_224037-0046,2026-02-17T00:37:41.153223Z,1.722
run_20260217_224037-0046,2026-02-17T00:42:41.153223Z,3.538
run_20260217_224037-0046,2026-02-17T00:47:41.153223Z,5.454
run_20260217_224037-0046,2026-02-17T00:52:41.153223Z,7.333
run_20260217_224037-0046,2026-02-17T00:57:41.153223Z,9.29
run_20260217_224037-0046,2026-02-17T01:02:41.153223Z,11.136
run_20260217_224037-0046,2026-02-17T01:07:41.153223Z,12.998
run_20260217_224037-0046,2026-02-17T01:12:41.153223Z,14.687
run_20260217_224037-0046,2026-02-17T01:17:41.153223Z,16.49
run_20260217_224037-0046,2026-02-17T01:22:41.153223Z,18.553
run_20260217_224037-0046,2026-02-17T01:27:41.153223Z,20.349
run_20260217_224037-0046,2026-02-17T01:32:41.153223Z,22.151
run_20260217_224037-0046,2026-02-17T01:37:41.153223Z,23.894
run_20260217_224037-0046,2026-02-17T01:42:41.153223Z,25.872
run_20260217_224037-0046,2026-02-17T01:47:41.153223Z,27.548
run_20260217_224037-0047,2026-02-17T12:29:39.092376Z,0.0
run_20260217_224037-0047,2026-02-17T12:34:39.092376Z,0.645
run_20260217_224037-0047,2026-02-17T12:39:39.092376Z,1.235
run_20260217_224037-0047,2026-02-17T12:44:39.092376Z,1.854
run_20260217_224037-0047,2026-02-17T12:49:39.092376Z,2.431
run_20260217_224037-0047,2026-02-17T12:54:39.092376Z,3.095
run_20260217_224037-0047,2026-02-17T12:59:39.092376Z,3.723
run_20260217_224037-0047,2026-02-17T13:04:39.092376Z,4.242
run_20260217_224037-0047,2026-02-17T13:09:39.092376Z,4.8
run_20260217_224037-0048,2026-02-17T01:12:15.544500Z,0.0
run_20260217_224037-0048,2026-02-17T01:17:15.544500Z,0.675
run_20260217_224037-0048,2026-02-17T01:22:15.544500Z,1.344
run_20260217_224037-0048,2026-02-17T01:27:15.544500Z,1.861
run_20260217_224037-0048,2026-02-17T01:32:15.544500Z,2.395
run_20260217_224037-0049,2026-02-17T13:10:15.550234Z,0.0
run_20260217_224037-0049,2026-02-17T13:15:15.550234Z,1.094
run_20260217_224037-0049,2026-02-17T13:20:15.550234Z,1.797
run_20260217_224037-0049,2026-02-17T13:25:15.550234Z,2.67
run_20260217_224037-0049,2026-02-17T13:30:15.550234Z,3.707
run_20260217_224037-0049,2026-02-17T13:35:15.550234Z,4.507
run_20260217_224037-0049,2026-02-17T13:40:15.550234Z,5.328
run_20260217_224037-0049,2026-02-17T13:45:15.550234Z,6.304
run_20260217_224037-0049,2026-02-17T13:50:15.550234Z,7.2
run_20260217_224037-0049,2026-02-17T13:55:15.550234Z,8.15
run_20260217_224037-0049,2026-02-17T14:00:15.550234Z,9.197
run_20260217_224037-0049,2026-02-17T14:05:15.550234Z,10.145
run_20260217_224037-0049,2026-02-17T14:10:15.550234Z,11.109
run_20260217_224037-0050,2026-02-17T13:10:16.479921Z,0.0
run_20260217_224037-0050,2026-02-17T13:15:16.479921Z,0.9
run_20260217_224037-0050,2026-02-17T13:20:16.479921Z,1.881
run_20260217_224037-0050,2026-02-17T13:25:16.479921Z,2.759
run_20260217_224037-0050,2026-02-17T13:30:16.479921Z,3.538
run_20260217_224037-0050,2026-02-17T13:35:16.479921Z,4.321
run_20260217_224037-0050,2026-02-17T13:40:16.479921Z,5.277
run_20260217_224037-0050,2026-02-17T13:45:16.479921Z,6.337
run_20260217_224037-0050,2026-02-17T13:50:16.479921Z,7.18
run_20260217_224037-0050,2026-02-17T13:55:16.479921Z,8.001
run_20260217_224037-0050,2026-02-17T14:00:16.479921Z,8.822
run_20260217_224037-0050,2026-02-17T14:05:16.479921Z,9.827
run_20260217_224037-0050,2026-02-17T14:10:16.479921Z,10.705
run_20260217_224037-0050,2026-02-17T14:15:16.479921Z,11.494
run_20260217_224037-0050,2026-02-17T14:20:16.479921Z,12.374
run_20260217_224037-0050,2026-02-17T14:25:16.479921Z,13.435
run_20260217_224037-0051,2026-02-17T09:42:08.195176Z,0.0
run_20260217_224037-0051,2026-02-17T09:47:08.195176Z,0.823
run_20260217_224037-0051,2026-02-17T09:52:08.195176Z,1.644
run_20260217_224037-0051,2026-02-17T09:57:08.195176Z,2.599
run_20260217_224037-0051,2026-02-17T10:02:08.195176Z,3.485
run_20260217_224037-0051,2026-02-17T10:07:08.195176Z,4.489
run_20260217_224037-0051,2026-02-17T10:12:08.195176Z,5.39
run_20260217_224037-0051,2026-02-17T10:17:08.195176Z,6.42
run_20260217_224037-0051,2026-02-17T10:22:08.195176Z,7.222
run_20260217_224037-0051,2026-02-17T10:27:08.195176Z,8.186
run_20260217_224037-0051,2026-02-17T10:32:08.195176Z,9.217
run_20260217_224037-0051,2026-02-17T10:37:08.195176Z,10.039
run_20260217_224037-0051,2026-02-17T10:42:08.195176Z,10.938
run_20260217_224037-0051,2026-02-17T10:47:08.195176Z,11.842
run_20260217_224037-0051,2026-02-17T10:52:08.195176Z,12.777
run_20260217_224037-0051,2026-02-17T10:57:08.195176Z,13.83
run_20260217_224037-0052,2026-02-16T23:59:36.943182Z,0.0
run_20260217_224037-0052,2026-02-17T00:04:36.943182Z,2.132
run_20260217_224037-0052,2026-02-17T00:09:36.943182Z,4.042
run_20260217_224037-0052,2026-02-17T00:14:36.943182Z,5.614
run_20260217_224037-0052,2026-02-17T00:19:36.943182Z,7.496
run_20260217_224037-0052,2026-02-17T00:24:36.943182Z,9.43
run_20260217_224037-0052,2026-02-17T00:29:36.943182Z,11.205
run_20260217_224037-0052,2026-02-17T00:34:36.943182Z,12.814
run_20260217_224037-0052,2026-02-17T00:39:36.943182Z,14.515
run_20260217_224037-0053,2026-02-17T15:37:56.164736Z,0.0
run_20260217_224037-0053,2026-02-17T15:42:56.164736Z,0.83
run_20260217_224037-0053,2026-02-17T15:47:56.164736Z,1.588
run_20260217_224037-0053,2026-02-17T15:52:56.164736Z,2.436
run_20260217_224037-0053,2026-02-17T15:57:56.164736Z,3.477
run_20260217_224037-0053,2026-02-17T16:02:56.164736Z,4.341
run_20260217_224037-0053,2026-02-17T16:07:56.164736Z,5.472
run_20260217_224037-0053,2026-02-17T16:12:56.164736Z,6.434
run_20260217_224037-0053,2026-02-17T16:17:56.164736Z,7.244
run_20260217_224037-0054,2026-02-17T16:13:29.144866Z,0.0
run_20260217_224037-0054,2026-02-17T16:18:29.144866Z,1.837
run_20260217_224037-0054,2026-02-17T16:23:29.144866Z,3.663
run_20260217_224037-0054,2026-02-17T16:28:29.144866Z,5.635
run_20260217_224037-0054,2026-02-17T16:33:29.144866Z,7.319
run_20260217_224037-0054,2026-02-17T16:38:29.144866Z,9.362
run_20260217_224037-0054,2026-02-17T16:43:29.144866Z,11.269
run_20260217_224037-0054,2026-02-17T16:48:29.144866Z,12.948
run_20260217_224037-0054,2026-02-17T16:53:29.144866Z,14.631
run_20260217_224037-0054,2026-02-17T16:58:29.144866Z,16.409
run_20260217_224037-0054,2026-02-17T17:03:29.144866Z,18.263
run_20260217_224037-0054,2026-02-17T17:08:29.144866Z,20.086
run_20260217_224037-0054,2026-02-17T17:13:29.144866Z,22.016
run_20260217_224037-0055,2026-02-17T21:04:08.786397Z,0.0
run_20260217_224037-0055,2026-02-17T21:09:08.786397Z,0.587
run_20260217_224037-0055,2026-02-17T21:14:08.786397Z,1.137
run_20260217_224037-0055,2026-02-17T21:19:08.786397Z,1.798
run_20260217_224037-0055,2026-02-17T21:24:08.786397Z,2.403
run_20260217_224037-0055,2026-02-17T21:29:08.786397Z,3.022
run_20260217_224037-0055,2026-02-17T21:34:08.786397Z,3.735
run_20260217_224037-0055,2026-02-17T21:39:08.786397Z,4.445
run_20260217_224037-0055,2026-02-17T21:44:08.786397Z,5.141
run_20260217_224037-0055,2026-02-17T21:49:08.786397Z,5.72
run_20260217_224037-0055,2026-02-17T21:54:08.786397Z,6.292
run_20260217_224037-0055,2026-02-17T21:59:08.786397Z,6.937
run_20260217_224037-0055,2026-02-17T22:04:08.786397Z,7.517
run_20260217_224037-0055,2026-02-17T22:09:08.786397Z,8.1
run_20260217_224037-0055,2026-02-17T22:14:08.786397Z,8.64
run_20260217_224037-0055,2026-02-17T22:19:08.786397Z,9.173
run_20260217_224037-0056,2026-02-17T19:24:31.263950Z,0.0
run_20260217_224037-0056,2026-02-17T19:29:31.263950Z,1.856
run_20260217_224037-0056,2026-02-17T19:34:31.263950Z,3.687
run_20260217_224037-0056,2026-02-17T19:39:31.263950Z,5.421
run_20260217_224037-0056,2026-02-17T19:44:31.263950Z,7.54
run_20260217_224037-0056,2026-02-17T19:49:31.263950Z,9.508
run_20260217_224037-0056,2026-02-17T19:54:31.263950Z,11.443
run_20260217_224037-0056,2026-02-17T19:59:31.263950Z,13.144
run_20260217_224037-0056,2026-02-17T20:04:31.263950Z,15.011
run_20260217_224037-0056,2026-02-17T20:09:31.263950Z,16.704
run_20260217_224037-0056,2026-02-17T20:14:31.263950Z,18.832
run_20260217_224037-0056,2026-02-17T20:19:31.263950Z,20.67
run_20260217_224037-0056,2026-02-17T20:24:31.263950Z,22.63
run_20260217_224037-0056,2026-02-17T20:29:31.263950Z,24.257
run_20260217_224037-0056,2026-02-17T20:34:31.263950Z,25.894
run_20260217_224037-0056,2026-02-17T20:39:31.263950Z,27.417
run_20260217_224037-0057,2026-02-17T16:00:17.187827Z,0.0
run_20260217_224037-0057,2026-02-17T16:05:17.187827Z,0.839
run_20260217_224037-0057,2026-02-17T16:10:17.187827Z,1.778
run_20260217_224037-0057,2026-02-17T16:15:17.187827Z,2.748
run_20260217_224037-0057,2026-02-17T16:20:17.187827Z,3.796
run_20260217_224037-0057,2026-02-17T16:25:17.187827Z,4.653
run_20260217_224037-0057,2026-02-17T16:30:17.187827Z,5.54
run_20260217_224037-0057,2026-02-17T16:35:17.187827Z,6.461
run_20260217_224037-0057,2026-02-17T16:40:17.187827Z,7.351
run_20260217_224037-0057,2026-02-17T16:45:17.187827Z,8.263
run_20260217_224037-0057,2026-02-17T16:50:17.187827Z,9.036
run_20260217_224037-0057,2026-02-17T16:55:17.187827Z,9.987
run_20260217_224037-0057,2026-02-17T17:00:17.187827Z,10.82
run_20260217_224037-0057,2026-02-17T17:05:17.187827Z,11.649
run_20260217_224037-0057,2026-02-17T17:10:17.187827Z,12.42
run_20260217_224037-0057,2026-02-17T17:15:17.187827Z,13.443
run_20260217_224037-0058,2026-02-17T16:00:55.657580Z,0.0
run_20260217_224037-0058,2026-02-17T16:05:55.657580Z,0.904
run_20260217_224037-0058,2026-02-17T16:10:55.657580Z,1.984
run_20260217_224037-0058,2026-02-17T16:15:55.657580Z,3.018
run_20260217_224037-0058,2026-02-17T16:20:55.657580Z,3.986
run_20260217_224037-0059,2026-02-17T12:42:56.012075Z,0.0
run_20260217_224037-0059,2026-02-17T12:47:56.012075Z,0.922
run_20260217_224037-0059,2026-02-17T12:52:56.012075Z,1.772
run_20260217_224037-0059,2026-02-17T12:57:56.012075Z,2.624
run_20260217_224037-0059,2026-02-17T13:02:56.012075Z,3.613
run_20260217_224037-0059,2026-02-17T13:07:56.012075Z,4.569
run_20260217_224037-0059,2026-02-17T13:12:56.012075Z,5.434
run_20260217_224037-0059,2026-02-17T13:17:56.012075Z,6.25
run_20260217_224037-0059,2026-02-17T13:22:56.012075Z,7.29
run_20260217_224037-0060,2026-02-17T23:07:18.317774Z,0.0
run_20260217_224037-0060,2026-02-17T23:12:18.317774Z,0.576
run_20260217_224037-0060,2026-02-17T23:17:18.317774Z,1.084
run_20260217_224037-0060,2026-02-17T23:22:18.317774Z,1.585
run_20260217_224037-0060,2026-02-17T23:27:18.317774Z,2.284
run_20260217_224037-0061,2026-02-17T13:20:06.173136Z,0.0
run_20260217_224037-0061,2026-02-17T13:25:06.173136Z,0.598
run_20260217_224037-0061,2026-02-17T13:30:06.173136Z,1.301
run_20260217_224037-0061,2026-02-17T13:35:06.173136Z,1.931
run_20260217_224037-0061,2026-02-17T13:40:06.173136Z,2.516
run_20260217_224037-0061,2026-02-17T13:45:06.173136Z,3.172
run_20260217_224037-0061,2026-02-17T13:50:06.173136Z,3.817
run_20260217_224037-0061,2026-02-17T13:55:06.173136Z,4.475
run_20260217_224037-0061,2026-02-17T14:00:06.173136Z,4.978
run_20260217_224037-0062,2026-02-17T03:04:59.458677Z,0.0
run_20260217_224037-0062,2026-02-17T03:09:59.458677Z,1.702
run_20260217_224037-0062,2026-02-17T03:14:59.458677Z,3.559
run_20260217_224037-0062,2026-02-17T03:19:59.458677Z,5.797
run_20260217_224037-0062,2026-02-17T03:24:59.458677Z,7.757
run_20260217_224037-0062,2026-02-17T03:29:59.458677Z,9.75
run_20260217_224037-0062,2026-02-17T03:34:59.458677Z,11.58
run_20260217_224037-0062,2026-02-17T03:39:59.458677Z,13.554
run_20260217_224037-0062,2026-02-17T03:44:59.458677Z,15.718
run_20260217_224037-0062,2026-02-17T03:49:59.458677Z,17.571
run_20260217_224037-0062,2026-02-17T03:54:59.458677Z,19.628
run_20260217_224037-0062,2026-02-17T03:59:59.458677Z,21.301
run_20260217_224037-0062,2026-02-17T04:04:59.458677Z,23.243
run_20260217_224037-0062,2026-02-17T04:09:59.458677Z,25.242
run_20260217_224037-0062,2026-02-17T04:14:59.458677Z,26.937
run_20260217_224037-0062,2026-02-17T04:19:59.458677Z,28.972
run_20260217_224037-0063,2026-02-17T13:01:09.385786Z,0.0
run_20260217_224037-0063,2026-02-17T13:06:09.385786Z,0.718
run_20260217_224037-0063,2026-02-17T13:11:09.385786Z,1.317
run_20260217_224037-0063,2026-02-17T13:16:09.385786Z,1.963
run_20260217_224037-0063,2026-02-17T13:21:09.385786Z,2.6
run_20260217_224037-0063,2026-02-17T13:26:09.385786Z,3.168
run_20260217_224037-0063,2026-02-17T13:31:09.385786Z,3.807
run_20260217_224037-0063,2026-02-17T13:36:09.385786Z,4.403
run_20260217_224037-0063,2026-02-17T13:41:09.385786Z,4.991
run_20260217_224037-0064,2026-02-17T10:24:03.732935Z,0.0
run_20260217_224037-0064,2026-02-17T10:29:03.732935Z,1.823
run_20260217_224037-0064,2026-02-17T10:34:03.732935Z,3.31
run_20260217_224037-0064,2026-02-17T10:39:03.732935Z,5.403
run_20260217_224037-0064,2026-02-17T10:44:03.732935Z,7.054
run_20260217_224037-0065,2026-02-17T18:43:38.007837Z,0.0
run_20260217_224037-0065,2026-02-17T18:48:38.007837Z,1.832
run_20260217_224037-0065,2026-02-17T18:53:38.007837Z,3.973
run_20260217_224037-0065,2026-02-17T18:58:38.007837Z,5.837
run_20260217_224037-0065,2026-02-17T19:03:38.007837Z,7.395
run_20260217_224037-0065,2026-02-17T19:08:38.007837Z,9.282
run_20260217_224037-0065,2026-02-17T19:13:38.007837Z,11.178
run_20260217_224037-0066,2026-02-17T05:03:24.054182Z,0.0
run_20260217_224037-0066,2026-02-17T05:08:24.054182Z,1.769
run_20260217_224037-0066,2026-02-17T05:13:24.054182Z,3.675
run_20260217_224037-0066,2026-02-17T05:18:24.054182Z,5.646
run_20260217_224037-0066,2026-02-17T05:23:24.054182Z,7.392
run_20260217_224037-0067,2026-02-17T05:06:25.293127Z,0.0
run_20260217_224037-0067,2026-02-17T05:11:25.293127Z,1.687
run_20260217_224037-0067,2026-02-17T05:16:25.293127Z,3.519
run_20260217_224037-0067,2026-02-17T05:21:25.293127Z,5.56
run_20260217_224037-0067,2026-02-17T05:26:25.293127Z,7.742
run_20260217_224037-0067,2026-02-17T05:31:25.293127Z,10.026
run_20260217_224037-0067,2026-02-17T05:36:25.293127Z,11.695
run_20260217_224037-0067,2026-02-17T05:41:25.293127Z,13.424
run_20260217_224037-0067,2026-02-17T05:46:25.293127Z,15.613
run_20260217_224037-0068,2026-02-17T20:36:18.593903Z,0.0
run_20260217_224037-0068,2026-02-17T20:41:18.593903Z,1.751
run_20260217_224037-0068,2026-02-17T20:46:18.593903Z,3.078
run_20260217_224037-0068,2026-02-17T20:51:18.593903Z,5.236
run_20260217_224037-0068,2026-02-17T20:56:18.593903Z,7.001
run_20260217_224037-0068,2026-02-17T21:01:18.593903Z,8.619
run_20260217_224037-0068,2026-02-17T21:06:18.593903Z,10.695
run_20260217_224037-0069,2026-02-17T13:04:06.487204Z,0.0
run_20260217_224037-0069,2026-02-17T13:09:06.487204Z,1.642
run_20260217_224037-0069,2026-02-17T13:14:06.487204Z,3.653
run_20260217_224037-0069,2026-02-17T13:19:06.487204Z,5.296
run_20260217_224037-0069,2026-02-17T13:24:06.487204Z,7.328
run_20260217_224037-0069,2026-02-17T13:29:06.487204Z,8.91
run_20260217_224037-0069,2026-02-17T13:34:06.487204Z,10.789
run_20260217_224037-0069,2026-02-17T13:39:06.487204Z,12.776
run_20260217_224037-0069,2026-02-17T13:44:06.487204Z,14.552
run_20260217_224037-0070,2026-02-17T08:44:01.101107Z,0.0
run_20260217_224037-0070,2026-02-17T08:49:01.101107Z,1.773
run_20260217_224037-0070,2026-02-17T08:54:01.101107Z,3.784
run_20260217_224037-0070,2026-02-17T08:59:01.101107Z,5.9
run_20260217_224037-0070,2026-02-17T09:04:01.101107Z,8.075
run_20260217_224037-0070,2026-02-17T09:09:01.101107Z,9.837
run_20260217_224037-0070,2026-02-17T09:14:01.101107Z,11.871
run_20260217_224037-0070,2026-02-17T09:19:01.101107Z,14.018
run_20260217_224037-0070,2026-02-17T09:24:01.101107Z,16.071
run_20260217_224037-0070,2026-02-17T09:29:01.101107Z,18.037
run_20260217_224037-0070,2026-02-17T09:34:01.101107Z,20.022
run_20260217_224037-0070,2026-02-17T09:39:01.101107Z,21.711
run_20260217_224037-0070,2026-02-17T09:44:01.101107Z,23.279
run_20260217_224037-0071,2026-02-17T02:44:00.249071Z,0.0
run_20260217_224037-0071,2026-02-17T02:49:00.249071Z,0.755
run_20260217_224037-0071,2026-02-17T02:54:00.249071Z,1.527
run_20260217_224037-0071,2026-02-17T02:59:00.249071Z,2.418
run_20260217_224037-0071,2026-02-17T03:04:00.249071Z,3.472
run_20260217_224037-0072,2026-02-17T03:27:09.103298Z,0.0
run_20260217_224037-0072,2026-02-17T03:32:09.103298Z,1.568
run_20260217_224037-0072,2026-02-17T03:37:09.103298Z,3.694
run_20260217_224037-0072,2026-02-17T03:42:09.103298Z,5.487
run_20260217_224037-0072,2026-02-17T03:47:09.103298Z,7.269
run_20260217_224037-0073,2026-02-17T01:12:25.467894Z,0.0
run_20260217_224037-0073,2026-02-17T01:17:25.467894Z,0.555
run_20260217_224037-0073,2026-02-17T01:22:25.467894Z,1.082
run_20260217_224037-0073,2026-02-17T01:27:25.467894Z,1.672
run_20260217_224037-0073,2026-02-17T01:32:25.467894Z,2.264
run_20260217_224037-0073,2026-02-17T01:37:25.467894Z,2.875
run_20260217_224037-0073,2026-02-17T01:42:25.467894Z,3.431
run_20260217_224037-0073,2026-02-17T01:47:25.467894Z,4.085
run_20260217_224037-0073,2026-02-17T01:52:25.467894Z,4.741
run_20260217_224037-0073,2026-02-17T01:57:25.467894Z,5.433
run_20260217_224037-0073,2026-02-17T02:02:25.467894Z,6.076
run_20260217_224037-0073,2026-02-17T02:07:25.467894Z,6.687
run_20260217_224037-0073,2026-02-17T02:12:25.467894Z,7.327
run_20260217_224037-0074,2026-02-17T05:03:21.179630Z,0.0
run_20260217_224037-0074,2026-02-17T05:08:21.179630Z,0.571
run_20260217_224037-0074,2026-02-17T05:13:21.179630Z,1.341
run_20260217_224037-0074,2026-02-17T05:18:21.179630Z,2.015
run_20260217_224037-0074,2026-02-17T05:23:21.179630Z,2.609
run_20260217_224037-0074,2026-02-17T05:28:21.179630Z,3.218
run_20260217_224037-0074,2026-02-17T05:33:21.179630Z,3.79
run_20260217_224037-0074,2026-02-17T05:38:21.179630Z,4.412
run_20260217_224037-0074,2026-02-17T05:43:21.179630Z,4.988
run_20260217_224037-0074,2026-02-17T05:48:21.179630Z,5.521
run_20260217_224037-0074,2026-02-17T05:53:21.179630Z,6.204
run_20260217_224037-0074,2026-02-17T05:58:21.179630Z,6.795
run_20260217_224037-0074,2026-02-17T06:03:21.179630Z,7.389
run_20260217_224037-0074,2026-02-17T06:08:21.179630Z,7.986
run_20260217_224037-0074,2026-02-17T06:13:21.179630Z,8.617
run_20260217_224037-0074,2026-02-17T06:18:21.179630Z,9.191
run_20260217_224037-0075,2026-02-17T11:39:56.240463Z,0.0
run_20260217_224037-0075,2026-02-17T11:44:56.240463Z,0.938
run_20260217_224037-0075,2026-02-17T11:49:56.240463Z,1.634
run_20260217_224037-0075,2026-02-17T11:54:56.240463Z,2.545
run_20260217_224037-0075,2026-02-17T11:59:56.240463Z,3.616
run_20260217_224037-0076,2026-02-17T08:32:35.364885Z,0.0
run_20260217_224037-0076,2026-02-17T08:37:35.364885Z,0.628
run_20260217_224037-0076,2026-02-17T08:42:35.364885Z,1.345
run_20260217_224037-0076,2026-02-17T08:47:35.364885Z,1.944
run_20260217_224037-0076,2026-02-17T08:52:35.364885Z,2.518
run_20260217_224037-0077,2026-02-17T02:24:03.351493Z,0.0
run_20260217_224037-0077,2026-02-17T02:29:03.351493Z,1.872
run_20260217_224037-0077,2026-02-17T02:34:03.351493Z,3.763
run_20260217_224037-0077,2026-02-17T02:39:03.351493Z,5.672
run_20260217_224037-0077,2026-02-17T02:44:03.351493Z,7.333
run_20260217_224037-0077,2026-02-17T02:49:03.351493Z,8.995
run_20260217_224037-0077,2026-02-17T02:54:03.351493Z,10.786
run_20260217_224037-0077,2026-02-17T02:59:03.351493Z,12.445
run_20260217_224037-0077,2026-02-17T03:04:03.351493Z,14.153
run_20260217_224037-0078,2026-02-17T04:56:56.497556Z,0.0
run_20260217_224037-0078,2026-02-17T05:01:56.497556Z,1.745
run_20260217_224037-0078,2026-02-17T05:06:56.497556Z,3.396
run_20260217_224037-0078,2026-02-17T05:11:56.497556Z,4.974
run_20260217_224037-0078,2026-02-17T05:16:56.497556Z,6.784
run_20260217_224037-0079,2026-02-17T15:50:56.308133Z,0.0
run_20260217_224037-0079,2026-02-17T15:55:56.308133Z,0.854
run_20260217_224037-0079,2026-02-17T16:00:56.308133Z,1.735
run_20260217_224037-0079,2026-02-17T16:05:56.308133Z,2.673
run_20260217_224037-0079,2026-02-17T16:10:56.308133Z,3.468
run_20260217_224037-0079,2026-02-17T16:15:56.308133Z,4.445
run_20260217_224037-0079,2026-02-17T16:20:56.308133Z,5.324
run_20260217_224037-0079,2026-02-17T16:25:56.308133Z,6.278
run_20260217_224037-0079,2026-02-17T16:30:56.308133Z,7.225
run_20260217_224037-0079,2026-02-17T16:35:56.308133Z,8.126
run_20260217_224037-0079,2026-02-17T16:40:56.308133Z,9.063
run_20260217_224037-0079,2026-02-17T16:45:56.308133Z,9.944
run_20260217_224037-0079,2026-02-17T16:50:56.308133Z,10.984
run_20260217_224037-0080,2026-02-17T01:01:27.632500Z,0.0
run_20260217_224037-0080,2026-02-17T01:06:27.632500Z,1.002
run_20260217_224037-0080,2026-02-17T01:11:27.632500Z,1.874
run_20260217_224037-0080,2026-02-17T01:16:27.632500Z,2.708
run_20260217_224037-0080,2026-02-17T01:21:27.632500Z,3.777
run_20260217_224037-0080,2026-02-17T01:26:27.632500Z,4.538
run_20260217_224037-0080,2026-02-17T01:31:27.632500Z,5.274
run_20260217_224037-0080,2026-02-17T01:36:27.632500Z,6.286
run_20260217_224037-0080,2026-02-17T01:41:27.632500Z,7.274
run_20260217_224037-0080,2026-02-17T01:46:27.632500Z,8.215
run_20260217_224037-0080,2026-02-17T01:51:27.632500Z,9.115
run_20260217_224037-0080,2026-02-17T01:56:27.632500Z,10.071
run_20260217_224037-0080,2026-02-17T02:01:27.632500Z,10.935
run_20260217_224037-0080,2026-02-17T02:06:27.632500Z,11.849
run_20260217_224037-0080,2026-02-17T02:11:27.632500Z,12.589
run_20260217_224037-0080,2026-02-17T02:16:27.632500Z,13.526
run_20260217_224037-0081,2026-02-17T21:13:33.908911Z,0.0
run_20260217_224037-0081,2026-02-17T21:18:33.908911Z,1.862
run_20260217_224037-0081,2026-02-17T21:23:33.908911Z,3.888
run_20260217_224037-0081,2026-02-17T21:28:33.908911Z,5.43
run_20260217_224037-0081,2026-02-17T21:33:33.908911Z,7.147
run_20260217_224037-0081,2026-02-17T21:38:33.908911Z,8.782
run_20260217_224037-0081,2026-02-17T21:43:33.908911Z,10.425
run_20260217_224037-0081,2026-02-17T21:48:33.908911Z,12.023
run_20260217_224037-0081,2026-02-17T21:53:33.908911Z,13.768
run_20260217_224037-0082,2026-02-17T23:17:18.445156Z,0.0
run_20260217_224037-0082,2026-02-17T23:22:18.445156Z,1.866
run_20260217_224037-0082,2026-02-17T23:27:18.445156Z,3.287
run_20260217_224037-0082,2026-02-17T23:32:18.445156Z,5.051
run_20260217_224037-0082,2026-02-17T23:37:18.445156Z,6.978
run_20260217_224037-0082,2026-02-17T23:42:18.445156Z,8.978
run_20260217_224037-0082,2026-02-17T23:47:18.445156Z,11.021
run_20260217_224037-0082,2026-02-17T23:52:18.445156Z,13.128
run_20260217_224037-0082,2026-02-17T23:57:18.445156Z,15.089
run_20260217_224037-0083,2026-02-17T18:49:12.519165Z,0.0
run_20260217_224037-0083,2026-02-17T18:54:12.519165Z,0.869
run_20260217_224037-0083,2026-02-17T18:59:12.519165Z,1.86
run_20260217_224037-0083,2026-02-17T19:04:12.519165Z,2.748
run_20260217_224037-0083,2026-02-17T19:09:12.519165Z,3.509
run_20260217_224037-0083,2026-02-17T19:14:12.519165Z,4.39
run_20260217_224037-0083,2026-02-17T19:19:12.519165Z,5.291
run_20260217_224037-0083,2026-02-17T19:24:12.519165Z,6.258
run_20260217_224037-0083,2026-02-17T19:29:12.519165Z,7.192
run_20260217_224037-0083,2026-02-17T19:34:12.519165Z,8.008
run_20260217_224037-0083,2026-02-17T19:39:12.519165Z,8.832
run_20260217_224037-0083,2026-02-17T19:44:12.519165Z,9.73
run_20260217_224037-0083,2026-02-17T19:49:12.519165Z,10.78
run_20260217_224037-0084,2026-02-17T17:25:38.384647Z,0.0
run_20260217_224037-0084,2026-02-17T17:30:38.384647Z,0.584
run_20260217_224037-0084,2026-02-17T17:35:38.384647Z,1.208
run_20260217_224037-0084,2026-02-17T17:40:38.384647Z,1.773
run_20260217_224037-0084,2026-02-17T17:45:38.384647Z,2.3
run_20260217_224037-0084,2026-02-17T17:50:38.384647Z,2.849
run_20260217_224037-0084,2026-02-17T17:55:38.384647Z,3.441
run_20260217_224037-0084,2026-02-17T18:00:38.384647Z,4.073
run_20260217_224037-0084,2026-02-17T18:05:38.384647Z,4.843
run_20260217_224037-0084,2026-02-17T18:10:38.384647Z,5.481
run_20260217_224037-0084,2026-02-17T18:15:38.384647Z,6.095
run_20260217_224037-0084,2026-02-17T18:20:38.384647Z,6.791
run_20260217_224037-0084,2026-02-17T18:25:38.384647Z,7.357
run_20260217_224037-0084,2026-02-17T18:30:38.384647Z,7.961
run_20260217_224037-0084,2026-02-17T18:35:38.384647Z,8.512
run_20260217_224037-0084,2026-02-17T18:40:38.384647Z,9.163
run_20260217_224037-0085,2026-02-17T11:12:04.885144Z,0.0
run_20260217_224037-0085,2026-02-17T11:17:04.885144Z,1.981
run_20260217_224037-0085,2026-02-17T11:22:04.885144Z,3.56
run_20260217_224037-0085,2026-02-17T11:27:04.885144Z,5.295
run_20260217_224037-0085,2026-02-17T11:32:04.885144Z,7.016
run_20260217_224037-0085,2026-02-17T11:37:04.885144Z,8.996
run_20260217_224037-0085,2026-02-17T11:42:04.885144Z,10.819
run_20260217_224037-0086,2026-02-17T10:09:54.408512Z,0.0
run_20260217_224037-0086,2026-02-17T10:14:54.408512Z,0.819
run_20260217_224037-0086,2026-02-17T10:19:54.408512Z,1.711
run_20260217_224037-0086,2026-02-17T10:24:54.408512Z,2.536
run_20260217_224037-0086,2026-02-17T10:29:54.408512Z,3.466
run_20260217_224037-0086,2026-02-17T10:34:54.408512Z,4.396
run_20260217_224037-0086,2026-02-17T10:39:54.408512Z,5.238
run_20260217_224037-0086,2026-02-17T10:44:54.408512Z,6.301
run_20260217_224037-0086,2026-02-17T10:49:54.408512Z,7.09
run_20260217_224037-0086,2026-02-17T10:54:54.408512Z,7.89
run_20260217_224037-0086,2026-02-17T10:59:54.408512Z,8.841
run_20260217_224037-0086,2026-02-17T11:04:54.408512Z,9.739
run_20260217_224037-0086,2026-02-17T11:09:54.408512Z,10.694
run_20260217_224037-0086,2026-02-17T11:14:54.408512Z,11.554
run_20260217_224037-0086,2026-02-17T11:19:54.408512Z,12.376
run_20260217_224037-0086,2026-02-17T11:24:54.408512Z,13.233
run_20260217_224037-0087,2026-02-17T18:39:56.174112Z,0.0
run_20260217_224037-0087,2026-02-17T18:44:56.174112Z,0.571
run_20260217_224037-0087,2026-02-17T18:49:56.174112Z,1.169
run_20260217_224037-0087,2026-02-17T18:54:56.174112Z,1.638
run_20260217_224037-0087,2026-02-17T18:59:56.174112Z,2.23
run_20260217_224037-0087,2026-02-17T19:04:56.174112Z,2.774
run_20260217_224037-0087,2026-02-17T19:09:56.174112Z,3.452
run_20260217_224037-0088,2026-02-17T21:30:57.688800Z,0.0
run_20260217_224037-0088,2026-02-17T21:35:57.688800Z,0.616
run_20260217_224037-0088,2026-02-17T21:40:57.688800Z,1.247
run_20260217_224037-0088,2026-02-17T21:45:57.688800Z,1.848
run_20260217_224037-0088,2026-02-17T21:50:57.688800Z,2.424
run_20260217_224037-0088,2026-02-17T21:55:57.688800Z,3.105
run_20260217_224037-0088,2026-02-17T22:00:57.688800Z,3.679
run_20260217_224037-0088,2026-02-17T22:05:57.688800Z,4.204
run_20260217_224037-0088,2026-02-17T22:10:57.688800Z,4.821
run_20260217_224037-0089,2026-02-17T08:33:05.505830Z,0.0
run_20260217_224037-0089,2026-02-17T08:38:05.505830Z,1.001
run_20260217_224037-0089,2026-02-17T08:43:05.505830Z,1.821
run_20260217_224037-0089,2026-02-17T08:48:05.505830Z,2.758
run_20260217_224037-0089,2026-02-17T08:53:05.505830Z,3.702
run_20260217_224037-0089,2026-02-17T08:58:05.505830Z,4.546
run_20260217_224037-0089,2026-02-17T09:03:05.505830Z,5.491
run_20260217_224037-0089,2026-02-17T09:08:05.505830Z,6.403
run_20260217_224037-0089,2026-02-17T09:13:05.505830Z,7.35
run_20260217_224037-0089,2026-02-17T09:18:05.505830Z,8.188
run_20260217_224037-0089,2026-02-17T09:23:05.505830Z,9.101
run_20260217_224037-0089,2026-02-17T09:28:05.505830Z,9.987
run_20260217_224037-0089,2026-02-17T09:33:05.505830Z,10.913
run_20260217_224037-0089,2026-02-17T09:38:05.505830Z,11.848
run_20260217_224037-0089,2026-02-17T09:43:05.505830Z,12.733
run_20260217_224037-0089,2026-02-17T09:48:05.505830Z,13.768
run_20260217_224037-0090,2026-02-17T12:52:41.712669Z,0.0
run_20260217_224037-0090,2026-02-17T12:57:41.712669Z,1.562
run_20260217_224037-0090,2026-02-17T13:02:41.712669Z,3.554
run_20260217_224037-0090,2026-02-17T13:07:41.712669Z,5.266
run_20260217_224037-0090,2026-02-17T13:12:41.712669Z,7.197
run_20260217_224037-0090,2026-02-17T13:17:41.712669Z,8.782
run_20260217_224037-0090,2026-02-17T13:22:41.712669Z,10.525
run_20260217_224037-0090,2026-02-17T13:27:41.712669Z,12.546
run_20260217_224037-0090,2026-02-17T13:32:41.712669Z,14.418
run_20260217_224037-0090,2026-02-17T13:37:41.712669Z,16.304
run_20260217_224037-0090,2026-02-17T13:42:41.712669Z,18.45
run_20260217_224037-0090,2026-02-17T13:47:41.712669Z,20.521
run_20260217_224037-0090,2026-02-17T13:52:41.712669Z,22.194
run_20260217_224037-0090,2026-02-17T13:57:41.712669Z,24.269
run_20260217_224037-0090,2026-02-17T14:02:41.712669Z,25.989
run_20260217_224037-0090,2026-02-17T14:07:41.712669Z,27.819
run_20260217_224037-0091,2026-02-17T11:24:20.477006Z,0.0
run_20260217_224037-0091,2026-02-17T11:29:20.477006Z,0.512
run_20260217_224037-0091,2026-02-17T11:34:20.477006Z,1.213
run_20260217_224037-0091,2026-02-17T11:39:20.477006Z,1.735
run_20260217_224037-0091,2026-02-17T11:44:20.477006Z,2.402
run_20260217_224037-0091,2026-02-17T11:49:20.477006Z,2.993
run_20260217_224037-0091,2026-02-17T11:54:20.477006Z,3.576
run_20260217_224037-0091,2026-02-17T11:59:20.477006Z,4.139
run_20260217_224037-0091,2026-02-17T12:04:20.477006Z,4.699
run_20260217_224037-0091,2026-02-17T12:09:20.477006Z,5.262
run_20260217_224037-0091,2026-02-17T12:14:20.477006Z,5.929
run_20260217_224037-0091,2026-02-17T12:19:20.477006Z,6.495
run_20260217_224037-0091,2026-02-17T12:24:20.477006Z,7.125
run_20260217_224037-0091,2026-02-17T12:29:20.477006Z,7.817
run_20260217_224037-0091,2026-02-17T12:34:20.477006Z,8.293
run_20260217_224037-0091,2026-02-17T12:39:20.477006Z,8.865
run_20260217_224037-0092,2026-02-17T01:58:53.106283Z,0.0
run_20260217_224037-0092,2026-02-17T02:03:53.106283Z,1.77
run_20260217_224037-0092,2026-02-17T02:08:53.106283Z,3.546
run_20260217_224037-0092,2026-02-17T02:13:53.106283Z,5.206
run_20260217_224037-0092,2026-02-17T02:18:53.106283Z,6.681
run_20260217_224037-0092,2026-02-17T02:23:53.106283Z,8.272
run_20260217_224037-0092,2026-02-17T02:28:53.106283Z,10.04
run_20260217_224037-0092,2026-02-17T02:33:53.106283Z,12.039
run_20260217_224037-0092,2026-02-17T02:38:53.106283Z,13.959
run_20260217_224037-0093,2026-02-17T21:44:25.663818Z,0.0
run_20260217_224037-0093,2026-02-17T21:49:25.663818Z,1.509
run_20260217_224037-0093,2026-02-17T21:54:25.663818Z,3.23
run_20260217_224037-0093,2026-02-17T21:59:25.663818Z,5.196
run_20260217_224037-0093,2026-02-17T22:04:25.663818Z,7.083
run_20260217_224037-0093,2026-02-17T22:09:25.663818Z,9.032
run_20260217_224037-0093,2026-02-17T22:14:25.663818Z,11.066
run_20260217_224037-0093,2026-02-17T22:19:25.663818Z,12.831
run_20260217_224037-0093,2026-02-17T22:24:25.663818Z,14.678
run_20260217_224037-0093,2026-02-17T22:29:25.663818Z,16.61
run_20260217_224037-0093,2026-02-17T22:34:25.663818Z,18.757
run_20260217_224037-0093,2026-02-17T22:39:25.663818Z,20.755
run_20260217_224037-0093,2026-02-17T22:44:25.663818Z,22.841
run_20260217_224037-0094,2026-02-17T08:05:49.313891Z,0.0
run_20260217_224037-0094,2026-02-17T08:10:49.313891Z,0.661
run_20260217_224037-0094,2026-02-17T08:15:49.313891Z,1.233
run_20260217_224037-0094,2026-02-17T08:20:49.313891Z,1.813
run_20260217_224037-0094,2026-02-17T08:25:49.313891Z,2.452
run_20260217_224037-0094,2026-02-17T08:30:49.313891Z,3.135
run_20260217_224037-0094,2026-02-17T08:35:49.313891Z,3.643
run_20260217_224037-0094,2026-02-17T08:40:49.313891Z,4.152
run_20260217_224037-0094,2026-02-17T08:45:49.313891Z,4.749
run_20260217_224037-0094,2026-02-17T08:50:49.313891Z,5.331
run_20260217_224037-0094,2026-02-17T08:55:49.313891Z,5.868
run_20260217_224037-0094,2026-02-17T09:00:49.313891Z,6.54
run_20260217_224037-0094,2026-02-17T09:05:49.313891Z,7.221
run_20260217_224037-0094,2026-02-17T09:10:49.313891Z,7.806
run_20260217_224037-0094,2026-02-17T09:15:49.313891Z,8.407
run_20260217_224037-0094,2026-02-17T09:20:49.313891Z,8.902
run_20260217_224037-0095,2026-02-17T00:48:32.450546Z,0.0
run_20260217_224037-0095,2026-02-17T00:53:32.450546Z,0.502
run_20260217_224037-0095,2026-02-17T00:58:32.450546Z,1.209
run_20260217_224037-0095,2026-02-17T01:03:32.450546Z,1.876
run_20260217_224037-0095,2026-02-17T01:08:32.450546Z,2.469
run_20260217_224037-0095,2026-02-17T01:13:32.450546Z,3.058
run_20260217_224037-0095,2026-02-17T01:18:32.450546Z,3.715
run_20260217_224037-0095,2026-02-17T01:23:32.450546Z,4.161
run_20260217_224037-0095,2026-02-17T01:28:32.450546Z,4.734
run_20260217_224037-0095,2026-02-17T01:33:32.450546Z,5.378
run_20260217_224037-0095,2026-02-17T01:38:32.450546Z,5.88
run_20260217_224037-0095,2026-02-17T01:43:32.450546Z,6.509
run_20260217_224037-0095,2026-02-17T01:48:32.450546Z,7.144
run_20260217_224037-0096,2026-02-17T10:40:27.679595Z,0.0
run_20260217_224037-0096,2026-02-17T10:45:27.679595Z,2.036
run_20260217_224037-0096,2026-02-17T10:50:27.679595Z,3.575
run_20260217_224037-0096,2026-02-17T10:55:27.679595Z,5.34
run_20260217_224037-0096,2026-02-17T11:00:27.679595Z,7.477
run_20260217_224037-0097,2026-02-17T20:26:49.076122Z,0.0
run_20260217_224037-0097,2026-02-17T20:31:49.076122Z,0.64
run_20260217_224037-0097,2026-02-17T20:36:49.076122Z,1.226
run_20260217_224037-0097,2026-02-17T20:41:49.076122Z,1.773
run_20260217_224037-0097,2026-02-17T20:46:49.076122Z,2.39
run_20260217_224037-0097,2026-02-17T20:51:49.076122Z,3.009
run_20260217_224037-0097,2026-02-17T20:56:49.076122Z,3.613
run_20260217_224037-0097,2026-02-17T21:01:49.076122Z,4.169
run_20260217_224037-0097,2026-02-17T21:06:49.076122Z,4.768
run_20260217_224037-0097,2026-02-17T21:11:49.076122Z,5.426
run_20260217_224037-0097,2026-02-17T21:16:49.076122Z,6.024
run_20260217_224037-0097,2026-02-17T21:21:49.076122Z,6.761
run_20260217_224037-0097,2026-02-17T21:26:49.076122Z,7.385
run_20260217_224037-0098,2026-02-17T20:40:51.395620Z,0.0
run_20260217_224037-0098,2026-02-17T20:45:51.395620Z,0.9
run_20260217_224037-0098,2026-02-17T20:50:51.395620Z,1.769
run_20260217_224037-0098,2026-02-17T20:55:51.395620Z,2.659
run_20260217_224037-0098,2026-02-17T21:00:51.395620Z,3.479
run_20260217_224037-0098,2026-02-17T21:05:51.395620Z,4.433
run_20260217_224037-0098,2026-02-17T21:10:51.395620Z,5.351
run_20260217_224037-0098,2026-02-17T21:15:51.395620Z,6.261
run_20260217_224037-0098,2026-02-17T21:20:51.395620Z,7.352
run_20260217_224037-0099,2026-02-17T11:19:00.541891Z,0.0
run_20260217_224037-0099,2026-02-17T11:24:00.541891Z,0.92
run_20260217_224037-0099,2026-02-17T11:29:00.541891Z,1.884
run_20260217_224037-0099,2026-02-17T11:34:00.541891Z,2.81
run_20260217_224037-0099,2026-02-17T11:39:00.541891Z,3.857
run_20260217_224037-0100,2026-02-17T03:54:10.180940Z,0.0
run_20260217_224037-0100,2026-02-17T03:59:10.180940Z,1.581
run_20260217_224037-0100,2026-02-17T04:04:10.180940Z,3.356
run_20260217_224037-0100,2026-02-17T04:09:10.180940Z,4.929
run_20260217_224037-0100,2026-02-17T04:14:10.180940Z,6.63
run_20260217_224037-0100,2026-02-17T04:19:10.180940Z,8.461
run_20260217_224037-0100,2026-02-17T04:24:10.180940Z,10.304
run_20260217_224037-0100,2026-02-17T04:29:10.180940Z,11.994
run_20260217_224037-0100,2026-02-17T04:34:10.180940Z,14.017
run_20260217_224037-0100,2026-02-17T04:39:10.180940Z,15.955
run_20260217_224037-0100,2026-02-17T04:44:10.180940Z,18.04
run_20260217_224037-0100,2026-02-17T04:49:10.180940Z,19.702
run_20260217_224037-0100,2026-02-17T04:54:10.180940Z,21.51
run_20260217_224037-0101,2026-02-17T10:41:01.271311Z,0.0
run_20260217_224037-0101,2026-02-17T10:46:01.271311Z,1.004
run_20260217_224037-0101,2026-02-17T10:51:01.271311Z,1.945
run_20260217_224037-0101,2026-02-17T10:56:01.271311Z,2.755
run_20260217_224037-0101,2026-02-17T11:01:01.271311Z,3.781
run_20260217_224037-0101,2026-02-17T11:06:01.271311Z,4.676
run_20260217_224037-0101,2026-02-17T11:11:01.271311Z,5.62
run_20260217_224037-0101,2026-02-17T11:16:01.271311Z,6.544
run_20260217_224037-0101,2026-02-17T11:21:01.271311Z,7.594
run_20260217_224037-0101,2026-02-17T11:26:01.271311Z,8.607
run_20260217_224037-0101,2026-02-17T11:31:01.271311Z,9.597
run_20260217_224037-0101,2026-02-17T11:36:01.271311Z,10.516
run_20260217_224037-0101,2026-02-17T11:41:01.271311Z,11.384
run_20260217_224037-0102,2026-02-17T04:03:14.852056Z,0.0
run_20260217_224037-0102,2026-02-17T04:08:14.852056Z,1.718
run_20260217_224037-0102,2026-02-17T04:13:14.852056Z,3.567
run_20260217_224037-0102,2026-02-17T04:18:14.852056Z,5.593
run_20260217_224037-0102,2026-02-17T04:23:14.852056Z,7.644
run_20260217_224037-0102,2026-02-17T04:28:14.852056Z,9.525
run_20260217_224037-0102,2026-02-17T04:33:14.852056Z,11.341
run_20260217_224037-0102,2026-02-17T04:38:14.852056Z,13.271
run_20260217_224037-0102,2026-02-17T04:43:14.852056Z,15.414
run_20260217_224037-0102,2026-02-17T04:48:14.852056Z,17.368
run_20260217_224037-0102,2026-02-17T04:53:14.852056Z,19.096
run_20260217_224037-0102,2026-02-17T04:58:14.852056Z,20.861
run_20260217_224037-0102,2026-02-17T05:03:14.852056Z,22.866
run_20260217_224037-0103,2026-02-17T05:54:15.664614Z,0.0
run_20260217_224037-0103,2026-02-17T05:59:15.664614Z,0.817
run_20260217_224037-0103,2026-02-17T06:04:15.664614Z,1.859
run_20260217_224037-0103,2026-02-17T06:09:15.664614Z,2.83
run_20260217_224037-0103,2026-02-17T06:14:15.664614Z,3.685
run_20260217_224037-0103,2026-02-17T06:19:15.664614Z,4.664
run_20260217_224037-0103,2026-02-17T06:24:15.664614Z,5.643
run_20260217_224037-0104,2026-02-17T15:50:47.235306Z,0.0
run_20260217_224037-0104,2026-02-17T15:55:47.235306Z,0.885
run_20260217_224037-0104,2026-02-17T16:00:47.235306Z,1.72
run_20260217_224037-0104,2026-02-17T16:05:47.235306Z,2.658
run_20260217_224037-0104,2026-02-17T16:10:47.235306Z,3.506
run_20260217_224037-0104,2026-02-17T16:15:47.235306Z,4.506
run_20260217_224037-0104,2026-02-17T16:20:47.235306Z,5.47
run_20260217_224037-0105,2026-02-17T10:53:31.012069Z,0.0
run_20260217_224037-0105,2026-02-17T10:58:31.012069Z,0.677
run_20260217_224037-0105,2026-02-17T11:03:31.012069Z,1.32
run_20260217_224037-0105,2026-02-17T11:08:31.012069Z,1.892
run_20260217_224037-0105,2026-02-17T11:13:31.012069Z,2.568
run_20260217_224037-0105,2026-02-17T11:18:31.012069Z,3.086
run_20260217_224037-0105,2026-02-17T11:23:31.012069Z,3.727
run_20260217_224037-0105,2026-02-17T11:28:31.012069Z,4.316
run_20260217_224037-0105,2026-02-17T11:33:31.012069Z,4.931
run_20260217_224037-0106,2026-02-17T17:23:38.416890Z,0.0
run_20260217_224037-0106,2026-02-17T17:28:38.416890Z,0.571
run_20260217_224037-0106,2026-02-17T17:33:38.416890Z,1.117
run_20260217_224037-0106,2026-02-17T17:38:38.416890Z,1.617
run_20260217_224037-0106,2026-02-17T17:43:38.416890Z,2.209
run_20260217_224037-0107,2026-02-17T03:36:54.971619Z,0.0
run_20260217_224037-0107,2026-02-17T03:41:54.971619Z,0.631
run_20260217_224037-0107,2026-02-17T03:46:54.971619Z,1.262
run_20260217_224037-0107,2026-02-17T03:51:54.971619Z,1.827
run_20260217_224037-0107,2026-02-17T03:56:54.971619Z,2.382
run_20260217_224037-0107,2026-02-17T04:01:54.971619Z,2.997
run_20260217_224037-0107,2026-02-17T04:06:54.971619Z,3.592
run_20260217_224037-0107,2026-02-17T04:11:54.971619Z,4.23
run_20260217_224037-0107,2026-02-17T04:16:54.971619Z,4.884
run_20260217_224037-0107,2026-02-17T04:21:54.971619Z,5.439
run_20260217_224037-0107,2026-02-17T04:26:54.971619Z,6.086
run_20260217_224037-0107,2026-02-17T04:31:54.971619Z,6.715
run_20260217_224037-0107,2026-02-17T04:36:54.971619Z,7.33
run_20260217_224037-0108,2026-02-17T17:59:33.553173Z,0.0
run_20260217_224037-0108,2026-02-17T18:04:33.553173Z,0.594
run_20260217_224037-0108,2026-02-17T18:09:33.553173Z,1.123
run_20260217_224037-0108,2026-02-17T18:14:33.553173Z,1.665
run_20260217_224037-0108,2026-02-17T18:19:33.553173Z,2.315
run_20260217_224037-0109,2026-02-17T18:50:01.115243Z,0.0
run_20260217_224037-0109,2026-02-17T18:55:01.115243Z,0.802
run_20260217_224037-0109,2026-02-17T19:00:01.115243Z,1.406
run_20260217_224037-0109,2026-02-17T19:05:01.115243Z,2.338
run_20260217_224037-0109,2026-02-17T19:10:01.115243Z,3.302
run_20260217_224037-0109,2026-02-17T19:15:01.115243Z,4.269
run_20260217_224037-0109,2026-02-17T19:20:01.115243Z,5.211
run_20260217_224037-0109,2026-02-17T19:25:01.115243Z,6.056
run_20260217_224037-0109,2026-02-17T19:30:01.115243Z,6.666
run_20260217_224037-0109,2026-02-17T19:35:01.115243Z,7.672
run_20260217_224037-0109,2026-02-17T19:40:01.115243Z,8.365
run_20260217_224037-0109,2026-02-17T19:45:01.115243Z,9.418
run_20260217_224037-0109,2026-02-17T19:50:01.115243Z,10.323
run_20260217_224037-0109,2026-02-17T19:55:01.115243Z,11.21
run_20260217_224037-0109,2026-02-17T20:00:01.115243Z,12.015
run_20260217_224037-0109,2026-02-17T20:05:01.115243Z,12.912
run_20260217_224037-0110,2026-02-17T04:56:04.632436Z,0.0
run_20260217_224037-0110,2026-02-17T05:01:04.632436Z,0.649
run_20260217_224037-0110,2026-02-17T05:06:04.632436Z,1.278
run_20260217_224037-0110,2026-02-17T05:11:04.632436Z,1.906
run_20260217_224037-0110,2026-02-17T05:16:04.632436Z,2.574
run_20260217_224037-0110,2026-02-17T05:21:04.632436Z,3.255
run_20260217_224037-0110,2026-02-17T05:26:04.632436Z,3.931
run_20260217_224037-0110,2026-02-17T05:31:04.632436Z,4.543
run_20260217_224037-0110,2026-02-17T05:36:04.632436Z,5.069
run_20260217_224037-0110,2026-02-17T05:41:04.632436Z,5.749
run_20260217_224037-0110,2026-02-17T05:46:04.632436Z,6.271
run_20260217_224037-0110,2026-02-17T05:51:04.632436Z,6.844
run_20260217_224037-0110,2026-02-17T05:56:04.632436Z,7.489
run_20260217_224037-0110,2026-02-17T06:01:04.632436Z,8.115
run_20260217_224037-0110,2026-02-17T06:06:04.632436Z,8.811
run_20260217_224037-0110,2026-02-17T06:11:04.632436Z,9.411
run_20260217_224037-0111,2026-02-17T04:13:23.475882Z,0.0
run_20260217_224037-0111,2026-02-17T04:18:23.475882Z,0.685
run_20260217_224037-0111,2026-02-17T04:23:23.475882Z,1.27
run_20260217_224037-0111,2026-02-17T04:28:23.475882Z,1.784
run_20260217_224037-0111,2026-02-17T04:33:23.475882Z,2.412
run_20260217_224037-0112,2026-02-17T08:37:41.804503Z,0.0
run_20260217_224037-0112,2026-02-17T08:42:41.804503Z,0.48
run_20260217_224037-0112,2026-02-17T08:47:41.804503Z,1.134
run_20260217_224037-0112,2026-02-17T08:52:41.804503Z,1.763
run_20260217_224037-0112,2026-02-17T08:57:41.804503Z,2.374
run_20260217_224037-0112,2026-02-17T09:02:41.804503Z,2.994
run_20260217_224037-0112,2026-02-17T09:07:41.804503Z,3.624
run_20260217_224037-0113,2026-02-17T15:40:43.605686Z,0.0
run_20260217_224037-0113,2026-02-17T15:45:43.605686Z,0.956
run_20260217_224037-0113,2026-02-17T15:50:43.605686Z,1.815
run_20260217_224037-0113,2026-02-17T15:55:43.605686Z,2.655
run_20260217_224037-0113,2026-02-17T16:00:43.605686Z,3.485
run_20260217_224037-0113,2026-02-17T16:05:43.605686Z,4.457
run_20260217_224037-0113,2026-02-17T16:10:43.605686Z,5.429
run_20260217_224037-0113,2026-02-17T16:15:43.605686Z,6.239
run_20260217_224037-0113,2026-02-17T16:20:43.605686Z,7.133
run_20260217_224037-0113,2026-02-17T16:25:43.605686Z,8.157
run_20260217_224037-0113,2026-02-17T16:30:43.605686Z,9.264
run_20260217_224037-0113,2026-02-17T16:35:43.605686Z,10.257
run_20260217_224037-0113,2026-02-17T16:40:43.605686Z,11.284
run_20260217_224037-0113,2026-02-17T16:45:43.605686Z,12.178
run_20260217_224037-0113,2026-02-17T16:50:43.605686Z,12.972
run_20260217_224037-0113,2026-02-17T16:55:43.605686Z,13.953
run_20260217_224037-0114,2026-02-17T17:37:53.729563Z,0.0
run_20260217_224037-0114,2026-02-17T17:42:53.729563Z,1.636
run_20260217_224037-0114,2026-02-17T17:47:53.729563Z,3.243
run_20260217_224037-0114,2026-02-17T17:52:53.729563Z,5.207
run_20260217_224037-0114,2026-02-17T17:57:53.729563Z,6.783
run_20260217_224037-0114,2026-02-17T18:02:53.729563Z,8.619
run_20260217_224037-0114,2026-02-17T18:07:53.729563Z,10.339
run_20260217_224037-0115,2026-02-17T16:50:41.713508Z,0.0
run_20260217_224037-0115,2026-02-17T16:55:41.713508Z,2.278
run_20260217_224037-0115,2026-02-17T17:00:41.713508Z,4.295
run_20260217_224037-0115,2026-02-17T17:05:41.713508Z,6.201
run_20260217_224037-0115,2026-02-17T17:10:41.713508Z,7.911
run_20260217_224037-0116,2026-02-17T06:21:45.141185Z,0.0
run_20260217_224037-0116,2026-02-17T06:26:45.141185Z,0.923
run_20260217_224037-0116,2026-02-17T06:31:45.141185Z,1.9
run_20260217_224037-0116,2026-02-17T06:36:45.141185Z,2.881
run_20260217_224037-0116,2026-02-17T06:41:45.141185Z,3.723
run_20260217_224037-0116,2026-02-17T06:46:45.141185Z,4.609
run_20260217_224037-0116,2026-02-17T06:51:45.141185Z,5.455
run_20260217_224037-0116,2026-02-17T06:56:45.141185Z,6.387
run_20260217_224037-0116,2026-02-17T07:01:45.141185Z,7.304
run_20260217_224037-0117,2026-02-17T13:56:53.158176Z,0.0
run_20260217_224037-0117,2026-02-17T14:01:53.158176Z,0.958
run_20260217_224037-0117,2026-02-17T14:06:53.158176Z,2.009
run_20260217_224037-0117,2026-02-17T14:11:53.158176Z,2.866
run_20260217_224037-0117,2026-02-17T14:16:53.158176Z,3.803
run_20260217_224037-0117,2026-02-17T14:21:53.158176Z,4.77
run_20260217_224037-0117,2026-02-17T14:26:53.158176Z,5.789
run_20260217_224037-0118,2026-02-17T01:17:51.885728Z,0.0
run_20260217_224037-0118,2026-02-17T01:22:51.885728Z,0.914
run_20260217_224037-0118,2026-02-17T01:27:51.885728Z,1.893
run_20260217_224037-0118,2026-02-17T01:32:51.885728Z,2.797
run_20260217_224037-0118,2026-02-17T01:37:51.885728Z,3.695
run_20260217_224037-0118,2026-02-17T01:42:51.885728Z,4.636
run_20260217_224037-0118,2026-02-17T01:47:51.885728Z,5.363
run_20260217_224037-0118,2026-02-17T01:52:51.885728Z,6.286
run_20260217_224037-0118,2026-02-17T01:57:51.885728Z,7.144
run_20260217_224037-0118,2026-02-17T02:02:51.885728Z,7.975
run_20260217_224037-0118,2026-02-17T02:07:51.885728Z,8.719
run_20260217_224037-0118,2026-02-17T02:12:51.885728Z,9.595
run_20260217_224037-0118,2026-02-17T02:17:51.885728Z,10.339
run_20260217_224037-0118,2026-02-17T02:22:51.885728Z,11.336
run_20260217_224037-0118,2026-02-17T02:27:51.885728Z,12.231
run_20260217_224037-0118,2026-02-17T02:32:51.885728Z,12.993
run_20260217_224037-0119,2026-02-17T10:17:47.665969Z,0.0
run_20260217_224037-0119,2026-02-17T10:22:47.665969Z,0.883
run_20260217_224037-0119,2026-02-17T10:27:47.665969Z,1.788
run_20260217_224037-0119,2026-02-17T10:32:47.665969Z,2.549
run_20260217_224037-0119,2026-02-17T10:37:47.665969Z,3.461
run_20260217_224037-0119,2026-02-17T10:42:47.665969Z,4.327
run_20260217_224037-0119,2026-02-17T10:47:47.665969Z,5.514
run_20260217_224037-0120,2026-02-17T00:34:52.844748Z,0.0
run_20260217_224037-0120,2026-02-17T00:39:52.844748Z,0.94
run_20260217_224037-0120,2026-02-17T00:44:52.844748Z,1.776
run_20260217_224037-0120,2026-02-17T00:49:52.844748Z,2.836
run_20260217_224037-0120,2026-02-17T00:54:52.844748Z,3.695
run_20260217_224037-0120,2026-02-17T00:59:52.844748Z,4.646
run_20260217_224037-0120,2026-02-17T01:04:52.844748Z,5.666
run_20260217_224037-0120,2026-02-17T01:09:52.844748Z,6.555
run_20260217_224037-0120,2026-02-17T01:14:52.844748Z,7.472
run_20260217_224037-0120,2026-02-17T01:19:52.844748Z,8.442
run_20260217_224037-0120,2026-02-17T01:24:52.844748Z,9.421
run_20260217_224037-0120,2026-02-17T01:29:52.844748Z,10.238
run_20260217_224037-0120,2026-02-17T01:34:52.844748Z,11.171
run_20260217_224037-0121,2026-02-17T16:06:43.750764Z,0.0
run_20260217_224037-0121,2026-02-17T16:11:43.750764Z,1.063
run_20260217_224037-0121,2026-02-17T16:16:43.750764Z,2.219
run_20260217_224037-0121,2026-02-17T16:21:43.750764Z,3.13
run_20260217_224037-0121,2026-02-17T16:26:43.750764Z,3.97
run_20260217_224037-0121,2026-02-17T16:31:43.750764Z,4.797
run_20260217_224037-0121,2026-02-17T16:36:43.750764Z,5.861
run_20260217_224037-0121,2026-02-17T16:41:43.750764Z,6.637
run_20260217_224037-0121,2026-02-17T16:46:43.750764Z,7.525
run_20260217_224037-0121,2026-02-17T16:51:43.750764Z,8.389
run_20260217_224037-0121,2026-02-17T16:56:43.750764Z,9.466
run_20260217_224037-0121,2026-02-17T17:01:43.750764Z,10.29
run_20260217_224037-0121,2026-02-17T17:06:43.750764Z,11.308
run_20260217_224037-0121,2026-02-17T17:11:43.750764Z,12.345
run_20260217_224037-0121,2026-02-17T17:16:43.750764Z,13.246
run_20260217_224037-0121,2026-02-17T17:21:43.750764Z,14.206
run_20260217_224037-0122,2026-02-17T12:35:35.405503Z,0.0
run_20260217_224037-0122,2026-02-17T12:40:35.405503Z,1.551
run_20260217_224037-0122,2026-02-17T12:45:35.405503Z,3.393
run_20260217_224037-0122,2026-02-17T12:50:35.405503Z,5.285
run_20260217_224037-0122,2026-02-17T12:55:35.405503Z,6.897
run_20260217_224037-0122,2026-02-17T13:00:35.405503Z,8.757
run_20260217_224037-0122,2026-02-17T13:05:35.405503Z,10.534
run_20260217_224037-0122,2026-02-17T13:10:35.405503Z,12.056
run_20260217_224037-0122,2026-02-17T13:15:35.405503Z,13.641
run_20260217_224037-0122,2026-02-17T13:20:35.405503Z,15.707
run_20260217_224037-0122,2026-02-17T13:25:35.405503Z,17.552
run_20260217_224037-0122,2026-02-17T13:30:35.405503Z,19.624
run_20260217_224037-0122,2026-02-17T13:35:35.405503Z,21.421
run_20260217_224037-0122,2026-02-17T13:40:35.405503Z,23.141
run_20260217_224037-0122,2026-02-17T13:45:35.405503Z,24.796
run_20260217_224037-0122,2026-02-17T13:50:35.405503Z,26.698
run_20260217_224037-0123,2026-02-17T11:56:22.794802Z,0.0
run_20260217_224037-0123,2026-02-17T12:01:22.794802Z,1.021
run_20260217_224037-0123,2026-02-17T12:06:22.794802Z,1.83
run_20260217_224037-0123,2026-02-17T12:11:22.794802Z,2.793
run_20260217_224037-0123,2026-02-17T12:16:22.794802Z,3.729
run_20260217_224037-0123,2026-02-17T12:21:22.794802Z,4.667
run_20260217_224037-0123,2026-02-17T12:26:22.794802Z,5.662
run_20260217_224037-0123,2026-02-17T12:31:22.794802Z,6.52
run_20260217_224037-0123,2026-02-17T12:36:22.794802Z,7.342
run_20260217_224037-0123,2026-02-17T12:41:22.794802Z,8.236
run_20260217_224037-0123,2026-02-17T12:46:22.794802Z,9.205
run_20260217_224037-0123,2026-02-17T12:51:22.794802Z,10.193
run_20260217_224037-0123,2026-02-17T12:56:22.794802Z,11.066
run_20260217_224037-0123,2026-02-17T13:01:22.794802Z,11.886
run_20260217_224037-0123,2026-02-17T13:06:22.794802Z,12.928
run_20260217_224037-0123,2026-02-17T13:11:22.794802Z,13.821
run_20260217_224037-0124,2026-02-17T19:22:08.375787Z,0.0
run_20260217_224037-0124,2026-02-17T19:27:08.375787Z,0.787
run_20260217_224037-0124,2026-02-17T19:32:08.375787Z,1.643
run_20260217_224037-0124,2026-02-17T19:37:08.375787Z,2.536
run_20260217_224037-0124,2026-02-17T19:42:08.375787Z,3.529
run_20260217_224037-0124,2026-02-17T19:47:08.375787Z,4.432
run_20260217_224037-0124,2026-02-17T19:52:08.375787Z,5.334
run_20260217_224037-0125,2026-02-17T15:36:43.405749Z,0.0
run_20260217_224037-0125,2026-02-17T15:41:43.405749Z,0.977
run_20260217_224037-0125,2026-02-17T15:46:43.405749Z,1.993
run_20260217_224037-0125,2026-02-17T15:51:43.405749Z,3.005
run_20260217_224037-0125,2026-02-17T15:56:43.405749Z,3.735
run_20260217_224037-0125,2026-02-17T16:01:43.405749Z,4.828
run_20260217_224037-0125,2026-02-17T16:06:43.405749Z,5.84
run_20260217_224037-0125,2026-02-17T16:11:43.405749Z,6.549
run_20260217_224037-0125,2026-02-17T16:16:43.405749Z,7.491
run_20260217_224037-0126,2026-02-17T15:40:14.192382Z,0.0
run_20260217_224037-0126,2026-02-17T15:45:14.192382Z,1.69
run_20260217_224037-0126,2026-02-17T15:50:14.192382Z,3.515
run_20260217_224037-0126,2026-02-17T15:55:14.192382Z,5.558
run_20260217_224037-0126,2026-02-17T16:00:14.192382Z,7.459
run_20260217_224037-0126,2026-02-17T16:05:14.192382Z,9.51
run_20260217_224037-0126,2026-02-17T16:10:14.192382Z,11.601
run_20260217_224037-0126,2026-02-17T16:15:14.192382Z,13.319
run_20260217_224037-0126,2026-02-17T16:20:14.192382Z,15.317
run_20260217_224037-0126,2026-02-17T16:25:14.192382Z,17.343
run_20260217_224037-0126,2026-02-17T16:30:14.192382Z,19.06
run_20260217_224037-0126,2026-02-17T16:35:14.192382Z,20.822
run_20260217_224037-0126,2026-02-17T16:40:14.192382Z,22.547
run_20260217_224037-0127,2026-02-17T14:03:50.761973Z,0.0
run_20260217_224037-0127,2026-02-17T14:08:50.761973Z,0.535
run_20260217_224037-0127,2026-02-17T14:13:50.761973Z,1.122
run_20260217_224037-0127,2026-02-17T14:18:50.761973Z,1.692
run_20260217_224037-0127,2026-02-17T14:23:50.761973Z,2.454
run_20260217_224037-0127,2026-02-17T14:28:50.761973Z,3.017
run_20260217_224037-0127,2026-02-17T14:33:50.761973Z,3.665
run_20260217_224037-0127,2026-02-17T14:38:50.761973Z,4.338
run_20260217_224037-0127,2026-02-17T14:43:50.761973Z,4.988
run_20260217_224037-0127,2026-02-17T14:48:50.761973Z,5.541
run_20260217_224037-0127,2026-02-17T14:53:50.761973Z,6.082
run_20260217_224037-0127,2026-02-17T14:58:50.761973Z,6.601
run_20260217_224037-0127,2026-02-17T15:03:50.761973Z,7.189
run_20260217_224037-0128,2026-02-17T08:19:41.389692Z,0.0
run_20260217_224037-0128,2026-02-17T08:24:41.389692Z,1.98
run_20260217_224037-0128,2026-02-17T08:29:41.389692Z,3.787
run_20260217_224037-0128,2026-02-17T08:34:41.389692Z,5.264
run_20260217_224037-0128,2026-02-17T08:39:41.389692Z,7.5
run_20260217_224037-0128,2026-02-17T08:44:41.389692Z,9.429
run_20260217_224037-0128,2026-02-17T08:49:41.389692Z,10.959
run_20260217_224037-0129,2026-02-17T05:04:20.201579Z,0.0
run_20260217_224037-0129,2026-02-17T05:09:20.201579Z,2.006
run_20260217_224037-0129,2026-02-17T05:14:20.201579Z,4.246
run_20260217_224037-0129,2026-02-17T05:19:20.201579Z,5.98
run_20260217_224037-0129,2026-02-17T05:24:20.201579Z,7.832
run_20260217_224037-0129,2026-02-17T05:29:20.201579Z,9.648
run_20260217_224037-0129,2026-02-17T05:34:20.201579Z,11.401
run_20260217_224037-0130,2026-02-17T11:23:58.878590Z,0.0
run_20260217_224037-0130,2026-02-17T11:28:58.878590Z,1.797
run_20260217_224037-0130,2026-02-17T11:33:58.878590Z,3.513
run_20260217_224037-0130,2026-02-17T11:38:58.878590Z,5.37
run_20260217_224037-0130,2026-02-17T11:43:58.878590Z,7.286
run_20260217_224037-0130,2026-02-17T11:48:58.878590Z,9.191
run_20260217_224037-0130,2026-02-17T11:53:58.878590Z,10.887
run_20260217_224037-0131,2026-02-17T05:00:17.673794Z,0.0
run_20260217_224037-0131,2026-02-17T05:05:17.673794Z,1.869
run_20260217_224037-0131,2026-02-17T05:10:17.673794Z,3.708
run_20260217_224037-0131,2026-02-17T05:15:17.673794Z,5.428
run_20260217_224037-0131,2026-02-17T05:20:17.673794Z,7.503
run_20260217_224037-0131,2026-02-17T05:25:17.673794Z,9.029
run_20260217_224037-0131,2026-02-17T05:30:17.673794Z,10.965
run_20260217_224037-0131,2026-02-17T05:35:17.673794Z,12.603
run_20260217_224037-0131,2026-02-17T05:40:17.673794Z,14.669
run_20260217_224037-0131,2026-02-17T05:45:17.673794Z,16.644
run_20260217_224037-0131,2026-02-17T05:50:17.673794Z,18.518
run_20260217_224037-0131,2026-02-17T05:55:17.673794Z,20.444
run_20260217_224037-0131,2026-02-17T06:00:17.673794Z,22.215
run_20260217_224037-0131,2026-02-17T06:05:17.673794Z,24.172
run_20260217_224037-0131,2026-02-17T06:10:17.673794Z,25.997
run_20260217_224037-0131,2026-02-17T06:15:17.673794Z,27.964
run_20260217_224037-0132,2026-02-17T16:44:11.879451Z,0.0
run_20260217_224037-0132,2026-02-17T16:49:11.879451Z,0.596
run_20260217_224037-0132,2026-02-17T16:54:11.879451Z,1.252
run_20260217_224037-0132,2026-02-17T16:59:11.879451Z,1.86
run_20260217_224037-0132,2026-02-17T17:04:11.879451Z,2.549
run_20260217_224037-0132,2026-02-17T17:09:11.879451Z,3.114
run_20260217_224037-0132,2026-02-17T17:14:11.879451Z,3.722
run_20260217_224037-0132,2026-02-17T17:19:11.879451Z,4.269
run_20260217_224037-0132,2026-02-17T17:24:11.879451Z,4.744
run_20260217_224037-0132,2026-02-17T17:29:11.879451Z,5.422
run_20260217_224037-0132,2026-02-17T17:34:11.879451Z,5.955
run_20260217_224037-0132,2026-02-17T17:39:11.879451Z,6.524
run_20260217_224037-0132,2026-02-17T17:44:11.879451Z,7.044
run_20260217_224037-0132,2026-02-17T17:49:11.879451Z,7.698
run_20260217_224037-0132,2026-02-17T17:54:11.879451Z,8.277
run_20260217_224037-0132,2026-02-17T17:59:11.879451Z,8.904
run_20260217_224037-0133,2026-02-17T15:00:58.813652Z,0.0
run_20260217_224037-0133,2026-02-17T15:05:58.813652Z,1.143
run_20260217_224037-0133,2026-02-17T15:10:58.813652Z,2.067
run_20260217_224037-0133,2026-02-17T15:15:58.813652Z,2.819
run_20260217_224037-0133,2026-02-17T15:20:58.813652Z,3.807
run_20260217_224037-0133,2026-02-17T15:25:58.813652Z,4.585
run_20260217_224037-0133,2026-02-17T15:30:58.813652Z,5.45
run_20260217_224037-0133,2026-02-17T15:35:58.813652Z,6.255
run_20260217_224037-0133,2026-02-17T15:40:58.813652Z,7.197
run_20260217_224037-0133,2026-02-17T15:45:58.813652Z,8.005
run_20260217_224037-0133,2026-02-17T15:50:58.813652Z,8.836
run_20260217_224037-0133,2026-02-17T15:55:58.813652Z,9.738
run_20260217_224037-0133,2026-02-17T16:00:58.813652Z,10.693
run_20260217_224037-0133,2026-02-17T16:05:58.813652Z,11.588
run_20260217_224037-0133,2026-02-17T16:10:58.813652Z,12.598
run_20260217_224037-0133,2026-02-17T16:15:58.813652Z,13.341
run_20260217_224037-0134,2026-02-17T20:02:03.989671Z,0.0
run_20260217_224037-0134,2026-02-17T20:07:03.989671Z,0.963
run_20260217_224037-0134,2026-02-17T20:12:03.989671Z,1.921
run_20260217_224037-0134,2026-02-17T20:17:03.989671Z,2.803
run_20260217_224037-0134,2026-02-17T20:22:03.989671Z,3.7
run_20260217_224037-0134,2026-02-17T20:27:03.989671Z,4.45
run_20260217_224037-0134,2026-02-17T20:32:03.989671Z,5.356
run_20260217_224037-0134,2026-02-17T20:37:03.989671Z,6.167
run_20260217_224037-0134,2026-02-17T20:42:03.989671Z,7.116
run_20260217_224037-0134,2026-02-17T20:47:03.989671Z,8.002
run_20260217_224037-0134,2026-02-17T20:52:03.989671Z,8.927
run_20260217_224037-0134,2026-02-17T20:57:03.989671Z,9.682
run_20260217_224037-0134,2026-02-17T21:02:03.989671Z,10.638
run_20260217_224037-0134,2026-02-17T21:07:03.989671Z,11.539
run_20260217_224037-0134,2026-02-17T21:12:03.989671Z,12.365
run_20260217_224037-0134,2026-02-17T21:17:03.989671Z,13.343
run_20260217_224037-0135,2026-02-17T15:42:52.705929Z,0.0
run_20260217_224037-0135,2026-02-17T15:47:52.705929Z,1.556
run_20260217_224037-0135,2026-02-17T15:52:52.705929Z,3.817
run_20260217_224037-0135,2026-02-17T15:57:52.705929Z,5.635
run_20260217_224037-0135,2026-02-17T16:02:52.705929Z,7.856
run_20260217_224037-0136,2026-02-17T05:31:40.813793Z,0.0
run_20260217_224037-0136,2026-02-17T05:36:40.813793Z,1.006
run_20260217_224037-0136,2026-02-17T05:41:40.813793Z,2.013
run_20260217_224037-0136,2026-02-17T05:46:40.813793Z,2.926
run_20260217_224037-0136,2026-02-17T05:51:40.813793Z,3.979
run_20260217_224037-0136,2026-02-17T05:56:40.813793Z,4.749
run_20260217_224037-0136,2026-02-17T06:01:40.813793Z,5.567
run_20260217_224037-0136,2026-02-17T06:06:40.813793Z,6.582
run_20260217_224037-0136,2026-02-17T06:11:40.813793Z,7.439
run_20260217_224037-0136,2026-02-17T06:16:40.813793Z,8.258
run_20260217_224037-0136,2026-02-17T06:21:40.813793Z,9.127
run_20260217_224037-0136,2026-02-17T06:26:40.813793Z,9.974
run_20260217_224037-0136,2026-02-17T06:31:40.813793Z,10.94
run_20260217_224037-0137,2026-02-17T03:56:51.412752Z,0.0
run_20260217_224037-0137,2026-02-17T04:01:51.412752Z,1.019
run_20260217_224037-0137,2026-02-17T04:06:51.412752Z,1.794
run_20260217_224037-0137,2026-02-17T04:11:51.412752Z,2.744
run_20260217_224037-0137,2026-02-17T04:16:51.412752Z,3.581
run_20260217_224037-0138,2026-02-17T20:15:37.513355Z,0.0
run_20260217_224037-0138,2026-02-17T20:20:37.513355Z,1.915
run_20260217_224037-0138,2026-02-17T20:25:37.513355Z,3.753
run_20260217_224037-0138,2026-02-17T20:30:37.513355Z,5.54
run_20260217_224037-0138,2026-02-17T20:35:37.513355Z,7.238
run_20260217_224037-0138,2026-02-17T20:40:37.513355Z,8.857
run_20260217_224037-0138,2026-02-17T20:45:37.513355Z,11.045
run_20260217_224037-0139,2026-02-17T09:43:43.225658Z,0.0
run_20260217_224037-0139,2026-02-17T09:48:43.225658Z,1.683
run_20260217_224037-0139,2026-02-17T09:53:43.225658Z,3.342
run_20260217_224037-0139,2026-02-17T09:58:43.225658Z,4.847
run_20260217_224037-0139,2026-02-17T10:03:43.225658Z,6.682
run_20260217_224037-0139,2026-02-17T10:08:43.225658Z,8.571
run_20260217_224037-0139,2026-02-17T10:13:43.225658Z,10.192
run_20260217_224037-0139,2026-02-17T10:18:43.225658Z,12.111
run_20260217_224037-0139,2026-02-17T10:23:43.225658Z,13.953
run_20260217_224037-0139,2026-02-17T10:28:43.225658Z,15.469
run_20260217_224037-0139,2026-02-17T10:33:43.225658Z,17.673
run_20260217_224037-0139,2026-02-17T10:38:43.225658Z,19.955
run_20260217_224037-0139,2026-02-17T10:43:43.225658Z,21.829
run_20260217_224037-0140,2026-02-17T05:26:32.698442Z,0.0
run_20260217_224037-0140,2026-02-17T05:31:32.698442Z,0.733
run_20260217_224037-0140,2026-02-17T05:36:32.698442Z,1.322
run_20260217_224037-0140,2026-02-17T05:41:32.698442Z,1.954
run_20260217_224037-0140,2026-02-17T05:46:32.698442Z,2.531
run_20260217_224037-0140,2026-02-17T05:51:32.698442Z,3.095
run_20260217_224037-0140,2026-02-17T05:56:32.698442Z,3.689
run_20260217_224037-0140,2026-02-17T06:01:32.698442Z,4.309
run_20260217_224037-0140,2026-02-17T06:06:32.698442Z,5.026
run_20260217_224037-0141,2026-02-17T10:38:34.502459Z,0.0
run_20260217_224037-0141,2026-02-17T10:43:34.502459Z,0.857
run_20260217_224037-0141,2026-02-17T10:48:34.502459Z,1.901
run_20260217_224037-0141,2026-02-17T10:53:34.502459Z,2.769
run_20260217_224037-0141,2026-02-17T10:58:34.502459Z,3.703
run_20260217_224037-0142,2026-02-17T14:56:53.839713Z,0.0
run_20260217_224037-0142,2026-02-17T15:01:53.839713Z,0.838
run_20260217_224037-0142,2026-02-17T15:06:53.839713Z,1.759
run_20260217_224037-0142,2026-02-17T15:11:53.839713Z,2.741
run_20260217_224037-0142,2026-02-17T15:16:53.839713Z,3.69
run_20260217_224037-0142,2026-02-17T15:21:53.839713Z,4.566
run_20260217_224037-0142,2026-02-17T15:26:53.839713Z,5.452
run_20260217_224037-0142,2026-02-17T15:31:53.839713Z,6.376
run_20260217_224037-0142,2026-02-17T15:36:53.839713Z,7.212
run_20260217_224037-0142,2026-02-17T15:41:53.839713Z,8.178
run_20260217_224037-0142,2026-02-17T15:46:53.839713Z,9.005
run_20260217_224037-0142,2026-02-17T15:51:53.839713Z,9.905
run_20260217_224037-0142,2026-02-17T15:56:53.839713Z,10.819
run_20260217_224037-0142,2026-02-17T16:01:53.839713Z,11.818
run_20260217_224037-0142,2026-02-17T16:06:53.839713Z,12.822
run_20260217_224037-0142,2026-02-17T16:11:53.839713Z,13.787
run_20260217_224037-0143,2026-02-17T22:44:47.235245Z,0.0
run_20260217_224037-0143,2026-02-17T22:49:47.235245Z,1.792
run_20260217_224037-0143,2026-02-17T22:54:47.235245Z,3.594
run_20260217_224037-0143,2026-02-17T22:59:47.235245Z,5.724
run_20260217_224037-0143,2026-02-17T23:04:47.235245Z,7.704
run_20260217_224037-0143,2026-02-17T23:09:47.235245Z,9.304
run_20260217_224037-0143,2026-02-17T23:14:47.235245Z,10.994
run_20260217_224037-0143,2026-02-17T23:19:47.235245Z,12.853
run_20260217_224037-0143,2026-02-17T23:24:47.235245Z,14.81
run_20260217_224037-0143,2026-02-17T23:29:47.235245Z,16.773
run_20260217_224037-0143,2026-02-17T23:34:47.235245Z,18.52
run_20260217_224037-0143,2026-02-17T23:39:47.235245Z,20.46
run_20260217_224037-0143,2026-02-17T23:44:47.235245Z,22.225
run_20260217_224037-0144,2026-02-17T06:03:29.634748Z,0.0
run_20260217_224037-0144,2026-02-17T06:08:29.634748Z,0.569
run_20260217_224037-0144,2026-02-17T06:13:29.634748Z,1.08
run_20260217_224037-0144,2026-02-17T06:18:29.634748Z,1.645
run_20260217_224037-0144,2026-02-17T06:23:29.634748Z,2.272
run_20260217_224037-0144,2026-02-17T06:28:29.634748Z,2.851
run_20260217_224037-0144,2026-02-17T06:33:29.634748Z,3.495
run_20260217_224037-0144,2026-02-17T06:38:29.634748Z,4.01
run_20260217_224037-0144,2026-02-17T06:43:29.634748Z,4.628
run_20260217_224037-0144,2026-02-17T06:48:29.634748Z,5.208
run_20260217_224037-0144,2026-02-17T06:53:29.634748Z,5.861
run_20260217_224037-0144,2026-02-17T06:58:29.634748Z,6.511
run_20260217_224037-0144,2026-02-17T07:03:29.634748Z,7.065
run_20260217_224037-0145,2026-02-17T02:02:21.844895Z,0.0
run_20260217_224037-0145,2026-02-17T02:07:21.844895Z,0.816
run_20260217_224037-0145,2026-02-17T02:12:21.844895Z,1.793
run_20260217_224037-0145,2026-02-17T02:17:21.844895Z,2.719
run_20260217_224037-0145,2026-02-17T02:22:21.844895Z,3.686
run_20260217_224037-0145,2026-02-17T02:27:21.844895Z,4.588
run_20260217_224037-0145,2026-02-17T02:32:21.844895Z,5.719
run_20260217_224037-0145,2026-02-17T02:37:21.844895Z,6.552
run_20260217_224037-0145,2026-02-17T02:42:21.844895Z,7.423
run_20260217_224037-0146,2026-02-17T14:52:01.843462Z,0.0
run_20260217_224037-0146,2026-02-17T14:57:01.843462Z,0.708
run_20260217_224037-0146,2026-02-17T15:02:01.843462Z,1.556
run_20260217_224037-0146,2026-02-17T15:07:01.843462Z,2.391
run_20260217_224037-0146,2026-02-17T15:12:01.843462Z,3.441
run_20260217_224037-0146,2026-02-17T15:17:01.843462Z,4.211
run_20260217_224037-0146,2026-02-17T15:22:01.843462Z,5.138
run_20260217_224037-0147,2026-02-17T06:23:48.478721Z,0.0
run_20260217_224037-0147,2026-02-17T06:28:48.478721Z,0.648
run_20260217_224037-0147,2026-02-17T06:33:48.478721Z,1.306
run_20260217_224037-0147,2026-02-17T06:38:48.478721Z,1.957
run_20260217_224037-0147,2026-02-17T06:43:48.478721Z,2.672
run_20260217_224037-0147,2026-02-17T06:48:48.478721Z,3.423
run_20260217_224037-0147,2026-02-17T06:53:48.478721Z,4.013
run_20260217_224037-0147,2026-02-17T06:58:48.478721Z,4.5
run_20260217_224037-0147,2026-02-17T07:03:48.478721Z,5.083
run_20260217_224037-0148,2026-02-17T05:38:21.123915Z,0.0
run_20260217_224037-0148,2026-02-17T05:43:21.123915Z,0.624
run_20260217_224037-0148,2026-02-17T05:48:21.123915Z,1.188
run_20260217_224037-0148,2026-02-17T05:53:21.123915Z,1.785
run_20260217_224037-0148,2026-02-17T05:58:21.123915Z,2.378
run_20260217_224037-0148,2026-02-17T06:03:21.123915Z,2.92
run_20260217_224037-0148,2026-02-17T06:08:21.123915Z,3.517
run_20260217_224037-0148,2026-02-17T06:13:21.123915Z,4.052
run_20260217_224037-0148,2026-02-17T06:18:21.123915Z,4.592
run_20260217_224037-0148,2026-02-17T06:23:21.123915Z,5.141
run_20260217_224037-0148,2026-02-17T06:28:21.123915Z,5.694
run_20260217_224037-0148,2026-02-17T06:33:21.123915Z,6.288
run_20260217_224037-0148,2026-02-17T06:38:21.123915Z,6.888
run_20260217_224037-0149,2026-02-17T11:16:38.315313Z,0.0
run_20260217_224037-0149,2026-02-17T11:21:38.315313Z,1.867
run_20260217_224037-0149,2026-02-17T11:26:38.315313Z,3.696
run_20260217_224037-0149,2026-02-17T11:31:38.315313Z,5.635
run_20260217_224037-0149,2026-02-17T11:36:38.315313Z,7.215
run_20260217_224037-0149,2026-02-17T11:41:38.315313Z,9.188
run_20260217_224037-0149,2026-02-17T11:46:38.315313Z,10.644
run_20260217_224037-0149,2026-02-17T11:51:38.315313Z,12.541
run_20260217_224037-0149,2026-02-17T11:56:38.315313Z,14.426
run_20260217_224037-0150,2026-02-17T11:20:54.202861Z,0.0
run_20260217_224037-0150,2026-02-17T11:25:54.202861Z,0.927
run_20260217_224037-0150,2026-02-17T11:30:54.202861Z,1.808
run_20260217_224037-0150,2026-02-17T11:35:54.202861Z,2.823
run_20260217_224037-0150,2026-02-17T11:40:54.202861Z,3.714
run_20260217_224037-0150,2026-02-17T11:45:54.202861Z,4.637
run_20260217_224037-0150,2026-02-17T11:50:54.202861Z,5.695
run_20260217_224037-0150,2026-02-17T11:55:54.202861Z,6.558
run_20260217_224037-0150,2026-02-17T12:00:54.202861Z,7.639
run_20260217_224037-0151,2026-02-17T21:44:21.556331Z,0.0
run_20260217_224037-0151,2026-02-17T21:49:21.556331Z,0.887
run_20260217_224037-0151,2026-02-17T21:54:21.556331Z,1.794
run_20260217_224037-0151,2026-02-17T21:59:21.556331Z,2.767
run_20260217_224037-0151,2026-02-17T22:04:21.556331Z,3.687
run_20260217_224037-0151,2026-02-17T22:09:21.556331Z,4.505
run_20260217_224037-0151,2026-02-17T22:14:21.556331Z,5.422
run_20260217_224037-0151,2026-02-17T22:19:21.556331Z,6.364
run_20260217_224037-0151,2026-02-17T22:24:21.556331Z,7.165
run_20260217_224037-0151,2026-02-17T22:29:21.556331Z,8.108
run_20260217_224037-0151,2026-02-17T22:34:21.556331Z,8.992
run_20260217_224037-0151,2026-02-17T22:39:21.556331Z,9.882
run_20260217_224037-0151,2026-02-17T22:44:21.556331Z,10.794
run_20260217_224037-0152,2026-02-17T12:34:16.775147Z,0.0
run_20260217_224037-0152,2026-02-17T12:39:16.775147Z,0.581
run_20260217_224037-0152,2026-02-17T12:44:16.775147Z,1.136
run_20260217_224037-0152,2026-02-17T12:49:16.775147Z,1.651
run_20260217_224037-0152,2026-02-17T12:54:16.775147Z,2.228
run_20260217_224037-0153,2026-02-17T23:36:27.140575Z,0.0
run_20260217_224037-0153,2026-02-17T23:41:27.140575Z,2.043
run_20260217_224037-0153,2026-02-17T23:46:27.140575Z,4.144
run_20260217_224037-0153,2026-02-17T23:51:27.140575Z,6.159
run_20260217_224037-0153,2026-02-17T23:56:27.140575Z,7.612
run_20260217_224037-0153,2026-02-18T00:01:27.140575Z,9.373
run_20260217_224037-0153,2026-02-18T00:06:27.140575Z,11.431
run_20260217_224037-0154,2026-02-17T07:44:04.178948Z,0.0
run_20260217_224037-0154,2026-02-17T07:49:04.178948Z,0.805
run_20260217_224037-0154,2026-02-17T07:54:04.178948Z,1.822
run_20260217_224037-0154,2026-02-17T07:59:04.178948Z,2.773
run_20260217_224037-0154,2026-02-17T08:04:04.178948Z,3.554
run_20260217_224037-0154,2026-02-17T08:09:04.178948Z,4.605
run_20260217_224037-0154,2026-02-17T08:14:04.178948Z,5.593
run_20260217_224037-0154,2026-02-17T08:19:04.178948Z,6.486
run_20260217_224037-0154,2026-02-17T08:24:04.178948Z,7.437
run_20260217_224037-0154,2026-02-17T08:29:04.178948Z,8.358
run_20260217_224037-0154,2026-02-17T08:34:04.178948Z,9.311
run_20260217_224037-0154,2026-02-17T08:39:04.178948Z,10.128
run_20260217_224037-0154,2026-02-17T08:44:04.178948Z,10.967
run_20260217_224037-0154,2026-02-17T08:49:04.178948Z,11.684
run_20260217_224037-0154,2026-02-17T08:54:04.178948Z,12.464
run_20260217_224037-0154,2026-02-17T08:59:04.178948Z,13.321
run_20260217_224037-0155,2026-02-17T10:42:37.540564Z,0.0
run_20260217_224037-0155,2026-02-17T10:47:37.540564Z,1.032
run_20260217_224037-0155,2026-02-17T10:52:37.540564Z,1.996
run_20260217_224037-0155,2026-02-17T10:57:37.540564Z,3.025
run_20260217_224037-0155,2026-02-17T11:02:37.540564Z,3.827
run_20260217_224037-0155,2026-02-17T11:07:37.540564Z,4.851
run_20260217_224037-0155,2026-02-17T11:12:37.540564Z,5.749
run_20260217_224037-0155,2026-02-17T11:17:37.540564Z,6.731
run_20260217_224037-0155,2026-02-17T11:22:37.540564Z,7.713
run_20260217_224037-0155,2026-02-17T11:27:37.540564Z,8.662
run_20260217_224037-0155,2026-02-17T11:32:37.540564Z,9.462
run_20260217_224037-0155,2026-02-17T11:37:37.540564Z,10.488
run_20260217_224037-0155,2026-02-17T11:42:37.540564Z,11.456
run_20260217_224037-0156,2026-02-17T01:21:08.236358Z,0.0
run_20260217_224037-0156,2026-02-17T01:26:08.236358Z,0.992
run_20260217_224037-0156,2026-02-17T01:31:08.236358Z,1.911
run_20260217_224037-0156,2026-02-17T01:36:08.236358Z,2.786
run_20260217_224037-0156,2026-02-17T01:41:08.236358Z,3.785
run_20260217_224037-0156,2026-02-17T01:46:08.236358Z,4.753
run_20260217_224037-0156,2026-02-17T01:51:08.236358Z,5.567
run_20260217_224037-0156,2026-02-17T01:56:08.236358Z,6.445
run_20260217_224037-0156,2026-02-17T02:01:08.236358Z,7.393
run_20260217_224037-0156,2026-02-17T02:06:08.236358Z,8.334
run_20260217_224037-0156,2026-02-17T02:11:08.236358Z,9.134
run_20260217_224037-0156,2026-02-17T02:16:08.236358Z,10.009
run_20260217_224037-0156,2026-02-17T02:21:08.236358Z,10.965
run_20260217_224037-0157,2026-02-17T05:16:59.789274Z,0.0
run_20260217_224037-0157,2026-02-17T05:21:59.789274Z,0.483
run_20260217_224037-0157,2026-02-17T05:26:59.789274Z,1.05
run_20260217_224037-0157,2026-02-17T05:31:59.789274Z,1.634
run_20260217_224037-0157,2026-02-17T05:36:59.789274Z,2.21
run_20260217_224037-0157,2026-02-17T05:41:59.789274Z,2.832
run_20260217_224037-0157,2026-02-17T05:46:59.789274Z,3.41
run_20260217_224037-0157,2026-02-17T05:51:59.789274Z,4.077
run_20260217_224037-0157,2026-02-17T05:56:59.789274Z,4.736
run_20260217_224037-0157,2026-02-17T06:01:59.789274Z,5.361
run_20260217_224037-0157,2026-02-17T06:06:59.789274Z,5.9
run_20260217_224037-0157,2026-02-17T06:11:59.789274Z,6.533
run_20260217_224037-0157,2026-02-17T06:16:59.789274Z,7.173
run_20260217_224037-0157,2026-02-17T06:21:59.789274Z,7.794
run_20260217_224037-0157,2026-02-17T06:26:59.789274Z,8.396
run_20260217_224037-0157,2026-02-17T06:31:59.789274Z,9.08
run_20260217_224037-0158,2026-02-17T21:24:57.587441Z,0.0
run_20260217_224037-0158,2026-02-17T21:29:57.587441Z,0.651
run_20260217_224037-0158,2026-02-17T21:34:57.587441Z,1.234
run_20260217_224037-0158,2026-02-17T21:39:57.587441Z,1.755
run_20260217_224037-0158,2026-02-17T21:44:57.587441Z,2.281
run_20260217_224037-0158,2026-02-17T21:49:57.587441Z,2.855
run_20260217_224037-0158,2026-02-17T21:54:57.587441Z,3.503
run_20260217_224037-0158,2026-02-17T21:59:57.587441Z,4.15
run_20260217_224037-0158,2026-02-17T22:04:57.587441Z,4.641
run_20260217_224037-0159,2026-02-17T09:30:22.546411Z,0.0
run_20260217_224037-0159,2026-02-17T09:35:22.546411Z,0.824
run_20260217_224037-0159,2026-02-17T09:40:22.546411Z,1.958
run_20260217_224037-0159,2026-02-17T09:45:22.546411Z,2.95
run_20260217_224037-0159,2026-02-17T09:50:22.546411Z,3.851
run_20260217_224037-0159,2026-02-17T09:55:22.546411Z,4.732
run_20260217_224037-0159,2026-02-17T10:00:22.546411Z,5.548
run_20260217_224037-0160,2026-02-17T14:57:28.821879Z,0.0
run_20260217_224037-0160,2026-02-17T15:02:28.821879Z,1.006
run_20260217_224037-0160,2026-02-17T15:07:28.821879Z,2.0
run_20260217_224037-0160,2026-02-17T15:12:28.821879Z,2.82
run_20260217_224037-0160,2026-02-17T15:17:28.821879Z,3.674
run_20260217_224037-0160,2026-02-17T15:22:28.821879Z,4.542
run_20260217_224037-0160,2026-02-17T15:27:28.821879Z,5.354
run_20260217_224037-0160,2026-02-17T15:32:28.821879Z,6.368
run_20260217_224037-0160,2026-02-17T15:37:28.821879Z,7.255
run_20260217_224037-0160,2026-02-17T15:42:28.821879Z,8.146
run_20260217_224037-0160,2026-02-17T15:47:28.821879Z,8.968
run_20260217_224037-0160,2026-02-17T15:52:28.821879Z,9.848
run_20260217_224037-0160,2026-02-17T15:57:28.821879Z,10.901
run_20260217_224037-0161,2026-02-17T08:46:59.766174Z,0.0
run_20260217_224037-0161,2026-02-17T08:51:59.766174Z,0.838
run_20260217_224037-0161,2026-02-17T08:56:59.766174Z,1.632
run_20260217_224037-0161,2026-02-17T09:01:59.766174Z,2.558
run_20260217_224037-0161,2026-02-17T09:06:59.766174Z,3.44
run_20260217_224037-0161,2026-02-17T09:11:59.766174Z,4.461
run_20260217_224037-0161,2026-02-17T09:16:59.766174Z,5.371
run_20260217_224037-0162,2026-02-17T10:56:09.054427Z,0.0
run_20260217_224037-0162,2026-02-17T11:01:09.054427Z,2.014
run_20260217_224037-0162,2026-02-17T11:06:09.054427Z,3.708
run_20260217_224037-0162,2026-02-17T11:11:09.054427Z,5.491
run_20260217_224037-0162,2026-02-17T11:16:09.054427Z,7.266
run_20260217_224037-0162,2026-02-17T11:21:09.054427Z,9.131
run_20260217_224037-0162,2026-02-17T11:26:09.054427Z,10.698
run_20260217_224037-0162,2026-02-17T11:31:09.054427Z,12.369
run_20260217_224037-0162,2026-02-17T11:36:09.054427Z,14.411
run_20260217_224037-0163,2026-02-17T00:46:47.518060Z,0.0
run_20260217_224037-0163,2026-02-17T00:51:47.518060Z,0.95
run_20260217_224037-0163,2026-02-17T00:56:47.518060Z,1.892
run_20260217_224037-0163,2026-02-17T01:01:47.518060Z,2.835
run_20260217_224037-0163,2026-02-17T01:06:47.518060Z,3.902
run_20260217_224037-0163,2026-02-17T01:11:47.518060Z,4.688
run_20260217_224037-0163,2026-02-17T01:16:47.518060Z,5.554
run_20260217_224037-0163,2026-02-17T01:21:47.518060Z,6.487
run_20260217_224037-0163,2026-02-17T01:26:47.518060Z,7.491
run_20260217_224037-0164,2026-02-17T07:24:46.216786Z,0.0
run_20260217_224037-0164,2026-02-17T07:29:46.216786Z,1.022
run_20260217_224037-0164,2026-02-17T07:34:46.216786Z,1.937
run_20260217_224037-0164,2026-02-17T07:39:46.216786Z,2.796
run_20260217_224037-0164,2026-02-17T07:44:46.216786Z,3.91
run_20260217_224037-0164,2026-02-17T07:49:46.216786Z,4.975
run_20260217_224037-0164,2026-02-17T07:54:46.216786Z,5.981
run_20260217_224037-0165,2026-02-17T15:44:59.038775Z,0.0
run_20260217_224037-0165,2026-02-17T15:49:59.038775Z,1.626
run_20260217_224037-0165,2026-02-17T15:54:59.038775Z,3.482
run_20260217_224037-0165,2026-02-17T15:59:59.038775Z,5.053
run_20260217_224037-0165,2026-02-17T16:04:59.038775Z,6.994
run_20260217_224037-0165,2026-02-17T16:09:59.038775Z,8.762
run_20260217_224037-0165,2026-02-17T16:14:59.038775Z,10.736
run_20260217_224037-0166,2026-02-17T08:25:55.399147Z,0.0
run_20260217_224037-0166,2026-02-17T08:30:55.399147Z,1.838
run_20260217_224037-0166,2026-02-17T08:35:55.399147Z,3.784
run_20260217_224037-0166,2026-02-17T08:40:55.399147Z,5.743
run_20260217_224037-0166,2026-02-17T08:45:55.399147Z,7.775
run_20260217_224037-0166,2026-02-17T08:50:55.399147Z,9.737
run_20260217_224037-0166,2026-02-17T08:55:55.399147Z,11.536
run_20260217_224037-0167,2026-02-17T08:36:42.625057Z,0.0
run_20260217_224037-0167,2026-02-17T08:41:42.625057Z,1.041
run_20260217_224037-0167,2026-02-17T08:46:42.625057Z,1.981
run_20260217_224037-0167,2026-02-17T08:51:42.625057Z,2.937
run_20260217_224037-0167,2026-02-17T08:56:42.625057Z,3.97
run_20260217_224037-0167,2026-02-17T09:01:42.625057Z,4.777
run_20260217_224037-0167,2026-02-17T09:06:42.625057Z,5.786
run_20260217_224037-0167,2026-02-17T09:11:42.625057Z,6.745
run_20260217_224037-0167,2026-02-17T09:16:42.625057Z,7.808
run_20260217_224037-0167,2026-02-17T09:21:42.625057Z,8.737
run_20260217_224037-0167,2026-02-17T09:26:42.625057Z,9.623
run_20260217_224037-0167,2026-02-17T09:31:42.625057Z,10.689
run_20260217_224037-0167,2026-02-17T09:36:42.625057Z,11.716
run_20260217_224037-0168,2026-02-17T13:00:07.643521Z,0.0
run_20260217_224037-0168,2026-02-17T13:05:07.643521Z,1.979
run_20260217_224037-0168,2026-02-17T13:10:07.643521Z,3.642
run_20260217_224037-0168,2026-02-17T13:15:07.643521Z,5.317
run_20260217_224037-0168,2026-02-17T13:20:07.643521Z,6.961
run_20260217_224037-0168,2026-02-17T13:25:07.643521Z,8.607
run_20260217_224037-0168,2026-02-17T13:30:07.643521Z,10.284
run_20260217_224037-0168,2026-02-17T13:35:07.643521Z,11.912
run_20260217_224037-0168,2026-02-17T13:40:07.643521Z,14.035
run_20260217_224037-0169,2026-02-17T01:56:05.825105Z,0.0
run_20260217_224037-0169,2026-02-17T02:01:05.825105Z,0.576
run_20260217_224037-0169,2026-02-17T02:06:05.825105Z,1.13
run_20260217_224037-0169,2026-02-17T02:11:05.825105Z,1.732
run_20260217_224037-0169,2026-02-17T02:16:05.825105Z,2.362
run_20260217_224037-0169,2026-02-17T02:21:05.825105Z,2.938
run_20260217_224037-0169,2026-02-17T02:26:05.825105Z,3.562
run_20260217_224037-0169,2026-02-17T02:31:05.825105Z,4.1
run_20260217_224037-0169,2026-02-17T02:36:05.825105Z,4.752
run_20260217_224037-0169,2026-02-17T02:41:05.825105Z,5.296
run_20260217_224037-0169,2026-02-17T02:46:05.825105Z,5.868
run_20260217_224037-0169,2026-02-17T02:51:05.825105Z,6.394
run_20260217_224037-0169,2026-02-17T02:56:05.825105Z,7.0
run_20260217_224037-0169,2026-02-17T03:01:05.825105Z,7.721
run_20260217_224037-0169,2026-02-17T03:06:05.825105Z,8.254
run_20260217_224037-0169,2026-02-17T03:11:05.825105Z,8.87
run_20260217_224037-0170,2026-02-17T03:46:32.477499Z,0.0
run_20260217_224037-0170,2026-02-17T03:51:32.477499Z,0.632
run_20260217_224037-0170,2026-02-17T03:56:32.477499Z,1.33
run_20260217_224037-0170,2026-02-17T04:01:32.477499Z,1.82
run_20260217_224037-0170,2026-02-17T04:06:32.477499Z,2.38
run_20260217_224037-0170,2026-02-17T04:11:32.477499Z,2.984
run_20260217_224037-0170,2026-02-17T04:16:32.477499Z,3.527
run_20260217_224037-0170,2026-02-17T04:21:32.477499Z,4.178
run_20260217_224037-0170,2026-02-17T04:26:32.477499Z,4.743
run_20260217_224037-0170,2026-02-17T04:31:32.477499Z,5.292
run_20260217_224037-0170,2026-02-17T04:36:32.477499Z,5.798
run_20260217_224037-0170,2026-02-17T04:41:32.477499Z,6.403
run_20260217_224037-0170,2026-02-17T04:46:32.477499Z,6.969
run_20260217_224037-0170,2026-02-17T04:51:32.477499Z,7.581
run_20260217_224037-0170,2026-02-17T04:56:32.477499Z,8.083
run_20260217_224037-0170,2026-02-17T05:01:32.477499Z,8.641
run_20260217_224037-0171,2026-02-17T18:35:13.528802Z,0.0
run_20260217_224037-0171,2026-02-17T18:40:13.528802Z,0.615
run_20260217_224037-0171,2026-02-17T18:45:13.528802Z,1.139
run_20260217_224037-0171,2026-02-17T18:50:13.528802Z,1.749
run_20260217_224037-0171,2026-02-17T18:55:13.528802Z,2.279
run_20260217_224037-0171,2026-02-17T19:00:13.528802Z,2.801
run_20260217_224037-0171,2026-02-17T19:05:13.528802Z,3.396
run_20260217_224037-0171,2026-02-17T19:10:13.528802Z,3.987
run_20260217_224037-0171,2026-02-17T19:15:13.528802Z,4.662
run_20260217_224037-0172,2026-02-17T05:44:35.643091Z,0.0
run_20260217_224037-0172,2026-02-17T05:49:35.643091Z,1.871
run_20260217_224037-0172,2026-02-17T05:54:35.643091Z,3.894
run_20260217_224037-0172,2026-02-17T05:59:35.643091Z,5.704
run_20260217_224037-0172,2026-02-17T06:04:35.643091Z,7.271
run_20260217_224037-0172,2026-02-17T06:09:35.643091Z,9.11
run_20260217_224037-0172,2026-02-17T06:14:35.643091Z,11.317
run_20260217_224037-0172,2026-02-17T06:19:35.643091Z,13.291
run_20260217_224037-0172,2026-02-17T06:24:35.643091Z,15.153
run_20260217_224037-0172,2026-02-17T06:29:35.643091Z,17.037
run_20260217_224037-0172,2026-02-17T06:34:35.643091Z,18.811
run_20260217_224037-0172,2026-02-17T06:39:35.643091Z,20.705
run_20260217_224037-0172,2026-02-17T06:44:35.643091Z,22.469
run_20260217_224037-0173,2026-02-17T07:26:38.858074Z,0.0
run_20260217_224037-0173,2026-02-17T07:31:38.858074Z,1.605
run_20260217_224037-0173,2026-02-17T07:36:38.858074Z,3.549
run_20260217_224037-0173,2026-02-17T07:41:38.858074Z,5.455
run_20260217_224037-0173,2026-02-17T07:46:38.858074Z,6.961
run_20260217_224037-0173,2026-02-17T07:51:38.858074Z,8.875
run_20260217_224037-0173,2026-02-17T07:56:38.858074Z,10.485
run_20260217_224037-0173,2026-02-17T08:01:38.858074Z,12.076
run_20260217_224037-0173,2026-02-17T08:06:38.858074Z,13.86
run_20260217_224037-0173,2026-02-17T08:11:38.858074Z,15.943
run_20260217_224037-0173,2026-02-17T08:16:38.858074Z,18.22
run_20260217_224037-0173,2026-02-17T08:21:38.858074Z,19.99
run_20260217_224037-0173,2026-02-17T08:26:38.858074Z,22.054
run_20260217_224037-0173,2026-02-17T08:31:38.858074Z,24.098
run_20260217_224037-0173,2026-02-17T08:36:38.858074Z,25.867
run_20260217_224037-0173,2026-02-17T08:41:38.858074Z,27.973
run_20260217_224037-0174,2026-02-17T01:55:58.383298Z,0.0
run_20260217_224037-0174,2026-02-17T02:00:58.383298Z,1.636
run_20260217_224037-0174,2026-02-17T02:05:58.383298Z,3.726
run_20260217_224037-0174,2026-02-17T02:10:58.383298Z,5.822
run_20260217_224037-0174,2026-02-17T02:15:58.383298Z,7.656
run_20260217_224037-0174,2026-02-17T02:20:58.383298Z,9.778
run_20260217_224037-0174,2026-02-17T02:25:58.383298Z,11.759
run_20260217_224037-0174,2026-02-17T02:30:58.383298Z,13.319
run_20260217_224037-0174,2026-02-17T02:35:58.383298Z,15.057
run_20260217_224037-0175,2026-02-17T14:58:45.110874Z,0.0
run_20260217_224037-0175,2026-02-17T15:03:45.110874Z,1.643
run_20260217_224037-0175,2026-02-17T15:08:45.110874Z,3.563
run_20260217_224037-0175,2026-02-17T15:13:45.110874Z,5.095
run_20260217_224037-0175,2026-02-17T15:18:45.110874Z,6.678
run_20260217_224037-0176,2026-02-17T13:04:14.295920Z,0.0
run_20260217_224037-0176,2026-02-17T13:09:14.295920Z,1.004
run_20260217_224037-0176,2026-02-17T13:14:14.295920Z,1.76
run_20260217_224037-0176,2026-02-17T13:19:14.295920Z,2.586
run_20260217_224037-0176,2026-02-17T13:24:14.295920Z,3.526
run_20260217_224037-0176,2026-02-17T13:29:14.295920Z,4.409
run_20260217_224037-0176,2026-02-17T13:34:14.295920Z,5.454
run_20260217_224037-0176,2026-02-17T13:39:14.295920Z,6.348
run_20260217_224037-0176,2026-02-17T13:44:14.295920Z,7.206
run_20260217_224037-0176,2026-02-17T13:49:14.295920Z,7.954
run_20260217_224037-0176,2026-02-17T13:54:14.295920Z,8.897
run_20260217_224037-0176,2026-02-17T13:59:14.295920Z,9.725
run_20260217_224037-0176,2026-02-17T14:04:14.295920Z,10.809
run_20260217_224037-0177,2026-02-17T15:52:37.954593Z,0.0
run_20260217_224037-0177,2026-02-17T15:57:37.954593Z,0.578
run_20260217_224037-0177,2026-02-17T16:02:37.954593Z,1.114
run_20260217_224037-0177,2026-02-17T16:07:37.954593Z,1.687
run_20260217_224037-0177,2026-02-17T16:12:37.954593Z,2.236
run_20260217_224037-0177,2026-02-17T16:17:37.954593Z,2.912
run_20260217_224037-0177,2026-02-17T16:22:37.954593Z,3.538
run_20260217_224037-0177,2026-02-17T16:27:37.954593Z,4.146
run_20260217_224037-0177,2026-02-17T16:32:37.954593Z,4.76
run_20260217_224037-0177,2026-02-17T16:37:37.954593Z,5.295
run_20260217_224037-0177,2026-02-17T16:42:37.954593Z,5.979
run_20260217_224037-0177,2026-02-17T16:47:37.954593Z,6.663
run_20260217_224037-0177,2026-02-17T16:52:37.954593Z,7.261
run_20260217_224037-0177,2026-02-17T16:57:37.954593Z,7.861
run_20260217_224037-0177,2026-02-17T17:02:37.954593Z,8.5
run_20260217_224037-0177,2026-02-17T17:07:37.954593Z,9.09
run_20260217_224037-0178,2026-02-17T20:10:04.347205Z,0.0
run_20260217_224037-0178,2026-02-17T20:15:04.347205Z,0.574
run_20260217_224037-0178,2026-02-17T20:20:04.347205Z,1.137
run_20260217_224037-0178,2026-02-17T20:25:04.347205Z,1.647
run_20260217_224037-0178,2026-02-17T20:30:04.347205Z,2.34
run_20260217_224037-0178,2026-02-17T20:35:04.347205Z,2.971
run_20260217_224037-0178,2026-02-17T20:40:04.347205Z,3.623
run_20260217_224037-0178,2026-02-17T20:45:04.347205Z,4.191
run_20260217_224037-0178,2026-02-17T20:50:04.347205Z,4.878
run_20260217_224037-0179,2026-02-17T07:05:40.489364Z,0.0
run_20260217_224037-0179,2026-02-17T07:10:40.489364Z,0.568
run_20260217_224037-0179,2026-02-17T07:15:40.489364Z,1.173
run_20260217_224037-0179,2026-02-17T07:20:40.489364Z,1.786
run_20260217_224037-0179,2026-02-17T07:25:40.489364Z,2.476
run_20260217_224037-0180,2026-02-17T04:22:21.780075Z,0.0
run_20260217_224037-0180,2026-02-17T04:27:21.780075Z,1.881
run_20260217_224037-0180,2026-02-17T04:32:21.780075Z,3.766
run_20260217_224037-0180,2026-02-17T04:37:21.780075Z,5.379
run_20260217_224037-0180,2026-02-17T04:42:21.780075Z,7.411
run_20260217_224037-0180,2026-02-17T04:47:21.780075Z,9.372
run_20260217_224037-0180,2026-02-17T04:52:21.780075Z,11.301
run_20260217_224037-0180,2026-02-17T04:57:21.780075Z,13.207
run_20260217_224037-0180,2026-02-17T05:02:21.780075Z,14.973
run_20260217_224037-0180,2026-02-17T05:07:21.780075Z,16.851
run_20260217_224037-0180,2026-02-17T05:12:21.780075Z,18.381
run_20260217_224037-0180,2026-02-17T05:17:21.780075Z,20.601
run_20260217_224037-0180,2026-02-17T05:22:21.780075Z,22.863
run_20260217_224037-0181,2026-02-17T23:46:47.782295Z,0.0
run_20260217_224037-0181,2026-02-17T23:51:47.782295Z,0.879
run_20260217_224037-0181,2026-02-17T23:56:47.782295Z,1.847
run_20260217_224037-0181,2026-02-18T00:01:47.782295Z,2.761
run_20260217_224037-0181,2026-02-18T00:06:47.782295Z,3.472
run_20260217_224037-0181,2026-02-18T00:11:47.782295Z,4.315
run_20260217_224037-0181,2026-02-18T00:16:47.782295Z,5.165
run_20260217_224037-0182,2026-02-17T20:37:22.864568Z,0.0
run_20260217_224037-0182,2026-02-17T20:42:22.864568Z,1.812
run_20260217_224037-0182,2026-02-17T20:47:22.864568Z,3.476
run_20260217_224037-0182,2026-02-17T20:52:22.864568Z,5.016
run_20260217_224037-0182,2026-02-17T20:57:22.864568Z,6.989
run_20260217_224037-0183,2026-02-17T18:01:38.368851Z,0.0
run_20260217_224037-0183,2026-02-17T18:06:38.368851Z,1.806
run_20260217_224037-0183,2026-02-17T18:11:38.368851Z,3.492
run_20260217_224037-0183,2026-02-17T18:16:38.368851Z,5.365
run_20260217_224037-0183,2026-02-17T18:21:38.368851Z,7.183
run_20260217_224037-0183,2026-02-17T18:26:38.368851Z,9.231
run_20260217_224037-0183,2026-02-17T18:31:38.368851Z,10.757
run_20260217_224037-0183,2026-02-17T18:36:38.368851Z,12.66
run_20260217_224037-0183,2026-02-17T18:41:38.368851Z,14.734
run_20260217_224037-0183,2026-02-17T18:46:38.368851Z,16.636
run_20260217_224037-0183,2026-02-17T18:51:38.368851Z,18.639
run_20260217_224037-0183,2026-02-17T18:56:38.368851Z,20.277
run_20260217_224037-0183,2026-02-17T19:01:38.368851Z,21.856
run_20260217_224037-0183,2026-02-17T19:06:38.368851Z,23.726
run_20260217_224037-0183,2026-02-17T19:11:38.368851Z,25.429
run_20260217_224037-0183,2026-02-17T19:16:38.368851Z,27.159
run_20260217_224037-0184,2026-02-17T02:39:14.200773Z,0.0
run_20260217_224037-0184,2026-02-17T02:44:14.200773Z,0.961
run_20260217_224037-0184,2026-02-17T02:49:14.200773Z,1.923
run_20260217_224037-0184,2026-02-17T02:54:14.200773Z,2.82
run_20260217_224037-0184,2026-02-17T02:59:14.200773Z,3.813
run_20260217_224037-0185,2026-02-17T05:40:40.478966Z,0.0
run_20260217_224037-0185,2026-02-17T05:45:40.478966Z,0.54
run_20260217_224037-0185,2026-02-17T05:50:40.478966Z,1.132
run_20260217_224037-0185,2026-02-17T05:55:40.478966Z,1.727
run_20260217_224037-0185,2026-02-17T06:00:40.478966Z,2.356
run_20260217_224037-0186,2026-02-17T05:34:21.695942Z,0.0
run_20260217_224037-0186,2026-02-17T05:39:21.695942Z,2.238
run_20260217_224037-0186,2026-02-17T05:44:21.695942Z,3.857
run_20260217_224037-0186,2026-02-17T05:49:21.695942Z,5.842
run_20260217_224037-0186,2026-02-17T05:54:21.695942Z,7.573
run_20260217_224037-0186,2026-02-17T05:59:21.695942Z,9.381
run_20260217_224037-0186,2026-02-17T06:04:21.695942Z,11.279
run_20260217_224037-0186,2026-02-17T06:09:21.695942Z,13.15
run_20260217_224037-0186,2026-02-17T06:14:21.695942Z,15.419
run_20260217_224037-0186,2026-02-17T06:19:21.695942Z,17.016
run_20260217_224037-0186,2026-02-17T06:24:21.695942Z,18.941
run_20260217_224037-0186,2026-02-17T06:29:21.695942Z,20.909
run_20260217_224037-0186,2026-02-17T06:34:21.695942Z,22.476
run_20260217_224037-0187,2026-02-17T16:32:21.355770Z,0.0
run_20260217_224037-0187,2026-02-17T16:37:21.355770Z,1.673
run_20260217_224037-0187,2026-02-17T16:42:21.355770Z,3.635
run_20260217_224037-0187,2026-02-17T16:47:21.355770Z,5.43
run_20260217_224037-0187,2026-02-17T16:52:21.355770Z,7.278
run_20260217_224037-0187,2026-02-17T16:57:21.355770Z,9.528
run_20260217_224037-0187,2026-02-17T17:02:21.355770Z,11.549
run_20260217_224037-0187,2026-02-17T17:07:21.355770Z,13.551
run_20260217_224037-0187,2026-02-17T17:12:21.355770Z,15.639
run_20260217_224037-0187,2026-02-17T17:17:21.355770Z,17.565
run_20260217_224037-0187,2026-02-17T17:22:21.355770Z,19.336
run_20260217_224037-0187,2026-02-17T17:27:21.355770Z,21.074
run_20260217_224037-0187,2026-02-17T17:32:21.355770Z,23.006
run_20260217_224037-0188,2026-02-17T11:25:52.336660Z,0.0
run_20260217_224037-0188,2026-02-17T11:30:52.336660Z,0.603
run_20260217_224037-0188,2026-02-17T11:35:52.336660Z,1.133
run_20260217_224037-0188,2026-02-17T11:40:52.336660Z,1.805
run_20260217_224037-0188,2026-02-17T11:45:52.336660Z,2.474
run_20260217_224037-0188,2026-02-17T11:50:52.336660Z,3.004
run_20260217_224037-0188,2026-02-17T11:55:52.336660Z,3.699
run_20260217_224037-0188,2026-02-17T12:00:52.336660Z,4.386
run_20260217_224037-0188,2026-02-17T12:05:52.336660Z,4.954
run_20260217_224037-0189,2026-02-17T08:55:21.163238Z,0.0
run_20260217_224037-0189,2026-02-17T09:00:21.163238Z,1.0
run_20260217_224037-0189,2026-02-17T09:05:21.163238Z,1.886
run_20260217_224037-0189,2026-02-17T09:10:21.163238Z,2.801
run_20260217_224037-0189,2026-02-17T09:15:21.163238Z,3.752
run_20260217_224037-0189,2026-02-17T09:20:21.163238Z,4.626
run_20260217_224037-0189,2026-02-17T09:25:21.163238Z,5.63
run_20260217_224037-0189,2026-02-17T09:30:21.163238Z,6.678
run_20260217_224037-0189,2026-02-17T09:35:21.163238Z,7.703
run_20260217_224037-0189,2026-02-17T09:40:21.163238Z,8.535
run_20260217_224037-0189,2026-02-17T09:45:21.163238Z,9.565
run_20260217_224037-0189,2026-02-17T09:50:21.163238Z,10.581
run_20260217_224037-0189,2026-02-17T09:55:21.163238Z,11.679
run_20260217_224037-0190,2026-02-17T15:14:52.430717Z,0.0
run_20260217_224037-0190,2026-02-17T15:19:52.430717Z,0.602
run_20260217_224037-0190,2026-02-17T15:24:52.430717Z,1.309
run_20260217_224037-0190,2026-02-17T15:29:52.430717Z,1.86
run_20260217_224037-0190,2026-02-17T15:34:52.430717Z,2.334
run_20260217_224037-0190,2026-02-17T15:39:52.430717Z,2.891
run_20260217_224037-0190,2026-02-17T15:44:52.430717Z,3.487
run_20260217_224037-0191,2026-02-17T17:28:23.312428Z,0.0
run_20260217_224037-0191,2026-02-17T17:33:23.312428Z,1.642
run_20260217_224037-0191,2026-02-17T17:38:23.312428Z,3.325
run_20260217_224037-0191,2026-02-17T17:43:23.312428Z,5.313
run_20260217_224037-0191,2026-02-17T17:48:23.312428Z,7.241
run_20260217_224037-0192,2026-02-17T22:19:44.755776Z,0.0
run_20260217_224037-0192,2026-02-17T22:24:44.755776Z,0.883
run_20260217_224037-0192,2026-02-17T22:29:44.755776Z,1.812
run_20260217_224037-0192,2026-02-17T22:34:44.755776Z,2.65
run_20260217_224037-0192,2026-02-17T22:39:44.755776Z,3.654
run_20260217_224037-0192,2026-02-17T22:44:44.755776Z,4.622
run_20260217_224037-0192,2026-02-17T22:49:44.755776Z,5.487
run_20260217_224037-0192,2026-02-17T22:54:44.755776Z,6.46
run_20260217_224037-0192,2026-02-17T22:59:44.755776Z,7.409
run_20260217_224037-0192,2026-02-17T23:04:44.755776Z,8.179
run_20260217_224037-0192,2026-02-17T23:09:44.755776Z,9.1
run_20260217_224037-0192,2026-02-17T23:14:44.755776Z,10.104
run_20260217_224037-0192,2026-02-17T23:19:44.755776Z,11.336
run_20260217_224037-0193,2026-02-17T05:43:54.336164Z,0.0
run_20260217_224037-0193,2026-02-17T05:48:54.336164Z,0.563
run_20260217_224037-0193,2026-02-17T05:53:54.336164Z,1.225
run_20260217_224037-0193,2026-02-17T05:58:54.336164Z,1.827
run_20260217_224037-0193,2026-02-17T06:03:54.336164Z,2.433
run_20260217_224037-0193,2026-02-17T06:08:54.336164Z,3.088
run_20260217_224037-0193,2026-02-17T06:13:54.336164Z,3.754
run_20260217_224037-0194,2026-02-17T03:36:25.882656Z,0.0
run_20260217_224037-0194,2026-02-17T03:41:25.882656Z,0.496
run_20260217_224037-0194,2026-02-17T03:46:25.882656Z,1.144
run_20260217_224037-0194,2026-02-17T03:51:25.882656Z,1.908
run_20260217_224037-0194,2026-02-17T03:56:25.882656Z,2.374
run_20260217_224037-0194,2026-02-17T04:01:25.882656Z,3.048
run_20260217_224037-0194,2026-02-17T04:06:25.882656Z,3.681
run_20260217_224037-0194,2026-02-17T04:11:25.882656Z,4.275
run_20260217_224037-0194,2026-02-17T04:16:25.882656Z,4.872
run_20260217_224037-0195,2026-02-17T14:04:11.892178Z,0.0
run_20260217_224037-0195,2026-02-17T14:09:11.892178Z,0.944
run_20260217_224037-0195,2026-02-17T14:14:11.892178Z,1.898
run_20260217_224037-0195,2026-02-17T14:19:11.892178Z,2.809
run_20260217_224037-0195,2026-02-17T14:24:11.892178Z,3.766
run_20260217_224037-0195,2026-02-17T14:29:11.892178Z,4.711
run_20260217_224037-0195,2026-02-17T14:34:11.892178Z,5.643
run_20260217_224037-0195,2026-02-17T14:39:11.892178Z,6.527
run_20260217_224037-0195,2026-02-17T14:44:11.892178Z,7.354
run_20260217_224037-0196,2026-02-17T03:33:41.055820Z,0.0
run_20260217_224037-0196,2026-02-17T03:38:41.055820Z,1.752
run_20260217_224037-0196,2026-02-17T03:43:41.055820Z,3.666
run_20260217_224037-0196,2026-02-17T03:48:41.055820Z,5.357
run_20260217_224037-0196,2026-02-17T03:53:41.055820Z,7.063
run_20260217_224037-0196,2026-02-17T03:58:41.055820Z,8.935
run_20260217_224037-0196,2026-02-17T04:03:41.055820Z,10.862
run_20260217_224037-0196,2026-02-17T04:08:41.055820Z,12.661
run_20260217_224037-0196,2026-02-17T04:13:41.055820Z,14.505
run_20260217_224037-0196,2026-02-17T04:18:41.055820Z,16.251
run_20260217_224037-0196,2026-02-17T04:23:41.055820Z,18.242
run_20260217_224037-0196,2026-02-17T04:28:41.055820Z,20.199
run_20260217_224037-0196,2026-02-17T04:33:41.055820Z,21.996
run_20260217_224037-0197,2026-02-17T13:08:14.364554Z,0.0
run_20260217_224037-0197,2026-02-17T13:13:14.364554Z,0.959
run_20260217_224037-0197,2026-02-17T13:18:14.364554Z,1.9
run_20260217_224037-0197,2026-02-17T13:23:14.364554Z,2.785
run_20260217_224037-0197,2026-02-17T13:28:14.364554Z,3.729
run_20260217_224037-0197,2026-02-17T13:33:14.364554Z,4.573
run_20260217_224037-0197,2026-02-17T13:38:14.364554Z,5.454
run_20260217_224037-0197,2026-02-17T13:43:14.364554Z,6.251
run_20260217_224037-0197,2026-02-17T13:48:14.364554Z,7.208
run_20260217_224037-0197,2026-02-17T13:53:14.364554Z,8.301
run_20260217_224037-0197,2026-02-17T13:58:14.364554Z,9.303
run_20260217_224037-0197,2026-02-17T14:03:14.364554Z,10.336
run_20260217_224037-0197,2026-02-17T14:08:14.364554Z,11.343
run_20260217_224037-0198,2026-02-17T04:18:04.257194Z,0.0
run_20260217_224037-0198,2026-02-17T04:23:04.257194Z,0.588
run_20260217_224037-0198,2026-02-17T04:28:04.257194Z,1.301
run_20260217_224037-0198,2026-02-17T04:33:04.257194Z,1.866
run_20260217_224037-0198,2026-02-17T04:38:04.257194Z,2.395
run_20260217_224037-0198,2026-02-17T04:43:04.257194Z,2.968
run_20260217_224037-0198,2026-02-17T04:48:04.257194Z,3.591
run_20260217_224037-0199,2026-02-17T04:03:15.830524Z,0.0
run_20260217_224037-0199,2026-02-17T04:08:15.830524Z,0.616
run_20260217_224037-0199,2026-02-17T04:13:15.830524Z,1.235
run_20260217_224037-0199,2026-02-17T04:18:15.830524Z,1.893
run_20260217_224037-0199,2026-02-17T04:23:15.830524Z,2.437
run_20260217_224037-0199,2026-02-17T04:28:15.830524Z,2.907
run_20260217_224037-0199,2026-02-17T04:33:15.830524Z,3.576
run_20260217_224037-0200,2026-02-17T19:14:14.370910Z,0.0
run_20260217_224037-0200,2026-02-17T19:19:14.370910Z,0.64
run_20260217_224037-0200,2026-02-17T19:24:14.370910Z,1.338
run_20260217_224037-0200,2026-02-17T19:29:14.370910Z,2.001
run_20260217_224037-0200,2026-02-17T19:34:14.370910Z,2.612
run_20260217_224037-0200,2026-02-17T19:39:14.370910Z,3.184
run_20260217_224037-0200,2026-02-17T19:44:14.370910Z,3.802
run_20260217_224037-0200,2026-02-17T19:49:14.370910Z,4.395
run_20260217_224037-0200,2026-02-17T19:54:14.370910Z,5.052
run_20260217_224037-0200,2026-02-17T19:59:14.370910Z,5.622
run_20260217_224037-0200,2026-02-17T20:04:14.370910Z,6.211
run_20260217_224037-0200,2026-02-17T20:09:14.370910Z,6.742
run_20260217_224037-0200,2026-02-17T20:14:14.370910Z,7.295
