session_id,ts,energy_kwh
run_20260217_220238-0001,2026-02-17T08:38:13.524613Z,0.0
run_20260217_220238-0001,2026-02-17T08:43:13.524613Z,1.813
run_20260217_220238-0001,2026-02-17T08:48:13.524613Z,3.775
run_20260217_220238-0001,2026-02-17T08:53:13.524613Z,5.585
run_20260217_220238-0001,2026-02-17T08:58:13.524613Z,7.144
run_20260217_220238-0002,2026-02-17T13:51:25.954779Z,0.0
run_20260217_220238-0002,2026-02-17T13:56:25.954779Z,0.614
run_20260217_220238-0002,2026-02-17T14:01:25.954779Z,1.284
run_20260217_220238-0002,2026-02-17T14:06:25.954779Z,1.923
run_20260217_220238-0002,2026-02-17T14:11:25.954779Z,2.53
run_20260217_220238-0003,2026-02-17T13:54:53.487469Z,0.0
run_20260217_220238-0003,2026-02-17T13:59:53.487469Z,1.768
run_20260217_220238-0003,2026-02-17T14:04:53.487469Z,3.966
run_20260217_220238-0003,2026-02-17T14:09:53.487469Z,5.805
run_20260217_220238-0003,2026-02-17T14:14:53.487469Z,7.53
run_20260217_220238-0003,2026-02-17T14:19:53.487469Z,9.233
run_20260217_220238-0003,2026-02-17T14:24:53.487469Z,11.135
run_20260217_220238-0003,2026-02-17T14:29:53.487469Z,13.036
run_20260217_220238-0003,2026-02-17T14:34:53.487469Z,15.173
run_20260217_220238-0003,2026-02-17T14:39:53.487469Z,17.15
run_20260217_220238-0003,2026-02-17T14:44:53.487469Z,19.091
run_20260217_220238-0003,2026-02-17T14:49:53.487469Z,20.818
run_20260217_220238-0003,2026-02-17T14:54:53.487469Z,22.781
run_20260217_220238-0004,2026-02-17T06:28:11.173630Z,0.0
run_20260217_220238-0004,2026-02-17T06:33:11.173630Z,0.658
run_20260217_220238-0004,2026-02-17T06:38:11.173630Z,1.248
run_20260217_220238-0004,2026-02-17T06:43:11.173630Z,1.741
run_20260217_220238-0004,2026-02-17T06:48:11.173630Z,2.305
run_20260217_220238-0004,2026-02-17T06:53:11.173630Z,2.817
run_20260217_220238-0004,2026-02-17T06:58:11.173630Z,3.336
run_20260217_220238-0004,2026-02-17T07:03:11.173630Z,3.853
run_20260217_220238-0004,2026-02-17T07:08:11.173630Z,4.409
run_20260217_220238-0004,2026-02-17T07:13:11.173630Z,5.051
run_20260217_220238-0004,2026-02-17T07:18:11.173630Z,5.663
run_20260217_220238-0004,2026-02-17T07:23:11.173630Z,6.257
run_20260217_220238-0004,2026-02-17T07:28:11.173630Z,6.881
run_20260217_220238-0004,2026-02-17T07:33:11.173630Z,7.484
run_20260217_220238-0004,2026-02-17T07:38:11.173630Z,8.111
run_20260217_220238-0004,2026-02-17T07:43:11.173630Z,8.696
run_20260217_220238-0005,2026-02-17T15:27:24.611500Z,0.0
run_20260217_220238-0005,2026-02-17T15:32:24.611500Z,2.09
run_20260217_220238-0005,2026-02-17T15:37:24.611500Z,4.167
run_20260217_220238-0005,2026-02-17T15:42:24.611500Z,5.898
run_20260217_220238-0005,2026-02-17T15:47:24.611500Z,7.644
run_20260217_220238-0005,2026-02-17T15:52:24.611500Z,9.407
run_20260217_220238-0005,2026-02-17T15:57:24.611500Z,11.226
run_20260217_220238-0005,2026-02-17T16:02:24.611500Z,12.95
run_20260217_220238-0005,2026-02-17T16:07:24.611500Z,14.382
run_20260217_220238-0006,2026-02-17T18:42:45.248969Z,0.0
run_20260217_220238-0006,2026-02-17T18:47:45.248969Z,0.724
run_20260217_220238-0006,2026-02-17T18:52:45.248969Z,1.326
run_20260217_220238-0006,2026-02-17T18:57:45.248969Z,1.942
run_20260217_220238-0006,2026-02-17T19:02:45.248969Z,2.523
run_20260217_220238-0006,2026-02-17T19:07:45.248969Z,3.166
run_20260217_220238-0006,2026-02-17T19:12:45.248969Z,3.801
run_20260217_220238-0006,2026-02-17T19:17:45.248969Z,4.54
run_20260217_220238-0006,2026-02-17T19:22:45.248969Z,5.177
run_20260217_220238-0007,2026-02-17T02:45:03.375504Z,0.0
run_20260217_220238-0007,2026-02-17T02:50:03.375504Z,0.563
run_20260217_220238-0007,2026-02-17T02:55:03.375504Z,1.159
run_20260217_220238-0007,2026-02-17T03:00:03.375504Z,1.804
run_20260217_220238-0007,2026-02-17T03:05:03.375504Z,2.361
run_20260217_220238-0007,2026-02-17T03:10:03.375504Z,2.943
run_20260217_220238-0007,2026-02-17T03:15:03.375504Z,3.433
run_20260217_220238-0007,2026-02-17T03:20:03.375504Z,3.968
run_20260217_220238-0007,2026-02-17T03:25:03.375504Z,4.534
run_20260217_220238-0007,2026-02-17T03:30:03.375504Z,5.159
run_20260217_220238-0007,2026-02-17T03:35:03.375504Z,5.83
run_20260217_220238-0007,2026-02-17T03:40:03.375504Z,6.429
run_20260217_220238-0007,2026-02-17T03:45:03.375504Z,7.045
run_20260217_220238-0008,2026-02-17T20:08:37.555051Z,0.0
run_20260217_220238-0008,2026-02-17T20:13:37.555051Z,1.864
run_20260217_220238-0008,2026-02-17T20:18:37.555051Z,3.863
run_20260217_220238-0008,2026-02-17T20:23:37.555051Z,5.766
run_20260217_220238-0008,2026-02-17T20:28:37.555051Z,7.825
run_20260217_220238-0008,2026-02-17T20:33:37.555051Z,9.652
run_20260217_220238-0008,2026-02-17T20:38:37.555051Z,11.844
run_20260217_220238-0008,2026-02-17T20:43:37.555051Z,13.611
run_20260217_220238-0008,2026-02-17T20:48:37.555051Z,15.737
run_20260217_220238-0008,2026-02-17T20:53:37.555051Z,17.591
run_20260217_220238-0008,2026-02-17T20:58:37.555051Z,19.33
run_20260217_220238-0008,2026-02-17T21:03:37.555051Z,20.956
run_20260217_220238-0008,2026-02-17T21:08:37.555051Z,22.762
run_20260217_220238-0009,2026-02-17T20:11:15.170025Z,0.0
run_20260217_220238-0009,2026-02-17T20:16:15.170025Z,2.094
run_20260217_220238-0009,2026-02-17T20:21:15.170025Z,4.03
run_20260217_220238-0009,2026-02-17T20:26:15.170025Z,5.762
run_20260217_220238-0009,2026-02-17T20:31:15.170025Z,7.48
run_20260217_220238-0010,2026-02-17T16:49:14.370019Z,0.0
run_20260217_220238-0010,2026-02-17T16:54:14.370019Z,1.833
run_20260217_220238-0010,2026-02-17T16:59:14.370019Z,3.722
run_20260217_220238-0010,2026-02-17T17:04:14.370019Z,5.724
run_20260217_220238-0010,2026-02-17T17:09:14.370019Z,7.797
run_20260217_220238-0010,2026-02-17T17:14:14.370019Z,10.016
run_20260217_220238-0010,2026-02-17T17:19:14.370019Z,12.212
run_20260217_220238-0010,2026-02-17T17:24:14.370019Z,13.853
run_20260217_220238-0010,2026-02-17T17:29:14.370019Z,15.514
run_20260217_220238-0010,2026-02-17T17:34:14.370019Z,17.224
run_20260217_220238-0010,2026-02-17T17:39:14.370019Z,19.19
run_20260217_220238-0010,2026-02-17T17:44:14.370019Z,21.136
run_20260217_220238-0010,2026-02-17T17:49:14.370019Z,23.3
run_20260217_220238-0010,2026-02-17T17:54:14.370019Z,25.103
run_20260217_220238-0010,2026-02-17T17:59:14.370019Z,26.945
run_20260217_220238-0010,2026-02-17T18:04:14.370019Z,28.914
run_20260217_220238-0011,2026-02-17T21:55:39.541741Z,0.0
run_20260217_220238-0011,2026-02-17T22:00:39.541741Z,0.673
run_20260217_220238-0011,2026-02-17T22:05:39.541741Z,1.263
run_20260217_220238-0011,2026-02-17T22:10:39.541741Z,1.925
run_20260217_220238-0011,2026-02-17T22:15:39.541741Z,2.588
run_20260217_220238-0011,2026-02-17T22:20:39.541741Z,3.222
run_20260217_220238-0011,2026-02-17T22:25:39.541741Z,3.81
run_20260217_220238-0011,2026-02-17T22:30:39.541741Z,4.329
run_20260217_220238-0011,2026-02-17T22:35:39.541741Z,4.915
run_20260217_220238-0011,2026-02-17T22:40:39.541741Z,5.65
run_20260217_220238-0011,2026-02-17T22:45:39.541741Z,6.219
run_20260217_220238-0011,2026-02-17T22:50:39.541741Z,6.822
run_20260217_220238-0011,2026-02-17T22:55:39.541741Z,7.33
run_20260217_220238-0012,2026-02-17T00:05:59.095584Z,0.0
run_20260217_220238-0012,2026-02-17T00:10:59.095584Z,0.998
run_20260217_220238-0012,2026-02-17T00:15:59.095584Z,1.855
run_20260217_220238-0012,2026-02-17T00:20:59.095584Z,2.772
run_20260217_220238-0012,2026-02-17T00:25:59.095584Z,3.722
run_20260217_220238-0012,2026-02-17T00:30:59.095584Z,4.754
run_20260217_220238-0012,2026-02-17T00:35:59.095584Z,5.686
run_20260217_220238-0012,2026-02-17T00:40:59.095584Z,6.594
run_20260217_220238-0012,2026-02-17T00:45:59.095584Z,7.505
run_20260217_220238-0013,2026-02-17T18:29:19.429879Z,0.0
run_20260217_220238-0013,2026-02-17T18:34:19.429879Z,0.978
run_20260217_220238-0013,2026-02-17T18:39:19.429879Z,1.923
run_20260217_220238-0013,2026-02-17T18:44:19.429879Z,2.809
run_20260217_220238-0013,2026-02-17T18:49:19.429879Z,3.67
run_20260217_220238-0014,2026-02-17T02:48:22.102308Z,0.0
run_20260217_220238-0014,2026-02-17T02:53:22.102308Z,0.921
run_20260217_220238-0014,2026-02-17T02:58:22.102308Z,1.942
run_20260217_220238-0014,2026-02-17T03:03:22.102308Z,2.824
run_20260217_220238-0014,2026-02-17T03:08:22.102308Z,3.763
run_20260217_220238-0014,2026-02-17T03:13:22.102308Z,4.634
run_20260217_220238-0014,2026-02-17T03:18:22.102308Z,5.478
run_20260217_220238-0014,2026-02-17T03:23:22.102308Z,6.24
run_20260217_220238-0014,2026-02-17T03:28:22.102308Z,7.253
run_20260217_220238-0014,2026-02-17T03:33:22.102308Z,8.296
run_20260217_220238-0014,2026-02-17T03:38:22.102308Z,9.257
run_20260217_220238-0014,2026-02-17T03:43:22.102308Z,10.154
run_20260217_220238-0014,2026-02-17T03:48:22.102308Z,11.045
run_20260217_220238-0014,2026-02-17T03:53:22.102308Z,11.939
run_20260217_220238-0014,2026-02-17T03:58:22.102308Z,12.693
run_20260217_220238-0014,2026-02-17T04:03:22.102308Z,13.656
run_20260217_220238-0015,2026-02-17T13:51:29.426318Z,0.0
run_20260217_220238-0015,2026-02-17T13:56:29.426318Z,0.955
run_20260217_220238-0015,2026-02-17T14:01:29.426318Z,1.871
run_20260217_220238-0015,2026-02-17T14:06:29.426318Z,2.996
run_20260217_220238-0015,2026-02-17T14:11:29.426318Z,3.742
run_20260217_220238-0015,2026-02-17T14:16:29.426318Z,4.722
run_20260217_220238-0015,2026-02-17T14:21:29.426318Z,5.611
run_20260217_220238-0015,2026-02-17T14:26:29.426318Z,6.518
run_20260217_220238-0015,2026-02-17T14:31:29.426318Z,7.609
run_20260217_220238-0016,2026-02-17T03:36:52.688547Z,0.0
run_20260217_220238-0016,2026-02-17T03:41:52.688547Z,0.916
run_20260217_220238-0016,2026-02-17T03:46:52.688547Z,1.769
run_20260217_220238-0016,2026-02-17T03:51:52.688547Z,2.692
run_20260217_220238-0016,2026-02-17T03:56:52.688547Z,3.582
run_20260217_220238-0016,2026-02-17T04:01:52.688547Z,4.518
run_20260217_220238-0016,2026-02-17T04:06:52.688547Z,5.241
run_20260217_220238-0017,2026-02-17T05:08:24.823573Z,0.0
run_20260217_220238-0017,2026-02-17T05:13:24.823573Z,1.1
run_20260217_220238-0017,2026-02-17T05:18:24.823573Z,1.968
run_20260217_220238-0017,2026-02-17T05:23:24.823573Z,2.745
run_20260217_220238-0017,2026-02-17T05:28:24.823573Z,3.689
run_20260217_220238-0017,2026-02-17T05:33:24.823573Z,4.474
run_20260217_220238-0017,2026-02-17T05:38:24.823573Z,5.331
run_20260217_220238-0017,2026-02-17T05:43:24.823573Z,6.253
run_20260217_220238-0017,2026-02-17T05:48:24.823573Z,7.176
run_20260217_220238-0018,2026-02-17T06:01:54.911583Z,0.0
run_20260217_220238-0018,2026-02-17T06:06:54.911583Z,0.62
run_20260217_220238-0018,2026-02-17T06:11:54.911583Z,1.159
run_20260217_220238-0018,2026-02-17T06:16:54.911583Z,1.723
run_20260217_220238-0018,2026-02-17T06:21:54.911583Z,2.344
run_20260217_220238-0019,2026-02-17T19:31:24.723371Z,0.0
run_20260217_220238-0019,2026-02-17T19:36:24.723371Z,0.572
run_20260217_220238-0019,2026-02-17T19:41:24.723371Z,1.152
run_20260217_220238-0019,2026-02-17T19:46:24.723371Z,1.713
run_20260217_220238-0019,2026-02-17T19:51:24.723371Z,2.405
run_20260217_220238-0019,2026-02-17T19:56:24.723371Z,3.091
run_20260217_220238-0019,2026-02-17T20:01:24.723371Z,3.693
run_20260217_220238-0019,2026-02-17T20:06:24.723371Z,4.374
run_20260217_220238-0019,2026-02-17T20:11:24.723371Z,4.928
run_20260217_220238-0019,2026-02-17T20:16:24.723371Z,5.485
run_20260217_220238-0019,2026-02-17T20:21:24.723371Z,6.022
run_20260217_220238-0019,2026-02-17T20:26:24.723371Z,6.586
run_20260217_220238-0019,2026-02-17T20:31:24.723371Z,7.223
run_20260217_220238-0019,2026-02-17T20:36:24.723371Z,7.807
run_20260217_220238-0019,2026-02-17T20:41:24.723371Z,8.397
run_20260217_220238-0019,2026-02-17T20:46:24.723371Z,8.954
run_20260217_220238-0020,2026-02-17T08:29:28.731844Z,0.0
run_20260217_220238-0020,2026-02-17T08:34:28.731844Z,1.11
run_20260217_220238-0020,2026-02-17T08:39:28.731844Z,1.934
run_20260217_220238-0020,2026-02-17T08:44:28.731844Z,2.979
run_20260217_220238-0020,2026-02-17T08:49:28.731844Z,3.903
run_20260217_220238-0020,2026-02-17T08:54:28.731844Z,4.781
run_20260217_220238-0020,2026-02-17T08:59:28.731844Z,5.681
run_20260217_220238-0020,2026-02-17T09:04:28.731844Z,6.492
run_20260217_220238-0020,2026-02-17T09:09:28.731844Z,7.383
run_20260217_220238-0020,2026-02-17T09:14:28.731844Z,8.357
run_20260217_220238-0020,2026-02-17T09:19:28.731844Z,9.336
run_20260217_220238-0020,2026-02-17T09:24:28.731844Z,10.315
run_20260217_220238-0020,2026-02-17T09:29:28.731844Z,11.261
run_20260217_220238-0021,2026-02-17T03:58:24.435919Z,0.0
run_20260217_220238-0021,2026-02-17T04:03:24.435919Z,2.164
run_20260217_220238-0021,2026-02-17T04:08:24.435919Z,3.964
run_20260217_220238-0021,2026-02-17T04:13:24.435919Z,5.529
run_20260217_220238-0021,2026-02-17T04:18:24.435919Z,7.314
run_20260217_220238-0021,2026-02-17T04:23:24.435919Z,8.747
run_20260217_220238-0021,2026-02-17T04:28:24.435919Z,10.437
run_20260217_220238-0021,2026-02-17T04:33:24.435919Z,12.57
run_20260217_220238-0021,2026-02-17T04:38:24.435919Z,14.631
run_20260217_220238-0022,2026-02-17T21:24:52.091526Z,0.0
run_20260217_220238-0022,2026-02-17T21:29:52.091526Z,0.589
run_20260217_220238-0022,2026-02-17T21:34:52.091526Z,1.27
run_20260217_220238-0022,2026-02-17T21:39:52.091526Z,1.861
run_20260217_220238-0022,2026-02-17T21:44:52.091526Z,2.422
run_20260217_220238-0022,2026-02-17T21:49:52.091526Z,2.99
run_20260217_220238-0022,2026-02-17T21:54:52.091526Z,3.555
run_20260217_220238-0022,2026-02-17T21:59:52.091526Z,4.025
run_20260217_220238-0022,2026-02-17T22:04:52.091526Z,4.635
run_20260217_220238-0022,2026-02-17T22:09:52.091526Z,5.25
run_20260217_220238-0022,2026-02-17T22:14:52.091526Z,5.828
run_20260217_220238-0022,2026-02-17T22:19:52.091526Z,6.385
run_20260217_220238-0022,2026-02-17T22:24:52.091526Z,7.008
run_20260217_220238-0022,2026-02-17T22:29:52.091526Z,7.711
run_20260217_220238-0022,2026-02-17T22:34:52.091526Z,8.313
run_20260217_220238-0022,2026-02-17T22:39:52.091526Z,8.882
run_20260217_220238-0023,2026-02-17T07:02:50.332600Z,0.0
run_20260217_220238-0023,2026-02-17T07:07:50.332600Z,0.565
run_20260217_220238-0023,2026-02-17T07:12:50.332600Z,1.275
run_20260217_220238-0023,2026-02-17T07:17:50.332600Z,1.968
run_20260217_220238-0023,2026-02-17T07:22:50.332600Z,2.556
run_20260217_220238-0023,2026-02-17T07:27:50.332600Z,3.124
run_20260217_220238-0023,2026-02-17T07:32:50.332600Z,3.78
run_20260217_220238-0023,2026-02-17T07:37:50.332600Z,4.393
run_20260217_220238-0023,2026-02-17T07:42:50.332600Z,4.933
run_20260217_220238-0023,2026-02-17T07:47:50.332600Z,5.512
run_20260217_220238-0023,2026-02-17T07:52:50.332600Z,6.168
run_20260217_220238-0023,2026-02-17T07:57:50.332600Z,6.782
run_20260217_220238-0023,2026-02-17T08:02:50.332600Z,7.529
run_20260217_220238-0023,2026-02-17T08:07:50.332600Z,8.063
run_20260217_220238-0023,2026-02-17T08:12:50.332600Z,8.718
run_20260217_220238-0023,2026-02-17T08:17:50.332600Z,9.332
run_20260217_220238-0024,2026-02-17T21:30:58.631088Z,0.0
run_20260217_220238-0024,2026-02-17T21:35:58.631088Z,1.067
run_20260217_220238-0024,2026-02-17T21:40:58.631088Z,1.959
run_20260217_220238-0024,2026-02-17T21:45:58.631088Z,2.936
run_20260217_220238-0024,2026-02-17T21:50:58.631088Z,3.822
run_20260217_220238-0024,2026-02-17T21:55:58.631088Z,4.825
run_20260217_220238-0024,2026-02-17T22:00:58.631088Z,5.882
run_20260217_220238-0024,2026-02-17T22:05:58.631088Z,6.84
run_20260217_220238-0024,2026-02-17T22:10:58.631088Z,7.841
run_20260217_220238-0024,2026-02-17T22:15:58.631088Z,8.848
run_20260217_220238-0024,2026-02-17T22:20:58.631088Z,9.952
run_20260217_220238-0024,2026-02-17T22:25:58.631088Z,10.888
run_20260217_220238-0024,2026-02-17T22:30:58.631088Z,11.712
run_20260217_220238-0024,2026-02-17T22:35:58.631088Z,12.557
run_20260217_220238-0024,2026-02-17T22:40:58.631088Z,13.343
run_20260217_220238-0024,2026-02-17T22:45:58.631088Z,14.26
run_20260217_220238-0025,2026-02-17T03:03:04.789957Z,0.0
run_20260217_220238-0025,2026-02-17T03:08:04.789957Z,0.635
run_20260217_220238-0025,2026-02-17T03:13:04.789957Z,1.277
run_20260217_220238-0025,2026-02-17T03:18:04.789957Z,2.005
run_20260217_220238-0025,2026-02-17T03:23:04.789957Z,2.54
run_20260217_220238-0025,2026-02-17T03:28:04.789957Z,3.23
run_20260217_220238-0025,2026-02-17T03:33:04.789957Z,3.859
run_20260217_220238-0025,2026-02-17T03:38:04.789957Z,4.428
run_20260217_220238-0025,2026-02-17T03:43:04.789957Z,4.996
run_20260217_220238-0025,2026-02-17T03:48:04.789957Z,5.545
run_20260217_220238-0025,2026-02-17T03:53:04.789957Z,6.141
run_20260217_220238-0025,2026-02-17T03:58:04.789957Z,6.763
run_20260217_220238-0025,2026-02-17T04:03:04.789957Z,7.371
run_20260217_220238-0026,2026-02-17T00:26:08.667026Z,0.0
run_20260217_220238-0026,2026-02-17T00:31:08.667026Z,0.832
run_20260217_220238-0026,2026-02-17T00:36:08.667026Z,1.791
run_20260217_220238-0026,2026-02-17T00:41:08.667026Z,2.691
run_20260217_220238-0026,2026-02-17T00:46:08.667026Z,3.664
run_20260217_220238-0026,2026-02-17T00:51:08.667026Z,4.57
run_20260217_220238-0026,2026-02-17T00:56:08.667026Z,5.557
run_20260217_220238-0026,2026-02-17T01:01:08.667026Z,6.457
run_20260217_220238-0026,2026-02-17T01:06:08.667026Z,7.449
run_20260217_220238-0026,2026-02-17T01:11:08.667026Z,8.428
run_20260217_220238-0026,2026-02-17T01:16:08.667026Z,9.334
run_20260217_220238-0026,2026-02-17T01:21:08.667026Z,10.171
run_20260217_220238-0026,2026-02-17T01:26:08.667026Z,11.002
run_20260217_220238-0026,2026-02-17T01:31:08.667026Z,11.851
run_20260217_220238-0026,2026-02-17T01:36:08.667026Z,12.677
run_20260217_220238-0026,2026-02-17T01:41:08.667026Z,13.673
run_20260217_220238-0027,2026-02-17T13:31:04.630665Z,0.0
run_20260217_220238-0027,2026-02-17T13:36:04.630665Z,1.665
run_20260217_220238-0027,2026-02-17T13:41:04.630665Z,3.097
run_20260217_220238-0027,2026-02-17T13:46:04.630665Z,4.921
run_20260217_220238-0027,2026-02-17T13:51:04.630665Z,6.633
run_20260217_220238-0027,2026-02-17T13:56:04.630665Z,8.06
run_20260217_220238-0027,2026-02-17T14:01:04.630665Z,10.08
run_20260217_220238-0027,2026-02-17T14:06:04.630665Z,12.139
run_20260217_220238-0027,2026-02-17T14:11:04.630665Z,13.85
run_20260217_220238-0027,2026-02-17T14:16:04.630665Z,15.634
run_20260217_220238-0027,2026-02-17T14:21:04.630665Z,17.387
run_20260217_220238-0027,2026-02-17T14:26:04.630665Z,19.396
run_20260217_220238-0027,2026-02-17T14:31:04.630665Z,21.102
run_20260217_220238-0027,2026-02-17T14:36:04.630665Z,22.854
run_20260217_220238-0027,2026-02-17T14:41:04.630665Z,24.546
run_20260217_220238-0027,2026-02-17T14:46:04.630665Z,26.303
run_20260217_220238-0028,2026-02-17T01:24:52.578849Z,0.0
run_20260217_220238-0028,2026-02-17T01:29:52.578849Z,1.613
run_20260217_220238-0028,2026-02-17T01:34:52.578849Z,3.276
run_20260217_220238-0028,2026-02-17T01:39:52.578849Z,5.031
run_20260217_220238-0028,2026-02-17T01:44:52.578849Z,6.943
run_20260217_220238-0028,2026-02-17T01:49:52.578849Z,8.641
run_20260217_220238-0028,2026-02-17T01:54:52.578849Z,10.554
run_20260217_220238-0029,2026-02-17T12:49:25.020363Z,0.0
run_20260217_220238-0029,2026-02-17T12:54:25.020363Z,2.145
run_20260217_220238-0029,2026-02-17T12:59:25.020363Z,4.025
run_20260217_220238-0029,2026-02-17T13:04:25.020363Z,6.061
run_20260217_220238-0029,2026-02-17T13:09:25.020363Z,8.16
run_20260217_220238-0029,2026-02-17T13:14:25.020363Z,9.803
run_20260217_220238-0029,2026-02-17T13:19:25.020363Z,11.674
run_20260217_220238-0029,2026-02-17T13:24:25.020363Z,13.575
run_20260217_220238-0029,2026-02-17T13:29:25.020363Z,15.15
run_20260217_220238-0029,2026-02-17T13:34:25.020363Z,16.958
run_20260217_220238-0029,2026-02-17T13:39:25.020363Z,18.619
run_20260217_220238-0029,2026-02-17T13:44:25.020363Z,20.743
run_20260217_220238-0029,2026-02-17T13:49:25.020363Z,22.579
run_20260217_220238-0030,2026-02-17T20:26:48.617662Z,0.0
run_20260217_220238-0030,2026-02-17T20:31:48.617662Z,0.51
run_20260217_220238-0030,2026-02-17T20:36:48.617662Z,1.192
run_20260217_220238-0030,2026-02-17T20:41:48.617662Z,1.784
run_20260217_220238-0030,2026-02-17T20:46:48.617662Z,2.392
run_20260217_220238-0031,2026-02-17T06:44:34.912901Z,0.0
run_20260217_220238-0031,2026-02-17T06:49:34.912901Z,0.816
run_20260217_220238-0031,2026-02-17T06:54:34.912901Z,1.691
run_20260217_220238-0031,2026-02-17T06:59:34.912901Z,2.638
run_20260217_220238-0031,2026-02-17T07:04:34.912901Z,3.481
run_20260217_220238-0031,2026-02-17T07:09:34.912901Z,4.219
run_20260217_220238-0031,2026-02-17T07:14:34.912901Z,5.257
run_20260217_220238-0031,2026-02-17T07:19:34.912901Z,6.027
run_20260217_220238-0031,2026-02-17T07:24:34.912901Z,6.955
run_20260217_220238-0031,2026-02-17T07:29:34.912901Z,7.809
run_20260217_220238-0031,2026-02-17T07:34:34.912901Z,8.773
run_20260217_220238-0031,2026-02-17T07:39:34.912901Z,9.556
run_20260217_220238-0031,2026-02-17T07:44:34.912901Z,10.358
run_20260217_220238-0032,2026-02-17T04:44:57.605611Z,0.0
run_20260217_220238-0032,2026-02-17T04:49:57.605611Z,1.885
run_20260217_220238-0032,2026-02-17T04:54:57.605611Z,3.348
run_20260217_220238-0032,2026-02-17T04:59:57.605611Z,4.928
run_20260217_220238-0032,2026-02-17T05:04:57.605611Z,6.957
run_20260217_220238-0032,2026-02-17T05:09:57.605611Z,8.631
run_20260217_220238-0032,2026-02-17T05:14:57.605611Z,10.423
run_20260217_220238-0032,2026-02-17T05:19:57.605611Z,12.043
run_20260217_220238-0032,2026-02-17T05:24:57.605611Z,13.988
run_20260217_220238-0032,2026-02-17T05:29:57.605611Z,15.62
run_20260217_220238-0032,2026-02-17T05:34:57.605611Z,17.695
run_20260217_220238-0032,2026-02-17T05:39:57.605611Z,19.346
run_20260217_220238-0032,2026-02-17T05:44:57.605611Z,21.039
run_20260217_220238-0032,2026-02-17T05:49:57.605611Z,22.895
run_20260217_220238-0032,2026-02-17T05:54:57.605611Z,24.733
run_20260217_220238-0032,2026-02-17T05:59:57.605611Z,26.827
run_20260217_220238-0033,2026-02-17T12:21:10.817725Z,0.0
run_20260217_220238-0033,2026-02-17T12:26:10.817725Z,0.782
run_20260217_220238-0033,2026-02-17T12:31:10.817725Z,1.752
run_20260217_220238-0033,2026-02-17T12:36:10.817725Z,2.677
run_20260217_220238-0033,2026-02-17T12:41:10.817725Z,3.676
run_20260217_220238-0033,2026-02-17T12:46:10.817725Z,4.622
run_20260217_220238-0033,2026-02-17T12:51:10.817725Z,5.515
run_20260217_220238-0034,2026-02-17T07:19:42.736217Z,0.0
run_20260217_220238-0034,2026-02-17T07:24:42.736217Z,0.554
run_20260217_220238-0034,2026-02-17T07:29:42.736217Z,1.181
run_20260217_220238-0034,2026-02-17T07:34:42.736217Z,1.76
run_20260217_220238-0034,2026-02-17T07:39:42.736217Z,2.365
run_20260217_220238-0034,2026-02-17T07:44:42.736217Z,2.994
run_20260217_220238-0034,2026-02-17T07:49:42.736217Z,3.543
run_20260217_220238-0035,2026-02-17T07:17:26.813967Z,0.0
run_20260217_220238-0035,2026-02-17T07:22:26.813967Z,0.7
run_20260217_220238-0035,2026-02-17T07:27:26.813967Z,1.648
run_20260217_220238-0035,2026-02-17T07:32:26.813967Z,2.537
run_20260217_220238-0035,2026-02-17T07:37:26.813967Z,3.541
run_20260217_220238-0035,2026-02-17T07:42:26.813967Z,4.593
run_20260217_220238-0035,2026-02-17T07:47:26.813967Z,5.4
run_20260217_220238-0035,2026-02-17T07:52:26.813967Z,6.172
run_20260217_220238-0035,2026-02-17T07:57:26.813967Z,7.053
run_20260217_220238-0035,2026-02-17T08:02:26.813967Z,8.03
run_20260217_220238-0035,2026-02-17T08:07:26.813967Z,8.76
run_20260217_220238-0035,2026-02-17T08:12:26.813967Z,9.604
run_20260217_220238-0035,2026-02-17T08:17:26.813967Z,10.526
run_20260217_220238-0035,2026-02-17T08:22:26.813967Z,11.352
run_20260217_220238-0035,2026-02-17T08:27:26.813967Z,12.277
run_20260217_220238-0035,2026-02-17T08:32:26.813967Z,13.113
run_20260217_220238-0036,2026-02-17T12:45:57.491106Z,0.0
run_20260217_220238-0036,2026-02-17T12:50:57.491106Z,1.547
run_20260217_220238-0036,2026-02-17T12:55:57.491106Z,2.99
run_20260217_220238-0036,2026-02-17T13:00:57.491106Z,4.738
run_20260217_220238-0036,2026-02-17T13:05:57.491106Z,6.345
run_20260217_220238-0036,2026-02-17T13:10:57.491106Z,8.031
run_20260217_220238-0036,2026-02-17T13:15:57.491106Z,10.032
run_20260217_220238-0037,2026-02-17T17:44:22.494477Z,0.0
run_20260217_220238-0037,2026-02-17T17:49:22.494477Z,0.632
run_20260217_220238-0037,2026-02-17T17:54:22.494477Z,1.18
run_20260217_220238-0037,2026-02-17T17:59:22.494477Z,1.795
run_20260217_220238-0037,2026-02-17T18:04:22.494477Z,2.43
run_20260217_220238-0037,2026-02-17T18:09:22.494477Z,2.997
run_20260217_220238-0037,2026-02-17T18:14:22.494477Z,3.657
run_20260217_220238-0037,2026-02-17T18:19:22.494477Z,4.238
run_20260217_220238-0037,2026-02-17T18:24:22.494477Z,4.872
run_20260217_220238-0038,2026-02-16T23:59:07.963617Z,0.0
run_20260217_220238-0038,2026-02-17T00:04:07.963617Z,0.542
run_20260217_220238-0038,2026-02-17T00:09:07.963617Z,1.08
run_20260217_220238-0038,2026-02-17T00:14:07.963617Z,1.596
run_20260217_220238-0038,2026-02-17T00:19:07.963617Z,2.137
run_20260217_220238-0038,2026-02-17T00:24:07.963617Z,2.656
run_20260217_220238-0038,2026-02-17T00:29:07.963617Z,3.294
run_20260217_220238-0038,2026-02-17T00:34:07.963617Z,3.881
run_20260217_220238-0038,2026-02-17T00:39:07.963617Z,4.515
run_20260217_220238-0039,2026-02-17T21:14:16.751856Z,0.0
run_20260217_220238-0039,2026-02-17T21:19:16.751856Z,0.923
run_20260217_220238-0039,2026-02-17T21:24:16.751856Z,1.791
run_20260217_220238-0039,2026-02-17T21:29:16.751856Z,2.559
run_20260217_220238-0039,2026-02-17T21:34:16.751856Z,3.538
run_20260217_220238-0039,2026-02-17T21:39:16.751856Z,4.563
run_20260217_220238-0039,2026-02-17T21:44:16.751856Z,5.48
run_20260217_220238-0040,2026-02-17T21:23:20.268030Z,0.0
run_20260217_220238-0040,2026-02-17T21:28:20.268030Z,0.871
run_20260217_220238-0040,2026-02-17T21:33:20.268030Z,1.61
run_20260217_220238-0040,2026-02-17T21:38:20.268030Z,2.435
run_20260217_220238-0040,2026-02-17T21:43:20.268030Z,3.197
run_20260217_220238-0041,2026-02-17T07:24:30.914463Z,0.0
run_20260217_220238-0041,2026-02-17T07:29:30.914463Z,0.701
run_20260217_220238-0041,2026-02-17T07:34:30.914463Z,1.284
run_20260217_220238-0041,2026-02-17T07:39:30.914463Z,1.836
run_20260217_220238-0041,2026-02-17T07:44:30.914463Z,2.393
run_20260217_220238-0041,2026-02-17T07:49:30.914463Z,2.893
run_20260217_220238-0041,2026-02-17T07:54:30.914463Z,3.515
run_20260217_220238-0042,2026-02-17T13:42:08.139657Z,0.0
run_20260217_220238-0042,2026-02-17T13:47:08.139657Z,0.526
run_20260217_220238-0042,2026-02-17T13:52:08.139657Z,1.071
run_20260217_220238-0042,2026-02-17T13:57:08.139657Z,1.669
run_20260217_220238-0042,2026-02-17T14:02:08.139657Z,2.334
run_20260217_220238-0042,2026-02-17T14:07:08.139657Z,2.844
run_20260217_220238-0042,2026-02-17T14:12:08.139657Z,3.564
run_20260217_220238-0042,2026-02-17T14:17:08.139657Z,4.258
run_20260217_220238-0042,2026-02-17T14:22:08.139657Z,4.784
run_20260217_220238-0043,2026-02-17T19:45:21.766562Z,0.0
run_20260217_220238-0043,2026-02-17T19:50:21.766562Z,1.574
run_20260217_220238-0043,2026-02-17T19:55:21.766562Z,3.366
run_20260217_220238-0043,2026-02-17T20:00:21.766562Z,5.529
run_20260217_220238-0043,2026-02-17T20:05:21.766562Z,7.158
run_20260217_220238-0043,2026-02-17T20:10:21.766562Z,8.941
run_20260217_220238-0043,2026-02-17T20:15:21.766562Z,10.502
run_20260217_220238-0043,2026-02-17T20:20:21.766562Z,12.452
run_20260217_220238-0043,2026-02-17T20:25:21.766562Z,14.244
run_20260217_220238-0043,2026-02-17T20:30:21.766562Z,16.433
run_20260217_220238-0043,2026-02-17T20:35:21.766562Z,18.304
run_20260217_220238-0043,2026-02-17T20:40:21.766562Z,20.069
run_20260217_220238-0043,2026-02-17T20:45:21.766562Z,22.004
run_20260217_220238-0043,2026-02-17T20:50:21.766562Z,23.744
run_20260217_220238-0043,2026-02-17T20:55:21.766562Z,25.332
run_20260217_220238-0043,2026-02-17T21:00:21.766562Z,27.221
run_20260217_220238-0044,2026-02-17T12:07:11.918088Z,0.0
run_20260217_220238-0044,2026-02-17T12:12:11.918088Z,0.544
run_20260217_220238-0044,2026-02-17T12:17:11.918088Z,1.148
run_20260217_220238-0044,2026-02-17T12:22:11.918088Z,1.746
run_20260217_220238-0044,2026-02-17T12:27:11.918088Z,2.394
run_20260217_220238-0044,2026-02-17T12:32:11.918088Z,2.893
run_20260217_220238-0044,2026-02-17T12:37:11.918088Z,3.422
run_20260217_220238-0044,2026-02-17T12:42:11.918088Z,3.955
run_20260217_220238-0044,2026-02-17T12:47:11.918088Z,4.53
run_20260217_220238-0045,2026-02-17T06:42:05.549021Z,0.0
run_20260217_220238-0045,2026-02-17T06:47:05.549021Z,1.848
run_20260217_220238-0045,2026-02-17T06:52:05.549021Z,3.401
run_20260217_220238-0045,2026-02-17T06:57:05.549021Z,5.104
run_20260217_220238-0045,2026-02-17T07:02:05.549021Z,6.769
run_20260217_220238-0045,2026-02-17T07:07:05.549021Z,8.624
run_20260217_220238-0045,2026-02-17T07:12:05.549021Z,10.379
run_20260217_220238-0045,2026-02-17T07:17:05.549021Z,12.262
run_20260217_220238-0045,2026-02-17T07:22:05.549021Z,14.372
run_20260217_220238-0045,2026-02-17T07:27:05.549021Z,16.122
run_20260217_220238-0045,2026-02-17T07:32:05.549021Z,18.182
run_20260217_220238-0045,2026-02-17T07:37:05.549021Z,19.793
run_20260217_220238-0045,2026-02-17T07:42:05.549021Z,21.664
run_20260217_220238-0046,2026-02-17T10:46:26.435954Z,0.0
run_20260217_220238-0046,2026-02-17T10:51:26.435954Z,1.683
run_20260217_220238-0046,2026-02-17T10:56:26.435954Z,3.561
run_20260217_220238-0046,2026-02-17T11:01:26.435954Z,5.43
run_20260217_220238-0046,2026-02-17T11:06:26.435954Z,7.555
run_20260217_220238-0046,2026-02-17T11:11:26.435954Z,9.267
run_20260217_220238-0046,2026-02-17T11:16:26.435954Z,11.377
run_20260217_220238-0046,2026-02-17T11:21:26.435954Z,13.478
run_20260217_220238-0046,2026-02-17T11:26:26.435954Z,15.226
run_20260217_220238-0047,2026-02-17T12:21:45.242065Z,0.0
run_20260217_220238-0047,2026-02-17T12:26:45.242065Z,1.411
run_20260217_220238-0047,2026-02-17T12:31:45.242065Z,2.95
run_20260217_220238-0047,2026-02-17T12:36:45.242065Z,4.86
run_20260217_220238-0047,2026-02-17T12:41:45.242065Z,6.56
run_20260217_220238-0047,2026-02-17T12:46:45.242065Z,8.293
run_20260217_220238-0047,2026-02-17T12:51:45.242065Z,10.246
run_20260217_220238-0047,2026-02-17T12:56:45.242065Z,12.055
run_20260217_220238-0047,2026-02-17T13:01:45.242065Z,13.796
run_20260217_220238-0047,2026-02-17T13:06:45.242065Z,15.688
run_20260217_220238-0047,2026-02-17T13:11:45.242065Z,17.539
run_20260217_220238-0047,2026-02-17T13:16:45.242065Z,19.257
run_20260217_220238-0047,2026-02-17T13:21:45.242065Z,21.515
run_20260217_220238-0047,2026-02-17T13:26:45.242065Z,23.15
run_20260217_220238-0047,2026-02-17T13:31:45.242065Z,24.75
run_20260217_220238-0047,2026-02-17T13:36:45.242065Z,26.606
run_20260217_220238-0048,2026-02-17T13:24:43.495841Z,0.0
run_20260217_220238-0048,2026-02-17T13:29:43.495841Z,0.606
run_20260217_220238-0048,2026-02-17T13:34:43.495841Z,1.204
run_20260217_220238-0048,2026-02-17T13:39:43.495841Z,1.923
run_20260217_220238-0048,2026-02-17T13:44:43.495841Z,2.54
run_20260217_220238-0048,2026-02-17T13:49:43.495841Z,3.154
run_20260217_220238-0048,2026-02-17T13:54:43.495841Z,3.676
run_20260217_220238-0049,2026-02-17T20:24:09.328701Z,0.0
run_20260217_220238-0049,2026-02-17T20:29:09.328701Z,0.923
run_20260217_220238-0049,2026-02-17T20:34:09.328701Z,1.899
run_20260217_220238-0049,2026-02-17T20:39:09.328701Z,2.851
run_20260217_220238-0049,2026-02-17T20:44:09.328701Z,3.679
run_20260217_220238-0049,2026-02-17T20:49:09.328701Z,4.562
run_20260217_220238-0049,2026-02-17T20:54:09.328701Z,5.374
run_20260217_220238-0049,2026-02-17T20:59:09.328701Z,6.218
run_20260217_220238-0049,2026-02-17T21:04:09.328701Z,7.149
run_20260217_220238-0049,2026-02-17T21:09:09.328701Z,7.977
run_20260217_220238-0049,2026-02-17T21:14:09.328701Z,8.959
run_20260217_220238-0049,2026-02-17T21:19:09.328701Z,9.833
run_20260217_220238-0049,2026-02-17T21:24:09.328701Z,10.668
run_20260217_220238-0049,2026-02-17T21:29:09.328701Z,11.533
run_20260217_220238-0049,2026-02-17T21:34:09.328701Z,12.42
run_20260217_220238-0049,2026-02-17T21:39:09.328701Z,13.324
run_20260217_220238-0050,2026-02-17T05:40:39.514184Z,0.0
run_20260217_220238-0050,2026-02-17T05:45:39.514184Z,0.888
run_20260217_220238-0050,2026-02-17T05:50:39.514184Z,1.759
run_20260217_220238-0050,2026-02-17T05:55:39.514184Z,2.693
run_20260217_220238-0050,2026-02-17T06:00:39.514184Z,3.642
run_20260217_220238-0050,2026-02-17T06:05:39.514184Z,4.659
run_20260217_220238-0050,2026-02-17T06:10:39.514184Z,5.577
run_20260217_220238-0051,2026-02-17T23:11:59.916495Z,0.0
run_20260217_220238-0051,2026-02-17T23:16:59.916495Z,1.759
run_20260217_220238-0051,2026-02-17T23:21:59.916495Z,3.948
run_20260217_220238-0051,2026-02-17T23:26:59.916495Z,5.902
run_20260217_220238-0051,2026-02-17T23:31:59.916495Z,7.793
run_20260217_220238-0051,2026-02-17T23:36:59.916495Z,9.597
run_20260217_220238-0051,2026-02-17T23:41:59.916495Z,11.753
run_20260217_220238-0051,2026-02-17T23:46:59.916495Z,13.307
run_20260217_220238-0051,2026-02-17T23:51:59.916495Z,14.963
run_20260217_220238-0052,2026-02-17T10:54:49.810479Z,0.0
run_20260217_220238-0052,2026-02-17T10:59:49.810479Z,0.933
run_20260217_220238-0052,2026-02-17T11:04:49.810479Z,1.818
run_20260217_220238-0052,2026-02-17T11:09:49.810479Z,2.775
run_20260217_220238-0052,2026-02-17T11:14:49.810479Z,3.759
run_20260217_220238-0052,2026-02-17T11:19:49.810479Z,4.675
run_20260217_220238-0052,2026-02-17T11:24:49.810479Z,5.473
run_20260217_220238-0053,2026-02-17T12:44:04.495368Z,0.0
run_20260217_220238-0053,2026-02-17T12:49:04.495368Z,1.714
run_20260217_220238-0053,2026-02-17T12:54:04.495368Z,3.631
run_20260217_220238-0053,2026-02-17T12:59:04.495368Z,5.274
run_20260217_220238-0053,2026-02-17T13:04:04.495368Z,7.058
run_20260217_220238-0053,2026-02-17T13:09:04.495368Z,8.578
run_20260217_220238-0053,2026-02-17T13:14:04.495368Z,10.189
run_20260217_220238-0053,2026-02-17T13:19:04.495368Z,11.998
run_20260217_220238-0053,2026-02-17T13:24:04.495368Z,13.583
run_20260217_220238-0054,2026-02-17T00:53:50.880771Z,0.0
run_20260217_220238-0054,2026-02-17T00:58:50.880771Z,2.521
run_20260217_220238-0054,2026-02-17T01:03:50.880771Z,4.135
run_20260217_220238-0054,2026-02-17T01:08:50.880771Z,5.9
run_20260217_220238-0054,2026-02-17T01:13:50.880771Z,7.605
run_20260217_220238-0054,2026-02-17T01:18:50.880771Z,9.737
run_20260217_220238-0054,2026-02-17T01:23:50.880771Z,11.647
run_20260217_220238-0054,2026-02-17T01:28:50.880771Z,13.219
run_20260217_220238-0054,2026-02-17T01:33:50.880771Z,15.101
run_20260217_220238-0054,2026-02-17T01:38:50.880771Z,17.035
run_20260217_220238-0054,2026-02-17T01:43:50.880771Z,18.81
run_20260217_220238-0054,2026-02-17T01:48:50.880771Z,20.419
run_20260217_220238-0054,2026-02-17T01:53:50.880771Z,22.12
run_20260217_220238-0054,2026-02-17T01:58:50.880771Z,23.873
run_20260217_220238-0054,2026-02-17T02:03:50.880771Z,25.71
run_20260217_220238-0054,2026-02-17T02:08:50.880771Z,27.448
run_20260217_220238-0055,2026-02-17T20:07:24.732730Z,0.0
run_20260217_220238-0055,2026-02-17T20:12:24.732730Z,1.968
run_20260217_220238-0055,2026-02-17T20:17:24.732730Z,3.531
run_20260217_220238-0055,2026-02-17T20:22:24.732730Z,5.372
run_20260217_220238-0055,2026-02-17T20:27:24.732730Z,6.954
run_20260217_220238-0055,2026-02-17T20:32:24.732730Z,8.969
run_20260217_220238-0055,2026-02-17T20:37:24.732730Z,10.879
run_20260217_220238-0055,2026-02-17T20:42:24.732730Z,12.731
run_20260217_220238-0055,2026-02-17T20:47:24.732730Z,14.562
run_20260217_220238-0055,2026-02-17T20:52:24.732730Z,16.487
run_20260217_220238-0055,2026-02-17T20:57:24.732730Z,18.372
run_20260217_220238-0055,2026-02-17T21:02:24.732730Z,19.842
run_20260217_220238-0055,2026-02-17T21:07:24.732730Z,21.679
run_20260217_220238-0056,2026-02-17T22:40:56.767023Z,0.0
run_20260217_220238-0056,2026-02-17T22:45:56.767023Z,0.913
run_20260217_220238-0056,2026-02-17T22:50:56.767023Z,1.752
run_20260217_220238-0056,2026-02-17T22:55:56.767023Z,2.594
run_20260217_220238-0056,2026-02-17T23:00:56.767023Z,3.483
run_20260217_220238-0056,2026-02-17T23:05:56.767023Z,4.41
run_20260217_220238-0056,2026-02-17T23:10:56.767023Z,5.321
run_20260217_220238-0056,2026-02-17T23:15:56.767023Z,6.286
run_20260217_220238-0056,2026-02-17T23:20:56.767023Z,7.158
run_20260217_220238-0056,2026-02-17T23:25:56.767023Z,8.259
run_20260217_220238-0056,2026-02-17T23:30:56.767023Z,9.153
run_20260217_220238-0056,2026-02-17T23:35:56.767023Z,10.072
run_20260217_220238-0056,2026-02-17T23:40:56.767023Z,10.876
run_20260217_220238-0056,2026-02-17T23:45:56.767023Z,11.673
run_20260217_220238-0056,2026-02-17T23:50:56.767023Z,12.57
run_20260217_220238-0056,2026-02-17T23:55:56.767023Z,13.41
run_20260217_220238-0057,2026-02-17T21:44:46.725009Z,0.0
run_20260217_220238-0057,2026-02-17T21:49:46.725009Z,1.042
run_20260217_220238-0057,2026-02-17T21:54:46.725009Z,1.915
run_20260217_220238-0057,2026-02-17T21:59:46.725009Z,2.953
run_20260217_220238-0057,2026-02-17T22:04:46.725009Z,4.045
run_20260217_220238-0058,2026-02-17T17:25:16.088924Z,0.0
run_20260217_220238-0058,2026-02-17T17:30:16.088924Z,0.921
run_20260217_220238-0058,2026-02-17T17:35:16.088924Z,1.954
run_20260217_220238-0058,2026-02-17T17:40:16.088924Z,2.716
run_20260217_220238-0058,2026-02-17T17:45:16.088924Z,3.771
run_20260217_220238-0058,2026-02-17T17:50:16.088924Z,4.5
run_20260217_220238-0058,2026-02-17T17:55:16.088924Z,5.407
run_20260217_220238-0058,2026-02-17T18:00:16.088924Z,6.372
run_20260217_220238-0058,2026-02-17T18:05:16.088924Z,7.233
run_20260217_220238-0058,2026-02-17T18:10:16.088924Z,8.173
run_20260217_220238-0058,2026-02-17T18:15:16.088924Z,8.998
run_20260217_220238-0058,2026-02-17T18:20:16.088924Z,10.015
run_20260217_220238-0058,2026-02-17T18:25:16.088924Z,10.887
run_20260217_220238-0059,2026-02-17T16:49:04.774580Z,0.0
run_20260217_220238-0059,2026-02-17T16:54:04.774580Z,2.046
run_20260217_220238-0059,2026-02-17T16:59:04.774580Z,3.878
run_20260217_220238-0059,2026-02-17T17:04:04.774580Z,5.847
run_20260217_220238-0059,2026-02-17T17:09:04.774580Z,7.863
run_20260217_220238-0059,2026-02-17T17:14:04.774580Z,9.566
run_20260217_220238-0059,2026-02-17T17:19:04.774580Z,11.591
run_20260217_220238-0059,2026-02-17T17:24:04.774580Z,13.23
run_20260217_220238-0059,2026-02-17T17:29:04.774580Z,15.009
run_20260217_220238-0059,2026-02-17T17:34:04.774580Z,16.791
run_20260217_220238-0059,2026-02-17T17:39:04.774580Z,18.731
run_20260217_220238-0059,2026-02-17T17:44:04.774580Z,20.487
run_20260217_220238-0059,2026-02-17T17:49:04.774580Z,22.094
run_20260217_220238-0059,2026-02-17T17:54:04.774580Z,23.96
run_20260217_220238-0059,2026-02-17T17:59:04.774580Z,26.109
run_20260217_220238-0059,2026-02-17T18:04:04.774580Z,28.234
run_20260217_220238-0060,2026-02-17T14:50:01.628904Z,0.0
run_20260217_220238-0060,2026-02-17T14:55:01.628904Z,0.958
run_20260217_220238-0060,2026-02-17T15:00:01.628904Z,1.921
run_20260217_220238-0060,2026-02-17T15:05:01.628904Z,2.827
run_20260217_220238-0060,2026-02-17T15:10:01.628904Z,3.824
run_20260217_220238-0060,2026-02-17T15:15:01.628904Z,4.723
run_20260217_220238-0060,2026-02-17T15:20:01.628904Z,5.783
run_20260217_220238-0061,2026-02-17T13:01:01.414365Z,0.0
run_20260217_220238-0061,2026-02-17T13:06:01.414365Z,1.021
run_20260217_220238-0061,2026-02-17T13:11:01.414365Z,2.105
run_20260217_220238-0061,2026-02-17T13:16:01.414365Z,2.846
run_20260217_220238-0061,2026-02-17T13:21:01.414365Z,3.905
run_20260217_220238-0061,2026-02-17T13:26:01.414365Z,4.894
run_20260217_220238-0061,2026-02-17T13:31:01.414365Z,5.799
run_20260217_220238-0062,2026-02-17T03:32:27.478741Z,0.0
run_20260217_220238-0062,2026-02-17T03:37:27.478741Z,1.044
run_20260217_220238-0062,2026-02-17T03:42:27.478741Z,2.084
run_20260217_220238-0062,2026-02-17T03:47:27.478741Z,2.964
run_20260217_220238-0062,2026-02-17T03:52:27.478741Z,3.962
run_20260217_220238-0062,2026-02-17T03:57:27.478741Z,4.809
run_20260217_220238-0062,2026-02-17T04:02:27.478741Z,5.603
run_20260217_220238-0062,2026-02-17T04:07:27.478741Z,6.487
run_20260217_220238-0062,2026-02-17T04:12:27.478741Z,7.417
run_20260217_220238-0062,2026-02-17T04:17:27.478741Z,8.473
run_20260217_220238-0062,2026-02-17T04:22:27.478741Z,9.374
run_20260217_220238-0062,2026-02-17T04:27:27.478741Z,10.355
run_20260217_220238-0062,2026-02-17T04:32:27.478741Z,11.485
run_20260217_220238-0062,2026-02-17T04:37:27.478741Z,12.538
run_20260217_220238-0062,2026-02-17T04:42:27.478741Z,13.464
run_20260217_220238-0062,2026-02-17T04:47:27.478741Z,14.238
run_20260217_220238-0063,2026-02-17T07:19:38.299535Z,0.0
run_20260217_220238-0063,2026-02-17T07:24:38.299535Z,0.591
run_20260217_220238-0063,2026-02-17T07:29:38.299535Z,1.209
run_20260217_220238-0063,2026-02-17T07:34:38.299535Z,1.769
run_20260217_220238-0063,2026-02-17T07:39:38.299535Z,2.418
run_20260217_220238-0064,2026-02-17T10:24:03.815450Z,0.0
run_20260217_220238-0064,2026-02-17T10:29:03.815450Z,0.637
run_20260217_220238-0064,2026-02-17T10:34:03.815450Z,1.311
run_20260217_220238-0064,2026-02-17T10:39:03.815450Z,1.843
run_20260217_220238-0064,2026-02-17T10:44:03.815450Z,2.505
run_20260217_220238-0064,2026-02-17T10:49:03.815450Z,3.025
run_20260217_220238-0064,2026-02-17T10:54:03.815450Z,3.626
run_20260217_220238-0065,2026-02-17T17:53:16.357875Z,0.0
run_20260217_220238-0065,2026-02-17T17:58:16.357875Z,2.164
run_20260217_220238-0065,2026-02-17T18:03:16.357875Z,4.017
run_20260217_220238-0065,2026-02-17T18:08:16.357875Z,6.075
run_20260217_220238-0065,2026-02-17T18:13:16.357875Z,7.748
run_20260217_220238-0065,2026-02-17T18:18:16.357875Z,9.689
run_20260217_220238-0065,2026-02-17T18:23:16.357875Z,11.688
run_20260217_220238-0065,2026-02-17T18:28:16.357875Z,13.384
run_20260217_220238-0065,2026-02-17T18:33:16.357875Z,15.418
run_20260217_220238-0066,2026-02-17T07:24:56.912523Z,0.0
run_20260217_220238-0066,2026-02-17T07:29:56.912523Z,0.945
run_20260217_220238-0066,2026-02-17T07:34:56.912523Z,1.947
run_20260217_220238-0066,2026-02-17T07:39:56.912523Z,2.797
run_20260217_220238-0066,2026-02-17T07:44:56.912523Z,3.721
run_20260217_220238-0066,2026-02-17T07:49:56.912523Z,4.53
run_20260217_220238-0066,2026-02-17T07:54:56.912523Z,5.394
run_20260217_220238-0066,2026-02-17T07:59:56.912523Z,6.387
run_20260217_220238-0066,2026-02-17T08:04:56.912523Z,7.3
run_20260217_220238-0066,2026-02-17T08:09:56.912523Z,8.35
run_20260217_220238-0066,2026-02-17T08:14:56.912523Z,9.248
run_20260217_220238-0066,2026-02-17T08:19:56.912523Z,10.147
run_20260217_220238-0066,2026-02-17T08:24:56.912523Z,11.18
run_20260217_220238-0067,2026-02-17T00:37:00.716626Z,0.0
run_20260217_220238-0067,2026-02-17T00:42:00.716626Z,1.436
run_20260217_220238-0067,2026-02-17T00:47:00.716626Z,3.278
run_20260217_220238-0067,2026-02-17T00:52:00.716626Z,5.037
run_20260217_220238-0067,2026-02-17T00:57:00.716626Z,7.19
run_20260217_220238-0067,2026-02-17T01:02:00.716626Z,8.89
run_20260217_220238-0067,2026-02-17T01:07:00.716626Z,10.617
run_20260217_220238-0067,2026-02-17T01:12:00.716626Z,12.283
run_20260217_220238-0067,2026-02-17T01:17:00.716626Z,13.923
run_20260217_220238-0067,2026-02-17T01:22:00.716626Z,15.628
run_20260217_220238-0067,2026-02-17T01:27:00.716626Z,17.198
run_20260217_220238-0067,2026-02-17T01:32:00.716626Z,18.843
run_20260217_220238-0067,2026-02-17T01:37:00.716626Z,20.382
run_20260217_220238-0067,2026-02-17T01:42:00.716626Z,21.94
run_20260217_220238-0067,2026-02-17T01:47:00.716626Z,23.488
run_20260217_220238-0067,2026-02-17T01:52:00.716626Z,25.226
run_20260217_220238-0068,2026-02-17T15:13:35.989466Z,0.0
run_20260217_220238-0068,2026-02-17T15:18:35.989466Z,0.559
run_20260217_220238-0068,2026-02-17T15:23:35.989466Z,1.204
run_20260217_220238-0068,2026-02-17T15:28:35.989466Z,1.775
run_20260217_220238-0068,2026-02-17T15:33:35.989466Z,2.341
run_20260217_220238-0068,2026-02-17T15:38:35.989466Z,2.961
run_20260217_220238-0068,2026-02-17T15:43:35.989466Z,3.589
run_20260217_220238-0069,2026-02-17T02:03:34.725405Z,0.0
run_20260217_220238-0069,2026-02-17T02:08:34.725405Z,0.734
run_20260217_220238-0069,2026-02-17T02:13:34.725405Z,1.84
run_20260217_220238-0069,2026-02-17T02:18:34.725405Z,2.643
run_20260217_220238-0069,2026-02-17T02:23:34.725405Z,3.635
run_20260217_220238-0069,2026-02-17T02:28:34.725405Z,4.536
run_20260217_220238-0069,2026-02-17T02:33:34.725405Z,5.566
run_20260217_220238-0070,2026-02-17T20:36:18.593903Z,0.0
run_20260217_220238-0070,2026-02-17T20:41:18.593903Z,1.593
run_20260217_220238-0070,2026-02-17T20:46:18.593903Z,3.343
run_20260217_220238-0070,2026-02-17T20:51:18.593903Z,4.671
run_20260217_220238-0070,2026-02-17T20:56:18.593903Z,6.828
run_20260217_220238-0070,2026-02-17T21:01:18.593903Z,8.594
run_20260217_220238-0070,2026-02-17T21:06:18.593903Z,10.212
run_20260217_220238-0071,2026-02-17T21:01:01.933144Z,0.0
run_20260217_220238-0071,2026-02-17T21:06:01.933144Z,2.075
run_20260217_220238-0071,2026-02-17T21:11:01.933144Z,3.908
run_20260217_220238-0071,2026-02-17T21:16:01.933144Z,5.598
run_20260217_220238-0071,2026-02-17T21:21:01.933144Z,7.24
run_20260217_220238-0071,2026-02-17T21:26:01.933144Z,9.251
run_20260217_220238-0071,2026-02-17T21:31:01.933144Z,10.894
run_20260217_220238-0071,2026-02-17T21:36:01.933144Z,12.926
run_20260217_220238-0071,2026-02-17T21:41:01.933144Z,14.509
run_20260217_220238-0072,2026-02-17T09:20:28.898278Z,0.0
run_20260217_220238-0072,2026-02-17T09:25:28.898278Z,1.879
run_20260217_220238-0072,2026-02-17T09:30:28.898278Z,3.892
run_20260217_220238-0072,2026-02-17T09:35:28.898278Z,5.366
run_20260217_220238-0072,2026-02-17T09:40:28.898278Z,7.139
run_20260217_220238-0073,2026-02-17T23:05:24.872121Z,0.0
run_20260217_220238-0073,2026-02-17T23:10:24.872121Z,0.658
run_20260217_220238-0073,2026-02-17T23:15:24.872121Z,1.361
run_20260217_220238-0073,2026-02-17T23:20:24.872121Z,2.033
run_20260217_220238-0073,2026-02-17T23:25:24.872121Z,2.676
run_20260217_220238-0073,2026-02-17T23:30:24.872121Z,3.326
run_20260217_220238-0073,2026-02-17T23:35:24.872121Z,3.878
run_20260217_220238-0073,2026-02-17T23:40:24.872121Z,4.392
run_20260217_220238-0073,2026-02-17T23:45:24.872121Z,5.051
run_20260217_220238-0073,2026-02-17T23:50:24.872121Z,5.63
run_20260217_220238-0073,2026-02-17T23:55:24.872121Z,6.228
run_20260217_220238-0073,2026-02-18T00:00:24.872121Z,6.793
run_20260217_220238-0073,2026-02-18T00:05:24.872121Z,7.37
run_20260217_220238-0074,2026-02-17T01:26:45.815122Z,0.0
run_20260217_220238-0074,2026-02-17T01:31:45.815122Z,0.614
run_20260217_220238-0074,2026-02-17T01:36:45.815122Z,1.199
run_20260217_220238-0074,2026-02-17T01:41:45.815122Z,1.759
run_20260217_220238-0074,2026-02-17T01:46:45.815122Z,2.318
run_20260217_220238-0074,2026-02-17T01:51:45.815122Z,2.933
run_20260217_220238-0074,2026-02-17T01:56:45.815122Z,3.423
run_20260217_220238-0074,2026-02-17T02:01:45.815122Z,4.152
run_20260217_220238-0074,2026-02-17T02:06:45.815122Z,4.665
run_20260217_220238-0075,2026-02-17T14:25:40.734867Z,0.0
run_20260217_220238-0075,2026-02-17T14:30:40.734867Z,0.696
run_20260217_220238-0075,2026-02-17T14:35:40.734867Z,1.402
run_20260217_220238-0075,2026-02-17T14:40:40.734867Z,1.967
run_20260217_220238-0075,2026-02-17T14:45:40.734867Z,2.601
run_20260217_220238-0075,2026-02-17T14:50:40.734867Z,3.224
run_20260217_220238-0075,2026-02-17T14:55:40.734867Z,3.722
run_20260217_220238-0076,2026-02-17T18:08:15.647285Z,0.0
run_20260217_220238-0076,2026-02-17T18:13:15.647285Z,1.458
run_20260217_220238-0076,2026-02-17T18:18:15.647285Z,3.387
run_20260217_220238-0076,2026-02-17T18:23:15.647285Z,5.552
run_20260217_220238-0076,2026-02-17T18:28:15.647285Z,7.156
run_20260217_220238-0076,2026-02-17T18:33:15.647285Z,8.908
run_20260217_220238-0076,2026-02-17T18:38:15.647285Z,10.793
run_20260217_220238-0077,2026-02-17T02:22:14.118521Z,0.0
run_20260217_220238-0077,2026-02-17T02:27:14.118521Z,0.855
run_20260217_220238-0077,2026-02-17T02:32:14.118521Z,1.804
run_20260217_220238-0077,2026-02-17T02:37:14.118521Z,2.681
run_20260217_220238-0077,2026-02-17T02:42:14.118521Z,3.645
run_20260217_220238-0078,2026-02-17T03:11:18.902433Z,0.0
run_20260217_220238-0078,2026-02-17T03:16:18.902433Z,0.633
run_20260217_220238-0078,2026-02-17T03:21:18.902433Z,1.167
run_20260217_220238-0078,2026-02-17T03:26:18.902433Z,1.849
run_20260217_220238-0078,2026-02-17T03:31:18.902433Z,2.44
run_20260217_220238-0078,2026-02-17T03:36:18.902433Z,3.034
run_20260217_220238-0078,2026-02-17T03:41:18.902433Z,3.631
run_20260217_220238-0079,2026-02-17T06:05:14.520237Z,0.0
run_20260217_220238-0079,2026-02-17T06:10:14.520237Z,0.964
run_20260217_220238-0079,2026-02-17T06:15:14.520237Z,1.9
run_20260217_220238-0079,2026-02-17T06:20:14.520237Z,2.708
run_20260217_220238-0079,2026-02-17T06:25:14.520237Z,3.709
run_20260217_220238-0079,2026-02-17T06:30:14.520237Z,4.695
run_20260217_220238-0079,2026-02-17T06:35:14.520237Z,5.637
run_20260217_220238-0079,2026-02-17T06:40:14.520237Z,6.544
run_20260217_220238-0079,2026-02-17T06:45:14.520237Z,7.499
run_20260217_220238-0079,2026-02-17T06:50:14.520237Z,8.236
run_20260217_220238-0079,2026-02-17T06:55:14.520237Z,9.052
run_20260217_220238-0079,2026-02-17T07:00:14.520237Z,9.955
run_20260217_220238-0079,2026-02-17T07:05:14.520237Z,10.903
run_20260217_220238-0080,2026-02-17T13:45:09.959294Z,0.0
run_20260217_220238-0080,2026-02-17T13:50:09.959294Z,0.909
run_20260217_220238-0080,2026-02-17T13:55:09.959294Z,1.803
run_20260217_220238-0080,2026-02-17T14:00:09.959294Z,2.623
run_20260217_220238-0080,2026-02-17T14:05:09.959294Z,3.605
run_20260217_220238-0081,2026-02-17T17:22:58.617638Z,0.0
run_20260217_220238-0081,2026-02-17T17:27:58.617638Z,1.738
run_20260217_220238-0081,2026-02-17T17:32:58.617638Z,3.529
run_20260217_220238-0081,2026-02-17T17:37:58.617638Z,5.188
run_20260217_220238-0081,2026-02-17T17:42:58.617638Z,6.895
run_20260217_220238-0081,2026-02-17T17:47:58.617638Z,8.641
run_20260217_220238-0081,2026-02-17T17:52:58.617638Z,10.28
run_20260217_220238-0081,2026-02-17T17:57:58.617638Z,12.106
run_20260217_220238-0081,2026-02-17T18:02:58.617638Z,13.964
run_20260217_220238-0081,2026-02-17T18:07:58.617638Z,15.71
run_20260217_220238-0081,2026-02-17T18:12:58.617638Z,17.332
run_20260217_220238-0081,2026-02-17T18:17:58.617638Z,18.854
run_20260217_220238-0081,2026-02-17T18:22:58.617638Z,20.34
run_20260217_220238-0081,2026-02-17T18:27:58.617638Z,22.056
run_20260217_220238-0081,2026-02-17T18:32:58.617638Z,23.543
run_20260217_220238-0081,2026-02-17T18:37:58.617638Z,25.539
run_20260217_220238-0082,2026-02-17T13:05:57.694789Z,0.0
run_20260217_220238-0082,2026-02-17T13:10:57.694789Z,1.993
run_20260217_220238-0082,2026-02-17T13:15:57.694789Z,3.935
run_20260217_220238-0082,2026-02-17T13:20:57.694789Z,5.678
run_20260217_220238-0082,2026-02-17T13:25:57.694789Z,7.359
run_20260217_220238-0082,2026-02-17T13:30:57.694789Z,9.431
run_20260217_220238-0082,2026-02-17T13:35:57.694789Z,11.604
run_20260217_220238-0082,2026-02-17T13:40:57.694789Z,13.753
run_20260217_220238-0082,2026-02-17T13:45:57.694789Z,15.728
run_20260217_220238-0082,2026-02-17T13:50:57.694789Z,17.63
run_20260217_220238-0082,2026-02-17T13:55:57.694789Z,19.509
run_20260217_220238-0082,2026-02-17T14:00:57.694789Z,21.319
run_20260217_220238-0082,2026-02-17T14:05:57.694789Z,22.818
run_20260217_220238-0083,2026-02-17T01:01:27.632500Z,0.0
run_20260217_220238-0083,2026-02-17T01:06:27.632500Z,0.871
run_20260217_220238-0083,2026-02-17T01:11:27.632500Z,1.705
run_20260217_220238-0083,2026-02-17T01:16:27.632500Z,2.775
run_20260217_220238-0083,2026-02-17T01:21:27.632500Z,3.536
run_20260217_220238-0083,2026-02-17T01:26:27.632500Z,4.272
run_20260217_220238-0083,2026-02-17T01:31:27.632500Z,5.284
run_20260217_220238-0083,2026-02-17T01:36:27.632500Z,6.272
run_20260217_220238-0083,2026-02-17T01:41:27.632500Z,7.213
run_20260217_220238-0083,2026-02-17T01:46:27.632500Z,8.113
run_20260217_220238-0083,2026-02-17T01:51:27.632500Z,9.069
run_20260217_220238-0083,2026-02-17T01:56:27.632500Z,9.933
run_20260217_220238-0083,2026-02-17T02:01:27.632500Z,10.847
run_20260217_220238-0083,2026-02-17T02:06:27.632500Z,11.587
run_20260217_220238-0083,2026-02-17T02:11:27.632500Z,12.523
run_20260217_220238-0083,2026-02-17T02:16:27.632500Z,13.371
run_20260217_220238-0084,2026-02-17T10:12:17.759626Z,0.0
run_20260217_220238-0084,2026-02-17T10:17:17.759626Z,2.022
run_20260217_220238-0084,2026-02-17T10:22:17.759626Z,4.19
run_20260217_220238-0084,2026-02-17T10:27:17.759626Z,5.969
run_20260217_220238-0084,2026-02-17T10:32:17.759626Z,7.604
run_20260217_220238-0084,2026-02-17T10:37:17.759626Z,9.265
run_20260217_220238-0084,2026-02-17T10:42:17.759626Z,11.514
run_20260217_220238-0084,2026-02-17T10:47:17.759626Z,13.417
run_20260217_220238-0084,2026-02-17T10:52:17.759626Z,15.32
run_20260217_220238-0084,2026-02-17T10:57:17.759626Z,17.026
run_20260217_220238-0084,2026-02-17T11:02:17.759626Z,18.98
run_20260217_220238-0084,2026-02-17T11:07:17.759626Z,21.072
run_20260217_220238-0084,2026-02-17T11:12:17.759626Z,22.845
run_20260217_220238-0085,2026-02-17T20:32:43.071234Z,0.0
run_20260217_220238-0085,2026-02-17T20:37:43.071234Z,0.651
run_20260217_220238-0085,2026-02-17T20:42:43.071234Z,1.304
run_20260217_220238-0085,2026-02-17T20:47:43.071234Z,1.97
run_20260217_220238-0085,2026-02-17T20:52:43.071234Z,2.668
run_20260217_220238-0085,2026-02-17T20:57:43.071234Z,3.287
run_20260217_220238-0085,2026-02-17T21:02:43.071234Z,3.901
run_20260217_220238-0085,2026-02-17T21:07:43.071234Z,4.562
run_20260217_220238-0085,2026-02-17T21:12:43.071234Z,5.131
run_20260217_220238-0085,2026-02-17T21:17:43.071234Z,5.779
run_20260217_220238-0085,2026-02-17T21:22:43.071234Z,6.361
run_20260217_220238-0085,2026-02-17T21:27:43.071234Z,6.858
run_20260217_220238-0085,2026-02-17T21:32:43.071234Z,7.435
run_20260217_220238-0086,2026-02-17T05:52:36.740044Z,0.0
run_20260217_220238-0086,2026-02-17T05:57:36.740044Z,1.802
run_20260217_220238-0086,2026-02-17T06:02:36.740044Z,3.808
run_20260217_220238-0086,2026-02-17T06:07:36.740044Z,5.738
run_20260217_220238-0086,2026-02-17T06:12:36.740044Z,7.349
run_20260217_220238-0087,2026-02-17T05:51:52.912387Z,0.0
run_20260217_220238-0087,2026-02-17T05:56:52.912387Z,0.974
run_20260217_220238-0087,2026-02-17T06:01:52.912387Z,1.823
run_20260217_220238-0087,2026-02-17T06:06:52.912387Z,2.772
run_20260217_220238-0087,2026-02-17T06:11:52.912387Z,3.642
run_20260217_220238-0088,2026-02-17T18:41:27.207173Z,0.0
run_20260217_220238-0088,2026-02-17T18:46:27.207173Z,0.538
run_20260217_220238-0088,2026-02-17T18:51:27.207173Z,1.188
run_20260217_220238-0088,2026-02-17T18:56:27.207173Z,1.791
run_20260217_220238-0088,2026-02-17T19:01:27.207173Z,2.399
run_20260217_220238-0088,2026-02-17T19:06:27.207173Z,3.03
run_20260217_220238-0088,2026-02-17T19:11:27.207173Z,3.628
run_20260217_220238-0088,2026-02-17T19:16:27.207173Z,4.282
run_20260217_220238-0088,2026-02-17T19:21:27.207173Z,4.981
run_20260217_220238-0088,2026-02-17T19:26:27.207173Z,5.586
run_20260217_220238-0088,2026-02-17T19:31:27.207173Z,6.213
run_20260217_220238-0088,2026-02-17T19:36:27.207173Z,6.865
run_20260217_220238-0088,2026-02-17T19:41:27.207173Z,7.445
run_20260217_220238-0088,2026-02-17T19:46:27.207173Z,7.977
run_20260217_220238-0088,2026-02-17T19:51:27.207173Z,8.631
run_20260217_220238-0088,2026-02-17T19:56:27.207173Z,9.137
run_20260217_220238-0089,2026-02-17T06:10:27.629315Z,0.0
run_20260217_220238-0089,2026-02-17T06:15:27.629315Z,0.577
run_20260217_220238-0089,2026-02-17T06:20:27.629315Z,1.183
run_20260217_220238-0089,2026-02-17T06:25:27.629315Z,1.758
run_20260217_220238-0089,2026-02-17T06:30:27.629315Z,2.417
run_20260217_220238-0089,2026-02-17T06:35:27.629315Z,2.946
run_20260217_220238-0089,2026-02-17T06:40:27.629315Z,3.594
run_20260217_220238-0089,2026-02-17T06:45:27.629315Z,4.179
run_20260217_220238-0089,2026-02-17T06:50:27.629315Z,4.839
run_20260217_220238-0089,2026-02-17T06:55:27.629315Z,5.475
run_20260217_220238-0089,2026-02-17T07:00:27.629315Z,6.067
run_20260217_220238-0089,2026-02-17T07:05:27.629315Z,6.73
run_20260217_220238-0089,2026-02-17T07:10:27.629315Z,7.308
run_20260217_220238-0090,2026-02-17T21:52:05.578256Z,0.0
run_20260217_220238-0090,2026-02-17T21:57:05.578256Z,0.544
run_20260217_220238-0090,2026-02-17T22:02:05.578256Z,1.168
run_20260217_220238-0090,2026-02-17T22:07:05.578256Z,1.875
run_20260217_220238-0090,2026-02-17T22:12:05.578256Z,2.532
run_20260217_220238-0091,2026-02-17T15:59:22.871017Z,0.0
run_20260217_220238-0091,2026-02-17T16:04:22.871017Z,0.571
run_20260217_220238-0091,2026-02-17T16:09:22.871017Z,1.169
run_20260217_220238-0091,2026-02-17T16:14:22.871017Z,1.638
run_20260217_220238-0091,2026-02-17T16:19:22.871017Z,2.23
run_20260217_220238-0091,2026-02-17T16:24:22.871017Z,2.774
run_20260217_220238-0091,2026-02-17T16:29:22.871017Z,3.452
run_20260217_220238-0092,2026-02-17T18:18:46.371451Z,0.0
run_20260217_220238-0092,2026-02-17T18:23:46.371451Z,0.957
run_20260217_220238-0092,2026-02-17T18:28:46.371451Z,1.992
run_20260217_220238-0092,2026-02-17T18:33:46.371451Z,2.917
run_20260217_220238-0092,2026-02-17T18:38:46.371451Z,3.7
run_20260217_220238-0092,2026-02-17T18:43:46.371451Z,4.686
run_20260217_220238-0092,2026-02-17T18:48:46.371451Z,5.745
run_20260217_220238-0093,2026-02-17T10:27:13.254244Z,0.0
run_20260217_220238-0093,2026-02-17T10:32:13.254244Z,0.837
run_20260217_220238-0093,2026-02-17T10:37:13.254244Z,1.582
run_20260217_220238-0093,2026-02-17T10:42:13.254244Z,2.331
run_20260217_220238-0093,2026-02-17T10:47:13.254244Z,3.037
run_20260217_220238-0093,2026-02-17T10:52:13.254244Z,3.845
run_20260217_220238-0093,2026-02-17T10:57:13.254244Z,4.981
run_20260217_220238-0093,2026-02-17T11:02:13.254244Z,5.857
run_20260217_220238-0093,2026-02-17T11:07:13.254244Z,6.864
run_20260217_220238-0093,2026-02-17T11:12:13.254244Z,7.654
run_20260217_220238-0093,2026-02-17T11:17:13.254244Z,8.596
run_20260217_220238-0093,2026-02-17T11:22:13.254244Z,9.548
run_20260217_220238-0093,2026-02-17T11:27:13.254244Z,10.347
run_20260217_220238-0093,2026-02-17T11:32:13.254244Z,11.242
run_20260217_220238-0093,2026-02-17T11:37:13.254244Z,12.188
run_20260217_220238-0093,2026-02-17T11:42:13.254244Z,13.08
run_20260217_220238-0094,2026-02-17T22:08:30.441499Z,0.0
run_20260217_220238-0094,2026-02-17T22:13:30.441499Z,1.845
run_20260217_220238-0094,2026-02-17T22:18:30.441499Z,3.529
run_20260217_220238-0094,2026-02-17T22:23:30.441499Z,5.261
run_20260217_220238-0094,2026-02-17T22:28:30.441499Z,6.696
run_20260217_220238-0095,2026-02-17T13:11:23.008005Z,0.0
run_20260217_220238-0095,2026-02-17T13:16:23.008005Z,1.613
run_20260217_220238-0095,2026-02-17T13:21:23.008005Z,3.541
run_20260217_220238-0095,2026-02-17T13:26:23.008005Z,5.606
run_20260217_220238-0095,2026-02-17T13:31:23.008005Z,6.978
run_20260217_220238-0095,2026-02-17T13:36:23.008005Z,8.807
run_20260217_220238-0095,2026-02-17T13:41:23.008005Z,10.322
run_20260217_220238-0095,2026-02-17T13:46:23.008005Z,12.258
run_20260217_220238-0095,2026-02-17T13:51:23.008005Z,14.363
run_20260217_220238-0095,2026-02-17T13:56:23.008005Z,15.752
run_20260217_220238-0095,2026-02-17T14:01:23.008005Z,17.813
run_20260217_220238-0095,2026-02-17T14:06:23.008005Z,19.78
run_20260217_220238-0095,2026-02-17T14:11:23.008005Z,21.892
run_20260217_220238-0095,2026-02-17T14:16:23.008005Z,23.796
run_20260217_220238-0095,2026-02-17T14:21:23.008005Z,25.852
run_20260217_220238-0095,2026-02-17T14:26:23.008005Z,27.673
run_20260217_220238-0096,2026-02-17T15:02:05.588746Z,0.0
run_20260217_220238-0096,2026-02-17T15:07:05.588746Z,0.847
run_20260217_220238-0096,2026-02-17T15:12:05.588746Z,1.809
run_20260217_220238-0096,2026-02-17T15:17:05.588746Z,2.593
run_20260217_220238-0096,2026-02-17T15:22:05.588746Z,3.416
run_20260217_220238-0096,2026-02-17T15:27:05.588746Z,4.313
run_20260217_220238-0096,2026-02-17T15:32:05.588746Z,5.202
run_20260217_220238-0096,2026-02-17T15:37:05.588746Z,6.233
run_20260217_220238-0096,2026-02-17T15:42:05.588746Z,7.227
run_20260217_220238-0097,2026-02-17T03:32:44.675137Z,0.0
run_20260217_220238-0097,2026-02-17T03:37:44.675137Z,0.56
run_20260217_220238-0097,2026-02-17T03:42:44.675137Z,1.229
run_20260217_220238-0097,2026-02-17T03:47:44.675137Z,1.864
run_20260217_220238-0097,2026-02-17T03:52:44.675137Z,2.507
run_20260217_220238-0097,2026-02-17T03:57:44.675137Z,3.198
run_20260217_220238-0097,2026-02-17T04:02:44.675137Z,3.78
run_20260217_220238-0097,2026-02-17T04:07:44.675137Z,4.317
run_20260217_220238-0097,2026-02-17T04:12:44.675137Z,4.967
run_20260217_220238-0097,2026-02-17T04:17:44.675137Z,5.615
run_20260217_220238-0097,2026-02-17T04:22:44.675137Z,6.196
run_20260217_220238-0097,2026-02-17T04:27:44.675137Z,6.72
run_20260217_220238-0097,2026-02-17T04:32:44.675137Z,7.394
run_20260217_220238-0097,2026-02-17T04:37:44.675137Z,8.029
run_20260217_220238-0097,2026-02-17T04:42:44.675137Z,8.546
run_20260217_220238-0097,2026-02-17T04:47:44.675137Z,9.193
run_20260217_220238-0098,2026-02-17T21:44:25.663818Z,0.0
run_20260217_220238-0098,2026-02-17T21:49:25.663818Z,1.569
run_20260217_220238-0098,2026-02-17T21:54:25.663818Z,3.29
run_20260217_220238-0098,2026-02-17T21:59:25.663818Z,5.256
run_20260217_220238-0098,2026-02-17T22:04:25.663818Z,7.144
run_20260217_220238-0098,2026-02-17T22:09:25.663818Z,9.092
run_20260217_220238-0098,2026-02-17T22:14:25.663818Z,11.126
run_20260217_220238-0098,2026-02-17T22:19:25.663818Z,12.891
run_20260217_220238-0098,2026-02-17T22:24:25.663818Z,14.739
run_20260217_220238-0098,2026-02-17T22:29:25.663818Z,16.671
run_20260217_220238-0098,2026-02-17T22:34:25.663818Z,18.817
run_20260217_220238-0098,2026-02-17T22:39:25.663818Z,20.815
run_20260217_220238-0098,2026-02-17T22:44:25.663818Z,22.902
run_20260217_220238-0099,2026-02-17T23:04:38.616660Z,0.0
run_20260217_220238-0099,2026-02-17T23:09:38.616660Z,2.02
run_20260217_220238-0099,2026-02-17T23:14:38.616660Z,3.975
run_20260217_220238-0099,2026-02-17T23:19:38.616660Z,5.939
run_20260217_220238-0099,2026-02-17T23:24:38.616660Z,7.953
run_20260217_220238-0099,2026-02-17T23:29:38.616660Z,10.081
run_20260217_220238-0099,2026-02-17T23:34:38.616660Z,11.959
run_20260217_220238-0099,2026-02-17T23:39:38.616660Z,13.461
run_20260217_220238-0099,2026-02-17T23:44:38.616660Z,15.394
run_20260217_220238-0100,2026-02-17T06:42:47.797784Z,0.0
run_20260217_220238-0100,2026-02-17T06:47:47.797784Z,2.003
run_20260217_220238-0100,2026-02-17T06:52:47.797784Z,3.77
run_20260217_220238-0100,2026-02-17T06:57:47.797784Z,5.901
run_20260217_220238-0100,2026-02-17T07:02:47.797784Z,7.519
run_20260217_220238-0100,2026-02-17T07:07:47.797784Z,9.424
run_20260217_220238-0100,2026-02-17T07:12:47.797784Z,11.135
run_20260217_220238-0100,2026-02-17T07:17:47.797784Z,13.279
run_20260217_220238-0100,2026-02-17T07:22:47.797784Z,14.771
run_20260217_220238-0100,2026-02-17T07:27:47.797784Z,16.672
run_20260217_220238-0100,2026-02-17T07:32:47.797784Z,18.205
run_20260217_220238-0100,2026-02-17T07:37:47.797784Z,20.367
run_20260217_220238-0100,2026-02-17T07:42:47.797784Z,22.403
run_20260217_220238-0101,2026-02-17T11:54:48.861855Z,0.0
run_20260217_220238-0101,2026-02-17T11:59:48.861855Z,0.593
run_20260217_220238-0101,2026-02-17T12:04:48.861855Z,1.237
run_20260217_220238-0101,2026-02-17T12:09:48.861855Z,1.739
run_20260217_220238-0101,2026-02-17T12:14:48.861855Z,2.368
run_20260217_220238-0101,2026-02-17T12:19:48.861855Z,3.003
run_20260217_220238-0101,2026-02-17T12:24:48.861855Z,3.526
run_20260217_220238-0101,2026-02-17T12:29:48.861855Z,4.031
run_20260217_220238-0101,2026-02-17T12:34:48.861855Z,4.605
run_20260217_220238-0101,2026-02-17T12:39:48.861855Z,5.196
run_20260217_220238-0101,2026-02-17T12:44:48.861855Z,5.862
run_20260217_220238-0101,2026-02-17T12:49:48.861855Z,6.366
run_20260217_220238-0101,2026-02-17T12:54:48.861855Z,6.943
run_20260217_220238-0102,2026-02-17T11:39:46.323443Z,0.0
run_20260217_220238-0102,2026-02-17T11:44:46.323443Z,0.699
run_20260217_220238-0102,2026-02-17T11:49:46.323443Z,1.339
run_20260217_220238-0102,2026-02-17T11:54:46.323443Z,1.925
run_20260217_220238-0102,2026-02-17T11:59:46.323443Z,2.472
run_20260217_220238-0102,2026-02-17T12:04:46.323443Z,3.089
run_20260217_220238-0102,2026-02-17T12:09:46.323443Z,3.709
run_20260217_220238-0102,2026-02-17T12:14:46.323443Z,4.312
run_20260217_220238-0102,2026-02-17T12:19:46.323443Z,4.868
run_20260217_220238-0102,2026-02-17T12:24:46.323443Z,5.468
run_20260217_220238-0102,2026-02-17T12:29:46.323443Z,6.126
run_20260217_220238-0102,2026-02-17T12:34:46.323443Z,6.724
run_20260217_220238-0102,2026-02-17T12:39:46.323443Z,7.46
run_20260217_220238-0103,2026-02-17T04:59:24.712922Z,0.0
run_20260217_220238-0103,2026-02-17T05:04:24.712922Z,0.624
run_20260217_220238-0103,2026-02-17T05:09:24.712922Z,1.199
run_20260217_220238-0103,2026-02-17T05:14:24.712922Z,1.908
run_20260217_220238-0103,2026-02-17T05:19:24.712922Z,2.497
run_20260217_220238-0103,2026-02-17T05:24:24.712922Z,3.067
run_20260217_220238-0103,2026-02-17T05:29:24.712922Z,3.649
run_20260217_220238-0104,2026-02-17T23:31:38.064344Z,0.0
run_20260217_220238-0104,2026-02-17T23:36:38.064344Z,0.537
run_20260217_220238-0104,2026-02-17T23:41:38.064344Z,1.045
run_20260217_220238-0104,2026-02-17T23:46:38.064344Z,1.616
run_20260217_220238-0104,2026-02-17T23:51:38.064344Z,2.187
run_20260217_220238-0104,2026-02-17T23:56:38.064344Z,2.782
run_20260217_220238-0104,2026-02-18T00:01:38.064344Z,3.37
run_20260217_220238-0105,2026-02-17T08:38:54.570340Z,0.0
run_20260217_220238-0105,2026-02-17T08:43:54.570340Z,0.992
run_20260217_220238-0105,2026-02-17T08:48:54.570340Z,2.07
run_20260217_220238-0105,2026-02-17T08:53:54.570340Z,3.054
run_20260217_220238-0105,2026-02-17T08:58:54.570340Z,3.857
run_20260217_220238-0105,2026-02-17T09:03:54.570340Z,4.773
run_20260217_220238-0105,2026-02-17T09:08:54.570340Z,5.609
run_20260217_220238-0105,2026-02-17T09:13:54.570340Z,6.437
run_20260217_220238-0105,2026-02-17T09:18:54.570340Z,7.339
run_20260217_220238-0105,2026-02-17T09:23:54.570340Z,8.181
run_20260217_220238-0105,2026-02-17T09:28:54.570340Z,9.183
run_20260217_220238-0105,2026-02-17T09:33:54.570340Z,10.101
run_20260217_220238-0105,2026-02-17T09:38:54.570340Z,10.964
run_20260217_220238-0105,2026-02-17T09:43:54.570340Z,11.855
run_20260217_220238-0105,2026-02-17T09:48:54.570340Z,12.717
run_20260217_220238-0105,2026-02-17T09:53:54.570340Z,13.537
run_20260217_220238-0106,2026-02-17T11:21:28.463924Z,0.0
run_20260217_220238-0106,2026-02-17T11:26:28.463924Z,1.661
run_20260217_220238-0106,2026-02-17T11:31:28.463924Z,3.434
run_20260217_220238-0106,2026-02-17T11:36:28.463924Z,5.011
run_20260217_220238-0106,2026-02-17T11:41:28.463924Z,6.893
run_20260217_220238-0106,2026-02-17T11:46:28.463924Z,8.866
run_20260217_220238-0106,2026-02-17T11:51:28.463924Z,10.682
run_20260217_220238-0106,2026-02-17T11:56:28.463924Z,12.837
run_20260217_220238-0106,2026-02-17T12:01:28.463924Z,14.703
run_20260217_220238-0106,2026-02-17T12:06:28.463924Z,16.37
run_20260217_220238-0106,2026-02-17T12:11:28.463924Z,18.45
run_20260217_220238-0106,2026-02-17T12:16:28.463924Z,20.065
run_20260217_220238-0106,2026-02-17T12:21:28.463924Z,21.671
run_20260217_220238-0106,2026-02-17T12:26:28.463924Z,23.489
run_20260217_220238-0106,2026-02-17T12:31:28.463924Z,25.158
run_20260217_220238-0106,2026-02-17T12:36:28.463924Z,27.213
run_20260217_220238-0107,2026-02-17T05:17:02.079923Z,0.0
run_20260217_220238-0107,2026-02-17T05:22:02.079923Z,1.897
run_20260217_220238-0107,2026-02-17T05:27:02.079923Z,3.615
run_20260217_220238-0107,2026-02-17T05:32:02.079923Z,5.464
run_20260217_220238-0107,2026-02-17T05:37:02.079923Z,7.49
run_20260217_220238-0107,2026-02-17T05:42:02.079923Z,9.541
run_20260217_220238-0107,2026-02-17T05:47:02.079923Z,11.422
run_20260217_220238-0107,2026-02-17T05:52:02.079923Z,13.237
run_20260217_220238-0107,2026-02-17T05:57:02.079923Z,15.168
run_20260217_220238-0107,2026-02-17T06:02:02.079923Z,17.311
run_20260217_220238-0107,2026-02-17T06:07:02.079923Z,19.264
run_20260217_220238-0107,2026-02-17T06:12:02.079923Z,20.993
run_20260217_220238-0107,2026-02-17T06:17:02.079923Z,22.758
run_20260217_220238-0108,2026-02-17T23:06:15.965339Z,0.0
run_20260217_220238-0108,2026-02-17T23:11:15.965339Z,1.003
run_20260217_220238-0108,2026-02-17T23:16:15.965339Z,1.82
run_20260217_220238-0108,2026-02-17T23:21:15.965339Z,2.861
run_20260217_220238-0108,2026-02-17T23:26:15.965339Z,3.833
run_20260217_220238-0108,2026-02-17T23:31:15.965339Z,4.688
run_20260217_220238-0108,2026-02-17T23:36:15.965339Z,5.667
run_20260217_220238-0109,2026-02-17T02:30:43.320436Z,0.0
run_20260217_220238-0109,2026-02-17T02:35:43.320436Z,0.979
run_20260217_220238-0109,2026-02-17T02:40:43.320436Z,2.001
run_20260217_220238-0109,2026-02-17T02:45:43.320436Z,2.9
run_20260217_220238-0109,2026-02-17T02:50:43.320436Z,3.609
run_20260217_220238-0109,2026-02-17T02:55:43.320436Z,4.528
run_20260217_220238-0109,2026-02-17T03:00:43.320436Z,5.282
run_20260217_220238-0109,2026-02-17T03:05:43.320436Z,6.178
run_20260217_220238-0109,2026-02-17T03:10:43.320436Z,7.09
run_20260217_220238-0109,2026-02-17T03:15:43.320436Z,7.97
run_20260217_220238-0109,2026-02-17T03:20:43.320436Z,8.75
run_20260217_220238-0109,2026-02-17T03:25:43.320436Z,9.564
run_20260217_220238-0109,2026-02-17T03:30:43.320436Z,10.404
run_20260217_220238-0110,2026-02-17T16:53:16.708377Z,0.0
run_20260217_220238-0110,2026-02-17T16:58:16.708377Z,1.788
run_20260217_220238-0110,2026-02-17T17:03:16.708377Z,3.599
run_20260217_220238-0110,2026-02-17T17:08:16.708377Z,5.324
run_20260217_220238-0110,2026-02-17T17:13:16.708377Z,6.97
run_20260217_220238-0110,2026-02-17T17:18:16.708377Z,8.872
run_20260217_220238-0110,2026-02-17T17:23:16.708377Z,10.647
run_20260217_220238-0110,2026-02-17T17:28:16.708377Z,12.08
run_20260217_220238-0110,2026-02-17T17:33:16.708377Z,13.767
run_20260217_220238-0110,2026-02-17T17:38:16.708377Z,15.471
run_20260217_220238-0110,2026-02-17T17:43:16.708377Z,17.096
run_20260217_220238-0110,2026-02-17T17:48:16.708377Z,18.68
run_20260217_220238-0110,2026-02-17T17:53:16.708377Z,20.769
run_20260217_220238-0111,2026-02-17T04:45:25.307711Z,0.0
run_20260217_220238-0111,2026-02-17T04:50:25.307711Z,0.632
run_20260217_220238-0111,2026-02-17T04:55:25.307711Z,1.283
run_20260217_220238-0111,2026-02-17T05:00:25.307711Z,1.947
run_20260217_220238-0111,2026-02-17T05:05:25.307711Z,2.55
run_20260217_220238-0111,2026-02-17T05:10:25.307711Z,3.134
run_20260217_220238-0111,2026-02-17T05:15:25.307711Z,3.829
run_20260217_220238-0112,2026-02-17T01:11:46.041534Z,0.0
run_20260217_220238-0112,2026-02-17T01:16:46.041534Z,1.964
run_20260217_220238-0112,2026-02-17T01:21:46.041534Z,3.911
run_20260217_220238-0112,2026-02-17T01:26:46.041534Z,5.909
run_20260217_220238-0112,2026-02-17T01:31:46.041534Z,7.606
run_20260217_220238-0113,2026-02-17T11:16:34.666235Z,0.0
run_20260217_220238-0113,2026-02-17T11:21:34.666235Z,0.989
run_20260217_220238-0113,2026-02-17T11:26:34.666235Z,1.864
run_20260217_220238-0113,2026-02-17T11:31:34.666235Z,2.725
run_20260217_220238-0113,2026-02-17T11:36:34.666235Z,3.755
run_20260217_220238-0113,2026-02-17T11:41:34.666235Z,4.769
run_20260217_220238-0113,2026-02-17T11:46:34.666235Z,5.595
run_20260217_220238-0113,2026-02-17T11:51:34.666235Z,6.512
run_20260217_220238-0113,2026-02-17T11:56:34.666235Z,7.363
run_20260217_220238-0113,2026-02-17T12:01:34.666235Z,8.253
run_20260217_220238-0113,2026-02-17T12:06:34.666235Z,9.163
run_20260217_220238-0113,2026-02-17T12:11:34.666235Z,10.179
run_20260217_220238-0113,2026-02-17T12:16:34.666235Z,11.171
run_20260217_220238-0114,2026-02-17T20:43:33.064708Z,0.0
run_20260217_220238-0114,2026-02-17T20:48:33.064708Z,0.915
run_20260217_220238-0114,2026-02-17T20:53:33.064708Z,1.899
run_20260217_220238-0114,2026-02-17T20:58:33.064708Z,2.944
run_20260217_220238-0114,2026-02-17T21:03:33.064708Z,4.028
run_20260217_220238-0115,2026-02-17T06:57:15.701939Z,0.0
run_20260217_220238-0115,2026-02-17T07:02:15.701939Z,1.828
run_20260217_220238-0115,2026-02-17T07:07:15.701939Z,3.622
run_20260217_220238-0115,2026-02-17T07:12:15.701939Z,5.605
run_20260217_220238-0115,2026-02-17T07:17:15.701939Z,7.597
run_20260217_220238-0115,2026-02-17T07:22:15.701939Z,9.671
run_20260217_220238-0115,2026-02-17T07:27:15.701939Z,11.47
run_20260217_220238-0115,2026-02-17T07:32:15.701939Z,13.195
run_20260217_220238-0115,2026-02-17T07:37:15.701939Z,14.944
run_20260217_220238-0115,2026-02-17T07:42:15.701939Z,16.877
run_20260217_220238-0115,2026-02-17T07:47:15.701939Z,19.034
run_20260217_220238-0115,2026-02-17T07:52:15.701939Z,20.837
run_20260217_220238-0115,2026-02-17T07:57:15.701939Z,22.688
run_20260217_220238-0115,2026-02-17T08:02:15.701939Z,24.735
run_20260217_220238-0115,2026-02-17T08:07:15.701939Z,26.415
run_20260217_220238-0115,2026-02-17T08:12:15.701939Z,28.432
run_20260217_220238-0116,2026-02-17T10:44:37.704909Z,0.0
run_20260217_220238-0116,2026-02-17T10:49:37.704909Z,0.655
run_20260217_220238-0116,2026-02-17T10:54:37.704909Z,1.28
run_20260217_220238-0116,2026-02-17T10:59:37.704909Z,1.866
run_20260217_220238-0116,2026-02-17T11:04:37.704909Z,2.399
run_20260217_220238-0116,2026-02-17T11:09:37.704909Z,2.946
run_20260217_220238-0116,2026-02-17T11:14:37.704909Z,3.579
run_20260217_220238-0116,2026-02-17T11:19:37.704909Z,4.151
run_20260217_220238-0116,2026-02-17T11:24:37.704909Z,4.737
run_20260217_220238-0116,2026-02-17T11:29:37.704909Z,5.328
run_20260217_220238-0116,2026-02-17T11:34:37.704909Z,5.949
run_20260217_220238-0116,2026-02-17T11:39:37.704909Z,6.478
run_20260217_220238-0116,2026-02-17T11:44:37.704909Z,7.094
run_20260217_220238-0116,2026-02-17T11:49:37.704909Z,7.772
run_20260217_220238-0116,2026-02-17T11:54:37.704909Z,8.453
run_20260217_220238-0116,2026-02-17T11:59:37.704909Z,8.978
run_20260217_220238-0117,2026-02-17T13:36:01.780048Z,0.0
run_20260217_220238-0117,2026-02-17T13:41:01.780048Z,0.575
run_20260217_220238-0117,2026-02-17T13:46:01.780048Z,1.124
run_20260217_220238-0117,2026-02-17T13:51:01.780048Z,1.718
run_20260217_220238-0117,2026-02-17T13:56:01.780048Z,2.392
run_20260217_220238-0118,2026-02-17T01:24:05.889654Z,0.0
run_20260217_220238-0118,2026-02-17T01:29:05.889654Z,0.719
run_20260217_220238-0118,2026-02-17T01:34:05.889654Z,1.319
run_20260217_220238-0118,2026-02-17T01:39:05.889654Z,2.004
run_20260217_220238-0118,2026-02-17T01:44:05.889654Z,2.575
run_20260217_220238-0118,2026-02-17T01:49:05.889654Z,3.165
run_20260217_220238-0118,2026-02-17T01:54:05.889654Z,3.741
run_20260217_220238-0118,2026-02-17T01:59:05.889654Z,4.411
run_20260217_220238-0118,2026-02-17T02:04:05.889654Z,4.974
run_20260217_220238-0119,2026-02-17T08:10:25.479740Z,0.0
run_20260217_220238-0119,2026-02-17T08:15:25.479740Z,0.916
run_20260217_220238-0119,2026-02-17T08:20:25.479740Z,1.897
run_20260217_220238-0119,2026-02-17T08:25:25.479740Z,2.715
run_20260217_220238-0119,2026-02-17T08:30:25.479740Z,3.642
run_20260217_220238-0119,2026-02-17T08:35:25.479740Z,4.539
run_20260217_220238-0119,2026-02-17T08:40:25.479740Z,5.582
run_20260217_220238-0119,2026-02-17T08:45:25.479740Z,6.535
run_20260217_220238-0119,2026-02-17T08:50:25.479740Z,7.334
run_20260217_220238-0119,2026-02-17T08:55:25.479740Z,8.189
run_20260217_220238-0119,2026-02-17T09:00:25.479740Z,9.116
run_20260217_220238-0119,2026-02-17T09:05:25.479740Z,9.938
run_20260217_220238-0119,2026-02-17T09:10:25.479740Z,10.785
run_20260217_220238-0119,2026-02-17T09:15:25.479740Z,11.62
run_20260217_220238-0119,2026-02-17T09:20:25.479740Z,12.483
run_20260217_220238-0119,2026-02-17T09:25:25.479740Z,13.346
run_20260217_220238-0120,2026-02-17T04:40:14.943476Z,0.0
run_20260217_220238-0120,2026-02-17T04:45:14.943476Z,0.783
run_20260217_220238-0120,2026-02-17T04:50:14.943476Z,1.74
run_20260217_220238-0120,2026-02-17T04:55:14.943476Z,2.708
run_20260217_220238-0120,2026-02-17T05:00:14.943476Z,3.704
run_20260217_220238-0120,2026-02-17T05:05:14.943476Z,4.539
run_20260217_220238-0120,2026-02-17T05:10:14.943476Z,5.475
run_20260217_220238-0120,2026-02-17T05:15:14.943476Z,6.504
run_20260217_220238-0120,2026-02-17T05:20:14.943476Z,7.564
run_20260217_220238-0120,2026-02-17T05:25:14.943476Z,8.366
run_20260217_220238-0120,2026-02-17T05:30:14.943476Z,9.53
run_20260217_220238-0120,2026-02-17T05:35:14.943476Z,10.394
run_20260217_220238-0120,2026-02-17T05:40:14.943476Z,11.387
run_20260217_220238-0121,2026-02-17T10:30:13.334959Z,0.0
run_20260217_220238-0121,2026-02-17T10:35:13.334959Z,0.554
run_20260217_220238-0121,2026-02-17T10:40:13.334959Z,1.164
run_20260217_220238-0121,2026-02-17T10:45:13.334959Z,1.764
run_20260217_220238-0121,2026-02-17T10:50:13.334959Z,2.391
run_20260217_220238-0121,2026-02-17T10:55:13.334959Z,2.976
run_20260217_220238-0121,2026-02-17T11:00:13.334959Z,3.633
run_20260217_220238-0121,2026-02-17T11:05:13.334959Z,4.2
run_20260217_220238-0121,2026-02-17T11:10:13.334959Z,4.769
run_20260217_220238-0122,2026-02-17T01:34:23.867354Z,0.0
run_20260217_220238-0122,2026-02-17T01:39:23.867354Z,0.606
run_20260217_220238-0122,2026-02-17T01:44:23.867354Z,1.136
run_20260217_220238-0122,2026-02-17T01:49:23.867354Z,1.665
run_20260217_220238-0122,2026-02-17T01:54:23.867354Z,2.259
run_20260217_220238-0122,2026-02-17T01:59:23.867354Z,2.854
run_20260217_220238-0122,2026-02-17T02:04:23.867354Z,3.466
run_20260217_220238-0122,2026-02-17T02:09:23.867354Z,4.133
run_20260217_220238-0122,2026-02-17T02:14:23.867354Z,4.709
run_20260217_220238-0123,2026-02-17T15:30:49.864323Z,0.0
run_20260217_220238-0123,2026-02-17T15:35:49.864323Z,0.727
run_20260217_220238-0123,2026-02-17T15:40:49.864323Z,1.65
run_20260217_220238-0123,2026-02-17T15:45:49.864323Z,2.508
run_20260217_220238-0123,2026-02-17T15:50:49.864323Z,3.339
run_20260217_220238-0124,2026-02-17T21:24:12.251910Z,0.0
run_20260217_220238-0124,2026-02-17T21:29:12.251910Z,0.895
run_20260217_220238-0124,2026-02-17T21:34:12.251910Z,1.657
run_20260217_220238-0124,2026-02-17T21:39:12.251910Z,2.512
run_20260217_220238-0124,2026-02-17T21:44:12.251910Z,3.498
run_20260217_220238-0124,2026-02-17T21:49:12.251910Z,4.36
run_20260217_220238-0124,2026-02-17T21:54:12.251910Z,5.251
run_20260217_220238-0125,2026-02-17T14:42:39.461522Z,0.0
run_20260217_220238-0125,2026-02-17T14:47:39.461522Z,1.731
run_20260217_220238-0125,2026-02-17T14:52:39.461522Z,4.106
run_20260217_220238-0125,2026-02-17T14:57:39.461522Z,5.9
run_20260217_220238-0125,2026-02-17T15:02:39.461522Z,7.65
run_20260217_220238-0125,2026-02-17T15:07:39.461522Z,9.665
run_20260217_220238-0125,2026-02-17T15:12:39.461522Z,11.469
run_20260217_220238-0125,2026-02-17T15:17:39.461522Z,13.349
run_20260217_220238-0125,2026-02-17T15:22:39.461522Z,15.022
run_20260217_220238-0125,2026-02-17T15:27:39.461522Z,17.141
run_20260217_220238-0125,2026-02-17T15:32:39.461522Z,18.859
run_20260217_220238-0125,2026-02-17T15:37:39.461522Z,20.761
run_20260217_220238-0125,2026-02-17T15:42:39.461522Z,22.802
run_20260217_220238-0126,2026-02-17T23:02:57.833316Z,0.0
run_20260217_220238-0126,2026-02-17T23:07:57.833316Z,0.865
run_20260217_220238-0126,2026-02-17T23:12:57.833316Z,1.775
run_20260217_220238-0126,2026-02-17T23:17:57.833316Z,2.731
run_20260217_220238-0126,2026-02-17T23:22:57.833316Z,3.617
run_20260217_220238-0126,2026-02-17T23:27:57.833316Z,4.606
run_20260217_220238-0126,2026-02-17T23:32:57.833316Z,5.489
run_20260217_220238-0126,2026-02-17T23:37:57.833316Z,6.307
run_20260217_220238-0126,2026-02-17T23:42:57.833316Z,7.303
run_20260217_220238-0127,2026-02-17T11:48:27.985192Z,0.0
run_20260217_220238-0127,2026-02-17T11:53:27.985192Z,1.598
run_20260217_220238-0127,2026-02-17T11:58:27.985192Z,3.446
run_20260217_220238-0127,2026-02-17T12:03:27.985192Z,5.246
run_20260217_220238-0127,2026-02-17T12:08:27.985192Z,7.085
run_20260217_220238-0127,2026-02-17T12:13:27.985192Z,8.875
run_20260217_220238-0127,2026-02-17T12:18:27.985192Z,10.786
run_20260217_220238-0127,2026-02-17T12:23:27.985192Z,12.483
run_20260217_220238-0127,2026-02-17T12:28:27.985192Z,14.395
run_20260217_220238-0127,2026-02-17T12:33:27.985192Z,16.527
run_20260217_220238-0127,2026-02-17T12:38:27.985192Z,18.14
run_20260217_220238-0127,2026-02-17T12:43:27.985192Z,19.803
run_20260217_220238-0127,2026-02-17T12:48:27.985192Z,21.457
run_20260217_220238-0127,2026-02-17T12:53:27.985192Z,23.264
run_20260217_220238-0127,2026-02-17T12:58:27.985192Z,25.364
run_20260217_220238-0127,2026-02-17T13:03:27.985192Z,27.435
run_20260217_220238-0128,2026-02-17T09:58:43.588863Z,0.0
run_20260217_220238-0128,2026-02-17T10:03:43.588863Z,1.791
run_20260217_220238-0128,2026-02-17T10:08:43.588863Z,3.449
run_20260217_220238-0128,2026-02-17T10:13:43.588863Z,5.097
run_20260217_220238-0128,2026-02-17T10:18:43.588863Z,6.987
run_20260217_220238-0128,2026-02-17T10:23:43.588863Z,8.733
run_20260217_220238-0128,2026-02-17T10:28:43.588863Z,10.547
run_20260217_220238-0129,2026-02-17T23:31:43.811447Z,0.0
run_20260217_220238-0129,2026-02-17T23:36:43.811447Z,0.896
run_20260217_220238-0129,2026-02-17T23:41:43.811447Z,1.894
run_20260217_220238-0129,2026-02-17T23:46:43.811447Z,2.925
run_20260217_220238-0129,2026-02-17T23:51:43.811447Z,3.708
run_20260217_220238-0129,2026-02-17T23:56:43.811447Z,4.709
run_20260217_220238-0129,2026-02-18T00:01:43.811447Z,5.789
run_20260217_220238-0129,2026-02-18T00:06:43.811447Z,6.616
run_20260217_220238-0129,2026-02-18T00:11:43.811447Z,7.53
run_20260217_220238-0130,2026-02-17T10:31:19.382821Z,0.0
run_20260217_220238-0130,2026-02-17T10:36:19.382821Z,1.768
run_20260217_220238-0130,2026-02-17T10:41:19.382821Z,3.273
run_20260217_220238-0130,2026-02-17T10:46:19.382821Z,5.427
run_20260217_220238-0130,2026-02-17T10:51:19.382821Z,7.041
run_20260217_220238-0130,2026-02-17T10:56:19.382821Z,8.931
run_20260217_220238-0130,2026-02-17T11:01:19.382821Z,10.501
run_20260217_220238-0130,2026-02-17T11:06:19.382821Z,12.256
run_20260217_220238-0130,2026-02-17T11:11:19.382821Z,14.276
run_20260217_220238-0130,2026-02-17T11:16:19.382821Z,15.904
run_20260217_220238-0130,2026-02-17T11:21:19.382821Z,17.785
run_20260217_220238-0130,2026-02-17T11:26:19.382821Z,19.483
run_20260217_220238-0130,2026-02-17T11:31:19.382821Z,20.858
run_20260217_220238-0131,2026-02-17T18:35:11.487917Z,0.0
run_20260217_220238-0131,2026-02-17T18:40:11.487917Z,0.94
run_20260217_220238-0131,2026-02-17T18:45:11.487917Z,1.817
run_20260217_220238-0131,2026-02-17T18:50:11.487917Z,2.599
run_20260217_220238-0131,2026-02-17T18:55:11.487917Z,3.411
run_20260217_220238-0131,2026-02-17T19:00:11.487917Z,4.335
run_20260217_220238-0131,2026-02-17T19:05:11.487917Z,5.053
run_20260217_220238-0131,2026-02-17T19:10:11.487917Z,5.89
run_20260217_220238-0131,2026-02-17T19:15:11.487917Z,6.793
run_20260217_220238-0132,2026-02-17T14:52:14.422384Z,0.0
run_20260217_220238-0132,2026-02-17T14:57:14.422384Z,0.842
run_20260217_220238-0132,2026-02-17T15:02:14.422384Z,1.918
run_20260217_220238-0132,2026-02-17T15:07:14.422384Z,2.788
run_20260217_220238-0132,2026-02-17T15:12:14.422384Z,3.686
run_20260217_220238-0132,2026-02-17T15:17:14.422384Z,4.675
run_20260217_220238-0132,2026-02-17T15:22:14.422384Z,5.573
run_20260217_220238-0132,2026-02-17T15:27:14.422384Z,6.407
run_20260217_220238-0132,2026-02-17T15:32:14.422384Z,7.258
run_20260217_220238-0132,2026-02-17T15:37:14.422384Z,8.2
run_20260217_220238-0132,2026-02-17T15:42:14.422384Z,9.055
run_20260217_220238-0132,2026-02-17T15:47:14.422384Z,9.98
run_20260217_220238-0132,2026-02-17T15:52:14.422384Z,10.69
run_20260217_220238-0133,2026-02-17T21:21:42.823352Z,0.0
run_20260217_220238-0133,2026-02-17T21:26:42.823352Z,0.567
run_20260217_220238-0133,2026-02-17T21:31:42.823352Z,1.171
run_20260217_220238-0133,2026-02-17T21:36:42.823352Z,1.86
run_20260217_220238-0133,2026-02-17T21:41:42.823352Z,2.376
run_20260217_220238-0133,2026-02-17T21:46:42.823352Z,2.959
run_20260217_220238-0133,2026-02-17T21:51:42.823352Z,3.618
run_20260217_220238-0133,2026-02-17T21:56:42.823352Z,4.238
run_20260217_220238-0133,2026-02-17T22:01:42.823352Z,4.833
run_20260217_220238-0133,2026-02-17T22:06:42.823352Z,5.406
run_20260217_220238-0133,2026-02-17T22:11:42.823352Z,6.006
run_20260217_220238-0133,2026-02-17T22:16:42.823352Z,6.6
run_20260217_220238-0133,2026-02-17T22:21:42.823352Z,7.069
run_20260217_220238-0133,2026-02-17T22:26:42.823352Z,7.626
run_20260217_220238-0133,2026-02-17T22:31:42.823352Z,8.109
run_20260217_220238-0133,2026-02-17T22:36:42.823352Z,8.787
run_20260217_220238-0134,2026-02-17T19:11:47.003789Z,0.0
run_20260217_220238-0134,2026-02-17T19:16:47.003789Z,0.91
run_20260217_220238-0134,2026-02-17T19:21:47.003789Z,1.857
run_20260217_220238-0134,2026-02-17T19:26:47.003789Z,2.79
run_20260217_220238-0134,2026-02-17T19:31:47.003789Z,3.574
run_20260217_220238-0134,2026-02-17T19:36:47.003789Z,4.508
run_20260217_220238-0134,2026-02-17T19:41:47.003789Z,5.573
run_20260217_220238-0134,2026-02-17T19:46:47.003789Z,6.505
run_20260217_220238-0134,2026-02-17T19:51:47.003789Z,7.401
run_20260217_220238-0135,2026-02-17T03:52:50.937582Z,0.0
run_20260217_220238-0135,2026-02-17T03:57:50.937582Z,0.931
run_20260217_220238-0135,2026-02-17T04:02:50.937582Z,1.79
run_20260217_220238-0135,2026-02-17T04:07:50.937582Z,2.706
run_20260217_220238-0135,2026-02-17T04:12:50.937582Z,3.436
run_20260217_220238-0136,2026-02-17T23:45:39.316643Z,0.0
run_20260217_220238-0136,2026-02-17T23:50:39.316643Z,2.242
run_20260217_220238-0136,2026-02-17T23:55:39.316643Z,4.402
run_20260217_220238-0136,2026-02-18T00:00:39.316643Z,6.117
run_20260217_220238-0136,2026-02-18T00:05:39.316643Z,8.488
run_20260217_220238-0136,2026-02-18T00:10:39.316643Z,10.116
run_20260217_220238-0136,2026-02-18T00:15:39.316643Z,11.891
run_20260217_220238-0136,2026-02-18T00:20:39.316643Z,14.056
run_20260217_220238-0136,2026-02-18T00:25:39.316643Z,15.755
run_20260217_220238-0136,2026-02-18T00:30:39.316643Z,17.471
run_20260217_220238-0136,2026-02-18T00:35:39.316643Z,19.328
run_20260217_220238-0136,2026-02-18T00:40:39.316643Z,21.244
run_20260217_220238-0136,2026-02-18T00:45:39.316643Z,23.148
run_20260217_220238-0136,2026-02-18T00:50:39.316643Z,24.845
run_20260217_220238-0136,2026-02-18T00:55:39.316643Z,26.714
run_20260217_220238-0136,2026-02-18T01:00:39.316643Z,28.665
run_20260217_220238-0137,2026-02-17T05:48:30.770378Z,0.0
run_20260217_220238-0137,2026-02-17T05:53:30.770378Z,2.109
run_20260217_220238-0137,2026-02-17T05:58:30.770378Z,4.184
run_20260217_220238-0137,2026-02-17T06:03:30.770378Z,5.71
run_20260217_220238-0137,2026-02-17T06:08:30.770378Z,7.646
run_20260217_220238-0137,2026-02-17T06:13:30.770378Z,9.284
run_20260217_220238-0137,2026-02-17T06:18:30.770378Z,11.351
run_20260217_220238-0138,2026-02-17T12:31:27.965890Z,0.0
run_20260217_220238-0138,2026-02-17T12:36:27.965890Z,0.646
run_20260217_220238-0138,2026-02-17T12:41:27.965890Z,1.243
run_20260217_220238-0138,2026-02-17T12:46:27.965890Z,1.887
run_20260217_220238-0138,2026-02-17T12:51:27.965890Z,2.491
run_20260217_220238-0138,2026-02-17T12:56:27.965890Z,2.942
run_20260217_220238-0138,2026-02-17T13:01:27.965890Z,3.511
run_20260217_220238-0139,2026-02-17T15:21:14.699376Z,0.0
run_20260217_220238-0139,2026-02-17T15:26:14.699376Z,0.691
run_20260217_220238-0139,2026-02-17T15:31:14.699376Z,1.258
run_20260217_220238-0139,2026-02-17T15:36:14.699376Z,1.799
run_20260217_220238-0139,2026-02-17T15:41:14.699376Z,2.449
run_20260217_220238-0139,2026-02-17T15:46:14.699376Z,3.126
run_20260217_220238-0139,2026-02-17T15:51:14.699376Z,3.837
run_20260217_220238-0140,2026-02-17T21:09:55.279559Z,0.0
run_20260217_220238-0140,2026-02-17T21:14:55.279559Z,0.828
run_20260217_220238-0140,2026-02-17T21:19:55.279559Z,1.696
run_20260217_220238-0140,2026-02-17T21:24:55.279559Z,2.57
run_20260217_220238-0140,2026-02-17T21:29:55.279559Z,3.522
run_20260217_220238-0140,2026-02-17T21:34:55.279559Z,4.478
run_20260217_220238-0140,2026-02-17T21:39:55.279559Z,5.393
run_20260217_220238-0140,2026-02-17T21:44:55.279559Z,6.184
run_20260217_220238-0140,2026-02-17T21:49:55.279559Z,7.001
run_20260217_220238-0141,2026-02-17T04:44:07.632710Z,0.0
run_20260217_220238-0141,2026-02-17T04:49:07.632710Z,0.638
run_20260217_220238-0141,2026-02-17T04:54:07.632710Z,1.204
run_20260217_220238-0141,2026-02-17T04:59:07.632710Z,1.731
run_20260217_220238-0141,2026-02-17T05:04:07.632710Z,2.348
run_20260217_220238-0141,2026-02-17T05:09:07.632710Z,2.877
run_20260217_220238-0141,2026-02-17T05:14:07.632710Z,3.421
run_20260217_220238-0142,2026-02-17T04:05:33.921738Z,0.0
run_20260217_220238-0142,2026-02-17T04:10:33.921738Z,0.59
run_20260217_220238-0142,2026-02-17T04:15:33.921738Z,1.159
run_20260217_220238-0142,2026-02-17T04:20:33.921738Z,1.744
run_20260217_220238-0142,2026-02-17T04:25:33.921738Z,2.31
run_20260217_220238-0142,2026-02-17T04:30:33.921738Z,2.974
run_20260217_220238-0142,2026-02-17T04:35:33.921738Z,3.604
run_20260217_220238-0142,2026-02-17T04:40:33.921738Z,4.232
run_20260217_220238-0142,2026-02-17T04:45:33.921738Z,4.809
run_20260217_220238-0142,2026-02-17T04:50:33.921738Z,5.396
run_20260217_220238-0142,2026-02-17T04:55:33.921738Z,5.887
run_20260217_220238-0142,2026-02-17T05:00:33.921738Z,6.48
run_20260217_220238-0142,2026-02-17T05:05:33.921738Z,7.011
run_20260217_220238-0142,2026-02-17T05:10:33.921738Z,7.632
run_20260217_220238-0142,2026-02-17T05:15:33.921738Z,8.212
run_20260217_220238-0142,2026-02-17T05:20:33.921738Z,8.817
run_20260217_220238-0143,2026-02-17T16:35:14.149668Z,0.0
run_20260217_220238-0143,2026-02-17T16:40:14.149668Z,0.916
run_20260217_220238-0143,2026-02-17T16:45:14.149668Z,1.84
run_20260217_220238-0143,2026-02-17T16:50:14.149668Z,2.764
run_20260217_220238-0143,2026-02-17T16:55:14.149668Z,3.716
run_20260217_220238-0144,2026-02-17T22:27:11.143594Z,0.0
run_20260217_220238-0144,2026-02-17T22:32:11.143594Z,0.668
run_20260217_220238-0144,2026-02-17T22:37:11.143594Z,1.262
run_20260217_220238-0144,2026-02-17T22:42:11.143594Z,1.853
run_20260217_220238-0144,2026-02-17T22:47:11.143594Z,2.49
run_20260217_220238-0145,2026-02-17T00:30:12.004183Z,0.0
run_20260217_220238-0145,2026-02-17T00:35:12.004183Z,1.007
run_20260217_220238-0145,2026-02-17T00:40:12.004183Z,1.919
run_20260217_220238-0145,2026-02-17T00:45:12.004183Z,2.972
run_20260217_220238-0145,2026-02-17T00:50:12.004183Z,3.743
run_20260217_220238-0145,2026-02-17T00:55:12.004183Z,4.561
run_20260217_220238-0145,2026-02-17T01:00:12.004183Z,5.576
run_20260217_220238-0145,2026-02-17T01:05:12.004183Z,6.432
run_20260217_220238-0145,2026-02-17T01:10:12.004183Z,7.252
run_20260217_220238-0145,2026-02-17T01:15:12.004183Z,8.12
run_20260217_220238-0145,2026-02-17T01:20:12.004183Z,8.967
run_20260217_220238-0145,2026-02-17T01:25:12.004183Z,9.933
run_20260217_220238-0145,2026-02-17T01:30:12.004183Z,10.952
run_20260217_220238-0146,2026-02-17T00:29:38.213825Z,0.0
run_20260217_220238-0146,2026-02-17T00:34:38.213825Z,0.666
run_20260217_220238-0146,2026-02-17T00:39:38.213825Z,1.257
run_20260217_220238-0146,2026-02-17T00:44:38.213825Z,1.845
run_20260217_220238-0146,2026-02-17T00:49:38.213825Z,2.383
run_20260217_220238-0147,2026-02-17T18:02:34.959873Z,0.0
run_20260217_220238-0147,2026-02-17T18:07:34.959873Z,0.577
run_20260217_220238-0147,2026-02-17T18:12:34.959873Z,1.317
run_20260217_220238-0147,2026-02-17T18:17:34.959873Z,1.912
run_20260217_220238-0147,2026-02-17T18:22:34.959873Z,2.483
run_20260217_220238-0147,2026-02-17T18:27:34.959873Z,3.106
run_20260217_220238-0147,2026-02-17T18:32:34.959873Z,3.648
run_20260217_220238-0147,2026-02-17T18:37:34.959873Z,4.26
run_20260217_220238-0147,2026-02-17T18:42:34.959873Z,4.736
run_20260217_220238-0148,2026-02-17T22:22:06.065990Z,0.0
run_20260217_220238-0148,2026-02-17T22:27:06.065990Z,0.515
run_20260217_220238-0148,2026-02-17T22:32:06.065990Z,1.145
run_20260217_220238-0148,2026-02-17T22:37:06.065990Z,1.776
run_20260217_220238-0148,2026-02-17T22:42:06.065990Z,2.344
run_20260217_220238-0148,2026-02-17T22:47:06.065990Z,3.006
run_20260217_220238-0148,2026-02-17T22:52:06.065990Z,3.624
run_20260217_220238-0148,2026-02-17T22:57:06.065990Z,4.126
run_20260217_220238-0148,2026-02-17T23:02:06.065990Z,4.701
run_20260217_220238-0148,2026-02-17T23:07:06.065990Z,5.307
run_20260217_220238-0148,2026-02-17T23:12:06.065990Z,5.874
run_20260217_220238-0148,2026-02-17T23:17:06.065990Z,6.518
run_20260217_220238-0148,2026-02-17T23:22:06.065990Z,7.116
run_20260217_220238-0148,2026-02-17T23:27:06.065990Z,7.784
run_20260217_220238-0148,2026-02-17T23:32:06.065990Z,8.345
run_20260217_220238-0148,2026-02-17T23:37:06.065990Z,8.854
run_20260217_220238-0149,2026-02-17T02:57:11.280964Z,0.0
run_20260217_220238-0149,2026-02-17T03:02:11.280964Z,0.552
run_20260217_220238-0149,2026-02-17T03:07:11.280964Z,1.11
run_20260217_220238-0149,2026-02-17T03:12:11.280964Z,1.735
run_20260217_220238-0149,2026-02-17T03:17:11.280964Z,2.26
run_20260217_220238-0149,2026-02-17T03:22:11.280964Z,2.832
run_20260217_220238-0149,2026-02-17T03:27:11.280964Z,3.429
run_20260217_220238-0149,2026-02-17T03:32:11.280964Z,3.992
run_20260217_220238-0149,2026-02-17T03:37:11.280964Z,4.558
run_20260217_220238-0149,2026-02-17T03:42:11.280964Z,5.09
run_20260217_220238-0149,2026-02-17T03:47:11.280964Z,5.742
run_20260217_220238-0149,2026-02-17T03:52:11.280964Z,6.358
run_20260217_220238-0149,2026-02-17T03:57:11.280964Z,6.922
run_20260217_220238-0149,2026-02-17T04:02:11.280964Z,7.476
run_20260217_220238-0149,2026-02-17T04:07:11.280964Z,7.984
run_20260217_220238-0149,2026-02-17T04:12:11.280964Z,8.57
run_20260217_220238-0150,2026-02-17T14:56:53.839713Z,0.0
run_20260217_220238-0150,2026-02-17T15:01:53.839713Z,0.92
run_20260217_220238-0150,2026-02-17T15:06:53.839713Z,1.902
run_20260217_220238-0150,2026-02-17T15:11:53.839713Z,2.851
run_20260217_220238-0150,2026-02-17T15:16:53.839713Z,3.728
run_20260217_220238-0150,2026-02-17T15:21:53.839713Z,4.614
run_20260217_220238-0150,2026-02-17T15:26:53.839713Z,5.538
run_20260217_220238-0150,2026-02-17T15:31:53.839713Z,6.373
run_20260217_220238-0150,2026-02-17T15:36:53.839713Z,7.34
run_20260217_220238-0150,2026-02-17T15:41:53.839713Z,8.167
run_20260217_220238-0150,2026-02-17T15:46:53.839713Z,9.067
run_20260217_220238-0150,2026-02-17T15:51:53.839713Z,9.981
run_20260217_220238-0150,2026-02-17T15:56:53.839713Z,10.979
run_20260217_220238-0150,2026-02-17T16:01:53.839713Z,11.984
run_20260217_220238-0150,2026-02-17T16:06:53.839713Z,12.948
run_20260217_220238-0150,2026-02-17T16:11:53.839713Z,13.787
run_20260217_220238-0151,2026-02-17T14:55:52.686963Z,0.0
run_20260217_220238-0151,2026-02-17T15:00:52.686963Z,1.998
run_20260217_220238-0151,2026-02-17T15:05:52.686963Z,3.9
run_20260217_220238-0151,2026-02-17T15:10:52.686963Z,5.751
run_20260217_220238-0151,2026-02-17T15:15:52.686963Z,7.667
run_20260217_220238-0151,2026-02-17T15:20:52.686963Z,9.27
run_20260217_220238-0151,2026-02-17T15:25:52.686963Z,11.043
run_20260217_220238-0151,2026-02-17T15:30:52.686963Z,12.763
run_20260217_220238-0151,2026-02-17T15:35:52.686963Z,14.699
run_20260217_220238-0151,2026-02-17T15:40:52.686963Z,16.918
run_20260217_220238-0151,2026-02-17T15:45:52.686963Z,18.62
run_20260217_220238-0151,2026-02-17T15:50:52.686963Z,20.832
run_20260217_220238-0151,2026-02-17T15:55:52.686963Z,22.694
run_20260217_220238-0151,2026-02-17T16:00:52.686963Z,24.643
run_20260217_220238-0151,2026-02-17T16:05:52.686963Z,26.46
run_20260217_220238-0151,2026-02-17T16:10:52.686963Z,27.99
run_20260217_220238-0152,2026-02-17T18:09:39.949089Z,0.0
run_20260217_220238-0152,2026-02-17T18:14:39.949089Z,1.948
run_20260217_220238-0152,2026-02-17T18:19:39.949089Z,4.172
run_20260217_220238-0152,2026-02-17T18:24:39.949089Z,5.705
run_20260217_220238-0152,2026-02-17T18:29:39.949089Z,7.437
run_20260217_220238-0152,2026-02-17T18:34:39.949089Z,9.104
run_20260217_220238-0152,2026-02-17T18:39:39.949089Z,11.092
run_20260217_220238-0152,2026-02-17T18:44:39.949089Z,12.835
run_20260217_220238-0152,2026-02-17T18:49:39.949089Z,14.779
run_20260217_220238-0152,2026-02-17T18:54:39.949089Z,16.398
run_20260217_220238-0152,2026-02-17T18:59:39.949089Z,18.214
run_20260217_220238-0152,2026-02-17T19:04:39.949089Z,20.468
run_20260217_220238-0152,2026-02-17T19:09:39.949089Z,22.602
run_20260217_220238-0152,2026-02-17T19:14:39.949089Z,24.091
run_20260217_220238-0152,2026-02-17T19:19:39.949089Z,25.991
run_20260217_220238-0152,2026-02-17T19:24:39.949089Z,27.976
run_20260217_220238-0153,2026-02-17T03:14:43.069697Z,0.0
run_20260217_220238-0153,2026-02-17T03:19:43.069697Z,0.57
run_20260217_220238-0153,2026-02-17T03:24:43.069697Z,1.161
run_20260217_220238-0153,2026-02-17T03:29:43.069697Z,1.901
run_20260217_220238-0153,2026-02-17T03:34:43.069697Z,2.446
run_20260217_220238-0153,2026-02-17T03:39:43.069697Z,3.016
run_20260217_220238-0153,2026-02-17T03:44:43.069697Z,3.647
run_20260217_220238-0154,2026-02-17T18:05:08.926585Z,0.0
run_20260217_220238-0154,2026-02-17T18:10:08.926585Z,1.967
run_20260217_220238-0154,2026-02-17T18:15:08.926585Z,3.957
run_20260217_220238-0154,2026-02-17T18:20:08.926585Z,5.732
run_20260217_220238-0154,2026-02-17T18:25:08.926585Z,7.583
run_20260217_220238-0154,2026-02-17T18:30:08.926585Z,9.205
run_20260217_220238-0154,2026-02-17T18:35:08.926585Z,10.989
run_20260217_220238-0154,2026-02-17T18:40:08.926585Z,12.525
run_20260217_220238-0154,2026-02-17T18:45:08.926585Z,14.07
run_20260217_220238-0154,2026-02-17T18:50:08.926585Z,15.976
run_20260217_220238-0154,2026-02-17T18:55:08.926585Z,17.749
run_20260217_220238-0154,2026-02-17T19:00:08.926585Z,19.663
run_20260217_220238-0154,2026-02-17T19:05:08.926585Z,21.384
run_20260217_220238-0154,2026-02-17T19:10:08.926585Z,23.184
run_20260217_220238-0154,2026-02-17T19:15:08.926585Z,25.446
run_20260217_220238-0154,2026-02-17T19:20:08.926585Z,26.922
run_20260217_220238-0155,2026-02-17T03:50:44.482153Z,0.0
run_20260217_220238-0155,2026-02-17T03:55:44.482153Z,1.853
run_20260217_220238-0155,2026-02-17T04:00:44.482153Z,3.693
run_20260217_220238-0155,2026-02-17T04:05:44.482153Z,5.694
run_20260217_220238-0155,2026-02-17T04:10:44.482153Z,7.724
run_20260217_220238-0156,2026-02-17T23:45:50.177710Z,0.0
run_20260217_220238-0156,2026-02-17T23:50:50.177710Z,0.828
run_20260217_220238-0156,2026-02-17T23:55:50.177710Z,1.835
run_20260217_220238-0156,2026-02-18T00:00:50.177710Z,2.689
run_20260217_220238-0156,2026-02-18T00:05:50.177710Z,3.495
run_20260217_220238-0156,2026-02-18T00:10:50.177710Z,4.307
run_20260217_220238-0156,2026-02-18T00:15:50.177710Z,5.234
run_20260217_220238-0156,2026-02-18T00:20:50.177710Z,6.267
run_20260217_220238-0156,2026-02-18T00:25:50.177710Z,7.189
run_20260217_220238-0156,2026-02-18T00:30:50.177710Z,8.217
run_20260217_220238-0156,2026-02-18T00:35:50.177710Z,9.143
run_20260217_220238-0156,2026-02-18T00:40:50.177710Z,10.02
run_20260217_220238-0156,2026-02-18T00:45:50.177710Z,11.186
run_20260217_220238-0156,2026-02-18T00:50:50.177710Z,12.27
run_20260217_220238-0156,2026-02-18T00:55:50.177710Z,13.205
run_20260217_220238-0156,2026-02-18T01:00:50.177710Z,14.045
run_20260217_220238-0157,2026-02-17T21:40:18.479882Z,0.0
run_20260217_220238-0157,2026-02-17T21:45:18.479882Z,0.503
run_20260217_220238-0157,2026-02-17T21:50:18.479882Z,1.13
run_20260217_220238-0157,2026-02-17T21:55:18.479882Z,1.798
run_20260217_220238-0157,2026-02-17T22:00:18.479882Z,2.417
run_20260217_220238-0157,2026-02-17T22:05:18.479882Z,2.974
run_20260217_220238-0157,2026-02-17T22:10:18.479882Z,3.527
run_20260217_220238-0158,2026-02-17T18:08:46.837942Z,0.0
run_20260217_220238-0158,2026-02-17T18:13:46.837942Z,0.97
run_20260217_220238-0158,2026-02-17T18:18:46.837942Z,1.815
run_20260217_220238-0158,2026-02-17T18:23:46.837942Z,2.569
run_20260217_220238-0158,2026-02-17T18:28:46.837942Z,3.383
run_20260217_220238-0158,2026-02-17T18:33:46.837942Z,4.15
run_20260217_220238-0158,2026-02-17T18:38:46.837942Z,5.069
run_20260217_220238-0159,2026-02-17T12:33:33.159349Z,0.0
run_20260217_220238-0159,2026-02-17T12:38:33.159349Z,1.752
run_20260217_220238-0159,2026-02-17T12:43:33.159349Z,3.688
run_20260217_220238-0159,2026-02-17T12:48:33.159349Z,5.711
run_20260217_220238-0159,2026-02-17T12:53:33.159349Z,7.251
run_20260217_220238-0160,2026-02-17T00:36:40.245977Z,0.0
run_20260217_220238-0160,2026-02-17T00:41:40.245977Z,0.642
run_20260217_220238-0160,2026-02-17T00:46:40.245977Z,1.259
run_20260217_220238-0160,2026-02-17T00:51:40.245977Z,1.987
run_20260217_220238-0160,2026-02-17T00:56:40.245977Z,2.559
run_20260217_220238-0160,2026-02-17T01:01:40.245977Z,3.087
run_20260217_220238-0160,2026-02-17T01:06:40.245977Z,3.669
run_20260217_220238-0160,2026-02-17T01:11:40.245977Z,4.404
run_20260217_220238-0160,2026-02-17T01:16:40.245977Z,4.984
run_20260217_220238-0160,2026-02-17T01:21:40.245977Z,5.54
run_20260217_220238-0160,2026-02-17T01:26:40.245977Z,6.055
run_20260217_220238-0160,2026-02-17T01:31:40.245977Z,6.632
run_20260217_220238-0160,2026-02-17T01:36:40.245977Z,7.282
run_20260217_220238-0160,2026-02-17T01:41:40.245977Z,7.987
run_20260217_220238-0160,2026-02-17T01:46:40.245977Z,8.628
run_20260217_220238-0160,2026-02-17T01:51:40.245977Z,9.232
run_20260217_220238-0161,2026-02-17T06:52:41.735044Z,0.0
run_20260217_220238-0161,2026-02-17T06:57:41.735044Z,0.576
run_20260217_220238-0161,2026-02-17T07:02:41.735044Z,1.25
run_20260217_220238-0161,2026-02-17T07:07:41.735044Z,1.743
run_20260217_220238-0161,2026-02-17T07:12:41.735044Z,2.296
run_20260217_220238-0161,2026-02-17T07:17:41.735044Z,2.863
run_20260217_220238-0161,2026-02-17T07:22:41.735044Z,3.396
run_20260217_220238-0161,2026-02-17T07:27:41.735044Z,3.922
run_20260217_220238-0161,2026-02-17T07:32:41.735044Z,4.588
run_20260217_220238-0161,2026-02-17T07:37:41.735044Z,5.211
run_20260217_220238-0161,2026-02-17T07:42:41.735044Z,5.722
run_20260217_220238-0161,2026-02-17T07:47:41.735044Z,6.41
run_20260217_220238-0161,2026-02-17T07:52:41.735044Z,7.057
run_20260217_220238-0162,2026-02-17T13:29:35.574954Z,0.0
run_20260217_220238-0162,2026-02-17T13:34:35.574954Z,0.817
run_20260217_220238-0162,2026-02-17T13:39:35.574954Z,1.656
run_20260217_220238-0162,2026-02-17T13:44:35.574954Z,2.373
run_20260217_220238-0162,2026-02-17T13:49:35.574954Z,3.153
run_20260217_220238-0163,2026-02-17T17:25:24.544726Z,0.0
run_20260217_220238-0163,2026-02-17T17:30:24.544726Z,0.933
run_20260217_220238-0163,2026-02-17T17:35:24.544726Z,1.964
run_20260217_220238-0163,2026-02-17T17:40:24.544726Z,2.84
run_20260217_220238-0163,2026-02-17T17:45:24.544726Z,3.798
run_20260217_220238-0163,2026-02-17T17:50:24.544726Z,4.637
run_20260217_220238-0163,2026-02-17T17:55:24.544726Z,5.508
run_20260217_220238-0163,2026-02-17T18:00:24.544726Z,6.435
run_20260217_220238-0163,2026-02-17T18:05:24.544726Z,7.276
run_20260217_220238-0163,2026-02-17T18:10:24.544726Z,8.193
run_20260217_220238-0163,2026-02-17T18:15:24.544726Z,9.146
run_20260217_220238-0163,2026-02-17T18:20:24.544726Z,10.053
run_20260217_220238-0163,2026-02-17T18:25:24.544726Z,11.058
run_20260217_220238-0164,2026-02-17T14:37:56.661326Z,0.0
run_20260217_220238-0164,2026-02-17T14:42:56.661326Z,0.721
run_20260217_220238-0164,2026-02-17T14:47:56.661326Z,1.399
run_20260217_220238-0164,2026-02-17T14:52:56.661326Z,1.903
run_20260217_220238-0164,2026-02-17T14:57:56.661326Z,2.538
run_20260217_220238-0164,2026-02-17T15:02:56.661326Z,3.158
run_20260217_220238-0164,2026-02-17T15:07:56.661326Z,3.774
run_20260217_220238-0164,2026-02-17T15:12:56.661326Z,4.304
run_20260217_220238-0164,2026-02-17T15:17:56.661326Z,4.936
run_20260217_220238-0165,2026-02-17T23:21:10.971493Z,0.0
run_20260217_220238-0165,2026-02-17T23:26:10.971493Z,2.04
run_20260217_220238-0165,2026-02-17T23:31:10.971493Z,4.01
run_20260217_220238-0165,2026-02-17T23:36:10.971493Z,5.762
run_20260217_220238-0165,2026-02-17T23:41:10.971493Z,7.756
run_20260217_220238-0165,2026-02-17T23:46:10.971493Z,9.542
run_20260217_220238-0165,2026-02-17T23:51:10.971493Z,11.551
run_20260217_220238-0165,2026-02-17T23:56:10.971493Z,13.724
run_20260217_220238-0165,2026-02-18T00:01:10.971493Z,15.758
run_20260217_220238-0166,2026-02-17T19:54:48.035419Z,0.0
run_20260217_220238-0166,2026-02-17T19:59:48.035419Z,0.633
run_20260217_220238-0166,2026-02-17T20:04:48.035419Z,1.272
run_20260217_220238-0166,2026-02-17T20:09:48.035419Z,1.85
run_20260217_220238-0166,2026-02-17T20:14:48.035419Z,2.451
run_20260217_220238-0166,2026-02-17T20:19:48.035419Z,2.993
run_20260217_220238-0166,2026-02-17T20:24:48.035419Z,3.618
run_20260217_220238-0166,2026-02-17T20:29:48.035419Z,4.194
run_20260217_220238-0166,2026-02-17T20:34:48.035419Z,4.797
run_20260217_220238-0166,2026-02-17T20:39:48.035419Z,5.396
run_20260217_220238-0166,2026-02-17T20:44:48.035419Z,6.041
run_20260217_220238-0166,2026-02-17T20:49:48.035419Z,6.585
run_20260217_220238-0166,2026-02-17T20:54:48.035419Z,7.128
run_20260217_220238-0167,2026-02-17T20:43:53.704981Z,0.0
run_20260217_220238-0167,2026-02-17T20:48:53.704981Z,0.854
run_20260217_220238-0167,2026-02-17T20:53:53.704981Z,1.881
run_20260217_220238-0167,2026-02-17T20:58:53.704981Z,2.825
run_20260217_220238-0167,2026-02-17T21:03:53.704981Z,3.665
run_20260217_220238-0168,2026-02-17T04:13:06.555252Z,0.0
run_20260217_220238-0168,2026-02-17T04:18:06.555252Z,0.575
run_20260217_220238-0168,2026-02-17T04:23:06.555252Z,1.252
run_20260217_220238-0168,2026-02-17T04:28:06.555252Z,1.829
run_20260217_220238-0168,2026-02-17T04:33:06.555252Z,2.364
run_20260217_220238-0168,2026-02-17T04:38:06.555252Z,2.991
run_20260217_220238-0168,2026-02-17T04:43:06.555252Z,3.645
run_20260217_220238-0168,2026-02-17T04:48:06.555252Z,4.204
run_20260217_220238-0168,2026-02-17T04:53:06.555252Z,4.893
run_20260217_220238-0168,2026-02-17T04:58:06.555252Z,5.387
run_20260217_220238-0168,2026-02-17T05:03:06.555252Z,5.871
run_20260217_220238-0168,2026-02-17T05:08:06.555252Z,6.481
run_20260217_220238-0168,2026-02-17T05:13:06.555252Z,7.029
run_20260217_220238-0168,2026-02-17T05:18:06.555252Z,7.609
run_20260217_220238-0168,2026-02-17T05:23:06.555252Z,8.313
run_20260217_220238-0168,2026-02-17T05:28:06.555252Z,8.821
run_20260217_220238-0169,2026-02-17T10:53:17.647017Z,0.0
run_20260217_220238-0169,2026-02-17T10:58:17.647017Z,0.704
run_20260217_220238-0169,2026-02-17T11:03:17.647017Z,1.368
run_20260217_220238-0169,2026-02-17T11:08:17.647017Z,1.949
run_20260217_220238-0169,2026-02-17T11:13:17.647017Z,2.532
run_20260217_220238-0169,2026-02-17T11:18:17.647017Z,3.07
run_20260217_220238-0169,2026-02-17T11:23:17.647017Z,3.646
run_20260217_220238-0169,2026-02-17T11:28:17.647017Z,4.335
run_20260217_220238-0169,2026-02-17T11:33:17.647017Z,4.98
run_20260217_220238-0169,2026-02-17T11:38:17.647017Z,5.483
run_20260217_220238-0169,2026-02-17T11:43:17.647017Z,6.024
run_20260217_220238-0169,2026-02-17T11:48:17.647017Z,6.662
run_20260217_220238-0169,2026-02-17T11:53:17.647017Z,7.232
run_20260217_220238-0169,2026-02-17T11:58:17.647017Z,7.799
run_20260217_220238-0169,2026-02-17T12:03:17.647017Z,8.347
run_20260217_220238-0169,2026-02-17T12:08:17.647017Z,8.867
run_20260217_220238-0170,2026-02-17T00:12:23.466913Z,0.0
run_20260217_220238-0170,2026-02-17T00:17:23.466913Z,1.656
run_20260217_220238-0170,2026-02-17T00:22:23.466913Z,3.617
run_20260217_220238-0170,2026-02-17T00:27:23.466913Z,5.697
run_20260217_220238-0170,2026-02-17T00:32:23.466913Z,7.395
run_20260217_220238-0170,2026-02-17T00:37:23.466913Z,8.917
run_20260217_220238-0170,2026-02-17T00:42:23.466913Z,10.662
run_20260217_220238-0170,2026-02-17T00:47:23.466913Z,12.248
run_20260217_220238-0170,2026-02-17T00:52:23.466913Z,14.382
run_20260217_220238-0170,2026-02-17T00:57:23.466913Z,15.961
run_20260217_220238-0170,2026-02-17T01:02:23.466913Z,17.735
run_20260217_220238-0170,2026-02-17T01:07:23.466913Z,19.838
run_20260217_220238-0170,2026-02-17T01:12:23.466913Z,21.831
run_20260217_220238-0171,2026-02-17T19:59:28.354181Z,0.0
run_20260217_220238-0171,2026-02-17T20:04:28.354181Z,0.52
run_20260217_220238-0171,2026-02-17T20:09:28.354181Z,1.087
run_20260217_220238-0171,2026-02-17T20:14:28.354181Z,1.592
run_20260217_220238-0171,2026-02-17T20:19:28.354181Z,2.068
run_20260217_220238-0171,2026-02-17T20:24:28.354181Z,2.615
run_20260217_220238-0171,2026-02-17T20:29:28.354181Z,3.308
run_20260217_220238-0171,2026-02-17T20:34:28.354181Z,3.93
run_20260217_220238-0171,2026-02-17T20:39:28.354181Z,4.547
run_20260217_220238-0171,2026-02-17T20:44:28.354181Z,5.164
run_20260217_220238-0171,2026-02-17T20:49:28.354181Z,5.862
run_20260217_220238-0171,2026-02-17T20:54:28.354181Z,6.377
run_20260217_220238-0171,2026-02-17T20:59:28.354181Z,6.944
run_20260217_220238-0171,2026-02-17T21:04:28.354181Z,7.554
run_20260217_220238-0171,2026-02-17T21:09:28.354181Z,8.212
run_20260217_220238-0171,2026-02-17T21:14:28.354181Z,8.723
run_20260217_220238-0172,2026-02-17T15:42:14.817711Z,0.0
run_20260217_220238-0172,2026-02-17T15:47:14.817711Z,0.948
run_20260217_220238-0172,2026-02-17T15:52:14.817711Z,1.94
run_20260217_220238-0172,2026-02-17T15:57:14.817711Z,2.915
run_20260217_220238-0172,2026-02-17T16:02:14.817711Z,3.876
run_20260217_220238-0173,2026-02-17T16:29:52.674287Z,0.0
run_20260217_220238-0173,2026-02-17T16:34:52.674287Z,0.593
run_20260217_220238-0173,2026-02-17T16:39:52.674287Z,1.138
run_20260217_220238-0173,2026-02-17T16:44:52.674287Z,1.731
run_20260217_220238-0173,2026-02-17T16:49:52.674287Z,2.409
run_20260217_220238-0173,2026-02-17T16:54:52.674287Z,3.064
run_20260217_220238-0173,2026-02-17T16:59:52.674287Z,3.643
run_20260217_220238-0173,2026-02-17T17:04:52.674287Z,4.249
run_20260217_220238-0173,2026-02-17T17:09:52.674287Z,4.94
run_20260217_220238-0173,2026-02-17T17:14:52.674287Z,5.566
run_20260217_220238-0173,2026-02-17T17:19:52.674287Z,6.221
run_20260217_220238-0173,2026-02-17T17:24:52.674287Z,6.829
run_20260217_220238-0173,2026-02-17T17:29:52.674287Z,7.512
run_20260217_220238-0174,2026-02-17T19:47:47.240684Z,0.0
run_20260217_220238-0174,2026-02-17T19:52:47.240684Z,1.021
run_20260217_220238-0174,2026-02-17T19:57:47.240684Z,1.723
run_20260217_220238-0174,2026-02-17T20:02:47.240684Z,2.554
run_20260217_220238-0174,2026-02-17T20:07:47.240684Z,3.482
run_20260217_220238-0174,2026-02-17T20:12:47.240684Z,4.491
run_20260217_220238-0174,2026-02-17T20:17:47.240684Z,5.46
run_20260217_220238-0175,2026-02-17T06:17:09.644871Z,0.0
run_20260217_220238-0175,2026-02-17T06:22:09.644871Z,1.037
run_20260217_220238-0175,2026-02-17T06:27:09.644871Z,1.877
run_20260217_220238-0175,2026-02-17T06:32:09.644871Z,2.744
run_20260217_220238-0175,2026-02-17T06:37:09.644871Z,3.643
run_20260217_220238-0175,2026-02-17T06:42:09.644871Z,4.5
run_20260217_220238-0175,2026-02-17T06:47:09.644871Z,5.419
run_20260217_220238-0176,2026-02-17T04:47:42.996365Z,0.0
run_20260217_220238-0176,2026-02-17T04:52:42.996365Z,0.491
run_20260217_220238-0176,2026-02-17T04:57:42.996365Z,1.064
run_20260217_220238-0176,2026-02-17T05:02:42.996365Z,1.694
run_20260217_220238-0176,2026-02-17T05:07:42.996365Z,2.362
run_20260217_220238-0176,2026-02-17T05:12:42.996365Z,3.02
run_20260217_220238-0176,2026-02-17T05:17:42.996365Z,3.465
run_20260217_220238-0176,2026-02-17T05:22:42.996365Z,4.075
run_20260217_220238-0176,2026-02-17T05:27:42.996365Z,4.652
run_20260217_220238-0176,2026-02-17T05:32:42.996365Z,5.307
run_20260217_220238-0176,2026-02-17T05:37:42.996365Z,5.884
run_20260217_220238-0176,2026-02-17T05:42:42.996365Z,6.502
run_20260217_220238-0176,2026-02-17T05:47:42.996365Z,7.062
run_20260217_220238-0176,2026-02-17T05:52:42.996365Z,7.716
run_20260217_220238-0176,2026-02-17T05:57:42.996365Z,8.358
run_20260217_220238-0176,2026-02-17T06:02:42.996365Z,9.037
run_20260217_220238-0177,2026-02-17T09:49:09.453266Z,0.0
run_20260217_220238-0177,2026-02-17T09:54:09.453266Z,0.974
run_20260217_220238-0177,2026-02-17T09:59:09.453266Z,1.944
run_20260217_220238-0177,2026-02-17T10:04:09.453266Z,2.918
run_20260217_220238-0177,2026-02-17T10:09:09.453266Z,3.963
run_20260217_220238-0177,2026-02-17T10:14:09.453266Z,4.785
run_20260217_220238-0177,2026-02-17T10:19:09.453266Z,5.695
run_20260217_220238-0178,2026-02-17T13:49:49.449229Z,0.0
run_20260217_220238-0178,2026-02-17T13:54:49.449229Z,1.433
run_20260217_220238-0178,2026-02-17T13:59:49.449229Z,3.171
run_20260217_220238-0178,2026-02-17T14:04:49.449229Z,5.107
run_20260217_220238-0178,2026-02-17T14:09:49.449229Z,6.893
run_20260217_220238-0178,2026-02-17T14:14:49.449229Z,8.801
run_20260217_220238-0178,2026-02-17T14:19:49.449229Z,10.766
run_20260217_220238-0178,2026-02-17T14:24:49.449229Z,12.735
run_20260217_220238-0178,2026-02-17T14:29:49.449229Z,14.893
run_20260217_220238-0178,2026-02-17T14:34:49.449229Z,16.458
run_20260217_220238-0178,2026-02-17T14:39:49.449229Z,18.041
run_20260217_220238-0178,2026-02-17T14:44:49.449229Z,20.076
run_20260217_220238-0178,2026-02-17T14:49:49.449229Z,21.846
run_20260217_220238-0179,2026-02-17T00:51:05.166675Z,0.0
run_20260217_220238-0179,2026-02-17T00:56:05.166675Z,1.555
run_20260217_220238-0179,2026-02-17T01:01:05.166675Z,3.397
run_20260217_220238-0179,2026-02-17T01:06:05.166675Z,4.928
run_20260217_220238-0179,2026-02-17T01:11:05.166675Z,6.938
run_20260217_220238-0179,2026-02-17T01:16:05.166675Z,8.696
run_20260217_220238-0179,2026-02-17T01:21:05.166675Z,10.535
run_20260217_220238-0179,2026-02-17T01:26:05.166675Z,12.672
run_20260217_220238-0179,2026-02-17T01:31:05.166675Z,14.565
run_20260217_220238-0179,2026-02-17T01:36:05.166675Z,16.36
run_20260217_220238-0179,2026-02-17T01:41:05.166675Z,18.335
run_20260217_220238-0179,2026-02-17T01:46:05.166675Z,20.061
run_20260217_220238-0179,2026-02-17T01:51:05.166675Z,21.868
run_20260217_220238-0179,2026-02-17T01:56:05.166675Z,23.41
run_20260217_220238-0179,2026-02-17T02:01:05.166675Z,25.323
run_20260217_220238-0179,2026-02-17T02:06:05.166675Z,27.18
run_20260217_220238-0180,2026-02-17T17:33:14.398228Z,0.0
run_20260217_220238-0180,2026-02-17T17:38:14.398228Z,0.801
run_20260217_220238-0180,2026-02-17T17:43:14.398228Z,1.569
run_20260217_220238-0180,2026-02-17T17:48:14.398228Z,2.446
run_20260217_220238-0180,2026-02-17T17:53:14.398228Z,3.369
run_20260217_220238-0180,2026-02-17T17:58:14.398228Z,4.187
run_20260217_220238-0180,2026-02-17T18:03:14.398228Z,5.122
run_20260217_220238-0180,2026-02-17T18:08:14.398228Z,6.133
run_20260217_220238-0180,2026-02-17T18:13:14.398228Z,7.038
run_20260217_220238-0180,2026-02-17T18:18:14.398228Z,7.822
run_20260217_220238-0180,2026-02-17T18:23:14.398228Z,8.742
run_20260217_220238-0180,2026-02-17T18:28:14.398228Z,9.845
run_20260217_220238-0180,2026-02-17T18:33:14.398228Z,10.832
run_20260217_220238-0180,2026-02-17T18:38:14.398228Z,11.763
run_20260217_220238-0180,2026-02-17T18:43:14.398228Z,12.705
run_20260217_220238-0180,2026-02-17T18:48:14.398228Z,13.592
run_20260217_220238-0181,2026-02-17T18:17:47.860816Z,0.0
run_20260217_220238-0181,2026-02-17T18:22:47.860816Z,1.663
run_20260217_220238-0181,2026-02-17T18:27:47.860816Z,3.729
run_20260217_220238-0181,2026-02-17T18:32:47.860816Z,5.488
run_20260217_220238-0181,2026-02-17T18:37:47.860816Z,7.24
run_20260217_220238-0181,2026-02-17T18:42:47.860816Z,9.153
run_20260217_220238-0181,2026-02-17T18:47:47.860816Z,11.082
run_20260217_220238-0181,2026-02-17T18:52:47.860816Z,12.932
run_20260217_220238-0181,2026-02-17T18:57:47.860816Z,14.828
run_20260217_220238-0181,2026-02-17T19:02:47.860816Z,16.573
run_20260217_220238-0181,2026-02-17T19:07:47.860816Z,18.526
run_20260217_220238-0181,2026-02-17T19:12:47.860816Z,20.202
run_20260217_220238-0181,2026-02-17T19:17:47.860816Z,21.996
run_20260217_220238-0181,2026-02-17T19:22:47.860816Z,23.787
run_20260217_220238-0181,2026-02-17T19:27:47.860816Z,25.475
run_20260217_220238-0181,2026-02-17T19:32:47.860816Z,27.269
run_20260217_220238-0182,2026-02-17T20:43:45.118485Z,0.0
run_20260217_220238-0182,2026-02-17T20:48:45.118485Z,0.718
run_20260217_220238-0182,2026-02-17T20:53:45.118485Z,1.438
run_20260217_220238-0182,2026-02-17T20:58:45.118485Z,2.033
run_20260217_220238-0182,2026-02-17T21:03:45.118485Z,2.717
run_20260217_220238-0182,2026-02-17T21:08:45.118485Z,3.403
run_20260217_220238-0182,2026-02-17T21:13:45.118485Z,4.003
run_20260217_220238-0182,2026-02-17T21:18:45.118485Z,4.697
run_20260217_220238-0182,2026-02-17T21:23:45.118485Z,5.346
run_20260217_220238-0182,2026-02-17T21:28:45.118485Z,5.856
run_20260217_220238-0182,2026-02-17T21:33:45.118485Z,6.425
run_20260217_220238-0182,2026-02-17T21:38:45.118485Z,6.963
run_20260217_220238-0182,2026-02-17T21:43:45.118485Z,7.521
run_20260217_220238-0183,2026-02-17T22:10:15.393984Z,0.0
run_20260217_220238-0183,2026-02-17T22:15:15.393984Z,0.883
run_20260217_220238-0183,2026-02-17T22:20:15.393984Z,1.726
run_20260217_220238-0183,2026-02-17T22:25:15.393984Z,2.635
run_20260217_220238-0183,2026-02-17T22:30:15.393984Z,3.633
run_20260217_220238-0184,2026-02-17T23:55:26.325444Z,0.0
run_20260217_220238-0184,2026-02-18T00:00:26.325444Z,1.765
run_20260217_220238-0184,2026-02-18T00:05:26.325444Z,3.854
run_20260217_220238-0184,2026-02-18T00:10:26.325444Z,5.642
run_20260217_220238-0184,2026-02-18T00:15:26.325444Z,7.36
run_20260217_220238-0185,2026-02-17T00:44:53.690681Z,0.0
run_20260217_220238-0185,2026-02-17T00:49:53.690681Z,0.748
run_20260217_220238-0185,2026-02-17T00:54:53.690681Z,1.644
run_20260217_220238-0185,2026-02-17T00:59:53.690681Z,2.732
run_20260217_220238-0185,2026-02-17T01:04:53.690681Z,3.586
run_20260217_220238-0185,2026-02-17T01:09:53.690681Z,4.605
run_20260217_220238-0185,2026-02-17T01:14:53.690681Z,5.425
run_20260217_220238-0186,2026-02-17T05:41:21.252463Z,0.0
run_20260217_220238-0186,2026-02-17T05:46:21.252463Z,0.572
run_20260217_220238-0186,2026-02-17T05:51:21.252463Z,1.092
run_20260217_220238-0186,2026-02-17T05:56:21.252463Z,1.611
run_20260217_220238-0186,2026-02-17T06:01:21.252463Z,2.348
run_20260217_220238-0187,2026-02-17T23:58:01.599517Z,0.0
run_20260217_220238-0187,2026-02-18T00:03:01.599517Z,0.614
run_20260217_220238-0187,2026-02-18T00:08:01.599517Z,1.346
run_20260217_220238-0187,2026-02-18T00:13:01.599517Z,1.942
run_20260217_220238-0187,2026-02-18T00:18:01.599517Z,2.58
run_20260217_220238-0187,2026-02-18T00:23:01.599517Z,3.145
run_20260217_220238-0187,2026-02-18T00:28:01.599517Z,3.832
run_20260217_220238-0187,2026-02-18T00:33:01.599517Z,4.345
run_20260217_220238-0187,2026-02-18T00:38:01.599517Z,4.992
run_20260217_220238-0187,2026-02-18T00:43:01.599517Z,5.623
run_20260217_220238-0187,2026-02-18T00:48:01.599517Z,6.3
run_20260217_220238-0187,2026-02-18T00:53:01.599517Z,6.944
run_20260217_220238-0187,2026-02-18T00:58:01.599517Z,7.533
run_20260217_220238-0188,2026-02-17T07:11:48.265500Z,0.0
run_20260217_220238-0188,2026-02-17T07:16:48.265500Z,0.893
run_20260217_220238-0188,2026-02-17T07:21:48.265500Z,1.729
run_20260217_220238-0188,2026-02-17T07:26:48.265500Z,2.527
run_20260217_220238-0188,2026-02-17T07:31:48.265500Z,3.548
run_20260217_220238-0188,2026-02-17T07:36:48.265500Z,4.466
run_20260217_220238-0188,2026-02-17T07:41:48.265500Z,5.427
run_20260217_220238-0189,2026-02-17T23:47:23.394037Z,0.0
run_20260217_220238-0189,2026-02-17T23:52:23.394037Z,0.632
run_20260217_220238-0189,2026-02-17T23:57:23.394037Z,1.294
run_20260217_220238-0189,2026-02-18T00:02:23.394037Z,1.89
run_20260217_220238-0189,2026-02-18T00:07:23.394037Z,2.505
run_20260217_220238-0189,2026-02-18T00:12:23.394037Z,3.122
run_20260217_220238-0189,2026-02-18T00:17:23.394037Z,3.65
run_20260217_220238-0189,2026-02-18T00:22:23.394037Z,4.315
run_20260217_220238-0189,2026-02-18T00:27:23.394037Z,4.957
run_20260217_220238-0190,2026-02-17T05:25:13.014213Z,0.0
run_20260217_220238-0190,2026-02-17T05:30:13.014213Z,1.929
run_20260217_220238-0190,2026-02-17T05:35:13.014213Z,3.864
run_20260217_220238-0190,2026-02-17T05:40:13.014213Z,5.693
run_20260217_220238-0190,2026-02-17T05:45:13.014213Z,7.502
run_20260217_220238-0190,2026-02-17T05:50:13.014213Z,9.331
run_20260217_220238-0190,2026-02-17T05:55:13.014213Z,11.048
run_20260217_220238-0191,2026-02-17T06:01:29.572537Z,0.0
run_20260217_220238-0191,2026-02-17T06:06:29.572537Z,1.674
run_20260217_220238-0191,2026-02-17T06:11:29.572537Z,3.366
run_20260217_220238-0191,2026-02-17T06:16:29.572537Z,4.864
run_20260217_220238-0191,2026-02-17T06:21:29.572537Z,6.77
run_20260217_220238-0191,2026-02-17T06:26:29.572537Z,8.647
run_20260217_220238-0191,2026-02-17T06:31:29.572537Z,10.484
run_20260217_220238-0191,2026-02-17T06:36:29.572537Z,12.072
run_20260217_220238-0191,2026-02-17T06:41:29.572537Z,13.554
run_20260217_220238-0191,2026-02-17T06:46:29.572537Z,15.701
run_20260217_220238-0191,2026-02-17T06:51:29.572537Z,17.495
run_20260217_220238-0191,2026-02-17T06:56:29.572537Z,19.421
run_20260217_220238-0191,2026-02-17T07:01:29.572537Z,21.241
run_20260217_220238-0192,2026-02-17T06:40:30.079203Z,0.0
run_20260217_220238-0192,2026-02-17T06:45:30.079203Z,1.909
run_20260217_220238-0192,2026-02-17T06:50:30.079203Z,4.093
run_20260217_220238-0192,2026-02-17T06:55:30.079203Z,5.986
run_20260217_220238-0192,2026-02-17T07:00:30.079203Z,7.907
run_20260217_220238-0192,2026-02-17T07:05:30.079203Z,9.653
run_20260217_220238-0192,2026-02-17T07:10:30.079203Z,11.394
run_20260217_220238-0192,2026-02-17T07:15:30.079203Z,13.153
run_20260217_220238-0192,2026-02-17T07:20:30.079203Z,14.781
run_20260217_220238-0193,2026-02-17T21:16:38.947551Z,0.0
run_20260217_220238-0193,2026-02-17T21:21:38.947551Z,2.0
run_20260217_220238-0193,2026-02-17T21:26:38.947551Z,3.646
run_20260217_220238-0193,2026-02-17T21:31:38.947551Z,5.354
run_20260217_220238-0193,2026-02-17T21:36:38.947551Z,7.722
run_20260217_220238-0193,2026-02-17T21:41:38.947551Z,9.48
run_20260217_220238-0193,2026-02-17T21:46:38.947551Z,11.403
run_20260217_220238-0193,2026-02-17T21:51:38.947551Z,13.197
run_20260217_220238-0193,2026-02-17T21:56:38.947551Z,15.182
run_20260217_220238-0193,2026-02-17T22:01:38.947551Z,16.833
run_20260217_220238-0193,2026-02-17T22:06:38.947551Z,18.482
run_20260217_220238-0193,2026-02-17T22:11:38.947551Z,20.524
run_20260217_220238-0193,2026-02-17T22:16:38.947551Z,22.394
run_20260217_220238-0194,2026-02-17T09:53:11.793866Z,0.0
run_20260217_220238-0194,2026-02-17T09:58:11.793866Z,0.69
run_20260217_220238-0194,2026-02-17T10:03:11.793866Z,1.651
run_20260217_220238-0194,2026-02-17T10:08:11.793866Z,2.77
run_20260217_220238-0194,2026-02-17T10:13:11.793866Z,3.774
run_20260217_220238-0195,2026-02-17T11:57:29.369380Z,0.0
run_20260217_220238-0195,2026-02-17T12:02:29.369380Z,0.887
run_20260217_220238-0195,2026-02-17T12:07:29.369380Z,1.793
run_20260217_220238-0195,2026-02-17T12:12:29.369380Z,2.673
run_20260217_220238-0195,2026-02-17T12:17:29.369380Z,3.466
run_20260217_220238-0195,2026-02-17T12:22:29.369380Z,4.354
run_20260217_220238-0195,2026-02-17T12:27:29.369380Z,5.257
run_20260217_220238-0195,2026-02-17T12:32:29.369380Z,6.252
run_20260217_220238-0195,2026-02-17T12:37:29.369380Z,7.107
run_20260217_220238-0195,2026-02-17T12:42:29.369380Z,8.019
run_20260217_220238-0195,2026-02-17T12:47:29.369380Z,8.976
run_20260217_220238-0195,2026-02-17T12:52:29.369380Z,9.787
run_20260217_220238-0195,2026-02-17T12:57:29.369380Z,10.603
run_20260217_220238-0196,2026-02-17T22:23:47.656775Z,0.0
run_20260217_220238-0196,2026-02-17T22:28:47.656775Z,1.998
run_20260217_220238-0196,2026-02-17T22:33:47.656775Z,3.961
run_20260217_220238-0196,2026-02-17T22:38:47.656775Z,5.755
run_20260217_220238-0196,2026-02-17T22:43:47.656775Z,7.603
run_20260217_220238-0196,2026-02-17T22:48:47.656775Z,9.853
run_20260217_220238-0196,2026-02-17T22:53:47.656775Z,11.875
run_20260217_220238-0196,2026-02-17T22:58:47.656775Z,13.876
run_20260217_220238-0196,2026-02-17T23:03:47.656775Z,15.965
run_20260217_220238-0196,2026-02-17T23:08:47.656775Z,17.89
run_20260217_220238-0196,2026-02-17T23:13:47.656775Z,19.661
run_20260217_220238-0196,2026-02-17T23:18:47.656775Z,21.399
run_20260217_220238-0196,2026-02-17T23:23:47.656775Z,23.332
run_20260217_220238-0197,2026-02-17T01:06:39.400168Z,0.0
run_20260217_220238-0197,2026-02-17T01:11:39.400168Z,1.841
run_20260217_220238-0197,2026-02-17T01:16:39.400168Z,3.735
run_20260217_220238-0197,2026-02-17T01:21:39.400168Z,5.282
run_20260217_220238-0197,2026-02-17T01:26:39.400168Z,7.163
run_20260217_220238-0197,2026-02-17T01:31:39.400168Z,9.079
run_20260217_220238-0197,2026-02-17T01:36:39.400168Z,10.94
run_20260217_220238-0197,2026-02-17T01:41:39.400168Z,12.631
run_20260217_220238-0197,2026-02-17T01:46:39.400168Z,14.703
run_20260217_220238-0197,2026-02-17T01:51:39.400168Z,16.33
run_20260217_220238-0197,2026-02-17T01:56:39.400168Z,18.49
run_20260217_220238-0197,2026-02-17T02:01:39.400168Z,20.384
run_20260217_220238-0197,2026-02-17T02:06:39.400168Z,22.209
run_20260217_220238-0197,2026-02-17T02:11:39.400168Z,24.108
run_20260217_220238-0197,2026-02-17T02:16:39.400168Z,25.885
run_20260217_220238-0197,2026-02-17T02:21:39.400168Z,27.485
run_20260217_220238-0198,2026-02-17T11:43:28.445618Z,0.0
run_20260217_220238-0198,2026-02-17T11:48:28.445618Z,0.952
run_20260217_220238-0198,2026-02-17T11:53:28.445618Z,1.826
run_20260217_220238-0198,2026-02-17T11:58:28.445618Z,2.829
run_20260217_220238-0198,2026-02-17T12:03:28.445618Z,3.878
run_20260217_220238-0199,2026-02-17T21:12:55.176655Z,0.0
run_20260217_220238-0199,2026-02-17T21:17:55.176655Z,0.715
run_20260217_220238-0199,2026-02-17T21:22:55.176655Z,1.348
run_20260217_220238-0199,2026-02-17T21:27:55.176655Z,1.95
run_20260217_220238-0199,2026-02-17T21:32:55.176655Z,2.618
run_20260217_220238-0199,2026-02-17T21:37:55.176655Z,3.192
run_20260217_220238-0199,2026-02-17T21:42:55.176655Z,3.815
run_20260217_220238-0199,2026-02-17T21:47:55.176655Z,4.523
run_20260217_220238-0199,2026-02-17T21:52:55.176655Z,5.073
run_20260217_220238-0199,2026-02-17T21:57:55.176655Z,5.548
run_20260217_220238-0199,2026-02-17T22:02:55.176655Z,6.104
run_20260217_220238-0199,2026-02-17T22:07:55.176655Z,6.701
run_20260217_220238-0199,2026-02-17T22:12:55.176655Z,7.238
run_20260217_220238-0199,2026-02-17T22:17:55.176655Z,7.811
run_20260217_220238-0199,2026-02-17T22:22:55.176655Z,8.467
run_20260217_220238-0199,2026-02-17T22:27:55.176655Z,9.058
run_20260217_220238-0200,2026-02-17T21:07:03.759676Z,0.0
run_20260217_220238-0200,2026-02-17T21:12:03.759676Z,0.553
run_20260217_220238-0200,2026-02-17T21:17:03.759676Z,1.165
run_20260217_220238-0200,2026-02-17T21:22:03.759676Z,1.836
run_20260217_220238-0200,2026-02-17T21:27:03.759676Z,2.495
run_20260217_220238-0201,2026-02-17T05:25:07.225771Z,0.0
run_20260217_220238-0201,2026-02-17T05:30:07.225771Z,0.943
run_20260217_220238-0201,2026-02-17T05:35:07.225771Z,1.946
run_20260217_220238-0201,2026-02-17T05:40:07.225771Z,2.915
run_20260217_220238-0201,2026-02-17T05:45:07.225771Z,3.78
run_20260217_220238-0201,2026-02-17T05:50:07.225771Z,4.753
run_20260217_220238-0201,2026-02-17T05:55:07.225771Z,5.702
run_20260217_220238-0201,2026-02-17T06:00:07.225771Z,6.472
run_20260217_220238-0201,2026-02-17T06:05:07.225771Z,7.392
run_20260217_220238-0202,2026-02-17T05:21:43.453405Z,0.0
run_20260217_220238-0202,2026-02-17T05:26:43.453405Z,0.657
run_20260217_220238-0202,2026-02-17T05:31:43.453405Z,1.339
run_20260217_220238-0202,2026-02-17T05:36:43.453405Z,2.052
run_20260217_220238-0202,2026-02-17T05:41:43.453405Z,2.726
run_20260217_220238-0202,2026-02-17T05:46:43.453405Z,3.337
run_20260217_220238-0202,2026-02-17T05:51:43.453405Z,3.877
run_20260217_220238-0202,2026-02-17T05:56:43.453405Z,4.407
run_20260217_220238-0202,2026-02-17T06:01:43.453405Z,5.061
run_20260217_220238-0202,2026-02-17T06:06:43.453405Z,5.664
run_20260217_220238-0202,2026-02-17T06:11:43.453405Z,6.268
run_20260217_220238-0202,2026-02-17T06:16:43.453405Z,6.809
run_20260217_220238-0202,2026-02-17T06:21:43.453405Z,7.406
run_20260217_220238-0202,2026-02-17T06:26:43.453405Z,7.954
run_20260217_220238-0202,2026-02-17T06:31:43.453405Z,8.602
run_20260217_220238-0202,2026-02-17T06:36:43.453405Z,9.367
run_20260217_220238-0203,2026-02-17T22:32:45.065464Z,0.0
run_20260217_220238-0203,2026-02-17T22:37:45.065464Z,1.823
run_20260217_220238-0203,2026-02-17T22:42:45.065464Z,3.71
run_20260217_220238-0203,2026-02-17T22:47:45.065464Z,5.585
run_20260217_220238-0203,2026-02-17T22:52:45.065464Z,7.77
run_20260217_220238-0203,2026-02-17T22:57:45.065464Z,9.27
run_20260217_220238-0203,2026-02-17T23:02:45.065464Z,11.306
run_20260217_220238-0204,2026-02-17T21:56:44.431127Z,0.0
run_20260217_220238-0204,2026-02-17T22:01:44.431127Z,2.06
run_20260217_220238-0204,2026-02-17T22:06:44.431127Z,4.146
run_20260217_220238-0204,2026-02-17T22:11:44.431127Z,6.191
run_20260217_220238-0204,2026-02-17T22:16:44.431127Z,8.132
run_20260217_220238-0205,2026-02-17T20:50:46.804052Z,0.0
run_20260217_220238-0205,2026-02-17T20:55:46.804052Z,1.041
run_20260217_220238-0205,2026-02-17T21:00:46.804052Z,1.789
run_20260217_220238-0205,2026-02-17T21:05:46.804052Z,2.57
run_20260217_220238-0205,2026-02-17T21:10:46.804052Z,3.595
run_20260217_220238-0205,2026-02-17T21:15:46.804052Z,4.465
run_20260217_220238-0205,2026-02-17T21:20:46.804052Z,5.471
run_20260217_220238-0205,2026-02-17T21:25:46.804052Z,6.41
run_20260217_220238-0205,2026-02-17T21:30:46.804052Z,7.545
run_20260217_220238-0206,2026-02-17T09:57:01.225707Z,0.0
run_20260217_220238-0206,2026-02-17T10:02:01.225707Z,0.634
run_20260217_220238-0206,2026-02-17T10:07:01.225707Z,1.292
run_20260217_220238-0206,2026-02-17T10:12:01.225707Z,1.83
run_20260217_220238-0206,2026-02-17T10:17:01.225707Z,2.471
run_20260217_220238-0206,2026-02-17T10:22:01.225707Z,3.111
run_20260217_220238-0206,2026-02-17T10:27:01.225707Z,3.702
run_20260217_220238-0207,2026-02-17T03:31:25.539159Z,0.0
run_20260217_220238-0207,2026-02-17T03:36:25.539159Z,0.618
run_20260217_220238-0207,2026-02-17T03:41:25.539159Z,1.17
run_20260217_220238-0207,2026-02-17T03:46:25.539159Z,1.747
run_20260217_220238-0207,2026-02-17T03:51:25.539159Z,2.269
run_20260217_220238-0208,2026-02-17T16:06:58.627872Z,0.0
run_20260217_220238-0208,2026-02-17T16:11:58.627872Z,1.835
run_20260217_220238-0208,2026-02-17T16:16:58.627872Z,3.84
run_20260217_220238-0208,2026-02-17T16:21:58.627872Z,5.399
run_20260217_220238-0208,2026-02-17T16:26:58.627872Z,7.209
run_20260217_220238-0209,2026-02-17T19:48:37.827910Z,0.0
run_20260217_220238-0209,2026-02-17T19:53:37.827910Z,0.808
run_20260217_220238-0209,2026-02-17T19:58:37.827910Z,1.685
run_20260217_220238-0209,2026-02-17T20:03:37.827910Z,2.637
run_20260217_220238-0209,2026-02-17T20:08:37.827910Z,3.577
run_20260217_220238-0209,2026-02-17T20:13:37.827910Z,4.506
run_20260217_220238-0209,2026-02-17T20:18:37.827910Z,5.378
run_20260217_220238-0209,2026-02-17T20:23:37.827910Z,6.443
run_20260217_220238-0209,2026-02-17T20:28:37.827910Z,7.42
run_20260217_220238-0209,2026-02-17T20:33:37.827910Z,8.347
run_20260217_220238-0209,2026-02-17T20:38:37.827910Z,9.324
run_20260217_220238-0209,2026-02-17T20:43:37.827910Z,10.127
run_20260217_220238-0209,2026-02-17T20:48:37.827910Z,11.125
run_20260217_220238-0210,2026-02-17T09:54:59.339810Z,0.0
run_20260217_220238-0210,2026-02-17T09:59:59.339810Z,0.64
run_20260217_220238-0210,2026-02-17T10:04:59.339810Z,1.239
run_20260217_220238-0210,2026-02-17T10:09:59.339810Z,1.773
run_20260217_220238-0210,2026-02-17T10:14:59.339810Z,2.286
run_20260217_220238-0211,2026-02-17T04:04:43.626288Z,0.0
run_20260217_220238-0211,2026-02-17T04:09:43.626288Z,0.664
run_20260217_220238-0211,2026-02-17T04:14:43.626288Z,1.282
run_20260217_220238-0211,2026-02-17T04:19:43.626288Z,1.921
run_20260217_220238-0211,2026-02-17T04:24:43.626288Z,2.589
run_20260217_220238-0211,2026-02-17T04:29:43.626288Z,3.215
run_20260217_220238-0211,2026-02-17T04:34:43.626288Z,3.761
run_20260217_220238-0211,2026-02-17T04:39:43.626288Z,4.45
run_20260217_220238-0211,2026-02-17T04:44:43.626288Z,5.067
run_20260217_220238-0212,2026-02-17T02:11:02.515749Z,0.0
run_20260217_220238-0212,2026-02-17T02:16:02.515749Z,0.868
run_20260217_220238-0212,2026-02-17T02:21:02.515749Z,1.802
run_20260217_220238-0212,2026-02-17T02:26:02.515749Z,2.623
run_20260217_220238-0212,2026-02-17T02:31:02.515749Z,3.456
run_20260217_220238-0212,2026-02-17T02:36:02.515749Z,4.308
run_20260217_220238-0212,2026-02-17T02:41:02.515749Z,5.138
run_20260217_220238-0212,2026-02-17T02:46:02.515749Z,6.132
run_20260217_220238-0212,2026-02-17T02:51:02.515749Z,6.979
run_20260217_220238-0213,2026-02-17T20:41:22.808120Z,0.0
run_20260217_220238-0213,2026-02-17T20:46:22.808120Z,2.001
run_20260217_220238-0213,2026-02-17T20:51:22.808120Z,3.686
run_20260217_220238-0213,2026-02-17T20:56:22.808120Z,5.294
run_20260217_220238-0213,2026-02-17T21:01:22.808120Z,6.886
run_20260217_220238-0213,2026-02-17T21:06:22.808120Z,8.873
run_20260217_220238-0213,2026-02-17T21:11:22.808120Z,10.175
run_20260217_220238-0214,2026-02-17T10:54:53.661559Z,0.0
run_20260217_220238-0214,2026-02-17T10:59:53.661559Z,1.009
run_20260217_220238-0214,2026-02-17T11:04:53.661559Z,1.869
run_20260217_220238-0214,2026-02-17T11:09:53.661559Z,2.742
run_20260217_220238-0214,2026-02-17T11:14:53.661559Z,3.696
run_20260217_220238-0214,2026-02-17T11:19:53.661559Z,4.585
run_20260217_220238-0214,2026-02-17T11:24:53.661559Z,5.561
run_20260217_220238-0214,2026-02-17T11:29:53.661559Z,6.603
run_20260217_220238-0214,2026-02-17T11:34:53.661559Z,7.423
run_20260217_220238-0214,2026-02-17T11:39:53.661559Z,8.604
run_20260217_220238-0214,2026-02-17T11:44:53.661559Z,9.623
run_20260217_220238-0214,2026-02-17T11:49:53.661559Z,10.386
run_20260217_220238-0214,2026-02-17T11:54:53.661559Z,11.273
run_20260217_220238-0215,2026-02-17T21:34:48.393257Z,0.0
run_20260217_220238-0215,2026-02-17T21:39:48.393257Z,0.758
run_20260217_220238-0215,2026-02-17T21:44:48.393257Z,1.641
run_20260217_220238-0215,2026-02-17T21:49:48.393257Z,2.545
run_20260217_220238-0215,2026-02-17T21:54:48.393257Z,3.306
run_20260217_220238-0215,2026-02-17T21:59:48.393257Z,4.336
run_20260217_220238-0215,2026-02-17T22:04:48.393257Z,5.214
run_20260217_220238-0216,2026-02-17T03:50:31.197401Z,0.0
run_20260217_220238-0216,2026-02-17T03:55:31.197401Z,0.604
run_20260217_220238-0216,2026-02-17T04:00:31.197401Z,1.257
run_20260217_220238-0216,2026-02-17T04:05:31.197401Z,1.853
run_20260217_220238-0216,2026-02-17T04:10:31.197401Z,2.396
run_20260217_220238-0216,2026-02-17T04:15:31.197401Z,2.918
run_20260217_220238-0216,2026-02-17T04:20:31.197401Z,3.467
run_20260217_220238-0217,2026-02-17T10:27:24.399542Z,0.0
run_20260217_220238-0217,2026-02-17T10:32:24.399542Z,0.657
run_20260217_220238-0217,2026-02-17T10:37:24.399542Z,1.163
run_20260217_220238-0217,2026-02-17T10:42:24.399542Z,1.837
run_20260217_220238-0217,2026-02-17T10:47:24.399542Z,2.423
run_20260217_220238-0217,2026-02-17T10:52:24.399542Z,3.03
run_20260217_220238-0217,2026-02-17T10:57:24.399542Z,3.645
run_20260217_220238-0217,2026-02-17T11:02:24.399542Z,4.322
run_20260217_220238-0217,2026-02-17T11:07:24.399542Z,4.95
run_20260217_220238-0217,2026-02-17T11:12:24.399542Z,5.618
run_20260217_220238-0217,2026-02-17T11:17:24.399542Z,6.226
run_20260217_220238-0217,2026-02-17T11:22:24.399542Z,6.786
run_20260217_220238-0217,2026-02-17T11:27:24.399542Z,7.458
run_20260217_220238-0217,2026-02-17T11:32:24.399542Z,8.077
run_20260217_220238-0217,2026-02-17T11:37:24.399542Z,8.625
run_20260217_220238-0217,2026-02-17T11:42:24.399542Z,9.273
run_20260217_220238-0218,2026-02-17T20:26:17.681560Z,0.0
run_20260217_220238-0218,2026-02-17T20:31:17.681560Z,0.697
run_20260217_220238-0218,2026-02-17T20:36:17.681560Z,1.365
run_20260217_220238-0218,2026-02-17T20:41:17.681560Z,1.867
run_20260217_220238-0218,2026-02-17T20:46:17.681560Z,2.523
run_20260217_220238-0218,2026-02-17T20:51:17.681560Z,3.109
run_20260217_220238-0218,2026-02-17T20:56:17.681560Z,3.765
run_20260217_220238-0219,2026-02-17T16:14:27.083142Z,0.0
run_20260217_220238-0219,2026-02-17T16:19:27.083142Z,1.768
run_20260217_220238-0219,2026-02-17T16:24:27.083142Z,3.909
run_20260217_220238-0219,2026-02-17T16:29:27.083142Z,5.64
run_20260217_220238-0219,2026-02-17T16:34:27.083142Z,7.73
run_20260217_220238-0219,2026-02-17T16:39:27.083142Z,9.499
run_20260217_220238-0219,2026-02-17T16:44:27.083142Z,11.553
run_20260217_220238-0220,2026-02-17T09:15:15.543588Z,0.0
run_20260217_220238-0220,2026-02-17T09:20:15.543588Z,0.74
run_20260217_220238-0220,2026-02-17T09:25:15.543588Z,1.285
run_20260217_220238-0220,2026-02-17T09:30:15.543588Z,1.79
run_20260217_220238-0220,2026-02-17T09:35:15.543588Z,2.319
run_20260217_220238-0220,2026-02-17T09:40:15.543588Z,2.987
run_20260217_220238-0220,2026-02-17T09:45:15.543588Z,3.576
run_20260217_220238-0220,2026-02-17T09:50:15.543588Z,4.212
run_20260217_220238-0220,2026-02-17T09:55:15.543588Z,4.906
run_20260217_220238-0221,2026-02-17T00:07:13.937521Z,0.0
run_20260217_220238-0221,2026-02-17T00:12:13.937521Z,0.601
run_20260217_220238-0221,2026-02-17T00:17:13.937521Z,1.223
run_20260217_220238-0221,2026-02-17T00:22:13.937521Z,1.871
run_20260217_220238-0221,2026-02-17T00:27:13.937521Z,2.5
run_20260217_220238-0221,2026-02-17T00:32:13.937521Z,3.023
run_20260217_220238-0221,2026-02-17T00:37:13.937521Z,3.605
run_20260217_220238-0221,2026-02-17T00:42:13.937521Z,4.184
run_20260217_220238-0221,2026-02-17T00:47:13.937521Z,4.73
run_20260217_220238-0221,2026-02-17T00:52:13.937521Z,5.331
run_20260217_220238-0221,2026-02-17T00:57:13.937521Z,5.98
run_20260217_220238-0221,2026-02-17T01:02:13.937521Z,6.606
run_20260217_220238-0221,2026-02-17T01:07:13.937521Z,7.17
run_20260217_220238-0221,2026-02-17T01:12:13.937521Z,7.847
run_20260217_220238-0221,2026-02-17T01:17:13.937521Z,8.556
run_20260217_220238-0221,2026-02-17T01:22:13.937521Z,9.13
run_20260217_220238-0222,2026-02-17T02:42:13.136285Z,0.0
run_20260217_220238-0222,2026-02-17T02:47:13.136285Z,0.596
run_20260217_220238-0222,2026-02-17T02:52:13.136285Z,1.241
run_20260217_220238-0222,2026-02-17T02:57:13.136285Z,1.883
run_20260217_220238-0222,2026-02-17T03:02:13.136285Z,2.502
run_20260217_220238-0222,2026-02-17T03:07:13.136285Z,3.104
run_20260217_220238-0222,2026-02-17T03:12:13.136285Z,3.706
run_20260217_220238-0222,2026-02-17T03:17:13.136285Z,4.233
run_20260217_220238-0222,2026-02-17T03:22:13.136285Z,4.897
run_20260217_220238-0222,2026-02-17T03:27:13.136285Z,5.619
run_20260217_220238-0222,2026-02-17T03:32:13.136285Z,6.195
run_20260217_220238-0222,2026-02-17T03:37:13.136285Z,6.737
run_20260217_220238-0222,2026-02-17T03:42:13.136285Z,7.339
run_20260217_220238-0223,2026-02-17T04:05:31.077138Z,0.0
run_20260217_220238-0223,2026-02-17T04:10:31.077138Z,1.84
run_20260217_220238-0223,2026-02-17T04:15:31.077138Z,3.543
run_20260217_220238-0223,2026-02-17T04:20:31.077138Z,5.063
run_20260217_220238-0223,2026-02-17T04:25:31.077138Z,6.995
run_20260217_220238-0223,2026-02-17T04:30:31.077138Z,8.864
run_20260217_220238-0223,2026-02-17T04:35:31.077138Z,10.705
run_20260217_220238-0223,2026-02-17T04:40:31.077138Z,12.533
run_20260217_220238-0223,2026-02-17T04:45:31.077138Z,14.452
run_20260217_220238-0223,2026-02-17T04:50:31.077138Z,16.076
run_20260217_220238-0223,2026-02-17T04:55:31.077138Z,18.231
run_20260217_220238-0223,2026-02-17T05:00:31.077138Z,20.103
run_20260217_220238-0223,2026-02-17T05:05:31.077138Z,21.998
run_20260217_220238-0223,2026-02-17T05:10:31.077138Z,24.304
run_20260217_220238-0223,2026-02-17T05:15:31.077138Z,25.956
run_20260217_220238-0223,2026-02-17T05:20:31.077138Z,27.51
run_20260217_220238-0224,2026-02-17T13:37:53.663930Z,0.0
run_20260217_220238-0224,2026-02-17T13:42:53.663930Z,2.287
run_20260217_220238-0224,2026-02-17T13:47:53.663930Z,4.202
run_20260217_220238-0224,2026-02-17T13:52:53.663930Z,5.967
run_20260217_220238-0224,2026-02-17T13:57:53.663930Z,7.901
run_20260217_220238-0224,2026-02-17T14:02:53.663930Z,9.808
run_20260217_220238-0224,2026-02-17T14:07:53.663930Z,11.746
run_20260217_220238-0225,2026-02-17T11:01:13.162709Z,0.0
run_20260217_220238-0225,2026-02-17T11:06:13.162709Z,1.048
run_20260217_220238-0225,2026-02-17T11:11:13.162709Z,1.967
run_20260217_220238-0225,2026-02-17T11:16:13.162709Z,2.913
run_20260217_220238-0225,2026-02-17T11:21:13.162709Z,3.672
run_20260217_220238-0225,2026-02-17T11:26:13.162709Z,4.512
run_20260217_220238-0225,2026-02-17T11:31:13.162709Z,5.478
run_20260217_220238-0225,2026-02-17T11:36:13.162709Z,6.466
run_20260217_220238-0225,2026-02-17T11:41:13.162709Z,7.314
run_20260217_220238-0226,2026-02-17T12:27:19.626460Z,0.0
run_20260217_220238-0226,2026-02-17T12:32:19.626460Z,0.622
run_20260217_220238-0226,2026-02-17T12:37:19.626460Z,1.245
run_20260217_220238-0226,2026-02-17T12:42:19.626460Z,1.927
run_20260217_220238-0226,2026-02-17T12:47:19.626460Z,2.595
run_20260217_220238-0227,2026-02-17T14:26:38.821089Z,0.0
run_20260217_220238-0227,2026-02-17T14:31:38.821089Z,1.803
run_20260217_220238-0227,2026-02-17T14:36:38.821089Z,3.612
run_20260217_220238-0227,2026-02-17T14:41:38.821089Z,5.707
run_20260217_220238-0227,2026-02-17T14:46:38.821089Z,7.406
run_20260217_220238-0227,2026-02-17T14:51:38.821089Z,9.354
run_20260217_220238-0227,2026-02-17T14:56:38.821089Z,11.101
run_20260217_220238-0227,2026-02-17T15:01:38.821089Z,13.014
run_20260217_220238-0227,2026-02-17T15:06:38.821089Z,15.037
run_20260217_220238-0227,2026-02-17T15:11:38.821089Z,16.925
run_20260217_220238-0227,2026-02-17T15:16:38.821089Z,18.729
run_20260217_220238-0227,2026-02-17T15:21:38.821089Z,20.91
run_20260217_220238-0227,2026-02-17T15:26:38.821089Z,22.647
run_20260217_220238-0228,2026-02-17T21:55:34.888257Z,0.0
run_20260217_220238-0228,2026-02-17T22:00:34.888257Z,1.792
run_20260217_220238-0228,2026-02-17T22:05:34.888257Z,3.361
run_20260217_220238-0228,2026-02-17T22:10:34.888257Z,5.353
run_20260217_220238-0228,2026-02-17T22:15:34.888257Z,7.196
run_20260217_220238-0228,2026-02-17T22:20:34.888257Z,9.093
run_20260217_220238-0228,2026-02-17T22:25:34.888257Z,10.757
run_20260217_220238-0228,2026-02-17T22:30:34.888257Z,12.736
run_20260217_220238-0228,2026-02-17T22:35:34.888257Z,14.842
run_20260217_220238-0229,2026-02-17T18:19:40.529517Z,0.0
run_20260217_220238-0229,2026-02-17T18:24:40.529517Z,0.58
run_20260217_220238-0229,2026-02-17T18:29:40.529517Z,1.087
run_20260217_220238-0229,2026-02-17T18:34:40.529517Z,1.76
run_20260217_220238-0229,2026-02-17T18:39:40.529517Z,2.436
run_20260217_220238-0229,2026-02-17T18:44:40.529517Z,3.053
run_20260217_220238-0229,2026-02-17T18:49:40.529517Z,3.575
run_20260217_220238-0229,2026-02-17T18:54:40.529517Z,4.167
run_20260217_220238-0229,2026-02-17T18:59:40.529517Z,4.801
run_20260217_220238-0230,2026-02-17T01:12:21.087866Z,0.0
run_20260217_220238-0230,2026-02-17T01:17:21.087866Z,0.596
run_20260217_220238-0230,2026-02-17T01:22:21.087866Z,1.208
run_20260217_220238-0230,2026-02-17T01:27:21.087866Z,1.778
run_20260217_220238-0230,2026-02-17T01:32:21.087866Z,2.22
run_20260217_220238-0230,2026-02-17T01:37:21.087866Z,2.903
run_20260217_220238-0230,2026-02-17T01:42:21.087866Z,3.313
run_20260217_220238-0231,2026-02-17T09:42:07.882639Z,0.0
run_20260217_220238-0231,2026-02-17T09:47:07.882639Z,2.082
run_20260217_220238-0231,2026-02-17T09:52:07.882639Z,3.974
run_20260217_220238-0231,2026-02-17T09:57:07.882639Z,5.772
run_20260217_220238-0231,2026-02-17T10:02:07.882639Z,7.465
run_20260217_220238-0231,2026-02-17T10:07:07.882639Z,9.417
run_20260217_220238-0231,2026-02-17T10:12:07.882639Z,11.183
run_20260217_220238-0231,2026-02-17T10:17:07.882639Z,13.147
run_20260217_220238-0231,2026-02-17T10:22:07.882639Z,14.621
run_20260217_220238-0232,2026-02-17T11:26:30.642297Z,0.0
run_20260217_220238-0232,2026-02-17T11:31:30.642297Z,0.632
run_20260217_220238-0232,2026-02-17T11:36:30.642297Z,1.203
run_20260217_220238-0232,2026-02-17T11:41:30.642297Z,1.82
run_20260217_220238-0232,2026-02-17T11:46:30.642297Z,2.334
run_20260217_220238-0232,2026-02-17T11:51:30.642297Z,2.881
run_20260217_220238-0232,2026-02-17T11:56:30.642297Z,3.608
run_20260217_220238-0232,2026-02-17T12:01:30.642297Z,4.157
run_20260217_220238-0232,2026-02-17T12:06:30.642297Z,4.731
run_20260217_220238-0232,2026-02-17T12:11:30.642297Z,5.321
run_20260217_220238-0232,2026-02-17T12:16:30.642297Z,5.904
run_20260217_220238-0232,2026-02-17T12:21:30.642297Z,6.577
run_20260217_220238-0232,2026-02-17T12:26:30.642297Z,7.142
run_20260217_220238-0233,2026-02-17T10:15:17.192081Z,0.0
run_20260217_220238-0233,2026-02-17T10:20:17.192081Z,0.651
run_20260217_220238-0233,2026-02-17T10:25:17.192081Z,1.28
run_20260217_220238-0233,2026-02-17T10:30:17.192081Z,1.934
run_20260217_220238-0233,2026-02-17T10:35:17.192081Z,2.467
run_20260217_220238-0233,2026-02-17T10:40:17.192081Z,3.006
run_20260217_220238-0233,2026-02-17T10:45:17.192081Z,3.556
run_20260217_220238-0233,2026-02-17T10:50:17.192081Z,4.191
run_20260217_220238-0233,2026-02-17T10:55:17.192081Z,4.858
run_20260217_220238-0233,2026-02-17T11:00:17.192081Z,5.395
run_20260217_220238-0233,2026-02-17T11:05:17.192081Z,6.059
run_20260217_220238-0233,2026-02-17T11:10:17.192081Z,6.68
run_20260217_220238-0233,2026-02-17T11:15:17.192081Z,7.274
run_20260217_220238-0234,2026-02-17T16:42:36.052022Z,0.0
run_20260217_220238-0234,2026-02-17T16:47:36.052022Z,1.005
run_20260217_220238-0234,2026-02-17T16:52:36.052022Z,2.009
run_20260217_220238-0234,2026-02-17T16:57:36.052022Z,2.817
run_20260217_220238-0234,2026-02-17T17:02:36.052022Z,3.799
run_20260217_220238-0234,2026-02-17T17:07:36.052022Z,4.704
run_20260217_220238-0234,2026-02-17T17:12:36.052022Z,5.574
run_20260217_220238-0234,2026-02-17T17:17:36.052022Z,6.634
run_20260217_220238-0234,2026-02-17T17:22:36.052022Z,7.563
run_20260217_220238-0235,2026-02-17T08:29:24.064293Z,0.0
run_20260217_220238-0235,2026-02-17T08:34:24.064293Z,0.837
run_20260217_220238-0235,2026-02-17T08:39:24.064293Z,1.795
run_20260217_220238-0235,2026-02-17T08:44:24.064293Z,2.877
run_20260217_220238-0235,2026-02-17T08:49:24.064293Z,3.785
run_20260217_220238-0235,2026-02-17T08:54:24.064293Z,4.547
run_20260217_220238-0235,2026-02-17T08:59:24.064293Z,5.578
run_20260217_220238-0236,2026-02-17T22:24:30.693998Z,0.0
run_20260217_220238-0236,2026-02-17T22:29:30.693998Z,0.791
run_20260217_220238-0236,2026-02-17T22:34:30.693998Z,1.825
run_20260217_220238-0236,2026-02-17T22:39:30.693998Z,2.877
run_20260217_220238-0236,2026-02-17T22:44:30.693998Z,3.809
run_20260217_220238-0236,2026-02-17T22:49:30.693998Z,4.711
run_20260217_220238-0236,2026-02-17T22:54:30.693998Z,5.688
run_20260217_220238-0236,2026-02-17T22:59:30.693998Z,6.767
run_20260217_220238-0236,2026-02-17T23:04:30.693998Z,7.72
run_20260217_220238-0236,2026-02-17T23:09:30.693998Z,8.577
run_20260217_220238-0236,2026-02-17T23:14:30.693998Z,9.297
run_20260217_220238-0236,2026-02-17T23:19:30.693998Z,10.269
run_20260217_220238-0236,2026-02-17T23:24:30.693998Z,11.165
run_20260217_220238-0236,2026-02-17T23:29:30.693998Z,12.011
run_20260217_220238-0236,2026-02-17T23:34:30.693998Z,12.976
run_20260217_220238-0236,2026-02-17T23:39:30.693998Z,13.796
run_20260217_220238-0237,2026-02-17T07:38:06.535258Z,0.0
run_20260217_220238-0237,2026-02-17T07:43:06.535258Z,0.817
run_20260217_220238-0237,2026-02-17T07:48:06.535258Z,1.741
run_20260217_220238-0237,2026-02-17T07:53:06.535258Z,2.758
run_20260217_220238-0237,2026-02-17T07:58:06.535258Z,3.65
run_20260217_220238-0237,2026-02-17T08:03:06.535258Z,4.486
run_20260217_220238-0237,2026-02-17T08:08:06.535258Z,5.376
run_20260217_220238-0238,2026-02-17T07:27:03.313550Z,0.0
run_20260217_220238-0238,2026-02-17T07:32:03.313550Z,0.573
run_20260217_220238-0238,2026-02-17T07:37:03.313550Z,1.196
run_20260217_220238-0238,2026-02-17T07:42:03.313550Z,1.657
run_20260217_220238-0238,2026-02-17T07:47:03.313550Z,2.189
run_20260217_220238-0238,2026-02-17T07:52:03.313550Z,2.843
run_20260217_220238-0238,2026-02-17T07:57:03.313550Z,3.375
run_20260217_220238-0238,2026-02-17T08:02:03.313550Z,3.954
run_20260217_220238-0238,2026-02-17T08:07:03.313550Z,4.511
run_20260217_220238-0239,2026-02-17T03:13:55.974038Z,0.0
run_20260217_220238-0239,2026-02-17T03:18:55.974038Z,1.029
run_20260217_220238-0239,2026-02-17T03:23:55.974038Z,1.876
run_20260217_220238-0239,2026-02-17T03:28:55.974038Z,2.783
run_20260217_220238-0239,2026-02-17T03:33:55.974038Z,3.693
run_20260217_220238-0240,2026-02-17T01:21:04.370760Z,0.0
run_20260217_220238-0240,2026-02-17T01:26:04.370760Z,1.058
run_20260217_220238-0240,2026-02-17T01:31:04.370760Z,1.866
run_20260217_220238-0240,2026-02-17T01:36:04.370760Z,2.72
run_20260217_220238-0240,2026-02-17T01:41:04.370760Z,3.653
run_20260217_220238-0240,2026-02-17T01:46:04.370760Z,4.534
run_20260217_220238-0240,2026-02-17T01:51:04.370760Z,5.556
run_20260217_220238-0240,2026-02-17T01:56:04.370760Z,6.386
run_20260217_220238-0240,2026-02-17T02:01:04.370760Z,7.218
run_20260217_220238-0241,2026-02-17T08:05:12.488902Z,0.0
run_20260217_220238-0241,2026-02-17T08:10:12.488902Z,1.682
run_20260217_220238-0241,2026-02-17T08:15:12.488902Z,3.315
run_20260217_220238-0241,2026-02-17T08:20:12.488902Z,5.122
run_20260217_220238-0241,2026-02-17T08:25:12.488902Z,7.039
run_20260217_220238-0241,2026-02-17T08:30:12.488902Z,9.376
run_20260217_220238-0241,2026-02-17T08:35:12.488902Z,11.423
run_20260217_220238-0241,2026-02-17T08:40:12.488902Z,13.025
run_20260217_220238-0241,2026-02-17T08:45:12.488902Z,14.576
run_20260217_220238-0242,2026-02-17T01:07:50.974243Z,0.0
run_20260217_220238-0242,2026-02-17T01:12:50.974243Z,0.66
run_20260217_220238-0242,2026-02-17T01:17:50.974243Z,1.343
run_20260217_220238-0242,2026-02-17T01:22:50.974243Z,2.03
run_20260217_220238-0242,2026-02-17T01:27:50.974243Z,2.566
run_20260217_220238-0242,2026-02-17T01:32:50.974243Z,3.193
run_20260217_220238-0242,2026-02-17T01:37:50.974243Z,3.716
run_20260217_220238-0242,2026-02-17T01:42:50.974243Z,4.268
run_20260217_220238-0242,2026-02-17T01:47:50.974243Z,4.791
run_20260217_220238-0243,2026-02-17T12:02:46.987626Z,0.0
run_20260217_220238-0243,2026-02-17T12:07:46.987626Z,0.994
run_20260217_220238-0243,2026-02-17T12:12:46.987626Z,1.86
run_20260217_220238-0243,2026-02-17T12:17:46.987626Z,2.766
run_20260217_220238-0243,2026-02-17T12:22:46.987626Z,3.562
run_20260217_220238-0243,2026-02-17T12:27:46.987626Z,4.647
run_20260217_220238-0243,2026-02-17T12:32:46.987626Z,5.558
run_20260217_220238-0243,2026-02-17T12:37:46.987626Z,6.395
run_20260217_220238-0243,2026-02-17T12:42:46.987626Z,7.432
run_20260217_220238-0244,2026-02-17T05:08:44.894422Z,0.0
run_20260217_220238-0244,2026-02-17T05:13:44.894422Z,1.799
run_20260217_220238-0244,2026-02-17T05:18:44.894422Z,3.738
run_20260217_220238-0244,2026-02-17T05:23:44.894422Z,5.443
run_20260217_220238-0244,2026-02-17T05:28:44.894422Z,7.081
run_20260217_220238-0244,2026-02-17T05:33:44.894422Z,8.858
run_20260217_220238-0244,2026-02-17T05:38:44.894422Z,10.89
run_20260217_220238-0244,2026-02-17T05:43:44.894422Z,12.707
run_20260217_220238-0244,2026-02-17T05:48:44.894422Z,14.246
run_20260217_220238-0245,2026-02-17T19:35:22.893954Z,0.0
run_20260217_220238-0245,2026-02-17T19:40:22.893954Z,1.979
run_20260217_220238-0245,2026-02-17T19:45:22.893954Z,3.904
run_20260217_220238-0245,2026-02-17T19:50:22.893954Z,5.731
run_20260217_220238-0245,2026-02-17T19:55:22.893954Z,7.408
run_20260217_220238-0245,2026-02-17T20:00:22.893954Z,9.28
run_20260217_220238-0245,2026-02-17T20:05:22.893954Z,10.953
run_20260217_220238-0245,2026-02-17T20:10:22.893954Z,12.777
run_20260217_220238-0245,2026-02-17T20:15:22.893954Z,14.763
run_20260217_220238-0246,2026-02-17T03:11:23.612859Z,0.0
run_20260217_220238-0246,2026-02-17T03:16:23.612859Z,1.9
run_20260217_220238-0246,2026-02-17T03:21:23.612859Z,3.709
run_20260217_220238-0246,2026-02-17T03:26:23.612859Z,5.708
run_20260217_220238-0246,2026-02-17T03:31:23.612859Z,7.403
run_20260217_220238-0246,2026-02-17T03:36:23.612859Z,9.357
run_20260217_220238-0246,2026-02-17T03:41:23.612859Z,11.058
run_20260217_220238-0246,2026-02-17T03:46:23.612859Z,12.873
run_20260217_220238-0246,2026-02-17T03:51:23.612859Z,14.764
run_20260217_220238-0246,2026-02-17T03:56:23.612859Z,16.658
run_20260217_220238-0246,2026-02-17T04:01:23.612859Z,18.413
run_20260217_220238-0246,2026-02-17T04:06:23.612859Z,20.304
run_20260217_220238-0246,2026-02-17T04:11:23.612859Z,22.316
run_20260217_220238-0246,2026-02-17T04:16:23.612859Z,23.788
run_20260217_220238-0246,2026-02-17T04:21:23.612859Z,25.452
run_20260217_220238-0246,2026-02-17T04:26:23.612859Z,27.131
run_20260217_220238-0247,2026-02-17T22:02:37.889257Z,0.0
run_20260217_220238-0247,2026-02-17T22:07:37.889257Z,1.875
run_20260217_220238-0247,2026-02-17T22:12:37.889257Z,3.867
run_20260217_220238-0247,2026-02-17T22:17:37.889257Z,5.687
run_20260217_220238-0247,2026-02-17T22:22:37.889257Z,7.708
run_20260217_220238-0247,2026-02-17T22:27:37.889257Z,9.613
run_20260217_220238-0247,2026-02-17T22:32:37.889257Z,11.527
run_20260217_220238-0247,2026-02-17T22:37:37.889257Z,13.666
run_20260217_220238-0247,2026-02-17T22:42:37.889257Z,15.403
run_20260217_220238-0248,2026-02-17T20:52:39.325266Z,0.0
run_20260217_220238-0248,2026-02-17T20:57:39.325266Z,1.784
run_20260217_220238-0248,2026-02-17T21:02:39.325266Z,3.442
run_20260217_220238-0248,2026-02-17T21:07:39.325266Z,5.358
run_20260217_220238-0248,2026-02-17T21:12:39.325266Z,7.174
run_20260217_220238-0248,2026-02-17T21:17:39.325266Z,9.01
run_20260217_220238-0248,2026-02-17T21:22:39.325266Z,10.553
run_20260217_220238-0248,2026-02-17T21:27:39.325266Z,12.324
run_20260217_220238-0248,2026-02-17T21:32:39.325266Z,14.525
run_20260217_220238-0248,2026-02-17T21:37:39.325266Z,16.239
run_20260217_220238-0248,2026-02-17T21:42:39.325266Z,18.082
run_20260217_220238-0248,2026-02-17T21:47:39.325266Z,19.69
run_20260217_220238-0248,2026-02-17T21:52:39.325266Z,21.54
run_20260217_220238-0249,2026-02-17T07:20:19.461844Z,0.0
run_20260217_220238-0249,2026-02-17T07:25:19.461844Z,0.918
run_20260217_220238-0249,2026-02-17T07:30:19.461844Z,1.896
run_20260217_220238-0249,2026-02-17T07:35:19.461844Z,2.878
run_20260217_220238-0249,2026-02-17T07:40:19.461844Z,3.748
run_20260217_220238-0249,2026-02-17T07:45:19.461844Z,4.635
run_20260217_220238-0249,2026-02-17T07:50:19.461844Z,5.587
run_20260217_220238-0249,2026-02-17T07:55:19.461844Z,6.434
run_20260217_220238-0249,2026-02-17T08:00:19.461844Z,7.313
run_20260217_220238-0250,2026-02-17T13:34:31.324125Z,0.0
run_20260217_220238-0250,2026-02-17T13:39:31.324125Z,1.06
run_20260217_220238-0250,2026-02-17T13:44:31.324125Z,2.083
run_20260217_220238-0250,2026-02-17T13:49:31.324125Z,2.997
run_20260217_220238-0250,2026-02-17T13:54:31.324125Z,3.914
run_20260217_220238-0250,2026-02-17T13:59:31.324125Z,4.775
run_20260217_220238-0250,2026-02-17T14:04:31.324125Z,5.832
run_20260217_220238-0251,2026-02-17T06:31:52.613249Z,0.0
run_20260217_220238-0251,2026-02-17T06:36:52.613249Z,0.539
run_20260217_220238-0251,2026-02-17T06:41:52.613249Z,1.131
run_20260217_220238-0251,2026-02-17T06:46:52.613249Z,1.652
run_20260217_220238-0251,2026-02-17T06:51:52.613249Z,2.28
run_20260217_220238-0251,2026-02-17T06:56:52.613249Z,2.93
run_20260217_220238-0251,2026-02-17T07:01:52.613249Z,3.52
run_20260217_220238-0252,2026-02-17T11:08:59.031286Z,0.0
run_20260217_220238-0252,2026-02-17T11:13:59.031286Z,1.792
run_20260217_220238-0252,2026-02-17T11:18:59.031286Z,3.896
run_20260217_220238-0252,2026-02-17T11:23:59.031286Z,5.72
run_20260217_220238-0252,2026-02-17T11:28:59.031286Z,7.532
run_20260217_220238-0253,2026-02-17T13:19:11.245435Z,0.0
run_20260217_220238-0253,2026-02-17T13:24:11.245435Z,1.803
run_20260217_220238-0253,2026-02-17T13:29:11.245435Z,3.632
run_20260217_220238-0253,2026-02-17T13:34:11.245435Z,5.75
run_20260217_220238-0253,2026-02-17T13:39:11.245435Z,7.661
run_20260217_220238-0254,2026-02-17T08:06:12.180626Z,0.0
run_20260217_220238-0254,2026-02-17T08:11:12.180626Z,1.051
run_20260217_220238-0254,2026-02-17T08:16:12.180626Z,1.865
run_20260217_220238-0254,2026-02-17T08:21:12.180626Z,2.683
run_20260217_220238-0254,2026-02-17T08:26:12.180626Z,3.428
run_20260217_220238-0254,2026-02-17T08:31:12.180626Z,4.441
run_20260217_220238-0254,2026-02-17T08:36:12.180626Z,5.231
run_20260217_220238-0254,2026-02-17T08:41:12.180626Z,6.138
run_20260217_220238-0254,2026-02-17T08:46:12.180626Z,7.022
run_20260217_220238-0254,2026-02-17T08:51:12.180626Z,8.096
run_20260217_220238-0254,2026-02-17T08:56:12.180626Z,8.887
run_20260217_220238-0254,2026-02-17T09:01:12.180626Z,9.805
run_20260217_220238-0254,2026-02-17T09:06:12.180626Z,10.752
run_20260217_220238-0254,2026-02-17T09:11:12.180626Z,11.499
run_20260217_220238-0254,2026-02-17T09:16:12.180626Z,12.5
run_20260217_220238-0254,2026-02-17T09:21:12.180626Z,13.402
run_20260217_220238-0255,2026-02-17T23:02:15.346861Z,0.0
run_20260217_220238-0255,2026-02-17T23:07:15.346861Z,0.574
run_20260217_220238-0255,2026-02-17T23:12:15.346861Z,1.11
run_20260217_220238-0255,2026-02-17T23:17:15.346861Z,1.711
run_20260217_220238-0255,2026-02-17T23:22:15.346861Z,2.321
run_20260217_220238-0255,2026-02-17T23:27:15.346861Z,2.946
run_20260217_220238-0255,2026-02-17T23:32:15.346861Z,3.561
run_20260217_220238-0255,2026-02-17T23:37:15.346861Z,4.098
run_20260217_220238-0255,2026-02-17T23:42:15.346861Z,4.667
run_20260217_220238-0255,2026-02-17T23:47:15.346861Z,5.366
run_20260217_220238-0255,2026-02-17T23:52:15.346861Z,5.933
run_20260217_220238-0255,2026-02-17T23:57:15.346861Z,6.619
run_20260217_220238-0255,2026-02-18T00:02:15.346861Z,7.263
run_20260217_220238-0256,2026-02-17T13:01:16.693318Z,0.0
run_20260217_220238-0256,2026-02-17T13:06:16.693318Z,0.876
run_20260217_220238-0256,2026-02-17T13:11:16.693318Z,1.802
run_20260217_220238-0256,2026-02-17T13:16:16.693318Z,2.73
run_20260217_220238-0256,2026-02-17T13:21:16.693318Z,3.67
run_20260217_220238-0256,2026-02-17T13:26:16.693318Z,4.545
run_20260217_220238-0256,2026-02-17T13:31:16.693318Z,5.621
run_20260217_220238-0256,2026-02-17T13:36:16.693318Z,6.48
run_20260217_220238-0256,2026-02-17T13:41:16.693318Z,7.536
run_20260217_220238-0257,2026-02-17T02:36:58.770203Z,0.0
run_20260217_220238-0257,2026-02-17T02:41:58.770203Z,0.581
run_20260217_220238-0257,2026-02-17T02:46:58.770203Z,1.15
run_20260217_220238-0257,2026-02-17T02:51:58.770203Z,1.709
run_20260217_220238-0257,2026-02-17T02:56:58.770203Z,2.36
run_20260217_220238-0258,2026-02-17T06:23:22.929523Z,0.0
run_20260217_220238-0258,2026-02-17T06:28:22.929523Z,0.955
run_20260217_220238-0258,2026-02-17T06:33:22.929523Z,1.956
run_20260217_220238-0258,2026-02-17T06:38:22.929523Z,2.944
run_20260217_220238-0258,2026-02-17T06:43:22.929523Z,3.843
run_20260217_220238-0258,2026-02-17T06:48:22.929523Z,4.625
run_20260217_220238-0258,2026-02-17T06:53:22.929523Z,5.659
run_20260217_220238-0258,2026-02-17T06:58:22.929523Z,6.617
run_20260217_220238-0258,2026-02-17T07:03:22.929523Z,7.408
run_20260217_220238-0259,2026-02-17T07:16:30.922928Z,0.0
run_20260217_220238-0259,2026-02-17T07:21:30.922928Z,0.705
run_20260217_220238-0259,2026-02-17T07:26:30.922928Z,1.385
run_20260217_220238-0259,2026-02-17T07:31:30.922928Z,1.908
run_20260217_220238-0259,2026-02-17T07:36:30.922928Z,2.516
run_20260217_220238-0260,2026-02-17T14:52:09.532684Z,0.0
run_20260217_220238-0260,2026-02-17T14:57:09.532684Z,2.107
run_20260217_220238-0260,2026-02-17T15:02:09.532684Z,3.991
run_20260217_220238-0260,2026-02-17T15:07:09.532684Z,6.085
run_20260217_220238-0260,2026-02-17T15:12:09.532684Z,7.499
run_20260217_220238-0260,2026-02-17T15:17:09.532684Z,9.613
run_20260217_220238-0260,2026-02-17T15:22:09.532684Z,11.748
run_20260217_220238-0260,2026-02-17T15:27:09.532684Z,13.725
run_20260217_220238-0260,2026-02-17T15:32:09.532684Z,15.681
run_20260217_220238-0261,2026-02-17T08:15:50.283649Z,0.0
run_20260217_220238-0261,2026-02-17T08:20:50.283649Z,1.985
run_20260217_220238-0261,2026-02-17T08:25:50.283649Z,3.653
run_20260217_220238-0261,2026-02-17T08:30:50.283649Z,5.475
run_20260217_220238-0261,2026-02-17T08:35:50.283649Z,7.014
run_20260217_220238-0262,2026-02-17T07:54:25.447450Z,0.0
run_20260217_220238-0262,2026-02-17T07:59:25.447450Z,1.552
run_20260217_220238-0262,2026-02-17T08:04:25.447450Z,3.344
run_20260217_220238-0262,2026-02-17T08:09:25.447450Z,5.4
run_20260217_220238-0262,2026-02-17T08:14:25.447450Z,7.386
run_20260217_220238-0262,2026-02-17T08:19:25.447450Z,9.22
run_20260217_220238-0262,2026-02-17T08:24:25.447450Z,11.223
run_20260217_220238-0262,2026-02-17T08:29:25.447450Z,12.975
run_20260217_220238-0262,2026-02-17T08:34:25.447450Z,14.647
run_20260217_220238-0263,2026-02-17T09:16:24.229425Z,0.0
run_20260217_220238-0263,2026-02-17T09:21:24.229425Z,2.033
run_20260217_220238-0263,2026-02-17T09:26:24.229425Z,3.779
run_20260217_220238-0263,2026-02-17T09:31:24.229425Z,5.402
run_20260217_220238-0263,2026-02-17T09:36:24.229425Z,7.276
run_20260217_220238-0264,2026-02-17T12:11:01.616157Z,0.0
run_20260217_220238-0264,2026-02-17T12:16:01.616157Z,0.946
run_20260217_220238-0264,2026-02-17T12:21:01.616157Z,1.857
run_20260217_220238-0264,2026-02-17T12:26:01.616157Z,2.796
run_20260217_220238-0264,2026-02-17T12:31:01.616157Z,3.842
run_20260217_220238-0264,2026-02-17T12:36:01.616157Z,4.704
run_20260217_220238-0264,2026-02-17T12:41:01.616157Z,5.659
run_20260217_220238-0265,2026-02-17T10:13:49.781997Z,0.0
run_20260217_220238-0265,2026-02-17T10:18:49.781997Z,0.873
run_20260217_220238-0265,2026-02-17T10:23:49.781997Z,1.805
run_20260217_220238-0265,2026-02-17T10:28:49.781997Z,2.588
run_20260217_220238-0265,2026-02-17T10:33:49.781997Z,3.507
run_20260217_220238-0266,2026-02-17T23:07:24.121040Z,0.0
run_20260217_220238-0266,2026-02-17T23:12:24.121040Z,0.649
run_20260217_220238-0266,2026-02-17T23:17:24.121040Z,1.154
run_20260217_220238-0266,2026-02-17T23:22:24.121040Z,1.838
run_20260217_220238-0266,2026-02-17T23:27:24.121040Z,2.418
run_20260217_220238-0266,2026-02-17T23:32:24.121040Z,3.077
run_20260217_220238-0266,2026-02-17T23:37:24.121040Z,3.628
run_20260217_220238-0266,2026-02-17T23:42:24.121040Z,4.191
run_20260217_220238-0266,2026-02-17T23:47:24.121040Z,4.736
run_20260217_220238-0266,2026-02-17T23:52:24.121040Z,5.276
run_20260217_220238-0266,2026-02-17T23:57:24.121040Z,5.97
run_20260217_220238-0266,2026-02-18T00:02:24.121040Z,6.617
run_20260217_220238-0266,2026-02-18T00:07:24.121040Z,7.111
run_20260217_220238-0266,2026-02-18T00:12:24.121040Z,7.661
run_20260217_220238-0266,2026-02-18T00:17:24.121040Z,8.35
run_20260217_220238-0266,2026-02-18T00:22:24.121040Z,8.873
run_20260217_220238-0267,2026-02-17T21:14:48.381838Z,0.0
run_20260217_220238-0267,2026-02-17T21:19:48.381838Z,0.544
run_20260217_220238-0267,2026-02-17T21:24:48.381838Z,1.083
run_20260217_220238-0267,2026-02-17T21:29:48.381838Z,1.778
run_20260217_220238-0267,2026-02-17T21:34:48.381838Z,2.426
run_20260217_220238-0267,2026-02-17T21:39:48.381838Z,3.015
run_20260217_220238-0267,2026-02-17T21:44:48.381838Z,3.523
run_20260217_220238-0268,2026-02-17T12:09:54.726916Z,0.0
run_20260217_220238-0268,2026-02-17T12:14:54.726916Z,0.587
run_20260217_220238-0268,2026-02-17T12:19:54.726916Z,1.186
run_20260217_220238-0268,2026-02-17T12:24:54.726916Z,1.826
run_20260217_220238-0268,2026-02-17T12:29:54.726916Z,2.511
run_20260217_220238-0268,2026-02-17T12:34:54.726916Z,3.192
run_20260217_220238-0268,2026-02-17T12:39:54.726916Z,3.816
run_20260217_220238-0268,2026-02-17T12:44:54.726916Z,4.525
run_20260217_220238-0268,2026-02-17T12:49:54.726916Z,5.145
run_20260217_220238-0268,2026-02-17T12:54:54.726916Z,5.796
run_20260217_220238-0268,2026-02-17T12:59:54.726916Z,6.396
run_20260217_220238-0268,2026-02-17T13:04:54.726916Z,6.978
run_20260217_220238-0268,2026-02-17T13:09:54.726916Z,7.518
run_20260217_220238-0269,2026-02-17T13:10:16.402823Z,0.0
run_20260217_220238-0269,2026-02-17T13:15:16.402823Z,1.63
run_20260217_220238-0269,2026-02-17T13:20:16.402823Z,3.606
run_20260217_220238-0269,2026-02-17T13:25:16.402823Z,5.601
run_20260217_220238-0269,2026-02-17T13:30:16.402823Z,7.377
run_20260217_220238-0269,2026-02-17T13:35:16.402823Z,9.2
run_20260217_220238-0269,2026-02-17T13:40:16.402823Z,11.355
run_20260217_220238-0269,2026-02-17T13:45:16.402823Z,13.05
run_20260217_220238-0269,2026-02-17T13:50:16.402823Z,14.666
run_20260217_220238-0269,2026-02-17T13:55:16.402823Z,16.522
run_20260217_220238-0269,2026-02-17T14:00:16.402823Z,18.457
run_20260217_220238-0269,2026-02-17T14:05:16.402823Z,20.235
run_20260217_220238-0269,2026-02-17T14:10:16.402823Z,21.807
run_20260217_220238-0269,2026-02-17T14:15:16.402823Z,23.5
run_20260217_220238-0269,2026-02-17T14:20:16.402823Z,25.459
run_20260217_220238-0269,2026-02-17T14:25:16.402823Z,27.423
run_20260217_220238-0270,2026-02-17T16:15:32.698965Z,0.0
run_20260217_220238-0270,2026-02-17T16:20:32.698965Z,1.119
run_20260217_220238-0270,2026-02-17T16:25:32.698965Z,2.009
run_20260217_220238-0270,2026-02-17T16:30:32.698965Z,2.932
run_20260217_220238-0270,2026-02-17T16:35:32.698965Z,3.775
run_20260217_220238-0270,2026-02-17T16:40:32.698965Z,4.929
run_20260217_220238-0270,2026-02-17T16:45:32.698965Z,5.791
run_20260217_220238-0270,2026-02-17T16:50:32.698965Z,6.66
run_20260217_220238-0270,2026-02-17T16:55:32.698965Z,7.591
run_20260217_220238-0270,2026-02-17T17:00:32.698965Z,8.387
run_20260217_220238-0270,2026-02-17T17:05:32.698965Z,9.377
run_20260217_220238-0270,2026-02-17T17:10:32.698965Z,10.293
run_20260217_220238-0270,2026-02-17T17:15:32.698965Z,11.133
run_20260217_220238-0271,2026-02-17T16:26:58.107304Z,0.0
run_20260217_220238-0271,2026-02-17T16:31:58.107304Z,1.859
run_20260217_220238-0271,2026-02-17T16:36:58.107304Z,3.815
run_20260217_220238-0271,2026-02-17T16:41:58.107304Z,5.587
run_20260217_220238-0271,2026-02-17T16:46:58.107304Z,7.148
run_20260217_220238-0271,2026-02-17T16:51:58.107304Z,9.067
run_20260217_220238-0271,2026-02-17T16:56:58.107304Z,10.854
run_20260217_220238-0271,2026-02-17T17:01:58.107304Z,12.565
run_20260217_220238-0271,2026-02-17T17:06:58.107304Z,13.915
run_20260217_220238-0271,2026-02-17T17:11:58.107304Z,15.849
run_20260217_220238-0271,2026-02-17T17:16:58.107304Z,17.888
run_20260217_220238-0271,2026-02-17T17:21:58.107304Z,19.533
run_20260217_220238-0271,2026-02-17T17:26:58.107304Z,21.148
run_20260217_220238-0271,2026-02-17T17:31:58.107304Z,22.997
run_20260217_220238-0271,2026-02-17T17:36:58.107304Z,24.595
run_20260217_220238-0271,2026-02-17T17:41:58.107304Z,26.048
run_20260217_220238-0272,2026-02-17T06:02:04.142300Z,0.0
run_20260217_220238-0272,2026-02-17T06:07:04.142300Z,0.808
run_20260217_220238-0272,2026-02-17T06:12:04.142300Z,1.793
run_20260217_220238-0272,2026-02-17T06:17:04.142300Z,2.643
run_20260217_220238-0272,2026-02-17T06:22:04.142300Z,3.603
run_20260217_220238-0272,2026-02-17T06:27:04.142300Z,4.523
run_20260217_220238-0272,2026-02-17T06:32:04.142300Z,5.418
run_20260217_220238-0272,2026-02-17T06:37:04.142300Z,6.355
run_20260217_220238-0272,2026-02-17T06:42:04.142300Z,7.339
run_20260217_220238-0272,2026-02-17T06:47:04.142300Z,8.281
run_20260217_220238-0272,2026-02-17T06:52:04.142300Z,9.256
run_20260217_220238-0272,2026-02-17T06:57:04.142300Z,9.917
run_20260217_220238-0272,2026-02-17T07:02:04.142300Z,10.812
run_20260217_220238-0272,2026-02-17T07:07:04.142300Z,11.682
run_20260217_220238-0272,2026-02-17T07:12:04.142300Z,12.747
run_20260217_220238-0272,2026-02-17T07:17:04.142300Z,13.725
run_20260217_220238-0273,2026-02-17T23:12:28.728488Z,0.0
run_20260217_220238-0273,2026-02-17T23:17:28.728488Z,0.533
run_20260217_220238-0273,2026-02-17T23:22:28.728488Z,1.073
run_20260217_220238-0273,2026-02-17T23:27:28.728488Z,1.633
run_20260217_220238-0273,2026-02-17T23:32:28.728488Z,2.217
run_20260217_220238-0273,2026-02-17T23:37:28.728488Z,2.781
run_20260217_220238-0273,2026-02-17T23:42:28.728488Z,3.334
run_20260217_220238-0273,2026-02-17T23:47:28.728488Z,3.827
run_20260217_220238-0273,2026-02-17T23:52:28.728488Z,4.419
run_20260217_220238-0273,2026-02-17T23:57:28.728488Z,4.989
run_20260217_220238-0273,2026-02-18T00:02:28.728488Z,5.502
run_20260217_220238-0273,2026-02-18T00:07:28.728488Z,6.158
run_20260217_220238-0273,2026-02-18T00:12:28.728488Z,6.775
run_20260217_220238-0274,2026-02-17T00:33:48.916814Z,0.0
run_20260217_220238-0274,2026-02-17T00:38:48.916814Z,2.119
run_20260217_220238-0274,2026-02-17T00:43:48.916814Z,4.052
run_20260217_220238-0274,2026-02-17T00:48:48.916814Z,5.993
run_20260217_220238-0274,2026-02-17T00:53:48.916814Z,8.18
run_20260217_220238-0274,2026-02-17T00:58:48.916814Z,10.14
run_20260217_220238-0274,2026-02-17T01:03:48.916814Z,11.821
run_20260217_220238-0274,2026-02-17T01:08:48.916814Z,13.694
run_20260217_220238-0274,2026-02-17T01:13:48.916814Z,15.784
run_20260217_220238-0275,2026-02-17T05:51:38.694270Z,0.0
run_20260217_220238-0275,2026-02-17T05:56:38.694270Z,1.581
run_20260217_220238-0275,2026-02-17T06:01:38.694270Z,3.222
run_20260217_220238-0275,2026-02-17T06:06:38.694270Z,5.205
run_20260217_220238-0275,2026-02-17T06:11:38.694270Z,7.004
run_20260217_220238-0275,2026-02-17T06:16:38.694270Z,8.96
run_20260217_220238-0275,2026-02-17T06:21:38.694270Z,11.042
run_20260217_220238-0275,2026-02-17T06:26:38.694270Z,12.919
run_20260217_220238-0275,2026-02-17T06:31:38.694270Z,14.857
run_20260217_220238-0275,2026-02-17T06:36:38.694270Z,16.513
run_20260217_220238-0275,2026-02-17T06:41:38.694270Z,18.331
run_20260217_220238-0275,2026-02-17T06:46:38.694270Z,19.953
run_20260217_220238-0275,2026-02-17T06:51:38.694270Z,21.888
run_20260217_220238-0275,2026-02-17T06:56:38.694270Z,23.888
run_20260217_220238-0275,2026-02-17T07:01:38.694270Z,25.898
run_20260217_220238-0275,2026-02-17T07:06:38.694270Z,27.726
run_20260217_220238-0276,2026-02-17T23:01:29.133083Z,0.0
run_20260217_220238-0276,2026-02-17T23:06:29.133083Z,1.997
run_20260217_220238-0276,2026-02-17T23:11:29.133083Z,4.235
run_20260217_220238-0276,2026-02-17T23:16:29.133083Z,6.202
run_20260217_220238-0276,2026-02-17T23:21:29.133083Z,7.833
run_20260217_220238-0276,2026-02-17T23:26:29.133083Z,9.487
run_20260217_220238-0276,2026-02-17T23:31:29.133083Z,11.082
run_20260217_220238-0276,2026-02-17T23:36:29.133083Z,12.93
run_20260217_220238-0276,2026-02-17T23:41:29.133083Z,14.561
run_20260217_220238-0277,2026-02-17T01:00:56.261197Z,0.0
run_20260217_220238-0277,2026-02-17T01:05:56.261197Z,0.682
run_20260217_220238-0277,2026-02-17T01:10:56.261197Z,1.29
run_20260217_220238-0277,2026-02-17T01:15:56.261197Z,1.855
run_20260217_220238-0277,2026-02-17T01:20:56.261197Z,2.397
run_20260217_220238-0277,2026-02-17T01:25:56.261197Z,2.98
run_20260217_220238-0277,2026-02-17T01:30:56.261197Z,3.507
run_20260217_220238-0277,2026-02-17T01:35:56.261197Z,4.208
run_20260217_220238-0277,2026-02-17T01:40:56.261197Z,4.781
run_20260217_220238-0277,2026-02-17T01:45:56.261197Z,5.334
run_20260217_220238-0277,2026-02-17T01:50:56.261197Z,5.895
run_20260217_220238-0277,2026-02-17T01:55:56.261197Z,6.636
run_20260217_220238-0277,2026-02-17T02:00:56.261197Z,7.186
run_20260217_220238-0277,2026-02-17T02:05:56.261197Z,7.74
run_20260217_220238-0277,2026-02-17T02:10:56.261197Z,8.247
run_20260217_220238-0277,2026-02-17T02:15:56.261197Z,8.81
run_20260217_220238-0278,2026-02-17T07:55:43.716365Z,0.0
run_20260217_220238-0278,2026-02-17T08:00:43.716365Z,0.668
run_20260217_220238-0278,2026-02-17T08:05:43.716365Z,1.222
run_20260217_220238-0278,2026-02-17T08:10:43.716365Z,1.712
run_20260217_220238-0278,2026-02-17T08:15:43.716365Z,2.207
run_20260217_220238-0278,2026-02-17T08:20:43.716365Z,2.786
run_20260217_220238-0278,2026-02-17T08:25:43.716365Z,3.337
run_20260217_220238-0278,2026-02-17T08:30:43.716365Z,4.062
run_20260217_220238-0278,2026-02-17T08:35:43.716365Z,4.589
run_20260217_220238-0278,2026-02-17T08:40:43.716365Z,5.133
run_20260217_220238-0278,2026-02-17T08:45:43.716365Z,5.782
run_20260217_220238-0278,2026-02-17T08:50:43.716365Z,6.355
run_20260217_220238-0278,2026-02-17T08:55:43.716365Z,7.084
run_20260217_220238-0279,2026-02-17T04:42:56.633879Z,0.0
run_20260217_220238-0279,2026-02-17T04:47:56.633879Z,1.105
run_20260217_220238-0279,2026-02-17T04:52:56.633879Z,2.075
run_20260217_220238-0279,2026-02-17T04:57:56.633879Z,3.031
run_20260217_220238-0279,2026-02-17T05:02:56.633879Z,4.05
run_20260217_220238-0279,2026-02-17T05:07:56.633879Z,5.02
run_20260217_220238-0279,2026-02-17T05:12:56.633879Z,5.919
run_20260217_220238-0279,2026-02-17T05:17:56.633879Z,6.945
run_20260217_220238-0279,2026-02-17T05:22:56.633879Z,7.831
run_20260217_220238-0279,2026-02-17T05:27:56.633879Z,8.781
run_20260217_220238-0279,2026-02-17T05:32:56.633879Z,9.699
run_20260217_220238-0279,2026-02-17T05:37:56.633879Z,10.54
run_20260217_220238-0279,2026-02-17T05:42:56.633879Z,11.318
run_20260217_220238-0280,2026-02-17T21:29:20.723687Z,0.0
run_20260217_220238-0280,2026-02-17T21:34:20.723687Z,2.051
run_20260217_220238-0280,2026-02-17T21:39:20.723687Z,3.676
run_20260217_220238-0280,2026-02-17T21:44:20.723687Z,5.2
run_20260217_220238-0280,2026-02-17T21:49:20.723687Z,7.167
run_20260217_220238-0280,2026-02-17T21:54:20.723687Z,9.251
run_20260217_220238-0280,2026-02-17T21:59:20.723687Z,11.206
run_20260217_220238-0280,2026-02-17T22:04:20.723687Z,13.328
run_20260217_220238-0280,2026-02-17T22:09:20.723687Z,15.204
run_20260217_220238-0280,2026-02-17T22:14:20.723687Z,17.107
run_20260217_220238-0280,2026-02-17T22:19:20.723687Z,18.957
run_20260217_220238-0280,2026-02-17T22:24:20.723687Z,20.852
run_20260217_220238-0280,2026-02-17T22:29:20.723687Z,22.811
run_20260217_220238-0280,2026-02-17T22:34:20.723687Z,24.952
run_20260217_220238-0280,2026-02-17T22:39:20.723687Z,26.931
run_20260217_220238-0280,2026-02-17T22:44:20.723687Z,28.923
run_20260217_220238-0281,2026-02-17T13:35:26.637007Z,0.0
run_20260217_220238-0281,2026-02-17T13:40:26.637007Z,0.867
run_20260217_220238-0281,2026-02-17T13:45:26.637007Z,1.731
run_20260217_220238-0281,2026-02-17T13:50:26.637007Z,2.547
run_20260217_220238-0281,2026-02-17T13:55:26.637007Z,3.384
run_20260217_220238-0282,2026-02-17T22:53:27.343833Z,0.0
run_20260217_220238-0282,2026-02-17T22:58:27.343833Z,0.818
run_20260217_220238-0282,2026-02-17T23:03:27.343833Z,1.774
run_20260217_220238-0282,2026-02-17T23:08:27.343833Z,2.671
run_20260217_220238-0282,2026-02-17T23:13:27.343833Z,3.606
run_20260217_220238-0283,2026-02-17T01:44:33.907990Z,0.0
run_20260217_220238-0283,2026-02-17T01:49:33.907990Z,0.841
run_20260217_220238-0283,2026-02-17T01:54:33.907990Z,1.768
run_20260217_220238-0283,2026-02-17T01:59:33.907990Z,2.664
run_20260217_220238-0283,2026-02-17T02:04:33.907990Z,3.616
run_20260217_220238-0283,2026-02-17T02:09:33.907990Z,4.587
run_20260217_220238-0283,2026-02-17T02:14:33.907990Z,5.5
run_20260217_220238-0283,2026-02-17T02:19:33.907990Z,6.253
run_20260217_220238-0283,2026-02-17T02:24:33.907990Z,7.215
run_20260217_220238-0283,2026-02-17T02:29:33.907990Z,8.069
run_20260217_220238-0283,2026-02-17T02:34:33.907990Z,8.935
run_20260217_220238-0283,2026-02-17T02:39:33.907990Z,9.794
run_20260217_220238-0283,2026-02-17T02:44:33.907990Z,10.891
run_20260217_220238-0284,2026-02-17T01:00:21.361517Z,0.0
run_20260217_220238-0284,2026-02-17T01:05:21.361517Z,1.523
run_20260217_220238-0284,2026-02-17T01:10:21.361517Z,3.428
run_20260217_220238-0284,2026-02-17T01:15:21.361517Z,5.19
run_20260217_220238-0284,2026-02-17T01:20:21.361517Z,7.254
run_20260217_220238-0285,2026-02-17T01:15:20.980771Z,0.0
run_20260217_220238-0285,2026-02-17T01:20:20.980771Z,0.62
run_20260217_220238-0285,2026-02-17T01:25:20.980771Z,1.219
run_20260217_220238-0285,2026-02-17T01:30:20.980771Z,1.689
run_20260217_220238-0285,2026-02-17T01:35:20.980771Z,2.255
run_20260217_220238-0285,2026-02-17T01:40:20.980771Z,2.906
run_20260217_220238-0285,2026-02-17T01:45:20.980771Z,3.462
run_20260217_220238-0285,2026-02-17T01:50:20.980771Z,4.005
run_20260217_220238-0285,2026-02-17T01:55:20.980771Z,4.628
run_20260217_220238-0286,2026-02-17T19:37:50.670116Z,0.0
run_20260217_220238-0286,2026-02-17T19:42:50.670116Z,0.636
run_20260217_220238-0286,2026-02-17T19:47:50.670116Z,1.319
run_20260217_220238-0286,2026-02-17T19:52:50.670116Z,1.807
run_20260217_220238-0286,2026-02-17T19:57:50.670116Z,2.473
run_20260217_220238-0286,2026-02-17T20:02:50.670116Z,3.071
run_20260217_220238-0286,2026-02-17T20:07:50.670116Z,3.624
run_20260217_220238-0286,2026-02-17T20:12:50.670116Z,4.209
run_20260217_220238-0286,2026-02-17T20:17:50.670116Z,4.833
run_20260217_220238-0286,2026-02-17T20:22:50.670116Z,5.445
run_20260217_220238-0286,2026-02-17T20:27:50.670116Z,6.034
run_20260217_220238-0286,2026-02-17T20:32:50.670116Z,6.565
run_20260217_220238-0286,2026-02-17T20:37:50.670116Z,7.15
run_20260217_220238-0286,2026-02-17T20:42:50.670116Z,7.778
run_20260217_220238-0286,2026-02-17T20:47:50.670116Z,8.362
run_20260217_220238-0286,2026-02-17T20:52:50.670116Z,8.939
run_20260217_220238-0287,2026-02-17T19:20:21.723629Z,0.0
run_20260217_220238-0287,2026-02-17T19:25:21.723629Z,0.853
run_20260217_220238-0287,2026-02-17T19:30:21.723629Z,1.888
run_20260217_220238-0287,2026-02-17T19:35:21.723629Z,2.787
run_20260217_220238-0287,2026-02-17T19:40:21.723629Z,3.654
run_20260217_220238-0287,2026-02-17T19:45:21.723629Z,4.419
run_20260217_220238-0287,2026-02-17T19:50:21.723629Z,5.267
run_20260217_220238-0287,2026-02-17T19:55:21.723629Z,6.238
run_20260217_220238-0287,2026-02-17T20:00:21.723629Z,7.14
run_20260217_220238-0287,2026-02-17T20:05:21.723629Z,7.995
run_20260217_220238-0287,2026-02-17T20:10:21.723629Z,9.06
run_20260217_220238-0287,2026-02-17T20:15:21.723629Z,9.945
run_20260217_220238-0287,2026-02-17T20:20:21.723629Z,10.735
run_20260217_220238-0288,2026-02-17T20:45:35.976082Z,0.0
run_20260217_220238-0288,2026-02-17T20:50:35.976082Z,0.833
run_20260217_220238-0288,2026-02-17T20:55:35.976082Z,1.769
run_20260217_220238-0288,2026-02-17T21:00:35.976082Z,2.646
run_20260217_220238-0288,2026-02-17T21:05:35.976082Z,3.672
run_20260217_220238-0288,2026-02-17T21:10:35.976082Z,4.645
run_20260217_220238-0288,2026-02-17T21:15:35.976082Z,5.674
run_20260217_220238-0288,2026-02-17T21:20:35.976082Z,6.689
run_20260217_220238-0288,2026-02-17T21:25:35.976082Z,7.454
run_20260217_220238-0289,2026-02-17T19:16:08.281305Z,0.0
run_20260217_220238-0289,2026-02-17T19:21:08.281305Z,1.865
run_20260217_220238-0289,2026-02-17T19:26:08.281305Z,3.715
run_20260217_220238-0289,2026-02-17T19:31:08.281305Z,5.502
run_20260217_220238-0289,2026-02-17T19:36:08.281305Z,7.333
run_20260217_220238-0290,2026-02-17T05:31:21.097976Z,0.0
run_20260217_220238-0290,2026-02-17T05:36:21.097976Z,0.529
run_20260217_220238-0290,2026-02-17T05:41:21.097976Z,1.105
run_20260217_220238-0290,2026-02-17T05:46:21.097976Z,1.773
run_20260217_220238-0290,2026-02-17T05:51:21.097976Z,2.372
run_20260217_220238-0290,2026-02-17T05:56:21.097976Z,2.981
run_20260217_220238-0290,2026-02-17T06:01:21.097976Z,3.525
run_20260217_220238-0291,2026-02-17T09:49:58.494787Z,0.0
run_20260217_220238-0291,2026-02-17T09:54:58.494787Z,0.53
run_20260217_220238-0291,2026-02-17T09:59:58.494787Z,1.146
run_20260217_220238-0291,2026-02-17T10:04:58.494787Z,1.689
run_20260217_220238-0291,2026-02-17T10:09:58.494787Z,2.332
run_20260217_220238-0291,2026-02-17T10:14:58.494787Z,2.871
run_20260217_220238-0291,2026-02-17T10:19:58.494787Z,3.372
run_20260217_220238-0291,2026-02-17T10:24:58.494787Z,4.001
run_20260217_220238-0291,2026-02-17T10:29:58.494787Z,4.523
run_20260217_220238-0292,2026-02-17T20:36:51.972154Z,0.0
run_20260217_220238-0292,2026-02-17T20:41:51.972154Z,0.529
run_20260217_220238-0292,2026-02-17T20:46:51.972154Z,1.098
run_20260217_220238-0292,2026-02-17T20:51:51.972154Z,1.721
run_20260217_220238-0292,2026-02-17T20:56:51.972154Z,2.297
run_20260217_220238-0292,2026-02-17T21:01:51.972154Z,2.881
run_20260217_220238-0292,2026-02-17T21:06:51.972154Z,3.34
run_20260217_220238-0293,2026-02-17T12:16:47.718381Z,0.0
run_20260217_220238-0293,2026-02-17T12:21:47.718381Z,0.898
run_20260217_220238-0293,2026-02-17T12:26:47.718381Z,1.835
run_20260217_220238-0293,2026-02-17T12:31:47.718381Z,2.805
run_20260217_220238-0293,2026-02-17T12:36:47.718381Z,3.914
run_20260217_220238-0294,2026-02-17T01:57:13.272036Z,0.0
run_20260217_220238-0294,2026-02-17T02:02:13.272036Z,0.653
run_20260217_220238-0294,2026-02-17T02:07:13.272036Z,1.246
run_20260217_220238-0294,2026-02-17T02:12:13.272036Z,1.825
run_20260217_220238-0294,2026-02-17T02:17:13.272036Z,2.356
run_20260217_220238-0295,2026-02-17T17:39:49.491605Z,0.0
run_20260217_220238-0295,2026-02-17T17:44:49.491605Z,1.956
run_20260217_220238-0295,2026-02-17T17:49:49.491605Z,4.027
run_20260217_220238-0295,2026-02-17T17:54:49.491605Z,5.683
run_20260217_220238-0295,2026-02-17T17:59:49.491605Z,7.716
run_20260217_220238-0295,2026-02-17T18:04:49.491605Z,9.663
run_20260217_220238-0295,2026-02-17T18:09:49.491605Z,11.306
run_20260217_220238-0295,2026-02-17T18:14:49.491605Z,12.854
run_20260217_220238-0295,2026-02-17T18:19:49.491605Z,14.968
run_20260217_220238-0295,2026-02-17T18:24:49.491605Z,16.631
run_20260217_220238-0295,2026-02-17T18:29:49.491605Z,18.447
run_20260217_220238-0295,2026-02-17T18:34:49.491605Z,20.423
run_20260217_220238-0295,2026-02-17T18:39:49.491605Z,22.1
run_20260217_220238-0295,2026-02-17T18:44:49.491605Z,23.685
run_20260217_220238-0295,2026-02-17T18:49:49.491605Z,25.547
run_20260217_220238-0295,2026-02-17T18:54:49.491605Z,27.28
run_20260217_220238-0296,2026-02-17T11:38:03.634000Z,0.0
run_20260217_220238-0296,2026-02-17T11:43:03.634000Z,0.6
run_20260217_220238-0296,2026-02-17T11:48:03.634000Z,1.22
run_20260217_220238-0296,2026-02-17T11:53:03.634000Z,1.849
run_20260217_220238-0296,2026-02-17T11:58:03.634000Z,2.36
run_20260217_220238-0296,2026-02-17T12:03:03.634000Z,2.894
run_20260217_220238-0296,2026-02-17T12:08:03.634000Z,3.461
run_20260217_220238-0296,2026-02-17T12:13:03.634000Z,4.008
run_20260217_220238-0296,2026-02-17T12:18:03.634000Z,4.594
run_20260217_220238-0297,2026-02-17T18:55:35.178629Z,0.0
run_20260217_220238-0297,2026-02-17T19:00:35.178629Z,1.912
run_20260217_220238-0297,2026-02-17T19:05:35.178629Z,3.765
run_20260217_220238-0297,2026-02-17T19:10:35.178629Z,5.564
run_20260217_220238-0297,2026-02-17T19:15:35.178629Z,7.628
run_20260217_220238-0297,2026-02-17T19:20:35.178629Z,9.526
run_20260217_220238-0297,2026-02-17T19:25:35.178629Z,11.496
run_20260217_220238-0298,2026-02-17T20:27:30.855353Z,0.0
run_20260217_220238-0298,2026-02-17T20:32:30.855353Z,1.026
run_20260217_220238-0298,2026-02-17T20:37:30.855353Z,2.041
run_20260217_220238-0298,2026-02-17T20:42:30.855353Z,2.905
run_20260217_220238-0298,2026-02-17T20:47:30.855353Z,3.622
run_20260217_220238-0298,2026-02-17T20:52:30.855353Z,4.674
run_20260217_220238-0298,2026-02-17T20:57:30.855353Z,5.468
run_20260217_220238-0299,2026-02-17T17:10:49.520279Z,0.0
run_20260217_220238-0299,2026-02-17T17:15:49.520279Z,0.506
run_20260217_220238-0299,2026-02-17T17:20:49.520279Z,0.927
run_20260217_220238-0299,2026-02-17T17:25:49.520279Z,1.586
run_20260217_220238-0299,2026-02-17T17:30:49.520279Z,2.211
run_20260217_220238-0300,2026-02-17T04:54:45.171529Z,0.0
run_20260217_220238-0300,2026-02-17T04:59:45.171529Z,1.75
run_20260217_220238-0300,2026-02-17T05:04:45.171529Z,3.506
run_20260217_220238-0300,2026-02-17T05:09:45.171529Z,5.219
run_20260217_220238-0300,2026-02-17T05:14:45.171529Z,7.025
run_20260217_220238-0300,2026-02-17T05:19:45.171529Z,8.692
run_20260217_220238-0300,2026-02-17T05:24:45.171529Z,10.291
run_20260217_220238-0301,2026-02-17T20:48:36.779653Z,0.0
run_20260217_220238-0301,2026-02-17T20:53:36.779653Z,0.623
run_20260217_220238-0301,2026-02-17T20:58:36.779653Z,1.093
run_20260217_220238-0301,2026-02-17T21:03:36.779653Z,1.674
run_20260217_220238-0301,2026-02-17T21:08:36.779653Z,2.229
run_20260217_220238-0302,2026-02-17T12:33:44.902374Z,0.0
run_20260217_220238-0302,2026-02-17T12:38:44.902374Z,1.519
run_20260217_220238-0302,2026-02-17T12:43:44.902374Z,3.664
run_20260217_220238-0302,2026-02-17T12:48:44.902374Z,5.575
run_20260217_220238-0302,2026-02-17T12:53:44.902374Z,7.317
run_20260217_220238-0302,2026-02-17T12:58:44.902374Z,9.148
run_20260217_220238-0302,2026-02-17T13:03:44.902374Z,10.885
run_20260217_220238-0302,2026-02-17T13:08:44.902374Z,12.729
run_20260217_220238-0302,2026-02-17T13:13:44.902374Z,14.289
run_20260217_220238-0302,2026-02-17T13:18:44.902374Z,15.914
run_20260217_220238-0302,2026-02-17T13:23:44.902374Z,18.0
run_20260217_220238-0302,2026-02-17T13:28:44.902374Z,19.642
run_20260217_220238-0302,2026-02-17T13:33:44.902374Z,21.344
run_20260217_220238-0302,2026-02-17T13:38:44.902374Z,22.998
run_20260217_220238-0302,2026-02-17T13:43:44.902374Z,24.793
run_20260217_220238-0302,2026-02-17T13:48:44.902374Z,26.667
run_20260217_220238-0303,2026-02-17T01:27:40.371350Z,0.0
run_20260217_220238-0303,2026-02-17T01:32:40.371350Z,0.819
run_20260217_220238-0303,2026-02-17T01:37:40.371350Z,1.869
run_20260217_220238-0303,2026-02-17T01:42:40.371350Z,2.932
run_20260217_220238-0303,2026-02-17T01:47:40.371350Z,3.753
run_20260217_220238-0303,2026-02-17T01:52:40.371350Z,4.584
run_20260217_220238-0303,2026-02-17T01:57:40.371350Z,5.456
run_20260217_220238-0303,2026-02-17T02:02:40.371350Z,6.369
run_20260217_220238-0303,2026-02-17T02:07:40.371350Z,7.441
run_20260217_220238-0303,2026-02-17T02:12:40.371350Z,8.391
run_20260217_220238-0303,2026-02-17T02:17:40.371350Z,9.287
run_20260217_220238-0303,2026-02-17T02:22:40.371350Z,10.11
run_20260217_220238-0303,2026-02-17T02:27:40.371350Z,10.96
run_20260217_220238-0304,2026-02-17T06:57:49.540465Z,0.0
run_20260217_220238-0304,2026-02-17T07:02:49.540465Z,1.614
run_20260217_220238-0304,2026-02-17T07:07:49.540465Z,3.415
run_20260217_220238-0304,2026-02-17T07:12:49.540465Z,5.161
run_20260217_220238-0304,2026-02-17T07:17:49.540465Z,7.082
run_20260217_220238-0305,2026-02-17T21:25:31.210099Z,0.0
run_20260217_220238-0305,2026-02-17T21:30:31.210099Z,1.711
run_20260217_220238-0305,2026-02-17T21:35:31.210099Z,3.471
run_20260217_220238-0305,2026-02-17T21:40:31.210099Z,5.074
run_20260217_220238-0305,2026-02-17T21:45:31.210099Z,6.854
run_20260217_220238-0305,2026-02-17T21:50:31.210099Z,8.254
run_20260217_220238-0305,2026-02-17T21:55:31.210099Z,9.72
run_20260217_220238-0305,2026-02-17T22:00:31.210099Z,11.454
run_20260217_220238-0305,2026-02-17T22:05:31.210099Z,13.362
run_20260217_220238-0305,2026-02-17T22:10:31.210099Z,14.974
run_20260217_220238-0305,2026-02-17T22:15:31.210099Z,16.732
run_20260217_220238-0305,2026-02-17T22:20:31.210099Z,18.667
run_20260217_220238-0305,2026-02-17T22:25:31.210099Z,20.711
run_20260217_220238-0306,2026-02-17T16:37:25.173311Z,0.0
run_20260217_220238-0306,2026-02-17T16:42:25.173311Z,1.753
run_20260217_220238-0306,2026-02-17T16:47:25.173311Z,3.646
run_20260217_220238-0306,2026-02-17T16:52:25.173311Z,5.54
run_20260217_220238-0306,2026-02-17T16:57:25.173311Z,7.304
run_20260217_220238-0306,2026-02-17T17:02:25.173311Z,9.178
run_20260217_220238-0306,2026-02-17T17:07:25.173311Z,11.329
run_20260217_220238-0306,2026-02-17T17:12:25.173311Z,13.242
run_20260217_220238-0306,2026-02-17T17:17:25.173311Z,15.049
run_20260217_220238-0307,2026-02-17T15:51:38.970079Z,0.0
run_20260217_220238-0307,2026-02-17T15:56:38.970079Z,1.74
run_20260217_220238-0307,2026-02-17T16:01:38.970079Z,3.301
run_20260217_220238-0307,2026-02-17T16:06:38.970079Z,5.387
run_20260217_220238-0307,2026-02-17T16:11:38.970079Z,7.621
run_20260217_220238-0307,2026-02-17T16:16:38.970079Z,9.535
run_20260217_220238-0307,2026-02-17T16:21:38.970079Z,11.371
run_20260217_220238-0307,2026-02-17T16:26:38.970079Z,13.46
run_20260217_220238-0307,2026-02-17T16:31:38.970079Z,15.624
run_20260217_220238-0307,2026-02-17T16:36:38.970079Z,17.396
run_20260217_220238-0307,2026-02-17T16:41:38.970079Z,19.256
run_20260217_220238-0307,2026-02-17T16:46:38.970079Z,21.102
run_20260217_220238-0307,2026-02-17T16:51:38.970079Z,23.009
run_20260217_220238-0307,2026-02-17T16:56:38.970079Z,25.018
run_20260217_220238-0307,2026-02-17T17:01:38.970079Z,26.894
run_20260217_220238-0307,2026-02-17T17:06:38.970079Z,28.979
run_20260217_220238-0308,2026-02-17T00:51:31.023361Z,0.0
run_20260217_220238-0308,2026-02-17T00:56:31.023361Z,0.592
run_20260217_220238-0308,2026-02-17T01:01:31.023361Z,1.151
run_20260217_220238-0308,2026-02-17T01:06:31.023361Z,1.701
run_20260217_220238-0308,2026-02-17T01:11:31.023361Z,2.327
run_20260217_220238-0309,2026-02-17T23:10:36.152039Z,0.0
run_20260217_220238-0309,2026-02-17T23:15:36.152039Z,2.089
run_20260217_220238-0309,2026-02-17T23:20:36.152039Z,3.79
run_20260217_220238-0309,2026-02-17T23:25:36.152039Z,5.61
run_20260217_220238-0309,2026-02-17T23:30:36.152039Z,7.468
run_20260217_220238-0309,2026-02-17T23:35:36.152039Z,9.344
run_20260217_220238-0309,2026-02-17T23:40:36.152039Z,11.178
run_20260217_220238-0309,2026-02-17T23:45:36.152039Z,13.016
run_20260217_220238-0309,2026-02-17T23:50:36.152039Z,15.191
run_20260217_220238-0309,2026-02-17T23:55:36.152039Z,17.544
run_20260217_220238-0309,2026-02-18T00:00:36.152039Z,19.409
run_20260217_220238-0309,2026-02-18T00:05:36.152039Z,21.074
run_20260217_220238-0309,2026-02-18T00:10:36.152039Z,22.715
run_20260217_220238-0309,2026-02-18T00:15:36.152039Z,24.697
run_20260217_220238-0309,2026-02-18T00:20:36.152039Z,26.233
run_20260217_220238-0309,2026-02-18T00:25:36.152039Z,28.033
run_20260217_220238-0310,2026-02-17T10:47:35.194734Z,0.0
run_20260217_220238-0310,2026-02-17T10:52:35.194734Z,1.561
run_20260217_220238-0310,2026-02-17T10:57:35.194734Z,3.779
run_20260217_220238-0310,2026-02-17T11:02:35.194734Z,5.571
run_20260217_220238-0310,2026-02-17T11:07:35.194734Z,7.651
run_20260217_220238-0310,2026-02-17T11:12:35.194734Z,9.628
run_20260217_220238-0310,2026-02-17T11:17:35.194734Z,11.859
run_20260217_220238-0310,2026-02-17T11:22:35.194734Z,13.565
run_20260217_220238-0310,2026-02-17T11:27:35.194734Z,15.334
run_20260217_220238-0310,2026-02-17T11:32:35.194734Z,17.094
run_20260217_220238-0310,2026-02-17T11:37:35.194734Z,18.976
run_20260217_220238-0310,2026-02-17T11:42:35.194734Z,20.947
run_20260217_220238-0310,2026-02-17T11:47:35.194734Z,22.847
run_20260217_220238-0310,2026-02-17T11:52:35.194734Z,24.993
run_20260217_220238-0310,2026-02-17T11:57:35.194734Z,26.718
run_20260217_220238-0310,2026-02-17T12:02:35.194734Z,28.912
run_20260217_220238-0311,2026-02-17T13:21:24.789455Z,0.0
run_20260217_220238-0311,2026-02-17T13:26:24.789455Z,1.733
run_20260217_220238-0311,2026-02-17T13:31:24.789455Z,3.43
run_20260217_220238-0311,2026-02-17T13:36:24.789455Z,5.277
run_20260217_220238-0311,2026-02-17T13:41:24.789455Z,6.941
run_20260217_220238-0311,2026-02-17T13:46:24.789455Z,9.043
run_20260217_220238-0311,2026-02-17T13:51:24.789455Z,10.713
run_20260217_220238-0311,2026-02-17T13:56:24.789455Z,12.192
run_20260217_220238-0311,2026-02-17T14:01:24.789455Z,14.161
run_20260217_220238-0311,2026-02-17T14:06:24.789455Z,15.834
run_20260217_220238-0311,2026-02-17T14:11:24.789455Z,17.659
run_20260217_220238-0311,2026-02-17T14:16:24.789455Z,19.672
run_20260217_220238-0311,2026-02-17T14:21:24.789455Z,21.536
run_20260217_220238-0312,2026-02-17T16:24:20.868036Z,0.0
run_20260217_220238-0312,2026-02-17T16:29:20.868036Z,1.708
run_20260217_220238-0312,2026-02-17T16:34:20.868036Z,3.263
run_20260217_220238-0312,2026-02-17T16:39:20.868036Z,5.033
run_20260217_220238-0312,2026-02-17T16:44:20.868036Z,6.854
run_20260217_220238-0312,2026-02-17T16:49:20.868036Z,8.838
run_20260217_220238-0312,2026-02-17T16:54:20.868036Z,10.426
run_20260217_220238-0312,2026-02-17T16:59:20.868036Z,12.44
run_20260217_220238-0312,2026-02-17T17:04:20.868036Z,14.146
run_20260217_220238-0313,2026-02-17T15:29:54.323175Z,0.0
run_20260217_220238-0313,2026-02-17T15:34:54.323175Z,1.014
run_20260217_220238-0313,2026-02-17T15:39:54.323175Z,1.993
run_20260217_220238-0313,2026-02-17T15:44:54.323175Z,3.048
run_20260217_220238-0313,2026-02-17T15:49:54.323175Z,4.019
run_20260217_220238-0313,2026-02-17T15:54:54.323175Z,4.91
run_20260217_220238-0313,2026-02-17T15:59:54.323175Z,5.822
run_20260217_220238-0313,2026-02-17T16:04:54.323175Z,6.671
run_20260217_220238-0313,2026-02-17T16:09:54.323175Z,7.592
run_20260217_220238-0313,2026-02-17T16:14:54.323175Z,8.58
run_20260217_220238-0313,2026-02-17T16:19:54.323175Z,9.52
run_20260217_220238-0313,2026-02-17T16:24:54.323175Z,10.609
run_20260217_220238-0313,2026-02-17T16:29:54.323175Z,11.57
run_20260217_220238-0313,2026-02-17T16:34:54.323175Z,12.413
run_20260217_220238-0313,2026-02-17T16:39:54.323175Z,13.338
run_20260217_220238-0313,2026-02-17T16:44:54.323175Z,14.209
run_20260217_220238-0314,2026-02-17T08:03:40.159633Z,0.0
run_20260217_220238-0314,2026-02-17T08:08:40.159633Z,0.607
run_20260217_220238-0314,2026-02-17T08:13:40.159633Z,1.132
run_20260217_220238-0314,2026-02-17T08:18:40.159633Z,1.799
run_20260217_220238-0314,2026-02-17T08:23:40.159633Z,2.417
run_20260217_220238-0314,2026-02-17T08:28:40.159633Z,2.966
run_20260217_220238-0314,2026-02-17T08:33:40.159633Z,3.518
run_20260217_220238-0314,2026-02-17T08:38:40.159633Z,4.245
run_20260217_220238-0314,2026-02-17T08:43:40.159633Z,4.833
run_20260217_220238-0314,2026-02-17T08:48:40.159633Z,5.481
run_20260217_220238-0314,2026-02-17T08:53:40.159633Z,6.03
run_20260217_220238-0314,2026-02-17T08:58:40.159633Z,6.762
run_20260217_220238-0314,2026-02-17T09:03:40.159633Z,7.349
run_20260217_220238-0314,2026-02-17T09:08:40.159633Z,7.941
run_20260217_220238-0314,2026-02-17T09:13:40.159633Z,8.583
run_20260217_220238-0314,2026-02-17T09:18:40.159633Z,9.165
run_20260217_220238-0315,2026-02-17T11:00:17.649501Z,0.0
run_20260217_220238-0315,2026-02-17T11:05:17.649501Z,0.902
run_20260217_220238-0315,2026-02-17T11:10:17.649501Z,1.71
run_20260217_220238-0315,2026-02-17T11:15:17.649501Z,2.713
run_20260217_220238-0315,2026-02-17T11:20:17.649501Z,3.744
run_20260217_220238-0315,2026-02-17T11:25:17.649501Z,4.884
run_20260217_220238-0315,2026-02-17T11:30:17.649501Z,5.768
run_20260217_220238-0315,2026-02-17T11:35:17.649501Z,6.588
run_20260217_220238-0315,2026-02-17T11:40:17.649501Z,7.5
run_20260217_220238-0315,2026-02-17T11:45:17.649501Z,8.403
run_20260217_220238-0315,2026-02-17T11:50:17.649501Z,9.349
run_20260217_220238-0315,2026-02-17T11:55:17.649501Z,10.383
run_20260217_220238-0315,2026-02-17T12:00:17.649501Z,11.242
run_20260217_220238-0315,2026-02-17T12:05:17.649501Z,12.271
run_20260217_220238-0315,2026-02-17T12:10:17.649501Z,13.181
run_20260217_220238-0315,2026-02-17T12:15:17.649501Z,14.213
run_20260217_220238-0316,2026-02-17T00:58:43.283006Z,0.0
run_20260217_220238-0316,2026-02-17T01:03:43.283006Z,0.956
run_20260217_220238-0316,2026-02-17T01:08:43.283006Z,1.96
run_20260217_220238-0316,2026-02-17T01:13:43.283006Z,2.743
run_20260217_220238-0316,2026-02-17T01:18:43.283006Z,3.734
run_20260217_220238-0316,2026-02-17T01:23:43.283006Z,4.59
run_20260217_220238-0316,2026-02-17T01:28:43.283006Z,5.576
run_20260217_220238-0316,2026-02-17T01:33:43.283006Z,6.379
run_20260217_220238-0316,2026-02-17T01:38:43.283006Z,7.332
run_20260217_220238-0317,2026-02-17T04:26:33.926618Z,0.0
run_20260217_220238-0317,2026-02-17T04:31:33.926618Z,0.489
run_20260217_220238-0317,2026-02-17T04:36:33.926618Z,1.049
run_20260217_220238-0317,2026-02-17T04:41:33.926618Z,1.684
run_20260217_220238-0317,2026-02-17T04:46:33.926618Z,2.386
run_20260217_220238-0317,2026-02-17T04:51:33.926618Z,2.981
run_20260217_220238-0317,2026-02-17T04:56:33.926618Z,3.513
run_20260217_220238-0317,2026-02-17T05:01:33.926618Z,4.176
run_20260217_220238-0317,2026-02-17T05:06:33.926618Z,4.78
run_20260217_220238-0318,2026-02-17T03:35:52.711310Z,0.0
run_20260217_220238-0318,2026-02-17T03:40:52.711310Z,1.774
run_20260217_220238-0318,2026-02-17T03:45:52.711310Z,3.291
run_20260217_220238-0318,2026-02-17T03:50:52.711310Z,5.052
run_20260217_220238-0318,2026-02-17T03:55:52.711310Z,7.109
run_20260217_220238-0318,2026-02-17T04:00:52.711310Z,8.774
run_20260217_220238-0318,2026-02-17T04:05:52.711310Z,10.531
run_20260217_220238-0318,2026-02-17T04:10:52.711310Z,12.341
run_20260217_220238-0318,2026-02-17T04:15:52.711310Z,14.114
run_20260217_220238-0318,2026-02-17T04:20:52.711310Z,16.029
run_20260217_220238-0318,2026-02-17T04:25:52.711310Z,17.67
run_20260217_220238-0318,2026-02-17T04:30:52.711310Z,19.366
run_20260217_220238-0318,2026-02-17T04:35:52.711310Z,21.054
run_20260217_220238-0318,2026-02-17T04:40:52.711310Z,22.799
run_20260217_220238-0318,2026-02-17T04:45:52.711310Z,24.782
run_20260217_220238-0318,2026-02-17T04:50:52.711310Z,26.22
run_20260217_220238-0319,2026-02-17T14:06:03.857825Z,0.0
run_20260217_220238-0319,2026-02-17T14:11:03.857825Z,1.676
run_20260217_220238-0319,2026-02-17T14:16:03.857825Z,3.628
run_20260217_220238-0319,2026-02-17T14:21:03.857825Z,5.434
run_20260217_220238-0319,2026-02-17T14:26:03.857825Z,7.031
run_20260217_220238-0319,2026-02-17T14:31:03.857825Z,8.743
run_20260217_220238-0319,2026-02-17T14:36:03.857825Z,10.722
run_20260217_220238-0319,2026-02-17T14:41:03.857825Z,12.839
run_20260217_220238-0319,2026-02-17T14:46:03.857825Z,14.504
run_20260217_220238-0320,2026-02-17T13:15:25.237884Z,0.0
run_20260217_220238-0320,2026-02-17T13:20:25.237884Z,1.025
run_20260217_220238-0320,2026-02-17T13:25:25.237884Z,1.864
run_20260217_220238-0320,2026-02-17T13:30:25.237884Z,2.714
run_20260217_220238-0320,2026-02-17T13:35:25.237884Z,3.808
run_20260217_220238-0321,2026-02-17T15:53:09.650016Z,0.0
run_20260217_220238-0321,2026-02-17T15:58:09.650016Z,1.734
run_20260217_220238-0321,2026-02-17T16:03:09.650016Z,3.237
run_20260217_220238-0321,2026-02-17T16:08:09.650016Z,5.295
run_20260217_220238-0321,2026-02-17T16:13:09.650016Z,7.277
run_20260217_220238-0321,2026-02-17T16:18:09.650016Z,9.19
run_20260217_220238-0321,2026-02-17T16:23:09.650016Z,10.92
run_20260217_220238-0321,2026-02-17T16:28:09.650016Z,12.999
run_20260217_220238-0321,2026-02-17T16:33:09.650016Z,14.771
run_20260217_220238-0321,2026-02-17T16:38:09.650016Z,16.362
run_20260217_220238-0321,2026-02-17T16:43:09.650016Z,17.892
run_20260217_220238-0321,2026-02-17T16:48:09.650016Z,19.959
run_20260217_220238-0321,2026-02-17T16:53:09.650016Z,21.876
run_20260217_220238-0321,2026-02-17T16:58:09.650016Z,23.284
run_20260217_220238-0321,2026-02-17T17:03:09.650016Z,25.115
run_20260217_220238-0321,2026-02-17T17:08:09.650016Z,26.726
run_20260217_220238-0322,2026-02-17T19:34:12.232397Z,0.0
run_20260217_220238-0322,2026-02-17T19:39:12.232397Z,0.588
run_20260217_220238-0322,2026-02-17T19:44:12.232397Z,1.1
run_20260217_220238-0322,2026-02-17T19:49:12.232397Z,1.787
run_20260217_220238-0322,2026-02-17T19:54:12.232397Z,2.353
run_20260217_220238-0323,2026-02-17T14:27:15.261603Z,0.0
run_20260217_220238-0323,2026-02-17T14:32:15.261603Z,0.663
run_20260217_220238-0323,2026-02-17T14:37:15.261603Z,1.236
run_20260217_220238-0323,2026-02-17T14:42:15.261603Z,1.934
run_20260217_220238-0323,2026-02-17T14:47:15.261603Z,2.568
run_20260217_220238-0324,2026-02-17T21:59:07.096200Z,0.0
run_20260217_220238-0324,2026-02-17T22:04:07.096200Z,1.983
run_20260217_220238-0324,2026-02-17T22:09:07.096200Z,4.038
run_20260217_220238-0324,2026-02-17T22:14:07.096200Z,5.99
run_20260217_220238-0324,2026-02-17T22:19:07.096200Z,7.719
run_20260217_220238-0324,2026-02-17T22:24:07.096200Z,9.555
run_20260217_220238-0324,2026-02-17T22:29:07.096200Z,11.538
run_20260217_220238-0324,2026-02-17T22:34:07.096200Z,13.304
run_20260217_220238-0324,2026-02-17T22:39:07.096200Z,15.067
run_20260217_220238-0325,2026-02-17T08:03:29.354710Z,0.0
run_20260217_220238-0325,2026-02-17T08:08:29.354710Z,0.735
run_20260217_220238-0325,2026-02-17T08:13:29.354710Z,1.69
run_20260217_220238-0325,2026-02-17T08:18:29.354710Z,2.712
run_20260217_220238-0325,2026-02-17T08:23:29.354710Z,3.583
run_20260217_220238-0325,2026-02-17T08:28:29.354710Z,4.647
run_20260217_220238-0325,2026-02-17T08:33:29.354710Z,5.732
run_20260217_220238-0325,2026-02-17T08:38:29.354710Z,6.529
run_20260217_220238-0325,2026-02-17T08:43:29.354710Z,7.416
run_20260217_220238-0326,2026-02-17T08:43:22.461813Z,0.0
run_20260217_220238-0326,2026-02-17T08:48:22.461813Z,0.787
run_20260217_220238-0326,2026-02-17T08:53:22.461813Z,1.685
run_20260217_220238-0326,2026-02-17T08:58:22.461813Z,2.57
run_20260217_220238-0326,2026-02-17T09:03:22.461813Z,3.566
run_20260217_220238-0326,2026-02-17T09:08:22.461813Z,4.322
run_20260217_220238-0326,2026-02-17T09:13:22.461813Z,5.198
run_20260217_220238-0326,2026-02-17T09:18:22.461813Z,6.033
run_20260217_220238-0326,2026-02-17T09:23:22.461813Z,6.98
run_20260217_220238-0326,2026-02-17T09:28:22.461813Z,7.892
run_20260217_220238-0326,2026-02-17T09:33:22.461813Z,8.887
run_20260217_220238-0326,2026-02-17T09:38:22.461813Z,9.972
run_20260217_220238-0326,2026-02-17T09:43:22.461813Z,10.889
run_20260217_220238-0326,2026-02-17T09:48:22.461813Z,11.854
run_20260217_220238-0326,2026-02-17T09:53:22.461813Z,12.702
run_20260217_220238-0326,2026-02-17T09:58:22.461813Z,13.607
run_20260217_220238-0327,2026-02-17T12:32:01.405113Z,0.0
run_20260217_220238-0327,2026-02-17T12:37:01.405113Z,0.919
run_20260217_220238-0327,2026-02-17T12:42:01.405113Z,1.872
run_20260217_220238-0327,2026-02-17T12:47:01.405113Z,2.671
run_20260217_220238-0327,2026-02-17T12:52:01.405113Z,3.621
run_20260217_220238-0328,2026-02-17T10:31:48.103414Z,0.0
run_20260217_220238-0328,2026-02-17T10:36:48.103414Z,0.528
run_20260217_220238-0328,2026-02-17T10:41:48.103414Z,1.178
run_20260217_220238-0328,2026-02-17T10:46:48.103414Z,1.862
run_20260217_220238-0328,2026-02-17T10:51:48.103414Z,2.417
run_20260217_220238-0328,2026-02-17T10:56:48.103414Z,3.055
run_20260217_220238-0328,2026-02-17T11:01:48.103414Z,3.65
run_20260217_220238-0328,2026-02-17T11:06:48.103414Z,4.312
run_20260217_220238-0328,2026-02-17T11:11:48.103414Z,4.919
run_20260217_220238-0328,2026-02-17T11:16:48.103414Z,5.621
run_20260217_220238-0328,2026-02-17T11:21:48.103414Z,6.313
run_20260217_220238-0328,2026-02-17T11:26:48.103414Z,6.854
run_20260217_220238-0328,2026-02-17T11:31:48.103414Z,7.435
run_20260217_220238-0329,2026-02-17T17:31:53.777052Z,0.0
run_20260217_220238-0329,2026-02-17T17:36:53.777052Z,0.555
run_20260217_220238-0329,2026-02-17T17:41:53.777052Z,1.175
run_20260217_220238-0329,2026-02-17T17:46:53.777052Z,1.821
run_20260217_220238-0329,2026-02-17T17:51:53.777052Z,2.366
run_20260217_220238-0329,2026-02-17T17:56:53.777052Z,2.903
run_20260217_220238-0329,2026-02-17T18:01:53.777052Z,3.492
run_20260217_220238-0330,2026-02-17T20:19:54.300038Z,0.0
run_20260217_220238-0330,2026-02-17T20:24:54.300038Z,0.683
run_20260217_220238-0330,2026-02-17T20:29:54.300038Z,1.294
run_20260217_220238-0330,2026-02-17T20:34:54.300038Z,1.92
run_20260217_220238-0330,2026-02-17T20:39:54.300038Z,2.508
run_20260217_220238-0330,2026-02-17T20:44:54.300038Z,3.202
run_20260217_220238-0330,2026-02-17T20:49:54.300038Z,3.796
run_20260217_220238-0330,2026-02-17T20:54:54.300038Z,4.353
run_20260217_220238-0330,2026-02-17T20:59:54.300038Z,4.994
run_20260217_220238-0330,2026-02-17T21:04:54.300038Z,5.651
run_20260217_220238-0330,2026-02-17T21:09:54.300038Z,6.222
run_20260217_220238-0330,2026-02-17T21:14:54.300038Z,6.866
run_20260217_220238-0330,2026-02-17T21:19:54.300038Z,7.53
run_20260217_220238-0330,2026-02-17T21:24:54.300038Z,7.929
run_20260217_220238-0330,2026-02-17T21:29:54.300038Z,8.426
run_20260217_220238-0330,2026-02-17T21:34:54.300038Z,9.05
run_20260217_220238-0331,2026-02-17T05:58:10.788148Z,0.0
run_20260217_220238-0331,2026-02-17T06:03:10.788148Z,0.594
run_20260217_220238-0331,2026-02-17T06:08:10.788148Z,1.253
run_20260217_220238-0331,2026-02-17T06:13:10.788148Z,1.817
run_20260217_220238-0331,2026-02-17T06:18:10.788148Z,2.407
run_20260217_220238-0331,2026-02-17T06:23:10.788148Z,3.043
run_20260217_220238-0331,2026-02-17T06:28:10.788148Z,3.615
run_20260217_220238-0332,2026-02-17T21:03:22.521546Z,0.0
run_20260217_220238-0332,2026-02-17T21:08:22.521546Z,0.93
run_20260217_220238-0332,2026-02-17T21:13:22.521546Z,1.748
run_20260217_220238-0332,2026-02-17T21:18:22.521546Z,2.663
run_20260217_220238-0332,2026-02-17T21:23:22.521546Z,3.556
run_20260217_220238-0332,2026-02-17T21:28:22.521546Z,4.32
run_20260217_220238-0332,2026-02-17T21:33:22.521546Z,5.275
run_20260217_220238-0333,2026-02-17T18:58:50.167790Z,0.0
run_20260217_220238-0333,2026-02-17T19:03:50.167790Z,2.251
run_20260217_220238-0333,2026-02-17T19:08:50.167790Z,3.98
run_20260217_220238-0333,2026-02-17T19:13:50.167790Z,5.974
run_20260217_220238-0333,2026-02-17T19:18:50.167790Z,8.056
run_20260217_220238-0333,2026-02-17T19:23:50.167790Z,9.882
run_20260217_220238-0333,2026-02-17T19:28:50.167790Z,11.484
run_20260217_220238-0333,2026-02-17T19:33:50.167790Z,13.468
run_20260217_220238-0333,2026-02-17T19:38:50.167790Z,15.447
run_20260217_220238-0333,2026-02-17T19:43:50.167790Z,17.228
run_20260217_220238-0333,2026-02-17T19:48:50.167790Z,19.227
run_20260217_220238-0333,2026-02-17T19:53:50.167790Z,21.318
run_20260217_220238-0333,2026-02-17T19:58:50.167790Z,23.238
run_20260217_220238-0334,2026-02-17T13:33:48.433391Z,0.0
run_20260217_220238-0334,2026-02-17T13:38:48.433391Z,0.622
run_20260217_220238-0334,2026-02-17T13:43:48.433391Z,1.145
run_20260217_220238-0334,2026-02-17T13:48:48.433391Z,1.71
run_20260217_220238-0334,2026-02-17T13:53:48.433391Z,2.337
run_20260217_220238-0335,2026-02-17T07:24:19.077782Z,0.0
run_20260217_220238-0335,2026-02-17T07:29:19.077782Z,0.582
run_20260217_220238-0335,2026-02-17T07:34:19.077782Z,1.201
run_20260217_220238-0335,2026-02-17T07:39:19.077782Z,1.815
run_20260217_220238-0335,2026-02-17T07:44:19.077782Z,2.437
run_20260217_220238-0335,2026-02-17T07:49:19.077782Z,2.935
run_20260217_220238-0335,2026-02-17T07:54:19.077782Z,3.441
run_20260217_220238-0335,2026-02-17T07:59:19.077782Z,4.125
run_20260217_220238-0335,2026-02-17T08:04:19.077782Z,4.724
run_20260217_220238-0335,2026-02-17T08:09:19.077782Z,5.404
run_20260217_220238-0335,2026-02-17T08:14:19.077782Z,6.036
run_20260217_220238-0335,2026-02-17T08:19:19.077782Z,6.604
run_20260217_220238-0335,2026-02-17T08:24:19.077782Z,7.102
run_20260217_220238-0335,2026-02-17T08:29:19.077782Z,7.733
run_20260217_220238-0335,2026-02-17T08:34:19.077782Z,8.364
run_20260217_220238-0335,2026-02-17T08:39:19.077782Z,9.069
run_20260217_220238-0336,2026-02-17T02:34:48.829798Z,0.0
run_20260217_220238-0336,2026-02-17T02:39:48.829798Z,0.588
run_20260217_220238-0336,2026-02-17T02:44:48.829798Z,1.167
run_20260217_220238-0336,2026-02-17T02:49:48.829798Z,1.714
run_20260217_220238-0336,2026-02-17T02:54:48.829798Z,2.399
run_20260217_220238-0336,2026-02-17T02:59:48.829798Z,3.096
run_20260217_220238-0336,2026-02-17T03:04:48.829798Z,3.632
run_20260217_220238-0337,2026-02-17T12:13:16.051561Z,0.0
run_20260217_220238-0337,2026-02-17T12:18:16.051561Z,0.606
run_20260217_220238-0337,2026-02-17T12:23:16.051561Z,1.155
run_20260217_220238-0337,2026-02-17T12:28:16.051561Z,1.74
run_20260217_220238-0337,2026-02-17T12:33:16.051561Z,2.222
run_20260217_220238-0337,2026-02-17T12:38:16.051561Z,2.846
run_20260217_220238-0337,2026-02-17T12:43:16.051561Z,3.349
run_20260217_220238-0337,2026-02-17T12:48:16.051561Z,3.88
run_20260217_220238-0337,2026-02-17T12:53:16.051561Z,4.519
run_20260217_220238-0337,2026-02-17T12:58:16.051561Z,5.182
run_20260217_220238-0337,2026-02-17T13:03:16.051561Z,5.676
run_20260217_220238-0337,2026-02-17T13:08:16.051561Z,6.311
run_20260217_220238-0337,2026-02-17T13:13:16.051561Z,6.847
run_20260217_220238-0337,2026-02-17T13:18:16.051561Z,7.43
run_20260217_220238-0337,2026-02-17T13:23:16.051561Z,8.042
run_20260217_220238-0337,2026-02-17T13:28:16.051561Z,8.571
run_20260217_220238-0338,2026-02-17T23:32:02.604391Z,0.0
run_20260217_220238-0338,2026-02-17T23:37:02.604391Z,1.854
run_20260217_220238-0338,2026-02-17T23:42:02.604391Z,3.98
run_20260217_220238-0338,2026-02-17T23:47:02.604391Z,5.689
run_20260217_220238-0338,2026-02-17T23:52:02.604391Z,7.331
run_20260217_220238-0338,2026-02-17T23:57:02.604391Z,8.994
run_20260217_220238-0338,2026-02-18T00:02:02.604391Z,10.972
run_20260217_220238-0338,2026-02-18T00:07:02.604391Z,12.574
run_20260217_220238-0338,2026-02-18T00:12:02.604391Z,14.411
run_20260217_220238-0339,2026-02-17T14:08:52.888801Z,0.0
run_20260217_220238-0339,2026-02-17T14:13:52.888801Z,0.672
run_20260217_220238-0339,2026-02-17T14:18:52.888801Z,1.322
run_20260217_220238-0339,2026-02-17T14:23:52.888801Z,2.059
run_20260217_220238-0339,2026-02-17T14:28:52.888801Z,2.697
run_20260217_220238-0339,2026-02-17T14:33:52.888801Z,3.303
run_20260217_220238-0339,2026-02-17T14:38:52.888801Z,3.917
run_20260217_220238-0339,2026-02-17T14:43:52.888801Z,4.548
run_20260217_220238-0339,2026-02-17T14:48:52.888801Z,5.172
run_20260217_220238-0340,2026-02-17T03:54:43.720901Z,0.0
run_20260217_220238-0340,2026-02-17T03:59:43.720901Z,1.659
run_20260217_220238-0340,2026-02-17T04:04:43.720901Z,3.32
run_20260217_220238-0340,2026-02-17T04:09:43.720901Z,5.277
run_20260217_220238-0340,2026-02-17T04:14:43.720901Z,7.15
run_20260217_220238-0340,2026-02-17T04:19:43.720901Z,8.977
run_20260217_220238-0340,2026-02-17T04:24:43.720901Z,10.781
run_20260217_220238-0340,2026-02-17T04:29:43.720901Z,12.85
run_20260217_220238-0340,2026-02-17T04:34:43.720901Z,14.556
run_20260217_220238-0340,2026-02-17T04:39:43.720901Z,16.701
run_20260217_220238-0340,2026-02-17T04:44:43.720901Z,18.384
run_20260217_220238-0340,2026-02-17T04:49:43.720901Z,19.961
run_20260217_220238-0340,2026-02-17T04:54:43.720901Z,21.846
run_20260217_220238-0341,2026-02-17T01:27:55.730695Z,0.0
run_20260217_220238-0341,2026-02-17T01:32:55.730695Z,0.925
run_20260217_220238-0341,2026-02-17T01:37:55.730695Z,1.812
run_20260217_220238-0341,2026-02-17T01:42:55.730695Z,2.645
run_20260217_220238-0341,2026-02-17T01:47:55.730695Z,3.486
run_20260217_220238-0341,2026-02-17T01:52:55.730695Z,4.386
run_20260217_220238-0341,2026-02-17T01:57:55.730695Z,5.129
run_20260217_220238-0341,2026-02-17T02:02:55.730695Z,6.102
run_20260217_220238-0341,2026-02-17T02:07:55.730695Z,7.049
run_20260217_220238-0341,2026-02-17T02:12:55.730695Z,7.924
run_20260217_220238-0341,2026-02-17T02:17:55.730695Z,8.835
run_20260217_220238-0341,2026-02-17T02:22:55.730695Z,9.763
run_20260217_220238-0341,2026-02-17T02:27:55.730695Z,10.769
run_20260217_220238-0342,2026-02-17T18:00:46.874290Z,0.0
run_20260217_220238-0342,2026-02-17T18:05:46.874290Z,1.832
run_20260217_220238-0342,2026-02-17T18:10:46.874290Z,3.476
run_20260217_220238-0342,2026-02-17T18:15:46.874290Z,5.515
run_20260217_220238-0342,2026-02-17T18:20:46.874290Z,7.51
run_20260217_220238-0342,2026-02-17T18:25:46.874290Z,9.215
run_20260217_220238-0342,2026-02-17T18:30:46.874290Z,11.207
run_20260217_220238-0343,2026-02-17T21:29:05.552924Z,0.0
run_20260217_220238-0343,2026-02-17T21:34:05.552924Z,1.698
run_20260217_220238-0343,2026-02-17T21:39:05.552924Z,3.628
run_20260217_220238-0343,2026-02-17T21:44:05.552924Z,5.82
run_20260217_220238-0343,2026-02-17T21:49:05.552924Z,8.206
run_20260217_220238-0343,2026-02-17T21:54:05.552924Z,9.879
run_20260217_220238-0343,2026-02-17T21:59:05.552924Z,11.772
run_20260217_220238-0344,2026-02-17T00:03:32.132855Z,0.0
run_20260217_220238-0344,2026-02-17T00:08:32.132855Z,0.925
run_20260217_220238-0344,2026-02-17T00:13:32.132855Z,1.745
run_20260217_220238-0344,2026-02-17T00:18:32.132855Z,2.643
run_20260217_220238-0344,2026-02-17T00:23:32.132855Z,3.435
run_20260217_220238-0344,2026-02-17T00:28:32.132855Z,4.293
run_20260217_220238-0344,2026-02-17T00:33:32.132855Z,5.185
run_20260217_220238-0344,2026-02-17T00:38:32.132855Z,6.123
run_20260217_220238-0344,2026-02-17T00:43:32.132855Z,6.831
run_20260217_220238-0345,2026-02-17T13:07:32.339828Z,0.0
run_20260217_220238-0345,2026-02-17T13:12:32.339828Z,0.575
run_20260217_220238-0345,2026-02-17T13:17:32.339828Z,1.005
run_20260217_220238-0345,2026-02-17T13:22:32.339828Z,1.546
run_20260217_220238-0345,2026-02-17T13:27:32.339828Z,2.105
run_20260217_220238-0345,2026-02-17T13:32:32.339828Z,2.755
run_20260217_220238-0345,2026-02-17T13:37:32.339828Z,3.353
run_20260217_220238-0345,2026-02-17T13:42:32.339828Z,3.94
run_20260217_220238-0345,2026-02-17T13:47:32.339828Z,4.58
run_20260217_220238-0345,2026-02-17T13:52:32.339828Z,5.188
run_20260217_220238-0345,2026-02-17T13:57:32.339828Z,5.778
run_20260217_220238-0345,2026-02-17T14:02:32.339828Z,6.418
run_20260217_220238-0345,2026-02-17T14:07:32.339828Z,6.936
run_20260217_220238-0346,2026-02-17T11:42:46.143407Z,0.0
run_20260217_220238-0346,2026-02-17T11:47:46.143407Z,1.862
run_20260217_220238-0346,2026-02-17T11:52:46.143407Z,3.737
run_20260217_220238-0346,2026-02-17T11:57:46.143407Z,5.509
run_20260217_220238-0346,2026-02-17T12:02:46.143407Z,7.421
run_20260217_220238-0346,2026-02-17T12:07:46.143407Z,9.092
run_20260217_220238-0346,2026-02-17T12:12:46.143407Z,11.105
run_20260217_220238-0346,2026-02-17T12:17:46.143407Z,12.974
run_20260217_220238-0346,2026-02-17T12:22:46.143407Z,15.14
run_20260217_220238-0346,2026-02-17T12:27:46.143407Z,17.129
run_20260217_220238-0346,2026-02-17T12:32:46.143407Z,19.063
run_20260217_220238-0346,2026-02-17T12:37:46.143407Z,21.156
run_20260217_220238-0346,2026-02-17T12:42:46.143407Z,22.842
run_20260217_220238-0346,2026-02-17T12:47:46.143407Z,24.622
run_20260217_220238-0346,2026-02-17T12:52:46.143407Z,26.134
run_20260217_220238-0346,2026-02-17T12:57:46.143407Z,28.127
run_20260217_220238-0347,2026-02-17T04:18:53.881118Z,0.0
run_20260217_220238-0347,2026-02-17T04:23:53.881118Z,2.137
run_20260217_220238-0347,2026-02-17T04:28:53.881118Z,3.938
run_20260217_220238-0347,2026-02-17T04:33:53.881118Z,5.732
run_20260217_220238-0347,2026-02-17T04:38:53.881118Z,7.63
run_20260217_220238-0348,2026-02-17T05:28:54.110083Z,0.0
run_20260217_220238-0348,2026-02-17T05:33:54.110083Z,0.833
run_20260217_220238-0348,2026-02-17T05:38:54.110083Z,1.59
run_20260217_220238-0348,2026-02-17T05:43:54.110083Z,2.599
run_20260217_220238-0348,2026-02-17T05:48:54.110083Z,3.56
run_20260217_220238-0348,2026-02-17T05:53:54.110083Z,4.429
run_20260217_220238-0348,2026-02-17T05:58:54.110083Z,5.274
run_20260217_220238-0348,2026-02-17T06:03:54.110083Z,6.089
run_20260217_220238-0348,2026-02-17T06:08:54.110083Z,7.164
run_20260217_220238-0349,2026-02-17T11:23:53.278429Z,0.0
run_20260217_220238-0349,2026-02-17T11:28:53.278429Z,1.856
run_20260217_220238-0349,2026-02-17T11:33:53.278429Z,3.54
run_20260217_220238-0349,2026-02-17T11:38:53.278429Z,5.308
run_20260217_220238-0349,2026-02-17T11:43:53.278429Z,7.108
run_20260217_220238-0349,2026-02-17T11:48:53.278429Z,8.841
run_20260217_220238-0349,2026-02-17T11:53:53.278429Z,10.383
run_20260217_220238-0349,2026-02-17T11:58:53.278429Z,11.655
run_20260217_220238-0349,2026-02-17T12:03:53.278429Z,13.79
run_20260217_220238-0350,2026-02-17T18:39:11.801728Z,0.0
run_20260217_220238-0350,2026-02-17T18:44:11.801728Z,0.889
run_20260217_220238-0350,2026-02-17T18:49:11.801728Z,1.855
run_20260217_220238-0350,2026-02-17T18:54:11.801728Z,2.838
run_20260217_220238-0350,2026-02-17T18:59:11.801728Z,3.605
run_20260217_220238-0350,2026-02-17T19:04:11.801728Z,4.545
run_20260217_220238-0350,2026-02-17T19:09:11.801728Z,5.393
run_20260217_220238-0350,2026-02-17T19:14:11.801728Z,6.288
run_20260217_220238-0350,2026-02-17T19:19:11.801728Z,7.127
run_20260217_220238-0351,2026-02-17T20:44:47.166014Z,0.0
run_20260217_220238-0351,2026-02-17T20:49:47.166014Z,0.638
run_20260217_220238-0351,2026-02-17T20:54:47.166014Z,1.151
run_20260217_220238-0351,2026-02-17T20:59:47.166014Z,1.758
run_20260217_220238-0351,2026-02-17T21:04:47.166014Z,2.385
run_20260217_220238-0351,2026-02-17T21:09:47.166014Z,3.064
run_20260217_220238-0351,2026-02-17T21:14:47.166014Z,3.66
run_20260217_220238-0351,2026-02-17T21:19:47.166014Z,4.215
run_20260217_220238-0351,2026-02-17T21:24:47.166014Z,4.908
run_20260217_220238-0351,2026-02-17T21:29:47.166014Z,5.553
run_20260217_220238-0351,2026-02-17T21:34:47.166014Z,6.093
run_20260217_220238-0351,2026-02-17T21:39:47.166014Z,6.815
run_20260217_220238-0351,2026-02-17T21:44:47.166014Z,7.491
run_20260217_220238-0351,2026-02-17T21:49:47.166014Z,8.138
run_20260217_220238-0351,2026-02-17T21:54:47.166014Z,8.689
run_20260217_220238-0351,2026-02-17T21:59:47.166014Z,9.315
run_20260217_220238-0352,2026-02-17T08:15:12.588285Z,0.0
run_20260217_220238-0352,2026-02-17T08:20:12.588285Z,0.683
run_20260217_220238-0352,2026-02-17T08:25:12.588285Z,1.276
run_20260217_220238-0352,2026-02-17T08:30:12.588285Z,1.941
run_20260217_220238-0352,2026-02-17T08:35:12.588285Z,2.537
run_20260217_220238-0352,2026-02-17T08:40:12.588285Z,3.148
run_20260217_220238-0352,2026-02-17T08:45:12.588285Z,3.763
run_20260217_220238-0352,2026-02-17T08:50:12.588285Z,4.379
run_20260217_220238-0352,2026-02-17T08:55:12.588285Z,4.943
run_20260217_220238-0353,2026-02-17T06:29:58.744549Z,0.0
run_20260217_220238-0353,2026-02-17T06:34:58.744549Z,0.597
run_20260217_220238-0353,2026-02-17T06:39:58.744549Z,1.152
run_20260217_220238-0353,2026-02-17T06:44:58.744549Z,1.728
run_20260217_220238-0353,2026-02-17T06:49:58.744549Z,2.304
run_20260217_220238-0354,2026-02-17T07:19:56.092555Z,0.0
run_20260217_220238-0354,2026-02-17T07:24:56.092555Z,0.898
run_20260217_220238-0354,2026-02-17T07:29:56.092555Z,1.821
run_20260217_220238-0354,2026-02-17T07:34:56.092555Z,2.766
run_20260217_220238-0354,2026-02-17T07:39:56.092555Z,3.793
run_20260217_220238-0355,2026-02-17T05:58:29.315148Z,0.0
run_20260217_220238-0355,2026-02-17T06:03:29.315148Z,0.712
run_20260217_220238-0355,2026-02-17T06:08:29.315148Z,1.429
run_20260217_220238-0355,2026-02-17T06:13:29.315148Z,2.3
run_20260217_220238-0355,2026-02-17T06:18:29.315148Z,3.088
run_20260217_220238-0355,2026-02-17T06:23:29.315148Z,3.862
run_20260217_220238-0355,2026-02-17T06:28:29.315148Z,4.919
run_20260217_220238-0355,2026-02-17T06:33:29.315148Z,5.766
run_20260217_220238-0355,2026-02-17T06:38:29.315148Z,6.671
run_20260217_220238-0355,2026-02-17T06:43:29.315148Z,7.644
run_20260217_220238-0355,2026-02-17T06:48:29.315148Z,8.584
run_20260217_220238-0355,2026-02-17T06:53:29.315148Z,9.476
run_20260217_220238-0355,2026-02-17T06:58:29.315148Z,10.324
run_20260217_220238-0355,2026-02-17T07:03:29.315148Z,11.025
run_20260217_220238-0355,2026-02-17T07:08:29.315148Z,11.99
run_20260217_220238-0355,2026-02-17T07:13:29.315148Z,13.03
run_20260217_220238-0356,2026-02-17T08:08:27.327744Z,0.0
run_20260217_220238-0356,2026-02-17T08:13:27.327744Z,0.636
run_20260217_220238-0356,2026-02-17T08:18:27.327744Z,1.203
run_20260217_220238-0356,2026-02-17T08:23:27.327744Z,1.923
run_20260217_220238-0356,2026-02-17T08:28:27.327744Z,2.396
run_20260217_220238-0357,2026-02-17T21:35:34.239297Z,0.0
run_20260217_220238-0357,2026-02-17T21:40:34.239297Z,1.084
run_20260217_220238-0357,2026-02-17T21:45:34.239297Z,2.076
run_20260217_220238-0357,2026-02-17T21:50:34.239297Z,2.909
run_20260217_220238-0357,2026-02-17T21:55:34.239297Z,3.868
run_20260217_220238-0357,2026-02-17T22:00:34.239297Z,4.884
run_20260217_220238-0357,2026-02-17T22:05:34.239297Z,5.599
run_20260217_220238-0357,2026-02-17T22:10:34.239297Z,6.57
run_20260217_220238-0357,2026-02-17T22:15:34.239297Z,7.555
run_20260217_220238-0358,2026-02-17T12:13:29.802150Z,0.0
run_20260217_220238-0358,2026-02-17T12:18:29.802150Z,0.606
run_20260217_220238-0358,2026-02-17T12:23:29.802150Z,1.174
run_20260217_220238-0358,2026-02-17T12:28:29.802150Z,1.82
run_20260217_220238-0358,2026-02-17T12:33:29.802150Z,2.389
run_20260217_220238-0358,2026-02-17T12:38:29.802150Z,2.958
run_20260217_220238-0358,2026-02-17T12:43:29.802150Z,3.628
run_20260217_220238-0359,2026-02-17T02:53:42.283510Z,0.0
run_20260217_220238-0359,2026-02-17T02:58:42.283510Z,1.804
run_20260217_220238-0359,2026-02-17T03:03:42.283510Z,3.762
run_20260217_220238-0359,2026-02-17T03:08:42.283510Z,5.554
run_20260217_220238-0359,2026-02-17T03:13:42.283510Z,7.287
run_20260217_220238-0360,2026-02-17T14:48:37.304672Z,0.0
run_20260217_220238-0360,2026-02-17T14:53:37.304672Z,1.987
run_20260217_220238-0360,2026-02-17T14:58:37.304672Z,3.746
run_20260217_220238-0360,2026-02-17T15:03:37.304672Z,5.404
run_20260217_220238-0360,2026-02-17T15:08:37.304672Z,7.064
run_20260217_220238-0360,2026-02-17T15:13:37.304672Z,8.812
run_20260217_220238-0360,2026-02-17T15:18:37.304672Z,10.55
run_20260217_220238-0360,2026-02-17T15:23:37.304672Z,12.614
run_20260217_220238-0360,2026-02-17T15:28:37.304672Z,14.355
run_20260217_220238-0360,2026-02-17T15:33:37.304672Z,16.219
run_20260217_220238-0360,2026-02-17T15:38:37.304672Z,17.913
run_20260217_220238-0360,2026-02-17T15:43:37.304672Z,19.548
run_20260217_220238-0360,2026-02-17T15:48:37.304672Z,21.332
run_20260217_220238-0360,2026-02-17T15:53:37.304672Z,23.053
run_20260217_220238-0360,2026-02-17T15:58:37.304672Z,25.067
run_20260217_220238-0360,2026-02-17T16:03:37.304672Z,27.114
run_20260217_220238-0361,2026-02-17T13:39:42.444637Z,0.0
run_20260217_220238-0361,2026-02-17T13:44:42.444637Z,2.207
run_20260217_220238-0361,2026-02-17T13:49:42.444637Z,3.873
run_20260217_220238-0361,2026-02-17T13:54:42.444637Z,5.61
run_20260217_220238-0361,2026-02-17T13:59:42.444637Z,7.657
run_20260217_220238-0361,2026-02-17T14:04:42.444637Z,9.577
run_20260217_220238-0361,2026-02-17T14:09:42.444637Z,11.381
run_20260217_220238-0362,2026-02-17T20:29:26.827416Z,0.0
run_20260217_220238-0362,2026-02-17T20:34:26.827416Z,0.986
run_20260217_220238-0362,2026-02-17T20:39:26.827416Z,1.838
run_20260217_220238-0362,2026-02-17T20:44:26.827416Z,2.67
run_20260217_220238-0362,2026-02-17T20:49:26.827416Z,3.639
run_20260217_220238-0363,2026-02-17T17:24:44.011376Z,0.0
run_20260217_220238-0363,2026-02-17T17:29:44.011376Z,0.609
run_20260217_220238-0363,2026-02-17T17:34:44.011376Z,1.22
run_20260217_220238-0363,2026-02-17T17:39:44.011376Z,1.902
run_20260217_220238-0363,2026-02-17T17:44:44.011376Z,2.495
run_20260217_220238-0363,2026-02-17T17:49:44.011376Z,3.03
run_20260217_220238-0363,2026-02-17T17:54:44.011376Z,3.579
run_20260217_220238-0364,2026-02-17T07:29:10.550721Z,0.0
run_20260217_220238-0364,2026-02-17T07:34:10.550721Z,0.574
run_20260217_220238-0364,2026-02-17T07:39:10.550721Z,1.111
run_20260217_220238-0364,2026-02-17T07:44:10.550721Z,1.629
run_20260217_220238-0364,2026-02-17T07:49:10.550721Z,2.228
run_20260217_220238-0364,2026-02-17T07:54:10.550721Z,2.814
run_20260217_220238-0364,2026-02-17T07:59:10.550721Z,3.358
run_20260217_220238-0364,2026-02-17T08:04:10.550721Z,4.0
run_20260217_220238-0364,2026-02-17T08:09:10.550721Z,4.544
run_20260217_220238-0365,2026-02-17T18:33:10.007609Z,0.0
run_20260217_220238-0365,2026-02-17T18:38:10.007609Z,0.731
run_20260217_220238-0365,2026-02-17T18:43:10.007609Z,1.265
run_20260217_220238-0365,2026-02-17T18:48:10.007609Z,1.88
run_20260217_220238-0365,2026-02-17T18:53:10.007609Z,2.568
run_20260217_220238-0365,2026-02-17T18:58:10.007609Z,3.18
run_20260217_220238-0365,2026-02-17T19:03:10.007609Z,3.819
run_20260217_220238-0365,2026-02-17T19:08:10.007609Z,4.485
run_20260217_220238-0365,2026-02-17T19:13:10.007609Z,5.219
run_20260217_220238-0365,2026-02-17T19:18:10.007609Z,5.742
run_20260217_220238-0365,2026-02-17T19:23:10.007609Z,6.373
run_20260217_220238-0365,2026-02-17T19:28:10.007609Z,6.927
run_20260217_220238-0365,2026-02-17T19:33:10.007609Z,7.415
run_20260217_220238-0366,2026-02-17T05:21:15.048267Z,0.0
run_20260217_220238-0366,2026-02-17T05:26:15.048267Z,1.965
run_20260217_220238-0366,2026-02-17T05:31:15.048267Z,3.537
run_20260217_220238-0366,2026-02-17T05:36:15.048267Z,5.029
run_20260217_220238-0366,2026-02-17T05:41:15.048267Z,7.13
run_20260217_220238-0366,2026-02-17T05:46:15.048267Z,8.759
run_20260217_220238-0366,2026-02-17T05:51:15.048267Z,10.493
run_20260217_220238-0366,2026-02-17T05:56:15.048267Z,12.146
run_20260217_220238-0366,2026-02-17T06:01:15.048267Z,13.757
run_20260217_220238-0366,2026-02-17T06:06:15.048267Z,15.676
run_20260217_220238-0366,2026-02-17T06:11:15.048267Z,17.531
run_20260217_220238-0366,2026-02-17T06:16:15.048267Z,19.002
run_20260217_220238-0366,2026-02-17T06:21:15.048267Z,20.936
run_20260217_220238-0366,2026-02-17T06:26:15.048267Z,22.868
run_20260217_220238-0366,2026-02-17T06:31:15.048267Z,24.606
run_20260217_220238-0366,2026-02-17T06:36:15.048267Z,25.927
run_20260217_220238-0367,2026-02-17T11:35:46.654581Z,0.0
run_20260217_220238-0367,2026-02-17T11:40:46.654581Z,0.559
run_20260217_220238-0367,2026-02-17T11:45:46.654581Z,1.144
run_20260217_220238-0367,2026-02-17T11:50:46.654581Z,1.802
run_20260217_220238-0367,2026-02-17T11:55:46.654581Z,2.365
run_20260217_220238-0368,2026-02-17T16:55:02.135731Z,0.0
run_20260217_220238-0368,2026-02-17T17:00:02.135731Z,2.157
run_20260217_220238-0368,2026-02-17T17:05:02.135731Z,3.889
run_20260217_220238-0368,2026-02-17T17:10:02.135731Z,5.712
run_20260217_220238-0368,2026-02-17T17:15:02.135731Z,7.642
run_20260217_220238-0369,2026-02-17T19:40:07.751741Z,0.0
run_20260217_220238-0369,2026-02-17T19:45:07.751741Z,1.657
run_20260217_220238-0369,2026-02-17T19:50:07.751741Z,3.315
run_20260217_220238-0369,2026-02-17T19:55:07.751741Z,5.096
run_20260217_220238-0369,2026-02-17T20:00:07.751741Z,6.911
run_20260217_220238-0369,2026-02-17T20:05:07.751741Z,8.781
run_20260217_220238-0369,2026-02-17T20:10:07.751741Z,10.24
run_20260217_220238-0369,2026-02-17T20:15:07.751741Z,12.185
run_20260217_220238-0369,2026-02-17T20:20:07.751741Z,14.32
run_20260217_220238-0369,2026-02-17T20:25:07.751741Z,15.922
run_20260217_220238-0369,2026-02-17T20:30:07.751741Z,17.892
run_20260217_220238-0369,2026-02-17T20:35:07.751741Z,19.813
run_20260217_220238-0369,2026-02-17T20:40:07.751741Z,21.474
run_20260217_220238-0369,2026-02-17T20:45:07.751741Z,23.075
run_20260217_220238-0369,2026-02-17T20:50:07.751741Z,25.062
run_20260217_220238-0369,2026-02-17T20:55:07.751741Z,27.151
run_20260217_220238-0370,2026-02-17T13:11:51.976683Z,0.0
run_20260217_220238-0370,2026-02-17T13:16:51.976683Z,0.542
run_20260217_220238-0370,2026-02-17T13:21:51.976683Z,1.133
run_20260217_220238-0370,2026-02-17T13:26:51.976683Z,1.751
run_20260217_220238-0370,2026-02-17T13:31:51.976683Z,2.282
run_20260217_220238-0370,2026-02-17T13:36:51.976683Z,2.937
run_20260217_220238-0370,2026-02-17T13:41:51.976683Z,3.519
run_20260217_220238-0370,2026-02-17T13:46:51.976683Z,4.044
run_20260217_220238-0370,2026-02-17T13:51:51.976683Z,4.714
run_20260217_220238-0371,2026-02-17T08:09:16.578572Z,0.0
run_20260217_220238-0371,2026-02-17T08:14:16.578572Z,0.626
run_20260217_220238-0371,2026-02-17T08:19:16.578572Z,1.198
run_20260217_220238-0371,2026-02-17T08:24:16.578572Z,1.783
run_20260217_220238-0371,2026-02-17T08:29:16.578572Z,2.322
run_20260217_220238-0371,2026-02-17T08:34:16.578572Z,2.885
run_20260217_220238-0371,2026-02-17T08:39:16.578572Z,3.58
run_20260217_220238-0372,2026-02-17T19:38:47.863322Z,0.0
run_20260217_220238-0372,2026-02-17T19:43:47.863322Z,0.702
run_20260217_220238-0372,2026-02-17T19:48:47.863322Z,1.304
run_20260217_220238-0372,2026-02-17T19:53:47.863322Z,1.975
run_20260217_220238-0372,2026-02-17T19:58:47.863322Z,2.58
run_20260217_220238-0372,2026-02-17T20:03:47.863322Z,3.071
run_20260217_220238-0372,2026-02-17T20:08:47.863322Z,3.672
run_20260217_220238-0373,2026-02-17T18:16:27.310213Z,0.0
run_20260217_220238-0373,2026-02-17T18:21:27.310213Z,1.647
run_20260217_220238-0373,2026-02-17T18:26:27.310213Z,3.509
run_20260217_220238-0373,2026-02-17T18:31:27.310213Z,5.56
run_20260217_220238-0373,2026-02-17T18:36:27.310213Z,7.513
run_20260217_220238-0373,2026-02-17T18:41:27.310213Z,9.354
run_20260217_220238-0373,2026-02-17T18:46:27.310213Z,11.418
run_20260217_220238-0373,2026-02-17T18:51:27.310213Z,13.08
run_20260217_220238-0373,2026-02-17T18:56:27.310213Z,14.753
run_20260217_220238-0373,2026-02-17T19:01:27.310213Z,16.613
run_20260217_220238-0373,2026-02-17T19:06:27.310213Z,18.395
run_20260217_220238-0373,2026-02-17T19:11:27.310213Z,20.387
run_20260217_220238-0373,2026-02-17T19:16:27.310213Z,22.435
run_20260217_220238-0373,2026-02-17T19:21:27.310213Z,24.618
run_20260217_220238-0373,2026-02-17T19:26:27.310213Z,26.534
run_20260217_220238-0373,2026-02-17T19:31:27.310213Z,28.193
run_20260217_220238-0374,2026-02-17T21:52:42.488062Z,0.0
run_20260217_220238-0374,2026-02-17T21:57:42.488062Z,0.765
run_20260217_220238-0374,2026-02-17T22:02:42.488062Z,1.736
run_20260217_220238-0374,2026-02-17T22:07:42.488062Z,2.651
run_20260217_220238-0374,2026-02-17T22:12:42.488062Z,3.538
run_20260217_220238-0375,2026-02-17T05:05:16.625128Z,0.0
run_20260217_220238-0375,2026-02-17T05:10:16.625128Z,1.048
run_20260217_220238-0375,2026-02-17T05:15:16.625128Z,1.965
run_20260217_220238-0375,2026-02-17T05:20:16.625128Z,2.795
run_20260217_220238-0375,2026-02-17T05:25:16.625128Z,3.864
run_20260217_220238-0375,2026-02-17T05:30:16.625128Z,4.816
run_20260217_220238-0375,2026-02-17T05:35:16.625128Z,5.646
run_20260217_220238-0376,2026-02-17T03:44:38.047961Z,0.0
run_20260217_220238-0376,2026-02-17T03:49:38.047961Z,1.092
run_20260217_220238-0376,2026-02-17T03:54:38.047961Z,1.963
run_20260217_220238-0376,2026-02-17T03:59:38.047961Z,2.888
run_20260217_220238-0376,2026-02-17T04:04:38.047961Z,3.857
run_20260217_220238-0377,2026-02-17T07:17:00.331429Z,0.0
run_20260217_220238-0377,2026-02-17T07:22:00.331429Z,0.559
run_20260217_220238-0377,2026-02-17T07:27:00.331429Z,1.234
run_20260217_220238-0377,2026-02-17T07:32:00.331429Z,1.895
run_20260217_220238-0377,2026-02-17T07:37:00.331429Z,2.373
run_20260217_220238-0377,2026-02-17T07:42:00.331429Z,2.845
run_20260217_220238-0377,2026-02-17T07:47:00.331429Z,3.354
run_20260217_220238-0377,2026-02-17T07:52:00.331429Z,3.963
run_20260217_220238-0377,2026-02-17T07:57:00.331429Z,4.724
run_20260217_220238-0377,2026-02-17T08:02:00.331429Z,5.253
run_20260217_220238-0377,2026-02-17T08:07:00.331429Z,5.834
run_20260217_220238-0377,2026-02-17T08:12:00.331429Z,6.514
run_20260217_220238-0377,2026-02-17T08:17:00.331429Z,7.084
run_20260217_220238-0377,2026-02-17T08:22:00.331429Z,7.751
run_20260217_220238-0377,2026-02-17T08:27:00.331429Z,8.407
run_20260217_220238-0377,2026-02-17T08:32:00.331429Z,9.005
run_20260217_220238-0378,2026-02-17T12:04:11.305641Z,0.0
run_20260217_220238-0378,2026-02-17T12:09:11.305641Z,0.984
run_20260217_220238-0378,2026-02-17T12:14:11.305641Z,1.723
run_20260217_220238-0378,2026-02-17T12:19:11.305641Z,2.648
run_20260217_220238-0378,2026-02-17T12:24:11.305641Z,3.64
run_20260217_220238-0378,2026-02-17T12:29:11.305641Z,4.573
run_20260217_220238-0378,2026-02-17T12:34:11.305641Z,5.533
run_20260217_220238-0378,2026-02-17T12:39:11.305641Z,6.29
run_20260217_220238-0378,2026-02-17T12:44:11.305641Z,7.242
run_20260217_220238-0378,2026-02-17T12:49:11.305641Z,8.154
run_20260217_220238-0378,2026-02-17T12:54:11.305641Z,9.008
run_20260217_220238-0378,2026-02-17T12:59:11.305641Z,9.854
run_20260217_220238-0378,2026-02-17T13:04:11.305641Z,10.708
run_20260217_220238-0379,2026-02-17T10:32:00.100375Z,0.0
run_20260217_220238-0379,2026-02-17T10:37:00.100375Z,0.542
run_20260217_220238-0379,2026-02-17T10:42:00.100375Z,1.071
run_20260217_220238-0379,2026-02-17T10:47:00.100375Z,1.67
run_20260217_220238-0379,2026-02-17T10:52:00.100375Z,2.293
run_20260217_220238-0379,2026-02-17T10:57:00.100375Z,2.869
run_20260217_220238-0379,2026-02-17T11:02:00.100375Z,3.541
run_20260217_220238-0380,2026-02-17T07:31:23.787861Z,0.0
run_20260217_220238-0380,2026-02-17T07:36:23.787861Z,0.896
run_20260217_220238-0380,2026-02-17T07:41:23.787861Z,1.688
run_20260217_220238-0380,2026-02-17T07:46:23.787861Z,2.661
run_20260217_220238-0380,2026-02-17T07:51:23.787861Z,3.588
run_20260217_220238-0380,2026-02-17T07:56:23.787861Z,4.464
run_20260217_220238-0380,2026-02-17T08:01:23.787861Z,5.453
run_20260217_220238-0380,2026-02-17T08:06:23.787861Z,6.274
run_20260217_220238-0380,2026-02-17T08:11:23.787861Z,7.011
run_20260217_220238-0381,2026-02-17T12:25:38.786802Z,0.0
run_20260217_220238-0381,2026-02-17T12:30:38.786802Z,1.995
run_20260217_220238-0381,2026-02-17T12:35:38.786802Z,3.705
run_20260217_220238-0381,2026-02-17T12:40:38.786802Z,5.703
run_20260217_220238-0381,2026-02-17T12:45:38.786802Z,7.149
run_20260217_220238-0381,2026-02-17T12:50:38.786802Z,9.192
run_20260217_220238-0381,2026-02-17T12:55:38.786802Z,11.102
run_20260217_220238-0381,2026-02-17T13:00:38.786802Z,12.682
run_20260217_220238-0381,2026-02-17T13:05:38.786802Z,14.405
run_20260217_220238-0381,2026-02-17T13:10:38.786802Z,16.205
run_20260217_220238-0381,2026-02-17T13:15:38.786802Z,18.026
run_20260217_220238-0381,2026-02-17T13:20:38.786802Z,19.714
run_20260217_220238-0381,2026-02-17T13:25:38.786802Z,21.471
run_20260217_220238-0382,2026-02-17T20:24:00.056110Z,0.0
run_20260217_220238-0382,2026-02-17T20:29:00.056110Z,1.045
run_20260217_220238-0382,2026-02-17T20:34:00.056110Z,1.948
run_20260217_220238-0382,2026-02-17T20:39:00.056110Z,2.93
run_20260217_220238-0382,2026-02-17T20:44:00.056110Z,3.747
run_20260217_220238-0383,2026-02-17T21:10:44.623262Z,0.0
run_20260217_220238-0383,2026-02-17T21:15:44.623262Z,2.014
run_20260217_220238-0383,2026-02-17T21:20:44.623262Z,3.623
run_20260217_220238-0383,2026-02-17T21:25:44.623262Z,5.446
run_20260217_220238-0383,2026-02-17T21:30:44.623262Z,7.356
run_20260217_220238-0383,2026-02-17T21:35:44.623262Z,9.316
run_20260217_220238-0383,2026-02-17T21:40:44.623262Z,11.026
run_20260217_220238-0383,2026-02-17T21:45:44.623262Z,12.934
run_20260217_220238-0383,2026-02-17T21:50:44.623262Z,14.631
run_20260217_220238-0384,2026-02-17T21:17:23.218076Z,0.0
run_20260217_220238-0384,2026-02-17T21:22:23.218076Z,0.656
run_20260217_220238-0384,2026-02-17T21:27:23.218076Z,1.222
run_20260217_220238-0384,2026-02-17T21:32:23.218076Z,1.89
run_20260217_220238-0384,2026-02-17T21:37:23.218076Z,2.501
run_20260217_220238-0385,2026-02-17T15:49:13.985874Z,0.0
run_20260217_220238-0385,2026-02-17T15:54:13.985874Z,1.944
run_20260217_220238-0385,2026-02-17T15:59:13.985874Z,3.665
run_20260217_220238-0385,2026-02-17T16:04:13.985874Z,5.352
run_20260217_220238-0385,2026-02-17T16:09:13.985874Z,7.463
run_20260217_220238-0385,2026-02-17T16:14:13.985874Z,9.721
run_20260217_220238-0385,2026-02-17T16:19:13.985874Z,11.855
run_20260217_220238-0385,2026-02-17T16:24:13.985874Z,13.116
run_20260217_220238-0385,2026-02-17T16:29:13.985874Z,14.892
run_20260217_220238-0385,2026-02-17T16:34:13.985874Z,16.739
run_20260217_220238-0385,2026-02-17T16:39:13.985874Z,18.62
run_20260217_220238-0385,2026-02-17T16:44:13.985874Z,20.174
run_20260217_220238-0385,2026-02-17T16:49:13.985874Z,22.246
run_20260217_220238-0386,2026-02-17T01:36:26.053477Z,0.0
run_20260217_220238-0386,2026-02-17T01:41:26.053477Z,0.537
run_20260217_220238-0386,2026-02-17T01:46:26.053477Z,1.246
run_20260217_220238-0386,2026-02-17T01:51:26.053477Z,1.928
run_20260217_220238-0386,2026-02-17T01:56:26.053477Z,2.589
run_20260217_220238-0386,2026-02-17T02:01:26.053477Z,3.189
run_20260217_220238-0386,2026-02-17T02:06:26.053477Z,3.776
run_20260217_220238-0386,2026-02-17T02:11:26.053477Z,4.381
run_20260217_220238-0386,2026-02-17T02:16:26.053477Z,4.895
run_20260217_220238-0386,2026-02-17T02:21:26.053477Z,5.505
run_20260217_220238-0386,2026-02-17T02:26:26.053477Z,6.144
run_20260217_220238-0386,2026-02-17T02:31:26.053477Z,6.727
run_20260217_220238-0386,2026-02-17T02:36:26.053477Z,7.399
run_20260217_220238-0386,2026-02-17T02:41:26.053477Z,8.012
run_20260217_220238-0386,2026-02-17T02:46:26.053477Z,8.524
run_20260217_220238-0386,2026-02-17T02:51:26.053477Z,9.119
run_20260217_220238-0387,2026-02-17T09:01:57.555225Z,0.0
run_20260217_220238-0387,2026-02-17T09:06:57.555225Z,0.635
run_20260217_220238-0387,2026-02-17T09:11:57.555225Z,1.25
run_20260217_220238-0387,2026-02-17T09:16:57.555225Z,1.903
run_20260217_220238-0387,2026-02-17T09:21:57.555225Z,2.49
run_20260217_220238-0387,2026-02-17T09:26:57.555225Z,3.12
run_20260217_220238-0387,2026-02-17T09:31:57.555225Z,3.706
run_20260217_220238-0387,2026-02-17T09:36:57.555225Z,4.259
run_20260217_220238-0387,2026-02-17T09:41:57.555225Z,4.86
run_20260217_220238-0387,2026-02-17T09:46:57.555225Z,5.483
run_20260217_220238-0387,2026-02-17T09:51:57.555225Z,6.041
run_20260217_220238-0387,2026-02-17T09:56:57.555225Z,6.606
run_20260217_220238-0387,2026-02-17T10:01:57.555225Z,7.176
run_20260217_220238-0387,2026-02-17T10:06:57.555225Z,7.787
run_20260217_220238-0387,2026-02-17T10:11:57.555225Z,8.299
run_20260217_220238-0387,2026-02-17T10:16:57.555225Z,8.915
run_20260217_220238-0388,2026-02-17T21:54:59.268248Z,0.0
run_20260217_220238-0388,2026-02-17T21:59:59.268248Z,0.564
run_20260217_220238-0388,2026-02-17T22:04:59.268248Z,1.043
run_20260217_220238-0388,2026-02-17T22:09:59.268248Z,1.58
run_20260217_220238-0388,2026-02-17T22:14:59.268248Z,2.113
run_20260217_220238-0388,2026-02-17T22:19:59.268248Z,2.66
run_20260217_220238-0388,2026-02-17T22:24:59.268248Z,3.279
run_20260217_220238-0388,2026-02-17T22:29:59.268248Z,3.859
run_20260217_220238-0388,2026-02-17T22:34:59.268248Z,4.494
run_20260217_220238-0388,2026-02-17T22:39:59.268248Z,5.1
run_20260217_220238-0388,2026-02-17T22:44:59.268248Z,5.591
run_20260217_220238-0388,2026-02-17T22:49:59.268248Z,6.31
run_20260217_220238-0388,2026-02-17T22:54:59.268248Z,6.975
run_20260217_220238-0389,2026-02-17T20:49:12.887776Z,0.0
run_20260217_220238-0389,2026-02-17T20:54:12.887776Z,0.512
run_20260217_220238-0389,2026-02-17T20:59:12.887776Z,1.137
run_20260217_220238-0389,2026-02-17T21:04:12.887776Z,1.721
run_20260217_220238-0389,2026-02-17T21:09:12.887776Z,2.256
run_20260217_220238-0389,2026-02-17T21:14:12.887776Z,2.861
run_20260217_220238-0389,2026-02-17T21:19:12.887776Z,3.503
run_20260217_220238-0389,2026-02-17T21:24:12.887776Z,4.157
run_20260217_220238-0389,2026-02-17T21:29:12.887776Z,4.693
run_20260217_220238-0389,2026-02-17T21:34:12.887776Z,5.344
run_20260217_220238-0389,2026-02-17T21:39:12.887776Z,5.913
run_20260217_220238-0389,2026-02-17T21:44:12.887776Z,6.485
run_20260217_220238-0389,2026-02-17T21:49:12.887776Z,7.001
run_20260217_220238-0390,2026-02-17T23:15:25.178977Z,0.0
run_20260217_220238-0390,2026-02-17T23:20:25.178977Z,0.56
run_20260217_220238-0390,2026-02-17T23:25:25.178977Z,1.214
run_20260217_220238-0390,2026-02-17T23:30:25.178977Z,1.863
run_20260217_220238-0390,2026-02-17T23:35:25.178977Z,2.553
run_20260217_220238-0390,2026-02-17T23:40:25.178977Z,3.128
run_20260217_220238-0390,2026-02-17T23:45:25.178977Z,3.709
run_20260217_220238-0390,2026-02-17T23:50:25.178977Z,4.397
run_20260217_220238-0390,2026-02-17T23:55:25.178977Z,5.064
run_20260217_220238-0390,2026-02-18T00:00:25.178977Z,5.68
run_20260217_220238-0390,2026-02-18T00:05:25.178977Z,6.229
run_20260217_220238-0390,2026-02-18T00:10:25.178977Z,6.766
run_20260217_220238-0390,2026-02-18T00:15:25.178977Z,7.28
run_20260217_220238-0391,2026-02-17T09:48:37.693339Z,0.0
run_20260217_220238-0391,2026-02-17T09:53:37.693339Z,1.838
run_20260217_220238-0391,2026-02-17T09:58:37.693339Z,3.779
run_20260217_220238-0391,2026-02-17T10:03:37.693339Z,5.545
run_20260217_220238-0391,2026-02-17T10:08:37.693339Z,7.386
run_20260217_220238-0391,2026-02-17T10:13:37.693339Z,9.292
run_20260217_220238-0391,2026-02-17T10:18:37.693339Z,11.398
run_20260217_220238-0392,2026-02-17T13:32:05.439627Z,0.0
run_20260217_220238-0392,2026-02-17T13:37:05.439627Z,1.794
run_20260217_220238-0392,2026-02-17T13:42:05.439627Z,3.522
run_20260217_220238-0392,2026-02-17T13:47:05.439627Z,5.21
run_20260217_220238-0392,2026-02-17T13:52:05.439627Z,6.78
run_20260217_220238-0392,2026-02-17T13:57:05.439627Z,8.53
run_20260217_220238-0392,2026-02-17T14:02:05.439627Z,10.025
run_20260217_220238-0392,2026-02-17T14:07:05.439627Z,12.044
run_20260217_220238-0392,2026-02-17T14:12:05.439627Z,14.04
run_20260217_220238-0393,2026-02-17T04:15:17.208280Z,0.0
run_20260217_220238-0393,2026-02-17T04:20:17.208280Z,0.95
run_20260217_220238-0393,2026-02-17T04:25:17.208280Z,1.857
run_20260217_220238-0393,2026-02-17T04:30:17.208280Z,2.904
run_20260217_220238-0393,2026-02-17T04:35:17.208280Z,3.927
run_20260217_220238-0393,2026-02-17T04:40:17.208280Z,4.856
run_20260217_220238-0393,2026-02-17T04:45:17.208280Z,5.684
run_20260217_220238-0394,2026-02-17T22:30:27.936057Z,0.0
run_20260217_220238-0394,2026-02-17T22:35:27.936057Z,0.698
run_20260217_220238-0394,2026-02-17T22:40:27.936057Z,1.214
run_20260217_220238-0394,2026-02-17T22:45:27.936057Z,1.813
run_20260217_220238-0394,2026-02-17T22:50:27.936057Z,2.412
run_20260217_220238-0394,2026-02-17T22:55:27.936057Z,3.033
run_20260217_220238-0394,2026-02-17T23:00:27.936057Z,3.66
run_20260217_220238-0395,2026-02-17T09:12:34.564834Z,0.0
run_20260217_220238-0395,2026-02-17T09:17:34.564834Z,0.634
run_20260217_220238-0395,2026-02-17T09:22:34.564834Z,1.352
run_20260217_220238-0395,2026-02-17T09:27:34.564834Z,1.919
run_20260217_220238-0395,2026-02-17T09:32:34.564834Z,2.621
run_20260217_220238-0395,2026-02-17T09:37:34.564834Z,3.163
run_20260217_220238-0395,2026-02-17T09:42:34.564834Z,3.642
run_20260217_220238-0395,2026-02-17T09:47:34.564834Z,4.33
run_20260217_220238-0395,2026-02-17T09:52:34.564834Z,4.893
run_20260217_220238-0395,2026-02-17T09:57:34.564834Z,5.65
run_20260217_220238-0395,2026-02-17T10:02:34.564834Z,6.157
run_20260217_220238-0395,2026-02-17T10:07:34.564834Z,6.686
run_20260217_220238-0395,2026-02-17T10:12:34.564834Z,7.245
run_20260217_220238-0396,2026-02-17T20:55:19.187774Z,0.0
run_20260217_220238-0396,2026-02-17T21:00:19.187774Z,0.548
run_20260217_220238-0396,2026-02-17T21:05:19.187774Z,1.204
run_20260217_220238-0396,2026-02-17T21:10:19.187774Z,1.892
run_20260217_220238-0396,2026-02-17T21:15:19.187774Z,2.523
run_20260217_220238-0396,2026-02-17T21:20:19.187774Z,3.147
run_20260217_220238-0396,2026-02-17T21:25:19.187774Z,3.696
run_20260217_220238-0396,2026-02-17T21:30:19.187774Z,4.374
run_20260217_220238-0396,2026-02-17T21:35:19.187774Z,4.881
run_20260217_220238-0397,2026-02-17T09:49:09.841236Z,0.0
run_20260217_220238-0397,2026-02-17T09:54:09.841236Z,1.7
run_20260217_220238-0397,2026-02-17T09:59:09.841236Z,3.654
run_20260217_220238-0397,2026-02-17T10:04:09.841236Z,5.228
run_20260217_220238-0397,2026-02-17T10:09:09.841236Z,6.986
run_20260217_220238-0397,2026-02-17T10:14:09.841236Z,8.702
run_20260217_220238-0397,2026-02-17T10:19:09.841236Z,10.554
run_20260217_220238-0397,2026-02-17T10:24:09.841236Z,12.076
run_20260217_220238-0397,2026-02-17T10:29:09.841236Z,14.185
run_20260217_220238-0398,2026-02-17T00:02:39.797884Z,0.0
run_20260217_220238-0398,2026-02-17T00:07:39.797884Z,0.687
run_20260217_220238-0398,2026-02-17T00:12:39.797884Z,1.293
run_20260217_220238-0398,2026-02-17T00:17:39.797884Z,1.97
run_20260217_220238-0398,2026-02-17T00:22:39.797884Z,2.668
run_20260217_220238-0398,2026-02-17T00:27:39.797884Z,3.179
run_20260217_220238-0398,2026-02-17T00:32:39.797884Z,3.642
run_20260217_220238-0399,2026-02-17T08:34:10.213476Z,0.0
run_20260217_220238-0399,2026-02-17T08:39:10.213476Z,1.028
run_20260217_220238-0399,2026-02-17T08:44:10.213476Z,1.857
run_20260217_220238-0399,2026-02-17T08:49:10.213476Z,2.889
run_20260217_220238-0399,2026-02-17T08:54:10.213476Z,3.752
run_20260217_220238-0399,2026-02-17T08:59:10.213476Z,4.576
run_20260217_220238-0399,2026-02-17T09:04:10.213476Z,5.52
run_20260217_220238-0399,2026-02-17T09:09:10.213476Z,6.475
run_20260217_220238-0399,2026-02-17T09:14:10.213476Z,7.31
run_20260217_220238-0399,2026-02-17T09:19:10.213476Z,8.241
run_20260217_220238-0399,2026-02-17T09:24:10.213476Z,9.253
run_20260217_220238-0399,2026-02-17T09:29:10.213476Z,10.277
run_20260217_220238-0399,2026-02-17T09:34:10.213476Z,11.199
run_20260217_220238-0400,2026-02-17T11:56:30.631254Z,0.0
run_20260217_220238-0400,2026-02-17T12:01:30.631254Z,1.791
run_20260217_220238-0400,2026-02-17T12:06:30.631254Z,3.602
run_20260217_220238-0400,2026-02-17T12:11:30.631254Z,5.64
run_20260217_220238-0400,2026-02-17T12:16:30.631254Z,7.523
run_20260217_220238-0400,2026-02-17T12:21:30.631254Z,9.193
run_20260217_220238-0400,2026-02-17T12:26:30.631254Z,11.204
run_20260217_220238-0400,2026-02-17T12:31:30.631254Z,13.11
run_20260217_220238-0400,2026-02-17T12:36:30.631254Z,14.925
run_20260217_220238-0400,2026-02-17T12:41:30.631254Z,16.731
run_20260217_220238-0400,2026-02-17T12:46:30.631254Z,18.342
run_20260217_220238-0400,2026-02-17T12:51:30.631254Z,20.369
run_20260217_220238-0400,2026-02-17T12:56:30.631254Z,21.966
run_20260217_220238-0401,2026-02-17T22:06:20.530392Z,0.0
run_20260217_220238-0401,2026-02-17T22:11:20.530392Z,0.603
run_20260217_220238-0401,2026-02-17T22:16:20.530392Z,1.287
run_20260217_220238-0401,2026-02-17T22:21:20.530392Z,1.841
run_20260217_220238-0401,2026-02-17T22:26:20.530392Z,2.365
run_20260217_220238-0401,2026-02-17T22:31:20.530392Z,2.935
run_20260217_220238-0401,2026-02-17T22:36:20.530392Z,3.466
run_20260217_220238-0401,2026-02-17T22:41:20.530392Z,3.994
run_20260217_220238-0401,2026-02-17T22:46:20.530392Z,4.554
run_20260217_220238-0401,2026-02-17T22:51:20.530392Z,5.215
run_20260217_220238-0401,2026-02-17T22:56:20.530392Z,5.773
run_20260217_220238-0401,2026-02-17T23:01:20.530392Z,6.439
run_20260217_220238-0401,2026-02-17T23:06:20.530392Z,7.043
run_20260217_220238-0401,2026-02-17T23:11:20.530392Z,7.708
run_20260217_220238-0401,2026-02-17T23:16:20.530392Z,8.265
run_20260217_220238-0401,2026-02-17T23:21:20.530392Z,8.837
run_20260217_220238-0402,2026-02-17T23:08:07.812849Z,0.0
run_20260217_220238-0402,2026-02-17T23:13:07.812849Z,1.982
run_20260217_220238-0402,2026-02-17T23:18:07.812849Z,3.709
run_20260217_220238-0402,2026-02-17T23:23:07.812849Z,5.845
run_20260217_220238-0402,2026-02-17T23:28:07.812849Z,7.661
run_20260217_220238-0402,2026-02-17T23:33:07.812849Z,9.753
run_20260217_220238-0402,2026-02-17T23:38:07.812849Z,11.375
run_20260217_220238-0402,2026-02-17T23:43:07.812849Z,13.096
run_20260217_220238-0402,2026-02-17T23:48:07.812849Z,14.844
run_20260217_220238-0402,2026-02-17T23:53:07.812849Z,16.551
run_20260217_220238-0402,2026-02-17T23:58:07.812849Z,18.381
run_20260217_220238-0402,2026-02-18T00:03:07.812849Z,20.171
run_20260217_220238-0402,2026-02-18T00:08:07.812849Z,21.91
run_20260217_220238-0402,2026-02-18T00:13:07.812849Z,23.752
run_20260217_220238-0402,2026-02-18T00:18:07.812849Z,25.87
run_20260217_220238-0402,2026-02-18T00:23:07.812849Z,27.852
run_20260217_220238-0403,2026-02-17T17:14:24.025120Z,0.0
run_20260217_220238-0403,2026-02-17T17:19:24.025120Z,0.596
run_20260217_220238-0403,2026-02-17T17:24:24.025120Z,1.114
run_20260217_220238-0403,2026-02-17T17:29:24.025120Z,1.797
run_20260217_220238-0403,2026-02-17T17:34:24.025120Z,2.345
run_20260217_220238-0403,2026-02-17T17:39:24.025120Z,2.913
run_20260217_220238-0403,2026-02-17T17:44:24.025120Z,3.465
run_20260217_220238-0403,2026-02-17T17:49:24.025120Z,4.112
run_20260217_220238-0403,2026-02-17T17:54:24.025120Z,4.806
run_20260217_220238-0404,2026-02-17T04:47:54.258646Z,0.0
run_20260217_220238-0404,2026-02-17T04:52:54.258646Z,1.155
run_20260217_220238-0404,2026-02-17T04:57:54.258646Z,2.048
run_20260217_220238-0404,2026-02-17T05:02:54.258646Z,2.824
run_20260217_220238-0404,2026-02-17T05:07:54.258646Z,3.645
run_20260217_220238-0405,2026-02-17T14:04:21.303468Z,0.0
run_20260217_220238-0405,2026-02-17T14:09:21.303468Z,0.549
run_20260217_220238-0405,2026-02-17T14:14:21.303468Z,1.067
run_20260217_220238-0405,2026-02-17T14:19:21.303468Z,1.706
run_20260217_220238-0405,2026-02-17T14:24:21.303468Z,2.374
run_20260217_220238-0405,2026-02-17T14:29:21.303468Z,2.985
run_20260217_220238-0405,2026-02-17T14:34:21.303468Z,3.569
run_20260217_220238-0405,2026-02-17T14:39:21.303468Z,4.158
run_20260217_220238-0405,2026-02-17T14:44:21.303468Z,4.869
run_20260217_220238-0405,2026-02-17T14:49:21.303468Z,5.532
run_20260217_220238-0405,2026-02-17T14:54:21.303468Z,6.154
run_20260217_220238-0405,2026-02-17T14:59:21.303468Z,6.687
run_20260217_220238-0405,2026-02-17T15:04:21.303468Z,7.297
run_20260217_220238-0406,2026-02-17T18:22:31.662668Z,0.0
run_20260217_220238-0406,2026-02-17T18:27:31.662668Z,0.908
run_20260217_220238-0406,2026-02-17T18:32:31.662668Z,1.937
run_20260217_220238-0406,2026-02-17T18:37:31.662668Z,2.784
run_20260217_220238-0406,2026-02-17T18:42:31.662668Z,3.731
run_20260217_220238-0406,2026-02-17T18:47:31.662668Z,4.674
run_20260217_220238-0406,2026-02-17T18:52:31.662668Z,5.505
run_20260217_220238-0406,2026-02-17T18:57:31.662668Z,6.376
run_20260217_220238-0406,2026-02-17T19:02:31.662668Z,7.396
run_20260217_220238-0406,2026-02-17T19:07:31.662668Z,8.352
run_20260217_220238-0406,2026-02-17T19:12:31.662668Z,9.258
run_20260217_220238-0406,2026-02-17T19:17:31.662668Z,10.09
run_20260217_220238-0406,2026-02-17T19:22:31.662668Z,10.99
run_20260217_220238-0407,2026-02-17T08:20:01.504145Z,0.0
run_20260217_220238-0407,2026-02-17T08:25:01.504145Z,0.896
run_20260217_220238-0407,2026-02-17T08:30:01.504145Z,1.976
run_20260217_220238-0407,2026-02-17T08:35:01.504145Z,2.889
run_20260217_220238-0407,2026-02-17T08:40:01.504145Z,3.927
run_20260217_220238-0407,2026-02-17T08:45:01.504145Z,4.71
run_20260217_220238-0407,2026-02-17T08:50:01.504145Z,5.66
run_20260217_220238-0407,2026-02-17T08:55:01.504145Z,6.584
run_20260217_220238-0407,2026-02-17T09:00:01.504145Z,7.637
run_20260217_220238-0408,2026-02-17T15:53:08.069494Z,0.0
run_20260217_220238-0408,2026-02-17T15:58:08.069494Z,0.786
run_20260217_220238-0408,2026-02-17T16:03:08.069494Z,1.662
run_20260217_220238-0408,2026-02-17T16:08:08.069494Z,2.586
run_20260217_220238-0408,2026-02-17T16:13:08.069494Z,3.49
run_20260217_220238-0408,2026-02-17T16:18:08.069494Z,4.442
run_20260217_220238-0408,2026-02-17T16:23:08.069494Z,5.383
run_20260217_220238-0409,2026-02-17T06:34:38.343319Z,0.0
run_20260217_220238-0409,2026-02-17T06:39:38.343319Z,0.681
run_20260217_220238-0409,2026-02-17T06:44:38.343319Z,1.299
run_20260217_220238-0409,2026-02-17T06:49:38.343319Z,1.975
run_20260217_220238-0409,2026-02-17T06:54:38.343319Z,2.603
run_20260217_220238-0409,2026-02-17T06:59:38.343319Z,3.236
run_20260217_220238-0409,2026-02-17T07:04:38.343319Z,3.81
run_20260217_220238-0409,2026-02-17T07:09:38.343319Z,4.385
run_20260217_220238-0409,2026-02-17T07:14:38.343319Z,4.967
run_20260217_220238-0410,2026-02-17T09:28:15.148232Z,0.0
run_20260217_220238-0410,2026-02-17T09:33:15.148232Z,1.856
run_20260217_220238-0410,2026-02-17T09:38:15.148232Z,3.426
run_20260217_220238-0410,2026-02-17T09:43:15.148232Z,5.298
run_20260217_220238-0410,2026-02-17T09:48:15.148232Z,7.02
run_20260217_220238-0410,2026-02-17T09:53:15.148232Z,8.943
run_20260217_220238-0410,2026-02-17T09:58:15.148232Z,10.852
run_20260217_220238-0410,2026-02-17T10:03:15.148232Z,12.611
run_20260217_220238-0410,2026-02-17T10:08:15.148232Z,14.703
run_20260217_220238-0410,2026-02-17T10:13:15.148232Z,16.715
run_20260217_220238-0410,2026-02-17T10:18:15.148232Z,18.641
run_20260217_220238-0410,2026-02-17T10:23:15.148232Z,20.788
run_20260217_220238-0410,2026-02-17T10:28:15.148232Z,22.612
run_20260217_220238-0411,2026-02-17T05:30:22.324009Z,0.0
run_20260217_220238-0411,2026-02-17T05:35:22.324009Z,0.936
run_20260217_220238-0411,2026-02-17T05:40:22.324009Z,1.883
run_20260217_220238-0411,2026-02-17T05:45:22.324009Z,2.815
run_20260217_220238-0411,2026-02-17T05:50:22.324009Z,3.643
run_20260217_220238-0411,2026-02-17T05:55:22.324009Z,4.543
run_20260217_220238-0411,2026-02-17T06:00:22.324009Z,5.488
run_20260217_220238-0411,2026-02-17T06:05:22.324009Z,6.474
run_20260217_220238-0411,2026-02-17T06:10:22.324009Z,7.371
run_20260217_220238-0412,2026-02-17T00:28:37.940915Z,0.0
run_20260217_220238-0412,2026-02-17T00:33:37.940915Z,1.627
run_20260217_220238-0412,2026-02-17T00:38:37.940915Z,3.625
run_20260217_220238-0412,2026-02-17T00:43:37.940915Z,5.636
run_20260217_220238-0412,2026-02-17T00:48:37.940915Z,7.614
run_20260217_220238-0412,2026-02-17T00:53:37.940915Z,9.217
run_20260217_220238-0412,2026-02-17T00:58:37.940915Z,11.157
run_20260217_220238-0413,2026-02-17T06:48:49.412546Z,0.0
run_20260217_220238-0413,2026-02-17T06:53:49.412546Z,0.67
run_20260217_220238-0413,2026-02-17T06:58:49.412546Z,1.305
run_20260217_220238-0413,2026-02-17T07:03:49.412546Z,1.904
run_20260217_220238-0413,2026-02-17T07:08:49.412546Z,2.57
run_20260217_220238-0414,2026-02-17T08:36:55.032734Z,0.0
run_20260217_220238-0414,2026-02-17T08:41:55.032734Z,1.752
run_20260217_220238-0414,2026-02-17T08:46:55.032734Z,3.652
run_20260217_220238-0414,2026-02-17T08:51:55.032734Z,5.398
run_20260217_220238-0414,2026-02-17T08:56:55.032734Z,7.391
run_20260217_220238-0415,2026-02-17T01:25:31.683273Z,0.0
run_20260217_220238-0415,2026-02-17T01:30:31.683273Z,0.754
run_20260217_220238-0415,2026-02-17T01:35:31.683273Z,1.74
run_20260217_220238-0415,2026-02-17T01:40:31.683273Z,2.688
run_20260217_220238-0415,2026-02-17T01:45:31.683273Z,3.446
run_20260217_220238-0415,2026-02-17T01:50:31.683273Z,4.356
run_20260217_220238-0415,2026-02-17T01:55:31.683273Z,5.271
run_20260217_220238-0415,2026-02-17T02:00:31.683273Z,6.35
run_20260217_220238-0415,2026-02-17T02:05:31.683273Z,7.218
run_20260217_220238-0415,2026-02-17T02:10:31.683273Z,8.017
run_20260217_220238-0415,2026-02-17T02:15:31.683273Z,8.947
run_20260217_220238-0415,2026-02-17T02:20:31.683273Z,9.943
run_20260217_220238-0415,2026-02-17T02:25:31.683273Z,10.825
run_20260217_220238-0416,2026-02-17T22:39:31.180237Z,0.0
run_20260217_220238-0416,2026-02-17T22:44:31.180237Z,0.689
run_20260217_220238-0416,2026-02-17T22:49:31.180237Z,1.555
run_20260217_220238-0416,2026-02-17T22:54:31.180237Z,2.561
run_20260217_220238-0416,2026-02-17T22:59:31.180237Z,3.527
run_20260217_220238-0417,2026-02-17T19:06:30.391274Z,0.0
run_20260217_220238-0417,2026-02-17T19:11:30.391274Z,0.686
run_20260217_220238-0417,2026-02-17T19:16:30.391274Z,1.269
run_20260217_220238-0417,2026-02-17T19:21:30.391274Z,1.85
run_20260217_220238-0417,2026-02-17T19:26:30.391274Z,2.507
run_20260217_220238-0417,2026-02-17T19:31:30.391274Z,3.179
run_20260217_220238-0417,2026-02-17T19:36:30.391274Z,3.836
run_20260217_220238-0417,2026-02-17T19:41:30.391274Z,4.312
run_20260217_220238-0417,2026-02-17T19:46:30.391274Z,4.922
run_20260217_220238-0417,2026-02-17T19:51:30.391274Z,5.486
run_20260217_220238-0417,2026-02-17T19:56:30.391274Z,6.101
run_20260217_220238-0417,2026-02-17T20:01:30.391274Z,6.714
run_20260217_220238-0417,2026-02-17T20:06:30.391274Z,7.317
run_20260217_220238-0417,2026-02-17T20:11:30.391274Z,7.962
run_20260217_220238-0417,2026-02-17T20:16:30.391274Z,8.561
run_20260217_220238-0417,2026-02-17T20:21:30.391274Z,9.079
run_20260217_220238-0418,2026-02-17T11:10:07.579960Z,0.0
run_20260217_220238-0418,2026-02-17T11:15:07.579960Z,0.668
run_20260217_220238-0418,2026-02-17T11:20:07.579960Z,1.288
run_20260217_220238-0418,2026-02-17T11:25:07.579960Z,1.893
run_20260217_220238-0418,2026-02-17T11:30:07.579960Z,2.497
run_20260217_220238-0418,2026-02-17T11:35:07.579960Z,3.08
run_20260217_220238-0418,2026-02-17T11:40:07.579960Z,3.76
run_20260217_220238-0418,2026-02-17T11:45:07.579960Z,4.434
run_20260217_220238-0418,2026-02-17T11:50:07.579960Z,5.001
run_20260217_220238-0418,2026-02-17T11:55:07.579960Z,5.543
run_20260217_220238-0418,2026-02-17T12:00:07.579960Z,6.09
run_20260217_220238-0418,2026-02-17T12:05:07.579960Z,6.58
run_20260217_220238-0418,2026-02-17T12:10:07.579960Z,7.227
run_20260217_220238-0419,2026-02-17T20:35:06.583199Z,0.0
run_20260217_220238-0419,2026-02-17T20:40:06.583199Z,1.014
run_20260217_220238-0419,2026-02-17T20:45:06.583199Z,2.037
run_20260217_220238-0419,2026-02-17T20:50:06.583199Z,2.883
run_20260217_220238-0419,2026-02-17T20:55:06.583199Z,3.806
run_20260217_220238-0420,2026-02-17T22:47:03.629026Z,0.0
run_20260217_220238-0420,2026-02-17T22:52:03.629026Z,0.687
run_20260217_220238-0420,2026-02-17T22:57:03.629026Z,1.251
run_20260217_220238-0420,2026-02-17T23:02:03.629026Z,1.861
run_20260217_220238-0420,2026-02-17T23:07:03.629026Z,2.368
run_20260217_220238-0420,2026-02-17T23:12:03.629026Z,2.908
run_20260217_220238-0420,2026-02-17T23:17:03.629026Z,3.564
run_20260217_220238-0420,2026-02-17T23:22:03.629026Z,4.207
run_20260217_220238-0420,2026-02-17T23:27:03.629026Z,4.82
run_20260217_220238-0421,2026-02-17T04:30:24.583030Z,0.0
run_20260217_220238-0421,2026-02-17T04:35:24.583030Z,0.855
run_20260217_220238-0421,2026-02-17T04:40:24.583030Z,1.873
run_20260217_220238-0421,2026-02-17T04:45:24.583030Z,2.885
run_20260217_220238-0421,2026-02-17T04:50:24.583030Z,3.724
run_20260217_220238-0421,2026-02-17T04:55:24.583030Z,4.618
run_20260217_220238-0421,2026-02-17T05:00:24.583030Z,5.597
run_20260217_220238-0421,2026-02-17T05:05:24.583030Z,6.499
run_20260217_220238-0421,2026-02-17T05:10:24.583030Z,7.47
run_20260217_220238-0421,2026-02-17T05:15:24.583030Z,8.403
run_20260217_220238-0421,2026-02-17T05:20:24.583030Z,9.387
run_20260217_220238-0421,2026-02-17T05:25:24.583030Z,10.332
run_20260217_220238-0421,2026-02-17T05:30:24.583030Z,11.252
run_20260217_220238-0422,2026-02-17T13:27:19.671279Z,0.0
run_20260217_220238-0422,2026-02-17T13:32:19.671279Z,0.564
run_20260217_220238-0422,2026-02-17T13:37:19.671279Z,1.235
run_20260217_220238-0422,2026-02-17T13:42:19.671279Z,1.914
run_20260217_220238-0422,2026-02-17T13:47:19.671279Z,2.474
run_20260217_220238-0422,2026-02-17T13:52:19.671279Z,3.031
run_20260217_220238-0422,2026-02-17T13:57:19.671279Z,3.699
run_20260217_220238-0422,2026-02-17T14:02:19.671279Z,4.402
run_20260217_220238-0422,2026-02-17T14:07:19.671279Z,5.008
run_20260217_220238-0422,2026-02-17T14:12:19.671279Z,5.612
run_20260217_220238-0422,2026-02-17T14:17:19.671279Z,6.296
run_20260217_220238-0422,2026-02-17T14:22:19.671279Z,6.854
run_20260217_220238-0422,2026-02-17T14:27:19.671279Z,7.413
run_20260217_220238-0422,2026-02-17T14:32:19.671279Z,7.986
run_20260217_220238-0422,2026-02-17T14:37:19.671279Z,8.549
run_20260217_220238-0422,2026-02-17T14:42:19.671279Z,9.049
run_20260217_220238-0423,2026-02-17T19:02:07.757114Z,0.0
run_20260217_220238-0423,2026-02-17T19:07:07.757114Z,1.704
run_20260217_220238-0423,2026-02-17T19:12:07.757114Z,3.579
run_20260217_220238-0423,2026-02-17T19:17:07.757114Z,5.541
run_20260217_220238-0423,2026-02-17T19:22:07.757114Z,7.624
run_20260217_220238-0423,2026-02-17T19:27:07.757114Z,9.218
run_20260217_220238-0423,2026-02-17T19:32:07.757114Z,10.886
run_20260217_220238-0423,2026-02-17T19:37:07.757114Z,12.659
run_20260217_220238-0423,2026-02-17T19:42:07.757114Z,14.441
run_20260217_220238-0424,2026-02-17T23:52:25.148433Z,0.0
run_20260217_220238-0424,2026-02-17T23:57:25.148433Z,0.655
run_20260217_220238-0424,2026-02-18T00:02:25.148433Z,1.304
run_20260217_220238-0424,2026-02-18T00:07:25.148433Z,1.951
run_20260217_220238-0424,2026-02-18T00:12:25.148433Z,2.583
run_20260217_220238-0424,2026-02-18T00:17:25.148433Z,3.188
run_20260217_220238-0424,2026-02-18T00:22:25.148433Z,3.714
run_20260217_220238-0425,2026-02-17T08:56:53.489218Z,0.0
run_20260217_220238-0425,2026-02-17T09:01:53.489218Z,0.959
run_20260217_220238-0425,2026-02-17T09:06:53.489218Z,1.89
run_20260217_220238-0425,2026-02-17T09:11:53.489218Z,2.912
run_20260217_220238-0425,2026-02-17T09:16:53.489218Z,3.971
run_20260217_220238-0425,2026-02-17T09:21:53.489218Z,4.979
run_20260217_220238-0425,2026-02-17T09:26:53.489218Z,5.838
run_20260217_220238-0426,2026-02-17T22:56:54.812044Z,0.0
run_20260217_220238-0426,2026-02-17T23:01:54.812044Z,0.934
run_20260217_220238-0426,2026-02-17T23:06:54.812044Z,1.918
run_20260217_220238-0426,2026-02-17T23:11:54.812044Z,2.692
run_20260217_220238-0426,2026-02-17T23:16:54.812044Z,3.48
run_20260217_220238-0426,2026-02-17T23:21:54.812044Z,4.355
run_20260217_220238-0426,2026-02-17T23:26:54.812044Z,5.284
run_20260217_220238-0426,2026-02-17T23:31:54.812044Z,6.309
run_20260217_220238-0426,2026-02-17T23:36:54.812044Z,7.262
run_20260217_220238-0427,2026-02-17T12:20:30.695383Z,0.0
run_20260217_220238-0427,2026-02-17T12:25:30.695383Z,0.676
run_20260217_220238-0427,2026-02-17T12:30:30.695383Z,1.217
run_20260217_220238-0427,2026-02-17T12:35:30.695383Z,1.773
run_20260217_220238-0427,2026-02-17T12:40:30.695383Z,2.343
run_20260217_220238-0428,2026-02-17T02:25:20.593805Z,0.0
run_20260217_220238-0428,2026-02-17T02:30:20.593805Z,0.587
run_20260217_220238-0428,2026-02-17T02:35:20.593805Z,1.212
run_20260217_220238-0428,2026-02-17T02:40:20.593805Z,1.802
run_20260217_220238-0428,2026-02-17T02:45:20.593805Z,2.282
run_20260217_220238-0428,2026-02-17T02:50:20.593805Z,2.851
run_20260217_220238-0428,2026-02-17T02:55:20.593805Z,3.481
run_20260217_220238-0429,2026-02-17T22:40:45.079650Z,0.0
run_20260217_220238-0429,2026-02-17T22:45:45.079650Z,0.617
run_20260217_220238-0429,2026-02-17T22:50:45.079650Z,1.298
run_20260217_220238-0429,2026-02-17T22:55:45.079650Z,1.923
run_20260217_220238-0429,2026-02-17T23:00:45.079650Z,2.575
run_20260217_220238-0429,2026-02-17T23:05:45.079650Z,3.137
run_20260217_220238-0429,2026-02-17T23:10:45.079650Z,3.748
run_20260217_220238-0429,2026-02-17T23:15:45.079650Z,4.318
run_20260217_220238-0429,2026-02-17T23:20:45.079650Z,4.955
run_20260217_220238-0429,2026-02-17T23:25:45.079650Z,5.547
run_20260217_220238-0429,2026-02-17T23:30:45.079650Z,6.16
run_20260217_220238-0429,2026-02-17T23:35:45.079650Z,6.716
run_20260217_220238-0429,2026-02-17T23:40:45.079650Z,7.295
run_20260217_220238-0430,2026-02-17T12:58:38.780883Z,0.0
run_20260217_220238-0430,2026-02-17T13:03:38.780883Z,0.931
run_20260217_220238-0430,2026-02-17T13:08:38.780883Z,1.923
run_20260217_220238-0430,2026-02-17T13:13:38.780883Z,2.93
run_20260217_220238-0430,2026-02-17T13:18:38.780883Z,3.982
run_20260217_220238-0430,2026-02-17T13:23:38.780883Z,5.09
run_20260217_220238-0430,2026-02-17T13:28:38.780883Z,5.948
run_20260217_220238-0431,2026-02-17T03:27:47.652521Z,0.0
run_20260217_220238-0431,2026-02-17T03:32:47.652521Z,0.983
run_20260217_220238-0431,2026-02-17T03:37:47.652521Z,1.816
run_20260217_220238-0431,2026-02-17T03:42:47.652521Z,2.856
run_20260217_220238-0431,2026-02-17T03:47:47.652521Z,3.769
run_20260217_220238-0432,2026-02-17T06:27:46.465999Z,0.0
run_20260217_220238-0432,2026-02-17T06:32:46.465999Z,0.563
run_20260217_220238-0432,2026-02-17T06:37:46.465999Z,1.233
run_20260217_220238-0432,2026-02-17T06:42:46.465999Z,1.895
run_20260217_220238-0432,2026-02-17T06:47:46.465999Z,2.445
run_20260217_220238-0432,2026-02-17T06:52:46.465999Z,3.091
run_20260217_220238-0432,2026-02-17T06:57:46.465999Z,3.755
run_20260217_220238-0433,2026-02-17T22:55:19.029510Z,0.0
run_20260217_220238-0433,2026-02-17T23:00:19.029510Z,1.839
run_20260217_220238-0433,2026-02-17T23:05:19.029510Z,3.625
run_20260217_220238-0433,2026-02-17T23:10:19.029510Z,5.253
run_20260217_220238-0433,2026-02-17T23:15:19.029510Z,7.045
run_20260217_220238-0433,2026-02-17T23:20:19.029510Z,8.98
run_20260217_220238-0433,2026-02-17T23:25:19.029510Z,10.488
run_20260217_220238-0433,2026-02-17T23:30:19.029510Z,12.191
run_20260217_220238-0433,2026-02-17T23:35:19.029510Z,14.065
run_20260217_220238-0433,2026-02-17T23:40:19.029510Z,15.871
run_20260217_220238-0433,2026-02-17T23:45:19.029510Z,17.694
run_20260217_220238-0433,2026-02-17T23:50:19.029510Z,19.476
run_20260217_220238-0433,2026-02-17T23:55:19.029510Z,20.864
run_20260217_220238-0434,2026-02-17T18:14:45.008982Z,0.0
run_20260217_220238-0434,2026-02-17T18:19:45.008982Z,0.549
run_20260217_220238-0434,2026-02-17T18:24:45.008982Z,1.156
run_20260217_220238-0434,2026-02-17T18:29:45.008982Z,1.721
run_20260217_220238-0434,2026-02-17T18:34:45.008982Z,2.208
run_20260217_220238-0435,2026-02-17T00:32:57.244742Z,0.0
run_20260217_220238-0435,2026-02-17T00:37:57.244742Z,0.643
run_20260217_220238-0435,2026-02-17T00:42:57.244742Z,1.2
run_20260217_220238-0435,2026-02-17T00:47:57.244742Z,1.814
run_20260217_220238-0435,2026-02-17T00:52:57.244742Z,2.358
run_20260217_220238-0435,2026-02-17T00:57:57.244742Z,2.875
run_20260217_220238-0435,2026-02-17T01:02:57.244742Z,3.494
run_20260217_220238-0435,2026-02-17T01:07:57.244742Z,4.109
run_20260217_220238-0435,2026-02-17T01:12:57.244742Z,4.691
run_20260217_220238-0435,2026-02-17T01:17:57.244742Z,5.333
run_20260217_220238-0435,2026-02-17T01:22:57.244742Z,5.9
run_20260217_220238-0435,2026-02-17T01:27:57.244742Z,6.562
run_20260217_220238-0435,2026-02-17T01:32:57.244742Z,7.175
run_20260217_220238-0436,2026-02-17T09:16:59.893049Z,0.0
run_20260217_220238-0436,2026-02-17T09:21:59.893049Z,0.606
run_20260217_220238-0436,2026-02-17T09:26:59.893049Z,1.182
run_20260217_220238-0436,2026-02-17T09:31:59.893049Z,1.854
run_20260217_220238-0436,2026-02-17T09:36:59.893049Z,2.387
run_20260217_220238-0436,2026-02-17T09:41:59.893049Z,3.123
run_20260217_220238-0436,2026-02-17T09:46:59.893049Z,3.772
run_20260217_220238-0436,2026-02-17T09:51:59.893049Z,4.315
run_20260217_220238-0436,2026-02-17T09:56:59.893049Z,4.803
run_20260217_220238-0436,2026-02-17T10:01:59.893049Z,5.447
run_20260217_220238-0436,2026-02-17T10:06:59.893049Z,6.084
run_20260217_220238-0436,2026-02-17T10:11:59.893049Z,6.642
run_20260217_220238-0436,2026-02-17T10:16:59.893049Z,7.203
run_20260217_220238-0436,2026-02-17T10:21:59.893049Z,7.837
run_20260217_220238-0436,2026-02-17T10:26:59.893049Z,8.506
run_20260217_220238-0436,2026-02-17T10:31:59.893049Z,9.192
run_20260217_220238-0437,2026-02-17T15:56:42.075938Z,0.0
run_20260217_220238-0437,2026-02-17T16:01:42.075938Z,0.639
run_20260217_220238-0437,2026-02-17T16:06:42.075938Z,1.18
run_20260217_220238-0437,2026-02-17T16:11:42.075938Z,1.701
run_20260217_220238-0437,2026-02-17T16:16:42.075938Z,2.303
run_20260217_220238-0437,2026-02-17T16:21:42.075938Z,2.782
run_20260217_220238-0437,2026-02-17T16:26:42.075938Z,3.352
run_20260217_220238-0437,2026-02-17T16:31:42.075938Z,3.856
run_20260217_220238-0437,2026-02-17T16:36:42.075938Z,4.46
run_20260217_220238-0437,2026-02-17T16:41:42.075938Z,5.007
run_20260217_220238-0437,2026-02-17T16:46:42.075938Z,5.664
run_20260217_220238-0437,2026-02-17T16:51:42.075938Z,6.222
run_20260217_220238-0437,2026-02-17T16:56:42.075938Z,6.804
run_20260217_220238-0437,2026-02-17T17:01:42.075938Z,7.413
run_20260217_220238-0437,2026-02-17T17:06:42.075938Z,7.967
run_20260217_220238-0437,2026-02-17T17:11:42.075938Z,8.615
run_20260217_220238-0438,2026-02-17T21:02:17.904880Z,0.0
run_20260217_220238-0438,2026-02-17T21:07:17.904880Z,2.013
run_20260217_220238-0438,2026-02-17T21:12:17.904880Z,3.496
run_20260217_220238-0438,2026-02-17T21:17:17.904880Z,5.162
run_20260217_220238-0438,2026-02-17T21:22:17.904880Z,7.047
run_20260217_220238-0438,2026-02-17T21:27:17.904880Z,8.75
run_20260217_220238-0438,2026-02-17T21:32:17.904880Z,10.334
run_20260217_220238-0438,2026-02-17T21:37:17.904880Z,12.543
run_20260217_220238-0438,2026-02-17T21:42:17.904880Z,14.324
run_20260217_220238-0438,2026-02-17T21:47:17.904880Z,16.302
run_20260217_220238-0438,2026-02-17T21:52:17.904880Z,18.487
run_20260217_220238-0438,2026-02-17T21:57:17.904880Z,20.476
run_20260217_220238-0438,2026-02-17T22:02:17.904880Z,22.405
run_20260217_220238-0438,2026-02-17T22:07:17.904880Z,24.438
run_20260217_220238-0438,2026-02-17T22:12:17.904880Z,26.688
run_20260217_220238-0438,2026-02-17T22:17:17.904880Z,28.619
run_20260217_220238-0439,2026-02-17T12:04:17.197297Z,0.0
run_20260217_220238-0439,2026-02-17T12:09:17.197297Z,1.884
run_20260217_220238-0439,2026-02-17T12:14:17.197297Z,3.755
run_20260217_220238-0439,2026-02-17T12:19:17.197297Z,5.577
run_20260217_220238-0439,2026-02-17T12:24:17.197297Z,7.17
run_20260217_220238-0439,2026-02-17T12:29:17.197297Z,9.142
run_20260217_220238-0439,2026-02-17T12:34:17.197297Z,11.165
run_20260217_220238-0440,2026-02-17T08:30:39.264250Z,0.0
run_20260217_220238-0440,2026-02-17T08:35:39.264250Z,0.572
run_20260217_220238-0440,2026-02-17T08:40:39.264250Z,1.284
run_20260217_220238-0440,2026-02-17T08:45:39.264250Z,1.931
run_20260217_220238-0440,2026-02-17T08:50:39.264250Z,2.547
run_20260217_220238-0440,2026-02-17T08:55:39.264250Z,3.292
run_20260217_220238-0440,2026-02-17T09:00:39.264250Z,3.854
run_20260217_220238-0440,2026-02-17T09:05:39.264250Z,4.405
run_20260217_220238-0440,2026-02-17T09:10:39.264250Z,4.957
run_20260217_220238-0441,2026-02-17T08:00:10.098118Z,0.0
run_20260217_220238-0441,2026-02-17T08:05:10.098118Z,2.054
run_20260217_220238-0441,2026-02-17T08:10:10.098118Z,3.74
run_20260217_220238-0441,2026-02-17T08:15:10.098118Z,5.626
run_20260217_220238-0441,2026-02-17T08:20:10.098118Z,7.678
run_20260217_220238-0441,2026-02-17T08:25:10.098118Z,9.75
run_20260217_220238-0441,2026-02-17T08:30:10.098118Z,11.651
run_20260217_220238-0441,2026-02-17T08:35:10.098118Z,13.609
run_20260217_220238-0441,2026-02-17T08:40:10.098118Z,14.958
run_20260217_220238-0441,2026-02-17T08:45:10.098118Z,16.839
run_20260217_220238-0441,2026-02-17T08:50:10.098118Z,18.68
run_20260217_220238-0441,2026-02-17T08:55:10.098118Z,20.456
run_20260217_220238-0441,2026-02-17T09:00:10.098118Z,22.168
run_20260217_220238-0441,2026-02-17T09:05:10.098118Z,24.162
run_20260217_220238-0441,2026-02-17T09:10:10.098118Z,26.205
run_20260217_220238-0441,2026-02-17T09:15:10.098118Z,28.398
run_20260217_220238-0442,2026-02-17T19:36:30.963896Z,0.0
run_20260217_220238-0442,2026-02-17T19:41:30.963896Z,1.738
run_20260217_220238-0442,2026-02-17T19:46:30.963896Z,3.317
run_20260217_220238-0442,2026-02-17T19:51:30.963896Z,5.227
run_20260217_220238-0442,2026-02-17T19:56:30.963896Z,7.172
run_20260217_220238-0442,2026-02-17T20:01:30.963896Z,9.16
run_20260217_220238-0442,2026-02-17T20:06:30.963896Z,11.034
run_20260217_220238-0443,2026-02-17T15:06:40.326815Z,0.0
run_20260217_220238-0443,2026-02-17T15:11:40.326815Z,1.761
run_20260217_220238-0443,2026-02-17T15:16:40.326815Z,3.333
run_20260217_220238-0443,2026-02-17T15:21:40.326815Z,5.269
run_20260217_220238-0443,2026-02-17T15:26:40.326815Z,7.088
run_20260217_220238-0443,2026-02-17T15:31:40.326815Z,8.448
run_20260217_220238-0443,2026-02-17T15:36:40.326815Z,10.44
run_20260217_220238-0444,2026-02-17T01:53:34.504479Z,0.0
run_20260217_220238-0444,2026-02-17T01:58:34.504479Z,0.943
run_20260217_220238-0444,2026-02-17T02:03:34.504479Z,1.638
run_20260217_220238-0444,2026-02-17T02:08:34.504479Z,2.603
run_20260217_220238-0444,2026-02-17T02:13:34.504479Z,3.496
run_20260217_220238-0444,2026-02-17T02:18:34.504479Z,4.526
run_20260217_220238-0444,2026-02-17T02:23:34.504479Z,5.421
run_20260217_220238-0444,2026-02-17T02:28:34.504479Z,6.205
run_20260217_220238-0444,2026-02-17T02:33:34.504479Z,7.116
run_20260217_220238-0444,2026-02-17T02:38:34.504479Z,7.978
run_20260217_220238-0444,2026-02-17T02:43:34.504479Z,9.081
run_20260217_220238-0444,2026-02-17T02:48:34.504479Z,10.149
run_20260217_220238-0444,2026-02-17T02:53:34.504479Z,11.036
run_20260217_220238-0445,2026-02-17T04:47:36.618484Z,0.0
run_20260217_220238-0445,2026-02-17T04:52:36.618484Z,0.861
run_20260217_220238-0445,2026-02-17T04:57:36.618484Z,1.64
run_20260217_220238-0445,2026-02-17T05:02:36.618484Z,2.597
run_20260217_220238-0445,2026-02-17T05:07:36.618484Z,3.484
run_20260217_220238-0445,2026-02-17T05:12:36.618484Z,4.326
run_20260217_220238-0445,2026-02-17T05:17:36.618484Z,5.218
run_20260217_220238-0445,2026-02-17T05:22:36.618484Z,5.992
run_20260217_220238-0445,2026-02-17T05:27:36.618484Z,7.01
run_20260217_220238-0445,2026-02-17T05:32:36.618484Z,7.889
run_20260217_220238-0445,2026-02-17T05:37:36.618484Z,8.819
run_20260217_220238-0445,2026-02-17T05:42:36.618484Z,9.859
run_20260217_220238-0445,2026-02-17T05:47:36.618484Z,10.82
run_20260217_220238-0446,2026-02-17T05:13:57.118061Z,0.0
run_20260217_220238-0446,2026-02-17T05:18:57.118061Z,0.674
run_20260217_220238-0446,2026-02-17T05:23:57.118061Z,1.284
run_20260217_220238-0446,2026-02-17T05:28:57.118061Z,1.8
run_20260217_220238-0446,2026-02-17T05:33:57.118061Z,2.43
run_20260217_220238-0446,2026-02-17T05:38:57.118061Z,3.091
run_20260217_220238-0446,2026-02-17T05:43:57.118061Z,3.729
run_20260217_220238-0446,2026-02-17T05:48:57.118061Z,4.347
run_20260217_220238-0446,2026-02-17T05:53:57.118061Z,4.996
run_20260217_220238-0447,2026-02-17T22:38:17.485830Z,0.0
run_20260217_220238-0447,2026-02-17T22:43:17.485830Z,1.024
run_20260217_220238-0447,2026-02-17T22:48:17.485830Z,2.085
run_20260217_220238-0447,2026-02-17T22:53:17.485830Z,2.941
run_20260217_220238-0447,2026-02-17T22:58:17.485830Z,3.922
run_20260217_220238-0447,2026-02-17T23:03:17.485830Z,4.821
run_20260217_220238-0447,2026-02-17T23:08:17.485830Z,5.821
run_20260217_220238-0447,2026-02-17T23:13:17.485830Z,6.922
run_20260217_220238-0447,2026-02-17T23:18:17.485830Z,7.813
run_20260217_220238-0448,2026-02-17T02:40:33.658662Z,0.0
run_20260217_220238-0448,2026-02-17T02:45:33.658662Z,0.877
run_20260217_220238-0448,2026-02-17T02:50:33.658662Z,1.955
run_20260217_220238-0448,2026-02-17T02:55:33.658662Z,2.966
run_20260217_220238-0448,2026-02-17T03:00:33.658662Z,3.865
run_20260217_220238-0448,2026-02-17T03:05:33.658662Z,4.821
run_20260217_220238-0448,2026-02-17T03:10:33.658662Z,5.707
run_20260217_220238-0448,2026-02-17T03:15:33.658662Z,6.591
run_20260217_220238-0448,2026-02-17T03:20:33.658662Z,7.487
run_20260217_220238-0448,2026-02-17T03:25:33.658662Z,8.431
run_20260217_220238-0448,2026-02-17T03:30:33.658662Z,9.448
run_20260217_220238-0448,2026-02-17T03:35:33.658662Z,10.546
run_20260217_220238-0448,2026-02-17T03:40:33.658662Z,11.264
run_20260217_220238-0449,2026-02-17T09:48:25.343799Z,0.0
run_20260217_220238-0449,2026-02-17T09:53:25.343799Z,0.686
run_20260217_220238-0449,2026-02-17T09:58:25.343799Z,1.289
run_20260217_220238-0449,2026-02-17T10:03:25.343799Z,1.884
run_20260217_220238-0449,2026-02-17T10:08:25.343799Z,2.52
run_20260217_220238-0449,2026-02-17T10:13:25.343799Z,3.045
run_20260217_220238-0449,2026-02-17T10:18:25.343799Z,3.663
run_20260217_220238-0449,2026-02-17T10:23:25.343799Z,4.298
run_20260217_220238-0449,2026-02-17T10:28:25.343799Z,4.877
run_20260217_220238-0449,2026-02-17T10:33:25.343799Z,5.502
run_20260217_220238-0449,2026-02-17T10:38:25.343799Z,6.059
run_20260217_220238-0449,2026-02-17T10:43:25.343799Z,6.547
run_20260217_220238-0449,2026-02-17T10:48:25.343799Z,7.154
run_20260217_220238-0450,2026-02-17T16:41:21.797630Z,0.0
run_20260217_220238-0450,2026-02-17T16:46:21.797630Z,1.792
run_20260217_220238-0450,2026-02-17T16:51:21.797630Z,3.635
run_20260217_220238-0450,2026-02-17T16:56:21.797630Z,5.611
run_20260217_220238-0450,2026-02-17T17:01:21.797630Z,7.447
run_20260217_220238-0450,2026-02-17T17:06:21.797630Z,9.614
run_20260217_220238-0450,2026-02-17T17:11:21.797630Z,11.353
run_20260217_220238-0450,2026-02-17T17:16:21.797630Z,12.923
run_20260217_220238-0450,2026-02-17T17:21:21.797630Z,14.802
run_20260217_220238-0450,2026-02-17T17:26:21.797630Z,16.785
run_20260217_220238-0450,2026-02-17T17:31:21.797630Z,18.499
run_20260217_220238-0450,2026-02-17T17:36:21.797630Z,20.053
run_20260217_220238-0450,2026-02-17T17:41:21.797630Z,21.9
run_20260217_220238-0450,2026-02-17T17:46:21.797630Z,23.737
run_20260217_220238-0450,2026-02-17T17:51:21.797630Z,25.663
run_20260217_220238-0450,2026-02-17T17:56:21.797630Z,27.396
run_20260217_220238-0451,2026-02-17T15:18:03.978293Z,0.0
run_20260217_220238-0451,2026-02-17T15:23:03.978293Z,2.414
run_20260217_220238-0451,2026-02-17T15:28:03.978293Z,4.117
run_20260217_220238-0451,2026-02-17T15:33:03.978293Z,6.006
run_20260217_220238-0451,2026-02-17T15:38:03.978293Z,7.645
run_20260217_220238-0451,2026-02-17T15:43:03.978293Z,9.022
run_20260217_220238-0451,2026-02-17T15:48:03.978293Z,10.929
run_20260217_220238-0451,2026-02-17T15:53:03.978293Z,12.601
run_20260217_220238-0451,2026-02-17T15:58:03.978293Z,14.431
run_20260217_220238-0451,2026-02-17T16:03:03.978293Z,16.23
run_20260217_220238-0451,2026-02-17T16:08:03.978293Z,18.049
run_20260217_220238-0451,2026-02-17T16:13:03.978293Z,20.124
run_20260217_220238-0451,2026-02-17T16:18:03.978293Z,22.081
run_20260217_220238-0452,2026-02-17T20:03:50.115203Z,0.0
run_20260217_220238-0452,2026-02-17T20:08:50.115203Z,0.998
run_20260217_220238-0452,2026-02-17T20:13:50.115203Z,1.737
run_20260217_220238-0452,2026-02-17T20:18:50.115203Z,2.752
run_20260217_220238-0452,2026-02-17T20:23:50.115203Z,3.622
run_20260217_220238-0452,2026-02-17T20:28:50.115203Z,4.598
run_20260217_220238-0452,2026-02-17T20:33:50.115203Z,5.303
run_20260217_220238-0452,2026-02-17T20:38:50.115203Z,6.18
run_20260217_220238-0452,2026-02-17T20:43:50.115203Z,6.941
run_20260217_220238-0453,2026-02-17T09:36:46.921036Z,0.0
run_20260217_220238-0453,2026-02-17T09:41:46.921036Z,1.806
run_20260217_220238-0453,2026-02-17T09:46:46.921036Z,3.569
run_20260217_220238-0453,2026-02-17T09:51:46.921036Z,5.546
run_20260217_220238-0453,2026-02-17T09:56:46.921036Z,7.564
run_20260217_220238-0453,2026-02-17T10:01:46.921036Z,9.125
run_20260217_220238-0453,2026-02-17T10:06:46.921036Z,10.921
run_20260217_220238-0454,2026-02-17T10:03:43.970177Z,0.0
run_20260217_220238-0454,2026-02-17T10:08:43.970177Z,0.692
run_20260217_220238-0454,2026-02-17T10:13:43.970177Z,1.324
run_20260217_220238-0454,2026-02-17T10:18:43.970177Z,1.961
run_20260217_220238-0454,2026-02-17T10:23:43.970177Z,2.572
run_20260217_220238-0454,2026-02-17T10:28:43.970177Z,3.111
run_20260217_220238-0454,2026-02-17T10:33:43.970177Z,3.743
run_20260217_220238-0455,2026-02-17T18:40:35.793451Z,0.0
run_20260217_220238-0455,2026-02-17T18:45:35.793451Z,1.781
run_20260217_220238-0455,2026-02-17T18:50:35.793451Z,3.353
run_20260217_220238-0455,2026-02-17T18:55:35.793451Z,4.96
run_20260217_220238-0455,2026-02-17T19:00:35.793451Z,6.57
run_20260217_220238-0455,2026-02-17T19:05:35.793451Z,8.367
run_20260217_220238-0455,2026-02-17T19:10:35.793451Z,9.908
run_20260217_220238-0456,2026-02-17T01:59:54.907773Z,0.0
run_20260217_220238-0456,2026-02-17T02:04:54.907773Z,0.568
run_20260217_220238-0456,2026-02-17T02:09:54.907773Z,1.229
run_20260217_220238-0456,2026-02-17T02:14:54.907773Z,1.797
run_20260217_220238-0456,2026-02-17T02:19:54.907773Z,2.376
run_20260217_220238-0457,2026-02-17T09:38:23.157555Z,0.0
run_20260217_220238-0457,2026-02-17T09:43:23.157555Z,0.653
run_20260217_220238-0457,2026-02-17T09:48:23.157555Z,1.249
run_20260217_220238-0457,2026-02-17T09:53:23.157555Z,1.835
run_20260217_220238-0457,2026-02-17T09:58:23.157555Z,2.452
run_20260217_220238-0457,2026-02-17T10:03:23.157555Z,3.013
run_20260217_220238-0457,2026-02-17T10:08:23.157555Z,3.633
run_20260217_220238-0457,2026-02-17T10:13:23.157555Z,4.207
run_20260217_220238-0457,2026-02-17T10:18:23.157555Z,4.812
run_20260217_220238-0458,2026-02-17T13:47:16.841725Z,0.0
run_20260217_220238-0458,2026-02-17T13:52:16.841725Z,0.631
run_20260217_220238-0458,2026-02-17T13:57:16.841725Z,1.299
run_20260217_220238-0458,2026-02-17T14:02:16.841725Z,1.907
run_20260217_220238-0458,2026-02-17T14:07:16.841725Z,2.471
run_20260217_220238-0459,2026-02-17T11:39:35.397768Z,0.0
run_20260217_220238-0459,2026-02-17T11:44:35.397768Z,0.942
run_20260217_220238-0459,2026-02-17T11:49:35.397768Z,1.91
run_20260217_220238-0459,2026-02-17T11:54:35.397768Z,2.874
run_20260217_220238-0459,2026-02-17T11:59:35.397768Z,3.915
run_20260217_220238-0460,2026-02-17T21:00:44.236702Z,0.0
run_20260217_220238-0460,2026-02-17T21:05:44.236702Z,0.636
run_20260217_220238-0460,2026-02-17T21:10:44.236702Z,1.202
run_20260217_220238-0460,2026-02-17T21:15:44.236702Z,1.781
run_20260217_220238-0460,2026-02-17T21:20:44.236702Z,2.374
run_20260217_220238-0460,2026-02-17T21:25:44.236702Z,2.961
run_20260217_220238-0460,2026-02-17T21:30:44.236702Z,3.622
run_20260217_220238-0460,2026-02-17T21:35:44.236702Z,4.3
run_20260217_220238-0460,2026-02-17T21:40:44.236702Z,4.887
run_20260217_220238-0460,2026-02-17T21:45:44.236702Z,5.565
run_20260217_220238-0460,2026-02-17T21:50:44.236702Z,6.094
run_20260217_220238-0460,2026-02-17T21:55:44.236702Z,6.789
run_20260217_220238-0460,2026-02-17T22:00:44.236702Z,7.404
run_20260217_220238-0460,2026-02-17T22:05:44.236702Z,7.923
run_20260217_220238-0460,2026-02-17T22:10:44.236702Z,8.501
run_20260217_220238-0460,2026-02-17T22:15:44.236702Z,9.1
run_20260217_220238-0461,2026-02-17T11:17:28.332828Z,0.0
run_20260217_220238-0461,2026-02-17T11:22:28.332828Z,0.989
run_20260217_220238-0461,2026-02-17T11:27:28.332828Z,2.041
run_20260217_220238-0461,2026-02-17T11:32:28.332828Z,3.105
run_20260217_220238-0461,2026-02-17T11:37:28.332828Z,4.026
run_20260217_220238-0461,2026-02-17T11:42:28.332828Z,5.126
run_20260217_220238-0461,2026-02-17T11:47:28.332828Z,5.948
run_20260217_220238-0462,2026-02-17T07:13:41.316855Z,0.0
run_20260217_220238-0462,2026-02-17T07:18:41.316855Z,0.896
run_20260217_220238-0462,2026-02-17T07:23:41.316855Z,1.774
run_20260217_220238-0462,2026-02-17T07:28:41.316855Z,2.822
run_20260217_220238-0462,2026-02-17T07:33:41.316855Z,3.516
run_20260217_220238-0462,2026-02-17T07:38:41.316855Z,4.335
run_20260217_220238-0462,2026-02-17T07:43:41.316855Z,5.302
run_20260217_220238-0463,2026-02-17T00:21:09.458368Z,0.0
run_20260217_220238-0463,2026-02-17T00:26:09.458368Z,0.955
run_20260217_220238-0463,2026-02-17T00:31:09.458368Z,1.903
run_20260217_220238-0463,2026-02-17T00:36:09.458368Z,2.831
run_20260217_220238-0463,2026-02-17T00:41:09.458368Z,3.605
run_20260217_220238-0464,2026-02-17T22:00:33.777541Z,0.0
run_20260217_220238-0464,2026-02-17T22:05:33.777541Z,0.55
run_20260217_220238-0464,2026-02-17T22:10:33.777541Z,1.194
run_20260217_220238-0464,2026-02-17T22:15:33.777541Z,1.786
run_20260217_220238-0464,2026-02-17T22:20:33.777541Z,2.295
run_20260217_220238-0464,2026-02-17T22:25:33.777541Z,2.918
run_20260217_220238-0464,2026-02-17T22:30:33.777541Z,3.482
run_20260217_220238-0464,2026-02-17T22:35:33.777541Z,3.937
run_20260217_220238-0464,2026-02-17T22:40:33.777541Z,4.633
run_20260217_220238-0464,2026-02-17T22:45:33.777541Z,5.126
run_20260217_220238-0464,2026-02-17T22:50:33.777541Z,5.778
run_20260217_220238-0464,2026-02-17T22:55:33.777541Z,6.463
run_20260217_220238-0464,2026-02-17T23:00:33.777541Z,6.997
run_20260217_220238-0465,2026-02-17T23:40:35.303036Z,0.0
run_20260217_220238-0465,2026-02-17T23:45:35.303036Z,1.989
run_20260217_220238-0465,2026-02-17T23:50:35.303036Z,3.943
run_20260217_220238-0465,2026-02-17T23:55:35.303036Z,5.734
run_20260217_220238-0465,2026-02-18T00:00:35.303036Z,7.503
run_20260217_220238-0465,2026-02-18T00:05:35.303036Z,9.451
run_20260217_220238-0465,2026-02-18T00:10:35.303036Z,11.43
run_20260217_220238-0465,2026-02-18T00:15:35.303036Z,13.192
run_20260217_220238-0465,2026-02-18T00:20:35.303036Z,14.979
run_20260217_220238-0465,2026-02-18T00:25:35.303036Z,17.264
run_20260217_220238-0465,2026-02-18T00:30:35.303036Z,18.868
run_20260217_220238-0465,2026-02-18T00:35:35.303036Z,21.16
run_20260217_220238-0465,2026-02-18T00:40:35.303036Z,23.19
run_20260217_220238-0466,2026-02-17T03:43:35.851113Z,0.0
run_20260217_220238-0466,2026-02-17T03:48:35.851113Z,0.607
run_20260217_220238-0466,2026-02-17T03:53:35.851113Z,1.27
run_20260217_220238-0466,2026-02-17T03:58:35.851113Z,1.767
run_20260217_220238-0466,2026-02-17T04:03:35.851113Z,2.368
run_20260217_220238-0466,2026-02-17T04:08:35.851113Z,2.976
run_20260217_220238-0466,2026-02-17T04:13:35.851113Z,3.496
run_20260217_220238-0466,2026-02-17T04:18:35.851113Z,4.1
run_20260217_220238-0466,2026-02-17T04:23:35.851113Z,4.592
run_20260217_220238-0466,2026-02-17T04:28:35.851113Z,5.245
run_20260217_220238-0466,2026-02-17T04:33:35.851113Z,5.826
run_20260217_220238-0466,2026-02-17T04:38:35.851113Z,6.352
run_20260217_220238-0466,2026-02-17T04:43:35.851113Z,6.825
run_20260217_220238-0467,2026-02-17T20:26:46.877824Z,0.0
run_20260217_220238-0467,2026-02-17T20:31:46.877824Z,0.65
run_20260217_220238-0467,2026-02-17T20:36:46.877824Z,1.298
run_20260217_220238-0467,2026-02-17T20:41:46.877824Z,1.916
run_20260217_220238-0467,2026-02-17T20:46:46.877824Z,2.658
run_20260217_220238-0467,2026-02-17T20:51:46.877824Z,3.354
run_20260217_220238-0467,2026-02-17T20:56:46.877824Z,3.973
run_20260217_220238-0467,2026-02-17T21:01:46.877824Z,4.607
run_20260217_220238-0467,2026-02-17T21:06:46.877824Z,5.145
run_20260217_220238-0467,2026-02-17T21:11:46.877824Z,5.782
run_20260217_220238-0467,2026-02-17T21:16:46.877824Z,6.388
run_20260217_220238-0467,2026-02-17T21:21:46.877824Z,6.946
run_20260217_220238-0467,2026-02-17T21:26:46.877824Z,7.514
run_20260217_220238-0468,2026-02-17T21:40:16.774489Z,0.0
run_20260217_220238-0468,2026-02-17T21:45:16.774489Z,1.837
run_20260217_220238-0468,2026-02-17T21:50:16.774489Z,3.357
run_20260217_220238-0468,2026-02-17T21:55:16.774489Z,5.223
run_20260217_220238-0468,2026-02-17T22:00:16.774489Z,6.937
run_20260217_220238-0469,2026-02-17T11:52:05.733078Z,0.0
run_20260217_220238-0469,2026-02-17T11:57:05.733078Z,0.958
run_20260217_220238-0469,2026-02-17T12:02:05.733078Z,1.769
run_20260217_220238-0469,2026-02-17T12:07:05.733078Z,2.84
run_20260217_220238-0469,2026-02-17T12:12:05.733078Z,3.774
run_20260217_220238-0469,2026-02-17T12:17:05.733078Z,4.879
run_20260217_220238-0469,2026-02-17T12:22:05.733078Z,5.785
run_20260217_220238-0469,2026-02-17T12:27:05.733078Z,6.775
run_20260217_220238-0469,2026-02-17T12:32:05.733078Z,7.76
run_20260217_220238-0469,2026-02-17T12:37:05.733078Z,8.736
run_20260217_220238-0469,2026-02-17T12:42:05.733078Z,9.574
run_20260217_220238-0469,2026-02-17T12:47:05.733078Z,10.546
run_20260217_220238-0469,2026-02-17T12:52:05.733078Z,11.476
run_20260217_220238-0469,2026-02-17T12:57:05.733078Z,12.306
run_20260217_220238-0469,2026-02-17T13:02:05.733078Z,13.089
run_20260217_220238-0469,2026-02-17T13:07:05.733078Z,14.047
run_20260217_220238-0470,2026-02-17T06:48:21.516416Z,0.0
run_20260217_220238-0470,2026-02-17T06:53:21.516416Z,0.576
run_20260217_220238-0470,2026-02-17T06:58:21.516416Z,1.113
run_20260217_220238-0470,2026-02-17T07:03:21.516416Z,1.684
run_20260217_220238-0470,2026-02-17T07:08:21.516416Z,2.213
run_20260217_220238-0470,2026-02-17T07:13:21.516416Z,2.788
run_20260217_220238-0470,2026-02-17T07:18:21.516416Z,3.313
run_20260217_220238-0470,2026-02-17T07:23:21.516416Z,3.927
run_20260217_220238-0470,2026-02-17T07:28:21.516416Z,4.539
run_20260217_220238-0470,2026-02-17T07:33:21.516416Z,5.155
run_20260217_220238-0470,2026-02-17T07:38:21.516416Z,5.749
run_20260217_220238-0470,2026-02-17T07:43:21.516416Z,6.429
run_20260217_220238-0470,2026-02-17T07:48:21.516416Z,6.964
run_20260217_220238-0471,2026-02-17T16:17:30.287508Z,0.0
run_20260217_220238-0471,2026-02-17T16:22:30.287508Z,2.025
run_20260217_220238-0471,2026-02-17T16:27:30.287508Z,4.193
run_20260217_220238-0471,2026-02-17T16:32:30.287508Z,6.124
run_20260217_220238-0471,2026-02-17T16:37:30.287508Z,7.782
run_20260217_220238-0472,2026-02-17T08:58:46.780781Z,0.0
run_20260217_220238-0472,2026-02-17T09:03:46.780781Z,0.68
run_20260217_220238-0472,2026-02-17T09:08:46.780781Z,1.113
run_20260217_220238-0472,2026-02-17T09:13:46.780781Z,1.794
run_20260217_220238-0472,2026-02-17T09:18:46.780781Z,2.377
run_20260217_220238-0472,2026-02-17T09:23:46.780781Z,2.987
run_20260217_220238-0472,2026-02-17T09:28:46.780781Z,3.589
run_20260217_220238-0472,2026-02-17T09:33:46.780781Z,4.233
run_20260217_220238-0472,2026-02-17T09:38:46.780781Z,4.823
run_20260217_220238-0472,2026-02-17T09:43:46.780781Z,5.447
run_20260217_220238-0472,2026-02-17T09:48:46.780781Z,6.001
run_20260217_220238-0472,2026-02-17T09:53:46.780781Z,6.489
run_20260217_220238-0472,2026-02-17T09:58:46.780781Z,7.116
run_20260217_220238-0473,2026-02-17T12:55:17.429014Z,0.0
run_20260217_220238-0473,2026-02-17T13:00:17.429014Z,1.907
run_20260217_220238-0473,2026-02-17T13:05:17.429014Z,3.549
run_20260217_220238-0473,2026-02-17T13:10:17.429014Z,5.365
run_20260217_220238-0473,2026-02-17T13:15:17.429014Z,7.403
run_20260217_220238-0473,2026-02-17T13:20:17.429014Z,9.263
run_20260217_220238-0473,2026-02-17T13:25:17.429014Z,11.255
run_20260217_220238-0473,2026-02-17T13:30:17.429014Z,13.11
run_20260217_220238-0473,2026-02-17T13:35:17.429014Z,14.797
run_20260217_220238-0473,2026-02-17T13:40:17.429014Z,16.561
run_20260217_220238-0473,2026-02-17T13:45:17.429014Z,18.568
run_20260217_220238-0473,2026-02-17T13:50:17.429014Z,20.524
run_20260217_220238-0473,2026-02-17T13:55:17.429014Z,22.312
run_20260217_220238-0474,2026-02-17T05:37:32.302994Z,0.0
run_20260217_220238-0474,2026-02-17T05:42:32.302994Z,0.562
run_20260217_220238-0474,2026-02-17T05:47:32.302994Z,1.119
run_20260217_220238-0474,2026-02-17T05:52:32.302994Z,1.682
run_20260217_220238-0474,2026-02-17T05:57:32.302994Z,2.217
run_20260217_220238-0474,2026-02-17T06:02:32.302994Z,2.844
run_20260217_220238-0474,2026-02-17T06:07:32.302994Z,3.505
run_20260217_220238-0474,2026-02-17T06:12:32.302994Z,4.019
run_20260217_220238-0474,2026-02-17T06:17:32.302994Z,4.659
run_20260217_220238-0475,2026-02-17T16:50:51.528757Z,0.0
run_20260217_220238-0475,2026-02-17T16:55:51.528757Z,0.821
run_20260217_220238-0475,2026-02-17T17:00:51.528757Z,1.781
run_20260217_220238-0475,2026-02-17T17:05:51.528757Z,2.577
run_20260217_220238-0475,2026-02-17T17:10:51.528757Z,3.634
run_20260217_220238-0475,2026-02-17T17:15:51.528757Z,4.513
run_20260217_220238-0475,2026-02-17T17:20:51.528757Z,5.321
run_20260217_220238-0475,2026-02-17T17:25:51.528757Z,6.18
run_20260217_220238-0475,2026-02-17T17:30:51.528757Z,7.079
run_20260217_220238-0475,2026-02-17T17:35:51.528757Z,8.113
run_20260217_220238-0475,2026-02-17T17:40:51.528757Z,8.935
run_20260217_220238-0475,2026-02-17T17:45:51.528757Z,9.833
run_20260217_220238-0475,2026-02-17T17:50:51.528757Z,10.728
run_20260217_220238-0475,2026-02-17T17:55:51.528757Z,11.675
run_20260217_220238-0475,2026-02-17T18:00:51.528757Z,12.64
run_20260217_220238-0475,2026-02-17T18:05:51.528757Z,13.46
run_20260217_220238-0476,2026-02-17T11:01:28.529161Z,0.0
run_20260217_220238-0476,2026-02-17T11:06:28.529161Z,0.812
run_20260217_220238-0476,2026-02-17T11:11:28.529161Z,1.802
run_20260217_220238-0476,2026-02-17T11:16:28.529161Z,2.57
run_20260217_220238-0476,2026-02-17T11:21:28.529161Z,3.532
run_20260217_220238-0476,2026-02-17T11:26:28.529161Z,4.456
run_20260217_220238-0476,2026-02-17T11:31:28.529161Z,5.389
run_20260217_220238-0477,2026-02-17T19:30:23.035670Z,0.0
run_20260217_220238-0477,2026-02-17T19:35:23.035670Z,0.541
run_20260217_220238-0477,2026-02-17T19:40:23.035670Z,1.046
run_20260217_220238-0477,2026-02-17T19:45:23.035670Z,1.69
run_20260217_220238-0477,2026-02-17T19:50:23.035670Z,2.272
run_20260217_220238-0477,2026-02-17T19:55:23.035670Z,2.801
run_20260217_220238-0477,2026-02-17T20:00:23.035670Z,3.318
run_20260217_220238-0477,2026-02-17T20:05:23.035670Z,3.997
run_20260217_220238-0477,2026-02-17T20:10:23.035670Z,4.492
run_20260217_220238-0477,2026-02-17T20:15:23.035670Z,5.181
run_20260217_220238-0477,2026-02-17T20:20:23.035670Z,5.742
run_20260217_220238-0477,2026-02-17T20:25:23.035670Z,6.379
run_20260217_220238-0477,2026-02-17T20:30:23.035670Z,6.994
run_20260217_220238-0478,2026-02-17T20:22:19.162694Z,0.0
run_20260217_220238-0478,2026-02-17T20:27:19.162694Z,0.763
run_20260217_220238-0478,2026-02-17T20:32:19.162694Z,1.777
run_20260217_220238-0478,2026-02-17T20:37:19.162694Z,2.804
run_20260217_220238-0478,2026-02-17T20:42:19.162694Z,3.652
run_20260217_220238-0478,2026-02-17T20:47:19.162694Z,4.609
run_20260217_220238-0478,2026-02-17T20:52:19.162694Z,5.466
run_20260217_220238-0478,2026-02-17T20:57:19.162694Z,6.37
run_20260217_220238-0478,2026-02-17T21:02:19.162694Z,7.34
run_20260217_220238-0479,2026-02-17T14:14:33.182849Z,0.0
run_20260217_220238-0479,2026-02-17T14:19:33.182849Z,0.616
run_20260217_220238-0479,2026-02-17T14:24:33.182849Z,1.258
run_20260217_220238-0479,2026-02-17T14:29:33.182849Z,1.889
run_20260217_220238-0479,2026-02-17T14:34:33.182849Z,2.43
run_20260217_220238-0480,2026-02-17T13:51:17.547267Z,0.0
run_20260217_220238-0480,2026-02-17T13:56:17.547267Z,0.618
run_20260217_220238-0480,2026-02-17T14:01:17.547267Z,1.245
run_20260217_220238-0480,2026-02-17T14:06:17.547267Z,1.839
run_20260217_220238-0480,2026-02-17T14:11:17.547267Z,2.547
run_20260217_220238-0481,2026-02-17T08:31:13.013844Z,0.0
run_20260217_220238-0481,2026-02-17T08:36:13.013844Z,1.797
run_20260217_220238-0481,2026-02-17T08:41:13.013844Z,3.633
run_20260217_220238-0481,2026-02-17T08:46:13.013844Z,5.515
run_20260217_220238-0481,2026-02-17T08:51:13.013844Z,7.289
run_20260217_220238-0482,2026-02-17T22:27:26.541388Z,0.0
run_20260217_220238-0482,2026-02-17T22:32:26.541388Z,0.826
run_20260217_220238-0482,2026-02-17T22:37:26.541388Z,1.575
run_20260217_220238-0482,2026-02-17T22:42:26.541388Z,2.352
run_20260217_220238-0482,2026-02-17T22:47:26.541388Z,3.374
run_20260217_220238-0482,2026-02-17T22:52:26.541388Z,4.328
run_20260217_220238-0482,2026-02-17T22:57:26.541388Z,5.188
run_20260217_220238-0482,2026-02-17T23:02:26.541388Z,6.008
run_20260217_220238-0482,2026-02-17T23:07:26.541388Z,6.878
run_20260217_220238-0482,2026-02-17T23:12:26.541388Z,7.893
run_20260217_220238-0482,2026-02-17T23:17:26.541388Z,8.902
run_20260217_220238-0482,2026-02-17T23:22:26.541388Z,9.681
run_20260217_220238-0482,2026-02-17T23:27:26.541388Z,10.521
run_20260217_220238-0483,2026-02-17T02:45:13.595895Z,0.0
run_20260217_220238-0483,2026-02-17T02:50:13.595895Z,2.072
run_20260217_220238-0483,2026-02-17T02:55:13.595895Z,4.137
run_20260217_220238-0483,2026-02-17T03:00:13.595895Z,5.854
run_20260217_220238-0483,2026-02-17T03:05:13.595895Z,7.901
run_20260217_220238-0483,2026-02-17T03:10:13.595895Z,9.499
run_20260217_220238-0483,2026-02-17T03:15:13.595895Z,11.527
run_20260217_220238-0484,2026-02-17T18:45:04.075520Z,0.0
run_20260217_220238-0484,2026-02-17T18:50:04.075520Z,0.611
run_20260217_220238-0484,2026-02-17T18:55:04.075520Z,1.258
run_20260217_220238-0484,2026-02-17T19:00:04.075520Z,1.757
run_20260217_220238-0484,2026-02-17T19:05:04.075520Z,2.422
run_20260217_220238-0485,2026-02-17T14:59:25.489333Z,0.0
run_20260217_220238-0485,2026-02-17T15:04:25.489333Z,0.817
run_20260217_220238-0485,2026-02-17T15:09:25.489333Z,1.704
run_20260217_220238-0485,2026-02-17T15:14:25.489333Z,2.622
run_20260217_220238-0485,2026-02-17T15:19:25.489333Z,3.613
run_20260217_220238-0486,2026-02-17T06:48:26.005804Z,0.0
run_20260217_220238-0486,2026-02-17T06:53:26.005804Z,0.52
run_20260217_220238-0486,2026-02-17T06:58:26.005804Z,1.017
run_20260217_220238-0486,2026-02-17T07:03:26.005804Z,1.713
run_20260217_220238-0486,2026-02-17T07:08:26.005804Z,2.335
run_20260217_220238-0486,2026-02-17T07:13:26.005804Z,2.941
run_20260217_220238-0486,2026-02-17T07:18:26.005804Z,3.522
run_20260217_220238-0486,2026-02-17T07:23:26.005804Z,4.199
run_20260217_220238-0486,2026-02-17T07:28:26.005804Z,4.755
run_20260217_220238-0487,2026-02-17T16:33:39.201454Z,0.0
run_20260217_220238-0487,2026-02-17T16:38:39.201454Z,2.098
run_20260217_220238-0487,2026-02-17T16:43:39.201454Z,4.187
run_20260217_220238-0487,2026-02-17T16:48:39.201454Z,6.134
run_20260217_220238-0487,2026-02-17T16:53:39.201454Z,7.826
run_20260217_220238-0487,2026-02-17T16:58:39.201454Z,9.814
run_20260217_220238-0487,2026-02-17T17:03:39.201454Z,11.549
run_20260217_220238-0487,2026-02-17T17:08:39.201454Z,13.522
run_20260217_220238-0487,2026-02-17T17:13:39.201454Z,15.336
run_20260217_220238-0488,2026-02-17T05:49:23.890964Z,0.0
run_20260217_220238-0488,2026-02-17T05:54:23.890964Z,0.623
run_20260217_220238-0488,2026-02-17T05:59:23.890964Z,1.195
run_20260217_220238-0488,2026-02-17T06:04:23.890964Z,1.747
run_20260217_220238-0488,2026-02-17T06:09:23.890964Z,2.366
run_20260217_220238-0488,2026-02-17T06:14:23.890964Z,2.999
run_20260217_220238-0488,2026-02-17T06:19:23.890964Z,3.519
run_20260217_220238-0488,2026-02-17T06:24:23.890964Z,4.131
run_20260217_220238-0488,2026-02-17T06:29:23.890964Z,4.684
run_20260217_220238-0489,2026-02-17T01:24:41.195696Z,0.0
run_20260217_220238-0489,2026-02-17T01:29:41.195696Z,1.533
run_20260217_220238-0489,2026-02-17T01:34:41.195696Z,3.549
run_20260217_220238-0489,2026-02-17T01:39:41.195696Z,5.306
run_20260217_220238-0489,2026-02-17T01:44:41.195696Z,6.772
run_20260217_220238-0489,2026-02-17T01:49:41.195696Z,8.752
run_20260217_220238-0489,2026-02-17T01:54:41.195696Z,10.276
run_20260217_220238-0489,2026-02-17T01:59:41.195696Z,12.04
run_20260217_220238-0489,2026-02-17T02:04:41.195696Z,13.667
run_20260217_220238-0489,2026-02-17T02:09:41.195696Z,15.351
run_20260217_220238-0489,2026-02-17T02:14:41.195696Z,17.384
run_20260217_220238-0489,2026-02-17T02:19:41.195696Z,19.334
run_20260217_220238-0489,2026-02-17T02:24:41.195696Z,20.891
run_20260217_220238-0490,2026-02-17T05:41:45.321531Z,0.0
run_20260217_220238-0490,2026-02-17T05:46:45.321531Z,1.587
run_20260217_220238-0490,2026-02-17T05:51:45.321531Z,3.512
run_20260217_220238-0490,2026-02-17T05:56:45.321531Z,5.468
run_20260217_220238-0490,2026-02-17T06:01:45.321531Z,7.304
run_20260217_220238-0490,2026-02-17T06:06:45.321531Z,9.055
run_20260217_220238-0490,2026-02-17T06:11:45.321531Z,11.114
run_20260217_220238-0491,2026-02-17T11:35:25.987013Z,0.0
run_20260217_220238-0491,2026-02-17T11:40:25.987013Z,1.706
run_20260217_220238-0491,2026-02-17T11:45:25.987013Z,3.24
run_20260217_220238-0491,2026-02-17T11:50:25.987013Z,4.985
run_20260217_220238-0491,2026-02-17T11:55:25.987013Z,7.008
run_20260217_220238-0491,2026-02-17T12:00:25.987013Z,8.828
run_20260217_220238-0491,2026-02-17T12:05:25.987013Z,10.519
run_20260217_220238-0492,2026-02-17T16:07:17.050367Z,0.0
run_20260217_220238-0492,2026-02-17T16:12:17.050367Z,0.65
run_20260217_220238-0492,2026-02-17T16:17:17.050367Z,1.279
run_20260217_220238-0492,2026-02-17T16:22:17.050367Z,1.833
run_20260217_220238-0492,2026-02-17T16:27:17.050367Z,2.469
run_20260217_220238-0492,2026-02-17T16:32:17.050367Z,3.109
run_20260217_220238-0492,2026-02-17T16:37:17.050367Z,3.641
run_20260217_220238-0492,2026-02-17T16:42:17.050367Z,4.254
run_20260217_220238-0492,2026-02-17T16:47:17.050367Z,4.856
run_20260217_220238-0493,2026-02-17T08:56:39.396310Z,0.0
run_20260217_220238-0493,2026-02-17T09:01:39.396310Z,0.962
run_20260217_220238-0493,2026-02-17T09:06:39.396310Z,2.014
run_20260217_220238-0493,2026-02-17T09:11:39.396310Z,2.976
run_20260217_220238-0493,2026-02-17T09:16:39.396310Z,3.974
run_20260217_220238-0494,2026-02-17T20:24:04.696240Z,0.0
run_20260217_220238-0494,2026-02-17T20:29:04.696240Z,0.628
run_20260217_220238-0494,2026-02-17T20:34:04.696240Z,1.219
run_20260217_220238-0494,2026-02-17T20:39:04.696240Z,1.806
run_20260217_220238-0494,2026-02-17T20:44:04.696240Z,2.343
run_20260217_220238-0494,2026-02-17T20:49:04.696240Z,3.001
run_20260217_220238-0494,2026-02-17T20:54:04.696240Z,3.569
run_20260217_220238-0494,2026-02-17T20:59:04.696240Z,4.155
run_20260217_220238-0494,2026-02-17T21:04:04.696240Z,4.729
run_20260217_220238-0495,2026-02-17T01:16:41.078971Z,0.0
run_20260217_220238-0495,2026-02-17T01:21:41.078971Z,0.915
run_20260217_220238-0495,2026-02-17T01:26:41.078971Z,1.741
run_20260217_220238-0495,2026-02-17T01:31:41.078971Z,2.601
run_20260217_220238-0495,2026-02-17T01:36:41.078971Z,3.544
run_20260217_220238-0495,2026-02-17T01:41:41.078971Z,4.498
run_20260217_220238-0495,2026-02-17T01:46:41.078971Z,5.581
run_20260217_220238-0495,2026-02-17T01:51:41.078971Z,6.489
run_20260217_220238-0495,2026-02-17T01:56:41.078971Z,7.347
run_20260217_220238-0496,2026-02-17T20:28:50.537577Z,0.0
run_20260217_220238-0496,2026-02-17T20:33:50.537577Z,0.926
run_20260217_220238-0496,2026-02-17T20:38:50.537577Z,1.942
run_20260217_220238-0496,2026-02-17T20:43:50.537577Z,2.86
run_20260217_220238-0496,2026-02-17T20:48:50.537577Z,3.898
run_20260217_220238-0496,2026-02-17T20:53:50.537577Z,4.792
run_20260217_220238-0496,2026-02-17T20:58:50.537577Z,5.677
run_20260217_220238-0496,2026-02-17T21:03:50.537577Z,6.412
run_20260217_220238-0496,2026-02-17T21:08:50.537577Z,7.365
run_20260217_220238-0497,2026-02-17T18:53:24.393824Z,0.0
run_20260217_220238-0497,2026-02-17T18:58:24.393824Z,1.614
run_20260217_220238-0497,2026-02-17T19:03:24.393824Z,3.562
run_20260217_220238-0497,2026-02-17T19:08:24.393824Z,5.605
run_20260217_220238-0497,2026-02-17T19:13:24.393824Z,7.542
run_20260217_220238-0497,2026-02-17T19:18:24.393824Z,9.777
run_20260217_220238-0497,2026-02-17T19:23:24.393824Z,11.747
run_20260217_220238-0497,2026-02-17T19:28:24.393824Z,13.411
run_20260217_220238-0497,2026-02-17T19:33:24.393824Z,15.276
run_20260217_220238-0497,2026-02-17T19:38:24.393824Z,16.895
run_20260217_220238-0497,2026-02-17T19:43:24.393824Z,18.559
run_20260217_220238-0497,2026-02-17T19:48:24.393824Z,20.485
run_20260217_220238-0497,2026-02-17T19:53:24.393824Z,22.046
run_20260217_220238-0498,2026-02-17T11:52:27.571394Z,0.0
run_20260217_220238-0498,2026-02-17T11:57:27.571394Z,1.052
run_20260217_220238-0498,2026-02-17T12:02:27.571394Z,1.949
run_20260217_220238-0498,2026-02-17T12:07:27.571394Z,2.997
run_20260217_220238-0498,2026-02-17T12:12:27.571394Z,4.056
run_20260217_220238-0498,2026-02-17T12:17:27.571394Z,5.029
run_20260217_220238-0498,2026-02-17T12:22:27.571394Z,5.96
run_20260217_220238-0498,2026-02-17T12:27:27.571394Z,6.928
run_20260217_220238-0498,2026-02-17T12:32:27.571394Z,7.938
run_20260217_220238-0498,2026-02-17T12:37:27.571394Z,8.8
run_20260217_220238-0498,2026-02-17T12:42:27.571394Z,9.804
run_20260217_220238-0498,2026-02-17T12:47:27.571394Z,10.843
run_20260217_220238-0498,2026-02-17T12:52:27.571394Z,11.837
run_20260217_220238-0499,2026-02-17T21:10:44.846347Z,0.0
run_20260217_220238-0499,2026-02-17T21:15:44.846347Z,0.438
run_20260217_220238-0499,2026-02-17T21:20:44.846347Z,1.039
run_20260217_220238-0499,2026-02-17T21:25:44.846347Z,1.628
run_20260217_220238-0499,2026-02-17T21:30:44.846347Z,2.284
run_20260217_220238-0500,2026-02-17T02:56:12.696292Z,0.0
run_20260217_220238-0500,2026-02-17T03:01:12.696292Z,0.819
run_20260217_220238-0500,2026-02-17T03:06:12.696292Z,1.725
run_20260217_220238-0500,2026-02-17T03:11:12.696292Z,2.718
run_20260217_220238-0500,2026-02-17T03:16:12.696292Z,3.764
run_20260217_220238-0500,2026-02-17T03:21:12.696292Z,4.456
run_20260217_220238-0500,2026-02-17T03:26:12.696292Z,5.385
run_20260217_220238-0500,2026-02-17T03:31:12.696292Z,6.107
run_20260217_220238-0500,2026-02-17T03:36:12.696292Z,6.953
run_20260217_220238-0500,2026-02-17T03:41:12.696292Z,7.805
run_20260217_220238-0500,2026-02-17T03:46:12.696292Z,8.647
run_20260217_220238-0500,2026-02-17T03:51:12.696292Z,9.575
run_20260217_220238-0500,2026-02-17T03:56:12.696292Z,10.52
run_20260217_220238-0500,2026-02-17T04:01:12.696292Z,11.479
run_20260217_220238-0500,2026-02-17T04:06:12.696292Z,12.49
run_20260217_220238-0500,2026-02-17T04:11:12.696292Z,13.46
