session_id,receipt_hash,merkle_root,energy_kwh,start_ts,end_ts,batch_day,batch_root
run_20260217_220238-0001,0x7e526b4a69f1487246f043bacea695eb39a46495b329b62fbe13a9767906370a,0xbd64f5d903d0409b36ca4cf43ca5d55b8c3bca92c44e2201273789e204c600f4,7.144,2026-02-17T08:38:13.524613Z,2026-02-17T08:58:13.524613Z,2026-02-17,0xa614a29f4fc1cbcdf36713ede6965e331845872ffdd11384cfc3aa63572f72a1
run_20260217_220238-0002,0x0b4b2bef55ec3a2877ed42eff75548d2afa6cb29af6f9ad7a738a4e2759ff419,0xfc8b64fe4c6642276b447410c566f870ee467c8afe5604738c3cb5abe3797b9d,2.53,2026-02-17T13:51:25.954779Z,2026-02-17T14:11:25.954779Z,2026-02-17,0xa614a29f4fc1cbcdf36713ede6965e331845872ffdd11384cfc3aa63572f72a1
run_20260217_220238-0003,0x04583aea8dd0e91f00ab949c56f65e0103b3256bd5b925d351417974a871a659,0xf8ad652da323da39eea836c44550ba6d21856f7ff4eb2d5cbac552adfab3e05d,22.781,2026-02-17T13:54:53.487469Z,2026-02-17T14:54:53.487469Z,2026-02-17,0xa614a29f4fc1cbcdf36713ede6965e331845872ffdd11384cfc3aa63572f72a1
run_20260217_220238-0004,0xe31da02c47dbec520e978de675e7d7a4d101450ed1655869a231528daea83076,0x6a28d6737b48ef1314a7ff7009ee45201c5eca78543772943a1220f6c335ce30,8.696,2026-02-17T06:28:11.173630Z,2026-02-17T07:43:11.173630Z,2026-02-17,0xa614a29f4fc1cbcdf36713ede6965e331845872ffdd11384cfc3aa63572f72a1
run_20260217_220238-0005,0xd523bfe2568c4f9dfa3ffd807962e7329867094d199fdb9d4f937de0be3e1385,0x912a7b93b83a8d148c95eacc7a99919f5cdb5659f8253bff606b17a985df968b,14.382,2026-02-17T15:27:24.611500Z,2026-02-17T16:07:24.611500Z,2026-02-17,0xa614a29f4fc1cbcdf36713ede6965e331845872ffdd11384cfc3aa63572f72a1
run_20260217_220238-0006,0xb733c15810ff9ece2ff50c0a6bebefa1a8dc5fcd553bb9764458ac5d829e8bbf,0xf3733f7cdbb9694b15a4d7e5aaf200d2d286b61d70480e680a6507bce2c01a5e,5.177,2026-02-17T18:42:45.248969Z,2026-02-17T19:22:45.248969Z,2026-02-17,0xa614a29f4fc1cbcdf36713ede6965e331845872ffdd11384cfc3aa63572f72a1
run_20260217_220238-0007,0xaa5e1fa0737c309d6e5579dede62984afa22535414e1ebec938fac9f9f3be797,0x1a4857d143fc5695acb5c214bbe0b530d9676a357324c1965aae126264e785e6,7.045,2026-02-17T02:45:03.375504Z,2026-02-17T03:45:03.375504Z,2026-02-17,0xa614a29f4fc1cbcdf36713ede6965e331845872ffdd11384cfc3aa63572f72a1
run_20260217_220238-0008,0xb8fc10dd5caf9ca82b40f541ad2eaa16ce53fdff123ee58e5c1de7b95a8e8967,0x52925928e940ec554a4e6e641552f67a609411e99f0d407a5b16641aa60b29f9,22.762,2026-02-17T20:08:37.555051Z,2026-02-17T21:08:37.555051Z,2026-02-17,0xa614a29f4fc1cbcdf36713ede6965e331845872ffdd11384cfc3aa63572f72a1
run_20260217_220238-0009,0xa1546c4ccc5493335b3d4b64f784aebd3ae3b7ce9df9b63dd049954ab4b77847,0x5700f8d8783e27298f1f3255f70540822a8d9d3e25990129092c63a56b5623f3,7.48,2026-02-17T20:11:15.170025Z,2026-02-17T20:31:15.170025Z,2026-02-17,0xa614a29f4fc1cbcdf36713ede6965e331845872ffdd11384cfc3aa63572f72a1
run_20260217_220238-0010,0x72e57988e6a8af6bd234f6d67737af8b8f4e0b1f4851082e472a9c0a23bd1ac2,0x733271e4f49af483918da4275645f8a2f4db05885cd37ef8613f989e1b2b8abb,28.914,2026-02-17T16:49:14.370019Z,2026-02-17T18:04:14.370019Z,2026-02-17,0xa614a29f4fc1cbcdf36713ede6965e331845872ffdd11384cfc3aa63572f72a1
run_20260217_220238-0011,0xcb707b8ce370ee04d8628ee8746073f33765e4c547be9ad28ded89b04967f495,0xcbf5e7e081d0a374eccc2a90de0a7ada57d34557502c4a4748fc47fde0c8a289,7.33,2026-02-17T21:55:39.541741Z,2026-02-17T22:55:39.541741Z,2026-02-17,0xa614a29f4fc1cbcdf36713ede6965e331845872ffdd11384cfc3aa63572f72a1
run_20260217_220238-0012,0x8b4f4d8607e6778a6e5c12a780e4ed8228f34b74a04897f436524736f2641710,0x6f7aa27846bdd74d95bd5a48858db0140beec718564ba98e234fd496d4cd2d32,7.505,2026-02-17T00:05:59.095584Z,2026-02-17T00:45:59.095584Z,2026-02-17,0xa614a29f4fc1cbcdf36713ede6965e331845872ffdd11384cfc3aa63572f72a1
run_20260217_220238-0013,0xc6e8969dc61225e2ee5d249e54e941f2ebead934fa88e058652f3756848ec24d,0xca007e2e139bffc052ffa20b1e74511168ee2f7b94a99d79fc708f5e826af3f6,3.67,2026-02-17T18:29:19.429879Z,2026-02-17T18:49:19.429879Z,2026-02-17,0xa614a29f4fc1cbcdf36713ede6965e331845872ffdd11384cfc3aa63572f72a1
run_20260217_220238-0014,0x1af0ff0f4444148e02381810725401d617dfcad56d122dae1d012d5f017ce4e6,0x48f8b7be0d9dbd0c3ae83050c8cc0bf501f011b964a3c65cf7cf29d4f2c9a34a,13.656,2026-02-17T02:48:22.102308Z,2026-02-17T04:03:22.102308Z,2026-02-17,0xa614a29f4fc1cbcdf36713ede6965e331845872ffdd11384cfc3aa63572f72a1
run_20260217_220238-0015,0xd10ee3abfed1f87f5a2944bb1a8ce60f99567a990e3471d75a68506ce4c2126f,0x0fafbbf806dde573863763491fe371ec3bbd106eb82c8076fe61ed389edc263a,7.609,2026-02-17T13:51:29.426318Z,2026-02-17T14:31:29.426318Z,2026-02-17,0xa614a29f4fc1cbcdf36713ede6965e331845872ffdd11384cfc3aa63572f72a1
run_20260217_220238-0016,0xeec65e9b65f858e79243b4c8c26bbc880d1b278e4a66539e902f4a1ffe6c6484,0xc00d75d16f71477c62174cf0f86b3fc3985def4878592ef4d7bbd6b46f63ecad,5.241,2026-02-17T03:36:52.688547Z,2026-02-17T04:06:52.688547Z,2026-02-17,0xa614a29f4fc1cbcdf36713ede6965e331845872ffdd11384cfc3aa63572f72a1
run_20260217_220238-0017,0x5499bbba85f6994e85e3b97e27b0f573bebf295c3a9bb6f46924f08785a29966,0xbdb1f857bdcbb6e88827cbb0ca77b4bc5f8302a5f25c2670b027bdb81d62dce1,7.176,2026-02-17T05:08:24.823573Z,2026-02-17T05:48:24.823573Z,2026-02-17,0xa614a29f4fc1cbcdf36713ede6965e331845872ffdd11384cfc3aa63572f72a1
run_20260217_220238-0018,0x703a143a0358b398f1debe01d2897eea05379963f27a4c859bd6797d0f3566c6,0xf7a822e46f65d0a05eb2922baf24d6c833857ad4a8c002576da0a7e5b0271988,2.344,2026-02-17T06:01:54.911583Z,2026-02-17T06:21:54.911583Z,2026-02-17,0xa614a29f4fc1cbcdf36713ede6965e331845872ffdd11384cfc3aa63572f72a1
run_20260217_220238-0019,0x2dafd52a6d5a68b6058c50459f1aff5c418e2451c09d87e804cf0a684a57b009,0xae8246cc9addb9e519a9c239ebc6ec97e87f1f2146c1ae688d59f3bfdb69d56d,8.954,2026-02-17T19:31:24.723371Z,2026-02-17T20:46:24.723371Z,2026-02-17,0xa614a29f4fc1cbcdf36713ede6965e331845872ffdd11384cfc3aa63572f72a1
run_20260217_220238-0020,0xba9fb4615a6e22708299aef743b295113f44fb605f1723fa714377e138fd9358,0x0b352b17a6aaca57daffaa22bf094abcf75ac2e03a55289a77ba454d605a3a5f,11.261,2026-02-17T08:29:28.731844Z,2026-02-17T09:29:28.731844Z,2026-02-17,0xa614a29f4fc1cbcdf36713ede6965e331845872ffdd11384cfc3aa63572f72a1
run_20260217_220238-0021,0x2b1e0b89cf9ad473a7360b96bdbb40c5fabb143bb8fd5515f691c2a4ae6bb5d1,0xaccb99ecfd2c103d90dc63883df85504d4bd2fc2da16b2c463fc858bcbf0a1b3,14.631,2026-02-17T03:58:24.435919Z,2026-02-17T04:38:24.435919Z,2026-02-17,0xa614a29f4fc1cbcdf36713ede6965e331845872ffdd11384cfc3aa63572f72a1
run_20260217_220238-0022,0x9456f5d55dc62f0973a55c3f7ae3f4ab653ea698ee9c28ff60990f379ef6a6af,0x38fd13c34b1df233c199c313beef47f23dad2f9c2542e3092948c49d4916caf9,8.882,2026-02-17T21:24:52.091526Z,2026-02-17T22:39:52.091526Z,2026-02-17,0xa614a29f4fc1cbcdf36713ede6965e331845872ffdd11384cfc3aa63572f72a1
run_20260217_220238-0023,0x2ec3e578d48c565a7e41efd94bd879ab60a76709e29612655bec26d649f65faa,0x06a93f060e6303b5b5b453f31d7863eb8101630cca3ea69de881fa5780b672d6,9.332,2026-02-17T07:02:50.332600Z,2026-02-17T08:17:50.332600Z,2026-02-17,0xa614a29f4fc1cbcdf36713ede6965e331845872ffdd11384cfc3aa63572f72a1
run_20260217_220238-0024,0x441c97ec840dd680710259301129ea25eaef4a65c897f1418d5885408873f8a8,0x60f1d6443a5cf75389e2cd044d4682eb44360174a6a644e770cab30905ca07b0,14.26,2026-02-17T21:30:58.631088Z,2026-02-17T22:45:58.631088Z,2026-02-17,0xa614a29f4fc1cbcdf36713ede6965e331845872ffdd11384cfc3aa63572f72a1
run_20260217_220238-0025,0xc211751125279cc80a1b974ef3c2604316d9c88c33f1a8498fa0176fe27ff6a0,0x8309cc912eab148deb11ba26119c59f20bf3f659427c9b09ac61d1607089c7b9,7.371,2026-02-17T03:03:04.789957Z,2026-02-17T04:03:04.789957Z,2026-02-17,0xa614a29f4fc1cbcdf36713ede6965e331845872ffdd11384cfc3aa63572f72a1
run_20260217_220238-0026,0x4de53e4d6196b79a80c357275e953c22bb08693e211e0df4de4e73d62aa4e5cd,0x4b4e3d42f26db9e85e4119eeace7f7b2d2456857316f035df999a144fa5a4d28,13.673,2026-02-17T00:26:08.667026Z,2026-02-17T01:41:08.667026Z,2026-02-17,0xa614a29f4fc1cbcdf36713ede6965e331845872ffdd11384cfc3aa63572f72a1
run_20260217_220238-0027,0x920ca283d7ab25ff43b9c62b44c6b010d37142460b7e81fba66ed31456c89c5b,0xdddd4df4944c50375d965ea1f48382e43884ebdc8e17e1e71a688a053edae538,26.303,2026-02-17T13:31:04.630665Z,2026-02-17T14:46:04.630665Z,2026-02-17,0xa614a29f4fc1cbcdf36713ede6965e331845872ffdd11384cfc3aa63572f72a1
run_20260217_220238-0028,0xc757a6ee30bdbceaeb80d745bc9232a4374ff031bf61c11cb46f80d3b05e71aa,0x2314da35b8495414a9f15f6a084f42efbff68f30a072501794f680598205302e,10.554,2026-02-17T01:24:52.578849Z,2026-02-17T01:54:52.578849Z,2026-02-17,0xa614a29f4fc1cbcdf36713ede6965e331845872ffdd11384cfc3aa63572f72a1
run_20260217_220238-0029,0x69981654e3910da3eae4dc29c4f49d707f61763eda9b7cb5f2dad2314fd515f0,0x994e4244ecc235284d722e5ee44858e2699af4fe424b3a826b28c6adafa8b52b,22.579,2026-02-17T12:49:25.020363Z,2026-02-17T13:49:25.020363Z,2026-02-17,0xa614a29f4fc1cbcdf36713ede6965e331845872ffdd11384cfc3aa63572f72a1
run_20260217_220238-0030,0xd95aecf186ded9739db9c2349a067a0d3263bfd926ae25681b2fc7880a150c13,0xefb5e415f228005842071786145fac9cd2ee0b8f022839cde2484671d8bf4f13,2.392,2026-02-17T20:26:48.617662Z,2026-02-17T20:46:48.617662Z,2026-02-17,0xa614a29f4fc1cbcdf36713ede6965e331845872ffdd11384cfc3aa63572f72a1
run_20260217_220238-0031,0xa3bf0c5431ea019ef2e7cd7296725efb5fa75ddb40b80b99d9f58303d7085953,0x28959669d74ee9c2dc86bf09bb5ad2614890325b57d645a71ba98a3442fca5d1,10.358,2026-02-17T06:44:34.912901Z,2026-02-17T07:44:34.912901Z,2026-02-17,0xa614a29f4fc1cbcdf36713ede6965e331845872ffdd11384cfc3aa63572f72a1
run_20260217_220238-0032,0x7d96e0a9f42a5f905263b314e2787cb0856ed62c18d3faa17aa182b085aff634,0x0169342818620184923378b572ec819e6613576983052b5951a61db774e5cc8a,26.827,2026-02-17T04:44:57.605611Z,2026-02-17T05:59:57.605611Z,2026-02-17,0xa614a29f4fc1cbcdf36713ede6965e331845872ffdd11384cfc3aa63572f72a1
run_20260217_220238-0033,0x96302e80d242d4e2b27150ff30ed852aab14f43a438454293e6e56c298f9e141,0xe436f746f6dacfb5c6bf6acb3ad46f891587f4d5942193f241482b8689f932b1,5.515,2026-02-17T12:21:10.817725Z,2026-02-17T12:51:10.817725Z,2026-02-17,0xa614a29f4fc1cbcdf36713ede6965e331845872ffdd11384cfc3aa63572f72a1
run_20260217_220238-0034,0xdd7897d61bf311d572c866e8f7009ec4e7a628e029aa0513ccd2f2c54ca71d9a,0xdedf61d833579748e8a080432a006fe573daf6a69b011a036a15d72b3e97e439,3.543,2026-02-17T07:19:42.736217Z,2026-02-17T07:49:42.736217Z,2026-02-17,0xa614a29f4fc1cbcdf36713ede6965e331845872ffdd11384cfc3aa63572f72a1
run_20260217_220238-0035,0x5ae765c7923217e943af92d13ff2fac56a1e3172da391f633a6cdff5b036174d,0x90ed67624e555ca2dad9c12aa193add8a79519c5bf8c7e9462e8cc6bafb562d5,13.113,2026-02-17T07:17:26.813967Z,2026-02-17T08:32:26.813967Z,2026-02-17,0xa614a29f4fc1cbcdf36713ede6965e331845872ffdd11384cfc3aa63572f72a1
run_20260217_220238-0036,0x8fe7686d322ca7eb7faecb06a5cc1e323b5a4e7ffea59b0a4ef92bd3d413e622,0x1ca4e06e532c9b633d301e3a33323d1050f7cece04b72b4d2870737e350e9219,10.032,2026-02-17T12:45:57.491106Z,2026-02-17T13:15:57.491106Z,2026-02-17,0xa614a29f4fc1cbcdf36713ede6965e331845872ffdd11384cfc3aa63572f72a1
run_20260217_220238-0037,0x5051e13ff5f3523767fd71d8b14e0e1588860220bb00b05f801199593ec78f1c,0xfeaf63ca427cb6475f308fa37b5b9da7dfa8e1c68316f22765fe99616aae2ece,4.872,2026-02-17T17:44:22.494477Z,2026-02-17T18:24:22.494477Z,2026-02-17,0xa614a29f4fc1cbcdf36713ede6965e331845872ffdd11384cfc3aa63572f72a1
run_20260217_220238-0038,0x347b70bb9cc71e38a5db757ac682b01ebfc1c8e34f8a9f93eb00e28ddc57ce6d,0xe5d13026c682f2748b6b8ebea20c681abbc48647673d31344bcb96656e6c78b7,4.515,2026-02-16T23:59:07.963617Z,2026-02-17T00:39:07.963617Z,,
run_20260217_220238-0039,0xef512a32a38491fb20594182ae9b506cd348a21a52c0f2ecc841bae0b06f3e3f,0xc771c830666b465fbb524bea24cd7af8f37f772e40027e6c458e54bbfbd2b861,5.48,2026-02-17T21:14:16.751856Z,2026-02-17T21:44:16.751856Z,2026-02-17,0xa614a29f4fc1cbcdf36713ede6965e331845872ffdd11384cfc3aa63572f72a1
run_20260217_220238-0040,0xb729b88c5c3f831d6327171d167493389e4e77b609dd13e4486acc5044e304ae,0x331d43680b87773dc526fa60cde546a602203def3f57093e7bfdce3f0280b332,3.197,2026-02-17T21:23:20.268030Z,2026-02-17T21:43:20.268030Z,2026-02-17,0xa614a29f4fc1cbcdf36713ede6965e331845872ffdd11384cfc3aa63572f72a1
run_20260217_220238-0041,0xd358e27220fb50179dac79ed7e6ef6710b30c75088acd1d5df1234edf4af7376,0xce2bdac2ee2b7db8935f2098ade5d27a6672cba6f0d38b56ad349089c850d7ae,3.515,2026-02-17T07:24:30.914463Z,2026-02-17T07:54:30.914463Z,2026-02-17,0xa614a29f4fc1cbcdf36713ede6965e331845872ffdd11384cfc3aa63572f72a1
run_20260217_220238-0042,0xca981cf1868b873762902bea69289f0de5b71dcbe1a2a2668e98828c0d88f472,0xaf2118b54a21248398caf25db8a8ed8e6321d81d2dcfec9e846aee675bce89a3,4.784,2026-02-17T13:42:08.139657Z,2026-02-17T14:22:08.139657Z,2026-02-17,0xa614a29f4fc1cbcdf36713ede6965e331845872ffdd11384cfc3aa63572f72a1
run_20260217_220238-0043,0x74e59097d2ce14558c3816a39caf51c23e699a35b14961cd56e8555efaef22a2,0xd420a26dad72e24ff43aa4cbcd2e7daf57067e95249bd5aa90cfaffe9553822b,27.221,2026-02-17T19:45:21.766562Z,2026-02-17T21:00:21.766562Z,2026-02-17,0xa614a29f4fc1cbcdf36713ede6965e331845872ffdd11384cfc3aa63572f72a1
run_20260217_220238-0044,0x29069f62377f39e5311563fbe05a0150100d2bcee76213e0e7cb0c6cab7a47b9,0xd59b58c459db3ad06f2dcf6d05483c9b87f05d9b19bdec8970ea6ece7514c0d2,4.53,2026-02-17T12:07:11.918088Z,2026-02-17T12:47:11.918088Z,2026-02-17,0xa614a29f4fc1cbcdf36713ede6965e331845872ffdd11384cfc3aa63572f72a1
run_20260217_220238-0045,0x621d7c61d8de1192717a581f683f0de14d89b0a1b73b5f31cc264de0e3b113f0,0xe8637bd41dafa216978874663696428c58b9f8067e8f314dcfdef15232c57622,21.664,2026-02-17T06:42:05.549021Z,2026-02-17T07:42:05.549021Z,2026-02-17,0xa614a29f4fc1cbcdf36713ede6965e331845872ffdd11384cfc3aa63572f72a1
run_20260217_220238-0046,0x886f5528a11d945e62f7d33f6345163639933f9ed5f55c754b50c2401d610ae6,0x5fed1fcadb18b3d75711d1348adfe55435f0d28415a9c9be8174b664644ccebc,15.226,2026-02-17T10:46:26.435954Z,2026-02-17T11:26:26.435954Z,2026-02-17,0xa614a29f4fc1cbcdf36713ede6965e331845872ffdd11384cfc3aa63572f72a1
run_20260217_220238-0047,0x3bba68132132e517459ce106721917494314ec16d3111c382cd0e481efe7801f,0x0135e6678f5f3034de5b329bdc86e9526e22cab5624bb4e37f0e41dc686e8c70,26.606,2026-02-17T12:21:45.242065Z,2026-02-17T13:36:45.242065Z,2026-02-17,0xa614a29f4fc1cbcdf36713ede6965e331845872ffdd11384cfc3aa63572f72a1
run_20260217_220238-0048,0xa498e86ffc4aa29a6e78855066b302f5049ea3170825df2dacf39df321ddaf90,0xe730d6b5dd019153ec71312bd5a5403f2d85579b894088d1c45e7ba5a44d5fca,3.676,2026-02-17T13:24:43.495841Z,2026-02-17T13:54:43.495841Z,2026-02-17,0xa614a29f4fc1cbcdf36713ede6965e331845872ffdd11384cfc3aa63572f72a1
run_20260217_220238-0049,0xecf400c9dcc18b7cf8a5e4c981f1cb48332235c438484a91720357983d6f3ff9,0xa04066951a16850efa3da5a463faa57bf2de165f2ba808d7913ee36822317b57,13.324,2026-02-17T20:24:09.328701Z,2026-02-17T21:39:09.328701Z,2026-02-17,0xa614a29f4fc1cbcdf36713ede6965e331845872ffdd11384cfc3aa63572f72a1
run_20260217_220238-0050,0xc09d8526ef2a3ce08c2f47763f204fb378f6b260a36d0b701c09bbfc93a41e9d,0x2c0f4eda675c620dbc36af6aafb88278754e3ae4e924393674452c68281e3f46,5.577,2026-02-17T05:40:39.514184Z,2026-02-17T06:10:39.514184Z,2026-02-17,0xa614a29f4fc1cbcdf36713ede6965e331845872ffdd11384cfc3aa63572f72a1
run_20260217_220238-0051,0x99d2b759e19f6194d2a9d100dd05cf2c8d1601e332cec45fa5f8f935fd0874be,0x2c55a1b1154db389aabdc06f7d3178f49971c4bd0ad390c28c93d86a563fd2c8,14.963,2026-02-17T23:11:59.916495Z,2026-02-17T23:51:59.916495Z,2026-02-17,0xa614a29f4fc1cbcdf36713ede6965e331845872ffdd11384cfc3aa63572f72a1
run_20260217_220238-0052,0xbd19d3d7b7ade2331949840e9fe5b31db7717823829f5a0615ec9938e60bf51a,0xa8a08f9302562f986581cb481eaa9a11b589137607cd8bf9dc045e8182c50be6,5.473,2026-02-17T10:54:49.810479Z,2026-02-17T11:24:49.810479Z,2026-02-17,0xa614a29f4fc1cbcdf36713ede6965e331845872ffdd11384cfc3aa63572f72a1
run_20260217_220238-0053,0xafdc7c1ddb61d0101fa3688c6a0f67222308750d3324b739d783b37edd57ee36,0x807a31dfd3ddaf4daa7c89ae0acab8217494e6afe35e6345c9229ce8198fbda5,13.583,2026-02-17T12:44:04.495368Z,2026-02-17T13:24:04.495368Z,2026-02-17,0xa614a29f4fc1cbcdf36713ede6965e331845872ffdd11384cfc3aa63572f72a1
run_20260217_220238-0054,0xd294487ef20c53416a71b71b5d278c3e939a1bb26b0e8dca6b97888cc840ea25,0xd8ba25178e72015d2610bc31a9588a372ba88e6fcd0ed03a74091328c4db1a63,27.448,2026-02-17T00:53:50.880771Z,2026-02-17T02:08:50.880771Z,2026-02-17,0xa614a29f4fc1cbcdf36713ede6965e331845872ffdd11384cfc3aa63572f72a1
run_20260217_220238-0055,0x465253936aa524250b0f4160b86d68203f4590a92e3cfcc9d158be97d94f1ba3,0x3bef3fe385decfe75d66ad84deda3092bd19b63cda5629729e229c7d8ed627bb,21.679,2026-02-17T20:07:24.732730Z,2026-02-17T21:07:24.732730Z,2026-02-17,0xa614a29f4fc1cbcdf36713ede6965e331845872ffdd11384cfc3aa63572f72a1
run_20260217_220238-0056,0x885b7dcf0ccaf6d92b3d3ca4952fac6736c4a9eb8d1f4b4bcdbc1156337d4451,0x17fc294069164dfe0f2b5d6dc3a975b0f20f283fa04f3ff652a5da279e534863,13.41,2026-02-17T22:40:56.767023Z,2026-02-17T23:55:56.767023Z,2026-02-17,0xa614a29f4fc1cbcdf36713ede6965e331845872ffdd11384cfc3aa63572f72a1
run_20260217_220238-0057,0x07163c8943b9d9737404fb9f2d952337cfb674ad2ed69503abed0573bee9fa8a,0xe8dd0db1e0f5ea2d2a912e068cd3580e9085c4a42c5422b67835e7b8391302e7,4.045,2026-02-17T21:44:46.725009Z,2026-02-17T22:04:46.725009Z,2026-02-17,0xa614a29f4fc1cbcdf36713ede6965e331845872ffdd11384cfc3aa63572f72a1
run_20260217_220238-0058,0xd297ee954b7983c8fec9268b5fbd8e327198b83f1d133cdca2b2bc55dd9a61cb,0xe54e62359b20cf3d6c6db391248a3f0efba33999c5058000f5c4c6c519510e95,10.887,2026-02-17T17:25:16.088924Z,2026-02-17T18:25:16.088924Z,2026-02-17,0xa614a29f4fc1cbcdf36713ede6965e331845872ffdd11384cfc3aa63572f72a1
run_20260217_220238-0059,0xdac39eab18765fb0ce301eae31f44ef334d1108d721fd1067fb59299e50f864d,0x6bd4a6c22ce27687452c6475b122b0bf5c61a802d76594d992c8139ef179c533,28.234,2026-02-17T16:49:04.774580Z,2026-02-17T18:04:04.774580Z,2026-02-17,0xa614a29f4fc1cbcdf36713ede6965e331845872ffdd11384cfc3aa63572f72a1
run_20260217_220238-0060,0xbbfbd95d753ba568c49c1c98570ff520612ab8e91186a43b67093040ef287673,0x22add44117cce6b65dc36d94bc06080e8a419c554efafa8e289bbb958120a2a1,5.783,2026-02-17T14:50:01.628904Z,2026-02-17T15:20:01.628904Z,2026-02-17,0xa614a29f4fc1cbcdf36713ede6965e331845872ffdd11384cfc3aa63572f72a1
run_20260217_220238-0061,0xd67d1d1a0b6baf1f205bc5585d74eceac8d9df74565831ba0f7e180ab880b87a,0x6aa8fc2332a21e966bd1085c29cd6d6293e10d253c985252f3a21a7011e63fa0,5.799,2026-02-17T13:01:01.414365Z,2026-02-17T13:31:01.414365Z,2026-02-17,0xa614a29f4fc1cbcdf36713ede6965e331845872ffdd11384cfc3aa63572f72a1
run_20260217_220238-0062,0xf4406497d65387d9f78790a20e14bbd54699919d71bdf205bd28c6ac0d1890b9,0xf779d1434f88379663ce073b1ec1a25a8043397eb0f860effdd913efad07bd81,14.238,2026-02-17T03:32:27.478741Z,2026-02-17T04:47:27.478741Z,2026-02-17,0xa614a29f4fc1cbcdf36713ede6965e331845872ffdd11384cfc3aa63572f72a1
run_20260217_220238-0063,0x9314cbcecbcd73d12065c5816d11fcf4804f0a2368316f123d7ed9c058fab997,0x3ccf4d8d8709a43a6c6e7ac1ede586d48e180b6fa7b7f27dcf7d2943489e9ac4,2.418,2026-02-17T07:19:38.299535Z,2026-02-17T07:39:38.299535Z,2026-02-17,0xa614a29f4fc1cbcdf36713ede6965e331845872ffdd11384cfc3aa63572f72a1
run_20260217_220238-0064,0x71b3ad854623cfe4ef64ae7afc23f7eb9e87711ba06d9d44b1e80bf2b202cd79,0xd39ce1c1236083893d9e8edf02c2244b359229ef6d424ba878ed1262c85d4c34,3.626,2026-02-17T10:24:03.815450Z,2026-02-17T10:54:03.815450Z,2026-02-17,0xa614a29f4fc1cbcdf36713ede6965e331845872ffdd11384cfc3aa63572f72a1
run_20260217_220238-0065,0x067efff2d8a2295cdbf7f24263a906f7e15d8fce7ea58864896ef3960438f780,0xf00aeba4ecbbf0273faad344d4095edb712d5fb8bbc43599f5a6ac241d40ad74,15.418,2026-02-17T17:53:16.357875Z,2026-02-17T18:33:16.357875Z,2026-02-17,0xa614a29f4fc1cbcdf36713ede6965e331845872ffdd11384cfc3aa63572f72a1
run_20260217_220238-0066,0x886de98818c03a4005d41321daffe1c61a572aa6075414a5acbbd5dc61331c74,0x8f662c432951cc7fd0a57ecaeebcf3940afee9564126230e222226f80b7c9b5e,11.18,2026-02-17T07:24:56.912523Z,2026-02-17T08:24:56.912523Z,2026-02-17,0xa614a29f4fc1cbcdf36713ede6965e331845872ffdd11384cfc3aa63572f72a1
run_20260217_220238-0067,0xe1ad9a67519fe66c3dd7563e468a1b7158c735dcdfbc957d9555d05f7a0cdd3a,0x45188fdd623deedc05d92c1e3bcb8355483ce431d8633c6070a6548fdcde786d,25.226,2026-02-17T00:37:00.716626Z,2026-02-17T01:52:00.716626Z,2026-02-17,0xa614a29f4fc1cbcdf36713ede6965e331845872ffdd11384cfc3aa63572f72a1
run_20260217_220238-0068,0xc42c3a3c79d86f1191bd06d49e413ae1592eeb28b5a66cd7e98252509a6d5351,0x8b33d1027d8530dd19bdf485020ad6f19d56e0a68cee6e06efcecd5f0df7773a,3.589,2026-02-17T15:13:35.989466Z,2026-02-17T15:43:35.989466Z,2026-02-17,0xa614a29f4fc1cbcdf36713ede6965e331845872ffdd11384cfc3aa63572f72a1
run_20260217_220238-0069,0x607996afb1f5f82fa89fa8b25a86f7f21e5ea57d02001e700185f4778645a74b,0x1e32258daad6c8d2f34966fc16da93561523ffc5492122e8efdb6d5842c55597,5.566,2026-02-17T02:03:34.725405Z,2026-02-17T02:33:34.725405Z,2026-02-17,0xa614a29f4fc1cbcdf36713ede6965e331845872ffdd11384cfc3aa63572f72a1
run_20260217_220238-0070,0xa47f5a909b2879293854795524758da152670a6f2b98db5424dc90bb6181c1c5,0x59820a47a7467ea674a27ce210d89b0cefeb52b84cdeb1f05633ce99127dd834,10.212,2026-02-17T20:36:18.593903Z,2026-02-17T21:06:18.593903Z,2026-02-17,0xa614a29f4fc1cbcdf36713ede6965e331845872ffdd11384cfc3aa63572f72a1
run_20260217_220238-0071,0xf9f2c81a48837a64d6efde03f371bc525c5ca6d86e183a75db82f9d0f31f61a3,0x34c86fe6d645249fb91ca7b079ebf214b985ca7b248bb5d292a001b942b54bfa,14.509,2026-02-17T21:01:01.933144Z,2026-02-17T21:41:01.933144Z,2026-02-17,0xa614a29f4fc1cbcdf36713ede6965e331845872ffdd11384cfc3aa63572f72a1
run_20260217_220238-0072,0x371822c2a22485cd961d415de5f9fc4074973f6ccb1e0e5fac37db30b228a7e2,0x177080a01a13ce1da309349a18cb009798c23b43faa6e662f81d31775ce55742,7.139,2026-02-17T09:20:28.898278Z,2026-02-17T09:40:28.898278Z,2026-02-17,0xa614a29f4fc1cbcdf36713ede6965e331845872ffdd11384cfc3aa63572f72a1
run_20260217_220238-0073,0xf0f5bf6f5e492bc95fcf9e915a0437b22c04bfa8641b876dafa9bacc5c59e2c9,0x6df2cb58ce975e6cec4bfc0c7140d7d82b1afbd50a3efe98fd93015d98851191,7.37,2026-02-17T23:05:24.872121Z,2026-02-18T00:05:24.872121Z,2026-02-17,0xa614a29f4fc1cbcdf36713ede6965e331845872ffdd11384cfc3aa63572f72a1
run_20260217_220238-0074,0xebc2616fc4e2be56a180083df775fbccdca949a765c6f511b56c5915c80ef6ec,0x0f2a80ca16f0136c54af265c1309b0aa11f9fe4a2653c1f102273a5768b040e7,4.665,2026-02-17T01:26:45.815122Z,2026-02-17T02:06:45.815122Z,2026-02-17,0xa614a29f4fc1cbcdf36713ede6965e331845872ffdd11384cfc3aa63572f72a1
run_20260217_220238-0075,0x475e5fff80da6a4c460f7b304082db1fe91180d1473c179db36ea6238c0473b8,0x0590b4ec11de0d8c10719aa24a840a829900d724f7b0bc08c3c5d510d670c395,3.722,2026-02-17T14:25:40.734867Z,2026-02-17T14:55:40.734867Z,2026-02-17,0xa614a29f4fc1cbcdf36713ede6965e331845872ffdd11384cfc3aa63572f72a1
run_20260217_220238-0076,0x017aeaa72449ef18ce0057a71bdbf9f648fa7e5319d3447cce9038d9a81fb18b,0x81bf5419f0ab8601c0702a4d55f9c3f7aaf41bdbf36d9fcf6ec1f0b1264e128a,10.793,2026-02-17T18:08:15.647285Z,2026-02-17T18:38:15.647285Z,2026-02-17,0xa614a29f4fc1cbcdf36713ede6965e331845872ffdd11384cfc3aa63572f72a1
run_20260217_220238-0077,0x45387a81f4cb3d513d9471dc2ef49de44b8be59dca1e93d2c89fc2548e95391f,0xea4d7517e00693794ee4d2975d8651e4bee8921d18541cd2ad4098b3494e15ae,3.645,2026-02-17T02:22:14.118521Z,2026-02-17T02:42:14.118521Z,2026-02-17,0xa614a29f4fc1cbcdf36713ede6965e331845872ffdd11384cfc3aa63572f72a1
run_20260217_220238-0078,0x13ac64e7efe6cf7f34b2ac7fa6544000fb1a90a49cf0bd306e73a670e4c717b4,0x75e8142550fc80e5a9bc82616501fe210cc5c22f9e55ac60b8e16400bd8f97b6,3.631,2026-02-17T03:11:18.902433Z,2026-02-17T03:41:18.902433Z,2026-02-17,0xa614a29f4fc1cbcdf36713ede6965e331845872ffdd11384cfc3aa63572f72a1
run_20260217_220238-0079,0xde83531781f1d3f2705ba89ec4ef7e765a297cb501c100a33adcd56fa433d467,0x96ee02c3566c720caf1b8f2a37ec19c1dcce2da4c00757b236af661defc1d449,10.903,2026-02-17T06:05:14.520237Z,2026-02-17T07:05:14.520237Z,2026-02-17,0xa614a29f4fc1cbcdf36713ede6965e331845872ffdd11384cfc3aa63572f72a1
run_20260217_220238-0080,0x17d1d03e2e93fbce8224adc4726cad0889f7a940921254bc4a9af25bf7d19ce8,0x9daf556b81e8bcb34e4b2051feeb605d09942ae60c4822afb77a0eab882b5511,3.605,2026-02-17T13:45:09.959294Z,2026-02-17T14:05:09.959294Z,2026-02-17,0xa614a29f4fc1cbcdf36713ede6965e331845872ffdd11384cfc3aa63572f72a1
run_20260217_220238-0081,0xd415804a9824fe9d27bd5d3f85a18dd6cc20e2538b605a294ed24304f29edf5a,0x65e0af9b1e8a324df9c5a0ddd1152bbcd801c3e6f7c898eb665fba5b5352d10c,25.539,2026-02-17T17:22:58.617638Z,2026-02-17T18:37:58.617638Z,2026-02-17,0xa614a29f4fc1cbcdf36713ede6965e331845872ffdd11384cfc3aa63572f72a1
run_20260217_220238-0082,0x953461c8ee6309dd5e0d9c1b0471ccbed33db8db42793b1b871da2788a293f73,0xd7861d6b5a64c39fb8c8c0a8b272877ebb020d1e295abccf1a8aa0617d61dbe5,22.818,2026-02-17T13:05:57.694789Z,2026-02-17T14:05:57.694789Z,2026-02-17,0xa614a29f4fc1cbcdf36713ede6965e331845872ffdd11384cfc3aa63572f72a1
run_20260217_220238-0083,0x622edfd1b43155b3dace7a435b97b274c3c688a8bd271834de112098662d7ac7,0xffb0afe6b5ffb48b1dc1f5c14f97e06a55ad54ef4e6d3f11eaaa738e3574b47c,13.371,2026-02-17T01:01:27.632500Z,2026-02-17T02:16:27.632500Z,2026-02-17,0xa614a29f4fc1cbcdf36713ede6965e331845872ffdd11384cfc3aa63572f72a1
run_20260217_220238-0084,0x010979116d9d1b7c0204c0dae47e2fdf5401eb4cd6da112cc91db821091a286d,0xfc3ea1eeed9980caa42e489632804969b86ac44b050647fcadbc6be41e0307e0,22.845,2026-02-17T10:12:17.759626Z,2026-02-17T11:12:17.759626Z,2026-02-17,0xa614a29f4fc1cbcdf36713ede6965e331845872ffdd11384cfc3aa63572f72a1
run_20260217_220238-0085,0x856f1f93f6486f050a003afd45966fff372c3b0ce011aa4d327dd5f29ddb1cd1,0x5f2aac0e7e148856f4a8767c1cf3c4239821c1a35e467b68bdf82e5605f936e6,7.435,2026-02-17T20:32:43.071234Z,2026-02-17T21:32:43.071234Z,2026-02-17,0xa614a29f4fc1cbcdf36713ede6965e331845872ffdd11384cfc3aa63572f72a1
run_20260217_220238-0086,0x0f26a68e27210f3d98d44ed581457f6434179b3378d0c534adc0ae908e521ff5,0xaa46e4ab75d5c71b9a632df44c314f8150dc92f009d8b8cc90ceec513d6b3ebb,7.349,2026-02-17T05:52:36.740044Z,2026-02-17T06:12:36.740044Z,2026-02-17,0xa614a29f4fc1cbcdf36713ede6965e331845872ffdd11384cfc3aa63572f72a1
run_20260217_220238-0087,0x6ac8732776dc0ae7d09a9b3ace520bfa5af3e7eb566f4b3a67202f15765a5ece,0x5f997494fbfed480a9917b822822ff1bd1b79d17fa38bb97561e8ac41069a91b,3.642,2026-02-17T05:51:52.912387Z,2026-02-17T06:11:52.912387Z,2026-02-17,0xa614a29f4fc1cbcdf36713ede6965e331845872ffdd11384cfc3aa63572f72a1
run_20260217_220238-0088,0x0fdd6db9b4852827403a43522a00a6d8304a2d4e130870a64ecd04546d64cf82,0x922f0b6de6e8fc2197792ea568c0bc60f572ed11fa1ca6078b3774dd61840360,9.137,2026-02-17T18:41:27.207173Z,2026-02-17T19:56:27.207173Z,2026-02-17,0xa614a29f4fc1cbcdf36713ede6965e331845872ffdd11384cfc3aa63572f72a1
run_20260217_220238-0089,0xf7e86e12d8e0d4f5c1f271d0c266a89f7d645fb16f096f3dcded628dd4a4a126,0xe727490d7f3a6d4584c9575454e3e18595082ed974c8c84f65b8ef7dda7f4a9f,7.308,2026-02-17T06:10:27.629315Z,2026-02-17T07:10:27.629315Z,2026-02-17,0xa614a29f4fc1cbcdf36713ede6965e331845872ffdd11384cfc3aa63572f72a1
run_20260217_220238-0090,0x70a741d461c4ed5c477165a2a5ebe3395f77dd12e86f778225ab4f7edb86d7f4,0xe749442430e359da2e48135e3b753c21a83b61d7e7f352afa44dd7b239524ce6,2.532,2026-02-17T21:52:05.578256Z,2026-02-17T22:12:05.578256Z,2026-02-17,0xa614a29f4fc1cbcdf36713ede6965e331845872ffdd11384cfc3aa63572f72a1
run_20260217_220238-0091,0x1c00ce847f34d130075fad28c5a3fb8b6a9eff1f04eb4b90cb14338ef8a9864a,0x3e6c85ff6e9b27927a79366d87f91c3a9f6a929500e058828535e937e5fdb9a8,3.452,2026-02-17T15:59:22.871017Z,2026-02-17T16:29:22.871017Z,2026-02-17,0xa614a29f4fc1cbcdf36713ede6965e331845872ffdd11384cfc3aa63572f72a1
run_20260217_220238-0092,0xc096d60cb60f74ebcd489ad3d97e3569be13a422087c342fabf3dbb5bb366d8b,0x931ca0eeb5d42b04cd5dd51eee2144432a7aa37b3a93e60894919ac383e908af,5.745,2026-02-17T18:18:46.371451Z,2026-02-17T18:48:46.371451Z,2026-02-17,0xa614a29f4fc1cbcdf36713ede6965e331845872ffdd11384cfc3aa63572f72a1
run_20260217_220238-0093,0xddfe2dbf17b079a9c91e3c1e265a1c835ea2ec5255a417628a7c555547a1507f,0xecdf3907c9f80612587b582dd4479cf514f527a984544e04c5ba66513e263497,13.08,2026-02-17T10:27:13.254244Z,2026-02-17T11:42:13.254244Z,2026-02-17,0xa614a29f4fc1cbcdf36713ede6965e331845872ffdd11384cfc3aa63572f72a1
run_20260217_220238-0094,0x8f6b3477c57abde2a1a1816ccbb56fa885900cb6297503c7f1c53d2aa4e1ee54,0xc9786aab798b1de6d7ee8d2961254ee1505a45ecaef41cea1196f196e1487a8f,6.696,2026-02-17T22:08:30.441499Z,2026-02-17T22:28:30.441499Z,2026-02-17,0xa614a29f4fc1cbcdf36713ede6965e331845872ffdd11384cfc3aa63572f72a1
run_20260217_220238-0095,0x0bdcdd8869b818d5bbd5f80853aa71e393dc9a0298064082f970da4dfb3f0556,0x43493f93d6cdbbbc32d719f89fb89ba8955cb431a14c7998f43b3108327af9be,27.673,2026-02-17T13:11:23.008005Z,2026-02-17T14:26:23.008005Z,2026-02-17,0xa614a29f4fc1cbcdf36713ede6965e331845872ffdd11384cfc3aa63572f72a1
run_20260217_220238-0096,0x6104b0a8f8e596a277003796b6bc4f919401860d3d4cafbf85bbe616606b61d6,0x2f4487b2d2e33a1698f2b497c3ad108c1c0572b34f11f504bb31b156673ecfb9,7.227,2026-02-17T15:02:05.588746Z,2026-02-17T15:42:05.588746Z,2026-02-17,0xa614a29f4fc1cbcdf36713ede6965e331845872ffdd11384cfc3aa63572f72a1
run_20260217_220238-0097,0xb064506e45105de1bbc695e13aca55d0a194f6e911b12e9f611b64f1b3fc1fa5,0x16383a3f8fce688731f90924e2e0e4cc4e99fcf8e4de0a59cfdbdab35004df51,9.193,2026-02-17T03:32:44.675137Z,2026-02-17T04:47:44.675137Z,2026-02-17,0xa614a29f4fc1cbcdf36713ede6965e331845872ffdd11384cfc3aa63572f72a1
run_20260217_220238-0098,0xbffdd453ec0d4659214491088dd75e2d31713cc5538d724bfdcfff1105e2b05e,0x360be876fca2239a06379381924a8367ddb2c4e3300b29867bcb9bf2a691c4b5,22.902,2026-02-17T21:44:25.663818Z,2026-02-17T22:44:25.663818Z,2026-02-17,0xa614a29f4fc1cbcdf36713ede6965e331845872ffdd11384cfc3aa63572f72a1
run_20260217_220238-0099,0x2ae6fdda3adee2b0eaf8635b122533d8915d9911b68b766b0514c4837e69216e,0x76fb2369ef0fac0cb74f1a21d1c7b0e51636b944241702b28169934fc7d86218,15.394,2026-02-17T23:04:38.616660Z,2026-02-17T23:44:38.616660Z,2026-02-17,0xa614a29f4fc1cbcdf36713ede6965e331845872ffdd11384cfc3aa63572f72a1
run_20260217_220238-0100,0x8e4104df00c230fbac677737062aa83f45fa258c5588dd3a3604be6034cbebf6,0x175376d6a6e10c4d72b23760bbe33b9cca2d79be4b202cb4010d1f760cd4a122,22.403,2026-02-17T06:42:47.797784Z,2026-02-17T07:42:47.797784Z,2026-02-17,0xa614a29f4fc1cbcdf36713ede6965e331845872ffdd11384cfc3aa63572f72a1
run_20260217_220238-0101,0x3d3d562f35c05cdfb0045a0bbd74239007573c8fcbb564dc4920a7b1d8498b80,0x3a074b0effbff9582c30739a1ca4d39e64c271e1355fe766e4ba5d83ab464522,6.943,2026-02-17T11:54:48.861855Z,2026-02-17T12:54:48.861855Z,2026-02-17,0xa614a29f4fc1cbcdf36713ede6965e331845872ffdd11384cfc3aa63572f72a1
run_20260217_220238-0102,0x42dd1ec0fe4dbe8313d28df8a4955b5e6db92295375230d865849668515afb49,0xb47c7783aac2ce7f1f825cc6036b704b616e3248aa1a26f7a0d8d1f6fb9a5c0f,7.46,2026-02-17T11:39:46.323443Z,2026-02-17T12:39:46.323443Z,2026-02-17,0xa614a29f4fc1cbcdf36713ede6965e331845872ffdd11384cfc3aa63572f72a1
run_20260217_220238-0103,0x97a18edfd266a39be4c1537e68eeca4b7a28c06f5b95e78b0b75127159e0ee8b,0xe3f2fe1ddf54936a34b69ab373b8eb3da448456f5a45cd6fc793cc69d7284440,3.649,2026-02-17T04:59:24.712922Z,2026-02-17T05:29:24.712922Z,2026-02-17,0xa614a29f4fc1cbcdf36713ede6965e331845872ffdd11384cfc3aa63572f72a1
run_20260217_220238-0104,0x5f126750ce9054c376b6f36f6a475b0dd2596da5400dbb24f7ae673cfea854d1,0xa9334da92fe3cfe7bae6e3469180d863e7578c675b48ca24e74d3a80daeeff28,3.37,2026-02-17T23:31:38.064344Z,2026-02-18T00:01:38.064344Z,2026-02-17,0xa614a29f4fc1cbcdf36713ede6965e331845872ffdd11384cfc3aa63572f72a1
run_20260217_220238-0105,0x623c2bce75244c45147613c2f29514ed990b537769180df9548437723a53dc23,0x393df816ef9828514d3ea3f6493aa187351b4abc58421beec508c370eec950c2,13.537,2026-02-17T08:38:54.570340Z,2026-02-17T09:53:54.570340Z,2026-02-17,0xa614a29f4fc1cbcdf36713ede6965e331845872ffdd11384cfc3aa63572f72a1
run_20260217_220238-0106,0x56ed9603eb5494eba10f3f9c5e2c171180f64823da722dec8c0f876b7f4c6260,0x76df081c20d8d1ae64a4f5862b6c4a4f5bf546cf7d6fbae487e78b15bf8805dc,27.213,2026-02-17T11:21:28.463924Z,2026-02-17T12:36:28.463924Z,2026-02-17,0xa614a29f4fc1cbcdf36713ede6965e331845872ffdd11384cfc3aa63572f72a1
run_20260217_220238-0107,0x5ed3206674626d33e0a1dda8d28d10b885cb83c997e56ab977626789c48ed3c5,0x90d46c0e697aabebfc4ca437f85079c930338291bb48d04d1dbe8b6b5943d8c2,22.758,2026-02-17T05:17:02.079923Z,2026-02-17T06:17:02.079923Z,2026-02-17,0xa614a29f4fc1cbcdf36713ede6965e331845872ffdd11384cfc3aa63572f72a1
run_20260217_220238-0108,0xaac06199396243aba00e40d2454a44cac147176ebc9834ddc4a435d9bd0d51d6,0x007b7115b84e9a21340c41453f313cb76eda350b9ce9a1ab81d5a6df456ab5ee,5.667,2026-02-17T23:06:15.965339Z,2026-02-17T23:36:15.965339Z,2026-02-17,0xa614a29f4fc1cbcdf36713ede6965e331845872ffdd11384cfc3aa63572f72a1
run_20260217_220238-0109,0xaf2abdebafd54ea3df98f01387989ef0d115439139c844d9a48dcebe819ddf7a,0xe682df9544d03459a60324552b413fcc0086ed33231fd96f3689c0546a8df4e0,10.404,2026-02-17T02:30:43.320436Z,2026-02-17T03:30:43.320436Z,2026-02-17,0xa614a29f4fc1cbcdf36713ede6965e331845872ffdd11384cfc3aa63572f72a1
run_20260217_220238-0110,0xfcd1b69d415040556b2c1c7b74599d2918e7e672bfac1a075f62307194e5bc3c,0x7c90232bf1761fa46e59be516c3ddd640c18fd768e1072d7c3bf149b8d465436,20.769,2026-02-17T16:53:16.708377Z,2026-02-17T17:53:16.708377Z,2026-02-17,0xa614a29f4fc1cbcdf36713ede6965e331845872ffdd11384cfc3aa63572f72a1
run_20260217_220238-0111,0x2eb3cbd4a86d8f954e7eb0a44eecc5c68bd1cf8cfdad89a29e86f0d20a7c2377,0x85a08be48b16d0af04122fe551ddd02ef1663e08322d54f52d6453c26038f591,3.829,2026-02-17T04:45:25.307711Z,2026-02-17T05:15:25.307711Z,2026-02-17,0xa614a29f4fc1cbcdf36713ede6965e331845872ffdd11384cfc3aa63572f72a1
run_20260217_220238-0112,0x1cf123c83da9307a6c06e2686c65b44769bef080864e647f560869968b437847,0x1bab9928b31dcaf38e197b7ed408c7c3a64665b2f379e319e3bedf4f7bf3fd3a,7.606,2026-02-17T01:11:46.041534Z,2026-02-17T01:31:46.041534Z,2026-02-17,0xa614a29f4fc1cbcdf36713ede6965e331845872ffdd11384cfc3aa63572f72a1
run_20260217_220238-0113,0x6905bd4ffb8f9ac4cb56493aa3023c7bc8870f3084f9bfbf79866c3e0cb6a2cb,0xf046f1785815adaa2d742770bf5c22345e2a84702bc875c4efbf08dfce5f4a9c,11.171,2026-02-17T11:16:34.666235Z,2026-02-17T12:16:34.666235Z,2026-02-17,0xa614a29f4fc1cbcdf36713ede6965e331845872ffdd11384cfc3aa63572f72a1
run_20260217_220238-0114,0x1fedf855df8038790b05927d12f1bcf75b95fd5c3bad9ef6c242841b25374280,0x8c32a79074cb0aced0cff866440d024fde8550a06a7480b9dddb51d9abe55396,4.028,2026-02-17T20:43:33.064708Z,2026-02-17T21:03:33.064708Z,2026-02-17,0xa614a29f4fc1cbcdf36713ede6965e331845872ffdd11384cfc3aa63572f72a1
run_20260217_220238-0115,0xebe9d404e9f5c5f2b8e0b33e1e1ddc1d08e3b6e5e8aa1ccecd9a4cfd5c76c74b,0x0ac66331c28427156c90bd555e2aa49b20cab79483b6337f4d6ef34ef634f3cb,28.432,2026-02-17T06:57:15.701939Z,2026-02-17T08:12:15.701939Z,2026-02-17,0xa614a29f4fc1cbcdf36713ede6965e331845872ffdd11384cfc3aa63572f72a1
run_20260217_220238-0116,0xffe7e4ea67d39976f25cfd30a8347af494bad221a538e189620ae6669a2f216c,0x1ca8488f8495a1ccf1691ada0d38ec5b8f41b5f156271fd5398300e0536db797,8.978,2026-02-17T10:44:37.704909Z,2026-02-17T11:59:37.704909Z,2026-02-17,0xa614a29f4fc1cbcdf36713ede6965e331845872ffdd11384cfc3aa63572f72a1
run_20260217_220238-0117,0x96fe0320af56898e5e5f56ce3f2ec0f70a9a08b4be8f9460ac93c3cf58e95222,0x81dc71c508b4a3b83aba880c6accf6f1047fd2b7daced6b3fecad6c1d5cded21,2.392,2026-02-17T13:36:01.780048Z,2026-02-17T13:56:01.780048Z,2026-02-17,0xa614a29f4fc1cbcdf36713ede6965e331845872ffdd11384cfc3aa63572f72a1
run_20260217_220238-0118,0x3f5c0ffd5396f6e42a2f9a9690052d97133ddb020d55593e1c8dae45cb562d44,0xf9473c9286c648b5dbaeaafb91348b155f1ce620a8e7dc712705f93c661dc208,4.974,2026-02-17T01:24:05.889654Z,2026-02-17T02:04:05.889654Z,2026-02-17,0xa614a29f4fc1cbcdf36713ede6965e331845872ffdd11384cfc3aa63572f72a1
run_20260217_220238-0119,0xfb1f690b1ed3b654f65d3611b06380a50038ac13c3e14ed2143d608cfb245ae5,0x384aa95d72cd1059a5cebd9d8414ea8563170c1bf0247cf3620c1ed3e17360f6,13.346,2026-02-17T08:10:25.479740Z,2026-02-17T09:25:25.479740Z,2026-02-17,0xa614a29f4fc1cbcdf36713ede6965e331845872ffdd11384cfc3aa63572f72a1
run_20260217_220238-0120,0x3c5795cffa554222aba0f55c7307065050fa34d72463d7e02185f60ba5fc01ff,0x55266032a45d75ffb6fda441390794eb919d0c6f46a043437d463f586808c71f,11.387,2026-02-17T04:40:14.943476Z,2026-02-17T05:40:14.943476Z,2026-02-17,0xa614a29f4fc1cbcdf36713ede6965e331845872ffdd11384cfc3aa63572f72a1
run_20260217_220238-0121,0x2ceb5b9616a0064f1d87874cc8ca5d8d35d2ec893fd36ecfdcfed4f833a7d0f2,0xa2ebfa227c7e5d9fee93e1218c58f283fecece366771987ded85b246b30cec02,4.769,2026-02-17T10:30:13.334959Z,2026-02-17T11:10:13.334959Z,2026-02-17,0xa614a29f4fc1cbcdf36713ede6965e331845872ffdd11384cfc3aa63572f72a1
run_20260217_220238-0122,0xe87cdd9890914f939ba278d776e1f305aaa5965e795bd15ecb514dbdb093ad23,0xe58632dfa4964c0f58492ca5668b1e164abc3fc1226a7edbf99bda71a7cf668e,4.709,2026-02-17T01:34:23.867354Z,2026-02-17T02:14:23.867354Z,2026-02-17,0xa614a29f4fc1cbcdf36713ede6965e331845872ffdd11384cfc3aa63572f72a1
run_20260217_220238-0123,0x30a3505026670e2260591d0efc38136c66a385897eb4ef2f200b3f93a50a9197,0x0ad91c618ef39bac41535431a110afc1e36782fcb5169b405d387f5aa004883e,3.339,2026-02-17T15:30:49.864323Z,2026-02-17T15:50:49.864323Z,2026-02-17,0xa614a29f4fc1cbcdf36713ede6965e331845872ffdd11384cfc3aa63572f72a1
run_20260217_220238-0124,0x87630e7affd7b769f025af27a20c67d08678cae14848576bf80998039db64702,0x249b4d6348afbeddc2e2eeb115a3b1d764a025113401d96669c2c7ace30f8041,5.251,2026-02-17T21:24:12.251910Z,2026-02-17T21:54:12.251910Z,2026-02-17,0xa614a29f4fc1cbcdf36713ede6965e331845872ffdd11384cfc3aa63572f72a1
run_20260217_220238-0125,0x992b5f77b7ca863343f897915a806df1c41a75c180afa4cea763822d87bf7e83,0xe729d5f4fec26727a4fb4513673e2b4e31541f94539a0cecc7cb7fe773c8c76b,22.802,2026-02-17T14:42:39.461522Z,2026-02-17T15:42:39.461522Z,2026-02-17,0xa614a29f4fc1cbcdf36713ede6965e331845872ffdd11384cfc3aa63572f72a1
run_20260217_220238-0126,0xd00d25ccf60b5506717b1e14e7ed89125decbc9371427477a6aab41589c0da26,0xdd85dc4c88afa5fb0231581385ca7b591c4e3b97279291aa83a069ac6ad0a9e2,7.303,2026-02-17T23:02:57.833316Z,2026-02-17T23:42:57.833316Z,2026-02-17,0xa614a29f4fc1cbcdf36713ede6965e331845872ffdd11384cfc3aa63572f72a1
run_20260217_220238-0127,0x7e74435317432570b72eca383cee93b012f36e58bd48f4ec57a2a1050538ae1b,0x9e62628204893290b7f0207ba45f8937e3b057477ecb7fd11c6338d7cfe2b300,27.435,2026-02-17T11:48:27.985192Z,2026-02-17T13:03:27.985192Z,2026-02-17,0xa614a29f4fc1cbcdf36713ede6965e331845872ffdd11384cfc3aa63572f72a1
run_20260217_220238-0128,0xe187312fd5f50001a0344ed1299062dd63c21676ddccc2940b918cd6253b4345,0x7296f7a312cbf84734ca47c227ea2daf3b47e195d8c0eb5e2c5c28cba37f22f6,10.547,2026-02-17T09:58:43.588863Z,2026-02-17T10:28:43.588863Z,2026-02-17,0xa614a29f4fc1cbcdf36713ede6965e331845872ffdd11384cfc3aa63572f72a1
run_20260217_220238-0129,0xe870e30b45f81a2fc92e2e142050c2fca52e4b6b29b39601a3bbd93cca15419b,0x2533fe7bc2b1167771f7a1b8395b6cb24f1097124e156a3cc9fd4529a592336e,7.53,2026-02-17T23:31:43.811447Z,2026-02-18T00:11:43.811447Z,2026-02-17,0xa614a29f4fc1cbcdf36713ede6965e331845872ffdd11384cfc3aa63572f72a1
run_20260217_220238-0130,0xcd1249980cf34b4192b05065478c3301a19390116e1f3e722442dd22ab7bb5ac,0x99ccd085717dc1970d978bd6b2c8e23e3a5b8ccbcd2a41b3f357e2edf1206853,20.858,2026-02-17T10:31:19.382821Z,2026-02-17T11:31:19.382821Z,2026-02-17,0xa614a29f4fc1cbcdf36713ede6965e331845872ffdd11384cfc3aa63572f72a1
run_20260217_220238-0131,0x79fec130ea4b0d3c81955d02a5b2b593b9d943845394374a7bc00472cd39baa5,0x0d47a0ecfe2049d5db66a4e8e9659dcceb587e771e8c62f15959698fa380a94b,6.793,2026-02-17T18:35:11.487917Z,2026-02-17T19:15:11.487917Z,2026-02-17,0xa614a29f4fc1cbcdf36713ede6965e331845872ffdd11384cfc3aa63572f72a1
run_20260217_220238-0132,0xa2fa89a83e490056908de9914e964bc1069e4d19192afd06f0c58ea86b28e619,0xd3b7733de982be446a76c7079fbb46c36e2294999e0e054a6e004abc6716fffd,10.69,2026-02-17T14:52:14.422384Z,2026-02-17T15:52:14.422384Z,2026-02-17,0xa614a29f4fc1cbcdf36713ede6965e331845872ffdd11384cfc3aa63572f72a1
run_20260217_220238-0133,0x8d9f97782e2719011d313f2ba591664b4c7cb5bb7a2e887e6c95cf3621655846,0xf5bf6c94932c58f1b2cbcc56ebcc5fe45c2fa395677aa85461d32466c7fe6fd8,8.787,2026-02-17T21:21:42.823352Z,2026-02-17T22:36:42.823352Z,2026-02-17,0xa614a29f4fc1cbcdf36713ede6965e331845872ffdd11384cfc3aa63572f72a1
run_20260217_220238-0134,0x1ee85db9fb2e7b1b1094e114099d1cb7b389c1c573298a278c922da5075e1b8d,0xb671d1e9e13ea93361c4e2b4ee72c70b23fbd0071bbb459ce98f3805a5df6f20,7.401,2026-02-17T19:11:47.003789Z,2026-02-17T19:51:47.003789Z,2026-02-17,0xa614a29f4fc1cbcdf36713ede6965e331845872ffdd11384cfc3aa63572f72a1
run_20260217_220238-0135,0xe78d1f266d4176887349a4b67eace70e99f865c82ac10538e72f5f0f9d604eb4,0x6121d94dad92f901fcd84f14d6d38455a8d099f9829622f1ecc3f7b05d486513,3.436,2026-02-17T03:52:50.937582Z,2026-02-17T04:12:50.937582Z,2026-02-17,0xa614a29f4fc1cbcdf36713ede6965e331845872ffdd11384cfc3aa63572f72a1
run_20260217_220238-0136,0x667a0f0e7d123ecd221cb44188fbf5d2579e3e7568dd0cbe8780b616c12cf616,0x50ffc5b88b948e7af924b2043c8d746f565761c6b07bc5669a5d0d2072ecafd9,28.665,2026-02-17T23:45:39.316643Z,2026-02-18T01:00:39.316643Z,2026-02-17,0xa614a29f4fc1cbcdf36713ede6965e331845872ffdd11384cfc3aa63572f72a1
run_20260217_220238-0137,0xffe034a155648e293f9f3103c22f5428572a91e171803a438e4e072e9b304c55,0xc7c66202687d77c1199be0a81cc22b1200358c3870c8de56f62dfb6b46c34dc1,11.351,2026-02-17T05:48:30.770378Z,2026-02-17T06:18:30.770378Z,2026-02-17,0xa614a29f4fc1cbcdf36713ede6965e331845872ffdd11384cfc3aa63572f72a1
run_20260217_220238-0138,0xcfdaa1e2af8f097c8c2e8ebee9ed431c942e2f4c6c7043b009b54b736f585fae,0x12c5ca0b36683d8bb921f1eeb8f265cd9fb19c03a3095aa8a04c58612fc7fd32,3.511,2026-02-17T12:31:27.965890Z,2026-02-17T13:01:27.965890Z,2026-02-17,0xa614a29f4fc1cbcdf36713ede6965e331845872ffdd11384cfc3aa63572f72a1
run_20260217_220238-0139,0xbf9300e7fcbfc621ea329fdef036e49580a30df9960418c37b41c30d5cf67f8a,0x42d8c1e30d8bff0fae71f159f3a20e1c38bbe7cc408a417bb5d24f3fa3074f93,3.837,2026-02-17T15:21:14.699376Z,2026-02-17T15:51:14.699376Z,2026-02-17,0xa614a29f4fc1cbcdf36713ede6965e331845872ffdd11384cfc3aa63572f72a1
run_20260217_220238-0140,0x279622fa7ec70cce4c9c35996f31cd465a3fc6b94fd0952aab648f955c04b065,0xe3350f2ad92642aa52a60364784957903a704a35d4376907a0e3496568f75650,7.001,2026-02-17T21:09:55.279559Z,2026-02-17T21:49:55.279559Z,2026-02-17,0xa614a29f4fc1cbcdf36713ede6965e331845872ffdd11384cfc3aa63572f72a1
run_20260217_220238-0141,0xefa7918571540fe03aab733ceedfea82e683d20c09ec36da6143380c3b4cf135,0xee1f4ca3dd018d5252de54e58a053c8177b160de643ff2dd59b03653739e0886,3.421,2026-02-17T04:44:07.632710Z,2026-02-17T05:14:07.632710Z,2026-02-17,0xa614a29f4fc1cbcdf36713ede6965e331845872ffdd11384cfc3aa63572f72a1
run_20260217_220238-0142,0xc8b9cedc152b66c14a6f9f65595a9f0d5810ff2fa4e8b785318c58411611065e,0x607991a0683fb017486f2e0dc1ec3d3c7e081a7065f959286b7f8f6fefff320b,8.817,2026-02-17T04:05:33.921738Z,2026-02-17T05:20:33.921738Z,2026-02-17,0xa614a29f4fc1cbcdf36713ede6965e331845872ffdd11384cfc3aa63572f72a1
run_20260217_220238-0143,0x1a6a847206316db904e35f1728a6b88d229e9117149bf927bc20923ec130faaf,0xdb5e0769f504ff932c331da762169842885554098f6b8d924c4b5c4db5e785c6,3.716,2026-02-17T16:35:14.149668Z,2026-02-17T16:55:14.149668Z,2026-02-17,0xa614a29f4fc1cbcdf36713ede6965e331845872ffdd11384cfc3aa63572f72a1
run_20260217_220238-0144,0xefba4fb66f4741f596688c2f82eb538fc68249585d2d260b324c110a0c1533ec,0x42832ab03708ecefffb84b6558bb927b024b2d8d5eb896bcf5115a2d56bc9e20,2.49,2026-02-17T22:27:11.143594Z,2026-02-17T22:47:11.143594Z,2026-02-17,0xa614a29f4fc1cbcdf36713ede6965e331845872ffdd11384cfc3aa63572f72a1
run_20260217_220238-0145,0xa035d9ebcabfcadd4101fea186d75af495d8e8d243ecb7d13f7633491d50163e,0xaf0ef819ca9ecb889bd51f0b491283e64c2e1ada9885d980885ea929ea767391,10.952,2026-02-17T00:30:12.004183Z,2026-02-17T01:30:12.004183Z,2026-02-17,0xa614a29f4fc1cbcdf36713ede6965e331845872ffdd11384cfc3aa63572f72a1
run_20260217_220238-0146,0x6b45b1bfc5645824c0e646a6ec9656a471240acd4c0cdfc1fe6b43f3c3d38c91,0x1f5e11333f58f125f01ef8ca97429419dd619f20e1207feb3bcffad36149c6ef,2.383,2026-02-17T00:29:38.213825Z,2026-02-17T00:49:38.213825Z,2026-02-17,0xa614a29f4fc1cbcdf36713ede6965e331845872ffdd11384cfc3aa63572f72a1
run_20260217_220238-0147,0xa994ef93bc66c20b90e302a4160fbafb7cae0504a50b314e4f1db12cdf1e79ec,0x6c92e2b0d6741e516d8a361702b167b1b759863efcc64b4dbd37db09e7bb1f04,4.736,2026-02-17T18:02:34.959873Z,2026-02-17T18:42:34.959873Z,2026-02-17,0xa614a29f4fc1cbcdf36713ede6965e331845872ffdd11384cfc3aa63572f72a1
run_20260217_220238-0148,0x14e982c082cb5bb429e4f1e7c7262d95cd278e14610c95e69cc3d330719c7fc0,0x31173af21b5ccc81e7973f300af5d4238f9c3dcb1a54c9ec21424e239039003a,8.854,2026-02-17T22:22:06.065990Z,2026-02-17T23:37:06.065990Z,2026-02-17,0xa614a29f4fc1cbcdf36713ede6965e331845872ffdd11384cfc3aa63572f72a1
run_20260217_220238-0149,0x305acc0fc8efa4b98a38709c23c881dcdb66852727607997217981a046c0fefa,0x2bf2feabbc1252643779bcfcee3bd6ca95df052359deeebec804d36e4fe8f1dc,8.57,2026-02-17T02:57:11.280964Z,2026-02-17T04:12:11.280964Z,2026-02-17,0xa614a29f4fc1cbcdf36713ede6965e331845872ffdd11384cfc3aa63572f72a1
run_20260217_220238-0150,0xfd0ad2133606dfeba03f43654071194bef90649ae2dbd19a4d0c9f8ac506d3e5,0x3d3709b5a5c1c2ae767c971cfad53d5a9b95ea6f948243f117451ff1255fc662,13.787,2026-02-17T14:56:53.839713Z,2026-02-17T16:11:53.839713Z,2026-02-17,0xa614a29f4fc1cbcdf36713ede6965e331845872ffdd11384cfc3aa63572f72a1
run_20260217_220238-0151,0x09566942864990d64c5aacf296c21f37c28c5507024499aae5dc81cd058d0ae3,0x974a1ee9621b6ca04ce61a0c4fb6f0549abdcf0b5f1c200d78ad05ac689d8b89,27.99,2026-02-17T14:55:52.686963Z,2026-02-17T16:10:52.686963Z,2026-02-17,0xa614a29f4fc1cbcdf36713ede6965e331845872ffdd11384cfc3aa63572f72a1
run_20260217_220238-0152,0x65a5ef982e419593830fe7d36d5cd5634764603b0c7c64cfa0f80fb44e6ddae7,0xae23f726fd12f79db3ae908f472352b8e9e3ad9c061bcfd721dccd3ddd1cffcf,27.976,2026-02-17T18:09:39.949089Z,2026-02-17T19:24:39.949089Z,2026-02-17,0xa614a29f4fc1cbcdf36713ede6965e331845872ffdd11384cfc3aa63572f72a1
run_20260217_220238-0153,0x4e5b0effb6f9bb05ebbdb42f941ace55f09dcace6b2faf2759ab392069e968f0,0x2065a3a3a54b7842bb114a2e69bee23eff4e7cbb35799e03c05dc8c8407ee034,3.647,2026-02-17T03:14:43.069697Z,2026-02-17T03:44:43.069697Z,2026-02-17,0xa614a29f4fc1cbcdf36713ede6965e331845872ffdd11384cfc3aa63572f72a1
run_20260217_220238-0154,0xbcbf23e2b81a1fb2842e57fbe938da424b3ae390b09edf145e886845327f3a07,0x83cf333780618be61beb44900b01ba85aa9a7294c258b74fa4a65b60f4780703,26.922,2026-02-17T18:05:08.926585Z,2026-02-17T19:20:08.926585Z,2026-02-17,0xa614a29f4fc1cbcdf36713ede6965e331845872ffdd11384cfc3aa63572f72a1
run_20260217_220238-0155,0x6b7100fa62d5e877f1c8166f03340d62a6dc32cc2db69dedf1ba3cb642c211f7,0xf792b52df6c127ed3545157d5a2c22a7a2409b79af259b57383ee95c93304d2a,7.724,2026-02-17T03:50:44.482153Z,2026-02-17T04:10:44.482153Z,2026-02-17,0xa614a29f4fc1cbcdf36713ede6965e331845872ffdd11384cfc3aa63572f72a1
run_20260217_220238-0156,0xf34487900ef4cb72be701ab6c02627d6a8690d254addc0cf14c9eb8dba554cf4,0x01c712a25d1f48dd8bb03ea633783556359566bf9960fa42ea530b4c018b289b,14.045,2026-02-17T23:45:50.177710Z,2026-02-18T01:00:50.177710Z,2026-02-17,0xa614a29f4fc1cbcdf36713ede6965e331845872ffdd11384cfc3aa63572f72a1
run_20260217_220238-0157,0xa47d10917225842f27a0493370ebb3dd186071cf3bef38635af2bea650971dde,0x093e3a3467c3a58a505aee806d14544b6c5890cb8b4851f3a095efcf390f6b63,3.527,2026-02-17T21:40:18.479882Z,2026-02-17T22:10:18.479882Z,2026-02-17,0xa614a29f4fc1cbcdf36713ede6965e331845872ffdd11384cfc3aa63572f72a1
run_20260217_220238-0158,0x4bfcff5a9325cd1d4b987d0f7a4dbb98e93c6fd7115b8232326b98549823f313,0x7cb35dd56f9c90acc1cf64f3500f71c6598f1f486fc9378c0e093ebb025cff36,5.069,2026-02-17T18:08:46.837942Z,2026-02-17T18:38:46.837942Z,2026-02-17,0xa614a29f4fc1cbcdf36713ede6965e331845872ffdd11384cfc3aa63572f72a1
run_20260217_220238-0159,0x8e2305ab38b112431fcd7a946d1a9a991a54c246476c6ab31cb082d1f45f25be,0x5fe712c2eec281102d8758bf9aaa4ba14066fa1ff48f2d19df7881012a680ee7,7.251,2026-02-17T12:33:33.159349Z,2026-02-17T12:53:33.159349Z,2026-02-17,0xa614a29f4fc1cbcdf36713ede6965e331845872ffdd11384cfc3aa63572f72a1
run_20260217_220238-0160,0x4d12bd4a0236efdbe249041fb5898321f7476ce66298715d4572455fc78558f9,0x02b0b3dff31bfae4e361fc7ab9e19ed498fcebbe5f28d9aaa356a9e9593d29fb,9.232,2026-02-17T00:36:40.245977Z,2026-02-17T01:51:40.245977Z,2026-02-17,0xa614a29f4fc1cbcdf36713ede6965e331845872ffdd11384cfc3aa63572f72a1
run_20260217_220238-0161,0xb265373a1a5fe4999bca2fb2e9cd86072af43780210e5b0775b00061720bf1ac,0xf5a0812f14d2cb7c955dc7497a9823baac2e8b40d2c59fed99f71a6d785ed251,7.057,2026-02-17T06:52:41.735044Z,2026-02-17T07:52:41.735044Z,2026-02-17,0xa614a29f4fc1cbcdf36713ede6965e331845872ffdd11384cfc3aa63572f72a1
run_20260217_220238-0162,0xb1478e67b8b9c8c75a795c26d43e01cc5b79898eea9b51bd929ba6fb81d2b7ea,0xaa50ab5720926fa219eb5685eb4f05c8de084bf27f7abb0be1a20c0b2ea94144,3.153,2026-02-17T13:29:35.574954Z,2026-02-17T13:49:35.574954Z,2026-02-17,0xa614a29f4fc1cbcdf36713ede6965e331845872ffdd11384cfc3aa63572f72a1
run_20260217_220238-0163,0xf47bfc39aa8d7f11b5819750d8b0af12c1d5db1d385fa49eee0d201957a11340,0x723200800d806b5d1bec1ff318008e8ffbaeeb576f04fb5974fdf3a803c0c1ff,11.058,2026-02-17T17:25:24.544726Z,2026-02-17T18:25:24.544726Z,2026-02-17,0xa614a29f4fc1cbcdf36713ede6965e331845872ffdd11384cfc3aa63572f72a1
run_20260217_220238-0164,0xa53e592057b6df7a3312b898f62392354faf0f3530ce6c75ac265b056aab11d9,0x63d388fb6e63a85cc5e2fbf350a3a1e1f07a1866ea230213c8cb7e78fba596f6,4.936,2026-02-17T14:37:56.661326Z,2026-02-17T15:17:56.661326Z,2026-02-17,0xa614a29f4fc1cbcdf36713ede6965e331845872ffdd11384cfc3aa63572f72a1
run_20260217_220238-0165,0x468eba0c53d7da5be7695f68bfafa1f818904942feb13c11ad1b3f5c8e8b2ec8,0xd4fdf7a934062b6c83b84a701863f7531d2eab0a8e059a0d0b1c5ce42c1e505f,15.758,2026-02-17T23:21:10.971493Z,2026-02-18T00:01:10.971493Z,2026-02-17,0xa614a29f4fc1cbcdf36713ede6965e331845872ffdd11384cfc3aa63572f72a1
run_20260217_220238-0166,0x2070efdb477a92ed38dbeb8e44b8a848481abdfaae9a05fb4cb0a8f45540ffc4,0x137573c6b0619aca79f43068c47bfd51beece00e2d60bf24139af97c2601bad1,7.128,2026-02-17T19:54:48.035419Z,2026-02-17T20:54:48.035419Z,2026-02-17,0xa614a29f4fc1cbcdf36713ede6965e331845872ffdd11384cfc3aa63572f72a1
run_20260217_220238-0167,0x9653a01fb8877ebd94953405a5dbd3e7873f594e1cb972303975e7282410ba11,0xf0839f942e39a8cc8d3b669a78808e57f7d869b5778b46ff1555e108e1434f2b,3.665,2026-02-17T20:43:53.704981Z,2026-02-17T21:03:53.704981Z,2026-02-17,0xa614a29f4fc1cbcdf36713ede6965e331845872ffdd11384cfc3aa63572f72a1
run_20260217_220238-0168,0xe323ae904e4187ec17a6ff1aa60962f3506ade688e0babaff7f9dae57b9f4707,0xae72845265a8c7060c8303b0e503b0eabddc85604f3664981fdc5ebf19ecfdf0,8.821,2026-02-17T04:13:06.555252Z,2026-02-17T05:28:06.555252Z,2026-02-17,0xa614a29f4fc1cbcdf36713ede6965e331845872ffdd11384cfc3aa63572f72a1
run_20260217_220238-0169,0x3ed61eec5fa4417d21b312fa3c9dbf47b7d11d216ae0957b9ff7e6360238c61e,0xda461f4bf9dc77f031687dd64026cdbe15d09ffc6136e0afaed740834b797939,8.867,2026-02-17T10:53:17.647017Z,2026-02-17T12:08:17.647017Z,2026-02-17,0xa614a29f4fc1cbcdf36713ede6965e331845872ffdd11384cfc3aa63572f72a1
run_20260217_220238-0170,0x540935a40e344b4892dbdfca71079ed2d814cc13d46f8a3bd5dafa3dcf857017,0xa0ba0ea16fb46bf73a8036b34b6115272ee34826b383ac4c1494b9632db68d0c,21.831,2026-02-17T00:12:23.466913Z,2026-02-17T01:12:23.466913Z,2026-02-17,0xa614a29f4fc1cbcdf36713ede6965e331845872ffdd11384cfc3aa63572f72a1
run_20260217_220238-0171,0xb743cb162b68614cd83e44f7262da3d5c537523fb13ca45860afb07ab39836e5,0xd5ca3bcbe175c1e24abe2d3253b80ba086c892557730ab6949635f34dedec9f3,8.723,2026-02-17T19:59:28.354181Z,2026-02-17T21:14:28.354181Z,2026-02-17,0xa614a29f4fc1cbcdf36713ede6965e331845872ffdd11384cfc3aa63572f72a1
run_20260217_220238-0172,0x3363b586892016797c84ce6ed4d84ad8c9db1aded9dceee26bab985cb5fd5a22,0x293c2eaa9dc95f1154dc08dbbf915cbb49a380de0f0100d2877bc3c352b91b65,3.876,2026-02-17T15:42:14.817711Z,2026-02-17T16:02:14.817711Z,2026-02-17,0xa614a29f4fc1cbcdf36713ede6965e331845872ffdd11384cfc3aa63572f72a1
run_20260217_220238-0173,0xfc0d076ad06061f9ee00cd0917a0e7a44593947b9cb738059a9a8000f6e0c1c0,0x41939d6df469be2acb07961ac11d700fef4f2f6ed2a864908e6179f730d1c8c9,7.512,2026-02-17T16:29:52.674287Z,2026-02-17T17:29:52.674287Z,2026-02-17,0xa614a29f4fc1cbcdf36713ede6965e331845872ffdd11384cfc3aa63572f72a1
run_20260217_220238-0174,0x32ee6af78f640244824c27084fa942c3651b166c68e7cb91abb5324cef742b71,0x093aa8db1630252baa6431a716ecd608b0abc166d9b84d84fc647fa2ddd00ac9,5.46,2026-02-17T19:47:47.240684Z,2026-02-17T20:17:47.240684Z,2026-02-17,0xa614a29f4fc1cbcdf36713ede6965e331845872ffdd11384cfc3aa63572f72a1
run_20260217_220238-0175,0x91ff5295764674c3c12178770b29de97a6bef2529c9e9918c12cc0fa8c434c11,0x29269296e71c7a928a5fe514114e4a1f1267c0a46ab576be3575d9e8f30af7fe,5.419,2026-02-17T06:17:09.644871Z,2026-02-17T06:47:09.644871Z,2026-02-17,0xa614a29f4fc1cbcdf36713ede6965e331845872ffdd11384cfc3aa63572f72a1
run_20260217_220238-0176,0xf567e0bea4eb360a7e5f029cfb463202983b9af3a6b3ff4fe264d6716a31c404,0x64f16104411c92327330e07f9f2fa4b5c377a161de1901af70a50fb1667cf237,9.037,2026-02-17T04:47:42.996365Z,2026-02-17T06:02:42.996365Z,2026-02-17,0xa614a29f4fc1cbcdf36713ede6965e331845872ffdd11384cfc3aa63572f72a1
run_20260217_220238-0177,0xd77ae7380f0bb979c1c7f03064535e4b721fa43ea9fe260d57d782e8c831072e,0xd0a558bef14196bc22de33cbdb78a84204ab8caf1e8834797d51d052bf23d504,5.695,2026-02-17T09:49:09.453266Z,2026-02-17T10:19:09.453266Z,2026-02-17,0xa614a29f4fc1cbcdf36713ede6965e331845872ffdd11384cfc3aa63572f72a1
run_20260217_220238-0178,0xd08260352feeb6febdb27e8703a97010449b3f0216ce97ef81e3f110ab3ef40f,0x75d4bfb91b45da01f11adcdb99e64fef58d6885a2595c5b853d2be6744c00389,21.846,2026-02-17T13:49:49.449229Z,2026-02-17T14:49:49.449229Z,2026-02-17,0xa614a29f4fc1cbcdf36713ede6965e331845872ffdd11384cfc3aa63572f72a1
run_20260217_220238-0179,0x6746ff7eb3da0c88c30cbd8241555fb4b632ebec37aa4de9f932ea2b814b702d,0xdc31e00318cf1e8fcb01a72cae6a51718f85968e49c7580635429c211ea13025,27.18,2026-02-17T00:51:05.166675Z,2026-02-17T02:06:05.166675Z,2026-02-17,0xa614a29f4fc1cbcdf36713ede6965e331845872ffdd11384cfc3aa63572f72a1
run_20260217_220238-0180,0x5642e50aa0e1c265ee34b8a814014cfdacad7f36d14970761cde90d9b0697460,0x5e85f1828b53f656238c9b7b4185ab7b9423a8e7974d7db8638b0d1079efff32,13.592,2026-02-17T17:33:14.398228Z,2026-02-17T18:48:14.398228Z,2026-02-17,0xa614a29f4fc1cbcdf36713ede6965e331845872ffdd11384cfc3aa63572f72a1
run_20260217_220238-0181,0xdec1764dca11c40086b2ff82e6e03ed0ba5457cf1f9826c64611928672e8371c,0xfbb53855eea42bd887325d964897e85ad402d8f6400d426c466889d4474ea383,27.269,2026-02-17T18:17:47.860816Z,2026-02-17T19:32:47.860816Z,2026-02-17,0xa614a29f4fc1cbcdf36713ede6965e331845872ffdd11384cfc3aa63572f72a1
run_20260217_220238-0182,0x5ef0ea8c78d17d6a32083de3dda443267c164c6475f0e7423218b69178fedb9b,0x0c26f0a73b0a052ff9a04835ddf9a120abf12f954db31f2aea165d3aa807daba,7.521,2026-02-17T20:43:45.118485Z,2026-02-17T21:43:45.118485Z,2026-02-17,0xa614a29f4fc1cbcdf36713ede6965e331845872ffdd11384cfc3aa63572f72a1
run_20260217_220238-0183,0xda3efd6ac59d03782cb7b731a1d995fc814d9a33ce63da6e2ef81e882c507bdc,0xb91ed9dde8308838ea4dbd4c1d6627718c7ec483bc48ea6b042c7cc84688b417,3.633,2026-02-17T22:10:15.393984Z,2026-02-17T22:30:15.393984Z,2026-02-17,0xa614a29f4fc1cbcdf36713ede6965e331845872ffdd11384cfc3aa63572f72a1
run_20260217_220238-0184,0x0c1c2f8a710ea0f80ec0d3b19c205a7b621d9752a8601f5baf0e1a6f9e64913d,0x57aee1fd1dbcc1dafe788c469f702c93ffa9f19308c866c0c5f276c81d140531,7.36,2026-02-17T23:55:26.325444Z,2026-02-18T00:15:26.325444Z,2026-02-17,0xa614a29f4fc1cbcdf36713ede6965e331845872ffdd11384cfc3aa63572f72a1
run_20260217_220238-0185,0x3ca00a7de5caadb330f20e28a9727a846d717501651bae67f8045a30b6fce7c4,0xd0de80a8775154066af756da6dd099421108187f5b7da1a5397075080ab553f7,5.425,2026-02-17T00:44:53.690681Z,2026-02-17T01:14:53.690681Z,2026-02-17,0xa614a29f4fc1cbcdf36713ede6965e331845872ffdd11384cfc3aa63572f72a1
run_20260217_220238-0186,0x5b0c6b3286eaf4ff55d8286fc37426341fccd4d34f55a432fd117045d5c97cd5,0x8d45dd1b520cad182fd9acc5f2938e10b49d9f3b9bce1bf24f7b0f693d5ec37c,2.348,2026-02-17T05:41:21.252463Z,2026-02-17T06:01:21.252463Z,2026-02-17,0xa614a29f4fc1cbcdf36713ede6965e331845872ffdd11384cfc3aa63572f72a1
run_20260217_220238-0187,0x6509b114ca855630309ac819f0cf5e5783d19beb65ba2fbc9301392f17f66679,0x3b9b2c419056a8ebe7ee2323159d3bb238dbbb6f95a63589d8655ddc002ea283,7.533,2026-02-17T23:58:01.599517Z,2026-02-18T00:58:01.599517Z,2026-02-17,0xa614a29f4fc1cbcdf36713ede6965e331845872ffdd11384cfc3aa63572f72a1
run_20260217_220238-0188,0x0fc20c5a72fe8bf1713990d8a0f379e929ad4a70c7a01a95676a7c92fb514442,0x2898ef4c1622b23f3431044e29d138fe53cda2bd59762471c3349981e9508114,5.427,2026-02-17T07:11:48.265500Z,2026-02-17T07:41:48.265500Z,2026-02-17,0xa614a29f4fc1cbcdf36713ede6965e331845872ffdd11384cfc3aa63572f72a1
run_20260217_220238-0189,0x0e8b90684338b685773624bf01c52ecd06fb109b8be86f760dbf58fcaf962616,0xaa812386912f9cecf5400f736b48de3a405751bdcef68cd16f880f62fdd432fd,4.957,2026-02-17T23:47:23.394037Z,2026-02-18T00:27:23.394037Z,2026-02-17,0xa614a29f4fc1cbcdf36713ede6965e331845872ffdd11384cfc3aa63572f72a1
run_20260217_220238-0190,0xd6a0c58dd89fbfd93af64b8431318e7e61509bba50b7a7c8b85262ba3d474850,0x76cba2df4b093ea23ccd2ee4d33eeabd3eaf6a249ed8f53c3e769bf3ce655aec,11.048,2026-02-17T05:25:13.014213Z,2026-02-17T05:55:13.014213Z,2026-02-17,0xa614a29f4fc1cbcdf36713ede6965e331845872ffdd11384cfc3aa63572f72a1
run_20260217_220238-0191,0x4fafb5473a2199b0a2012438bf85d9808bb386f70b788de85f5d666f7288f4cb,0xb3415ec2910f5a009616db4b1361cd6b8c407ff8e537ccdb648e005513cf03c8,21.241,2026-02-17T06:01:29.572537Z,2026-02-17T07:01:29.572537Z,2026-02-17,0xa614a29f4fc1cbcdf36713ede6965e331845872ffdd11384cfc3aa63572f72a1
run_20260217_220238-0192,0x319380871bb573c5ad747b686afd714457cbed5f0d3e0b23fba351964c181077,0x4af9210d94cba55fe04bad26ffca5a4ea6b617f3392a892b69855e3d8a201f37,14.781,2026-02-17T06:40:30.079203Z,2026-02-17T07:20:30.079203Z,2026-02-17,0xa614a29f4fc1cbcdf36713ede6965e331845872ffdd11384cfc3aa63572f72a1
run_20260217_220238-0193,0x1e2d040a7f8d67120b067c71f0420d3351936d5a49214cf1f1d5b7daf47235d4,0xb8cd0a07e7c1640bb574ed7ff347002ffb039e113548abe4623d7fbb1bdd6b43,22.394,2026-02-17T21:16:38.947551Z,2026-02-17T22:16:38.947551Z,2026-02-17,0xa614a29f4fc1cbcdf36713ede6965e331845872ffdd11384cfc3aa63572f72a1
run_20260217_220238-0194,0xd32e287ef88a3650669f4926d436049f13256425ed6d72fec73a665dece30aa1,0x26a3f2fabe0a04cf683803bd516b541a4dc38fe15bc82bcff6eb0a18f49f57f7,3.774,2026-02-17T09:53:11.793866Z,2026-02-17T10:13:11.793866Z,2026-02-17,0xa614a29f4fc1cbcdf36713ede6965e331845872ffdd11384cfc3aa63572f72a1
run_20260217_220238-0195,0x6d87f928025a2677075d7e398bb1b576a54840332ffeb518dcf397ef36c7a6ed,0x2df34f0a78067b33d4dc35a2097555912ac3015e2f405b160e4db9f900cecc01,10.603,2026-02-17T11:57:29.369380Z,2026-02-17T12:57:29.369380Z,2026-02-17,0xa614a29f4fc1cbcdf36713ede6965e331845872ffdd11384cfc3aa63572f72a1
run_20260217_220238-0196,0x51b0ec7b96e0bec7912cacd825c6004236aaafdc9048fab9c39eadf6fe14f678,0x70a5c991eea4ed5167fb493fd4a73703cf71d091c944337c819dcc78aff00e3d,23.332,2026-02-17T22:23:47.656775Z,2026-02-17T23:23:47.656775Z,2026-02-17,0xa614a29f4fc1cbcdf36713ede6965e331845872ffdd11384cfc3aa63572f72a1
run_20260217_220238-0197,0xd0b6a9b2bd344e3b577f1039efa98a82bd850923ce4282083b3622c5d702aca2,0x5ac4e4a4ea854af37d94fbfbcd733304806c2a844fcd1628f2cc03a3245aa8b9,27.485,2026-02-17T01:06:39.400168Z,2026-02-17T02:21:39.400168Z,2026-02-17,0xa614a29f4fc1cbcdf36713ede6965e331845872ffdd11384cfc3aa63572f72a1
run_20260217_220238-0198,0xafd6d53a4b1499cad71849e6e745688291cfb458fe77081a9c63a69a2066d0ad,0x4e92237018f30e2009372f2f86e77d069d7f00f56c61782ae4829b8c1f5aa5ed,3.878,2026-02-17T11:43:28.445618Z,2026-02-17T12:03:28.445618Z,2026-02-17,0xa614a29f4fc1cbcdf36713ede6965e331845872ffdd11384cfc3aa63572f72a1
run_20260217_220238-0199,0xa6d69de8b97bef8b41ee8d98cd27d3d1c0ff496404d4b66b8a0c34bd27b46291,0xd3459b3551a9d7ab936fe752914a933ea783d20a45083d0f29d84063091809ca,9.058,2026-02-17T21:12:55.176655Z,2026-02-17T22:27:55.176655Z,2026-02-17,0xa614a29f4fc1cbcdf36713ede6965e331845872ffdd11384cfc3aa63572f72a1
run_20260217_220238-0200,0x03bfc834fbc89bc084de798266306ee94c8571c1a74a9f3e94a46facd53dd6fa,0x379c2c1986e9becaad4da32e2c9f3a1781e7d13e4902c8ccd72207c1c1ac945c,2.495,2026-02-17T21:07:03.759676Z,2026-02-17T21:27:03.759676Z,2026-02-17,0xa614a29f4fc1cbcdf36713ede6965e331845872ffdd11384cfc3aa63572f72a1
run_20260217_220238-0201,0x70d3f02d545b803e1b5e075fd0bf24f1cad33bb346a22b9481c0e7a251f136e3,0x6b78d3ff15ef88d54c2009b5550eb995025a306d8920a9baf7fa495130a1fc73,7.392,2026-02-17T05:25:07.225771Z,2026-02-17T06:05:07.225771Z,2026-02-17,0xa614a29f4fc1cbcdf36713ede6965e331845872ffdd11384cfc3aa63572f72a1
run_20260217_220238-0202,0x93e2a513e9ea38abf341186d2ed495de642d6f5043e075904379e73ed0f0a217,0xe1df0785775e07ae7b42292c1c0c810b4bcfa150a4aa6a3ae246aa2a64a1b9e3,9.367,2026-02-17T05:21:43.453405Z,2026-02-17T06:36:43.453405Z,2026-02-17,0xa614a29f4fc1cbcdf36713ede6965e331845872ffdd11384cfc3aa63572f72a1
run_20260217_220238-0203,0xd07a9fb5b201afcd7f4c62165acc2805ebfc8c315d0e2fa78d58791ad73af636,0x47f342d23a91cbff9b0ca131e26137922147a209a99893e29615a29e411b3bb6,11.306,2026-02-17T22:32:45.065464Z,2026-02-17T23:02:45.065464Z,2026-02-17,0xa614a29f4fc1cbcdf36713ede6965e331845872ffdd11384cfc3aa63572f72a1
run_20260217_220238-0204,0xd7af01c35d41e481af2822303b0daa1eb8d103e6ac7ac3cc4cd36ab8daaffc38,0x8c8fc0cb8b1533cd831285376b2ade640a69b18e6c350143e4d2894a202924ee,8.132,2026-02-17T21:56:44.431127Z,2026-02-17T22:16:44.431127Z,2026-02-17,0xa614a29f4fc1cbcdf36713ede6965e331845872ffdd11384cfc3aa63572f72a1
run_20260217_220238-0205,0x4448cb5c3a6bf20168a4053493acb6ac9a89bbf4dfdd847d999b421c5650629b,0x561e362ddb0c38dbc1c135f29722a2a9a4f429a342146638f549e7ee2da62442,7.545,2026-02-17T20:50:46.804052Z,2026-02-17T21:30:46.804052Z,2026-02-17,0xa614a29f4fc1cbcdf36713ede6965e331845872ffdd11384cfc3aa63572f72a1
run_20260217_220238-0206,0xd1e5171b1c3e08e57380956eb323c60db5a1d6832cef18913bf4eb0aa1517fd3,0x98614d629ddd8678fec3284bfe84e3cc719a278e07d3673b3f29bdc92b43f802,3.702,2026-02-17T09:57:01.225707Z,2026-02-17T10:27:01.225707Z,2026-02-17,0xa614a29f4fc1cbcdf36713ede6965e331845872ffdd11384cfc3aa63572f72a1
run_20260217_220238-0207,0x830dae99225d1a6650b3901b1af7d692e3205dfae0bd1e30ada3c4350949ee9d,0xc89a91292e494d2775c518b581a32d86f91abc997312d44375d475c3a8f3c6d9,2.269,2026-02-17T03:31:25.539159Z,2026-02-17T03:51:25.539159Z,2026-02-17,0xa614a29f4fc1cbcdf36713ede6965e331845872ffdd11384cfc3aa63572f72a1
run_20260217_220238-0208,0x0f139ea0cc225b24e89fdd12c348b0f91d7d8a89cd1b6966b51a8d1006eddff1,0xb3de57a51a8ac6c8128c889560daf4b9966e1634c8b4e0a50a07458d43da9b76,7.209,2026-02-17T16:06:58.627872Z,2026-02-17T16:26:58.627872Z,2026-02-17,0xa614a29f4fc1cbcdf36713ede6965e331845872ffdd11384cfc3aa63572f72a1
run_20260217_220238-0209,0x81e4ee86c919fb0070ca28a0c9af38442cf6a0845fc1d52398c01d020e61926f,0xb4fd0e01a49b551c2b6752e300edd91531b27c8600b558bff0086cfdff747f6a,11.125,2026-02-17T19:48:37.827910Z,2026-02-17T20:48:37.827910Z,2026-02-17,0xa614a29f4fc1cbcdf36713ede6965e331845872ffdd11384cfc3aa63572f72a1
run_20260217_220238-0210,0x2f0c6b5fc878af103818f0e50f53726ed99cf9724c1fb319eb629ab7c5369be7,0x1792d95868ebdd8601de519165c58ae37ee0bde27765c0364528b29e26bd534a,2.286,2026-02-17T09:54:59.339810Z,2026-02-17T10:14:59.339810Z,2026-02-17,0xa614a29f4fc1cbcdf36713ede6965e331845872ffdd11384cfc3aa63572f72a1
run_20260217_220238-0211,0xf798997de13a2528de5620bada2cdf6b65e970b7316524c2f0b0781d49510bb7,0x7ac57bd684bea437be16194431256dbad3d722ad81c92d9677693d3330507374,5.067,2026-02-17T04:04:43.626288Z,2026-02-17T04:44:43.626288Z,2026-02-17,0xa614a29f4fc1cbcdf36713ede6965e331845872ffdd11384cfc3aa63572f72a1
run_20260217_220238-0212,0xff82aee688860d4cd3c31b7197349422faab3c295573752fc41d6effdf044f5f,0xf4a43e5d93eff5b5fb0bed67e0a7f063c0107d1a1297cdb6c90c71c6721254a1,6.979,2026-02-17T02:11:02.515749Z,2026-02-17T02:51:02.515749Z,2026-02-17,0xa614a29f4fc1cbcdf36713ede6965e331845872ffdd11384cfc3aa63572f72a1
run_20260217_220238-0213,0x85322ca5cceaee1c9266072cd95469dd3f8a0903477d881ef22cd7a3362f7b93,0x0b09d56007ca7c5e4b36110520b28185135a1b49020323112e9d592b25ee5d36,10.175,2026-02-17T20:41:22.808120Z,2026-02-17T21:11:22.808120Z,2026-02-17,0xa614a29f4fc1cbcdf36713ede6965e331845872ffdd11384cfc3aa63572f72a1
run_20260217_220238-0214,0x96ad26865332aca34ef1ac7d21cbf3ab2968fa9d415408d7973fab440abb0210,0x4a82344c80506c1fb3c47cc193cdbe63c5fc306dda04821bf8f38c1783cba2d4,11.273,2026-02-17T10:54:53.661559Z,2026-02-17T11:54:53.661559Z,2026-02-17,0xa614a29f4fc1cbcdf36713ede6965e331845872ffdd11384cfc3aa63572f72a1
run_20260217_220238-0215,0x8e5b5caecfddc1c8d42c35cd2f5e249484b7e6463348899513e362d7059b7c35,0x96bbab63c079f2405b78d6166b8688623ab9a2f97cc74c3132a8f73d40f9f774,5.214,2026-02-17T21:34:48.393257Z,2026-02-17T22:04:48.393257Z,2026-02-17,0xa614a29f4fc1cbcdf36713ede6965e331845872ffdd11384cfc3aa63572f72a1
run_20260217_220238-0216,0x3e1d224a99ad015919db14dcd0e68e108656c571d3f6458cdb840cf13f2c7d43,0x6871a8d0943dcdfdfd36183eee96aa56bad4ec888b136450bd2d75599eb49511,3.467,2026-02-17T03:50:31.197401Z,2026-02-17T04:20:31.197401Z,2026-02-17,0xa614a29f4fc1cbcdf36713ede6965e331845872ffdd11384cfc3aa63572f72a1
run_20260217_220238-0217,0xde09b19219a50bb812f54f253b43cb2771607e4da4fdfb0e1cf6f890c558b7ed,0xd3dc2fd881bae254dc94f4d16b0dd6f0575f8d95ce6a9f95dacfa506f99233c0,9.273,2026-02-17T10:27:24.399542Z,2026-02-17T11:42:24.399542Z,2026-02-17,0xa614a29f4fc1cbcdf36713ede6965e331845872ffdd11384cfc3aa63572f72a1
run_20260217_220238-0218,0x893e59e0c9c5ed67344f570a2d0259bb71eda9198597a57ccc87627b6721ccfa,0x7e532c8da8c25b1a8817451953a5cd3f6d0b5252d1774b96130714281444cd40,3.765,2026-02-17T20:26:17.681560Z,2026-02-17T20:56:17.681560Z,2026-02-17,0xa614a29f4fc1cbcdf36713ede6965e331845872ffdd11384cfc3aa63572f72a1
run_20260217_220238-0219,0x15f4e261494a1b605d5dc9ae51dcaf836ec6ee8a8f753d59ce0a9424d11a05e3,0xd29422ba528def20657c8ba9d64b05ceba231fbb18510e28238d6504e2d98d62,11.553,2026-02-17T16:14:27.083142Z,2026-02-17T16:44:27.083142Z,2026-02-17,0xa614a29f4fc1cbcdf36713ede6965e331845872ffdd11384cfc3aa63572f72a1
run_20260217_220238-0220,0x2008156e968f6d1bc6a12bbb80b96d026ab118e3ccfe8af669ab395d0e001595,0x0ccec725574e0ffab64308ec3484c33fdfe4dcecb046b227862439224829cd12,4.906,2026-02-17T09:15:15.543588Z,2026-02-17T09:55:15.543588Z,2026-02-17,0xa614a29f4fc1cbcdf36713ede6965e331845872ffdd11384cfc3aa63572f72a1
run_20260217_220238-0221,0x5b3d8e352e37cb858f5f095eab8308be16bdb38dab0882e8081e83d973554514,0xe2f130945ddbde2f34814691b5ba653894f7136b2049cfcf7627e65082e4180c,9.13,2026-02-17T00:07:13.937521Z,2026-02-17T01:22:13.937521Z,2026-02-17,0xa614a29f4fc1cbcdf36713ede6965e331845872ffdd11384cfc3aa63572f72a1
run_20260217_220238-0222,0x87f2943003b79721b65d3922737d53f0746307b727f072d0473d968bfc9722ab,0x42d6f6d30f7f7f7e1727e6d26c52ec98a9b13d8734ecc4edff4b53c6e4837129,7.339,2026-02-17T02:42:13.136285Z,2026-02-17T03:42:13.136285Z,2026-02-17,0xa614a29f4fc1cbcdf36713ede6965e331845872ffdd11384cfc3aa63572f72a1
run_20260217_220238-0223,0x0da249118fe0a69ceef8a61c2c6d6fd62cafe27d5fade21c5c85f372b5144d45,0xeb5e3e6ca7f84b30c4965dabef91f236ddf90ca2a7c858dd02ff2f68f94ce173,27.51,2026-02-17T04:05:31.077138Z,2026-02-17T05:20:31.077138Z,2026-02-17,0xa614a29f4fc1cbcdf36713ede6965e331845872ffdd11384cfc3aa63572f72a1
run_20260217_220238-0224,0x074eac000c1cd9d32395be65e113fa117b63d4c2dc05a47a48bfa330d5a847a1,0xb41cbd5f016772fd9b6ff44c98349975a570298450925c269e58c9126f272974,11.746,2026-02-17T13:37:53.663930Z,2026-02-17T14:07:53.663930Z,2026-02-17,0xa614a29f4fc1cbcdf36713ede6965e331845872ffdd11384cfc3aa63572f72a1
run_20260217_220238-0225,0x142ea0a6788da113f94ab1ce1b9608636b67bd8cfa3cde6b6cb12dd9cec09270,0x5c2ecff789381b074ec4ae2796305ad408a1021ab761620abd469250c3070c4c,7.314,2026-02-17T11:01:13.162709Z,2026-02-17T11:41:13.162709Z,2026-02-17,0xa614a29f4fc1cbcdf36713ede6965e331845872ffdd11384cfc3aa63572f72a1
run_20260217_220238-0226,0x14b1a00dfedbbbaa8e6820334e86d965506223be13fc8d5bfb6ef9d2f7918518,0xebc1096816ef5d501f8e2346d5677ca5e19f7acc0e5e870b130335eb79a34774,2.595,2026-02-17T12:27:19.626460Z,2026-02-17T12:47:19.626460Z,2026-02-17,0xa614a29f4fc1cbcdf36713ede6965e331845872ffdd11384cfc3aa63572f72a1
run_20260217_220238-0227,0x37597a38aa83a2db661eb2a428997e8e018ad9dc57ffdf530461e521025ab423,0xa1669ed3202435f7a418cacd90b562f4a9ffcee4a0cafe17c9667e9f9a1f0afc,22.647,2026-02-17T14:26:38.821089Z,2026-02-17T15:26:38.821089Z,2026-02-17,0xa614a29f4fc1cbcdf36713ede6965e331845872ffdd11384cfc3aa63572f72a1
run_20260217_220238-0228,0x2928eb860c8d05d083cc0bb2e3407b292f5f63f2096e3fbb189acfd1d947bc4b,0xb7a24c8377e8a1eb6441404c61408e935610edeaa2f9d04b2c419cdc6bffeebb,14.842,2026-02-17T21:55:34.888257Z,2026-02-17T22:35:34.888257Z,2026-02-17,0xa614a29f4fc1cbcdf36713ede6965e331845872ffdd11384cfc3aa63572f72a1
run_20260217_220238-0229,0x1f90b1b9ee419a75633a64238031cb0edb7b7190796f6b4b958248fe42f85e0e,0xc31daea6caa127ec3d6e3cf558951b286942a7fbf0bbcc8dfe0f2c371b55f920,4.801,2026-02-17T18:19:40.529517Z,2026-02-17T18:59:40.529517Z,2026-02-17,0xa614a29f4fc1cbcdf36713ede6965e331845872ffdd11384cfc3aa63572f72a1
run_20260217_220238-0230,0xab56e6ace53158866a08ce1d9db7473b4fa0e9234ade885a082ef8be520e6004,0xa153d6757e2ac6594b1919419ff98b2524724bad93406d2724225ac5a619fbc7,3.313,2026-02-17T01:12:21.087866Z,2026-02-17T01:42:21.087866Z,2026-02-17,0xa614a29f4fc1cbcdf36713ede6965e331845872ffdd11384cfc3aa63572f72a1
run_20260217_220238-0231,0xd85e84a55ecd2134719bc619412b1f0a7e0d965edbb8c81bfc594d7b99cb8ba3,0x396c735f7d1a86f57f110e6a63b036a9eeced790486a384fbc697f20ef699629,14.621,2026-02-17T09:42:07.882639Z,2026-02-17T10:22:07.882639Z,2026-02-17,0xa614a29f4fc1cbcdf36713ede6965e331845872ffdd11384cfc3aa63572f72a1
run_20260217_220238-0232,0x787d8c787003e801de86262eb09f945841503ce51efa8dba072544f972d9a168,0xc2edabc1980b3cf51249082be9170dc7673b288d4be421d52b28eba66c009f6c,7.142,2026-02-17T11:26:30.642297Z,2026-02-17T12:26:30.642297Z,2026-02-17,0xa614a29f4fc1cbcdf36713ede6965e331845872ffdd11384cfc3aa63572f72a1
run_20260217_220238-0233,0x33ee8c24381b03d4d6ea4c9af446b6470e10dafd9f27479445ea1ea443c990a2,0x40b3d4728dd49db99e726b2b09da63f0ca65430c6e365b23d41d6e1c8ff0781b,7.274,2026-02-17T10:15:17.192081Z,2026-02-17T11:15:17.192081Z,2026-02-17,0xa614a29f4fc1cbcdf36713ede6965e331845872ffdd11384cfc3aa63572f72a1
run_20260217_220238-0234,0x19cd2b7386fdfcb6b6688e5f598de6c466c8d38755b2afe960bd7b0509522f73,0xbe431948fbd3ac927f6c9c1896434d539ca9aa9a6f66d13c89e1ad806a52d637,7.563,2026-02-17T16:42:36.052022Z,2026-02-17T17:22:36.052022Z,2026-02-17,0xa614a29f4fc1cbcdf36713ede6965e331845872ffdd11384cfc3aa63572f72a1
run_20260217_220238-0235,0x75b6ea606d6884a67e6e4cfe18e451ac086d8c384d42fc4e38531ba94db5d648,0x68c1733ebe70e18c416f8da432b9b424a12a5686c8588be81f0e0756095f6a9f,5.578,2026-02-17T08:29:24.064293Z,2026-02-17T08:59:24.064293Z,2026-02-17,0xa614a29f4fc1cbcdf36713ede6965e331845872ffdd11384cfc3aa63572f72a1
run_20260217_220238-0236,0x83212fb4cacb3132362fa26576b8f7ecfe6970c79ce14e84884b0867037014b5,0x041292deecc86475d92832a8fd4581e47614c7c5918483f827cade92503d1f4c,13.796,2026-02-17T22:24:30.693998Z,2026-02-17T23:39:30.693998Z,2026-02-17,0xa614a29f4fc1cbcdf36713ede6965e331845872ffdd11384cfc3aa63572f72a1
run_20260217_220238-0237,0xff754918f7fe5c72777a50613c0e0919eb755b89ce134122ab4beb04163a2e32,0xf7b48c732c0a5daf6c9609aec8ed2423b7c8b2ac92fdc53bbfb34cd45e2939f2,5.376,2026-02-17T07:38:06.535258Z,2026-02-17T08:08:06.535258Z,2026-02-17,0xa614a29f4fc1cbcdf36713ede6965e331845872ffdd11384cfc3aa63572f72a1
run_20260217_220238-0238,0x9b62209e5701471a2c31be04c3973b43a0b2237dbf4afca9dbd68a557670dcd3,0xb718912919e77736fc33aeec32996cc859efc63647c7518f8c5556ff16f4d63f,4.511,2026-02-17T07:27:03.313550Z,2026-02-17T08:07:03.313550Z,2026-02-17,0xa614a29f4fc1cbcdf36713ede6965e331845872ffdd11384cfc3aa63572f72a1
run_20260217_220238-0239,0x1da1d945e3493d5ef5588e4146988c01d2b56886f99d975ccfa94c7c8a312792,0xa4a716d73f89ba6b7d1adec5db83a4dda1255e7d60d9872adf10d4b9aab000d5,3.693,2026-02-17T03:13:55.974038Z,2026-02-17T03:33:55.974038Z,2026-02-17,0xa614a29f4fc1cbcdf36713ede6965e331845872ffdd11384cfc3aa63572f72a1
run_20260217_220238-0240,0x1a81b87dd0cb4f095fc31b72d582ed6eadbf4077748ccc7fc105d3f5d22ad9af,0x218acaf2f415f30e51971dd8bcb0e034ae10bfbecdc8c0b7302d006d82dfcdf8,7.218,2026-02-17T01:21:04.370760Z,2026-02-17T02:01:04.370760Z,2026-02-17,0xa614a29f4fc1cbcdf36713ede6965e331845872ffdd11384cfc3aa63572f72a1
run_20260217_220238-0241,0xfa2a1245609218a5bf6bbfc52427a7f0e2bed6f5e5e344925196ae1fff8b699e,0x9a8c19ea981317043d207814d4ba19b243f8642e4ec483ce6e6e1a43a82feeb8,14.576,2026-02-17T08:05:12.488902Z,2026-02-17T08:45:12.488902Z,2026-02-17,0xa614a29f4fc1cbcdf36713ede6965e331845872ffdd11384cfc3aa63572f72a1
run_20260217_220238-0242,0x6f61b7cb74f3434f435848f514df532a3ead688abb0e5c63262f620a195bc8db,0x065548eb875129af03f8d11300d2c89ecfadb358af3b76c34dbbfbe28605a63a,4.791,2026-02-17T01:07:50.974243Z,2026-02-17T01:47:50.974243Z,2026-02-17,0xa614a29f4fc1cbcdf36713ede6965e331845872ffdd11384cfc3aa63572f72a1
run_20260217_220238-0243,0x4046ddb98ec199b2e4fbcae58d0042bf6e772df4f164e5775495f23ee3dca634,0xcf2814de5e4803c35f6f00619bef7779310984edc06e2836925bb3f42f870630,7.432,2026-02-17T12:02:46.987626Z,2026-02-17T12:42:46.987626Z,2026-02-17,0xa614a29f4fc1cbcdf36713ede6965e331845872ffdd11384cfc3aa63572f72a1
run_20260217_220238-0244,0x973d5bf3968f604418a2a4b121f934e7e12e70dd74fb60a3b9ad3158178bf4e6,0xf7f2b540e8264021f06f12aade6427911c9a05e7c0dee737631dd660323fbb3d,14.246,2026-02-17T05:08:44.894422Z,2026-02-17T05:48:44.894422Z,2026-02-17,0xa614a29f4fc1cbcdf36713ede6965e331845872ffdd11384cfc3aa63572f72a1
run_20260217_220238-0245,0xae1f26b16b52d4fd0ccbff6db5fb0b2ce5115e578f7dcf4decff8091dc3ede08,0x4e05a71c99244e27103466fde9d4f28d9496edceaa788d4a0d23afa08906af58,14.763,2026-02-17T19:35:22.893954Z,2026-02-17T20:15:22.893954Z,2026-02-17,0xa614a29f4fc1cbcdf36713ede6965e331845872ffdd11384cfc3aa63572f72a1
run_20260217_220238-0246,0x78743f8a5fcb0463bf79c21590f5d8a9e1f8a634192b61041d7b2913c9621771,0xe5796ab29154f4e759eb21fca27f6ce90a6b3a5e472921bd93fa91607bf72e38,27.131,2026-02-17T03:11:23.612859Z,2026-02-17T04:26:23.612859Z,2026-02-17,0xa614a29f4fc1cbcdf36713ede6965e331845872ffdd11384cfc3aa63572f72a1
run_20260217_220238-0247,0x195c0d069219330174919ad52ea95fbb7e156c4cb9c8f2a8a9ec32eb1f44b0bf,0xa34cbff54628f35b277cc27a786507eb1a404bc750d137441d872985803e5812,15.403,2026-02-17T22:02:37.889257Z,2026-02-17T22:42:37.889257Z,2026-02-17,0xa614a29f4fc1cbcdf36713ede6965e331845872ffdd11384cfc3aa63572f72a1
run_20260217_220238-0248,0x39e8bd069dd5172308b6df1da6224f9427cd5f535064101672eb00d751e94d80,0xf36de97ddb6378aaa37de8a43ea963fdf90ff2a9d9afa7d621e9951878a9b424,21.54,2026-02-17T20:52:39.325266Z,2026-02-17T21:52:39.325266Z,2026-02-17,0xa614a29f4fc1cbcdf36713ede6965e331845872ffdd11384cfc3aa63572f72a1
run_20260217_220238-0249,0x8d3afd645cef6f24f5aec606327434b905c44bb13ba73364150be9ff06c5ea87,0xd5a6062a02e2c0034da1c7a961648c5bc1d73f39a7d3730cc444f61bb9e0e702,7.313,2026-02-17T07:20:19.461844Z,2026-02-17T08:00:19.461844Z,2026-02-17,0xa614a29f4fc1cbcdf36713ede6965e331845872ffdd11384cfc3aa63572f72a1
run_20260217_220238-0250,0xffcb147a1674d165fa95ce37aad246a06436161747d6d9303f9ac3ab023a1641,0xc48a0b1007200718bf021546139e00a80018e4777a68a3ae9e52e5300209db6d,5.832,2026-02-17T13:34:31.324125Z,2026-02-17T14:04:31.324125Z,2026-02-17,0xa614a29f4fc1cbcdf36713ede6965e331845872ffdd11384cfc3aa63572f72a1
run_20260217_220238-0251,0x4e0f0983fce5679cd22d7c449cd0d66f668f2aeaee277808bc6bbb8e620ec942,0x860ccff24ab2527c8515677874edcb8e9b203f290c38602697aeb50d3cd9e114,3.52,2026-02-17T06:31:52.613249Z,2026-02-17T07:01:52.613249Z,2026-02-17,0xa614a29f4fc1cbcdf36713ede6965e331845872ffdd11384cfc3aa63572f72a1
run_20260217_220238-0252,0x05a0a6afb0b2e2807db69e1e882cb7a2b98643fa3130faade7264b6fdf43366b,0x07048c2998be8e34c375203d6916b12637b5f6bc5f167a8227d47a56d0b3e763,7.532,2026-02-17T11:08:59.031286Z,2026-02-17T11:28:59.031286Z,2026-02-17,0xa614a29f4fc1cbcdf36713ede6965e331845872ffdd11384cfc3aa63572f72a1
run_20260217_220238-0253,0x8d3725c692ca44f40a8dc407fcfa477b3baa0851fcd94155c903f9f3c0b944b0,0x73a31e45d8cd487ebb4af3511b34df74956a87aa9f016dd970723944c48f24c3,7.661,2026-02-17T13:19:11.245435Z,2026-02-17T13:39:11.245435Z,2026-02-17,0xa614a29f4fc1cbcdf36713ede6965e331845872ffdd11384cfc3aa63572f72a1
run_20260217_220238-0254,0xde510d8c5cea9cbb1972703427bd00e750fe545987f531f008e7c032f25a1be6,0x67b56a9e41b78f522248194c3da5375a9786f74c2b583e906477903642c4e193,13.402,2026-02-17T08:06:12.180626Z,2026-02-17T09:21:12.180626Z,2026-02-17,0xa614a29f4fc1cbcdf36713ede6965e331845872ffdd11384cfc3aa63572f72a1
run_20260217_220238-0255,0x5b7e16e0ea38d59489b604f1676cbfcfe0e0736c8f38bcb74d2783950781d49f,0xcc3a148d3752eb9dc0f3ac7fd551f94262bd6aa0bbede635b577ecd9fb46eefc,7.263,2026-02-17T23:02:15.346861Z,2026-02-18T00:02:15.346861Z,2026-02-17,0xa614a29f4fc1cbcdf36713ede6965e331845872ffdd11384cfc3aa63572f72a1
run_20260217_220238-0256,0x7bae166e180b47ada58417e4f49d665853599855cd7eec9579f2edd4075f1f88,0x610a6b50b227f557d36c3c7f0130e8652aac27ffb1bde74adbd70b2130412dfa,7.536,2026-02-17T13:01:16.693318Z,2026-02-17T13:41:16.693318Z,2026-02-17,0xa614a29f4fc1cbcdf36713ede6965e331845872ffdd11384cfc3aa63572f72a1
run_20260217_220238-0257,0x7697b73f441954d64e6b243e956d5e425e5ea05abaa214d1c2aab7c4eba17b5c,0x2022c0e9742088e2eb6edacabd6bdea60a38c359075c7440ee2bfdc0767fdde4,2.36,2026-02-17T02:36:58.770203Z,2026-02-17T02:56:58.770203Z,2026-02-17,0xa614a29f4fc1cbcdf36713ede6965e331845872ffdd11384cfc3aa63572f72a1
run_20260217_220238-0258,0x8e2b684600ea377215ed9a492ca4ff4c817719a27690900ea45d88404ac7702b,0xb34129819ab19dd49a870633a6e65f74755f2bfcbb679ea6cb50e597c6c05e80,7.408,2026-02-17T06:23:22.929523Z,2026-02-17T07:03:22.929523Z,2026-02-17,0xa614a29f4fc1cbcdf36713ede6965e331845872ffdd11384cfc3aa63572f72a1
run_20260217_220238-0259,0xd2958feb27e267c9dbbc0804d8372b15a976a66ebb698f37125d3d31527de579,0x2329ee9baf7c72bff2d8f8fe7277e191d6be19a51ac1ae573e7694100156138a,2.516,2026-02-17T07:16:30.922928Z,2026-02-17T07:36:30.922928Z,2026-02-17,0xa614a29f4fc1cbcdf36713ede6965e331845872ffdd11384cfc3aa63572f72a1
run_20260217_220238-0260,0xa606b5e2922f47e7b1455baea671ee80b647387ddc55c3d3179a484c6ae6b0e5,0x1b90cb6635513ab85e72f555a441e1ed1ff15c090477c3668b1f2cc866baea12,15.681,2026-02-17T14:52:09.532684Z,2026-02-17T15:32:09.532684Z,2026-02-17,0xa614a29f4fc1cbcdf36713ede6965e331845872ffdd11384cfc3aa63572f72a1
run_20260217_220238-0261,0x1719dd9eec2acf09f0a32c6c565ebde9186dd6e618921f250a87f44e90b86651,0xaf02037d1fdccd1a9e4e224ab7bea8fd116b7b99063ac4ad95fb80e71f0d05ab,7.014,2026-02-17T08:15:50.283649Z,2026-02-17T08:35:50.283649Z,2026-02-17,0xa614a29f4fc1cbcdf36713ede6965e331845872ffdd11384cfc3aa63572f72a1
run_20260217_220238-0262,0xdc877b05873c37e3aa84647bd05c603179df151c8ca9f2043e3b9516102f08b8,0x6237051aa31508533994bdc57c663b97ec0edd14ee5dda1e452ab1c8d0a42226,14.647,2026-02-17T07:54:25.447450Z,2026-02-17T08:34:25.447450Z,2026-02-17,0xa614a29f4fc1cbcdf36713ede6965e331845872ffdd11384cfc3aa63572f72a1
run_20260217_220238-0263,0x95c06a76e418f5498625e1633ab95687ac7046711c3c919e6acb40500f7d7d84,0x22fcd1233b5b3866f97c6c41a83747f0f8839f3ec2206066e7be9f3fb7241d5b,7.276,2026-02-17T09:16:24.229425Z,2026-02-17T09:36:24.229425Z,2026-02-17,0xa614a29f4fc1cbcdf36713ede6965e331845872ffdd11384cfc3aa63572f72a1
run_20260217_220238-0264,0xc74ce78e47f193c1a5168f5888d779199d93ea8caf17b899f8fe7eb2f82f9b33,0x06ccc00deec6c4bcbb4b249174aef33d882a7a6df93b7ab156e35dddb439b162,5.659,2026-02-17T12:11:01.616157Z,2026-02-17T12:41:01.616157Z,2026-02-17,0xa614a29f4fc1cbcdf36713ede6965e331845872ffdd11384cfc3aa63572f72a1
run_20260217_220238-0265,0x1d761b52b3ebe6be218022990c55c3d4491bb55484985f696b4a7c983d44be8a,0x871090a769fa4ddd407fb877a78c37d0fc67f00fc9f424b71126833d16ebb8f3,3.507,2026-02-17T10:13:49.781997Z,2026-02-17T10:33:49.781997Z,2026-02-17,0xa614a29f4fc1cbcdf36713ede6965e331845872ffdd11384cfc3aa63572f72a1
run_20260217_220238-0266,0x8898bea6cbd7d979c65f91e99d73be4b4f28a6bf0b4877195198372a6d07f221,0x1081a31c7c406a5aa7d1ccec74e110fa6a1167176b93015ddcc6b333df0aaa46,8.873,2026-02-17T23:07:24.121040Z,2026-02-18T00:22:24.121040Z,2026-02-17,0xa614a29f4fc1cbcdf36713ede6965e331845872ffdd11384cfc3aa63572f72a1
run_20260217_220238-0267,0xbbcb7ec3553d6abc0d4af4d7c2f036c1a128a40120898a777e91921e88ad7d18,0xda25735e6196de1aeb7876bb438d0bd8580ed99b100d18378eeb7ac5b767d5e3,3.523,2026-02-17T21:14:48.381838Z,2026-02-17T21:44:48.381838Z,2026-02-17,0xa614a29f4fc1cbcdf36713ede6965e331845872ffdd11384cfc3aa63572f72a1
run_20260217_220238-0268,0x6278160f658df3d67f86e73a5ecd38eac47621899dc47a06958ced9fa2f69e37,0xc0c9d604e07936f51b17bae3bf66a5b172f2a42bf76e81de462f4c6aa959fcda,7.518,2026-02-17T12:09:54.726916Z,2026-02-17T13:09:54.726916Z,2026-02-17,0xa614a29f4fc1cbcdf36713ede6965e331845872ffdd11384cfc3aa63572f72a1
run_20260217_220238-0269,0x86cf6093a98542c58f0ca9a54c140ea1160f8efe0a65a9d699e2c9e0c95b9a06,0x6d17ec649e92fec8bb5dd5ab2354b5175e8d62a85fd597f87c797f3930ab0f8a,27.423,2026-02-17T13:10:16.402823Z,2026-02-17T14:25:16.402823Z,2026-02-17,0xa614a29f4fc1cbcdf36713ede6965e331845872ffdd11384cfc3aa63572f72a1
run_20260217_220238-0270,0xcf02e73fd2540cb1c1944b008bcd8ebfa1cf90f0b80ffafca75ec9515cbfefe5,0x453551979de19f869c7d70eb34692d69c88ff1836a19750380d0f8b16efe959f,11.133,2026-02-17T16:15:32.698965Z,2026-02-17T17:15:32.698965Z,2026-02-17,0xa614a29f4fc1cbcdf36713ede6965e331845872ffdd11384cfc3aa63572f72a1
run_20260217_220238-0271,0x5112d99c41da7df366affc31b048ae13c1a938b551d44940368569f77ad510f9,0x54b3552c473556472ed3662a6da7695fcb37233e155f703b2382a0a4c794a67e,26.048,2026-02-17T16:26:58.107304Z,2026-02-17T17:41:58.107304Z,2026-02-17,0xa614a29f4fc1cbcdf36713ede6965e331845872ffdd11384cfc3aa63572f72a1
run_20260217_220238-0272,0x1b3ee9e6000d90eb27d7d82508090fb5297030e5e16b5a1e0660519545927fa2,0x8c5b120e78657e5e2d63a3d04402fb0bafa819a1b796a0ad32cb7bb40d667e16,13.725,2026-02-17T06:02:04.142300Z,2026-02-17T07:17:04.142300Z,2026-02-17,0xa614a29f4fc1cbcdf36713ede6965e331845872ffdd11384cfc3aa63572f72a1
run_20260217_220238-0273,0xa4a439ec2bce745027e85a3b58a11b29b6b1ea8baaa274278fb883410888c25f,0x795903525d0abd3b519067e49f6da5b5512ce33e9f52dd33bf43c0774d3d6537,6.775,2026-02-17T23:12:28.728488Z,2026-02-18T00:12:28.728488Z,2026-02-17,0xa614a29f4fc1cbcdf36713ede6965e331845872ffdd11384cfc3aa63572f72a1
run_20260217_220238-0274,0xbd5a91e488243f2e4ce1c9df9e2da6c1042daf41f1ab106cdf6c01a6dce24f7d,0x1d2edd123f8ca63ea6f26b8bc47e04d63e427030b2f0453b17f0aa997845ca8a,15.784,2026-02-17T00:33:48.916814Z,2026-02-17T01:13:48.916814Z,2026-02-17,0xa614a29f4fc1cbcdf36713ede6965e331845872ffdd11384cfc3aa63572f72a1
run_20260217_220238-0275,0x16d9f61f84e95a3620408e34a2b17006303ccdc4915dd92d7aa3de092e8f49bb,0xedf3c3cb9a4e8631ae048ee567cfdea6bf7495ccead7bbf35a8a66c074858c71,27.726,2026-02-17T05:51:38.694270Z,2026-02-17T07:06:38.694270Z,2026-02-17,0xa614a29f4fc1cbcdf36713ede6965e331845872ffdd11384cfc3aa63572f72a1
run_20260217_220238-0276,0x86bb5ad740339deda4a5de96a1357437796aca4c2ed2ed9b37d4fd15993b685e,0x81e16e4bdf1d2c50f3ec55c71e72b970fb8a04702245cc3cea56317396bea64a,14.561,2026-02-17T23:01:29.133083Z,2026-02-17T23:41:29.133083Z,2026-02-17,0xa614a29f4fc1cbcdf36713ede6965e331845872ffdd11384cfc3aa63572f72a1
run_20260217_220238-0277,0x2a6ef41da461187c2dee44ce6371e4523f744c38d6475bcdf07fa93eb6c04cbf,0xc18182cc70bbf236fc6e462cef9b1a99d3d291c299adc5e7059043775e22dd04,8.81,2026-02-17T01:00:56.261197Z,2026-02-17T02:15:56.261197Z,2026-02-17,0xa614a29f4fc1cbcdf36713ede6965e331845872ffdd11384cfc3aa63572f72a1
run_20260217_220238-0278,0x67bb5ca9cd0578d0d46ef31455883da14fb0c6984afcedb4fefffd18c8922286,0x46271f6742b1e2918056b99679b2c5406c6370a752d6fc373423060732cfc8e6,7.084,2026-02-17T07:55:43.716365Z,2026-02-17T08:55:43.716365Z,2026-02-17,0xa614a29f4fc1cbcdf36713ede6965e331845872ffdd11384cfc3aa63572f72a1
run_20260217_220238-0279,0xf80764e3c4e119f86e18fcc346e79d99dccc4fcbbc89d6227cbe2c187f1cd798,0xfddaa675b71f8d5be91f682718189be821db9bec3760439b8246ce2bdaf8a45e,11.318,2026-02-17T04:42:56.633879Z,2026-02-17T05:42:56.633879Z,2026-02-17,0xa614a29f4fc1cbcdf36713ede6965e331845872ffdd11384cfc3aa63572f72a1
run_20260217_220238-0280,0xfd86cd7bed013f792505cc1815f2bcc04dc07f419a1d0ac560da30e72315e7df,0x6c72cf64aa902adcad42ced3bb358eddd85ec97370a436206de6d04ff36f1f39,28.923,2026-02-17T21:29:20.723687Z,2026-02-17T22:44:20.723687Z,2026-02-17,0xa614a29f4fc1cbcdf36713ede6965e331845872ffdd11384cfc3aa63572f72a1
run_20260217_220238-0281,0x1e1ae49b7f408b33318840be600e5c044f3be2b20f0d6bef567f8669b90d3b55,0x64b3f681ecc55c4b2a00d15d88dec57a6f0f95187db1718b2777c10ef41e395b,3.384,2026-02-17T13:35:26.637007Z,2026-02-17T13:55:26.637007Z,2026-02-17,0xa614a29f4fc1cbcdf36713ede6965e331845872ffdd11384cfc3aa63572f72a1
run_20260217_220238-0282,0x551d86f044dba0e96d45fb96bafae69d0deba937a3d9112359098be8aeaae3fc,0x9051df58e3a70aad24aff3a871d4520d2724dd9cb964070fd1759e0a402820e4,3.606,2026-02-17T22:53:27.343833Z,2026-02-17T23:13:27.343833Z,2026-02-17,0xa614a29f4fc1cbcdf36713ede6965e331845872ffdd11384cfc3aa63572f72a1
run_20260217_220238-0283,0x6b87238d8b7707c1979702d90317ce1076e6ae81b547ed0ef7c74deea431a2b1,0x537bb191b996457440f1506aab3b8e1a9d802beba29ac206970fd8b0e4b89f7a,10.891,2026-02-17T01:44:33.907990Z,2026-02-17T02:44:33.907990Z,2026-02-17,0xa614a29f4fc1cbcdf36713ede6965e331845872ffdd11384cfc3aa63572f72a1
run_20260217_220238-0284,0x4f4d827b785c0fbfb51b7b06e54bfc33487b1a578540a7960ca765fdfe6c21e6,0x595ed93fb0617a2eb83d558ed261b25bb269dc9396b0a1a7e3789608c78f3781,7.254,2026-02-17T01:00:21.361517Z,2026-02-17T01:20:21.361517Z,2026-02-17,0xa614a29f4fc1cbcdf36713ede6965e331845872ffdd11384cfc3aa63572f72a1
run_20260217_220238-0285,0xecb3d91089c272e783f10b47985f1f018c2351d0b17527e885921bdd97c306ce,0x4f3ae8d799517b73b741971287a36b90efc3d058edd9703bcf8414eab46465c1,4.628,2026-02-17T01:15:20.980771Z,2026-02-17T01:55:20.980771Z,2026-02-17,0xa614a29f4fc1cbcdf36713ede6965e331845872ffdd11384cfc3aa63572f72a1
run_20260217_220238-0286,0xf84de4099fb66f90f4d77e42d1a62d7ed5fc42f61c79af7e38730f3abb836f26,0x8a154ba837186b267137df4012ebee05c7a128d950ed94461ba2c6b385c79043,8.939,2026-02-17T19:37:50.670116Z,2026-02-17T20:52:50.670116Z,2026-02-17,0xa614a29f4fc1cbcdf36713ede6965e331845872ffdd11384cfc3aa63572f72a1
run_20260217_220238-0287,0xfc015fd89add3353eb00bb0ac95d812988e32271ca567e1f0424436065c12bcd,0xdf531416dcdee7fe0c373491d386e232bff188b9d6bce77ee961c579c032af57,10.735,2026-02-17T19:20:21.723629Z,2026-02-17T20:20:21.723629Z,2026-02-17,0xa614a29f4fc1cbcdf36713ede6965e331845872ffdd11384cfc3aa63572f72a1
run_20260217_220238-0288,0x024b9c4cb9ff0152ca1a8449b1c254793179bc289264b93f7743f2dca927ef9d,0xfd99916575b1edd67f83b4b66b786137aef3946f572c2e3abf8c7e1e0a8d1c24,7.454,2026-02-17T20:45:35.976082Z,2026-02-17T21:25:35.976082Z,2026-02-17,0xa614a29f4fc1cbcdf36713ede6965e331845872ffdd11384cfc3aa63572f72a1
run_20260217_220238-0289,0xf1a2700820dc45b56c8b733e2ad335ebb9b5d8959dc0d58d9d5e74974b6037b9,0xe0b785d3e25b93f5c17178a17fed7317d863e2565bf008a1d4a2369f20cf35a4,7.333,2026-02-17T19:16:08.281305Z,2026-02-17T19:36:08.281305Z,2026-02-17,0xa614a29f4fc1cbcdf36713ede6965e331845872ffdd11384cfc3aa63572f72a1
run_20260217_220238-0290,0x1069219a48f7e5a2d5cb3d30cf6d322725b45870b4076aba3c7e1819f1b8b236,0x31ff2d5c9cf58e8fb3251003702e0950a211d5d7c7f714f9da3bf2083e215259,3.525,2026-02-17T05:31:21.097976Z,2026-02-17T06:01:21.097976Z,2026-02-17,0xa614a29f4fc1cbcdf36713ede6965e331845872ffdd11384cfc3aa63572f72a1
run_20260217_220238-0291,0x8ffc4efb518bcf50435d69522625e5a7e1e37124c194e161eb99d53b1c50775c,0x59f8bb93e55f66a357e8250792f7f644f7f7473c5df253449764f4b54087ca02,4.523,2026-02-17T09:49:58.494787Z,2026-02-17T10:29:58.494787Z,2026-02-17,0xa614a29f4fc1cbcdf36713ede6965e331845872ffdd11384cfc3aa63572f72a1
run_20260217_220238-0292,0xf2aded28d02400e0eee798954e53e422d7197f9051b037eea81dced43c9b9ea4,0x828dbb8499eef8a2e6b379d18887d26ba904d1a2624c1defc212916e5e93e21a,3.34,2026-02-17T20:36:51.972154Z,2026-02-17T21:06:51.972154Z,2026-02-17,0xa614a29f4fc1cbcdf36713ede6965e331845872ffdd11384cfc3aa63572f72a1
run_20260217_220238-0293,0x87c7bf7fcf548b09b745103ba224ff1b52f14ea47b8e05e458e3b767504e0b05,0x088bec18802cf7af25ba091732290d524c8905ed4d88039acf2791f6d5971aa0,3.914,2026-02-17T12:16:47.718381Z,2026-02-17T12:36:47.718381Z,2026-02-17,0xa614a29f4fc1cbcdf36713ede6965e331845872ffdd11384cfc3aa63572f72a1
run_20260217_220238-0294,0x8666e4067148e1faab86c0f657b6aa8ae1a5227fb621ea8e453b98065e48737a,0x367edf4463d8a0b1bdf4d4bb9b5f50e17253a4338137f0fb4dc8e1d6f566c690,2.356,2026-02-17T01:57:13.272036Z,2026-02-17T02:17:13.272036Z,2026-02-17,0xa614a29f4fc1cbcdf36713ede6965e331845872ffdd11384cfc3aa63572f72a1
run_20260217_220238-0295,0x83318dec13218e11726641c7aecfb719238a79280ffed091de29af5d2cff42ff,0x2cf7d5117cc25e17a4fff54818b2a9e226049255678b055d0a85badb13fb0207,27.28,2026-02-17T17:39:49.491605Z,2026-02-17T18:54:49.491605Z,2026-02-17,0xa614a29f4fc1cbcdf36713ede6965e331845872ffdd11384cfc3aa63572f72a1
run_20260217_220238-0296,0x6dcd8957a4f250806495f6a0afbbd9a1bf51aa404b7bfc8b87e575161e68bde8,0xcf19613fa68ced75cfd8f94869b76a7f312f995acfbd3a7ab1f97299c93ad940,4.594,2026-02-17T11:38:03.634000Z,2026-02-17T12:18:03.634000Z,2026-02-17,0xa614a29f4fc1cbcdf36713ede6965e331845872ffdd11384cfc3aa63572f72a1
run_20260217_220238-0297,0xd7c6942d929aabe2409f60dbb1a363c98e8b22f14b32074fb101723f810569a6,0xa3bd41bce77cf1ea0119805c6fa5836fd127803986e01e0ab1ba023a906d0590,11.496,2026-02-17T18:55:35.178629Z,2026-02-17T19:25:35.178629Z,2026-02-17,0xa614a29f4fc1cbcdf36713ede6965e331845872ffdd11384cfc3aa63572f72a1
run_20260217_220238-0298,0x9bccbcdc893ae583e57f22a3d4d7e285e20e7ee227b5526217eaea0b876ece02,0x4b5e1e7975b0689e1fc702008eeba749f671371263ae6b2f20b69d5303b6472d,5.468,2026-02-17T20:27:30.855353Z,2026-02-17T20:57:30.855353Z,2026-02-17,0xa614a29f4fc1cbcdf36713ede6965e331845872ffdd11384cfc3aa63572f72a1
run_20260217_220238-0299,0xce2053ed31e593168da6bf049a3e70e82e1a7965f126da708aa895b9ed76c004,0x1b754792a74cf9c964da90957b54372cf496557403e0f55ed4d1bcb9c32e529c,2.211,2026-02-17T17:10:49.520279Z,2026-02-17T17:30:49.520279Z,2026-02-17,0xa614a29f4fc1cbcdf36713ede6965e331845872ffdd11384cfc3aa63572f72a1
run_20260217_220238-0300,0x5f8a438dfd05a0234dba9c5f43c4c7d59f09d8ca6cfbd90c85e5c87369ce786f,0x2d8e3adb78f288bb8f57324ccaeba240fcb204afe777b2fec472b7f301f16dae,10.291,2026-02-17T04:54:45.171529Z,2026-02-17T05:24:45.171529Z,2026-02-17,0xa614a29f4fc1cbcdf36713ede6965e331845872ffdd11384cfc3aa63572f72a1
run_20260217_220238-0301,0xe0de96f232c703f40df4339054286e533b8c39698a57f63efc8c3cd1696ddd61,0xac5066d21700b2e183a7a83551ac83f3ce9d4fdb67115a1bc61e905f937701a1,2.229,2026-02-17T20:48:36.779653Z,2026-02-17T21:08:36.779653Z,2026-02-17,0xa614a29f4fc1cbcdf36713ede6965e331845872ffdd11384cfc3aa63572f72a1
run_20260217_220238-0302,0x77eaef98cd36447e418d5560b0b96ae464928903615759b2686bd1a21eee6f04,0xf9f3da8a1e59d7073140f81b5f09ba1baf2e1c64623775967b95c32984d7b8f6,26.667,2026-02-17T12:33:44.902374Z,2026-02-17T13:48:44.902374Z,2026-02-17,0xa614a29f4fc1cbcdf36713ede6965e331845872ffdd11384cfc3aa63572f72a1
run_20260217_220238-0303,0x335c774daae1243073fc54b9a2b13a6af638224f23cf80be7667b09d0fec89ff,0xbc161cba4f5444da3919d61c64e233e9c40a74f58639f8bf2c3c5a0eeec0147e,10.96,2026-02-17T01:27:40.371350Z,2026-02-17T02:27:40.371350Z,2026-02-17,0xa614a29f4fc1cbcdf36713ede6965e331845872ffdd11384cfc3aa63572f72a1
run_20260217_220238-0304,0x74fa95931cf310c8feea2731127e3fe541fd0752d5fa54070454e71d7bf50992,0x5d774e8a2fcfbb9bbba0e3fc5a9788633c80bed1b46268fd763219c617bd85b7,7.082,2026-02-17T06:57:49.540465Z,2026-02-17T07:17:49.540465Z,2026-02-17,0xa614a29f4fc1cbcdf36713ede6965e331845872ffdd11384cfc3aa63572f72a1
run_20260217_220238-0305,0xae0df482a76c9da6ef1684d356d3b37142294839c47c0eeb5740dbbd87d48d34,0x897efd3c342a50f94b87be4785a00c180a14b8b2575fce56a2774926ed2887ee,20.711,2026-02-17T21:25:31.210099Z,2026-02-17T22:25:31.210099Z,2026-02-17,0xa614a29f4fc1cbcdf36713ede6965e331845872ffdd11384cfc3aa63572f72a1
run_20260217_220238-0306,0x821462ac2aaf29dd16ba6ad6fc4786d3528420200de4b1c4e28dec24615121b6,0xe9770cedef125fd0b6ba27739a222ebb25335667c81c13581f30cdb93c0362f5,15.049,2026-02-17T16:37:25.173311Z,2026-02-17T17:17:25.173311Z,2026-02-17,0xa614a29f4fc1cbcdf36713ede6965e331845872ffdd11384cfc3aa63572f72a1
run_20260217_220238-0307,0x6b8bd4ddcbfa20f90790d2f57258527c829c9ce8e071dc6a701b8ad3d6f06066,0x791089b1879882804e6cc4cf0fe52bbfd9261ebe47ead9a1dc8c45821fecb565,28.979,2026-02-17T15:51:38.970079Z,2026-02-17T17:06:38.970079Z,2026-02-17,0xa614a29f4fc1cbcdf36713ede6965e331845872ffdd11384cfc3aa63572f72a1
run_20260217_220238-0308,0x05a0fe5bf251c20b76ca6722b281433cc24d87378cbd61c1541b508a6ade750b,0x89862907e18d31e1746551f3025d392d128b43b3ffafb4b4c841676291ac8574,2.327,2026-02-17T00:51:31.023361Z,2026-02-17T01:11:31.023361Z,2026-02-17,0xa614a29f4fc1cbcdf36713ede6965e331845872ffdd11384cfc3aa63572f72a1
run_20260217_220238-0309,0x39195cdf5b344111ea015273fb1af4e4b0b0429b22deb834dc848e8461b7cc92,0xcd547673ef8fbfe49fc580cdce5862a3ce6eff4ff0814d3ed462377115654cd4,28.033,2026-02-17T23:10:36.152039Z,2026-02-18T00:25:36.152039Z,2026-02-17,0xa614a29f4fc1cbcdf36713ede6965e331845872ffdd11384cfc3aa63572f72a1
run_20260217_220238-0310,0x87f7663986ab5e5a340272dd22a3047dad622a4419dd1617133c3fc0e641dca5,0xf6073a3d050a3fda459ee94b543057c807863ec0a25d365577094888b1a356dd,28.912,2026-02-17T10:47:35.194734Z,2026-02-17T12:02:35.194734Z,2026-02-17,0xa614a29f4fc1cbcdf36713ede6965e331845872ffdd11384cfc3aa63572f72a1
run_20260217_220238-0311,0x4fa0c228312e4f097f45514efb9b508d210f63071a70501a7f1f0a97d8847c73,0x7e04e9fdcaa0f0d59103ce96169033d73d08c52259175f798fbcb9aa5626f1ec,21.536,2026-02-17T13:21:24.789455Z,2026-02-17T14:21:24.789455Z,2026-02-17,0xa614a29f4fc1cbcdf36713ede6965e331845872ffdd11384cfc3aa63572f72a1
run_20260217_220238-0312,0x05c7be3733a0da372333be0984306e678399262c122bcfaa886a15e067042e5e,0x77f4cd73d1462b5c26b329d5eafd66034e4db059621a686a801059fb534330cd,14.146,2026-02-17T16:24:20.868036Z,2026-02-17T17:04:20.868036Z,2026-02-17,0xa614a29f4fc1cbcdf36713ede6965e331845872ffdd11384cfc3aa63572f72a1
run_20260217_220238-0313,0xca1a40ea43d4e456d6940cf11851b433fe42982f2a53c97bff766aae80c2def8,0x9778e5044ce9b0fc57b5ed88c21283138871aa753414122ee22d3be4958524fa,14.209,2026-02-17T15:29:54.323175Z,2026-02-17T16:44:54.323175Z,2026-02-17,0xa614a29f4fc1cbcdf36713ede6965e331845872ffdd11384cfc3aa63572f72a1
run_20260217_220238-0314,0xaa2d74dd6ef2d96ee5d2a1310fd7de60ea55da73d33cf2e1213ee44fc4aeebd1,0xddc19ef042501ac9332ac22c82c6ac50e2d096b3d9d40bb0709a68a7c44cc836,9.165,2026-02-17T08:03:40.159633Z,2026-02-17T09:18:40.159633Z,2026-02-17,0xa614a29f4fc1cbcdf36713ede6965e331845872ffdd11384cfc3aa63572f72a1
run_20260217_220238-0315,0x54b8ba7931788a61ecad512d72ddc7a01f56b1d5392f018ee9125d66a6f03f87,0xedbd2978827412d95c9fd5e7418a48eec81f57808248ed0d0780c977ada71c3b,14.213,2026-02-17T11:00:17.649501Z,2026-02-17T12:15:17.649501Z,2026-02-17,0xa614a29f4fc1cbcdf36713ede6965e331845872ffdd11384cfc3aa63572f72a1
run_20260217_220238-0316,0xd8926f9d873bceb7751008ddbde33992158e62a47e7638d5b5a7908f62317221,0x1470a34e04be59b3f90342d164ec1f62500880c31d6748100c7bdfea42cef952,7.332,2026-02-17T00:58:43.283006Z,2026-02-17T01:38:43.283006Z,2026-02-17,0xa614a29f4fc1cbcdf36713ede6965e331845872ffdd11384cfc3aa63572f72a1
run_20260217_220238-0317,0xd90cbc149b80451565d1abaa17aa32cf623bc7a8037fb0c5bda2f28e58522ed9,0x0a1381ad57cac362e6f947cf7cd17ef976b4cef9f982c28153df4c471e47ab01,4.78,2026-02-17T04:26:33.926618Z,2026-02-17T05:06:33.926618Z,2026-02-17,0xa614a29f4fc1cbcdf36713ede6965e331845872ffdd11384cfc3aa63572f72a1
run_20260217_220238-0318,0x8ad3ffd87529bd138ca235a3747c4a06f3e73395cb560a74969c543f8f30ed60,0x6b82f20a75048da27f696401de99bead6f541c4a16fb6b7f8be3bb9d8dc0fbb1,26.22,2026-02-17T03:35:52.711310Z,2026-02-17T04:50:52.711310Z,2026-02-17,0xa614a29f4fc1cbcdf36713ede6965e331845872ffdd11384cfc3aa63572f72a1
run_20260217_220238-0319,0x37e63cd37b80b3c387fa49d07dafd284240a7744d59575c94bbf13f83450eb16,0xd6c3fdc19e0e14d8b5d29f39740f452f7376b866947da8abcfd1fe68f3ed3cba,14.504,2026-02-17T14:06:03.857825Z,2026-02-17T14:46:03.857825Z,2026-02-17,0xa614a29f4fc1cbcdf36713ede6965e331845872ffdd11384cfc3aa63572f72a1
run_20260217_220238-0320,0x47dc35a88582a9eb08c5659961557e62e3ec9211578f60600cc7a18cf427b3bb,0xc6ff7e66723d64f878fac40f65946b70a6fb74d193d8deac6cedc6a19513c8c5,3.808,2026-02-17T13:15:25.237884Z,2026-02-17T13:35:25.237884Z,2026-02-17,0xa614a29f4fc1cbcdf36713ede6965e331845872ffdd11384cfc3aa63572f72a1
run_20260217_220238-0321,0x4c678dc9fda7bfd2e4d7f8ef142a2f92c0fefc9b30c2673cc09329273d546b47,0xbff466c936342a9dd4e430133c443534956fc191dc0144faf6a201c2c168734f,26.726,2026-02-17T15:53:09.650016Z,2026-02-17T17:08:09.650016Z,2026-02-17,0xa614a29f4fc1cbcdf36713ede6965e331845872ffdd11384cfc3aa63572f72a1
run_20260217_220238-0322,0x09427ebfa2756aab52ee7e9add64a7e9e9e67c74e6023e45944c6fbaecd138a0,0xeb64186317bbd92411c5506a38dbc8f8fe80afa459a5305e759a11d52541cf17,2.353,2026-02-17T19:34:12.232397Z,2026-02-17T19:54:12.232397Z,2026-02-17,0xa614a29f4fc1cbcdf36713ede6965e331845872ffdd11384cfc3aa63572f72a1
run_20260217_220238-0323,0x99d0bbd0b99a13448078b2ef0c97037672fcb5b942a868c2dd82d0cfdf57e1a5,0x331a0bf851e80d7976a87abcf0e2e92f98bfb95cb578fee3a1e5ad658df1c659,2.568,2026-02-17T14:27:15.261603Z,2026-02-17T14:47:15.261603Z,2026-02-17,0xa614a29f4fc1cbcdf36713ede6965e331845872ffdd11384cfc3aa63572f72a1
run_20260217_220238-0324,0x1e74535a8c1324605994b691bbbacb2dd25538c9d42a61a0ed146d7dd23fb62b,0x4ff9f8948b23830b2dd5e009a327d77604f4cf31e31b26ccd5f2749bf7437233,15.067,2026-02-17T21:59:07.096200Z,2026-02-17T22:39:07.096200Z,2026-02-17,0xa614a29f4fc1cbcdf36713ede6965e331845872ffdd11384cfc3aa63572f72a1
run_20260217_220238-0325,0xb903c49d44a3cffbe75e8edcb3e208bf8c8b782a152d4053bcadddbf41716d5b,0x0d1530106a2361b6b7bef0b48b236e36a46f52a1d0a4e930e5ff21f2f2acd936,7.416,2026-02-17T08:03:29.354710Z,2026-02-17T08:43:29.354710Z,2026-02-17,0xa614a29f4fc1cbcdf36713ede6965e331845872ffdd11384cfc3aa63572f72a1
run_20260217_220238-0326,0x9d6aec225f6461c90de2258bfd961cfb6e2d2ca7125e4fa909c6b92f09c4e465,0xb4008a6562bf07683e36217e2dc7c5611752c202b5cfa7749e41ebdadbc5d626,13.607,2026-02-17T08:43:22.461813Z,2026-02-17T09:58:22.461813Z,2026-02-17,0xa614a29f4fc1cbcdf36713ede6965e331845872ffdd11384cfc3aa63572f72a1
run_20260217_220238-0327,0x9f6ef106c9990a12af1c1b7307b3e9eb65b8194dc0d16de62976ca6531461799,0x259b568652d02c7e8778dd43e4ed0b37cbe8e9bc30ac2ff5cd742368db782b5c,3.621,2026-02-17T12:32:01.405113Z,2026-02-17T12:52:01.405113Z,2026-02-17,0xa614a29f4fc1cbcdf36713ede6965e331845872ffdd11384cfc3aa63572f72a1
run_20260217_220238-0328,0xce4eacfe0cff35f59deb9a33bbd5320531bc1b64f56d6fdeaf23672fa66b24b3,0x77035d2b9175800389834983d4e2f44d3d3b700d376ea57f786db39000db403e,7.435,2026-02-17T10:31:48.103414Z,2026-02-17T11:31:48.103414Z,2026-02-17,0xa614a29f4fc1cbcdf36713ede6965e331845872ffdd11384cfc3aa63572f72a1
run_20260217_220238-0329,0xdb2708cb1343e4a2ea03df7a1876fbe5c6fa8bdc568f51c5873e4de2527ac249,0xb0af7888286eeb5e141d9ac0404090c531a4d7190e1bf908c717e06f8f5302cc,3.492,2026-02-17T17:31:53.777052Z,2026-02-17T18:01:53.777052Z,2026-02-17,0xa614a29f4fc1cbcdf36713ede6965e331845872ffdd11384cfc3aa63572f72a1
run_20260217_220238-0330,0x83ac66876c997fe2fe74ba082cd3cb437a012c381181d0751451dd74f95cf2ed,0x1d2c44ab4ee9448d2ff8d5f1204300d67cdf959ba3147bab3171510e04958213,9.05,2026-02-17T20:19:54.300038Z,2026-02-17T21:34:54.300038Z,2026-02-17,0xa614a29f4fc1cbcdf36713ede6965e331845872ffdd11384cfc3aa63572f72a1
run_20260217_220238-0331,0x5a517c21dd3e64e17b5b72f4ca4a00b6655d0e22cb6a22e65b214adc6d38bac4,0x9d767b385febf34d897da0a3d59b107be30c8122cc05544c3b4273128c47eb51,3.615,2026-02-17T05:58:10.788148Z,2026-02-17T06:28:10.788148Z,2026-02-17,0xa614a29f4fc1cbcdf36713ede6965e331845872ffdd11384cfc3aa63572f72a1
run_20260217_220238-0332,0xa088874529e371d94a88dd88eaa0e96da836e926341e6affd343ea7eec145824,0xa075bb853b5469f20570b78313a04898aa8fcb0674e0db976aff227b812ee0a5,5.275,2026-02-17T21:03:22.521546Z,2026-02-17T21:33:22.521546Z,2026-02-17,0xa614a29f4fc1cbcdf36713ede6965e331845872ffdd11384cfc3aa63572f72a1
run_20260217_220238-0333,0xf6cb0ad8c9efcc6e961dac7d68756f1cae95bec3ab4e6253db217f93ba3c9214,0xc2144500dd69e6486254aa2248fce64488a29623d3f3ceb03704e5c4ad72fc5d,23.238,2026-02-17T18:58:50.167790Z,2026-02-17T19:58:50.167790Z,2026-02-17,0xa614a29f4fc1cbcdf36713ede6965e331845872ffdd11384cfc3aa63572f72a1
run_20260217_220238-0334,0x3572ca0c53b23acf9af397738ac812bd6c2b3d89f88a35982cb49baef047b008,0x4883d9f7f406f25d60e46d78b3e69a8c08b7c6f81aa165ae5c8a2aaa9b90ee55,2.337,2026-02-17T13:33:48.433391Z,2026-02-17T13:53:48.433391Z,2026-02-17,0xa614a29f4fc1cbcdf36713ede6965e331845872ffdd11384cfc3aa63572f72a1
run_20260217_220238-0335,0x7e70eeeae8e439d176d20868ede9ad34c96cc9759c2c2cd8d1d2efbfd365aebe,0xe2e83b2b140474c394f431da07908fa2d3a7052c1a68f4ec6de8b47118ab5a13,9.069,2026-02-17T07:24:19.077782Z,2026-02-17T08:39:19.077782Z,2026-02-17,0xa614a29f4fc1cbcdf36713ede6965e331845872ffdd11384cfc3aa63572f72a1
run_20260217_220238-0336,0x30d3efd04cbb614c2f1e5ef0dcbf0d147e597ce6e9c978acdb8ec0d24bba69f7,0x8049aa6d9a85d94f67f2b665d10f84b2eb2b48326db7a63359375048712cdd7e,3.632,2026-02-17T02:34:48.829798Z,2026-02-17T03:04:48.829798Z,2026-02-17,0xa614a29f4fc1cbcdf36713ede6965e331845872ffdd11384cfc3aa63572f72a1
run_20260217_220238-0337,0xa0057c11cc337539119cde0b60df8195fe5598621748f9be4eddefa98cfbaade,0x4449ea3a88ee800f4b9ff59dc469e6e3d9b5a8548a56b0a307c96a5884f7f97a,8.571,2026-02-17T12:13:16.051561Z,2026-02-17T13:28:16.051561Z,2026-02-17,0xa614a29f4fc1cbcdf36713ede6965e331845872ffdd11384cfc3aa63572f72a1
run_20260217_220238-0338,0x4faa5b96927e2cca23f4761551da761717d0729927594e6857d40efa65335ea1,0x711dc11862cd27bd392806bb5dc8ca55343aee2f2e37d7b57a197c87ce08a7f4,14.411,2026-02-17T23:32:02.604391Z,2026-02-18T00:12:02.604391Z,2026-02-17,0xa614a29f4fc1cbcdf36713ede6965e331845872ffdd11384cfc3aa63572f72a1
run_20260217_220238-0339,0xc59b84210c470f80e006469225c32cc783c2a43255ac6064d0751321a93a62db,0x1ffba78c2fd4d6ff68867defeb6c56c99a46004a3382ffcdf3b8dec1d97a4800,5.172,2026-02-17T14:08:52.888801Z,2026-02-17T14:48:52.888801Z,2026-02-17,0xa614a29f4fc1cbcdf36713ede6965e331845872ffdd11384cfc3aa63572f72a1
run_20260217_220238-0340,0xf9548a7c0b00c56712cd391eef25bd314c285148175252fba86542481f23527b,0x3f2ca30eabf221523533572b06856b38e11c26fc093ce871ef8a11055ff77d7c,21.846,2026-02-17T03:54:43.720901Z,2026-02-17T04:54:43.720901Z,2026-02-17,0xa614a29f4fc1cbcdf36713ede6965e331845872ffdd11384cfc3aa63572f72a1
run_20260217_220238-0341,0x60b582821be45c4447ff8157f4a190d791e0c97384ac997da3b41b22924da8c5,0x7a9c1227362a9a38aa67693ea6b8f6ad5dab90ccb5833dc3edd56fcb67613486,10.769,2026-02-17T01:27:55.730695Z,2026-02-17T02:27:55.730695Z,2026-02-17,0xa614a29f4fc1cbcdf36713ede6965e331845872ffdd11384cfc3aa63572f72a1
run_20260217_220238-0342,0x490214f48ca9f59fc15585188d83f57fdf49dee6ae8f31a03999450f38fb50ec,0xbd81350f3c2b884c33bacc2d207d0280f27254f46fbf4161ff86de5fb26776f7,11.207,2026-02-17T18:00:46.874290Z,2026-02-17T18:30:46.874290Z,2026-02-17,0xa614a29f4fc1cbcdf36713ede6965e331845872ffdd11384cfc3aa63572f72a1
run_20260217_220238-0343,0xa7162e4dbc07264f4527e16673d115bd1b49ea38558373e87430eb30a36cf553,0x27dc684bfd322065c92caae02b3540fc10fe9042e55aed4ec92ed3a436359520,11.772,2026-02-17T21:29:05.552924Z,2026-02-17T21:59:05.552924Z,2026-02-17,0xa614a29f4fc1cbcdf36713ede6965e331845872ffdd11384cfc3aa63572f72a1
run_20260217_220238-0344,0xc3b8643f233e270efdb414726ebca58e6f8a0de46ad9a3893c97005aadd60c7f,0x8c60811d3a363401fb321e9091254e579d61ffdbf16fdaaa127b0e375020768f,6.831,2026-02-17T00:03:32.132855Z,2026-02-17T00:43:32.132855Z,2026-02-17,0xa614a29f4fc1cbcdf36713ede6965e331845872ffdd11384cfc3aa63572f72a1
run_20260217_220238-0345,0xad2bedc1cab2b80b0db20a1861ba238c466336b73d958851cc86a0d0b71c5a55,0x669e061d74508e95cfabc55f3329ce3133ec5cb7668cede76727c0b75e59ff95,6.936,2026-02-17T13:07:32.339828Z,2026-02-17T14:07:32.339828Z,2026-02-17,0xa614a29f4fc1cbcdf36713ede6965e331845872ffdd11384cfc3aa63572f72a1
run_20260217_220238-0346,0xbbcb37c33677de2733adcf506fa586ff30e1fdebbcaf6b20ac53ddca1daefb56,0x2af7282e321385488f730bf1ecbed1fb4a7ed8092fe114d223d78a1d14bd57f5,28.127,2026-02-17T11:42:46.143407Z,2026-02-17T12:57:46.143407Z,2026-02-17,0xa614a29f4fc1cbcdf36713ede6965e331845872ffdd11384cfc3aa63572f72a1
run_20260217_220238-0347,0xb0651ac20514328393c3aa8100299ed0b73d4d2ac78094abbcdc45668a7df917,0x8975b43284c150dbede622219364706cf9dd13f8794c30e356ed797ac5cc936a,7.63,2026-02-17T04:18:53.881118Z,2026-02-17T04:38:53.881118Z,2026-02-17,0xa614a29f4fc1cbcdf36713ede6965e331845872ffdd11384cfc3aa63572f72a1
run_20260217_220238-0348,0xf5e789b0e23ffe3c5557ae7f17814c80a015120028e1a423cf3903613fdcad4e,0x06189bd2b8f651adc8c83c6650f3270cd72b3bf3e912f33c1ca9f33f2a7a4520,7.164,2026-02-17T05:28:54.110083Z,2026-02-17T06:08:54.110083Z,2026-02-17,0xa614a29f4fc1cbcdf36713ede6965e331845872ffdd11384cfc3aa63572f72a1
run_20260217_220238-0349,0x554196d4be33b611de2343ae1ca70bd0ef1d6dd09f496236ccb849910ca26dbc,0x2acc86a0875539c7117fca17508bc1c015cbf2b23487ce04988cd1148a4459f5,13.79,2026-02-17T11:23:53.278429Z,2026-02-17T12:03:53.278429Z,2026-02-17,0xa614a29f4fc1cbcdf36713ede6965e331845872ffdd11384cfc3aa63572f72a1
run_20260217_220238-0350,0x36c749a85a67217f2dd7db7018765e578e69e93221c84e41812434ab6ad94fc9,0x24264c2af251aea31728de4e69458c92655b955ddaca72e3696cd7d29146c834,7.127,2026-02-17T18:39:11.801728Z,2026-02-17T19:19:11.801728Z,2026-02-17,0xa614a29f4fc1cbcdf36713ede6965e331845872ffdd11384cfc3aa63572f72a1
run_20260217_220238-0351,0x1265be20c2cce5088fcd9a679cf4757af65fcfd86023fa22b7fd054eb1bd79b8,0x9a388eddcb8a0e0d38f5a45007586acd48995513b062dde6f75c6d8fef03b833,9.315,2026-02-17T20:44:47.166014Z,2026-02-17T21:59:47.166014Z,2026-02-17,0xa614a29f4fc1cbcdf36713ede6965e331845872ffdd11384cfc3aa63572f72a1
run_20260217_220238-0352,0x9c2ba10498427ae4047b0e7f4ecd97669afb46ba9b16814c537832ac07070b37,0xd19076f54464a3f1dee698e888e4e941a6655e9084ae02b837e1e41c46d0f27b,4.943,2026-02-17T08:15:12.588285Z,2026-02-17T08:55:12.588285Z,2026-02-17,0xa614a29f4fc1cbcdf36713ede6965e331845872ffdd11384cfc3aa63572f72a1
run_20260217_220238-0353,0xae05560c28dd00bb9f93003a25a38b8117fe6b8ad37681730bccc0784c390e3e,0xd614ea7932155a892f7d851fd949cadb31d79b32f29be53e6e726b9c0f8072d4,2.304,2026-02-17T06:29:58.744549Z,2026-02-17T06:49:58.744549Z,2026-02-17,0xa614a29f4fc1cbcdf36713ede6965e331845872ffdd11384cfc3aa63572f72a1
run_20260217_220238-0354,0x18a5eb7b5933ed291bfa4499c63052d8f1c5cef58414b77ba5fd6ed9eac0c934,0x660a96e141e4165e29c891c0c2f99be449e669d85e1d42ec70f87bb8f03efe4f,3.793,2026-02-17T07:19:56.092555Z,2026-02-17T07:39:56.092555Z,2026-02-17,0xa614a29f4fc1cbcdf36713ede6965e331845872ffdd11384cfc3aa63572f72a1
run_20260217_220238-0355,0x6fef60d7ab58d475e1775d1af447e8c625c9057f7137b1f293bcda95754c8948,0xf4d8bb8d98a9e74b8cd4f279f9c12a371a2f91a32b6539efbfa57c305ab9f3ad,13.03,2026-02-17T05:58:29.315148Z,2026-02-17T07:13:29.315148Z,2026-02-17,0xa614a29f4fc1cbcdf36713ede6965e331845872ffdd11384cfc3aa63572f72a1
run_20260217_220238-0356,0x0f817683b03ebe4a49aaa63f3e81bb0e2cb286231672e46e09c1d171ae9d97aa,0x3aa5fc9d648c362ae368ba893cb156ef1d8e259287a74aa54bda840f3f84843c,2.396,2026-02-17T08:08:27.327744Z,2026-02-17T08:28:27.327744Z,2026-02-17,0xa614a29f4fc1cbcdf36713ede6965e331845872ffdd11384cfc3aa63572f72a1
run_20260217_220238-0357,0x5dbfbef6483f5f4fb275c63933203e7533b88f55ee7e4a54e37e1da22f366f77,0xc82d71c22c4a02a04aad99e48cee7aec20b784b10350b676d9510932eb6ead9e,7.555,2026-02-17T21:35:34.239297Z,2026-02-17T22:15:34.239297Z,2026-02-17,0xa614a29f4fc1cbcdf36713ede6965e331845872ffdd11384cfc3aa63572f72a1
run_20260217_220238-0358,0xf72e96ff6e8384dc5bd1fddb5056e2f5b16cda8f1026e0825fda128aa77216ec,0x90657a96f378bc1ba0e4689ca42502d65d5f98ad5aec44b012c3c1460e478c7c,3.628,2026-02-17T12:13:29.802150Z,2026-02-17T12:43:29.802150Z,2026-02-17,0xa614a29f4fc1cbcdf36713ede6965e331845872ffdd11384cfc3aa63572f72a1
run_20260217_220238-0359,0xa1813f0f8fc1d99f4ddfff6b379b38532f9bebf19d8a78c48da9e9e8ac310e89,0x0cb02a8e531139827da9cfe4299e6e9cc3e038da1ef303dcfbb7c88795ee9821,7.287,2026-02-17T02:53:42.283510Z,2026-02-17T03:13:42.283510Z,2026-02-17,0xa614a29f4fc1cbcdf36713ede6965e331845872ffdd11384cfc3aa63572f72a1
run_20260217_220238-0360,0x8c8310b0fbe91ade32188c33d02103870dc041e63c172f912202606f2c10f7b5,0x7194a149077e956b4876bfa1a71485d434a585dd298cc8f76a388af7901da006,27.114,2026-02-17T14:48:37.304672Z,2026-02-17T16:03:37.304672Z,2026-02-17,0xa614a29f4fc1cbcdf36713ede6965e331845872ffdd11384cfc3aa63572f72a1
run_20260217_220238-0361,0xf2c31bb8e3b24233e90d69ea069e70971ec9dfaa8aaca785f1e8d488816b113d,0x4c6ab1fdd39b2a6dc47c7645cff511e59473d9292bbee61bce6deb995a1c133d,11.381,2026-02-17T13:39:42.444637Z,2026-02-17T14:09:42.444637Z,2026-02-17,0xa614a29f4fc1cbcdf36713ede6965e331845872ffdd11384cfc3aa63572f72a1
run_20260217_220238-0362,0x81653f0cf137718ed79cc42231e29b8a43ed42cbbc41bba39f54bf072f419aab,0xe735cfb94e7572ab69beec6e597f2c51cc12a45bf72425cc8b2a39202c5033bd,3.639,2026-02-17T20:29:26.827416Z,2026-02-17T20:49:26.827416Z,2026-02-17,0xa614a29f4fc1cbcdf36713ede6965e331845872ffdd11384cfc3aa63572f72a1
run_20260217_220238-0363,0x9a9246bf6cb777c5b6de9de276f9858e5815e0be938689e0cde6b59cf4e49fc5,0x81581a6d8fb365bb2ba923f64f5305e28b774fbbbe0482bc6d9771fd57ceb4c0,3.579,2026-02-17T17:24:44.011376Z,2026-02-17T17:54:44.011376Z,2026-02-17,0xa614a29f4fc1cbcdf36713ede6965e331845872ffdd11384cfc3aa63572f72a1
run_20260217_220238-0364,0x46fa12549b903e85caff718f201cd498309638223b1754e02dcfa152647c3c7f,0xc103147b646132ada36e30127a1d4391f91fbae7d7952c66b0b5d2db7e1821f8,4.544,2026-02-17T07:29:10.550721Z,2026-02-17T08:09:10.550721Z,2026-02-17,0xa614a29f4fc1cbcdf36713ede6965e331845872ffdd11384cfc3aa63572f72a1
run_20260217_220238-0365,0x447dc71b867fa09b152b3e43424f357bc75d78bb1a19e268e22c2173140b7148,0xd6ea14e0d0683d6ca137673832cdb0cd7e8df3f47f2ef6a411524946fc32cf57,7.415,2026-02-17T18:33:10.007609Z,2026-02-17T19:33:10.007609Z,2026-02-17,0xa614a29f4fc1cbcdf36713ede6965e331845872ffdd11384cfc3aa63572f72a1
run_20260217_220238-0366,0x89432765d182d51f2a1c4933391a4cb0baa431143180b2009154f89386d380e7,0x4ccf6041a4fdeaca1ac714a00532f63930946371f24887444095ce800610a92e,25.927,2026-02-17T05:21:15.048267Z,2026-02-17T06:36:15.048267Z,2026-02-17,0xa614a29f4fc1cbcdf36713ede6965e331845872ffdd11384cfc3aa63572f72a1
run_20260217_220238-0367,0x0e97588de9c3a43424138ffe0b784891ee9e3429b7f58db4a19a79b4136ef1fe,0xc076bc6aea0c679f5a539a9a5209150692d4e35bc958f09725e210b054669f0b,2.365,2026-02-17T11:35:46.654581Z,2026-02-17T11:55:46.654581Z,2026-02-17,0xa614a29f4fc1cbcdf36713ede6965e331845872ffdd11384cfc3aa63572f72a1
run_20260217_220238-0368,0x8844526f2ae7d14e45e38da41b6facd847b2ac2d01ffc022a829a9722553976f,0xb0645e92d0d133c4b512a8589df077b2bc811abcfdd36363b544be9e5673406c,7.642,2026-02-17T16:55:02.135731Z,2026-02-17T17:15:02.135731Z,2026-02-17,0xa614a29f4fc1cbcdf36713ede6965e331845872ffdd11384cfc3aa63572f72a1
run_20260217_220238-0369,0x917f031ad84c33016d01733592e11ca8ca1ae5f84eb06861cd7c50814c75807c,0x995e76701c10c95da8f2622e29a77680d46ca8c8d4fb2c9898e373c3c65ea1fa,27.151,2026-02-17T19:40:07.751741Z,2026-02-17T20:55:07.751741Z,2026-02-17,0xa614a29f4fc1cbcdf36713ede6965e331845872ffdd11384cfc3aa63572f72a1
run_20260217_220238-0370,0x8d75206eb5ec88e2b87a1c97f67b138540688e707b2f314fa5414ffa26d4294d,0xef02a186a497a26bdb1616364f3c6f594033ab32f9b2689a815c2522095e4603,4.714,2026-02-17T13:11:51.976683Z,2026-02-17T13:51:51.976683Z,2026-02-17,0xa614a29f4fc1cbcdf36713ede6965e331845872ffdd11384cfc3aa63572f72a1
run_20260217_220238-0371,0xe9992e5ef57c53ee3a93bde9ae16b8489543e7f862bf0e96dcdea2dc7a7080df,0x608623cf57ce65d9ec4155dd139c75b0dad37b864d750cf47f642675deca568b,3.58,2026-02-17T08:09:16.578572Z,2026-02-17T08:39:16.578572Z,2026-02-17,0xa614a29f4fc1cbcdf36713ede6965e331845872ffdd11384cfc3aa63572f72a1
run_20260217_220238-0372,0x582caec67e96b2b9ed3041a0e85a27917180dae5d98c47a71ec97a76a3bcf6bb,0x954cf23640b279c55c0e03291c6c3e105d8a0c8a99e4601eab32c3ba63f32166,3.672,2026-02-17T19:38:47.863322Z,2026-02-17T20:08:47.863322Z,2026-02-17,0xa614a29f4fc1cbcdf36713ede6965e331845872ffdd11384cfc3aa63572f72a1
run_20260217_220238-0373,0x0a8c4a8bcdd9f91ba019476b889e47d434c8f9ddf88d9e92912352ac139f9b2c,0x09d34bd9e64ffd9cb956f995da96e0bb7279c6ef7a55efce72e37cb09f9f9fb0,28.193,2026-02-17T18:16:27.310213Z,2026-02-17T19:31:27.310213Z,2026-02-17,0xa614a29f4fc1cbcdf36713ede6965e331845872ffdd11384cfc3aa63572f72a1
run_20260217_220238-0374,0x0b83f818b270f6c0ee00be0966cd5f51138442c04889fe1a31beb4e2e9ca49a7,0x7b981b6b041d9385a0df3c447f0304f9ecc41174fe1e553973c9e2055946dcfe,3.538,2026-02-17T21:52:42.488062Z,2026-02-17T22:12:42.488062Z,2026-02-17,0xa614a29f4fc1cbcdf36713ede6965e331845872ffdd11384cfc3aa63572f72a1
run_20260217_220238-0375,0x1af0b02313eb4bfdbf1393e3bcfc2e1c749859b954be96520b88171c4c9bd02a,0x6ba5c81fb92c17bb8efba257a94e404003a22d3ead946aa489d97c2673119582,5.646,2026-02-17T05:05:16.625128Z,2026-02-17T05:35:16.625128Z,2026-02-17,0xa614a29f4fc1cbcdf36713ede6965e331845872ffdd11384cfc3aa63572f72a1
run_20260217_220238-0376,0x963925605c6b74855bb310e7cbcefef2fcd3f5f30ddcefa952ed15e9bb035a83,0xbe74b99e47c7bab9c72dcdf02e24eff60570f98d7ad910d13cf0bc908f8eaee9,3.857,2026-02-17T03:44:38.047961Z,2026-02-17T04:04:38.047961Z,2026-02-17,0xa614a29f4fc1cbcdf36713ede6965e331845872ffdd11384cfc3aa63572f72a1
run_20260217_220238-0377,0x33fa708bc0d67e60a6f059d67c817bdf1a643b36b3461bd4d5fbf29c003a398f,0xdbfe5e11b1ac67c894178f133e4e8269992f5a6d4a5e5a371d710df8c1007156,9.005,2026-02-17T07:17:00.331429Z,2026-02-17T08:32:00.331429Z,2026-02-17,0xa614a29f4fc1cbcdf36713ede6965e331845872ffdd11384cfc3aa63572f72a1
run_20260217_220238-0378,0x3417204feb737db9c098163ed01f4a6dc50f48d965b9a6969fba43fea0de7985,0x3bb3740ab0c241b7f0e9d6b120b11d12b24b2d9bb2a8e590d9266d591b8d0720,10.708,2026-02-17T12:04:11.305641Z,2026-02-17T13:04:11.305641Z,2026-02-17,0xa614a29f4fc1cbcdf36713ede6965e331845872ffdd11384cfc3aa63572f72a1
run_20260217_220238-0379,0xc16ac2ef41a99e7fe31cdc8b64e7ec76d37f5bf10788c35612a8ecc0c5d9b1bb,0x7db0c279c805e8736ae531912f031bd79adb436ca9134924dae8db7d9593e006,3.541,2026-02-17T10:32:00.100375Z,2026-02-17T11:02:00.100375Z,2026-02-17,0xa614a29f4fc1cbcdf36713ede6965e331845872ffdd11384cfc3aa63572f72a1
run_20260217_220238-0380,0x27e4fea40c3ed8a418541329099e8075b230fe2f7a072b53cdcf8dd794645b1c,0x62ac367b101ac9e50817f2bc5d88ce040161d4e0e1594a0aca08d2e8ff7d2ab4,7.011,2026-02-17T07:31:23.787861Z,2026-02-17T08:11:23.787861Z,2026-02-17,0xa614a29f4fc1cbcdf36713ede6965e331845872ffdd11384cfc3aa63572f72a1
run_20260217_220238-0381,0x004d33eefce91c24745ce9cc203b74389d0ddcc65fbcd4ce1c4c852132ef6349,0x7aef895d3f7cf106b20dbaa1245de5c6770fd0de9963e3907f577dd86bde1ef9,21.471,2026-02-17T12:25:38.786802Z,2026-02-17T13:25:38.786802Z,2026-02-17,0xa614a29f4fc1cbcdf36713ede6965e331845872ffdd11384cfc3aa63572f72a1
run_20260217_220238-0382,0xc6a72aa24ccf3c1a6cc689968588e3bba53e62d998fc78fb053eb28345665726,0xc2610708ed5be9cd065c1d711f7023e6a468abb46e3954e40d95a11ea1067373,3.747,2026-02-17T20:24:00.056110Z,2026-02-17T20:44:00.056110Z,2026-02-17,0xa614a29f4fc1cbcdf36713ede6965e331845872ffdd11384cfc3aa63572f72a1
run_20260217_220238-0383,0x25f6b9dc5913f1e51be1947b1dfe93600cd1c0db548d4c57c227692f4b1e9656,0x0610a420879ee83c7221536cbfa3f63305a8ccf062c915f106709ca78e2e639d,14.631,2026-02-17T21:10:44.623262Z,2026-02-17T21:50:44.623262Z,2026-02-17,0xa614a29f4fc1cbcdf36713ede6965e331845872ffdd11384cfc3aa63572f72a1
run_20260217_220238-0384,0x1dbfe7d0d83dc2a7634c78c5d6ffa11219b1bd7738dce9c110a581624375c859,0x0b0cb5c6466834f458a3706799107896724f8515d577565e820e6c5c4af05fe0,2.501,2026-02-17T21:17:23.218076Z,2026-02-17T21:37:23.218076Z,2026-02-17,0xa614a29f4fc1cbcdf36713ede6965e331845872ffdd11384cfc3aa63572f72a1
run_20260217_220238-0385,0x5bb089e7ad235fa03c751b9a63965b31e69287515c6bc1822428b71bf1e95437,0xfb1838c933ef54fd4fd9b1c8ba819eb0af6f2e4d46280c75dbcc911805749b38,22.246,2026-02-17T15:49:13.985874Z,2026-02-17T16:49:13.985874Z,2026-02-17,0xa614a29f4fc1cbcdf36713ede6965e331845872ffdd11384cfc3aa63572f72a1
run_20260217_220238-0386,0xebdbe73cbd8ae076aa14bb356eaca7af57cb068251023fa130fed0b554947b2e,0xac4db6e99f69d713507a596a660dddf55ee34303378a53a168820ad728567eb0,9.119,2026-02-17T01:36:26.053477Z,2026-02-17T02:51:26.053477Z,2026-02-17,0xa614a29f4fc1cbcdf36713ede6965e331845872ffdd11384cfc3aa63572f72a1
run_20260217_220238-0387,0xbbfc054238956ec2417fb07c763be61a0b80f0dffe0ece293095c00de88454fc,0x596a1656e052778760f8bc552de153a44a3a76430065cbf35aa2e9442fc0f874,8.915,2026-02-17T09:01:57.555225Z,2026-02-17T10:16:57.555225Z,2026-02-17,0xa614a29f4fc1cbcdf36713ede6965e331845872ffdd11384cfc3aa63572f72a1
run_20260217_220238-0388,0x413f67b7bb4565e07898d54bde70953ef6132bbd721c77600f800400b349f29a,0x3a7a104448ff3131ca40edb9388c8e213dd317d25d1d1643a3b404e49d579c2c,6.975,2026-02-17T21:54:59.268248Z,2026-02-17T22:54:59.268248Z,2026-02-17,0xa614a29f4fc1cbcdf36713ede6965e331845872ffdd11384cfc3aa63572f72a1
run_20260217_220238-0389,0x91b515bb3abbcd770da65c6f52486245f5728387aa494013e814a53564091d78,0x6ebbe3b2519c7b95d27ecf68862b4ef63331d139f316bc95034170e6dc2cd474,7.001,2026-02-17T20:49:12.887776Z,2026-02-17T21:49:12.887776Z,2026-02-17,0xa614a29f4fc1cbcdf36713ede6965e331845872ffdd11384cfc3aa63572f72a1
run_20260217_220238-0390,0x77289b9563f5c536b7071c97003b8f69b87ea8629e409c228810c15d03764504,0x9756ec3a8126ba605b058f785019c0903cb9738ab17c70ffb1b1ff455edb7d97,7.28,2026-02-17T23:15:25.178977Z,2026-02-18T00:15:25.178977Z,2026-02-17,0xa614a29f4fc1cbcdf36713ede6965e331845872ffdd11384cfc3aa63572f72a1
run_20260217_220238-0391,0xd44f0b87239d3142582fece0e04ce04a4d0a282cff84218edb9c7c5e37ce77a0,0x1a86e71dfc9abc8abd64119c4d9d32bde20ea415af4587cf0820946beed59f03,11.398,2026-02-17T09:48:37.693339Z,2026-02-17T10:18:37.693339Z,2026-02-17,0xa614a29f4fc1cbcdf36713ede6965e331845872ffdd11384cfc3aa63572f72a1
run_20260217_220238-0392,0x67932a9730906af188bb5f19c97ea852d5a613641dae0c2877502a19493e4f20,0xdde4ff1414f395de02ab16a40c22d3cdb2527a7edb87ee17499372606b8f7022,14.04,2026-02-17T13:32:05.439627Z,2026-02-17T14:12:05.439627Z,2026-02-17,0xa614a29f4fc1cbcdf36713ede6965e331845872ffdd11384cfc3aa63572f72a1
run_20260217_220238-0393,0xcf68f4f02d033323e7bbff2efeca17e50d326f2c991bbba5c2e40c0490b2aa41,0x6f3ce1881b604da0f9ab312f61f0b9f637732821886ea7f27f4eba091b8dbdb9,5.684,2026-02-17T04:15:17.208280Z,2026-02-17T04:45:17.208280Z,2026-02-17,0xa614a29f4fc1cbcdf36713ede6965e331845872ffdd11384cfc3aa63572f72a1
run_20260217_220238-0394,0x2e9b3d325cbd10f79c9b5cbd215f9b24f0a2e70cee385f9a312217defc775438,0xc4399fb78b563aff5a054031e8296c579a57eb06718616de19949d883c6e956d,3.66,2026-02-17T22:30:27.936057Z,2026-02-17T23:00:27.936057Z,2026-02-17,0xa614a29f4fc1cbcdf36713ede6965e331845872ffdd11384cfc3aa63572f72a1
run_20260217_220238-0395,0x42f4774e6facfaf471251149174726806b87e55adea693531aae797ef6d18982,0x6f44815378d9f0672513ece21df8a3794ac6577abaa20335da3b568c2233a29c,7.245,2026-02-17T09:12:34.564834Z,2026-02-17T10:12:34.564834Z,2026-02-17,0xa614a29f4fc1cbcdf36713ede6965e331845872ffdd11384cfc3aa63572f72a1
run_20260217_220238-0396,0xc8e769242403cd938edd3c3b4cc4e47a50c3a3ccbe7a4ecfa133fe7017e34fbb,0x301f7222a5bf760ec132136ccb4cf6f338990f4a09d92ba587042d4e7ec62e58,4.881,2026-02-17T20:55:19.187774Z,2026-02-17T21:35:19.187774Z,2026-02-17,0xa614a29f4fc1cbcdf36713ede6965e331845872ffdd11384cfc3aa63572f72a1
run_20260217_220238-0397,0x0d213a346d9d98ccdddf19aa8eb26b05f9c7f43da6d2f91462892f4b6cbd3a3f,0xd0b95813e225e9fc267f7055264ac06e30518ffb1371368e3064bc40c6aed1ef,14.185,2026-02-17T09:49:09.841236Z,2026-02-17T10:29:09.841236Z,2026-02-17,0xa614a29f4fc1cbcdf36713ede6965e331845872ffdd11384cfc3aa63572f72a1
run_20260217_220238-0398,0xc3785407fb146e3618f2b5dda7feaebbd9856582b05d5d6a7280815572e77b54,0x1882db6929b18eb08cb99f585ed95aaae4bbffda91682164423c4935a69a716a,3.642,2026-02-17T00:02:39.797884Z,2026-02-17T00:32:39.797884Z,2026-02-17,0xa614a29f4fc1cbcdf36713ede6965e331845872ffdd11384cfc3aa63572f72a1
run_20260217_220238-0399,0xb4e3311c4b56f309084ffbea5d5e152dbce1eba0e629683973074439c2296517,0x42d6ff0b548af92bcc9efde2065fe16a0ce939439ce687ec1bd1bbe834e70003,11.199,2026-02-17T08:34:10.213476Z,2026-02-17T09:34:10.213476Z,2026-02-17,0xa614a29f4fc1cbcdf36713ede6965e331845872ffdd11384cfc3aa63572f72a1
run_20260217_220238-0400,0x216d4f71fc2773d2d7523740bf8184a6f9c8c6eb0efc47efba6a56fc0144f223,0xf24f73b97030f50395cdc3a815945a7f95263f7b7569ca9f656146b680732d2c,21.966,2026-02-17T11:56:30.631254Z,2026-02-17T12:56:30.631254Z,2026-02-17,0xa614a29f4fc1cbcdf36713ede6965e331845872ffdd11384cfc3aa63572f72a1
run_20260217_220238-0401,0x5ff29217d20efbcb1f93a69425489b0d72cf3d2fcdc7ec38e7bc7aaad8cc4141,0x4bd66df2dca1c230a0e549570822e2eb79e54b25476950745255a6c6bcf09318,8.837,2026-02-17T22:06:20.530392Z,2026-02-17T23:21:20.530392Z,2026-02-17,0xa614a29f4fc1cbcdf36713ede6965e331845872ffdd11384cfc3aa63572f72a1
run_20260217_220238-0402,0x15e7719720bce6f264daeea9cf3b3f37eab43d19108369bbc0175bb984b2b9d9,0xdfc347b80d2e11cddce826059886e0e9857d86ffb3f29140f6330a6dbcf5fe73,27.852,2026-02-17T23:08:07.812849Z,2026-02-18T00:23:07.812849Z,2026-02-17,0xa614a29f4fc1cbcdf36713ede6965e331845872ffdd11384cfc3aa63572f72a1
run_20260217_220238-0403,0x8d267992c0a28beca01d9f622c469a0c5e345c0005f30d523db143dfe3558b7f,0x49b1e1e60056dc85d7f7f8dff564d7b09fbacde4b34782224aeb42d6f1ff5d72,4.806,2026-02-17T17:14:24.025120Z,2026-02-17T17:54:24.025120Z,2026-02-17,0xa614a29f4fc1cbcdf36713ede6965e331845872ffdd11384cfc3aa63572f72a1
run_20260217_220238-0404,0x930d08fff9f3187e564d5d20812048e6b4e66fe46715fe0d4b7d10e558bbbfeb,0x76cb5427c46ca328434c2d443f54908f74704a92f9c986f5c4dc8954fc8d2cbe,3.645,2026-02-17T04:47:54.258646Z,2026-02-17T05:07:54.258646Z,2026-02-17,0xa614a29f4fc1cbcdf36713ede6965e331845872ffdd11384cfc3aa63572f72a1
run_20260217_220238-0405,0xa583badeee631449a2fe07a1c99f674cb1dbae7fd08315b2698540aba51ee585,0x8125cdbb30668f90735e76c68f7273ef5f72d24019f0d3ef4b2238fd6e7cf7f6,7.297,2026-02-17T14:04:21.303468Z,2026-02-17T15:04:21.303468Z,2026-02-17,0xa614a29f4fc1cbcdf36713ede6965e331845872ffdd11384cfc3aa63572f72a1
run_20260217_220238-0406,0x641c14dd1f65085a0f517474969993af16abed0a0f178a9a19520c02500c0a9f,0x7057e942a7250f0d7bba0d4bb86bec60fa58a93236319b41084c6d1f64fd7b7f,10.99,2026-02-17T18:22:31.662668Z,2026-02-17T19:22:31.662668Z,2026-02-17,0xa614a29f4fc1cbcdf36713ede6965e331845872ffdd11384cfc3aa63572f72a1
run_20260217_220238-0407,0xd43fa7bd48a2c0e6185fbbbdd0ad69be14806e9dd2348807e76cdc38b31a30bf,0xdf1e99863436bdd60d665355a50d921c8a069538751615277665dd2ce5ce103b,7.637,2026-02-17T08:20:01.504145Z,2026-02-17T09:00:01.504145Z,2026-02-17,0xa614a29f4fc1cbcdf36713ede6965e331845872ffdd11384cfc3aa63572f72a1
run_20260217_220238-0408,0xe647ba11c1348344eaa25c8e1223b45922e945a0f747f0d6416ca4840182c017,0xa08eaefa2c64b8d8659f0a8202387f37f70cf2dd26c9e22f4ffde07871d8274e,5.383,2026-02-17T15:53:08.069494Z,2026-02-17T16:23:08.069494Z,2026-02-17,0xa614a29f4fc1cbcdf36713ede6965e331845872ffdd11384cfc3aa63572f72a1
run_20260217_220238-0409,0x3db805a5a3dd4684a425fe4139d1facb5126885c6c58432e08a8df0a57c7ee0c,0xd26ff438f53c49fe67b0f2102c2365a07c35dec63cbd28bf060678ff54d7977b,4.967,2026-02-17T06:34:38.343319Z,2026-02-17T07:14:38.343319Z,2026-02-17,0xa614a29f4fc1cbcdf36713ede6965e331845872ffdd11384cfc3aa63572f72a1
run_20260217_220238-0410,0x10d778e8b6ad947c5ee9337761f294ede8278c7e3cdde44dc290d9a16c5a0959,0xef3553b343342b4a6a6707cc74afbe3ba3f4f59a68a145da56832d4a65ec6556,22.612,2026-02-17T09:28:15.148232Z,2026-02-17T10:28:15.148232Z,2026-02-17,0xa614a29f4fc1cbcdf36713ede6965e331845872ffdd11384cfc3aa63572f72a1
run_20260217_220238-0411,0xfe35dcf4428e99cec4fef09bca88274a67038082d6f809248d946e96f82636e2,0xebe790daf6201855e12f78b2b4053e6b16abeb6f91c8e6f2eedf3812576e6886,7.371,2026-02-17T05:30:22.324009Z,2026-02-17T06:10:22.324009Z,2026-02-17,0xa614a29f4fc1cbcdf36713ede6965e331845872ffdd11384cfc3aa63572f72a1
run_20260217_220238-0412,0xfe71d40f25e2a1a0ebd1ad2dcb7b152f3e420f7e4481e72b9429300276e526c6,0xe1919d4a28214b997faa85543dd4a4323a5dd42b99834df16f4e0fd4d9375e4d,11.157,2026-02-17T00:28:37.940915Z,2026-02-17T00:58:37.940915Z,2026-02-17,0xa614a29f4fc1cbcdf36713ede6965e331845872ffdd11384cfc3aa63572f72a1
run_20260217_220238-0413,0xdfc7beecf75566b8bd7240bd5bc5c78809e1485e9a440589d4dd25f9376fa041,0xfdf8bfb2e125dff5ecef3fdab5a1d892b50c2ba9688cab68a6b1364f17fa5f50,2.57,2026-02-17T06:48:49.412546Z,2026-02-17T07:08:49.412546Z,2026-02-17,0xa614a29f4fc1cbcdf36713ede6965e331845872ffdd11384cfc3aa63572f72a1
run_20260217_220238-0414,0x451ef3a1971a952e8cd3a0fa5f6630af850d7af8e40cf2fe9b5eb5d77db84d21,0x4d32e8686c4d7d3126da055bab754345b3e5c35d469a903f7057ef805c1d2bcf,7.391,2026-02-17T08:36:55.032734Z,2026-02-17T08:56:55.032734Z,2026-02-17,0xa614a29f4fc1cbcdf36713ede6965e331845872ffdd11384cfc3aa63572f72a1
run_20260217_220238-0415,0x2f9b3d10b61c5e7634125621e10764efda3033af8dfeb2610ca2d9ecfd2234d7,0xe6e506290e31c80f593ef37dde9e68a15006a044307425bd7cc355f731968b87,10.825,2026-02-17T01:25:31.683273Z,2026-02-17T02:25:31.683273Z,2026-02-17,0xa614a29f4fc1cbcdf36713ede6965e331845872ffdd11384cfc3aa63572f72a1
run_20260217_220238-0416,0xbbf43dfdf257c32777af649f9269926831404739dde005e6617e75cd1d041784,0x7d3700b7b6c969c020af976f92672696c109ea7344f374a0150b55691e9760e1,3.527,2026-02-17T22:39:31.180237Z,2026-02-17T22:59:31.180237Z,2026-02-17,0xa614a29f4fc1cbcdf36713ede6965e331845872ffdd11384cfc3aa63572f72a1
run_20260217_220238-0417,0x8567aa91e9fa480a90865ea605c4336102b8784c9757d55a537c668029cc4579,0xd216f3256dfefaffd4ec3e6fcecb4a31439203332ce32d16371b65b37e6d4970,9.079,2026-02-17T19:06:30.391274Z,2026-02-17T20:21:30.391274Z,2026-02-17,0xa614a29f4fc1cbcdf36713ede6965e331845872ffdd11384cfc3aa63572f72a1
run_20260217_220238-0418,0x9760caa7afed3cfb80c308a84899850df64aca696c2b6ca6f866e3efe9dd6e0a,0x503be67797da92924b4e51059235132e1693ed9a3a89a821df1534f9a2d834b4,7.227,2026-02-17T11:10:07.579960Z,2026-02-17T12:10:07.579960Z,2026-02-17,0xa614a29f4fc1cbcdf36713ede6965e331845872ffdd11384cfc3aa63572f72a1
run_20260217_220238-0419,0x4f671523c7d375b3af183388e558f017ebe2652bc8b78527a021e94d88822e5e,0x1bbad229d2ff464b9ff0c7f955267149681f93287df92109611ee53d04e206ba,3.806,2026-02-17T20:35:06.583199Z,2026-02-17T20:55:06.583199Z,2026-02-17,0xa614a29f4fc1cbcdf36713ede6965e331845872ffdd11384cfc3aa63572f72a1
run_20260217_220238-0420,0x1bd96cce44de83f018d5468123a7a4e92dfec286b2508699b01ac7da10e0f0ee,0x60f71fb351fdbce505ee71bce87e877948b84a74f61253fffae2f1053d8709d0,4.82,2026-02-17T22:47:03.629026Z,2026-02-17T23:27:03.629026Z,2026-02-17,0xa614a29f4fc1cbcdf36713ede6965e331845872ffdd11384cfc3aa63572f72a1
run_20260217_220238-0421,0xf359ba6f0d3fde0c5d60ba32c5a6ee7271cb8dc98baf7b7e0b893e80380f138c,0xad1ecc7b9607408c113317af9ecb6764008e10526a26ac39e96ec20ff385a36e,11.252,2026-02-17T04:30:24.583030Z,2026-02-17T05:30:24.583030Z,2026-02-17,0xa614a29f4fc1cbcdf36713ede6965e331845872ffdd11384cfc3aa63572f72a1
run_20260217_220238-0422,0xe8127f45b8fdb7efd974a083f967e264cd5766742bbed635b774366f3f3daa17,0x50488de6f0fa18238cd405b1fb1e7215251e3c43d5e4c14e8de419841e9e8be4,9.049,2026-02-17T13:27:19.671279Z,2026-02-17T14:42:19.671279Z,2026-02-17,0xa614a29f4fc1cbcdf36713ede6965e331845872ffdd11384cfc3aa63572f72a1
run_20260217_220238-0423,0x4aac52f4fc6065f4c688e5fc57440f5bc9d7d969b25af607e2c44d524caa1589,0x347f85331c8d9e0b0e190174c024136b3aa9173c0d4c5054373bce2d2960ff2f,14.441,2026-02-17T19:02:07.757114Z,2026-02-17T19:42:07.757114Z,2026-02-17,0xa614a29f4fc1cbcdf36713ede6965e331845872ffdd11384cfc3aa63572f72a1
run_20260217_220238-0424,0x0e535f8f76e684d2006682e8646c9e00ade0a6f946dda54325db115c30f45f7a,0x09153e0d2d9260bd09defd498bb4bf93720a3741358381bd6753d86c35df16a8,3.714,2026-02-17T23:52:25.148433Z,2026-02-18T00:22:25.148433Z,2026-02-17,0xa614a29f4fc1cbcdf36713ede6965e331845872ffdd11384cfc3aa63572f72a1
run_20260217_220238-0425,0xb97d6ab46265f8b4c25c70521a102b55d7f4224ffdad852e5a1ee3cb2b8eabe2,0xdb23e1d088a7be6e1004d60cb83468377180e5e9a18ea354bb79c63c2b7a5efa,5.838,2026-02-17T08:56:53.489218Z,2026-02-17T09:26:53.489218Z,2026-02-17,0xa614a29f4fc1cbcdf36713ede6965e331845872ffdd11384cfc3aa63572f72a1
run_20260217_220238-0426,0xab8e3fb3fdfce4842297757f10f74390d6db7b544b65bf85a98de2f915c76f77,0x9a708c0d8858ee11113c50a82ba28eb1316529226c9ba232c610fd2bfc7f4c13,7.262,2026-02-17T22:56:54.812044Z,2026-02-17T23:36:54.812044Z,2026-02-17,0xa614a29f4fc1cbcdf36713ede6965e331845872ffdd11384cfc3aa63572f72a1
run_20260217_220238-0427,0xa491c9a10b4502a57db6c0394452ade9e2d92ad2baed58c3e1bcbcae84b113d7,0xea657b7199ed8a8ea7bdd32e80421ddf53e77b563180bb5d20b07f035262ba6c,2.343,2026-02-17T12:20:30.695383Z,2026-02-17T12:40:30.695383Z,2026-02-17,0xa614a29f4fc1cbcdf36713ede6965e331845872ffdd11384cfc3aa63572f72a1
run_20260217_220238-0428,0x0a3557c0b515e02cfb50e40c854c8001c965127a38738cf00d212d5d8d598580,0x0a32cb7cf3eb835fa323b0f31f6ca9e926ed293ec7021d9f1a9ea878b9382c9f,3.481,2026-02-17T02:25:20.593805Z,2026-02-17T02:55:20.593805Z,2026-02-17,0xa614a29f4fc1cbcdf36713ede6965e331845872ffdd11384cfc3aa63572f72a1
run_20260217_220238-0429,0xd90c2007f6964026aeab29523efed92057cbfec20feb4dc0d18482bf92280fb2,0xc258bdfd7e83a9209ae4002ffcd5c4ec7f75f8b7a21e6c14df9a9b1f65eb5a89,7.295,2026-02-17T22:40:45.079650Z,2026-02-17T23:40:45.079650Z,2026-02-17,0xa614a29f4fc1cbcdf36713ede6965e331845872ffdd11384cfc3aa63572f72a1
run_20260217_220238-0430,0xb960d35dc8599d0be6ba748093b89ac53198869d644610b3c9306cd67b670a48,0x3445a328db5ceecc259b54dbda07ad8265efcc42edfb377bcd15b4fedf5d2f4c,5.948,2026-02-17T12:58:38.780883Z,2026-02-17T13:28:38.780883Z,2026-02-17,0xa614a29f4fc1cbcdf36713ede6965e331845872ffdd11384cfc3aa63572f72a1
run_20260217_220238-0431,0xdc160adb95343cc3193e9685bea213e98dfbd6e25d6f81cef639527c4d7ed820,0x555eab6293f410c2df3558d33cdc81cf6d95754c2c091fe0905b298cb2c14a2b,3.769,2026-02-17T03:27:47.652521Z,2026-02-17T03:47:47.652521Z,2026-02-17,0xa614a29f4fc1cbcdf36713ede6965e331845872ffdd11384cfc3aa63572f72a1
run_20260217_220238-0432,0x4a9e13f8eefb68aa7b8e349b877bbae66f2c2fe3a26c3c8c66d84345027b3925,0xfc550998ae46efdfb8988a6e60f26bbc34aea412e4b010f92f8fb4f7325cc49f,3.755,2026-02-17T06:27:46.465999Z,2026-02-17T06:57:46.465999Z,2026-02-17,0xa614a29f4fc1cbcdf36713ede6965e331845872ffdd11384cfc3aa63572f72a1
run_20260217_220238-0433,0x1e8e121e6de9e469b70088b109b0bd14cc6e5f8462c5d5aebfe65d022a33095b,0x8c80dc1edfaf5fdb84402411c4b2bcb04b244b78fea96fa061d503b651b34977,20.864,2026-02-17T22:55:19.029510Z,2026-02-17T23:55:19.029510Z,2026-02-17,0xa614a29f4fc1cbcdf36713ede6965e331845872ffdd11384cfc3aa63572f72a1
run_20260217_220238-0434,0x1eeb5119cf3c18837a3b7db9954134b9ae4cc5afc8db2800459040daf3ca4f16,0xf1494ee80c89d2edef5fb7d659c4cee1cfc288d8d881de468b4c4e446c33948e,2.208,2026-02-17T18:14:45.008982Z,2026-02-17T18:34:45.008982Z,2026-02-17,0xa614a29f4fc1cbcdf36713ede6965e331845872ffdd11384cfc3aa63572f72a1
run_20260217_220238-0435,0x8024134dd64f5279d2f65d75f7de9f74389b19b5ed190c8cfd2c9d8a8582a741,0xf659b0b24a57bc9953e420692596e26764d5ebcdec66214a42bf5985aa49d60e,7.175,2026-02-17T00:32:57.244742Z,2026-02-17T01:32:57.244742Z,2026-02-17,0xa614a29f4fc1cbcdf36713ede6965e331845872ffdd11384cfc3aa63572f72a1
run_20260217_220238-0436,0x8f26c73dd50d16939dba36d393741d17ef1e327d84af5e6228dc0fead38c4012,0xbc2cf4e451ee4293f1d9f9c4e90d9836ee27118cdf3a89d47f3feea5124f34cc,9.192,2026-02-17T09:16:59.893049Z,2026-02-17T10:31:59.893049Z,2026-02-17,0xa614a29f4fc1cbcdf36713ede6965e331845872ffdd11384cfc3aa63572f72a1
run_20260217_220238-0437,0xccdb32cc8a6c1eb57dab458755b81f97714842f94d156e03c2ee8dee55c16414,0xd354449138034e8a32057618c03d90128ba37e7b8d654244b8dbf2d6a5f5133f,8.615,2026-02-17T15:56:42.075938Z,2026-02-17T17:11:42.075938Z,2026-02-17,0xa614a29f4fc1cbcdf36713ede6965e331845872ffdd11384cfc3aa63572f72a1
run_20260217_220238-0438,0xddd53b7cbb11271dd108a7c3fc72683ec0a99da62ce6ec5dd30db548df8c0c7f,0x526fa4a529c96da68e9093d4bf5373257b897686c45210e138ec97edf41ea843,28.619,2026-02-17T21:02:17.904880Z,2026-02-17T22:17:17.904880Z,2026-02-17,0xa614a29f4fc1cbcdf36713ede6965e331845872ffdd11384cfc3aa63572f72a1
run_20260217_220238-0439,0xb871dd575759620a9d09696c7b8a2e45f0e33311ec42fd088e080f257e6ccdc6,0x031c10f9faa52c70ca082e2debf22efe39e913cb353c1bf8e3cd841aafd884b3,11.165,2026-02-17T12:04:17.197297Z,2026-02-17T12:34:17.197297Z,2026-02-17,0xa614a29f4fc1cbcdf36713ede6965e331845872ffdd11384cfc3aa63572f72a1
run_20260217_220238-0440,0xee15b5fb7244d99fe7a75d28992e010e9dc7cadf649722f40bf372e52d062a1e,0xf69cd17c1f176f11dedfdb7ae6b5fec950164d4b3756d129713b4b09c53a0f3a,4.957,2026-02-17T08:30:39.264250Z,2026-02-17T09:10:39.264250Z,2026-02-17,0xa614a29f4fc1cbcdf36713ede6965e331845872ffdd11384cfc3aa63572f72a1
run_20260217_220238-0441,0xc10aa9de12621c1483c66813814ba162f3788331341203c3a6a7691984b1a66c,0x34a4daf6e19c6b30b76f6e30ffc16d0bdb6ce9d89747c5c3598874bdb155c09e,28.398,2026-02-17T08:00:10.098118Z,2026-02-17T09:15:10.098118Z,2026-02-17,0xa614a29f4fc1cbcdf36713ede6965e331845872ffdd11384cfc3aa63572f72a1
run_20260217_220238-0442,0xcd78e166315c91e70c2563b03c91b74fa3a54692f4ff7609e0b3410cffcf03d8,0x4c9f2688efe7e25460a345fbef93ac903422f154e15b6eb2eb1e2c78cf206c78,11.034,2026-02-17T19:36:30.963896Z,2026-02-17T20:06:30.963896Z,2026-02-17,0xa614a29f4fc1cbcdf36713ede6965e331845872ffdd11384cfc3aa63572f72a1
run_20260217_220238-0443,0xfaa167b28d831613394fc8222ad1dd1c1a63761cf66f8f2412f5674205fd0b7e,0x4c2807708a2024eed88c71a8209c920e841b646b2770b911a60ab96390cf6e7e,10.44,2026-02-17T15:06:40.326815Z,2026-02-17T15:36:40.326815Z,2026-02-17,0xa614a29f4fc1cbcdf36713ede6965e331845872ffdd11384cfc3aa63572f72a1
run_20260217_220238-0444,0x2b8b3d35b6cc6547152f1a46d35407b5402d60fa2d8a39662c64939bed928e66,0x4f0d5c1bc6cf836cac894dc7eb638b9040ff6272d2b24547f954c29da6478c4f,11.036,2026-02-17T01:53:34.504479Z,2026-02-17T02:53:34.504479Z,2026-02-17,0xa614a29f4fc1cbcdf36713ede6965e331845872ffdd11384cfc3aa63572f72a1
run_20260217_220238-0445,0xd0d543e75866fd3af52debfcb460ec0109fb5b421539392a272b8e0f1509d83c,0xbc26947df4793bc3dc3ecf984f574a862832e73ee3c86080fe454a41dfd00d89,10.82,2026-02-17T04:47:36.618484Z,2026-02-17T05:47:36.618484Z,2026-02-17,0xa614a29f4fc1cbcdf36713ede6965e331845872ffdd11384cfc3aa63572f72a1
run_20260217_220238-0446,0x7e417dd0ce46bea4a998d86817492d7c2711f250b6e63fc8e0cddca2db9811c9,0x367ce9ebb8aa7919880f35f0fb8f2158e443f4724ca8ba66cb8e670a3621a0e1,4.996,2026-02-17T05:13:57.118061Z,2026-02-17T05:53:57.118061Z,2026-02-17,0xa614a29f4fc1cbcdf36713ede6965e331845872ffdd11384cfc3aa63572f72a1
run_20260217_220238-0447,0x5fb52bf0f4d37257bb5b40de12b3b72a44336f03ea84d4f19510c15328d357e2,0x1b16e4441b9fa0b91b8c4824bb9a51e79be4d6917ae86308471641538d3c729f,7.813,2026-02-17T22:38:17.485830Z,2026-02-17T23:18:17.485830Z,2026-02-17,0xa614a29f4fc1cbcdf36713ede6965e331845872ffdd11384cfc3aa63572f72a1
run_20260217_220238-0448,0x9d880f0e160451e23b7623a82ce5fac473915fb23bada3a213a5530c94caa539,0x1764d4501980582a4dc4359eba3b51da97cb23cdbc1d53f73f3358f7ddff252f,11.264,2026-02-17T02:40:33.658662Z,2026-02-17T03:40:33.658662Z,2026-02-17,0xa614a29f4fc1cbcdf36713ede6965e331845872ffdd11384cfc3aa63572f72a1
run_20260217_220238-0449,0x7854d0f7ad056ce56b5633c3a00542ae5c0c4efd62ac271af5e3aaf26083aa49,0xda93842771632bbe20692885435eedc32d269bfb1bd32d8d8f62f70c95831c43,7.154,2026-02-17T09:48:25.343799Z,2026-02-17T10:48:25.343799Z,2026-02-17,0xa614a29f4fc1cbcdf36713ede6965e331845872ffdd11384cfc3aa63572f72a1
run_20260217_220238-0450,0x40075d1017cd83701cba9580a399ff1449d1f3abc5d5b439e1ec8c4f36e4ed13,0x7fbefc4244af0cc6d7e2e2cfb10843222cfc32394fd562b3476526d4ec5e0bce,27.396,2026-02-17T16:41:21.797630Z,2026-02-17T17:56:21.797630Z,2026-02-17,0xa614a29f4fc1cbcdf36713ede6965e331845872ffdd11384cfc3aa63572f72a1
run_20260217_220238-0451,0x71522c6417362e0a2f2e37213534fd4acbef460b6aab46a3fdcb014d259b5cf6,0xfcce801ca2bd8c7496e1810e938d4f94bb2cd19548b346f4e2a3ede68d567e20,22.081,2026-02-17T15:18:03.978293Z,2026-02-17T16:18:03.978293Z,2026-02-17,0xa614a29f4fc1cbcdf36713ede6965e331845872ffdd11384cfc3aa63572f72a1
run_20260217_220238-0452,0x97aa31e9dbfbfb5d6ca0a6ee4da324420fd4e82f0699552c66db65748ec0c4a2,0x42cc7ccd70af881bcce4da2c39eacdfcd3395ea13cb86856e885851f622910b2,6.941,2026-02-17T20:03:50.115203Z,2026-02-17T20:43:50.115203Z,2026-02-17,0xa614a29f4fc1cbcdf36713ede6965e331845872ffdd11384cfc3aa63572f72a1
run_20260217_220238-0453,0x65af6f0df08999ca9ef50398dd8b05fb3f5c679e6660efacdc4920e574c0e1b6,0x175812f0e407a129078c29fe95fbcf29e4e28fe89236f37f0f45ac502d62b328,10.921,2026-02-17T09:36:46.921036Z,2026-02-17T10:06:46.921036Z,2026-02-17,0xa614a29f4fc1cbcdf36713ede6965e331845872ffdd11384cfc3aa63572f72a1
run_20260217_220238-0454,0x016263873322c0c8bedc5806949f23fff98121007553c0e50712a998de7f7645,0xca243fc111d8efa85f843a96dee98d306373c51b18a5bbbc791b227fedae4156,3.743,2026-02-17T10:03:43.970177Z,2026-02-17T10:33:43.970177Z,2026-02-17,0xa614a29f4fc1cbcdf36713ede6965e331845872ffdd11384cfc3aa63572f72a1
run_20260217_220238-0455,0x751735b369f10e15e10d9953d2a847f32c7e4fde8be128044b84f8d401bb874d,0x6d2dacc431ec6f66c71a867a3c830cbc5f68dc9cf205bce2b4a2c766eb151d74,9.908,2026-02-17T18:40:35.793451Z,2026-02-17T19:10:35.793451Z,2026-02-17,0xa614a29f4fc1cbcdf36713ede6965e331845872ffdd11384cfc3aa63572f72a1
run_20260217_220238-0456,0xe38f37ced4215b56fcdbda1b5ffddae9a6caadc2d972b828190b33167f1e997d,0x875a77f639f3a6fb6e8491338d8a93253347a19ed11742da4d0bd643daa480ae,2.376,2026-02-17T01:59:54.907773Z,2026-02-17T02:19:54.907773Z,2026-02-17,0xa614a29f4fc1cbcdf36713ede6965e331845872ffdd11384cfc3aa63572f72a1
run_20260217_220238-0457,0x571b5df78b62ecf2899b360f5094ec5b9503cb9191f42387ea68c302ac0b71b1,0x6647d240b800bff34fab993c10a61eb6ea591ee74a1df2200abdbbfc491552bb,4.812,2026-02-17T09:38:23.157555Z,2026-02-17T10:18:23.157555Z,2026-02-17,0xa614a29f4fc1cbcdf36713ede6965e331845872ffdd11384cfc3aa63572f72a1
run_20260217_220238-0458,0xfca46d570081b8605805490c616098fb4110425a6736d1dbad31fada094885fe,0x20f4fba29453d5e792ec3f7b648638b1861310213c72898f1d4d7f1a565a0add,2.471,2026-02-17T13:47:16.841725Z,2026-02-17T14:07:16.841725Z,2026-02-17,0xa614a29f4fc1cbcdf36713ede6965e331845872ffdd11384cfc3aa63572f72a1
run_20260217_220238-0459,0x1949025d513356671a1dbf0ec71ceadffc918af4bb0f6189cdc41b3cbc63d0d7,0x885352b8d145348680e47b3abb3a8cbd1ec3ec79cb89d066d7d5f0088240c485,3.915,2026-02-17T11:39:35.397768Z,2026-02-17T11:59:35.397768Z,2026-02-17,0xa614a29f4fc1cbcdf36713ede6965e331845872ffdd11384cfc3aa63572f72a1
run_20260217_220238-0460,0xb41236da403d6531e1bf4bf07b8e0a60b19ba18cffb7bdb040c550d3d98f89b0,0x990cb6f62b879bdfa4118b7b00bdcc6963ef067f3944410e182c713ab770b970,9.1,2026-02-17T21:00:44.236702Z,2026-02-17T22:15:44.236702Z,2026-02-17,0xa614a29f4fc1cbcdf36713ede6965e331845872ffdd11384cfc3aa63572f72a1
run_20260217_220238-0461,0xcab85c29bcd5abca4d4fad8e3db23930a913f509f3693feb85fa973b1746ef76,0xe7f9bb45ceaea3f66fba001a7c3137d19368f99af55f7118e5df01034c91a90b,5.948,2026-02-17T11:17:28.332828Z,2026-02-17T11:47:28.332828Z,2026-02-17,0xa614a29f4fc1cbcdf36713ede6965e331845872ffdd11384cfc3aa63572f72a1
run_20260217_220238-0462,0x717494e53bb40eaee0c1ab229cfe0a9e394f0d8b24863f0c9dced2a6589c45ea,0x35b3768df46eb5ea7043177bd68e854b38811b5385f526fa254f5cedc2c9c079,5.302,2026-02-17T07:13:41.316855Z,2026-02-17T07:43:41.316855Z,2026-02-17,0xa614a29f4fc1cbcdf36713ede6965e331845872ffdd11384cfc3aa63572f72a1
run_20260217_220238-0463,0xa36eadf6a55ee6f6f254f3b3d08436d6175c14bc63660eb1a86b9f51c103412a,0xd5efe4ba9b7a593bec87d6a00cf257500a59f0f3d015395400c70fa57e75b51c,3.605,2026-02-17T00:21:09.458368Z,2026-02-17T00:41:09.458368Z,2026-02-17,0xa614a29f4fc1cbcdf36713ede6965e331845872ffdd11384cfc3aa63572f72a1
run_20260217_220238-0464,0x36250b5683b78c2dc2553ab15bd2048c97455918fefd9013a68bbbe350f3602d,0xbe2cbc474193d23f77d1a7dd6e0672e88baaa0f1def64b4c950d8441509e1ba5,6.997,2026-02-17T22:00:33.777541Z,2026-02-17T23:00:33.777541Z,2026-02-17,0xa614a29f4fc1cbcdf36713ede6965e331845872ffdd11384cfc3aa63572f72a1
run_20260217_220238-0465,0x8a384299ce0c153d2471a1eede901d1354c549b3318891389004f07d6fade922,0x7c3f94a1db76005ce4d4a187c2b73a749197f09ea5404c8adb7863d882f36995,23.19,2026-02-17T23:40:35.303036Z,2026-02-18T00:40:35.303036Z,2026-02-17,0xa614a29f4fc1cbcdf36713ede6965e331845872ffdd11384cfc3aa63572f72a1
run_20260217_220238-0466,0x0b442493efbafa4b955cb2c1e55d88411efdc0efe262895ea7df10d5acd517c3,0xa20d1bf734a6fbca18a752da082a94e5d554447d97ee454185d7a235be49f1b4,6.825,2026-02-17T03:43:35.851113Z,2026-02-17T04:43:35.851113Z,2026-02-17,0xa614a29f4fc1cbcdf36713ede6965e331845872ffdd11384cfc3aa63572f72a1
run_20260217_220238-0467,0xac0a3b7a7b51559176bb2c540b0e3964f66d4825686e6111bcaa292848c89e0d,0x9b83d547ad48d963b5938ff94bedfdfa70bef7d35f8e693ee1dd1c84942412c0,7.514,2026-02-17T20:26:46.877824Z,2026-02-17T21:26:46.877824Z,2026-02-17,0xa614a29f4fc1cbcdf36713ede6965e331845872ffdd11384cfc3aa63572f72a1
run_20260217_220238-0468,0x8178884b28140a8292ed401fead2f68ab336d11b4242b7659a1e12f1af8b562c,0x37c7c6eedd20a78566993ce5e6f2300bcb580e540f577fccd4186f9b10875fe2,6.937,2026-02-17T21:40:16.774489Z,2026-02-17T22:00:16.774489Z,2026-02-17,0xa614a29f4fc1cbcdf36713ede6965e331845872ffdd11384cfc3aa63572f72a1
run_20260217_220238-0469,0x233c3372c78eacdd3730c1fd8eea88dea08413d81353a511cb403c0773dc8330,0xbf8023c950bd03b8904aba1bab1affd11fc40cbad6862d9fdf27b0f0e94e6aff,14.047,2026-02-17T11:52:05.733078Z,2026-02-17T13:07:05.733078Z,2026-02-17,0xa614a29f4fc1cbcdf36713ede6965e331845872ffdd11384cfc3aa63572f72a1
run_20260217_220238-0470,0xe49fb43e12a5fba047736710856f0d03e31eb43455acb2266a7123a6348f43ea,0xcd3207ba90a1ad1a29d70d7689c9e43ab9f5ce736002222e9c52d7ce7c029fa1,6.964,2026-02-17T06:48:21.516416Z,2026-02-17T07:48:21.516416Z,2026-02-17,0xa614a29f4fc1cbcdf36713ede6965e331845872ffdd11384cfc3aa63572f72a1
run_20260217_220238-0471,0xa22fd583c55b95493753ad16b3808547803f405449b3544385d6b4c177afa566,0x1a9529f0dda35c99c2f8ae5a8e32ccfbc7ec7e463ba05133a0eb4b21e0376e72,7.782,2026-02-17T16:17:30.287508Z,2026-02-17T16:37:30.287508Z,2026-02-17,0xa614a29f4fc1cbcdf36713ede6965e331845872ffdd11384cfc3aa63572f72a1
run_20260217_220238-0472,0x3ae469733d8c8f17ad22ee1fb77223abbcde805eea927eb99b42e2b6dc698ac7,0x14ce14549f54baeba1e3f1b8586ac5acea9a511e396e1bd74e804bc6517911fe,7.116,2026-02-17T08:58:46.780781Z,2026-02-17T09:58:46.780781Z,2026-02-17,0xa614a29f4fc1cbcdf36713ede6965e331845872ffdd11384cfc3aa63572f72a1
run_20260217_220238-0473,0xeaf899284b990e40bebe3823e21162168b0ff75886c2fd6b986618d9b17c31cc,0x7156a6cbecf60f6ac87e01e6d9a966e390d0f54946a7346961510708cc962a54,22.312,2026-02-17T12:55:17.429014Z,2026-02-17T13:55:17.429014Z,2026-02-17,0xa614a29f4fc1cbcdf36713ede6965e331845872ffdd11384cfc3aa63572f72a1
run_20260217_220238-0474,0x6b426b312c6e6f2a2e68d37d6bcd02e55a8f9a3e73055556fa93bbf8aec20348,0xfd726070f9c81f5bed31db7e34b6c0b859363a8e63bd61490888e003f9ecbfd2,4.659,2026-02-17T05:37:32.302994Z,2026-02-17T06:17:32.302994Z,2026-02-17,0xa614a29f4fc1cbcdf36713ede6965e331845872ffdd11384cfc3aa63572f72a1
run_20260217_220238-0475,0xd06d321c2ef605adc05f487234203f6d1dab40edcb49e93a4368ff15fe1dc080,0xd39ebcfa6d01ca6c2e27661cb966c4426806cf2793a432b18b1b110e130fd348,13.46,2026-02-17T16:50:51.528757Z,2026-02-17T18:05:51.528757Z,2026-02-17,0xa614a29f4fc1cbcdf36713ede6965e331845872ffdd11384cfc3aa63572f72a1
run_20260217_220238-0476,0x89fcd06d09f85a1a83adfdf8d76c9715471e395aac4f9711d8fa9f735c612788,0xc445ebf4b74c9de9966a9dbe990febc12664f5d35d505879481a07f94f3c93a0,5.389,2026-02-17T11:01:28.529161Z,2026-02-17T11:31:28.529161Z,2026-02-17,0xa614a29f4fc1cbcdf36713ede6965e331845872ffdd11384cfc3aa63572f72a1
run_20260217_220238-0477,0xb18c509ff31c07650394450f81e2891cde1fddd24a2a1f484cd15fa67761969b,0x51e1f27a7f0ac7a28ce7ff40ef11b8c6e8687b064db9dc261a8f06ca7ede5877,6.994,2026-02-17T19:30:23.035670Z,2026-02-17T20:30:23.035670Z,2026-02-17,0xa614a29f4fc1cbcdf36713ede6965e331845872ffdd11384cfc3aa63572f72a1
run_20260217_220238-0478,0x41baab97f43a0f2a1e58749584cd474abed6f9f273b1e02d0dc3002706b7d735,0x3f707d170b121236d591778d037347680c8175fe35f7c0a06a2a8be6c3e3fc60,7.34,2026-02-17T20:22:19.162694Z,2026-02-17T21:02:19.162694Z,2026-02-17,0xa614a29f4fc1cbcdf36713ede6965e331845872ffdd11384cfc3aa63572f72a1
run_20260217_220238-0479,0x37036ec9aed2305be822accb9c43f3fd6f880b1dc23b1e2cf526cd71c255572d,0x8b4828fdd4fbaf116f101b6116047878814dba2d37588801477a9f5739929844,2.43,2026-02-17T14:14:33.182849Z,2026-02-17T14:34:33.182849Z,2026-02-17,0xa614a29f4fc1cbcdf36713ede6965e331845872ffdd11384cfc3aa63572f72a1
run_20260217_220238-0480,0x378d64b38c1915b9679fa6f85bd6b95877e3f8802ce81143be8b43871ce74e5a,0x3ff1b0c5a4d59ce91ab98ead183213719eb0ca47d6e3ed4f90f33b1ca2b87241,2.547,2026-02-17T13:51:17.547267Z,2026-02-17T14:11:17.547267Z,2026-02-17,0xa614a29f4fc1cbcdf36713ede6965e331845872ffdd11384cfc3aa63572f72a1
run_20260217_220238-0481,0x550cd1e212fce99f250e71256cc8c0aa0cfd11238d87363800e5fef80de5bab1,0xccd76f84f6531826c69ace4c3a6dd27048d9263531051973f3740360a938ee79,7.289,2026-02-17T08:31:13.013844Z,2026-02-17T08:51:13.013844Z,2026-02-17,0xa614a29f4fc1cbcdf36713ede6965e331845872ffdd11384cfc3aa63572f72a1
run_20260217_220238-0482,0x32b6b5007d0ed14c699d20f0741ddc85b339e0938dadf7e9c6743488a0b2d0cf,0xba60d28650159bf1d4855a3013be9c63655bd8d95af1159d6dfe641c2fb8250a,10.521,2026-02-17T22:27:26.541388Z,2026-02-17T23:27:26.541388Z,2026-02-17,0xa614a29f4fc1cbcdf36713ede6965e331845872ffdd11384cfc3aa63572f72a1
run_20260217_220238-0483,0x2335010b3599d174be7eb69f324aa912daec80cf37b7c8a195d571c3e3945dad,0xf70c3e4664c7d29634929be79952d5e5a63dcb58d1864f10b443c93ba587e6d3,11.527,2026-02-17T02:45:13.595895Z,2026-02-17T03:15:13.595895Z,2026-02-17,0xa614a29f4fc1cbcdf36713ede6965e331845872ffdd11384cfc3aa63572f72a1
run_20260217_220238-0484,0x2e553968e8f215a05968a1a447dcb61079205f10328cc3847f99f3e407090e30,0x9e59f1e9e80521f634265578f0f06d1c13b27a5fdc407cef175d9cb69898e0eb,2.422,2026-02-17T18:45:04.075520Z,2026-02-17T19:05:04.075520Z,2026-02-17,0xa614a29f4fc1cbcdf36713ede6965e331845872ffdd11384cfc3aa63572f72a1
run_20260217_220238-0485,0x11d34fa0522a069e821513415312fed6531a4484e31cee312daf1814047a1df8,0x4a1d1438ec0b90ec8df0f30651d2780eb2df52235da2c64638a01f95d7fa8e87,3.613,2026-02-17T14:59:25.489333Z,2026-02-17T15:19:25.489333Z,2026-02-17,0xa614a29f4fc1cbcdf36713ede6965e331845872ffdd11384cfc3aa63572f72a1
run_20260217_220238-0486,0xe9df97216169f5d7c8e6ae8b8fc781d65d9eef97f5764ce20b215c72ee40cf33,0x3a366dc1b5bd5dc1540ee358cb03ff20c508610a921d461adcf52fbf97ddd117,4.755,2026-02-17T06:48:26.005804Z,2026-02-17T07:28:26.005804Z,2026-02-17,0xa614a29f4fc1cbcdf36713ede6965e331845872ffdd11384cfc3aa63572f72a1
run_20260217_220238-0487,0xd16374114708bb6327926d3540c632c44c70a535bc86ba99e7f4a47c8374e429,0x101766743cc65adcc28aa6ca6c544574c304d699d00c81091c727c167eead58e,15.336,2026-02-17T16:33:39.201454Z,2026-02-17T17:13:39.201454Z,2026-02-17,0xa614a29f4fc1cbcdf36713ede6965e331845872ffdd11384cfc3aa63572f72a1
run_20260217_220238-0488,0xfa5f328044f36744b448f7bb3ba2ac42f2fe298ad89f04bd69cdafa74c3f2f5b,0xbff4105eb23af18367a56c8e98536fd9acdb7d1f0656dba823ce63f8c2f0bbd2,4.684,2026-02-17T05:49:23.890964Z,2026-02-17T06:29:23.890964Z,2026-02-17,0xa614a29f4fc1cbcdf36713ede6965e331845872ffdd11384cfc3aa63572f72a1
run_20260217_220238-0489,0x8757db0f795b49ede0dfdb73b91e7104e04910b4cddc4dce5ff8cb54078003cc,0x97c55865e1d065a9939223c94a540b2e8d39fb3959ba74c9fb9d32cff5c36167,20.891,2026-02-17T01:24:41.195696Z,2026-02-17T02:24:41.195696Z,2026-02-17,0xa614a29f4fc1cbcdf36713ede6965e331845872ffdd11384cfc3aa63572f72a1
run_20260217_220238-0490,0xbe00b63656d9a2145f9e59ee0f5516f38fbdaa5f418ede669a08c86ff06ba729,0x4f9f55da000813a3df0aab351f282052ff7c348d23a4a604d5c0a0a9db25a5e4,11.114,2026-02-17T05:41:45.321531Z,2026-02-17T06:11:45.321531Z,2026-02-17,0xa614a29f4fc1cbcdf36713ede6965e331845872ffdd11384cfc3aa63572f72a1
run_20260217_220238-0491,0x15e7c4242d63802419df49297b1ab502e054f6b704d62dc534c412aa80f1ef7f,0x44180e57801de7d904e695646a4c0e497c57a703d7a710f4cd6fa379f70b67ee,10.519,2026-02-17T11:35:25.987013Z,2026-02-17T12:05:25.987013Z,2026-02-17,0xa614a29f4fc1cbcdf36713ede6965e331845872ffdd11384cfc3aa63572f72a1
run_20260217_220238-0492,0x3eefb21c880b251e0298a9e5122986ebfd6264436d8baf0198eca1a6fb50c3ff,0x869bad19d2c374053c6eac08a34c43f2cd4ab485aecbd3d5c2196907de4ceeb1,4.856,2026-02-17T16:07:17.050367Z,2026-02-17T16:47:17.050367Z,2026-02-17,0xa614a29f4fc1cbcdf36713ede6965e331845872ffdd11384cfc3aa63572f72a1
run_20260217_220238-0493,0x703570551297ac45108bf33f104a47ab8a285d4c071ddcd94cf21f741de07df3,0x2c1674570977c4c7b20aa9d46fb3d256248d0c81933546d55b61dcb367cee792,3.974,2026-02-17T08:56:39.396310Z,2026-02-17T09:16:39.396310Z,2026-02-17,0xa614a29f4fc1cbcdf36713ede6965e331845872ffdd11384cfc3aa63572f72a1
run_20260217_220238-0494,0xd6675bbcccbf6ad9246959536e2a90479e20a5db5eb463131355c7b370a53a61,0x05ef6b2d0b3c9f5e87f1b5d136a676e6b2a3cdbfa0fb49d37c2287f5ec9c54d5,4.729,2026-02-17T20:24:04.696240Z,2026-02-17T21:04:04.696240Z,2026-02-17,0xa614a29f4fc1cbcdf36713ede6965e331845872ffdd11384cfc3aa63572f72a1
run_20260217_220238-0495,0xe2d85dbdb2453f31d96929e51fc21e8368eb4d9d45cca698f723250d7ed08ef4,0xfa72fc502facbab1e84f07088a6a54497aa0e848446ea417db64576adc1c4a45,7.347,2026-02-17T01:16:41.078971Z,2026-02-17T01:56:41.078971Z,2026-02-17,0xa614a29f4fc1cbcdf36713ede6965e331845872ffdd11384cfc3aa63572f72a1
run_20260217_220238-0496,0x56cbd7a979c790d7eccdced5ec8d5d6f2e0fb51c050821e44258006fc92abf03,0xd167cf8307d3a2067c9f26dee59970d9a7dde81bdb2c6f60ca399dcc24dfe0c2,7.365,2026-02-17T20:28:50.537577Z,2026-02-17T21:08:50.537577Z,2026-02-17,0xa614a29f4fc1cbcdf36713ede6965e331845872ffdd11384cfc3aa63572f72a1
run_20260217_220238-0497,0x2be57e4500f2f11fd58e53f77b42ed83fe69c2c45a541c1b010803de1d37f44f,0x0449060afe592863f0f53b1b3119dec17d09f1a71a6d337382e6f0953db28774,22.046,2026-02-17T18:53:24.393824Z,2026-02-17T19:53:24.393824Z,2026-02-17,0xa614a29f4fc1cbcdf36713ede6965e331845872ffdd11384cfc3aa63572f72a1
run_20260217_220238-0498,0x633b2d264ccdcb98c4d63602b22e0d9900320e37a1da0de540982aa9949205e1,0x77d36496c1bd9a29821ea3a05209318493c84c75b58ea5bb7d38a4a896b643ac,11.837,2026-02-17T11:52:27.571394Z,2026-02-17T12:52:27.571394Z,2026-02-17,0xa614a29f4fc1cbcdf36713ede6965e331845872ffdd11384cfc3aa63572f72a1
run_20260217_220238-0499,0x1f905888cd0fc2d50ddb8a8b6ef32bc9ba6a5cc999306f7287dd7bb2e91c7bb0,0xf7f2e4dc337ed39dda43723a85c0bdc6aa32c1df852946e044d84b3fc0b828e3,2.284,2026-02-17T21:10:44.846347Z,2026-02-17T21:30:44.846347Z,2026-02-17,0xa614a29f4fc1cbcdf36713ede6965e331845872ffdd11384cfc3aa63572f72a1
run_20260217_220238-0500,0xebb893def269f0b8580129ffe4245001c0647f0e0a7d6a269572a1877b2bc680,0xd583d4d6649e2ea532c47e16788ea4cdf6320c0559b6c4b3851c61ae54c64516,13.46,2026-02-17T02:56:12.696292Z,2026-02-17T04:11:12.696292Z,2026-02-17,0xa614a29f4fc1cbcdf36713ede6965e331845872ffdd11384cfc3aa63572f72a1
