session_id,expected_hash,computed_hash,match,batch_day,batch_root
run_20260217_220238-0001,0x7e526b4a69f1487246f043bacea695eb39a46495b329b62fbe13a9767906370a,0x7e526b4a69f1487246f043bacea695eb39a46495b329b62fbe13a9767906370a,True,2026-02-17,0xa614a29f4fc1cbcdf36713ede6965e331845872ffdd11384cfc3aa63572f72a1
run_20260217_220238-0002,0x0b4b2bef55ec3a2877ed42eff75548d2afa6cb29af6f9ad7a738a4e2759ff419,0x0b4b2bef55ec3a2877ed42eff75548d2afa6cb29af6f9ad7a738a4e2759ff419,True,2026-02-17,0xa614a29f4fc1cbcdf36713ede6965e331845872ffdd11384cfc3aa63572f72a1
run_20260217_220238-0003,0x04583aea8dd0e91f00ab949c56f65e0103b3256bd5b925d351417974a871a659,0x04583aea8dd0e91f00ab949c56f65e0103b3256bd5b925d351417974a871a659,True,2026-02-17,0xa614a29f4fc1cbcdf36713ede6965e331845872ffdd11384cfc3aa63572f72a1
run_20260217_220238-0004,0xe31da02c47dbec520e978de675e7d7a4d101450ed1655869a231528daea83076,0xe31da02c47dbec520e978de675e7d7a4d101450ed1655869a231528daea83076,True,2026-02-17,0xa614a29f4fc1cbcdf36713ede6965e331845872ffdd11384cfc3aa63572f72a1
run_20260217_220238-0005,0xd523bfe2568c4f9dfa3ffd807962e7329867094d199fdb9d4f937de0be3e1385,0xd523bfe2568c4f9dfa3ffd807962e7329867094d199fdb9d4f937de0be3e1385,True,2026-02-17,0xa614a29f4fc1cbcdf36713ede6965e331845872ffdd11384cfc3aa63572f72a1
run_20260217_220238-0006,0xb733c15810ff9ece2ff50c0a6bebefa1a8dc5fcd553bb9764458ac5d829e8bbf,0xb733c15810ff9ece2ff50c0a6bebefa1a8dc5fcd553bb9764458ac5d829e8bbf,True,2026-02-17,0xa614a29f4fc1cbcdf36713ede6965e331845872ffdd11384cfc3aa63572f72a1
run_20260217_220238-0007,0xaa5e1fa0737c309d6e5579dede62984afa22535414e1ebec938fac9f9f3be797,0xaa5e1fa0737c309d6e5579dede62984afa22535414e1ebec938fac9f9f3be797,True,2026-02-17,0xa614a29f4fc1cbcdf36713ede6965e331845872ffdd11384cfc3aa63572f72a1
run_20260217_220238-0008,0xb8fc10dd5caf9ca82b40f541ad2eaa16ce53fdff123ee58e5c1de7b95a8e8967,0xb8fc10dd5caf9ca82b40f541ad2eaa16ce53fdff123ee58e5c1de7b95a8e8967,True,2026-02-17,0xa614a29f4fc1cbcdf36713ede6965e331845872ffdd11384cfc3aa63572f72a1
run_20260217_220238-0009,0xa1546c4ccc5493335b3d4b64f784aebd3ae3b7ce9df9b63dd049954ab4b77847,0xa1546c4ccc5493335b3d4b64f784aebd3ae3b7ce9df9b63dd049954ab4b77847,True,2026-02-17,0xa614a29f4fc1cbcdf36713ede6965e331845872ffdd11384cfc3aa63572f72a1
run_20260217_220238-0010,0x72e57988e6a8af6bd234f6d67737af8b8f4e0b1f4851082e472a9c0a23bd1ac2,0x72e57988e6a8af6bd234f6d67737af8b8f4e0b1f4851082e472a9c0a23bd1ac2,True,2026-02-17,0xa614a29f4fc1cbcdf36713ede6965e331845872ffdd11384cfc3aa63572f72a1
run_20260217_220238-0011,0xcb707b8ce370ee04d8628ee8746073f33765e4c547be9ad28ded89b04967f495,0xcb707b8ce370ee04d8628ee8746073f33765e4c547be9ad28ded89b04967f495,True,2026-02-17,0xa614a29f4fc1cbcdf36713ede6965e331845872ffdd11384cfc3aa63572f72a1
run_20260217_220238-0012,0x8b4f4d8607e6778a6e5c12a780e4ed8228f34b74a04897f436524736f2641710,0x8b4f4d8607e6778a6e5c12a780e4ed8228f34b74a04897f436524736f2641710,True,2026-02-17,0xa614a29f4fc1cbcdf36713ede6965e331845872ffdd11384cfc3aa63572f72a1
run_20260217_220238-0013,0xc6e8969dc61225e2ee5d249e54e941f2ebead934fa88e058652f3756848ec24d,0xc6e8969dc61225e2ee5d249e54e941f2ebead934fa88e058652f3756848ec24d,True,2026-02-17,0xa614a29f4fc1cbcdf36713ede6965e331845872ffdd11384cfc3aa63572f72a1
run_20260217_220238-0014,0x1af0ff0f4444148e02381810725401d617dfcad56d122dae1d012d5f017ce4e6,0x1af0ff0f4444148e02381810725401d617dfcad56d122dae1d012d5f017ce4e6,True,2026-02-17,0xa614a29f4fc1cbcdf36713ede6965e331845872ffdd11384cfc3aa63572f72a1
run_20260217_220238-0015,0xd10ee3abfed1f87f5a2944bb1a8ce60f99567a990e3471d75a68506ce4c2126f,0xd10ee3abfed1f87f5a2944bb1a8ce60f99567a990e3471d75a68506ce4c2126f,True,2026-02-17,0xa614a29f4fc1cbcdf36713ede6965e331845872ffdd11384cfc3aa63572f72a1
run_20260217_220238-0016,0xeec65e9b65f858e79243b4c8c26bbc880d1b278e4a66539e902f4a1ffe6c6484,0xeec65e9b65f858e79243b4c8c26bbc880d1b278e4a66539e902f4a1ffe6c6484,True,2026-02-17,0xa614a29f4fc1cbcdf36713ede6965e331845872ffdd11384cfc3aa63572f72a1
run_20260217_220238-0017,0x5499bbba85f6994e85e3b97e27b0f573bebf295c3a9bb6f46924f08785a29966,0x5499bbba85f6994e85e3b97e27b0f573bebf295c3a9bb6f46924f08785a29966,True,2026-02-17,0xa614a29f4fc1cbcdf36713ede6965e331845872ffdd11384cfc3aa63572f72a1
run_20260217_220238-0018,0x703a143a0358b398f1debe01d2897eea05379963f27a4c859bd6797d0f3566c6,0x703a143a0358b398f1debe01d2897eea05379963f27a4c859bd6797d0f3566c6,True,2026-02-17,0xa614a29f4fc1cbcdf36713ede6965e331845872ffdd11384cfc3aa63572f72a1
run_20260217_220238-0019,0x2dafd52a6d5a68b6058c50459f1aff5c418e2451c09d87e804cf0a684a57b009,0x2dafd52a6d5a68b6058c50459f1aff5c418e2451c09d87e804cf0a684a57b009,True,2026-02-17,0xa614a29f4fc1cbcdf36713ede6965e331845872ffdd11384cfc3aa63572f72a1
run_20260217_220238-0020,0xba9fb4615a6e22708299aef743b295113f44fb605f1723fa714377e138fd9358,0xba9fb4615a6e22708299aef743b295113f44fb605f1723fa714377e138fd9358,True,2026-02-17,0xa614a29f4fc1cbcdf36713ede6965e331845872ffdd11384cfc3aa63572f72a1
run_20260217_220238-0021,0x2b1e0b89cf9ad473a7360b96bdbb40c5fabb143bb8fd5515f691c2a4ae6bb5d1,0x2b1e0b89cf9ad473a7360b96bdbb40c5fabb143bb8fd5515f691c2a4ae6bb5d1,True,2026-02-17,0xa614a29f4fc1cbcdf36713ede6965e331845872ffdd11384cfc3aa63572f72a1
run_20260217_220238-0022,0x9456f5d55dc62f0973a55c3f7ae3f4ab653ea698ee9c28ff60990f379ef6a6af,0x9456f5d55dc62f0973a55c3f7ae3f4ab653ea698ee9c28ff60990f379ef6a6af,True,2026-02-17,0xa614a29f4fc1cbcdf36713ede6965e331845872ffdd11384cfc3aa63572f72a1
run_20260217_220238-0023,0x2ec3e578d48c565a7e41efd94bd879ab60a76709e29612655bec26d649f65faa,0x2ec3e578d48c565a7e41efd94bd879ab60a76709e29612655bec26d649f65faa,True,2026-02-17,0xa614a29f4fc1cbcdf36713ede6965e331845872ffdd11384cfc3aa63572f72a1
run_20260217_220238-0024,0x441c97ec840dd680710259301129ea25eaef4a65c897f1418d5885408873f8a8,0x441c97ec840dd680710259301129ea25eaef4a65c897f1418d5885408873f8a8,True,2026-02-17,0xa614a29f4fc1cbcdf36713ede6965e331845872ffdd11384cfc3aa63572f72a1
run_20260217_220238-0025,0xc211751125279cc80a1b974ef3c2604316d9c88c33f1a8498fa0176fe27ff6a0,0xc211751125279cc80a1b974ef3c2604316d9c88c33f1a8498fa0176fe27ff6a0,True,2026-02-17,0xa614a29f4fc1cbcdf36713ede6965e331845872ffdd11384cfc3aa63572f72a1
run_20260217_220238-0026,0x4de53e4d6196b79a80c357275e953c22bb08693e211e0df4de4e73d62aa4e5cd,0x4de53e4d6196b79a80c357275e953c22bb08693e211e0df4de4e73d62aa4e5cd,True,2026-02-17,0xa614a29f4fc1cbcdf36713ede6965e331845872ffdd11384cfc3aa63572f72a1
run_20260217_220238-0027,0x920ca283d7ab25ff43b9c62b44c6b010d37142460b7e81fba66ed31456c89c5b,0x920ca283d7ab25ff43b9c62b44c6b010d37142460b7e81fba66ed31456c89c5b,True,2026-02-17,0xa614a29f4fc1cbcdf36713ede6965e331845872ffdd11384cfc3aa63572f72a1
run_20260217_220238-0028,0xc757a6ee30bdbceaeb80d745bc9232a4374ff031bf61c11cb46f80d3b05e71aa,0xc757a6ee30bdbceaeb80d745bc9232a4374ff031bf61c11cb46f80d3b05e71aa,True,2026-02-17,0xa614a29f4fc1cbcdf36713ede6965e331845872ffdd11384cfc3aa63572f72a1
run_20260217_220238-0029,0x69981654e3910da3eae4dc29c4f49d707f61763eda9b7cb5f2dad2314fd515f0,0x69981654e3910da3eae4dc29c4f49d707f61763eda9b7cb5f2dad2314fd515f0,True,2026-02-17,0xa614a29f4fc1cbcdf36713ede6965e331845872ffdd11384cfc3aa63572f72a1
run_20260217_220238-0030,0xd95aecf186ded9739db9c2349a067a0d3263bfd926ae25681b2fc7880a150c13,0xd95aecf186ded9739db9c2349a067a0d3263bfd926ae25681b2fc7880a150c13,True,2026-02-17,0xa614a29f4fc1cbcdf36713ede6965e331845872ffdd11384cfc3aa63572f72a1
run_20260217_220238-0031,0xa3bf0c5431ea019ef2e7cd7296725efb5fa75ddb40b80b99d9f58303d7085953,0xa3bf0c5431ea019ef2e7cd7296725efb5fa75ddb40b80b99d9f58303d7085953,True,2026-02-17,0xa614a29f4fc1cbcdf36713ede6965e331845872ffdd11384cfc3aa63572f72a1
run_20260217_220238-0032,0x7d96e0a9f42a5f905263b314e2787cb0856ed62c18d3faa17aa182b085aff634,0x7d96e0a9f42a5f905263b314e2787cb0856ed62c18d3faa17aa182b085aff634,True,2026-02-17,0xa614a29f4fc1cbcdf36713ede6965e331845872ffdd11384cfc3aa63572f72a1
run_20260217_220238-0033,0x96302e80d242d4e2b27150ff30ed852aab14f43a438454293e6e56c298f9e141,0x96302e80d242d4e2b27150ff30ed852aab14f43a438454293e6e56c298f9e141,True,2026-02-17,0xa614a29f4fc1cbcdf36713ede6965e331845872ffdd11384cfc3aa63572f72a1
run_20260217_220238-0034,0xdd7897d61bf311d572c866e8f7009ec4e7a628e029aa0513ccd2f2c54ca71d9a,0xdd7897d61bf311d572c866e8f7009ec4e7a628e029aa0513ccd2f2c54ca71d9a,True,2026-02-17,0xa614a29f4fc1cbcdf36713ede6965e331845872ffdd11384cfc3aa63572f72a1
run_20260217_220238-0035,0x5ae765c7923217e943af92d13ff2fac56a1e3172da391f633a6cdff5b036174d,0x5ae765c7923217e943af92d13ff2fac56a1e3172da391f633a6cdff5b036174d,True,2026-02-17,0xa614a29f4fc1cbcdf36713ede6965e331845872ffdd11384cfc3aa63572f72a1
run_20260217_220238-0036,0x8fe7686d322ca7eb7faecb06a5cc1e323b5a4e7ffea59b0a4ef92bd3d413e622,0x8fe7686d322ca7eb7faecb06a5cc1e323b5a4e7ffea59b0a4ef92bd3d413e622,True,2026-02-17,0xa614a29f4fc1cbcdf36713ede6965e331845872ffdd11384cfc3aa63572f72a1
run_20260217_220238-0037,0x5051e13ff5f3523767fd71d8b14e0e1588860220bb00b05f801199593ec78f1c,0x5051e13ff5f3523767fd71d8b14e0e1588860220bb00b05f801199593ec78f1c,True,2026-02-17,0xa614a29f4fc1cbcdf36713ede6965e331845872ffdd11384cfc3aa63572f72a1
run_20260217_220238-0038,0x347b70bb9cc71e38a5db757ac682b01ebfc1c8e34f8a9f93eb00e28ddc57ce6d,0x347b70bb9cc71e38a5db757ac682b01ebfc1c8e34f8a9f93eb00e28ddc57ce6d,True,2026-02-17,0xa614a29f4fc1cbcdf36713ede6965e331845872ffdd11384cfc3aa63572f72a1
run_20260217_220238-0039,0xef512a32a38491fb20594182ae9b506cd348a21a52c0f2ecc841bae0b06f3e3f,0xef512a32a38491fb20594182ae9b506cd348a21a52c0f2ecc841bae0b06f3e3f,True,2026-02-17,0xa614a29f4fc1cbcdf36713ede6965e331845872ffdd11384cfc3aa63572f72a1
run_20260217_220238-0040,0xb729b88c5c3f831d6327171d167493389e4e77b609dd13e4486acc5044e304ae,0xb729b88c5c3f831d6327171d167493389e4e77b609dd13e4486acc5044e304ae,True,2026-02-17,0xa614a29f4fc1cbcdf36713ede6965e331845872ffdd11384cfc3aa63572f72a1
run_20260217_220238-0041,0xd358e27220fb50179dac79ed7e6ef6710b30c75088acd1d5df1234edf4af7376,0xd358e27220fb50179dac79ed7e6ef6710b30c75088acd1d5df1234edf4af7376,True,2026-02-17,0xa614a29f4fc1cbcdf36713ede6965e331845872ffdd11384cfc3aa63572f72a1
run_20260217_220238-0042,0xca981cf1868b873762902bea69289f0de5b71dcbe1a2a2668e98828c0d88f472,0xca981cf1868b873762902bea69289f0de5b71dcbe1a2a2668e98828c0d88f472,True,2026-02-17,0xa614a29f4fc1cbcdf36713ede6965e331845872ffdd11384cfc3aa63572f72a1
run_20260217_220238-0043,0x74e59097d2ce14558c3816a39caf51c23e699a35b14961cd56e8555efaef22a2,0x74e59097d2ce14558c3816a39caf51c23e699a35b14961cd56e8555efaef22a2,True,2026-02-17,0xa614a29f4fc1cbcdf36713ede6965e331845872ffdd11384cfc3aa63572f72a1
run_20260217_220238-0044,0x29069f62377f39e5311563fbe05a0150100d2bcee76213e0e7cb0c6cab7a47b9,0x29069f62377f39e5311563fbe05a0150100d2bcee76213e0e7cb0c6cab7a47b9,True,2026-02-17,0xa614a29f4fc1cbcdf36713ede6965e331845872ffdd11384cfc3aa63572f72a1
run_20260217_220238-0045,0x621d7c61d8de1192717a581f683f0de14d89b0a1b73b5f31cc264de0e3b113f0,0x621d7c61d8de1192717a581f683f0de14d89b0a1b73b5f31cc264de0e3b113f0,True,2026-02-17,0xa614a29f4fc1cbcdf36713ede6965e331845872ffdd11384cfc3aa63572f72a1
run_20260217_220238-0046,0x886f5528a11d945e62f7d33f6345163639933f9ed5f55c754b50c2401d610ae6,0x886f5528a11d945e62f7d33f6345163639933f9ed5f55c754b50c2401d610ae6,True,2026-02-17,0xa614a29f4fc1cbcdf36713ede6965e331845872ffdd11384cfc3aa63572f72a1
run_20260217_220238-0047,0x3bba68132132e517459ce106721917494314ec16d3111c382cd0e481efe7801f,0x3bba68132132e517459ce106721917494314ec16d3111c382cd0e481efe7801f,True,2026-02-17,0xa614a29f4fc1cbcdf36713ede6965e331845872ffdd11384cfc3aa63572f72a1
run_20260217_220238-0048,0xa498e86ffc4aa29a6e78855066b302f5049ea3170825df2dacf39df321ddaf90,0xa498e86ffc4aa29a6e78855066b302f5049ea3170825df2dacf39df321ddaf90,True,2026-02-17,0xa614a29f4fc1cbcdf36713ede6965e331845872ffdd11384cfc3aa63572f72a1
run_20260217_220238-0049,0xecf400c9dcc18b7cf8a5e4c981f1cb48332235c438484a91720357983d6f3ff9,0xecf400c9dcc18b7cf8a5e4c981f1cb48332235c438484a91720357983d6f3ff9,True,2026-02-17,0xa614a29f4fc1cbcdf36713ede6965e331845872ffdd11384cfc3aa63572f72a1
run_20260217_220238-0050,0xc09d8526ef2a3ce08c2f47763f204fb378f6b260a36d0b701c09bbfc93a41e9d,0xc09d8526ef2a3ce08c2f47763f204fb378f6b260a36d0b701c09bbfc93a41e9d,True,2026-02-17,0xa614a29f4fc1cbcdf36713ede6965e331845872ffdd11384cfc3aa63572f72a1
run_20260217_220238-0051,0x99d2b759e19f6194d2a9d100dd05cf2c8d1601e332cec45fa5f8f935fd0874be,0x99d2b759e19f6194d2a9d100dd05cf2c8d1601e332cec45fa5f8f935fd0874be,True,2026-02-17,0xa614a29f4fc1cbcdf36713ede6965e331845872ffdd11384cfc3aa63572f72a1
run_20260217_220238-0052,0xbd19d3d7b7ade2331949840e9fe5b31db7717823829f5a0615ec9938e60bf51a,0xbd19d3d7b7ade2331949840e9fe5b31db7717823829f5a0615ec9938e60bf51a,True,2026-02-17,0xa614a29f4fc1cbcdf36713ede6965e331845872ffdd11384cfc3aa63572f72a1
run_20260217_220238-0053,0xafdc7c1ddb61d0101fa3688c6a0f67222308750d3324b739d783b37edd57ee36,0xafdc7c1ddb61d0101fa3688c6a0f67222308750d3324b739d783b37edd57ee36,True,2026-02-17,0xa614a29f4fc1cbcdf36713ede6965e331845872ffdd11384cfc3aa63572f72a1
run_20260217_220238-0054,0xd294487ef20c53416a71b71b5d278c3e939a1bb26b0e8dca6b97888cc840ea25,0xd294487ef20c53416a71b71b5d278c3e939a1bb26b0e8dca6b97888cc840ea25,True,2026-02-17,0xa614a29f4fc1cbcdf36713ede6965e331845872ffdd11384cfc3aa63572f72a1
run_20260217_220238-0055,0x465253936aa524250b0f4160b86d68203f4590a92e3cfcc9d158be97d94f1ba3,0x465253936aa524250b0f4160b86d68203f4590a92e3cfcc9d158be97d94f1ba3,True,2026-02-17,0xa614a29f4fc1cbcdf36713ede6965e331845872ffdd11384cfc3aa63572f72a1
run_20260217_220238-0056,0x885b7dcf0ccaf6d92b3d3ca4952fac6736c4a9eb8d1f4b4bcdbc1156337d4451,0x885b7dcf0ccaf6d92b3d3ca4952fac6736c4a9eb8d1f4b4bcdbc1156337d4451,True,2026-02-17,0xa614a29f4fc1cbcdf36713ede6965e331845872ffdd11384cfc3aa63572f72a1
run_20260217_220238-0057,0x07163c8943b9d9737404fb9f2d952337cfb674ad2ed69503abed0573bee9fa8a,0x07163c8943b9d9737404fb9f2d952337cfb674ad2ed69503abed0573bee9fa8a,True,2026-02-17,0xa614a29f4fc1cbcdf36713ede6965e331845872ffdd11384cfc3aa63572f72a1
run_20260217_220238-0058,0xd297ee954b7983c8fec9268b5fbd8e327198b83f1d133cdca2b2bc55dd9a61cb,0xd297ee954b7983c8fec9268b5fbd8e327198b83f1d133cdca2b2bc55dd9a61cb,True,2026-02-17,0xa614a29f4fc1cbcdf36713ede6965e331845872ffdd11384cfc3aa63572f72a1
run_20260217_220238-0059,0xdac39eab18765fb0ce301eae31f44ef334d1108d721fd1067fb59299e50f864d,0xdac39eab18765fb0ce301eae31f44ef334d1108d721fd1067fb59299e50f864d,True,2026-02-17,0xa614a29f4fc1cbcdf36713ede6965e331845872ffdd11384cfc3aa63572f72a1
run_20260217_220238-0060,0xbbfbd95d753ba568c49c1c98570ff520612ab8e91186a43b67093040ef287673,0xbbfbd95d753ba568c49c1c98570ff520612ab8e91186a43b67093040ef287673,True,2026-02-17,0xa614a29f4fc1cbcdf36713ede6965e331845872ffdd11384cfc3aa63572f72a1
run_20260217_220238-0061,0xd67d1d1a0b6baf1f205bc5585d74eceac8d9df74565831ba0f7e180ab880b87a,0xd67d1d1a0b6baf1f205bc5585d74eceac8d9df74565831ba0f7e180ab880b87a,True,2026-02-17,0xa614a29f4fc1cbcdf36713ede6965e331845872ffdd11384cfc3aa63572f72a1
run_20260217_220238-0062,0xf4406497d65387d9f78790a20e14bbd54699919d71bdf205bd28c6ac0d1890b9,0xf4406497d65387d9f78790a20e14bbd54699919d71bdf205bd28c6ac0d1890b9,True,2026-02-17,0xa614a29f4fc1cbcdf36713ede6965e331845872ffdd11384cfc3aa63572f72a1
run_20260217_220238-0063,0x9314cbcecbcd73d12065c5816d11fcf4804f0a2368316f123d7ed9c058fab997,0x9314cbcecbcd73d12065c5816d11fcf4804f0a2368316f123d7ed9c058fab997,True,2026-02-17,0xa614a29f4fc1cbcdf36713ede6965e331845872ffdd11384cfc3aa63572f72a1
run_20260217_220238-0064,0x71b3ad854623cfe4ef64ae7afc23f7eb9e87711ba06d9d44b1e80bf2b202cd79,0x71b3ad854623cfe4ef64ae7afc23f7eb9e87711ba06d9d44b1e80bf2b202cd79,True,2026-02-17,0xa614a29f4fc1cbcdf36713ede6965e331845872ffdd11384cfc3aa63572f72a1
run_20260217_220238-0065,0x067efff2d8a2295cdbf7f24263a906f7e15d8fce7ea58864896ef3960438f780,0x067efff2d8a2295cdbf7f24263a906f7e15d8fce7ea58864896ef3960438f780,True,2026-02-17,0xa614a29f4fc1cbcdf36713ede6965e331845872ffdd11384cfc3aa63572f72a1
run_20260217_220238-0066,0x886de98818c03a4005d41321daffe1c61a572aa6075414a5acbbd5dc61331c74,0x886de98818c03a4005d41321daffe1c61a572aa6075414a5acbbd5dc61331c74,True,2026-02-17,0xa614a29f4fc1cbcdf36713ede6965e331845872ffdd11384cfc3aa63572f72a1
run_20260217_220238-0067,0xe1ad9a67519fe66c3dd7563e468a1b7158c735dcdfbc957d9555d05f7a0cdd3a,0xe1ad9a67519fe66c3dd7563e468a1b7158c735dcdfbc957d9555d05f7a0cdd3a,True,2026-02-17,0xa614a29f4fc1cbcdf36713ede6965e331845872ffdd11384cfc3aa63572f72a1
run_20260217_220238-0068,0xc42c3a3c79d86f1191bd06d49e413ae1592eeb28b5a66cd7e98252509a6d5351,0xc42c3a3c79d86f1191bd06d49e413ae1592eeb28b5a66cd7e98252509a6d5351,True,2026-02-17,0xa614a29f4fc1cbcdf36713ede6965e331845872ffdd11384cfc3aa63572f72a1
run_20260217_220238-0069,0x607996afb1f5f82fa89fa8b25a86f7f21e5ea57d02001e700185f4778645a74b,0x607996afb1f5f82fa89fa8b25a86f7f21e5ea57d02001e700185f4778645a74b,True,2026-02-17,0xa614a29f4fc1cbcdf36713ede6965e331845872ffdd11384cfc3aa63572f72a1
run_20260217_220238-0070,0xa47f5a909b2879293854795524758da152670a6f2b98db5424dc90bb6181c1c5,0xa47f5a909b2879293854795524758da152670a6f2b98db5424dc90bb6181c1c5,True,2026-02-17,0xa614a29f4fc1cbcdf36713ede6965e331845872ffdd11384cfc3aa63572f72a1
run_20260217_220238-0071,0xf9f2c81a48837a64d6efde03f371bc525c5ca6d86e183a75db82f9d0f31f61a3,0xf9f2c81a48837a64d6efde03f371bc525c5ca6d86e183a75db82f9d0f31f61a3,True,2026-02-17,0xa614a29f4fc1cbcdf36713ede6965e331845872ffdd11384cfc3aa63572f72a1
run_20260217_220238-0072,0x371822c2a22485cd961d415de5f9fc4074973f6ccb1e0e5fac37db30b228a7e2,0x371822c2a22485cd961d415de5f9fc4074973f6ccb1e0e5fac37db30b228a7e2,True,2026-02-17,0xa614a29f4fc1cbcdf36713ede6965e331845872ffdd11384cfc3aa63572f72a1
run_20260217_220238-0073,0xf0f5bf6f5e492bc95fcf9e915a0437b22c04bfa8641b876dafa9bacc5c59e2c9,0xf0f5bf6f5e492bc95fcf9e915a0437b22c04bfa8641b876dafa9bacc5c59e2c9,True,2026-02-17,0xa614a29f4fc1cbcdf36713ede6965e331845872ffdd11384cfc3aa63572f72a1
run_20260217_220238-0074,0xebc2616fc4e2be56a180083df775fbccdca949a765c6f511b56c5915c80ef6ec,0xebc2616fc4e2be56a180083df775fbccdca949a765c6f511b56c5915c80ef6ec,True,2026-02-17,0xa614a29f4fc1cbcdf36713ede6965e331845872ffdd11384cfc3aa63572f72a1
run_20260217_220238-0075,0x475e5fff80da6a4c460f7b304082db1fe91180d1473c179db36ea6238c0473b8,0x475e5fff80da6a4c460f7b304082db1fe91180d1473c179db36ea6238c0473b8,True,2026-02-17,0xa614a29f4fc1cbcdf36713ede6965e331845872ffdd11384cfc3aa63572f72a1
run_20260217_220238-0076,0x017aeaa72449ef18ce0057a71bdbf9f648fa7e5319d3447cce9038d9a81fb18b,0x017aeaa72449ef18ce0057a71bdbf9f648fa7e5319d3447cce9038d9a81fb18b,True,2026-02-17,0xa614a29f4fc1cbcdf36713ede6965e331845872ffdd11384cfc3aa63572f72a1
run_20260217_220238-0077,0x45387a81f4cb3d513d9471dc2ef49de44b8be59dca1e93d2c89fc2548e95391f,0x45387a81f4cb3d513d9471dc2ef49de44b8be59dca1e93d2c89fc2548e95391f,True,2026-02-17,0xa614a29f4fc1cbcdf36713ede6965e331845872ffdd11384cfc3aa63572f72a1
run_20260217_220238-0078,0x13ac64e7efe6cf7f34b2ac7fa6544000fb1a90a49cf0bd306e73a670e4c717b4,0x13ac64e7efe6cf7f34b2ac7fa6544000fb1a90a49cf0bd306e73a670e4c717b4,True,2026-02-17,0xa614a29f4fc1cbcdf36713ede6965e331845872ffdd11384cfc3aa63572f72a1
run_20260217_220238-0079,0xde83531781f1d3f2705ba89ec4ef7e765a297cb501c100a33adcd56fa433d467,0xde83531781f1d3f2705ba89ec4ef7e765a297cb501c100a33adcd56fa433d467,True,2026-02-17,0xa614a29f4fc1cbcdf36713ede6965e331845872ffdd11384cfc3aa63572f72a1
run_20260217_220238-0080,0x17d1d03e2e93fbce8224adc4726cad0889f7a940921254bc4a9af25bf7d19ce8,0x17d1d03e2e93fbce8224adc4726cad0889f7a940921254bc4a9af25bf7d19ce8,True,2026-02-17,0xa614a29f4fc1cbcdf36713ede6965e331845872ffdd11384cfc3aa63572f72a1
run_20260217_220238-0081,0xd415804a9824fe9d27bd5d3f85a18dd6cc20e2538b605a294ed24304f29edf5a,0xd415804a9824fe9d27bd5d3f85a18dd6cc20e2538b605a294ed24304f29edf5a,True,2026-02-17,0xa614a29f4fc1cbcdf36713ede6965e331845872ffdd11384cfc3aa63572f72a1
run_20260217_220238-0082,0x953461c8ee6309dd5e0d9c1b0471ccbed33db8db42793b1b871da2788a293f73,0x953461c8ee6309dd5e0d9c1b0471ccbed33db8db42793b1b871da2788a293f73,True,2026-02-17,0xa614a29f4fc1cbcdf36713ede6965e331845872ffdd11384cfc3aa63572f72a1
run_20260217_220238-0083,0x622edfd1b43155b3dace7a435b97b274c3c688a8bd271834de112098662d7ac7,0x622edfd1b43155b3dace7a435b97b274c3c688a8bd271834de112098662d7ac7,True,2026-02-17,0xa614a29f4fc1cbcdf36713ede6965e331845872ffdd11384cfc3aa63572f72a1
run_20260217_220238-0084,0x010979116d9d1b7c0204c0dae47e2fdf5401eb4cd6da112cc91db821091a286d,0x010979116d9d1b7c0204c0dae47e2fdf5401eb4cd6da112cc91db821091a286d,True,2026-02-17,0xa614a29f4fc1cbcdf36713ede6965e331845872ffdd11384cfc3aa63572f72a1
run_20260217_220238-0085,0x856f1f93f6486f050a003afd45966fff372c3b0ce011aa4d327dd5f29ddb1cd1,0x856f1f93f6486f050a003afd45966fff372c3b0ce011aa4d327dd5f29ddb1cd1,True,2026-02-17,0xa614a29f4fc1cbcdf36713ede6965e331845872ffdd11384cfc3aa63572f72a1
run_20260217_220238-0086,0x0f26a68e27210f3d98d44ed581457f6434179b3378d0c534adc0ae908e521ff5,0x0f26a68e27210f3d98d44ed581457f6434179b3378d0c534adc0ae908e521ff5,True,2026-02-17,0xa614a29f4fc1cbcdf36713ede6965e331845872ffdd11384cfc3aa63572f72a1
run_20260217_220238-0087,0x6ac8732776dc0ae7d09a9b3ace520bfa5af3e7eb566f4b3a67202f15765a5ece,0x6ac8732776dc0ae7d09a9b3ace520bfa5af3e7eb566f4b3a67202f15765a5ece,True,2026-02-17,0xa614a29f4fc1cbcdf36713ede6965e331845872ffdd11384cfc3aa63572f72a1
run_20260217_220238-0088,0x0fdd6db9b4852827403a43522a00a6d8304a2d4e130870a64ecd04546d64cf82,0x0fdd6db9b4852827403a43522a00a6d8304a2d4e130870a64ecd04546d64cf82,True,2026-02-17,0xa614a29f4fc1cbcdf36713ede6965e331845872ffdd11384cfc3aa63572f72a1
run_20260217_220238-0089,0xf7e86e12d8e0d4f5c1f271d0c266a89f7d645fb16f096f3dcded628dd4a4a126,0xf7e86e12d8e0d4f5c1f271d0c266a89f7d645fb16f096f3dcded628dd4a4a126,True,2026-02-17,0xa614a29f4fc1cbcdf36713ede6965e331845872ffdd11384cfc3aa63572f72a1
run_20260217_220238-0090,0x70a741d461c4ed5c477165a2a5ebe3395f77dd12e86f778225ab4f7edb86d7f4,0x70a741d461c4ed5c477165a2a5ebe3395f77dd12e86f778225ab4f7edb86d7f4,True,2026-02-17,0xa614a29f4fc1cbcdf36713ede6965e331845872ffdd11384cfc3aa63572f72a1
run_20260217_220238-0091,0x1c00ce847f34d130075fad28c5a3fb8b6a9eff1f04eb4b90cb14338ef8a9864a,0x1c00ce847f34d130075fad28c5a3fb8b6a9eff1f04eb4b90cb14338ef8a9864a,True,2026-02-17,0xa614a29f4fc1cbcdf36713ede6965e331845872ffdd11384cfc3aa63572f72a1
run_20260217_220238-0092,0xc096d60cb60f74ebcd489ad3d97e3569be13a422087c342fabf3dbb5bb366d8b,0xc096d60cb60f74ebcd489ad3d97e3569be13a422087c342fabf3dbb5bb366d8b,True,2026-02-17,0xa614a29f4fc1cbcdf36713ede6965e331845872ffdd11384cfc3aa63572f72a1
run_20260217_220238-0093,0xddfe2dbf17b079a9c91e3c1e265a1c835ea2ec5255a417628a7c555547a1507f,0xddfe2dbf17b079a9c91e3c1e265a1c835ea2ec5255a417628a7c555547a1507f,True,2026-02-17,0xa614a29f4fc1cbcdf36713ede6965e331845872ffdd11384cfc3aa63572f72a1
run_20260217_220238-0094,0x8f6b3477c57abde2a1a1816ccbb56fa885900cb6297503c7f1c53d2aa4e1ee54,0x8f6b3477c57abde2a1a1816ccbb56fa885900cb6297503c7f1c53d2aa4e1ee54,True,2026-02-17,0xa614a29f4fc1cbcdf36713ede6965e331845872ffdd11384cfc3aa63572f72a1
run_20260217_220238-0095,0x0bdcdd8869b818d5bbd5f80853aa71e393dc9a0298064082f970da4dfb3f0556,0x0bdcdd8869b818d5bbd5f80853aa71e393dc9a0298064082f970da4dfb3f0556,True,2026-02-17,0xa614a29f4fc1cbcdf36713ede6965e331845872ffdd11384cfc3aa63572f72a1
run_20260217_220238-0096,0x6104b0a8f8e596a277003796b6bc4f919401860d3d4cafbf85bbe616606b61d6,0x6104b0a8f8e596a277003796b6bc4f919401860d3d4cafbf85bbe616606b61d6,True,2026-02-17,0xa614a29f4fc1cbcdf36713ede6965e331845872ffdd11384cfc3aa63572f72a1
run_20260217_220238-0097,0xb064506e45105de1bbc695e13aca55d0a194f6e911b12e9f611b64f1b3fc1fa5,0xb064506e45105de1bbc695e13aca55d0a194f6e911b12e9f611b64f1b3fc1fa5,True,2026-02-17,0xa614a29f4fc1cbcdf36713ede6965e331845872ffdd11384cfc3aa63572f72a1
run_20260217_220238-0098,0xbffdd453ec0d4659214491088dd75e2d31713cc5538d724bfdcfff1105e2b05e,0xbffdd453ec0d4659214491088dd75e2d31713cc5538d724bfdcfff1105e2b05e,True,2026-02-17,0xa614a29f4fc1cbcdf36713ede6965e331845872ffdd11384cfc3aa63572f72a1
run_20260217_220238-0099,0x2ae6fdda3adee2b0eaf8635b122533d8915d9911b68b766b0514c4837e69216e,0x2ae6fdda3adee2b0eaf8635b122533d8915d9911b68b766b0514c4837e69216e,True,2026-02-17,0xa614a29f4fc1cbcdf36713ede6965e331845872ffdd11384cfc3aa63572f72a1
run_20260217_220238-0100,0x8e4104df00c230fbac677737062aa83f45fa258c5588dd3a3604be6034cbebf6,0x8e4104df00c230fbac677737062aa83f45fa258c5588dd3a3604be6034cbebf6,True,2026-02-17,0xa614a29f4fc1cbcdf36713ede6965e331845872ffdd11384cfc3aa63572f72a1
run_20260217_220238-0101,0x3d3d562f35c05cdfb0045a0bbd74239007573c8fcbb564dc4920a7b1d8498b80,0x3d3d562f35c05cdfb0045a0bbd74239007573c8fcbb564dc4920a7b1d8498b80,True,2026-02-17,0xa614a29f4fc1cbcdf36713ede6965e331845872ffdd11384cfc3aa63572f72a1
run_20260217_220238-0102,0x42dd1ec0fe4dbe8313d28df8a4955b5e6db92295375230d865849668515afb49,0x42dd1ec0fe4dbe8313d28df8a4955b5e6db92295375230d865849668515afb49,True,2026-02-17,0xa614a29f4fc1cbcdf36713ede6965e331845872ffdd11384cfc3aa63572f72a1
run_20260217_220238-0103,0x97a18edfd266a39be4c1537e68eeca4b7a28c06f5b95e78b0b75127159e0ee8b,0x97a18edfd266a39be4c1537e68eeca4b7a28c06f5b95e78b0b75127159e0ee8b,True,2026-02-17,0xa614a29f4fc1cbcdf36713ede6965e331845872ffdd11384cfc3aa63572f72a1
run_20260217_220238-0104,0x5f126750ce9054c376b6f36f6a475b0dd2596da5400dbb24f7ae673cfea854d1,0x5f126750ce9054c376b6f36f6a475b0dd2596da5400dbb24f7ae673cfea854d1,True,2026-02-17,0xa614a29f4fc1cbcdf36713ede6965e331845872ffdd11384cfc3aa63572f72a1
run_20260217_220238-0105,0x623c2bce75244c45147613c2f29514ed990b537769180df9548437723a53dc23,0x623c2bce75244c45147613c2f29514ed990b537769180df9548437723a53dc23,True,2026-02-17,0xa614a29f4fc1cbcdf36713ede6965e331845872ffdd11384cfc3aa63572f72a1
run_20260217_220238-0106,0x56ed9603eb5494eba10f3f9c5e2c171180f64823da722dec8c0f876b7f4c6260,0x56ed9603eb5494eba10f3f9c5e2c171180f64823da722dec8c0f876b7f4c6260,True,2026-02-17,0xa614a29f4fc1cbcdf36713ede6965e331845872ffdd11384cfc3aa63572f72a1
run_20260217_220238-0107,0x5ed3206674626d33e0a1dda8d28d10b885cb83c997e56ab977626789c48ed3c5,0x5ed3206674626d33e0a1dda8d28d10b885cb83c997e56ab977626789c48ed3c5,True,2026-02-17,0xa614a29f4fc1cbcdf36713ede6965e331845872ffdd11384cfc3aa63572f72a1
run_20260217_220238-0108,0xaac06199396243aba00e40d2454a44cac147176ebc9834ddc4a435d9bd0d51d6,0xaac06199396243aba00e40d2454a44cac147176ebc9834ddc4a435d9bd0d51d6,True,2026-02-17,0xa614a29f4fc1cbcdf36713ede6965e331845872ffdd11384cfc3aa63572f72a1
run_20260217_220238-0109,0xaf2abdebafd54ea3df98f01387989ef0d115439139c844d9a48dcebe819ddf7a,0xaf2abdebafd54ea3df98f01387989ef0d115439139c844d9a48dcebe819ddf7a,True,2026-02-17,0xa614a29f4fc1cbcdf36713ede6965e331845872ffdd11384cfc3aa63572f72a1
run_20260217_220238-0110,0xfcd1b69d415040556b2c1c7b74599d2918e7e672bfac1a075f62307194e5bc3c,0xfcd1b69d415040556b2c1c7b74599d2918e7e672bfac1a075f62307194e5bc3c,True,2026-02-17,0xa614a29f4fc1cbcdf36713ede6965e331845872ffdd11384cfc3aa63572f72a1
run_20260217_220238-0111,0x2eb3cbd4a86d8f954e7eb0a44eecc5c68bd1cf8cfdad89a29e86f0d20a7c2377,0x2eb3cbd4a86d8f954e7eb0a44eecc5c68bd1cf8cfdad89a29e86f0d20a7c2377,True,2026-02-17,0xa614a29f4fc1cbcdf36713ede6965e331845872ffdd11384cfc3aa63572f72a1
run_20260217_220238-0112,0x1cf123c83da9307a6c06e2686c65b44769bef080864e647f560869968b437847,0x1cf123c83da9307a6c06e2686c65b44769bef080864e647f560869968b437847,True,2026-02-17,0xa614a29f4fc1cbcdf36713ede6965e331845872ffdd11384cfc3aa63572f72a1
run_20260217_220238-0113,0x6905bd4ffb8f9ac4cb56493aa3023c7bc8870f3084f9bfbf79866c3e0cb6a2cb,0x6905bd4ffb8f9ac4cb56493aa3023c7bc8870f3084f9bfbf79866c3e0cb6a2cb,True,2026-02-17,0xa614a29f4fc1cbcdf36713ede6965e331845872ffdd11384cfc3aa63572f72a1
run_20260217_220238-0114,0x1fedf855df8038790b05927d12f1bcf75b95fd5c3bad9ef6c242841b25374280,0x1fedf855df8038790b05927d12f1bcf75b95fd5c3bad9ef6c242841b25374280,True,2026-02-17,0xa614a29f4fc1cbcdf36713ede6965e331845872ffdd11384cfc3aa63572f72a1
run_20260217_220238-0115,0xebe9d404e9f5c5f2b8e0b33e1e1ddc1d08e3b6e5e8aa1ccecd9a4cfd5c76c74b,0xebe9d404e9f5c5f2b8e0b33e1e1ddc1d08e3b6e5e8aa1ccecd9a4cfd5c76c74b,True,2026-02-17,0xa614a29f4fc1cbcdf36713ede6965e331845872ffdd11384cfc3aa63572f72a1
run_20260217_220238-0116,0xffe7e4ea67d39976f25cfd30a8347af494bad221a538e189620ae6669a2f216c,0xffe7e4ea67d39976f25cfd30a8347af494bad221a538e189620ae6669a2f216c,True,2026-02-17,0xa614a29f4fc1cbcdf36713ede6965e331845872ffdd11384cfc3aa63572f72a1
run_20260217_220238-0117,0x96fe0320af56898e5e5f56ce3f2ec0f70a9a08b4be8f9460ac93c3cf58e95222,0x96fe0320af56898e5e5f56ce3f2ec0f70a9a08b4be8f9460ac93c3cf58e95222,True,2026-02-17,0xa614a29f4fc1cbcdf36713ede6965e331845872ffdd11384cfc3aa63572f72a1
run_20260217_220238-0118,0x3f5c0ffd5396f6e42a2f9a9690052d97133ddb020d55593e1c8dae45cb562d44,0x3f5c0ffd5396f6e42a2f9a9690052d97133ddb020d55593e1c8dae45cb562d44,True,2026-02-17,0xa614a29f4fc1cbcdf36713ede6965e331845872ffdd11384cfc3aa63572f72a1
run_20260217_220238-0119,0xfb1f690b1ed3b654f65d3611b06380a50038ac13c3e14ed2143d608cfb245ae5,0xfb1f690b1ed3b654f65d3611b06380a50038ac13c3e14ed2143d608cfb245ae5,True,2026-02-17,0xa614a29f4fc1cbcdf36713ede6965e331845872ffdd11384cfc3aa63572f72a1
run_20260217_220238-0120,0x3c5795cffa554222aba0f55c7307065050fa34d72463d7e02185f60ba5fc01ff,0x3c5795cffa554222aba0f55c7307065050fa34d72463d7e02185f60ba5fc01ff,True,2026-02-17,0xa614a29f4fc1cbcdf36713ede6965e331845872ffdd11384cfc3aa63572f72a1
run_20260217_220238-0121,0x2ceb5b9616a0064f1d87874cc8ca5d8d35d2ec893fd36ecfdcfed4f833a7d0f2,0x2ceb5b9616a0064f1d87874cc8ca5d8d35d2ec893fd36ecfdcfed4f833a7d0f2,True,2026-02-17,0xa614a29f4fc1cbcdf36713ede6965e331845872ffdd11384cfc3aa63572f72a1
run_20260217_220238-0122,0xe87cdd9890914f939ba278d776e1f305aaa5965e795bd15ecb514dbdb093ad23,0xe87cdd9890914f939ba278d776e1f305aaa5965e795bd15ecb514dbdb093ad23,True,2026-02-17,0xa614a29f4fc1cbcdf36713ede6965e331845872ffdd11384cfc3aa63572f72a1
run_20260217_220238-0123,0x30a3505026670e2260591d0efc38136c66a385897eb4ef2f200b3f93a50a9197,0x30a3505026670e2260591d0efc38136c66a385897eb4ef2f200b3f93a50a9197,True,2026-02-17,0xa614a29f4fc1cbcdf36713ede6965e331845872ffdd11384cfc3aa63572f72a1
run_20260217_220238-0124,0x87630e7affd7b769f025af27a20c67d08678cae14848576bf80998039db64702,0x87630e7affd7b769f025af27a20c67d08678cae14848576bf80998039db64702,True,2026-02-17,0xa614a29f4fc1cbcdf36713ede6965e331845872ffdd11384cfc3aa63572f72a1
run_20260217_220238-0125,0x992b5f77b7ca863343f897915a806df1c41a75c180afa4cea763822d87bf7e83,0x992b5f77b7ca863343f897915a806df1c41a75c180afa4cea763822d87bf7e83,True,2026-02-17,0xa614a29f4fc1cbcdf36713ede6965e331845872ffdd11384cfc3aa63572f72a1
run_20260217_220238-0126,0xd00d25ccf60b5506717b1e14e7ed89125decbc9371427477a6aab41589c0da26,0xd00d25ccf60b5506717b1e14e7ed89125decbc9371427477a6aab41589c0da26,True,2026-02-17,0xa614a29f4fc1cbcdf36713ede6965e331845872ffdd11384cfc3aa63572f72a1
run_20260217_220238-0127,0x7e74435317432570b72eca383cee93b012f36e58bd48f4ec57a2a1050538ae1b,0x7e74435317432570b72eca383cee93b012f36e58bd48f4ec57a2a1050538ae1b,True,2026-02-17,0xa614a29f4fc1cbcdf36713ede6965e331845872ffdd11384cfc3aa63572f72a1
run_20260217_220238-0128,0xe187312fd5f50001a0344ed1299062dd63c21676ddccc2940b918cd6253b4345,0xe187312fd5f50001a0344ed1299062dd63c21676ddccc2940b918cd6253b4345,True,2026-02-17,0xa614a29f4fc1cbcdf36713ede6965e331845872ffdd11384cfc3aa63572f72a1
run_20260217_220238-0129,0xe870e30b45f81a2fc92e2e142050c2fca52e4b6b29b39601a3bbd93cca15419b,0xe870e30b45f81a2fc92e2e142050c2fca52e4b6b29b39601a3bbd93cca15419b,True,2026-02-17,0xa614a29f4fc1cbcdf36713ede6965e331845872ffdd11384cfc3aa63572f72a1
run_20260217_220238-0130,0xcd1249980cf34b4192b05065478c3301a19390116e1f3e722442dd22ab7bb5ac,0xcd1249980cf34b4192b05065478c3301a19390116e1f3e722442dd22ab7bb5ac,True,2026-02-17,0xa614a29f4fc1cbcdf36713ede6965e331845872ffdd11384cfc3aa63572f72a1
run_20260217_220238-0131,0x79fec130ea4b0d3c81955d02a5b2b593b9d943845394374a7bc00472cd39baa5,0x79fec130ea4b0d3c81955d02a5b2b593b9d943845394374a7bc00472cd39baa5,True,2026-02-17,0xa614a29f4fc1cbcdf36713ede6965e331845872ffdd11384cfc3aa63572f72a1
run_20260217_220238-0132,0xa2fa89a83e490056908de9914e964bc1069e4d19192afd06f0c58ea86b28e619,0xa2fa89a83e490056908de9914e964bc1069e4d19192afd06f0c58ea86b28e619,True,2026-02-17,0xa614a29f4fc1cbcdf36713ede6965e331845872ffdd11384cfc3aa63572f72a1
run_20260217_220238-0133,0x8d9f97782e2719011d313f2ba591664b4c7cb5bb7a2e887e6c95cf3621655846,0x8d9f97782e2719011d313f2ba591664b4c7cb5bb7a2e887e6c95cf3621655846,True,2026-02-17,0xa614a29f4fc1cbcdf36713ede6965e331845872ffdd11384cfc3aa63572f72a1
run_20260217_220238-0134,0x1ee85db9fb2e7b1b1094e114099d1cb7b389c1c573298a278c922da5075e1b8d,0x1ee85db9fb2e7b1b1094e114099d1cb7b389c1c573298a278c922da5075e1b8d,True,2026-02-17,0xa614a29f4fc1cbcdf36713ede6965e331845872ffdd11384cfc3aa63572f72a1
run_20260217_220238-0135,0xe78d1f266d4176887349a4b67eace70e99f865c82ac10538e72f5f0f9d604eb4,0xe78d1f266d4176887349a4b67eace70e99f865c82ac10538e72f5f0f9d604eb4,True,2026-02-17,0xa614a29f4fc1cbcdf36713ede6965e331845872ffdd11384cfc3aa63572f72a1
run_20260217_220238-0136,0x667a0f0e7d123ecd221cb44188fbf5d2579e3e7568dd0cbe8780b616c12cf616,0x667a0f0e7d123ecd221cb44188fbf5d2579e3e7568dd0cbe8780b616c12cf616,True,2026-02-17,0xa614a29f4fc1cbcdf36713ede6965e331845872ffdd11384cfc3aa63572f72a1
run_20260217_220238-0137,0xffe034a155648e293f9f3103c22f5428572a91e171803a438e4e072e9b304c55,0xffe034a155648e293f9f3103c22f5428572a91e171803a438e4e072e9b304c55,True,2026-02-17,0xa614a29f4fc1cbcdf36713ede6965e331845872ffdd11384cfc3aa63572f72a1
run_20260217_220238-0138,0xcfdaa1e2af8f097c8c2e8ebee9ed431c942e2f4c6c7043b009b54b736f585fae,0xcfdaa1e2af8f097c8c2e8ebee9ed431c942e2f4c6c7043b009b54b736f585fae,True,2026-02-17,0xa614a29f4fc1cbcdf36713ede6965e331845872ffdd11384cfc3aa63572f72a1
run_20260217_220238-0139,0xbf9300e7fcbfc621ea329fdef036e49580a30df9960418c37b41c30d5cf67f8a,0xbf9300e7fcbfc621ea329fdef036e49580a30df9960418c37b41c30d5cf67f8a,True,2026-02-17,0xa614a29f4fc1cbcdf36713ede6965e331845872ffdd11384cfc3aa63572f72a1
run_20260217_220238-0140,0x279622fa7ec70cce4c9c35996f31cd465a3fc6b94fd0952aab648f955c04b065,0x279622fa7ec70cce4c9c35996f31cd465a3fc6b94fd0952aab648f955c04b065,True,2026-02-17,0xa614a29f4fc1cbcdf36713ede6965e331845872ffdd11384cfc3aa63572f72a1
run_20260217_220238-0141,0xefa7918571540fe03aab733ceedfea82e683d20c09ec36da6143380c3b4cf135,0xefa7918571540fe03aab733ceedfea82e683d20c09ec36da6143380c3b4cf135,True,2026-02-17,0xa614a29f4fc1cbcdf36713ede6965e331845872ffdd11384cfc3aa63572f72a1
run_20260217_220238-0142,0xc8b9cedc152b66c14a6f9f65595a9f0d5810ff2fa4e8b785318c58411611065e,0xc8b9cedc152b66c14a6f9f65595a9f0d5810ff2fa4e8b785318c58411611065e,True,2026-02-17,0xa614a29f4fc1cbcdf36713ede6965e331845872ffdd11384cfc3aa63572f72a1
run_20260217_220238-0143,0x1a6a847206316db904e35f1728a6b88d229e9117149bf927bc20923ec130faaf,0x1a6a847206316db904e35f1728a6b88d229e9117149bf927bc20923ec130faaf,True,2026-02-17,0xa614a29f4fc1cbcdf36713ede6965e331845872ffdd11384cfc3aa63572f72a1
run_20260217_220238-0144,0xefba4fb66f4741f596688c2f82eb538fc68249585d2d260b324c110a0c1533ec,0xefba4fb66f4741f596688c2f82eb538fc68249585d2d260b324c110a0c1533ec,True,2026-02-17,0xa614a29f4fc1cbcdf36713ede6965e331845872ffdd11384cfc3aa63572f72a1
run_20260217_220238-0145,0xa035d9ebcabfcadd4101fea186d75af495d8e8d243ecb7d13f7633491d50163e,0xa035d9ebcabfcadd4101fea186d75af495d8e8d243ecb7d13f7633491d50163e,True,2026-02-17,0xa614a29f4fc1cbcdf36713ede6965e331845872ffdd11384cfc3aa63572f72a1
run_20260217_220238-0146,0x6b45b1bfc5645824c0e646a6ec9656a471240acd4c0cdfc1fe6b43f3c3d38c91,0x6b45b1bfc5645824c0e646a6ec9656a471240acd4c0cdfc1fe6b43f3c3d38c91,True,2026-02-17,0xa614a29f4fc1cbcdf36713ede6965e331845872ffdd11384cfc3aa63572f72a1
run_20260217_220238-0147,0xa994ef93bc66c20b90e302a4160fbafb7cae0504a50b314e4f1db12cdf1e79ec,0xa994ef93bc66c20b90e302a4160fbafb7cae0504a50b314e4f1db12cdf1e79ec,True,2026-02-17,0xa614a29f4fc1cbcdf36713ede6965e331845872ffdd11384cfc3aa63572f72a1
run_20260217_220238-0148,0x14e982c082cb5bb429e4f1e7c7262d95cd278e14610c95e69cc3d330719c7fc0,0x14e982c082cb5bb429e4f1e7c7262d95cd278e14610c95e69cc3d330719c7fc0,True,2026-02-17,0xa614a29f4fc1cbcdf36713ede6965e331845872ffdd11384cfc3aa63572f72a1
run_20260217_220238-0149,0x305acc0fc8efa4b98a38709c23c881dcdb66852727607997217981a046c0fefa,0x305acc0fc8efa4b98a38709c23c881dcdb66852727607997217981a046c0fefa,True,2026-02-17,0xa614a29f4fc1cbcdf36713ede6965e331845872ffdd11384cfc3aa63572f72a1
run_20260217_220238-0150,0xfd0ad2133606dfeba03f43654071194bef90649ae2dbd19a4d0c9f8ac506d3e5,0xfd0ad2133606dfeba03f43654071194bef90649ae2dbd19a4d0c9f8ac506d3e5,True,2026-02-17,0xa614a29f4fc1cbcdf36713ede6965e331845872ffdd11384cfc3aa63572f72a1
run_20260217_220238-0151,0x09566942864990d64c5aacf296c21f37c28c5507024499aae5dc81cd058d0ae3,0x09566942864990d64c5aacf296c21f37c28c5507024499aae5dc81cd058d0ae3,True,2026-02-17,0xa614a29f4fc1cbcdf36713ede6965e331845872ffdd11384cfc3aa63572f72a1
run_20260217_220238-0152,0x65a5ef982e419593830fe7d36d5cd5634764603b0c7c64cfa0f80fb44e6ddae7,0x65a5ef982e419593830fe7d36d5cd5634764603b0c7c64cfa0f80fb44e6ddae7,True,2026-02-17,0xa614a29f4fc1cbcdf36713ede6965e331845872ffdd11384cfc3aa63572f72a1
run_20260217_220238-0153,0x4e5b0effb6f9bb05ebbdb42f941ace55f09dcace6b2faf2759ab392069e968f0,0x4e5b0effb6f9bb05ebbdb42f941ace55f09dcace6b2faf2759ab392069e968f0,True,2026-02-17,0xa614a29f4fc1cbcdf36713ede6965e331845872ffdd11384cfc3aa63572f72a1
run_20260217_220238-0154,0xbcbf23e2b81a1fb2842e57fbe938da424b3ae390b09edf145e886845327f3a07,0xbcbf23e2b81a1fb2842e57fbe938da424b3ae390b09edf145e886845327f3a07,True,2026-02-17,0xa614a29f4fc1cbcdf36713ede6965e331845872ffdd11384cfc3aa63572f72a1
run_20260217_220238-0155,0x6b7100fa62d5e877f1c8166f03340d62a6dc32cc2db69dedf1ba3cb642c211f7,0x6b7100fa62d5e877f1c8166f03340d62a6dc32cc2db69dedf1ba3cb642c211f7,True,2026-02-17,0xa614a29f4fc1cbcdf36713ede6965e331845872ffdd11384cfc3aa63572f72a1
run_20260217_220238-0156,0xf34487900ef4cb72be701ab6c02627d6a8690d254addc0cf14c9eb8dba554cf4,0xf34487900ef4cb72be701ab6c02627d6a8690d254addc0cf14c9eb8dba554cf4,True,2026-02-17,0xa614a29f4fc1cbcdf36713ede6965e331845872ffdd11384cfc3aa63572f72a1
run_20260217_220238-0157,0xa47d10917225842f27a0493370ebb3dd186071cf3bef38635af2bea650971dde,0xa47d10917225842f27a0493370ebb3dd186071cf3bef38635af2bea650971dde,True,2026-02-17,0xa614a29f4fc1cbcdf36713ede6965e331845872ffdd11384cfc3aa63572f72a1
run_20260217_220238-0158,0x4bfcff5a9325cd1d4b987d0f7a4dbb98e93c6fd7115b8232326b98549823f313,0x4bfcff5a9325cd1d4b987d0f7a4dbb98e93c6fd7115b8232326b98549823f313,True,2026-02-17,0xa614a29f4fc1cbcdf36713ede6965e331845872ffdd11384cfc3aa63572f72a1
run_20260217_220238-0159,0x8e2305ab38b112431fcd7a946d1a9a991a54c246476c6ab31cb082d1f45f25be,0x8e2305ab38b112431fcd7a946d1a9a991a54c246476c6ab31cb082d1f45f25be,True,2026-02-17,0xa614a29f4fc1cbcdf36713ede6965e331845872ffdd11384cfc3aa63572f72a1
run_20260217_220238-0160,0x4d12bd4a0236efdbe249041fb5898321f7476ce66298715d4572455fc78558f9,0x4d12bd4a0236efdbe249041fb5898321f7476ce66298715d4572455fc78558f9,True,2026-02-17,0xa614a29f4fc1cbcdf36713ede6965e331845872ffdd11384cfc3aa63572f72a1
run_20260217_220238-0161,0xb265373a1a5fe4999bca2fb2e9cd86072af43780210e5b0775b00061720bf1ac,0xb265373a1a5fe4999bca2fb2e9cd86072af43780210e5b0775b00061720bf1ac,True,2026-02-17,0xa614a29f4fc1cbcdf36713ede6965e331845872ffdd11384cfc3aa63572f72a1
run_20260217_220238-0162,0xb1478e67b8b9c8c75a795c26d43e01cc5b79898eea9b51bd929ba6fb81d2b7ea,0xb1478e67b8b9c8c75a795c26d43e01cc5b79898eea9b51bd929ba6fb81d2b7ea,True,2026-02-17,0xa614a29f4fc1cbcdf36713ede6965e331845872ffdd11384cfc3aa63572f72a1
run_20260217_220238-0163,0xf47bfc39aa8d7f11b5819750d8b0af12c1d5db1d385fa49eee0d201957a11340,0xf47bfc39aa8d7f11b5819750d8b0af12c1d5db1d385fa49eee0d201957a11340,True,2026-02-17,0xa614a29f4fc1cbcdf36713ede6965e331845872ffdd11384cfc3aa63572f72a1
run_20260217_220238-0164,0xa53e592057b6df7a3312b898f62392354faf0f3530ce6c75ac265b056aab11d9,0xa53e592057b6df7a3312b898f62392354faf0f3530ce6c75ac265b056aab11d9,True,2026-02-17,0xa614a29f4fc1cbcdf36713ede6965e331845872ffdd11384cfc3aa63572f72a1
run_20260217_220238-0165,0x468eba0c53d7da5be7695f68bfafa1f818904942feb13c11ad1b3f5c8e8b2ec8,0x468eba0c53d7da5be7695f68bfafa1f818904942feb13c11ad1b3f5c8e8b2ec8,True,2026-02-17,0xa614a29f4fc1cbcdf36713ede6965e331845872ffdd11384cfc3aa63572f72a1
run_20260217_220238-0166,0x2070efdb477a92ed38dbeb8e44b8a848481abdfaae9a05fb4cb0a8f45540ffc4,0x2070efdb477a92ed38dbeb8e44b8a848481abdfaae9a05fb4cb0a8f45540ffc4,True,2026-02-17,0xa614a29f4fc1cbcdf36713ede6965e331845872ffdd11384cfc3aa63572f72a1
run_20260217_220238-0167,0x9653a01fb8877ebd94953405a5dbd3e7873f594e1cb972303975e7282410ba11,0x9653a01fb8877ebd94953405a5dbd3e7873f594e1cb972303975e7282410ba11,True,2026-02-17,0xa614a29f4fc1cbcdf36713ede6965e331845872ffdd11384cfc3aa63572f72a1
run_20260217_220238-0168,0xe323ae904e4187ec17a6ff1aa60962f3506ade688e0babaff7f9dae57b9f4707,0xe323ae904e4187ec17a6ff1aa60962f3506ade688e0babaff7f9dae57b9f4707,True,2026-02-17,0xa614a29f4fc1cbcdf36713ede6965e331845872ffdd11384cfc3aa63572f72a1
run_20260217_220238-0169,0x3ed61eec5fa4417d21b312fa3c9dbf47b7d11d216ae0957b9ff7e6360238c61e,0x3ed61eec5fa4417d21b312fa3c9dbf47b7d11d216ae0957b9ff7e6360238c61e,True,2026-02-17,0xa614a29f4fc1cbcdf36713ede6965e331845872ffdd11384cfc3aa63572f72a1
run_20260217_220238-0170,0x540935a40e344b4892dbdfca71079ed2d814cc13d46f8a3bd5dafa3dcf857017,0x540935a40e344b4892dbdfca71079ed2d814cc13d46f8a3bd5dafa3dcf857017,True,2026-02-17,0xa614a29f4fc1cbcdf36713ede6965e331845872ffdd11384cfc3aa63572f72a1
run_20260217_220238-0171,0xb743cb162b68614cd83e44f7262da3d5c537523fb13ca45860afb07ab39836e5,0xb743cb162b68614cd83e44f7262da3d5c537523fb13ca45860afb07ab39836e5,True,2026-02-17,0xa614a29f4fc1cbcdf36713ede6965e331845872ffdd11384cfc3aa63572f72a1
run_20260217_220238-0172,0x3363b586892016797c84ce6ed4d84ad8c9db1aded9dceee26bab985cb5fd5a22,0x3363b586892016797c84ce6ed4d84ad8c9db1aded9dceee26bab985cb5fd5a22,True,2026-02-17,0xa614a29f4fc1cbcdf36713ede6965e331845872ffdd11384cfc3aa63572f72a1
run_20260217_220238-0173,0xfc0d076ad06061f9ee00cd0917a0e7a44593947b9cb738059a9a8000f6e0c1c0,0xfc0d076ad06061f9ee00cd0917a0e7a44593947b9cb738059a9a8000f6e0c1c0,True,2026-02-17,0xa614a29f4fc1cbcdf36713ede6965e331845872ffdd11384cfc3aa63572f72a1
run_20260217_220238-0174,0x32ee6af78f640244824c27084fa942c3651b166c68e7cb91abb5324cef742b71,0x32ee6af78f640244824c27084fa942c3651b166c68e7cb91abb5324cef742b71,True,2026-02-17,0xa614a29f4fc1cbcdf36713ede6965e331845872ffdd11384cfc3aa63572f72a1
run_20260217_220238-0175,0x91ff5295764674c3c12178770b29de97a6bef2529c9e9918c12cc0fa8c434c11,0x91ff5295764674c3c12178770b29de97a6bef2529c9e9918c12cc0fa8c434c11,True,2026-02-17,0xa614a29f4fc1cbcdf36713ede6965e331845872ffdd11384cfc3aa63572f72a1
run_20260217_220238-0176,0xf567e0bea4eb360a7e5f029cfb463202983b9af3a6b3ff4fe264d6716a31c404,0xf567e0bea4eb360a7e5f029cfb463202983b9af3a6b3ff4fe264d6716a31c404,True,2026-02-17,0xa614a29f4fc1cbcdf36713ede6965e331845872ffdd11384cfc3aa63572f72a1
run_20260217_220238-0177,0xd77ae7380f0bb979c1c7f03064535e4b721fa43ea9fe260d57d782e8c831072e,0xd77ae7380f0bb979c1c7f03064535e4b721fa43ea9fe260d57d782e8c831072e,True,2026-02-17,0xa614a29f4fc1cbcdf36713ede6965e331845872ffdd11384cfc3aa63572f72a1
run_20260217_220238-0178,0xd08260352feeb6febdb27e8703a97010449b3f0216ce97ef81e3f110ab3ef40f,0xd08260352feeb6febdb27e8703a97010449b3f0216ce97ef81e3f110ab3ef40f,True,2026-02-17,0xa614a29f4fc1cbcdf36713ede6965e331845872ffdd11384cfc3aa63572f72a1
run_20260217_220238-0179,0x6746ff7eb3da0c88c30cbd8241555fb4b632ebec37aa4de9f932ea2b814b702d,0x6746ff7eb3da0c88c30cbd8241555fb4b632ebec37aa4de9f932ea2b814b702d,True,2026-02-17,0xa614a29f4fc1cbcdf36713ede6965e331845872ffdd11384cfc3aa63572f72a1
run_20260217_220238-0180,0x5642e50aa0e1c265ee34b8a814014cfdacad7f36d14970761cde90d9b0697460,0x5642e50aa0e1c265ee34b8a814014cfdacad7f36d14970761cde90d9b0697460,True,2026-02-17,0xa614a29f4fc1cbcdf36713ede6965e331845872ffdd11384cfc3aa63572f72a1
run_20260217_220238-0181,0xdec1764dca11c40086b2ff82e6e03ed0ba5457cf1f9826c64611928672e8371c,0xdec1764dca11c40086b2ff82e6e03ed0ba5457cf1f9826c64611928672e8371c,True,2026-02-17,0xa614a29f4fc1cbcdf36713ede6965e331845872ffdd11384cfc3aa63572f72a1
run_20260217_220238-0182,0x5ef0ea8c78d17d6a32083de3dda443267c164c6475f0e7423218b69178fedb9b,0x5ef0ea8c78d17d6a32083de3dda443267c164c6475f0e7423218b69178fedb9b,True,2026-02-17,0xa614a29f4fc1cbcdf36713ede6965e331845872ffdd11384cfc3aa63572f72a1
run_20260217_220238-0183,0xda3efd6ac59d03782cb7b731a1d995fc814d9a33ce63da6e2ef81e882c507bdc,0xda3efd6ac59d03782cb7b731a1d995fc814d9a33ce63da6e2ef81e882c507bdc,True,2026-02-17,0xa614a29f4fc1cbcdf36713ede6965e331845872ffdd11384cfc3aa63572f72a1
run_20260217_220238-0184,0x0c1c2f8a710ea0f80ec0d3b19c205a7b621d9752a8601f5baf0e1a6f9e64913d,0x0c1c2f8a710ea0f80ec0d3b19c205a7b621d9752a8601f5baf0e1a6f9e64913d,True,2026-02-17,0xa614a29f4fc1cbcdf36713ede6965e331845872ffdd11384cfc3aa63572f72a1
run_20260217_220238-0185,0x3ca00a7de5caadb330f20e28a9727a846d717501651bae67f8045a30b6fce7c4,0x3ca00a7de5caadb330f20e28a9727a846d717501651bae67f8045a30b6fce7c4,True,2026-02-17,0xa614a29f4fc1cbcdf36713ede6965e331845872ffdd11384cfc3aa63572f72a1
run_20260217_220238-0186,0x5b0c6b3286eaf4ff55d8286fc37426341fccd4d34f55a432fd117045d5c97cd5,0x5b0c6b3286eaf4ff55d8286fc37426341fccd4d34f55a432fd117045d5c97cd5,True,2026-02-17,0xa614a29f4fc1cbcdf36713ede6965e331845872ffdd11384cfc3aa63572f72a1
run_20260217_220238-0187,0x6509b114ca855630309ac819f0cf5e5783d19beb65ba2fbc9301392f17f66679,0x6509b114ca855630309ac819f0cf5e5783d19beb65ba2fbc9301392f17f66679,True,2026-02-17,0xa614a29f4fc1cbcdf36713ede6965e331845872ffdd11384cfc3aa63572f72a1
run_20260217_220238-0188,0x0fc20c5a72fe8bf1713990d8a0f379e929ad4a70c7a01a95676a7c92fb514442,0x0fc20c5a72fe8bf1713990d8a0f379e929ad4a70c7a01a95676a7c92fb514442,True,2026-02-17,0xa614a29f4fc1cbcdf36713ede6965e331845872ffdd11384cfc3aa63572f72a1
run_20260217_220238-0189,0x0e8b90684338b685773624bf01c52ecd06fb109b8be86f760dbf58fcaf962616,0x0e8b90684338b685773624bf01c52ecd06fb109b8be86f760dbf58fcaf962616,True,2026-02-17,0xa614a29f4fc1cbcdf36713ede6965e331845872ffdd11384cfc3aa63572f72a1
run_20260217_220238-0190,0xd6a0c58dd89fbfd93af64b8431318e7e61509bba50b7a7c8b85262ba3d474850,0xd6a0c58dd89fbfd93af64b8431318e7e61509bba50b7a7c8b85262ba3d474850,True,2026-02-17,0xa614a29f4fc1cbcdf36713ede6965e331845872ffdd11384cfc3aa63572f72a1
run_20260217_220238-0191,0x4fafb5473a2199b0a2012438bf85d9808bb386f70b788de85f5d666f7288f4cb,0x4fafb5473a2199b0a2012438bf85d9808bb386f70b788de85f5d666f7288f4cb,True,2026-02-17,0xa614a29f4fc1cbcdf36713ede6965e331845872ffdd11384cfc3aa63572f72a1
run_20260217_220238-0192,0x319380871bb573c5ad747b686afd714457cbed5f0d3e0b23fba351964c181077,0x319380871bb573c5ad747b686afd714457cbed5f0d3e0b23fba351964c181077,True,2026-02-17,0xa614a29f4fc1cbcdf36713ede6965e331845872ffdd11384cfc3aa63572f72a1
run_20260217_220238-0193,0x1e2d040a7f8d67120b067c71f0420d3351936d5a49214cf1f1d5b7daf47235d4,0x1e2d040a7f8d67120b067c71f0420d3351936d5a49214cf1f1d5b7daf47235d4,True,2026-02-17,0xa614a29f4fc1cbcdf36713ede6965e331845872ffdd11384cfc3aa63572f72a1
run_20260217_220238-0194,0xd32e287ef88a3650669f4926d436049f13256425ed6d72fec73a665dece30aa1,0xd32e287ef88a3650669f4926d436049f13256425ed6d72fec73a665dece30aa1,True,2026-02-17,0xa614a29f4fc1cbcdf36713ede6965e331845872ffdd11384cfc3aa63572f72a1
run_20260217_220238-0195,0x6d87f928025a2677075d7e398bb1b576a54840332ffeb518dcf397ef36c7a6ed,0x6d87f928025a2677075d7e398bb1b576a54840332ffeb518dcf397ef36c7a6ed,True,2026-02-17,0xa614a29f4fc1cbcdf36713ede6965e331845872ffdd11384cfc3aa63572f72a1
run_20260217_220238-0196,0x51b0ec7b96e0bec7912cacd825c6004236aaafdc9048fab9c39eadf6fe14f678,0x51b0ec7b96e0bec7912cacd825c6004236aaafdc9048fab9c39eadf6fe14f678,True,2026-02-17,0xa614a29f4fc1cbcdf36713ede6965e331845872ffdd11384cfc3aa63572f72a1
run_20260217_220238-0197,0xd0b6a9b2bd344e3b577f1039efa98a82bd850923ce4282083b3622c5d702aca2,0xd0b6a9b2bd344e3b577f1039efa98a82bd850923ce4282083b3622c5d702aca2,True,2026-02-17,0xa614a29f4fc1cbcdf36713ede6965e331845872ffdd11384cfc3aa63572f72a1
run_20260217_220238-0198,0xafd6d53a4b1499cad71849e6e745688291cfb458fe77081a9c63a69a2066d0ad,0xafd6d53a4b1499cad71849e6e745688291cfb458fe77081a9c63a69a2066d0ad,True,2026-02-17,0xa614a29f4fc1cbcdf36713ede6965e331845872ffdd11384cfc3aa63572f72a1
run_20260217_220238-0199,0xa6d69de8b97bef8b41ee8d98cd27d3d1c0ff496404d4b66b8a0c34bd27b46291,0xa6d69de8b97bef8b41ee8d98cd27d3d1c0ff496404d4b66b8a0c34bd27b46291,True,2026-02-17,0xa614a29f4fc1cbcdf36713ede6965e331845872ffdd11384cfc3aa63572f72a1
run_20260217_220238-0200,0x03bfc834fbc89bc084de798266306ee94c8571c1a74a9f3e94a46facd53dd6fa,0x03bfc834fbc89bc084de798266306ee94c8571c1a74a9f3e94a46facd53dd6fa,True,2026-02-17,0xa614a29f4fc1cbcdf36713ede6965e331845872ffdd11384cfc3aa63572f72a1
run_20260217_220238-0201,0x70d3f02d545b803e1b5e075fd0bf24f1cad33bb346a22b9481c0e7a251f136e3,0x70d3f02d545b803e1b5e075fd0bf24f1cad33bb346a22b9481c0e7a251f136e3,True,2026-02-17,0xa614a29f4fc1cbcdf36713ede6965e331845872ffdd11384cfc3aa63572f72a1
run_20260217_220238-0202,0x93e2a513e9ea38abf341186d2ed495de642d6f5043e075904379e73ed0f0a217,0x93e2a513e9ea38abf341186d2ed495de642d6f5043e075904379e73ed0f0a217,True,2026-02-17,0xa614a29f4fc1cbcdf36713ede6965e331845872ffdd11384cfc3aa63572f72a1
run_20260217_220238-0203,0xd07a9fb5b201afcd7f4c62165acc2805ebfc8c315d0e2fa78d58791ad73af636,0xd07a9fb5b201afcd7f4c62165acc2805ebfc8c315d0e2fa78d58791ad73af636,True,2026-02-17,0xa614a29f4fc1cbcdf36713ede6965e331845872ffdd11384cfc3aa63572f72a1
run_20260217_220238-0204,0xd7af01c35d41e481af2822303b0daa1eb8d103e6ac7ac3cc4cd36ab8daaffc38,0xd7af01c35d41e481af2822303b0daa1eb8d103e6ac7ac3cc4cd36ab8daaffc38,True,2026-02-17,0xa614a29f4fc1cbcdf36713ede6965e331845872ffdd11384cfc3aa63572f72a1
run_20260217_220238-0205,0x4448cb5c3a6bf20168a4053493acb6ac9a89bbf4dfdd847d999b421c5650629b,0x4448cb5c3a6bf20168a4053493acb6ac9a89bbf4dfdd847d999b421c5650629b,True,2026-02-17,0xa614a29f4fc1cbcdf36713ede6965e331845872ffdd11384cfc3aa63572f72a1
run_20260217_220238-0206,0xd1e5171b1c3e08e57380956eb323c60db5a1d6832cef18913bf4eb0aa1517fd3,0xd1e5171b1c3e08e57380956eb323c60db5a1d6832cef18913bf4eb0aa1517fd3,True,2026-02-17,0xa614a29f4fc1cbcdf36713ede6965e331845872ffdd11384cfc3aa63572f72a1
run_20260217_220238-0207,0x830dae99225d1a6650b3901b1af7d692e3205dfae0bd1e30ada3c4350949ee9d,0x830dae99225d1a6650b3901b1af7d692e3205dfae0bd1e30ada3c4350949ee9d,True,2026-02-17,0xa614a29f4fc1cbcdf36713ede6965e331845872ffdd11384cfc3aa63572f72a1
run_20260217_220238-0208,0x0f139ea0cc225b24e89fdd12c348b0f91d7d8a89cd1b6966b51a8d1006eddff1,0x0f139ea0cc225b24e89fdd12c348b0f91d7d8a89cd1b6966b51a8d1006eddff1,True,2026-02-17,0xa614a29f4fc1cbcdf36713ede6965e331845872ffdd11384cfc3aa63572f72a1
run_20260217_220238-0209,0x81e4ee86c919fb0070ca28a0c9af38442cf6a0845fc1d52398c01d020e61926f,0x81e4ee86c919fb0070ca28a0c9af38442cf6a0845fc1d52398c01d020e61926f,True,2026-02-17,0xa614a29f4fc1cbcdf36713ede6965e331845872ffdd11384cfc3aa63572f72a1
run_20260217_220238-0210,0x2f0c6b5fc878af103818f0e50f53726ed99cf9724c1fb319eb629ab7c5369be7,0x2f0c6b5fc878af103818f0e50f53726ed99cf9724c1fb319eb629ab7c5369be7,True,2026-02-17,0xa614a29f4fc1cbcdf36713ede6965e331845872ffdd11384cfc3aa63572f72a1
run_20260217_220238-0211,0xf798997de13a2528de5620bada2cdf6b65e970b7316524c2f0b0781d49510bb7,0xf798997de13a2528de5620bada2cdf6b65e970b7316524c2f0b0781d49510bb7,True,2026-02-17,0xa614a29f4fc1cbcdf36713ede6965e331845872ffdd11384cfc3aa63572f72a1
run_20260217_220238-0212,0xff82aee688860d4cd3c31b7197349422faab3c295573752fc41d6effdf044f5f,0xff82aee688860d4cd3c31b7197349422faab3c295573752fc41d6effdf044f5f,True,2026-02-17,0xa614a29f4fc1cbcdf36713ede6965e331845872ffdd11384cfc3aa63572f72a1
run_20260217_220238-0213,0x85322ca5cceaee1c9266072cd95469dd3f8a0903477d881ef22cd7a3362f7b93,0x85322ca5cceaee1c9266072cd95469dd3f8a0903477d881ef22cd7a3362f7b93,True,2026-02-17,0xa614a29f4fc1cbcdf36713ede6965e331845872ffdd11384cfc3aa63572f72a1
run_20260217_220238-0214,0x96ad26865332aca34ef1ac7d21cbf3ab2968fa9d415408d7973fab440abb0210,0x96ad26865332aca34ef1ac7d21cbf3ab2968fa9d415408d7973fab440abb0210,True,2026-02-17,0xa614a29f4fc1cbcdf36713ede6965e331845872ffdd11384cfc3aa63572f72a1
run_20260217_220238-0215,0x8e5b5caecfddc1c8d42c35cd2f5e249484b7e6463348899513e362d7059b7c35,0x8e5b5caecfddc1c8d42c35cd2f5e249484b7e6463348899513e362d7059b7c35,True,2026-02-17,0xa614a29f4fc1cbcdf36713ede6965e331845872ffdd11384cfc3aa63572f72a1
run_20260217_220238-0216,0x3e1d224a99ad015919db14dcd0e68e108656c571d3f6458cdb840cf13f2c7d43,0x3e1d224a99ad015919db14dcd0e68e108656c571d3f6458cdb840cf13f2c7d43,True,2026-02-17,0xa614a29f4fc1cbcdf36713ede6965e331845872ffdd11384cfc3aa63572f72a1
run_20260217_220238-0217,0xde09b19219a50bb812f54f253b43cb2771607e4da4fdfb0e1cf6f890c558b7ed,0xde09b19219a50bb812f54f253b43cb2771607e4da4fdfb0e1cf6f890c558b7ed,True,2026-02-17,0xa614a29f4fc1cbcdf36713ede6965e331845872ffdd11384cfc3aa63572f72a1
run_20260217_220238-0218,0x893e59e0c9c5ed67344f570a2d0259bb71eda9198597a57ccc87627b6721ccfa,0x893e59e0c9c5ed67344f570a2d0259bb71eda9198597a57ccc87627b6721ccfa,True,2026-02-17,0xa614a29f4fc1cbcdf36713ede6965e331845872ffdd11384cfc3aa63572f72a1
run_20260217_220238-0219,0x15f4e261494a1b605d5dc9ae51dcaf836ec6ee8a8f753d59ce0a9424d11a05e3,0x15f4e261494a1b605d5dc9ae51dcaf836ec6ee8a8f753d59ce0a9424d11a05e3,True,2026-02-17,0xa614a29f4fc1cbcdf36713ede6965e331845872ffdd11384cfc3aa63572f72a1
run_20260217_220238-0220,0x2008156e968f6d1bc6a12bbb80b96d026ab118e3ccfe8af669ab395d0e001595,0x2008156e968f6d1bc6a12bbb80b96d026ab118e3ccfe8af669ab395d0e001595,True,2026-02-17,0xa614a29f4fc1cbcdf36713ede6965e331845872ffdd11384cfc3aa63572f72a1
run_20260217_220238-0221,0x5b3d8e352e37cb858f5f095eab8308be16bdb38dab0882e8081e83d973554514,0x5b3d8e352e37cb858f5f095eab8308be16bdb38dab0882e8081e83d973554514,True,2026-02-17,0xa614a29f4fc1cbcdf36713ede6965e331845872ffdd11384cfc3aa63572f72a1
run_20260217_220238-0222,0x87f2943003b79721b65d3922737d53f0746307b727f072d0473d968bfc9722ab,0x87f2943003b79721b65d3922737d53f0746307b727f072d0473d968bfc9722ab,True,2026-02-17,0xa614a29f4fc1cbcdf36713ede6965e331845872ffdd11384cfc3aa63572f72a1
run_20260217_220238-0223,0x0da249118fe0a69ceef8a61c2c6d6fd62cafe27d5fade21c5c85f372b5144d45,0x0da249118fe0a69ceef8a61c2c6d6fd62cafe27d5fade21c5c85f372b5144d45,True,2026-02-17,0xa614a29f4fc1cbcdf36713ede6965e331845872ffdd11384cfc3aa63572f72a1
run_20260217_220238-0224,0x074eac000c1cd9d32395be65e113fa117b63d4c2dc05a47a48bfa330d5a847a1,0x074eac000c1cd9d32395be65e113fa117b63d4c2dc05a47a48bfa330d5a847a1,True,2026-02-17,0xa614a29f4fc1cbcdf36713ede6965e331845872ffdd11384cfc3aa63572f72a1
run_20260217_220238-0225,0x142ea0a6788da113f94ab1ce1b9608636b67bd8cfa3cde6b6cb12dd9cec09270,0x142ea0a6788da113f94ab1ce1b9608636b67bd8cfa3cde6b6cb12dd9cec09270,True,2026-02-17,0xa614a29f4fc1cbcdf36713ede6965e331845872ffdd11384cfc3aa63572f72a1
run_20260217_220238-0226,0x14b1a00dfedbbbaa8e6820334e86d965506223be13fc8d5bfb6ef9d2f7918518,0x14b1a00dfedbbbaa8e6820334e86d965506223be13fc8d5bfb6ef9d2f7918518,True,2026-02-17,0xa614a29f4fc1cbcdf36713ede6965e331845872ffdd11384cfc3aa63572f72a1
run_20260217_220238-0227,0x37597a38aa83a2db661eb2a428997e8e018ad9dc57ffdf530461e521025ab423,0x37597a38aa83a2db661eb2a428997e8e018ad9dc57ffdf530461e521025ab423,True,2026-02-17,0xa614a29f4fc1cbcdf36713ede6965e331845872ffdd11384cfc3aa63572f72a1
run_20260217_220238-0228,0x2928eb860c8d05d083cc0bb2e3407b292f5f63f2096e3fbb189acfd1d947bc4b,0x2928eb860c8d05d083cc0bb2e3407b292f5f63f2096e3fbb189acfd1d947bc4b,True,2026-02-17,0xa614a29f4fc1cbcdf36713ede6965e331845872ffdd11384cfc3aa63572f72a1
run_20260217_220238-0229,0x1f90b1b9ee419a75633a64238031cb0edb7b7190796f6b4b958248fe42f85e0e,0x1f90b1b9ee419a75633a64238031cb0edb7b7190796f6b4b958248fe42f85e0e,True,2026-02-17,0xa614a29f4fc1cbcdf36713ede6965e331845872ffdd11384cfc3aa63572f72a1
run_20260217_220238-0230,0xab56e6ace53158866a08ce1d9db7473b4fa0e9234ade885a082ef8be520e6004,0xab56e6ace53158866a08ce1d9db7473b4fa0e9234ade885a082ef8be520e6004,True,2026-02-17,0xa614a29f4fc1cbcdf36713ede6965e331845872ffdd11384cfc3aa63572f72a1
run_20260217_220238-0231,0xd85e84a55ecd2134719bc619412b1f0a7e0d965edbb8c81bfc594d7b99cb8ba3,0xd85e84a55ecd2134719bc619412b1f0a7e0d965edbb8c81bfc594d7b99cb8ba3,True,2026-02-17,0xa614a29f4fc1cbcdf36713ede6965e331845872ffdd11384cfc3aa63572f72a1
run_20260217_220238-0232,0x787d8c787003e801de86262eb09f945841503ce51efa8dba072544f972d9a168,0x787d8c787003e801de86262eb09f945841503ce51efa8dba072544f972d9a168,True,2026-02-17,0xa614a29f4fc1cbcdf36713ede6965e331845872ffdd11384cfc3aa63572f72a1
run_20260217_220238-0233,0x33ee8c24381b03d4d6ea4c9af446b6470e10dafd9f27479445ea1ea443c990a2,0x33ee8c24381b03d4d6ea4c9af446b6470e10dafd9f27479445ea1ea443c990a2,True,2026-02-17,0xa614a29f4fc1cbcdf36713ede6965e331845872ffdd11384cfc3aa63572f72a1
run_20260217_220238-0234,0x19cd2b7386fdfcb6b6688e5f598de6c466c8d38755b2afe960bd7b0509522f73,0x19cd2b7386fdfcb6b6688e5f598de6c466c8d38755b2afe960bd7b0509522f73,True,2026-02-17,0xa614a29f4fc1cbcdf36713ede6965e331845872ffdd11384cfc3aa63572f72a1
run_20260217_220238-0235,0x75b6ea606d6884a67e6e4cfe18e451ac086d8c384d42fc4e38531ba94db5d648,0x75b6ea606d6884a67e6e4cfe18e451ac086d8c384d42fc4e38531ba94db5d648,True,2026-02-17,0xa614a29f4fc1cbcdf36713ede6965e331845872ffdd11384cfc3aa63572f72a1
run_20260217_220238-0236,0x83212fb4cacb3132362fa26576b8f7ecfe6970c79ce14e84884b0867037014b5,0x83212fb4cacb3132362fa26576b8f7ecfe6970c79ce14e84884b0867037014b5,True,2026-02-17,0xa614a29f4fc1cbcdf36713ede6965e331845872ffdd11384cfc3aa63572f72a1
run_20260217_220238-0237,0xff754918f7fe5c72777a50613c0e0919eb755b89ce134122ab4beb04163a2e32,0xff754918f7fe5c72777a50613c0e0919eb755b89ce134122ab4beb04163a2e32,True,2026-02-17,0xa614a29f4fc1cbcdf36713ede6965e331845872ffdd11384cfc3aa63572f72a1
run_20260217_220238-0238,0x9b62209e5701471a2c31be04c3973b43a0b2237dbf4afca9dbd68a557670dcd3,0x9b62209e5701471a2c31be04c3973b43a0b2237dbf4afca9dbd68a557670dcd3,True,2026-02-17,0xa614a29f4fc1cbcdf36713ede6965e331845872ffdd11384cfc3aa63572f72a1
run_20260217_220238-0239,0x1da1d945e3493d5ef5588e4146988c01d2b56886f99d975ccfa94c7c8a312792,0x1da1d945e3493d5ef5588e4146988c01d2b56886f99d975ccfa94c7c8a312792,True,2026-02-17,0xa614a29f4fc1cbcdf36713ede6965e331845872ffdd11384cfc3aa63572f72a1
run_20260217_220238-0240,0x1a81b87dd0cb4f095fc31b72d582ed6eadbf4077748ccc7fc105d3f5d22ad9af,0x1a81b87dd0cb4f095fc31b72d582ed6eadbf4077748ccc7fc105d3f5d22ad9af,True,2026-02-17,0xa614a29f4fc1cbcdf36713ede6965e331845872ffdd11384cfc3aa63572f72a1
run_20260217_220238-0241,0xfa2a1245609218a5bf6bbfc52427a7f0e2bed6f5e5e344925196ae1fff8b699e,0xfa2a1245609218a5bf6bbfc52427a7f0e2bed6f5e5e344925196ae1fff8b699e,True,2026-02-17,0xa614a29f4fc1cbcdf36713ede6965e331845872ffdd11384cfc3aa63572f72a1
run_20260217_220238-0242,0x6f61b7cb74f3434f435848f514df532a3ead688abb0e5c63262f620a195bc8db,0x6f61b7cb74f3434f435848f514df532a3ead688abb0e5c63262f620a195bc8db,True,2026-02-17,0xa614a29f4fc1cbcdf36713ede6965e331845872ffdd11384cfc3aa63572f72a1
run_20260217_220238-0243,0x4046ddb98ec199b2e4fbcae58d0042bf6e772df4f164e5775495f23ee3dca634,0x4046ddb98ec199b2e4fbcae58d0042bf6e772df4f164e5775495f23ee3dca634,True,2026-02-17,0xa614a29f4fc1cbcdf36713ede6965e331845872ffdd11384cfc3aa63572f72a1
run_20260217_220238-0244,0x973d5bf3968f604418a2a4b121f934e7e12e70dd74fb60a3b9ad3158178bf4e6,0x973d5bf3968f604418a2a4b121f934e7e12e70dd74fb60a3b9ad3158178bf4e6,True,2026-02-17,0xa614a29f4fc1cbcdf36713ede6965e331845872ffdd11384cfc3aa63572f72a1
run_20260217_220238-0245,0xae1f26b16b52d4fd0ccbff6db5fb0b2ce5115e578f7dcf4decff8091dc3ede08,0xae1f26b16b52d4fd0ccbff6db5fb0b2ce5115e578f7dcf4decff8091dc3ede08,True,2026-02-17,0xa614a29f4fc1cbcdf36713ede6965e331845872ffdd11384cfc3aa63572f72a1
run_20260217_220238-0246,0x78743f8a5fcb0463bf79c21590f5d8a9e1f8a634192b61041d7b2913c9621771,0x78743f8a5fcb0463bf79c21590f5d8a9e1f8a634192b61041d7b2913c9621771,True,2026-02-17,0xa614a29f4fc1cbcdf36713ede6965e331845872ffdd11384cfc3aa63572f72a1
run_20260217_220238-0247,0x195c0d069219330174919ad52ea95fbb7e156c4cb9c8f2a8a9ec32eb1f44b0bf,0x195c0d069219330174919ad52ea95fbb7e156c4cb9c8f2a8a9ec32eb1f44b0bf,True,2026-02-17,0xa614a29f4fc1cbcdf36713ede6965e331845872ffdd11384cfc3aa63572f72a1
run_20260217_220238-0248,0x39e8bd069dd5172308b6df1da6224f9427cd5f535064101672eb00d751e94d80,0x39e8bd069dd5172308b6df1da6224f9427cd5f535064101672eb00d751e94d80,True,2026-02-17,0xa614a29f4fc1cbcdf36713ede6965e331845872ffdd11384cfc3aa63572f72a1
run_20260217_220238-0249,0x8d3afd645cef6f24f5aec606327434b905c44bb13ba73364150be9ff06c5ea87,0x8d3afd645cef6f24f5aec606327434b905c44bb13ba73364150be9ff06c5ea87,True,2026-02-17,0xa614a29f4fc1cbcdf36713ede6965e331845872ffdd11384cfc3aa63572f72a1
run_20260217_220238-0250,0xffcb147a1674d165fa95ce37aad246a06436161747d6d9303f9ac3ab023a1641,0xffcb147a1674d165fa95ce37aad246a06436161747d6d9303f9ac3ab023a1641,True,2026-02-17,0xa614a29f4fc1cbcdf36713ede6965e331845872ffdd11384cfc3aa63572f72a1
run_20260217_220238-0251,0x4e0f0983fce5679cd22d7c449cd0d66f668f2aeaee277808bc6bbb8e620ec942,0x4e0f0983fce5679cd22d7c449cd0d66f668f2aeaee277808bc6bbb8e620ec942,True,2026-02-17,0xa614a29f4fc1cbcdf36713ede6965e331845872ffdd11384cfc3aa63572f72a1
run_20260217_220238-0252,0x05a0a6afb0b2e2807db69e1e882cb7a2b98643fa3130faade7264b6fdf43366b,0x05a0a6afb0b2e2807db69e1e882cb7a2b98643fa3130faade7264b6fdf43366b,True,2026-02-17,0xa614a29f4fc1cbcdf36713ede6965e331845872ffdd11384cfc3aa63572f72a1
run_20260217_220238-0253,0x8d3725c692ca44f40a8dc407fcfa477b3baa0851fcd94155c903f9f3c0b944b0,0x8d3725c692ca44f40a8dc407fcfa477b3baa0851fcd94155c903f9f3c0b944b0,True,2026-02-17,0xa614a29f4fc1cbcdf36713ede6965e331845872ffdd11384cfc3aa63572f72a1
run_20260217_220238-0254,0xde510d8c5cea9cbb1972703427bd00e750fe545987f531f008e7c032f25a1be6,0xde510d8c5cea9cbb1972703427bd00e750fe545987f531f008e7c032f25a1be6,True,2026-02-17,0xa614a29f4fc1cbcdf36713ede6965e331845872ffdd11384cfc3aa63572f72a1
run_20260217_220238-0255,0x5b7e16e0ea38d59489b604f1676cbfcfe0e0736c8f38bcb74d2783950781d49f,0x5b7e16e0ea38d59489b604f1676cbfcfe0e0736c8f38bcb74d2783950781d49f,True,2026-02-17,0xa614a29f4fc1cbcdf36713ede6965e331845872ffdd11384cfc3aa63572f72a1
run_20260217_220238-0256,0x7bae166e180b47ada58417e4f49d665853599855cd7eec9579f2edd4075f1f88,0x7bae166e180b47ada58417e4f49d665853599855cd7eec9579f2edd4075f1f88,True,2026-02-17,0xa614a29f4fc1cbcdf36713ede6965e331845872ffdd11384cfc3aa63572f72a1
run_20260217_220238-0257,0x7697b73f441954d64e6b243e956d5e425e5ea05abaa214d1c2aab7c4eba17b5c,0x7697b73f441954d64e6b243e956d5e425e5ea05abaa214d1c2aab7c4eba17b5c,True,2026-02-17,0xa614a29f4fc1cbcdf36713ede6965e331845872ffdd11384cfc3aa63572f72a1
run_20260217_220238-0258,0x8e2b684600ea377215ed9a492ca4ff4c817719a27690900ea45d88404ac7702b,0x8e2b684600ea377215ed9a492ca4ff4c817719a27690900ea45d88404ac7702b,True,2026-02-17,0xa614a29f4fc1cbcdf36713ede6965e331845872ffdd11384cfc3aa63572f72a1
run_20260217_220238-0259,0xd2958feb27e267c9dbbc0804d8372b15a976a66ebb698f37125d3d31527de579,0xd2958feb27e267c9dbbc0804d8372b15a976a66ebb698f37125d3d31527de579,True,2026-02-17,0xa614a29f4fc1cbcdf36713ede6965e331845872ffdd11384cfc3aa63572f72a1
run_20260217_220238-0260,0xa606b5e2922f47e7b1455baea671ee80b647387ddc55c3d3179a484c6ae6b0e5,0xa606b5e2922f47e7b1455baea671ee80b647387ddc55c3d3179a484c6ae6b0e5,True,2026-02-17,0xa614a29f4fc1cbcdf36713ede6965e331845872ffdd11384cfc3aa63572f72a1
run_20260217_220238-0261,0x1719dd9eec2acf09f0a32c6c565ebde9186dd6e618921f250a87f44e90b86651,0x1719dd9eec2acf09f0a32c6c565ebde9186dd6e618921f250a87f44e90b86651,True,2026-02-17,0xa614a29f4fc1cbcdf36713ede6965e331845872ffdd11384cfc3aa63572f72a1
run_20260217_220238-0262,0xdc877b05873c37e3aa84647bd05c603179df151c8ca9f2043e3b9516102f08b8,0xdc877b05873c37e3aa84647bd05c603179df151c8ca9f2043e3b9516102f08b8,True,2026-02-17,0xa614a29f4fc1cbcdf36713ede6965e331845872ffdd11384cfc3aa63572f72a1
run_20260217_220238-0263,0x95c06a76e418f5498625e1633ab95687ac7046711c3c919e6acb40500f7d7d84,0x95c06a76e418f5498625e1633ab95687ac7046711c3c919e6acb40500f7d7d84,True,2026-02-17,0xa614a29f4fc1cbcdf36713ede6965e331845872ffdd11384cfc3aa63572f72a1
run_20260217_220238-0264,0xc74ce78e47f193c1a5168f5888d779199d93ea8caf17b899f8fe7eb2f82f9b33,0xc74ce78e47f193c1a5168f5888d779199d93ea8caf17b899f8fe7eb2f82f9b33,True,2026-02-17,0xa614a29f4fc1cbcdf36713ede6965e331845872ffdd11384cfc3aa63572f72a1
run_20260217_220238-0265,0x1d761b52b3ebe6be218022990c55c3d4491bb55484985f696b4a7c983d44be8a,0x1d761b52b3ebe6be218022990c55c3d4491bb55484985f696b4a7c983d44be8a,True,2026-02-17,0xa614a29f4fc1cbcdf36713ede6965e331845872ffdd11384cfc3aa63572f72a1
run_20260217_220238-0266,0x8898bea6cbd7d979c65f91e99d73be4b4f28a6bf0b4877195198372a6d07f221,0x8898bea6cbd7d979c65f91e99d73be4b4f28a6bf0b4877195198372a6d07f221,True,2026-02-17,0xa614a29f4fc1cbcdf36713ede6965e331845872ffdd11384cfc3aa63572f72a1
run_20260217_220238-0267,0xbbcb7ec3553d6abc0d4af4d7c2f036c1a128a40120898a777e91921e88ad7d18,0xbbcb7ec3553d6abc0d4af4d7c2f036c1a128a40120898a777e91921e88ad7d18,True,2026-02-17,0xa614a29f4fc1cbcdf36713ede6965e331845872ffdd11384cfc3aa63572f72a1
run_20260217_220238-0268,0x6278160f658df3d67f86e73a5ecd38eac47621899dc47a06958ced9fa2f69e37,0x6278160f658df3d67f86e73a5ecd38eac47621899dc47a06958ced9fa2f69e37,True,2026-02-17,0xa614a29f4fc1cbcdf36713ede6965e331845872ffdd11384cfc3aa63572f72a1
run_20260217_220238-0269,0x86cf6093a98542c58f0ca9a54c140ea1160f8efe0a65a9d699e2c9e0c95b9a06,0x86cf6093a98542c58f0ca9a54c140ea1160f8efe0a65a9d699e2c9e0c95b9a06,True,2026-02-17,0xa614a29f4fc1cbcdf36713ede6965e331845872ffdd11384cfc3aa63572f72a1
run_20260217_220238-0270,0xcf02e73fd2540cb1c1944b008bcd8ebfa1cf90f0b80ffafca75ec9515cbfefe5,0xcf02e73fd2540cb1c1944b008bcd8ebfa1cf90f0b80ffafca75ec9515cbfefe5,True,2026-02-17,0xa614a29f4fc1cbcdf36713ede6965e331845872ffdd11384cfc3aa63572f72a1
run_20260217_220238-0271,0x5112d99c41da7df366affc31b048ae13c1a938b551d44940368569f77ad510f9,0x5112d99c41da7df366affc31b048ae13c1a938b551d44940368569f77ad510f9,True,2026-02-17,0xa614a29f4fc1cbcdf36713ede6965e331845872ffdd11384cfc3aa63572f72a1
run_20260217_220238-0272,0x1b3ee9e6000d90eb27d7d82508090fb5297030e5e16b5a1e0660519545927fa2,0x1b3ee9e6000d90eb27d7d82508090fb5297030e5e16b5a1e0660519545927fa2,True,2026-02-17,0xa614a29f4fc1cbcdf36713ede6965e331845872ffdd11384cfc3aa63572f72a1
run_20260217_220238-0273,0xa4a439ec2bce745027e85a3b58a11b29b6b1ea8baaa274278fb883410888c25f,0xa4a439ec2bce745027e85a3b58a11b29b6b1ea8baaa274278fb883410888c25f,True,2026-02-17,0xa614a29f4fc1cbcdf36713ede6965e331845872ffdd11384cfc3aa63572f72a1
run_20260217_220238-0274,0xbd5a91e488243f2e4ce1c9df9e2da6c1042daf41f1ab106cdf6c01a6dce24f7d,0xbd5a91e488243f2e4ce1c9df9e2da6c1042daf41f1ab106cdf6c01a6dce24f7d,True,2026-02-17,0xa614a29f4fc1cbcdf36713ede6965e331845872ffdd11384cfc3aa63572f72a1
run_20260217_220238-0275,0x16d9f61f84e95a3620408e34a2b17006303ccdc4915dd92d7aa3de092e8f49bb,0x16d9f61f84e95a3620408e34a2b17006303ccdc4915dd92d7aa3de092e8f49bb,True,2026-02-17,0xa614a29f4fc1cbcdf36713ede6965e331845872ffdd11384cfc3aa63572f72a1
run_20260217_220238-0276,0x86bb5ad740339deda4a5de96a1357437796aca4c2ed2ed9b37d4fd15993b685e,0x86bb5ad740339deda4a5de96a1357437796aca4c2ed2ed9b37d4fd15993b685e,True,2026-02-17,0xa614a29f4fc1cbcdf36713ede6965e331845872ffdd11384cfc3aa63572f72a1
run_20260217_220238-0277,0x2a6ef41da461187c2dee44ce6371e4523f744c38d6475bcdf07fa93eb6c04cbf,0x2a6ef41da461187c2dee44ce6371e4523f744c38d6475bcdf07fa93eb6c04cbf,True,2026-02-17,0xa614a29f4fc1cbcdf36713ede6965e331845872ffdd11384cfc3aa63572f72a1
run_20260217_220238-0278,0x67bb5ca9cd0578d0d46ef31455883da14fb0c6984afcedb4fefffd18c8922286,0x67bb5ca9cd0578d0d46ef31455883da14fb0c6984afcedb4fefffd18c8922286,True,2026-02-17,0xa614a29f4fc1cbcdf36713ede6965e331845872ffdd11384cfc3aa63572f72a1
run_20260217_220238-0279,0xf80764e3c4e119f86e18fcc346e79d99dccc4fcbbc89d6227cbe2c187f1cd798,0xf80764e3c4e119f86e18fcc346e79d99dccc4fcbbc89d6227cbe2c187f1cd798,True,2026-02-17,0xa614a29f4fc1cbcdf36713ede6965e331845872ffdd11384cfc3aa63572f72a1
run_20260217_220238-0280,0xfd86cd7bed013f792505cc1815f2bcc04dc07f419a1d0ac560da30e72315e7df,0xfd86cd7bed013f792505cc1815f2bcc04dc07f419a1d0ac560da30e72315e7df,True,2026-02-17,0xa614a29f4fc1cbcdf36713ede6965e331845872ffdd11384cfc3aa63572f72a1
run_20260217_220238-0281,0x1e1ae49b7f408b33318840be600e5c044f3be2b20f0d6bef567f8669b90d3b55,0x1e1ae49b7f408b33318840be600e5c044f3be2b20f0d6bef567f8669b90d3b55,True,2026-02-17,0xa614a29f4fc1cbcdf36713ede6965e331845872ffdd11384cfc3aa63572f72a1
run_20260217_220238-0282,0x551d86f044dba0e96d45fb96bafae69d0deba937a3d9112359098be8aeaae3fc,0x551d86f044dba0e96d45fb96bafae69d0deba937a3d9112359098be8aeaae3fc,True,2026-02-17,0xa614a29f4fc1cbcdf36713ede6965e331845872ffdd11384cfc3aa63572f72a1
run_20260217_220238-0283,0x6b87238d8b7707c1979702d90317ce1076e6ae81b547ed0ef7c74deea431a2b1,0x6b87238d8b7707c1979702d90317ce1076e6ae81b547ed0ef7c74deea431a2b1,True,2026-02-17,0xa614a29f4fc1cbcdf36713ede6965e331845872ffdd11384cfc3aa63572f72a1
run_20260217_220238-0284,0x4f4d827b785c0fbfb51b7b06e54bfc33487b1a578540a7960ca765fdfe6c21e6,0x4f4d827b785c0fbfb51b7b06e54bfc33487b1a578540a7960ca765fdfe6c21e6,True,2026-02-17,0xa614a29f4fc1cbcdf36713ede6965e331845872ffdd11384cfc3aa63572f72a1
run_20260217_220238-0285,0xecb3d91089c272e783f10b47985f1f018c2351d0b17527e885921bdd97c306ce,0xecb3d91089c272e783f10b47985f1f018c2351d0b17527e885921bdd97c306ce,True,2026-02-17,0xa614a29f4fc1cbcdf36713ede6965e331845872ffdd11384cfc3aa63572f72a1
run_20260217_220238-0286,0xf84de4099fb66f90f4d77e42d1a62d7ed5fc42f61c79af7e38730f3abb836f26,0xf84de4099fb66f90f4d77e42d1a62d7ed5fc42f61c79af7e38730f3abb836f26,True,2026-02-17,0xa614a29f4fc1cbcdf36713ede6965e331845872ffdd11384cfc3aa63572f72a1
run_20260217_220238-0287,0xfc015fd89add3353eb00bb0ac95d812988e32271ca567e1f0424436065c12bcd,0xfc015fd89add3353eb00bb0ac95d812988e32271ca567e1f0424436065c12bcd,True,2026-02-17,0xa614a29f4fc1cbcdf36713ede6965e331845872ffdd11384cfc3aa63572f72a1
run_20260217_220238-0288,0x024b9c4cb9ff0152ca1a8449b1c254793179bc289264b93f7743f2dca927ef9d,0x024b9c4cb9ff0152ca1a8449b1c254793179bc289264b93f7743f2dca927ef9d,True,2026-02-17,0xa614a29f4fc1cbcdf36713ede6965e331845872ffdd11384cfc3aa63572f72a1
run_20260217_220238-0289,0xf1a2700820dc45b56c8b733e2ad335ebb9b5d8959dc0d58d9d5e74974b6037b9,0xf1a2700820dc45b56c8b733e2ad335ebb9b5d8959dc0d58d9d5e74974b6037b9,True,2026-02-17,0xa614a29f4fc1cbcdf36713ede6965e331845872ffdd11384cfc3aa63572f72a1
run_20260217_220238-0290,0x1069219a48f7e5a2d5cb3d30cf6d322725b45870b4076aba3c7e1819f1b8b236,0x1069219a48f7e5a2d5cb3d30cf6d322725b45870b4076aba3c7e1819f1b8b236,True,2026-02-17,0xa614a29f4fc1cbcdf36713ede6965e331845872ffdd11384cfc3aa63572f72a1
run_20260217_220238-0291,0x8ffc4efb518bcf50435d69522625e5a7e1e37124c194e161eb99d53b1c50775c,0x8ffc4efb518bcf50435d69522625e5a7e1e37124c194e161eb99d53b1c50775c,True,2026-02-17,0xa614a29f4fc1cbcdf36713ede6965e331845872ffdd11384cfc3aa63572f72a1
run_20260217_220238-0292,0xf2aded28d02400e0eee798954e53e422d7197f9051b037eea81dced43c9b9ea4,0xf2aded28d02400e0eee798954e53e422d7197f9051b037eea81dced43c9b9ea4,True,2026-02-17,0xa614a29f4fc1cbcdf36713ede6965e331845872ffdd11384cfc3aa63572f72a1
run_20260217_220238-0293,0x87c7bf7fcf548b09b745103ba224ff1b52f14ea47b8e05e458e3b767504e0b05,0x87c7bf7fcf548b09b745103ba224ff1b52f14ea47b8e05e458e3b767504e0b05,True,2026-02-17,0xa614a29f4fc1cbcdf36713ede6965e331845872ffdd11384cfc3aa63572f72a1
run_20260217_220238-0294,0x8666e4067148e1faab86c0f657b6aa8ae1a5227fb621ea8e453b98065e48737a,0x8666e4067148e1faab86c0f657b6aa8ae1a5227fb621ea8e453b98065e48737a,True,2026-02-17,0xa614a29f4fc1cbcdf36713ede6965e331845872ffdd11384cfc3aa63572f72a1
run_20260217_220238-0295,0x83318dec13218e11726641c7aecfb719238a79280ffed091de29af5d2cff42ff,0x83318dec13218e11726641c7aecfb719238a79280ffed091de29af5d2cff42ff,True,2026-02-17,0xa614a29f4fc1cbcdf36713ede6965e331845872ffdd11384cfc3aa63572f72a1
run_20260217_220238-0296,0x6dcd8957a4f250806495f6a0afbbd9a1bf51aa404b7bfc8b87e575161e68bde8,0x6dcd8957a4f250806495f6a0afbbd9a1bf51aa404b7bfc8b87e575161e68bde8,True,2026-02-17,0xa614a29f4fc1cbcdf36713ede6965e331845872ffdd11384cfc3aa63572f72a1
run_20260217_220238-0297,0xd7c6942d929aabe2409f60dbb1a363c98e8b22f14b32074fb101723f810569a6,0xd7c6942d929aabe2409f60dbb1a363c98e8b22f14b32074fb101723f810569a6,True,2026-02-17,0xa614a29f4fc1cbcdf36713ede6965e331845872ffdd11384cfc3aa63572f72a1
run_20260217_220238-0298,0x9bccbcdc893ae583e57f22a3d4d7e285e20e7ee227b5526217eaea0b876ece02,0x9bccbcdc893ae583e57f22a3d4d7e285e20e7ee227b5526217eaea0b876ece02,True,2026-02-17,0xa614a29f4fc1cbcdf36713ede6965e331845872ffdd11384cfc3aa63572f72a1
run_20260217_220238-0299,0xce2053ed31e593168da6bf049a3e70e82e1a7965f126da708aa895b9ed76c004,0xce2053ed31e593168da6bf049a3e70e82e1a7965f126da708aa895b9ed76c004,True,2026-02-17,0xa614a29f4fc1cbcdf36713ede6965e331845872ffdd11384cfc3aa63572f72a1
run_20260217_220238-0300,0x5f8a438dfd05a0234dba9c5f43c4c7d59f09d8ca6cfbd90c85e5c87369ce786f,0x5f8a438dfd05a0234dba9c5f43c4c7d59f09d8ca6cfbd90c85e5c87369ce786f,True,2026-02-17,0xa614a29f4fc1cbcdf36713ede6965e331845872ffdd11384cfc3aa63572f72a1
run_20260217_220238-0301,0xe0de96f232c703f40df4339054286e533b8c39698a57f63efc8c3cd1696ddd61,0xe0de96f232c703f40df4339054286e533b8c39698a57f63efc8c3cd1696ddd61,True,2026-02-17,0xa614a29f4fc1cbcdf36713ede6965e331845872ffdd11384cfc3aa63572f72a1
run_20260217_220238-0302,0x77eaef98cd36447e418d5560b0b96ae464928903615759b2686bd1a21eee6f04,0x77eaef98cd36447e418d5560b0b96ae464928903615759b2686bd1a21eee6f04,True,2026-02-17,0xa614a29f4fc1cbcdf36713ede6965e331845872ffdd11384cfc3aa63572f72a1
run_20260217_220238-0303,0x335c774daae1243073fc54b9a2b13a6af638224f23cf80be7667b09d0fec89ff,0x335c774daae1243073fc54b9a2b13a6af638224f23cf80be7667b09d0fec89ff,True,2026-02-17,0xa614a29f4fc1cbcdf36713ede6965e331845872ffdd11384cfc3aa63572f72a1
run_20260217_220238-0304,0x74fa95931cf310c8feea2731127e3fe541fd0752d5fa54070454e71d7bf50992,0x74fa95931cf310c8feea2731127e3fe541fd0752d5fa54070454e71d7bf50992,True,2026-02-17,0xa614a29f4fc1cbcdf36713ede6965e331845872ffdd11384cfc3aa63572f72a1
run_20260217_220238-0305,0xae0df482a76c9da6ef1684d356d3b37142294839c47c0eeb5740dbbd87d48d34,0xae0df482a76c9da6ef1684d356d3b37142294839c47c0eeb5740dbbd87d48d34,True,2026-02-17,0xa614a29f4fc1cbcdf36713ede6965e331845872ffdd11384cfc3aa63572f72a1
run_20260217_220238-0306,0x821462ac2aaf29dd16ba6ad6fc4786d3528420200de4b1c4e28dec24615121b6,0x821462ac2aaf29dd16ba6ad6fc4786d3528420200de4b1c4e28dec24615121b6,True,2026-02-17,0xa614a29f4fc1cbcdf36713ede6965e331845872ffdd11384cfc3aa63572f72a1
run_20260217_220238-0307,0x6b8bd4ddcbfa20f90790d2f57258527c829c9ce8e071dc6a701b8ad3d6f06066,0x6b8bd4ddcbfa20f90790d2f57258527c829c9ce8e071dc6a701b8ad3d6f06066,True,2026-02-17,0xa614a29f4fc1cbcdf36713ede6965e331845872ffdd11384cfc3aa63572f72a1
run_20260217_220238-0308,0x05a0fe5bf251c20b76ca6722b281433cc24d87378cbd61c1541b508a6ade750b,0x05a0fe5bf251c20b76ca6722b281433cc24d87378cbd61c1541b508a6ade750b,True,2026-02-17,0xa614a29f4fc1cbcdf36713ede6965e331845872ffdd11384cfc3aa63572f72a1
run_20260217_220238-0309,0x39195cdf5b344111ea015273fb1af4e4b0b0429b22deb834dc848e8461b7cc92,0x39195cdf5b344111ea015273fb1af4e4b0b0429b22deb834dc848e8461b7cc92,True,2026-02-17,0xa614a29f4fc1cbcdf36713ede6965e331845872ffdd11384cfc3aa63572f72a1
run_20260217_220238-0310,0x87f7663986ab5e5a340272dd22a3047dad622a4419dd1617133c3fc0e641dca5,0x87f7663986ab5e5a340272dd22a3047dad622a4419dd1617133c3fc0e641dca5,True,2026-02-17,0xa614a29f4fc1cbcdf36713ede6965e331845872ffdd11384cfc3aa63572f72a1
run_20260217_220238-0311,0x4fa0c228312e4f097f45514efb9b508d210f63071a70501a7f1f0a97d8847c73,0x4fa0c228312e4f097f45514efb9b508d210f63071a70501a7f1f0a97d8847c73,True,2026-02-17,0xa614a29f4fc1cbcdf36713ede6965e331845872ffdd11384cfc3aa63572f72a1
run_20260217_220238-0312,0x05c7be3733a0da372333be0984306e678399262c122bcfaa886a15e067042e5e,0x05c7be3733a0da372333be0984306e678399262c122bcfaa886a15e067042e5e,True,2026-02-17,0xa614a29f4fc1cbcdf36713ede6965e331845872ffdd11384cfc3aa63572f72a1
run_20260217_220238-0313,0xca1a40ea43d4e456d6940cf11851b433fe42982f2a53c97bff766aae80c2def8,0xca1a40ea43d4e456d6940cf11851b433fe42982f2a53c97bff766aae80c2def8,True,2026-02-17,0xa614a29f4fc1cbcdf36713ede6965e331845872ffdd11384cfc3aa63572f72a1
run_20260217_220238-0314,0xaa2d74dd6ef2d96ee5d2a1310fd7de60ea55da73d33cf2e1213ee44fc4aeebd1,0xaa2d74dd6ef2d96ee5d2a1310fd7de60ea55da73d33cf2e1213ee44fc4aeebd1,True,2026-02-17,0xa614a29f4fc1cbcdf36713ede6965e331845872ffdd11384cfc3aa63572f72a1
run_20260217_220238-0315,0x54b8ba7931788a61ecad512d72ddc7a01f56b1d5392f018ee9125d66a6f03f87,0x54b8ba7931788a61ecad512d72ddc7a01f56b1d5392f018ee9125d66a6f03f87,True,2026-02-17,0xa614a29f4fc1cbcdf36713ede6965e331845872ffdd11384cfc3aa63572f72a1
run_20260217_220238-0316,0xd8926f9d873bceb7751008ddbde33992158e62a47e7638d5b5a7908f62317221,0xd8926f9d873bceb7751008ddbde33992158e62a47e7638d5b5a7908f62317221,True,2026-02-17,0xa614a29f4fc1cbcdf36713ede6965e331845872ffdd11384cfc3aa63572f72a1
run_20260217_220238-0317,0xd90cbc149b80451565d1abaa17aa32cf623bc7a8037fb0c5bda2f28e58522ed9,0xd90cbc149b80451565d1abaa17aa32cf623bc7a8037fb0c5bda2f28e58522ed9,True,2026-02-17,0xa614a29f4fc1cbcdf36713ede6965e331845872ffdd11384cfc3aa63572f72a1
run_20260217_220238-0318,0x8ad3ffd87529bd138ca235a3747c4a06f3e73395cb560a74969c543f8f30ed60,0x8ad3ffd87529bd138ca235a3747c4a06f3e73395cb560a74969c543f8f30ed60,True,2026-02-17,0xa614a29f4fc1cbcdf36713ede6965e331845872ffdd11384cfc3aa63572f72a1
run_20260217_220238-0319,0x37e63cd37b80b3c387fa49d07dafd284240a7744d59575c94bbf13f83450eb16,0x37e63cd37b80b3c387fa49d07dafd284240a7744d59575c94bbf13f83450eb16,True,2026-02-17,0xa614a29f4fc1cbcdf36713ede6965e331845872ffdd11384cfc3aa63572f72a1
run_20260217_220238-0320,0x47dc35a88582a9eb08c5659961557e62e3ec9211578f60600cc7a18cf427b3bb,0x47dc35a88582a9eb08c5659961557e62e3ec9211578f60600cc7a18cf427b3bb,True,2026-02-17,0xa614a29f4fc1cbcdf36713ede6965e331845872ffdd11384cfc3aa63572f72a1
run_20260217_220238-0321,0x4c678dc9fda7bfd2e4d7f8ef142a2f92c0fefc9b30c2673cc09329273d546b47,0x4c678dc9fda7bfd2e4d7f8ef142a2f92c0fefc9b30c2673cc09329273d546b47,True,2026-02-17,0xa614a29f4fc1cbcdf36713ede6965e331845872ffdd11384cfc3aa63572f72a1
run_20260217_220238-0322,0x09427ebfa2756aab52ee7e9add64a7e9e9e67c74e6023e45944c6fbaecd138a0,0x09427ebfa2756aab52ee7e9add64a7e9e9e67c74e6023e45944c6fbaecd138a0,True,2026-02-17,0xa614a29f4fc1cbcdf36713ede6965e331845872ffdd11384cfc3aa63572f72a1
run_20260217_220238-0323,0x99d0bbd0b99a13448078b2ef0c97037672fcb5b942a868c2dd82d0cfdf57e1a5,0x99d0bbd0b99a13448078b2ef0c97037672fcb5b942a868c2dd82d0cfdf57e1a5,True,2026-02-17,0xa614a29f4fc1cbcdf36713ede6965e331845872ffdd11384cfc3aa63572f72a1
run_20260217_220238-0324,0x1e74535a8c1324605994b691bbbacb2dd25538c9d42a61a0ed146d7dd23fb62b,0x1e74535a8c1324605994b691bbbacb2dd25538c9d42a61a0ed146d7dd23fb62b,True,2026-02-17,0xa614a29f4fc1cbcdf36713ede6965e331845872ffdd11384cfc3aa63572f72a1
run_20260217_220238-0325,0xb903c49d44a3cffbe75e8edcb3e208bf8c8b782a152d4053bcadddbf41716d5b,0xb903c49d44a3cffbe75e8edcb3e208bf8c8b782a152d4053bcadddbf41716d5b,True,2026-02-17,0xa614a29f4fc1cbcdf36713ede6965e331845872ffdd11384cfc3aa63572f72a1
run_20260217_220238-0326,0x9d6aec225f6461c90de2258bfd961cfb6e2d2ca7125e4fa909c6b92f09c4e465,0x9d6aec225f6461c90de2258bfd961cfb6e2d2ca7125e4fa909c6b92f09c4e465,True,2026-02-17,0xa614a29f4fc1cbcdf36713ede6965e331845872ffdd11384cfc3aa63572f72a1
run_20260217_220238-0327,0x9f6ef106c9990a12af1c1b7307b3e9eb65b8194dc0d16de62976ca6531461799,0x9f6ef106c9990a12af1c1b7307b3e9eb65b8194dc0d16de62976ca6531461799,True,2026-02-17,0xa614a29f4fc1cbcdf36713ede6965e331845872ffdd11384cfc3aa63572f72a1
run_20260217_220238-0328,0xce4eacfe0cff35f59deb9a33bbd5320531bc1b64f56d6fdeaf23672fa66b24b3,0xce4eacfe0cff35f59deb9a33bbd5320531bc1b64f56d6fdeaf23672fa66b24b3,True,2026-02-17,0xa614a29f4fc1cbcdf36713ede6965e331845872ffdd11384cfc3aa63572f72a1
run_20260217_220238-0329,0xdb2708cb1343e4a2ea03df7a1876fbe5c6fa8bdc568f51c5873e4de2527ac249,0xdb2708cb1343e4a2ea03df7a1876fbe5c6fa8bdc568f51c5873e4de2527ac249,True,2026-02-17,0xa614a29f4fc1cbcdf36713ede6965e331845872ffdd11384cfc3aa63572f72a1
run_20260217_220238-0330,0x83ac66876c997fe2fe74ba082cd3cb437a012c381181d0751451dd74f95cf2ed,0x83ac66876c997fe2fe74ba082cd3cb437a012c381181d0751451dd74f95cf2ed,True,2026-02-17,0xa614a29f4fc1cbcdf36713ede6965e331845872ffdd11384cfc3aa63572f72a1
run_20260217_220238-0331,0x5a517c21dd3e64e17b5b72f4ca4a00b6655d0e22cb6a22e65b214adc6d38bac4,0x5a517c21dd3e64e17b5b72f4ca4a00b6655d0e22cb6a22e65b214adc6d38bac4,True,2026-02-17,0xa614a29f4fc1cbcdf36713ede6965e331845872ffdd11384cfc3aa63572f72a1
run_20260217_220238-0332,0xa088874529e371d94a88dd88eaa0e96da836e926341e6affd343ea7eec145824,0xa088874529e371d94a88dd88eaa0e96da836e926341e6affd343ea7eec145824,True,2026-02-17,0xa614a29f4fc1cbcdf36713ede6965e331845872ffdd11384cfc3aa63572f72a1
run_20260217_220238-0333,0xf6cb0ad8c9efcc6e961dac7d68756f1cae95bec3ab4e6253db217f93ba3c9214,0xf6cb0ad8c9efcc6e961dac7d68756f1cae95bec3ab4e6253db217f93ba3c9214,True,2026-02-17,0xa614a29f4fc1cbcdf36713ede6965e331845872ffdd11384cfc3aa63572f72a1
run_20260217_220238-0334,0x3572ca0c53b23acf9af397738ac812bd6c2b3d89f88a35982cb49baef047b008,0x3572ca0c53b23acf9af397738ac812bd6c2b3d89f88a35982cb49baef047b008,True,2026-02-17,0xa614a29f4fc1cbcdf36713ede6965e331845872ffdd11384cfc3aa63572f72a1
run_20260217_220238-0335,0x7e70eeeae8e439d176d20868ede9ad34c96cc9759c2c2cd8d1d2efbfd365aebe,0x7e70eeeae8e439d176d20868ede9ad34c96cc9759c2c2cd8d1d2efbfd365aebe,True,2026-02-17,0xa614a29f4fc1cbcdf36713ede6965e331845872ffdd11384cfc3aa63572f72a1
run_20260217_220238-0336,0x30d3efd04cbb614c2f1e5ef0dcbf0d147e597ce6e9c978acdb8ec0d24bba69f7,0x30d3efd04cbb614c2f1e5ef0dcbf0d147e597ce6e9c978acdb8ec0d24bba69f7,True,2026-02-17,0xa614a29f4fc1cbcdf36713ede6965e331845872ffdd11384cfc3aa63572f72a1
run_20260217_220238-0337,0xa0057c11cc337539119cde0b60df8195fe5598621748f9be4eddefa98cfbaade,0xa0057c11cc337539119cde0b60df8195fe5598621748f9be4eddefa98cfbaade,True,2026-02-17,0xa614a29f4fc1cbcdf36713ede6965e331845872ffdd11384cfc3aa63572f72a1
run_20260217_220238-0338,0x4faa5b96927e2cca23f4761551da761717d0729927594e6857d40efa65335ea1,0x4faa5b96927e2cca23f4761551da761717d0729927594e6857d40efa65335ea1,True,2026-02-17,0xa614a29f4fc1cbcdf36713ede6965e331845872ffdd11384cfc3aa63572f72a1
run_20260217_220238-0339,0xc59b84210c470f80e006469225c32cc783c2a43255ac6064d0751321a93a62db,0xc59b84210c470f80e006469225c32cc783c2a43255ac6064d0751321a93a62db,True,2026-02-17,0xa614a29f4fc1cbcdf36713ede6965e331845872ffdd11384cfc3aa63572f72a1
run_20260217_220238-0340,0xf9548a7c0b00c56712cd391eef25bd314c285148175252fba86542481f23527b,0xf9548a7c0b00c56712cd391eef25bd314c285148175252fba86542481f23527b,True,2026-02-17,0xa614a29f4fc1cbcdf36713ede6965e331845872ffdd11384cfc3aa63572f72a1
run_20260217_220238-0341,0x60b582821be45c4447ff8157f4a190d791e0c97384ac997da3b41b22924da8c5,0x60b582821be45c4447ff8157f4a190d791e0c97384ac997da3b41b22924da8c5,True,2026-02-17,0xa614a29f4fc1cbcdf36713ede6965e331845872ffdd11384cfc3aa63572f72a1
run_20260217_220238-0342,0x490214f48ca9f59fc15585188d83f57fdf49dee6ae8f31a03999450f38fb50ec,0x490214f48ca9f59fc15585188d83f57fdf49dee6ae8f31a03999450f38fb50ec,True,2026-02-17,0xa614a29f4fc1cbcdf36713ede6965e331845872ffdd11384cfc3aa63572f72a1
run_20260217_220238-0343,0xa7162e4dbc07264f4527e16673d115bd1b49ea38558373e87430eb30a36cf553,0xa7162e4dbc07264f4527e16673d115bd1b49ea38558373e87430eb30a36cf553,True,2026-02-17,0xa614a29f4fc1cbcdf36713ede6965e331845872ffdd11384cfc3aa63572f72a1
run_20260217_220238-0344,0xc3b8643f233e270efdb414726ebca58e6f8a0de46ad9a3893c97005aadd60c7f,0xc3b8643f233e270efdb414726ebca58e6f8a0de46ad9a3893c97005aadd60c7f,True,2026-02-17,0xa614a29f4fc1cbcdf36713ede6965e331845872ffdd11384cfc3aa63572f72a1
run_20260217_220238-0345,0xad2bedc1cab2b80b0db20a1861ba238c466336b73d958851cc86a0d0b71c5a55,0xad2bedc1cab2b80b0db20a1861ba238c466336b73d958851cc86a0d0b71c5a55,True,2026-02-17,0xa614a29f4fc1cbcdf36713ede6965e331845872ffdd11384cfc3aa63572f72a1
run_20260217_220238-0346,0xbbcb37c33677de2733adcf506fa586ff30e1fdebbcaf6b20ac53ddca1daefb56,0xbbcb37c33677de2733adcf506fa586ff30e1fdebbcaf6b20ac53ddca1daefb56,True,2026-02-17,0xa614a29f4fc1cbcdf36713ede6965e331845872ffdd11384cfc3aa63572f72a1
run_20260217_220238-0347,0xb0651ac20514328393c3aa8100299ed0b73d4d2ac78094abbcdc45668a7df917,0xb0651ac20514328393c3aa8100299ed0b73d4d2ac78094abbcdc45668a7df917,True,2026-02-17,0xa614a29f4fc1cbcdf36713ede6965e331845872ffdd11384cfc3aa63572f72a1
run_20260217_220238-0348,0xf5e789b0e23ffe3c5557ae7f17814c80a015120028e1a423cf3903613fdcad4e,0xf5e789b0e23ffe3c5557ae7f17814c80a015120028e1a423cf3903613fdcad4e,True,2026-02-17,0xa614a29f4fc1cbcdf36713ede6965e331845872ffdd11384cfc3aa63572f72a1
run_20260217_220238-0349,0x554196d4be33b611de2343ae1ca70bd0ef1d6dd09f496236ccb849910ca26dbc,0x554196d4be33b611de2343ae1ca70bd0ef1d6dd09f496236ccb849910ca26dbc,True,2026-02-17,0xa614a29f4fc1cbcdf36713ede6965e331845872ffdd11384cfc3aa63572f72a1
run_20260217_220238-0350,0x36c749a85a67217f2dd7db7018765e578e69e93221c84e41812434ab6ad94fc9,0x36c749a85a67217f2dd7db7018765e578e69e93221c84e41812434ab6ad94fc9,True,2026-02-17,0xa614a29f4fc1cbcdf36713ede6965e331845872ffdd11384cfc3aa63572f72a1
run_20260217_220238-0351,0x1265be20c2cce5088fcd9a679cf4757af65fcfd86023fa22b7fd054eb1bd79b8,0x1265be20c2cce5088fcd9a679cf4757af65fcfd86023fa22b7fd054eb1bd79b8,True,2026-02-17,0xa614a29f4fc1cbcdf36713ede6965e331845872ffdd11384cfc3aa63572f72a1
run_20260217_220238-0352,0x9c2ba10498427ae4047b0e7f4ecd97669afb46ba9b16814c537832ac07070b37,0x9c2ba10498427ae4047b0e7f4ecd97669afb46ba9b16814c537832ac07070b37,True,2026-02-17,0xa614a29f4fc1cbcdf36713ede6965e331845872ffdd11384cfc3aa63572f72a1
run_20260217_220238-0353,0xae05560c28dd00bb9f93003a25a38b8117fe6b8ad37681730bccc0784c390e3e,0xae05560c28dd00bb9f93003a25a38b8117fe6b8ad37681730bccc0784c390e3e,True,2026-02-17,0xa614a29f4fc1cbcdf36713ede6965e331845872ffdd11384cfc3aa63572f72a1
run_20260217_220238-0354,0x18a5eb7b5933ed291bfa4499c63052d8f1c5cef58414b77ba5fd6ed9eac0c934,0x18a5eb7b5933ed291bfa4499c63052d8f1c5cef58414b77ba5fd6ed9eac0c934,True,2026-02-17,0xa614a29f4fc1cbcdf36713ede6965e331845872ffdd11384cfc3aa63572f72a1
run_20260217_220238-0355,0x6fef60d7ab58d475e1775d1af447e8c625c9057f7137b1f293bcda95754c8948,0x6fef60d7ab58d475e1775d1af447e8c625c9057f7137b1f293bcda95754c8948,True,2026-02-17,0xa614a29f4fc1cbcdf36713ede6965e331845872ffdd11384cfc3aa63572f72a1
run_20260217_220238-0356,0x0f817683b03ebe4a49aaa63f3e81bb0e2cb286231672e46e09c1d171ae9d97aa,0x0f817683b03ebe4a49aaa63f3e81bb0e2cb286231672e46e09c1d171ae9d97aa,True,2026-02-17,0xa614a29f4fc1cbcdf36713ede6965e331845872ffdd11384cfc3aa63572f72a1
run_20260217_220238-0357,0x5dbfbef6483f5f4fb275c63933203e7533b88f55ee7e4a54e37e1da22f366f77,0x5dbfbef6483f5f4fb275c63933203e7533b88f55ee7e4a54e37e1da22f366f77,True,2026-02-17,0xa614a29f4fc1cbcdf36713ede6965e331845872ffdd11384cfc3aa63572f72a1
run_20260217_220238-0358,0xf72e96ff6e8384dc5bd1fddb5056e2f5b16cda8f1026e0825fda128aa77216ec,0xf72e96ff6e8384dc5bd1fddb5056e2f5b16cda8f1026e0825fda128aa77216ec,True,2026-02-17,0xa614a29f4fc1cbcdf36713ede6965e331845872ffdd11384cfc3aa63572f72a1
run_20260217_220238-0359,0xa1813f0f8fc1d99f4ddfff6b379b38532f9bebf19d8a78c48da9e9e8ac310e89,0xa1813f0f8fc1d99f4ddfff6b379b38532f9bebf19d8a78c48da9e9e8ac310e89,True,2026-02-17,0xa614a29f4fc1cbcdf36713ede6965e331845872ffdd11384cfc3aa63572f72a1
run_20260217_220238-0360,0x8c8310b0fbe91ade32188c33d02103870dc041e63c172f912202606f2c10f7b5,0x8c8310b0fbe91ade32188c33d02103870dc041e63c172f912202606f2c10f7b5,True,2026-02-17,0xa614a29f4fc1cbcdf36713ede6965e331845872ffdd11384cfc3aa63572f72a1
run_20260217_220238-0361,0xf2c31bb8e3b24233e90d69ea069e70971ec9dfaa8aaca785f1e8d488816b113d,0xf2c31bb8e3b24233e90d69ea069e70971ec9dfaa8aaca785f1e8d488816b113d,True,2026-02-17,0xa614a29f4fc1cbcdf36713ede6965e331845872ffdd11384cfc3aa63572f72a1
run_20260217_220238-0362,0x81653f0cf137718ed79cc42231e29b8a43ed42cbbc41bba39f54bf072f419aab,0x81653f0cf137718ed79cc42231e29b8a43ed42cbbc41bba39f54bf072f419aab,True,2026-02-17,0xa614a29f4fc1cbcdf36713ede6965e331845872ffdd11384cfc3aa63572f72a1
run_20260217_220238-0363,0x9a9246bf6cb777c5b6de9de276f9858e5815e0be938689e0cde6b59cf4e49fc5,0x9a9246bf6cb777c5b6de9de276f9858e5815e0be938689e0cde6b59cf4e49fc5,True,2026-02-17,0xa614a29f4fc1cbcdf36713ede6965e331845872ffdd11384cfc3aa63572f72a1
run_20260217_220238-0364,0x46fa12549b903e85caff718f201cd498309638223b1754e02dcfa152647c3c7f,0x46fa12549b903e85caff718f201cd498309638223b1754e02dcfa152647c3c7f,True,2026-02-17,0xa614a29f4fc1cbcdf36713ede6965e331845872ffdd11384cfc3aa63572f72a1
run_20260217_220238-0365,0x447dc71b867fa09b152b3e43424f357bc75d78bb1a19e268e22c2173140b7148,0x447dc71b867fa09b152b3e43424f357bc75d78bb1a19e268e22c2173140b7148,True,2026-02-17,0xa614a29f4fc1cbcdf36713ede6965e331845872ffdd11384cfc3aa63572f72a1
run_20260217_220238-0366,0x89432765d182d51f2a1c4933391a4cb0baa431143180b2009154f89386d380e7,0x89432765d182d51f2a1c4933391a4cb0baa431143180b2009154f89386d380e7,True,2026-02-17,0xa614a29f4fc1cbcdf36713ede6965e331845872ffdd11384cfc3aa63572f72a1
run_20260217_220238-0367,0x0e97588de9c3a43424138ffe0b784891ee9e3429b7f58db4a19a79b4136ef1fe,0x0e97588de9c3a43424138ffe0b784891ee9e3429b7f58db4a19a79b4136ef1fe,True,2026-02-17,0xa614a29f4fc1cbcdf36713ede6965e331845872ffdd11384cfc3aa63572f72a1
run_20260217_220238-0368,0x8844526f2ae7d14e45e38da41b6facd847b2ac2d01ffc022a829a9722553976f,0x8844526f2ae7d14e45e38da41b6facd847b2ac2d01ffc022a829a9722553976f,True,2026-02-17,0xa614a29f4fc1cbcdf36713ede6965e331845872ffdd11384cfc3aa63572f72a1
run_20260217_220238-0369,0x917f031ad84c33016d01733592e11ca8ca1ae5f84eb06861cd7c50814c75807c,0x917f031ad84c33016d01733592e11ca8ca1ae5f84eb06861cd7c50814c75807c,True,2026-02-17,0xa614a29f4fc1cbcdf36713ede6965e331845872ffdd11384cfc3aa63572f72a1
run_20260217_220238-0370,0x8d75206eb5ec88e2b87a1c97f67b138540688e707b2f314fa5414ffa26d4294d,0x8d75206eb5ec88e2b87a1c97f67b138540688e707b2f314fa5414ffa26d4294d,True,2026-02-17,0xa614a29f4fc1cbcdf36713ede6965e331845872ffdd11384cfc3aa63572f72a1
run_20260217_220238-0371,0xe9992e5ef57c53ee3a93bde9ae16b8489543e7f862bf0e96dcdea2dc7a7080df,0xe9992e5ef57c53ee3a93bde9ae16b8489543e7f862bf0e96dcdea2dc7a7080df,True,2026-02-17,0xa614a29f4fc1cbcdf36713ede6965e331845872ffdd11384cfc3aa63572f72a1
run_20260217_220238-0372,0x582caec67e96b2b9ed3041a0e85a27917180dae5d98c47a71ec97a76a3bcf6bb,0x582caec67e96b2b9ed3041a0e85a27917180dae5d98c47a71ec97a76a3bcf6bb,True,2026-02-17,0xa614a29f4fc1cbcdf36713ede6965e331845872ffdd11384cfc3aa63572f72a1
run_20260217_220238-0373,0x0a8c4a8bcdd9f91ba019476b889e47d434c8f9ddf88d9e92912352ac139f9b2c,0x0a8c4a8bcdd9f91ba019476b889e47d434c8f9ddf88d9e92912352ac139f9b2c,True,2026-02-17,0xa614a29f4fc1cbcdf36713ede6965e331845872ffdd11384cfc3aa63572f72a1
run_20260217_220238-0374,0x0b83f818b270f6c0ee00be0966cd5f51138442c04889fe1a31beb4e2e9ca49a7,0x0b83f818b270f6c0ee00be0966cd5f51138442c04889fe1a31beb4e2e9ca49a7,True,2026-02-17,0xa614a29f4fc1cbcdf36713ede6965e331845872ffdd11384cfc3aa63572f72a1
run_20260217_220238-0375,0x1af0b02313eb4bfdbf1393e3bcfc2e1c749859b954be96520b88171c4c9bd02a,0x1af0b02313eb4bfdbf1393e3bcfc2e1c749859b954be96520b88171c4c9bd02a,True,2026-02-17,0xa614a29f4fc1cbcdf36713ede6965e331845872ffdd11384cfc3aa63572f72a1
run_20260217_220238-0376,0x963925605c6b74855bb310e7cbcefef2fcd3f5f30ddcefa952ed15e9bb035a83,0x963925605c6b74855bb310e7cbcefef2fcd3f5f30ddcefa952ed15e9bb035a83,True,2026-02-17,0xa614a29f4fc1cbcdf36713ede6965e331845872ffdd11384cfc3aa63572f72a1
run_20260217_220238-0377,0x33fa708bc0d67e60a6f059d67c817bdf1a643b36b3461bd4d5fbf29c003a398f,0x33fa708bc0d67e60a6f059d67c817bdf1a643b36b3461bd4d5fbf29c003a398f,True,2026-02-17,0xa614a29f4fc1cbcdf36713ede6965e331845872ffdd11384cfc3aa63572f72a1
run_20260217_220238-0378,0x3417204feb737db9c098163ed01f4a6dc50f48d965b9a6969fba43fea0de7985,0x3417204feb737db9c098163ed01f4a6dc50f48d965b9a6969fba43fea0de7985,True,2026-02-17,0xa614a29f4fc1cbcdf36713ede6965e331845872ffdd11384cfc3aa63572f72a1
run_20260217_220238-0379,0xc16ac2ef41a99e7fe31cdc8b64e7ec76d37f5bf10788c35612a8ecc0c5d9b1bb,0xc16ac2ef41a99e7fe31cdc8b64e7ec76d37f5bf10788c35612a8ecc0c5d9b1bb,True,2026-02-17,0xa614a29f4fc1cbcdf36713ede6965e331845872ffdd11384cfc3aa63572f72a1
run_20260217_220238-0380,0x27e4fea40c3ed8a418541329099e8075b230fe2f7a072b53cdcf8dd794645b1c,0x27e4fea40c3ed8a418541329099e8075b230fe2f7a072b53cdcf8dd794645b1c,True,2026-02-17,0xa614a29f4fc1cbcdf36713ede6965e331845872ffdd11384cfc3aa63572f72a1
run_20260217_220238-0381,0x004d33eefce91c24745ce9cc203b74389d0ddcc65fbcd4ce1c4c852132ef6349,0x004d33eefce91c24745ce9cc203b74389d0ddcc65fbcd4ce1c4c852132ef6349,True,2026-02-17,0xa614a29f4fc1cbcdf36713ede6965e331845872ffdd11384cfc3aa63572f72a1
run_20260217_220238-0382,0xc6a72aa24ccf3c1a6cc689968588e3bba53e62d998fc78fb053eb28345665726,0xc6a72aa24ccf3c1a6cc689968588e3bba53e62d998fc78fb053eb28345665726,True,2026-02-17,0xa614a29f4fc1cbcdf36713ede6965e331845872ffdd11384cfc3aa63572f72a1
run_20260217_220238-0383,0x25f6b9dc5913f1e51be1947b1dfe93600cd1c0db548d4c57c227692f4b1e9656,0x25f6b9dc5913f1e51be1947b1dfe93600cd1c0db548d4c57c227692f4b1e9656,True,2026-02-17,0xa614a29f4fc1cbcdf36713ede6965e331845872ffdd11384cfc3aa63572f72a1
run_20260217_220238-0384,0x1dbfe7d0d83dc2a7634c78c5d6ffa11219b1bd7738dce9c110a581624375c859,0x1dbfe7d0d83dc2a7634c78c5d6ffa11219b1bd7738dce9c110a581624375c859,True,2026-02-17,0xa614a29f4fc1cbcdf36713ede6965e331845872ffdd11384cfc3aa63572f72a1
run_20260217_220238-0385,0x5bb089e7ad235fa03c751b9a63965b31e69287515c6bc1822428b71bf1e95437,0x5bb089e7ad235fa03c751b9a63965b31e69287515c6bc1822428b71bf1e95437,True,2026-02-17,0xa614a29f4fc1cbcdf36713ede6965e331845872ffdd11384cfc3aa63572f72a1
run_20260217_220238-0386,0xebdbe73cbd8ae076aa14bb356eaca7af57cb068251023fa130fed0b554947b2e,0xebdbe73cbd8ae076aa14bb356eaca7af57cb068251023fa130fed0b554947b2e,True,2026-02-17,0xa614a29f4fc1cbcdf36713ede6965e331845872ffdd11384cfc3aa63572f72a1
run_20260217_220238-0387,0xbbfc054238956ec2417fb07c763be61a0b80f0dffe0ece293095c00de88454fc,0xbbfc054238956ec2417fb07c763be61a0b80f0dffe0ece293095c00de88454fc,True,2026-02-17,0xa614a29f4fc1cbcdf36713ede6965e331845872ffdd11384cfc3aa63572f72a1
run_20260217_220238-0388,0x413f67b7bb4565e07898d54bde70953ef6132bbd721c77600f800400b349f29a,0x413f67b7bb4565e07898d54bde70953ef6132bbd721c77600f800400b349f29a,True,2026-02-17,0xa614a29f4fc1cbcdf36713ede6965e331845872ffdd11384cfc3aa63572f72a1
run_20260217_220238-0389,0x91b515bb3abbcd770da65c6f52486245f5728387aa494013e814a53564091d78,0x91b515bb3abbcd770da65c6f52486245f5728387aa494013e814a53564091d78,True,2026-02-17,0xa614a29f4fc1cbcdf36713ede6965e331845872ffdd11384cfc3aa63572f72a1
run_20260217_220238-0390,0x77289b9563f5c536b7071c97003b8f69b87ea8629e409c228810c15d03764504,0x77289b9563f5c536b7071c97003b8f69b87ea8629e409c228810c15d03764504,True,2026-02-17,0xa614a29f4fc1cbcdf36713ede6965e331845872ffdd11384cfc3aa63572f72a1
run_20260217_220238-0391,0xd44f0b87239d3142582fece0e04ce04a4d0a282cff84218edb9c7c5e37ce77a0,0xd44f0b87239d3142582fece0e04ce04a4d0a282cff84218edb9c7c5e37ce77a0,True,2026-02-17,0xa614a29f4fc1cbcdf36713ede6965e331845872ffdd11384cfc3aa63572f72a1
run_20260217_220238-0392,0x67932a9730906af188bb5f19c97ea852d5a613641dae0c2877502a19493e4f20,0x67932a9730906af188bb5f19c97ea852d5a613641dae0c2877502a19493e4f20,True,2026-02-17,0xa614a29f4fc1cbcdf36713ede6965e331845872ffdd11384cfc3aa63572f72a1
run_20260217_220238-0393,0xcf68f4f02d033323e7bbff2efeca17e50d326f2c991bbba5c2e40c0490b2aa41,0xcf68f4f02d033323e7bbff2efeca17e50d326f2c991bbba5c2e40c0490b2aa41,True,2026-02-17,0xa614a29f4fc1cbcdf36713ede6965e331845872ffdd11384cfc3aa63572f72a1
run_20260217_220238-0394,0x2e9b3d325cbd10f79c9b5cbd215f9b24f0a2e70cee385f9a312217defc775438,0x2e9b3d325cbd10f79c9b5cbd215f9b24f0a2e70cee385f9a312217defc775438,True,2026-02-17,0xa614a29f4fc1cbcdf36713ede6965e331845872ffdd11384cfc3aa63572f72a1
run_20260217_220238-0395,0x42f4774e6facfaf471251149174726806b87e55adea693531aae797ef6d18982,0x42f4774e6facfaf471251149174726806b87e55adea693531aae797ef6d18982,True,2026-02-17,0xa614a29f4fc1cbcdf36713ede6965e331845872ffdd11384cfc3aa63572f72a1
run_20260217_220238-0396,0xc8e769242403cd938edd3c3b4cc4e47a50c3a3ccbe7a4ecfa133fe7017e34fbb,0xc8e769242403cd938edd3c3b4cc4e47a50c3a3ccbe7a4ecfa133fe7017e34fbb,True,2026-02-17,0xa614a29f4fc1cbcdf36713ede6965e331845872ffdd11384cfc3aa63572f72a1
run_20260217_220238-0397,0x0d213a346d9d98ccdddf19aa8eb26b05f9c7f43da6d2f91462892f4b6cbd3a3f,0x0d213a346d9d98ccdddf19aa8eb26b05f9c7f43da6d2f91462892f4b6cbd3a3f,True,2026-02-17,0xa614a29f4fc1cbcdf36713ede6965e331845872ffdd11384cfc3aa63572f72a1
run_20260217_220238-0398,0xc3785407fb146e3618f2b5dda7feaebbd9856582b05d5d6a7280815572e77b54,0xc3785407fb146e3618f2b5dda7feaebbd9856582b05d5d6a7280815572e77b54,True,2026-02-17,0xa614a29f4fc1cbcdf36713ede6965e331845872ffdd11384cfc3aa63572f72a1
run_20260217_220238-0399,0xb4e3311c4b56f309084ffbea5d5e152dbce1eba0e629683973074439c2296517,0xb4e3311c4b56f309084ffbea5d5e152dbce1eba0e629683973074439c2296517,True,2026-02-17,0xa614a29f4fc1cbcdf36713ede6965e331845872ffdd11384cfc3aa63572f72a1
run_20260217_220238-0400,0x216d4f71fc2773d2d7523740bf8184a6f9c8c6eb0efc47efba6a56fc0144f223,0x216d4f71fc2773d2d7523740bf8184a6f9c8c6eb0efc47efba6a56fc0144f223,True,2026-02-17,0xa614a29f4fc1cbcdf36713ede6965e331845872ffdd11384cfc3aa63572f72a1
run_20260217_220238-0401,0x5ff29217d20efbcb1f93a69425489b0d72cf3d2fcdc7ec38e7bc7aaad8cc4141,0x5ff29217d20efbcb1f93a69425489b0d72cf3d2fcdc7ec38e7bc7aaad8cc4141,True,2026-02-17,0xa614a29f4fc1cbcdf36713ede6965e331845872ffdd11384cfc3aa63572f72a1
run_20260217_220238-0402,0x15e7719720bce6f264daeea9cf3b3f37eab43d19108369bbc0175bb984b2b9d9,0x15e7719720bce6f264daeea9cf3b3f37eab43d19108369bbc0175bb984b2b9d9,True,2026-02-17,0xa614a29f4fc1cbcdf36713ede6965e331845872ffdd11384cfc3aa63572f72a1
run_20260217_220238-0403,0x8d267992c0a28beca01d9f622c469a0c5e345c0005f30d523db143dfe3558b7f,0x8d267992c0a28beca01d9f622c469a0c5e345c0005f30d523db143dfe3558b7f,True,2026-02-17,0xa614a29f4fc1cbcdf36713ede6965e331845872ffdd11384cfc3aa63572f72a1
run_20260217_220238-0404,0x930d08fff9f3187e564d5d20812048e6b4e66fe46715fe0d4b7d10e558bbbfeb,0x930d08fff9f3187e564d5d20812048e6b4e66fe46715fe0d4b7d10e558bbbfeb,True,2026-02-17,0xa614a29f4fc1cbcdf36713ede6965e331845872ffdd11384cfc3aa63572f72a1
run_20260217_220238-0405,0xa583badeee631449a2fe07a1c99f674cb1dbae7fd08315b2698540aba51ee585,0xa583badeee631449a2fe07a1c99f674cb1dbae7fd08315b2698540aba51ee585,True,2026-02-17,0xa614a29f4fc1cbcdf36713ede6965e331845872ffdd11384cfc3aa63572f72a1
run_20260217_220238-0406,0x641c14dd1f65085a0f517474969993af16abed0a0f178a9a19520c02500c0a9f,0x641c14dd1f65085a0f517474969993af16abed0a0f178a9a19520c02500c0a9f,True,2026-02-17,0xa614a29f4fc1cbcdf36713ede6965e331845872ffdd11384cfc3aa63572f72a1
run_20260217_220238-0407,0xd43fa7bd48a2c0e6185fbbbdd0ad69be14806e9dd2348807e76cdc38b31a30bf,0xd43fa7bd48a2c0e6185fbbbdd0ad69be14806e9dd2348807e76cdc38b31a30bf,True,2026-02-17,0xa614a29f4fc1cbcdf36713ede6965e331845872ffdd11384cfc3aa63572f72a1
run_20260217_220238-0408,0xe647ba11c1348344eaa25c8e1223b45922e945a0f747f0d6416ca4840182c017,0xe647ba11c1348344eaa25c8e1223b45922e945a0f747f0d6416ca4840182c017,True,2026-02-17,0xa614a29f4fc1cbcdf36713ede6965e331845872ffdd11384cfc3aa63572f72a1
run_20260217_220238-0409,0x3db805a5a3dd4684a425fe4139d1facb5126885c6c58432e08a8df0a57c7ee0c,0x3db805a5a3dd4684a425fe4139d1facb5126885c6c58432e08a8df0a57c7ee0c,True,2026-02-17,0xa614a29f4fc1cbcdf36713ede6965e331845872ffdd11384cfc3aa63572f72a1
run_20260217_220238-0410,0x10d778e8b6ad947c5ee9337761f294ede8278c7e3cdde44dc290d9a16c5a0959,0x10d778e8b6ad947c5ee9337761f294ede8278c7e3cdde44dc290d9a16c5a0959,True,2026-02-17,0xa614a29f4fc1cbcdf36713ede6965e331845872ffdd11384cfc3aa63572f72a1
run_20260217_220238-0411,0xfe35dcf4428e99cec4fef09bca88274a67038082d6f809248d946e96f82636e2,0xfe35dcf4428e99cec4fef09bca88274a67038082d6f809248d946e96f82636e2,True,2026-02-17,0xa614a29f4fc1cbcdf36713ede6965e331845872ffdd11384cfc3aa63572f72a1
run_20260217_220238-0412,0xfe71d40f25e2a1a0ebd1ad2dcb7b152f3e420f7e4481e72b9429300276e526c6,0xfe71d40f25e2a1a0ebd1ad2dcb7b152f3e420f7e4481e72b9429300276e526c6,True,2026-02-17,0xa614a29f4fc1cbcdf36713ede6965e331845872ffdd11384cfc3aa63572f72a1
run_20260217_220238-0413,0xdfc7beecf75566b8bd7240bd5bc5c78809e1485e9a440589d4dd25f9376fa041,0xdfc7beecf75566b8bd7240bd5bc5c78809e1485e9a440589d4dd25f9376fa041,True,2026-02-17,0xa614a29f4fc1cbcdf36713ede6965e331845872ffdd11384cfc3aa63572f72a1
run_20260217_220238-0414,0x451ef3a1971a952e8cd3a0fa5f6630af850d7af8e40cf2fe9b5eb5d77db84d21,0x451ef3a1971a952e8cd3a0fa5f6630af850d7af8e40cf2fe9b5eb5d77db84d21,True,2026-02-17,0xa614a29f4fc1cbcdf36713ede6965e331845872ffdd11384cfc3aa63572f72a1
run_20260217_220238-0415,0x2f9b3d10b61c5e7634125621e10764efda3033af8dfeb2610ca2d9ecfd2234d7,0x2f9b3d10b61c5e7634125621e10764efda3033af8dfeb2610ca2d9ecfd2234d7,True,2026-02-17,0xa614a29f4fc1cbcdf36713ede6965e331845872ffdd11384cfc3aa63572f72a1
run_20260217_220238-0416,0xbbf43dfdf257c32777af649f9269926831404739dde005e6617e75cd1d041784,0xbbf43dfdf257c32777af649f9269926831404739dde005e6617e75cd1d041784,True,2026-02-17,0xa614a29f4fc1cbcdf36713ede6965e331845872ffdd11384cfc3aa63572f72a1
run_20260217_220238-0417,0x8567aa91e9fa480a90865ea605c4336102b8784c9757d55a537c668029cc4579,0x8567aa91e9fa480a90865ea605c4336102b8784c9757d55a537c668029cc4579,True,2026-02-17,0xa614a29f4fc1cbcdf36713ede6965e331845872ffdd11384cfc3aa63572f72a1
run_20260217_220238-0418,0x9760caa7afed3cfb80c308a84899850df64aca696c2b6ca6f866e3efe9dd6e0a,0x9760caa7afed3cfb80c308a84899850df64aca696c2b6ca6f866e3efe9dd6e0a,True,2026-02-17,0xa614a29f4fc1cbcdf36713ede6965e331845872ffdd11384cfc3aa63572f72a1
run_20260217_220238-0419,0x4f671523c7d375b3af183388e558f017ebe2652bc8b78527a021e94d88822e5e,0x4f671523c7d375b3af183388e558f017ebe2652bc8b78527a021e94d88822e5e,True,2026-02-17,0xa614a29f4fc1cbcdf36713ede6965e331845872ffdd11384cfc3aa63572f72a1
run_20260217_220238-0420,0x1bd96cce44de83f018d5468123a7a4e92dfec286b2508699b01ac7da10e0f0ee,0x1bd96cce44de83f018d5468123a7a4e92dfec286b2508699b01ac7da10e0f0ee,True,2026-02-17,0xa614a29f4fc1cbcdf36713ede6965e331845872ffdd11384cfc3aa63572f72a1
run_20260217_220238-0421,0xf359ba6f0d3fde0c5d60ba32c5a6ee7271cb8dc98baf7b7e0b893e80380f138c,0xf359ba6f0d3fde0c5d60ba32c5a6ee7271cb8dc98baf7b7e0b893e80380f138c,True,2026-02-17,0xa614a29f4fc1cbcdf36713ede6965e331845872ffdd11384cfc3aa63572f72a1
run_20260217_220238-0422,0xe8127f45b8fdb7efd974a083f967e264cd5766742bbed635b774366f3f3daa17,0xe8127f45b8fdb7efd974a083f967e264cd5766742bbed635b774366f3f3daa17,True,2026-02-17,0xa614a29f4fc1cbcdf36713ede6965e331845872ffdd11384cfc3aa63572f72a1
run_20260217_220238-0423,0x4aac52f4fc6065f4c688e5fc57440f5bc9d7d969b25af607e2c44d524caa1589,0x4aac52f4fc6065f4c688e5fc57440f5bc9d7d969b25af607e2c44d524caa1589,True,2026-02-17,0xa614a29f4fc1cbcdf36713ede6965e331845872ffdd11384cfc3aa63572f72a1
run_20260217_220238-0424,0x0e535f8f76e684d2006682e8646c9e00ade0a6f946dda54325db115c30f45f7a,0x0e535f8f76e684d2006682e8646c9e00ade0a6f946dda54325db115c30f45f7a,True,2026-02-17,0xa614a29f4fc1cbcdf36713ede6965e331845872ffdd11384cfc3aa63572f72a1
run_20260217_220238-0425,0xb97d6ab46265f8b4c25c70521a102b55d7f4224ffdad852e5a1ee3cb2b8eabe2,0xb97d6ab46265f8b4c25c70521a102b55d7f4224ffdad852e5a1ee3cb2b8eabe2,True,2026-02-17,0xa614a29f4fc1cbcdf36713ede6965e331845872ffdd11384cfc3aa63572f72a1
run_20260217_220238-0426,0xab8e3fb3fdfce4842297757f10f74390d6db7b544b65bf85a98de2f915c76f77,0xab8e3fb3fdfce4842297757f10f74390d6db7b544b65bf85a98de2f915c76f77,True,2026-02-17,0xa614a29f4fc1cbcdf36713ede6965e331845872ffdd11384cfc3aa63572f72a1
run_20260217_220238-0427,0xa491c9a10b4502a57db6c0394452ade9e2d92ad2baed58c3e1bcbcae84b113d7,0xa491c9a10b4502a57db6c0394452ade9e2d92ad2baed58c3e1bcbcae84b113d7,True,2026-02-17,0xa614a29f4fc1cbcdf36713ede6965e331845872ffdd11384cfc3aa63572f72a1
run_20260217_220238-0428,0x0a3557c0b515e02cfb50e40c854c8001c965127a38738cf00d212d5d8d598580,0x0a3557c0b515e02cfb50e40c854c8001c965127a38738cf00d212d5d8d598580,True,2026-02-17,0xa614a29f4fc1cbcdf36713ede6965e331845872ffdd11384cfc3aa63572f72a1
run_20260217_220238-0429,0xd90c2007f6964026aeab29523efed92057cbfec20feb4dc0d18482bf92280fb2,0xd90c2007f6964026aeab29523efed92057cbfec20feb4dc0d18482bf92280fb2,True,2026-02-17,0xa614a29f4fc1cbcdf36713ede6965e331845872ffdd11384cfc3aa63572f72a1
run_20260217_220238-0430,0xb960d35dc8599d0be6ba748093b89ac53198869d644610b3c9306cd67b670a48,0xb960d35dc8599d0be6ba748093b89ac53198869d644610b3c9306cd67b670a48,True,2026-02-17,0xa614a29f4fc1cbcdf36713ede6965e331845872ffdd11384cfc3aa63572f72a1
run_20260217_220238-0431,0xdc160adb95343cc3193e9685bea213e98dfbd6e25d6f81cef639527c4d7ed820,0xdc160adb95343cc3193e9685bea213e98dfbd6e25d6f81cef639527c4d7ed820,True,2026-02-17,0xa614a29f4fc1cbcdf36713ede6965e331845872ffdd11384cfc3aa63572f72a1
run_20260217_220238-0432,0x4a9e13f8eefb68aa7b8e349b877bbae66f2c2fe3a26c3c8c66d84345027b3925,0x4a9e13f8eefb68aa7b8e349b877bbae66f2c2fe3a26c3c8c66d84345027b3925,True,2026-02-17,0xa614a29f4fc1cbcdf36713ede6965e331845872ffdd11384cfc3aa63572f72a1
run_20260217_220238-0433,0x1e8e121e6de9e469b70088b109b0bd14cc6e5f8462c5d5aebfe65d022a33095b,0x1e8e121e6de9e469b70088b109b0bd14cc6e5f8462c5d5aebfe65d022a33095b,True,2026-02-17,0xa614a29f4fc1cbcdf36713ede6965e331845872ffdd11384cfc3aa63572f72a1
run_20260217_220238-0434,0x1eeb5119cf3c18837a3b7db9954134b9ae4cc5afc8db2800459040daf3ca4f16,0x1eeb5119cf3c18837a3b7db9954134b9ae4cc5afc8db2800459040daf3ca4f16,True,2026-02-17,0xa614a29f4fc1cbcdf36713ede6965e331845872ffdd11384cfc3aa63572f72a1
run_20260217_220238-0435,0x8024134dd64f5279d2f65d75f7de9f74389b19b5ed190c8cfd2c9d8a8582a741,0x8024134dd64f5279d2f65d75f7de9f74389b19b5ed190c8cfd2c9d8a8582a741,True,2026-02-17,0xa614a29f4fc1cbcdf36713ede6965e331845872ffdd11384cfc3aa63572f72a1
run_20260217_220238-0436,0x8f26c73dd50d16939dba36d393741d17ef1e327d84af5e6228dc0fead38c4012,0x8f26c73dd50d16939dba36d393741d17ef1e327d84af5e6228dc0fead38c4012,True,2026-02-17,0xa614a29f4fc1cbcdf36713ede6965e331845872ffdd11384cfc3aa63572f72a1
run_20260217_220238-0437,0xccdb32cc8a6c1eb57dab458755b81f97714842f94d156e03c2ee8dee55c16414,0xccdb32cc8a6c1eb57dab458755b81f97714842f94d156e03c2ee8dee55c16414,True,2026-02-17,0xa614a29f4fc1cbcdf36713ede6965e331845872ffdd11384cfc3aa63572f72a1
run_20260217_220238-0438,0xddd53b7cbb11271dd108a7c3fc72683ec0a99da62ce6ec5dd30db548df8c0c7f,0xddd53b7cbb11271dd108a7c3fc72683ec0a99da62ce6ec5dd30db548df8c0c7f,True,2026-02-17,0xa614a29f4fc1cbcdf36713ede6965e331845872ffdd11384cfc3aa63572f72a1
run_20260217_220238-0439,0xb871dd575759620a9d09696c7b8a2e45f0e33311ec42fd088e080f257e6ccdc6,0xb871dd575759620a9d09696c7b8a2e45f0e33311ec42fd088e080f257e6ccdc6,True,2026-02-17,0xa614a29f4fc1cbcdf36713ede6965e331845872ffdd11384cfc3aa63572f72a1
run_20260217_220238-0440,0xee15b5fb7244d99fe7a75d28992e010e9dc7cadf649722f40bf372e52d062a1e,0xee15b5fb7244d99fe7a75d28992e010e9dc7cadf649722f40bf372e52d062a1e,True,2026-02-17,0xa614a29f4fc1cbcdf36713ede6965e331845872ffdd11384cfc3aa63572f72a1
run_20260217_220238-0441,0xc10aa9de12621c1483c66813814ba162f3788331341203c3a6a7691984b1a66c,0xc10aa9de12621c1483c66813814ba162f3788331341203c3a6a7691984b1a66c,True,2026-02-17,0xa614a29f4fc1cbcdf36713ede6965e331845872ffdd11384cfc3aa63572f72a1
run_20260217_220238-0442,0xcd78e166315c91e70c2563b03c91b74fa3a54692f4ff7609e0b3410cffcf03d8,0xcd78e166315c91e70c2563b03c91b74fa3a54692f4ff7609e0b3410cffcf03d8,True,2026-02-17,0xa614a29f4fc1cbcdf36713ede6965e331845872ffdd11384cfc3aa63572f72a1
run_20260217_220238-0443,0xfaa167b28d831613394fc8222ad1dd1c1a63761cf66f8f2412f5674205fd0b7e,0xfaa167b28d831613394fc8222ad1dd1c1a63761cf66f8f2412f5674205fd0b7e,True,2026-02-17,0xa614a29f4fc1cbcdf36713ede6965e331845872ffdd11384cfc3aa63572f72a1
run_20260217_220238-0444,0x2b8b3d35b6cc6547152f1a46d35407b5402d60fa2d8a39662c64939bed928e66,0x2b8b3d35b6cc6547152f1a46d35407b5402d60fa2d8a39662c64939bed928e66,True,2026-02-17,0xa614a29f4fc1cbcdf36713ede6965e331845872ffdd11384cfc3aa63572f72a1
run_20260217_220238-0445,0xd0d543e75866fd3af52debfcb460ec0109fb5b421539392a272b8e0f1509d83c,0xd0d543e75866fd3af52debfcb460ec0109fb5b421539392a272b8e0f1509d83c,True,2026-02-17,0xa614a29f4fc1cbcdf36713ede6965e331845872ffdd11384cfc3aa63572f72a1
run_20260217_220238-0446,0x7e417dd0ce46bea4a998d86817492d7c2711f250b6e63fc8e0cddca2db9811c9,0x7e417dd0ce46bea4a998d86817492d7c2711f250b6e63fc8e0cddca2db9811c9,True,2026-02-17,0xa614a29f4fc1cbcdf36713ede6965e331845872ffdd11384cfc3aa63572f72a1
run_20260217_220238-0447,0x5fb52bf0f4d37257bb5b40de12b3b72a44336f03ea84d4f19510c15328d357e2,0x5fb52bf0f4d37257bb5b40de12b3b72a44336f03ea84d4f19510c15328d357e2,True,2026-02-17,0xa614a29f4fc1cbcdf36713ede6965e331845872ffdd11384cfc3aa63572f72a1
run_20260217_220238-0448,0x9d880f0e160451e23b7623a82ce5fac473915fb23bada3a213a5530c94caa539,0x9d880f0e160451e23b7623a82ce5fac473915fb23bada3a213a5530c94caa539,True,2026-02-17,0xa614a29f4fc1cbcdf36713ede6965e331845872ffdd11384cfc3aa63572f72a1
run_20260217_220238-0449,0x7854d0f7ad056ce56b5633c3a00542ae5c0c4efd62ac271af5e3aaf26083aa49,0x7854d0f7ad056ce56b5633c3a00542ae5c0c4efd62ac271af5e3aaf26083aa49,True,2026-02-17,0xa614a29f4fc1cbcdf36713ede6965e331845872ffdd11384cfc3aa63572f72a1
run_20260217_220238-0450,0x40075d1017cd83701cba9580a399ff1449d1f3abc5d5b439e1ec8c4f36e4ed13,0x40075d1017cd83701cba9580a399ff1449d1f3abc5d5b439e1ec8c4f36e4ed13,True,2026-02-17,0xa614a29f4fc1cbcdf36713ede6965e331845872ffdd11384cfc3aa63572f72a1
run_20260217_220238-0451,0x71522c6417362e0a2f2e37213534fd4acbef460b6aab46a3fdcb014d259b5cf6,0x71522c6417362e0a2f2e37213534fd4acbef460b6aab46a3fdcb014d259b5cf6,True,2026-02-17,0xa614a29f4fc1cbcdf36713ede6965e331845872ffdd11384cfc3aa63572f72a1
run_20260217_220238-0452,0x97aa31e9dbfbfb5d6ca0a6ee4da324420fd4e82f0699552c66db65748ec0c4a2,0x97aa31e9dbfbfb5d6ca0a6ee4da324420fd4e82f0699552c66db65748ec0c4a2,True,2026-02-17,0xa614a29f4fc1cbcdf36713ede6965e331845872ffdd11384cfc3aa63572f72a1
run_20260217_220238-0453,0x65af6f0df08999ca9ef50398dd8b05fb3f5c679e6660efacdc4920e574c0e1b6,0x65af6f0df08999ca9ef50398dd8b05fb3f5c679e6660efacdc4920e574c0e1b6,True,2026-02-17,0xa614a29f4fc1cbcdf36713ede6965e331845872ffdd11384cfc3aa63572f72a1
run_20260217_220238-0454,0x016263873322c0c8bedc5806949f23fff98121007553c0e50712a998de7f7645,0x016263873322c0c8bedc5806949f23fff98121007553c0e50712a998de7f7645,True,2026-02-17,0xa614a29f4fc1cbcdf36713ede6965e331845872ffdd11384cfc3aa63572f72a1
run_20260217_220238-0455,0x751735b369f10e15e10d9953d2a847f32c7e4fde8be128044b84f8d401bb874d,0x751735b369f10e15e10d9953d2a847f32c7e4fde8be128044b84f8d401bb874d,True,2026-02-17,0xa614a29f4fc1cbcdf36713ede6965e331845872ffdd11384cfc3aa63572f72a1
run_20260217_220238-0456,0xe38f37ced4215b56fcdbda1b5ffddae9a6caadc2d972b828190b33167f1e997d,0xe38f37ced4215b56fcdbda1b5ffddae9a6caadc2d972b828190b33167f1e997d,True,2026-02-17,0xa614a29f4fc1cbcdf36713ede6965e331845872ffdd11384cfc3aa63572f72a1
run_20260217_220238-0457,0x571b5df78b62ecf2899b360f5094ec5b9503cb9191f42387ea68c302ac0b71b1,0x571b5df78b62ecf2899b360f5094ec5b9503cb9191f42387ea68c302ac0b71b1,True,2026-02-17,0xa614a29f4fc1cbcdf36713ede6965e331845872ffdd11384cfc3aa63572f72a1
run_20260217_220238-0458,0xfca46d570081b8605805490c616098fb4110425a6736d1dbad31fada094885fe,0xfca46d570081b8605805490c616098fb4110425a6736d1dbad31fada094885fe,True,2026-02-17,0xa614a29f4fc1cbcdf36713ede6965e331845872ffdd11384cfc3aa63572f72a1
run_20260217_220238-0459,0x1949025d513356671a1dbf0ec71ceadffc918af4bb0f6189cdc41b3cbc63d0d7,0x1949025d513356671a1dbf0ec71ceadffc918af4bb0f6189cdc41b3cbc63d0d7,True,2026-02-17,0xa614a29f4fc1cbcdf36713ede6965e331845872ffdd11384cfc3aa63572f72a1
run_20260217_220238-0460,0xb41236da403d6531e1bf4bf07b8e0a60b19ba18cffb7bdb040c550d3d98f89b0,0xb41236da403d6531e1bf4bf07b8e0a60b19ba18cffb7bdb040c550d3d98f89b0,True,2026-02-17,0xa614a29f4fc1cbcdf36713ede6965e331845872ffdd11384cfc3aa63572f72a1
run_20260217_220238-0461,0xcab85c29bcd5abca4d4fad8e3db23930a913f509f3693feb85fa973b1746ef76,0xcab85c29bcd5abca4d4fad8e3db23930a913f509f3693feb85fa973b1746ef76,True,2026-02-17,0xa614a29f4fc1cbcdf36713ede6965e331845872ffdd11384cfc3aa63572f72a1
run_20260217_220238-0462,0x717494e53bb40eaee0c1ab229cfe0a9e394f0d8b24863f0c9dced2a6589c45ea,0x717494e53bb40eaee0c1ab229cfe0a9e394f0d8b24863f0c9dced2a6589c45ea,True,2026-02-17,0xa614a29f4fc1cbcdf36713ede6965e331845872ffdd11384cfc3aa63572f72a1
run_20260217_220238-0463,0xa36eadf6a55ee6f6f254f3b3d08436d6175c14bc63660eb1a86b9f51c103412a,0xa36eadf6a55ee6f6f254f3b3d08436d6175c14bc63660eb1a86b9f51c103412a,True,2026-02-17,0xa614a29f4fc1cbcdf36713ede6965e331845872ffdd11384cfc3aa63572f72a1
run_20260217_220238-0464,0x36250b5683b78c2dc2553ab15bd2048c97455918fefd9013a68bbbe350f3602d,0x36250b5683b78c2dc2553ab15bd2048c97455918fefd9013a68bbbe350f3602d,True,2026-02-17,0xa614a29f4fc1cbcdf36713ede6965e331845872ffdd11384cfc3aa63572f72a1
run_20260217_220238-0465,0x8a384299ce0c153d2471a1eede901d1354c549b3318891389004f07d6fade922,0x8a384299ce0c153d2471a1eede901d1354c549b3318891389004f07d6fade922,True,2026-02-17,0xa614a29f4fc1cbcdf36713ede6965e331845872ffdd11384cfc3aa63572f72a1
run_20260217_220238-0466,0x0b442493efbafa4b955cb2c1e55d88411efdc0efe262895ea7df10d5acd517c3,0x0b442493efbafa4b955cb2c1e55d88411efdc0efe262895ea7df10d5acd517c3,True,2026-02-17,0xa614a29f4fc1cbcdf36713ede6965e331845872ffdd11384cfc3aa63572f72a1
run_20260217_220238-0467,0xac0a3b7a7b51559176bb2c540b0e3964f66d4825686e6111bcaa292848c89e0d,0xac0a3b7a7b51559176bb2c540b0e3964f66d4825686e6111bcaa292848c89e0d,True,2026-02-17,0xa614a29f4fc1cbcdf36713ede6965e331845872ffdd11384cfc3aa63572f72a1
run_20260217_220238-0468,0x8178884b28140a8292ed401fead2f68ab336d11b4242b7659a1e12f1af8b562c,0x8178884b28140a8292ed401fead2f68ab336d11b4242b7659a1e12f1af8b562c,True,2026-02-17,0xa614a29f4fc1cbcdf36713ede6965e331845872ffdd11384cfc3aa63572f72a1
run_20260217_220238-0469,0x233c3372c78eacdd3730c1fd8eea88dea08413d81353a511cb403c0773dc8330,0x233c3372c78eacdd3730c1fd8eea88dea08413d81353a511cb403c0773dc8330,True,2026-02-17,0xa614a29f4fc1cbcdf36713ede6965e331845872ffdd11384cfc3aa63572f72a1
run_20260217_220238-0470,0xe49fb43e12a5fba047736710856f0d03e31eb43455acb2266a7123a6348f43ea,0xe49fb43e12a5fba047736710856f0d03e31eb43455acb2266a7123a6348f43ea,True,2026-02-17,0xa614a29f4fc1cbcdf36713ede6965e331845872ffdd11384cfc3aa63572f72a1
run_20260217_220238-0471,0xa22fd583c55b95493753ad16b3808547803f405449b3544385d6b4c177afa566,0xa22fd583c55b95493753ad16b3808547803f405449b3544385d6b4c177afa566,True,2026-02-17,0xa614a29f4fc1cbcdf36713ede6965e331845872ffdd11384cfc3aa63572f72a1
run_20260217_220238-0472,0x3ae469733d8c8f17ad22ee1fb77223abbcde805eea927eb99b42e2b6dc698ac7,0x3ae469733d8c8f17ad22ee1fb77223abbcde805eea927eb99b42e2b6dc698ac7,True,2026-02-17,0xa614a29f4fc1cbcdf36713ede6965e331845872ffdd11384cfc3aa63572f72a1
run_20260217_220238-0473,0xeaf899284b990e40bebe3823e21162168b0ff75886c2fd6b986618d9b17c31cc,0xeaf899284b990e40bebe3823e21162168b0ff75886c2fd6b986618d9b17c31cc,True,2026-02-17,0xa614a29f4fc1cbcdf36713ede6965e331845872ffdd11384cfc3aa63572f72a1
run_20260217_220238-0474,0x6b426b312c6e6f2a2e68d37d6bcd02e55a8f9a3e73055556fa93bbf8aec20348,0x6b426b312c6e6f2a2e68d37d6bcd02e55a8f9a3e73055556fa93bbf8aec20348,True,2026-02-17,0xa614a29f4fc1cbcdf36713ede6965e331845872ffdd11384cfc3aa63572f72a1
run_20260217_220238-0475,0xd06d321c2ef605adc05f487234203f6d1dab40edcb49e93a4368ff15fe1dc080,0xd06d321c2ef605adc05f487234203f6d1dab40edcb49e93a4368ff15fe1dc080,True,2026-02-17,0xa614a29f4fc1cbcdf36713ede6965e331845872ffdd11384cfc3aa63572f72a1
run_20260217_220238-0476,0x89fcd06d09f85a1a83adfdf8d76c9715471e395aac4f9711d8fa9f735c612788,0x89fcd06d09f85a1a83adfdf8d76c9715471e395aac4f9711d8fa9f735c612788,True,2026-02-17,0xa614a29f4fc1cbcdf36713ede6965e331845872ffdd11384cfc3aa63572f72a1
run_20260217_220238-0477,0xb18c509ff31c07650394450f81e2891cde1fddd24a2a1f484cd15fa67761969b,0xb18c509ff31c07650394450f81e2891cde1fddd24a2a1f484cd15fa67761969b,True,2026-02-17,0xa614a29f4fc1cbcdf36713ede6965e331845872ffdd11384cfc3aa63572f72a1
run_20260217_220238-0478,0x41baab97f43a0f2a1e58749584cd474abed6f9f273b1e02d0dc3002706b7d735,0x41baab97f43a0f2a1e58749584cd474abed6f9f273b1e02d0dc3002706b7d735,True,2026-02-17,0xa614a29f4fc1cbcdf36713ede6965e331845872ffdd11384cfc3aa63572f72a1
run_20260217_220238-0479,0x37036ec9aed2305be822accb9c43f3fd6f880b1dc23b1e2cf526cd71c255572d,0x37036ec9aed2305be822accb9c43f3fd6f880b1dc23b1e2cf526cd71c255572d,True,2026-02-17,0xa614a29f4fc1cbcdf36713ede6965e331845872ffdd11384cfc3aa63572f72a1
run_20260217_220238-0480,0x378d64b38c1915b9679fa6f85bd6b95877e3f8802ce81143be8b43871ce74e5a,0x378d64b38c1915b9679fa6f85bd6b95877e3f8802ce81143be8b43871ce74e5a,True,2026-02-17,0xa614a29f4fc1cbcdf36713ede6965e331845872ffdd11384cfc3aa63572f72a1
run_20260217_220238-0481,0x550cd1e212fce99f250e71256cc8c0aa0cfd11238d87363800e5fef80de5bab1,0x550cd1e212fce99f250e71256cc8c0aa0cfd11238d87363800e5fef80de5bab1,True,2026-02-17,0xa614a29f4fc1cbcdf36713ede6965e331845872ffdd11384cfc3aa63572f72a1
run_20260217_220238-0482,0x32b6b5007d0ed14c699d20f0741ddc85b339e0938dadf7e9c6743488a0b2d0cf,0x32b6b5007d0ed14c699d20f0741ddc85b339e0938dadf7e9c6743488a0b2d0cf,True,2026-02-17,0xa614a29f4fc1cbcdf36713ede6965e331845872ffdd11384cfc3aa63572f72a1
run_20260217_220238-0483,0x2335010b3599d174be7eb69f324aa912daec80cf37b7c8a195d571c3e3945dad,0x2335010b3599d174be7eb69f324aa912daec80cf37b7c8a195d571c3e3945dad,True,2026-02-17,0xa614a29f4fc1cbcdf36713ede6965e331845872ffdd11384cfc3aa63572f72a1
run_20260217_220238-0484,0x2e553968e8f215a05968a1a447dcb61079205f10328cc3847f99f3e407090e30,0x2e553968e8f215a05968a1a447dcb61079205f10328cc3847f99f3e407090e30,True,2026-02-17,0xa614a29f4fc1cbcdf36713ede6965e331845872ffdd11384cfc3aa63572f72a1
run_20260217_220238-0485,0x11d34fa0522a069e821513415312fed6531a4484e31cee312daf1814047a1df8,0x11d34fa0522a069e821513415312fed6531a4484e31cee312daf1814047a1df8,True,2026-02-17,0xa614a29f4fc1cbcdf36713ede6965e331845872ffdd11384cfc3aa63572f72a1
run_20260217_220238-0486,0xe9df97216169f5d7c8e6ae8b8fc781d65d9eef97f5764ce20b215c72ee40cf33,0xe9df97216169f5d7c8e6ae8b8fc781d65d9eef97f5764ce20b215c72ee40cf33,True,2026-02-17,0xa614a29f4fc1cbcdf36713ede6965e331845872ffdd11384cfc3aa63572f72a1
run_20260217_220238-0487,0xd16374114708bb6327926d3540c632c44c70a535bc86ba99e7f4a47c8374e429,0xd16374114708bb6327926d3540c632c44c70a535bc86ba99e7f4a47c8374e429,True,2026-02-17,0xa614a29f4fc1cbcdf36713ede6965e331845872ffdd11384cfc3aa63572f72a1
run_20260217_220238-0488,0xfa5f328044f36744b448f7bb3ba2ac42f2fe298ad89f04bd69cdafa74c3f2f5b,0xfa5f328044f36744b448f7bb3ba2ac42f2fe298ad89f04bd69cdafa74c3f2f5b,True,2026-02-17,0xa614a29f4fc1cbcdf36713ede6965e331845872ffdd11384cfc3aa63572f72a1
run_20260217_220238-0489,0x8757db0f795b49ede0dfdb73b91e7104e04910b4cddc4dce5ff8cb54078003cc,0x8757db0f795b49ede0dfdb73b91e7104e04910b4cddc4dce5ff8cb54078003cc,True,2026-02-17,0xa614a29f4fc1cbcdf36713ede6965e331845872ffdd11384cfc3aa63572f72a1
run_20260217_220238-0490,0xbe00b63656d9a2145f9e59ee0f5516f38fbdaa5f418ede669a08c86ff06ba729,0xbe00b63656d9a2145f9e59ee0f5516f38fbdaa5f418ede669a08c86ff06ba729,True,2026-02-17,0xa614a29f4fc1cbcdf36713ede6965e331845872ffdd11384cfc3aa63572f72a1
run_20260217_220238-0491,0x15e7c4242d63802419df49297b1ab502e054f6b704d62dc534c412aa80f1ef7f,0x15e7c4242d63802419df49297b1ab502e054f6b704d62dc534c412aa80f1ef7f,True,2026-02-17,0xa614a29f4fc1cbcdf36713ede6965e331845872ffdd11384cfc3aa63572f72a1
run_20260217_220238-0492,0x3eefb21c880b251e0298a9e5122986ebfd6264436d8baf0198eca1a6fb50c3ff,0x3eefb21c880b251e0298a9e5122986ebfd6264436d8baf0198eca1a6fb50c3ff,True,2026-02-17,0xa614a29f4fc1cbcdf36713ede6965e331845872ffdd11384cfc3aa63572f72a1
run_20260217_220238-0493,0x703570551297ac45108bf33f104a47ab8a285d4c071ddcd94cf21f741de07df3,0x703570551297ac45108bf33f104a47ab8a285d4c071ddcd94cf21f741de07df3,True,2026-02-17,0xa614a29f4fc1cbcdf36713ede6965e331845872ffdd11384cfc3aa63572f72a1
run_20260217_220238-0494,0xd6675bbcccbf6ad9246959536e2a90479e20a5db5eb463131355c7b370a53a61,0xd6675bbcccbf6ad9246959536e2a90479e20a5db5eb463131355c7b370a53a61,True,2026-02-17,0xa614a29f4fc1cbcdf36713ede6965e331845872ffdd11384cfc3aa63572f72a1
run_20260217_220238-0495,0xe2d85dbdb2453f31d96929e51fc21e8368eb4d9d45cca698f723250d7ed08ef4,0xe2d85dbdb2453f31d96929e51fc21e8368eb4d9d45cca698f723250d7ed08ef4,True,2026-02-17,0xa614a29f4fc1cbcdf36713ede6965e331845872ffdd11384cfc3aa63572f72a1
run_20260217_220238-0496,0x56cbd7a979c790d7eccdced5ec8d5d6f2e0fb51c050821e44258006fc92abf03,0x56cbd7a979c790d7eccdced5ec8d5d6f2e0fb51c050821e44258006fc92abf03,True,2026-02-17,0xa614a29f4fc1cbcdf36713ede6965e331845872ffdd11384cfc3aa63572f72a1
run_20260217_220238-0497,0x2be57e4500f2f11fd58e53f77b42ed83fe69c2c45a541c1b010803de1d37f44f,0x2be57e4500f2f11fd58e53f77b42ed83fe69c2c45a541c1b010803de1d37f44f,True,2026-02-17,0xa614a29f4fc1cbcdf36713ede6965e331845872ffdd11384cfc3aa63572f72a1
run_20260217_220238-0498,0x633b2d264ccdcb98c4d63602b22e0d9900320e37a1da0de540982aa9949205e1,0x633b2d264ccdcb98c4d63602b22e0d9900320e37a1da0de540982aa9949205e1,True,2026-02-17,0xa614a29f4fc1cbcdf36713ede6965e331845872ffdd11384cfc3aa63572f72a1
run_20260217_220238-0499,0x1f905888cd0fc2d50ddb8a8b6ef32bc9ba6a5cc999306f7287dd7bb2e91c7bb0,0x1f905888cd0fc2d50ddb8a8b6ef32bc9ba6a5cc999306f7287dd7bb2e91c7bb0,True,2026-02-17,0xa614a29f4fc1cbcdf36713ede6965e331845872ffdd11384cfc3aa63572f72a1
run_20260217_220238-0500,0xebb893def269f0b8580129ffe4245001c0647f0e0a7d6a269572a1877b2bc680,0xebb893def269f0b8580129ffe4245001c0647f0e0a7d6a269572a1877b2bc680,True,2026-02-17,0xa614a29f4fc1cbcdf36713ede6965e331845872ffdd11384cfc3aa63572f72a1
