session_id,user_id,receipt_hash,merkle_root,pricing_model,energy_kwh,start_ts,end_ts,batch_root,batch_day
run_20260217_215140-0001,,0xd3d91989477b1f33cea3a0ef93d835aef3f42b209c3a483b20fb6f1b98c63eac,0x55f57716b17713132ee13d9ba35658cb0e93534a9eb100b23b0cd2e4b411467f,TOU,5.486,2026-02-17T16:12:40.849118Z,2026-02-17T16:42:40.849118Z,0x37a014154b415f1bf0b467028479076a43656112776d6ce257a41812c8848e03,2026-02-17
run_20260217_215140-0002,,0x99f7b2068af95c4ac8f0b1cba529d2fe42ccf1f476d5c60ccb25b8183295e96b,0x8d4dd1078d0a79343db1c5b0cebc4eb556af558b571b8e64ad87b81701e5302a,TOU,3.27,2026-02-17T13:56:49.926122Z,2026-02-17T14:26:49.926122Z,0x37a014154b415f1bf0b467028479076a43656112776d6ce257a41812c8848e03,2026-02-17
run_20260217_215140-0003,,0x2838395bde8b83c2252f2bb69649c03d9b675fd8d1900e68ff26723b39a784e8,0x7db94efb4830576ffe36a20fd2ef40452240837aa354a2f61ee4e65ecd117f4b,TOU,3.427,2026-02-17T14:27:46.806990Z,2026-02-17T14:57:46.806990Z,0x37a014154b415f1bf0b467028479076a43656112776d6ce257a41812c8848e03,2026-02-17
run_20260217_215140-0004,,0x66c34c9bc8fe2f5909cd21dc032d41febff75a21160c99c436a9190223d7087d,0x3e0965ee33b5f478aae067aeae649a1321140cd74f88e8441b51222a53b3d06a,TOU,5.424,2026-02-17T10:01:29.745860Z,2026-02-17T10:31:29.745860Z,0x37a014154b415f1bf0b467028479076a43656112776d6ce257a41812c8848e03,2026-02-17
run_20260217_215140-0005,,0xb6c17e1c1cbc79ca5a6eb048e16b68aa968a345e0259330b1f1657fdd3869e42,0x57d145ccfed251ca869de800149f4519c7635dcba90552a1d5e2953b4189ce5b,TOU,11.192,2026-02-17T09:55:47.454993Z,2026-02-17T10:55:47.454993Z,0x37a014154b415f1bf0b467028479076a43656112776d6ce257a41812c8848e03,2026-02-17
run_20260217_220238-0001,,0x7e526b4a69f1487246f043bacea695eb39a46495b329b62fbe13a9767906370a,0xbd64f5d903d0409b36ca4cf43ca5d55b8c3bca92c44e2201273789e204c600f4,TOU,7.144,2026-02-17T08:38:13.524613Z,2026-02-17T08:58:13.524613Z,0xa614a29f4fc1cbcdf36713ede6965e331845872ffdd11384cfc3aa63572f72a1,2026-02-17
run_20260217_220238-0002,,0x0b4b2bef55ec3a2877ed42eff75548d2afa6cb29af6f9ad7a738a4e2759ff419,0xfc8b64fe4c6642276b447410c566f870ee467c8afe5604738c3cb5abe3797b9d,TOU,2.53,2026-02-17T13:51:25.954779Z,2026-02-17T14:11:25.954779Z,0xa614a29f4fc1cbcdf36713ede6965e331845872ffdd11384cfc3aa63572f72a1,2026-02-17
run_20260217_220238-0003,,0x04583aea8dd0e91f00ab949c56f65e0103b3256bd5b925d351417974a871a659,0xf8ad652da323da39eea836c44550ba6d21856f7ff4eb2d5cbac552adfab3e05d,TOU,22.781,2026-02-17T13:54:53.487469Z,2026-02-17T14:54:53.487469Z,0xa614a29f4fc1cbcdf36713ede6965e331845872ffdd11384cfc3aa63572f72a1,2026-02-17
run_20260217_220238-0004,,0xe31da02c47dbec520e978de675e7d7a4d101450ed1655869a231528daea83076,0x6a28d6737b48ef1314a7ff7009ee45201c5eca78543772943a1220f6c335ce30,TOU,8.696,2026-02-17T06:28:11.173630Z,2026-02-17T07:43:11.173630Z,0xa614a29f4fc1cbcdf36713ede6965e331845872ffdd11384cfc3aa63572f72a1,2026-02-17
run_20260217_220238-0005,,0xd523bfe2568c4f9dfa3ffd807962e7329867094d199fdb9d4f937de0be3e1385,0x912a7b93b83a8d148c95eacc7a99919f5cdb5659f8253bff606b17a985df968b,TOU,14.382,2026-02-17T15:27:24.611500Z,2026-02-17T16:07:24.611500Z,0xa614a29f4fc1cbcdf36713ede6965e331845872ffdd11384cfc3aa63572f72a1,2026-02-17
run_20260217_220238-0006,,0xb733c15810ff9ece2ff50c0a6bebefa1a8dc5fcd553bb9764458ac5d829e8bbf,0xf3733f7cdbb9694b15a4d7e5aaf200d2d286b61d70480e680a6507bce2c01a5e,TOU,5.177,2026-02-17T18:42:45.248969Z,2026-02-17T19:22:45.248969Z,0xa614a29f4fc1cbcdf36713ede6965e331845872ffdd11384cfc3aa63572f72a1,2026-02-17
run_20260217_220238-0007,,0xaa5e1fa0737c309d6e5579dede62984afa22535414e1ebec938fac9f9f3be797,0x1a4857d143fc5695acb5c214bbe0b530d9676a357324c1965aae126264e785e6,TOU,7.045,2026-02-17T02:45:03.375504Z,2026-02-17T03:45:03.375504Z,0xa614a29f4fc1cbcdf36713ede6965e331845872ffdd11384cfc3aa63572f72a1,2026-02-17
run_20260217_220238-0008,,0xb8fc10dd5caf9ca82b40f541ad2eaa16ce53fdff123ee58e5c1de7b95a8e8967,0x52925928e940ec554a4e6e641552f67a609411e99f0d407a5b16641aa60b29f9,TOU,22.762,2026-02-17T20:08:37.555051Z,2026-02-17T21:08:37.555051Z,0xa614a29f4fc1cbcdf36713ede6965e331845872ffdd11384cfc3aa63572f72a1,2026-02-17
run_20260217_220238-0009,,0xa1546c4ccc5493335b3d4b64f784aebd3ae3b7ce9df9b63dd049954ab4b77847,0x5700f8d8783e27298f1f3255f70540822a8d9d3e25990129092c63a56b5623f3,TOU,7.48,2026-02-17T20:11:15.170025Z,2026-02-17T20:31:15.170025Z,0xa614a29f4fc1cbcdf36713ede6965e331845872ffdd11384cfc3aa63572f72a1,2026-02-17
run_20260217_220238-0010,,0x72e57988e6a8af6bd234f6d67737af8b8f4e0b1f4851082e472a9c0a23bd1ac2,0x733271e4f49af483918da4275645f8a2f4db05885cd37ef8613f989e1b2b8abb,TOU,28.914,2026-02-17T16:49:14.370019Z,2026-02-17T18:04:14.370019Z,0xa614a29f4fc1cbcdf36713ede6965e331845872ffdd11384cfc3aa63572f72a1,2026-02-17
run_20260217_220238-0011,,0xcb707b8ce370ee04d8628ee8746073f33765e4c547be9ad28ded89b04967f495,0xcbf5e7e081d0a374eccc2a90de0a7ada57d34557502c4a4748fc47fde0c8a289,TOU,7.33,2026-02-17T21:55:39.541741Z,2026-02-17T22:55:39.541741Z,0xa614a29f4fc1cbcdf36713ede6965e331845872ffdd11384cfc3aa63572f72a1,2026-02-17
run_20260217_220238-0012,,0x8b4f4d8607e6778a6e5c12a780e4ed8228f34b74a04897f436524736f2641710,0x6f7aa27846bdd74d95bd5a48858db0140beec718564ba98e234fd496d4cd2d32,TOU,7.505,2026-02-17T00:05:59.095584Z,2026-02-17T00:45:59.095584Z,0xa614a29f4fc1cbcdf36713ede6965e331845872ffdd11384cfc3aa63572f72a1,2026-02-17
run_20260217_220238-0013,,0xc6e8969dc61225e2ee5d249e54e941f2ebead934fa88e058652f3756848ec24d,0xca007e2e139bffc052ffa20b1e74511168ee2f7b94a99d79fc708f5e826af3f6,TOU,3.67,2026-02-17T18:29:19.429879Z,2026-02-17T18:49:19.429879Z,0xa614a29f4fc1cbcdf36713ede6965e331845872ffdd11384cfc3aa63572f72a1,2026-02-17
run_20260217_220238-0014,,0x1af0ff0f4444148e02381810725401d617dfcad56d122dae1d012d5f017ce4e6,0x48f8b7be0d9dbd0c3ae83050c8cc0bf501f011b964a3c65cf7cf29d4f2c9a34a,TOU,13.656,2026-02-17T02:48:22.102308Z,2026-02-17T04:03:22.102308Z,0xa614a29f4fc1cbcdf36713ede6965e331845872ffdd11384cfc3aa63572f72a1,2026-02-17
run_20260217_220238-0015,,0xd10ee3abfed1f87f5a2944bb1a8ce60f99567a990e3471d75a68506ce4c2126f,0x0fafbbf806dde573863763491fe371ec3bbd106eb82c8076fe61ed389edc263a,TOU,7.609,2026-02-17T13:51:29.426318Z,2026-02-17T14:31:29.426318Z,0xa614a29f4fc1cbcdf36713ede6965e331845872ffdd11384cfc3aa63572f72a1,2026-02-17
run_20260217_220238-0016,,0xeec65e9b65f858e79243b4c8c26bbc880d1b278e4a66539e902f4a1ffe6c6484,0xc00d75d16f71477c62174cf0f86b3fc3985def4878592ef4d7bbd6b46f63ecad,TOU,5.241,2026-02-17T03:36:52.688547Z,2026-02-17T04:06:52.688547Z,0xa614a29f4fc1cbcdf36713ede6965e331845872ffdd11384cfc3aa63572f72a1,2026-02-17
run_20260217_220238-0017,,0x5499bbba85f6994e85e3b97e27b0f573bebf295c3a9bb6f46924f08785a29966,0xbdb1f857bdcbb6e88827cbb0ca77b4bc5f8302a5f25c2670b027bdb81d62dce1,TOU,7.176,2026-02-17T05:08:24.823573Z,2026-02-17T05:48:24.823573Z,0xa614a29f4fc1cbcdf36713ede6965e331845872ffdd11384cfc3aa63572f72a1,2026-02-17
run_20260217_220238-0018,,0x703a143a0358b398f1debe01d2897eea05379963f27a4c859bd6797d0f3566c6,0xf7a822e46f65d0a05eb2922baf24d6c833857ad4a8c002576da0a7e5b0271988,TOU,2.344,2026-02-17T06:01:54.911583Z,2026-02-17T06:21:54.911583Z,0xa614a29f4fc1cbcdf36713ede6965e331845872ffdd11384cfc3aa63572f72a1,2026-02-17
run_20260217_220238-0019,,0x2dafd52a6d5a68b6058c50459f1aff5c418e2451c09d87e804cf0a684a57b009,0xae8246cc9addb9e519a9c239ebc6ec97e87f1f2146c1ae688d59f3bfdb69d56d,TOU,8.954,2026-02-17T19:31:24.723371Z,2026-02-17T20:46:24.723371Z,0xa614a29f4fc1cbcdf36713ede6965e331845872ffdd11384cfc3aa63572f72a1,2026-02-17
run_20260217_220238-0020,,0xba9fb4615a6e22708299aef743b295113f44fb605f1723fa714377e138fd9358,0x0b352b17a6aaca57daffaa22bf094abcf75ac2e03a55289a77ba454d605a3a5f,TOU,11.261,2026-02-17T08:29:28.731844Z,2026-02-17T09:29:28.731844Z,0xa614a29f4fc1cbcdf36713ede6965e331845872ffdd11384cfc3aa63572f72a1,2026-02-17
run_20260217_220238-0021,,0x2b1e0b89cf9ad473a7360b96bdbb40c5fabb143bb8fd5515f691c2a4ae6bb5d1,0xaccb99ecfd2c103d90dc63883df85504d4bd2fc2da16b2c463fc858bcbf0a1b3,TOU,14.631,2026-02-17T03:58:24.435919Z,2026-02-17T04:38:24.435919Z,0xa614a29f4fc1cbcdf36713ede6965e331845872ffdd11384cfc3aa63572f72a1,2026-02-17
run_20260217_220238-0022,,0x9456f5d55dc62f0973a55c3f7ae3f4ab653ea698ee9c28ff60990f379ef6a6af,0x38fd13c34b1df233c199c313beef47f23dad2f9c2542e3092948c49d4916caf9,TOU,8.882,2026-02-17T21:24:52.091526Z,2026-02-17T22:39:52.091526Z,0xa614a29f4fc1cbcdf36713ede6965e331845872ffdd11384cfc3aa63572f72a1,2026-02-17
run_20260217_220238-0023,,0x2ec3e578d48c565a7e41efd94bd879ab60a76709e29612655bec26d649f65faa,0x06a93f060e6303b5b5b453f31d7863eb8101630cca3ea69de881fa5780b672d6,TOU,9.332,2026-02-17T07:02:50.332600Z,2026-02-17T08:17:50.332600Z,0xa614a29f4fc1cbcdf36713ede6965e331845872ffdd11384cfc3aa63572f72a1,2026-02-17
run_20260217_220238-0024,,0x441c97ec840dd680710259301129ea25eaef4a65c897f1418d5885408873f8a8,0x60f1d6443a5cf75389e2cd044d4682eb44360174a6a644e770cab30905ca07b0,TOU,14.26,2026-02-17T21:30:58.631088Z,2026-02-17T22:45:58.631088Z,0xa614a29f4fc1cbcdf36713ede6965e331845872ffdd11384cfc3aa63572f72a1,2026-02-17
run_20260217_220238-0025,,0xc211751125279cc80a1b974ef3c2604316d9c88c33f1a8498fa0176fe27ff6a0,0x8309cc912eab148deb11ba26119c59f20bf3f659427c9b09ac61d1607089c7b9,TOU,7.371,2026-02-17T03:03:04.789957Z,2026-02-17T04:03:04.789957Z,0xa614a29f4fc1cbcdf36713ede6965e331845872ffdd11384cfc3aa63572f72a1,2026-02-17
run_20260217_220238-0026,,0x4de53e4d6196b79a80c357275e953c22bb08693e211e0df4de4e73d62aa4e5cd,0x4b4e3d42f26db9e85e4119eeace7f7b2d2456857316f035df999a144fa5a4d28,TOU,13.673,2026-02-17T00:26:08.667026Z,2026-02-17T01:41:08.667026Z,0xa614a29f4fc1cbcdf36713ede6965e331845872ffdd11384cfc3aa63572f72a1,2026-02-17
run_20260217_220238-0027,,0x920ca283d7ab25ff43b9c62b44c6b010d37142460b7e81fba66ed31456c89c5b,0xdddd4df4944c50375d965ea1f48382e43884ebdc8e17e1e71a688a053edae538,TOU,26.303,2026-02-17T13:31:04.630665Z,2026-02-17T14:46:04.630665Z,0xa614a29f4fc1cbcdf36713ede6965e331845872ffdd11384cfc3aa63572f72a1,2026-02-17
run_20260217_220238-0028,,0xc757a6ee30bdbceaeb80d745bc9232a4374ff031bf61c11cb46f80d3b05e71aa,0x2314da35b8495414a9f15f6a084f42efbff68f30a072501794f680598205302e,TOU,10.554,2026-02-17T01:24:52.578849Z,2026-02-17T01:54:52.578849Z,0xa614a29f4fc1cbcdf36713ede6965e331845872ffdd11384cfc3aa63572f72a1,2026-02-17
run_20260217_220238-0029,,0x69981654e3910da3eae4dc29c4f49d707f61763eda9b7cb5f2dad2314fd515f0,0x994e4244ecc235284d722e5ee44858e2699af4fe424b3a826b28c6adafa8b52b,TOU,22.579,2026-02-17T12:49:25.020363Z,2026-02-17T13:49:25.020363Z,0xa614a29f4fc1cbcdf36713ede6965e331845872ffdd11384cfc3aa63572f72a1,2026-02-17
run_20260217_220238-0030,,0xd95aecf186ded9739db9c2349a067a0d3263bfd926ae25681b2fc7880a150c13,0xefb5e415f228005842071786145fac9cd2ee0b8f022839cde2484671d8bf4f13,TOU,2.392,2026-02-17T20:26:48.617662Z,2026-02-17T20:46:48.617662Z,0xa614a29f4fc1cbcdf36713ede6965e331845872ffdd11384cfc3aa63572f72a1,2026-02-17
run_20260217_220238-0031,,0xa3bf0c5431ea019ef2e7cd7296725efb5fa75ddb40b80b99d9f58303d7085953,0x28959669d74ee9c2dc86bf09bb5ad2614890325b57d645a71ba98a3442fca5d1,TOU,10.358,2026-02-17T06:44:34.912901Z,2026-02-17T07:44:34.912901Z,0xa614a29f4fc1cbcdf36713ede6965e331845872ffdd11384cfc3aa63572f72a1,2026-02-17
run_20260217_220238-0032,,0x7d96e0a9f42a5f905263b314e2787cb0856ed62c18d3faa17aa182b085aff634,0x0169342818620184923378b572ec819e6613576983052b5951a61db774e5cc8a,TOU,26.827,2026-02-17T04:44:57.605611Z,2026-02-17T05:59:57.605611Z,0xa614a29f4fc1cbcdf36713ede6965e331845872ffdd11384cfc3aa63572f72a1,2026-02-17
run_20260217_220238-0033,,0x96302e80d242d4e2b27150ff30ed852aab14f43a438454293e6e56c298f9e141,0xe436f746f6dacfb5c6bf6acb3ad46f891587f4d5942193f241482b8689f932b1,TOU,5.515,2026-02-17T12:21:10.817725Z,2026-02-17T12:51:10.817725Z,0xa614a29f4fc1cbcdf36713ede6965e331845872ffdd11384cfc3aa63572f72a1,2026-02-17
run_20260217_220238-0034,,0xdd7897d61bf311d572c866e8f7009ec4e7a628e029aa0513ccd2f2c54ca71d9a,0xdedf61d833579748e8a080432a006fe573daf6a69b011a036a15d72b3e97e439,TOU,3.543,2026-02-17T07:19:42.736217Z,2026-02-17T07:49:42.736217Z,0xa614a29f4fc1cbcdf36713ede6965e331845872ffdd11384cfc3aa63572f72a1,2026-02-17
run_20260217_220238-0035,,0x5ae765c7923217e943af92d13ff2fac56a1e3172da391f633a6cdff5b036174d,0x90ed67624e555ca2dad9c12aa193add8a79519c5bf8c7e9462e8cc6bafb562d5,TOU,13.113,2026-02-17T07:17:26.813967Z,2026-02-17T08:32:26.813967Z,0xa614a29f4fc1cbcdf36713ede6965e331845872ffdd11384cfc3aa63572f72a1,2026-02-17
run_20260217_220238-0036,,0x8fe7686d322ca7eb7faecb06a5cc1e323b5a4e7ffea59b0a4ef92bd3d413e622,0x1ca4e06e532c9b633d301e3a33323d1050f7cece04b72b4d2870737e350e9219,TOU,10.032,2026-02-17T12:45:57.491106Z,2026-02-17T13:15:57.491106Z,0xa614a29f4fc1cbcdf36713ede6965e331845872ffdd11384cfc3aa63572f72a1,2026-02-17
run_20260217_220238-0037,,0x5051e13ff5f3523767fd71d8b14e0e1588860220bb00b05f801199593ec78f1c,0xfeaf63ca427cb6475f308fa37b5b9da7dfa8e1c68316f22765fe99616aae2ece,TOU,4.872,2026-02-17T17:44:22.494477Z,2026-02-17T18:24:22.494477Z,0xa614a29f4fc1cbcdf36713ede6965e331845872ffdd11384cfc3aa63572f72a1,2026-02-17
run_20260217_220238-0038,,0x347b70bb9cc71e38a5db757ac682b01ebfc1c8e34f8a9f93eb00e28ddc57ce6d,0xe5d13026c682f2748b6b8ebea20c681abbc48647673d31344bcb96656e6c78b7,TOU,4.515,2026-02-16T23:59:07.963617Z,2026-02-17T00:39:07.963617Z,,
run_20260217_220238-0039,,0xef512a32a38491fb20594182ae9b506cd348a21a52c0f2ecc841bae0b06f3e3f,0xc771c830666b465fbb524bea24cd7af8f37f772e40027e6c458e54bbfbd2b861,TOU,5.48,2026-02-17T21:14:16.751856Z,2026-02-17T21:44:16.751856Z,0xa614a29f4fc1cbcdf36713ede6965e331845872ffdd11384cfc3aa63572f72a1,2026-02-17
run_20260217_220238-0040,,0xb729b88c5c3f831d6327171d167493389e4e77b609dd13e4486acc5044e304ae,0x331d43680b87773dc526fa60cde546a602203def3f57093e7bfdce3f0280b332,TOU,3.197,2026-02-17T21:23:20.268030Z,2026-02-17T21:43:20.268030Z,0xa614a29f4fc1cbcdf36713ede6965e331845872ffdd11384cfc3aa63572f72a1,2026-02-17
run_20260217_220238-0041,,0xd358e27220fb50179dac79ed7e6ef6710b30c75088acd1d5df1234edf4af7376,0xce2bdac2ee2b7db8935f2098ade5d27a6672cba6f0d38b56ad349089c850d7ae,TOU,3.515,2026-02-17T07:24:30.914463Z,2026-02-17T07:54:30.914463Z,0xa614a29f4fc1cbcdf36713ede6965e331845872ffdd11384cfc3aa63572f72a1,2026-02-17
run_20260217_220238-0042,,0xca981cf1868b873762902bea69289f0de5b71dcbe1a2a2668e98828c0d88f472,0xaf2118b54a21248398caf25db8a8ed8e6321d81d2dcfec9e846aee675bce89a3,TOU,4.784,2026-02-17T13:42:08.139657Z,2026-02-17T14:22:08.139657Z,0xa614a29f4fc1cbcdf36713ede6965e331845872ffdd11384cfc3aa63572f72a1,2026-02-17
run_20260217_220238-0043,,0x74e59097d2ce14558c3816a39caf51c23e699a35b14961cd56e8555efaef22a2,0xd420a26dad72e24ff43aa4cbcd2e7daf57067e95249bd5aa90cfaffe9553822b,TOU,27.221,2026-02-17T19:45:21.766562Z,2026-02-17T21:00:21.766562Z,0xa614a29f4fc1cbcdf36713ede6965e331845872ffdd11384cfc3aa63572f72a1,2026-02-17
run_20260217_220238-0044,,0x29069f62377f39e5311563fbe05a0150100d2bcee76213e0e7cb0c6cab7a47b9,0xd59b58c459db3ad06f2dcf6d05483c9b87f05d9b19bdec8970ea6ece7514c0d2,TOU,4.53,2026-02-17T12:07:11.918088Z,2026-02-17T12:47:11.918088Z,0xa614a29f4fc1cbcdf36713ede6965e331845872ffdd11384cfc3aa63572f72a1,2026-02-17
run_20260217_220238-0045,,0x621d7c61d8de1192717a581f683f0de14d89b0a1b73b5f31cc264de0e3b113f0,0xe8637bd41dafa216978874663696428c58b9f8067e8f314dcfdef15232c57622,TOU,21.664,2026-02-17T06:42:05.549021Z,2026-02-17T07:42:05.549021Z,0xa614a29f4fc1cbcdf36713ede6965e331845872ffdd11384cfc3aa63572f72a1,2026-02-17
run_20260217_220238-0046,,0x886f5528a11d945e62f7d33f6345163639933f9ed5f55c754b50c2401d610ae6,0x5fed1fcadb18b3d75711d1348adfe55435f0d28415a9c9be8174b664644ccebc,TOU,15.226,2026-02-17T10:46:26.435954Z,2026-02-17T11:26:26.435954Z,0xa614a29f4fc1cbcdf36713ede6965e331845872ffdd11384cfc3aa63572f72a1,2026-02-17
run_20260217_220238-0047,,0x3bba68132132e517459ce106721917494314ec16d3111c382cd0e481efe7801f,0x0135e6678f5f3034de5b329bdc86e9526e22cab5624bb4e37f0e41dc686e8c70,TOU,26.606,2026-02-17T12:21:45.242065Z,2026-02-17T13:36:45.242065Z,0xa614a29f4fc1cbcdf36713ede6965e331845872ffdd11384cfc3aa63572f72a1,2026-02-17
run_20260217_220238-0048,,0xa498e86ffc4aa29a6e78855066b302f5049ea3170825df2dacf39df321ddaf90,0xe730d6b5dd019153ec71312bd5a5403f2d85579b894088d1c45e7ba5a44d5fca,TOU,3.676,2026-02-17T13:24:43.495841Z,2026-02-17T13:54:43.495841Z,0xa614a29f4fc1cbcdf36713ede6965e331845872ffdd11384cfc3aa63572f72a1,2026-02-17
run_20260217_220238-0049,,0xecf400c9dcc18b7cf8a5e4c981f1cb48332235c438484a91720357983d6f3ff9,0xa04066951a16850efa3da5a463faa57bf2de165f2ba808d7913ee36822317b57,TOU,13.324,2026-02-17T20:24:09.328701Z,2026-02-17T21:39:09.328701Z,0xa614a29f4fc1cbcdf36713ede6965e331845872ffdd11384cfc3aa63572f72a1,2026-02-17
run_20260217_220238-0050,,0xc09d8526ef2a3ce08c2f47763f204fb378f6b260a36d0b701c09bbfc93a41e9d,0x2c0f4eda675c620dbc36af6aafb88278754e3ae4e924393674452c68281e3f46,TOU,5.577,2026-02-17T05:40:39.514184Z,2026-02-17T06:10:39.514184Z,0xa614a29f4fc1cbcdf36713ede6965e331845872ffdd11384cfc3aa63572f72a1,2026-02-17
run_20260217_220238-0051,,0x99d2b759e19f6194d2a9d100dd05cf2c8d1601e332cec45fa5f8f935fd0874be,0x2c55a1b1154db389aabdc06f7d3178f49971c4bd0ad390c28c93d86a563fd2c8,TOU,14.963,2026-02-17T23:11:59.916495Z,2026-02-17T23:51:59.916495Z,0xa614a29f4fc1cbcdf36713ede6965e331845872ffdd11384cfc3aa63572f72a1,2026-02-17
run_20260217_220238-0052,,0xbd19d3d7b7ade2331949840e9fe5b31db7717823829f5a0615ec9938e60bf51a,0xa8a08f9302562f986581cb481eaa9a11b589137607cd8bf9dc045e8182c50be6,TOU,5.473,2026-02-17T10:54:49.810479Z,2026-02-17T11:24:49.810479Z,0xa614a29f4fc1cbcdf36713ede6965e331845872ffdd11384cfc3aa63572f72a1,2026-02-17
run_20260217_220238-0053,,0xafdc7c1ddb61d0101fa3688c6a0f67222308750d3324b739d783b37edd57ee36,0x807a31dfd3ddaf4daa7c89ae0acab8217494e6afe35e6345c9229ce8198fbda5,TOU,13.583,2026-02-17T12:44:04.495368Z,2026-02-17T13:24:04.495368Z,0xa614a29f4fc1cbcdf36713ede6965e331845872ffdd11384cfc3aa63572f72a1,2026-02-17
run_20260217_220238-0054,,0xd294487ef20c53416a71b71b5d278c3e939a1bb26b0e8dca6b97888cc840ea25,0xd8ba25178e72015d2610bc31a9588a372ba88e6fcd0ed03a74091328c4db1a63,TOU,27.448,2026-02-17T00:53:50.880771Z,2026-02-17T02:08:50.880771Z,0xa614a29f4fc1cbcdf36713ede6965e331845872ffdd11384cfc3aa63572f72a1,2026-02-17
run_20260217_220238-0055,,0x465253936aa524250b0f4160b86d68203f4590a92e3cfcc9d158be97d94f1ba3,0x3bef3fe385decfe75d66ad84deda3092bd19b63cda5629729e229c7d8ed627bb,TOU,21.679,2026-02-17T20:07:24.732730Z,2026-02-17T21:07:24.732730Z,0xa614a29f4fc1cbcdf36713ede6965e331845872ffdd11384cfc3aa63572f72a1,2026-02-17
run_20260217_220238-0056,,0x885b7dcf0ccaf6d92b3d3ca4952fac6736c4a9eb8d1f4b4bcdbc1156337d4451,0x17fc294069164dfe0f2b5d6dc3a975b0f20f283fa04f3ff652a5da279e534863,TOU,13.41,2026-02-17T22:40:56.767023Z,2026-02-17T23:55:56.767023Z,0xa614a29f4fc1cbcdf36713ede6965e331845872ffdd11384cfc3aa63572f72a1,2026-02-17
run_20260217_220238-0057,,0x07163c8943b9d9737404fb9f2d952337cfb674ad2ed69503abed0573bee9fa8a,0xe8dd0db1e0f5ea2d2a912e068cd3580e9085c4a42c5422b67835e7b8391302e7,TOU,4.045,2026-02-17T21:44:46.725009Z,2026-02-17T22:04:46.725009Z,0xa614a29f4fc1cbcdf36713ede6965e331845872ffdd11384cfc3aa63572f72a1,2026-02-17
run_20260217_220238-0058,,0xd297ee954b7983c8fec9268b5fbd8e327198b83f1d133cdca2b2bc55dd9a61cb,0xe54e62359b20cf3d6c6db391248a3f0efba33999c5058000f5c4c6c519510e95,TOU,10.887,2026-02-17T17:25:16.088924Z,2026-02-17T18:25:16.088924Z,0xa614a29f4fc1cbcdf36713ede6965e331845872ffdd11384cfc3aa63572f72a1,2026-02-17
run_20260217_220238-0059,,0xdac39eab18765fb0ce301eae31f44ef334d1108d721fd1067fb59299e50f864d,0x6bd4a6c22ce27687452c6475b122b0bf5c61a802d76594d992c8139ef179c533,TOU,28.234,2026-02-17T16:49:04.774580Z,2026-02-17T18:04:04.774580Z,0xa614a29f4fc1cbcdf36713ede6965e331845872ffdd11384cfc3aa63572f72a1,2026-02-17
run_20260217_220238-0060,,0xbbfbd95d753ba568c49c1c98570ff520612ab8e91186a43b67093040ef287673,0x22add44117cce6b65dc36d94bc06080e8a419c554efafa8e289bbb958120a2a1,TOU,5.783,2026-02-17T14:50:01.628904Z,2026-02-17T15:20:01.628904Z,0xa614a29f4fc1cbcdf36713ede6965e331845872ffdd11384cfc3aa63572f72a1,2026-02-17
run_20260217_220238-0061,,0xd67d1d1a0b6baf1f205bc5585d74eceac8d9df74565831ba0f7e180ab880b87a,0x6aa8fc2332a21e966bd1085c29cd6d6293e10d253c985252f3a21a7011e63fa0,TOU,5.799,2026-02-17T13:01:01.414365Z,2026-02-17T13:31:01.414365Z,0xa614a29f4fc1cbcdf36713ede6965e331845872ffdd11384cfc3aa63572f72a1,2026-02-17
run_20260217_220238-0062,,0xf4406497d65387d9f78790a20e14bbd54699919d71bdf205bd28c6ac0d1890b9,0xf779d1434f88379663ce073b1ec1a25a8043397eb0f860effdd913efad07bd81,TOU,14.238,2026-02-17T03:32:27.478741Z,2026-02-17T04:47:27.478741Z,0xa614a29f4fc1cbcdf36713ede6965e331845872ffdd11384cfc3aa63572f72a1,2026-02-17
run_20260217_220238-0063,,0x9314cbcecbcd73d12065c5816d11fcf4804f0a2368316f123d7ed9c058fab997,0x3ccf4d8d8709a43a6c6e7ac1ede586d48e180b6fa7b7f27dcf7d2943489e9ac4,TOU,2.418,2026-02-17T07:19:38.299535Z,2026-02-17T07:39:38.299535Z,0xa614a29f4fc1cbcdf36713ede6965e331845872ffdd11384cfc3aa63572f72a1,2026-02-17
run_20260217_220238-0064,,0x71b3ad854623cfe4ef64ae7afc23f7eb9e87711ba06d9d44b1e80bf2b202cd79,0xd39ce1c1236083893d9e8edf02c2244b359229ef6d424ba878ed1262c85d4c34,TOU,3.626,2026-02-17T10:24:03.815450Z,2026-02-17T10:54:03.815450Z,0xa614a29f4fc1cbcdf36713ede6965e331845872ffdd11384cfc3aa63572f72a1,2026-02-17
run_20260217_220238-0065,,0x067efff2d8a2295cdbf7f24263a906f7e15d8fce7ea58864896ef3960438f780,0xf00aeba4ecbbf0273faad344d4095edb712d5fb8bbc43599f5a6ac241d40ad74,TOU,15.418,2026-02-17T17:53:16.357875Z,2026-02-17T18:33:16.357875Z,0xa614a29f4fc1cbcdf36713ede6965e331845872ffdd11384cfc3aa63572f72a1,2026-02-17
run_20260217_220238-0066,,0x886de98818c03a4005d41321daffe1c61a572aa6075414a5acbbd5dc61331c74,0x8f662c432951cc7fd0a57ecaeebcf3940afee9564126230e222226f80b7c9b5e,TOU,11.18,2026-02-17T07:24:56.912523Z,2026-02-17T08:24:56.912523Z,0xa614a29f4fc1cbcdf36713ede6965e331845872ffdd11384cfc3aa63572f72a1,2026-02-17
run_20260217_220238-0067,,0xe1ad9a67519fe66c3dd7563e468a1b7158c735dcdfbc957d9555d05f7a0cdd3a,0x45188fdd623deedc05d92c1e3bcb8355483ce431d8633c6070a6548fdcde786d,TOU,25.226,2026-02-17T00:37:00.716626Z,2026-02-17T01:52:00.716626Z,0xa614a29f4fc1cbcdf36713ede6965e331845872ffdd11384cfc3aa63572f72a1,2026-02-17
run_20260217_220238-0068,,0xc42c3a3c79d86f1191bd06d49e413ae1592eeb28b5a66cd7e98252509a6d5351,0x8b33d1027d8530dd19bdf485020ad6f19d56e0a68cee6e06efcecd5f0df7773a,TOU,3.589,2026-02-17T15:13:35.989466Z,2026-02-17T15:43:35.989466Z,0xa614a29f4fc1cbcdf36713ede6965e331845872ffdd11384cfc3aa63572f72a1,2026-02-17
run_20260217_220238-0069,,0x607996afb1f5f82fa89fa8b25a86f7f21e5ea57d02001e700185f4778645a74b,0x1e32258daad6c8d2f34966fc16da93561523ffc5492122e8efdb6d5842c55597,TOU,5.566,2026-02-17T02:03:34.725405Z,2026-02-17T02:33:34.725405Z,0xa614a29f4fc1cbcdf36713ede6965e331845872ffdd11384cfc3aa63572f72a1,2026-02-17
run_20260217_220238-0070,,0xa47f5a909b2879293854795524758da152670a6f2b98db5424dc90bb6181c1c5,0x59820a47a7467ea674a27ce210d89b0cefeb52b84cdeb1f05633ce99127dd834,TOU,10.212,2026-02-17T20:36:18.593903Z,2026-02-17T21:06:18.593903Z,0xa614a29f4fc1cbcdf36713ede6965e331845872ffdd11384cfc3aa63572f72a1,2026-02-17
run_20260217_220238-0071,,0xf9f2c81a48837a64d6efde03f371bc525c5ca6d86e183a75db82f9d0f31f61a3,0x34c86fe6d645249fb91ca7b079ebf214b985ca7b248bb5d292a001b942b54bfa,TOU,14.509,2026-02-17T21:01:01.933144Z,2026-02-17T21:41:01.933144Z,0xa614a29f4fc1cbcdf36713ede6965e331845872ffdd11384cfc3aa63572f72a1,2026-02-17
run_20260217_220238-0072,,0x371822c2a22485cd961d415de5f9fc4074973f6ccb1e0e5fac37db30b228a7e2,0x177080a01a13ce1da309349a18cb009798c23b43faa6e662f81d31775ce55742,TOU,7.139,2026-02-17T09:20:28.898278Z,2026-02-17T09:40:28.898278Z,0xa614a29f4fc1cbcdf36713ede6965e331845872ffdd11384cfc3aa63572f72a1,2026-02-17
run_20260217_220238-0073,,0xf0f5bf6f5e492bc95fcf9e915a0437b22c04bfa8641b876dafa9bacc5c59e2c9,0x6df2cb58ce975e6cec4bfc0c7140d7d82b1afbd50a3efe98fd93015d98851191,TOU,7.37,2026-02-17T23:05:24.872121Z,2026-02-18T00:05:24.872121Z,0xa614a29f4fc1cbcdf36713ede6965e331845872ffdd11384cfc3aa63572f72a1,2026-02-17
run_20260217_220238-0074,,0xebc2616fc4e2be56a180083df775fbccdca949a765c6f511b56c5915c80ef6ec,0x0f2a80ca16f0136c54af265c1309b0aa11f9fe4a2653c1f102273a5768b040e7,TOU,4.665,2026-02-17T01:26:45.815122Z,2026-02-17T02:06:45.815122Z,0xa614a29f4fc1cbcdf36713ede6965e331845872ffdd11384cfc3aa63572f72a1,2026-02-17
run_20260217_220238-0075,,0x475e5fff80da6a4c460f7b304082db1fe91180d1473c179db36ea6238c0473b8,0x0590b4ec11de0d8c10719aa24a840a829900d724f7b0bc08c3c5d510d670c395,TOU,3.722,2026-02-17T14:25:40.734867Z,2026-02-17T14:55:40.734867Z,0xa614a29f4fc1cbcdf36713ede6965e331845872ffdd11384cfc3aa63572f72a1,2026-02-17
run_20260217_220238-0076,,0x017aeaa72449ef18ce0057a71bdbf9f648fa7e5319d3447cce9038d9a81fb18b,0x81bf5419f0ab8601c0702a4d55f9c3f7aaf41bdbf36d9fcf6ec1f0b1264e128a,TOU,10.793,2026-02-17T18:08:15.647285Z,2026-02-17T18:38:15.647285Z,0xa614a29f4fc1cbcdf36713ede6965e331845872ffdd11384cfc3aa63572f72a1,2026-02-17
run_20260217_220238-0077,,0x45387a81f4cb3d513d9471dc2ef49de44b8be59dca1e93d2c89fc2548e95391f,0xea4d7517e00693794ee4d2975d8651e4bee8921d18541cd2ad4098b3494e15ae,TOU,3.645,2026-02-17T02:22:14.118521Z,2026-02-17T02:42:14.118521Z,0xa614a29f4fc1cbcdf36713ede6965e331845872ffdd11384cfc3aa63572f72a1,2026-02-17
run_20260217_220238-0078,,0x13ac64e7efe6cf7f34b2ac7fa6544000fb1a90a49cf0bd306e73a670e4c717b4,0x75e8142550fc80e5a9bc82616501fe210cc5c22f9e55ac60b8e16400bd8f97b6,TOU,3.631,2026-02-17T03:11:18.902433Z,2026-02-17T03:41:18.902433Z,0xa614a29f4fc1cbcdf36713ede6965e331845872ffdd11384cfc3aa63572f72a1,2026-02-17
run_20260217_220238-0079,,0xde83531781f1d3f2705ba89ec4ef7e765a297cb501c100a33adcd56fa433d467,0x96ee02c3566c720caf1b8f2a37ec19c1dcce2da4c00757b236af661defc1d449,TOU,10.903,2026-02-17T06:05:14.520237Z,2026-02-17T07:05:14.520237Z,0xa614a29f4fc1cbcdf36713ede6965e331845872ffdd11384cfc3aa63572f72a1,2026-02-17
run_20260217_220238-0080,,0x17d1d03e2e93fbce8224adc4726cad0889f7a940921254bc4a9af25bf7d19ce8,0x9daf556b81e8bcb34e4b2051feeb605d09942ae60c4822afb77a0eab882b5511,TOU,3.605,2026-02-17T13:45:09.959294Z,2026-02-17T14:05:09.959294Z,0xa614a29f4fc1cbcdf36713ede6965e331845872ffdd11384cfc3aa63572f72a1,2026-02-17
run_20260217_220238-0081,,0xd415804a9824fe9d27bd5d3f85a18dd6cc20e2538b605a294ed24304f29edf5a,0x65e0af9b1e8a324df9c5a0ddd1152bbcd801c3e6f7c898eb665fba5b5352d10c,TOU,25.539,2026-02-17T17:22:58.617638Z,2026-02-17T18:37:58.617638Z,0xa614a29f4fc1cbcdf36713ede6965e331845872ffdd11384cfc3aa63572f72a1,2026-02-17
run_20260217_220238-0082,,0x953461c8ee6309dd5e0d9c1b0471ccbed33db8db42793b1b871da2788a293f73,0xd7861d6b5a64c39fb8c8c0a8b272877ebb020d1e295abccf1a8aa0617d61dbe5,TOU,22.818,2026-02-17T13:05:57.694789Z,2026-02-17T14:05:57.694789Z,0xa614a29f4fc1cbcdf36713ede6965e331845872ffdd11384cfc3aa63572f72a1,2026-02-17
run_20260217_220238-0083,,0x622edfd1b43155b3dace7a435b97b274c3c688a8bd271834de112098662d7ac7,0xffb0afe6b5ffb48b1dc1f5c14f97e06a55ad54ef4e6d3f11eaaa738e3574b47c,TOU,13.371,2026-02-17T01:01:27.632500Z,2026-02-17T02:16:27.632500Z,0xa614a29f4fc1cbcdf36713ede6965e331845872ffdd11384cfc3aa63572f72a1,2026-02-17
run_20260217_220238-0084,,0x010979116d9d1b7c0204c0dae47e2fdf5401eb4cd6da112cc91db821091a286d,0xfc3ea1eeed9980caa42e489632804969b86ac44b050647fcadbc6be41e0307e0,TOU,22.845,2026-02-17T10:12:17.759626Z,2026-02-17T11:12:17.759626Z,0xa614a29f4fc1cbcdf36713ede6965e331845872ffdd11384cfc3aa63572f72a1,2026-02-17
run_20260217_220238-0085,,0x856f1f93f6486f050a003afd45966fff372c3b0ce011aa4d327dd5f29ddb1cd1,0x5f2aac0e7e148856f4a8767c1cf3c4239821c1a35e467b68bdf82e5605f936e6,TOU,7.435,2026-02-17T20:32:43.071234Z,2026-02-17T21:32:43.071234Z,0xa614a29f4fc1cbcdf36713ede6965e331845872ffdd11384cfc3aa63572f72a1,2026-02-17
run_20260217_220238-0086,,0x0f26a68e27210f3d98d44ed581457f6434179b3378d0c534adc0ae908e521ff5,0xaa46e4ab75d5c71b9a632df44c314f8150dc92f009d8b8cc90ceec513d6b3ebb,TOU,7.349,2026-02-17T05:52:36.740044Z,2026-02-17T06:12:36.740044Z,0xa614a29f4fc1cbcdf36713ede6965e331845872ffdd11384cfc3aa63572f72a1,2026-02-17
run_20260217_220238-0087,,0x6ac8732776dc0ae7d09a9b3ace520bfa5af3e7eb566f4b3a67202f15765a5ece,0x5f997494fbfed480a9917b822822ff1bd1b79d17fa38bb97561e8ac41069a91b,TOU,3.642,2026-02-17T05:51:52.912387Z,2026-02-17T06:11:52.912387Z,0xa614a29f4fc1cbcdf36713ede6965e331845872ffdd11384cfc3aa63572f72a1,2026-02-17
run_20260217_220238-0088,,0x0fdd6db9b4852827403a43522a00a6d8304a2d4e130870a64ecd04546d64cf82,0x922f0b6de6e8fc2197792ea568c0bc60f572ed11fa1ca6078b3774dd61840360,TOU,9.137,2026-02-17T18:41:27.207173Z,2026-02-17T19:56:27.207173Z,0xa614a29f4fc1cbcdf36713ede6965e331845872ffdd11384cfc3aa63572f72a1,2026-02-17
run_20260217_220238-0089,,0xf7e86e12d8e0d4f5c1f271d0c266a89f7d645fb16f096f3dcded628dd4a4a126,0xe727490d7f3a6d4584c9575454e3e18595082ed974c8c84f65b8ef7dda7f4a9f,TOU,7.308,2026-02-17T06:10:27.629315Z,2026-02-17T07:10:27.629315Z,0xa614a29f4fc1cbcdf36713ede6965e331845872ffdd11384cfc3aa63572f72a1,2026-02-17
run_20260217_220238-0090,,0x70a741d461c4ed5c477165a2a5ebe3395f77dd12e86f778225ab4f7edb86d7f4,0xe749442430e359da2e48135e3b753c21a83b61d7e7f352afa44dd7b239524ce6,TOU,2.532,2026-02-17T21:52:05.578256Z,2026-02-17T22:12:05.578256Z,0xa614a29f4fc1cbcdf36713ede6965e331845872ffdd11384cfc3aa63572f72a1,2026-02-17
run_20260217_220238-0091,,0x1c00ce847f34d130075fad28c5a3fb8b6a9eff1f04eb4b90cb14338ef8a9864a,0x3e6c85ff6e9b27927a79366d87f91c3a9f6a929500e058828535e937e5fdb9a8,TOU,3.452,2026-02-17T15:59:22.871017Z,2026-02-17T16:29:22.871017Z,0xa614a29f4fc1cbcdf36713ede6965e331845872ffdd11384cfc3aa63572f72a1,2026-02-17
run_20260217_220238-0092,,0xc096d60cb60f74ebcd489ad3d97e3569be13a422087c342fabf3dbb5bb366d8b,0x931ca0eeb5d42b04cd5dd51eee2144432a7aa37b3a93e60894919ac383e908af,TOU,5.745,2026-02-17T18:18:46.371451Z,2026-02-17T18:48:46.371451Z,0xa614a29f4fc1cbcdf36713ede6965e331845872ffdd11384cfc3aa63572f72a1,2026-02-17
run_20260217_220238-0093,,0xddfe2dbf17b079a9c91e3c1e265a1c835ea2ec5255a417628a7c555547a1507f,0xecdf3907c9f80612587b582dd4479cf514f527a984544e04c5ba66513e263497,TOU,13.08,2026-02-17T10:27:13.254244Z,2026-02-17T11:42:13.254244Z,0xa614a29f4fc1cbcdf36713ede6965e331845872ffdd11384cfc3aa63572f72a1,2026-02-17
run_20260217_220238-0094,,0x8f6b3477c57abde2a1a1816ccbb56fa885900cb6297503c7f1c53d2aa4e1ee54,0xc9786aab798b1de6d7ee8d2961254ee1505a45ecaef41cea1196f196e1487a8f,TOU,6.696,2026-02-17T22:08:30.441499Z,2026-02-17T22:28:30.441499Z,0xa614a29f4fc1cbcdf36713ede6965e331845872ffdd11384cfc3aa63572f72a1,2026-02-17
run_20260217_220238-0095,,0x0bdcdd8869b818d5bbd5f80853aa71e393dc9a0298064082f970da4dfb3f0556,0x43493f93d6cdbbbc32d719f89fb89ba8955cb431a14c7998f43b3108327af9be,TOU,27.673,2026-02-17T13:11:23.008005Z,2026-02-17T14:26:23.008005Z,0xa614a29f4fc1cbcdf36713ede6965e331845872ffdd11384cfc3aa63572f72a1,2026-02-17
run_20260217_220238-0096,,0x6104b0a8f8e596a277003796b6bc4f919401860d3d4cafbf85bbe616606b61d6,0x2f4487b2d2e33a1698f2b497c3ad108c1c0572b34f11f504bb31b156673ecfb9,TOU,7.227,2026-02-17T15:02:05.588746Z,2026-02-17T15:42:05.588746Z,0xa614a29f4fc1cbcdf36713ede6965e331845872ffdd11384cfc3aa63572f72a1,2026-02-17
run_20260217_220238-0097,,0xb064506e45105de1bbc695e13aca55d0a194f6e911b12e9f611b64f1b3fc1fa5,0x16383a3f8fce688731f90924e2e0e4cc4e99fcf8e4de0a59cfdbdab35004df51,TOU,9.193,2026-02-17T03:32:44.675137Z,2026-02-17T04:47:44.675137Z,0xa614a29f4fc1cbcdf36713ede6965e331845872ffdd11384cfc3aa63572f72a1,2026-02-17
run_20260217_220238-0098,,0xbffdd453ec0d4659214491088dd75e2d31713cc5538d724bfdcfff1105e2b05e,0x360be876fca2239a06379381924a8367ddb2c4e3300b29867bcb9bf2a691c4b5,TOU,22.902,2026-02-17T21:44:25.663818Z,2026-02-17T22:44:25.663818Z,0xa614a29f4fc1cbcdf36713ede6965e331845872ffdd11384cfc3aa63572f72a1,2026-02-17
run_20260217_220238-0099,,0x2ae6fdda3adee2b0eaf8635b122533d8915d9911b68b766b0514c4837e69216e,0x76fb2369ef0fac0cb74f1a21d1c7b0e51636b944241702b28169934fc7d86218,TOU,15.394,2026-02-17T23:04:38.616660Z,2026-02-17T23:44:38.616660Z,0xa614a29f4fc1cbcdf36713ede6965e331845872ffdd11384cfc3aa63572f72a1,2026-02-17
run_20260217_220238-0100,,0x8e4104df00c230fbac677737062aa83f45fa258c5588dd3a3604be6034cbebf6,0x175376d6a6e10c4d72b23760bbe33b9cca2d79be4b202cb4010d1f760cd4a122,TOU,22.403,2026-02-17T06:42:47.797784Z,2026-02-17T07:42:47.797784Z,0xa614a29f4fc1cbcdf36713ede6965e331845872ffdd11384cfc3aa63572f72a1,2026-02-17
run_20260217_220238-0101,,0x3d3d562f35c05cdfb0045a0bbd74239007573c8fcbb564dc4920a7b1d8498b80,0x3a074b0effbff9582c30739a1ca4d39e64c271e1355fe766e4ba5d83ab464522,TOU,6.943,2026-02-17T11:54:48.861855Z,2026-02-17T12:54:48.861855Z,0xa614a29f4fc1cbcdf36713ede6965e331845872ffdd11384cfc3aa63572f72a1,2026-02-17
run_20260217_220238-0102,,0x42dd1ec0fe4dbe8313d28df8a4955b5e6db92295375230d865849668515afb49,0xb47c7783aac2ce7f1f825cc6036b704b616e3248aa1a26f7a0d8d1f6fb9a5c0f,TOU,7.46,2026-02-17T11:39:46.323443Z,2026-02-17T12:39:46.323443Z,0xa614a29f4fc1cbcdf36713ede6965e331845872ffdd11384cfc3aa63572f72a1,2026-02-17
run_20260217_220238-0103,,0x97a18edfd266a39be4c1537e68eeca4b7a28c06f5b95e78b0b75127159e0ee8b,0xe3f2fe1ddf54936a34b69ab373b8eb3da448456f5a45cd6fc793cc69d7284440,TOU,3.649,2026-02-17T04:59:24.712922Z,2026-02-17T05:29:24.712922Z,0xa614a29f4fc1cbcdf36713ede6965e331845872ffdd11384cfc3aa63572f72a1,2026-02-17
run_20260217_220238-0104,,0x5f126750ce9054c376b6f36f6a475b0dd2596da5400dbb24f7ae673cfea854d1,0xa9334da92fe3cfe7bae6e3469180d863e7578c675b48ca24e74d3a80daeeff28,TOU,3.37,2026-02-17T23:31:38.064344Z,2026-02-18T00:01:38.064344Z,0xa614a29f4fc1cbcdf36713ede6965e331845872ffdd11384cfc3aa63572f72a1,2026-02-17
run_20260217_220238-0105,,0x623c2bce75244c45147613c2f29514ed990b537769180df9548437723a53dc23,0x393df816ef9828514d3ea3f6493aa187351b4abc58421beec508c370eec950c2,TOU,13.537,2026-02-17T08:38:54.570340Z,2026-02-17T09:53:54.570340Z,0xa614a29f4fc1cbcdf36713ede6965e331845872ffdd11384cfc3aa63572f72a1,2026-02-17
run_20260217_220238-0106,,0x56ed9603eb5494eba10f3f9c5e2c171180f64823da722dec8c0f876b7f4c6260,0x76df081c20d8d1ae64a4f5862b6c4a4f5bf546cf7d6fbae487e78b15bf8805dc,TOU,27.213,2026-02-17T11:21:28.463924Z,2026-02-17T12:36:28.463924Z,0xa614a29f4fc1cbcdf36713ede6965e331845872ffdd11384cfc3aa63572f72a1,2026-02-17
run_20260217_220238-0107,,0x5ed3206674626d33e0a1dda8d28d10b885cb83c997e56ab977626789c48ed3c5,0x90d46c0e697aabebfc4ca437f85079c930338291bb48d04d1dbe8b6b5943d8c2,TOU,22.758,2026-02-17T05:17:02.079923Z,2026-02-17T06:17:02.079923Z,0xa614a29f4fc1cbcdf36713ede6965e331845872ffdd11384cfc3aa63572f72a1,2026-02-17
run_20260217_220238-0108,,0xaac06199396243aba00e40d2454a44cac147176ebc9834ddc4a435d9bd0d51d6,0x007b7115b84e9a21340c41453f313cb76eda350b9ce9a1ab81d5a6df456ab5ee,TOU,5.667,2026-02-17T23:06:15.965339Z,2026-02-17T23:36:15.965339Z,0xa614a29f4fc1cbcdf36713ede6965e331845872ffdd11384cfc3aa63572f72a1,2026-02-17
run_20260217_220238-0109,,0xaf2abdebafd54ea3df98f01387989ef0d115439139c844d9a48dcebe819ddf7a,0xe682df9544d03459a60324552b413fcc0086ed33231fd96f3689c0546a8df4e0,TOU,10.404,2026-02-17T02:30:43.320436Z,2026-02-17T03:30:43.320436Z,0xa614a29f4fc1cbcdf36713ede6965e331845872ffdd11384cfc3aa63572f72a1,2026-02-17
run_20260217_220238-0110,,0xfcd1b69d415040556b2c1c7b74599d2918e7e672bfac1a075f62307194e5bc3c,0x7c90232bf1761fa46e59be516c3ddd640c18fd768e1072d7c3bf149b8d465436,TOU,20.769,2026-02-17T16:53:16.708377Z,2026-02-17T17:53:16.708377Z,0xa614a29f4fc1cbcdf36713ede6965e331845872ffdd11384cfc3aa63572f72a1,2026-02-17
run_20260217_220238-0111,,0x2eb3cbd4a86d8f954e7eb0a44eecc5c68bd1cf8cfdad89a29e86f0d20a7c2377,0x85a08be48b16d0af04122fe551ddd02ef1663e08322d54f52d6453c26038f591,TOU,3.829,2026-02-17T04:45:25.307711Z,2026-02-17T05:15:25.307711Z,0xa614a29f4fc1cbcdf36713ede6965e331845872ffdd11384cfc3aa63572f72a1,2026-02-17
run_20260217_220238-0112,,0x1cf123c83da9307a6c06e2686c65b44769bef080864e647f560869968b437847,0x1bab9928b31dcaf38e197b7ed408c7c3a64665b2f379e319e3bedf4f7bf3fd3a,TOU,7.606,2026-02-17T01:11:46.041534Z,2026-02-17T01:31:46.041534Z,0xa614a29f4fc1cbcdf36713ede6965e331845872ffdd11384cfc3aa63572f72a1,2026-02-17
run_20260217_220238-0113,,0x6905bd4ffb8f9ac4cb56493aa3023c7bc8870f3084f9bfbf79866c3e0cb6a2cb,0xf046f1785815adaa2d742770bf5c22345e2a84702bc875c4efbf08dfce5f4a9c,TOU,11.171,2026-02-17T11:16:34.666235Z,2026-02-17T12:16:34.666235Z,0xa614a29f4fc1cbcdf36713ede6965e331845872ffdd11384cfc3aa63572f72a1,2026-02-17
run_20260217_220238-0114,,0x1fedf855df8038790b05927d12f1bcf75b95fd5c3bad9ef6c242841b25374280,0x8c32a79074cb0aced0cff866440d024fde8550a06a7480b9dddb51d9abe55396,TOU,4.028,2026-02-17T20:43:33.064708Z,2026-02-17T21:03:33.064708Z,0xa614a29f4fc1cbcdf36713ede6965e331845872ffdd11384cfc3aa63572f72a1,2026-02-17
run_20260217_220238-0115,,0xebe9d404e9f5c5f2b8e0b33e1e1ddc1d08e3b6e5e8aa1ccecd9a4cfd5c76c74b,0x0ac66331c28427156c90bd555e2aa49b20cab79483b6337f4d6ef34ef634f3cb,TOU,28.432,2026-02-17T06:57:15.701939Z,2026-02-17T08:12:15.701939Z,0xa614a29f4fc1cbcdf36713ede6965e331845872ffdd11384cfc3aa63572f72a1,2026-02-17
run_20260217_220238-0116,,0xffe7e4ea67d39976f25cfd30a8347af494bad221a538e189620ae6669a2f216c,0x1ca8488f8495a1ccf1691ada0d38ec5b8f41b5f156271fd5398300e0536db797,TOU,8.978,2026-02-17T10:44:37.704909Z,2026-02-17T11:59:37.704909Z,0xa614a29f4fc1cbcdf36713ede6965e331845872ffdd11384cfc3aa63572f72a1,2026-02-17
run_20260217_220238-0117,,0x96fe0320af56898e5e5f56ce3f2ec0f70a9a08b4be8f9460ac93c3cf58e95222,0x81dc71c508b4a3b83aba880c6accf6f1047fd2b7daced6b3fecad6c1d5cded21,TOU,2.392,2026-02-17T13:36:01.780048Z,2026-02-17T13:56:01.780048Z,0xa614a29f4fc1cbcdf36713ede6965e331845872ffdd11384cfc3aa63572f72a1,2026-02-17
run_20260217_220238-0118,,0x3f5c0ffd5396f6e42a2f9a9690052d97133ddb020d55593e1c8dae45cb562d44,0xf9473c9286c648b5dbaeaafb91348b155f1ce620a8e7dc712705f93c661dc208,TOU,4.974,2026-02-17T01:24:05.889654Z,2026-02-17T02:04:05.889654Z,0xa614a29f4fc1cbcdf36713ede6965e331845872ffdd11384cfc3aa63572f72a1,2026-02-17
run_20260217_220238-0119,,0xfb1f690b1ed3b654f65d3611b06380a50038ac13c3e14ed2143d608cfb245ae5,0x384aa95d72cd1059a5cebd9d8414ea8563170c1bf0247cf3620c1ed3e17360f6,TOU,13.346,2026-02-17T08:10:25.479740Z,2026-02-17T09:25:25.479740Z,0xa614a29f4fc1cbcdf36713ede6965e331845872ffdd11384cfc3aa63572f72a1,2026-02-17
run_20260217_220238-0120,,0x3c5795cffa554222aba0f55c7307065050fa34d72463d7e02185f60ba5fc01ff,0x55266032a45d75ffb6fda441390794eb919d0c6f46a043437d463f586808c71f,TOU,11.387,2026-02-17T04:40:14.943476Z,2026-02-17T05:40:14.943476Z,0xa614a29f4fc1cbcdf36713ede6965e331845872ffdd11384cfc3aa63572f72a1,2026-02-17
run_20260217_220238-0121,,0x2ceb5b9616a0064f1d87874cc8ca5d8d35d2ec893fd36ecfdcfed4f833a7d0f2,0xa2ebfa227c7e5d9fee93e1218c58f283fecece366771987ded85b246b30cec02,TOU,4.769,2026-02-17T10:30:13.334959Z,2026-02-17T11:10:13.334959Z,0xa614a29f4fc1cbcdf36713ede6965e331845872ffdd11384cfc3aa63572f72a1,2026-02-17
run_20260217_220238-0122,,0xe87cdd9890914f939ba278d776e1f305aaa5965e795bd15ecb514dbdb093ad23,0xe58632dfa4964c0f58492ca5668b1e164abc3fc1226a7edbf99bda71a7cf668e,TOU,4.709,2026-02-17T01:34:23.867354Z,2026-02-17T02:14:23.867354Z,0xa614a29f4fc1cbcdf36713ede6965e331845872ffdd11384cfc3aa63572f72a1,2026-02-17
run_20260217_220238-0123,,0x30a3505026670e2260591d0efc38136c66a385897eb4ef2f200b3f93a50a9197,0x0ad91c618ef39bac41535431a110afc1e36782fcb5169b405d387f5aa004883e,TOU,3.339,2026-02-17T15:30:49.864323Z,2026-02-17T15:50:49.864323Z,0xa614a29f4fc1cbcdf36713ede6965e331845872ffdd11384cfc3aa63572f72a1,2026-02-17
run_20260217_220238-0124,,0x87630e7affd7b769f025af27a20c67d08678cae14848576bf80998039db64702,0x249b4d6348afbeddc2e2eeb115a3b1d764a025113401d96669c2c7ace30f8041,TOU,5.251,2026-02-17T21:24:12.251910Z,2026-02-17T21:54:12.251910Z,0xa614a29f4fc1cbcdf36713ede6965e331845872ffdd11384cfc3aa63572f72a1,2026-02-17
run_20260217_220238-0125,,0x992b5f77b7ca863343f897915a806df1c41a75c180afa4cea763822d87bf7e83,0xe729d5f4fec26727a4fb4513673e2b4e31541f94539a0cecc7cb7fe773c8c76b,TOU,22.802,2026-02-17T14:42:39.461522Z,2026-02-17T15:42:39.461522Z,0xa614a29f4fc1cbcdf36713ede6965e331845872ffdd11384cfc3aa63572f72a1,2026-02-17
run_20260217_220238-0126,,0xd00d25ccf60b5506717b1e14e7ed89125decbc9371427477a6aab41589c0da26,0xdd85dc4c88afa5fb0231581385ca7b591c4e3b97279291aa83a069ac6ad0a9e2,TOU,7.303,2026-02-17T23:02:57.833316Z,2026-02-17T23:42:57.833316Z,0xa614a29f4fc1cbcdf36713ede6965e331845872ffdd11384cfc3aa63572f72a1,2026-02-17
run_20260217_220238-0127,,0x7e74435317432570b72eca383cee93b012f36e58bd48f4ec57a2a1050538ae1b,0x9e62628204893290b7f0207ba45f8937e3b057477ecb7fd11c6338d7cfe2b300,TOU,27.435,2026-02-17T11:48:27.985192Z,2026-02-17T13:03:27.985192Z,0xa614a29f4fc1cbcdf36713ede6965e331845872ffdd11384cfc3aa63572f72a1,2026-02-17
run_20260217_220238-0128,,0xe187312fd5f50001a0344ed1299062dd63c21676ddccc2940b918cd6253b4345,0x7296f7a312cbf84734ca47c227ea2daf3b47e195d8c0eb5e2c5c28cba37f22f6,TOU,10.547,2026-02-17T09:58:43.588863Z,2026-02-17T10:28:43.588863Z,0xa614a29f4fc1cbcdf36713ede6965e331845872ffdd11384cfc3aa63572f72a1,2026-02-17
run_20260217_220238-0129,,0xe870e30b45f81a2fc92e2e142050c2fca52e4b6b29b39601a3bbd93cca15419b,0x2533fe7bc2b1167771f7a1b8395b6cb24f1097124e156a3cc9fd4529a592336e,TOU,7.53,2026-02-17T23:31:43.811447Z,2026-02-18T00:11:43.811447Z,0xa614a29f4fc1cbcdf36713ede6965e331845872ffdd11384cfc3aa63572f72a1,2026-02-17
run_20260217_220238-0130,,0xcd1249980cf34b4192b05065478c3301a19390116e1f3e722442dd22ab7bb5ac,0x99ccd085717dc1970d978bd6b2c8e23e3a5b8ccbcd2a41b3f357e2edf1206853,TOU,20.858,2026-02-17T10:31:19.382821Z,2026-02-17T11:31:19.382821Z,0xa614a29f4fc1cbcdf36713ede6965e331845872ffdd11384cfc3aa63572f72a1,2026-02-17
run_20260217_220238-0131,,0x79fec130ea4b0d3c81955d02a5b2b593b9d943845394374a7bc00472cd39baa5,0x0d47a0ecfe2049d5db66a4e8e9659dcceb587e771e8c62f15959698fa380a94b,TOU,6.793,2026-02-17T18:35:11.487917Z,2026-02-17T19:15:11.487917Z,0xa614a29f4fc1cbcdf36713ede6965e331845872ffdd11384cfc3aa63572f72a1,2026-02-17
run_20260217_220238-0132,,0xa2fa89a83e490056908de9914e964bc1069e4d19192afd06f0c58ea86b28e619,0xd3b7733de982be446a76c7079fbb46c36e2294999e0e054a6e004abc6716fffd,TOU,10.69,2026-02-17T14:52:14.422384Z,2026-02-17T15:52:14.422384Z,0xa614a29f4fc1cbcdf36713ede6965e331845872ffdd11384cfc3aa63572f72a1,2026-02-17
run_20260217_220238-0133,,0x8d9f97782e2719011d313f2ba591664b4c7cb5bb7a2e887e6c95cf3621655846,0xf5bf6c94932c58f1b2cbcc56ebcc5fe45c2fa395677aa85461d32466c7fe6fd8,TOU,8.787,2026-02-17T21:21:42.823352Z,2026-02-17T22:36:42.823352Z,0xa614a29f4fc1cbcdf36713ede6965e331845872ffdd11384cfc3aa63572f72a1,2026-02-17
run_20260217_220238-0134,,0x1ee85db9fb2e7b1b1094e114099d1cb7b389c1c573298a278c922da5075e1b8d,0xb671d1e9e13ea93361c4e2b4ee72c70b23fbd0071bbb459ce98f3805a5df6f20,TOU,7.401,2026-02-17T19:11:47.003789Z,2026-02-17T19:51:47.003789Z,0xa614a29f4fc1cbcdf36713ede6965e331845872ffdd11384cfc3aa63572f72a1,2026-02-17
run_20260217_220238-0135,,0xe78d1f266d4176887349a4b67eace70e99f865c82ac10538e72f5f0f9d604eb4,0x6121d94dad92f901fcd84f14d6d38455a8d099f9829622f1ecc3f7b05d486513,TOU,3.436,2026-02-17T03:52:50.937582Z,2026-02-17T04:12:50.937582Z,0xa614a29f4fc1cbcdf36713ede6965e331845872ffdd11384cfc3aa63572f72a1,2026-02-17
run_20260217_220238-0136,,0x667a0f0e7d123ecd221cb44188fbf5d2579e3e7568dd0cbe8780b616c12cf616,0x50ffc5b88b948e7af924b2043c8d746f565761c6b07bc5669a5d0d2072ecafd9,TOU,28.665,2026-02-17T23:45:39.316643Z,2026-02-18T01:00:39.316643Z,0xa614a29f4fc1cbcdf36713ede6965e331845872ffdd11384cfc3aa63572f72a1,2026-02-17
run_20260217_220238-0137,,0xffe034a155648e293f9f3103c22f5428572a91e171803a438e4e072e9b304c55,0xc7c66202687d77c1199be0a81cc22b1200358c3870c8de56f62dfb6b46c34dc1,TOU,11.351,2026-02-17T05:48:30.770378Z,2026-02-17T06:18:30.770378Z,0xa614a29f4fc1cbcdf36713ede6965e331845872ffdd11384cfc3aa63572f72a1,2026-02-17
run_20260217_220238-0138,,0xcfdaa1e2af8f097c8c2e8ebee9ed431c942e2f4c6c7043b009b54b736f585fae,0x12c5ca0b36683d8bb921f1eeb8f265cd9fb19c03a3095aa8a04c58612fc7fd32,TOU,3.511,2026-02-17T12:31:27.965890Z,2026-02-17T13:01:27.965890Z,0xa614a29f4fc1cbcdf36713ede6965e331845872ffdd11384cfc3aa63572f72a1,2026-02-17
run_20260217_220238-0139,,0xbf9300e7fcbfc621ea329fdef036e49580a30df9960418c37b41c30d5cf67f8a,0x42d8c1e30d8bff0fae71f159f3a20e1c38bbe7cc408a417bb5d24f3fa3074f93,TOU,3.837,2026-02-17T15:21:14.699376Z,2026-02-17T15:51:14.699376Z,0xa614a29f4fc1cbcdf36713ede6965e331845872ffdd11384cfc3aa63572f72a1,2026-02-17
run_20260217_220238-0140,,0x279622fa7ec70cce4c9c35996f31cd465a3fc6b94fd0952aab648f955c04b065,0xe3350f2ad92642aa52a60364784957903a704a35d4376907a0e3496568f75650,TOU,7.001,2026-02-17T21:09:55.279559Z,2026-02-17T21:49:55.279559Z,0xa614a29f4fc1cbcdf36713ede6965e331845872ffdd11384cfc3aa63572f72a1,2026-02-17
run_20260217_220238-0141,,0xefa7918571540fe03aab733ceedfea82e683d20c09ec36da6143380c3b4cf135,0xee1f4ca3dd018d5252de54e58a053c8177b160de643ff2dd59b03653739e0886,TOU,3.421,2026-02-17T04:44:07.632710Z,2026-02-17T05:14:07.632710Z,0xa614a29f4fc1cbcdf36713ede6965e331845872ffdd11384cfc3aa63572f72a1,2026-02-17
run_20260217_220238-0142,,0xc8b9cedc152b66c14a6f9f65595a9f0d5810ff2fa4e8b785318c58411611065e,0x607991a0683fb017486f2e0dc1ec3d3c7e081a7065f959286b7f8f6fefff320b,TOU,8.817,2026-02-17T04:05:33.921738Z,2026-02-17T05:20:33.921738Z,0xa614a29f4fc1cbcdf36713ede6965e331845872ffdd11384cfc3aa63572f72a1,2026-02-17
run_20260217_220238-0143,,0x1a6a847206316db904e35f1728a6b88d229e9117149bf927bc20923ec130faaf,0xdb5e0769f504ff932c331da762169842885554098f6b8d924c4b5c4db5e785c6,TOU,3.716,2026-02-17T16:35:14.149668Z,2026-02-17T16:55:14.149668Z,0xa614a29f4fc1cbcdf36713ede6965e331845872ffdd11384cfc3aa63572f72a1,2026-02-17
run_20260217_220238-0144,,0xefba4fb66f4741f596688c2f82eb538fc68249585d2d260b324c110a0c1533ec,0x42832ab03708ecefffb84b6558bb927b024b2d8d5eb896bcf5115a2d56bc9e20,TOU,2.49,2026-02-17T22:27:11.143594Z,2026-02-17T22:47:11.143594Z,0xa614a29f4fc1cbcdf36713ede6965e331845872ffdd11384cfc3aa63572f72a1,2026-02-17
run_20260217_220238-0145,,0xa035d9ebcabfcadd4101fea186d75af495d8e8d243ecb7d13f7633491d50163e,0xaf0ef819ca9ecb889bd51f0b491283e64c2e1ada9885d980885ea929ea767391,TOU,10.952,2026-02-17T00:30:12.004183Z,2026-02-17T01:30:12.004183Z,0xa614a29f4fc1cbcdf36713ede6965e331845872ffdd11384cfc3aa63572f72a1,2026-02-17
run_20260217_220238-0146,,0x6b45b1bfc5645824c0e646a6ec9656a471240acd4c0cdfc1fe6b43f3c3d38c91,0x1f5e11333f58f125f01ef8ca97429419dd619f20e1207feb3bcffad36149c6ef,TOU,2.383,2026-02-17T00:29:38.213825Z,2026-02-17T00:49:38.213825Z,0xa614a29f4fc1cbcdf36713ede6965e331845872ffdd11384cfc3aa63572f72a1,2026-02-17
run_20260217_220238-0147,,0xa994ef93bc66c20b90e302a4160fbafb7cae0504a50b314e4f1db12cdf1e79ec,0x6c92e2b0d6741e516d8a361702b167b1b759863efcc64b4dbd37db09e7bb1f04,TOU,4.736,2026-02-17T18:02:34.959873Z,2026-02-17T18:42:34.959873Z,0xa614a29f4fc1cbcdf36713ede6965e331845872ffdd11384cfc3aa63572f72a1,2026-02-17
run_20260217_220238-0148,,0x14e982c082cb5bb429e4f1e7c7262d95cd278e14610c95e69cc3d330719c7fc0,0x31173af21b5ccc81e7973f300af5d4238f9c3dcb1a54c9ec21424e239039003a,TOU,8.854,2026-02-17T22:22:06.065990Z,2026-02-17T23:37:06.065990Z,0xa614a29f4fc1cbcdf36713ede6965e331845872ffdd11384cfc3aa63572f72a1,2026-02-17
run_20260217_220238-0149,,0x305acc0fc8efa4b98a38709c23c881dcdb66852727607997217981a046c0fefa,0x2bf2feabbc1252643779bcfcee3bd6ca95df052359deeebec804d36e4fe8f1dc,TOU,8.57,2026-02-17T02:57:11.280964Z,2026-02-17T04:12:11.280964Z,0xa614a29f4fc1cbcdf36713ede6965e331845872ffdd11384cfc3aa63572f72a1,2026-02-17
run_20260217_220238-0150,,0xfd0ad2133606dfeba03f43654071194bef90649ae2dbd19a4d0c9f8ac506d3e5,0x3d3709b5a5c1c2ae767c971cfad53d5a9b95ea6f948243f117451ff1255fc662,TOU,13.787,2026-02-17T14:56:53.839713Z,2026-02-17T16:11:53.839713Z,0xa614a29f4fc1cbcdf36713ede6965e331845872ffdd11384cfc3aa63572f72a1,2026-02-17
run_20260217_220238-0151,,0x09566942864990d64c5aacf296c21f37c28c5507024499aae5dc81cd058d0ae3,0x974a1ee9621b6ca04ce61a0c4fb6f0549abdcf0b5f1c200d78ad05ac689d8b89,TOU,27.99,2026-02-17T14:55:52.686963Z,2026-02-17T16:10:52.686963Z,0xa614a29f4fc1cbcdf36713ede6965e331845872ffdd11384cfc3aa63572f72a1,2026-02-17
run_20260217_220238-0152,,0x65a5ef982e419593830fe7d36d5cd5634764603b0c7c64cfa0f80fb44e6ddae7,0xae23f726fd12f79db3ae908f472352b8e9e3ad9c061bcfd721dccd3ddd1cffcf,TOU,27.976,2026-02-17T18:09:39.949089Z,2026-02-17T19:24:39.949089Z,0xa614a29f4fc1cbcdf36713ede6965e331845872ffdd11384cfc3aa63572f72a1,2026-02-17
run_20260217_220238-0153,,0x4e5b0effb6f9bb05ebbdb42f941ace55f09dcace6b2faf2759ab392069e968f0,0x2065a3a3a54b7842bb114a2e69bee23eff4e7cbb35799e03c05dc8c8407ee034,TOU,3.647,2026-02-17T03:14:43.069697Z,2026-02-17T03:44:43.069697Z,0xa614a29f4fc1cbcdf36713ede6965e331845872ffdd11384cfc3aa63572f72a1,2026-02-17
run_20260217_220238-0154,,0xbcbf23e2b81a1fb2842e57fbe938da424b3ae390b09edf145e886845327f3a07,0x83cf333780618be61beb44900b01ba85aa9a7294c258b74fa4a65b60f4780703,TOU,26.922,2026-02-17T18:05:08.926585Z,2026-02-17T19:20:08.926585Z,0xa614a29f4fc1cbcdf36713ede6965e331845872ffdd11384cfc3aa63572f72a1,2026-02-17
run_20260217_220238-0155,,0x6b7100fa62d5e877f1c8166f03340d62a6dc32cc2db69dedf1ba3cb642c211f7,0xf792b52df6c127ed3545157d5a2c22a7a2409b79af259b57383ee95c93304d2a,TOU,7.724,2026-02-17T03:50:44.482153Z,2026-02-17T04:10:44.482153Z,0xa614a29f4fc1cbcdf36713ede6965e331845872ffdd11384cfc3aa63572f72a1,2026-02-17
run_20260217_220238-0156,,0xf34487900ef4cb72be701ab6c02627d6a8690d254addc0cf14c9eb8dba554cf4,0x01c712a25d1f48dd8bb03ea633783556359566bf9960fa42ea530b4c018b289b,TOU,14.045,2026-02-17T23:45:50.177710Z,2026-02-18T01:00:50.177710Z,0xa614a29f4fc1cbcdf36713ede6965e331845872ffdd11384cfc3aa63572f72a1,2026-02-17
run_20260217_220238-0157,,0xa47d10917225842f27a0493370ebb3dd186071cf3bef38635af2bea650971dde,0x093e3a3467c3a58a505aee806d14544b6c5890cb8b4851f3a095efcf390f6b63,TOU,3.527,2026-02-17T21:40:18.479882Z,2026-02-17T22:10:18.479882Z,0xa614a29f4fc1cbcdf36713ede6965e331845872ffdd11384cfc3aa63572f72a1,2026-02-17
run_20260217_220238-0158,,0x4bfcff5a9325cd1d4b987d0f7a4dbb98e93c6fd7115b8232326b98549823f313,0x7cb35dd56f9c90acc1cf64f3500f71c6598f1f486fc9378c0e093ebb025cff36,TOU,5.069,2026-02-17T18:08:46.837942Z,2026-02-17T18:38:46.837942Z,0xa614a29f4fc1cbcdf36713ede6965e331845872ffdd11384cfc3aa63572f72a1,2026-02-17
run_20260217_220238-0159,,0x8e2305ab38b112431fcd7a946d1a9a991a54c246476c6ab31cb082d1f45f25be,0x5fe712c2eec281102d8758bf9aaa4ba14066fa1ff48f2d19df7881012a680ee7,TOU,7.251,2026-02-17T12:33:33.159349Z,2026-02-17T12:53:33.159349Z,0xa614a29f4fc1cbcdf36713ede6965e331845872ffdd11384cfc3aa63572f72a1,2026-02-17
run_20260217_220238-0160,,0x4d12bd4a0236efdbe249041fb5898321f7476ce66298715d4572455fc78558f9,0x02b0b3dff31bfae4e361fc7ab9e19ed498fcebbe5f28d9aaa356a9e9593d29fb,TOU,9.232,2026-02-17T00:36:40.245977Z,2026-02-17T01:51:40.245977Z,0xa614a29f4fc1cbcdf36713ede6965e331845872ffdd11384cfc3aa63572f72a1,2026-02-17
run_20260217_220238-0161,,0xb265373a1a5fe4999bca2fb2e9cd86072af43780210e5b0775b00061720bf1ac,0xf5a0812f14d2cb7c955dc7497a9823baac2e8b40d2c59fed99f71a6d785ed251,TOU,7.057,2026-02-17T06:52:41.735044Z,2026-02-17T07:52:41.735044Z,0xa614a29f4fc1cbcdf36713ede6965e331845872ffdd11384cfc3aa63572f72a1,2026-02-17
run_20260217_220238-0162,,0xb1478e67b8b9c8c75a795c26d43e01cc5b79898eea9b51bd929ba6fb81d2b7ea,0xaa50ab5720926fa219eb5685eb4f05c8de084bf27f7abb0be1a20c0b2ea94144,TOU,3.153,2026-02-17T13:29:35.574954Z,2026-02-17T13:49:35.574954Z,0xa614a29f4fc1cbcdf36713ede6965e331845872ffdd11384cfc3aa63572f72a1,2026-02-17
run_20260217_220238-0163,,0xf47bfc39aa8d7f11b5819750d8b0af12c1d5db1d385fa49eee0d201957a11340,0x723200800d806b5d1bec1ff318008e8ffbaeeb576f04fb5974fdf3a803c0c1ff,TOU,11.058,2026-02-17T17:25:24.544726Z,2026-02-17T18:25:24.544726Z,0xa614a29f4fc1cbcdf36713ede6965e331845872ffdd11384cfc3aa63572f72a1,2026-02-17
run_20260217_220238-0164,,0xa53e592057b6df7a3312b898f62392354faf0f3530ce6c75ac265b056aab11d9,0x63d388fb6e63a85cc5e2fbf350a3a1e1f07a1866ea230213c8cb7e78fba596f6,TOU,4.936,2026-02-17T14:37:56.661326Z,2026-02-17T15:17:56.661326Z,0xa614a29f4fc1cbcdf36713ede6965e331845872ffdd11384cfc3aa63572f72a1,2026-02-17
run_20260217_220238-0165,,0x468eba0c53d7da5be7695f68bfafa1f818904942feb13c11ad1b3f5c8e8b2ec8,0xd4fdf7a934062b6c83b84a701863f7531d2eab0a8e059a0d0b1c5ce42c1e505f,TOU,15.758,2026-02-17T23:21:10.971493Z,2026-02-18T00:01:10.971493Z,0xa614a29f4fc1cbcdf36713ede6965e331845872ffdd11384cfc3aa63572f72a1,2026-02-17
run_20260217_220238-0166,,0x2070efdb477a92ed38dbeb8e44b8a848481abdfaae9a05fb4cb0a8f45540ffc4,0x137573c6b0619aca79f43068c47bfd51beece00e2d60bf24139af97c2601bad1,TOU,7.128,2026-02-17T19:54:48.035419Z,2026-02-17T20:54:48.035419Z,0xa614a29f4fc1cbcdf36713ede6965e331845872ffdd11384cfc3aa63572f72a1,2026-02-17
run_20260217_220238-0167,,0x9653a01fb8877ebd94953405a5dbd3e7873f594e1cb972303975e7282410ba11,0xf0839f942e39a8cc8d3b669a78808e57f7d869b5778b46ff1555e108e1434f2b,TOU,3.665,2026-02-17T20:43:53.704981Z,2026-02-17T21:03:53.704981Z,0xa614a29f4fc1cbcdf36713ede6965e331845872ffdd11384cfc3aa63572f72a1,2026-02-17
run_20260217_220238-0168,,0xe323ae904e4187ec17a6ff1aa60962f3506ade688e0babaff7f9dae57b9f4707,0xae72845265a8c7060c8303b0e503b0eabddc85604f3664981fdc5ebf19ecfdf0,TOU,8.821,2026-02-17T04:13:06.555252Z,2026-02-17T05:28:06.555252Z,0xa614a29f4fc1cbcdf36713ede6965e331845872ffdd11384cfc3aa63572f72a1,2026-02-17
run_20260217_220238-0169,,0x3ed61eec5fa4417d21b312fa3c9dbf47b7d11d216ae0957b9ff7e6360238c61e,0xda461f4bf9dc77f031687dd64026cdbe15d09ffc6136e0afaed740834b797939,TOU,8.867,2026-02-17T10:53:17.647017Z,2026-02-17T12:08:17.647017Z,0xa614a29f4fc1cbcdf36713ede6965e331845872ffdd11384cfc3aa63572f72a1,2026-02-17
run_20260217_220238-0170,,0x540935a40e344b4892dbdfca71079ed2d814cc13d46f8a3bd5dafa3dcf857017,0xa0ba0ea16fb46bf73a8036b34b6115272ee34826b383ac4c1494b9632db68d0c,TOU,21.831,2026-02-17T00:12:23.466913Z,2026-02-17T01:12:23.466913Z,0xa614a29f4fc1cbcdf36713ede6965e331845872ffdd11384cfc3aa63572f72a1,2026-02-17
run_20260217_220238-0171,,0xb743cb162b68614cd83e44f7262da3d5c537523fb13ca45860afb07ab39836e5,0xd5ca3bcbe175c1e24abe2d3253b80ba086c892557730ab6949635f34dedec9f3,TOU,8.723,2026-02-17T19:59:28.354181Z,2026-02-17T21:14:28.354181Z,0xa614a29f4fc1cbcdf36713ede6965e331845872ffdd11384cfc3aa63572f72a1,2026-02-17
run_20260217_220238-0172,,0x3363b586892016797c84ce6ed4d84ad8c9db1aded9dceee26bab985cb5fd5a22,0x293c2eaa9dc95f1154dc08dbbf915cbb49a380de0f0100d2877bc3c352b91b65,TOU,3.876,2026-02-17T15:42:14.817711Z,2026-02-17T16:02:14.817711Z,0xa614a29f4fc1cbcdf36713ede6965e331845872ffdd11384cfc3aa63572f72a1,2026-02-17
run_20260217_220238-0173,,0xfc0d076ad06061f9ee00cd0917a0e7a44593947b9cb738059a9a8000f6e0c1c0,0x41939d6df469be2acb07961ac11d700fef4f2f6ed2a864908e6179f730d1c8c9,TOU,7.512,2026-02-17T16:29:52.674287Z,2026-02-17T17:29:52.674287Z,0xa614a29f4fc1cbcdf36713ede6965e331845872ffdd11384cfc3aa63572f72a1,2026-02-17
run_20260217_220238-0174,,0x32ee6af78f640244824c27084fa942c3651b166c68e7cb91abb5324cef742b71,0x093aa8db1630252baa6431a716ecd608b0abc166d9b84d84fc647fa2ddd00ac9,TOU,5.46,2026-02-17T19:47:47.240684Z,2026-02-17T20:17:47.240684Z,0xa614a29f4fc1cbcdf36713ede6965e331845872ffdd11384cfc3aa63572f72a1,2026-02-17
run_20260217_220238-0175,,0x91ff5295764674c3c12178770b29de97a6bef2529c9e9918c12cc0fa8c434c11,0x29269296e71c7a928a5fe514114e4a1f1267c0a46ab576be3575d9e8f30af7fe,TOU,5.419,2026-02-17T06:17:09.644871Z,2026-02-17T06:47:09.644871Z,0xa614a29f4fc1cbcdf36713ede6965e331845872ffdd11384cfc3aa63572f72a1,2026-02-17
run_20260217_220238-0176,,0xf567e0bea4eb360a7e5f029cfb463202983b9af3a6b3ff4fe264d6716a31c404,0x64f16104411c92327330e07f9f2fa4b5c377a161de1901af70a50fb1667cf237,TOU,9.037,2026-02-17T04:47:42.996365Z,2026-02-17T06:02:42.996365Z,0xa614a29f4fc1cbcdf36713ede6965e331845872ffdd11384cfc3aa63572f72a1,2026-02-17
run_20260217_220238-0177,,0xd77ae7380f0bb979c1c7f03064535e4b721fa43ea9fe260d57d782e8c831072e,0xd0a558bef14196bc22de33cbdb78a84204ab8caf1e8834797d51d052bf23d504,TOU,5.695,2026-02-17T09:49:09.453266Z,2026-02-17T10:19:09.453266Z,0xa614a29f4fc1cbcdf36713ede6965e331845872ffdd11384cfc3aa63572f72a1,2026-02-17
run_20260217_220238-0178,,0xd08260352feeb6febdb27e8703a97010449b3f0216ce97ef81e3f110ab3ef40f,0x75d4bfb91b45da01f11adcdb99e64fef58d6885a2595c5b853d2be6744c00389,TOU,21.846,2026-02-17T13:49:49.449229Z,2026-02-17T14:49:49.449229Z,0xa614a29f4fc1cbcdf36713ede6965e331845872ffdd11384cfc3aa63572f72a1,2026-02-17
run_20260217_220238-0179,,0x6746ff7eb3da0c88c30cbd8241555fb4b632ebec37aa4de9f932ea2b814b702d,0xdc31e00318cf1e8fcb01a72cae6a51718f85968e49c7580635429c211ea13025,TOU,27.18,2026-02-17T00:51:05.166675Z,2026-02-17T02:06:05.166675Z,0xa614a29f4fc1cbcdf36713ede6965e331845872ffdd11384cfc3aa63572f72a1,2026-02-17
run_20260217_220238-0180,,0x5642e50aa0e1c265ee34b8a814014cfdacad7f36d14970761cde90d9b0697460,0x5e85f1828b53f656238c9b7b4185ab7b9423a8e7974d7db8638b0d1079efff32,TOU,13.592,2026-02-17T17:33:14.398228Z,2026-02-17T18:48:14.398228Z,0xa614a29f4fc1cbcdf36713ede6965e331845872ffdd11384cfc3aa63572f72a1,2026-02-17
run_20260217_220238-0181,,0xdec1764dca11c40086b2ff82e6e03ed0ba5457cf1f9826c64611928672e8371c,0xfbb53855eea42bd887325d964897e85ad402d8f6400d426c466889d4474ea383,TOU,27.269,2026-02-17T18:17:47.860816Z,2026-02-17T19:32:47.860816Z,0xa614a29f4fc1cbcdf36713ede6965e331845872ffdd11384cfc3aa63572f72a1,2026-02-17
run_20260217_220238-0182,,0x5ef0ea8c78d17d6a32083de3dda443267c164c6475f0e7423218b69178fedb9b,0x0c26f0a73b0a052ff9a04835ddf9a120abf12f954db31f2aea165d3aa807daba,TOU,7.521,2026-02-17T20:43:45.118485Z,2026-02-17T21:43:45.118485Z,0xa614a29f4fc1cbcdf36713ede6965e331845872ffdd11384cfc3aa63572f72a1,2026-02-17
run_20260217_220238-0183,,0xda3efd6ac59d03782cb7b731a1d995fc814d9a33ce63da6e2ef81e882c507bdc,0xb91ed9dde8308838ea4dbd4c1d6627718c7ec483bc48ea6b042c7cc84688b417,TOU,3.633,2026-02-17T22:10:15.393984Z,2026-02-17T22:30:15.393984Z,0xa614a29f4fc1cbcdf36713ede6965e331845872ffdd11384cfc3aa63572f72a1,2026-02-17
run_20260217_220238-0184,,0x0c1c2f8a710ea0f80ec0d3b19c205a7b621d9752a8601f5baf0e1a6f9e64913d,0x57aee1fd1dbcc1dafe788c469f702c93ffa9f19308c866c0c5f276c81d140531,TOU,7.36,2026-02-17T23:55:26.325444Z,2026-02-18T00:15:26.325444Z,0xa614a29f4fc1cbcdf36713ede6965e331845872ffdd11384cfc3aa63572f72a1,2026-02-17
run_20260217_220238-0185,,0x3ca00a7de5caadb330f20e28a9727a846d717501651bae67f8045a30b6fce7c4,0xd0de80a8775154066af756da6dd099421108187f5b7da1a5397075080ab553f7,TOU,5.425,2026-02-17T00:44:53.690681Z,2026-02-17T01:14:53.690681Z,0xa614a29f4fc1cbcdf36713ede6965e331845872ffdd11384cfc3aa63572f72a1,2026-02-17
run_20260217_220238-0186,,0x5b0c6b3286eaf4ff55d8286fc37426341fccd4d34f55a432fd117045d5c97cd5,0x8d45dd1b520cad182fd9acc5f2938e10b49d9f3b9bce1bf24f7b0f693d5ec37c,TOU,2.348,2026-02-17T05:41:21.252463Z,2026-02-17T06:01:21.252463Z,0xa614a29f4fc1cbcdf36713ede6965e331845872ffdd11384cfc3aa63572f72a1,2026-02-17
run_20260217_220238-0187,,0x6509b114ca855630309ac819f0cf5e5783d19beb65ba2fbc9301392f17f66679,0x3b9b2c419056a8ebe7ee2323159d3bb238dbbb6f95a63589d8655ddc002ea283,TOU,7.533,2026-02-17T23:58:01.599517Z,2026-02-18T00:58:01.599517Z,0xa614a29f4fc1cbcdf36713ede6965e331845872ffdd11384cfc3aa63572f72a1,2026-02-17
run_20260217_220238-0188,,0x0fc20c5a72fe8bf1713990d8a0f379e929ad4a70c7a01a95676a7c92fb514442,0x2898ef4c1622b23f3431044e29d138fe53cda2bd59762471c3349981e9508114,TOU,5.427,2026-02-17T07:11:48.265500Z,2026-02-17T07:41:48.265500Z,0xa614a29f4fc1cbcdf36713ede6965e331845872ffdd11384cfc3aa63572f72a1,2026-02-17
run_20260217_220238-0189,,0x0e8b90684338b685773624bf01c52ecd06fb109b8be86f760dbf58fcaf962616,0xaa812386912f9cecf5400f736b48de3a405751bdcef68cd16f880f62fdd432fd,TOU,4.957,2026-02-17T23:47:23.394037Z,2026-02-18T00:27:23.394037Z,0xa614a29f4fc1cbcdf36713ede6965e331845872ffdd11384cfc3aa63572f72a1,2026-02-17
run_20260217_220238-0190,,0xd6a0c58dd89fbfd93af64b8431318e7e61509bba50b7a7c8b85262ba3d474850,0x76cba2df4b093ea23ccd2ee4d33eeabd3eaf6a249ed8f53c3e769bf3ce655aec,TOU,11.048,2026-02-17T05:25:13.014213Z,2026-02-17T05:55:13.014213Z,0xa614a29f4fc1cbcdf36713ede6965e331845872ffdd11384cfc3aa63572f72a1,2026-02-17
run_20260217_220238-0191,,0x4fafb5473a2199b0a2012438bf85d9808bb386f70b788de85f5d666f7288f4cb,0xb3415ec2910f5a009616db4b1361cd6b8c407ff8e537ccdb648e005513cf03c8,TOU,21.241,2026-02-17T06:01:29.572537Z,2026-02-17T07:01:29.572537Z,0xa614a29f4fc1cbcdf36713ede6965e331845872ffdd11384cfc3aa63572f72a1,2026-02-17
run_20260217_220238-0192,,0x319380871bb573c5ad747b686afd714457cbed5f0d3e0b23fba351964c181077,0x4af9210d94cba55fe04bad26ffca5a4ea6b617f3392a892b69855e3d8a201f37,TOU,14.781,2026-02-17T06:40:30.079203Z,2026-02-17T07:20:30.079203Z,0xa614a29f4fc1cbcdf36713ede6965e331845872ffdd11384cfc3aa63572f72a1,2026-02-17
run_20260217_220238-0193,,0x1e2d040a7f8d67120b067c71f0420d3351936d5a49214cf1f1d5b7daf47235d4,0xb8cd0a07e7c1640bb574ed7ff347002ffb039e113548abe4623d7fbb1bdd6b43,TOU,22.394,2026-02-17T21:16:38.947551Z,2026-02-17T22:16:38.947551Z,0xa614a29f4fc1cbcdf36713ede6965e331845872ffdd11384cfc3aa63572f72a1,2026-02-17
run_20260217_220238-0194,,0xd32e287ef88a3650669f4926d436049f13256425ed6d72fec73a665dece30aa1,0x26a3f2fabe0a04cf683803bd516b541a4dc38fe15bc82bcff6eb0a18f49f57f7,TOU,3.774,2026-02-17T09:53:11.793866Z,2026-02-17T10:13:11.793866Z,0xa614a29f4fc1cbcdf36713ede6965e331845872ffdd11384cfc3aa63572f72a1,2026-02-17
run_20260217_220238-0195,,0x6d87f928025a2677075d7e398bb1b576a54840332ffeb518dcf397ef36c7a6ed,0x2df34f0a78067b33d4dc35a2097555912ac3015e2f405b160e4db9f900cecc01,TOU,10.603,2026-02-17T11:57:29.369380Z,2026-02-17T12:57:29.369380Z,0xa614a29f4fc1cbcdf36713ede6965e331845872ffdd11384cfc3aa63572f72a1,2026-02-17
run_20260217_220238-0196,,0x51b0ec7b96e0bec7912cacd825c6004236aaafdc9048fab9c39eadf6fe14f678,0x70a5c991eea4ed5167fb493fd4a73703cf71d091c944337c819dcc78aff00e3d,TOU,23.332,2026-02-17T22:23:47.656775Z,2026-02-17T23:23:47.656775Z,0xa614a29f4fc1cbcdf36713ede6965e331845872ffdd11384cfc3aa63572f72a1,2026-02-17
run_20260217_220238-0197,,0xd0b6a9b2bd344e3b577f1039efa98a82bd850923ce4282083b3622c5d702aca2,0x5ac4e4a4ea854af37d94fbfbcd733304806c2a844fcd1628f2cc03a3245aa8b9,TOU,27.485,2026-02-17T01:06:39.400168Z,2026-02-17T02:21:39.400168Z,0xa614a29f4fc1cbcdf36713ede6965e331845872ffdd11384cfc3aa63572f72a1,2026-02-17
run_20260217_220238-0198,,0xafd6d53a4b1499cad71849e6e745688291cfb458fe77081a9c63a69a2066d0ad,0x4e92237018f30e2009372f2f86e77d069d7f00f56c61782ae4829b8c1f5aa5ed,TOU,3.878,2026-02-17T11:43:28.445618Z,2026-02-17T12:03:28.445618Z,0xa614a29f4fc1cbcdf36713ede6965e331845872ffdd11384cfc3aa63572f72a1,2026-02-17
run_20260217_220238-0199,,0xa6d69de8b97bef8b41ee8d98cd27d3d1c0ff496404d4b66b8a0c34bd27b46291,0xd3459b3551a9d7ab936fe752914a933ea783d20a45083d0f29d84063091809ca,TOU,9.058,2026-02-17T21:12:55.176655Z,2026-02-17T22:27:55.176655Z,0xa614a29f4fc1cbcdf36713ede6965e331845872ffdd11384cfc3aa63572f72a1,2026-02-17
run_20260217_220238-0200,,0x03bfc834fbc89bc084de798266306ee94c8571c1a74a9f3e94a46facd53dd6fa,0x379c2c1986e9becaad4da32e2c9f3a1781e7d13e4902c8ccd72207c1c1ac945c,TOU,2.495,2026-02-17T21:07:03.759676Z,2026-02-17T21:27:03.759676Z,0xa614a29f4fc1cbcdf36713ede6965e331845872ffdd11384cfc3aa63572f72a1,2026-02-17
run_20260217_220238-0201,,0x70d3f02d545b803e1b5e075fd0bf24f1cad33bb346a22b9481c0e7a251f136e3,0x6b78d3ff15ef88d54c2009b5550eb995025a306d8920a9baf7fa495130a1fc73,TOU,7.392,2026-02-17T05:25:07.225771Z,2026-02-17T06:05:07.225771Z,0xa614a29f4fc1cbcdf36713ede6965e331845872ffdd11384cfc3aa63572f72a1,2026-02-17
run_20260217_220238-0202,,0x93e2a513e9ea38abf341186d2ed495de642d6f5043e075904379e73ed0f0a217,0xe1df0785775e07ae7b42292c1c0c810b4bcfa150a4aa6a3ae246aa2a64a1b9e3,TOU,9.367,2026-02-17T05:21:43.453405Z,2026-02-17T06:36:43.453405Z,0xa614a29f4fc1cbcdf36713ede6965e331845872ffdd11384cfc3aa63572f72a1,2026-02-17
run_20260217_220238-0203,,0xd07a9fb5b201afcd7f4c62165acc2805ebfc8c315d0e2fa78d58791ad73af636,0x47f342d23a91cbff9b0ca131e26137922147a209a99893e29615a29e411b3bb6,TOU,11.306,2026-02-17T22:32:45.065464Z,2026-02-17T23:02:45.065464Z,0xa614a29f4fc1cbcdf36713ede6965e331845872ffdd11384cfc3aa63572f72a1,2026-02-17
run_20260217_220238-0204,,0xd7af01c35d41e481af2822303b0daa1eb8d103e6ac7ac3cc4cd36ab8daaffc38,0x8c8fc0cb8b1533cd831285376b2ade640a69b18e6c350143e4d2894a202924ee,TOU,8.132,2026-02-17T21:56:44.431127Z,2026-02-17T22:16:44.431127Z,0xa614a29f4fc1cbcdf36713ede6965e331845872ffdd11384cfc3aa63572f72a1,2026-02-17
run_20260217_220238-0205,,0x4448cb5c3a6bf20168a4053493acb6ac9a89bbf4dfdd847d999b421c5650629b,0x561e362ddb0c38dbc1c135f29722a2a9a4f429a342146638f549e7ee2da62442,TOU,7.545,2026-02-17T20:50:46.804052Z,2026-02-17T21:30:46.804052Z,0xa614a29f4fc1cbcdf36713ede6965e331845872ffdd11384cfc3aa63572f72a1,2026-02-17
run_20260217_220238-0206,,0xd1e5171b1c3e08e57380956eb323c60db5a1d6832cef18913bf4eb0aa1517fd3,0x98614d629ddd8678fec3284bfe84e3cc719a278e07d3673b3f29bdc92b43f802,TOU,3.702,2026-02-17T09:57:01.225707Z,2026-02-17T10:27:01.225707Z,0xa614a29f4fc1cbcdf36713ede6965e331845872ffdd11384cfc3aa63572f72a1,2026-02-17
run_20260217_220238-0207,,0x830dae99225d1a6650b3901b1af7d692e3205dfae0bd1e30ada3c4350949ee9d,0xc89a91292e494d2775c518b581a32d86f91abc997312d44375d475c3a8f3c6d9,TOU,2.269,2026-02-17T03:31:25.539159Z,2026-02-17T03:51:25.539159Z,0xa614a29f4fc1cbcdf36713ede6965e331845872ffdd11384cfc3aa63572f72a1,2026-02-17
run_20260217_220238-0208,,0x0f139ea0cc225b24e89fdd12c348b0f91d7d8a89cd1b6966b51a8d1006eddff1,0xb3de57a51a8ac6c8128c889560daf4b9966e1634c8b4e0a50a07458d43da9b76,TOU,7.209,2026-02-17T16:06:58.627872Z,2026-02-17T16:26:58.627872Z,0xa614a29f4fc1cbcdf36713ede6965e331845872ffdd11384cfc3aa63572f72a1,2026-02-17
run_20260217_220238-0209,,0x81e4ee86c919fb0070ca28a0c9af38442cf6a0845fc1d52398c01d020e61926f,0xb4fd0e01a49b551c2b6752e300edd91531b27c8600b558bff0086cfdff747f6a,TOU,11.125,2026-02-17T19:48:37.827910Z,2026-02-17T20:48:37.827910Z,0xa614a29f4fc1cbcdf36713ede6965e331845872ffdd11384cfc3aa63572f72a1,2026-02-17
run_20260217_220238-0210,,0x2f0c6b5fc878af103818f0e50f53726ed99cf9724c1fb319eb629ab7c5369be7,0x1792d95868ebdd8601de519165c58ae37ee0bde27765c0364528b29e26bd534a,TOU,2.286,2026-02-17T09:54:59.339810Z,2026-02-17T10:14:59.339810Z,0xa614a29f4fc1cbcdf36713ede6965e331845872ffdd11384cfc3aa63572f72a1,2026-02-17
run_20260217_220238-0211,,0xf798997de13a2528de5620bada2cdf6b65e970b7316524c2f0b0781d49510bb7,0x7ac57bd684bea437be16194431256dbad3d722ad81c92d9677693d3330507374,TOU,5.067,2026-02-17T04:04:43.626288Z,2026-02-17T04:44:43.626288Z,0xa614a29f4fc1cbcdf36713ede6965e331845872ffdd11384cfc3aa63572f72a1,2026-02-17
run_20260217_220238-0212,,0xff82aee688860d4cd3c31b7197349422faab3c295573752fc41d6effdf044f5f,0xf4a43e5d93eff5b5fb0bed67e0a7f063c0107d1a1297cdb6c90c71c6721254a1,TOU,6.979,2026-02-17T02:11:02.515749Z,2026-02-17T02:51:02.515749Z,0xa614a29f4fc1cbcdf36713ede6965e331845872ffdd11384cfc3aa63572f72a1,2026-02-17
run_20260217_220238-0213,,0x85322ca5cceaee1c9266072cd95469dd3f8a0903477d881ef22cd7a3362f7b93,0x0b09d56007ca7c5e4b36110520b28185135a1b49020323112e9d592b25ee5d36,TOU,10.175,2026-02-17T20:41:22.808120Z,2026-02-17T21:11:22.808120Z,0xa614a29f4fc1cbcdf36713ede6965e331845872ffdd11384cfc3aa63572f72a1,2026-02-17
run_20260217_220238-0214,,0x96ad26865332aca34ef1ac7d21cbf3ab2968fa9d415408d7973fab440abb0210,0x4a82344c80506c1fb3c47cc193cdbe63c5fc306dda04821bf8f38c1783cba2d4,TOU,11.273,2026-02-17T10:54:53.661559Z,2026-02-17T11:54:53.661559Z,0xa614a29f4fc1cbcdf36713ede6965e331845872ffdd11384cfc3aa63572f72a1,2026-02-17
run_20260217_220238-0215,,0x8e5b5caecfddc1c8d42c35cd2f5e249484b7e6463348899513e362d7059b7c35,0x96bbab63c079f2405b78d6166b8688623ab9a2f97cc74c3132a8f73d40f9f774,TOU,5.214,2026-02-17T21:34:48.393257Z,2026-02-17T22:04:48.393257Z,0xa614a29f4fc1cbcdf36713ede6965e331845872ffdd11384cfc3aa63572f72a1,2026-02-17
run_20260217_220238-0216,,0x3e1d224a99ad015919db14dcd0e68e108656c571d3f6458cdb840cf13f2c7d43,0x6871a8d0943dcdfdfd36183eee96aa56bad4ec888b136450bd2d75599eb49511,TOU,3.467,2026-02-17T03:50:31.197401Z,2026-02-17T04:20:31.197401Z,0xa614a29f4fc1cbcdf36713ede6965e331845872ffdd11384cfc3aa63572f72a1,2026-02-17
run_20260217_220238-0217,,0xde09b19219a50bb812f54f253b43cb2771607e4da4fdfb0e1cf6f890c558b7ed,0xd3dc2fd881bae254dc94f4d16b0dd6f0575f8d95ce6a9f95dacfa506f99233c0,TOU,9.273,2026-02-17T10:27:24.399542Z,2026-02-17T11:42:24.399542Z,0xa614a29f4fc1cbcdf36713ede6965e331845872ffdd11384cfc3aa63572f72a1,2026-02-17
run_20260217_220238-0218,,0x893e59e0c9c5ed67344f570a2d0259bb71eda9198597a57ccc87627b6721ccfa,0x7e532c8da8c25b1a8817451953a5cd3f6d0b5252d1774b96130714281444cd40,TOU,3.765,2026-02-17T20:26:17.681560Z,2026-02-17T20:56:17.681560Z,0xa614a29f4fc1cbcdf36713ede6965e331845872ffdd11384cfc3aa63572f72a1,2026-02-17
run_20260217_220238-0219,,0x15f4e261494a1b605d5dc9ae51dcaf836ec6ee8a8f753d59ce0a9424d11a05e3,0xd29422ba528def20657c8ba9d64b05ceba231fbb18510e28238d6504e2d98d62,TOU,11.553,2026-02-17T16:14:27.083142Z,2026-02-17T16:44:27.083142Z,0xa614a29f4fc1cbcdf36713ede6965e331845872ffdd11384cfc3aa63572f72a1,2026-02-17
run_20260217_220238-0220,,0x2008156e968f6d1bc6a12bbb80b96d026ab118e3ccfe8af669ab395d0e001595,0x0ccec725574e0ffab64308ec3484c33fdfe4dcecb046b227862439224829cd12,TOU,4.906,2026-02-17T09:15:15.543588Z,2026-02-17T09:55:15.543588Z,0xa614a29f4fc1cbcdf36713ede6965e331845872ffdd11384cfc3aa63572f72a1,2026-02-17
run_20260217_220238-0221,,0x5b3d8e352e37cb858f5f095eab8308be16bdb38dab0882e8081e83d973554514,0xe2f130945ddbde2f34814691b5ba653894f7136b2049cfcf7627e65082e4180c,TOU,9.13,2026-02-17T00:07:13.937521Z,2026-02-17T01:22:13.937521Z,0xa614a29f4fc1cbcdf36713ede6965e331845872ffdd11384cfc3aa63572f72a1,2026-02-17
run_20260217_220238-0222,,0x87f2943003b79721b65d3922737d53f0746307b727f072d0473d968bfc9722ab,0x42d6f6d30f7f7f7e1727e6d26c52ec98a9b13d8734ecc4edff4b53c6e4837129,TOU,7.339,2026-02-17T02:42:13.136285Z,2026-02-17T03:42:13.136285Z,0xa614a29f4fc1cbcdf36713ede6965e331845872ffdd11384cfc3aa63572f72a1,2026-02-17
run_20260217_220238-0223,,0x0da249118fe0a69ceef8a61c2c6d6fd62cafe27d5fade21c5c85f372b5144d45,0xeb5e3e6ca7f84b30c4965dabef91f236ddf90ca2a7c858dd02ff2f68f94ce173,TOU,27.51,2026-02-17T04:05:31.077138Z,2026-02-17T05:20:31.077138Z,0xa614a29f4fc1cbcdf36713ede6965e331845872ffdd11384cfc3aa63572f72a1,2026-02-17
run_20260217_220238-0224,,0x074eac000c1cd9d32395be65e113fa117b63d4c2dc05a47a48bfa330d5a847a1,0xb41cbd5f016772fd9b6ff44c98349975a570298450925c269e58c9126f272974,TOU,11.746,2026-02-17T13:37:53.663930Z,2026-02-17T14:07:53.663930Z,0xa614a29f4fc1cbcdf36713ede6965e331845872ffdd11384cfc3aa63572f72a1,2026-02-17
run_20260217_220238-0225,,0x142ea0a6788da113f94ab1ce1b9608636b67bd8cfa3cde6b6cb12dd9cec09270,0x5c2ecff789381b074ec4ae2796305ad408a1021ab761620abd469250c3070c4c,TOU,7.314,2026-02-17T11:01:13.162709Z,2026-02-17T11:41:13.162709Z,0xa614a29f4fc1cbcdf36713ede6965e331845872ffdd11384cfc3aa63572f72a1,2026-02-17
run_20260217_220238-0226,,0x14b1a00dfedbbbaa8e6820334e86d965506223be13fc8d5bfb6ef9d2f7918518,0xebc1096816ef5d501f8e2346d5677ca5e19f7acc0e5e870b130335eb79a34774,TOU,2.595,2026-02-17T12:27:19.626460Z,2026-02-17T12:47:19.626460Z,0xa614a29f4fc1cbcdf36713ede6965e331845872ffdd11384cfc3aa63572f72a1,2026-02-17
run_20260217_220238-0227,,0x37597a38aa83a2db661eb2a428997e8e018ad9dc57ffdf530461e521025ab423,0xa1669ed3202435f7a418cacd90b562f4a9ffcee4a0cafe17c9667e9f9a1f0afc,TOU,22.647,2026-02-17T14:26:38.821089Z,2026-02-17T15:26:38.821089Z,0xa614a29f4fc1cbcdf36713ede6965e331845872ffdd11384cfc3aa63572f72a1,2026-02-17
run_20260217_220238-0228,,0x2928eb860c8d05d083cc0bb2e3407b292f5f63f2096e3fbb189acfd1d947bc4b,0xb7a24c8377e8a1eb6441404c61408e935610edeaa2f9d04b2c419cdc6bffeebb,TOU,14.842,2026-02-17T21:55:34.888257Z,2026-02-17T22:35:34.888257Z,0xa614a29f4fc1cbcdf36713ede6965e331845872ffdd11384cfc3aa63572f72a1,2026-02-17
run_20260217_220238-0229,,0x1f90b1b9ee419a75633a64238031cb0edb7b7190796f6b4b958248fe42f85e0e,0xc31daea6caa127ec3d6e3cf558951b286942a7fbf0bbcc8dfe0f2c371b55f920,TOU,4.801,2026-02-17T18:19:40.529517Z,2026-02-17T18:59:40.529517Z,0xa614a29f4fc1cbcdf36713ede6965e331845872ffdd11384cfc3aa63572f72a1,2026-02-17
run_20260217_220238-0230,,0xab56e6ace53158866a08ce1d9db7473b4fa0e9234ade885a082ef8be520e6004,0xa153d6757e2ac6594b1919419ff98b2524724bad93406d2724225ac5a619fbc7,TOU,3.313,2026-02-17T01:12:21.087866Z,2026-02-17T01:42:21.087866Z,0xa614a29f4fc1cbcdf36713ede6965e331845872ffdd11384cfc3aa63572f72a1,2026-02-17
run_20260217_220238-0231,,0xd85e84a55ecd2134719bc619412b1f0a7e0d965edbb8c81bfc594d7b99cb8ba3,0x396c735f7d1a86f57f110e6a63b036a9eeced790486a384fbc697f20ef699629,TOU,14.621,2026-02-17T09:42:07.882639Z,2026-02-17T10:22:07.882639Z,0xa614a29f4fc1cbcdf36713ede6965e331845872ffdd11384cfc3aa63572f72a1,2026-02-17
run_20260217_220238-0232,,0x787d8c787003e801de86262eb09f945841503ce51efa8dba072544f972d9a168,0xc2edabc1980b3cf51249082be9170dc7673b288d4be421d52b28eba66c009f6c,TOU,7.142,2026-02-17T11:26:30.642297Z,2026-02-17T12:26:30.642297Z,0xa614a29f4fc1cbcdf36713ede6965e331845872ffdd11384cfc3aa63572f72a1,2026-02-17
run_20260217_220238-0233,,0x33ee8c24381b03d4d6ea4c9af446b6470e10dafd9f27479445ea1ea443c990a2,0x40b3d4728dd49db99e726b2b09da63f0ca65430c6e365b23d41d6e1c8ff0781b,TOU,7.274,2026-02-17T10:15:17.192081Z,2026-02-17T11:15:17.192081Z,0xa614a29f4fc1cbcdf36713ede6965e331845872ffdd11384cfc3aa63572f72a1,2026-02-17
run_20260217_220238-0234,,0x19cd2b7386fdfcb6b6688e5f598de6c466c8d38755b2afe960bd7b0509522f73,0xbe431948fbd3ac927f6c9c1896434d539ca9aa9a6f66d13c89e1ad806a52d637,TOU,7.563,2026-02-17T16:42:36.052022Z,2026-02-17T17:22:36.052022Z,0xa614a29f4fc1cbcdf36713ede6965e331845872ffdd11384cfc3aa63572f72a1,2026-02-17
run_20260217_220238-0235,,0x75b6ea606d6884a67e6e4cfe18e451ac086d8c384d42fc4e38531ba94db5d648,0x68c1733ebe70e18c416f8da432b9b424a12a5686c8588be81f0e0756095f6a9f,TOU,5.578,2026-02-17T08:29:24.064293Z,2026-02-17T08:59:24.064293Z,0xa614a29f4fc1cbcdf36713ede6965e331845872ffdd11384cfc3aa63572f72a1,2026-02-17
run_20260217_220238-0236,,0x83212fb4cacb3132362fa26576b8f7ecfe6970c79ce14e84884b0867037014b5,0x041292deecc86475d92832a8fd4581e47614c7c5918483f827cade92503d1f4c,TOU,13.796,2026-02-17T22:24:30.693998Z,2026-02-17T23:39:30.693998Z,0xa614a29f4fc1cbcdf36713ede6965e331845872ffdd11384cfc3aa63572f72a1,2026-02-17
run_20260217_220238-0237,,0xff754918f7fe5c72777a50613c0e0919eb755b89ce134122ab4beb04163a2e32,0xf7b48c732c0a5daf6c9609aec8ed2423b7c8b2ac92fdc53bbfb34cd45e2939f2,TOU,5.376,2026-02-17T07:38:06.535258Z,2026-02-17T08:08:06.535258Z,0xa614a29f4fc1cbcdf36713ede6965e331845872ffdd11384cfc3aa63572f72a1,2026-02-17
run_20260217_220238-0238,,0x9b62209e5701471a2c31be04c3973b43a0b2237dbf4afca9dbd68a557670dcd3,0xb718912919e77736fc33aeec32996cc859efc63647c7518f8c5556ff16f4d63f,TOU,4.511,2026-02-17T07:27:03.313550Z,2026-02-17T08:07:03.313550Z,0xa614a29f4fc1cbcdf36713ede6965e331845872ffdd11384cfc3aa63572f72a1,2026-02-17
run_20260217_220238-0239,,0x1da1d945e3493d5ef5588e4146988c01d2b56886f99d975ccfa94c7c8a312792,0xa4a716d73f89ba6b7d1adec5db83a4dda1255e7d60d9872adf10d4b9aab000d5,TOU,3.693,2026-02-17T03:13:55.974038Z,2026-02-17T03:33:55.974038Z,0xa614a29f4fc1cbcdf36713ede6965e331845872ffdd11384cfc3aa63572f72a1,2026-02-17
run_20260217_220238-0240,,0x1a81b87dd0cb4f095fc31b72d582ed6eadbf4077748ccc7fc105d3f5d22ad9af,0x218acaf2f415f30e51971dd8bcb0e034ae10bfbecdc8c0b7302d006d82dfcdf8,TOU,7.218,2026-02-17T01:21:04.370760Z,2026-02-17T02:01:04.370760Z,0xa614a29f4fc1cbcdf36713ede6965e331845872ffdd11384cfc3aa63572f72a1,2026-02-17
run_20260217_220238-0241,,0xfa2a1245609218a5bf6bbfc52427a7f0e2bed6f5e5e344925196ae1fff8b699e,0x9a8c19ea981317043d207814d4ba19b243f8642e4ec483ce6e6e1a43a82feeb8,TOU,14.576,2026-02-17T08:05:12.488902Z,2026-02-17T08:45:12.488902Z,0xa614a29f4fc1cbcdf36713ede6965e331845872ffdd11384cfc3aa63572f72a1,2026-02-17
run_20260217_220238-0242,,0x6f61b7cb74f3434f435848f514df532a3ead688abb0e5c63262f620a195bc8db,0x065548eb875129af03f8d11300d2c89ecfadb358af3b76c34dbbfbe28605a63a,TOU,4.791,2026-02-17T01:07:50.974243Z,2026-02-17T01:47:50.974243Z,0xa614a29f4fc1cbcdf36713ede6965e331845872ffdd11384cfc3aa63572f72a1,2026-02-17
run_20260217_220238-0243,,0x4046ddb98ec199b2e4fbcae58d0042bf6e772df4f164e5775495f23ee3dca634,0xcf2814de5e4803c35f6f00619bef7779310984edc06e2836925bb3f42f870630,TOU,7.432,2026-02-17T12:02:46.987626Z,2026-02-17T12:42:46.987626Z,0xa614a29f4fc1cbcdf36713ede6965e331845872ffdd11384cfc3aa63572f72a1,2026-02-17
run_20260217_220238-0244,,0x973d5bf3968f604418a2a4b121f934e7e12e70dd74fb60a3b9ad3158178bf4e6,0xf7f2b540e8264021f06f12aade6427911c9a05e7c0dee737631dd660323fbb3d,TOU,14.246,2026-02-17T05:08:44.894422Z,2026-02-17T05:48:44.894422Z,0xa614a29f4fc1cbcdf36713ede6965e331845872ffdd11384cfc3aa63572f72a1,2026-02-17
run_20260217_220238-0245,,0xae1f26b16b52d4fd0ccbff6db5fb0b2ce5115e578f7dcf4decff8091dc3ede08,0x4e05a71c99244e27103466fde9d4f28d9496edceaa788d4a0d23afa08906af58,TOU,14.763,2026-02-17T19:35:22.893954Z,2026-02-17T20:15:22.893954Z,0xa614a29f4fc1cbcdf36713ede6965e331845872ffdd11384cfc3aa63572f72a1,2026-02-17
run_20260217_220238-0246,,0x78743f8a5fcb0463bf79c21590f5d8a9e1f8a634192b61041d7b2913c9621771,0xe5796ab29154f4e759eb21fca27f6ce90a6b3a5e472921bd93fa91607bf72e38,TOU,27.131,2026-02-17T03:11:23.612859Z,2026-02-17T04:26:23.612859Z,0xa614a29f4fc1cbcdf36713ede6965e331845872ffdd11384cfc3aa63572f72a1,2026-02-17
run_20260217_220238-0247,,0x195c0d069219330174919ad52ea95fbb7e156c4cb9c8f2a8a9ec32eb1f44b0bf,0xa34cbff54628f35b277cc27a786507eb1a404bc750d137441d872985803e5812,TOU,15.403,2026-02-17T22:02:37.889257Z,2026-02-17T22:42:37.889257Z,0xa614a29f4fc1cbcdf36713ede6965e331845872ffdd11384cfc3aa63572f72a1,2026-02-17
run_20260217_220238-0248,,0x39e8bd069dd5172308b6df1da6224f9427cd5f535064101672eb00d751e94d80,0xf36de97ddb6378aaa37de8a43ea963fdf90ff2a9d9afa7d621e9951878a9b424,TOU,21.54,2026-02-17T20:52:39.325266Z,2026-02-17T21:52:39.325266Z,0xa614a29f4fc1cbcdf36713ede6965e331845872ffdd11384cfc3aa63572f72a1,2026-02-17
run_20260217_220238-0249,,0x8d3afd645cef6f24f5aec606327434b905c44bb13ba73364150be9ff06c5ea87,0xd5a6062a02e2c0034da1c7a961648c5bc1d73f39a7d3730cc444f61bb9e0e702,TOU,7.313,2026-02-17T07:20:19.461844Z,2026-02-17T08:00:19.461844Z,0xa614a29f4fc1cbcdf36713ede6965e331845872ffdd11384cfc3aa63572f72a1,2026-02-17
run_20260217_220238-0250,,0xffcb147a1674d165fa95ce37aad246a06436161747d6d9303f9ac3ab023a1641,0xc48a0b1007200718bf021546139e00a80018e4777a68a3ae9e52e5300209db6d,TOU,5.832,2026-02-17T13:34:31.324125Z,2026-02-17T14:04:31.324125Z,0xa614a29f4fc1cbcdf36713ede6965e331845872ffdd11384cfc3aa63572f72a1,2026-02-17
run_20260217_220238-0251,,0x4e0f0983fce5679cd22d7c449cd0d66f668f2aeaee277808bc6bbb8e620ec942,0x860ccff24ab2527c8515677874edcb8e9b203f290c38602697aeb50d3cd9e114,TOU,3.52,2026-02-17T06:31:52.613249Z,2026-02-17T07:01:52.613249Z,0xa614a29f4fc1cbcdf36713ede6965e331845872ffdd11384cfc3aa63572f72a1,2026-02-17
run_20260217_220238-0252,,0x05a0a6afb0b2e2807db69e1e882cb7a2b98643fa3130faade7264b6fdf43366b,0x07048c2998be8e34c375203d6916b12637b5f6bc5f167a8227d47a56d0b3e763,TOU,7.532,2026-02-17T11:08:59.031286Z,2026-02-17T11:28:59.031286Z,0xa614a29f4fc1cbcdf36713ede6965e331845872ffdd11384cfc3aa63572f72a1,2026-02-17
run_20260217_220238-0253,,0x8d3725c692ca44f40a8dc407fcfa477b3baa0851fcd94155c903f9f3c0b944b0,0x73a31e45d8cd487ebb4af3511b34df74956a87aa9f016dd970723944c48f24c3,TOU,7.661,2026-02-17T13:19:11.245435Z,2026-02-17T13:39:11.245435Z,0xa614a29f4fc1cbcdf36713ede6965e331845872ffdd11384cfc3aa63572f72a1,2026-02-17
run_20260217_220238-0254,,0xde510d8c5cea9cbb1972703427bd00e750fe545987f531f008e7c032f25a1be6,0x67b56a9e41b78f522248194c3da5375a9786f74c2b583e906477903642c4e193,TOU,13.402,2026-02-17T08:06:12.180626Z,2026-02-17T09:21:12.180626Z,0xa614a29f4fc1cbcdf36713ede6965e331845872ffdd11384cfc3aa63572f72a1,2026-02-17
run_20260217_220238-0255,,0x5b7e16e0ea38d59489b604f1676cbfcfe0e0736c8f38bcb74d2783950781d49f,0xcc3a148d3752eb9dc0f3ac7fd551f94262bd6aa0bbede635b577ecd9fb46eefc,TOU,7.263,2026-02-17T23:02:15.346861Z,2026-02-18T00:02:15.346861Z,0xa614a29f4fc1cbcdf36713ede6965e331845872ffdd11384cfc3aa63572f72a1,2026-02-17
run_20260217_220238-0256,,0x7bae166e180b47ada58417e4f49d665853599855cd7eec9579f2edd4075f1f88,0x610a6b50b227f557d36c3c7f0130e8652aac27ffb1bde74adbd70b2130412dfa,TOU,7.536,2026-02-17T13:01:16.693318Z,2026-02-17T13:41:16.693318Z,0xa614a29f4fc1cbcdf36713ede6965e331845872ffdd11384cfc3aa63572f72a1,2026-02-17
run_20260217_220238-0257,,0x7697b73f441954d64e6b243e956d5e425e5ea05abaa214d1c2aab7c4eba17b5c,0x2022c0e9742088e2eb6edacabd6bdea60a38c359075c7440ee2bfdc0767fdde4,TOU,2.36,2026-02-17T02:36:58.770203Z,2026-02-17T02:56:58.770203Z,0xa614a29f4fc1cbcdf36713ede6965e331845872ffdd11384cfc3aa63572f72a1,2026-02-17
run_20260217_220238-0258,,0x8e2b684600ea377215ed9a492ca4ff4c817719a27690900ea45d88404ac7702b,0xb34129819ab19dd49a870633a6e65f74755f2bfcbb679ea6cb50e597c6c05e80,TOU,7.408,2026-02-17T06:23:22.929523Z,2026-02-17T07:03:22.929523Z,0xa614a29f4fc1cbcdf36713ede6965e331845872ffdd11384cfc3aa63572f72a1,2026-02-17
run_20260217_220238-0259,,0xd2958feb27e267c9dbbc0804d8372b15a976a66ebb698f37125d3d31527de579,0x2329ee9baf7c72bff2d8f8fe7277e191d6be19a51ac1ae573e7694100156138a,TOU,2.516,2026-02-17T07:16:30.922928Z,2026-02-17T07:36:30.922928Z,0xa614a29f4fc1cbcdf36713ede6965e331845872ffdd11384cfc3aa63572f72a1,2026-02-17
run_20260217_220238-0260,,0xa606b5e2922f47e7b1455baea671ee80b647387ddc55c3d3179a484c6ae6b0e5,0x1b90cb6635513ab85e72f555a441e1ed1ff15c090477c3668b1f2cc866baea12,TOU,15.681,2026-02-17T14:52:09.532684Z,2026-02-17T15:32:09.532684Z,0xa614a29f4fc1cbcdf36713ede6965e331845872ffdd11384cfc3aa63572f72a1,2026-02-17
run_20260217_220238-0261,,0x1719dd9eec2acf09f0a32c6c565ebde9186dd6e618921f250a87f44e90b86651,0xaf02037d1fdccd1a9e4e224ab7bea8fd116b7b99063ac4ad95fb80e71f0d05ab,TOU,7.014,2026-02-17T08:15:50.283649Z,2026-02-17T08:35:50.283649Z,0xa614a29f4fc1cbcdf36713ede6965e331845872ffdd11384cfc3aa63572f72a1,2026-02-17
run_20260217_220238-0262,,0xdc877b05873c37e3aa84647bd05c603179df151c8ca9f2043e3b9516102f08b8,0x6237051aa31508533994bdc57c663b97ec0edd14ee5dda1e452ab1c8d0a42226,TOU,14.647,2026-02-17T07:54:25.447450Z,2026-02-17T08:34:25.447450Z,0xa614a29f4fc1cbcdf36713ede6965e331845872ffdd11384cfc3aa63572f72a1,2026-02-17
run_20260217_220238-0263,,0x95c06a76e418f5498625e1633ab95687ac7046711c3c919e6acb40500f7d7d84,0x22fcd1233b5b3866f97c6c41a83747f0f8839f3ec2206066e7be9f3fb7241d5b,TOU,7.276,2026-02-17T09:16:24.229425Z,2026-02-17T09:36:24.229425Z,0xa614a29f4fc1cbcdf36713ede6965e331845872ffdd11384cfc3aa63572f72a1,2026-02-17
run_20260217_220238-0264,,0xc74ce78e47f193c1a5168f5888d779199d93ea8caf17b899f8fe7eb2f82f9b33,0x06ccc00deec6c4bcbb4b249174aef33d882a7a6df93b7ab156e35dddb439b162,TOU,5.659,2026-02-17T12:11:01.616157Z,2026-02-17T12:41:01.616157Z,0xa614a29f4fc1cbcdf36713ede6965e331845872ffdd11384cfc3aa63572f72a1,2026-02-17
run_20260217_220238-0265,,0x1d761b52b3ebe6be218022990c55c3d4491bb55484985f696b4a7c983d44be8a,0x871090a769fa4ddd407fb877a78c37d0fc67f00fc9f424b71126833d16ebb8f3,TOU,3.507,2026-02-17T10:13:49.781997Z,2026-02-17T10:33:49.781997Z,0xa614a29f4fc1cbcdf36713ede6965e331845872ffdd11384cfc3aa63572f72a1,2026-02-17
run_20260217_220238-0266,,0x8898bea6cbd7d979c65f91e99d73be4b4f28a6bf0b4877195198372a6d07f221,0x1081a31c7c406a5aa7d1ccec74e110fa6a1167176b93015ddcc6b333df0aaa46,TOU,8.873,2026-02-17T23:07:24.121040Z,2026-02-18T00:22:24.121040Z,0xa614a29f4fc1cbcdf36713ede6965e331845872ffdd11384cfc3aa63572f72a1,2026-02-17
run_20260217_220238-0267,,0xbbcb7ec3553d6abc0d4af4d7c2f036c1a128a40120898a777e91921e88ad7d18,0xda25735e6196de1aeb7876bb438d0bd8580ed99b100d18378eeb7ac5b767d5e3,TOU,3.523,2026-02-17T21:14:48.381838Z,2026-02-17T21:44:48.381838Z,0xa614a29f4fc1cbcdf36713ede6965e331845872ffdd11384cfc3aa63572f72a1,2026-02-17
run_20260217_220238-0268,,0x6278160f658df3d67f86e73a5ecd38eac47621899dc47a06958ced9fa2f69e37,0xc0c9d604e07936f51b17bae3bf66a5b172f2a42bf76e81de462f4c6aa959fcda,TOU,7.518,2026-02-17T12:09:54.726916Z,2026-02-17T13:09:54.726916Z,0xa614a29f4fc1cbcdf36713ede6965e331845872ffdd11384cfc3aa63572f72a1,2026-02-17
run_20260217_220238-0269,,0x86cf6093a98542c58f0ca9a54c140ea1160f8efe0a65a9d699e2c9e0c95b9a06,0x6d17ec649e92fec8bb5dd5ab2354b5175e8d62a85fd597f87c797f3930ab0f8a,TOU,27.423,2026-02-17T13:10:16.402823Z,2026-02-17T14:25:16.402823Z,0xa614a29f4fc1cbcdf36713ede6965e331845872ffdd11384cfc3aa63572f72a1,2026-02-17
run_20260217_220238-0270,,0xcf02e73fd2540cb1c1944b008bcd8ebfa1cf90f0b80ffafca75ec9515cbfefe5,0x453551979de19f869c7d70eb34692d69c88ff1836a19750380d0f8b16efe959f,TOU,11.133,2026-02-17T16:15:32.698965Z,2026-02-17T17:15:32.698965Z,0xa614a29f4fc1cbcdf36713ede6965e331845872ffdd11384cfc3aa63572f72a1,2026-02-17
run_20260217_220238-0271,,0x5112d99c41da7df366affc31b048ae13c1a938b551d44940368569f77ad510f9,0x54b3552c473556472ed3662a6da7695fcb37233e155f703b2382a0a4c794a67e,TOU,26.048,2026-02-17T16:26:58.107304Z,2026-02-17T17:41:58.107304Z,0xa614a29f4fc1cbcdf36713ede6965e331845872ffdd11384cfc3aa63572f72a1,2026-02-17
run_20260217_220238-0272,,0x1b3ee9e6000d90eb27d7d82508090fb5297030e5e16b5a1e0660519545927fa2,0x8c5b120e78657e5e2d63a3d04402fb0bafa819a1b796a0ad32cb7bb40d667e16,TOU,13.725,2026-02-17T06:02:04.142300Z,2026-02-17T07:17:04.142300Z,0xa614a29f4fc1cbcdf36713ede6965e331845872ffdd11384cfc3aa63572f72a1,2026-02-17
run_20260217_220238-0273,,0xa4a439ec2bce745027e85a3b58a11b29b6b1ea8baaa274278fb883410888c25f,0x795903525d0abd3b519067e49f6da5b5512ce33e9f52dd33bf43c0774d3d6537,TOU,6.775,2026-02-17T23:12:28.728488Z,2026-02-18T00:12:28.728488Z,0xa614a29f4fc1cbcdf36713ede6965e331845872ffdd11384cfc3aa63572f72a1,2026-02-17
run_20260217_220238-0274,,0xbd5a91e488243f2e4ce1c9df9e2da6c1042daf41f1ab106cdf6c01a6dce24f7d,0x1d2edd123f8ca63ea6f26b8bc47e04d63e427030b2f0453b17f0aa997845ca8a,TOU,15.784,2026-02-17T00:33:48.916814Z,2026-02-17T01:13:48.916814Z,0xa614a29f4fc1cbcdf36713ede6965e331845872ffdd11384cfc3aa63572f72a1,2026-02-17
run_20260217_220238-0275,,0x16d9f61f84e95a3620408e34a2b17006303ccdc4915dd92d7aa3de092e8f49bb,0xedf3c3cb9a4e8631ae048ee567cfdea6bf7495ccead7bbf35a8a66c074858c71,TOU,27.726,2026-02-17T05:51:38.694270Z,2026-02-17T07:06:38.694270Z,0xa614a29f4fc1cbcdf36713ede6965e331845872ffdd11384cfc3aa63572f72a1,2026-02-17
run_20260217_220238-0276,,0x86bb5ad740339deda4a5de96a1357437796aca4c2ed2ed9b37d4fd15993b685e,0x81e16e4bdf1d2c50f3ec55c71e72b970fb8a04702245cc3cea56317396bea64a,TOU,14.561,2026-02-17T23:01:29.133083Z,2026-02-17T23:41:29.133083Z,0xa614a29f4fc1cbcdf36713ede6965e331845872ffdd11384cfc3aa63572f72a1,2026-02-17
run_20260217_220238-0277,,0x2a6ef41da461187c2dee44ce6371e4523f744c38d6475bcdf07fa93eb6c04cbf,0xc18182cc70bbf236fc6e462cef9b1a99d3d291c299adc5e7059043775e22dd04,TOU,8.81,2026-02-17T01:00:56.261197Z,2026-02-17T02:15:56.261197Z,0xa614a29f4fc1cbcdf36713ede6965e331845872ffdd11384cfc3aa63572f72a1,2026-02-17
run_20260217_220238-0278,,0x67bb5ca9cd0578d0d46ef31455883da14fb0c6984afcedb4fefffd18c8922286,0x46271f6742b1e2918056b99679b2c5406c6370a752d6fc373423060732cfc8e6,TOU,7.084,2026-02-17T07:55:43.716365Z,2026-02-17T08:55:43.716365Z,0xa614a29f4fc1cbcdf36713ede6965e331845872ffdd11384cfc3aa63572f72a1,2026-02-17
run_20260217_220238-0279,,0xf80764e3c4e119f86e18fcc346e79d99dccc4fcbbc89d6227cbe2c187f1cd798,0xfddaa675b71f8d5be91f682718189be821db9bec3760439b8246ce2bdaf8a45e,TOU,11.318,2026-02-17T04:42:56.633879Z,2026-02-17T05:42:56.633879Z,0xa614a29f4fc1cbcdf36713ede6965e331845872ffdd11384cfc3aa63572f72a1,2026-02-17
run_20260217_220238-0280,,0xfd86cd7bed013f792505cc1815f2bcc04dc07f419a1d0ac560da30e72315e7df,0x6c72cf64aa902adcad42ced3bb358eddd85ec97370a436206de6d04ff36f1f39,TOU,28.923,2026-02-17T21:29:20.723687Z,2026-02-17T22:44:20.723687Z,0xa614a29f4fc1cbcdf36713ede6965e331845872ffdd11384cfc3aa63572f72a1,2026-02-17
run_20260217_220238-0281,,0x1e1ae49b7f408b33318840be600e5c044f3be2b20f0d6bef567f8669b90d3b55,0x64b3f681ecc55c4b2a00d15d88dec57a6f0f95187db1718b2777c10ef41e395b,TOU,3.384,2026-02-17T13:35:26.637007Z,2026-02-17T13:55:26.637007Z,0xa614a29f4fc1cbcdf36713ede6965e331845872ffdd11384cfc3aa63572f72a1,2026-02-17
run_20260217_220238-0282,,0x551d86f044dba0e96d45fb96bafae69d0deba937a3d9112359098be8aeaae3fc,0x9051df58e3a70aad24aff3a871d4520d2724dd9cb964070fd1759e0a402820e4,TOU,3.606,2026-02-17T22:53:27.343833Z,2026-02-17T23:13:27.343833Z,0xa614a29f4fc1cbcdf36713ede6965e331845872ffdd11384cfc3aa63572f72a1,2026-02-17
run_20260217_220238-0283,,0x6b87238d8b7707c1979702d90317ce1076e6ae81b547ed0ef7c74deea431a2b1,0x537bb191b996457440f1506aab3b8e1a9d802beba29ac206970fd8b0e4b89f7a,TOU,10.891,2026-02-17T01:44:33.907990Z,2026-02-17T02:44:33.907990Z,0xa614a29f4fc1cbcdf36713ede6965e331845872ffdd11384cfc3aa63572f72a1,2026-02-17
run_20260217_220238-0284,,0x4f4d827b785c0fbfb51b7b06e54bfc33487b1a578540a7960ca765fdfe6c21e6,0x595ed93fb0617a2eb83d558ed261b25bb269dc9396b0a1a7e3789608c78f3781,TOU,7.254,2026-02-17T01:00:21.361517Z,2026-02-17T01:20:21.361517Z,0xa614a29f4fc1cbcdf36713ede6965e331845872ffdd11384cfc3aa63572f72a1,2026-02-17
run_20260217_220238-0285,,0xecb3d91089c272e783f10b47985f1f018c2351d0b17527e885921bdd97c306ce,0x4f3ae8d799517b73b741971287a36b90efc3d058edd9703bcf8414eab46465c1,TOU,4.628,2026-02-17T01:15:20.980771Z,2026-02-17T01:55:20.980771Z,0xa614a29f4fc1cbcdf36713ede6965e331845872ffdd11384cfc3aa63572f72a1,2026-02-17
run_20260217_220238-0286,,0xf84de4099fb66f90f4d77e42d1a62d7ed5fc42f61c79af7e38730f3abb836f26,0x8a154ba837186b267137df4012ebee05c7a128d950ed94461ba2c6b385c79043,TOU,8.939,2026-02-17T19:37:50.670116Z,2026-02-17T20:52:50.670116Z,0xa614a29f4fc1cbcdf36713ede6965e331845872ffdd11384cfc3aa63572f72a1,2026-02-17
run_20260217_220238-0287,,0xfc015fd89add3353eb00bb0ac95d812988e32271ca567e1f0424436065c12bcd,0xdf531416dcdee7fe0c373491d386e232bff188b9d6bce77ee961c579c032af57,TOU,10.735,2026-02-17T19:20:21.723629Z,2026-02-17T20:20:21.723629Z,0xa614a29f4fc1cbcdf36713ede6965e331845872ffdd11384cfc3aa63572f72a1,2026-02-17
run_20260217_220238-0288,,0x024b9c4cb9ff0152ca1a8449b1c254793179bc289264b93f7743f2dca927ef9d,0xfd99916575b1edd67f83b4b66b786137aef3946f572c2e3abf8c7e1e0a8d1c24,TOU,7.454,2026-02-17T20:45:35.976082Z,2026-02-17T21:25:35.976082Z,0xa614a29f4fc1cbcdf36713ede6965e331845872ffdd11384cfc3aa63572f72a1,2026-02-17
run_20260217_220238-0289,,0xf1a2700820dc45b56c8b733e2ad335ebb9b5d8959dc0d58d9d5e74974b6037b9,0xe0b785d3e25b93f5c17178a17fed7317d863e2565bf008a1d4a2369f20cf35a4,TOU,7.333,2026-02-17T19:16:08.281305Z,2026-02-17T19:36:08.281305Z,0xa614a29f4fc1cbcdf36713ede6965e331845872ffdd11384cfc3aa63572f72a1,2026-02-17
run_20260217_220238-0290,,0x1069219a48f7e5a2d5cb3d30cf6d322725b45870b4076aba3c7e1819f1b8b236,0x31ff2d5c9cf58e8fb3251003702e0950a211d5d7c7f714f9da3bf2083e215259,TOU,3.525,2026-02-17T05:31:21.097976Z,2026-02-17T06:01:21.097976Z,0xa614a29f4fc1cbcdf36713ede6965e331845872ffdd11384cfc3aa63572f72a1,2026-02-17
run_20260217_220238-0291,,0x8ffc4efb518bcf50435d69522625e5a7e1e37124c194e161eb99d53b1c50775c,0x59f8bb93e55f66a357e8250792f7f644f7f7473c5df253449764f4b54087ca02,TOU,4.523,2026-02-17T09:49:58.494787Z,2026-02-17T10:29:58.494787Z,0xa614a29f4fc1cbcdf36713ede6965e331845872ffdd11384cfc3aa63572f72a1,2026-02-17
run_20260217_220238-0292,,0xf2aded28d02400e0eee798954e53e422d7197f9051b037eea81dced43c9b9ea4,0x828dbb8499eef8a2e6b379d18887d26ba904d1a2624c1defc212916e5e93e21a,TOU,3.34,2026-02-17T20:36:51.972154Z,2026-02-17T21:06:51.972154Z,0xa614a29f4fc1cbcdf36713ede6965e331845872ffdd11384cfc3aa63572f72a1,2026-02-17
run_20260217_220238-0293,,0x87c7bf7fcf548b09b745103ba224ff1b52f14ea47b8e05e458e3b767504e0b05,0x088bec18802cf7af25ba091732290d524c8905ed4d88039acf2791f6d5971aa0,TOU,3.914,2026-02-17T12:16:47.718381Z,2026-02-17T12:36:47.718381Z,0xa614a29f4fc1cbcdf36713ede6965e331845872ffdd11384cfc3aa63572f72a1,2026-02-17
run_20260217_220238-0294,,0x8666e4067148e1faab86c0f657b6aa8ae1a5227fb621ea8e453b98065e48737a,0x367edf4463d8a0b1bdf4d4bb9b5f50e17253a4338137f0fb4dc8e1d6f566c690,TOU,2.356,2026-02-17T01:57:13.272036Z,2026-02-17T02:17:13.272036Z,0xa614a29f4fc1cbcdf36713ede6965e331845872ffdd11384cfc3aa63572f72a1,2026-02-17
run_20260217_220238-0295,,0x83318dec13218e11726641c7aecfb719238a79280ffed091de29af5d2cff42ff,0x2cf7d5117cc25e17a4fff54818b2a9e226049255678b055d0a85badb13fb0207,TOU,27.28,2026-02-17T17:39:49.491605Z,2026-02-17T18:54:49.491605Z,0xa614a29f4fc1cbcdf36713ede6965e331845872ffdd11384cfc3aa63572f72a1,2026-02-17
run_20260217_220238-0296,,0x6dcd8957a4f250806495f6a0afbbd9a1bf51aa404b7bfc8b87e575161e68bde8,0xcf19613fa68ced75cfd8f94869b76a7f312f995acfbd3a7ab1f97299c93ad940,TOU,4.594,2026-02-17T11:38:03.634000Z,2026-02-17T12:18:03.634000Z,0xa614a29f4fc1cbcdf36713ede6965e331845872ffdd11384cfc3aa63572f72a1,2026-02-17
run_20260217_220238-0297,,0xd7c6942d929aabe2409f60dbb1a363c98e8b22f14b32074fb101723f810569a6,0xa3bd41bce77cf1ea0119805c6fa5836fd127803986e01e0ab1ba023a906d0590,TOU,11.496,2026-02-17T18:55:35.178629Z,2026-02-17T19:25:35.178629Z,0xa614a29f4fc1cbcdf36713ede6965e331845872ffdd11384cfc3aa63572f72a1,2026-02-17
run_20260217_220238-0298,,0x9bccbcdc893ae583e57f22a3d4d7e285e20e7ee227b5526217eaea0b876ece02,0x4b5e1e7975b0689e1fc702008eeba749f671371263ae6b2f20b69d5303b6472d,TOU,5.468,2026-02-17T20:27:30.855353Z,2026-02-17T20:57:30.855353Z,0xa614a29f4fc1cbcdf36713ede6965e331845872ffdd11384cfc3aa63572f72a1,2026-02-17
run_20260217_220238-0299,,0xce2053ed31e593168da6bf049a3e70e82e1a7965f126da708aa895b9ed76c004,0x1b754792a74cf9c964da90957b54372cf496557403e0f55ed4d1bcb9c32e529c,TOU,2.211,2026-02-17T17:10:49.520279Z,2026-02-17T17:30:49.520279Z,0xa614a29f4fc1cbcdf36713ede6965e331845872ffdd11384cfc3aa63572f72a1,2026-02-17
run_20260217_220238-0300,,0x5f8a438dfd05a0234dba9c5f43c4c7d59f09d8ca6cfbd90c85e5c87369ce786f,0x2d8e3adb78f288bb8f57324ccaeba240fcb204afe777b2fec472b7f301f16dae,TOU,10.291,2026-02-17T04:54:45.171529Z,2026-02-17T05:24:45.171529Z,0xa614a29f4fc1cbcdf36713ede6965e331845872ffdd11384cfc3aa63572f72a1,2026-02-17
run_20260217_220238-0301,,0xe0de96f232c703f40df4339054286e533b8c39698a57f63efc8c3cd1696ddd61,0xac5066d21700b2e183a7a83551ac83f3ce9d4fdb67115a1bc61e905f937701a1,TOU,2.229,2026-02-17T20:48:36.779653Z,2026-02-17T21:08:36.779653Z,0xa614a29f4fc1cbcdf36713ede6965e331845872ffdd11384cfc3aa63572f72a1,2026-02-17
run_20260217_220238-0302,,0x77eaef98cd36447e418d5560b0b96ae464928903615759b2686bd1a21eee6f04,0xf9f3da8a1e59d7073140f81b5f09ba1baf2e1c64623775967b95c32984d7b8f6,TOU,26.667,2026-02-17T12:33:44.902374Z,2026-02-17T13:48:44.902374Z,0xa614a29f4fc1cbcdf36713ede6965e331845872ffdd11384cfc3aa63572f72a1,2026-02-17
run_20260217_220238-0303,,0x335c774daae1243073fc54b9a2b13a6af638224f23cf80be7667b09d0fec89ff,0xbc161cba4f5444da3919d61c64e233e9c40a74f58639f8bf2c3c5a0eeec0147e,TOU,10.96,2026-02-17T01:27:40.371350Z,2026-02-17T02:27:40.371350Z,0xa614a29f4fc1cbcdf36713ede6965e331845872ffdd11384cfc3aa63572f72a1,2026-02-17
run_20260217_220238-0304,,0x74fa95931cf310c8feea2731127e3fe541fd0752d5fa54070454e71d7bf50992,0x5d774e8a2fcfbb9bbba0e3fc5a9788633c80bed1b46268fd763219c617bd85b7,TOU,7.082,2026-02-17T06:57:49.540465Z,2026-02-17T07:17:49.540465Z,0xa614a29f4fc1cbcdf36713ede6965e331845872ffdd11384cfc3aa63572f72a1,2026-02-17
run_20260217_220238-0305,,0xae0df482a76c9da6ef1684d356d3b37142294839c47c0eeb5740dbbd87d48d34,0x897efd3c342a50f94b87be4785a00c180a14b8b2575fce56a2774926ed2887ee,TOU,20.711,2026-02-17T21:25:31.210099Z,2026-02-17T22:25:31.210099Z,0xa614a29f4fc1cbcdf36713ede6965e331845872ffdd11384cfc3aa63572f72a1,2026-02-17
run_20260217_220238-0306,,0x821462ac2aaf29dd16ba6ad6fc4786d3528420200de4b1c4e28dec24615121b6,0xe9770cedef125fd0b6ba27739a222ebb25335667c81c13581f30cdb93c0362f5,TOU,15.049,2026-02-17T16:37:25.173311Z,2026-02-17T17:17:25.173311Z,0xa614a29f4fc1cbcdf36713ede6965e331845872ffdd11384cfc3aa63572f72a1,2026-02-17
run_20260217_220238-0307,,0x6b8bd4ddcbfa20f90790d2f57258527c829c9ce8e071dc6a701b8ad3d6f06066,0x791089b1879882804e6cc4cf0fe52bbfd9261ebe47ead9a1dc8c45821fecb565,TOU,28.979,2026-02-17T15:51:38.970079Z,2026-02-17T17:06:38.970079Z,0xa614a29f4fc1cbcdf36713ede6965e331845872ffdd11384cfc3aa63572f72a1,2026-02-17
run_20260217_220238-0308,,0x05a0fe5bf251c20b76ca6722b281433cc24d87378cbd61c1541b508a6ade750b,0x89862907e18d31e1746551f3025d392d128b43b3ffafb4b4c841676291ac8574,TOU,2.327,2026-02-17T00:51:31.023361Z,2026-02-17T01:11:31.023361Z,0xa614a29f4fc1cbcdf36713ede6965e331845872ffdd11384cfc3aa63572f72a1,2026-02-17
run_20260217_220238-0309,,0x39195cdf5b344111ea015273fb1af4e4b0b0429b22deb834dc848e8461b7cc92,0xcd547673ef8fbfe49fc580cdce5862a3ce6eff4ff0814d3ed462377115654cd4,TOU,28.033,2026-02-17T23:10:36.152039Z,2026-02-18T00:25:36.152039Z,0xa614a29f4fc1cbcdf36713ede6965e331845872ffdd11384cfc3aa63572f72a1,2026-02-17
run_20260217_220238-0310,,0x87f7663986ab5e5a340272dd22a3047dad622a4419dd1617133c3fc0e641dca5,0xf6073a3d050a3fda459ee94b543057c807863ec0a25d365577094888b1a356dd,TOU,28.912,2026-02-17T10:47:35.194734Z,2026-02-17T12:02:35.194734Z,0xa614a29f4fc1cbcdf36713ede6965e331845872ffdd11384cfc3aa63572f72a1,2026-02-17
run_20260217_220238-0311,,0x4fa0c228312e4f097f45514efb9b508d210f63071a70501a7f1f0a97d8847c73,0x7e04e9fdcaa0f0d59103ce96169033d73d08c52259175f798fbcb9aa5626f1ec,TOU,21.536,2026-02-17T13:21:24.789455Z,2026-02-17T14:21:24.789455Z,0xa614a29f4fc1cbcdf36713ede6965e331845872ffdd11384cfc3aa63572f72a1,2026-02-17
run_20260217_220238-0312,,0x05c7be3733a0da372333be0984306e678399262c122bcfaa886a15e067042e5e,0x77f4cd73d1462b5c26b329d5eafd66034e4db059621a686a801059fb534330cd,TOU,14.146,2026-02-17T16:24:20.868036Z,2026-02-17T17:04:20.868036Z,0xa614a29f4fc1cbcdf36713ede6965e331845872ffdd11384cfc3aa63572f72a1,2026-02-17
run_20260217_220238-0313,,0xca1a40ea43d4e456d6940cf11851b433fe42982f2a53c97bff766aae80c2def8,0x9778e5044ce9b0fc57b5ed88c21283138871aa753414122ee22d3be4958524fa,TOU,14.209,2026-02-17T15:29:54.323175Z,2026-02-17T16:44:54.323175Z,0xa614a29f4fc1cbcdf36713ede6965e331845872ffdd11384cfc3aa63572f72a1,2026-02-17
run_20260217_220238-0314,,0xaa2d74dd6ef2d96ee5d2a1310fd7de60ea55da73d33cf2e1213ee44fc4aeebd1,0xddc19ef042501ac9332ac22c82c6ac50e2d096b3d9d40bb0709a68a7c44cc836,TOU,9.165,2026-02-17T08:03:40.159633Z,2026-02-17T09:18:40.159633Z,0xa614a29f4fc1cbcdf36713ede6965e331845872ffdd11384cfc3aa63572f72a1,2026-02-17
run_20260217_220238-0315,,0x54b8ba7931788a61ecad512d72ddc7a01f56b1d5392f018ee9125d66a6f03f87,0xedbd2978827412d95c9fd5e7418a48eec81f57808248ed0d0780c977ada71c3b,TOU,14.213,2026-02-17T11:00:17.649501Z,2026-02-17T12:15:17.649501Z,0xa614a29f4fc1cbcdf36713ede6965e331845872ffdd11384cfc3aa63572f72a1,2026-02-17
run_20260217_220238-0316,,0xd8926f9d873bceb7751008ddbde33992158e62a47e7638d5b5a7908f62317221,0x1470a34e04be59b3f90342d164ec1f62500880c31d6748100c7bdfea42cef952,TOU,7.332,2026-02-17T00:58:43.283006Z,2026-02-17T01:38:43.283006Z,0xa614a29f4fc1cbcdf36713ede6965e331845872ffdd11384cfc3aa63572f72a1,2026-02-17
run_20260217_220238-0317,,0xd90cbc149b80451565d1abaa17aa32cf623bc7a8037fb0c5bda2f28e58522ed9,0x0a1381ad57cac362e6f947cf7cd17ef976b4cef9f982c28153df4c471e47ab01,TOU,4.78,2026-02-17T04:26:33.926618Z,2026-02-17T05:06:33.926618Z,0xa614a29f4fc1cbcdf36713ede6965e331845872ffdd11384cfc3aa63572f72a1,2026-02-17
run_20260217_220238-0318,,0x8ad3ffd87529bd138ca235a3747c4a06f3e73395cb560a74969c543f8f30ed60,0x6b82f20a75048da27f696401de99bead6f541c4a16fb6b7f8be3bb9d8dc0fbb1,TOU,26.22,2026-02-17T03:35:52.711310Z,2026-02-17T04:50:52.711310Z,0xa614a29f4fc1cbcdf36713ede6965e331845872ffdd11384cfc3aa63572f72a1,2026-02-17
run_20260217_220238-0319,,0x37e63cd37b80b3c387fa49d07dafd284240a7744d59575c94bbf13f83450eb16,0xd6c3fdc19e0e14d8b5d29f39740f452f7376b866947da8abcfd1fe68f3ed3cba,TOU,14.504,2026-02-17T14:06:03.857825Z,2026-02-17T14:46:03.857825Z,0xa614a29f4fc1cbcdf36713ede6965e331845872ffdd11384cfc3aa63572f72a1,2026-02-17
run_20260217_220238-0320,,0x47dc35a88582a9eb08c5659961557e62e3ec9211578f60600cc7a18cf427b3bb,0xc6ff7e66723d64f878fac40f65946b70a6fb74d193d8deac6cedc6a19513c8c5,TOU,3.808,2026-02-17T13:15:25.237884Z,2026-02-17T13:35:25.237884Z,0xa614a29f4fc1cbcdf36713ede6965e331845872ffdd11384cfc3aa63572f72a1,2026-02-17
run_20260217_220238-0321,,0x4c678dc9fda7bfd2e4d7f8ef142a2f92c0fefc9b30c2673cc09329273d546b47,0xbff466c936342a9dd4e430133c443534956fc191dc0144faf6a201c2c168734f,TOU,26.726,2026-02-17T15:53:09.650016Z,2026-02-17T17:08:09.650016Z,0xa614a29f4fc1cbcdf36713ede6965e331845872ffdd11384cfc3aa63572f72a1,2026-02-17
run_20260217_220238-0322,,0x09427ebfa2756aab52ee7e9add64a7e9e9e67c74e6023e45944c6fbaecd138a0,0xeb64186317bbd92411c5506a38dbc8f8fe80afa459a5305e759a11d52541cf17,TOU,2.353,2026-02-17T19:34:12.232397Z,2026-02-17T19:54:12.232397Z,0xa614a29f4fc1cbcdf36713ede6965e331845872ffdd11384cfc3aa63572f72a1,2026-02-17
run_20260217_220238-0323,,0x99d0bbd0b99a13448078b2ef0c97037672fcb5b942a868c2dd82d0cfdf57e1a5,0x331a0bf851e80d7976a87abcf0e2e92f98bfb95cb578fee3a1e5ad658df1c659,TOU,2.568,2026-02-17T14:27:15.261603Z,2026-02-17T14:47:15.261603Z,0xa614a29f4fc1cbcdf36713ede6965e331845872ffdd11384cfc3aa63572f72a1,2026-02-17
run_20260217_220238-0324,,0x1e74535a8c1324605994b691bbbacb2dd25538c9d42a61a0ed146d7dd23fb62b,0x4ff9f8948b23830b2dd5e009a327d77604f4cf31e31b26ccd5f2749bf7437233,TOU,15.067,2026-02-17T21:59:07.096200Z,2026-02-17T22:39:07.096200Z,0xa614a29f4fc1cbcdf36713ede6965e331845872ffdd11384cfc3aa63572f72a1,2026-02-17
run_20260217_220238-0325,,0xb903c49d44a3cffbe75e8edcb3e208bf8c8b782a152d4053bcadddbf41716d5b,0x0d1530106a2361b6b7bef0b48b236e36a46f52a1d0a4e930e5ff21f2f2acd936,TOU,7.416,2026-02-17T08:03:29.354710Z,2026-02-17T08:43:29.354710Z,0xa614a29f4fc1cbcdf36713ede6965e331845872ffdd11384cfc3aa63572f72a1,2026-02-17
run_20260217_220238-0326,,0x9d6aec225f6461c90de2258bfd961cfb6e2d2ca7125e4fa909c6b92f09c4e465,0xb4008a6562bf07683e36217e2dc7c5611752c202b5cfa7749e41ebdadbc5d626,TOU,13.607,2026-02-17T08:43:22.461813Z,2026-02-17T09:58:22.461813Z,0xa614a29f4fc1cbcdf36713ede6965e331845872ffdd11384cfc3aa63572f72a1,2026-02-17
run_20260217_220238-0327,,0x9f6ef106c9990a12af1c1b7307b3e9eb65b8194dc0d16de62976ca6531461799,0x259b568652d02c7e8778dd43e4ed0b37cbe8e9bc30ac2ff5cd742368db782b5c,TOU,3.621,2026-02-17T12:32:01.405113Z,2026-02-17T12:52:01.405113Z,0xa614a29f4fc1cbcdf36713ede6965e331845872ffdd11384cfc3aa63572f72a1,2026-02-17
run_20260217_220238-0328,,0xce4eacfe0cff35f59deb9a33bbd5320531bc1b64f56d6fdeaf23672fa66b24b3,0x77035d2b9175800389834983d4e2f44d3d3b700d376ea57f786db39000db403e,TOU,7.435,2026-02-17T10:31:48.103414Z,2026-02-17T11:31:48.103414Z,0xa614a29f4fc1cbcdf36713ede6965e331845872ffdd11384cfc3aa63572f72a1,2026-02-17
run_20260217_220238-0329,,0xdb2708cb1343e4a2ea03df7a1876fbe5c6fa8bdc568f51c5873e4de2527ac249,0xb0af7888286eeb5e141d9ac0404090c531a4d7190e1bf908c717e06f8f5302cc,TOU,3.492,2026-02-17T17:31:53.777052Z,2026-02-17T18:01:53.777052Z,0xa614a29f4fc1cbcdf36713ede6965e331845872ffdd11384cfc3aa63572f72a1,2026-02-17
run_20260217_220238-0330,,0x83ac66876c997fe2fe74ba082cd3cb437a012c381181d0751451dd74f95cf2ed,0x1d2c44ab4ee9448d2ff8d5f1204300d67cdf959ba3147bab3171510e04958213,TOU,9.05,2026-02-17T20:19:54.300038Z,2026-02-17T21:34:54.300038Z,0xa614a29f4fc1cbcdf36713ede6965e331845872ffdd11384cfc3aa63572f72a1,2026-02-17
run_20260217_220238-0331,,0x5a517c21dd3e64e17b5b72f4ca4a00b6655d0e22cb6a22e65b214adc6d38bac4,0x9d767b385febf34d897da0a3d59b107be30c8122cc05544c3b4273128c47eb51,TOU,3.615,2026-02-17T05:58:10.788148Z,2026-02-17T06:28:10.788148Z,0xa614a29f4fc1cbcdf36713ede6965e331845872ffdd11384cfc3aa63572f72a1,2026-02-17
run_20260217_220238-0332,,0xa088874529e371d94a88dd88eaa0e96da836e926341e6affd343ea7eec145824,0xa075bb853b5469f20570b78313a04898aa8fcb0674e0db976aff227b812ee0a5,TOU,5.275,2026-02-17T21:03:22.521546Z,2026-02-17T21:33:22.521546Z,0xa614a29f4fc1cbcdf36713ede6965e331845872ffdd11384cfc3aa63572f72a1,2026-02-17
run_20260217_220238-0333,,0xf6cb0ad8c9efcc6e961dac7d68756f1cae95bec3ab4e6253db217f93ba3c9214,0xc2144500dd69e6486254aa2248fce64488a29623d3f3ceb03704e5c4ad72fc5d,TOU,23.238,2026-02-17T18:58:50.167790Z,2026-02-17T19:58:50.167790Z,0xa614a29f4fc1cbcdf36713ede6965e331845872ffdd11384cfc3aa63572f72a1,2026-02-17
run_20260217_220238-0334,,0x3572ca0c53b23acf9af397738ac812bd6c2b3d89f88a35982cb49baef047b008,0x4883d9f7f406f25d60e46d78b3e69a8c08b7c6f81aa165ae5c8a2aaa9b90ee55,TOU,2.337,2026-02-17T13:33:48.433391Z,2026-02-17T13:53:48.433391Z,0xa614a29f4fc1cbcdf36713ede6965e331845872ffdd11384cfc3aa63572f72a1,2026-02-17
run_20260217_220238-0335,,0x7e70eeeae8e439d176d20868ede9ad34c96cc9759c2c2cd8d1d2efbfd365aebe,0xe2e83b2b140474c394f431da07908fa2d3a7052c1a68f4ec6de8b47118ab5a13,TOU,9.069,2026-02-17T07:24:19.077782Z,2026-02-17T08:39:19.077782Z,0xa614a29f4fc1cbcdf36713ede6965e331845872ffdd11384cfc3aa63572f72a1,2026-02-17
run_20260217_220238-0336,,0x30d3efd04cbb614c2f1e5ef0dcbf0d147e597ce6e9c978acdb8ec0d24bba69f7,0x8049aa6d9a85d94f67f2b665d10f84b2eb2b48326db7a63359375048712cdd7e,TOU,3.632,2026-02-17T02:34:48.829798Z,2026-02-17T03:04:48.829798Z,0xa614a29f4fc1cbcdf36713ede6965e331845872ffdd11384cfc3aa63572f72a1,2026-02-17
run_20260217_220238-0337,,0xa0057c11cc337539119cde0b60df8195fe5598621748f9be4eddefa98cfbaade,0x4449ea3a88ee800f4b9ff59dc469e6e3d9b5a8548a56b0a307c96a5884f7f97a,TOU,8.571,2026-02-17T12:13:16.051561Z,2026-02-17T13:28:16.051561Z,0xa614a29f4fc1cbcdf36713ede6965e331845872ffdd11384cfc3aa63572f72a1,2026-02-17
run_20260217_220238-0338,,0x4faa5b96927e2cca23f4761551da761717d0729927594e6857d40efa65335ea1,0x711dc11862cd27bd392806bb5dc8ca55343aee2f2e37d7b57a197c87ce08a7f4,TOU,14.411,2026-02-17T23:32:02.604391Z,2026-02-18T00:12:02.604391Z,0xa614a29f4fc1cbcdf36713ede6965e331845872ffdd11384cfc3aa63572f72a1,2026-02-17
run_20260217_220238-0339,,0xc59b84210c470f80e006469225c32cc783c2a43255ac6064d0751321a93a62db,0x1ffba78c2fd4d6ff68867defeb6c56c99a46004a3382ffcdf3b8dec1d97a4800,TOU,5.172,2026-02-17T14:08:52.888801Z,2026-02-17T14:48:52.888801Z,0xa614a29f4fc1cbcdf36713ede6965e331845872ffdd11384cfc3aa63572f72a1,2026-02-17
run_20260217_220238-0340,,0xf9548a7c0b00c56712cd391eef25bd314c285148175252fba86542481f23527b,0x3f2ca30eabf221523533572b06856b38e11c26fc093ce871ef8a11055ff77d7c,TOU,21.846,2026-02-17T03:54:43.720901Z,2026-02-17T04:54:43.720901Z,0xa614a29f4fc1cbcdf36713ede6965e331845872ffdd11384cfc3aa63572f72a1,2026-02-17
run_20260217_220238-0341,,0x60b582821be45c4447ff8157f4a190d791e0c97384ac997da3b41b22924da8c5,0x7a9c1227362a9a38aa67693ea6b8f6ad5dab90ccb5833dc3edd56fcb67613486,TOU,10.769,2026-02-17T01:27:55.730695Z,2026-02-17T02:27:55.730695Z,0xa614a29f4fc1cbcdf36713ede6965e331845872ffdd11384cfc3aa63572f72a1,2026-02-17
run_20260217_220238-0342,,0x490214f48ca9f59fc15585188d83f57fdf49dee6ae8f31a03999450f38fb50ec,0xbd81350f3c2b884c33bacc2d207d0280f27254f46fbf4161ff86de5fb26776f7,TOU,11.207,2026-02-17T18:00:46.874290Z,2026-02-17T18:30:46.874290Z,0xa614a29f4fc1cbcdf36713ede6965e331845872ffdd11384cfc3aa63572f72a1,2026-02-17
run_20260217_220238-0343,,0xa7162e4dbc07264f4527e16673d115bd1b49ea38558373e87430eb30a36cf553,0x27dc684bfd322065c92caae02b3540fc10fe9042e55aed4ec92ed3a436359520,TOU,11.772,2026-02-17T21:29:05.552924Z,2026-02-17T21:59:05.552924Z,0xa614a29f4fc1cbcdf36713ede6965e331845872ffdd11384cfc3aa63572f72a1,2026-02-17
run_20260217_220238-0344,,0xc3b8643f233e270efdb414726ebca58e6f8a0de46ad9a3893c97005aadd60c7f,0x8c60811d3a363401fb321e9091254e579d61ffdbf16fdaaa127b0e375020768f,TOU,6.831,2026-02-17T00:03:32.132855Z,2026-02-17T00:43:32.132855Z,0xa614a29f4fc1cbcdf36713ede6965e331845872ffdd11384cfc3aa63572f72a1,2026-02-17
run_20260217_220238-0345,,0xad2bedc1cab2b80b0db20a1861ba238c466336b73d958851cc86a0d0b71c5a55,0x669e061d74508e95cfabc55f3329ce3133ec5cb7668cede76727c0b75e59ff95,TOU,6.936,2026-02-17T13:07:32.339828Z,2026-02-17T14:07:32.339828Z,0xa614a29f4fc1cbcdf36713ede6965e331845872ffdd11384cfc3aa63572f72a1,2026-02-17
run_20260217_220238-0346,,0xbbcb37c33677de2733adcf506fa586ff30e1fdebbcaf6b20ac53ddca1daefb56,0x2af7282e321385488f730bf1ecbed1fb4a7ed8092fe114d223d78a1d14bd57f5,TOU,28.127,2026-02-17T11:42:46.143407Z,2026-02-17T12:57:46.143407Z,0xa614a29f4fc1cbcdf36713ede6965e331845872ffdd11384cfc3aa63572f72a1,2026-02-17
run_20260217_220238-0347,,0xb0651ac20514328393c3aa8100299ed0b73d4d2ac78094abbcdc45668a7df917,0x8975b43284c150dbede622219364706cf9dd13f8794c30e356ed797ac5cc936a,TOU,7.63,2026-02-17T04:18:53.881118Z,2026-02-17T04:38:53.881118Z,0xa614a29f4fc1cbcdf36713ede6965e331845872ffdd11384cfc3aa63572f72a1,2026-02-17
run_20260217_220238-0348,,0xf5e789b0e23ffe3c5557ae7f17814c80a015120028e1a423cf3903613fdcad4e,0x06189bd2b8f651adc8c83c6650f3270cd72b3bf3e912f33c1ca9f33f2a7a4520,TOU,7.164,2026-02-17T05:28:54.110083Z,2026-02-17T06:08:54.110083Z,0xa614a29f4fc1cbcdf36713ede6965e331845872ffdd11384cfc3aa63572f72a1,2026-02-17
run_20260217_220238-0349,,0x554196d4be33b611de2343ae1ca70bd0ef1d6dd09f496236ccb849910ca26dbc,0x2acc86a0875539c7117fca17508bc1c015cbf2b23487ce04988cd1148a4459f5,TOU,13.79,2026-02-17T11:23:53.278429Z,2026-02-17T12:03:53.278429Z,0xa614a29f4fc1cbcdf36713ede6965e331845872ffdd11384cfc3aa63572f72a1,2026-02-17
run_20260217_220238-0350,,0x36c749a85a67217f2dd7db7018765e578e69e93221c84e41812434ab6ad94fc9,0x24264c2af251aea31728de4e69458c92655b955ddaca72e3696cd7d29146c834,TOU,7.127,2026-02-17T18:39:11.801728Z,2026-02-17T19:19:11.801728Z,0xa614a29f4fc1cbcdf36713ede6965e331845872ffdd11384cfc3aa63572f72a1,2026-02-17
run_20260217_220238-0351,,0x1265be20c2cce5088fcd9a679cf4757af65fcfd86023fa22b7fd054eb1bd79b8,0x9a388eddcb8a0e0d38f5a45007586acd48995513b062dde6f75c6d8fef03b833,TOU,9.315,2026-02-17T20:44:47.166014Z,2026-02-17T21:59:47.166014Z,0xa614a29f4fc1cbcdf36713ede6965e331845872ffdd11384cfc3aa63572f72a1,2026-02-17
run_20260217_220238-0352,,0x9c2ba10498427ae4047b0e7f4ecd97669afb46ba9b16814c537832ac07070b37,0xd19076f54464a3f1dee698e888e4e941a6655e9084ae02b837e1e41c46d0f27b,TOU,4.943,2026-02-17T08:15:12.588285Z,2026-02-17T08:55:12.588285Z,0xa614a29f4fc1cbcdf36713ede6965e331845872ffdd11384cfc3aa63572f72a1,2026-02-17
run_20260217_220238-0353,,0xae05560c28dd00bb9f93003a25a38b8117fe6b8ad37681730bccc0784c390e3e,0xd614ea7932155a892f7d851fd949cadb31d79b32f29be53e6e726b9c0f8072d4,TOU,2.304,2026-02-17T06:29:58.744549Z,2026-02-17T06:49:58.744549Z,0xa614a29f4fc1cbcdf36713ede6965e331845872ffdd11384cfc3aa63572f72a1,2026-02-17
run_20260217_220238-0354,,0x18a5eb7b5933ed291bfa4499c63052d8f1c5cef58414b77ba5fd6ed9eac0c934,0x660a96e141e4165e29c891c0c2f99be449e669d85e1d42ec70f87bb8f03efe4f,TOU,3.793,2026-02-17T07:19:56.092555Z,2026-02-17T07:39:56.092555Z,0xa614a29f4fc1cbcdf36713ede6965e331845872ffdd11384cfc3aa63572f72a1,2026-02-17
run_20260217_220238-0355,,0x6fef60d7ab58d475e1775d1af447e8c625c9057f7137b1f293bcda95754c8948,0xf4d8bb8d98a9e74b8cd4f279f9c12a371a2f91a32b6539efbfa57c305ab9f3ad,TOU,13.03,2026-02-17T05:58:29.315148Z,2026-02-17T07:13:29.315148Z,0xa614a29f4fc1cbcdf36713ede6965e331845872ffdd11384cfc3aa63572f72a1,2026-02-17
run_20260217_220238-0356,,0x0f817683b03ebe4a49aaa63f3e81bb0e2cb286231672e46e09c1d171ae9d97aa,0x3aa5fc9d648c362ae368ba893cb156ef1d8e259287a74aa54bda840f3f84843c,TOU,2.396,2026-02-17T08:08:27.327744Z,2026-02-17T08:28:27.327744Z,0xa614a29f4fc1cbcdf36713ede6965e331845872ffdd11384cfc3aa63572f72a1,2026-02-17
run_20260217_220238-0357,,0x5dbfbef6483f5f4fb275c63933203e7533b88f55ee7e4a54e37e1da22f366f77,0xc82d71c22c4a02a04aad99e48cee7aec20b784b10350b676d9510932eb6ead9e,TOU,7.555,2026-02-17T21:35:34.239297Z,2026-02-17T22:15:34.239297Z,0xa614a29f4fc1cbcdf36713ede6965e331845872ffdd11384cfc3aa63572f72a1,2026-02-17
run_20260217_220238-0358,,0xf72e96ff6e8384dc5bd1fddb5056e2f5b16cda8f1026e0825fda128aa77216ec,0x90657a96f378bc1ba0e4689ca42502d65d5f98ad5aec44b012c3c1460e478c7c,TOU,3.628,2026-02-17T12:13:29.802150Z,2026-02-17T12:43:29.802150Z,0xa614a29f4fc1cbcdf36713ede6965e331845872ffdd11384cfc3aa63572f72a1,2026-02-17
run_20260217_220238-0359,,0xa1813f0f8fc1d99f4ddfff6b379b38532f9bebf19d8a78c48da9e9e8ac310e89,0x0cb02a8e531139827da9cfe4299e6e9cc3e038da1ef303dcfbb7c88795ee9821,TOU,7.287,2026-02-17T02:53:42.283510Z,2026-02-17T03:13:42.283510Z,0xa614a29f4fc1cbcdf36713ede6965e331845872ffdd11384cfc3aa63572f72a1,2026-02-17
run_20260217_220238-0360,,0x8c8310b0fbe91ade32188c33d02103870dc041e63c172f912202606f2c10f7b5,0x7194a149077e956b4876bfa1a71485d434a585dd298cc8f76a388af7901da006,TOU,27.114,2026-02-17T14:48:37.304672Z,2026-02-17T16:03:37.304672Z,0xa614a29f4fc1cbcdf36713ede6965e331845872ffdd11384cfc3aa63572f72a1,2026-02-17
run_20260217_220238-0361,,0xf2c31bb8e3b24233e90d69ea069e70971ec9dfaa8aaca785f1e8d488816b113d,0x4c6ab1fdd39b2a6dc47c7645cff511e59473d9292bbee61bce6deb995a1c133d,TOU,11.381,2026-02-17T13:39:42.444637Z,2026-02-17T14:09:42.444637Z,0xa614a29f4fc1cbcdf36713ede6965e331845872ffdd11384cfc3aa63572f72a1,2026-02-17
run_20260217_220238-0362,,0x81653f0cf137718ed79cc42231e29b8a43ed42cbbc41bba39f54bf072f419aab,0xe735cfb94e7572ab69beec6e597f2c51cc12a45bf72425cc8b2a39202c5033bd,TOU,3.639,2026-02-17T20:29:26.827416Z,2026-02-17T20:49:26.827416Z,0xa614a29f4fc1cbcdf36713ede6965e331845872ffdd11384cfc3aa63572f72a1,2026-02-17
run_20260217_220238-0363,,0x9a9246bf6cb777c5b6de9de276f9858e5815e0be938689e0cde6b59cf4e49fc5,0x81581a6d8fb365bb2ba923f64f5305e28b774fbbbe0482bc6d9771fd57ceb4c0,TOU,3.579,2026-02-17T17:24:44.011376Z,2026-02-17T17:54:44.011376Z,0xa614a29f4fc1cbcdf36713ede6965e331845872ffdd11384cfc3aa63572f72a1,2026-02-17
run_20260217_220238-0364,,0x46fa12549b903e85caff718f201cd498309638223b1754e02dcfa152647c3c7f,0xc103147b646132ada36e30127a1d4391f91fbae7d7952c66b0b5d2db7e1821f8,TOU,4.544,2026-02-17T07:29:10.550721Z,2026-02-17T08:09:10.550721Z,0xa614a29f4fc1cbcdf36713ede6965e331845872ffdd11384cfc3aa63572f72a1,2026-02-17
run_20260217_220238-0365,,0x447dc71b867fa09b152b3e43424f357bc75d78bb1a19e268e22c2173140b7148,0xd6ea14e0d0683d6ca137673832cdb0cd7e8df3f47f2ef6a411524946fc32cf57,TOU,7.415,2026-02-17T18:33:10.007609Z,2026-02-17T19:33:10.007609Z,0xa614a29f4fc1cbcdf36713ede6965e331845872ffdd11384cfc3aa63572f72a1,2026-02-17
run_20260217_220238-0366,,0x89432765d182d51f2a1c4933391a4cb0baa431143180b2009154f89386d380e7,0x4ccf6041a4fdeaca1ac714a00532f63930946371f24887444095ce800610a92e,TOU,25.927,2026-02-17T05:21:15.048267Z,2026-02-17T06:36:15.048267Z,0xa614a29f4fc1cbcdf36713ede6965e331845872ffdd11384cfc3aa63572f72a1,2026-02-17
run_20260217_220238-0367,,0x0e97588de9c3a43424138ffe0b784891ee9e3429b7f58db4a19a79b4136ef1fe,0xc076bc6aea0c679f5a539a9a5209150692d4e35bc958f09725e210b054669f0b,TOU,2.365,2026-02-17T11:35:46.654581Z,2026-02-17T11:55:46.654581Z,0xa614a29f4fc1cbcdf36713ede6965e331845872ffdd11384cfc3aa63572f72a1,2026-02-17
run_20260217_220238-0368,,0x8844526f2ae7d14e45e38da41b6facd847b2ac2d01ffc022a829a9722553976f,0xb0645e92d0d133c4b512a8589df077b2bc811abcfdd36363b544be9e5673406c,TOU,7.642,2026-02-17T16:55:02.135731Z,2026-02-17T17:15:02.135731Z,0xa614a29f4fc1cbcdf36713ede6965e331845872ffdd11384cfc3aa63572f72a1,2026-02-17
run_20260217_220238-0369,,0x917f031ad84c33016d01733592e11ca8ca1ae5f84eb06861cd7c50814c75807c,0x995e76701c10c95da8f2622e29a77680d46ca8c8d4fb2c9898e373c3c65ea1fa,TOU,27.151,2026-02-17T19:40:07.751741Z,2026-02-17T20:55:07.751741Z,0xa614a29f4fc1cbcdf36713ede6965e331845872ffdd11384cfc3aa63572f72a1,2026-02-17
run_20260217_220238-0370,,0x8d75206eb5ec88e2b87a1c97f67b138540688e707b2f314fa5414ffa26d4294d,0xef02a186a497a26bdb1616364f3c6f594033ab32f9b2689a815c2522095e4603,TOU,4.714,2026-02-17T13:11:51.976683Z,2026-02-17T13:51:51.976683Z,0xa614a29f4fc1cbcdf36713ede6965e331845872ffdd11384cfc3aa63572f72a1,2026-02-17
run_20260217_220238-0371,,0xe9992e5ef57c53ee3a93bde9ae16b8489543e7f862bf0e96dcdea2dc7a7080df,0x608623cf57ce65d9ec4155dd139c75b0dad37b864d750cf47f642675deca568b,TOU,3.58,2026-02-17T08:09:16.578572Z,2026-02-17T08:39:16.578572Z,0xa614a29f4fc1cbcdf36713ede6965e331845872ffdd11384cfc3aa63572f72a1,2026-02-17
run_20260217_220238-0372,,0x582caec67e96b2b9ed3041a0e85a27917180dae5d98c47a71ec97a76a3bcf6bb,0x954cf23640b279c55c0e03291c6c3e105d8a0c8a99e4601eab32c3ba63f32166,TOU,3.672,2026-02-17T19:38:47.863322Z,2026-02-17T20:08:47.863322Z,0xa614a29f4fc1cbcdf36713ede6965e331845872ffdd11384cfc3aa63572f72a1,2026-02-17
run_20260217_220238-0373,,0x0a8c4a8bcdd9f91ba019476b889e47d434c8f9ddf88d9e92912352ac139f9b2c,0x09d34bd9e64ffd9cb956f995da96e0bb7279c6ef7a55efce72e37cb09f9f9fb0,TOU,28.193,2026-02-17T18:16:27.310213Z,2026-02-17T19:31:27.310213Z,0xa614a29f4fc1cbcdf36713ede6965e331845872ffdd11384cfc3aa63572f72a1,2026-02-17
run_20260217_220238-0374,,0x0b83f818b270f6c0ee00be0966cd5f51138442c04889fe1a31beb4e2e9ca49a7,0x7b981b6b041d9385a0df3c447f0304f9ecc41174fe1e553973c9e2055946dcfe,TOU,3.538,2026-02-17T21:52:42.488062Z,2026-02-17T22:12:42.488062Z,0xa614a29f4fc1cbcdf36713ede6965e331845872ffdd11384cfc3aa63572f72a1,2026-02-17
run_20260217_220238-0375,,0x1af0b02313eb4bfdbf1393e3bcfc2e1c749859b954be96520b88171c4c9bd02a,0x6ba5c81fb92c17bb8efba257a94e404003a22d3ead946aa489d97c2673119582,TOU,5.646,2026-02-17T05:05:16.625128Z,2026-02-17T05:35:16.625128Z,0xa614a29f4fc1cbcdf36713ede6965e331845872ffdd11384cfc3aa63572f72a1,2026-02-17
run_20260217_220238-0376,,0x963925605c6b74855bb310e7cbcefef2fcd3f5f30ddcefa952ed15e9bb035a83,0xbe74b99e47c7bab9c72dcdf02e24eff60570f98d7ad910d13cf0bc908f8eaee9,TOU,3.857,2026-02-17T03:44:38.047961Z,2026-02-17T04:04:38.047961Z,0xa614a29f4fc1cbcdf36713ede6965e331845872ffdd11384cfc3aa63572f72a1,2026-02-17
run_20260217_220238-0377,,0x33fa708bc0d67e60a6f059d67c817bdf1a643b36b3461bd4d5fbf29c003a398f,0xdbfe5e11b1ac67c894178f133e4e8269992f5a6d4a5e5a371d710df8c1007156,TOU,9.005,2026-02-17T07:17:00.331429Z,2026-02-17T08:32:00.331429Z,0xa614a29f4fc1cbcdf36713ede6965e331845872ffdd11384cfc3aa63572f72a1,2026-02-17
run_20260217_220238-0378,,0x3417204feb737db9c098163ed01f4a6dc50f48d965b9a6969fba43fea0de7985,0x3bb3740ab0c241b7f0e9d6b120b11d12b24b2d9bb2a8e590d9266d591b8d0720,TOU,10.708,2026-02-17T12:04:11.305641Z,2026-02-17T13:04:11.305641Z,0xa614a29f4fc1cbcdf36713ede6965e331845872ffdd11384cfc3aa63572f72a1,2026-02-17
run_20260217_220238-0379,,0xc16ac2ef41a99e7fe31cdc8b64e7ec76d37f5bf10788c35612a8ecc0c5d9b1bb,0x7db0c279c805e8736ae531912f031bd79adb436ca9134924dae8db7d9593e006,TOU,3.541,2026-02-17T10:32:00.100375Z,2026-02-17T11:02:00.100375Z,0xa614a29f4fc1cbcdf36713ede6965e331845872ffdd11384cfc3aa63572f72a1,2026-02-17
run_20260217_220238-0380,,0x27e4fea40c3ed8a418541329099e8075b230fe2f7a072b53cdcf8dd794645b1c,0x62ac367b101ac9e50817f2bc5d88ce040161d4e0e1594a0aca08d2e8ff7d2ab4,TOU,7.011,2026-02-17T07:31:23.787861Z,2026-02-17T08:11:23.787861Z,0xa614a29f4fc1cbcdf36713ede6965e331845872ffdd11384cfc3aa63572f72a1,2026-02-17
run_20260217_220238-0381,,0x004d33eefce91c24745ce9cc203b74389d0ddcc65fbcd4ce1c4c852132ef6349,0x7aef895d3f7cf106b20dbaa1245de5c6770fd0de9963e3907f577dd86bde1ef9,TOU,21.471,2026-02-17T12:25:38.786802Z,2026-02-17T13:25:38.786802Z,0xa614a29f4fc1cbcdf36713ede6965e331845872ffdd11384cfc3aa63572f72a1,2026-02-17
run_20260217_220238-0382,,0xc6a72aa24ccf3c1a6cc689968588e3bba53e62d998fc78fb053eb28345665726,0xc2610708ed5be9cd065c1d711f7023e6a468abb46e3954e40d95a11ea1067373,TOU,3.747,2026-02-17T20:24:00.056110Z,2026-02-17T20:44:00.056110Z,0xa614a29f4fc1cbcdf36713ede6965e331845872ffdd11384cfc3aa63572f72a1,2026-02-17
run_20260217_220238-0383,,0x25f6b9dc5913f1e51be1947b1dfe93600cd1c0db548d4c57c227692f4b1e9656,0x0610a420879ee83c7221536cbfa3f63305a8ccf062c915f106709ca78e2e639d,TOU,14.631,2026-02-17T21:10:44.623262Z,2026-02-17T21:50:44.623262Z,0xa614a29f4fc1cbcdf36713ede6965e331845872ffdd11384cfc3aa63572f72a1,2026-02-17
run_20260217_220238-0384,,0x1dbfe7d0d83dc2a7634c78c5d6ffa11219b1bd7738dce9c110a581624375c859,0x0b0cb5c6466834f458a3706799107896724f8515d577565e820e6c5c4af05fe0,TOU,2.501,2026-02-17T21:17:23.218076Z,2026-02-17T21:37:23.218076Z,0xa614a29f4fc1cbcdf36713ede6965e331845872ffdd11384cfc3aa63572f72a1,2026-02-17
run_20260217_220238-0385,,0x5bb089e7ad235fa03c751b9a63965b31e69287515c6bc1822428b71bf1e95437,0xfb1838c933ef54fd4fd9b1c8ba819eb0af6f2e4d46280c75dbcc911805749b38,TOU,22.246,2026-02-17T15:49:13.985874Z,2026-02-17T16:49:13.985874Z,0xa614a29f4fc1cbcdf36713ede6965e331845872ffdd11384cfc3aa63572f72a1,2026-02-17
run_20260217_220238-0386,,0xebdbe73cbd8ae076aa14bb356eaca7af57cb068251023fa130fed0b554947b2e,0xac4db6e99f69d713507a596a660dddf55ee34303378a53a168820ad728567eb0,TOU,9.119,2026-02-17T01:36:26.053477Z,2026-02-17T02:51:26.053477Z,0xa614a29f4fc1cbcdf36713ede6965e331845872ffdd11384cfc3aa63572f72a1,2026-02-17
run_20260217_220238-0387,,0xbbfc054238956ec2417fb07c763be61a0b80f0dffe0ece293095c00de88454fc,0x596a1656e052778760f8bc552de153a44a3a76430065cbf35aa2e9442fc0f874,TOU,8.915,2026-02-17T09:01:57.555225Z,2026-02-17T10:16:57.555225Z,0xa614a29f4fc1cbcdf36713ede6965e331845872ffdd11384cfc3aa63572f72a1,2026-02-17
run_20260217_220238-0388,,0x413f67b7bb4565e07898d54bde70953ef6132bbd721c77600f800400b349f29a,0x3a7a104448ff3131ca40edb9388c8e213dd317d25d1d1643a3b404e49d579c2c,TOU,6.975,2026-02-17T21:54:59.268248Z,2026-02-17T22:54:59.268248Z,0xa614a29f4fc1cbcdf36713ede6965e331845872ffdd11384cfc3aa63572f72a1,2026-02-17
run_20260217_220238-0389,,0x91b515bb3abbcd770da65c6f52486245f5728387aa494013e814a53564091d78,0x6ebbe3b2519c7b95d27ecf68862b4ef63331d139f316bc95034170e6dc2cd474,TOU,7.001,2026-02-17T20:49:12.887776Z,2026-02-17T21:49:12.887776Z,0xa614a29f4fc1cbcdf36713ede6965e331845872ffdd11384cfc3aa63572f72a1,2026-02-17
run_20260217_220238-0390,,0x77289b9563f5c536b7071c97003b8f69b87ea8629e409c228810c15d03764504,0x9756ec3a8126ba605b058f785019c0903cb9738ab17c70ffb1b1ff455edb7d97,TOU,7.28,2026-02-17T23:15:25.178977Z,2026-02-18T00:15:25.178977Z,0xa614a29f4fc1cbcdf36713ede6965e331845872ffdd11384cfc3aa63572f72a1,2026-02-17
run_20260217_220238-0391,,0xd44f0b87239d3142582fece0e04ce04a4d0a282cff84218edb9c7c5e37ce77a0,0x1a86e71dfc9abc8abd64119c4d9d32bde20ea415af4587cf0820946beed59f03,TOU,11.398,2026-02-17T09:48:37.693339Z,2026-02-17T10:18:37.693339Z,0xa614a29f4fc1cbcdf36713ede6965e331845872ffdd11384cfc3aa63572f72a1,2026-02-17
run_20260217_220238-0392,,0x67932a9730906af188bb5f19c97ea852d5a613641dae0c2877502a19493e4f20,0xdde4ff1414f395de02ab16a40c22d3cdb2527a7edb87ee17499372606b8f7022,TOU,14.04,2026-02-17T13:32:05.439627Z,2026-02-17T14:12:05.439627Z,0xa614a29f4fc1cbcdf36713ede6965e331845872ffdd11384cfc3aa63572f72a1,2026-02-17
run_20260217_220238-0393,,0xcf68f4f02d033323e7bbff2efeca17e50d326f2c991bbba5c2e40c0490b2aa41,0x6f3ce1881b604da0f9ab312f61f0b9f637732821886ea7f27f4eba091b8dbdb9,TOU,5.684,2026-02-17T04:15:17.208280Z,2026-02-17T04:45:17.208280Z,0xa614a29f4fc1cbcdf36713ede6965e331845872ffdd11384cfc3aa63572f72a1,2026-02-17
run_20260217_220238-0394,,0x2e9b3d325cbd10f79c9b5cbd215f9b24f0a2e70cee385f9a312217defc775438,0xc4399fb78b563aff5a054031e8296c579a57eb06718616de19949d883c6e956d,TOU,3.66,2026-02-17T22:30:27.936057Z,2026-02-17T23:00:27.936057Z,0xa614a29f4fc1cbcdf36713ede6965e331845872ffdd11384cfc3aa63572f72a1,2026-02-17
run_20260217_220238-0395,,0x42f4774e6facfaf471251149174726806b87e55adea693531aae797ef6d18982,0x6f44815378d9f0672513ece21df8a3794ac6577abaa20335da3b568c2233a29c,TOU,7.245,2026-02-17T09:12:34.564834Z,2026-02-17T10:12:34.564834Z,0xa614a29f4fc1cbcdf36713ede6965e331845872ffdd11384cfc3aa63572f72a1,2026-02-17
run_20260217_220238-0396,,0xc8e769242403cd938edd3c3b4cc4e47a50c3a3ccbe7a4ecfa133fe7017e34fbb,0x301f7222a5bf760ec132136ccb4cf6f338990f4a09d92ba587042d4e7ec62e58,TOU,4.881,2026-02-17T20:55:19.187774Z,2026-02-17T21:35:19.187774Z,0xa614a29f4fc1cbcdf36713ede6965e331845872ffdd11384cfc3aa63572f72a1,2026-02-17
run_20260217_220238-0397,,0x0d213a346d9d98ccdddf19aa8eb26b05f9c7f43da6d2f91462892f4b6cbd3a3f,0xd0b95813e225e9fc267f7055264ac06e30518ffb1371368e3064bc40c6aed1ef,TOU,14.185,2026-02-17T09:49:09.841236Z,2026-02-17T10:29:09.841236Z,0xa614a29f4fc1cbcdf36713ede6965e331845872ffdd11384cfc3aa63572f72a1,2026-02-17
run_20260217_220238-0398,,0xc3785407fb146e3618f2b5dda7feaebbd9856582b05d5d6a7280815572e77b54,0x1882db6929b18eb08cb99f585ed95aaae4bbffda91682164423c4935a69a716a,TOU,3.642,2026-02-17T00:02:39.797884Z,2026-02-17T00:32:39.797884Z,0xa614a29f4fc1cbcdf36713ede6965e331845872ffdd11384cfc3aa63572f72a1,2026-02-17
run_20260217_220238-0399,,0xb4e3311c4b56f309084ffbea5d5e152dbce1eba0e629683973074439c2296517,0x42d6ff0b548af92bcc9efde2065fe16a0ce939439ce687ec1bd1bbe834e70003,TOU,11.199,2026-02-17T08:34:10.213476Z,2026-02-17T09:34:10.213476Z,0xa614a29f4fc1cbcdf36713ede6965e331845872ffdd11384cfc3aa63572f72a1,2026-02-17
run_20260217_220238-0400,,0x216d4f71fc2773d2d7523740bf8184a6f9c8c6eb0efc47efba6a56fc0144f223,0xf24f73b97030f50395cdc3a815945a7f95263f7b7569ca9f656146b680732d2c,TOU,21.966,2026-02-17T11:56:30.631254Z,2026-02-17T12:56:30.631254Z,0xa614a29f4fc1cbcdf36713ede6965e331845872ffdd11384cfc3aa63572f72a1,2026-02-17
run_20260217_220238-0401,,0x5ff29217d20efbcb1f93a69425489b0d72cf3d2fcdc7ec38e7bc7aaad8cc4141,0x4bd66df2dca1c230a0e549570822e2eb79e54b25476950745255a6c6bcf09318,TOU,8.837,2026-02-17T22:06:20.530392Z,2026-02-17T23:21:20.530392Z,0xa614a29f4fc1cbcdf36713ede6965e331845872ffdd11384cfc3aa63572f72a1,2026-02-17
run_20260217_220238-0402,,0x15e7719720bce6f264daeea9cf3b3f37eab43d19108369bbc0175bb984b2b9d9,0xdfc347b80d2e11cddce826059886e0e9857d86ffb3f29140f6330a6dbcf5fe73,TOU,27.852,2026-02-17T23:08:07.812849Z,2026-02-18T00:23:07.812849Z,0xa614a29f4fc1cbcdf36713ede6965e331845872ffdd11384cfc3aa63572f72a1,2026-02-17
run_20260217_220238-0403,,0x8d267992c0a28beca01d9f622c469a0c5e345c0005f30d523db143dfe3558b7f,0x49b1e1e60056dc85d7f7f8dff564d7b09fbacde4b34782224aeb42d6f1ff5d72,TOU,4.806,2026-02-17T17:14:24.025120Z,2026-02-17T17:54:24.025120Z,0xa614a29f4fc1cbcdf36713ede6965e331845872ffdd11384cfc3aa63572f72a1,2026-02-17
run_20260217_220238-0404,,0x930d08fff9f3187e564d5d20812048e6b4e66fe46715fe0d4b7d10e558bbbfeb,0x76cb5427c46ca328434c2d443f54908f74704a92f9c986f5c4dc8954fc8d2cbe,TOU,3.645,2026-02-17T04:47:54.258646Z,2026-02-17T05:07:54.258646Z,0xa614a29f4fc1cbcdf36713ede6965e331845872ffdd11384cfc3aa63572f72a1,2026-02-17
run_20260217_220238-0405,,0xa583badeee631449a2fe07a1c99f674cb1dbae7fd08315b2698540aba51ee585,0x8125cdbb30668f90735e76c68f7273ef5f72d24019f0d3ef4b2238fd6e7cf7f6,TOU,7.297,2026-02-17T14:04:21.303468Z,2026-02-17T15:04:21.303468Z,0xa614a29f4fc1cbcdf36713ede6965e331845872ffdd11384cfc3aa63572f72a1,2026-02-17
run_20260217_220238-0406,,0x641c14dd1f65085a0f517474969993af16abed0a0f178a9a19520c02500c0a9f,0x7057e942a7250f0d7bba0d4bb86bec60fa58a93236319b41084c6d1f64fd7b7f,TOU,10.99,2026-02-17T18:22:31.662668Z,2026-02-17T19:22:31.662668Z,0xa614a29f4fc1cbcdf36713ede6965e331845872ffdd11384cfc3aa63572f72a1,2026-02-17
run_20260217_220238-0407,,0xd43fa7bd48a2c0e6185fbbbdd0ad69be14806e9dd2348807e76cdc38b31a30bf,0xdf1e99863436bdd60d665355a50d921c8a069538751615277665dd2ce5ce103b,TOU,7.637,2026-02-17T08:20:01.504145Z,2026-02-17T09:00:01.504145Z,0xa614a29f4fc1cbcdf36713ede6965e331845872ffdd11384cfc3aa63572f72a1,2026-02-17
run_20260217_220238-0408,,0xe647ba11c1348344eaa25c8e1223b45922e945a0f747f0d6416ca4840182c017,0xa08eaefa2c64b8d8659f0a8202387f37f70cf2dd26c9e22f4ffde07871d8274e,TOU,5.383,2026-02-17T15:53:08.069494Z,2026-02-17T16:23:08.069494Z,0xa614a29f4fc1cbcdf36713ede6965e331845872ffdd11384cfc3aa63572f72a1,2026-02-17
run_20260217_220238-0409,,0x3db805a5a3dd4684a425fe4139d1facb5126885c6c58432e08a8df0a57c7ee0c,0xd26ff438f53c49fe67b0f2102c2365a07c35dec63cbd28bf060678ff54d7977b,TOU,4.967,2026-02-17T06:34:38.343319Z,2026-02-17T07:14:38.343319Z,0xa614a29f4fc1cbcdf36713ede6965e331845872ffdd11384cfc3aa63572f72a1,2026-02-17
run_20260217_220238-0410,,0x10d778e8b6ad947c5ee9337761f294ede8278c7e3cdde44dc290d9a16c5a0959,0xef3553b343342b4a6a6707cc74afbe3ba3f4f59a68a145da56832d4a65ec6556,TOU,22.612,2026-02-17T09:28:15.148232Z,2026-02-17T10:28:15.148232Z,0xa614a29f4fc1cbcdf36713ede6965e331845872ffdd11384cfc3aa63572f72a1,2026-02-17
run_20260217_220238-0411,,0xfe35dcf4428e99cec4fef09bca88274a67038082d6f809248d946e96f82636e2,0xebe790daf6201855e12f78b2b4053e6b16abeb6f91c8e6f2eedf3812576e6886,TOU,7.371,2026-02-17T05:30:22.324009Z,2026-02-17T06:10:22.324009Z,0xa614a29f4fc1cbcdf36713ede6965e331845872ffdd11384cfc3aa63572f72a1,2026-02-17
run_20260217_220238-0412,,0xfe71d40f25e2a1a0ebd1ad2dcb7b152f3e420f7e4481e72b9429300276e526c6,0xe1919d4a28214b997faa85543dd4a4323a5dd42b99834df16f4e0fd4d9375e4d,TOU,11.157,2026-02-17T00:28:37.940915Z,2026-02-17T00:58:37.940915Z,0xa614a29f4fc1cbcdf36713ede6965e331845872ffdd11384cfc3aa63572f72a1,2026-02-17
run_20260217_220238-0413,,0xdfc7beecf75566b8bd7240bd5bc5c78809e1485e9a440589d4dd25f9376fa041,0xfdf8bfb2e125dff5ecef3fdab5a1d892b50c2ba9688cab68a6b1364f17fa5f50,TOU,2.57,2026-02-17T06:48:49.412546Z,2026-02-17T07:08:49.412546Z,0xa614a29f4fc1cbcdf36713ede6965e331845872ffdd11384cfc3aa63572f72a1,2026-02-17
run_20260217_220238-0414,,0x451ef3a1971a952e8cd3a0fa5f6630af850d7af8e40cf2fe9b5eb5d77db84d21,0x4d32e8686c4d7d3126da055bab754345b3e5c35d469a903f7057ef805c1d2bcf,TOU,7.391,2026-02-17T08:36:55.032734Z,2026-02-17T08:56:55.032734Z,0xa614a29f4fc1cbcdf36713ede6965e331845872ffdd11384cfc3aa63572f72a1,2026-02-17
run_20260217_220238-0415,,0x2f9b3d10b61c5e7634125621e10764efda3033af8dfeb2610ca2d9ecfd2234d7,0xe6e506290e31c80f593ef37dde9e68a15006a044307425bd7cc355f731968b87,TOU,10.825,2026-02-17T01:25:31.683273Z,2026-02-17T02:25:31.683273Z,0xa614a29f4fc1cbcdf36713ede6965e331845872ffdd11384cfc3aa63572f72a1,2026-02-17
run_20260217_220238-0416,,0xbbf43dfdf257c32777af649f9269926831404739dde005e6617e75cd1d041784,0x7d3700b7b6c969c020af976f92672696c109ea7344f374a0150b55691e9760e1,TOU,3.527,2026-02-17T22:39:31.180237Z,2026-02-17T22:59:31.180237Z,0xa614a29f4fc1cbcdf36713ede6965e331845872ffdd11384cfc3aa63572f72a1,2026-02-17
run_20260217_220238-0417,,0x8567aa91e9fa480a90865ea605c4336102b8784c9757d55a537c668029cc4579,0xd216f3256dfefaffd4ec3e6fcecb4a31439203332ce32d16371b65b37e6d4970,TOU,9.079,2026-02-17T19:06:30.391274Z,2026-02-17T20:21:30.391274Z,0xa614a29f4fc1cbcdf36713ede6965e331845872ffdd11384cfc3aa63572f72a1,2026-02-17
run_20260217_220238-0418,,0x9760caa7afed3cfb80c308a84899850df64aca696c2b6ca6f866e3efe9dd6e0a,0x503be67797da92924b4e51059235132e1693ed9a3a89a821df1534f9a2d834b4,TOU,7.227,2026-02-17T11:10:07.579960Z,2026-02-17T12:10:07.579960Z,0xa614a29f4fc1cbcdf36713ede6965e331845872ffdd11384cfc3aa63572f72a1,2026-02-17
run_20260217_220238-0419,,0x4f671523c7d375b3af183388e558f017ebe2652bc8b78527a021e94d88822e5e,0x1bbad229d2ff464b9ff0c7f955267149681f93287df92109611ee53d04e206ba,TOU,3.806,2026-02-17T20:35:06.583199Z,2026-02-17T20:55:06.583199Z,0xa614a29f4fc1cbcdf36713ede6965e331845872ffdd11384cfc3aa63572f72a1,2026-02-17
run_20260217_220238-0420,,0x1bd96cce44de83f018d5468123a7a4e92dfec286b2508699b01ac7da10e0f0ee,0x60f71fb351fdbce505ee71bce87e877948b84a74f61253fffae2f1053d8709d0,TOU,4.82,2026-02-17T22:47:03.629026Z,2026-02-17T23:27:03.629026Z,0xa614a29f4fc1cbcdf36713ede6965e331845872ffdd11384cfc3aa63572f72a1,2026-02-17
run_20260217_220238-0421,,0xf359ba6f0d3fde0c5d60ba32c5a6ee7271cb8dc98baf7b7e0b893e80380f138c,0xad1ecc7b9607408c113317af9ecb6764008e10526a26ac39e96ec20ff385a36e,TOU,11.252,2026-02-17T04:30:24.583030Z,2026-02-17T05:30:24.583030Z,0xa614a29f4fc1cbcdf36713ede6965e331845872ffdd11384cfc3aa63572f72a1,2026-02-17
run_20260217_220238-0422,,0xe8127f45b8fdb7efd974a083f967e264cd5766742bbed635b774366f3f3daa17,0x50488de6f0fa18238cd405b1fb1e7215251e3c43d5e4c14e8de419841e9e8be4,TOU,9.049,2026-02-17T13:27:19.671279Z,2026-02-17T14:42:19.671279Z,0xa614a29f4fc1cbcdf36713ede6965e331845872ffdd11384cfc3aa63572f72a1,2026-02-17
run_20260217_220238-0423,,0x4aac52f4fc6065f4c688e5fc57440f5bc9d7d969b25af607e2c44d524caa1589,0x347f85331c8d9e0b0e190174c024136b3aa9173c0d4c5054373bce2d2960ff2f,TOU,14.441,2026-02-17T19:02:07.757114Z,2026-02-17T19:42:07.757114Z,0xa614a29f4fc1cbcdf36713ede6965e331845872ffdd11384cfc3aa63572f72a1,2026-02-17
run_20260217_220238-0424,,0x0e535f8f76e684d2006682e8646c9e00ade0a6f946dda54325db115c30f45f7a,0x09153e0d2d9260bd09defd498bb4bf93720a3741358381bd6753d86c35df16a8,TOU,3.714,2026-02-17T23:52:25.148433Z,2026-02-18T00:22:25.148433Z,0xa614a29f4fc1cbcdf36713ede6965e331845872ffdd11384cfc3aa63572f72a1,2026-02-17
run_20260217_220238-0425,,0xb97d6ab46265f8b4c25c70521a102b55d7f4224ffdad852e5a1ee3cb2b8eabe2,0xdb23e1d088a7be6e1004d60cb83468377180e5e9a18ea354bb79c63c2b7a5efa,TOU,5.838,2026-02-17T08:56:53.489218Z,2026-02-17T09:26:53.489218Z,0xa614a29f4fc1cbcdf36713ede6965e331845872ffdd11384cfc3aa63572f72a1,2026-02-17
run_20260217_220238-0426,,0xab8e3fb3fdfce4842297757f10f74390d6db7b544b65bf85a98de2f915c76f77,0x9a708c0d8858ee11113c50a82ba28eb1316529226c9ba232c610fd2bfc7f4c13,TOU,7.262,2026-02-17T22:56:54.812044Z,2026-02-17T23:36:54.812044Z,0xa614a29f4fc1cbcdf36713ede6965e331845872ffdd11384cfc3aa63572f72a1,2026-02-17
run_20260217_220238-0427,,0xa491c9a10b4502a57db6c0394452ade9e2d92ad2baed58c3e1bcbcae84b113d7,0xea657b7199ed8a8ea7bdd32e80421ddf53e77b563180bb5d20b07f035262ba6c,TOU,2.343,2026-02-17T12:20:30.695383Z,2026-02-17T12:40:30.695383Z,0xa614a29f4fc1cbcdf36713ede6965e331845872ffdd11384cfc3aa63572f72a1,2026-02-17
run_20260217_220238-0428,,0x0a3557c0b515e02cfb50e40c854c8001c965127a38738cf00d212d5d8d598580,0x0a32cb7cf3eb835fa323b0f31f6ca9e926ed293ec7021d9f1a9ea878b9382c9f,TOU,3.481,2026-02-17T02:25:20.593805Z,2026-02-17T02:55:20.593805Z,0xa614a29f4fc1cbcdf36713ede6965e331845872ffdd11384cfc3aa63572f72a1,2026-02-17
run_20260217_220238-0429,,0xd90c2007f6964026aeab29523efed92057cbfec20feb4dc0d18482bf92280fb2,0xc258bdfd7e83a9209ae4002ffcd5c4ec7f75f8b7a21e6c14df9a9b1f65eb5a89,TOU,7.295,2026-02-17T22:40:45.079650Z,2026-02-17T23:40:45.079650Z,0xa614a29f4fc1cbcdf36713ede6965e331845872ffdd11384cfc3aa63572f72a1,2026-02-17
run_20260217_220238-0430,,0xb960d35dc8599d0be6ba748093b89ac53198869d644610b3c9306cd67b670a48,0x3445a328db5ceecc259b54dbda07ad8265efcc42edfb377bcd15b4fedf5d2f4c,TOU,5.948,2026-02-17T12:58:38.780883Z,2026-02-17T13:28:38.780883Z,0xa614a29f4fc1cbcdf36713ede6965e331845872ffdd11384cfc3aa63572f72a1,2026-02-17
run_20260217_220238-0431,,0xdc160adb95343cc3193e9685bea213e98dfbd6e25d6f81cef639527c4d7ed820,0x555eab6293f410c2df3558d33cdc81cf6d95754c2c091fe0905b298cb2c14a2b,TOU,3.769,2026-02-17T03:27:47.652521Z,2026-02-17T03:47:47.652521Z,0xa614a29f4fc1cbcdf36713ede6965e331845872ffdd11384cfc3aa63572f72a1,2026-02-17
run_20260217_220238-0432,,0x4a9e13f8eefb68aa7b8e349b877bbae66f2c2fe3a26c3c8c66d84345027b3925,0xfc550998ae46efdfb8988a6e60f26bbc34aea412e4b010f92f8fb4f7325cc49f,TOU,3.755,2026-02-17T06:27:46.465999Z,2026-02-17T06:57:46.465999Z,0xa614a29f4fc1cbcdf36713ede6965e331845872ffdd11384cfc3aa63572f72a1,2026-02-17
run_20260217_220238-0433,,0x1e8e121e6de9e469b70088b109b0bd14cc6e5f8462c5d5aebfe65d022a33095b,0x8c80dc1edfaf5fdb84402411c4b2bcb04b244b78fea96fa061d503b651b34977,TOU,20.864,2026-02-17T22:55:19.029510Z,2026-02-17T23:55:19.029510Z,0xa614a29f4fc1cbcdf36713ede6965e331845872ffdd11384cfc3aa63572f72a1,2026-02-17
run_20260217_220238-0434,,0x1eeb5119cf3c18837a3b7db9954134b9ae4cc5afc8db2800459040daf3ca4f16,0xf1494ee80c89d2edef5fb7d659c4cee1cfc288d8d881de468b4c4e446c33948e,TOU,2.208,2026-02-17T18:14:45.008982Z,2026-02-17T18:34:45.008982Z,0xa614a29f4fc1cbcdf36713ede6965e331845872ffdd11384cfc3aa63572f72a1,2026-02-17
run_20260217_220238-0435,,0x8024134dd64f5279d2f65d75f7de9f74389b19b5ed190c8cfd2c9d8a8582a741,0xf659b0b24a57bc9953e420692596e26764d5ebcdec66214a42bf5985aa49d60e,TOU,7.175,2026-02-17T00:32:57.244742Z,2026-02-17T01:32:57.244742Z,0xa614a29f4fc1cbcdf36713ede6965e331845872ffdd11384cfc3aa63572f72a1,2026-02-17
run_20260217_220238-0436,,0x8f26c73dd50d16939dba36d393741d17ef1e327d84af5e6228dc0fead38c4012,0xbc2cf4e451ee4293f1d9f9c4e90d9836ee27118cdf3a89d47f3feea5124f34cc,TOU,9.192,2026-02-17T09:16:59.893049Z,2026-02-17T10:31:59.893049Z,0xa614a29f4fc1cbcdf36713ede6965e331845872ffdd11384cfc3aa63572f72a1,2026-02-17
run_20260217_220238-0437,,0xccdb32cc8a6c1eb57dab458755b81f97714842f94d156e03c2ee8dee55c16414,0xd354449138034e8a32057618c03d90128ba37e7b8d654244b8dbf2d6a5f5133f,TOU,8.615,2026-02-17T15:56:42.075938Z,2026-02-17T17:11:42.075938Z,0xa614a29f4fc1cbcdf36713ede6965e331845872ffdd11384cfc3aa63572f72a1,2026-02-17
run_20260217_220238-0438,,0xddd53b7cbb11271dd108a7c3fc72683ec0a99da62ce6ec5dd30db548df8c0c7f,0x526fa4a529c96da68e9093d4bf5373257b897686c45210e138ec97edf41ea843,TOU,28.619,2026-02-17T21:02:17.904880Z,2026-02-17T22:17:17.904880Z,0xa614a29f4fc1cbcdf36713ede6965e331845872ffdd11384cfc3aa63572f72a1,2026-02-17
run_20260217_220238-0439,,0xb871dd575759620a9d09696c7b8a2e45f0e33311ec42fd088e080f257e6ccdc6,0x031c10f9faa52c70ca082e2debf22efe39e913cb353c1bf8e3cd841aafd884b3,TOU,11.165,2026-02-17T12:04:17.197297Z,2026-02-17T12:34:17.197297Z,0xa614a29f4fc1cbcdf36713ede6965e331845872ffdd11384cfc3aa63572f72a1,2026-02-17
run_20260217_220238-0440,,0xee15b5fb7244d99fe7a75d28992e010e9dc7cadf649722f40bf372e52d062a1e,0xf69cd17c1f176f11dedfdb7ae6b5fec950164d4b3756d129713b4b09c53a0f3a,TOU,4.957,2026-02-17T08:30:39.264250Z,2026-02-17T09:10:39.264250Z,0xa614a29f4fc1cbcdf36713ede6965e331845872ffdd11384cfc3aa63572f72a1,2026-02-17
run_20260217_220238-0441,,0xc10aa9de12621c1483c66813814ba162f3788331341203c3a6a7691984b1a66c,0x34a4daf6e19c6b30b76f6e30ffc16d0bdb6ce9d89747c5c3598874bdb155c09e,TOU,28.398,2026-02-17T08:00:10.098118Z,2026-02-17T09:15:10.098118Z,0xa614a29f4fc1cbcdf36713ede6965e331845872ffdd11384cfc3aa63572f72a1,2026-02-17
run_20260217_220238-0442,,0xcd78e166315c91e70c2563b03c91b74fa3a54692f4ff7609e0b3410cffcf03d8,0x4c9f2688efe7e25460a345fbef93ac903422f154e15b6eb2eb1e2c78cf206c78,TOU,11.034,2026-02-17T19:36:30.963896Z,2026-02-17T20:06:30.963896Z,0xa614a29f4fc1cbcdf36713ede6965e331845872ffdd11384cfc3aa63572f72a1,2026-02-17
run_20260217_220238-0443,,0xfaa167b28d831613394fc8222ad1dd1c1a63761cf66f8f2412f5674205fd0b7e,0x4c2807708a2024eed88c71a8209c920e841b646b2770b911a60ab96390cf6e7e,TOU,10.44,2026-02-17T15:06:40.326815Z,2026-02-17T15:36:40.326815Z,0xa614a29f4fc1cbcdf36713ede6965e331845872ffdd11384cfc3aa63572f72a1,2026-02-17
run_20260217_220238-0444,,0x2b8b3d35b6cc6547152f1a46d35407b5402d60fa2d8a39662c64939bed928e66,0x4f0d5c1bc6cf836cac894dc7eb638b9040ff6272d2b24547f954c29da6478c4f,TOU,11.036,2026-02-17T01:53:34.504479Z,2026-02-17T02:53:34.504479Z,0xa614a29f4fc1cbcdf36713ede6965e331845872ffdd11384cfc3aa63572f72a1,2026-02-17
run_20260217_220238-0445,,0xd0d543e75866fd3af52debfcb460ec0109fb5b421539392a272b8e0f1509d83c,0xbc26947df4793bc3dc3ecf984f574a862832e73ee3c86080fe454a41dfd00d89,TOU,10.82,2026-02-17T04:47:36.618484Z,2026-02-17T05:47:36.618484Z,0xa614a29f4fc1cbcdf36713ede6965e331845872ffdd11384cfc3aa63572f72a1,2026-02-17
run_20260217_220238-0446,,0x7e417dd0ce46bea4a998d86817492d7c2711f250b6e63fc8e0cddca2db9811c9,0x367ce9ebb8aa7919880f35f0fb8f2158e443f4724ca8ba66cb8e670a3621a0e1,TOU,4.996,2026-02-17T05:13:57.118061Z,2026-02-17T05:53:57.118061Z,0xa614a29f4fc1cbcdf36713ede6965e331845872ffdd11384cfc3aa63572f72a1,2026-02-17
run_20260217_220238-0447,,0x5fb52bf0f4d37257bb5b40de12b3b72a44336f03ea84d4f19510c15328d357e2,0x1b16e4441b9fa0b91b8c4824bb9a51e79be4d6917ae86308471641538d3c729f,TOU,7.813,2026-02-17T22:38:17.485830Z,2026-02-17T23:18:17.485830Z,0xa614a29f4fc1cbcdf36713ede6965e331845872ffdd11384cfc3aa63572f72a1,2026-02-17
run_20260217_220238-0448,,0x9d880f0e160451e23b7623a82ce5fac473915fb23bada3a213a5530c94caa539,0x1764d4501980582a4dc4359eba3b51da97cb23cdbc1d53f73f3358f7ddff252f,TOU,11.264,2026-02-17T02:40:33.658662Z,2026-02-17T03:40:33.658662Z,0xa614a29f4fc1cbcdf36713ede6965e331845872ffdd11384cfc3aa63572f72a1,2026-02-17
run_20260217_220238-0449,,0x7854d0f7ad056ce56b5633c3a00542ae5c0c4efd62ac271af5e3aaf26083aa49,0xda93842771632bbe20692885435eedc32d269bfb1bd32d8d8f62f70c95831c43,TOU,7.154,2026-02-17T09:48:25.343799Z,2026-02-17T10:48:25.343799Z,0xa614a29f4fc1cbcdf36713ede6965e331845872ffdd11384cfc3aa63572f72a1,2026-02-17
run_20260217_220238-0450,,0x40075d1017cd83701cba9580a399ff1449d1f3abc5d5b439e1ec8c4f36e4ed13,0x7fbefc4244af0cc6d7e2e2cfb10843222cfc32394fd562b3476526d4ec5e0bce,TOU,27.396,2026-02-17T16:41:21.797630Z,2026-02-17T17:56:21.797630Z,0xa614a29f4fc1cbcdf36713ede6965e331845872ffdd11384cfc3aa63572f72a1,2026-02-17
run_20260217_220238-0451,,0x71522c6417362e0a2f2e37213534fd4acbef460b6aab46a3fdcb014d259b5cf6,0xfcce801ca2bd8c7496e1810e938d4f94bb2cd19548b346f4e2a3ede68d567e20,TOU,22.081,2026-02-17T15:18:03.978293Z,2026-02-17T16:18:03.978293Z,0xa614a29f4fc1cbcdf36713ede6965e331845872ffdd11384cfc3aa63572f72a1,2026-02-17
run_20260217_220238-0452,,0x97aa31e9dbfbfb5d6ca0a6ee4da324420fd4e82f0699552c66db65748ec0c4a2,0x42cc7ccd70af881bcce4da2c39eacdfcd3395ea13cb86856e885851f622910b2,TOU,6.941,2026-02-17T20:03:50.115203Z,2026-02-17T20:43:50.115203Z,0xa614a29f4fc1cbcdf36713ede6965e331845872ffdd11384cfc3aa63572f72a1,2026-02-17
run_20260217_220238-0453,,0x65af6f0df08999ca9ef50398dd8b05fb3f5c679e6660efacdc4920e574c0e1b6,0x175812f0e407a129078c29fe95fbcf29e4e28fe89236f37f0f45ac502d62b328,TOU,10.921,2026-02-17T09:36:46.921036Z,2026-02-17T10:06:46.921036Z,0xa614a29f4fc1cbcdf36713ede6965e331845872ffdd11384cfc3aa63572f72a1,2026-02-17
run_20260217_220238-0454,,0x016263873322c0c8bedc5806949f23fff98121007553c0e50712a998de7f7645,0xca243fc111d8efa85f843a96dee98d306373c51b18a5bbbc791b227fedae4156,TOU,3.743,2026-02-17T10:03:43.970177Z,2026-02-17T10:33:43.970177Z,0xa614a29f4fc1cbcdf36713ede6965e331845872ffdd11384cfc3aa63572f72a1,2026-02-17
run_20260217_220238-0455,,0x751735b369f10e15e10d9953d2a847f32c7e4fde8be128044b84f8d401bb874d,0x6d2dacc431ec6f66c71a867a3c830cbc5f68dc9cf205bce2b4a2c766eb151d74,TOU,9.908,2026-02-17T18:40:35.793451Z,2026-02-17T19:10:35.793451Z,0xa614a29f4fc1cbcdf36713ede6965e331845872ffdd11384cfc3aa63572f72a1,2026-02-17
run_20260217_220238-0456,,0xe38f37ced4215b56fcdbda1b5ffddae9a6caadc2d972b828190b33167f1e997d,0x875a77f639f3a6fb6e8491338d8a93253347a19ed11742da4d0bd643daa480ae,TOU,2.376,2026-02-17T01:59:54.907773Z,2026-02-17T02:19:54.907773Z,0xa614a29f4fc1cbcdf36713ede6965e331845872ffdd11384cfc3aa63572f72a1,2026-02-17
run_20260217_220238-0457,,0x571b5df78b62ecf2899b360f5094ec5b9503cb9191f42387ea68c302ac0b71b1,0x6647d240b800bff34fab993c10a61eb6ea591ee74a1df2200abdbbfc491552bb,TOU,4.812,2026-02-17T09:38:23.157555Z,2026-02-17T10:18:23.157555Z,0xa614a29f4fc1cbcdf36713ede6965e331845872ffdd11384cfc3aa63572f72a1,2026-02-17
run_20260217_220238-0458,,0xfca46d570081b8605805490c616098fb4110425a6736d1dbad31fada094885fe,0x20f4fba29453d5e792ec3f7b648638b1861310213c72898f1d4d7f1a565a0add,TOU,2.471,2026-02-17T13:47:16.841725Z,2026-02-17T14:07:16.841725Z,0xa614a29f4fc1cbcdf36713ede6965e331845872ffdd11384cfc3aa63572f72a1,2026-02-17
run_20260217_220238-0459,,0x1949025d513356671a1dbf0ec71ceadffc918af4bb0f6189cdc41b3cbc63d0d7,0x885352b8d145348680e47b3abb3a8cbd1ec3ec79cb89d066d7d5f0088240c485,TOU,3.915,2026-02-17T11:39:35.397768Z,2026-02-17T11:59:35.397768Z,0xa614a29f4fc1cbcdf36713ede6965e331845872ffdd11384cfc3aa63572f72a1,2026-02-17
run_20260217_220238-0460,,0xb41236da403d6531e1bf4bf07b8e0a60b19ba18cffb7bdb040c550d3d98f89b0,0x990cb6f62b879bdfa4118b7b00bdcc6963ef067f3944410e182c713ab770b970,TOU,9.1,2026-02-17T21:00:44.236702Z,2026-02-17T22:15:44.236702Z,0xa614a29f4fc1cbcdf36713ede6965e331845872ffdd11384cfc3aa63572f72a1,2026-02-17
run_20260217_220238-0461,,0xcab85c29bcd5abca4d4fad8e3db23930a913f509f3693feb85fa973b1746ef76,0xe7f9bb45ceaea3f66fba001a7c3137d19368f99af55f7118e5df01034c91a90b,TOU,5.948,2026-02-17T11:17:28.332828Z,2026-02-17T11:47:28.332828Z,0xa614a29f4fc1cbcdf36713ede6965e331845872ffdd11384cfc3aa63572f72a1,2026-02-17
run_20260217_220238-0462,,0x717494e53bb40eaee0c1ab229cfe0a9e394f0d8b24863f0c9dced2a6589c45ea,0x35b3768df46eb5ea7043177bd68e854b38811b5385f526fa254f5cedc2c9c079,TOU,5.302,2026-02-17T07:13:41.316855Z,2026-02-17T07:43:41.316855Z,0xa614a29f4fc1cbcdf36713ede6965e331845872ffdd11384cfc3aa63572f72a1,2026-02-17
run_20260217_220238-0463,,0xa36eadf6a55ee6f6f254f3b3d08436d6175c14bc63660eb1a86b9f51c103412a,0xd5efe4ba9b7a593bec87d6a00cf257500a59f0f3d015395400c70fa57e75b51c,TOU,3.605,2026-02-17T00:21:09.458368Z,2026-02-17T00:41:09.458368Z,0xa614a29f4fc1cbcdf36713ede6965e331845872ffdd11384cfc3aa63572f72a1,2026-02-17
run_20260217_220238-0464,,0x36250b5683b78c2dc2553ab15bd2048c97455918fefd9013a68bbbe350f3602d,0xbe2cbc474193d23f77d1a7dd6e0672e88baaa0f1def64b4c950d8441509e1ba5,TOU,6.997,2026-02-17T22:00:33.777541Z,2026-02-17T23:00:33.777541Z,0xa614a29f4fc1cbcdf36713ede6965e331845872ffdd11384cfc3aa63572f72a1,2026-02-17
run_20260217_220238-0465,,0x8a384299ce0c153d2471a1eede901d1354c549b3318891389004f07d6fade922,0x7c3f94a1db76005ce4d4a187c2b73a749197f09ea5404c8adb7863d882f36995,TOU,23.19,2026-02-17T23:40:35.303036Z,2026-02-18T00:40:35.303036Z,0xa614a29f4fc1cbcdf36713ede6965e331845872ffdd11384cfc3aa63572f72a1,2026-02-17
run_20260217_220238-0466,,0x0b442493efbafa4b955cb2c1e55d88411efdc0efe262895ea7df10d5acd517c3,0xa20d1bf734a6fbca18a752da082a94e5d554447d97ee454185d7a235be49f1b4,TOU,6.825,2026-02-17T03:43:35.851113Z,2026-02-17T04:43:35.851113Z,0xa614a29f4fc1cbcdf36713ede6965e331845872ffdd11384cfc3aa63572f72a1,2026-02-17
run_20260217_220238-0467,,0xac0a3b7a7b51559176bb2c540b0e3964f66d4825686e6111bcaa292848c89e0d,0x9b83d547ad48d963b5938ff94bedfdfa70bef7d35f8e693ee1dd1c84942412c0,TOU,7.514,2026-02-17T20:26:46.877824Z,2026-02-17T21:26:46.877824Z,0xa614a29f4fc1cbcdf36713ede6965e331845872ffdd11384cfc3aa63572f72a1,2026-02-17
run_20260217_220238-0468,,0x8178884b28140a8292ed401fead2f68ab336d11b4242b7659a1e12f1af8b562c,0x37c7c6eedd20a78566993ce5e6f2300bcb580e540f577fccd4186f9b10875fe2,TOU,6.937,2026-02-17T21:40:16.774489Z,2026-02-17T22:00:16.774489Z,0xa614a29f4fc1cbcdf36713ede6965e331845872ffdd11384cfc3aa63572f72a1,2026-02-17
run_20260217_220238-0469,,0x233c3372c78eacdd3730c1fd8eea88dea08413d81353a511cb403c0773dc8330,0xbf8023c950bd03b8904aba1bab1affd11fc40cbad6862d9fdf27b0f0e94e6aff,TOU,14.047,2026-02-17T11:52:05.733078Z,2026-02-17T13:07:05.733078Z,0xa614a29f4fc1cbcdf36713ede6965e331845872ffdd11384cfc3aa63572f72a1,2026-02-17
run_20260217_220238-0470,,0xe49fb43e12a5fba047736710856f0d03e31eb43455acb2266a7123a6348f43ea,0xcd3207ba90a1ad1a29d70d7689c9e43ab9f5ce736002222e9c52d7ce7c029fa1,TOU,6.964,2026-02-17T06:48:21.516416Z,2026-02-17T07:48:21.516416Z,0xa614a29f4fc1cbcdf36713ede6965e331845872ffdd11384cfc3aa63572f72a1,2026-02-17
run_20260217_220238-0471,,0xa22fd583c55b95493753ad16b3808547803f405449b3544385d6b4c177afa566,0x1a9529f0dda35c99c2f8ae5a8e32ccfbc7ec7e463ba05133a0eb4b21e0376e72,TOU,7.782,2026-02-17T16:17:30.287508Z,2026-02-17T16:37:30.287508Z,0xa614a29f4fc1cbcdf36713ede6965e331845872ffdd11384cfc3aa63572f72a1,2026-02-17
run_20260217_220238-0472,,0x3ae469733d8c8f17ad22ee1fb77223abbcde805eea927eb99b42e2b6dc698ac7,0x14ce14549f54baeba1e3f1b8586ac5acea9a511e396e1bd74e804bc6517911fe,TOU,7.116,2026-02-17T08:58:46.780781Z,2026-02-17T09:58:46.780781Z,0xa614a29f4fc1cbcdf36713ede6965e331845872ffdd11384cfc3aa63572f72a1,2026-02-17
run_20260217_220238-0473,,0xeaf899284b990e40bebe3823e21162168b0ff75886c2fd6b986618d9b17c31cc,0x7156a6cbecf60f6ac87e01e6d9a966e390d0f54946a7346961510708cc962a54,TOU,22.312,2026-02-17T12:55:17.429014Z,2026-02-17T13:55:17.429014Z,0xa614a29f4fc1cbcdf36713ede6965e331845872ffdd11384cfc3aa63572f72a1,2026-02-17
run_20260217_220238-0474,,0x6b426b312c6e6f2a2e68d37d6bcd02e55a8f9a3e73055556fa93bbf8aec20348,0xfd726070f9c81f5bed31db7e34b6c0b859363a8e63bd61490888e003f9ecbfd2,TOU,4.659,2026-02-17T05:37:32.302994Z,2026-02-17T06:17:32.302994Z,0xa614a29f4fc1cbcdf36713ede6965e331845872ffdd11384cfc3aa63572f72a1,2026-02-17
run_20260217_220238-0475,,0xd06d321c2ef605adc05f487234203f6d1dab40edcb49e93a4368ff15fe1dc080,0xd39ebcfa6d01ca6c2e27661cb966c4426806cf2793a432b18b1b110e130fd348,TOU,13.46,2026-02-17T16:50:51.528757Z,2026-02-17T18:05:51.528757Z,0xa614a29f4fc1cbcdf36713ede6965e331845872ffdd11384cfc3aa63572f72a1,2026-02-17
run_20260217_220238-0476,,0x89fcd06d09f85a1a83adfdf8d76c9715471e395aac4f9711d8fa9f735c612788,0xc445ebf4b74c9de9966a9dbe990febc12664f5d35d505879481a07f94f3c93a0,TOU,5.389,2026-02-17T11:01:28.529161Z,2026-02-17T11:31:28.529161Z,0xa614a29f4fc1cbcdf36713ede6965e331845872ffdd11384cfc3aa63572f72a1,2026-02-17
run_20260217_220238-0477,,0xb18c509ff31c07650394450f81e2891cde1fddd24a2a1f484cd15fa67761969b,0x51e1f27a7f0ac7a28ce7ff40ef11b8c6e8687b064db9dc261a8f06ca7ede5877,TOU,6.994,2026-02-17T19:30:23.035670Z,2026-02-17T20:30:23.035670Z,0xa614a29f4fc1cbcdf36713ede6965e331845872ffdd11384cfc3aa63572f72a1,2026-02-17
run_20260217_220238-0478,,0x41baab97f43a0f2a1e58749584cd474abed6f9f273b1e02d0dc3002706b7d735,0x3f707d170b121236d591778d037347680c8175fe35f7c0a06a2a8be6c3e3fc60,TOU,7.34,2026-02-17T20:22:19.162694Z,2026-02-17T21:02:19.162694Z,0xa614a29f4fc1cbcdf36713ede6965e331845872ffdd11384cfc3aa63572f72a1,2026-02-17
run_20260217_220238-0479,,0x37036ec9aed2305be822accb9c43f3fd6f880b1dc23b1e2cf526cd71c255572d,0x8b4828fdd4fbaf116f101b6116047878814dba2d37588801477a9f5739929844,TOU,2.43,2026-02-17T14:14:33.182849Z,2026-02-17T14:34:33.182849Z,0xa614a29f4fc1cbcdf36713ede6965e331845872ffdd11384cfc3aa63572f72a1,2026-02-17
run_20260217_220238-0480,,0x378d64b38c1915b9679fa6f85bd6b95877e3f8802ce81143be8b43871ce74e5a,0x3ff1b0c5a4d59ce91ab98ead183213719eb0ca47d6e3ed4f90f33b1ca2b87241,TOU,2.547,2026-02-17T13:51:17.547267Z,2026-02-17T14:11:17.547267Z,0xa614a29f4fc1cbcdf36713ede6965e331845872ffdd11384cfc3aa63572f72a1,2026-02-17
run_20260217_220238-0481,,0x550cd1e212fce99f250e71256cc8c0aa0cfd11238d87363800e5fef80de5bab1,0xccd76f84f6531826c69ace4c3a6dd27048d9263531051973f3740360a938ee79,TOU,7.289,2026-02-17T08:31:13.013844Z,2026-02-17T08:51:13.013844Z,0xa614a29f4fc1cbcdf36713ede6965e331845872ffdd11384cfc3aa63572f72a1,2026-02-17
run_20260217_220238-0482,,0x32b6b5007d0ed14c699d20f0741ddc85b339e0938dadf7e9c6743488a0b2d0cf,0xba60d28650159bf1d4855a3013be9c63655bd8d95af1159d6dfe641c2fb8250a,TOU,10.521,2026-02-17T22:27:26.541388Z,2026-02-17T23:27:26.541388Z,0xa614a29f4fc1cbcdf36713ede6965e331845872ffdd11384cfc3aa63572f72a1,2026-02-17
run_20260217_220238-0483,,0x2335010b3599d174be7eb69f324aa912daec80cf37b7c8a195d571c3e3945dad,0xf70c3e4664c7d29634929be79952d5e5a63dcb58d1864f10b443c93ba587e6d3,TOU,11.527,2026-02-17T02:45:13.595895Z,2026-02-17T03:15:13.595895Z,0xa614a29f4fc1cbcdf36713ede6965e331845872ffdd11384cfc3aa63572f72a1,2026-02-17
run_20260217_220238-0484,,0x2e553968e8f215a05968a1a447dcb61079205f10328cc3847f99f3e407090e30,0x9e59f1e9e80521f634265578f0f06d1c13b27a5fdc407cef175d9cb69898e0eb,TOU,2.422,2026-02-17T18:45:04.075520Z,2026-02-17T19:05:04.075520Z,0xa614a29f4fc1cbcdf36713ede6965e331845872ffdd11384cfc3aa63572f72a1,2026-02-17
run_20260217_220238-0485,,0x11d34fa0522a069e821513415312fed6531a4484e31cee312daf1814047a1df8,0x4a1d1438ec0b90ec8df0f30651d2780eb2df52235da2c64638a01f95d7fa8e87,TOU,3.613,2026-02-17T14:59:25.489333Z,2026-02-17T15:19:25.489333Z,0xa614a29f4fc1cbcdf36713ede6965e331845872ffdd11384cfc3aa63572f72a1,2026-02-17
run_20260217_220238-0486,,0xe9df97216169f5d7c8e6ae8b8fc781d65d9eef97f5764ce20b215c72ee40cf33,0x3a366dc1b5bd5dc1540ee358cb03ff20c508610a921d461adcf52fbf97ddd117,TOU,4.755,2026-02-17T06:48:26.005804Z,2026-02-17T07:28:26.005804Z,0xa614a29f4fc1cbcdf36713ede6965e331845872ffdd11384cfc3aa63572f72a1,2026-02-17
run_20260217_220238-0487,,0xd16374114708bb6327926d3540c632c44c70a535bc86ba99e7f4a47c8374e429,0x101766743cc65adcc28aa6ca6c544574c304d699d00c81091c727c167eead58e,TOU,15.336,2026-02-17T16:33:39.201454Z,2026-02-17T17:13:39.201454Z,0xa614a29f4fc1cbcdf36713ede6965e331845872ffdd11384cfc3aa63572f72a1,2026-02-17
run_20260217_220238-0488,,0xfa5f328044f36744b448f7bb3ba2ac42f2fe298ad89f04bd69cdafa74c3f2f5b,0xbff4105eb23af18367a56c8e98536fd9acdb7d1f0656dba823ce63f8c2f0bbd2,TOU,4.684,2026-02-17T05:49:23.890964Z,2026-02-17T06:29:23.890964Z,0xa614a29f4fc1cbcdf36713ede6965e331845872ffdd11384cfc3aa63572f72a1,2026-02-17
run_20260217_220238-0489,,0x8757db0f795b49ede0dfdb73b91e7104e04910b4cddc4dce5ff8cb54078003cc,0x97c55865e1d065a9939223c94a540b2e8d39fb3959ba74c9fb9d32cff5c36167,TOU,20.891,2026-02-17T01:24:41.195696Z,2026-02-17T02:24:41.195696Z,0xa614a29f4fc1cbcdf36713ede6965e331845872ffdd11384cfc3aa63572f72a1,2026-02-17
run_20260217_220238-0490,,0xbe00b63656d9a2145f9e59ee0f5516f38fbdaa5f418ede669a08c86ff06ba729,0x4f9f55da000813a3df0aab351f282052ff7c348d23a4a604d5c0a0a9db25a5e4,TOU,11.114,2026-02-17T05:41:45.321531Z,2026-02-17T06:11:45.321531Z,0xa614a29f4fc1cbcdf36713ede6965e331845872ffdd11384cfc3aa63572f72a1,2026-02-17
run_20260217_220238-0491,,0x15e7c4242d63802419df49297b1ab502e054f6b704d62dc534c412aa80f1ef7f,0x44180e57801de7d904e695646a4c0e497c57a703d7a710f4cd6fa379f70b67ee,TOU,10.519,2026-02-17T11:35:25.987013Z,2026-02-17T12:05:25.987013Z,0xa614a29f4fc1cbcdf36713ede6965e331845872ffdd11384cfc3aa63572f72a1,2026-02-17
run_20260217_220238-0492,,0x3eefb21c880b251e0298a9e5122986ebfd6264436d8baf0198eca1a6fb50c3ff,0x869bad19d2c374053c6eac08a34c43f2cd4ab485aecbd3d5c2196907de4ceeb1,TOU,4.856,2026-02-17T16:07:17.050367Z,2026-02-17T16:47:17.050367Z,0xa614a29f4fc1cbcdf36713ede6965e331845872ffdd11384cfc3aa63572f72a1,2026-02-17
run_20260217_220238-0493,,0x703570551297ac45108bf33f104a47ab8a285d4c071ddcd94cf21f741de07df3,0x2c1674570977c4c7b20aa9d46fb3d256248d0c81933546d55b61dcb367cee792,TOU,3.974,2026-02-17T08:56:39.396310Z,2026-02-17T09:16:39.396310Z,0xa614a29f4fc1cbcdf36713ede6965e331845872ffdd11384cfc3aa63572f72a1,2026-02-17
run_20260217_220238-0494,,0xd6675bbcccbf6ad9246959536e2a90479e20a5db5eb463131355c7b370a53a61,0x05ef6b2d0b3c9f5e87f1b5d136a676e6b2a3cdbfa0fb49d37c2287f5ec9c54d5,TOU,4.729,2026-02-17T20:24:04.696240Z,2026-02-17T21:04:04.696240Z,0xa614a29f4fc1cbcdf36713ede6965e331845872ffdd11384cfc3aa63572f72a1,2026-02-17
run_20260217_220238-0495,,0xe2d85dbdb2453f31d96929e51fc21e8368eb4d9d45cca698f723250d7ed08ef4,0xfa72fc502facbab1e84f07088a6a54497aa0e848446ea417db64576adc1c4a45,TOU,7.347,2026-02-17T01:16:41.078971Z,2026-02-17T01:56:41.078971Z,0xa614a29f4fc1cbcdf36713ede6965e331845872ffdd11384cfc3aa63572f72a1,2026-02-17
run_20260217_220238-0496,,0x56cbd7a979c790d7eccdced5ec8d5d6f2e0fb51c050821e44258006fc92abf03,0xd167cf8307d3a2067c9f26dee59970d9a7dde81bdb2c6f60ca399dcc24dfe0c2,TOU,7.365,2026-02-17T20:28:50.537577Z,2026-02-17T21:08:50.537577Z,0xa614a29f4fc1cbcdf36713ede6965e331845872ffdd11384cfc3aa63572f72a1,2026-02-17
run_20260217_220238-0497,,0x2be57e4500f2f11fd58e53f77b42ed83fe69c2c45a541c1b010803de1d37f44f,0x0449060afe592863f0f53b1b3119dec17d09f1a71a6d337382e6f0953db28774,TOU,22.046,2026-02-17T18:53:24.393824Z,2026-02-17T19:53:24.393824Z,0xa614a29f4fc1cbcdf36713ede6965e331845872ffdd11384cfc3aa63572f72a1,2026-02-17
run_20260217_220238-0498,,0x633b2d264ccdcb98c4d63602b22e0d9900320e37a1da0de540982aa9949205e1,0x77d36496c1bd9a29821ea3a05209318493c84c75b58ea5bb7d38a4a896b643ac,TOU,11.837,2026-02-17T11:52:27.571394Z,2026-02-17T12:52:27.571394Z,0xa614a29f4fc1cbcdf36713ede6965e331845872ffdd11384cfc3aa63572f72a1,2026-02-17
run_20260217_220238-0499,,0x1f905888cd0fc2d50ddb8a8b6ef32bc9ba6a5cc999306f7287dd7bb2e91c7bb0,0xf7f2e4dc337ed39dda43723a85c0bdc6aa32c1df852946e044d84b3fc0b828e3,TOU,2.284,2026-02-17T21:10:44.846347Z,2026-02-17T21:30:44.846347Z,0xa614a29f4fc1cbcdf36713ede6965e331845872ffdd11384cfc3aa63572f72a1,2026-02-17
run_20260217_220238-0500,,0xebb893def269f0b8580129ffe4245001c0647f0e0a7d6a269572a1877b2bc680,0xd583d4d6649e2ea532c47e16788ea4cdf6320c0559b6c4b3851c61ae54c64516,TOU,13.46,2026-02-17T02:56:12.696292Z,2026-02-17T04:11:12.696292Z,0xa614a29f4fc1cbcdf36713ede6965e331845872ffdd11384cfc3aa63572f72a1,2026-02-17
run_20260217_222547-0001,user-001,0xbd4ff28cf4bcb1a20dbc936a1ea7465e7f0fa5b40e9ff0cb92a55dd69f1e182d,0xeef705dc5170ee58ad9ce0ed5576dfd2ec03b7b6b30936a8efd057181e6e2ce6,TOU,11.721,2026-02-17T17:33:32.692839Z,2026-02-17T18:33:32.692839Z,0xff76501a680f8e0a3bcdf35ac563f2968b0502afff08285fca54402aa3e42827,2026-02-17
run_20260217_222547-0002,user-007,0xa14d96c958d0e7d8d2f0dbc3e80e527eb4c72a63e36633c07e66804fa29e7531,0x7c428fabf360214c4c6d971adcec614bfc344a4f1d1b2b7b46f258e24fdb6685,TOU,14.606,2026-02-17T22:18:22.630530Z,2026-02-17T22:58:22.630530Z,0xff76501a680f8e0a3bcdf35ac563f2968b0502afff08285fca54402aa3e42827,2026-02-17
run_20260217_222909-0001,user-002,0x5be840eb218ba47ad8ea0f9c5936d63a53a1935efb43c6039426df0f3bbc29ad,0x5d4e6893d5e6045e9284bdb0515798893f069bc8190ec7b35c8663e85be3b646,TOU,4.879,2026-02-17T23:22:59.070749Z,2026-02-18T00:02:59.070749Z,0xf8a73b66d9d9efcc4dbbd6eeb360a43099baef2ee5477fc7e23808b695ac93bd,2026-02-17
run_20260217_222909-0002,user-009,0xfc86976d6495006f7269d99f7cf3fce59b8f2b3e5de18e9893afdd916f16b00a,0xc3ca76bbcc14941c8ea3f3df93c88d6555925255c6783af517ca287b252df8c4,TOU,13.956,2026-02-17T19:12:40.426981Z,2026-02-17T20:27:40.426981Z,0xf8a73b66d9d9efcc4dbbd6eeb360a43099baef2ee5477fc7e23808b695ac93bd,2026-02-17
run_20260217_222909-0003,user-007,0x3dcc9e1bb9f492f2835b3393be6a20a3e5394495b9885a0dddf9292dbfe1be99,0x8a4d9d39bc7f9ee81127f076c3cdcb1c6e9c41db52e5327070e1a9b3d33d4b40,TOU,13.632,2026-02-17T22:05:31.662886Z,2026-02-17T22:45:31.662886Z,0xf8a73b66d9d9efcc4dbbd6eeb360a43099baef2ee5477fc7e23808b695ac93bd,2026-02-17
run_20260217_222909-0004,user-007,0x5573cb49563da9cacacbcc5151c011ec9fd80956edd1abdb3daa7d3c6930b99a,0x90a6d9d5e05e086c57781be972b7b3569ba56c76c255110784338bde94cb00e7,TOU,4.882,2026-02-17T17:18:43.080691Z,2026-02-17T17:58:43.080691Z,0xf8a73b66d9d9efcc4dbbd6eeb360a43099baef2ee5477fc7e23808b695ac93bd,2026-02-17
run_20260217_222909-0005,user-005,0x589a77675eaf39a02577ea9503da9791de7982b8d9fd0fd5e5ea5c7e2565be33,0x18109062b926500fbf616dcf7f5536594218bb0b4ebfca8712176591237312f6,TOU,9.089,2026-02-17T00:14:05.182505Z,2026-02-17T01:29:05.182505Z,0xf8a73b66d9d9efcc4dbbd6eeb360a43099baef2ee5477fc7e23808b695ac93bd,2026-02-17
run_20260217_222909-0006,user-003,0x121254f16815c1e5c517f0ff8103cd374d242646fe71c69da65f33971946d7ee,0x10c9f9e2fb38c9e1049fdcc2d1385f16c1b16175e55ada6547b2d8663b4d88fb,TOU,27.595,2026-02-17T18:03:51.383335Z,2026-02-17T19:18:51.383335Z,0xf8a73b66d9d9efcc4dbbd6eeb360a43099baef2ee5477fc7e23808b695ac93bd,2026-02-17
run_20260217_222909-0007,user-009,0x27a7435f79a3b367402e1e9ea6c1af0ec08a53a31c98d27dfa9b28668dae28e6,0x067accc745f04f69c9bf9c61ed14e68dfb5f05c6bb614d6245d9cdd5eb4f7122,TOU,7.283,2026-02-17T03:19:28.633727Z,2026-02-17T03:39:28.633727Z,0xf8a73b66d9d9efcc4dbbd6eeb360a43099baef2ee5477fc7e23808b695ac93bd,2026-02-17
run_20260217_222909-0008,user-005,0xca0739399c72adcf9298415b1e4157b98c2e170ab10a3cc11e14e31b03a3900a,0x2ea3d7baa93ad1a3ba5e6d886b5b9f9a4e1b0408d5ac53107977fd5da1490312,TOU,7.453,2026-02-17T13:32:56.282342Z,2026-02-17T14:32:56.282342Z,0xf8a73b66d9d9efcc4dbbd6eeb360a43099baef2ee5477fc7e23808b695ac93bd,2026-02-17
run_20260217_222909-0009,user-009,0xc78c8fb6f93d8b1a453e0bccf747806b9c541fdd7df3d1520491fe5afe9c1de8,0x9a3a6beca7e8cf7599028ebdcdf5985235771aa055187616175c93827ad93d36,TOU,13.965,2026-02-17T01:56:22.162084Z,2026-02-17T03:11:22.162084Z,0xf8a73b66d9d9efcc4dbbd6eeb360a43099baef2ee5477fc7e23808b695ac93bd,2026-02-17
run_20260217_222909-0010,user-009,0x1aa255d5c1d45186a93cdbf15cfe7d2019ff5c0229036e3863ecf46d404de391,0x744ad5e69b832af90318cc864d417c539413b719652985605152b3822ad1354f,TOU,27.702,2026-02-17T20:01:13.030745Z,2026-02-17T21:16:13.030745Z,0xf8a73b66d9d9efcc4dbbd6eeb360a43099baef2ee5477fc7e23808b695ac93bd,2026-02-17
run_20260217_222909-0011,user-001,0x2e898e77d47e73c9af09870332b2192e3b75ac1c1d413ff484e289a2b20e9e55,0xd6591f87994a2077b0f5daf7349a9a94980675bc0ead2c3c5b7f7b26efbe780d,TOU,3.79,2026-02-17T18:29:19.429879Z,2026-02-17T18:49:19.429879Z,0xf8a73b66d9d9efcc4dbbd6eeb360a43099baef2ee5477fc7e23808b695ac93bd,2026-02-17
run_20260217_222909-0012,user-010,0x38acbe5340043e23afa6d43dc462992f132627b9e8481472a73d67c386039b0b,0x9f704ffbcd1f163bbb096b6cf60c6d62c695633648e8ea1368dd7cd88da4d7a2,TOU,5.454,2026-02-17T10:09:15.313464Z,2026-02-17T10:39:15.313464Z,0xf8a73b66d9d9efcc4dbbd6eeb360a43099baef2ee5477fc7e23808b695ac93bd,2026-02-17
run_20260217_222909-0013,user-002,0xedd0364670c8e72b153884fc0b39aab4bbcdf6c767d4d149affa06086e5ae941,0x1720cc7db28a75c7f8ff1b570d39e7d3f53f9a2294c3397f314a676d61a40894,TOU,4.925,2026-02-17T22:31:43.064960Z,2026-02-17T23:11:43.064960Z,0xf8a73b66d9d9efcc4dbbd6eeb360a43099baef2ee5477fc7e23808b695ac93bd,2026-02-17
run_20260217_222909-0014,user-009,0x7ec1ea65db3e4a94c4c97e259ef3a51a5786de0be7cd46e46dea9a7869180a38,0xa879781e086dbcc676027a50761aa9a999580c19bb172f225be9e2c45a412839,TOU,2.478,2026-02-17T03:55:07.216649Z,2026-02-17T04:15:07.216649Z,0xf8a73b66d9d9efcc4dbbd6eeb360a43099baef2ee5477fc7e23808b695ac93bd,2026-02-17
run_20260217_222909-0015,user-001,0xe220c5e1c959dc410fc3050b8b53cdc779641e2530ed41b4a2a9c39d17782b3d,0x2b3b3b9624be969f75cae85e6f48c4e9c9af64d34347c73d05b36cad49eb80b5,TOU,7.23,2026-02-17T00:20:09.315897Z,2026-02-17T01:00:09.315897Z,0xf8a73b66d9d9efcc4dbbd6eeb360a43099baef2ee5477fc7e23808b695ac93bd,2026-02-17
run_20260217_222909-0016,user-009,0x3a9cc734f2db4e3071a37e7eb2c5dd846d1abd95799d06861c5b1627f09e8c43,0x52dd46cedcb086ea19a07a79481c496bd332313dc051b92f1631a5cf3adc45a4,TOU,5.059,2026-02-17T22:31:13.265824Z,2026-02-17T23:11:13.265824Z,0xf8a73b66d9d9efcc4dbbd6eeb360a43099baef2ee5477fc7e23808b695ac93bd,2026-02-17
run_20260217_222909-0017,user-004,0x08b222b627e259bd9bfa9b6186bfd36b7edeec5073c10bafe8f84145f59b26a2,0x85dcab58da32995d8fc76f64ab768f8ccb112f1de64403d9e950f4808654e334,TOU,9.143,2026-02-17T14:17:33.792366Z,2026-02-17T15:32:33.792366Z,0xf8a73b66d9d9efcc4dbbd6eeb360a43099baef2ee5477fc7e23808b695ac93bd,2026-02-17
run_20260217_222909-0018,user-010,0x68c7380c745d05bd6a2475f93c54c08161afc6197dbd4c19c1bdc57736333957,0xfe1b2fc4f0a0b10b338d7949aa51683eea0f3cd508b567bf0f7ab4da7fca8910,TOU,2.393,2026-02-17T00:01:13.536310Z,2026-02-17T00:21:13.536310Z,0xf8a73b66d9d9efcc4dbbd6eeb360a43099baef2ee5477fc7e23808b695ac93bd,2026-02-17
run_20260217_222909-0019,user-006,0xe3cc6acee609ab78180e585e8602467ad813acacad662d50dd66ce41623625ce,0x0192fa6214b1a32765f8b2855a29c75bf0149bf61a038d5452b60baacd80b2d1,TOU,22.638,2026-02-17T17:08:37.089399Z,2026-02-17T18:08:37.089399Z,0xf8a73b66d9d9efcc4dbbd6eeb360a43099baef2ee5477fc7e23808b695ac93bd,2026-02-17
run_20260217_222909-0020,user-005,0xffef121d807fc7ce5a7e4da55c0b8da4840ba1d9887bff3cf02dda96a8f15639,0xab56249df606f2665b9b9a55e42eb2ce3d94b6ba16d2ca6f1d5709a30db0375f,TOU,4.446,2026-02-17T09:28:02.702945Z,2026-02-17T10:08:02.702945Z,0xf8a73b66d9d9efcc4dbbd6eeb360a43099baef2ee5477fc7e23808b695ac93bd,2026-02-17
run_20260217_222909-0021,user-003,0xdabaca4563e915753c3c858814f5011e91c97700a984eeff9c3e8f2516837e19,0x607bee0de2fe506eb01a3238a6b8a32b6a55e0882ec108f0c1b6e56971d1cbac,TOU,4.903,2026-02-17T08:41:33.404201Z,2026-02-17T09:21:33.404201Z,0xf8a73b66d9d9efcc4dbbd6eeb360a43099baef2ee5477fc7e23808b695ac93bd,2026-02-17
run_20260217_222909-0022,user-003,0x3b7989256b0d24b0d2ec1da8567a864dd676e3c5b0321f204f3d2ac5c31edbc9,0x34e2243f2b5eb6ca4eee7260af272e21991fbbb02fa04bdee2275e0292ef75d2,TOU,3.707,2026-02-17T13:40:06.428007Z,2026-02-17T14:00:06.428007Z,0xf8a73b66d9d9efcc4dbbd6eeb360a43099baef2ee5477fc7e23808b695ac93bd,2026-02-17
run_20260217_222909-0023,user-004,0x9039f267d44394abf1f00d1236723bb2649495d98409cd136b98aa8a355ec062,0x2d18071de6a937d21d2e3b529ddf5ada51119e37fc5f0068fba7aba60e5e6df1,TOU,14.988,2026-02-17T07:58:36.953321Z,2026-02-17T08:38:36.953321Z,0xf8a73b66d9d9efcc4dbbd6eeb360a43099baef2ee5477fc7e23808b695ac93bd,2026-02-17
run_20260217_222909-0024,user-006,0x0d9c920d1c1287b251a694b25218dfd6455a1cf072afc9005766956b8db1ad98,0xda9c8b0be4b88ec0c3d39a23b26e405dba18e3c21e4cb514ea8de5e331e8abab,TOU,22.851,2026-02-17T05:12:21.806733Z,2026-02-17T06:12:21.806733Z,0xf8a73b66d9d9efcc4dbbd6eeb360a43099baef2ee5477fc7e23808b695ac93bd,2026-02-17
run_20260217_222909-0025,user-004,0x691cf56beac9f884024adfb8c278a0ce5fd05e786008878a45bb0fd1129d7fb8,0xab701ad41becffebc7a174c5d5dca047aa043ca0364355ab544d224b4ab11b6a,TOU,4.834,2026-02-17T14:25:12.539452Z,2026-02-17T15:05:12.539452Z,0xf8a73b66d9d9efcc4dbbd6eeb360a43099baef2ee5477fc7e23808b695ac93bd,2026-02-17
run_20260217_222909-0026,user-005,0x60698e1badcd4dd81ce69d7920a94792d4fe725f35a23120d03a0a3e0284a4e2,0x5fca7d0ff3564cf94f599c68188325edf35bb514a269566113bf66db49019c4d,TOU,13.94,2026-02-17T23:03:54.578149Z,2026-02-18T00:18:54.578149Z,0xf8a73b66d9d9efcc4dbbd6eeb360a43099baef2ee5477fc7e23808b695ac93bd,2026-02-17
run_20260217_222909-0027,user-010,0xf3dabcfa411ff263ee6bd278faf340964afaecfa145b13bf806d94c5cc7c5cab,0x9ddf9640821bfa99012e6efc4e31b1d6a8c28a6f4fedcca328db354641ea7a10,TOU,7.485,2026-02-17T16:26:57.688267Z,2026-02-17T16:46:57.688267Z,0xf8a73b66d9d9efcc4dbbd6eeb360a43099baef2ee5477fc7e23808b695ac93bd,2026-02-17
run_20260217_222909-0028,user-003,0xe4f3a5d30c00fcc48fedd7393af001e7a5753621736dcc82eb553845d1f9bc2b,0xb4a230194dbb1d44d3fcf9e2b3cf32a4b543f76040b8e0fe8c2700755346dd36,TOU,21.346,2026-02-17T19:22:45.015966Z,2026-02-17T20:22:45.015966Z,0xf8a73b66d9d9efcc4dbbd6eeb360a43099baef2ee5477fc7e23808b695ac93bd,2026-02-17
run_20260217_222909-0029,user-003,0x4cb5474b084546c3e766619c22d5772c51d183e9b1403770340434185b40838a,0x5fc6877815ca03383e3c53d9f97d46209f89d766212b4bc35f43b2a8b45902e7,TOU,15.25,2026-02-17T08:10:15.295632Z,2026-02-17T08:50:15.295632Z,0xf8a73b66d9d9efcc4dbbd6eeb360a43099baef2ee5477fc7e23808b695ac93bd,2026-02-17
run_20260217_222909-0030,user-008,0x9baeb47b4b7575097176cc522887d0188a16352f460bffd4669e1ae4bdda3e5a,0xaff411a639f55fb8b072ec245c02a3208e699f92e10e90d0683efdd9d3952bae,TOU,3.622,2026-02-17T09:18:45.928728Z,2026-02-17T09:38:45.928728Z,0xf8a73b66d9d9efcc4dbbd6eeb360a43099baef2ee5477fc7e23808b695ac93bd,2026-02-17
run_20260217_222909-0031,user-003,0xa24ac197a77471c97b1dde17d1463f2e7bbca352464f87aba5a40553df6cc49f,0x8302fba6589417364c90942e0e14e3507e62e2f16d3c2c076d01d7b6827621dc,TOU,2.484,2026-02-17T08:14:16.587840Z,2026-02-17T08:34:16.587840Z,0xf8a73b66d9d9efcc4dbbd6eeb360a43099baef2ee5477fc7e23808b695ac93bd,2026-02-17
run_20260217_222909-0032,user-004,0x34df0f2370a0bdfc99f7b654850955799ebb871072c676dd61ba9f40b9ad6216,0xedfab9d3f7815b403f34b2166c9445371a2d8b2e2edaa6ba098737a73a12b06c,TOU,3.563,2026-02-17T01:57:50.590751Z,2026-02-17T02:17:50.590751Z,0xf8a73b66d9d9efcc4dbbd6eeb360a43099baef2ee5477fc7e23808b695ac93bd,2026-02-17
run_20260217_222909-0033,user-008,0x6635a0d0d83c42974fc9baa6c2b08b26377babb25d4550ddffce36a9aae1a322,0xe7d9104fc116650f9f816c2c4fb2ae43b095c369aedc467056f8bdf517dcbff7,TOU,13.684,2026-02-17T09:16:46.839313Z,2026-02-17T10:31:46.839313Z,0xf8a73b66d9d9efcc4dbbd6eeb360a43099baef2ee5477fc7e23808b695ac93bd,2026-02-17
run_20260217_222909-0034,user-009,0x25889df562a8549d42ea33360d7051cc12da6368eca5b89a705fb3a432e07277,0x556b6a7bd1cc3a3c9752a5cf53e0cc633f852de64b7c5482cd79195e3cf9babc,TOU,3.698,2026-02-17T22:02:58.090378Z,2026-02-17T22:32:58.090378Z,0xf8a73b66d9d9efcc4dbbd6eeb360a43099baef2ee5477fc7e23808b695ac93bd,2026-02-17
run_20260217_222909-0035,user-007,0x1e068c3a9197b54e97a62b9f059af3c844f2ff41880bba81a4eb70e732f25218,0x813a49772605f38af9699decad058c8c5e5877d5a7d5400f9ee67e2fd785b178,TOU,27.254,2026-02-17T14:38:09.203386Z,2026-02-17T15:53:09.203386Z,0xf8a73b66d9d9efcc4dbbd6eeb360a43099baef2ee5477fc7e23808b695ac93bd,2026-02-17
run_20260217_222909-0036,user-007,0x76ebc37828be71e8ae179ef08bb1cafc2439384bc83fd3542b31ab4e19ddf60b,0xfc8c82b424d763ae62f3e90080d4ca64967fc44e7840cfe0cb1d9ece5622ca8c,TOU,7.296,2026-02-17T06:36:10.728973Z,2026-02-17T07:36:10.728973Z,0xf8a73b66d9d9efcc4dbbd6eeb360a43099baef2ee5477fc7e23808b695ac93bd,2026-02-17
run_20260217_222909-0037,user-007,0x490f91a76c5a9e9e46571f83f349208f22b03bfe15f62fc435592e08b103fbfb,0xfec46accbda3d48073a21aec3b606a09c14c06064242cf995b711c7d652c046f,TOU,11.402,2026-02-17T17:18:18.628409Z,2026-02-17T18:18:18.628409Z,0xf8a73b66d9d9efcc4dbbd6eeb360a43099baef2ee5477fc7e23808b695ac93bd,2026-02-17
run_20260217_222909-0038,user-003,0xa403aa920b3e4f575fc03ce374651796dee2740f364748f0ff56457d0aec3e97,0x3c1a56a8843b6e222b0d983593f0fe215325d7700933917567212ef7e7c7fae4,TOU,7.805,2026-02-17T12:37:04.324334Z,2026-02-17T12:57:04.324334Z,0xf8a73b66d9d9efcc4dbbd6eeb360a43099baef2ee5477fc7e23808b695ac93bd,2026-02-17
run_20260217_222909-0039,user-002,0x3d4cd8371f97ecfce939d1a689c1ad1dcf6645a48680f722e806c63bf094a4f8,0x41c324804694e83e4d7f68ccbbc354acd7f53ea64e3ba79c4f70c4149fcc03bb,TOU,5.782,2026-02-17T05:18:58.781034Z,2026-02-17T05:48:58.781034Z,0xf8a73b66d9d9efcc4dbbd6eeb360a43099baef2ee5477fc7e23808b695ac93bd,2026-02-17
run_20260217_222909-0040,user-010,0x3ac7b1ea7256db063a98c8c666dc89fd19e6728e433f8a089b428de04f5e5be0,0x11e7fa10a0c5b33001f4dcfe8d48379ced27a8059580232ffb7ef11d8b80446a,TOU,3.399,2026-02-17T07:24:30.914463Z,2026-02-17T07:54:30.914463Z,0xf8a73b66d9d9efcc4dbbd6eeb360a43099baef2ee5477fc7e23808b695ac93bd,2026-02-17
run_20260217_222909-0041,user-007,0xe05aa42ffbfb235be9e8d7eaefa84d2ca8564ead2e89b3e85be59d675fd03671,0xd16817f0dd2d46dd538b54a7d9f523d18fd599e49865910fa0bfcab22969dfd9,TOU,6.879,2026-02-17T08:06:24.556165Z,2026-02-17T08:26:24.556165Z,0xf8a73b66d9d9efcc4dbbd6eeb360a43099baef2ee5477fc7e23808b695ac93bd,2026-02-17
run_20260217_222909-0042,user-008,0x374d4798f2c4e1298599cc8517c75030aa3c2172c4fad1fabbf86afab7c2a889,0x46018b53a82b988cf635c45819da32af78505220922f54e6b6c15f4630129120,TOU,7.138,2026-02-17T07:00:28.533184Z,2026-02-17T08:00:28.533184Z,0xf8a73b66d9d9efcc4dbbd6eeb360a43099baef2ee5477fc7e23808b695ac93bd,2026-02-17
run_20260217_222909-0043,user-008,0x85db1e690a29107297d5c49238f4b635240cd7758f9e918611a9589573c57451,0x7f03f8b0aa4b47898c024c112654bd6002ec146e31917e6730894861f96b0936,TOU,11.257,2026-02-17T10:18:24.990700Z,2026-02-17T11:18:24.990700Z,0xf8a73b66d9d9efcc4dbbd6eeb360a43099baef2ee5477fc7e23808b695ac93bd,2026-02-17
run_20260217_222909-0044,user-009,0x5a5e21fa922eb9863a8ee0543fbf91cf5fe86d90ab149e751119f3082377872b,0x89c5500c3f9394fb1143aa48e28bea7419f0c51e907bbe264dd2c08cddcec6a2,TOU,21.643,2026-02-17T05:47:14.573939Z,2026-02-17T06:47:14.573939Z,0xf8a73b66d9d9efcc4dbbd6eeb360a43099baef2ee5477fc7e23808b695ac93bd,2026-02-17
run_20260217_222909-0045,user-005,0xf0033775cb0d5615afdbba849be73de72ff6fc9b041c2dec03bfd4246c82b0cb,0x788e4f90379a29190f87da3958f2098b1be35f58921916173affcc5a2433110c,TOU,3.37,2026-02-17T16:37:27.773547Z,2026-02-17T17:07:27.773547Z,0xf8a73b66d9d9efcc4dbbd6eeb360a43099baef2ee5477fc7e23808b695ac93bd,2026-02-17
run_20260217_222909-0046,user-010,0x1173b6ad2ebc19d0e32ed699cf13b2843d1ef0541e994a67969053a71c4ec163,0x881e4481413dfe3a69b227b3a5b8c727aab9b5ef02bfe798499c736cdbc48e67,TOU,27.548,2026-02-17T00:32:41.153223Z,2026-02-17T01:47:41.153223Z,0xf8a73b66d9d9efcc4dbbd6eeb360a43099baef2ee5477fc7e23808b695ac93bd,2026-02-17
run_20260217_222909-0047,user-008,0x2032e0552e3cef0d458cb6b049998bf22c469859d45c35677de455941e65d43c,0xd600aef76f8640200d8cfc49648749bc7922b8b599d33571bcefc43b566f7458,TOU,4.8,2026-02-17T12:29:39.092376Z,2026-02-17T13:09:39.092376Z,0xf8a73b66d9d9efcc4dbbd6eeb360a43099baef2ee5477fc7e23808b695ac93bd,2026-02-17
run_20260217_222909-0048,user-010,0x043bf39d8919d076aad2851dd052f2722619ed552dd989b52f211cf47812e371,0x53556051e1063b6385d785f4cbd8995a97f9ab33eeaa1480b326cd20aa200ef4,TOU,2.395,2026-02-17T01:12:15.544500Z,2026-02-17T01:32:15.544500Z,0xf8a73b66d9d9efcc4dbbd6eeb360a43099baef2ee5477fc7e23808b695ac93bd,2026-02-17
run_20260217_222909-0049,user-007,0xa55dcaf0fab639d5dee58c424939cc282cddb0e27ecb5445d97684ff66361329,0x299b86acd2e81779c16d250602710e236b170b7b9480bcfcb154c551fc67e486,TOU,11.109,2026-02-17T13:10:15.550234Z,2026-02-17T14:10:15.550234Z,0xf8a73b66d9d9efcc4dbbd6eeb360a43099baef2ee5477fc7e23808b695ac93bd,2026-02-17
run_20260217_222909-0050,user-007,0x6f6c752bba301a827896c249ba45f104fa29e90844185d88d0bf9b5c47af22ce,0x3b24bfac8b346650907a7c45e0e8182d046fe78b4b54efa9f6fe9b59ac3a4fd6,TOU,13.435,2026-02-17T13:10:16.479921Z,2026-02-17T14:25:16.479921Z,0xf8a73b66d9d9efcc4dbbd6eeb360a43099baef2ee5477fc7e23808b695ac93bd,2026-02-17
run_20260217_222909-0051,user-005,0x364c6b2899dbf0cfba9b961417c51bcb00f6c2e911524dfeef4392956af24669,0xf8dd6cbbaecccce412b65109686e03d090cc32aa75694655ea99343f1269a524,TOU,13.83,2026-02-17T09:42:08.195176Z,2026-02-17T10:57:08.195176Z,0xf8a73b66d9d9efcc4dbbd6eeb360a43099baef2ee5477fc7e23808b695ac93bd,2026-02-17
run_20260217_222909-0052,user-001,0xec42ab2b3dd90fa7ae6d5fba9676573b02e3c37087c6c9ccd91926c39cf67b88,0xd7de092d0cac5b580f9f03642e5c45cc548ec5d485e9dcebd838d7fffff5e800,TOU,14.515,2026-02-16T23:59:36.943182Z,2026-02-17T00:39:36.943182Z,,
run_20260217_222909-0053,user-008,0x44e79f860a1bb1cfb995a22f8cd7e75b123fcd4bcc9d36889de572bceacf95c7,0xb2b4ffb62dddfd8a4cc545de3a5f4d61f60c10a08dd4f057c2776284c300053a,TOU,7.244,2026-02-17T15:37:56.164736Z,2026-02-17T16:17:56.164736Z,0xf8a73b66d9d9efcc4dbbd6eeb360a43099baef2ee5477fc7e23808b695ac93bd,2026-02-17
run_20260217_222909-0054,user-005,0x99d1fe718b7b356b292e3279aae48fbba38878f04ad5882dbdd548edb4c53ea2,0xcd08843b6985db1d881a4738254a3988ecc075e1c1ec061a80e4db558c602685,TOU,22.016,2026-02-17T16:13:29.144866Z,2026-02-17T17:13:29.144866Z,0xf8a73b66d9d9efcc4dbbd6eeb360a43099baef2ee5477fc7e23808b695ac93bd,2026-02-17
run_20260217_222909-0055,user-008,0xe56d4141d9b116958f9f5f7e22ab64d4fdd08b298a3f156ef3b098205dd27a66,0xf95ed43237084a3af4a5a2c244f04b5cadb710723da4e8b7a10383ff8eff80c6,TOU,9.173,2026-02-17T21:04:08.786397Z,2026-02-17T22:19:08.786397Z,0xf8a73b66d9d9efcc4dbbd6eeb360a43099baef2ee5477fc7e23808b695ac93bd,2026-02-17
run_20260217_222909-0056,user-007,0xb8dea0a7c0ae0f853399532b75af768ec5a413c914541e26e0ffe019f8e00b17,0x3681d631a5ca20fc5445a0698c1b9d8d56710406eb080df6aadb3f5d9819a8d5,TOU,27.417,2026-02-17T19:24:31.263950Z,2026-02-17T20:39:31.263950Z,0xf8a73b66d9d9efcc4dbbd6eeb360a43099baef2ee5477fc7e23808b695ac93bd,2026-02-17
run_20260217_222909-0057,user-006,0x55437e46c26bb72961621e0f85675186a2a8e596caf581547b267ae41b8546c1,0x25ceb5267ea82a961d247bb0d16ac6261b311b7afcc25bd1b60fdde764cc51e6,TOU,13.443,2026-02-17T16:00:17.187827Z,2026-02-17T17:15:17.187827Z,0xf8a73b66d9d9efcc4dbbd6eeb360a43099baef2ee5477fc7e23808b695ac93bd,2026-02-17
run_20260217_222909-0058,user-010,0xc9ae799da8847b377369f42c5e25be73348c9c363cfe6a325885a930b02638fa,0x9e2ddb5c80d469d51b942a1bef32d647c01e43906d9d9328cd7c166762d5975f,TOU,3.986,2026-02-17T16:00:55.657580Z,2026-02-17T16:20:55.657580Z,0xf8a73b66d9d9efcc4dbbd6eeb360a43099baef2ee5477fc7e23808b695ac93bd,2026-02-17
run_20260217_222909-0059,user-002,0xddaedb40cc7dd9ce1a079ffd548102d4bef1078c1682f17faff8a28f80577369,0xedff62ba0d22df94ee0ce3022123bc139f0d134ee1a307df8b212492b1c05c34,TOU,7.29,2026-02-17T12:42:56.012075Z,2026-02-17T13:22:56.012075Z,0xf8a73b66d9d9efcc4dbbd6eeb360a43099baef2ee5477fc7e23808b695ac93bd,2026-02-17
run_20260217_222909-0060,user-009,0x45c2e2b6b73a70b58feb81e3bdc169b9cae939f4767068d9097e0294ae00d767,0xe12f90204f183683075c69e64db3200fac3de05208be33c925381169fc72943e,TOU,2.284,2026-02-17T23:07:18.317774Z,2026-02-17T23:27:18.317774Z,0xf8a73b66d9d9efcc4dbbd6eeb360a43099baef2ee5477fc7e23808b695ac93bd,2026-02-17
run_20260217_222909-0061,user-002,0x44a5003815726742a01667307ff22a9698e67505c365358ef7f9c18e49a721c0,0x5da36a36be3e3bf91f834912dfec04068b9498ce9c3c23de43b63ba6be750eae,TOU,4.978,2026-02-17T13:20:06.173136Z,2026-02-17T14:00:06.173136Z,0xf8a73b66d9d9efcc4dbbd6eeb360a43099baef2ee5477fc7e23808b695ac93bd,2026-02-17
run_20260217_222909-0062,user-010,0x56a9683bbadecd38801eb40e9f392e32c4df038275214a8bb134308c54bb6e92,0x1d55df0768658b668b5367a0b6be385bd74cf111af3293ff097c4b93b76bbda5,TOU,28.972,2026-02-17T03:04:59.458677Z,2026-02-17T04:19:59.458677Z,0xf8a73b66d9d9efcc4dbbd6eeb360a43099baef2ee5477fc7e23808b695ac93bd,2026-02-17
run_20260217_222909-0063,user-005,0x423f8de34474e8e09e91f9eeaa7d54ebba6d466ded593e891e794a4f9a2e0f32,0x7dccb9a23f5b865dde6a2fc2473516de4ebe2a302c685674aec320295e04865c,TOU,4.991,2026-02-17T13:01:09.385786Z,2026-02-17T13:41:09.385786Z,0xf8a73b66d9d9efcc4dbbd6eeb360a43099baef2ee5477fc7e23808b695ac93bd,2026-02-17
run_20260217_222909-0064,user-001,0x910344b2e9ad200c88f2df7c3d4361f25b357aacb65eba8d83e511e82d4128f9,0xc83b1963f1e1cfb86dd88ab7ef1e3e37c0d5e08cc9c15172740762934c4f9c8f,TOU,7.054,2026-02-17T10:24:03.732935Z,2026-02-17T10:44:03.732935Z,0xf8a73b66d9d9efcc4dbbd6eeb360a43099baef2ee5477fc7e23808b695ac93bd,2026-02-17
run_20260217_222909-0065,user-006,0x8e2a139ac49747d1edba4089c12919f612d9c0e18a909ca8897a20a30959dd96,0xce2351fb73343d8c9a832e3ea5eba5d2275a35402cc631929e8c141c6bdb8140,TOU,11.178,2026-02-17T18:43:38.007837Z,2026-02-17T19:13:38.007837Z,0xf8a73b66d9d9efcc4dbbd6eeb360a43099baef2ee5477fc7e23808b695ac93bd,2026-02-17
run_20260217_222909-0066,user-005,0x0298534569f0a8e69a7dbeedc2d52d68855230bfe3a97e336f973f24091bd0e1,0xe50b8a7988c6aca366783c99046c0190efe0f0d065a888117dc7451335b511fb,TOU,7.392,2026-02-17T05:03:24.054182Z,2026-02-17T05:23:24.054182Z,0xf8a73b66d9d9efcc4dbbd6eeb360a43099baef2ee5477fc7e23808b695ac93bd,2026-02-17
run_20260217_222909-0067,user-003,0x06b5282949b411a93b2f5cac6a8e4ecb022e59c0f2dd935b16beffa3e4dda058,0xb58e2fcd678a79269c0ec495cdcd6f167f3cc0cc7539e24976b3b5b2713b1cab,TOU,15.613,2026-02-17T05:06:25.293127Z,2026-02-17T05:46:25.293127Z,0xf8a73b66d9d9efcc4dbbd6eeb360a43099baef2ee5477fc7e23808b695ac93bd,2026-02-17
run_20260217_222909-0068,user-002,0x28487682c64efa43e60df5150c4c09d04ec35751c2336bbc1b28da849570af71,0x54071330fa466cb233bd0bed76b8d6b238b5a9f78b67c066c1a59cf727db8532,TOU,10.695,2026-02-17T20:36:18.593903Z,2026-02-17T21:06:18.593903Z,0xf8a73b66d9d9efcc4dbbd6eeb360a43099baef2ee5477fc7e23808b695ac93bd,2026-02-17
run_20260217_222909-0069,user-002,0x10f134b2a241d6abeb55899a3f71bfe1d7c11505f81b56a5dd8bef877311449b,0xbc72651c3f8f4aa631b5413cf5128dd1dd0704b87e6e95321a53e75889ffdabb,TOU,14.552,2026-02-17T13:04:06.487204Z,2026-02-17T13:44:06.487204Z,0xf8a73b66d9d9efcc4dbbd6eeb360a43099baef2ee5477fc7e23808b695ac93bd,2026-02-17
run_20260217_222909-0070,user-002,0xb6d43220c881c2ab0df851ee396e4f36309575ab87775840e8a893c7294f51d7,0x3f185f4c1a1dc8e4e47820b6f7675190b8678d54b5ff96a928470f2c6d6f3188,TOU,23.279,2026-02-17T08:44:01.101107Z,2026-02-17T09:44:01.101107Z,0xf8a73b66d9d9efcc4dbbd6eeb360a43099baef2ee5477fc7e23808b695ac93bd,2026-02-17
run_20260217_222909-0071,user-003,0x829bc72b5e9ff043d8050add475ae1d9823f61ba2ff6f356e94172fa89eb7c05,0x618aae0d722018b1a17a3934c61811278a2b6eb2040988ae9ba1a4d150a80445,TOU,3.472,2026-02-17T02:44:00.249071Z,2026-02-17T03:04:00.249071Z,0xf8a73b66d9d9efcc4dbbd6eeb360a43099baef2ee5477fc7e23808b695ac93bd,2026-02-17
run_20260217_222909-0072,user-004,0xbe1c0e735aff13deb6309cc6c59badf74793860a1165dc71e6a29907b90c9167,0x8686ece18f4a8f72e0ac1adff6d15dcf0be900d07e4baab993098ad7eafeb77d,TOU,7.269,2026-02-17T03:27:09.103298Z,2026-02-17T03:47:09.103298Z,0xf8a73b66d9d9efcc4dbbd6eeb360a43099baef2ee5477fc7e23808b695ac93bd,2026-02-17
run_20260217_222909-0073,user-002,0x566e21150dae2aaef345f4855bf355bf4750f0a190bbed8da356ef143bacbad6,0x78ed76cfd58e79973922c25384d9bcc1261719c112215f39eed05227a4e18b60,TOU,7.327,2026-02-17T01:12:25.467894Z,2026-02-17T02:12:25.467894Z,0xf8a73b66d9d9efcc4dbbd6eeb360a43099baef2ee5477fc7e23808b695ac93bd,2026-02-17
run_20260217_222909-0074,user-003,0x92b8548b9d0a3fdefdd479f429aacec5035dc884524956e261b7a230875bba53,0xac64d950f6010c29ed05a39f96ac083bfc5e09a6db991f1b903fd4521535b1bf,TOU,9.191,2026-02-17T05:03:21.179630Z,2026-02-17T06:18:21.179630Z,0xf8a73b66d9d9efcc4dbbd6eeb360a43099baef2ee5477fc7e23808b695ac93bd,2026-02-17
run_20260217_222909-0075,user-006,0x546aa5ace83363b8108cfbc3ea45b5359d7cf6ecd4f1a4b8ce8b1328d4541ae1,0xa3ee86d801253d26416506f5cf6ab7e36ad1966f09f7a5674f0654a528377695,TOU,3.616,2026-02-17T11:39:56.240463Z,2026-02-17T11:59:56.240463Z,0xf8a73b66d9d9efcc4dbbd6eeb360a43099baef2ee5477fc7e23808b695ac93bd,2026-02-17
run_20260217_222909-0076,user-008,0x91ce12216b27d5747dca5e159a07b8883ee0a2e409c83aa083a871ef4e9e00d0,0xc896f10a3f79a8ac172523639e779f52171a7816b0de4037f3a5b3abda87ffaa,TOU,2.518,2026-02-17T08:32:35.364885Z,2026-02-17T08:52:35.364885Z,0xf8a73b66d9d9efcc4dbbd6eeb360a43099baef2ee5477fc7e23808b695ac93bd,2026-02-17
run_20260217_222909-0077,user-002,0xdf80ed26bb58a72a8e157626e80d9a111123793396eef21af702ae22e673ad4b,0x9de2be9159cbdf05b4a63d03e77bd384ff57cd21afb9f012e307a1e8720a393e,TOU,14.153,2026-02-17T02:24:03.351493Z,2026-02-17T03:04:03.351493Z,0xf8a73b66d9d9efcc4dbbd6eeb360a43099baef2ee5477fc7e23808b695ac93bd,2026-02-17
run_20260217_222909-0078,user-002,0x1c477be9c08dfcf9fa36db7aafb42d5cb88c0833bfc8a2192fc4c8d4843af861,0xdb88a0385b895c345cbaa19e5b0e2db120d080fd66ea0c27f549fb15aceeaa69,TOU,6.784,2026-02-17T04:56:56.497556Z,2026-02-17T05:16:56.497556Z,0xf8a73b66d9d9efcc4dbbd6eeb360a43099baef2ee5477fc7e23808b695ac93bd,2026-02-17
run_20260217_222909-0079,user-007,0x0fee54186499259530e87b7406d55ebadecbb7cc536e3623388ec6a71942ca2a,0xacedf96a7fae86970478a3224249fa59bbb1404bf8ace5878bc47e1f251192ed,TOU,10.984,2026-02-17T15:50:56.308133Z,2026-02-17T16:50:56.308133Z,0xf8a73b66d9d9efcc4dbbd6eeb360a43099baef2ee5477fc7e23808b695ac93bd,2026-02-17
run_20260217_222909-0080,user-010,0x2a6c21b95c8ead171eba360b9f29a6854c622068c529133bb1fa071b59ed7ee0,0x63d248571f463acf9471a1e977596e8cd4b8ef594897dc59b08d7e2285da73cb,TOU,13.526,2026-02-17T01:01:27.632500Z,2026-02-17T02:16:27.632500Z,0xf8a73b66d9d9efcc4dbbd6eeb360a43099baef2ee5477fc7e23808b695ac93bd,2026-02-17
run_20260217_222909-0081,user-006,0xd4ac0450f3362921c1a2160a6e09be89098275e6e5ff9a7d4e04ef34a69f157d,0xc9bdd9b0dfc6bf2c6a253e903fb176b2894933d2da87dfe2e94cf71fe2eefda7,TOU,13.768,2026-02-17T21:13:33.908911Z,2026-02-17T21:53:33.908911Z,0xf8a73b66d9d9efcc4dbbd6eeb360a43099baef2ee5477fc7e23808b695ac93bd,2026-02-17
run_20260217_222909-0082,user-005,0x5366ebb430abe2e15f71eaa5b996caedf0e8923df3ccb857796e7fb1042f855e,0x366e742d4c947ffce21327686cc2492573645b7f5b61a9b65b2a868bd1c8fdcf,TOU,15.089,2026-02-17T23:17:18.445156Z,2026-02-17T23:57:18.445156Z,0xf8a73b66d9d9efcc4dbbd6eeb360a43099baef2ee5477fc7e23808b695ac93bd,2026-02-17
run_20260217_222909-0083,user-009,0x13111a8bac6478622f1f3b2fc618e3dd8e15544e3d83d234f9adebe1207c4e36,0x3f75901525ab2d07b1546df04bd600e8e75e0a2039bf59fbdcbcc32d4b226f97,TOU,10.78,2026-02-17T18:49:12.519165Z,2026-02-17T19:49:12.519165Z,0xf8a73b66d9d9efcc4dbbd6eeb360a43099baef2ee5477fc7e23808b695ac93bd,2026-02-17
run_20260217_222909-0084,user-007,0xf11eb515f0ff146052003a3a17e9bb989a24df4cbf2458a212fdb150b2c21f6c,0x69247d325b56fe63368384b141fb38d22c378a22be403f042f1ee47000a4f3ca,TOU,9.163,2026-02-17T17:25:38.384647Z,2026-02-17T18:40:38.384647Z,0xf8a73b66d9d9efcc4dbbd6eeb360a43099baef2ee5477fc7e23808b695ac93bd,2026-02-17
run_20260217_222909-0085,user-007,0xe0fe6c064a175a450e05a942426aa429985dfaa641bc76c3e3342efc79c00297,0x28f40b6859e61f14e9aa2789a78961d1ba627f3cefc11421a12aae55f6ee3186,TOU,10.819,2026-02-17T11:12:04.885144Z,2026-02-17T11:42:04.885144Z,0xf8a73b66d9d9efcc4dbbd6eeb360a43099baef2ee5477fc7e23808b695ac93bd,2026-02-17
run_20260217_222909-0086,user-006,0x473b9ee3bc99de0f886c5a90cec6eaca5fdba20136bd800a05078dc3e63fed42,0xf35c42734a954fd5e07d9c5cd7602b87f3bcfb1370c8c924aa061a68997c5578,TOU,13.233,2026-02-17T10:09:54.408512Z,2026-02-17T11:24:54.408512Z,0xf8a73b66d9d9efcc4dbbd6eeb360a43099baef2ee5477fc7e23808b695ac93bd,2026-02-17
run_20260217_222909-0087,user-006,0x60d32f859618d9982cb50790c793cfb9a7b83bea44d629d4f5e9c6b362b13ea6,0x00aa4171209b90d49c95c399c5f70e9da0ada61ae032edeca4387759e60ecf64,TOU,3.452,2026-02-17T18:39:56.174112Z,2026-02-17T19:09:56.174112Z,0xf8a73b66d9d9efcc4dbbd6eeb360a43099baef2ee5477fc7e23808b695ac93bd,2026-02-17
run_20260217_222909-0088,user-004,0xde1c706d51377ddc5f225cec9ae483054085be98a8c8d4b0014e8c874be911ec,0xbceee84873a30859499dd4c1baf99da68c71febf36ec4748ef81dca5f988a1ae,TOU,4.821,2026-02-17T21:30:57.688800Z,2026-02-17T22:10:57.688800Z,0xf8a73b66d9d9efcc4dbbd6eeb360a43099baef2ee5477fc7e23808b695ac93bd,2026-02-17
run_20260217_222909-0089,user-010,0x5816280c4daa8c053cc0645796c3929230a98ada27a1424f820157b0fe891fc2,0x382ceb2b5f789667355bff47ea3b96413ea7e0583beee36a2f1e6e63a326cc6b,TOU,13.768,2026-02-17T08:33:05.505830Z,2026-02-17T09:48:05.505830Z,0xf8a73b66d9d9efcc4dbbd6eeb360a43099baef2ee5477fc7e23808b695ac93bd,2026-02-17
run_20260217_222909-0090,user-007,0xdc75b97b336f56433d59ac450f74cbb116bd4fc3bc29f6a8935c5415d830c949,0x055157663b73bf524f0f15b71bc2f83b0b38d854a2ca22ff05ffb69a964eb6c7,TOU,27.819,2026-02-17T12:52:41.712669Z,2026-02-17T14:07:41.712669Z,0xf8a73b66d9d9efcc4dbbd6eeb360a43099baef2ee5477fc7e23808b695ac93bd,2026-02-17
run_20260217_222909-0091,user-008,0xad7edc041f77e1cdb6d15979f19fbb0a592372b37227f86730aaa5dd442c4fa0,0xc08254f85d8c855713fe29847ad796f059ca92b754529ec99ffafca4272f4806,TOU,8.865,2026-02-17T11:24:20.477006Z,2026-02-17T12:39:20.477006Z,0xf8a73b66d9d9efcc4dbbd6eeb360a43099baef2ee5477fc7e23808b695ac93bd,2026-02-17
run_20260217_222909-0092,user-003,0xa7d84a79da70e9e2654d1dec4fabda730fc62328a994765f0d4bb9204d523a16,0xa03b49b7c8f1fbb8136ec67df3129ed12531edc60a22d70e80404451743075ee,TOU,13.959,2026-02-17T01:58:53.106283Z,2026-02-17T02:38:53.106283Z,0xf8a73b66d9d9efcc4dbbd6eeb360a43099baef2ee5477fc7e23808b695ac93bd,2026-02-17
run_20260217_222909-0093,user-009,0x197de01eb6878da02f730f76df6209937e71c1605fb138c8e703faf6458ed4e0,0xb22a4a994f84a60fb4d9e0a8a391d45f8872ac7a16915d991fce4eb65f2d5474,TOU,22.841,2026-02-17T21:44:25.663818Z,2026-02-17T22:44:25.663818Z,0xf8a73b66d9d9efcc4dbbd6eeb360a43099baef2ee5477fc7e23808b695ac93bd,2026-02-17
run_20260217_222909-0094,user-001,0xcc35faf475c4779d06f8dbfeec0cc8c745f2cd1a7077db117330c43137fdd23b,0x61ede04e3f0457cffc0f3c44345c9b82a8ecd916fc70240c1d626b8a541f848d,TOU,8.902,2026-02-17T08:05:49.313891Z,2026-02-17T09:20:49.313891Z,0xf8a73b66d9d9efcc4dbbd6eeb360a43099baef2ee5477fc7e23808b695ac93bd,2026-02-17
run_20260217_222909-0095,user-005,0xc241822ebaa085348ed693eb0ee83be55c37c8c7b9d4d1ce6f6f2a506483fb36,0x4014697571da46a26a58b8ccf5e9eeaba2eb5065f8ab9461824764f316974769,TOU,7.144,2026-02-17T00:48:32.450546Z,2026-02-17T01:48:32.450546Z,0xf8a73b66d9d9efcc4dbbd6eeb360a43099baef2ee5477fc7e23808b695ac93bd,2026-02-17
run_20260217_222909-0096,user-006,0xc3efd75724066cdc6ef4c481b93e8029caea5dcc4dcbae7d39de0b42dd42302c,0x0ce727ab4051bce4a7ca3e6fac7ca46d592018a161eea38842b7d1037cd56f7a,TOU,7.477,2026-02-17T10:40:27.679595Z,2026-02-17T11:00:27.679595Z,0xf8a73b66d9d9efcc4dbbd6eeb360a43099baef2ee5477fc7e23808b695ac93bd,2026-02-17
run_20260217_222909-0097,user-009,0x3f6402406bcd743a38cd75d7ef4e98e24c7d48b09160862ac122bc48324b3a88,0x4c283f75d3f6fa2a681975b2c768d324129d10203e6a64081f2db82a4bceef80,TOU,7.385,2026-02-17T20:26:49.076122Z,2026-02-17T21:26:49.076122Z,0xf8a73b66d9d9efcc4dbbd6eeb360a43099baef2ee5477fc7e23808b695ac93bd,2026-02-17
run_20260217_222909-0098,user-003,0xe242614c05eddba8d2a9066932e7f604b67b59e7097f5c1d53b9f60fa64c6b9d,0x935d5e3918153ace91375f3ea90eb4d6a9d420ae63a2c93ffcaf315a121538c5,TOU,7.352,2026-02-17T20:40:51.395620Z,2026-02-17T21:20:51.395620Z,0xf8a73b66d9d9efcc4dbbd6eeb360a43099baef2ee5477fc7e23808b695ac93bd,2026-02-17
run_20260217_222909-0099,user-010,0x83243c932ebc40a54ce1eae7c7ca64996980b1627f8cc2821de62d0e8e5a4b27,0x0d157dde8b29548c66a43fb36121fab062bebc037436c52105cdab0f3afecb3c,TOU,3.857,2026-02-17T11:19:00.541891Z,2026-02-17T11:39:00.541891Z,0xf8a73b66d9d9efcc4dbbd6eeb360a43099baef2ee5477fc7e23808b695ac93bd,2026-02-17
run_20260217_222909-0100,user-002,0x0b6c63ebd7804d80054635e2cea45eefb6a96bbe190f886c94bd493c2d3bcab3,0x41f9b1d3eaaa76b9188a9d64ceb24a5c2cad2571ab603fd32e0922b188fc9053,TOU,21.51,2026-02-17T03:54:10.180940Z,2026-02-17T04:54:10.180940Z,0xf8a73b66d9d9efcc4dbbd6eeb360a43099baef2ee5477fc7e23808b695ac93bd,2026-02-17
run_20260217_222909-0101,user-009,0xbdf05faaa7a142b01166ce3678e70d10d696ed4fda801857cb5b969b9dc002c1,0x04441190706561f696ba0875c8de1593a120f165addc0206afb5020df15d3fba,TOU,11.384,2026-02-17T10:41:01.271311Z,2026-02-17T11:41:01.271311Z,0xf8a73b66d9d9efcc4dbbd6eeb360a43099baef2ee5477fc7e23808b695ac93bd,2026-02-17
run_20260217_222909-0102,user-003,0xfe826c6add288be0795e83d66f7e9a0f3faa1d1d762c5f285fe292cda6ffdee2,0xc18e53346de4eee73c7a1e1707b328f50ba8095dcc8bc1a4709737e968b74039,TOU,22.866,2026-02-17T04:03:14.852056Z,2026-02-17T05:03:14.852056Z,0xf8a73b66d9d9efcc4dbbd6eeb360a43099baef2ee5477fc7e23808b695ac93bd,2026-02-17
run_20260217_222909-0103,user-001,0xce78a49dada8d98b0d3a8f0f69312ac931e4d124bc8f0994f845f889b33c791e,0xa722b88d7e700b27a309d4bedcc0f96fd96b70ac18d410ff41eeedf910d382f6,TOU,5.643,2026-02-17T05:54:15.664614Z,2026-02-17T06:24:15.664614Z,0xf8a73b66d9d9efcc4dbbd6eeb360a43099baef2ee5477fc7e23808b695ac93bd,2026-02-17
run_20260217_222909-0104,user-007,0xfb057d372c94fc62d309d7a604b861c4f1d2c596900ac95158310cbd8842ece8,0xe033cfff90d9d227193d80cea34744fbd6de81554330eca9d1f6181718ae189c,TOU,5.47,2026-02-17T15:50:47.235306Z,2026-02-17T16:20:47.235306Z,0xf8a73b66d9d9efcc4dbbd6eeb360a43099baef2ee5477fc7e23808b695ac93bd,2026-02-17
run_20260217_222909-0105,user-003,0x6d5f0054ce0a21eeb9c6697cbcc0030444ec7183761d949258ee47e12b27c6b2,0x2fd33aa8c28290402f7d401560a6f8639d2367bc2c79a44f1f38434af924ca51,TOU,4.931,2026-02-17T10:53:31.012069Z,2026-02-17T11:33:31.012069Z,0xf8a73b66d9d9efcc4dbbd6eeb360a43099baef2ee5477fc7e23808b695ac93bd,2026-02-17
run_20260217_222909-0106,user-007,0x0a9ce85d5e2975be69c016b2e19e1f5784f746bdf3bd8af9d573111f5d5e5789,0x577da11ea8aed1062f5bd7289c0b49c0c5675034f9a6c01b684b8023e921a704,TOU,2.209,2026-02-17T17:23:38.416890Z,2026-02-17T17:43:38.416890Z,0xf8a73b66d9d9efcc4dbbd6eeb360a43099baef2ee5477fc7e23808b695ac93bd,2026-02-17
run_20260217_222909-0107,user-003,0x7f0dc749a7cc843290d3a5dac6605e002a86113f2121494a129fe9078ac22f37,0x43c85636262de4839a494a1d477551a60bf84131f11d59efd41ebb28bed5a44d,TOU,7.33,2026-02-17T03:36:54.971619Z,2026-02-17T04:36:54.971619Z,0xf8a73b66d9d9efcc4dbbd6eeb360a43099baef2ee5477fc7e23808b695ac93bd,2026-02-17
run_20260217_222909-0108,user-005,0xb51a81086e3781cea6f02d75d8db082d5afb073bc6d5f8fd8e325641739cb5e3,0x3684ca7e78be4c61be60e4599202ceae80651ba23b41a32707039b4c752b5fe5,TOU,2.315,2026-02-17T17:59:33.553173Z,2026-02-17T18:19:33.553173Z,0xf8a73b66d9d9efcc4dbbd6eeb360a43099baef2ee5477fc7e23808b695ac93bd,2026-02-17
run_20260217_222909-0109,user-008,0xaad747b0d081e1d48aa6dcf58724b426f868c9b28ff0632fc287114e7274c987,0xb6800cea6471345406d272a13eaebc762837bb319f65ee86694d5182e59b3674,TOU,12.912,2026-02-17T18:50:01.115243Z,2026-02-17T20:05:01.115243Z,0xf8a73b66d9d9efcc4dbbd6eeb360a43099baef2ee5477fc7e23808b695ac93bd,2026-02-17
run_20260217_222909-0110,user-003,0x64152cf33eb44b87178c7013656ae271720400efc486c07f7506a5db31ca5fc6,0x122a0df97a5cde90401de8278b51d0d151662ca608eeba69f95a65c8545b4af4,TOU,9.411,2026-02-17T04:56:04.632436Z,2026-02-17T06:11:04.632436Z,0xf8a73b66d9d9efcc4dbbd6eeb360a43099baef2ee5477fc7e23808b695ac93bd,2026-02-17
run_20260217_222909-0111,user-007,0x3f894e25924553f7ab37d2f3a699f2254bd4acf95b3e6b65667806bed1d6b61d,0xaf27e712e731c2298778cd11d154c53f1e98c5c16b19706d747f1867eb359f31,TOU,2.412,2026-02-17T04:13:23.475882Z,2026-02-17T04:33:23.475882Z,0xf8a73b66d9d9efcc4dbbd6eeb360a43099baef2ee5477fc7e23808b695ac93bd,2026-02-17
run_20260217_222909-0112,user-009,0x3ea9b9580123d7fc5a87e8851b3a3649f066820f8479c414b957802eae33ab15,0xaba60f66628627945da4020194c76920df060bec081467c294d561acfdfc13ce,TOU,3.624,2026-02-17T08:37:41.804503Z,2026-02-17T09:07:41.804503Z,0xf8a73b66d9d9efcc4dbbd6eeb360a43099baef2ee5477fc7e23808b695ac93bd,2026-02-17
run_20260217_222909-0113,user-004,0x335e8cd15bf375cba0ae02d21d1b5445eb672bf4925af56d053df96232cf0223,0xa217769b33532ef2d37f5ba01331fae707b877d7b093c5eb236bba79754a99ae,TOU,13.953,2026-02-17T15:40:43.605686Z,2026-02-17T16:55:43.605686Z,0xf8a73b66d9d9efcc4dbbd6eeb360a43099baef2ee5477fc7e23808b695ac93bd,2026-02-17
run_20260217_222909-0114,user-010,0x8537e60668270d093697c9ea6d3d6ae111926915a0a73f076ab34feabe246097,0x28fdad646ff7f6cf7cf7986e2f917c661ad9e43ce042660077383c84d5ea1724,TOU,10.339,2026-02-17T17:37:53.729563Z,2026-02-17T18:07:53.729563Z,0xf8a73b66d9d9efcc4dbbd6eeb360a43099baef2ee5477fc7e23808b695ac93bd,2026-02-17
run_20260217_222909-0115,user-007,0xd9b3bde4bfaddb1300132c0655e037a3dc45fc7dbde164c43dfe7fb41369d7b4,0xcfae8021942177ceb9bf22c4a8d1a0fb77bb94872e426a5e61543a821a447874,TOU,7.911,2026-02-17T16:50:41.713508Z,2026-02-17T17:10:41.713508Z,0xf8a73b66d9d9efcc4dbbd6eeb360a43099baef2ee5477fc7e23808b695ac93bd,2026-02-17
run_20260217_222909-0116,user-006,0x831dc01b802edbb19d92917e87692682bae8d64066be383923d6c2505e747a12,0x72577a1aea75f4f94c8d5f77fd98d47b72d12ca2a6ca8e1d41e14daa7ac4aa05,TOU,7.304,2026-02-17T06:21:45.141185Z,2026-02-17T07:01:45.141185Z,0xf8a73b66d9d9efcc4dbbd6eeb360a43099baef2ee5477fc7e23808b695ac93bd,2026-02-17
run_20260217_222909-0117,user-010,0x8ee3d024f708826e6dc2b82e6601bb735e6bad474dcb9c0d70dc9a2b848bc2c1,0xb736723def56a1e380e0ab604deb6f19bda4703a5f8172f6e8fc9d2b6f032b45,TOU,5.789,2026-02-17T13:56:53.158176Z,2026-02-17T14:26:53.158176Z,0xf8a73b66d9d9efcc4dbbd6eeb360a43099baef2ee5477fc7e23808b695ac93bd,2026-02-17
run_20260217_222909-0118,user-002,0x87c1434f636457114e6a7b467e62e09cebc63137b0dbae41268041935f49e200,0x30526ac3175c717136dbd2548ccc44134db723ec42c8b5f17cc653fbc1416220,TOU,12.993,2026-02-17T01:17:51.885728Z,2026-02-17T02:32:51.885728Z,0xf8a73b66d9d9efcc4dbbd6eeb360a43099baef2ee5477fc7e23808b695ac93bd,2026-02-17
run_20260217_222909-0119,user-001,0x09f4b45d23b79f8591a5a6feacac8ae163aafa908102b00f237f4c18bdf54608,0x109c8e1c788f7c7befdb6849e8d31a801140d6174ac56960a6a0cb7cc5809182,TOU,5.514,2026-02-17T10:17:47.665969Z,2026-02-17T10:47:47.665969Z,0xf8a73b66d9d9efcc4dbbd6eeb360a43099baef2ee5477fc7e23808b695ac93bd,2026-02-17
run_20260217_222909-0120,user-003,0xbc58e93e2ac018579255a4fecafd1fa21994ecc6a16b94bfeaffca0c56049487,0x3bdd800186f1eb2ce2af0d773f397c4cb6cafe37858eb5a986a7c1d20d52e5f9,TOU,11.171,2026-02-17T00:34:52.844748Z,2026-02-17T01:34:52.844748Z,0xf8a73b66d9d9efcc4dbbd6eeb360a43099baef2ee5477fc7e23808b695ac93bd,2026-02-17
run_20260217_222909-0121,user-003,0x5160943ef6ab6c1379864820002faec9e3bfb17016453889372bcd9e0465f56c,0xc0370d3c5af4429617f59d7d6e7764a09821f8376ff73928ea167a58fa2f1199,TOU,14.206,2026-02-17T16:06:43.750764Z,2026-02-17T17:21:43.750764Z,0xf8a73b66d9d9efcc4dbbd6eeb360a43099baef2ee5477fc7e23808b695ac93bd,2026-02-17
run_20260217_222909-0122,user-010,0xfe9f3d390dfb64c96544603d965136d795bade02fcb46eeec7bb3211f49e65eb,0x4f6166c3fc4a01cbfdac174e9cdd87a58872be98d8c56c11c5e324dda78ebda7,TOU,26.698,2026-02-17T12:35:35.405503Z,2026-02-17T13:50:35.405503Z,0xf8a73b66d9d9efcc4dbbd6eeb360a43099baef2ee5477fc7e23808b695ac93bd,2026-02-17
run_20260217_222909-0123,user-007,0xbb58a53ea173aeb18432d95c8d9b55c268cd3585d4d95d874d7ca3da26bc09f2,0xff2e84c288211c6a00ebda8b1bbe2e1498ccd8f60ad3a901010a18a29ad2ed78,TOU,13.821,2026-02-17T11:56:22.794802Z,2026-02-17T13:11:22.794802Z,0xf8a73b66d9d9efcc4dbbd6eeb360a43099baef2ee5477fc7e23808b695ac93bd,2026-02-17
run_20260217_222909-0124,user-008,0x4c0a6a306074770ee749e3838ecdad0998ab4c51e8bba6a321d943866f8dbe3a,0xdc117958b2f241d711948b950c8d409ef3a4431be25000f09730ee2d338ec7b1,TOU,5.334,2026-02-17T19:22:08.375787Z,2026-02-17T19:52:08.375787Z,0xf8a73b66d9d9efcc4dbbd6eeb360a43099baef2ee5477fc7e23808b695ac93bd,2026-02-17
run_20260217_222909-0125,user-008,0x857fb93c5b00b8129fe9e5360d6a4088e626a306e489a0f1da174733cd47f90b,0x99ebe39195e691b61eae54dd90ff8014b4a0bb5d651921ccbdf050d52bb09999,TOU,7.491,2026-02-17T15:36:43.405749Z,2026-02-17T16:16:43.405749Z,0xf8a73b66d9d9efcc4dbbd6eeb360a43099baef2ee5477fc7e23808b695ac93bd,2026-02-17
run_20260217_222909-0126,user-002,0xc638ce0ce88c1ecf3dca7980c727ddf2f473b9a98bd3e00f737586ecbc909b07,0x19b6437ec29cd69ea0e6b6e4712fe28e5f7a544ce6cc660e0e6ee7970ea5d41e,TOU,22.547,2026-02-17T15:40:14.192382Z,2026-02-17T16:40:14.192382Z,0xf8a73b66d9d9efcc4dbbd6eeb360a43099baef2ee5477fc7e23808b695ac93bd,2026-02-17
run_20260217_222909-0127,user-002,0x706b7f41949b48f1d54a2645736068e365def363852a6788a5ef314119e2ebc8,0x07587a8b71fa5edb37e0991ab84d881ffdc16ce83c1c56d739f47ba67edb073f,TOU,7.189,2026-02-17T14:03:50.761973Z,2026-02-17T15:03:50.761973Z,0xf8a73b66d9d9efcc4dbbd6eeb360a43099baef2ee5477fc7e23808b695ac93bd,2026-02-17
run_20260217_222909-0128,user-002,0x40f46f5e3ff64ede403929fecfc1e4946c2358a79de3d6da0597804d99bc0dd7,0x2d950857669dcfec20d53b0b5ebb05c0e067256b6939d6751da2a30887eccb08,TOU,10.959,2026-02-17T08:19:41.389692Z,2026-02-17T08:49:41.389692Z,0xf8a73b66d9d9efcc4dbbd6eeb360a43099baef2ee5477fc7e23808b695ac93bd,2026-02-17
run_20260217_222909-0129,user-007,0xfe29287a88c6f9ce56cc70ddf86bb0452c58459d01c0c2a1466adf1693be8f3d,0x2ae7927127c8f4197e9d5680dd984f7eefb9f47f161fd9bd5c9057a3cbb157d7,TOU,11.401,2026-02-17T05:04:20.201579Z,2026-02-17T05:34:20.201579Z,0xf8a73b66d9d9efcc4dbbd6eeb360a43099baef2ee5477fc7e23808b695ac93bd,2026-02-17
run_20260217_222909-0130,user-009,0xd7c37f575c81aa9d1663f1fcdd51aa279a2f41e9cca729b8b08f5c31c540ace5,0x61a3490706519f2be63dde221a6cc1570e89f3d4d159ccf76496b526bfd96dde,TOU,10.887,2026-02-17T11:23:58.878590Z,2026-02-17T11:53:58.878590Z,0xf8a73b66d9d9efcc4dbbd6eeb360a43099baef2ee5477fc7e23808b695ac93bd,2026-02-17
run_20260217_222909-0131,user-006,0x4b3b6511859bfce972a9afabc6e39c8f9c66217824927adf6fd3cdbe96939823,0x66aa9f385ae16356d3557fbe9d12a163b5f463de5377be5f378280c19f3abfef,TOU,27.964,2026-02-17T05:00:17.673794Z,2026-02-17T06:15:17.673794Z,0xf8a73b66d9d9efcc4dbbd6eeb360a43099baef2ee5477fc7e23808b695ac93bd,2026-02-17
run_20260217_222909-0132,user-006,0xb3720418fc21b42c4abfb0d9038b4e68b0c78c7a9d79e5b28304bf6848ba0583,0xc7d2de69bb3aa1a6ac05083b9ae59bdde152607dad4aa1f1d71823ddb80ba90e,TOU,8.904,2026-02-17T16:44:11.879451Z,2026-02-17T17:59:11.879451Z,0xf8a73b66d9d9efcc4dbbd6eeb360a43099baef2ee5477fc7e23808b695ac93bd,2026-02-17
run_20260217_222909-0133,user-010,0x368bf15933d956a72b31649a89f2beb24e38d4de70563ba5ed1214ed532b6d83,0x461c9cf73a25331d2e4e52a1ad40e309def63696b901336a67866f636bc912c8,TOU,13.341,2026-02-17T15:00:58.813652Z,2026-02-17T16:15:58.813652Z,0xf8a73b66d9d9efcc4dbbd6eeb360a43099baef2ee5477fc7e23808b695ac93bd,2026-02-17
run_20260217_222909-0134,user-003,0x3e11dd51d53d8e1cddc5883f57ea711a6db2dd4d05550517178625b992c4d074,0x30b7e66ec0006d4e1880b7717b76ec5aee4cf19fc6b6033b87b3f7a644a26fcc,TOU,13.343,2026-02-17T20:02:03.989671Z,2026-02-17T21:17:03.989671Z,0xf8a73b66d9d9efcc4dbbd6eeb360a43099baef2ee5477fc7e23808b695ac93bd,2026-02-17
run_20260217_222909-0135,user-007,0x4ee83d38b4c9d2c2711116f4466b1081f01e5836c89158b1ba505129714e3ba0,0x6ebdb542736ebc4c8e8d740d358d4b14e2ee0c68d39848a5862beaf9a8c31eb7,TOU,7.856,2026-02-17T15:42:52.705929Z,2026-02-17T16:02:52.705929Z,0xf8a73b66d9d9efcc4dbbd6eeb360a43099baef2ee5477fc7e23808b695ac93bd,2026-02-17
run_20260217_222909-0136,user-003,0xbd9bde9ddce76f09991ecf46726b1782dc3d2929b9e6d1a1955190cf77c9a661,0x4df03d8eaad08e53676074708d52748eced44b3a94d48470a93b64999647d475,TOU,10.94,2026-02-17T05:31:40.813793Z,2026-02-17T06:31:40.813793Z,0xf8a73b66d9d9efcc4dbbd6eeb360a43099baef2ee5477fc7e23808b695ac93bd,2026-02-17
run_20260217_222909-0137,user-004,0x01c4444d7b69db96ffb4ac0fa455f21cf48e452ecc8b673aaf7345200ed605dc,0xb38bb0d2748027cbcffdf74861ea1b1c629ed124794ed80f3a604b74fff8e50f,TOU,3.581,2026-02-17T03:56:51.412752Z,2026-02-17T04:16:51.412752Z,0xf8a73b66d9d9efcc4dbbd6eeb360a43099baef2ee5477fc7e23808b695ac93bd,2026-02-17
run_20260217_222909-0138,user-006,0xecd4d11a8011ece61f7a083c7e0fece3ad86d61564386d1e79cf0f7bd0c493e7,0x7609e003d04b20518321295397618d8d6efd7908c582f8b537acfaf54d313b97,TOU,11.045,2026-02-17T20:15:37.513355Z,2026-02-17T20:45:37.513355Z,0xf8a73b66d9d9efcc4dbbd6eeb360a43099baef2ee5477fc7e23808b695ac93bd,2026-02-17
run_20260217_222909-0139,user-002,0x9374ecece9f0c014f0fa3a93ff1f61834c0bbc1041c74a18cc3561981bf99a37,0x2b492737381ee263faee30a4803602a0a502ffb5bea58df3b1920d21c5f7f59a,TOU,21.829,2026-02-17T09:43:43.225658Z,2026-02-17T10:43:43.225658Z,0xf8a73b66d9d9efcc4dbbd6eeb360a43099baef2ee5477fc7e23808b695ac93bd,2026-02-17
run_20260217_222909-0140,user-010,0xa81566d1b85244cc39eeff859d0a34eec1b40e447c31b0e65732e8b46cfd340d,0xd14ab92397a4337a9f6d62999adf4832befe8beadb4c94b6f47ebdec2725af9c,TOU,5.026,2026-02-17T05:26:32.698442Z,2026-02-17T06:06:32.698442Z,0xf8a73b66d9d9efcc4dbbd6eeb360a43099baef2ee5477fc7e23808b695ac93bd,2026-02-17
run_20260217_222909-0141,user-007,0x476634a366c82813f0b52626ff97ebe8108df0dbcb4a24162958802aea6291a7,0xd3014fc7df38f154f27398c13aabf43b2e784c7fa3014ef8110d8eef503adcc4,TOU,3.703,2026-02-17T10:38:34.502459Z,2026-02-17T10:58:34.502459Z,0xf8a73b66d9d9efcc4dbbd6eeb360a43099baef2ee5477fc7e23808b695ac93bd,2026-02-17
run_20260217_222909-0142,user-005,0x83b32e9a7a9acc70cf980170a6efb3d124bce7aeb3f3fd7e8b70cecb0d38ea1c,0x8135b320b14dadab35b2c394803b521558aff3187e6e59be1fd304d28368825e,TOU,13.787,2026-02-17T14:56:53.839713Z,2026-02-17T16:11:53.839713Z,0xf8a73b66d9d9efcc4dbbd6eeb360a43099baef2ee5477fc7e23808b695ac93bd,2026-02-17
run_20260217_222909-0143,user-004,0xd90f43bab0c723e251b9eec3d95b4bba23c7bfb554eebdeeeeb5de960b7a882a,0xe42ab44bf849d00ebb90dea12cb052009fd509c116b214fbae7a853cea8721fb,TOU,22.225,2026-02-17T22:44:47.235245Z,2026-02-17T23:44:47.235245Z,0xf8a73b66d9d9efcc4dbbd6eeb360a43099baef2ee5477fc7e23808b695ac93bd,2026-02-17
run_20260217_222909-0144,user-002,0x3aa0a26a83436b09a5d160e501f8f0e2f18ac7bacdface74789e06dfc6c60274,0xad5ccd45af734dcde76c4e7f891705f5623ce9c97d3261dd3b76f50b716dbcee,TOU,7.065,2026-02-17T06:03:29.634748Z,2026-02-17T07:03:29.634748Z,0xf8a73b66d9d9efcc4dbbd6eeb360a43099baef2ee5477fc7e23808b695ac93bd,2026-02-17
run_20260217_222909-0145,user-006,0x6d58d0689c5d71a1cbb2734c2a790a77ec1c254ea62fd79fb6310b6b7633669d,0xd9829a08e304106d650b35189b53ad24ddeaa2216f32a3c6c07cdf177011e478,TOU,7.423,2026-02-17T02:02:21.844895Z,2026-02-17T02:42:21.844895Z,0xf8a73b66d9d9efcc4dbbd6eeb360a43099baef2ee5477fc7e23808b695ac93bd,2026-02-17
run_20260217_222909-0146,user-004,0xc91c85399c323a9e0231fb522487ce71098f59e554162af9f84e9185b56664a9,0xb32e991717d68fa602ce8c454fbb24021c7af126668bb03738a93d243e139586,TOU,5.138,2026-02-17T14:52:01.843462Z,2026-02-17T15:22:01.843462Z,0xf8a73b66d9d9efcc4dbbd6eeb360a43099baef2ee5477fc7e23808b695ac93bd,2026-02-17
run_20260217_222909-0147,user-003,0x956506a785bfeccabad988dd53e336e27bf94537b135183e8a0485d3d867ddc0,0xdd67758f265de66ee78c2fab9285694e80c450a268df488bd2094522b30dd1f7,TOU,5.083,2026-02-17T06:23:48.478721Z,2026-02-17T07:03:48.478721Z,0xf8a73b66d9d9efcc4dbbd6eeb360a43099baef2ee5477fc7e23808b695ac93bd,2026-02-17
run_20260217_222909-0148,user-001,0x9f76569325e718b01238973e197763b2538813678c39b6d465f3c39ba885723b,0x46075de99f7144dc806d280868fe1eb872413860a4d5bea2728db9a0d081457c,TOU,6.888,2026-02-17T05:38:21.123915Z,2026-02-17T06:38:21.123915Z,0xf8a73b66d9d9efcc4dbbd6eeb360a43099baef2ee5477fc7e23808b695ac93bd,2026-02-17
run_20260217_222909-0149,user-001,0xdf11059e413fe12acf35bc1eb09681a9ed513a8bde739bbb9f6825f7c24456da,0x05187ad804b3412120e7cbf1e159e8c672119ecf1a77fafff09943cec5407a7e,TOU,14.426,2026-02-17T11:16:38.315313Z,2026-02-17T11:56:38.315313Z,0xf8a73b66d9d9efcc4dbbd6eeb360a43099baef2ee5477fc7e23808b695ac93bd,2026-02-17
run_20260217_222909-0150,user-010,0x0d9deb334222d07bb6944ad3a39f985b74c74601429ca74dc3445350def5f21d,0xaec30806f4ec3429a2c9ae615805665f57cee07e6fadae8ec2c616b2e89960da,TOU,7.639,2026-02-17T11:20:54.202861Z,2026-02-17T12:00:54.202861Z,0xf8a73b66d9d9efcc4dbbd6eeb360a43099baef2ee5477fc7e23808b695ac93bd,2026-02-17
run_20260217_222909-0151,user-001,0x161bf396aed0ad1a8173353a48ac774862f068ffee67433f9e837ca4977e9749,0xb70a0c3f313c0f350371daa5a45b3077c843eabfaf28262aea8578fd9d31beb1,TOU,10.794,2026-02-17T21:44:21.556331Z,2026-02-17T22:44:21.556331Z,0xf8a73b66d9d9efcc4dbbd6eeb360a43099baef2ee5477fc7e23808b695ac93bd,2026-02-17
run_20260217_222909-0152,user-010,0x2e2f3ee9c69607da84afefefc856a919e1b2693c9e9c89d6cb6ade3d734004c1,0xe90c3c45d70780f81b6289609617e7274d23c455effefaba479094abe7192e47,TOU,2.228,2026-02-17T12:34:16.775147Z,2026-02-17T12:54:16.775147Z,0xf8a73b66d9d9efcc4dbbd6eeb360a43099baef2ee5477fc7e23808b695ac93bd,2026-02-17
run_20260217_222909-0153,user-006,0xc39838f6372298b30ce4542ba9416897f992ac71ec3e2feded798588e4db4bb8,0xad8ccfd9891431b746de811f4c9a26d7eb6a24790f0aca1afe3e5c394b1eb5af,TOU,11.431,2026-02-17T23:36:27.140575Z,2026-02-18T00:06:27.140575Z,0xf8a73b66d9d9efcc4dbbd6eeb360a43099baef2ee5477fc7e23808b695ac93bd,2026-02-17
run_20260217_222909-0154,user-007,0xa4ee3742694ec0a529edd5a2a67acec54b309b3878f007a9ea1c474f45c91621,0xe04b86c37c015d52312689d17cd9c88e3dec81917f78cc35eeb646af99ceaaf5,TOU,13.321,2026-02-17T07:44:04.178948Z,2026-02-17T08:59:04.178948Z,0xf8a73b66d9d9efcc4dbbd6eeb360a43099baef2ee5477fc7e23808b695ac93bd,2026-02-17
run_20260217_222909-0155,user-006,0x590c022345fb8195b844eb8afc610ec399f554e6c293d6babdabfb3b366e6983,0xd3605a7d91ff866f728d7b9f977b07e728052c273ded39d71795f07db66ec508,TOU,11.456,2026-02-17T10:42:37.540564Z,2026-02-17T11:42:37.540564Z,0xf8a73b66d9d9efcc4dbbd6eeb360a43099baef2ee5477fc7e23808b695ac93bd,2026-02-17
run_20260217_222909-0156,user-001,0xe74b32680b3a96470e1c6aa8da38bd1e1615bd725e3ee0ddc4bebe1fda91ede1,0x5481a4fcd3ed2fb1a2d7f11f891f1cb9991fbf756d7cc959d113b707837203d2,TOU,10.965,2026-02-17T01:21:08.236358Z,2026-02-17T02:21:08.236358Z,0xf8a73b66d9d9efcc4dbbd6eeb360a43099baef2ee5477fc7e23808b695ac93bd,2026-02-17
run_20260217_222909-0157,user-007,0xa82c3dd464e2c93ab4a91b42cd121ad8063404f5a983377a7c8685aa8502881b,0x1513bbf2e99040c901bda200fd7192d124b3c1f66bcbd3d3ad940338a772e445,TOU,9.08,2026-02-17T05:16:59.789274Z,2026-02-17T06:31:59.789274Z,0xf8a73b66d9d9efcc4dbbd6eeb360a43099baef2ee5477fc7e23808b695ac93bd,2026-02-17
run_20260217_222909-0158,user-008,0x0d0dc1e3f6434f9bc58e5e116185fdb823ca8dad28576dbcddd0a87c50ee4f1d,0xab58a9beaee5b5b42a1e534467c4981991c6fb1c003a7f39b6fe0bb8925c4c57,TOU,4.641,2026-02-17T21:24:57.587441Z,2026-02-17T22:04:57.587441Z,0xf8a73b66d9d9efcc4dbbd6eeb360a43099baef2ee5477fc7e23808b695ac93bd,2026-02-17
run_20260217_222909-0159,user-006,0xa9acef7e6259a5a2434a720bc66d547e1e5e5e2fc3e68af3edd0594b718b9b02,0xa2f3f4f0817afbea9c01cb3ff916e4fd39dc3391a629449f7873ac5cb831e7bf,TOU,5.548,2026-02-17T09:30:22.546411Z,2026-02-17T10:00:22.546411Z,0xf8a73b66d9d9efcc4dbbd6eeb360a43099baef2ee5477fc7e23808b695ac93bd,2026-02-17
run_20260217_222909-0160,user-006,0x46a45e9375e09733a414bea35412fa7eb069d68fd0f26052456b0784d13499b1,0x5220e847b8cd71044eadbf6b25b4a03e97c1892e8ce092a5a81abc1c482edd62,TOU,10.901,2026-02-17T14:57:28.821879Z,2026-02-17T15:57:28.821879Z,0xf8a73b66d9d9efcc4dbbd6eeb360a43099baef2ee5477fc7e23808b695ac93bd,2026-02-17
run_20260217_222909-0161,user-003,0x8fc51ec9a829530752addc304cde614e9c7d06b3c233ecfa69a93053aeedba7a,0xfbbeb536b446e2e49ac9d8877810a1afbc9eb13128c37309e999a2a2808f6a39,TOU,5.371,2026-02-17T08:46:59.766174Z,2026-02-17T09:16:59.766174Z,0xf8a73b66d9d9efcc4dbbd6eeb360a43099baef2ee5477fc7e23808b695ac93bd,2026-02-17
run_20260217_222909-0162,user-007,0x6ed38a4302a8a94b9870c0a8da0ebb91ec959cfcda0b9d4521282f08505ec374,0x423893e0a28d9949dc6d5f36586a2cfe5e2d2c1fbe7b0610670931a8cc4b75d7,TOU,14.411,2026-02-17T10:56:09.054427Z,2026-02-17T11:36:09.054427Z,0xf8a73b66d9d9efcc4dbbd6eeb360a43099baef2ee5477fc7e23808b695ac93bd,2026-02-17
run_20260217_222909-0163,user-007,0xdeef78077f298217444d84329f1ccb04b95f372480037271683deecdfca5b40a,0x609f46a7499b5300b183770c566e83a492704c8ed76241502877b03a2d0196fb,TOU,7.491,2026-02-17T00:46:47.518060Z,2026-02-17T01:26:47.518060Z,0xf8a73b66d9d9efcc4dbbd6eeb360a43099baef2ee5477fc7e23808b695ac93bd,2026-02-17
run_20260217_222909-0164,user-010,0xa9dfa17b9d389fc912924566032c79610a70ef85c970ce0961a28c029f475361,0x38912eb137a36b1b345df3905a42bb5c70e0c3a7c9152d58ff342af93e474677,TOU,5.981,2026-02-17T07:24:46.216786Z,2026-02-17T07:54:46.216786Z,0xf8a73b66d9d9efcc4dbbd6eeb360a43099baef2ee5477fc7e23808b695ac93bd,2026-02-17
run_20260217_222909-0165,user-005,0x1808e9bd3bb16f6152785d3347941b5abecc4fd85bf2a6c20ff562bb1432ce94,0x5190390736bd8cc4fa9e0b9644026d4a59f6eb736b2ace052fcc915f50517ce1,TOU,10.736,2026-02-17T15:44:59.038775Z,2026-02-17T16:14:59.038775Z,0xf8a73b66d9d9efcc4dbbd6eeb360a43099baef2ee5477fc7e23808b695ac93bd,2026-02-17
run_20260217_222909-0166,user-006,0xbe7518a8b83a45f7d0ec6a214deb8756575532cae72c8b632de52e7d80143fa6,0x6de87a44c224c297b2fcc30121b49caeafd11313f7c5f1f28760c2b0f0098c22,TOU,11.536,2026-02-17T08:25:55.399147Z,2026-02-17T08:55:55.399147Z,0xf8a73b66d9d9efcc4dbbd6eeb360a43099baef2ee5477fc7e23808b695ac93bd,2026-02-17
run_20260217_222909-0167,user-003,0x7956a5731b485ff95402ab21600dc100a2ca29e4b6aa3ab9478f9e2c163448a3,0x95679deecbd3b8d2e6978928860f97a62bdd055f4d21ef1d5070b2ecde9aa5df,TOU,11.716,2026-02-17T08:36:42.625057Z,2026-02-17T09:36:42.625057Z,0xf8a73b66d9d9efcc4dbbd6eeb360a43099baef2ee5477fc7e23808b695ac93bd,2026-02-17
run_20260217_222909-0168,user-004,0xfd316a0c4e7ec130e45ec994c3e714d2d625ec647f645ff774e1553592b84c4d,0xd738a896c1f8f2a5ac520b942bffad86d77abd6bca0f79a2fb849d93fb564e2a,TOU,14.035,2026-02-17T13:00:07.643521Z,2026-02-17T13:40:07.643521Z,0xf8a73b66d9d9efcc4dbbd6eeb360a43099baef2ee5477fc7e23808b695ac93bd,2026-02-17
run_20260217_222909-0169,user-005,0xb68c631a9649362c424d7a0c9257ba045f136c1909ceadd236c43b70d6f63f13,0x3496c2ff8c0f5376514c9530e09a583171c0ee9440236be43e9efab658522f69,TOU,8.87,2026-02-17T01:56:05.825105Z,2026-02-17T03:11:05.825105Z,0xf8a73b66d9d9efcc4dbbd6eeb360a43099baef2ee5477fc7e23808b695ac93bd,2026-02-17
run_20260217_222909-0170,user-006,0xd6981ae6fd13ac6396cbbdf98a9088301612ed1daa128c1121d404efccdd1dd1,0x1556987b94ea6564b9d88aeb9358aac27b2ec5800749c9dd68c09878607d7619,TOU,8.641,2026-02-17T03:46:32.477499Z,2026-02-17T05:01:32.477499Z,0xf8a73b66d9d9efcc4dbbd6eeb360a43099baef2ee5477fc7e23808b695ac93bd,2026-02-17
run_20260217_222909-0171,user-005,0x4d04602cf2eb912712bb5a714035ab866aa853cb7253555ab9c0675463ff349f,0x79d157543f518e4b4e1428599d6e0b49df6a2362e7e7cf455f2cdd878501ddf0,TOU,4.662,2026-02-17T18:35:13.528802Z,2026-02-17T19:15:13.528802Z,0xf8a73b66d9d9efcc4dbbd6eeb360a43099baef2ee5477fc7e23808b695ac93bd,2026-02-17
run_20260217_222909-0172,user-001,0x14297c9d2fc09d283cf9d55ca2c60f3ce066301b7b88e69bd3a57b32065f33ed,0xa2d635e4be789afe80a99fc79d431662fa5d43f8c363cbe62197f4dfdc93ca46,TOU,22.469,2026-02-17T05:44:35.643091Z,2026-02-17T06:44:35.643091Z,0xf8a73b66d9d9efcc4dbbd6eeb360a43099baef2ee5477fc7e23808b695ac93bd,2026-02-17
run_20260217_222909-0173,user-010,0xa9c6bdcd856bf2cf8d5eb27fea088ba1fe743e1999d18eeef4aa2580d7a3b6cf,0x6b1d514636e4ca40284e6d4344099102145d11f4bb4bc0e1e06f70398d4c97f0,TOU,27.973,2026-02-17T07:26:38.858074Z,2026-02-17T08:41:38.858074Z,0xf8a73b66d9d9efcc4dbbd6eeb360a43099baef2ee5477fc7e23808b695ac93bd,2026-02-17
run_20260217_222909-0174,user-007,0x1734a24768307b8d0726878791f91d77931ebf7f224c9eb16d3a166b5284c9a5,0x184e5060468df49eaf7acdf81a2c74c49a026f33159c3a808411f87df42cda54,TOU,15.057,2026-02-17T01:55:58.383298Z,2026-02-17T02:35:58.383298Z,0xf8a73b66d9d9efcc4dbbd6eeb360a43099baef2ee5477fc7e23808b695ac93bd,2026-02-17
run_20260217_222909-0175,user-007,0x07a71d3b0853dc116f8470b155b4fe73e4346ad8d9a3da665b7dac5316ac8545,0x560886e391015d99772d613a0e01271c434107c8760136af96f6c0d505aa14f7,TOU,6.678,2026-02-17T14:58:45.110874Z,2026-02-17T15:18:45.110874Z,0xf8a73b66d9d9efcc4dbbd6eeb360a43099baef2ee5477fc7e23808b695ac93bd,2026-02-17
run_20260217_222909-0176,user-006,0x0176c764193c500b3558623c6b92a579388b8b33bd6ec2426ee7ee74a58de548,0x34c9ed6c899622676d4172625cb483c2c408923058ee95084f1558c91488bb93,TOU,10.809,2026-02-17T13:04:14.295920Z,2026-02-17T14:04:14.295920Z,0xf8a73b66d9d9efcc4dbbd6eeb360a43099baef2ee5477fc7e23808b695ac93bd,2026-02-17
run_20260217_222909-0177,user-005,0x29eff58ed6adc40ad078c690f1e8e68629c5df4b0346c518554a8069b58ff6c5,0xc9e5ab904e336af715a4412b2de90016597f75620610b3ad7f845a84ca8d1051,TOU,9.09,2026-02-17T15:52:37.954593Z,2026-02-17T17:07:37.954593Z,0xf8a73b66d9d9efcc4dbbd6eeb360a43099baef2ee5477fc7e23808b695ac93bd,2026-02-17
run_20260217_222909-0178,user-005,0xa93a70eb33b6cb6f5721a669e604d861e41ce99e0c414b54c83e9ea16c5b6992,0x50b88b73964f9edce22ae8934c094acb6bb89f6abed09fb02f3745394a192478,TOU,4.878,2026-02-17T20:10:04.347205Z,2026-02-17T20:50:04.347205Z,0xf8a73b66d9d9efcc4dbbd6eeb360a43099baef2ee5477fc7e23808b695ac93bd,2026-02-17
run_20260217_222909-0179,user-002,0xb85a6502c7bbc739c99de80eae41dff41cd87439518d7c8b518259905f2aa890,0xde590ae6ea2f096c30d3285728614bc50cd8dddc0a756462037763d29a10ef02,TOU,2.476,2026-02-17T07:05:40.489364Z,2026-02-17T07:25:40.489364Z,0xf8a73b66d9d9efcc4dbbd6eeb360a43099baef2ee5477fc7e23808b695ac93bd,2026-02-17
run_20260217_222909-0180,user-006,0x1c30e3b3e7474284960276d8730a79e2d2ea1b43f385a68f94b04cff87451a6c,0x3878d48373d9ae481585520ae349aac4b35c9f3cf15df0ded073622b1862e8ae,TOU,22.863,2026-02-17T04:22:21.780075Z,2026-02-17T05:22:21.780075Z,0xf8a73b66d9d9efcc4dbbd6eeb360a43099baef2ee5477fc7e23808b695ac93bd,2026-02-17
run_20260217_222909-0181,user-010,0x766eed3c62dd824d7c1bedac3bb252a396b23801ee99656fc92a08b2deb95bf7,0x594b1cf7c8b7b34cff045764d0c6d06df057903d3036ffe8b37980ca2a48c1c5,TOU,5.165,2026-02-17T23:46:47.782295Z,2026-02-18T00:16:47.782295Z,0xf8a73b66d9d9efcc4dbbd6eeb360a43099baef2ee5477fc7e23808b695ac93bd,2026-02-17
run_20260217_222909-0182,user-002,0x665b902c0efd207e9e4c065e7a1132489a655fcae0052b36f793ec888e29ec39,0x16ca837d5ca3e4b35d285e6e3c4b71b18a5b851528779e18aaff3c1fe6402ecb,TOU,6.989,2026-02-17T20:37:22.864568Z,2026-02-17T20:57:22.864568Z,0xf8a73b66d9d9efcc4dbbd6eeb360a43099baef2ee5477fc7e23808b695ac93bd,2026-02-17
run_20260217_222909-0183,user-002,0x580078b266632c7e6388aaa0d15b8240680c04d298f72a91121b4dbfa4b7c511,0xb5bfc7d751f3848081c59ad2d13a695eae5f03b12f120d987cc1ab8db566884d,TOU,27.159,2026-02-17T18:01:38.368851Z,2026-02-17T19:16:38.368851Z,0xf8a73b66d9d9efcc4dbbd6eeb360a43099baef2ee5477fc7e23808b695ac93bd,2026-02-17
run_20260217_222909-0184,user-009,0xfef1176527f6e97272c292cc2d9a5f5be3eeac13197a419b7d891f33ef1330c3,0xd56fcd4b48e36313ed75d40101f27e772dc67c6badb2c5c3de63681566872da7,TOU,3.813,2026-02-17T02:39:14.200773Z,2026-02-17T02:59:14.200773Z,0xf8a73b66d9d9efcc4dbbd6eeb360a43099baef2ee5477fc7e23808b695ac93bd,2026-02-17
run_20260217_222909-0185,user-003,0xa3a6907230f477b5a0cac9cc9cd5c981e28e4109dfd687d5d999be0ed741d12b,0xe63bf99e4f7cc444702dc92f6fb0ba7ed8c74504c501f23073a9285a596e6ac0,TOU,2.356,2026-02-17T05:40:40.478966Z,2026-02-17T06:00:40.478966Z,0xf8a73b66d9d9efcc4dbbd6eeb360a43099baef2ee5477fc7e23808b695ac93bd,2026-02-17
run_20260217_222909-0186,user-009,0xecac41a9b53398c268b187d95a7a61a040ae415cbe8c79b1dd66e9d26429cd25,0x4c4e2ebae1637677ccbc862a002fff877998b9c40ae8d6ce7c914b804cce469a,TOU,22.476,2026-02-17T05:34:21.695942Z,2026-02-17T06:34:21.695942Z,0xf8a73b66d9d9efcc4dbbd6eeb360a43099baef2ee5477fc7e23808b695ac93bd,2026-02-17
run_20260217_222909-0187,user-002,0x38bb8d6b0f77661cad290c7cbe61be0576430f8842617ad884276939ab7e4da1,0x9e8452e445e74aca8fd2a6459adf497f2e89c6ee05f39fd13cefefff2c68d22e,TOU,23.006,2026-02-17T16:32:21.355770Z,2026-02-17T17:32:21.355770Z,0xf8a73b66d9d9efcc4dbbd6eeb360a43099baef2ee5477fc7e23808b695ac93bd,2026-02-17
run_20260217_222909-0188,user-006,0x492247897595a06d4f82e24c4bc5dd9d52549196e3cf5371cae46c78af645c35,0x50f14d558035049e4da4208692729c0efddb17c29f87967c65e3361098e5b5c4,TOU,4.954,2026-02-17T11:25:52.336660Z,2026-02-17T12:05:52.336660Z,0xf8a73b66d9d9efcc4dbbd6eeb360a43099baef2ee5477fc7e23808b695ac93bd,2026-02-17
run_20260217_222909-0189,user-010,0x80bba68a90b50bb5b4d6d88f82b7be9f81c19b815b5a5a18f754b28bd1eb32ce,0x869124068eb5bd25afd862a2ab8f8819aa75b0b089c8eb28875835b6455dfb88,TOU,11.679,2026-02-17T08:55:21.163238Z,2026-02-17T09:55:21.163238Z,0xf8a73b66d9d9efcc4dbbd6eeb360a43099baef2ee5477fc7e23808b695ac93bd,2026-02-17
run_20260217_222909-0190,user-008,0x3f5f485c09d2e647f389814264f1a8e28b402147f1ba32576ff5408a2619973c,0x9ffa087ecb4cdd735743c1ea1ba48ec1812329ec8bf01ce10998d1e2c1cef4d6,TOU,3.487,2026-02-17T15:14:52.430717Z,2026-02-17T15:44:52.430717Z,0xf8a73b66d9d9efcc4dbbd6eeb360a43099baef2ee5477fc7e23808b695ac93bd,2026-02-17
run_20260217_222909-0191,user-006,0x09e6f00765613810580ed808c0c7adfebf6eb879d50696fd390b8aa8fcaaa0cb,0xdda1cd1d462f05df9b8718833ed591e4cb6736ea8337bbfc552080007b483f07,TOU,7.241,2026-02-17T17:28:23.312428Z,2026-02-17T17:48:23.312428Z,0xf8a73b66d9d9efcc4dbbd6eeb360a43099baef2ee5477fc7e23808b695ac93bd,2026-02-17
run_20260217_222909-0192,user-007,0xcf0a66aab8001442e284b4286eeca0c7ed4e33d175f29e4a45c1d56dff0fdd43,0x48e76773f37cc59b805a907edadcb7d01fbc527119ae2d4aa2adf4d7ba99672e,TOU,11.336,2026-02-17T22:19:44.755776Z,2026-02-17T23:19:44.755776Z,0xf8a73b66d9d9efcc4dbbd6eeb360a43099baef2ee5477fc7e23808b695ac93bd,2026-02-17
run_20260217_222909-0193,user-009,0xdfbb76249c48bff2a9f9eacd9adf1e41b2b102e17e599510fce4be29f81c9ce4,0xc603b6d43a4c164512b46f26cfe8b0557050aa442bdd4792259fee717a2ab668,TOU,3.754,2026-02-17T05:43:54.336164Z,2026-02-17T06:13:54.336164Z,0xf8a73b66d9d9efcc4dbbd6eeb360a43099baef2ee5477fc7e23808b695ac93bd,2026-02-17
run_20260217_222909-0194,user-007,0x89a3ae401c58c7892d8c9b4a9a89e050c1204c0ca8f34ab3ba0ed75a088edc45,0x560d1da5750b5a4a5be2dec33701e18e8de52e75a19e2f73d39e27fd9e62e4c4,TOU,4.872,2026-02-17T03:36:25.882656Z,2026-02-17T04:16:25.882656Z,0xf8a73b66d9d9efcc4dbbd6eeb360a43099baef2ee5477fc7e23808b695ac93bd,2026-02-17
run_20260217_222909-0195,user-009,0x86a310fb5ebb977e36309c7d5307af16b9a193853f5abe1a79cb67ffb528777f,0x0fa0c721f715c81c5079cbfdf1ff350a254d30ec6e369eddda11c0a076b94411,TOU,7.354,2026-02-17T14:04:11.892178Z,2026-02-17T14:44:11.892178Z,0xf8a73b66d9d9efcc4dbbd6eeb360a43099baef2ee5477fc7e23808b695ac93bd,2026-02-17
run_20260217_222909-0196,user-005,0x18407d83190953c617ffad330b043f729252308123d9759d8f7a2d9e97bef967,0x46c5816fa4f2d7e395129f464ae9f2ec5b2482ab8da4e7eb9e038c028ceb8d3c,TOU,21.996,2026-02-17T03:33:41.055820Z,2026-02-17T04:33:41.055820Z,0xf8a73b66d9d9efcc4dbbd6eeb360a43099baef2ee5477fc7e23808b695ac93bd,2026-02-17
run_20260217_222909-0197,user-004,0xf0cbcccfb0e0972f161bb52d940b50456e5ce3189d668bfa86236688cf7fe778,0x0cd39962c8439f55c2dac21c0da192489c428345683ad20565ac99b5081f0677,TOU,11.343,2026-02-17T13:08:14.364554Z,2026-02-17T14:08:14.364554Z,0xf8a73b66d9d9efcc4dbbd6eeb360a43099baef2ee5477fc7e23808b695ac93bd,2026-02-17
run_20260217_222909-0198,user-005,0xc92c2c63a2582ef4d455af03d43b15a7c93bfc55484e3f7824744e47532da673,0x4129c6e16a662d3d31db34c8772dee141529723c5738803e36196736235819f3,TOU,3.591,2026-02-17T04:18:04.257194Z,2026-02-17T04:48:04.257194Z,0xf8a73b66d9d9efcc4dbbd6eeb360a43099baef2ee5477fc7e23808b695ac93bd,2026-02-17
run_20260217_222909-0199,user-001,0x5df2f7fcb668468b84afede379b47030d39eb18be9e4cbc9daf6c8c03f5f1727,0xd3fc422a2a76b0cd70733785505b5770bdf3112cb34a113789bc3d4d4d411c6b,TOU,3.576,2026-02-17T04:03:15.830524Z,2026-02-17T04:33:15.830524Z,0xf8a73b66d9d9efcc4dbbd6eeb360a43099baef2ee5477fc7e23808b695ac93bd,2026-02-17
run_20260217_222909-0200,user-002,0xd6255468ac0118c77ff8498ab545769ac54f02296713b9ca02db059a3f1fcce7,0x06d4f362fbeb72205323e2556658dcc2728f7bfa388e146f06767501d201b973,TOU,7.295,2026-02-17T19:14:14.370910Z,2026-02-17T20:14:14.370910Z,0xf8a73b66d9d9efcc4dbbd6eeb360a43099baef2ee5477fc7e23808b695ac93bd,2026-02-17
run_20260217_222909-0201,user-003,0x1bd33af17c0c14f207888298ee44b6322dbe5fde247952661133efc0712983cc,0x31d0c0dda6414fdc3c99218f389e54bc0a9b57a89d122e80b083761754f16df3,TOU,7.543,2026-02-17T17:23:01.575156Z,2026-02-17T18:23:01.575156Z,0xf8a73b66d9d9efcc4dbbd6eeb360a43099baef2ee5477fc7e23808b695ac93bd,2026-02-17
run_20260217_222909-0202,user-009,0x45502e4bf6342a929b035957eeebcdda0cdb2fbc4ab31ef296493a3a08755043,0x60beb2c4b295c2009ee73417d36dedd86aeccdd12f70e40d155ea86bd5f67240,TOU,22.019,2026-02-17T04:54:25.284492Z,2026-02-17T05:54:25.284492Z,0xf8a73b66d9d9efcc4dbbd6eeb360a43099baef2ee5477fc7e23808b695ac93bd,2026-02-17
run_20260217_222909-0203,user-010,0xf8b24666dcd6a67bf721a62c13ee37cbf89e233c1465cc35de578153a889024c,0xb25b5124fe14fb2a7e71a4e06358f92d540fa9226e4d1c542b05566e7d6841fb,TOU,3.49,2026-02-16T23:59:34.063475Z,2026-02-17T00:29:34.063475Z,,
run_20260217_222909-0204,user-007,0xf6f1edc884263b0af1923cfba9708ea96b5beeac4283b15d55daece4c04bc346,0x17ef52f08b7e4b1a9a8c625c20bdecbb0c33d603780d5fffee8938e16f056002,TOU,3.416,2026-02-17T15:28:04.879574Z,2026-02-17T15:58:04.879574Z,0xf8a73b66d9d9efcc4dbbd6eeb360a43099baef2ee5477fc7e23808b695ac93bd,2026-02-17
run_20260217_222909-0205,user-010,0x53c13b101447579617920e4709450e5127a3de043837638357ad879908e11d07,0x183bd4e21d4c7a96b47bb2bbb620baffa9ee6e019179d5816aef8766b11f328a,TOU,5.375,2026-02-17T20:34:22.362108Z,2026-02-17T21:04:22.362108Z,0xf8a73b66d9d9efcc4dbbd6eeb360a43099baef2ee5477fc7e23808b695ac93bd,2026-02-17
run_20260217_222909-0206,user-010,0x8dd9ecbaedd2079fc4ebcd5a9fa3b3139c23a1ea2875e006e83dc9e8fe176c7a,0xf38ff24a2e5b4ececbe948d88948c69e445d0a21bd0961e10cf0cd5a34d26104,TOU,5.344,2026-02-17T19:08:53.477278Z,2026-02-17T19:38:53.477278Z,0xf8a73b66d9d9efcc4dbbd6eeb360a43099baef2ee5477fc7e23808b695ac93bd,2026-02-17
run_20260217_222909-0207,user-009,0x8eb5a950c66859826eb184f650d2ef72a70d2ed1506d1b2e1419d3c3f362e8d4,0xe033bfc874cf35880e5f7689311694e1665bc347df1e62b2444c6ebdd51faa14,TOU,3.445,2026-02-17T03:19:38.158086Z,2026-02-17T03:39:38.158086Z,0xf8a73b66d9d9efcc4dbbd6eeb360a43099baef2ee5477fc7e23808b695ac93bd,2026-02-17
run_20260217_222909-0208,user-003,0x7601cd1555860ce3610bd81473642e6485e775cd12a6a51225e41d18414fd83d,0xc3a950c89bef9ab4adab00839db5acb84e5b67ae5d2e72af3e2af29a0f6a49dd,TOU,21.864,2026-02-17T06:24:24.785003Z,2026-02-17T07:24:24.785003Z,0xf8a73b66d9d9efcc4dbbd6eeb360a43099baef2ee5477fc7e23808b695ac93bd,2026-02-17
run_20260217_222909-0209,user-001,0xa3ba2558a295a8252994643b7e9c18e2f5c65d4841816405faa5c79dc7cfd847,0x70dbdf9a907f9496f57df7e6cf414e86be61c6a61340f70a11fc5fb7428c23cd,TOU,13.853,2026-02-17T01:12:44.707795Z,2026-02-17T02:27:44.707795Z,0xf8a73b66d9d9efcc4dbbd6eeb360a43099baef2ee5477fc7e23808b695ac93bd,2026-02-17
run_20260217_222909-0210,user-002,0x03c34441c125a781543385648e854cb9188bbf51f547a3fb9be12ca8563b4c0a,0x059c7806c2ffdcf4428e4efcec31a171505ed7b29e050b6b7018e17a954e89a7,TOU,7.306,2026-02-17T04:15:48.420011Z,2026-02-17T04:55:48.420011Z,0xf8a73b66d9d9efcc4dbbd6eeb360a43099baef2ee5477fc7e23808b695ac93bd,2026-02-17
run_20260217_222909-0211,user-007,0x0a5ca10be4db4461252dfd0a9f69db6a7d60fe7b8b20749cf785333b776abba6,0x73600487295db19ac8851bc9fe896e325d6d43004a66462cfe9a44a4e8ceb2c9,TOU,10.734,2026-02-17T12:08:57.715764Z,2026-02-17T13:08:57.715764Z,0xf8a73b66d9d9efcc4dbbd6eeb360a43099baef2ee5477fc7e23808b695ac93bd,2026-02-17
run_20260217_222909-0212,user-007,0x97a62f441a73c6cbc4ac2155af93517a22318bae318f434105020d5df6ba1f05,0x9cbb30cd9ebb3c9b686163a6e4519e37bd5dbad3fd38d422f4a5e960c755f48e,TOU,7.799,2026-02-17T20:07:17.851640Z,2026-02-17T20:27:17.851640Z,0xf8a73b66d9d9efcc4dbbd6eeb360a43099baef2ee5477fc7e23808b695ac93bd,2026-02-17
run_20260217_222909-0213,user-007,0x1efcb29089cdc56046ae87075c48361fd27b1fd5339bea8588c9d552920e2f09,0xb8b51e6ef2c647ce1b3d23b92fd10ab37e08d2604406853e2055df04d0840e52,TOU,11.556,2026-02-17T01:21:52.988900Z,2026-02-17T01:51:52.988900Z,0xf8a73b66d9d9efcc4dbbd6eeb360a43099baef2ee5477fc7e23808b695ac93bd,2026-02-17
run_20260217_222909-0214,user-009,0x08e581a46fdeec5f9258739f46e1ec070e911d25ebb7722eaa510ce4f368beda,0xd8b49deeba70f722234c61b3dec614c77500f4fecc64d8b8cd972c379d92b754,TOU,7.216,2026-02-17T17:37:01.123928Z,2026-02-17T18:17:01.123928Z,0xf8a73b66d9d9efcc4dbbd6eeb360a43099baef2ee5477fc7e23808b695ac93bd,2026-02-17
run_20260217_222909-0215,user-008,0x28af40e35317db5544954d8f7f261dda5d6ec8366c08909885d3fa8741922fc3,0xd8adda94d50d30e7760a6f85c7117299768d3bc67b2d1dfc634505a01b88876e,TOU,2.625,2026-02-17T19:11:28.097214Z,2026-02-17T19:31:28.097214Z,0xf8a73b66d9d9efcc4dbbd6eeb360a43099baef2ee5477fc7e23808b695ac93bd,2026-02-17
run_20260217_222909-0216,user-008,0xa7c89e1d20916f6e665b7c5981652e6340feb267e19682a6b01a0ad831b0903f,0xdd46c910d5a0b50fd099f206ad4f34c92b6ab1899c68356a0d7d90e57c8ef151,TOU,4.716,2026-02-17T12:14:42.035433Z,2026-02-17T12:54:42.035433Z,0xf8a73b66d9d9efcc4dbbd6eeb360a43099baef2ee5477fc7e23808b695ac93bd,2026-02-17
run_20260217_222909-0217,user-003,0xd6fc7235bcd43b18d0311bea988facfcfab1420fa3e4ceb7448a563fd719f77f,0xd5d54ff39045a0c763471bc62f61ea00d23a3bf52e18fcd594dfa5a6a26b1dcf,TOU,2.217,2026-02-17T05:55:46.883721Z,2026-02-17T06:15:46.883721Z,0xf8a73b66d9d9efcc4dbbd6eeb360a43099baef2ee5477fc7e23808b695ac93bd,2026-02-17
run_20260217_222909-0218,user-007,0xb526a77d7f8b3eb2ad6f12beac485a5f2e4e64b364a2b0363fa0f36bb92e0edd,0x05f786d270187f6cc4e0bd03023fba905dc6ff7f49ddd84be9245249ec14fc67,TOU,20.375,2026-02-17T04:20:29.789436Z,2026-02-17T05:20:29.789436Z,0xf8a73b66d9d9efcc4dbbd6eeb360a43099baef2ee5477fc7e23808b695ac93bd,2026-02-17
run_20260217_222909-0219,user-008,0xb5385b391b627fb0644c0be2f5060ac3859601618de7d34e70d554e1099168bb,0x0fc9d77fb6b2f8b32a4380893d30af49be4b7c6d9a25a507b2caf542fa9ffc4b,TOU,3.398,2026-02-17T19:50:03.256750Z,2026-02-17T20:20:03.256750Z,0xf8a73b66d9d9efcc4dbbd6eeb360a43099baef2ee5477fc7e23808b695ac93bd,2026-02-17
run_20260217_222909-0220,user-010,0xf6d25622a57716e698a4972feba7cbb382564df70542d8100a3c6b23b5fca13c,0x2ef052e415ea77fc4546b81c3b065bddf083fb47691641466f32f01b8acffc6e,TOU,2.414,2026-02-17T17:47:38.618497Z,2026-02-17T18:07:38.618497Z,0xf8a73b66d9d9efcc4dbbd6eeb360a43099baef2ee5477fc7e23808b695ac93bd,2026-02-17
run_20260217_222909-0221,user-001,0xdf0c826212ac8e258d1216ca067291772efb43a126decf300e5b090d9bdc8d3f,0x841e3919e0cff1e905209e06b09772d9315b689c74ba9ba13f47ba3be0287975,TOU,27.01,2026-02-17T05:06:22.024805Z,2026-02-17T06:21:22.024805Z,0xf8a73b66d9d9efcc4dbbd6eeb360a43099baef2ee5477fc7e23808b695ac93bd,2026-02-17
run_20260217_222909-0222,user-003,0x2da57b58fa63d906b3f3a552e38e4895746eaa9f6f92fabe1ff6f2d397e05d36,0x265f9e486d44187c54a51764124f8bb0ef119da0222af5233489f3e95f5e9a2b,TOU,11.145,2026-02-17T17:22:24.218128Z,2026-02-17T17:52:24.218128Z,0xf8a73b66d9d9efcc4dbbd6eeb360a43099baef2ee5477fc7e23808b695ac93bd,2026-02-17
run_20260217_222909-0223,user-005,0x7f1a87d7b6246caa09c906eb30f310b7c345e38c37da6ecf3dfb954883bf2c02,0x2dbc6ecda12c2709a92b945d20f61f208758b0c627ce32bd4ae7d95c2a2f8a73,TOU,3.666,2026-02-17T02:27:16.490310Z,2026-02-17T02:47:16.490310Z,0xf8a73b66d9d9efcc4dbbd6eeb360a43099baef2ee5477fc7e23808b695ac93bd,2026-02-17
run_20260217_222909-0224,user-004,0x79f0aba58ce30cd6b739a8dba2a6f3103c6a3bc952a06df25fb678895a777aa4,0xca1c58d69e83345606982e5e713230fc299d93a8a344c6a25316a7ca88f08c1e,TOU,11.083,2026-02-17T20:45:29.090988Z,2026-02-17T21:45:29.090988Z,0xf8a73b66d9d9efcc4dbbd6eeb360a43099baef2ee5477fc7e23808b695ac93bd,2026-02-17
run_20260217_222909-0225,user-007,0x7eef618e74965a9a346717c0f6a2b1bed04ee621dc10d68c954731b724ae1187,0x9050db05ece3237ea532815e062a7bbab9474d2d49e2041f488883ae6dc995ee,TOU,27.894,2026-02-17T20:43:39.855464Z,2026-02-17T21:58:39.855464Z,0xf8a73b66d9d9efcc4dbbd6eeb360a43099baef2ee5477fc7e23808b695ac93bd,2026-02-17
run_20260217_222909-0226,user-008,0x419aaabd4b1e7b050f9b8d4d89319b22b40151eb0d253bdaec4f740155e267b8,0x6df0b82e4954f7720a282db670c4211333ed119aa2fd4c16179a87950e400e44,TOU,21.872,2026-02-17T19:43:16.768824Z,2026-02-17T20:43:16.768824Z,0xf8a73b66d9d9efcc4dbbd6eeb360a43099baef2ee5477fc7e23808b695ac93bd,2026-02-17
run_20260217_222909-0227,user-005,0xf7d78438f30ef9c3917be4422894dbe49eebf4ef1ff008c91ac578d41cd5066c,0xdd54e2334990148d4e8ca9593273e0fbd53d284ae593c612365b09136a98a847,TOU,8.75,2026-02-17T08:20:42.854441Z,2026-02-17T09:35:42.854441Z,0xf8a73b66d9d9efcc4dbbd6eeb360a43099baef2ee5477fc7e23808b695ac93bd,2026-02-17
run_20260217_222909-0228,user-009,0x5448eab9e1707e7c6061167034b7e355cfa0954fda5b5a0c67f1c42e4d1ea24e,0x91f51c9d99ab34c3ad0d43c6928eb6300027a3753f90e763d1aebd7aa2dc0212,TOU,21.798,2026-02-17T04:11:59.545025Z,2026-02-17T05:11:59.545025Z,0xf8a73b66d9d9efcc4dbbd6eeb360a43099baef2ee5477fc7e23808b695ac93bd,2026-02-17
run_20260217_222909-0229,user-005,0xf1f6e9e5d7388f0bad4b0e905ad8be3b2982efd757150b52dd1e55872e198093,0xa83dc89384ed66dbe8d47d88dfb244fbb355f3cd8206435e83ff6b5210bc77c5,TOU,8.875,2026-02-17T19:27:45.688981Z,2026-02-17T20:42:45.688981Z,0xf8a73b66d9d9efcc4dbbd6eeb360a43099baef2ee5477fc7e23808b695ac93bd,2026-02-17
run_20260217_222909-0230,user-006,0x88b5bd21261cc9a63d7814945684711bf7274ce29877781d75f53fe7f97af474,0xc41f140118b493d72f0cd56a96f555a98df76b6db7ae1f72dc260477d3238448,TOU,10.323,2026-02-17T06:32:46.090663Z,2026-02-17T07:02:46.090663Z,0xf8a73b66d9d9efcc4dbbd6eeb360a43099baef2ee5477fc7e23808b695ac93bd,2026-02-17
run_20260217_222909-0231,user-003,0x96e912e2f9b5d1f2462d3a52fdb7d2c62702ee9a87e375af2de37188eca270a9,0x426d5e46e8e3bb85aba40efb7e7e788f54bb36bea51ce8ba5465e9592569909f,TOU,7.037,2026-02-17T16:55:57.057833Z,2026-02-17T17:55:57.057833Z,0xf8a73b66d9d9efcc4dbbd6eeb360a43099baef2ee5477fc7e23808b695ac93bd,2026-02-17
run_20260217_222909-0232,user-005,0x30681a1671e3e4532a427699ed7dceb24d2977ddc4012e3afde8788c1c5c7e50,0x53e54d662bc643e9538b000d4afebecf10bd6463a3f070f5a85ddc34491e4897,TOU,3.659,2026-02-17T12:51:11.081725Z,2026-02-17T13:11:11.081725Z,0xf8a73b66d9d9efcc4dbbd6eeb360a43099baef2ee5477fc7e23808b695ac93bd,2026-02-17
run_20260217_222909-0233,user-009,0xc9b070fe0e3fe6f109b51b4b962a7de445d07f6db4a7a3713eaffbf818331c3f,0xddb45ad5cfbded23f7d661d0b26fc12c314b92b72637dfd59ca9d433165bb9d2,TOU,21.237,2026-02-17T21:06:27.903027Z,2026-02-17T22:06:27.903027Z,0xf8a73b66d9d9efcc4dbbd6eeb360a43099baef2ee5477fc7e23808b695ac93bd,2026-02-17
run_20260217_222909-0234,user-003,0x09dcdaa086af14452772153ffc16ca1ca29cf4b56f2b40d2029825ec41e01356,0x699affb8558e970c1e865763953b47b8e70f14d5d37c8c8bd847aea92c2a59b6,TOU,2.307,2026-02-17T16:27:41.024200Z,2026-02-17T16:47:41.024200Z,0xf8a73b66d9d9efcc4dbbd6eeb360a43099baef2ee5477fc7e23808b695ac93bd,2026-02-17
run_20260217_222909-0235,user-002,0x8c8ae9121662410e0e9a571dd21b90a7c53e83101834dbbfa674dab25b1bc497,0xcac198f593a36fdd46eddac833270bb8d8679001b13728cc3f0e21574c85251a,TOU,21.591,2026-02-17T20:52:39.325266Z,2026-02-17T21:52:39.325266Z,0xf8a73b66d9d9efcc4dbbd6eeb360a43099baef2ee5477fc7e23808b695ac93bd,2026-02-17
run_20260217_222909-0236,user-006,0x238c83387ea1a3fc1b3bc64f715604a846d161b029eade3b4e65b46b6d86b69b,0xcbd4c56db504d753a494f31c9074ee2eac093bf65fa9309e4bd57f09f09d97c7,TOU,3.624,2026-02-17T16:29:35.228694Z,2026-02-17T16:49:35.228694Z,0xf8a73b66d9d9efcc4dbbd6eeb360a43099baef2ee5477fc7e23808b695ac93bd,2026-02-17
run_20260217_222909-0237,user-009,0xdac34d28860ff20fddb6b8e0ce7c48c9bab3a12e9933aba1973346284250dba3,0x9d3fb471caa3dc7bfbc3b802859fe105d3ce9c4bf7f4442915a35405960253d7,TOU,7.561,2026-02-17T09:40:13.639032Z,2026-02-17T10:20:13.639032Z,0xf8a73b66d9d9efcc4dbbd6eeb360a43099baef2ee5477fc7e23808b695ac93bd,2026-02-17
run_20260217_222909-0238,user-004,0xe11d324a1df23a7ba0bee45e83c820ac9a2b1266b2892403cea468f32c226684,0x074a24b308eb53e63c3ee4c7c88650d32eb81f9713c2282b0353a6af8d79a9db,TOU,3.567,2026-02-17T06:31:52.613249Z,2026-02-17T07:01:52.613249Z,0xf8a73b66d9d9efcc4dbbd6eeb360a43099baef2ee5477fc7e23808b695ac93bd,2026-02-17
run_20260217_222909-0239,user-009,0xe0e57f5200431fc70b99ae9ad3b44fbc47c21cb3a362d57f916fa57d09ce68de,0xcfb2350511d9452dc1c48ef131518fad38bbaa5aa8d8ecd8f7cbb3c2f74d7ec5,TOU,8.801,2026-02-17T09:01:41.155240Z,2026-02-17T10:16:41.155240Z,0xf8a73b66d9d9efcc4dbbd6eeb360a43099baef2ee5477fc7e23808b695ac93bd,2026-02-17
run_20260217_222909-0240,user-002,0xe57ed2ec0da438a2d3e80a23063ebe3acb666563e5ff79e1652a5b96e540555b,0x6aa2cb32352351fdaf914ede40441270b1e2562e6f7e273e909bd92b525c0b2e,TOU,8.771,2026-02-17T11:42:19.074449Z,2026-02-17T12:57:19.074449Z,0xf8a73b66d9d9efcc4dbbd6eeb360a43099baef2ee5477fc7e23808b695ac93bd,2026-02-17
run_20260217_222909-0241,user-002,0x9e3adb59db2ad7532fcf2ff709c02c2f46d41630d39c87e718bf3929550c1478,0x7403e6cf76738160140a80f8a89d17ff0dbd3b7cb703bba540373ee21a1e58fb,TOU,26.635,2026-02-17T02:13:05.564175Z,2026-02-17T03:28:05.564175Z,0xf8a73b66d9d9efcc4dbbd6eeb360a43099baef2ee5477fc7e23808b695ac93bd,2026-02-17
run_20260217_222909-0242,user-002,0xee2bbf7019d8f1aa8fbcebd06137860e78db6685f2adfc4c6489af31f7f54042,0xae8d904caf6f45e7c0d381db2dc5d9af4d4e8f55a4c0d3de4a5c2d81be4808e3,TOU,2.478,2026-02-17T03:33:12.354181Z,2026-02-17T03:53:12.354181Z,0xf8a73b66d9d9efcc4dbbd6eeb360a43099baef2ee5477fc7e23808b695ac93bd,2026-02-17
run_20260217_222909-0243,user-005,0xdd6d0523219930a911a423b091655f7b649e7220b16b0ff72e29a6213eb96175,0x2fb0ed1188e976ece011535b2d692677ca17e66249f0433bdcf76b6904090d37,TOU,3.521,2026-02-17T02:53:59.713569Z,2026-02-17T03:13:59.713569Z,0xf8a73b66d9d9efcc4dbbd6eeb360a43099baef2ee5477fc7e23808b695ac93bd,2026-02-17
run_20260217_222909-0244,user-008,0x0870516a40c0605e66de320ed4653f363feef1f6077c6fdfa193242a24f9a477,0x3a665c0319f2707ec91ef0bcff44d0ede245948f126acab3fba9eabb282a795b,TOU,4.033,2026-02-17T04:47:08.718024Z,2026-02-17T05:17:08.718024Z,0xf8a73b66d9d9efcc4dbbd6eeb360a43099baef2ee5477fc7e23808b695ac93bd,2026-02-17
run_20260217_222909-0245,user-008,0xee426f762c58414a6df8237f994fd1c6ea7d8138a6e2890d3b8d346884608c82,0x9e63cd26e8dac4b7aca3a73fb03699255fe904e1f2706d6b3e064903873e4f64,TOU,10.683,2026-02-17T19:37:59.087570Z,2026-02-17T20:37:59.087570Z,0xf8a73b66d9d9efcc4dbbd6eeb360a43099baef2ee5477fc7e23808b695ac93bd,2026-02-17
run_20260217_222909-0246,user-010,0x3738368e99e1914b8c727c43317462c807bffabc2bda0f7c35586bdd14619a09,0x7d950dede966c64363e43e6e99cc54e3ffc84437a2ce2b74073ba98d9cf969df,TOU,10.371,2026-02-17T06:36:45.965861Z,2026-02-17T07:06:45.965861Z,0xf8a73b66d9d9efcc4dbbd6eeb360a43099baef2ee5477fc7e23808b695ac93bd,2026-02-17
run_20260217_222909-0247,user-007,0xba889dec23d0af4a18a876a30c4ac64e20786e4211e01c05da30ed60781551de,0x4bdc8c8393aee649f532c9e50fd0b719197c41cdad226b2ea3c6f6482305faeb,TOU,29.078,2026-02-17T20:24:56.255325Z,2026-02-17T21:39:56.255325Z,0xf8a73b66d9d9efcc4dbbd6eeb360a43099baef2ee5477fc7e23808b695ac93bd,2026-02-17
run_20260217_222909-0248,user-008,0x5e057a0d2ac0ca600bb9949b1fa13a81ac3b5b3803d3082787c6eb9d4b0acd07,0x1fc215c11c96055a5bc3d8fbc87d6445d45e3d3f8ecee57c10ca19f045da068c,TOU,7.134,2026-02-17T04:45:11.024740Z,2026-02-17T05:45:11.024740Z,0xf8a73b66d9d9efcc4dbbd6eeb360a43099baef2ee5477fc7e23808b695ac93bd,2026-02-17
run_20260217_222909-0249,user-009,0xdc56f7c9df501d8e1fb05487fa533c1d12f5948009f65fdfa8ed297c9b7cf20d,0x396c9adf8fa7bcd926e752a75d0ad11ea77d981f5c3497ed7a13176480d4b8f6,TOU,10.73,2026-02-17T19:01:08.052099Z,2026-02-17T20:01:08.052099Z,0xf8a73b66d9d9efcc4dbbd6eeb360a43099baef2ee5477fc7e23808b695ac93bd,2026-02-17
run_20260217_222909-0250,user-005,0xe00bec3eda253bf0c37fa17fe0a0e71451ada5b4022f5bb1f38c51885b16238d,0xaa2361e2980c1bf1d90686777cfaef75505c18507602bdff6e8e9bfa03065181,TOU,14.813,2026-02-17T10:50:19.533742Z,2026-02-17T11:30:19.533742Z,0xf8a73b66d9d9efcc4dbbd6eeb360a43099baef2ee5477fc7e23808b695ac93bd,2026-02-17
run_20260217_222909-0251,user-007,0xd4cc45ee9967dbf71a75bea9f54256d5d762d99badcfb94692cfbea3e2ef4299,0xc9cfa3ef7315046b2c6d4a4070ff41e35aec036a7c81b6aa97777900aaabae82,TOU,11.297,2026-02-17T18:48:33.066823Z,2026-02-17T19:18:33.066823Z,0xf8a73b66d9d9efcc4dbbd6eeb360a43099baef2ee5477fc7e23808b695ac93bd,2026-02-17
run_20260217_222909-0252,user-010,0xcf5c530995959ab6fbfa5caeb4900da091ba2f83bc1ba1594ee5db019426eccc,0x62c3798bc8d1c5a1205d077a270dc7033a8cb5ba2734baefd5fd3256d8ec3243,TOU,5.244,2026-02-17T01:02:05.156212Z,2026-02-17T01:32:05.156212Z,0xf8a73b66d9d9efcc4dbbd6eeb360a43099baef2ee5477fc7e23808b695ac93bd,2026-02-17
run_20260217_222909-0253,user-003,0x9c1641b6acd477aa07065b5a62fd0e23989e4364b84153ba08a42bf36f9e3f2c,0xd1989914440777dd092627abd34dce4db1a8f29e247b09eb0f29ecc25ab41151,TOU,10.784,2026-02-17T07:22:46.949629Z,2026-02-17T07:52:46.949629Z,0xf8a73b66d9d9efcc4dbbd6eeb360a43099baef2ee5477fc7e23808b695ac93bd,2026-02-17
run_20260217_222909-0254,user-004,0x47fcccec62e2542d03233bd157f50d2444b6c4ac20877a15ae355b9d97961e4c,0x5a198c95c0f6ac283e5cab3860c77029f40c3ed7ba46a737188e588343b9fed3,TOU,6.947,2026-02-17T17:25:01.315972Z,2026-02-17T18:05:01.315972Z,0xf8a73b66d9d9efcc4dbbd6eeb360a43099baef2ee5477fc7e23808b695ac93bd,2026-02-17
run_20260217_222909-0255,user-009,0xfbea1db4edf93a785f2b9d668b292c27c18f628f5b76752c8d2c02c4d1934a76,0x8320d5e15ba1adec53fca2f142a4fa84d97c1d96dcf1e17f55d9f41ee23a2aac,TOU,3.629,2026-02-17T08:48:04.804219Z,2026-02-17T09:18:04.804219Z,0xf8a73b66d9d9efcc4dbbd6eeb360a43099baef2ee5477fc7e23808b695ac93bd,2026-02-17
run_20260217_222909-0256,user-006,0x9e0f25f0025be9cfaf79e1260d051017007166c81c6a2781e5199a73a4f2290b,0xc5bc89a5c7bd099fc7e0ece8f0c63cd5002f53438d625fccdc86f1450bdf4592,TOU,14.11,2026-02-17T06:56:05.524375Z,2026-02-17T07:36:05.524375Z,0xf8a73b66d9d9efcc4dbbd6eeb360a43099baef2ee5477fc7e23808b695ac93bd,2026-02-17
run_20260217_222909-0257,user-001,0xbd8ef327618c0b1855481c932aeb07ac0fc1d88d055ef78049c2e46663745b38,0x32da55b5443672f46d2a687e66b0c5f8d1553a5b4fb3dc553f93ee8e3ba8c8df,TOU,7.123,2026-02-17T14:50:32.804911Z,2026-02-17T15:10:32.804911Z,0xf8a73b66d9d9efcc4dbbd6eeb360a43099baef2ee5477fc7e23808b695ac93bd,2026-02-17
run_20260217_222909-0258,user-001,0x66ff2764501878839475c5b58bfbef328aa5aaea71c736ddeacf8dfbdcb2b6be,0xfd38225e58925c8565775ce532fbfb0cdf0c04bc5e20359c28adba8836d360e9,TOU,4.755,2026-02-17T07:24:32.604929Z,2026-02-17T08:04:32.604929Z,0xf8a73b66d9d9efcc4dbbd6eeb360a43099baef2ee5477fc7e23808b695ac93bd,2026-02-17
run_20260217_222909-0259,user-009,0x861a10b58feb14bfabadd9b9764d323d5d6ad1b230d205e93c32cfa72b695eb8,0x3edfd19a32228756e836585f6cda5990e6fbd048e2a25187a717eaff70072606,TOU,14.137,2026-02-17T05:09:35.860264Z,2026-02-17T05:49:35.860264Z,0xf8a73b66d9d9efcc4dbbd6eeb360a43099baef2ee5477fc7e23808b695ac93bd,2026-02-17
run_20260217_222909-0260,user-008,0xa07a677680d8ada27a5305279a876ad8b772787ccfaf43ccfc45d22ad181eb24,0x8634063990058033bd6757c52f1ede1fa018de687b8da7d109f9e818f9844bec,TOU,13.889,2026-02-17T04:03:49.427159Z,2026-02-17T04:43:49.427159Z,0xf8a73b66d9d9efcc4dbbd6eeb360a43099baef2ee5477fc7e23808b695ac93bd,2026-02-17
run_20260217_222909-0261,user-002,0x9dc406d4a0978a98bf24712b899a26b9edf7d16825787c54ea09eaf6b3f725a8,0xb9c9ab0f04659041f5421916105f94e3addd7afc58e4eb3210d551f99a853e58,TOU,11.048,2026-02-17T14:55:50.073183Z,2026-02-17T15:55:50.073183Z,0xf8a73b66d9d9efcc4dbbd6eeb360a43099baef2ee5477fc7e23808b695ac93bd,2026-02-17
run_20260217_222909-0262,user-010,0x354dbb83892442735b67f594d4aaec21924e0251eee41ae8d3657beec237c6aa,0x2242979c0f31024fb41ff50088431c5884062d722055ee281c944641cb6d68c2,TOU,7.488,2026-02-17T10:46:46.160472Z,2026-02-17T11:06:46.160472Z,0xf8a73b66d9d9efcc4dbbd6eeb360a43099baef2ee5477fc7e23808b695ac93bd,2026-02-17
run_20260217_222909-0263,user-009,0xde9f1c808ddb62cd6c5d45d62dee2d3c78fe0cf23555b70eb6f7fb74009a566d,0xf2d0e94af7ed08bc4b1a71302acdbb971ddff9db41fbd60875f32f479655fb55,TOU,3.773,2026-02-17T11:05:40.093701Z,2026-02-17T11:25:40.093701Z,0xf8a73b66d9d9efcc4dbbd6eeb360a43099baef2ee5477fc7e23808b695ac93bd,2026-02-17
run_20260217_222909-0264,user-010,0x6f45306266722267ead60d763c0c6b828c0d72ebe8b5ba9c45c993b2f04243e1,0x234eefcb459886896f3166585f353c938bac497566c02d691132ecb5906f95e5,TOU,27.791,2026-02-17T11:15:04.895420Z,2026-02-17T12:30:04.895420Z,0xf8a73b66d9d9efcc4dbbd6eeb360a43099baef2ee5477fc7e23808b695ac93bd,2026-02-17
run_20260217_222909-0265,user-009,0xa233a1901cc9c082509acbffec76672aa7a23ed2e8bb23b6dc7cf5b224166a48,0x275e60bf359b1a0f4845d2a2d20640d67241716a9fc860c5c3696f0e713bfcf0,TOU,3.367,2026-02-17T13:17:23.884050Z,2026-02-17T13:37:23.884050Z,0xf8a73b66d9d9efcc4dbbd6eeb360a43099baef2ee5477fc7e23808b695ac93bd,2026-02-17
run_20260217_222909-0266,user-009,0xa1708d0a316359392954d2ffcb60e1f0370bf91896e8279639b4546c94bfcb75,0xae0f36bf8f59eb4a4aa9b0860ede7b2cb78d6e4a7445d86d55da1a8c368edb5e,TOU,2.289,2026-02-17T11:11:11.016965Z,2026-02-17T11:31:11.016965Z,0xf8a73b66d9d9efcc4dbbd6eeb360a43099baef2ee5477fc7e23808b695ac93bd,2026-02-17
run_20260217_222909-0267,user-007,0xb47c99c886c7b57594339fb4e3e0159dbd20441bb134af5ea1900be278afea40,0xb6b8122793a985cac5fc3518223a56f620264d87f36af5a3e360cfb9aa87dd66,TOU,7.126,2026-02-17T08:27:57.115835Z,2026-02-17T08:47:57.115835Z,0xf8a73b66d9d9efcc4dbbd6eeb360a43099baef2ee5477fc7e23808b695ac93bd,2026-02-17
run_20260217_222909-0268,user-005,0x74f53462177c074fe9e2fd8582b32e68ba4c7676d8e5319e083c5262e90d93e7,0xca8eef547e71d373c9a45eead2b4cf20bc41aec4dd3c15503c13b460cbc2712a,TOU,8.945,2026-02-17T10:35:21.524661Z,2026-02-17T11:50:21.524661Z,0xf8a73b66d9d9efcc4dbbd6eeb360a43099baef2ee5477fc7e23808b695ac93bd,2026-02-17
run_20260217_222909-0269,user-005,0xbf84de4a963ab4cdaf3e5e7846b1b3566b937ecbb2e4d64e217fadf07396ff10,0xde2c774c7a508e5cb766805e61a6ade6aca70e25c85f2034044364a5a373ad06,TOU,7.445,2026-02-17T09:25:32.711321Z,2026-02-17T10:05:32.711321Z,0xf8a73b66d9d9efcc4dbbd6eeb360a43099baef2ee5477fc7e23808b695ac93bd,2026-02-17
run_20260217_222909-0270,user-003,0x2e6116711229933e056bfa7d961b40edc4499b8546088d3322a32b958ad2c084,0xcbc8c724a13dc5b5795b3b32a47c57f1b31504e29dedff46f67cb7529f6ce28b,TOU,4.639,2026-02-17T16:49:47.918122Z,2026-02-17T17:29:47.918122Z,0xf8a73b66d9d9efcc4dbbd6eeb360a43099baef2ee5477fc7e23808b695ac93bd,2026-02-17
run_20260217_222909-0271,user-006,0x6d88cbe0ee158f604157f663d556ea597eaed062de3a4d813e19d76281933056,0xa750054cafc27b81c414f694a85fc4b55e6db868eabb952ea1201c7cdf6a5b23,TOU,9.299,2026-02-17T18:54:05.928132Z,2026-02-17T20:09:05.928132Z,0xf8a73b66d9d9efcc4dbbd6eeb360a43099baef2ee5477fc7e23808b695ac93bd,2026-02-17
run_20260217_222909-0272,user-006,0x1558a76e52e435cfa3f8006b7c61ca25431735ec71d05519eb2b24d40830223b,0x0432c1305805f6b5fc12b65210a8c310d66506e954f5103f53ee618482368d6b,TOU,3.72,2026-02-17T20:54:22.211334Z,2026-02-17T21:24:22.211334Z,0xf8a73b66d9d9efcc4dbbd6eeb360a43099baef2ee5477fc7e23808b695ac93bd,2026-02-17
run_20260217_222909-0273,user-010,0x313883e1d84ea1a1ad785e69e7f02907219d873bedbb0b0de1a813a4eb253e92,0x5397c695a2cefcd5a7c2472f04344647d57896eeb899d963901c0aa5ed5e5d9a,TOU,7.26,2026-02-17T10:22:43.132447Z,2026-02-17T11:02:43.132447Z,0xf8a73b66d9d9efcc4dbbd6eeb360a43099baef2ee5477fc7e23808b695ac93bd,2026-02-17
run_20260217_222909-0274,user-008,0x9882c060c991e1344225f114ab72d2f01b5bf7741449ea1080d2da15fa6c5c35,0xc8f7609fc70beef5ef572a065eafd868bfb1f3677a877deb957068e8c848ccb0,TOU,7.044,2026-02-17T13:17:41.071084Z,2026-02-17T13:57:41.071084Z,0xf8a73b66d9d9efcc4dbbd6eeb360a43099baef2ee5477fc7e23808b695ac93bd,2026-02-17
run_20260217_222909-0275,user-002,0x7a5db07f8ce76a15271e0465726f36601cb6f21b5bd78947616a2bf58f96e8a3,0x561a68690d11d6b56c517d1700a63fc67e696f4c601bb86a2d11b64281b8c330,TOU,26.424,2026-02-17T02:34:22.112048Z,2026-02-17T03:49:22.112048Z,0xf8a73b66d9d9efcc4dbbd6eeb360a43099baef2ee5477fc7e23808b695ac93bd,2026-02-17
run_20260217_222909-0276,user-009,0x6477f86a7d6fdc853e5dcb785e9305932d1eddc2af442b36f325e4beb7e2cec1,0x92bbef2319632569f2ca9a80e208032a2ba8b0e3d914983692bdc02530421a5e,TOU,10.603,2026-02-17T11:44:00.403775Z,2026-02-17T12:44:00.403775Z,0xf8a73b66d9d9efcc4dbbd6eeb360a43099baef2ee5477fc7e23808b695ac93bd,2026-02-17
run_20260217_222909-0277,user-006,0x3b0cb3bd254d84b71249f31a73c0a6866aad356c0a1b7bf98d95f213a9c63099,0xb15234cfaea0075f6813d44829e8ac9df08bcadf7dd0e12841793268645921c2,TOU,7.541,2026-02-17T23:00:47.727029Z,2026-02-18T00:00:47.727029Z,0xf8a73b66d9d9efcc4dbbd6eeb360a43099baef2ee5477fc7e23808b695ac93bd,2026-02-17
run_20260217_222909-0278,user-005,0x3688a6ff9e9a0c68e0a9659c932a75e5d5bab2cf8ba89598ba2cd1262100a96a,0x131b08f8f00f2b21402cdda1d4d5053f53439e276428afa3b76b8d7c7dc6baf5,TOU,13.603,2026-02-17T03:56:47.036199Z,2026-02-17T04:36:47.036199Z,0xf8a73b66d9d9efcc4dbbd6eeb360a43099baef2ee5477fc7e23808b695ac93bd,2026-02-17
run_20260217_222909-0279,user-006,0x1137adaa8ea8670aafb11c0bd9a480b0a224b74d2a5351f22c1e7913259ac9a7,0xfb410c6f877b2d42c38babad1b908f5446018392ef93917296e766e87cf6be6d,TOU,7.279,2026-02-17T04:22:10.743484Z,2026-02-17T05:02:10.743484Z,0xf8a73b66d9d9efcc4dbbd6eeb360a43099baef2ee5477fc7e23808b695ac93bd,2026-02-17
run_20260217_222909-0280,user-006,0x325641cd8315c9e0a7e71f6fe470ad14f4021165e60b9ef4fd2aa58f98ae5b9e,0x77dd3c3ddbac03e71a10c2feaf1c7f53668b7bfa7c68f63418dbc8811a9b320a,TOU,7.461,2026-02-17T09:32:05.448113Z,2026-02-17T09:52:05.448113Z,0xf8a73b66d9d9efcc4dbbd6eeb360a43099baef2ee5477fc7e23808b695ac93bd,2026-02-17
run_20260217_222909-0281,user-010,0xcdf749f1034aa9e2cffe5569e39bfd5125c00dbc5854d88989d6a9536e8b212e,0x58e824adcbf7afaecff575d2a0d5506f273b6b8d9030b05b375a9070ec6a5b2c,TOU,7.09,2026-02-17T20:06:48.323148Z,2026-02-17T21:06:48.323148Z,0xf8a73b66d9d9efcc4dbbd6eeb360a43099baef2ee5477fc7e23808b695ac93bd,2026-02-17
run_20260217_222909-0282,user-005,0x9bc537791b098383a7d1458048be9d09f00072f968f190b4afd7d49a100b1010,0x8c1173d96bea2db70af90ee7eb53d02abcfe3e6462c9bd100f940de2653aef92,TOU,5.282,2026-02-17T01:14:57.265751Z,2026-02-17T01:44:57.265751Z,0xf8a73b66d9d9efcc4dbbd6eeb360a43099baef2ee5477fc7e23808b695ac93bd,2026-02-17
run_20260217_222909-0283,user-003,0x4259b5c18b6f1735b4deb951e5cc6cabcc2e18de542c12c9264a3511147d98b5,0x59bfc9717f0995f898d585c1ea843088a7fc4b6b21623989f592faf0a7cb08a0,TOU,13.701,2026-02-17T09:01:34.505758Z,2026-02-17T10:16:34.505758Z,0xf8a73b66d9d9efcc4dbbd6eeb360a43099baef2ee5477fc7e23808b695ac93bd,2026-02-17
run_20260217_222909-0284,user-002,0x14426cb86d5ec40973ad74b112e0e50bd0ec3197173f515f6d6e0ecd329af916,0xff081c82d9c160550af1ecc7ad92dddde1cc7d0d0f78b981cc40ef83e8c2900c,TOU,10.821,2026-02-17T21:44:48.386955Z,2026-02-17T22:14:48.386955Z,0xf8a73b66d9d9efcc4dbbd6eeb360a43099baef2ee5477fc7e23808b695ac93bd,2026-02-17
run_20260217_222909-0285,user-007,0xdcaa6963c640fdd0ff42fff962a6e07e52c0e5b8adfd32d7134af191de0c493e,0x0f09cfd2fe28fb6a3cd37e98632caae5df2d99600242bff82e4a7bcd53f870da,TOU,11.066,2026-02-17T18:28:32.387449Z,2026-02-17T19:28:32.387449Z,0xf8a73b66d9d9efcc4dbbd6eeb360a43099baef2ee5477fc7e23808b695ac93bd,2026-02-17
run_20260217_222909-0286,user-001,0x674d9489e78c0085ad82a2f08c92f5eb25454905e398c030e690a1e3429135a1,0x791a50bcf654f807ba194f7bd221633c999e357d24edb4a61440dde2fcbf17b1,TOU,7.419,2026-02-17T10:06:41.910603Z,2026-02-17T10:26:41.910603Z,0xf8a73b66d9d9efcc4dbbd6eeb360a43099baef2ee5477fc7e23808b695ac93bd,2026-02-17
run_20260217_222909-0287,user-007,0x80ccf31d68c36fd9bed2068d1bf8f50375db334c51bbd6005fa118dd762908ec,0x5d2be6b57f8bc48b2a83a4bcc729297d9efcc73eaa20c79931dde9141b167aa3,TOU,6.907,2026-02-17T08:20:43.839235Z,2026-02-17T09:00:43.839235Z,0xf8a73b66d9d9efcc4dbbd6eeb360a43099baef2ee5477fc7e23808b695ac93bd,2026-02-17
run_20260217_222909-0288,user-009,0x77181ab8de8bbed28d1b6b3deceeb52058f1ff187be8a1ae192c2c16fa03e624,0x6ebb4c5be51ca919de5dcc312d32c85b91bbb79a50c7d113395fc4fc1d5251e6,TOU,7.208,2026-02-17T10:39:55.658816Z,2026-02-17T11:19:55.658816Z,0xf8a73b66d9d9efcc4dbbd6eeb360a43099baef2ee5477fc7e23808b695ac93bd,2026-02-17
run_20260217_222909-0289,user-009,0x3b918ac9cab25e1dd0b9ebccfe5317d5a7b16a744d537582f753006bec714547,0x6fb7740e552b7f21ee584bcd15670fcee37628a1a3554da3ba1155ff6419c0c7,TOU,14.447,2026-02-17T14:22:11.537685Z,2026-02-17T15:02:11.537685Z,0xf8a73b66d9d9efcc4dbbd6eeb360a43099baef2ee5477fc7e23808b695ac93bd,2026-02-17
run_20260217_222909-0290,user-002,0x3404a789219fc8071cefcc4f234df6bb70114a92b2987ef0230015bf7d3ab5d7,0xaa6b24c80cd6f5daad6e1d51329959543b39492c8ce5abb1875328af723055e8,TOU,4.585,2026-02-17T17:40:08.851376Z,2026-02-17T18:20:08.851376Z,0xf8a73b66d9d9efcc4dbbd6eeb360a43099baef2ee5477fc7e23808b695ac93bd,2026-02-17
run_20260217_222909-0291,user-008,0xfe69752d0536b6f0c225065d8554824d97e4fd7cb7cfc337f4dd582cd67dde83,0xa2a2fe6c7950f2c9a073e0a11e0e101831550dc03abf6a35128b16e10be7f9e3,TOU,11.221,2026-02-17T13:26:52.815006Z,2026-02-17T13:56:52.815006Z,0xf8a73b66d9d9efcc4dbbd6eeb360a43099baef2ee5477fc7e23808b695ac93bd,2026-02-17
run_20260217_222909-0292,user-001,0x3d92f076ca2e08cc126c52ae8ccb3f7c7259c25e85fb64f3e6e2ea536c00cb7f,0xb9f0c746ddc084697cd97237146a21507c9ba0625041f610a5b3c44d442c002b,TOU,2.388,2026-02-17T15:20:58.464149Z,2026-02-17T15:40:58.464149Z,0xf8a73b66d9d9efcc4dbbd6eeb360a43099baef2ee5477fc7e23808b695ac93bd,2026-02-17
run_20260217_222909-0293,user-009,0x01326b264f3199b1af880fe59f75d3e28e8c89e5d8d4bf8f6da9bb42cfc31ced,0x6d5f4dab1c80c371900da483428d536267f4966c806ae35ab61a96034a62715d,TOU,2.257,2026-02-17T23:36:52.332456Z,2026-02-17T23:56:52.332456Z,0xf8a73b66d9d9efcc4dbbd6eeb360a43099baef2ee5477fc7e23808b695ac93bd,2026-02-17
run_20260217_222909-0294,user-005,0xbbd5e498ffeb42b5571a52702f7e569c5cba5f43d460ff0b07fda7a197d834e2,0xe76bfc4273db8ab09933483a19715e1f715d8db434d4c724a7514c75d723d1a5,TOU,5.628,2026-02-17T18:33:08.067680Z,2026-02-17T19:03:08.067680Z,0xf8a73b66d9d9efcc4dbbd6eeb360a43099baef2ee5477fc7e23808b695ac93bd,2026-02-17
run_20260217_222909-0295,user-002,0x05e934bd6b2b8fe68bfc2cb0dfda6c003a0be4a039c3a786523d6ed0522310c2,0xe6af5334cd93ec7825824032b421e2301ff7fd27065b203d971bd385ecc7e42e,TOU,13.581,2026-02-17T04:42:45.790242Z,2026-02-17T05:22:45.790242Z,0xf8a73b66d9d9efcc4dbbd6eeb360a43099baef2ee5477fc7e23808b695ac93bd,2026-02-17
run_20260217_222909-0296,user-010,0x419d8e75a35bf535ba43bb49a221d1421a0c55add161b4aa8d3d179aa3f1f8f1,0x1ddfae33fea1813afb9362e62039bd7b698bb6063dd8cabffe55d7b6e70b0203,TOU,6.803,2026-02-17T03:17:41.188671Z,2026-02-17T04:17:41.188671Z,0xf8a73b66d9d9efcc4dbbd6eeb360a43099baef2ee5477fc7e23808b695ac93bd,2026-02-17
run_20260217_222909-0297,user-006,0x7f5795f4d1fa857b94e56e0c904f08e086e719a1a034afed14f019bc10d02e44,0xbfbc4883c9f3e3bd3b1a01846d091ef6d9e470daf9774494042f490ba3f0cb18,TOU,5.526,2026-02-17T22:09:31.109906Z,2026-02-17T22:39:31.109906Z,0xf8a73b66d9d9efcc4dbbd6eeb360a43099baef2ee5477fc7e23808b695ac93bd,2026-02-17
run_20260217_222909-0298,user-004,0x1ed4820567ca697c15324c00bc00437dd501c8813d52d8c72ab4049628fd8068,0xf1765d805e2d7f107f99b3d8b2695bdc419004b1c372086b89c0c906dca02f19,TOU,5.516,2026-02-17T18:20:47.977465Z,2026-02-17T18:50:47.977465Z,0xf8a73b66d9d9efcc4dbbd6eeb360a43099baef2ee5477fc7e23808b695ac93bd,2026-02-17
run_20260217_222909-0299,user-008,0x7495192fdfc238bd5529fd2936d29fd517996801fc7e5145928c3177b4a81cea,0xd6126e9bbf006c983f8fad77c0d50cab8f0f0137bb77b04d1bafadc93a4a4400,TOU,9.13,2026-02-17T09:15:05.349336Z,2026-02-17T10:30:05.349336Z,0xf8a73b66d9d9efcc4dbbd6eeb360a43099baef2ee5477fc7e23808b695ac93bd,2026-02-17
run_20260217_222909-0300,user-009,0x2a7dd3989cd7862d9e05e7cb78ff6adef46f14774be916fe167559607b436275,0xc8cb8e2fe54fef81904182088ab3eb30250387b62fdc6c12d8756da17a29edd0,TOU,7.336,2026-02-17T23:12:06.587296Z,2026-02-17T23:52:06.587296Z,0xf8a73b66d9d9efcc4dbbd6eeb360a43099baef2ee5477fc7e23808b695ac93bd,2026-02-17
run_20260217_222909-0301,user-006,0xcf728b531e4596eeb2c081af7cbedafb9fdb4a5f422045a236b41858b409ba37,0x5997800b37543163e6d6d52f91b51f1a93604cad8741379f3469dd5535d2e307,TOU,4.797,2026-02-17T15:18:17.559048Z,2026-02-17T15:58:17.559048Z,0xf8a73b66d9d9efcc4dbbd6eeb360a43099baef2ee5477fc7e23808b695ac93bd,2026-02-17
run_20260217_222909-0302,user-007,0xdf4aaeb4cb1b2aa060a2f231652b9a8a47b3a6cfcd66ec0a9109fd98c6c605b5,0xcf5ceb41a9def06e85ef063ff6300d3f4f6e499c60e63b5c78ef5796e8b67d84,TOU,11.551,2026-02-17T17:16:20.008446Z,2026-02-17T17:46:20.008446Z,0xf8a73b66d9d9efcc4dbbd6eeb360a43099baef2ee5477fc7e23808b695ac93bd,2026-02-17
run_20260217_222909-0303,user-004,0x4ea2adf8bd668b5434791c78577e10537c84c848b17a3dceea93e0d9d11fc93b,0x10dd5f212e55e8841e13b4873293a34826ef2822c75b20116bae646b2c1dc155,TOU,5.14,2026-02-17T20:28:59.101267Z,2026-02-17T20:58:59.101267Z,0xf8a73b66d9d9efcc4dbbd6eeb360a43099baef2ee5477fc7e23808b695ac93bd,2026-02-17
run_20260217_222909-0304,user-008,0x2f16d96c55c33f3da2c0d8d6131c9d844e170dc180a120e93f45075ad7074c36,0xbdd40e0b4e6808476ad31f2c0a9b0e6ce64d8daf90ad4bde172ec983f05407aa,TOU,28.161,2026-02-17T16:46:57.046662Z,2026-02-17T18:01:57.046662Z,0xf8a73b66d9d9efcc4dbbd6eeb360a43099baef2ee5477fc7e23808b695ac93bd,2026-02-17
run_20260217_222909-0305,user-010,0x261b95b6353ad5696a988aed96e7cdeb65fba644f84c5d8c1052c578e5cf96b5,0x0b6f5c9040865d4f83b70010de0524e328ef5defdd0cbe3179baf95d1bd81e88,TOU,9.116,2026-02-17T08:23:11.622259Z,2026-02-17T09:38:11.622259Z,0xf8a73b66d9d9efcc4dbbd6eeb360a43099baef2ee5477fc7e23808b695ac93bd,2026-02-17
run_20260217_222909-0306,user-002,0x2ad5ccf662dfd1941a5b6f4bcd340cdddbec664b8754acef381f5e8cc4b024b9,0xa6fa7b9a2bb76954249453ada34f7995977a40d0f3a0dae78b5e14673fc9ba6b,TOU,4.613,2026-02-17T22:05:04.729467Z,2026-02-17T22:45:04.729467Z,0xf8a73b66d9d9efcc4dbbd6eeb360a43099baef2ee5477fc7e23808b695ac93bd,2026-02-17
run_20260217_222909-0307,user-008,0xdc3d837f1636e1c8325b7255e0911e2486e873b32f76661e4aa6c61918cef588,0xb6f4e1975f098c5168b008d99edded1405a3ee530afd55e6cd881cf90ef65a09,TOU,3.719,2026-02-17T14:02:51.345141Z,2026-02-17T14:32:51.345141Z,0xf8a73b66d9d9efcc4dbbd6eeb360a43099baef2ee5477fc7e23808b695ac93bd,2026-02-17
run_20260217_222909-0308,user-002,0x041586faefc922593a7f554989daaf6faca974c7610587a9aea82b99aebb8f76,0x0a5bbad1de3de3fe7e8eb04e56e0599f999c977cacdc2c452b634c27dc305776,TOU,22.414,2026-02-17T01:30:01.027629Z,2026-02-17T02:30:01.027629Z,0xf8a73b66d9d9efcc4dbbd6eeb360a43099baef2ee5477fc7e23808b695ac93bd,2026-02-17
run_20260217_222909-0309,user-003,0x070cd6b824ff3671853bcce4f1e8c84bfa7440b0f313f3dbc302b4386032e2ec,0x4cb264f0b8b8370d2e6bcd20271134f78b8a7d342432f91aae7138d4b88b90fb,TOU,7.326,2026-02-17T23:17:51.440283Z,2026-02-17T23:57:51.440283Z,0xf8a73b66d9d9efcc4dbbd6eeb360a43099baef2ee5477fc7e23808b695ac93bd,2026-02-17
run_20260217_222909-0310,user-010,0xaa07fc198b288a537b8625c9209b2565310a954fa3f5b9b1e10df70bff98efcf,0x6854ad924fbccb6c7c2c2b8877f9409f79bbe63aec64b362e1dc639f0030a647,TOU,13.51,2026-02-17T13:32:37.955109Z,2026-02-17T14:47:37.955109Z,0xf8a73b66d9d9efcc4dbbd6eeb360a43099baef2ee5477fc7e23808b695ac93bd,2026-02-17
run_20260217_222909-0311,user-007,0x9a0b7edc3bfa430ec9350b1fc45679d72f7246f8af474c38413f78434f6599fa,0xf8836d3069f5994b2d8fb715640034330707213db33c92fe1b45af12b4213339,TOU,8.967,2026-02-17T04:49:55.843332Z,2026-02-17T06:04:55.843332Z,0xf8a73b66d9d9efcc4dbbd6eeb360a43099baef2ee5477fc7e23808b695ac93bd,2026-02-17
run_20260217_222909-0312,user-005,0xedc0014bd1e12d65a34f095be8b6f414c028bcbb75f253e954133b520490de55,0x8d66fd825c68b182f409c11d0092c6a1da19490c2457d6ece33efab08ac96dae,TOU,13.925,2026-02-17T17:09:03.919756Z,2026-02-17T18:24:03.919756Z,0xf8a73b66d9d9efcc4dbbd6eeb360a43099baef2ee5477fc7e23808b695ac93bd,2026-02-17
run_20260217_222909-0313,user-002,0x46c835a831a0c824b7ee9e9243320a400ff315e4f2877cd50464794e1fbecb68,0x25b8f27e62191d2d6761d40c01e425049657ec7d6eca522cfce7ceb7ece9d96b,TOU,7.156,2026-02-17T20:22:00.928865Z,2026-02-17T21:22:00.928865Z,0xf8a73b66d9d9efcc4dbbd6eeb360a43099baef2ee5477fc7e23808b695ac93bd,2026-02-17
run_20260217_222909-0314,user-005,0x41ac98263b9c5921f502b5361e677693963235c2934ac4a9f1993a60a8e640fd,0x3d99f89c0db7a733978b68f653293c3923945b27be97c6540ae542be8ec6d9e5,TOU,2.334,2026-02-17T04:22:09.537446Z,2026-02-17T04:42:09.537446Z,0xf8a73b66d9d9efcc4dbbd6eeb360a43099baef2ee5477fc7e23808b695ac93bd,2026-02-17
run_20260217_222909-0315,user-001,0xe5e13b7f2568bf98393c4e847d456fa4316c74c26c4524870c6847029e822661,0x11d66d71cf03fb7cee45bd16e6949b3e3a7d7d5b059b512db0a48395d382fd6c,TOU,7.133,2026-02-17T19:12:10.858687Z,2026-02-17T19:32:10.858687Z,0xf8a73b66d9d9efcc4dbbd6eeb360a43099baef2ee5477fc7e23808b695ac93bd,2026-02-17
run_20260217_222909-0316,user-001,0xdfb94efce9f186aafad3a6470bf0ab0ba58f249ec5f0061119b4c3edfc49b37b,0x085c8418119ec428f0789448a7818b7f6c6566cf79f9bcdb37937a5087371f34,TOU,28.456,2026-02-17T06:06:35.796401Z,2026-02-17T07:21:35.796401Z,0xf8a73b66d9d9efcc4dbbd6eeb360a43099baef2ee5477fc7e23808b695ac93bd,2026-02-17
run_20260217_222909-0317,user-008,0xc0f7f783597089276142ce59f6e087d1ec9e3b17eda29aca53df184f7582b14f,0x72214904a44f30c904868a2e9294a6670a4aa50c76e5cfbb3afc7d615d3abba0,TOU,5.379,2026-02-17T07:27:41.675036Z,2026-02-17T07:57:41.675036Z,0xf8a73b66d9d9efcc4dbbd6eeb360a43099baef2ee5477fc7e23808b695ac93bd,2026-02-17
run_20260217_222909-0318,user-001,0x71d01376a4fe3d0a5ac35da72064f6d2eed49c705110ee1a11c9547a491813d3,0xe74e704f5cf5a7fe79e6058dd2cd94f43a9f5819ed7aec3063f983829d35ab07,TOU,10.407,2026-02-17T15:27:03.272853Z,2026-02-17T15:57:03.272853Z,0xf8a73b66d9d9efcc4dbbd6eeb360a43099baef2ee5477fc7e23808b695ac93bd,2026-02-17
run_20260217_222909-0319,user-008,0xe3d187b2e90ba5a04df72b87745eab77c4078f451b70c92cdc697985bcb4cfe0,0x1e0c3068bc9e2c3eef8e1a9baa085bff2de41cd9018755075e8bee519fd4dde5,TOU,7.378,2026-02-17T06:23:12.484936Z,2026-02-17T06:43:12.484936Z,0xf8a73b66d9d9efcc4dbbd6eeb360a43099baef2ee5477fc7e23808b695ac93bd,2026-02-17
run_20260217_222909-0320,user-005,0xcb5ae254ec1e88bfc337bbf40b2e3c3cf6031fd827ad7228676cf64cf8c52943,0x5b5cf82b628cc9b8ba0ff4ab1f807c2be2cd9a13fdc8f61b1b8d3c2f33c31cd2,TOU,7.008,2026-02-17T10:57:27.775764Z,2026-02-17T11:57:27.775764Z,0xf8a73b66d9d9efcc4dbbd6eeb360a43099baef2ee5477fc7e23808b695ac93bd,2026-02-17
run_20260217_222909-0321,user-009,0xb522fd33e53963286b354da830894d9b9919cf096929c476f143771a8d0a14f1,0x4f4564b4c41b0d58e319b17af744b558a089392119c13a5d2872964ac8ed57a8,TOU,3.65,2026-02-17T14:53:10.635581Z,2026-02-17T15:23:10.635581Z,0xf8a73b66d9d9efcc4dbbd6eeb360a43099baef2ee5477fc7e23808b695ac93bd,2026-02-17
run_20260217_222909-0322,user-008,0x498e83f45544e08476e7685ec6e6e65971a6aebd0247dbd6e2626570b0bd141d,0x3cd88f110ff37a8416b4f1b41abf8ff0313806d6f9ec444f5c71dff35c3ff02a,TOU,11.108,2026-02-17T05:36:20.574148Z,2026-02-17T06:06:20.574148Z,0xf8a73b66d9d9efcc4dbbd6eeb360a43099baef2ee5477fc7e23808b695ac93bd,2026-02-17
run_20260217_222909-0323,user-001,0x94a151b7f8677f3499c4744c517ba7be1d47841f0fbe5a62277a10369635a8c7,0xa60df0f78a26dd0b112beed31030f35d8ef19a8228d1886f9a1f97b7b81588c2,TOU,7.214,2026-02-17T19:08:00.371921Z,2026-02-17T20:08:00.371921Z,0xf8a73b66d9d9efcc4dbbd6eeb360a43099baef2ee5477fc7e23808b695ac93bd,2026-02-17
run_20260217_222909-0324,user-002,0x944b35847ff32dd28e5523d108f8c2002c8531ab55bdc25b1a1e1f02d4bd9ab2,0xb826e2ec306ed0b17ba455a228af0677cfdcf8530152760f918e723f68fb2dbf,TOU,3.356,2026-02-17T12:44:59.690008Z,2026-02-17T13:04:59.690008Z,0xf8a73b66d9d9efcc4dbbd6eeb360a43099baef2ee5477fc7e23808b695ac93bd,2026-02-17
run_20260217_222909-0325,user-010,0xa0a7566c500d82a1fe7be9c8608ebbeb3dfa29c23ffa3977a427d40c9f213cff,0xddce1ad37ddeb4c65b94bdea6947b0b39c6a565f4af7b31c2fbbfe63ef633973,TOU,7.82,2026-02-17T17:36:13.529179Z,2026-02-17T17:56:13.529179Z,0xf8a73b66d9d9efcc4dbbd6eeb360a43099baef2ee5477fc7e23808b695ac93bd,2026-02-17
run_20260217_222909-0326,user-004,0x70c8d256d13eebdc3890a2e002692f56d3b3ad08a0fef8460d0fa8ba7e771ee5,0x913f7f0e53c7e14d0057c1bf20c1444c755ab83f65aa5a4677c4080a2df155dc,TOU,3.432,2026-02-17T11:13:24.485159Z,2026-02-17T11:43:24.485159Z,0xf8a73b66d9d9efcc4dbbd6eeb360a43099baef2ee5477fc7e23808b695ac93bd,2026-02-17
run_20260217_222909-0327,user-010,0x1e5b36c0c90753a011ea8dbb7db7007971f51788ee6339a501ffbf1ae0942e4c,0x694b096b6317f5b30e32a819c813fe132e95ca5dba4c8ff42865638f927e8f0c,TOU,22.704,2026-02-17T15:23:31.965189Z,2026-02-17T16:23:31.965189Z,0xf8a73b66d9d9efcc4dbbd6eeb360a43099baef2ee5477fc7e23808b695ac93bd,2026-02-17
run_20260217_222909-0328,user-007,0x0eeed6b1e374117fd9946848fbfc336e914df544caf60f786841ed9fbb768ffe,0xa427a56416a9f3e1af68d3f91efad53c99f55095ba393d1a09c441cae946cd6e,TOU,21.667,2026-02-17T05:38:34.470613Z,2026-02-17T06:38:34.470613Z,0xf8a73b66d9d9efcc4dbbd6eeb360a43099baef2ee5477fc7e23808b695ac93bd,2026-02-17
run_20260217_222909-0329,user-005,0xa1e405e352721047fe4c23a80e3b57f4efdbdfa214c9131697beef9687e89ee5,0x178855db69da222cf2507b041b1c41f5e42937b455568a66cf813a07a9554535,TOU,3.618,2026-02-17T23:49:32.453177Z,2026-02-18T00:19:32.453177Z,0xf8a73b66d9d9efcc4dbbd6eeb360a43099baef2ee5477fc7e23808b695ac93bd,2026-02-17
run_20260217_222909-0330,user-010,0x48874ebe2b14952fe76e4a0f098089e23d3b70aca4876f5675e83231245f3566,0x3e2f8aaba7e92dafe709695c9bcd16b608140003f38d7d9f942f315e05f999e2,TOU,3.684,2026-02-17T20:16:12.642471Z,2026-02-17T20:36:12.642471Z,0xf8a73b66d9d9efcc4dbbd6eeb360a43099baef2ee5477fc7e23808b695ac93bd,2026-02-17
run_20260217_222909-0331,user-005,0xe43e98f1f86ba7cd3a8e088801d08d0118feb69d4e3552b3faf45e514b848a4a,0x0ba01b97566439f6bc2ef788e32e09f6c9492429d52de8384ed8e92e437f6072,TOU,22.149,2026-02-17T21:46:39.397521Z,2026-02-17T22:46:39.397521Z,0xf8a73b66d9d9efcc4dbbd6eeb360a43099baef2ee5477fc7e23808b695ac93bd,2026-02-17
run_20260217_222909-0332,user-001,0xe563b524562fc09a108f2a030a57465a7a9fdc234e64dfd78a1f7a91b5e26542,0x8296f634857a5285b5f7e6829072ff3773632a28c3a40eb1349fedd1b4b26246,TOU,7.181,2026-02-17T01:51:30.302701Z,2026-02-17T02:31:30.302701Z,0xf8a73b66d9d9efcc4dbbd6eeb360a43099baef2ee5477fc7e23808b695ac93bd,2026-02-17
run_20260217_222909-0333,user-007,0xa391507b1f5994cd92e21f9542cd6ca03c6355e4cf53528e393814a875b569d3,0x2d6fec6eca3ead6585335cc6ccde8ceee56cc7a5d2dcbe2186f69c1d7b0997fa,TOU,9.309,2026-02-17T22:41:03.345227Z,2026-02-17T23:56:03.345227Z,0xf8a73b66d9d9efcc4dbbd6eeb360a43099baef2ee5477fc7e23808b695ac93bd,2026-02-17
run_20260217_222909-0334,user-007,0x0af950d63928a82874a737baa14fdb746714059b5e57be310b07b50d0c6508e9,0xabf41747ad09efd1a8e66b49485e7fe670251e302635e94dfd316feecdbd5848,TOU,21.984,2026-02-17T17:40:54.990823Z,2026-02-17T18:40:54.990823Z,0xf8a73b66d9d9efcc4dbbd6eeb360a43099baef2ee5477fc7e23808b695ac93bd,2026-02-17
run_20260217_222909-0335,user-010,0xe40112ceeca3863c5d7f07d0265504a637aec972a2e2741e2ab7ab001a68dc4d,0x76690912a75e606386b83ed8592edddd07951ef25605ba953c19779ba1a09657,TOU,10.83,2026-02-17T21:49:59.022402Z,2026-02-17T22:49:59.022402Z,0xf8a73b66d9d9efcc4dbbd6eeb360a43099baef2ee5477fc7e23808b695ac93bd,2026-02-17
run_20260217_222909-0336,user-006,0x4bd15b51917c3fde075c364e709a5caa92e7b1c5de12e181b7087e2a5a076d96,0x4b352cc41eaf8033da0bc9aeeef7db2ebf8e12c1c3be382fc76c389ed729c46e,TOU,2.378,2026-02-17T20:14:22.358836Z,2026-02-17T20:34:22.358836Z,0xf8a73b66d9d9efcc4dbbd6eeb360a43099baef2ee5477fc7e23808b695ac93bd,2026-02-17
run_20260217_222909-0337,user-002,0x6f7b12461642cfc4738c43d32d567205a8f7177898a1c3ec0afdf7ed9b038b60,0x1692c6da0532186bac1018c5d26332b178a7afb429d7e61750026ba487f3c096,TOU,6.758,2026-02-17T16:39:37.800475Z,2026-02-17T17:39:37.800475Z,0xf8a73b66d9d9efcc4dbbd6eeb360a43099baef2ee5477fc7e23808b695ac93bd,2026-02-17
run_20260217_222909-0338,user-003,0xdb7c1f19d6e153574ded4b3483b5287e343d26485f3f1f675704f2fa3a7541e1,0x9f85343ae4aa688fae471d92fc52a5e841984949bd0ed2d3f9c12d1d236b3a34,TOU,11.049,2026-02-17T22:32:26.491717Z,2026-02-17T23:02:26.491717Z,0xf8a73b66d9d9efcc4dbbd6eeb360a43099baef2ee5477fc7e23808b695ac93bd,2026-02-17
run_20260217_222909-0339,user-002,0x62ade4fbc8c45abaafad9b56b08c8ad60f4c2af4f146580d152790d55deb1a8d,0x8aaacf5eb6aa410d1f17526f1f27ce69e46b78100e418e805b24f6c08ef69e34,TOU,7.172,2026-02-17T23:31:31.632812Z,2026-02-18T00:31:31.632812Z,0xf8a73b66d9d9efcc4dbbd6eeb360a43099baef2ee5477fc7e23808b695ac93bd,2026-02-17
run_20260217_222909-0340,user-008,0xf0847977f753f446c02b8a71c470cf3d59cb7f0a36df33ce54f12db4faaba343,0x3873d2689f82fb8a3eeb42db3ecca16f4e46457c97eb425c229a37ad0e0cc7e9,TOU,3.605,2026-02-17T14:32:30.255740Z,2026-02-17T15:02:30.255740Z,0xf8a73b66d9d9efcc4dbbd6eeb360a43099baef2ee5477fc7e23808b695ac93bd,2026-02-17
run_20260217_222909-0341,user-007,0x9fb2f73e92150c096628e8a2696f13903b13637ad115421879b8c920fce464e1,0xf1c4a5efab79a074d3d90d4060903f6e1106feef0c9e1cbc98c93bdd7eaf164f,TOU,7.287,2026-02-17T02:36:49.259763Z,2026-02-17T02:56:49.259763Z,0xf8a73b66d9d9efcc4dbbd6eeb360a43099baef2ee5477fc7e23808b695ac93bd,2026-02-17
run_20260217_222909-0342,user-007,0x1e6545add0b7a829fc8f127bbe438662b7f52ca57de8b9c6e920c3c39468d8fa,0x22e5f02ca96ce6ab5719eac7a9ba54e6debcae97afc8c9823ce0bf1ad1a70ad5,TOU,27.114,2026-02-17T11:29:09.978272Z,2026-02-17T12:44:09.978272Z,0xf8a73b66d9d9efcc4dbbd6eeb360a43099baef2ee5477fc7e23808b695ac93bd,2026-02-17
run_20260217_222909-0343,user-007,0x701378efeeb9eb40108a24e8c8c90fb409da905fdc8a54212142068601f02d25,0xdcb0d2eebd899cc90eb0fad23dc774341992317712fbfd5f80f39565b32a3e80,TOU,11.381,2026-02-17T00:05:12.746860Z,2026-02-17T00:35:12.746860Z,0xf8a73b66d9d9efcc4dbbd6eeb360a43099baef2ee5477fc7e23808b695ac93bd,2026-02-17
run_20260217_222909-0344,user-003,0x06b2987904517ac0a7c1c49042a46eae1e6b30365db455f3a7e98434c1599c7d,0x52d72f3b04348372b92945b6098bf42ec8f2d8fd28aa46330f9cd218c72f7873,TOU,7.086,2026-02-17T06:32:00.328326Z,2026-02-17T07:12:00.328326Z,0xf8a73b66d9d9efcc4dbbd6eeb360a43099baef2ee5477fc7e23808b695ac93bd,2026-02-17
run_20260217_222909-0345,user-010,0x9064139a08b9222864322fd57fb12d137f7754f1574f69e64c286b7bcec9373f,0x441da71e0b3713c4349272206471b42d300f0e50e5cf3bb57ada411238a68ac8,TOU,28.101,2026-02-17T09:10:35.821924Z,2026-02-17T10:25:35.821924Z,0xf8a73b66d9d9efcc4dbbd6eeb360a43099baef2ee5477fc7e23808b695ac93bd,2026-02-17
run_20260217_222909-0346,user-007,0xd05c19d29ce1ac554f71cca74217c8d210fc5dbe6384f586268c739b4fc8e52d,0xdf0526959e51ad7112079bb870a6a524f62a77ce6356546256de815f8c1a9559,TOU,3.898,2026-02-17T18:38:31.316050Z,2026-02-17T19:08:31.316050Z,0xf8a73b66d9d9efcc4dbbd6eeb360a43099baef2ee5477fc7e23808b695ac93bd,2026-02-17
run_20260217_222909-0347,user-007,0x59410e99838ef3bc10ec1da2b4c2d420238bbf43bab13ad94e48b8d6536bfaaf,0xdba9f3ccd71b868638a521c85ff93b72ab3c28036727389131d92499bc8e7589,TOU,7.051,2026-02-17T14:15:59.511224Z,2026-02-17T14:35:59.511224Z,0xf8a73b66d9d9efcc4dbbd6eeb360a43099baef2ee5477fc7e23808b695ac93bd,2026-02-17
run_20260217_222909-0348,user-009,0x42c6b95ebb32335e6ac8d0fb88244d6152d4ba411d286251c5e8c5b7cba60a38,0x125326654c9cf87746b711d8076cb07d051883258d27e652919804f4c920a5af,TOU,8.121,2026-02-17T11:22:40.082061Z,2026-02-17T11:42:40.082061Z,0xf8a73b66d9d9efcc4dbbd6eeb360a43099baef2ee5477fc7e23808b695ac93bd,2026-02-17
run_20260217_222909-0349,user-007,0xc4a627f4f1165f1490e0dc3ba147985cc07c78520e3b566d68c07dab065d71d2,0x3f5d1d2df9b39b841fc6bf0d161fbd278c3a3db6cbabe8dd624acdc5feaccff4,TOU,7.154,2026-02-17T00:22:17.032384Z,2026-02-17T00:42:17.032384Z,0xf8a73b66d9d9efcc4dbbd6eeb360a43099baef2ee5477fc7e23808b695ac93bd,2026-02-17
run_20260217_222909-0350,user-005,0xbda59387bb423bfde9fe263d3fbfbcf1133cbb53ce08b2b7df1c568e84fb699d,0xd73e336c53210664669ce4f7d3c5e7c1bc10283e659ca0aadc7362159c186dd2,TOU,7.48,2026-02-17T05:24:54.306117Z,2026-02-17T06:04:54.306117Z,0xf8a73b66d9d9efcc4dbbd6eeb360a43099baef2ee5477fc7e23808b695ac93bd,2026-02-17
run_20260217_222909-0351,user-010,0xe2a01902bdf55b7e483329ea93530653b86d6e5de2b35c4dfa73287986724209,0x7f006454ad5f4f124a5016ca0cbe8d123288e763ea5575de3c92af30a174424a,TOU,9.039,2026-02-17T01:28:30.411655Z,2026-02-17T02:43:30.411655Z,0xf8a73b66d9d9efcc4dbbd6eeb360a43099baef2ee5477fc7e23808b695ac93bd,2026-02-17
run_20260217_222909-0352,user-006,0x7cef0a7161ec3eed6c5ae5455e9ef315cc124d05d7c4438502480e2c7a86f0ab,0x62b61ca0902593ea9c705cf939530db5204d1e6f6689d52ea8a5e96648491947,TOU,21.87,2026-02-17T21:56:09.514595Z,2026-02-17T22:56:09.514595Z,0xf8a73b66d9d9efcc4dbbd6eeb360a43099baef2ee5477fc7e23808b695ac93bd,2026-02-17
run_20260217_222909-0353,user-005,0x884ff5885ec5a7c9dc487d23061c4e05a89928b8970f4839287b16884bb5dab0,0x241cbd3b17d6f4cded371c9bb38e20e1cf207cf687ab6d1cdc4fad928480c3e6,TOU,10.788,2026-02-17T16:33:17.618410Z,2026-02-17T17:33:17.618410Z,0xf8a73b66d9d9efcc4dbbd6eeb360a43099baef2ee5477fc7e23808b695ac93bd,2026-02-17
run_20260217_222909-0354,user-008,0x3bcc1b704c32f8779d0cf6947c947c62d2210048ed0be83e278f60d43c63a56a,0xb20bd8a75a09eebb73f3b9c3519c37f35d2670bc50349bc91de699bd38529d2c,TOU,6.823,2026-02-17T14:08:22.922003Z,2026-02-17T14:28:22.922003Z,0xf8a73b66d9d9efcc4dbbd6eeb360a43099baef2ee5477fc7e23808b695ac93bd,2026-02-17
run_20260217_222909-0355,user-004,0x3565e92c226e5422ec7c0eaa76cc6b17777322e356aed006871c8bd32dfb1e79,0xf3b4c5a38d7bbce8f67402d205a720abe3e49baaec40705352b3a01a0699b921,TOU,3.544,2026-02-17T22:48:33.415685Z,2026-02-17T23:18:33.415685Z,0xf8a73b66d9d9efcc4dbbd6eeb360a43099baef2ee5477fc7e23808b695ac93bd,2026-02-17
run_20260217_222909-0356,user-007,0x0faecf0f912896a521c39fc660eda7ac24b3863303dd4ed22b4ab55652702e8a,0x161acf6d1de39d5befe1e52e38477689b9da5816eb7113f405551cc64ecef360,TOU,10.281,2026-02-17T00:08:01.280393Z,2026-02-17T00:38:01.280393Z,0xf8a73b66d9d9efcc4dbbd6eeb360a43099baef2ee5477fc7e23808b695ac93bd,2026-02-17
run_20260217_222909-0357,user-001,0xe93823b3e2b44e9549f99f5652a779cf9239f259a911c6465ee38bd468523187,0xbb7e960600271d5795b389b016022aaab6bcbb3edc7bceffd51c5ee4c1c21edc,TOU,7.57,2026-02-17T21:44:53.888732Z,2026-02-17T22:24:53.888732Z,0xf8a73b66d9d9efcc4dbbd6eeb360a43099baef2ee5477fc7e23808b695ac93bd,2026-02-17
run_20260217_222909-0358,user-007,0x9d1654ab4f0856359a396c769c378b09e4fe572dab8c3ab1846a191f241b57a4,0xca3cb21b7341580b615d3270d276236c45a48586a7c4d95f8443f7c4b6c074bb,TOU,11.907,2026-02-17T11:23:30.567520Z,2026-02-17T11:53:30.567520Z,0xf8a73b66d9d9efcc4dbbd6eeb360a43099baef2ee5477fc7e23808b695ac93bd,2026-02-17
run_20260217_222909-0359,user-005,0x12542cd41e9e2edd1d7e97ebaf8e74f52a7e60b259b163cb8830adb051fa9f67,0x4f17ef48a4df639c3dddae5ed4b0b46584ef8edc3fa6077454902dfe9204a4fa,TOU,6.704,2026-02-17T13:44:02.568521Z,2026-02-17T14:24:02.568521Z,0xf8a73b66d9d9efcc4dbbd6eeb360a43099baef2ee5477fc7e23808b695ac93bd,2026-02-17
run_20260217_222909-0360,user-004,0x41c38bbadd9f32a32a13d16cf4bcc3e6f5e4f1b5b00a9906d48e3fc7a269b46c,0x57e2fa50ad3bdc442f0c9da4e7b3a0215c534f3fb896e42c8dfa27cbef01b341,TOU,3.731,2026-02-17T06:58:38.077368Z,2026-02-17T07:28:38.077368Z,0xf8a73b66d9d9efcc4dbbd6eeb360a43099baef2ee5477fc7e23808b695ac93bd,2026-02-17
run_20260217_222909-0361,user-006,0xbf5861ca6695d49398b2e504b7a7b0df52374d4ca736c98767497350a0d66fd3,0x19224cae438021eb9c175b779dd4532ee60bcbe16897fb56606c0add96c2453c,TOU,3.541,2026-02-17T15:35:30.236160Z,2026-02-17T16:05:30.236160Z,0xf8a73b66d9d9efcc4dbbd6eeb360a43099baef2ee5477fc7e23808b695ac93bd,2026-02-17
run_20260217_222909-0362,user-006,0x7dc840afa90e01438a418f0d7a98bd2fc29f62504dc4d1c96f6fd9a561d7268f,0xc13359966d51427d9515491f648d18d7c3ff4c34df5930f251a41a68abbfa7ae,TOU,28.328,2026-02-17T15:47:26.359036Z,2026-02-17T17:02:26.359036Z,0xf8a73b66d9d9efcc4dbbd6eeb360a43099baef2ee5477fc7e23808b695ac93bd,2026-02-17
run_20260217_222909-0363,user-005,0x37b81096b6d7eaab3e48944e1677c2dbeb96219a6393e5dbc108db4a0cd01364,0xdfda6f514e6b2768d3887286a62a7cdae7b1d0822e591fa849cce9f8898f1752,TOU,13.864,2026-02-17T10:25:28.955818Z,2026-02-17T11:05:28.955818Z,0xf8a73b66d9d9efcc4dbbd6eeb360a43099baef2ee5477fc7e23808b695ac93bd,2026-02-17
run_20260217_222909-0364,user-007,0xe14976ccb0f3ad6be372609b748e1b92db9fcc8b4a312f850860b1f8b29d0878,0xbfaf7d9024200059dfd2c3dc7d94f9a25ec5978384a8091bf3d83bc1caf6691d,TOU,11.129,2026-02-17T08:56:49.462766Z,2026-02-17T09:26:49.462766Z,0xf8a73b66d9d9efcc4dbbd6eeb360a43099baef2ee5477fc7e23808b695ac93bd,2026-02-17
run_20260217_222909-0365,user-007,0x2f60b15cc73d05bbf2264e22b0965421caf9c7966e9e2f4ff1d859ed166c91c6,0xa861af23c65ae033fd3ea425b660d1d517c27392bfd20f7f2ef93389429c3a41,TOU,5.736,2026-02-17T21:54:00.671377Z,2026-02-17T22:24:00.671377Z,0xf8a73b66d9d9efcc4dbbd6eeb360a43099baef2ee5477fc7e23808b695ac93bd,2026-02-17
run_20260217_222909-0366,user-002,0xb8e2916bc54c5061d92cc9b3b08d8d19c878c98ea7a753e0d7baeaa39c2cec52,0x2bf3c0f73ee2dc0ee7a3caed8097330575a78d9e45ff9db99f62bf5d0c40e1e2,TOU,3.728,2026-02-17T13:19:57.918366Z,2026-02-17T13:39:57.918366Z,0xf8a73b66d9d9efcc4dbbd6eeb360a43099baef2ee5477fc7e23808b695ac93bd,2026-02-17
run_20260217_222909-0367,user-006,0xcac2b38d88bd148d4ccaa148312914aab47c8eecd80591db17907a09f03274cf,0x17952c693ff56abe64d1f1e401b2f0086a2f954119977099627bd4d9a746c4ce,TOU,7.348,2026-02-17T20:32:39.307857Z,2026-02-17T20:52:39.307857Z,0xf8a73b66d9d9efcc4dbbd6eeb360a43099baef2ee5477fc7e23808b695ac93bd,2026-02-17
run_20260217_222909-0368,user-002,0x84b13f85bd2ee4ca8ee1076941390cedcfb6456473232911beba4d2feb86d305,0xea32e7506a5bf6789ad1b8b783945af0c293598c6a5f734e4bcf0904227998ad,TOU,6.852,2026-02-17T23:53:04.907298Z,2026-02-18T00:13:04.907298Z,0xf8a73b66d9d9efcc4dbbd6eeb360a43099baef2ee5477fc7e23808b695ac93bd,2026-02-17
run_20260217_222909-0369,user-005,0xf20453548801c672a4443118b1b336e2424e7ac5f5eadc20bdbd039da36b902e,0x56c337475ba0de5e34facd981b58708f51817064bd732b29c7961801bdefe1e7,TOU,15.388,2026-02-17T23:26:37.705436Z,2026-02-18T00:06:37.705436Z,0xf8a73b66d9d9efcc4dbbd6eeb360a43099baef2ee5477fc7e23808b695ac93bd,2026-02-17
run_20260217_222909-0370,user-010,0x387a49b034d6fc525f5bc09f2ff61ae9a99ec16cf8f758ef36d58d648a263234,0x59b57dd70fa5511b1b30b63293efed04d1e2151e41dfaaec2b7c7df28b1e9f21,TOU,2.311,2026-02-17T10:33:08.334029Z,2026-02-17T10:53:08.334029Z,0xf8a73b66d9d9efcc4dbbd6eeb360a43099baef2ee5477fc7e23808b695ac93bd,2026-02-17
run_20260217_222909-0371,user-003,0x1c0b36d6031329fff220b4023bb6b510f36c67a47e8ee32286f40070da38dca7,0xdaae544c41a35070407b7b28b3ea7c05fa09ded314956bb577fc1140c1f936d6,TOU,13.911,2026-02-17T22:16:24.615927Z,2026-02-17T23:31:24.615927Z,0xf8a73b66d9d9efcc4dbbd6eeb360a43099baef2ee5477fc7e23808b695ac93bd,2026-02-17
run_20260217_222909-0372,user-009,0xe7230655e60887acffce5a618fe4da1b1e8006f1b0b75bb6cd7f86915863c1f5,0xdeaa2b3cfb3a2a9b590d8a131deb87691f9a071c076d40af124c6d2efad2aff6,TOU,22.228,2026-02-17T22:05:53.659518Z,2026-02-17T23:05:53.659518Z,0xf8a73b66d9d9efcc4dbbd6eeb360a43099baef2ee5477fc7e23808b695ac93bd,2026-02-17
run_20260217_222909-0373,user-006,0x331d319bd5bc90d12c3c6714ef3c42d89a57b4774c31b3999c8f6b16abb5c2f6,0xb972d826b1caccf6a357b9c5759345a4cb1aac65cf77c8282011ad257e456c6a,TOU,7.459,2026-02-17T05:03:09.519772Z,2026-02-17T05:43:09.519772Z,0xf8a73b66d9d9efcc4dbbd6eeb360a43099baef2ee5477fc7e23808b695ac93bd,2026-02-17
run_20260217_222909-0374,user-002,0xdf1b7df6a926396d9aac2f3bc855f94cb73c0c2a5e90693849709f0ee5dea2fb,0x6dc8b1a5024d1ef5eed36faf5293828ad941e937183e86e512835dc2e9733680,TOU,3.514,2026-02-17T16:09:44.855475Z,2026-02-17T16:29:44.855475Z,0xf8a73b66d9d9efcc4dbbd6eeb360a43099baef2ee5477fc7e23808b695ac93bd,2026-02-17
run_20260217_222909-0375,user-008,0x186dd8812e2b202a8bb7969d3e008281e8434ab934e79bedb601d59e0b770c75,0xdf5a4b98da9b7f77cb48bf941937b938be604a75a83c4129f4d1a312bda45460,TOU,4.749,2026-02-17T14:46:18.257962Z,2026-02-17T15:26:18.257962Z,0xf8a73b66d9d9efcc4dbbd6eeb360a43099baef2ee5477fc7e23808b695ac93bd,2026-02-17
run_20260217_222909-0376,user-010,0xcaa60e3455be6a2655b0b57be3a33a28b32adaff99b9be9a3b5a81271934b6dd,0x8f31bd9e6da30d944baf3e28c8b58e14419dce269e211389551d2a97399a65d8,TOU,7.384,2026-02-17T03:54:04.956051Z,2026-02-17T04:14:04.956051Z,0xf8a73b66d9d9efcc4dbbd6eeb360a43099baef2ee5477fc7e23808b695ac93bd,2026-02-17
run_20260217_222909-0377,user-002,0x1190c6a30dbd68fb99146579da33bd7dd1f93e981de226e395a4c25860730866,0xccfe39bf2d440aaf8919907cca4c2c4acb77e43a6fd2fe11567e4ccca074e721,TOU,13.629,2026-02-17T09:37:30.406710Z,2026-02-17T10:52:30.406710Z,0xf8a73b66d9d9efcc4dbbd6eeb360a43099baef2ee5477fc7e23808b695ac93bd,2026-02-17
run_20260217_222909-0378,user-005,0xc1183bcdd4c244cf764b7e2c97febe35ee3d4ce482ab55f24cde6533511bacd4,0x3324c359f238fe733db59877d446f5fe91c1fc1de2773da84d1e147a19c2a127,TOU,23.211,2026-02-17T01:56:21.459811Z,2026-02-17T02:56:21.459811Z,0xf8a73b66d9d9efcc4dbbd6eeb360a43099baef2ee5477fc7e23808b695ac93bd,2026-02-17
run_20260217_222909-0379,user-005,0x682e61aac98e83cd549e7476a5a60caaabdde6e4a35a560d07b1a7142291c1ab,0x13274f533b118bbdf580460f29d7c924640a4e5be9ce75e1f87bd61f240aef84,TOU,5.392,2026-02-17T03:12:25.279378Z,2026-02-17T03:42:25.279378Z,0xf8a73b66d9d9efcc4dbbd6eeb360a43099baef2ee5477fc7e23808b695ac93bd,2026-02-17
run_20260217_222909-0380,user-003,0x35f47486c13ccabbf50e10f99bae95b4d1fbb6b845f7c347002383c0cbcd55d2,0x503fccdd70b7fab5bf4bc7c2b01d0b1beb1d394c007c4d3adaae3577e10a4e07,TOU,11.355,2026-02-17T19:27:57.201190Z,2026-02-17T20:27:57.201190Z,0xf8a73b66d9d9efcc4dbbd6eeb360a43099baef2ee5477fc7e23808b695ac93bd,2026-02-17
run_20260217_222909-0381,user-008,0x9d7a4f51f3d73c20a0746d6f1cd854c89dd273764e846bcbb725b20babfe82da,0x70d98ca573e80f73fb28d89a1ddc4d03ee9669baf7870144879b467273a62e7f,TOU,13.341,2026-02-17T02:32:14.474666Z,2026-02-17T03:47:14.474666Z,0xf8a73b66d9d9efcc4dbbd6eeb360a43099baef2ee5477fc7e23808b695ac93bd,2026-02-17
run_20260217_222909-0382,user-010,0x66ec23854faacf03d9baea10e75a01642e23434a757e8fb5fc55b408c8689a81,0x0334a05d6177831ead3fffdb944892d4aad042c9306e6dcb982616fc7d03bd4a,TOU,4.538,2026-02-17T12:23:05.633387Z,2026-02-17T13:03:05.633387Z,0xf8a73b66d9d9efcc4dbbd6eeb360a43099baef2ee5477fc7e23808b695ac93bd,2026-02-17
run_20260217_222909-0383,user-010,0x4198e198370c3226c218c1220ae79bbc731fb1a59b33a0feb442c2b300c94053,0x2071d4950937b1ca48d2df7c31b2bc737e662635ba13220812ede1e304ab904a,TOU,21.583,2026-02-17T21:51:38.235297Z,2026-02-17T22:51:38.235297Z,0xf8a73b66d9d9efcc4dbbd6eeb360a43099baef2ee5477fc7e23808b695ac93bd,2026-02-17
run_20260217_222909-0384,user-006,0xb19ae145ecffa34e1c09c406de20f865a9981fe22514e2d35abb745ce6421b50,0xc7a4f25ff943059358d656a3f6c212417f7ec497f5028aaf8ab509b95ca8cd21,TOU,7.193,2026-02-17T00:55:45.775466Z,2026-02-17T01:35:45.775466Z,0xf8a73b66d9d9efcc4dbbd6eeb360a43099baef2ee5477fc7e23808b695ac93bd,2026-02-17
run_20260217_222909-0385,user-005,0x1ef2bb6f721d4d835ba661015b325bb5054dbd0e3fb52071f03e41c87fb0a64b,0x4bb888c6ca2ae293895f5cd35c6b4c21a4e08eba15e23ddce58c4a8e789bc9e8,TOU,9.264,2026-02-17T04:34:11.404636Z,2026-02-17T05:49:11.404636Z,0xf8a73b66d9d9efcc4dbbd6eeb360a43099baef2ee5477fc7e23808b695ac93bd,2026-02-17
run_20260217_222909-0386,user-003,0xdd3a2e85f24bd9166bcc21c13620916720b08e860c5f58cf012d920e7e371f6b,0x6f7cf62b6ec57be53d749299530b3f611920bbc02704398e58cfe6c52d8f6f39,TOU,3.674,2026-02-17T04:47:54.258646Z,2026-02-17T05:07:54.258646Z,0xf8a73b66d9d9efcc4dbbd6eeb360a43099baef2ee5477fc7e23808b695ac93bd,2026-02-17
run_20260217_222909-0387,user-007,0xa0f8b57477f0856019844844a8a292b8dc2ef7bcc3bfe25c93b9e56cda4bb019,0xc338f1302796ab2db64e1219fa3a4e55c72f6b98f30d971d72818a3393279db0,TOU,10.875,2026-02-17T05:29:40.223018Z,2026-02-17T05:59:40.223018Z,0xf8a73b66d9d9efcc4dbbd6eeb360a43099baef2ee5477fc7e23808b695ac93bd,2026-02-17
run_20260217_222909-0388,user-001,0x1a7608568da6ada06e89c36a40100abc3ab936b53aa52fa2ce76535e961b9bb2,0x20e40a55b25745ce7bd8e5a57e31793860501150f9e1ca8d985ebfffe2b11a51,TOU,11.134,2026-02-17T19:57:39.325721Z,2026-02-17T20:57:39.325721Z,0xf8a73b66d9d9efcc4dbbd6eeb360a43099baef2ee5477fc7e23808b695ac93bd,2026-02-17
run_20260217_222909-0389,user-009,0xa2d6d3e9d8b97266ede1cf00a43d7ad329b393bdc96aa8af30a0f8d76d32c4d9,0x6e73c26985a7710ded2404b156632836591681255ddd6f8598c94fe5d4ffb158,TOU,2.465,2026-02-17T07:35:39.486737Z,2026-02-17T07:55:39.486737Z,0xf8a73b66d9d9efcc4dbbd6eeb360a43099baef2ee5477fc7e23808b695ac93bd,2026-02-17
run_20260217_222909-0390,user-006,0xfab3c93a01bec8b7993c0349405d8014f1c0b1965331bf2974502468a6c9f55f,0x6843bbc27f9258bbc2aa237276bbde5b6f15f997d25f36eea04d680d0a86170d,TOU,3.535,2026-02-17T17:29:43.823476Z,2026-02-17T17:49:43.823476Z,0xf8a73b66d9d9efcc4dbbd6eeb360a43099baef2ee5477fc7e23808b695ac93bd,2026-02-17
run_20260217_222909-0391,user-004,0x21d5686592617cde305d723b44a25d22927c5f2463c2958272d2f2ae892d855d,0x27dc084292792eed4a02e77b3445919bf6eaa03564a129f53c8ca7f9d7afef0a,TOU,5.208,2026-02-17T11:30:16.119373Z,2026-02-17T12:00:16.119373Z,0xf8a73b66d9d9efcc4dbbd6eeb360a43099baef2ee5477fc7e23808b695ac93bd,2026-02-17
run_20260217_222909-0392,user-005,0x96b973eb0d03c1149b78d351dd4772693bde24c741f693837af0c8b1cabe6377,0x3fc452626d5cd42423e66cd1cc164a024269305116041604739e13e847f597ed,TOU,2.282,2026-02-17T17:56:16.176343Z,2026-02-17T18:16:16.176343Z,0xf8a73b66d9d9efcc4dbbd6eeb360a43099baef2ee5477fc7e23808b695ac93bd,2026-02-17
run_20260217_222909-0393,user-002,0xd7ed103d760c921181b971e3b546099eba6b3630f23ba5c8ca1bb3c766232fed,0xfbcd61faf6668a92c6632a6136167ccbba0fa1a5e71cd3020d02320b477c9b27,TOU,2.252,2026-02-17T06:59:22.310856Z,2026-02-17T07:19:22.310856Z,0xf8a73b66d9d9efcc4dbbd6eeb360a43099baef2ee5477fc7e23808b695ac93bd,2026-02-17
run_20260217_222909-0394,user-003,0x8cad1cac07725ec3410b10cadb92380e9de57dd8c2ede38e851fa910f8ca3f6f,0x2804ccedb663dfe403d8ffe7febc30a1c7de2ec3a0d46843db5620e9891d0a1c,TOU,5.721,2026-02-17T02:28:45.459137Z,2026-02-17T02:58:45.459137Z,0xf8a73b66d9d9efcc4dbbd6eeb360a43099baef2ee5477fc7e23808b695ac93bd,2026-02-17
run_20260217_222909-0395,user-006,0xba9684fa19496fb5ac45c0acc7c52f41ba1e57d62371b32854dff745c989b3f8,0xa35b913e70fd53dc222d4ee73c66dccd992c509937f4a315587d1dd400246d4d,TOU,3.572,2026-02-17T17:48:26.118160Z,2026-02-17T18:08:26.118160Z,0xf8a73b66d9d9efcc4dbbd6eeb360a43099baef2ee5477fc7e23808b695ac93bd,2026-02-17
run_20260217_222909-0396,user-002,0xf0d176c3e52fb5a12157b29c52a37865e2239cff11e5cad2a954cab56e797e10,0x377ab0da59299c71375f2119e0b9347024df5967ad90379831064cbc8c1651d4,TOU,11.107,2026-02-17T12:10:55.237655Z,2026-02-17T12:40:55.237655Z,0xf8a73b66d9d9efcc4dbbd6eeb360a43099baef2ee5477fc7e23808b695ac93bd,2026-02-17
run_20260217_222909-0397,user-005,0x7e2c42fb492e121bd9c1b6a13b3b2fa9c8080de3b06d4b1419ceaf8e99ec2afc,0x8e88ba4627c75f26a88496ed1355252bc3f70261d29c0a99cdfd6dec75f9a5d9,TOU,2.253,2026-02-17T21:30:15.993182Z,2026-02-17T21:50:15.993182Z,0xf8a73b66d9d9efcc4dbbd6eeb360a43099baef2ee5477fc7e23808b695ac93bd,2026-02-17
run_20260217_222909-0398,user-001,0x075940e5ad31033c1ac60394fce551f5c7d9216836e523d0506b3dc4c9434197,0x176f8f7b54a43fb6432c0a9709c997d109313a73781c8b67f57c3c2465f21422,TOU,10.775,2026-02-17T01:35:37.982287Z,2026-02-17T02:35:37.982287Z,0xf8a73b66d9d9efcc4dbbd6eeb360a43099baef2ee5477fc7e23808b695ac93bd,2026-02-17
run_20260217_222909-0399,user-008,0x199b529b24e2fad4b7563d69efb031a9ba2b771e814fefc488129434641dde04,0x1f07b45664480ee8696d80c756f45780536719c78d808d4211b421a122ddb0b0,TOU,13.76,2026-02-17T21:04:28.004615Z,2026-02-17T22:19:28.004615Z,0xf8a73b66d9d9efcc4dbbd6eeb360a43099baef2ee5477fc7e23808b695ac93bd,2026-02-17
run_20260217_222909-0400,user-007,0x842f7a74ff4d108e03f905f85b169f06c81b38f04099902ef025f76b79aec69b,0xb2136a553e6f222c61e9506464ecc5a0ef7df96e3eb4ab134cfca5d118f471b4,TOU,7.497,2026-02-17T02:28:05.795706Z,2026-02-17T03:08:05.795706Z,0xf8a73b66d9d9efcc4dbbd6eeb360a43099baef2ee5477fc7e23808b695ac93bd,2026-02-17
run_20260217_222909-0401,user-005,0xf0a5cc03ae6248a96ed223d53a3ad4b9c223d83554df7debee0257b6352cd3f8,0xe916af04ad150a2f710adba6f6bda9f5b3746321d35029e5d3a3eeaf258f79c1,TOU,7.222,2026-02-17T11:59:27.289309Z,2026-02-17T12:59:27.289309Z,0xf8a73b66d9d9efcc4dbbd6eeb360a43099baef2ee5477fc7e23808b695ac93bd,2026-02-17
run_20260217_222909-0402,user-003,0x2d6287b69d262437937175537ce129b2569923be86c0a11e67e6fb55cc7f3323,0x737c3eb14977106b8160ab4138c7442e6706ada4cc87004a3d55a87f76d75f92,TOU,3.841,2026-02-17T12:14:59.496769Z,2026-02-17T12:34:59.496769Z,0xf8a73b66d9d9efcc4dbbd6eeb360a43099baef2ee5477fc7e23808b695ac93bd,2026-02-17
run_20260217_222909-0403,user-001,0x7b5e3c48a4bdcf44c450841e21b7eb6bad15f6bb93a253603f136389bf81350d,0x7558efe97482714668a638cf3c4585d7aca93a42f4e740c7d532ee18e9c9ae1b,TOU,3.643,2026-02-17T02:16:17.172906Z,2026-02-17T02:36:17.172906Z,0xf8a73b66d9d9efcc4dbbd6eeb360a43099baef2ee5477fc7e23808b695ac93bd,2026-02-17
run_20260217_222909-0404,user-010,0x629782f2306705316dbc4b4583814c16ac270848bfde39c0376132ec7d47c702,0xce80c835c83f08c6dc434163848a47a4accbd331a9039d60a95630ed538c07f4,TOU,5.655,2026-02-17T18:41:22.533905Z,2026-02-17T19:11:22.533905Z,0xf8a73b66d9d9efcc4dbbd6eeb360a43099baef2ee5477fc7e23808b695ac93bd,2026-02-17
run_20260217_222909-0405,user-004,0x61a737984aabcd22996e91b936bb42a44ce4a60d36dd9cdbd71860edef847f46,0x5eb6b367c795d7984272338cc41cf0966f3fc4ae8d70ecc991a2c15ad6fe5a26,TOU,8.924,2026-02-17T05:38:30.710963Z,2026-02-17T06:53:30.710963Z,0xf8a73b66d9d9efcc4dbbd6eeb360a43099baef2ee5477fc7e23808b695ac93bd,2026-02-17
run_20260217_222909-0406,user-010,0x868373aebbd5ea3e0188ad600581a0a370d2bbe978b249d7cce70fa885609a62,0xa3b635cc81772830f3fb6b2e294aa05591980e05ff496788cdcfb25711c796ad,TOU,21.222,2026-02-17T02:41:50.531734Z,2026-02-17T03:41:50.531734Z,0xf8a73b66d9d9efcc4dbbd6eeb360a43099baef2ee5477fc7e23808b695ac93bd,2026-02-17
run_20260217_222909-0407,user-005,0x9542b5126cde939ab06e089deaa5fbf41950dace8d0d11f12e08470e8abcd08d,0xd1b6537f20d25c7bae73255ca06f244979a192c015cfb4d04fcde653a8a63afa,TOU,7.547,2026-02-17T15:38:05.451824Z,2026-02-17T15:58:05.451824Z,0xf8a73b66d9d9efcc4dbbd6eeb360a43099baef2ee5477fc7e23808b695ac93bd,2026-02-17
run_20260217_222909-0408,user-009,0x487c1574b947cd6ae1487fc6809c58e6d3c906de699f6bdb9ad19ccb5a879dab,0xa8b428511d5cf4d31dc925c8af05bc047d33f0bac770f554888186e667defcb4,TOU,21.307,2026-02-17T11:48:08.478629Z,2026-02-17T12:48:08.478629Z,0xf8a73b66d9d9efcc4dbbd6eeb360a43099baef2ee5477fc7e23808b695ac93bd,2026-02-17
run_20260217_222909-0409,user-010,0x71bd513da8b0fdb835476bbdbc29328bdcc3aae712a0f59b8c4c134ba7e8e561,0x8dbd0bdf1d04b3b01acb92bd13140d70d3ba410ec042e405a154c526456423fb,TOU,7.155,2026-02-17T04:39:34.722518Z,2026-02-17T05:39:34.722518Z,0xf8a73b66d9d9efcc4dbbd6eeb360a43099baef2ee5477fc7e23808b695ac93bd,2026-02-17
run_20260217_222909-0410,user-002,0x724ab4b0fe02988a5d34d24b3df7fc6f5ea389b3f424fb2596d8855ee5edbcd5,0xbd5a12ad1ee19667949d819b3b367bfde96fc290eac40204b36f77cdc100046a,TOU,2.288,2026-02-17T16:09:22.175785Z,2026-02-17T16:29:22.175785Z,0xf8a73b66d9d9efcc4dbbd6eeb360a43099baef2ee5477fc7e23808b695ac93bd,2026-02-17
run_20260217_222909-0411,user-001,0xa05042f2ecf8bc095a87476952e5b84ce4f07a1c82975159d471a513bc044693,0xcb0147f5a25c3e265b8fb9a400b6254a471ab308c74bf28222357a0ce8664fc5,TOU,3.641,2026-02-17T02:36:41.763888Z,2026-02-17T03:06:41.763888Z,0xf8a73b66d9d9efcc4dbbd6eeb360a43099baef2ee5477fc7e23808b695ac93bd,2026-02-17
run_20260217_222909-0412,user-003,0x7819e3af29a8c024b32d76916d61288bea772efc36aa81c2b57fec05ccdca7dc,0x29ed409aff4f70d91bec057ea3394bf4ca05cb7db1727fef1d3651ebed820ab5,TOU,8.741,2026-02-17T23:12:47.026947Z,2026-02-18T00:27:47.026947Z,0xf8a73b66d9d9efcc4dbbd6eeb360a43099baef2ee5477fc7e23808b695ac93bd,2026-02-17
run_20260217_222909-0413,user-008,0xa82b7ab350d226ed0083292f11b0f1587b5b054d33b3c9f062b303991c46953c,0x23752359d273cfd9a27dcc23039046a892d135261169b89c8cf4fcc405b006a2,TOU,11.04,2026-02-17T03:17:26.001809Z,2026-02-17T03:47:26.001809Z,0xf8a73b66d9d9efcc4dbbd6eeb360a43099baef2ee5477fc7e23808b695ac93bd,2026-02-17
run_20260217_222909-0414,user-010,0x5d7a1d6b514060247f7e147e2cdc24bf0252e29191f16b41b2caa7661d619b27,0x62f5fcdc9949c9da343cf4863b40ec4c0cd86235de3f7b675a72a089f49d769c,TOU,8.817,2026-02-17T01:16:23.796563Z,2026-02-17T02:31:23.796563Z,0xf8a73b66d9d9efcc4dbbd6eeb360a43099baef2ee5477fc7e23808b695ac93bd,2026-02-17
run_20260217_222909-0415,user-002,0x339a6c96931d370ca583704e663fedc4c6b7746ea5578c22d532a4fa2b224fa6,0x3f956f3bce23e48a8e2577609eb1696f9bc2ca9abc2af879b62d2ce17bc6ed3c,TOU,4.635,2026-02-17T23:36:03.633791Z,2026-02-18T00:16:03.633791Z,0xf8a73b66d9d9efcc4dbbd6eeb360a43099baef2ee5477fc7e23808b695ac93bd,2026-02-17
run_20260217_222909-0416,user-001,0x55cf8c00c7d05e9697062299a162c292af814476336dadc42bf514ec397a2be5,0x3c295ec54e5f45f279edb700f9a12776a61245cf53d27e220e322cf7ce3e5803,TOU,3.708,2026-02-17T03:20:02.938954Z,2026-02-17T03:40:02.938954Z,0xf8a73b66d9d9efcc4dbbd6eeb360a43099baef2ee5477fc7e23808b695ac93bd,2026-02-17
run_20260217_222909-0417,user-010,0x4ec2830d16e130a6bc407c65f204f75c6022c73f06804e7ebdc95bb4a275b278,0xb86de13bc70b0a70b0fb40b08eb1cc1da0e3b70078c05bdb10e783d51a98cc85,TOU,11.746,2026-02-17T10:57:53.606803Z,2026-02-17T11:27:53.606803Z,0xf8a73b66d9d9efcc4dbbd6eeb360a43099baef2ee5477fc7e23808b695ac93bd,2026-02-17
run_20260217_222909-0418,user-006,0x34d773230b120bd13cce6325222186f572e893de9b146797b36f737ea0940b05,0xdbb1fd52aa3c8ec25a612d6057c3cd06cf20b222d91d4f66653ec4d627b76427,TOU,3.598,2026-02-17T12:48:53.511588Z,2026-02-17T13:08:53.511588Z,0xf8a73b66d9d9efcc4dbbd6eeb360a43099baef2ee5477fc7e23808b695ac93bd,2026-02-17
run_20260217_222909-0419,user-006,0xae3a6d20c1adb1c8ad90da975f75884fb4d2bde15ce04b8a5ae10657a8369f54,0x6e1a48a01d8fd9e3aaea307a8de8fed83d2922d0c8d3ac9bb4f33e7a2a1ccccf,TOU,6.33,2026-02-17T18:15:22.134257Z,2026-02-17T18:35:22.134257Z,0xf8a73b66d9d9efcc4dbbd6eeb360a43099baef2ee5477fc7e23808b695ac93bd,2026-02-17
run_20260217_222909-0420,user-004,0xe4e935d5220ce910918de53830ce4df3e598608704a986723035be3e0ceb1912,0xd2e4698842f239583e7c54959fc690e4f31b14af5373510ab7ee4b0595207fee,TOU,14.47,2026-02-17T16:17:31.926257Z,2026-02-17T16:57:31.926257Z,0xf8a73b66d9d9efcc4dbbd6eeb360a43099baef2ee5477fc7e23808b695ac93bd,2026-02-17
run_20260217_222909-0421,user-005,0x5de11fd588fc38983cecba4b2b60d739900e3b2433c04c7a758ff09db79c2ce7,0x9f2560c304042127ab7586817bad8e1fcb9c001f98ce6ba398acf67a74ca4500,TOU,15.481,2026-02-17T13:08:09.067741Z,2026-02-17T13:48:09.067741Z,0xf8a73b66d9d9efcc4dbbd6eeb360a43099baef2ee5477fc7e23808b695ac93bd,2026-02-17
run_20260217_222909-0422,user-002,0x1118b4885a65343f0875e5ace50ccad7d652638452d36158b93b627919423ff7,0xdb4477b134780c7f98a14d2469a1bb51d7d70d8b7d77b2e1a748cd60eed83702,TOU,4.775,2026-02-17T21:21:30.870861Z,2026-02-17T22:01:30.870861Z,0xf8a73b66d9d9efcc4dbbd6eeb360a43099baef2ee5477fc7e23808b695ac93bd,2026-02-17
run_20260217_222909-0423,user-007,0xad36ebede60d4ed1e7452dee7e4a2788bcba2c4f9961d93e1e4554d1dfaecc63,0x322eb4ca2ae84cc56875ad57d9db9363fabbdb35315f6bd6a8bae289a0ed4154,TOU,3.726,2026-02-17T13:19:50.491502Z,2026-02-17T13:39:50.491502Z,0xf8a73b66d9d9efcc4dbbd6eeb360a43099baef2ee5477fc7e23808b695ac93bd,2026-02-17
run_20260217_222909-0424,user-007,0x9c62a05c3d71fddf93c895f18b7bc804a3a34dcf7110b53a46bab30072719a10,0x0b76242ca1fd3b728a49a9d81204356762ef367f50ded4cd3ebcc77dabdc0ee7,TOU,6.987,2026-02-17T10:05:39.922079Z,2026-02-17T10:45:39.922079Z,0xf8a73b66d9d9efcc4dbbd6eeb360a43099baef2ee5477fc7e23808b695ac93bd,2026-02-17
run_20260217_222909-0425,user-006,0x7087dd27d009a827adb26f6d160a098e2d4ee76726a12fd9f50060ee9ee7cf4f,0xd702e0dbfe40d0a766f7ca7e2e52c4e4d66dd3132bebbae0c050370a8054522d,TOU,2.445,2026-02-17T00:41:09.442220Z,2026-02-17T01:01:09.442220Z,0xf8a73b66d9d9efcc4dbbd6eeb360a43099baef2ee5477fc7e23808b695ac93bd,2026-02-17
run_20260217_222909-0426,user-003,0x6cdee39735003005e38467ba1b8ac1a398481530b4bbd24e8f0ce2d8239618ec,0x6a24258c9bc47976cdcb8ea22ec3e2044813c640a9046c82013615a1f7e32c09,TOU,3.75,2026-02-17T00:37:34.993889Z,2026-02-17T01:07:34.993889Z,0xf8a73b66d9d9efcc4dbbd6eeb360a43099baef2ee5477fc7e23808b695ac93bd,2026-02-17
run_20260217_222909-0427,user-006,0x252c013ee084b32b1d525ddd7f3a1cbf74cb7443c38e0044ae25f4d47bde308b,0x8f881960c8ba06b9b0c43b7c96e56d680bcde2f66de197cd3ff1dbe559a9d5d4,TOU,5.555,2026-02-17T00:30:38.850553Z,2026-02-17T01:00:38.850553Z,0xf8a73b66d9d9efcc4dbbd6eeb360a43099baef2ee5477fc7e23808b695ac93bd,2026-02-17
run_20260217_222909-0428,user-008,0x665876478ee685cf5545be9846755610c7dd2bc5e9d495147b0b6a06b79dcac2,0xae2ae4cc7e23ec66697ce05d5e71443159131b0f185acfd29f361b379c06f2b7,TOU,3.555,2026-02-17T01:42:57.104567Z,2026-02-17T02:12:57.104567Z,0xf8a73b66d9d9efcc4dbbd6eeb360a43099baef2ee5477fc7e23808b695ac93bd,2026-02-17
run_20260217_222909-0429,user-010,0x8253b53b941968d2577c03867ab60ee5b3fa1fb183d2bd206d5a3c7fbd0a7185,0xbbabb7d46a23c25f66280cd1a8d949e4e4213390419b9c939aa861281c2ed529,TOU,27.57,2026-02-17T07:58:40.900002Z,2026-02-17T09:13:40.900002Z,0xf8a73b66d9d9efcc4dbbd6eeb360a43099baef2ee5477fc7e23808b695ac93bd,2026-02-17
run_20260217_222909-0430,user-005,0xd5e15985006119a850e9e9897ab082c08dcd6ce57785ac544c69e3ef243054ae,0x7991b9e96000c26491b61548c8b1d134028159c014c83b5b44afa2b592ca5eab,TOU,7.622,2026-02-17T19:17:10.165815Z,2026-02-17T19:37:10.165815Z,0xf8a73b66d9d9efcc4dbbd6eeb360a43099baef2ee5477fc7e23808b695ac93bd,2026-02-17
run_20260217_222909-0431,user-006,0x65f2424b232384454d111991df5eeb5f41bebf5f98820127a1154ecda138990e,0x43f52e3d6208ceee246b8281e1cb5e3c9982c0937f1c09f537810e63a42622da,TOU,9.368,2026-02-17T09:30:25.950033Z,2026-02-17T10:45:25.950033Z,0xf8a73b66d9d9efcc4dbbd6eeb360a43099baef2ee5477fc7e23808b695ac93bd,2026-02-17
run_20260217_222909-0432,user-007,0xf58262cf981c6231f0ee19df83d6066290b0133a8ec3fb81086599dfaac9fa3a,0x3a0ae5929530ad49458c1aa717eda20d2287f10108b9c6e7674beee117c07f19,TOU,7.318,2026-02-17T06:29:48.483462Z,2026-02-17T07:29:48.483462Z,0xf8a73b66d9d9efcc4dbbd6eeb360a43099baef2ee5477fc7e23808b695ac93bd,2026-02-17
run_20260217_222909-0433,user-009,0xbd721b7f7bb0f30ce6aced73e18f13710bef0b49ee0c585f5b641d29c392a735,0x40daad98377f9f9ce6bfc36e0b601f09397647ce9b5c7cfa871181cf15dccee4,TOU,9.063,2026-02-17T12:53:32.835060Z,2026-02-17T14:08:32.835060Z,0xf8a73b66d9d9efcc4dbbd6eeb360a43099baef2ee5477fc7e23808b695ac93bd,2026-02-17
run_20260217_222909-0434,user-005,0x7588c28e7c6272e07d0bdec36b16c242c721d9ac98f820b758b2095c6b83943b,0x39214baabf8d398682218bf107d50b8ba1066fefe23948ac0842d36fb0177e17,TOU,21.242,2026-02-17T13:58:17.654885Z,2026-02-17T14:58:17.654885Z,0xf8a73b66d9d9efcc4dbbd6eeb360a43099baef2ee5477fc7e23808b695ac93bd,2026-02-17
run_20260217_222909-0435,user-010,0x2fdab8b0bea4e0f9a967e78e7c3afc60d6aef3ed61b0cef39d97bcfd3149e1c2,0x04a3462614b5742cc062d3c82683818ac49cedc4ca072c293053887999f148b1,TOU,4.7,2026-02-17T23:33:44.105043Z,2026-02-18T00:13:44.105043Z,0xf8a73b66d9d9efcc4dbbd6eeb360a43099baef2ee5477fc7e23808b695ac93bd,2026-02-17
run_20260217_222909-0436,user-005,0x52c1a34685aacd24693b56253862dd2d526a9fdeed6a61d0f9e7c26e07e79437,0x495db133aec6b1850f05f4d6f06a6b013a946bcba5af54426c953c7156f2431f,TOU,7.441,2026-02-17T11:16:21.494697Z,2026-02-17T11:36:21.494697Z,0xf8a73b66d9d9efcc4dbbd6eeb360a43099baef2ee5477fc7e23808b695ac93bd,2026-02-17
run_20260217_222909-0437,user-006,0x5416344b5fd9147ef7c4184aa168c5505640a6633c5e28adf0edececd2e1a5f5,0x8cc75dd170fb46bd2c6839aa4c093c003c0892a41637901718ec14ca0baf906f,TOU,7.213,2026-02-17T04:08:22.579493Z,2026-02-17T04:48:22.579493Z,0xf8a73b66d9d9efcc4dbbd6eeb360a43099baef2ee5477fc7e23808b695ac93bd,2026-02-17
run_20260217_222909-0438,user-003,0x41183d7a5a15789de2054be325f5dd7ac81af0f2642a5547cf42d6d76f81546c,0x03fb1ea3ff8d6dc43399d7ba0c99e8550e225cf9e03e38f59131d43988d1e170,TOU,11.102,2026-02-17T21:31:31.097062Z,2026-02-17T22:01:31.097062Z,0xf8a73b66d9d9efcc4dbbd6eeb360a43099baef2ee5477fc7e23808b695ac93bd,2026-02-17
run_20260217_222909-0439,user-002,0x6eecf262d4dc013aae6bfe35036af6500d1716104f9efbf06ffcd312dbb97eb8,0x54729f376fcb7cc34154fba8309d330de090a90e6b95539f07f263304fc9ca13,TOU,2.289,2026-02-17T13:58:01.283359Z,2026-02-17T14:18:01.283359Z,0xf8a73b66d9d9efcc4dbbd6eeb360a43099baef2ee5477fc7e23808b695ac93bd,2026-02-17
run_20260217_222909-0440,user-008,0xa20faebb4e9daf028447aaa18654a5c2f3326f7d69a0f14ae39dca24fb9fbc29,0xe6b6ee64ac47295b03dfcb22fcade9ece208c0f3dfd03c7555623bba971d8d6b,TOU,27.285,2026-02-17T02:37:47.640303Z,2026-02-17T03:52:47.640303Z,0xf8a73b66d9d9efcc4dbbd6eeb360a43099baef2ee5477fc7e23808b695ac93bd,2026-02-17
run_20260217_222909-0441,user-004,0x15c7e3cbf8b3a018d233a2373e18a40720f43291d34df584aa6fed6cad7c4761,0x8fa82c5a041f9fa4a4e0d34a40e327d6a569db6382072bb41cfc5451b3eaf304,TOU,28.298,2026-02-17T21:23:44.578207Z,2026-02-17T22:38:44.578207Z,0xf8a73b66d9d9efcc4dbbd6eeb360a43099baef2ee5477fc7e23808b695ac93bd,2026-02-17
run_20260217_222909-0442,user-006,0x69063c4a5520d7ed08c06be194766f69b8bfb663cab9cce7bb8fb5dfa9aa266f,0x5ebf98ec1666cc7a667f00d3164b7ee39115116ec3956ffbae595a6dfbd768e3,TOU,27.894,2026-02-17T15:31:49.637171Z,2026-02-17T16:46:49.637171Z,0xf8a73b66d9d9efcc4dbbd6eeb360a43099baef2ee5477fc7e23808b695ac93bd,2026-02-17
run_20260217_222909-0443,user-008,0x5591c9992d1e9576d8373b4b05d8f4810745966d091ea35578c2dcafef3c6740,0x7bc656e900ee2d0fc918c5eefc68459b6216e820b9d454e523fd961ac7e4d1bd,TOU,2.221,2026-02-17T07:49:07.379678Z,2026-02-17T08:09:07.379678Z,0xf8a73b66d9d9efcc4dbbd6eeb360a43099baef2ee5477fc7e23808b695ac93bd,2026-02-17
run_20260217_222909-0444,user-006,0x8a82a6c43079b594ffc36b097ae47bbca906cb49399cccfa85598dfa40213303,0xcc7f8ad8b0f9a6bc7c3787373cab5941b0eea26c7381c8158bfc03fa92728dff,TOU,7.807,2026-02-17T21:00:59.629226Z,2026-02-17T21:20:59.629226Z,0xf8a73b66d9d9efcc4dbbd6eeb360a43099baef2ee5477fc7e23808b695ac93bd,2026-02-17
run_20260217_222909-0445,user-008,0x946ddd1078d96fb4fdb4370a23db7da19c0ae5af48bf0c3681737c6a602371cd,0x74ce5e9123cbf807b818c08596a104e04cf44602f1398c87cbfdefa746996f3a,TOU,7.133,2026-02-17T21:12:21.566758Z,2026-02-17T21:52:21.566758Z,0xf8a73b66d9d9efcc4dbbd6eeb360a43099baef2ee5477fc7e23808b695ac93bd,2026-02-17
run_20260217_222909-0446,user-008,0x13fbf5d6f61b3b38f0c42730c41a9196adb567b89881ba2c461fe12c921f3fa5,0x54469c8e963218a03ff95e9815debdfbab7bcda0dce3a633da39cbb3b9ba7837,TOU,4.727,2026-02-17T01:26:43.315050Z,2026-02-17T02:06:43.315050Z,0xf8a73b66d9d9efcc4dbbd6eeb360a43099baef2ee5477fc7e23808b695ac93bd,2026-02-17
run_20260217_222909-0447,user-002,0x51e0b0ffb217827f796bf32b29d467ebf908e8c12364fcedc9310a057176a351,0xa82e404d342f9180e18f77caf04c47e154316ab6073aa0355fba7711aa8878d8,TOU,3.755,2026-02-17T06:11:20.261412Z,2026-02-17T06:41:20.261412Z,0xf8a73b66d9d9efcc4dbbd6eeb360a43099baef2ee5477fc7e23808b695ac93bd,2026-02-17
run_20260217_222909-0448,user-005,0xd7ce318279dee8be364b9602d9903cff41a85ceab3d0d529a4282da425990c50,0x2f39a1c305b2eb50536a06cfe28c1ef711bb946da1fb95ac8e0f2fb66fb19c16,TOU,27.519,2026-02-17T05:37:39.810146Z,2026-02-17T06:52:39.810146Z,0xf8a73b66d9d9efcc4dbbd6eeb360a43099baef2ee5477fc7e23808b695ac93bd,2026-02-17
run_20260217_222909-0449,user-001,0x4c9630cb90c47aa719554c3042ec511457ddac8c709708c48bfe03493e5287f4,0x721e7e9d09237e10f90ac905e99921477611ab68751d07a747da69cb6cab0827,TOU,21.456,2026-02-17T04:03:21.002711Z,2026-02-17T05:03:21.002711Z,0xf8a73b66d9d9efcc4dbbd6eeb360a43099baef2ee5477fc7e23808b695ac93bd,2026-02-17
run_20260217_222909-0450,user-005,0x2a454eaa301625911f83cdc749d7900374f05237c1c059ee22e844984dabc1af,0xc9c6d2f8860b7cec7784d14aff74e4d19ce665ea0682fe1ca84e802b4d633297,TOU,28.006,2026-02-17T10:57:53.346885Z,2026-02-17T12:12:53.346885Z,0xf8a73b66d9d9efcc4dbbd6eeb360a43099baef2ee5477fc7e23808b695ac93bd,2026-02-17
run_20260217_222909-0451,user-002,0x9a3fe6f26974c0c0412d55abddbc6fb77cc8919a8446756dea48c8ea60f49c4a,0x44f43df58f2c7801125c1b7632e9ad364bbca1cf70eb7029805534cc2a717db7,TOU,21.907,2026-02-17T10:19:50.908679Z,2026-02-17T11:19:50.908679Z,0xf8a73b66d9d9efcc4dbbd6eeb360a43099baef2ee5477fc7e23808b695ac93bd,2026-02-17
run_20260217_222909-0452,user-001,0x115aecb394f398d20a24a49cad65c3a64827fd5feff1aa58dbcfc12e7fa609a9,0xb89af095aaf53bc8ba2114741ce715363154fb76b9d8ec7c4aedf394548ea118,TOU,7.164,2026-02-17T20:54:23.687301Z,2026-02-17T21:34:23.687301Z,0xf8a73b66d9d9efcc4dbbd6eeb360a43099baef2ee5477fc7e23808b695ac93bd,2026-02-17
run_20260217_222909-0453,user-004,0xc35f3b398040414532800cb11981a08fd3d1b0c06cada84cecd183930120d1b8,0x2abc445d1de3b1cbbf05feb5c25efb309a00b05785534e9c8dbebe4a20bff4c5,TOU,15.606,2026-02-17T18:21:08.651559Z,2026-02-17T19:01:08.651559Z,0xf8a73b66d9d9efcc4dbbd6eeb360a43099baef2ee5477fc7e23808b695ac93bd,2026-02-17
run_20260217_222909-0454,user-007,0x769f8ff67baf43594f36a85a3d6552f99bdf092c106e6d6397bbfcf7633f26d9,0x66c7b2044ec14be3c02b281ad6dd8a8ad53fe74416470f91855329ad812be262,TOU,21.779,2026-02-17T17:35:04.128314Z,2026-02-17T18:35:04.128314Z,0xf8a73b66d9d9efcc4dbbd6eeb360a43099baef2ee5477fc7e23808b695ac93bd,2026-02-17
run_20260217_222909-0455,user-007,0x75e2b5cec1d008d644b5a749e88d5ce577cd0584c440d44816a3d48fbc5c2c4f,0x744072b9d04326f987318bb49cc6e47437caa885ced3be4cde051a020e3bb8d5,TOU,7.34,2026-02-17T19:08:28.054642Z,2026-02-17T19:28:28.054642Z,0xf8a73b66d9d9efcc4dbbd6eeb360a43099baef2ee5477fc7e23808b695ac93bd,2026-02-17
run_20260217_222909-0456,user-002,0x97225b0d91aabc32e0cc119f8b34312d46822946bbc12bd8ab5764fde9140071,0x7ce9812fa19637c22286884e78a87360c3d24c5fd33900c9256183655c424874,TOU,8.897,2026-02-17T06:45:30.128761Z,2026-02-17T08:00:30.128761Z,0xf8a73b66d9d9efcc4dbbd6eeb360a43099baef2ee5477fc7e23808b695ac93bd,2026-02-17
run_20260217_222909-0457,user-009,0x2bcfabb6e686c90ac92fe189e158171e3d052ff47542b7ea9431ef3ac23d419c,0x8234a02cb552c50935711c580c77418ed3f1839c09bc33d052ae18c7c02af1d0,TOU,6.707,2026-02-17T19:38:56.086483Z,2026-02-17T19:58:56.086483Z,0xf8a73b66d9d9efcc4dbbd6eeb360a43099baef2ee5477fc7e23808b695ac93bd,2026-02-17
run_20260217_222909-0458,user-005,0x72d3485b0a57b42d313e30b86e8820cedb6eb70de222720cca648310aeed1cae,0x48cacaf01e7832d058c13127cce6d71dae69206f046b2c2cebfdc901dca8f1f9,TOU,26.973,2026-02-17T01:29:29.123229Z,2026-02-17T02:44:29.123229Z,0xf8a73b66d9d9efcc4dbbd6eeb360a43099baef2ee5477fc7e23808b695ac93bd,2026-02-17
run_20260217_222909-0459,user-003,0x3a4d08d5ccffaa59cc8d7d840e1c6a14bfbf1724a9448eb4ad12d3ca77711a4c,0x6990218835670e4200f8a66ac2ac7d6554cfef9f09b2db580a1d2f17d8fb04da,TOU,8.976,2026-02-17T17:49:43.010746Z,2026-02-17T19:04:43.010746Z,0xf8a73b66d9d9efcc4dbbd6eeb360a43099baef2ee5477fc7e23808b695ac93bd,2026-02-17
run_20260217_222909-0460,user-001,0x0571719e8d1aaf1facdc77c51dce9fc1be8ae80ba711ee04d1dbd4828a4624aa,0x0f322586219edde7b622ddac54b2d331aee3c1e00b9085416567c38f6b74301f,TOU,7.573,2026-02-17T00:51:08.812659Z,2026-02-17T01:51:08.812659Z,0xf8a73b66d9d9efcc4dbbd6eeb360a43099baef2ee5477fc7e23808b695ac93bd,2026-02-17
run_20260217_222909-0461,user-009,0x62ca9f6a198f338196d689e0e2027b98843f98fb3080b319d4626f2cbf389088,0x8d4226afe7701597e5b5ef42f833d2042484aaad78a1206c895b137cca1fb67b,TOU,28.205,2026-02-17T01:35:34.377345Z,2026-02-17T02:50:34.377345Z,0xf8a73b66d9d9efcc4dbbd6eeb360a43099baef2ee5477fc7e23808b695ac93bd,2026-02-17
run_20260217_222909-0462,user-005,0x71a5fc4115e06d7df0a75ed64fa44c28e35ec113ada1e634bf85ceab61aaae2d,0x219c391c2e694ed173261a0a4e4c333a9f5f2ad56a473757d60cc8818a46c2c5,TOU,3.63,2026-02-17T03:16:25.445730Z,2026-02-17T03:36:25.445730Z,0xf8a73b66d9d9efcc4dbbd6eeb360a43099baef2ee5477fc7e23808b695ac93bd,2026-02-17
run_20260217_222909-0463,user-005,0xfe3d6c5ada80301f4cf10a926308c5a548aa0fa4fefd4107a419241d918a4e0d,0x8debbfd0258b92afc31b06f73b73a50f79cfa83333ae7ee1e6e320c2d0a79494,TOU,5.598,2026-02-17T02:52:36.942068Z,2026-02-17T03:22:36.942068Z,0xf8a73b66d9d9efcc4dbbd6eeb360a43099baef2ee5477fc7e23808b695ac93bd,2026-02-17
run_20260217_222909-0464,user-001,0x3069974d362cbfc7f2e3ad152a39a36bf1c1b5eb9b40ab70f60690d7ebb5cc72,0xd20afe8810daa1d4781c9295cdc49842ff5e16b3595916ca79534535a088a078,TOU,5.466,2026-02-17T07:24:25.035864Z,2026-02-17T07:54:25.035864Z,0xf8a73b66d9d9efcc4dbbd6eeb360a43099baef2ee5477fc7e23808b695ac93bd,2026-02-17
run_20260217_222909-0465,user-007,0x7cfb4288f032974ce38e210619f0a0a80841b13785a3d8daa0f58342ee7def4e,0x280d30625440d28a80dc92dd6a83a9aaa5a6408c0ab828e53cc02b0e33ecd664,TOU,10.914,2026-02-17T23:47:40.368420Z,2026-02-18T00:47:40.368420Z,0xf8a73b66d9d9efcc4dbbd6eeb360a43099baef2ee5477fc7e23808b695ac93bd,2026-02-17
run_20260217_222909-0466,user-008,0xd6c62324e2fdb68b7e6c0c89031c9f8d12cd7adb8af895fd4ff5571917a76be6,0xa5aa29b93ddbb6eab2d37bb6e790225172fde3227ff7704128427bda230e0ad3,TOU,10.412,2026-02-17T12:40:37.713115Z,2026-02-17T13:40:37.713115Z,0xf8a73b66d9d9efcc4dbbd6eeb360a43099baef2ee5477fc7e23808b695ac93bd,2026-02-17
run_20260217_222909-0467,user-003,0xddf8fc07aab67b57baa6202ddc272e43db73e86aa84b6c8ba72740f601bcc5a7,0xb62e8b5e91572f033afc7a4e77cc8e068d1cea6bc7ac43c1eb8a94ba5eb7ffcc,TOU,3.638,2026-02-17T08:51:34.492093Z,2026-02-17T09:21:34.492093Z,0xf8a73b66d9d9efcc4dbbd6eeb360a43099baef2ee5477fc7e23808b695ac93bd,2026-02-17
run_20260217_222909-0468,user-003,0xb84f229ab4d987f2775f4cb28658f2dd0ae363344b2d089c3d1d4c6063f1a523,0x36ca83635910e3fd8dc5aaca8ac9c50236fad7966ccee776c84783826e6b4944,TOU,10.849,2026-02-17T03:39:22.618865Z,2026-02-17T04:39:22.618865Z,0xf8a73b66d9d9efcc4dbbd6eeb360a43099baef2ee5477fc7e23808b695ac93bd,2026-02-17
run_20260217_222909-0469,user-001,0xfafbd7a52f51bc7f8de9fd9d83cf3ad59221a9eeced03f80b4dd69f29ac280fd,0x0c531cc300baf9c8c28c1b7278e39562c5ece4ce41b7fc5bff8ab44a75b04363,TOU,28.573,2026-02-17T01:49:43.092797Z,2026-02-17T03:04:43.092797Z,0xf8a73b66d9d9efcc4dbbd6eeb360a43099baef2ee5477fc7e23808b695ac93bd,2026-02-17
run_20260217_222909-0470,user-008,0x0516ab9cbacd01e0fe7e93f9d656dbd99a844cc1c08feb8ba0a01eff43fbdb35,0xc2fa560cc857358b4d562e3bc61aba964bcb296524be9b408c6e6af31df47840,TOU,7.407,2026-02-17T04:07:44.956150Z,2026-02-17T05:07:44.956150Z,0xf8a73b66d9d9efcc4dbbd6eeb360a43099baef2ee5477fc7e23808b695ac93bd,2026-02-17
run_20260217_222909-0471,user-007,0xd4028dd4230b4eeb6fe0c041bd97e94261e8c6f254136fad19a63ad0bf0f76e6,0x73d7f465b4c19da6c904593922bd02885fec6aac0e663377b0d4dcf645c7fd33,TOU,3.678,2026-02-17T04:57:51.150605Z,2026-02-17T05:17:51.150605Z,0xf8a73b66d9d9efcc4dbbd6eeb360a43099baef2ee5477fc7e23808b695ac93bd,2026-02-17
run_20260217_222909-0472,user-008,0xaec6ab87e29819b721ba4ab8e479254caed21a20777eb9f91be78843770d356a,0x8ee4acdc9f15595b6b0ca38427c53a05e12884a8550f5550504d16189384eeae,TOU,7.157,2026-02-17T21:55:32.178577Z,2026-02-17T22:55:32.178577Z,0xf8a73b66d9d9efcc4dbbd6eeb360a43099baef2ee5477fc7e23808b695ac93bd,2026-02-17
run_20260217_222909-0473,user-010,0xeca134cc5a37ed1a7992a248a2056692c0d30aba174cd86cbcdcb46808b4d0e6,0x0e812d4f7ae5afef438f4b5f25a1cc7ee7f8127fab6442847313c87c8053f924,TOU,2.519,2026-02-17T06:57:13.500585Z,2026-02-17T07:17:13.500585Z,0xf8a73b66d9d9efcc4dbbd6eeb360a43099baef2ee5477fc7e23808b695ac93bd,2026-02-17
run_20260217_222909-0474,user-009,0x55da1aef19352493c6dbc9630d37d567282771e6518e40d74db686ebc7a71b67,0xafb7e5b2f16a32cdeab4af8374f523279b35ca616b81bda347c3feaa909e8b17,TOU,5.877,2026-02-17T22:59:46.800955Z,2026-02-17T23:29:46.800955Z,0xf8a73b66d9d9efcc4dbbd6eeb360a43099baef2ee5477fc7e23808b695ac93bd,2026-02-17
run_20260217_222909-0475,user-002,0xf1346b32d5f697c4750bae4901f1404548f79d89f161d2bcfbda11078eeaf707,0x3ad30f1a1247409222dd1d1450978c6e40b458624b063e98dbebc8a9452b8f6e,TOU,5.428,2026-02-17T16:27:53.505864Z,2026-02-17T16:57:53.505864Z,0xf8a73b66d9d9efcc4dbbd6eeb360a43099baef2ee5477fc7e23808b695ac93bd,2026-02-17
run_20260217_222909-0476,user-005,0x5310c823039dedda4cc164cccecee27c404ead2d4749396e76b11cb3cc92a9e9,0x62b2bbb92dd76371c93083ac673dae0706893cdf10a73ec979eed3876a0901a8,TOU,7.355,2026-02-17T11:34:33.559955Z,2026-02-17T12:34:33.559955Z,0xf8a73b66d9d9efcc4dbbd6eeb360a43099baef2ee5477fc7e23808b695ac93bd,2026-02-17
run_20260217_222909-0477,user-002,0x848a1ded28f9f0c639f0366acf707e0678e4120af825fc7a7af82e64042d79b8,0x63bb7cd412edd359e53f3c9462cfd044ad2681a3a5ffd6f1bfb4613781bbb31f,TOU,7.249,2026-02-17T00:05:54.569374Z,2026-02-17T01:05:54.569374Z,0xf8a73b66d9d9efcc4dbbd6eeb360a43099baef2ee5477fc7e23808b695ac93bd,2026-02-17
run_20260217_222909-0478,user-010,0x2a377fc11ddb22d6adbdacecbb4660904d1b979a79bfb07a8b1f2f7ff84a0eb0,0x38cb0fcff58f61742bc656002848c4ae18d20b59c964f190b34237b3c6cdb9df,TOU,7.285,2026-02-17T18:53:08.972064Z,2026-02-17T19:13:08.972064Z,0xf8a73b66d9d9efcc4dbbd6eeb360a43099baef2ee5477fc7e23808b695ac93bd,2026-02-17
run_20260217_222909-0479,user-006,0x3480c8365a610a44dac9732c34b7c2b0f80158ebed885861480e553d55907594,0x1b38de32958c3edfdec0e74427c4f058d641fdff7d850fa4649deb701f5d9ac6,TOU,3.783,2026-02-17T23:21:36.868632Z,2026-02-17T23:41:36.868632Z,0xf8a73b66d9d9efcc4dbbd6eeb360a43099baef2ee5477fc7e23808b695ac93bd,2026-02-17
run_20260217_222909-0480,user-008,0xc182eea4c2b6d5fd9011bdf8e1213a7dc849f6eb53405dc21b88077bea17401d,0xb614c63d07f2d038c88a8d9967d52ad8dae2f4db4afd08a64ae7a78f5cfa728f,TOU,14.858,2026-02-17T13:05:09.603492Z,2026-02-17T13:45:09.603492Z,0xf8a73b66d9d9efcc4dbbd6eeb360a43099baef2ee5477fc7e23808b695ac93bd,2026-02-17
run_20260217_222909-0481,user-001,0xf1c81c5c01bae903907370e742a6f5f331d209da93c9c54ff4048252ca8c0763,0xbd539e75add6366bb918e3ccf922198ec40fea667d8a1d3176b149f07113ea45,TOU,7.343,2026-02-17T04:44:45.392004Z,2026-02-17T05:24:45.392004Z,0xf8a73b66d9d9efcc4dbbd6eeb360a43099baef2ee5477fc7e23808b695ac93bd,2026-02-17
run_20260217_222909-0482,user-004,0x0598d398cfc9db1901794877419dc5cff5fd3a232101af8e3ba3b801ef6e9858,0x5314981f9574911d6cb7a689e0711d547b2591192725c41258e6e36fb015e15d,TOU,10.776,2026-02-17T20:04:21.924913Z,2026-02-17T21:04:21.924913Z,0xf8a73b66d9d9efcc4dbbd6eeb360a43099baef2ee5477fc7e23808b695ac93bd,2026-02-17
run_20260217_222909-0483,user-007,0xb7df1fb6888dbc7f35a9bb84c3058500d137c07776a4a586db80b6b9324d7e73,0x4fadf34b1ad12b00ab329732d6650dc4b3289d23c133cfdc3b3f7636687dd61b,TOU,26.698,2026-02-17T12:32:55.611075Z,2026-02-17T13:47:55.611075Z,0xf8a73b66d9d9efcc4dbbd6eeb360a43099baef2ee5477fc7e23808b695ac93bd,2026-02-17
run_20260217_222909-0484,user-008,0x6430b13ef141e21bf973ce0b304de62ca540d50c22c8d48932fe304415fafd6e,0x4070b8befdd8d5a0f912434576d9d47157e0cf7d29e1afa341bda6e94dc4bcfd,TOU,10.959,2026-02-17T16:46:26.022796Z,2026-02-17T17:16:26.022796Z,0xf8a73b66d9d9efcc4dbbd6eeb360a43099baef2ee5477fc7e23808b695ac93bd,2026-02-17
run_20260217_222909-0485,user-009,0x9ae6414ed8ad537e2e8a6cb9fb24341e7bd150251075873b706371dacd63586c,0xc5c98d4de907342eda3d41840c776dd5e71b701f544bed2ca5bebb5735b1e6eb,TOU,3.512,2026-02-17T13:47:07.471768Z,2026-02-17T14:07:07.471768Z,0xf8a73b66d9d9efcc4dbbd6eeb360a43099baef2ee5477fc7e23808b695ac93bd,2026-02-17
run_20260217_222909-0486,user-001,0x6a0a56014daf923fe6fa8313ffe68be481fe607be5d41d0dea093b861f767f8b,0x97d8a94efcb5534892abf0d0d7b4a862c8b8faad6c3eb82f59356a37a5b4ef76,TOU,6.913,2026-02-17T21:14:55.973578Z,2026-02-17T22:14:55.973578Z,0xf8a73b66d9d9efcc4dbbd6eeb360a43099baef2ee5477fc7e23808b695ac93bd,2026-02-17
run_20260217_222909-0487,user-002,0x8b789652995bfaac0d3800f6033d8dfa510ae5d148d9eaa58c9c2442b80cc89c,0xb6f9538c0dd8caa6a9f9f492aa52bb9dae22f94b8f832eb19dcbfb49bd8546de,TOU,13.358,2026-02-17T06:03:16.666815Z,2026-02-17T07:18:16.666815Z,0xf8a73b66d9d9efcc4dbbd6eeb360a43099baef2ee5477fc7e23808b695ac93bd,2026-02-17
run_20260217_222909-0488,user-007,0x5657c337310187e2c73f65b83e92016bdc4cb5cdd9c21a7c6a6050788ae43dfe,0xd118a022eb29fe199003d523620b2056b4133246a6ecee90a0ed562c8ff25cfb,TOU,2.408,2026-02-17T04:40:19.040499Z,2026-02-17T05:00:19.040499Z,0xf8a73b66d9d9efcc4dbbd6eeb360a43099baef2ee5477fc7e23808b695ac93bd,2026-02-17
run_20260217_222909-0489,user-004,0xefe4c7d3448998f1845294ad44b25505036d3de73e11d52ff88d08ac46c3bb46,0x9d47231f3fddd1a6bec4f209815c479f3e90d24104ce7dc023e970f603eaa5cc,TOU,11.767,2026-02-17T12:26:11.474459Z,2026-02-17T12:56:11.474459Z,0xf8a73b66d9d9efcc4dbbd6eeb360a43099baef2ee5477fc7e23808b695ac93bd,2026-02-17
run_20260217_222909-0490,user-001,0x9b60ff555468ee3214476f9f5f20f172a499c8e162127be62afdd4b4d2c445e5,0xe1c137474209876bb6cfa8bed025b8e56f172bc3c75e3abd4939f48b51ad2c21,TOU,9.948,2026-02-17T21:11:17.957991Z,2026-02-17T21:41:17.957991Z,0xf8a73b66d9d9efcc4dbbd6eeb360a43099baef2ee5477fc7e23808b695ac93bd,2026-02-17
run_20260217_222909-0491,user-007,0xddfbbf9018f9dd4039925278fbb735eaa73d4bb83a2be15ec068a46e56961b13,0xd47385a1a5042a2e3d1f078a6ab3371e5cfa5f9df8059b05602fb55fb2175326,TOU,2.367,2026-02-17T22:45:40.323629Z,2026-02-17T23:05:40.323629Z,0xf8a73b66d9d9efcc4dbbd6eeb360a43099baef2ee5477fc7e23808b695ac93bd,2026-02-17
run_20260217_222909-0492,user-009,0x589e39fc91a9d5d1b8b7d2643d88ec12cccb729057231801f6c70e82e9460310,0xc177d66f4e3cd4a231a63e1c34489b39c0851ee0587525e43d02dcce85d7e128,TOU,3.397,2026-02-17T00:00:24.121827Z,2026-02-17T00:20:24.121827Z,0xf8a73b66d9d9efcc4dbbd6eeb360a43099baef2ee5477fc7e23808b695ac93bd,2026-02-17
run_20260217_222909-0493,user-001,0x3dd3647292536ce895f404bbec981f60f6fe3b4c5b92a33c7fc015cbf9072b55,0x42c0c3be13d2b0ee908996d24d3296081159ba1a6a4a673634777d76a902d5c5,TOU,22.023,2026-02-17T11:18:14.118907Z,2026-02-17T12:18:14.118907Z,0xf8a73b66d9d9efcc4dbbd6eeb360a43099baef2ee5477fc7e23808b695ac93bd,2026-02-17
run_20260217_222909-0494,user-009,0x0c16b1ad103792d0b579602944c574c2c54f956e274405ff50d919e18d4cd132,0x00cabe6fee04b8c527ffca902d564f3f9faa1f63e81bfcd8708d9cb43dbdffae,TOU,13.942,2026-02-17T18:42:37.717388Z,2026-02-17T19:22:37.717388Z,0xf8a73b66d9d9efcc4dbbd6eeb360a43099baef2ee5477fc7e23808b695ac93bd,2026-02-17
run_20260217_222909-0495,user-008,0x7c0de0ca68aa805909aa66ba383c99d2771ef5cfb1b2f05e1dff0804b045d6e3,0x8a3a9ccb20f6970820e77b47b25c02a6dc3b73cdfcd79d87967c4a3d26cb8c04,TOU,11.779,2026-02-17T04:47:21.162905Z,2026-02-17T05:17:21.162905Z,0xf8a73b66d9d9efcc4dbbd6eeb360a43099baef2ee5477fc7e23808b695ac93bd,2026-02-17
run_20260217_222909-0496,user-007,0x87e34c5f9d2a44c1441c8807a4d31550fb99b5b502eb59b5d3615237082bc909,0xcd1d1b5460429c1b92f83c534da1494ee4644a602b3a31fb0e85892137552f17,TOU,11.431,2026-02-17T01:21:00.074062Z,2026-02-17T02:21:00.074062Z,0xf8a73b66d9d9efcc4dbbd6eeb360a43099baef2ee5477fc7e23808b695ac93bd,2026-02-17
run_20260217_222909-0497,user-004,0x111354a5b94af9f9c462b5a23e928448cfd70723cf535793138c7d0389ba0e88,0x7360fd75fe0e7dddcb74e7d7804ae1604eef1c0911d7ec2d1b54ac03bfc05571,TOU,6.849,2026-02-17T12:18:38.038264Z,2026-02-17T12:58:38.038264Z,0xf8a73b66d9d9efcc4dbbd6eeb360a43099baef2ee5477fc7e23808b695ac93bd,2026-02-17
run_20260217_222909-0498,user-008,0xb6767b9540533399002a328f3fc9dd73f6bce43c8e8008108413fe669340aed7,0x87d10f276dde921c3a6007fccadd3c73cb7bd5e1f18fc749905381dfd835b7f4,TOU,2.331,2026-02-17T04:48:27.533103Z,2026-02-17T05:08:27.533103Z,0xf8a73b66d9d9efcc4dbbd6eeb360a43099baef2ee5477fc7e23808b695ac93bd,2026-02-17
run_20260217_222909-0499,user-002,0xd7c849e339169842535227b50924d17c7281c04749884c1652f77fe192cb671b,0xa84a0377db4d8b03f1b9420943fa21069e6daee774c1069789c37660881c4687,TOU,2.457,2026-02-17T19:58:27.199826Z,2026-02-17T20:18:27.199826Z,0xf8a73b66d9d9efcc4dbbd6eeb360a43099baef2ee5477fc7e23808b695ac93bd,2026-02-17
run_20260217_222909-0500,user-002,0x1f84ffd0b2165cf74c2db88ddeb85f24d59c1537cc2d29147e69462e2083e46d,0x513d12e05272541c986189ae9d156bbc0aff9e51d5f3e9742e77cd4b16d798d3,TOU,7.568,2026-02-17T20:16:48.848718Z,2026-02-17T20:56:48.848718Z,0xf8a73b66d9d9efcc4dbbd6eeb360a43099baef2ee5477fc7e23808b695ac93bd,2026-02-17
run_20260217_224037-0001,user-002,0xbbbe01ecde8e11d14777b552fa2b41256ca40fa02cdd74fdb5b4d8cfe0bb9146,0x5d4e6893d5e6045e9284bdb0515798893f069bc8190ec7b35c8663e85be3b646,TOU,4.879,2026-02-17T23:22:59.070749Z,2026-02-18T00:02:59.070749Z,0xf3798b18d2848c820b29301d0312a8aa9971716af23362904c728e860eff2fe0,2026-02-17
run_20260217_224037-0002,user-009,0x1391b744e5b5228790feda2b71fc358e94612a829792b0b95f5dad8619e9a4a9,0xc3ca76bbcc14941c8ea3f3df93c88d6555925255c6783af517ca287b252df8c4,TOU,13.956,2026-02-17T19:12:40.426981Z,2026-02-17T20:27:40.426981Z,0xf3798b18d2848c820b29301d0312a8aa9971716af23362904c728e860eff2fe0,2026-02-17
run_20260217_224037-0003,user-007,0x6aa7e43ba15006170f0797ad8ec24cf9b4add5db40c286652a3f7e1b79b9e1b3,0x8a4d9d39bc7f9ee81127f076c3cdcb1c6e9c41db52e5327070e1a9b3d33d4b40,TOU,13.632,2026-02-17T22:05:31.662886Z,2026-02-17T22:45:31.662886Z,0xf3798b18d2848c820b29301d0312a8aa9971716af23362904c728e860eff2fe0,2026-02-17
run_20260217_224037-0004,user-007,0x04398da55dd4fd0dbe48b5909a0e77e01cb6f92863db8f1936516b35b1446960,0x90a6d9d5e05e086c57781be972b7b3569ba56c76c255110784338bde94cb00e7,TOU,4.882,2026-02-17T17:18:43.080691Z,2026-02-17T17:58:43.080691Z,0xf3798b18d2848c820b29301d0312a8aa9971716af23362904c728e860eff2fe0,2026-02-17
run_20260217_224037-0005,user-005,0x8040ad87c1098a041a252a9d9f7180e3105b87e58895b2fff1909e018be965a3,0x18109062b926500fbf616dcf7f5536594218bb0b4ebfca8712176591237312f6,TOU,9.089,2026-02-17T00:14:05.182505Z,2026-02-17T01:29:05.182505Z,0xf3798b18d2848c820b29301d0312a8aa9971716af23362904c728e860eff2fe0,2026-02-17
run_20260217_224037-0006,user-003,0x70e434ad1737b1254a026f3b58681785157229c3689363c76a7283ba2496a827,0x10c9f9e2fb38c9e1049fdcc2d1385f16c1b16175e55ada6547b2d8663b4d88fb,TOU,27.595,2026-02-17T18:03:51.383335Z,2026-02-17T19:18:51.383335Z,0xf3798b18d2848c820b29301d0312a8aa9971716af23362904c728e860eff2fe0,2026-02-17
run_20260217_224037-0007,user-009,0xe5ccef9ef186b35b266d4f75457ad1b0c4b8c343bd3328c55c372ac49a67bdd9,0x067accc745f04f69c9bf9c61ed14e68dfb5f05c6bb614d6245d9cdd5eb4f7122,TOU,7.283,2026-02-17T03:19:28.633727Z,2026-02-17T03:39:28.633727Z,0xf3798b18d2848c820b29301d0312a8aa9971716af23362904c728e860eff2fe0,2026-02-17
run_20260217_224037-0008,user-005,0xb5d89dcb117983af4010bb8deea36b18c813393e4d17322361a00758260ef2d0,0x2ea3d7baa93ad1a3ba5e6d886b5b9f9a4e1b0408d5ac53107977fd5da1490312,TOU,7.453,2026-02-17T13:32:56.282342Z,2026-02-17T14:32:56.282342Z,0xf3798b18d2848c820b29301d0312a8aa9971716af23362904c728e860eff2fe0,2026-02-17
run_20260217_224037-0009,user-009,0xed4a3ed5a1a126764f1eac4e64332cbb600c7a6f85c6834e25ba3eb1b447fb41,0x9a3a6beca7e8cf7599028ebdcdf5985235771aa055187616175c93827ad93d36,TOU,13.965,2026-02-17T01:56:22.162084Z,2026-02-17T03:11:22.162084Z,0xf3798b18d2848c820b29301d0312a8aa9971716af23362904c728e860eff2fe0,2026-02-17
run_20260217_224037-0010,user-009,0x814070d9b2de6cedf50c7acde4d0ea6d51592c74d8ebdf6d706218039c319841,0x744ad5e69b832af90318cc864d417c539413b719652985605152b3822ad1354f,TOU,27.702,2026-02-17T20:01:13.030745Z,2026-02-17T21:16:13.030745Z,0xf3798b18d2848c820b29301d0312a8aa9971716af23362904c728e860eff2fe0,2026-02-17
run_20260217_224037-0011,user-001,0x69a114be1818f47c73764b6f3bcb09f66a8ebeed727359ff797800dde4edc256,0xd6591f87994a2077b0f5daf7349a9a94980675bc0ead2c3c5b7f7b26efbe780d,TOU,3.79,2026-02-17T18:29:19.429879Z,2026-02-17T18:49:19.429879Z,0xf3798b18d2848c820b29301d0312a8aa9971716af23362904c728e860eff2fe0,2026-02-17
run_20260217_224037-0012,user-010,0x3c37cff309d8a5fafac725bf27a9da5e1aebf96d7f9599e3c2468dea3638d8c3,0x9f704ffbcd1f163bbb096b6cf60c6d62c695633648e8ea1368dd7cd88da4d7a2,TOU,5.454,2026-02-17T10:09:15.313464Z,2026-02-17T10:39:15.313464Z,0xf3798b18d2848c820b29301d0312a8aa9971716af23362904c728e860eff2fe0,2026-02-17
run_20260217_224037-0013,user-002,0x06aab663adedca089fe3c6c3e3b2336ec993bea17def0663cc74bf0fa40e6794,0x1720cc7db28a75c7f8ff1b570d39e7d3f53f9a2294c3397f314a676d61a40894,TOU,4.925,2026-02-17T22:31:43.064960Z,2026-02-17T23:11:43.064960Z,0xf3798b18d2848c820b29301d0312a8aa9971716af23362904c728e860eff2fe0,2026-02-17
run_20260217_224037-0014,user-009,0x1b6ac4bae68f9682441aec5223f5c2bd19b713e88af6fda8e0fab6bc01f880e0,0xa879781e086dbcc676027a50761aa9a999580c19bb172f225be9e2c45a412839,TOU,2.478,2026-02-17T03:55:07.216649Z,2026-02-17T04:15:07.216649Z,0xf3798b18d2848c820b29301d0312a8aa9971716af23362904c728e860eff2fe0,2026-02-17
run_20260217_224037-0015,user-001,0xb68e215306e11966b7b67ae1a1f847f4db0e8ead4a97003ce475053585bfc46d,0x2b3b3b9624be969f75cae85e6f48c4e9c9af64d34347c73d05b36cad49eb80b5,TOU,7.23,2026-02-17T00:20:09.315897Z,2026-02-17T01:00:09.315897Z,0xf3798b18d2848c820b29301d0312a8aa9971716af23362904c728e860eff2fe0,2026-02-17
run_20260217_224037-0016,user-009,0x4573d61e4aee439e0e9af2d88fe6748016a056b481ed04158f35ebe03e5c9231,0x52dd46cedcb086ea19a07a79481c496bd332313dc051b92f1631a5cf3adc45a4,TOU,5.059,2026-02-17T22:31:13.265824Z,2026-02-17T23:11:13.265824Z,0xf3798b18d2848c820b29301d0312a8aa9971716af23362904c728e860eff2fe0,2026-02-17
run_20260217_224037-0017,user-004,0x3351374f62079365cbb7839ae6fa3ae133aeef61898403d318b339e07b577ffb,0x85dcab58da32995d8fc76f64ab768f8ccb112f1de64403d9e950f4808654e334,TOU,9.143,2026-02-17T14:17:33.792366Z,2026-02-17T15:32:33.792366Z,0xf3798b18d2848c820b29301d0312a8aa9971716af23362904c728e860eff2fe0,2026-02-17
run_20260217_224037-0018,user-010,0xdd2f8c849bcfabadd7b8777ca924f16bddcb711c59357c43b4857c08af0ab9f2,0xfe1b2fc4f0a0b10b338d7949aa51683eea0f3cd508b567bf0f7ab4da7fca8910,TOU,2.393,2026-02-17T00:01:13.536310Z,2026-02-17T00:21:13.536310Z,0xf3798b18d2848c820b29301d0312a8aa9971716af23362904c728e860eff2fe0,2026-02-17
run_20260217_224037-0019,user-006,0x60391f2350f182f89d9e28fe4f2c76d515b3f7213d0492f1cc81c4766349010b,0x0192fa6214b1a32765f8b2855a29c75bf0149bf61a038d5452b60baacd80b2d1,TOU,22.638,2026-02-17T17:08:37.089399Z,2026-02-17T18:08:37.089399Z,0xf3798b18d2848c820b29301d0312a8aa9971716af23362904c728e860eff2fe0,2026-02-17
run_20260217_224037-0020,user-005,0x6bbdb8f2644ae143aa92bc3fe2bda68e6fcd3f39dd0d6f880f58c484f6657c25,0xab56249df606f2665b9b9a55e42eb2ce3d94b6ba16d2ca6f1d5709a30db0375f,TOU,4.446,2026-02-17T09:28:02.702945Z,2026-02-17T10:08:02.702945Z,0xf3798b18d2848c820b29301d0312a8aa9971716af23362904c728e860eff2fe0,2026-02-17
run_20260217_224037-0021,user-003,0x5decefcff336da48237929254c36e9dbd1a2c637b2da9bff4f5e1d92a58b4536,0x607bee0de2fe506eb01a3238a6b8a32b6a55e0882ec108f0c1b6e56971d1cbac,TOU,4.903,2026-02-17T08:41:33.404201Z,2026-02-17T09:21:33.404201Z,0xf3798b18d2848c820b29301d0312a8aa9971716af23362904c728e860eff2fe0,2026-02-17
run_20260217_224037-0022,user-003,0xde4e7fdf7f90e200aaf4c98ba02648adeb25289ea61347dcc1d24687d7d1860b,0x34e2243f2b5eb6ca4eee7260af272e21991fbbb02fa04bdee2275e0292ef75d2,TOU,3.707,2026-02-17T13:40:06.428007Z,2026-02-17T14:00:06.428007Z,0xf3798b18d2848c820b29301d0312a8aa9971716af23362904c728e860eff2fe0,2026-02-17
run_20260217_224037-0023,user-004,0x658ba6f6598eae62b3f69a46f4efea3dea9f87fea0284dcad1a145ad87aa0929,0x2d18071de6a937d21d2e3b529ddf5ada51119e37fc5f0068fba7aba60e5e6df1,TOU,14.988,2026-02-17T07:58:36.953321Z,2026-02-17T08:38:36.953321Z,0xf3798b18d2848c820b29301d0312a8aa9971716af23362904c728e860eff2fe0,2026-02-17
run_20260217_224037-0024,user-006,0xf66188501c7ac06157bd35e4d5ec909d577e57be0bb3620e0032288bff700f7b,0xda9c8b0be4b88ec0c3d39a23b26e405dba18e3c21e4cb514ea8de5e331e8abab,TOU,22.851,2026-02-17T05:12:21.806733Z,2026-02-17T06:12:21.806733Z,0xf3798b18d2848c820b29301d0312a8aa9971716af23362904c728e860eff2fe0,2026-02-17
run_20260217_224037-0025,user-004,0x67352e4c374e48f5745a5b3da6cf7ade7af037657a589eb554f6a5d7b7de5f5e,0xab701ad41becffebc7a174c5d5dca047aa043ca0364355ab544d224b4ab11b6a,TOU,4.834,2026-02-17T14:25:12.539452Z,2026-02-17T15:05:12.539452Z,0xf3798b18d2848c820b29301d0312a8aa9971716af23362904c728e860eff2fe0,2026-02-17
run_20260217_224037-0026,user-005,0xee4a08fd38fef50c35c1a190600ec6c15e102efdcf142765e775fefb4a8c60d3,0x5fca7d0ff3564cf94f599c68188325edf35bb514a269566113bf66db49019c4d,TOU,13.94,2026-02-17T23:03:54.578149Z,2026-02-18T00:18:54.578149Z,0xf3798b18d2848c820b29301d0312a8aa9971716af23362904c728e860eff2fe0,2026-02-17
run_20260217_224037-0027,user-010,0x179bbeadceb5bf2a1d707012ec5dc739ec3df2464cb6b4d1921bae61be4e22fc,0x9ddf9640821bfa99012e6efc4e31b1d6a8c28a6f4fedcca328db354641ea7a10,TOU,7.485,2026-02-17T16:26:57.688267Z,2026-02-17T16:46:57.688267Z,0xf3798b18d2848c820b29301d0312a8aa9971716af23362904c728e860eff2fe0,2026-02-17
run_20260217_224037-0028,user-003,0xa5842d9fed00bb82b00ea63a33057af03ea9a1690309eeab8f5722116338dc00,0xb4a230194dbb1d44d3fcf9e2b3cf32a4b543f76040b8e0fe8c2700755346dd36,TOU,21.346,2026-02-17T19:22:45.015966Z,2026-02-17T20:22:45.015966Z,0xf3798b18d2848c820b29301d0312a8aa9971716af23362904c728e860eff2fe0,2026-02-17
run_20260217_224037-0029,user-003,0xa45529e40137aa7c45c2febbe58ef9297f00764866d36cabc93fc5b6c442ccec,0x5fc6877815ca03383e3c53d9f97d46209f89d766212b4bc35f43b2a8b45902e7,TOU,15.25,2026-02-17T08:10:15.295632Z,2026-02-17T08:50:15.295632Z,0xf3798b18d2848c820b29301d0312a8aa9971716af23362904c728e860eff2fe0,2026-02-17
run_20260217_224037-0030,user-008,0x7c843a9d2777c24b14f9523c4fb0f65512cdaebe099de93c9686a740e9976d92,0xaff411a639f55fb8b072ec245c02a3208e699f92e10e90d0683efdd9d3952bae,TOU,3.622,2026-02-17T09:18:45.928728Z,2026-02-17T09:38:45.928728Z,0xf3798b18d2848c820b29301d0312a8aa9971716af23362904c728e860eff2fe0,2026-02-17
run_20260217_224037-0031,user-003,0xabeb9586b896f1b5866cb35c29424cb0a40b3c7e106112f99fee694faedd11a5,0x8302fba6589417364c90942e0e14e3507e62e2f16d3c2c076d01d7b6827621dc,TOU,2.484,2026-02-17T08:14:16.587840Z,2026-02-17T08:34:16.587840Z,0xf3798b18d2848c820b29301d0312a8aa9971716af23362904c728e860eff2fe0,2026-02-17
run_20260217_224037-0032,user-004,0x837fcd986b44bafb4fe16f81121afd7a20dfd23706a7918546f1e55f725b467a,0xedfab9d3f7815b403f34b2166c9445371a2d8b2e2edaa6ba098737a73a12b06c,TOU,3.563,2026-02-17T01:57:50.590751Z,2026-02-17T02:17:50.590751Z,0xf3798b18d2848c820b29301d0312a8aa9971716af23362904c728e860eff2fe0,2026-02-17
run_20260217_224037-0033,user-008,0x0c9f1fc618e85d0d3c1d99ed1c89140329b2df2ce7c91ad544896f792177b78f,0xe7d9104fc116650f9f816c2c4fb2ae43b095c369aedc467056f8bdf517dcbff7,TOU,13.684,2026-02-17T09:16:46.839313Z,2026-02-17T10:31:46.839313Z,0xf3798b18d2848c820b29301d0312a8aa9971716af23362904c728e860eff2fe0,2026-02-17
run_20260217_224037-0034,user-009,0x31d649e57e8c41c7ad5834d8ebfad22c3fc4dd0ed8c16b4e0f933634da1a9038,0x556b6a7bd1cc3a3c9752a5cf53e0cc633f852de64b7c5482cd79195e3cf9babc,TOU,3.698,2026-02-17T22:02:58.090378Z,2026-02-17T22:32:58.090378Z,0xf3798b18d2848c820b29301d0312a8aa9971716af23362904c728e860eff2fe0,2026-02-17
run_20260217_224037-0035,user-007,0xf029301f42f435ed1bc3c9836f980d94fb395860dd3394c40b1540b98ccc776e,0x813a49772605f38af9699decad058c8c5e5877d5a7d5400f9ee67e2fd785b178,TOU,27.254,2026-02-17T14:38:09.203386Z,2026-02-17T15:53:09.203386Z,0xf3798b18d2848c820b29301d0312a8aa9971716af23362904c728e860eff2fe0,2026-02-17
run_20260217_224037-0036,user-007,0x83ba3d1f39ed9779b0ab351f7f76fe4efa4b8aa9dec524c2a084ae21a9069e22,0xfc8c82b424d763ae62f3e90080d4ca64967fc44e7840cfe0cb1d9ece5622ca8c,TOU,7.296,2026-02-17T06:36:10.728973Z,2026-02-17T07:36:10.728973Z,0xf3798b18d2848c820b29301d0312a8aa9971716af23362904c728e860eff2fe0,2026-02-17
run_20260217_224037-0037,user-007,0x516e77a76a7f8726341a1ed134d932dcb60f29170ef40385d380f1091ba3709d,0xfec46accbda3d48073a21aec3b606a09c14c06064242cf995b711c7d652c046f,TOU,11.402,2026-02-17T17:18:18.628409Z,2026-02-17T18:18:18.628409Z,0xf3798b18d2848c820b29301d0312a8aa9971716af23362904c728e860eff2fe0,2026-02-17
run_20260217_224037-0038,user-003,0x9d04d504909b01cc4cc96774b4276106c8a9aed3cbf28aa79ea6b58f79f0b609,0x3c1a56a8843b6e222b0d983593f0fe215325d7700933917567212ef7e7c7fae4,TOU,7.805,2026-02-17T12:37:04.324334Z,2026-02-17T12:57:04.324334Z,0xf3798b18d2848c820b29301d0312a8aa9971716af23362904c728e860eff2fe0,2026-02-17
run_20260217_224037-0039,user-002,0x3396d201a6464b3d486b81cc89ee5df1bf8f0ad68726b61521a76db99970efed,0x41c324804694e83e4d7f68ccbbc354acd7f53ea64e3ba79c4f70c4149fcc03bb,TOU,5.782,2026-02-17T05:18:58.781034Z,2026-02-17T05:48:58.781034Z,0xf3798b18d2848c820b29301d0312a8aa9971716af23362904c728e860eff2fe0,2026-02-17
run_20260217_224037-0040,user-010,0x8edc4d04d9a193dde3f8b8b666a945ce8b1d74713d6cb192a3aa67fd84b62518,0x11e7fa10a0c5b33001f4dcfe8d48379ced27a8059580232ffb7ef11d8b80446a,TOU,3.399,2026-02-17T07:24:30.914463Z,2026-02-17T07:54:30.914463Z,0xf3798b18d2848c820b29301d0312a8aa9971716af23362904c728e860eff2fe0,2026-02-17
run_20260217_224037-0041,user-007,0x1a3d678c5874906db484f84d42e8d267124ccef783ece32c3e9d4096179a5df4,0xd16817f0dd2d46dd538b54a7d9f523d18fd599e49865910fa0bfcab22969dfd9,TOU,6.879,2026-02-17T08:06:24.556165Z,2026-02-17T08:26:24.556165Z,0xf3798b18d2848c820b29301d0312a8aa9971716af23362904c728e860eff2fe0,2026-02-17
run_20260217_224037-0042,user-008,0xf613b7c587e8856b31c9a48e24388197e15f25bf519322187d120c7464721ee5,0x46018b53a82b988cf635c45819da32af78505220922f54e6b6c15f4630129120,TOU,7.138,2026-02-17T07:00:28.533184Z,2026-02-17T08:00:28.533184Z,0xf3798b18d2848c820b29301d0312a8aa9971716af23362904c728e860eff2fe0,2026-02-17
run_20260217_224037-0043,user-008,0xc87fed1d82dd8193df6b84a4833fff321744077377a90530fddf5af63e6afa34,0x7f03f8b0aa4b47898c024c112654bd6002ec146e31917e6730894861f96b0936,TOU,11.257,2026-02-17T10:18:24.990700Z,2026-02-17T11:18:24.990700Z,0xf3798b18d2848c820b29301d0312a8aa9971716af23362904c728e860eff2fe0,2026-02-17
run_20260217_224037-0044,user-009,0x60a4fd7793b695616d2ae5ebff113d3974a3cc929c0ccb6a2f356f41f5e3e470,0x89c5500c3f9394fb1143aa48e28bea7419f0c51e907bbe264dd2c08cddcec6a2,TOU,21.643,2026-02-17T05:47:14.573939Z,2026-02-17T06:47:14.573939Z,0xf3798b18d2848c820b29301d0312a8aa9971716af23362904c728e860eff2fe0,2026-02-17
run_20260217_224037-0045,user-005,0x3cfec35e3079350a6fdd608a1422b7c7d0a446dce86f00e24dd1c9088bd0cfb8,0x788e4f90379a29190f87da3958f2098b1be35f58921916173affcc5a2433110c,TOU,3.37,2026-02-17T16:37:27.773547Z,2026-02-17T17:07:27.773547Z,0xf3798b18d2848c820b29301d0312a8aa9971716af23362904c728e860eff2fe0,2026-02-17
run_20260217_224037-0046,user-010,0x5262e5c93fafbaef99e6bad647a73c4befc954944cb8867cebe28fa4cea29b7d,0x881e4481413dfe3a69b227b3a5b8c727aab9b5ef02bfe798499c736cdbc48e67,TOU,27.548,2026-02-17T00:32:41.153223Z,2026-02-17T01:47:41.153223Z,0xf3798b18d2848c820b29301d0312a8aa9971716af23362904c728e860eff2fe0,2026-02-17
run_20260217_224037-0047,user-008,0x9d9c3196e7b22b36cfcd8a31cd4f5add2203b5bfcc383bdb6f0a396bf6974e9b,0xd600aef76f8640200d8cfc49648749bc7922b8b599d33571bcefc43b566f7458,TOU,4.8,2026-02-17T12:29:39.092376Z,2026-02-17T13:09:39.092376Z,0xf3798b18d2848c820b29301d0312a8aa9971716af23362904c728e860eff2fe0,2026-02-17
run_20260217_224037-0048,user-010,0x53ca481ea1a240e2d649a3963e3aeea3f4ccbd29bb5620bbc454cc11213122ba,0x53556051e1063b6385d785f4cbd8995a97f9ab33eeaa1480b326cd20aa200ef4,TOU,2.395,2026-02-17T01:12:15.544500Z,2026-02-17T01:32:15.544500Z,0xf3798b18d2848c820b29301d0312a8aa9971716af23362904c728e860eff2fe0,2026-02-17
run_20260217_224037-0049,user-007,0x6b0c67816a516fa6365b908137d62210aedc6c8437d9a5b86b2e9c7db81ced24,0x299b86acd2e81779c16d250602710e236b170b7b9480bcfcb154c551fc67e486,TOU,11.109,2026-02-17T13:10:15.550234Z,2026-02-17T14:10:15.550234Z,0xf3798b18d2848c820b29301d0312a8aa9971716af23362904c728e860eff2fe0,2026-02-17
run_20260217_224037-0050,user-007,0xbe7072a57229f3ecabe84aed3ffe1f45080f33becb42c5df1e331660d037f722,0x3b24bfac8b346650907a7c45e0e8182d046fe78b4b54efa9f6fe9b59ac3a4fd6,TOU,13.435,2026-02-17T13:10:16.479921Z,2026-02-17T14:25:16.479921Z,0xf3798b18d2848c820b29301d0312a8aa9971716af23362904c728e860eff2fe0,2026-02-17
run_20260217_224037-0051,user-005,0x70932dad154e8910380a1da988fbecd668abdfacf76280fbae89b3e03e6bd99c,0xf8dd6cbbaecccce412b65109686e03d090cc32aa75694655ea99343f1269a524,TOU,13.83,2026-02-17T09:42:08.195176Z,2026-02-17T10:57:08.195176Z,0xf3798b18d2848c820b29301d0312a8aa9971716af23362904c728e860eff2fe0,2026-02-17
run_20260217_224037-0052,user-001,0x59121dc1e8ad99008ff3b22ed614b6c7e51ed086f65118f360ac2ca3646708dc,0xd7de092d0cac5b580f9f03642e5c45cc548ec5d485e9dcebd838d7fffff5e800,TOU,14.515,2026-02-16T23:59:36.943182Z,2026-02-17T00:39:36.943182Z,,
run_20260217_224037-0053,user-008,0x2911d06e6684acb6958679489f8104cf6c944f289ff567830817ec5eaf5f1236,0xb2b4ffb62dddfd8a4cc545de3a5f4d61f60c10a08dd4f057c2776284c300053a,TOU,7.244,2026-02-17T15:37:56.164736Z,2026-02-17T16:17:56.164736Z,0xf3798b18d2848c820b29301d0312a8aa9971716af23362904c728e860eff2fe0,2026-02-17
run_20260217_224037-0054,user-005,0x689e9b6b0974827ebce696672c6e503624a01c8a0cdc7577ce58fe0ffd2afc02,0xcd08843b6985db1d881a4738254a3988ecc075e1c1ec061a80e4db558c602685,TOU,22.016,2026-02-17T16:13:29.144866Z,2026-02-17T17:13:29.144866Z,0xf3798b18d2848c820b29301d0312a8aa9971716af23362904c728e860eff2fe0,2026-02-17
run_20260217_224037-0055,user-008,0xa13c61cbff199760591947dcab3a44cdcc07c986757ccaf3b026743d81999dc5,0xf95ed43237084a3af4a5a2c244f04b5cadb710723da4e8b7a10383ff8eff80c6,TOU,9.173,2026-02-17T21:04:08.786397Z,2026-02-17T22:19:08.786397Z,0xf3798b18d2848c820b29301d0312a8aa9971716af23362904c728e860eff2fe0,2026-02-17
run_20260217_224037-0056,user-007,0x3eed2040ad37bbb37a3fa98c8cb600316e2795cba73d81afde8d44e5c75b3bcc,0x3681d631a5ca20fc5445a0698c1b9d8d56710406eb080df6aadb3f5d9819a8d5,TOU,27.417,2026-02-17T19:24:31.263950Z,2026-02-17T20:39:31.263950Z,0xf3798b18d2848c820b29301d0312a8aa9971716af23362904c728e860eff2fe0,2026-02-17
run_20260217_224037-0057,user-006,0xea569435c79d31ad9234981af1d4e503eced67e288e22645c81d5c3adfcffb39,0x25ceb5267ea82a961d247bb0d16ac6261b311b7afcc25bd1b60fdde764cc51e6,TOU,13.443,2026-02-17T16:00:17.187827Z,2026-02-17T17:15:17.187827Z,0xf3798b18d2848c820b29301d0312a8aa9971716af23362904c728e860eff2fe0,2026-02-17
run_20260217_224037-0058,user-010,0xf2f6b083ab2d4d06d8fc17db5afb7eae45a3e883b12bbc0f6665fbf1ee564af9,0x9e2ddb5c80d469d51b942a1bef32d647c01e43906d9d9328cd7c166762d5975f,TOU,3.986,2026-02-17T16:00:55.657580Z,2026-02-17T16:20:55.657580Z,0xf3798b18d2848c820b29301d0312a8aa9971716af23362904c728e860eff2fe0,2026-02-17
run_20260217_224037-0059,user-002,0x4cd13f1cbec68fd3ef81f50d6b25f34456848dd85e4a0ac0dc8c0ca69d44e956,0xedff62ba0d22df94ee0ce3022123bc139f0d134ee1a307df8b212492b1c05c34,TOU,7.29,2026-02-17T12:42:56.012075Z,2026-02-17T13:22:56.012075Z,0xf3798b18d2848c820b29301d0312a8aa9971716af23362904c728e860eff2fe0,2026-02-17
run_20260217_224037-0060,user-009,0xac4435cb32b0c173bfc3847f218ab07485d6ebda284abb5b43ff3d146b2b0968,0xe12f90204f183683075c69e64db3200fac3de05208be33c925381169fc72943e,TOU,2.284,2026-02-17T23:07:18.317774Z,2026-02-17T23:27:18.317774Z,0xf3798b18d2848c820b29301d0312a8aa9971716af23362904c728e860eff2fe0,2026-02-17
run_20260217_224037-0061,user-002,0x4abfbcf1345daf35e216ce612389fd00a3770e7feb1687b6bd76ce46fef71696,0x5da36a36be3e3bf91f834912dfec04068b9498ce9c3c23de43b63ba6be750eae,TOU,4.978,2026-02-17T13:20:06.173136Z,2026-02-17T14:00:06.173136Z,0xf3798b18d2848c820b29301d0312a8aa9971716af23362904c728e860eff2fe0,2026-02-17
run_20260217_224037-0062,user-010,0x0a49b560d68bc6af751e08357dc4d062bd9dfb18d8980f8124d2d3c6908d727b,0x1d55df0768658b668b5367a0b6be385bd74cf111af3293ff097c4b93b76bbda5,TOU,28.972,2026-02-17T03:04:59.458677Z,2026-02-17T04:19:59.458677Z,0xf3798b18d2848c820b29301d0312a8aa9971716af23362904c728e860eff2fe0,2026-02-17
run_20260217_224037-0063,user-005,0x8eea7c4b51307f1f3c59c7bda8f6107147c0b15ba8dc0cdb09e50260e5c7be30,0x7dccb9a23f5b865dde6a2fc2473516de4ebe2a302c685674aec320295e04865c,TOU,4.991,2026-02-17T13:01:09.385786Z,2026-02-17T13:41:09.385786Z,0xf3798b18d2848c820b29301d0312a8aa9971716af23362904c728e860eff2fe0,2026-02-17
run_20260217_224037-0064,user-001,0xb1b554933f5019e62a16b73092d28da7f4c1f931df5a6c11a32a699de570d91b,0xc83b1963f1e1cfb86dd88ab7ef1e3e37c0d5e08cc9c15172740762934c4f9c8f,TOU,7.054,2026-02-17T10:24:03.732935Z,2026-02-17T10:44:03.732935Z,0xf3798b18d2848c820b29301d0312a8aa9971716af23362904c728e860eff2fe0,2026-02-17
run_20260217_224037-0065,user-006,0x76bb059e429d04d12eb9bc061a15a9ff99f40421f95e2459ee2d8cb039652f8e,0xce2351fb73343d8c9a832e3ea5eba5d2275a35402cc631929e8c141c6bdb8140,TOU,11.178,2026-02-17T18:43:38.007837Z,2026-02-17T19:13:38.007837Z,0xf3798b18d2848c820b29301d0312a8aa9971716af23362904c728e860eff2fe0,2026-02-17
run_20260217_224037-0066,user-005,0xc9baeb1594df3e559ac4759c0c0ec005e0e72a154358144d7c177d7126fa501a,0xe50b8a7988c6aca366783c99046c0190efe0f0d065a888117dc7451335b511fb,TOU,7.392,2026-02-17T05:03:24.054182Z,2026-02-17T05:23:24.054182Z,0xf3798b18d2848c820b29301d0312a8aa9971716af23362904c728e860eff2fe0,2026-02-17
run_20260217_224037-0067,user-003,0x4d199cb7264a36d9dda95b89f12df04e3265e725eb4368cfcb25b7e5afa4fe72,0xb58e2fcd678a79269c0ec495cdcd6f167f3cc0cc7539e24976b3b5b2713b1cab,TOU,15.613,2026-02-17T05:06:25.293127Z,2026-02-17T05:46:25.293127Z,0xf3798b18d2848c820b29301d0312a8aa9971716af23362904c728e860eff2fe0,2026-02-17
run_20260217_224037-0068,user-002,0x3e1e0f1525ab7a6a470c2a5307f920ae4b989f3bb942006e818b2d6e6516b42f,0x54071330fa466cb233bd0bed76b8d6b238b5a9f78b67c066c1a59cf727db8532,TOU,10.695,2026-02-17T20:36:18.593903Z,2026-02-17T21:06:18.593903Z,0xf3798b18d2848c820b29301d0312a8aa9971716af23362904c728e860eff2fe0,2026-02-17
run_20260217_224037-0069,user-002,0x58c736a14bf9ff23ce55c9f32108136fc52b03350ea929d07b2a38ad7fe3653f,0xbc72651c3f8f4aa631b5413cf5128dd1dd0704b87e6e95321a53e75889ffdabb,TOU,14.552,2026-02-17T13:04:06.487204Z,2026-02-17T13:44:06.487204Z,0xf3798b18d2848c820b29301d0312a8aa9971716af23362904c728e860eff2fe0,2026-02-17
run_20260217_224037-0070,user-002,0x7bf612779da9e4aa29ae109c7fd20a5b36fa8d31e73754b20afacb1662f94680,0x3f185f4c1a1dc8e4e47820b6f7675190b8678d54b5ff96a928470f2c6d6f3188,TOU,23.279,2026-02-17T08:44:01.101107Z,2026-02-17T09:44:01.101107Z,0xf3798b18d2848c820b29301d0312a8aa9971716af23362904c728e860eff2fe0,2026-02-17
run_20260217_224037-0071,user-003,0xdef9a6db16e90b2f188e63362262e4f89a005718841336fd4991fe59f6bebc27,0x618aae0d722018b1a17a3934c61811278a2b6eb2040988ae9ba1a4d150a80445,TOU,3.472,2026-02-17T02:44:00.249071Z,2026-02-17T03:04:00.249071Z,0xf3798b18d2848c820b29301d0312a8aa9971716af23362904c728e860eff2fe0,2026-02-17
run_20260217_224037-0072,user-004,0x4519fb8bf7b13214c85387de7ed36c622500b830e2a5f7180a091e10d8698499,0x8686ece18f4a8f72e0ac1adff6d15dcf0be900d07e4baab993098ad7eafeb77d,TOU,7.269,2026-02-17T03:27:09.103298Z,2026-02-17T03:47:09.103298Z,0xf3798b18d2848c820b29301d0312a8aa9971716af23362904c728e860eff2fe0,2026-02-17
run_20260217_224037-0073,user-002,0x2fb6284a04eafc1f5691b5ba813d8c06c3a41db20254d79d18ee19a8af6c2692,0x78ed76cfd58e79973922c25384d9bcc1261719c112215f39eed05227a4e18b60,TOU,7.327,2026-02-17T01:12:25.467894Z,2026-02-17T02:12:25.467894Z,0xf3798b18d2848c820b29301d0312a8aa9971716af23362904c728e860eff2fe0,2026-02-17
run_20260217_224037-0074,user-003,0x71d58396cc8ba1b094b0888543e01f846656c5dbcfeaf646ca81e0902aaa0c9d,0xac64d950f6010c29ed05a39f96ac083bfc5e09a6db991f1b903fd4521535b1bf,TOU,9.191,2026-02-17T05:03:21.179630Z,2026-02-17T06:18:21.179630Z,0xf3798b18d2848c820b29301d0312a8aa9971716af23362904c728e860eff2fe0,2026-02-17
run_20260217_224037-0075,user-006,0xcbe5938770332eb00f9b8e7c16da3af1a63983db3b26ae090b84e66b8c0e175a,0xa3ee86d801253d26416506f5cf6ab7e36ad1966f09f7a5674f0654a528377695,TOU,3.616,2026-02-17T11:39:56.240463Z,2026-02-17T11:59:56.240463Z,0xf3798b18d2848c820b29301d0312a8aa9971716af23362904c728e860eff2fe0,2026-02-17
run_20260217_224037-0076,user-008,0x7f2d1ce7401d2805c102ef0776de48fbe55b6e3368adb0b35f77574d2491af85,0xc896f10a3f79a8ac172523639e779f52171a7816b0de4037f3a5b3abda87ffaa,TOU,2.518,2026-02-17T08:32:35.364885Z,2026-02-17T08:52:35.364885Z,0xf3798b18d2848c820b29301d0312a8aa9971716af23362904c728e860eff2fe0,2026-02-17
run_20260217_224037-0077,user-002,0x489316feaac65c9f2b60a37e10b884fc165ef10e1cfed6c0009672ceafebaf17,0x9de2be9159cbdf05b4a63d03e77bd384ff57cd21afb9f012e307a1e8720a393e,TOU,14.153,2026-02-17T02:24:03.351493Z,2026-02-17T03:04:03.351493Z,0xf3798b18d2848c820b29301d0312a8aa9971716af23362904c728e860eff2fe0,2026-02-17
run_20260217_224037-0078,user-002,0x7f6ede8a2d1373341db2ac0096e5b2e988333c37e6ede586c6e9cf966442f82e,0xdb88a0385b895c345cbaa19e5b0e2db120d080fd66ea0c27f549fb15aceeaa69,TOU,6.784,2026-02-17T04:56:56.497556Z,2026-02-17T05:16:56.497556Z,0xf3798b18d2848c820b29301d0312a8aa9971716af23362904c728e860eff2fe0,2026-02-17
run_20260217_224037-0079,user-007,0x8d6a734e1addd9f9dd34c0ce2318d0708111dadac4c5b9b949500769e77e2631,0xacedf96a7fae86970478a3224249fa59bbb1404bf8ace5878bc47e1f251192ed,TOU,10.984,2026-02-17T15:50:56.308133Z,2026-02-17T16:50:56.308133Z,0xf3798b18d2848c820b29301d0312a8aa9971716af23362904c728e860eff2fe0,2026-02-17
run_20260217_224037-0080,user-010,0x9d84bc90111f3ad8e959c50cfa23f61f814e026a38990dd499be9aa0d14d0e7a,0x63d248571f463acf9471a1e977596e8cd4b8ef594897dc59b08d7e2285da73cb,TOU,13.526,2026-02-17T01:01:27.632500Z,2026-02-17T02:16:27.632500Z,0xf3798b18d2848c820b29301d0312a8aa9971716af23362904c728e860eff2fe0,2026-02-17
run_20260217_224037-0081,user-006,0xfedcf94a06210da82b9ae6247e711d3359a2af5e68ebcda81b25a04e4b838aa9,0xc9bdd9b0dfc6bf2c6a253e903fb176b2894933d2da87dfe2e94cf71fe2eefda7,TOU,13.768,2026-02-17T21:13:33.908911Z,2026-02-17T21:53:33.908911Z,0xf3798b18d2848c820b29301d0312a8aa9971716af23362904c728e860eff2fe0,2026-02-17
run_20260217_224037-0082,user-005,0xc8716111425c48364cf4cea16f4e0f8ede6f518fb8094f2af58ed85eed62f789,0x366e742d4c947ffce21327686cc2492573645b7f5b61a9b65b2a868bd1c8fdcf,TOU,15.089,2026-02-17T23:17:18.445156Z,2026-02-17T23:57:18.445156Z,0xf3798b18d2848c820b29301d0312a8aa9971716af23362904c728e860eff2fe0,2026-02-17
run_20260217_224037-0083,user-009,0x2e1684d7c750f8569818095d18aca925cf18a2d48435296d8f66d0f2ae01fcd1,0x3f75901525ab2d07b1546df04bd600e8e75e0a2039bf59fbdcbcc32d4b226f97,TOU,10.78,2026-02-17T18:49:12.519165Z,2026-02-17T19:49:12.519165Z,0xf3798b18d2848c820b29301d0312a8aa9971716af23362904c728e860eff2fe0,2026-02-17
run_20260217_224037-0084,user-007,0x003d1ecc9777eac3f0c92ed3e36fba76686f15d348188a0bc9228b0014258324,0x69247d325b56fe63368384b141fb38d22c378a22be403f042f1ee47000a4f3ca,TOU,9.163,2026-02-17T17:25:38.384647Z,2026-02-17T18:40:38.384647Z,0xf3798b18d2848c820b29301d0312a8aa9971716af23362904c728e860eff2fe0,2026-02-17
run_20260217_224037-0085,user-007,0xbbc9bfa6e0404d96b76be18ad037de2f221ada5f74b24e6abf690c8bc22bf134,0x28f40b6859e61f14e9aa2789a78961d1ba627f3cefc11421a12aae55f6ee3186,TOU,10.819,2026-02-17T11:12:04.885144Z,2026-02-17T11:42:04.885144Z,0xf3798b18d2848c820b29301d0312a8aa9971716af23362904c728e860eff2fe0,2026-02-17
run_20260217_224037-0086,user-006,0x2d9e13a37ed0037d1c57a12f3289b646f96f0f8cfb82e23fcbf29eec17ab63a7,0xf35c42734a954fd5e07d9c5cd7602b87f3bcfb1370c8c924aa061a68997c5578,TOU,13.233,2026-02-17T10:09:54.408512Z,2026-02-17T11:24:54.408512Z,0xf3798b18d2848c820b29301d0312a8aa9971716af23362904c728e860eff2fe0,2026-02-17
run_20260217_224037-0087,user-006,0x1544dd35ca53f148be1ccc3e90fcd4af4709af38a97b6217b96fb9be9067bca0,0x00aa4171209b90d49c95c399c5f70e9da0ada61ae032edeca4387759e60ecf64,TOU,3.452,2026-02-17T18:39:56.174112Z,2026-02-17T19:09:56.174112Z,0xf3798b18d2848c820b29301d0312a8aa9971716af23362904c728e860eff2fe0,2026-02-17
run_20260217_224037-0088,user-004,0xb162dd68b3d3dd9dc1855b4d6b02443218728867d23c89ff3a6154c2d3011caa,0xbceee84873a30859499dd4c1baf99da68c71febf36ec4748ef81dca5f988a1ae,TOU,4.821,2026-02-17T21:30:57.688800Z,2026-02-17T22:10:57.688800Z,0xf3798b18d2848c820b29301d0312a8aa9971716af23362904c728e860eff2fe0,2026-02-17
run_20260217_224037-0089,user-010,0x9a34ab7ccdadd0229b4573c7a85bdfccf7c6760374fee2d32a4fd3dadd5fdf8c,0x382ceb2b5f789667355bff47ea3b96413ea7e0583beee36a2f1e6e63a326cc6b,TOU,13.768,2026-02-17T08:33:05.505830Z,2026-02-17T09:48:05.505830Z,0xf3798b18d2848c820b29301d0312a8aa9971716af23362904c728e860eff2fe0,2026-02-17
run_20260217_224037-0090,user-007,0xe7e1e586d75d36249c822cdf133ad689ba7f53c879b9a86b8ba8ddfbca4abc68,0x055157663b73bf524f0f15b71bc2f83b0b38d854a2ca22ff05ffb69a964eb6c7,TOU,27.819,2026-02-17T12:52:41.712669Z,2026-02-17T14:07:41.712669Z,0xf3798b18d2848c820b29301d0312a8aa9971716af23362904c728e860eff2fe0,2026-02-17
run_20260217_224037-0091,user-008,0x7b02c3f69c7cb8a5933f3872d1e41905649bbfd5d0054ed18cf785a3615f0313,0xc08254f85d8c855713fe29847ad796f059ca92b754529ec99ffafca4272f4806,TOU,8.865,2026-02-17T11:24:20.477006Z,2026-02-17T12:39:20.477006Z,0xf3798b18d2848c820b29301d0312a8aa9971716af23362904c728e860eff2fe0,2026-02-17
run_20260217_224037-0092,user-003,0x991dc6e9394453eded99771450c57a6471cbe4004096580d81b69d9b3501d559,0xa03b49b7c8f1fbb8136ec67df3129ed12531edc60a22d70e80404451743075ee,TOU,13.959,2026-02-17T01:58:53.106283Z,2026-02-17T02:38:53.106283Z,0xf3798b18d2848c820b29301d0312a8aa9971716af23362904c728e860eff2fe0,2026-02-17
run_20260217_224037-0093,user-009,0x7cfdad595f891b404b98e46191da153bfe5918d1c068f60929e21d6229e305e5,0xb22a4a994f84a60fb4d9e0a8a391d45f8872ac7a16915d991fce4eb65f2d5474,TOU,22.841,2026-02-17T21:44:25.663818Z,2026-02-17T22:44:25.663818Z,0xf3798b18d2848c820b29301d0312a8aa9971716af23362904c728e860eff2fe0,2026-02-17
run_20260217_224037-0094,user-001,0x971f034a270ab6a864760e224f420c644ea2054b4f2bc56986324dfc096ee587,0x61ede04e3f0457cffc0f3c44345c9b82a8ecd916fc70240c1d626b8a541f848d,TOU,8.902,2026-02-17T08:05:49.313891Z,2026-02-17T09:20:49.313891Z,0xf3798b18d2848c820b29301d0312a8aa9971716af23362904c728e860eff2fe0,2026-02-17
run_20260217_224037-0095,user-005,0xf741d3387de79e51382bf1fab1e442996dac47ad57a253eb2ef76a3a50268040,0x4014697571da46a26a58b8ccf5e9eeaba2eb5065f8ab9461824764f316974769,TOU,7.144,2026-02-17T00:48:32.450546Z,2026-02-17T01:48:32.450546Z,0xf3798b18d2848c820b29301d0312a8aa9971716af23362904c728e860eff2fe0,2026-02-17
run_20260217_224037-0096,user-006,0x4d2457d9edfd48c951c24eeb50dc43fc06cf571fb0e2278eaedc7eac964e1fba,0x0ce727ab4051bce4a7ca3e6fac7ca46d592018a161eea38842b7d1037cd56f7a,TOU,7.477,2026-02-17T10:40:27.679595Z,2026-02-17T11:00:27.679595Z,0xf3798b18d2848c820b29301d0312a8aa9971716af23362904c728e860eff2fe0,2026-02-17
run_20260217_224037-0097,user-009,0x72af923a21075c9e7ff4ba3042fec3c4677c63e32fe4deb94603b9827f0b7117,0x4c283f75d3f6fa2a681975b2c768d324129d10203e6a64081f2db82a4bceef80,TOU,7.385,2026-02-17T20:26:49.076122Z,2026-02-17T21:26:49.076122Z,0xf3798b18d2848c820b29301d0312a8aa9971716af23362904c728e860eff2fe0,2026-02-17
run_20260217_224037-0098,user-003,0x1e925ff548b8f50ff6fab7f4ba33a59c004001883f8b85b5c6e111c7a5e1df83,0x935d5e3918153ace91375f3ea90eb4d6a9d420ae63a2c93ffcaf315a121538c5,TOU,7.352,2026-02-17T20:40:51.395620Z,2026-02-17T21:20:51.395620Z,0xf3798b18d2848c820b29301d0312a8aa9971716af23362904c728e860eff2fe0,2026-02-17
run_20260217_224037-0099,user-010,0xf0c7b0e16ecff247144e18cdb1896e6a60a4eb74b16d0a472a098dd75da8c5bc,0x0d157dde8b29548c66a43fb36121fab062bebc037436c52105cdab0f3afecb3c,TOU,3.857,2026-02-17T11:19:00.541891Z,2026-02-17T11:39:00.541891Z,0xf3798b18d2848c820b29301d0312a8aa9971716af23362904c728e860eff2fe0,2026-02-17
run_20260217_224037-0100,user-002,0x385a887f7d524c7907d8a359d72dd1cebc1075d53618a8bb27c29f80f5b8ea77,0x41f9b1d3eaaa76b9188a9d64ceb24a5c2cad2571ab603fd32e0922b188fc9053,TOU,21.51,2026-02-17T03:54:10.180940Z,2026-02-17T04:54:10.180940Z,0xf3798b18d2848c820b29301d0312a8aa9971716af23362904c728e860eff2fe0,2026-02-17
run_20260217_224037-0101,user-009,0x876b13a92c8f2e7cd0a7c39442ac7efb735c14132b30bcca200d512aa9c6bc32,0x04441190706561f696ba0875c8de1593a120f165addc0206afb5020df15d3fba,TOU,11.384,2026-02-17T10:41:01.271311Z,2026-02-17T11:41:01.271311Z,0xf3798b18d2848c820b29301d0312a8aa9971716af23362904c728e860eff2fe0,2026-02-17
run_20260217_224037-0102,user-003,0x540dbbd43414f74b2a421e5ca5ce3547f111aded75da15370d44b2cf7130e785,0xc18e53346de4eee73c7a1e1707b328f50ba8095dcc8bc1a4709737e968b74039,TOU,22.866,2026-02-17T04:03:14.852056Z,2026-02-17T05:03:14.852056Z,0xf3798b18d2848c820b29301d0312a8aa9971716af23362904c728e860eff2fe0,2026-02-17
run_20260217_224037-0103,user-001,0x16798906088ae16a888a2fb4a32b8878e6e797097a7b237be7bf41bb12358d77,0xa722b88d7e700b27a309d4bedcc0f96fd96b70ac18d410ff41eeedf910d382f6,TOU,5.643,2026-02-17T05:54:15.664614Z,2026-02-17T06:24:15.664614Z,0xf3798b18d2848c820b29301d0312a8aa9971716af23362904c728e860eff2fe0,2026-02-17
run_20260217_224037-0104,user-007,0xc1de9179bba53c7ac6724681ef3d85c8e4bd0fc26368aa0fbdf5e08c2196ede1,0xe033cfff90d9d227193d80cea34744fbd6de81554330eca9d1f6181718ae189c,TOU,5.47,2026-02-17T15:50:47.235306Z,2026-02-17T16:20:47.235306Z,0xf3798b18d2848c820b29301d0312a8aa9971716af23362904c728e860eff2fe0,2026-02-17
run_20260217_224037-0105,user-003,0x4215df6a87fc7f7793ac960227ccb30cfdeaddb280f35aa7e23e516ae0c4de32,0x2fd33aa8c28290402f7d401560a6f8639d2367bc2c79a44f1f38434af924ca51,TOU,4.931,2026-02-17T10:53:31.012069Z,2026-02-17T11:33:31.012069Z,0xf3798b18d2848c820b29301d0312a8aa9971716af23362904c728e860eff2fe0,2026-02-17
run_20260217_224037-0106,user-007,0xd2cc179fd6e7aec5cc909e678ddef074b5899b2a14d3dd2a91fa835b47b02397,0x577da11ea8aed1062f5bd7289c0b49c0c5675034f9a6c01b684b8023e921a704,TOU,2.209,2026-02-17T17:23:38.416890Z,2026-02-17T17:43:38.416890Z,0xf3798b18d2848c820b29301d0312a8aa9971716af23362904c728e860eff2fe0,2026-02-17
run_20260217_224037-0107,user-003,0x1c805e2b697f9e231147761875df4d0dcf60d8a86f790a2ffaf3c06fc19b2e85,0x43c85636262de4839a494a1d477551a60bf84131f11d59efd41ebb28bed5a44d,TOU,7.33,2026-02-17T03:36:54.971619Z,2026-02-17T04:36:54.971619Z,0xf3798b18d2848c820b29301d0312a8aa9971716af23362904c728e860eff2fe0,2026-02-17
run_20260217_224037-0108,user-005,0xf8b51946ec8c4fde8956538b27dcd6c9ab459e53318ed1593c915f8e26b5f437,0x3684ca7e78be4c61be60e4599202ceae80651ba23b41a32707039b4c752b5fe5,TOU,2.315,2026-02-17T17:59:33.553173Z,2026-02-17T18:19:33.553173Z,0xf3798b18d2848c820b29301d0312a8aa9971716af23362904c728e860eff2fe0,2026-02-17
run_20260217_224037-0109,user-008,0x7dae515af87e70f82897efb3c3ccfc3545fcc1ec76ef3745a788310b05fe2894,0xb6800cea6471345406d272a13eaebc762837bb319f65ee86694d5182e59b3674,TOU,12.912,2026-02-17T18:50:01.115243Z,2026-02-17T20:05:01.115243Z,0xf3798b18d2848c820b29301d0312a8aa9971716af23362904c728e860eff2fe0,2026-02-17
run_20260217_224037-0110,user-003,0x6cd4f052b73e337bd791424694abbadd6b408420d158ca51f4d45c0a4fdb8651,0x122a0df97a5cde90401de8278b51d0d151662ca608eeba69f95a65c8545b4af4,TOU,9.411,2026-02-17T04:56:04.632436Z,2026-02-17T06:11:04.632436Z,0xf3798b18d2848c820b29301d0312a8aa9971716af23362904c728e860eff2fe0,2026-02-17
run_20260217_224037-0111,user-007,0x0f15facd0ae7d0966f741f69f064e3a921a701cd8e318a58bb0e99af4c898324,0xaf27e712e731c2298778cd11d154c53f1e98c5c16b19706d747f1867eb359f31,TOU,2.412,2026-02-17T04:13:23.475882Z,2026-02-17T04:33:23.475882Z,0xf3798b18d2848c820b29301d0312a8aa9971716af23362904c728e860eff2fe0,2026-02-17
run_20260217_224037-0112,user-009,0xd44fc210ca1f1094a37068da8b0f3cc3ae1d62c332899875dea26e21fc3fac70,0xaba60f66628627945da4020194c76920df060bec081467c294d561acfdfc13ce,TOU,3.624,2026-02-17T08:37:41.804503Z,2026-02-17T09:07:41.804503Z,0xf3798b18d2848c820b29301d0312a8aa9971716af23362904c728e860eff2fe0,2026-02-17
run_20260217_224037-0113,user-004,0x0bd15bd45918f4d917e3a3907335e76ffc82a0096b2fb2b65ac866f52dea94c6,0xa217769b33532ef2d37f5ba01331fae707b877d7b093c5eb236bba79754a99ae,TOU,13.953,2026-02-17T15:40:43.605686Z,2026-02-17T16:55:43.605686Z,0xf3798b18d2848c820b29301d0312a8aa9971716af23362904c728e860eff2fe0,2026-02-17
run_20260217_224037-0114,user-010,0xc166957daacc38f2cea6b2d6829a9afd26f44a8b386f85cab2127f3cc6d7b0b0,0x28fdad646ff7f6cf7cf7986e2f917c661ad9e43ce042660077383c84d5ea1724,TOU,10.339,2026-02-17T17:37:53.729563Z,2026-02-17T18:07:53.729563Z,0xf3798b18d2848c820b29301d0312a8aa9971716af23362904c728e860eff2fe0,2026-02-17
run_20260217_224037-0115,user-007,0x2e3b8ab191ca3dd78009a82ef01833945425b6ce5211a60f1d1010d3c77ef877,0xcfae8021942177ceb9bf22c4a8d1a0fb77bb94872e426a5e61543a821a447874,TOU,7.911,2026-02-17T16:50:41.713508Z,2026-02-17T17:10:41.713508Z,0xf3798b18d2848c820b29301d0312a8aa9971716af23362904c728e860eff2fe0,2026-02-17
run_20260217_224037-0116,user-006,0x7ef2666c84710c28820430c7781226f1c1175a351490495d23f0dda8c92ca8ee,0x72577a1aea75f4f94c8d5f77fd98d47b72d12ca2a6ca8e1d41e14daa7ac4aa05,TOU,7.304,2026-02-17T06:21:45.141185Z,2026-02-17T07:01:45.141185Z,0xf3798b18d2848c820b29301d0312a8aa9971716af23362904c728e860eff2fe0,2026-02-17
run_20260217_224037-0117,user-010,0xc53f60b8fa9512f30e43e707ff673b06d6400acff4f85647bc9183f38d99a9f3,0xb736723def56a1e380e0ab604deb6f19bda4703a5f8172f6e8fc9d2b6f032b45,TOU,5.789,2026-02-17T13:56:53.158176Z,2026-02-17T14:26:53.158176Z,0xf3798b18d2848c820b29301d0312a8aa9971716af23362904c728e860eff2fe0,2026-02-17
run_20260217_224037-0118,user-002,0xe54f0c3741fd5967c0d40640a8183cbe6e58015c2dcefcf443a80cc5b35eee4b,0x30526ac3175c717136dbd2548ccc44134db723ec42c8b5f17cc653fbc1416220,TOU,12.993,2026-02-17T01:17:51.885728Z,2026-02-17T02:32:51.885728Z,0xf3798b18d2848c820b29301d0312a8aa9971716af23362904c728e860eff2fe0,2026-02-17
run_20260217_224037-0119,user-001,0x3753f9934655ae74d72beae4977986782c48123636ca32c2ec4bdbfb543abaaa,0x109c8e1c788f7c7befdb6849e8d31a801140d6174ac56960a6a0cb7cc5809182,TOU,5.514,2026-02-17T10:17:47.665969Z,2026-02-17T10:47:47.665969Z,0xf3798b18d2848c820b29301d0312a8aa9971716af23362904c728e860eff2fe0,2026-02-17
run_20260217_224037-0120,user-003,0x98348f7a6e9548b0af509dce572e651ae275b7417fcad0340d7df4ffbd4f891f,0x3bdd800186f1eb2ce2af0d773f397c4cb6cafe37858eb5a986a7c1d20d52e5f9,TOU,11.171,2026-02-17T00:34:52.844748Z,2026-02-17T01:34:52.844748Z,0xf3798b18d2848c820b29301d0312a8aa9971716af23362904c728e860eff2fe0,2026-02-17
run_20260217_224037-0121,user-003,0x6d0bdf19ef14b4fef3fec12b854cce1ac98979b1117da8c07666e280cb517504,0xc0370d3c5af4429617f59d7d6e7764a09821f8376ff73928ea167a58fa2f1199,TOU,14.206,2026-02-17T16:06:43.750764Z,2026-02-17T17:21:43.750764Z,0xf3798b18d2848c820b29301d0312a8aa9971716af23362904c728e860eff2fe0,2026-02-17
run_20260217_224037-0122,user-010,0xc534eb9bcf29c3d51a30752345eca910720b5a02bedbf460e132b765c35345f6,0x4f6166c3fc4a01cbfdac174e9cdd87a58872be98d8c56c11c5e324dda78ebda7,TOU,26.698,2026-02-17T12:35:35.405503Z,2026-02-17T13:50:35.405503Z,0xf3798b18d2848c820b29301d0312a8aa9971716af23362904c728e860eff2fe0,2026-02-17
run_20260217_224037-0123,user-007,0x86a9b66c995125b1739d3a42d3b974f48eaa0f28c9422336585cc6222361bbf5,0xff2e84c288211c6a00ebda8b1bbe2e1498ccd8f60ad3a901010a18a29ad2ed78,TOU,13.821,2026-02-17T11:56:22.794802Z,2026-02-17T13:11:22.794802Z,0xf3798b18d2848c820b29301d0312a8aa9971716af23362904c728e860eff2fe0,2026-02-17
run_20260217_224037-0124,user-008,0x82070241a31367aedd42264d84957e96d79e9eefe638412717e6bf032f15c2b2,0xdc117958b2f241d711948b950c8d409ef3a4431be25000f09730ee2d338ec7b1,TOU,5.334,2026-02-17T19:22:08.375787Z,2026-02-17T19:52:08.375787Z,0xf3798b18d2848c820b29301d0312a8aa9971716af23362904c728e860eff2fe0,2026-02-17
run_20260217_224037-0125,user-008,0xa1f8d4400e6d5820529b4c57b75dd36d5d84a1440910a804f94e22bdea90c9d4,0x99ebe39195e691b61eae54dd90ff8014b4a0bb5d651921ccbdf050d52bb09999,TOU,7.491,2026-02-17T15:36:43.405749Z,2026-02-17T16:16:43.405749Z,0xf3798b18d2848c820b29301d0312a8aa9971716af23362904c728e860eff2fe0,2026-02-17
run_20260217_224037-0126,user-002,0xf55bad99550f810a3d6138b958bd1343a1f5004ac3f0b4a3efbc2f1d873abcdd,0x19b6437ec29cd69ea0e6b6e4712fe28e5f7a544ce6cc660e0e6ee7970ea5d41e,TOU,22.547,2026-02-17T15:40:14.192382Z,2026-02-17T16:40:14.192382Z,0xf3798b18d2848c820b29301d0312a8aa9971716af23362904c728e860eff2fe0,2026-02-17
run_20260217_224037-0127,user-002,0xc78bcd6002b1c4676501e45ab12591985a4c6d177f940f8ce71c0d8eb44c3b17,0x07587a8b71fa5edb37e0991ab84d881ffdc16ce83c1c56d739f47ba67edb073f,TOU,7.189,2026-02-17T14:03:50.761973Z,2026-02-17T15:03:50.761973Z,0xf3798b18d2848c820b29301d0312a8aa9971716af23362904c728e860eff2fe0,2026-02-17
run_20260217_224037-0128,user-002,0xc69228c6b002dff6ec60582b3a39f675927f3122af7ca0bb9ba7f86310499d48,0x2d950857669dcfec20d53b0b5ebb05c0e067256b6939d6751da2a30887eccb08,TOU,10.959,2026-02-17T08:19:41.389692Z,2026-02-17T08:49:41.389692Z,0xf3798b18d2848c820b29301d0312a8aa9971716af23362904c728e860eff2fe0,2026-02-17
run_20260217_224037-0129,user-007,0xabe893bfabcf33146a627da67ee6032feaa0894d6fc0c80865c0563f8671a35b,0x2ae7927127c8f4197e9d5680dd984f7eefb9f47f161fd9bd5c9057a3cbb157d7,TOU,11.401,2026-02-17T05:04:20.201579Z,2026-02-17T05:34:20.201579Z,0xf3798b18d2848c820b29301d0312a8aa9971716af23362904c728e860eff2fe0,2026-02-17
run_20260217_224037-0130,user-009,0x47e86d0aaaa8e72e0cdde3b3c23d7020d3c26ec7eb3a0bc8fbbd26008630b7f5,0x61a3490706519f2be63dde221a6cc1570e89f3d4d159ccf76496b526bfd96dde,TOU,10.887,2026-02-17T11:23:58.878590Z,2026-02-17T11:53:58.878590Z,0xf3798b18d2848c820b29301d0312a8aa9971716af23362904c728e860eff2fe0,2026-02-17
run_20260217_224037-0131,user-006,0x96d204e0435a12729d84540a11450bfcb17f4441ff6fd93a76d76c6f772b20da,0x66aa9f385ae16356d3557fbe9d12a163b5f463de5377be5f378280c19f3abfef,TOU,27.964,2026-02-17T05:00:17.673794Z,2026-02-17T06:15:17.673794Z,0xf3798b18d2848c820b29301d0312a8aa9971716af23362904c728e860eff2fe0,2026-02-17
run_20260217_224037-0132,user-006,0x54cba4ce4a7ead59678594ecdcc50e00d04983f96647e6d907f8e17962866402,0xc7d2de69bb3aa1a6ac05083b9ae59bdde152607dad4aa1f1d71823ddb80ba90e,TOU,8.904,2026-02-17T16:44:11.879451Z,2026-02-17T17:59:11.879451Z,0xf3798b18d2848c820b29301d0312a8aa9971716af23362904c728e860eff2fe0,2026-02-17
run_20260217_224037-0133,user-010,0x7affa208183647fa0a9fbb116cec1f2f6caf83c5c286c2c29afe365bc58101b3,0x461c9cf73a25331d2e4e52a1ad40e309def63696b901336a67866f636bc912c8,TOU,13.341,2026-02-17T15:00:58.813652Z,2026-02-17T16:15:58.813652Z,0xf3798b18d2848c820b29301d0312a8aa9971716af23362904c728e860eff2fe0,2026-02-17
run_20260217_224037-0134,user-003,0xf28ad763cac468e7f8c237e0c2fc8643b3511e6c0a2c813738c8b166ae164813,0x30b7e66ec0006d4e1880b7717b76ec5aee4cf19fc6b6033b87b3f7a644a26fcc,TOU,13.343,2026-02-17T20:02:03.989671Z,2026-02-17T21:17:03.989671Z,0xf3798b18d2848c820b29301d0312a8aa9971716af23362904c728e860eff2fe0,2026-02-17
run_20260217_224037-0135,user-007,0x471ecbb349260405e4c231800b87486158ee8a3e106f7e4f2f06de753f66d677,0x6ebdb542736ebc4c8e8d740d358d4b14e2ee0c68d39848a5862beaf9a8c31eb7,TOU,7.856,2026-02-17T15:42:52.705929Z,2026-02-17T16:02:52.705929Z,0xf3798b18d2848c820b29301d0312a8aa9971716af23362904c728e860eff2fe0,2026-02-17
run_20260217_224037-0136,user-003,0x7d53ca41f17b29120d265252a79d59a42831dafcd627cb2d303763e4174da3f8,0x4df03d8eaad08e53676074708d52748eced44b3a94d48470a93b64999647d475,TOU,10.94,2026-02-17T05:31:40.813793Z,2026-02-17T06:31:40.813793Z,0xf3798b18d2848c820b29301d0312a8aa9971716af23362904c728e860eff2fe0,2026-02-17
run_20260217_224037-0137,user-004,0xb414726b71ddd8cf05bf22e3c77c75e4df8f95d05d93404ea17202dd91fafe56,0xb38bb0d2748027cbcffdf74861ea1b1c629ed124794ed80f3a604b74fff8e50f,TOU,3.581,2026-02-17T03:56:51.412752Z,2026-02-17T04:16:51.412752Z,0xf3798b18d2848c820b29301d0312a8aa9971716af23362904c728e860eff2fe0,2026-02-17
run_20260217_224037-0138,user-006,0x800709c9127b7559304fc4753e83a7c5e2617c365a4826668806b775d7efd2a0,0x7609e003d04b20518321295397618d8d6efd7908c582f8b537acfaf54d313b97,TOU,11.045,2026-02-17T20:15:37.513355Z,2026-02-17T20:45:37.513355Z,0xf3798b18d2848c820b29301d0312a8aa9971716af23362904c728e860eff2fe0,2026-02-17
run_20260217_224037-0139,user-002,0x82b1140966a83a9b3a03c35446e944535faba6cd5ab378cf1f47912f6f5a3ded,0x2b492737381ee263faee30a4803602a0a502ffb5bea58df3b1920d21c5f7f59a,TOU,21.829,2026-02-17T09:43:43.225658Z,2026-02-17T10:43:43.225658Z,0xf3798b18d2848c820b29301d0312a8aa9971716af23362904c728e860eff2fe0,2026-02-17
run_20260217_224037-0140,user-010,0x6f257a33bb577b56b37dccc238179e96c783b785add23fb780cde6a60533410d,0xd14ab92397a4337a9f6d62999adf4832befe8beadb4c94b6f47ebdec2725af9c,TOU,5.026,2026-02-17T05:26:32.698442Z,2026-02-17T06:06:32.698442Z,0xf3798b18d2848c820b29301d0312a8aa9971716af23362904c728e860eff2fe0,2026-02-17
run_20260217_224037-0141,user-007,0x6ff4baf1938a9e972303511b2c08457cc8ba01e9ca9b1ddbd6345a6f6d8e02e7,0xd3014fc7df38f154f27398c13aabf43b2e784c7fa3014ef8110d8eef503adcc4,TOU,3.703,2026-02-17T10:38:34.502459Z,2026-02-17T10:58:34.502459Z,0xf3798b18d2848c820b29301d0312a8aa9971716af23362904c728e860eff2fe0,2026-02-17
run_20260217_224037-0142,user-005,0x34581dbcf21458732770a78d461ad5d4871c6ff16c276e48f998932e50af640b,0x8135b320b14dadab35b2c394803b521558aff3187e6e59be1fd304d28368825e,TOU,13.787,2026-02-17T14:56:53.839713Z,2026-02-17T16:11:53.839713Z,0xf3798b18d2848c820b29301d0312a8aa9971716af23362904c728e860eff2fe0,2026-02-17
run_20260217_224037-0143,user-004,0xb2820562f49a891d32f07b9365838d49388e6de1dbc4c9d9b459fc5bd34b3506,0xe42ab44bf849d00ebb90dea12cb052009fd509c116b214fbae7a853cea8721fb,TOU,22.225,2026-02-17T22:44:47.235245Z,2026-02-17T23:44:47.235245Z,0xf3798b18d2848c820b29301d0312a8aa9971716af23362904c728e860eff2fe0,2026-02-17
run_20260217_224037-0144,user-002,0x8afbbb1903c1d89e797ed426a7d67e0accc7e55d4de5cbd2cf6fa599f56b2191,0xad5ccd45af734dcde76c4e7f891705f5623ce9c97d3261dd3b76f50b716dbcee,TOU,7.065,2026-02-17T06:03:29.634748Z,2026-02-17T07:03:29.634748Z,0xf3798b18d2848c820b29301d0312a8aa9971716af23362904c728e860eff2fe0,2026-02-17
run_20260217_224037-0145,user-006,0xa23d3d16a72288f58f8b7df13fd25163acf8e3044cde634a10b370043acf542b,0xd9829a08e304106d650b35189b53ad24ddeaa2216f32a3c6c07cdf177011e478,TOU,7.423,2026-02-17T02:02:21.844895Z,2026-02-17T02:42:21.844895Z,0xf3798b18d2848c820b29301d0312a8aa9971716af23362904c728e860eff2fe0,2026-02-17
run_20260217_224037-0146,user-004,0xbafd26761960091be1604768615346cc505ae2a6187f1eb874875aaba8f70c2f,0xb32e991717d68fa602ce8c454fbb24021c7af126668bb03738a93d243e139586,TOU,5.138,2026-02-17T14:52:01.843462Z,2026-02-17T15:22:01.843462Z,0xf3798b18d2848c820b29301d0312a8aa9971716af23362904c728e860eff2fe0,2026-02-17
run_20260217_224037-0147,user-003,0x8014d5b9f1b7305dca5a737f4d1977265c73fb042aff23eb3365a0c9471441ef,0xdd67758f265de66ee78c2fab9285694e80c450a268df488bd2094522b30dd1f7,TOU,5.083,2026-02-17T06:23:48.478721Z,2026-02-17T07:03:48.478721Z,0xf3798b18d2848c820b29301d0312a8aa9971716af23362904c728e860eff2fe0,2026-02-17
run_20260217_224037-0148,user-001,0x56db9cc3745b7186797302d03883c65d57c9f73a89e235ab917ea038cd1d1592,0x46075de99f7144dc806d280868fe1eb872413860a4d5bea2728db9a0d081457c,TOU,6.888,2026-02-17T05:38:21.123915Z,2026-02-17T06:38:21.123915Z,0xf3798b18d2848c820b29301d0312a8aa9971716af23362904c728e860eff2fe0,2026-02-17
run_20260217_224037-0149,user-001,0xab06d08f05b5216d7c6599af83ab90495460866e4c4dcf12a532aa39d65237d2,0x05187ad804b3412120e7cbf1e159e8c672119ecf1a77fafff09943cec5407a7e,TOU,14.426,2026-02-17T11:16:38.315313Z,2026-02-17T11:56:38.315313Z,0xf3798b18d2848c820b29301d0312a8aa9971716af23362904c728e860eff2fe0,2026-02-17
run_20260217_224037-0150,user-010,0x12a01adfa4ec32fab88dbcfaf64e724fbfadc87d32e0c25d4871753462d826e5,0xaec30806f4ec3429a2c9ae615805665f57cee07e6fadae8ec2c616b2e89960da,TOU,7.639,2026-02-17T11:20:54.202861Z,2026-02-17T12:00:54.202861Z,0xf3798b18d2848c820b29301d0312a8aa9971716af23362904c728e860eff2fe0,2026-02-17
run_20260217_224037-0151,user-001,0xc85d1b59034d28b02c9fda13849a6b86650d7ca3f4638f763ccf72b87b3fed8e,0xb70a0c3f313c0f350371daa5a45b3077c843eabfaf28262aea8578fd9d31beb1,TOU,10.794,2026-02-17T21:44:21.556331Z,2026-02-17T22:44:21.556331Z,0xf3798b18d2848c820b29301d0312a8aa9971716af23362904c728e860eff2fe0,2026-02-17
run_20260217_224037-0152,user-010,0xb78feb914afc063cdf1b9bc0c2edef6feae2d37dc2d33b425f6ad1f6aefe49f7,0xe90c3c45d70780f81b6289609617e7274d23c455effefaba479094abe7192e47,TOU,2.228,2026-02-17T12:34:16.775147Z,2026-02-17T12:54:16.775147Z,0xf3798b18d2848c820b29301d0312a8aa9971716af23362904c728e860eff2fe0,2026-02-17
run_20260217_224037-0153,user-006,0x5b8d429a112148c209fd0eafbe9c205c49bb21539c6da10b0aa07b309e6dcb6b,0xad8ccfd9891431b746de811f4c9a26d7eb6a24790f0aca1afe3e5c394b1eb5af,TOU,11.431,2026-02-17T23:36:27.140575Z,2026-02-18T00:06:27.140575Z,0xf3798b18d2848c820b29301d0312a8aa9971716af23362904c728e860eff2fe0,2026-02-17
run_20260217_224037-0154,user-007,0xa6eac5f0b5459509eaf5e153c3d43cc23b3d997f54b9f547578e9d14743cc1be,0xe04b86c37c015d52312689d17cd9c88e3dec81917f78cc35eeb646af99ceaaf5,TOU,13.321,2026-02-17T07:44:04.178948Z,2026-02-17T08:59:04.178948Z,0xf3798b18d2848c820b29301d0312a8aa9971716af23362904c728e860eff2fe0,2026-02-17
run_20260217_224037-0155,user-006,0xf2f04c97a5ea0560aa5333f1a3069962cd345c7e7cb299c0cdf0682de1661407,0xd3605a7d91ff866f728d7b9f977b07e728052c273ded39d71795f07db66ec508,TOU,11.456,2026-02-17T10:42:37.540564Z,2026-02-17T11:42:37.540564Z,0xf3798b18d2848c820b29301d0312a8aa9971716af23362904c728e860eff2fe0,2026-02-17
run_20260217_224037-0156,user-001,0xf5d73022131071b9419141fd7bb854de56adbaf31c45e2cc810e654d6dd66420,0x5481a4fcd3ed2fb1a2d7f11f891f1cb9991fbf756d7cc959d113b707837203d2,TOU,10.965,2026-02-17T01:21:08.236358Z,2026-02-17T02:21:08.236358Z,0xf3798b18d2848c820b29301d0312a8aa9971716af23362904c728e860eff2fe0,2026-02-17
run_20260217_224037-0157,user-007,0x0125aabab72686c325986910c1fabfd67c41a9068e3011e8d89c8f76941dab97,0x1513bbf2e99040c901bda200fd7192d124b3c1f66bcbd3d3ad940338a772e445,TOU,9.08,2026-02-17T05:16:59.789274Z,2026-02-17T06:31:59.789274Z,0xf3798b18d2848c820b29301d0312a8aa9971716af23362904c728e860eff2fe0,2026-02-17
run_20260217_224037-0158,user-008,0x3665e3fa1d7c8696119d770fcad5f66ee121e8dc31bc403177b5226dd148da8a,0xab58a9beaee5b5b42a1e534467c4981991c6fb1c003a7f39b6fe0bb8925c4c57,TOU,4.641,2026-02-17T21:24:57.587441Z,2026-02-17T22:04:57.587441Z,0xf3798b18d2848c820b29301d0312a8aa9971716af23362904c728e860eff2fe0,2026-02-17
run_20260217_224037-0159,user-006,0x03331df2d22b3ddcee6c3ac3a82da846bc0267597a4af0133b17a68e6f212807,0xa2f3f4f0817afbea9c01cb3ff916e4fd39dc3391a629449f7873ac5cb831e7bf,TOU,5.548,2026-02-17T09:30:22.546411Z,2026-02-17T10:00:22.546411Z,0xf3798b18d2848c820b29301d0312a8aa9971716af23362904c728e860eff2fe0,2026-02-17
run_20260217_224037-0160,user-006,0xd412193f752e956d3c4f9d2d9ff4eeac172f688bdc65aecd7841acc4281923e6,0x5220e847b8cd71044eadbf6b25b4a03e97c1892e8ce092a5a81abc1c482edd62,TOU,10.901,2026-02-17T14:57:28.821879Z,2026-02-17T15:57:28.821879Z,0xf3798b18d2848c820b29301d0312a8aa9971716af23362904c728e860eff2fe0,2026-02-17
run_20260217_224037-0161,user-003,0xfe8f5fd904e85f38cb4400b524e70ac722c28df9061f0047eb2972a9333325a4,0xfbbeb536b446e2e49ac9d8877810a1afbc9eb13128c37309e999a2a2808f6a39,TOU,5.371,2026-02-17T08:46:59.766174Z,2026-02-17T09:16:59.766174Z,0xf3798b18d2848c820b29301d0312a8aa9971716af23362904c728e860eff2fe0,2026-02-17
run_20260217_224037-0162,user-007,0xf71df2b7e616ea8291811008706ce7efa346c0685c1cdd4edba86934ec71225f,0x423893e0a28d9949dc6d5f36586a2cfe5e2d2c1fbe7b0610670931a8cc4b75d7,TOU,14.411,2026-02-17T10:56:09.054427Z,2026-02-17T11:36:09.054427Z,0xf3798b18d2848c820b29301d0312a8aa9971716af23362904c728e860eff2fe0,2026-02-17
run_20260217_224037-0163,user-007,0xa735332579910f57312050434c3151a7bf78c27f1542832e829918354e4c0af4,0x609f46a7499b5300b183770c566e83a492704c8ed76241502877b03a2d0196fb,TOU,7.491,2026-02-17T00:46:47.518060Z,2026-02-17T01:26:47.518060Z,0xf3798b18d2848c820b29301d0312a8aa9971716af23362904c728e860eff2fe0,2026-02-17
run_20260217_224037-0164,user-010,0x538fca416a79682a6bc9cfb3ae71257bb1e7b741d7b4ebd70f10d86254b92180,0x38912eb137a36b1b345df3905a42bb5c70e0c3a7c9152d58ff342af93e474677,TOU,5.981,2026-02-17T07:24:46.216786Z,2026-02-17T07:54:46.216786Z,0xf3798b18d2848c820b29301d0312a8aa9971716af23362904c728e860eff2fe0,2026-02-17
run_20260217_224037-0165,user-005,0x7a3dc0770ebb2018e5fdb34d8681ed58f6e1b8ee35e4b0e5e7f7633975cbbe70,0x5190390736bd8cc4fa9e0b9644026d4a59f6eb736b2ace052fcc915f50517ce1,TOU,10.736,2026-02-17T15:44:59.038775Z,2026-02-17T16:14:59.038775Z,0xf3798b18d2848c820b29301d0312a8aa9971716af23362904c728e860eff2fe0,2026-02-17
run_20260217_224037-0166,user-006,0x6e18f3ec9ece60bde7fbc84d4085da5b1cc98e250c0d9ad39fe934475be9c805,0x6de87a44c224c297b2fcc30121b49caeafd11313f7c5f1f28760c2b0f0098c22,TOU,11.536,2026-02-17T08:25:55.399147Z,2026-02-17T08:55:55.399147Z,0xf3798b18d2848c820b29301d0312a8aa9971716af23362904c728e860eff2fe0,2026-02-17
run_20260217_224037-0167,user-003,0x579e18709ddc4ed559f89e4a6f6aa11d1f5e9e9ffa0b36a3fae3784a5f9edc19,0x95679deecbd3b8d2e6978928860f97a62bdd055f4d21ef1d5070b2ecde9aa5df,TOU,11.716,2026-02-17T08:36:42.625057Z,2026-02-17T09:36:42.625057Z,0xf3798b18d2848c820b29301d0312a8aa9971716af23362904c728e860eff2fe0,2026-02-17
run_20260217_224037-0168,user-004,0xae53b56f1cb6ee35edf28e14eec80fb3793dfe32f4a5ab0757aebfbde825124f,0xd738a896c1f8f2a5ac520b942bffad86d77abd6bca0f79a2fb849d93fb564e2a,TOU,14.035,2026-02-17T13:00:07.643521Z,2026-02-17T13:40:07.643521Z,0xf3798b18d2848c820b29301d0312a8aa9971716af23362904c728e860eff2fe0,2026-02-17
run_20260217_224037-0169,user-005,0x719535c687c0886241b6e7d0d260ff40d7ae869daf2c8e7f0ceecaecd4aa791c,0x3496c2ff8c0f5376514c9530e09a583171c0ee9440236be43e9efab658522f69,TOU,8.87,2026-02-17T01:56:05.825105Z,2026-02-17T03:11:05.825105Z,0xf3798b18d2848c820b29301d0312a8aa9971716af23362904c728e860eff2fe0,2026-02-17
run_20260217_224037-0170,user-006,0xe00f1b6c9237e7a5fa7e9193275fb9ee9ebeb1f28dc31eae90bbf65014204cc4,0x1556987b94ea6564b9d88aeb9358aac27b2ec5800749c9dd68c09878607d7619,TOU,8.641,2026-02-17T03:46:32.477499Z,2026-02-17T05:01:32.477499Z,0xf3798b18d2848c820b29301d0312a8aa9971716af23362904c728e860eff2fe0,2026-02-17
run_20260217_224037-0171,user-005,0xf29978e6c46715f20cfa31c4dd2da467e2f7837fbe5163043b54739523b5749b,0x79d157543f518e4b4e1428599d6e0b49df6a2362e7e7cf455f2cdd878501ddf0,TOU,4.662,2026-02-17T18:35:13.528802Z,2026-02-17T19:15:13.528802Z,0xf3798b18d2848c820b29301d0312a8aa9971716af23362904c728e860eff2fe0,2026-02-17
run_20260217_224037-0172,user-001,0x27cbae045018322a9485a41d913518cc26f64abc7d1dfd78d04993c18de63bcf,0xa2d635e4be789afe80a99fc79d431662fa5d43f8c363cbe62197f4dfdc93ca46,TOU,22.469,2026-02-17T05:44:35.643091Z,2026-02-17T06:44:35.643091Z,0xf3798b18d2848c820b29301d0312a8aa9971716af23362904c728e860eff2fe0,2026-02-17
run_20260217_224037-0173,user-010,0xeb3034e4fc67490aa04de4b3cdc22037bf05432b4e7c96dda831bd82b835e365,0x6b1d514636e4ca40284e6d4344099102145d11f4bb4bc0e1e06f70398d4c97f0,TOU,27.973,2026-02-17T07:26:38.858074Z,2026-02-17T08:41:38.858074Z,0xf3798b18d2848c820b29301d0312a8aa9971716af23362904c728e860eff2fe0,2026-02-17
run_20260217_224037-0174,user-007,0x03f5b629ec5cbb40d24bd1e49b909a9fd6f404923bf947f1fcae722c5016752c,0x184e5060468df49eaf7acdf81a2c74c49a026f33159c3a808411f87df42cda54,TOU,15.057,2026-02-17T01:55:58.383298Z,2026-02-17T02:35:58.383298Z,0xf3798b18d2848c820b29301d0312a8aa9971716af23362904c728e860eff2fe0,2026-02-17
run_20260217_224037-0175,user-007,0xb56719bc0d8495d2e6e428cbb3d3bb7373e68a8d956365b54493ca5e37a95371,0x560886e391015d99772d613a0e01271c434107c8760136af96f6c0d505aa14f7,TOU,6.678,2026-02-17T14:58:45.110874Z,2026-02-17T15:18:45.110874Z,0xf3798b18d2848c820b29301d0312a8aa9971716af23362904c728e860eff2fe0,2026-02-17
run_20260217_224037-0176,user-006,0x0d7174fb42f2e8f615f24814532d99869e11b0e36ef121b59b0b02b0f28fb1d7,0x34c9ed6c899622676d4172625cb483c2c408923058ee95084f1558c91488bb93,TOU,10.809,2026-02-17T13:04:14.295920Z,2026-02-17T14:04:14.295920Z,0xf3798b18d2848c820b29301d0312a8aa9971716af23362904c728e860eff2fe0,2026-02-17
run_20260217_224037-0177,user-005,0xf7fd74b9e8d36738ad6edaa7567e7f6551d65670e784cc4c6fbd62c4fed8a8fa,0xc9e5ab904e336af715a4412b2de90016597f75620610b3ad7f845a84ca8d1051,TOU,9.09,2026-02-17T15:52:37.954593Z,2026-02-17T17:07:37.954593Z,0xf3798b18d2848c820b29301d0312a8aa9971716af23362904c728e860eff2fe0,2026-02-17
run_20260217_224037-0178,user-005,0x1f36171e8d58e0744b4161e836143bc113f154e3f429127b77cef36494f76490,0x50b88b73964f9edce22ae8934c094acb6bb89f6abed09fb02f3745394a192478,TOU,4.878,2026-02-17T20:10:04.347205Z,2026-02-17T20:50:04.347205Z,0xf3798b18d2848c820b29301d0312a8aa9971716af23362904c728e860eff2fe0,2026-02-17
run_20260217_224037-0179,user-002,0x9d577c03fcb25308949cc6bb1eb003233f4357367b4e362b0861e348a6de437c,0xde590ae6ea2f096c30d3285728614bc50cd8dddc0a756462037763d29a10ef02,TOU,2.476,2026-02-17T07:05:40.489364Z,2026-02-17T07:25:40.489364Z,0xf3798b18d2848c820b29301d0312a8aa9971716af23362904c728e860eff2fe0,2026-02-17
run_20260217_224037-0180,user-006,0x7f48f5489a0db37049f7c73f969c5446cf7133e30fae9667b69aa1ae44f9cec1,0x3878d48373d9ae481585520ae349aac4b35c9f3cf15df0ded073622b1862e8ae,TOU,22.863,2026-02-17T04:22:21.780075Z,2026-02-17T05:22:21.780075Z,0xf3798b18d2848c820b29301d0312a8aa9971716af23362904c728e860eff2fe0,2026-02-17
run_20260217_224037-0181,user-010,0x8b9eeb2644bffe7f002f7b81ceed263987c278e9df9e84a9cddb8a6026a93057,0x594b1cf7c8b7b34cff045764d0c6d06df057903d3036ffe8b37980ca2a48c1c5,TOU,5.165,2026-02-17T23:46:47.782295Z,2026-02-18T00:16:47.782295Z,0xf3798b18d2848c820b29301d0312a8aa9971716af23362904c728e860eff2fe0,2026-02-17
run_20260217_224037-0182,user-002,0xd8f4d8a261a726c8c4a9795158c4170e6df4a935f594b61a8f99faf8b6e2367a,0x16ca837d5ca3e4b35d285e6e3c4b71b18a5b851528779e18aaff3c1fe6402ecb,TOU,6.989,2026-02-17T20:37:22.864568Z,2026-02-17T20:57:22.864568Z,0xf3798b18d2848c820b29301d0312a8aa9971716af23362904c728e860eff2fe0,2026-02-17
run_20260217_224037-0183,user-002,0xb7787f873e161a0542acf2f40511fb22e0a8768bfc87779473620cbce2f3cd08,0xb5bfc7d751f3848081c59ad2d13a695eae5f03b12f120d987cc1ab8db566884d,TOU,27.159,2026-02-17T18:01:38.368851Z,2026-02-17T19:16:38.368851Z,0xf3798b18d2848c820b29301d0312a8aa9971716af23362904c728e860eff2fe0,2026-02-17
run_20260217_224037-0184,user-009,0xb8aca03d2e484014a4b68cb97236b4b94e8a5dc8fa77e7c302a8349029d7b3b7,0xd56fcd4b48e36313ed75d40101f27e772dc67c6badb2c5c3de63681566872da7,TOU,3.813,2026-02-17T02:39:14.200773Z,2026-02-17T02:59:14.200773Z,0xf3798b18d2848c820b29301d0312a8aa9971716af23362904c728e860eff2fe0,2026-02-17
run_20260217_224037-0185,user-003,0xaddebc915c1eeeb4c90e0a0d91f2527f74802b50ef6d2973a6a230c15889c861,0xe63bf99e4f7cc444702dc92f6fb0ba7ed8c74504c501f23073a9285a596e6ac0,TOU,2.356,2026-02-17T05:40:40.478966Z,2026-02-17T06:00:40.478966Z,0xf3798b18d2848c820b29301d0312a8aa9971716af23362904c728e860eff2fe0,2026-02-17
run_20260217_224037-0186,user-009,0xd4e7768c53920bc9d6db26dce8ddbf932062f04d8160f18680b67f6f2fa51b3e,0x4c4e2ebae1637677ccbc862a002fff877998b9c40ae8d6ce7c914b804cce469a,TOU,22.476,2026-02-17T05:34:21.695942Z,2026-02-17T06:34:21.695942Z,0xf3798b18d2848c820b29301d0312a8aa9971716af23362904c728e860eff2fe0,2026-02-17
run_20260217_224037-0187,user-002,0xcac5273171b5e559eb424a228d3e2928d4994dd80a2b58d1047b7068432b76d1,0x9e8452e445e74aca8fd2a6459adf497f2e89c6ee05f39fd13cefefff2c68d22e,TOU,23.006,2026-02-17T16:32:21.355770Z,2026-02-17T17:32:21.355770Z,0xf3798b18d2848c820b29301d0312a8aa9971716af23362904c728e860eff2fe0,2026-02-17
run_20260217_224037-0188,user-006,0x22ab674713b69f2eacbf830c62070a185ebef8a2e186343869ab88540e1eb637,0x50f14d558035049e4da4208692729c0efddb17c29f87967c65e3361098e5b5c4,TOU,4.954,2026-02-17T11:25:52.336660Z,2026-02-17T12:05:52.336660Z,0xf3798b18d2848c820b29301d0312a8aa9971716af23362904c728e860eff2fe0,2026-02-17
run_20260217_224037-0189,user-010,0xb8456074ed2ac1cf037eb628704450d0abf4c7de88fe8f41ac8f568d06bee687,0x869124068eb5bd25afd862a2ab8f8819aa75b0b089c8eb28875835b6455dfb88,TOU,11.679,2026-02-17T08:55:21.163238Z,2026-02-17T09:55:21.163238Z,0xf3798b18d2848c820b29301d0312a8aa9971716af23362904c728e860eff2fe0,2026-02-17
run_20260217_224037-0190,user-008,0xd1b65ecf17eb32d4be4a3a5c781d46bec68e874a2341b2b65ea026545aa42845,0x9ffa087ecb4cdd735743c1ea1ba48ec1812329ec8bf01ce10998d1e2c1cef4d6,TOU,3.487,2026-02-17T15:14:52.430717Z,2026-02-17T15:44:52.430717Z,0xf3798b18d2848c820b29301d0312a8aa9971716af23362904c728e860eff2fe0,2026-02-17
run_20260217_224037-0191,user-006,0x3570d9f835315391602684ce3cba2f15616690909361b8b72183eadac1090b02,0xdda1cd1d462f05df9b8718833ed591e4cb6736ea8337bbfc552080007b483f07,TOU,7.241,2026-02-17T17:28:23.312428Z,2026-02-17T17:48:23.312428Z,0xf3798b18d2848c820b29301d0312a8aa9971716af23362904c728e860eff2fe0,2026-02-17
run_20260217_224037-0192,user-007,0x62eb9b3a40c5b59d14941375caacf804259adf030331569c70b9539d445c31be,0x48e76773f37cc59b805a907edadcb7d01fbc527119ae2d4aa2adf4d7ba99672e,TOU,11.336,2026-02-17T22:19:44.755776Z,2026-02-17T23:19:44.755776Z,0xf3798b18d2848c820b29301d0312a8aa9971716af23362904c728e860eff2fe0,2026-02-17
run_20260217_224037-0193,user-009,0x2391aa4644ce6507b61cf288728af0ec6cbd5791df19a22f08bbef34c597bd5b,0xc603b6d43a4c164512b46f26cfe8b0557050aa442bdd4792259fee717a2ab668,TOU,3.754,2026-02-17T05:43:54.336164Z,2026-02-17T06:13:54.336164Z,0xf3798b18d2848c820b29301d0312a8aa9971716af23362904c728e860eff2fe0,2026-02-17
run_20260217_224037-0194,user-007,0xd20b3094dc6e5c6ecbb47bd84c0423df9c8a7d3137df03d361c14e99763c62cf,0x560d1da5750b5a4a5be2dec33701e18e8de52e75a19e2f73d39e27fd9e62e4c4,TOU,4.872,2026-02-17T03:36:25.882656Z,2026-02-17T04:16:25.882656Z,0xf3798b18d2848c820b29301d0312a8aa9971716af23362904c728e860eff2fe0,2026-02-17
run_20260217_224037-0195,user-009,0x3550bb37216ee3fab7c1b1b502902aa4eaf45f62ea524e428489c3121c4a0688,0x0fa0c721f715c81c5079cbfdf1ff350a254d30ec6e369eddda11c0a076b94411,TOU,7.354,2026-02-17T14:04:11.892178Z,2026-02-17T14:44:11.892178Z,0xf3798b18d2848c820b29301d0312a8aa9971716af23362904c728e860eff2fe0,2026-02-17
run_20260217_224037-0196,user-005,0xd60dc3926ea2291f695e47e133db68029b171a003e811d7735c4285fc594b5bd,0x46c5816fa4f2d7e395129f464ae9f2ec5b2482ab8da4e7eb9e038c028ceb8d3c,TOU,21.996,2026-02-17T03:33:41.055820Z,2026-02-17T04:33:41.055820Z,0xf3798b18d2848c820b29301d0312a8aa9971716af23362904c728e860eff2fe0,2026-02-17
run_20260217_224037-0197,user-004,0xb4e19cd00d7ec855c44e0fc171705fd03812584935b55dc638af22b5b7a71f59,0x0cd39962c8439f55c2dac21c0da192489c428345683ad20565ac99b5081f0677,TOU,11.343,2026-02-17T13:08:14.364554Z,2026-02-17T14:08:14.364554Z,0xf3798b18d2848c820b29301d0312a8aa9971716af23362904c728e860eff2fe0,2026-02-17
run_20260217_224037-0198,user-005,0x99b5f59d4632f6cdd41356b6a8a188a0fa1680f4520540ce438ce27c2342838b,0x4129c6e16a662d3d31db34c8772dee141529723c5738803e36196736235819f3,TOU,3.591,2026-02-17T04:18:04.257194Z,2026-02-17T04:48:04.257194Z,0xf3798b18d2848c820b29301d0312a8aa9971716af23362904c728e860eff2fe0,2026-02-17
run_20260217_224037-0199,user-001,0x5b7423622c3754b99d017aacca9b8b1cb9193638ba1740dc7b6d6e87d34c2d24,0xd3fc422a2a76b0cd70733785505b5770bdf3112cb34a113789bc3d4d4d411c6b,TOU,3.576,2026-02-17T04:03:15.830524Z,2026-02-17T04:33:15.830524Z,0xf3798b18d2848c820b29301d0312a8aa9971716af23362904c728e860eff2fe0,2026-02-17
run_20260217_224037-0200,user-002,0x3c193cfa5f6ca072cea67a06fd74f2a1dad698fc59e609b2b8055705d6abb303,0x06d4f362fbeb72205323e2556658dcc2728f7bfa388e146f06767501d201b973,TOU,7.295,2026-02-17T19:14:14.370910Z,2026-02-17T20:14:14.370910Z,0xf3798b18d2848c820b29301d0312a8aa9971716af23362904c728e860eff2fe0,2026-02-17
sess-001,,0x9404874cc7f81cedb4dbd7bb989838567e076ac85ed6740b449f19b238a9b115,0x75123a2431b5ea2c9cef6d6f90ffdbe926cb286684f1498d986a75272339d6dd,TOU,18.72,2025-10-05T15:00:00Z,2025-10-05T16:10:00Z,0x400582786e9d2acef6dedd6416cd1ce74183a5469ab51fe2fcf6087e24a4852c,2025-10-05
synth-0001,,0x648b2b14ba1f6a304a719ef27654f951821940bbc2f5f56b73b0115ebe48de7b,0xbdb48f3207993e183247d45da04997bbdff7b7abf2c9024d795206e5031a6012,TOU,7.239,2026-02-04T10:14:10.955644Z,2026-02-04T10:54:10.955644Z,0xc00d3f8b46064c083d87e98ddef97a02d0442af27f4b0ba77f75614449107152,2026-02-04
synth-0002,,0x1412dfd9ad11790bf5041da7b87175d4ae380a2d7db1bdedd0f22ec5374a3efa,0x5c9885cd5813ca0e861251df7e5a7434c2965ee2483845e69e960606b79cb7e0,TOU,2.425,2026-02-04T07:37:36.170732Z,2026-02-04T07:57:36.170732Z,0xc00d3f8b46064c083d87e98ddef97a02d0442af27f4b0ba77f75614449107152,2026-02-04
synth-0003,,0x36be0dd22f42cea792108b552cd4d9e169e7f531bcc3971815e9de470ffdfe3d,0xf81e3c665f3dd51921e3d5783bb0f251f05ff6451121a5ee2543b4d44b5d8a9c,TOU,22.386,2026-02-04T14:43:34.205543Z,2026-02-04T15:43:34.205543Z,0xc00d3f8b46064c083d87e98ddef97a02d0442af27f4b0ba77f75614449107152,2026-02-04
synth-0004,,0x28b0e9feca07e97968a7d38b5dcb52a121b4ab71bbbdba88752f68a0868ca13c,0x16d1148160ed8c55a6ead76af95210ae9faca4993fb899b308aa114fff9573c6,TOU,21.947,2026-02-04T10:23:07.295954Z,2026-02-04T11:23:07.295954Z,0xc00d3f8b46064c083d87e98ddef97a02d0442af27f4b0ba77f75614449107152,2026-02-04
synth-0005,,0xd45e965bfccf1f2003fd0280b2723572238e87a1ec06345cec87873b3846c616,0x714afdfa0851de5a1139541e4212404adb904f04e50a0dc5e79ca9dd2012e95f,TOU,3.635,2026-02-04T09:16:16.643479Z,2026-02-04T09:36:16.643479Z,0xc00d3f8b46064c083d87e98ddef97a02d0442af27f4b0ba77f75614449107152,2026-02-04
synth-0006,,0xc1d85e5e8c05135ddc040c0df5195f653b4e7c42836369cbc9f551624242b1a8,0xaea5aad1d5521e4c2da784e772f9e0682bfd0ca268290f4066c1ae160f069384,TOU,3.359,2026-02-04T18:07:03.852790Z,2026-02-04T18:27:03.852790Z,0xc00d3f8b46064c083d87e98ddef97a02d0442af27f4b0ba77f75614449107152,2026-02-04
synth-0007,,0x579442010bf40596d81455aa1a4d58209669b9aad961e8147e44c93c848c8e35,0x7ab4db30b3c18a63241ae50b5c10b2c8892850f1a57ccf2ea92d5b3ecd0f8e45,TOU,3.671,2026-02-04T07:15:22.041669Z,2026-02-04T07:45:22.041669Z,0xc00d3f8b46064c083d87e98ddef97a02d0442af27f4b0ba77f75614449107152,2026-02-04
synth-0008,,0x1966a05d1f14bbd1cf761730dd28be1605ce41cb93ef215c9b037736ad57cef8,0x709002f751cf6b0a54f26512930dc40c8eb60468545c51ab78e5cf539902f397,TOU,13.797,2026-02-04T18:25:50.240595Z,2026-02-04T19:40:50.240595Z,0xc00d3f8b46064c083d87e98ddef97a02d0442af27f4b0ba77f75614449107152,2026-02-04
synth-0009,,0x8344292552dcd1ac38566d822f0788dae2a5ece845f5556892f470ca45a348d4,0x8a6ab68eb0db3acd9a60e2ba6056bbe449854e754f574bbbd0731b35724c755c,TOU,3.887,2026-02-04T13:33:23.670452Z,2026-02-04T13:53:23.670452Z,0xc00d3f8b46064c083d87e98ddef97a02d0442af27f4b0ba77f75614449107152,2026-02-04
synth-0010,,0x75bd1194d7a801b4923a2be4d0685733289ac3136b641f7a411a6df2340ae867,0xf3b645a5b9603225ce5f41713a5c23a15f8a717d843c71459ca5bc7cb45e5f5c,TOU,3.816,2026-02-04T02:33:31.664809Z,2026-02-04T02:53:31.664809Z,0xc00d3f8b46064c083d87e98ddef97a02d0442af27f4b0ba77f75614449107152,2026-02-04
synth-0011,,0x63a282f8e98b3672bbb86ec0bdb823d99a78fc799585dc4bbecec19a01dacf5d,0xfcdfdd853fe4be99d350560c152ebea4ec1cbb094adf6ff60bb97772cc4e1887,TOU,7.285,2026-02-04T19:17:30.487186Z,2026-02-04T20:17:30.487186Z,0xc00d3f8b46064c083d87e98ddef97a02d0442af27f4b0ba77f75614449107152,2026-02-04
synth-0012,,0xcfae85be94881ed0e4b1db9569ac54b24ee9baf5ba2f4fe89f0fa4b359e739f7,0xf9a1251b07791525fe15b227c8096fac9f31b99c1d28d274c4823d9dc9740132,TOU,2.491,2026-02-04T20:23:57.198212Z,2026-02-04T20:43:57.198212Z,0xc00d3f8b46064c083d87e98ddef97a02d0442af27f4b0ba77f75614449107152,2026-02-04
synth-0013,,0x1907ad559b47c18cbb86c15750cd12a67b9af86f2150986d3b5f1e77da5aff1b,0xe20711412d0a1798556f761cd8e0711f8d15907578af17cec788c292358d5a73,TOU,3.775,2026-02-04T15:03:51.879240Z,2026-02-04T15:23:51.879240Z,0xc00d3f8b46064c083d87e98ddef97a02d0442af27f4b0ba77f75614449107152,2026-02-04
synth-0014,,0x8886b2c5cb5ed02b0864caa1eeaf49e832cd3944fb7e8db32b65bfd25017ac0b,0xcb7f7d9bb57869e192a5fd767fe550a3224ae910ddabe2e585fc9da85671566a,TOU,21.686,2026-02-03T22:33:55.701574Z,2026-02-03T23:33:55.701574Z,,
synth-0015,,0xee32b5990fdab818b7e224f12f794db23ff4b1be01cc838a50bfa951ae109907,0x625abf8229e45e5a71799c55962d8a5f1d603f80ecdecf1f188ca350ff9ffb1f,TOU,22.533,2026-02-04T07:42:17.891484Z,2026-02-04T08:42:17.891484Z,0xc00d3f8b46064c083d87e98ddef97a02d0442af27f4b0ba77f75614449107152,2026-02-04
synth-0016,,0xf8c015d3f9e88a0843b96885db78490c457ba11e6da4d379fa61bc47b7a5b775,0x4ec3bba5e6fc1b809bad8a9292aa6fce3d5543d0f52ae1cf6402d44c1c838139,TOU,3.715,2026-02-04T10:57:44.353031Z,2026-02-04T11:27:44.353031Z,0xc00d3f8b46064c083d87e98ddef97a02d0442af27f4b0ba77f75614449107152,2026-02-04
synth-0017,,0xeca7e07df15c5095d70cd4ace2a42624cf573b0e8e6dacdf55e48c175fac8823,0xceabf8522fe0cb5242fc7f83efe1b34c1defaafcd21babc98a8aad5657a93817,TOU,7.717,2026-02-04T08:46:29.412094Z,2026-02-04T09:46:29.412094Z,0xc00d3f8b46064c083d87e98ddef97a02d0442af27f4b0ba77f75614449107152,2026-02-04
synth-0018,,0x82dc102f85a73ecae81a23b8c1a43fb1e508f1bbe89203d0218d9c4493376c64,0xa19f284ad5e2465a94e7f16b0d2de78a4be395fb77fd76bae8194edfa0c66e2e,TOU,3.55,2026-02-04T15:18:42.646113Z,2026-02-04T15:38:42.646113Z,0xc00d3f8b46064c083d87e98ddef97a02d0442af27f4b0ba77f75614449107152,2026-02-04
synth-0019,,0x116c5d9aa85f660c171d8345248c4e19c1bcbb62a67d3ebc7c8689adbdc9a561,0xd1faec57b2343c50bbeba6bad8378ba1ef651a2117decf754abf10ae71ce3ef7,TOU,3.537,2026-02-04T01:54:28.396431Z,2026-02-04T02:24:28.396431Z,0xc00d3f8b46064c083d87e98ddef97a02d0442af27f4b0ba77f75614449107152,2026-02-04
synth-0020,,0x7042cb72015be01de08334f5c1332b7d23f51daf685f40ddf8f9b6bdec455ecd,0xa6766645b9e8c8c130e8b78acaae0e63452b9121e3a88444cc0ef98cdfa9a758,TOU,3.164,2026-02-04T13:42:53.793951Z,2026-02-04T14:12:53.793951Z,0xc00d3f8b46064c083d87e98ddef97a02d0442af27f4b0ba77f75614449107152,2026-02-04
synth-0021,,0xd198f13544555629a20e349d187a7229ccbd19e1bfa78f3a156d5d54b52484fd,0x809d8e6551bc50d8b63aa1688254cc120affad3ff5c0061d6f301ca916aa4ed5,TOU,3.728,2026-02-04T12:53:49.197094Z,2026-02-04T13:23:49.197094Z,0xc00d3f8b46064c083d87e98ddef97a02d0442af27f4b0ba77f75614449107152,2026-02-04
synth-0022,,0x22feeed3ee23e385b2626cb4fea99a84149c896156371969aae07d8aa6078832,0xaab7addae39c3d7efb469c32693505bd43eb8e3f247cf4f2a27e346944e2d5ae,TOU,13.686,2026-02-04T16:27:21.600453Z,2026-02-04T17:42:21.600453Z,0xc00d3f8b46064c083d87e98ddef97a02d0442af27f4b0ba77f75614449107152,2026-02-04
synth-0023,,0xb12b8657471cf29326d35f95328a5330195279d992258fc7849719e4da5a647d,0xa9e097a35bd3e56393d4f880017d470bde688e7e3e93303d7547a5b1be55777b,TOU,7.025,2026-02-04T05:31:50.093204Z,2026-02-04T06:11:50.093204Z,0xc00d3f8b46064c083d87e98ddef97a02d0442af27f4b0ba77f75614449107152,2026-02-04
synth-0024,,0x7b777f711978ccef3048e83b1606e6f80dcadd859600e29b1ed062f056fef91c,0x7acf4e73dc67623606e61b65827a5cce09fbb9aa712688a715050fe6db6ec401,TOU,14.516,2026-02-04T03:06:54.603515Z,2026-02-04T03:46:54.603515Z,0xc00d3f8b46064c083d87e98ddef97a02d0442af27f4b0ba77f75614449107152,2026-02-04
synth-0025,,0x60dee2389c9efab8593ad0c361e5f0aa66c7c2b8eb00fb4634e1eae2e26d01d2,0x7a61859e0938dc38959aee05edc120ab41f12474e7540dded859d8912d2580dc,TOU,21.714,2026-02-04T10:54:53.678233Z,2026-02-04T11:54:53.678233Z,0xc00d3f8b46064c083d87e98ddef97a02d0442af27f4b0ba77f75614449107152,2026-02-04
synth-0026,,0x73d12cc854d732798063cd57a7288e5109f27e683196a82289b4baae586b5747,0x64d1d06dd6b79f012334c7c1d86d464fba5fa81c16e6ea65a3cd5177f1c330e1,TOU,10.215,2026-02-04T18:41:32.079285Z,2026-02-04T19:41:32.079285Z,0xc00d3f8b46064c083d87e98ddef97a02d0442af27f4b0ba77f75614449107152,2026-02-04
synth-0027,,0xcd27b984136c8ca4d9629222e4cc0eb5953044501ee3f6461e3921c372559562,0x0583f9f12083c113f9d44494a8486f11a3f9527bd958c784a7af56974d908c9e,TOU,7.37,2026-02-04T14:54:31.221034Z,2026-02-04T15:34:31.221034Z,0xc00d3f8b46064c083d87e98ddef97a02d0442af27f4b0ba77f75614449107152,2026-02-04
synth-0028,,0x09554ddd1d6d3e364e2c86f4294ff55b1aa239f132f8ad1e085edfabacaa0f23,0x4f32a206be8264dd3b7acde956706daeb012e03e7a2edde09c52a2b35ee69f76,TOU,22.211,2026-02-04T06:36:02.516995Z,2026-02-04T07:36:02.516995Z,0xc00d3f8b46064c083d87e98ddef97a02d0442af27f4b0ba77f75614449107152,2026-02-04
synth-0029,,0x35eaf76531174b8f048e0a31e8366437822f00f6cf6f3c068558bb66347acd21,0xc98b34a00c204860fddca09d2c1a4d4ca6d4a6cce57f56ae8e062a7a857d83ba,TOU,27.865,2026-02-04T06:02:45.704940Z,2026-02-04T07:17:45.704940Z,0xc00d3f8b46064c083d87e98ddef97a02d0442af27f4b0ba77f75614449107152,2026-02-04
synth-0030,,0x82acd14fdcb952a358db8408e5ffc5cf37b74105143a19603daf57085bd792bf,0x0180e5dadc381b14230a858ec32ee3d530773cf0ac9668af35927aaee466f244,TOU,9.267,2026-02-04T09:19:20.614696Z,2026-02-04T10:34:20.614696Z,0xc00d3f8b46064c083d87e98ddef97a02d0442af27f4b0ba77f75614449107152,2026-02-04
synth-0031,,0x1b2bfab9142c789919fb238f9c9ff7537e802bcd0f22f857f23539d30b2a506c,0xe1f039e3f49058b6512e3e7381c9cadd919157edae80ca86869e3dcff5c4f34d,TOU,5.604,2026-02-04T16:37:00.047610Z,2026-02-04T17:07:00.047610Z,0xc00d3f8b46064c083d87e98ddef97a02d0442af27f4b0ba77f75614449107152,2026-02-04
synth-0032,,0xb41aa38cdee9445e3475ca673d8ff4993fb47e58cd47fb2336da18547b9749ec,0x5a67ab62161f99078d03c77c4b0d2feb024b3b448bfbb7f2ef8fd93ced73a9c2,TOU,3.467,2026-02-04T08:44:54.559835Z,2026-02-04T09:14:54.559835Z,0xc00d3f8b46064c083d87e98ddef97a02d0442af27f4b0ba77f75614449107152,2026-02-04
synth-0033,,0x96b39b6cc5bc901cb14757358ce5e99b124c92f438d302e8d45e582758225d66,0xc224575229ec0b247d8a371f8d28d5e069323948b3da47da53b38a9c39f2719f,TOU,6.946,2026-02-04T04:14:39.303090Z,2026-02-04T04:34:39.303090Z,0xc00d3f8b46064c083d87e98ddef97a02d0442af27f4b0ba77f75614449107152,2026-02-04
synth-0034,,0x9d9169ee0780f5004e3af3cd7a0afe7923840a7131cd5b250c0de326adc6c0f9,0x021fa9ceab2d42f38fe1d2c2dd5b515bd2c5f6326f8f11c05cde01cab6cb14ca,TOU,4.911,2026-02-04T07:53:31.451751Z,2026-02-04T08:33:31.451751Z,0xc00d3f8b46064c083d87e98ddef97a02d0442af27f4b0ba77f75614449107152,2026-02-04
synth-0035,,0x7534e29b3465e17a4ff81b6e9c1f3277f7bad1830f4428b375ca397c951b1998,0xa3739c55ecc4d250a17f6a9d7fdcaa8fe932bac43170d41147c21c2a07458358,TOU,22.333,2026-02-04T19:36:42.440771Z,2026-02-04T20:36:42.440771Z,0xc00d3f8b46064c083d87e98ddef97a02d0442af27f4b0ba77f75614449107152,2026-02-04
synth-0036,,0xab4804f99c4fd5ab9743f8d40f6bfd01af3b7b269c8802bd7950f92f54873562,0x261acb397605e88ef1e8af31fc623f1e9dfd36c8714ca839c7b7011c5277180c,TOU,9.252,2026-02-04T02:35:14.372570Z,2026-02-04T03:50:14.372570Z,0xc00d3f8b46064c083d87e98ddef97a02d0442af27f4b0ba77f75614449107152,2026-02-04
synth-0037,,0x0bfb53d5e527b9bd5818b3ac4d674001c0a5abe263ca2481fc97697c7301ad6c,0xf56850c73793ecebc3f5240fc30d0d1e9d067bef6df9d3c968f30d2b903864ed,TOU,7.448,2026-02-04T09:29:43.712354Z,2026-02-04T10:29:43.712354Z,0xc00d3f8b46064c083d87e98ddef97a02d0442af27f4b0ba77f75614449107152,2026-02-04
synth-0038,,0xafdc07d1627065aec6efadd0ccdab6c65fb4ef173a5a8fb14266b7ce21379f20,0x061c7d44064299f78f84a5ac1093b08ded70443c04a53fd6b4b07773dc03538c,TOU,3.541,2026-02-04T02:42:08.941547Z,2026-02-04T03:02:08.941547Z,0xc00d3f8b46064c083d87e98ddef97a02d0442af27f4b0ba77f75614449107152,2026-02-04
synth-0039,,0x42a26e2c3cb25e03a33df777722a5ed6b4740d4e6933a7234305948e17b63349,0x58b81e837a7268b3c8bb22758fbb1e253d08d895fc134f3c44388e4a7e241614,TOU,3.603,2026-02-04T15:38:12.044576Z,2026-02-04T16:08:12.044576Z,0xc00d3f8b46064c083d87e98ddef97a02d0442af27f4b0ba77f75614449107152,2026-02-04
synth-0040,,0x2a8b8cc3f594245970ddb2a452278671117a72539bbf07e5715b6682c38105e3,0xa2af89be55995af07acb3996da9771681f2b6124eae47ae2014a6f7477a9afa7,TOU,7.565,2026-02-04T00:33:06.074836Z,2026-02-04T01:13:06.074836Z,0xc00d3f8b46064c083d87e98ddef97a02d0442af27f4b0ba77f75614449107152,2026-02-04
synth-0041,,0x5c1eee293e7f9ef961f555e23623ce8e71f34d7541597df5b7a4ce629dc1c16a,0xd1b1f2fe2da2be9db8adc935063f627ab4eafeef7d721cf5bef4c8f218a3047e,TOU,2.305,2026-02-04T16:01:14.845327Z,2026-02-04T16:21:14.845327Z,0xc00d3f8b46064c083d87e98ddef97a02d0442af27f4b0ba77f75614449107152,2026-02-04
synth-0042,,0xae17bdacda72120dd7f577b1b1779a1bf1f5158f83370264239b3dbb89a75677,0x98618265afdd24d1c23a97554443300f65ed82110c1598dda268a2df157c6269,TOU,4.76,2026-02-04T14:45:47.977434Z,2026-02-04T15:25:47.977434Z,0xc00d3f8b46064c083d87e98ddef97a02d0442af27f4b0ba77f75614449107152,2026-02-04
synth-0043,,0x0fed4073bf8d8f0eeeae61d2f1d6b1204a1a5e564614df052ceb509d3bf424e2,0xcd2545f7db728fd73e9b7e61f9c797cfed1043985b907a880aa0a7ea593bf619,TOU,4.604,2026-02-04T19:11:10.186997Z,2026-02-04T19:51:10.186997Z,0xc00d3f8b46064c083d87e98ddef97a02d0442af27f4b0ba77f75614449107152,2026-02-04
synth-0044,,0x1b4559135723f0c4f7e535675d3edd59357d1ce8e4ea075c07885d5fa4284dbd,0x6781ca89f4eb84bd438657276f4cde2ed53850bd7573284d3bbaefa3fa8700e6,TOU,2.396,2026-02-04T13:07:30.448364Z,2026-02-04T13:27:30.448364Z,0xc00d3f8b46064c083d87e98ddef97a02d0442af27f4b0ba77f75614449107152,2026-02-04
synth-0045,,0x2fc6932c20f32cbbadc7b88b5f48505c9078bb2bc5f8a55c5710a99740a258be,0x6711d4ce096d7f371e996a8e0715825a6f85bb7981026a8d9785afeef383f52b,TOU,3.625,2026-02-04T15:52:29.980030Z,2026-02-04T16:22:29.980030Z,0xc00d3f8b46064c083d87e98ddef97a02d0442af27f4b0ba77f75614449107152,2026-02-04
synth-0046,,0x52d1501a3ab7804505f4e69c6c2b4d57928f8ee0b41a73501e115d66ad1687d8,0x165325d398a99ba7e5d413d7a787b6feeae068193dca6789486dd8c5ce497e0f,TOU,7.544,2026-02-03T23:36:39.721208Z,2026-02-04T00:16:39.721208Z,,
synth-0047,,0x607275be6205818ff0607a1b2781ff5eb3e8f475c86329768b03dac1bb41d203,0x2809f5c26f47260e8bacba2635e80433333a2536222fb292f63f65dfa0019622,TOU,3.629,2026-02-03T23:50:58.618638Z,2026-02-04T00:20:58.618638Z,,
synth-0048,,0xd6858f442e20ed7bbf429b62738e1e0abf0fe036e117cddd1e2a162f2cb67886,0x1200229ed61753c504f0435f2cb9f050a658b1d987a7b39cd825b28c2a1853df,TOU,23.093,2026-02-04T13:29:49.324020Z,2026-02-04T14:29:49.324020Z,0xc00d3f8b46064c083d87e98ddef97a02d0442af27f4b0ba77f75614449107152,2026-02-04
synth-0049,,0xf0991688ea5a2fd6c67eb8121f31fa47630af4126450cef74f22bb9f80574053,0xee01d35ba3679487f28fb0983bdff33af57a6b61d327f4829a34fd6e83a6c993,TOU,2.145,2026-02-04T12:16:55.098973Z,2026-02-04T12:36:55.098973Z,0xc00d3f8b46064c083d87e98ddef97a02d0442af27f4b0ba77f75614449107152,2026-02-04
synth-0050,,0xf44898c32f012577b31e29d2dc61cf31f456e2aa69dfcc6a46a76690ecf2acf2,0x5dd419d8530243ed4a59ff2b30c363dde4104fe3f837264aa640573b099c875c,TOU,4.842,2026-02-04T07:09:40.397235Z,2026-02-04T07:49:40.397235Z,0xc00d3f8b46064c083d87e98ddef97a02d0442af27f4b0ba77f75614449107152,2026-02-04
synth-0051,,0x252504b025ed836ebe9302bf1ffeeb4c47969178f135d6a49d68992b4ffef7c2,0x5589b3b03e5cabb9e264efe757d6431d30dacea68a256c6f682261334193679e,TOU,3.511,2026-02-04T00:04:11.341816Z,2026-02-04T00:34:11.341816Z,0xc00d3f8b46064c083d87e98ddef97a02d0442af27f4b0ba77f75614449107152,2026-02-04
synth-0052,,0x6681346236da1438d8d28edd67e78f3d6d5fed4592de5afee47c20d0762b575b,0x7823298c54f66c700cd6be5f0d60fca9d1bc9a45036d745337f4c45ab0148d42,TOU,27.223,2026-02-04T16:31:29.426417Z,2026-02-04T17:46:29.426417Z,0xc00d3f8b46064c083d87e98ddef97a02d0442af27f4b0ba77f75614449107152,2026-02-04
synth-0053,,0x765ef6f5c9ec6bdfeb4c53dd6aab6237a3641659755335373d210c49057b79aa,0x1eaf1c4e342f7903605284ee52f6f74007d1414008601efeabcf593087a61e9d,TOU,21.275,2026-02-04T04:19:35.372212Z,2026-02-04T05:19:35.372212Z,0xc00d3f8b46064c083d87e98ddef97a02d0442af27f4b0ba77f75614449107152,2026-02-04
synth-0054,,0x800bb42100e965a906940e5c9d435fcc194f7110356528907d92b126f2b7a42c,0xdea9e67240b193edadb1c4de146b50c144b9cfb13e69a7fdcf7d8032f51a2a36,TOU,13.938,2026-02-04T20:21:34.258093Z,2026-02-04T21:36:34.258093Z,0xc00d3f8b46064c083d87e98ddef97a02d0442af27f4b0ba77f75614449107152,2026-02-04
synth-0055,,0x70f8a56869b3f3716e613182b954ce8ffdf339d9d4acdb5b72d4f1705019dce6,0xfeb5ed14d450c0d9e2949742841b50959f7fa90838086ae34ffeda5e639097cd,TOU,2.458,2026-02-04T12:38:11.259791Z,2026-02-04T12:58:11.259791Z,0xc00d3f8b46064c083d87e98ddef97a02d0442af27f4b0ba77f75614449107152,2026-02-04
synth-0056,,0x160784a7532b07527187776eb6fa57964bdf6f864a3929a88a653856b4a4af18,0x2753359ccf4591fc06c4a60f244c3d8ba07acee5a8432ea78472d23c1ae86251,TOU,14.618,2026-02-04T04:10:12.154633Z,2026-02-04T04:50:12.154633Z,0xc00d3f8b46064c083d87e98ddef97a02d0442af27f4b0ba77f75614449107152,2026-02-04
synth-0057,,0x9f8c8ee0c022c54ffbae42ee268dbbaca673a3b82111aa1f4938af97160f712a,0xab7cea3590edb916e4812ed76df78f961910b231b552504b0ca1cff274407439,TOU,4.888,2026-02-04T05:53:05.346661Z,2026-02-04T06:33:05.346661Z,0xc00d3f8b46064c083d87e98ddef97a02d0442af27f4b0ba77f75614449107152,2026-02-04
synth-0058,,0xf6771293a92b91ec1f84bb57471bb6a855bc7c4aeeb034819c9001550d3d83ca,0xa65442bc7d22df6ef6c46f9ea4c3ff9527250dd381dca61cf0320d0226e7a808,TOU,7.682,2026-02-04T04:30:21.248902Z,2026-02-04T05:30:21.248902Z,0xc00d3f8b46064c083d87e98ddef97a02d0442af27f4b0ba77f75614449107152,2026-02-04
synth-0059,,0x0c1687074032173c4a5a6f775c56fe17dd414d0e76337452225d773d7f79cf95,0xf28652ba93195417e3dc64d703a25b7cccddcd04afc6401f3c5956fb1c9b0a68,TOU,5.463,2026-02-04T18:40:58.856661Z,2026-02-04T19:10:58.856661Z,0xc00d3f8b46064c083d87e98ddef97a02d0442af27f4b0ba77f75614449107152,2026-02-04
synth-0060,,0xdab59e7d83865c01f5b0d863de891484e52204b2578e41db0211fbad7d4d42d3,0x53ac08a2b658b9ebd18a8c31ee25b61178b0f7a7876c81e643fcd8b8fb26ddd2,TOU,11.783,2026-02-04T00:33:32.950679Z,2026-02-04T01:03:32.950679Z,0xc00d3f8b46064c083d87e98ddef97a02d0442af27f4b0ba77f75614449107152,2026-02-04
synth-0061,,0xebe2099ba9c4633a6d482d6ae8d488d485b13f73d2fe3d2cc1a3ed314b3ebeec,0x12bb6f7b2638e33fd898e06ed124f548463728c828d19ddeeb25f36d803dcd59,TOU,8.548,2026-02-04T09:07:51.652523Z,2026-02-04T10:22:51.652523Z,0xc00d3f8b46064c083d87e98ddef97a02d0442af27f4b0ba77f75614449107152,2026-02-04
synth-0062,,0xd4d3d8311cd01fb00f8fdc5e95150f02bc5f756e9bd2ecbc62dd388cf97d8e14,0xc71a325709db1a00a0d9fc1efb90d175c7eae0046a574379af7f7f945aa3650a,TOU,5.886,2026-02-04T10:38:25.147514Z,2026-02-04T11:08:25.147514Z,0xc00d3f8b46064c083d87e98ddef97a02d0442af27f4b0ba77f75614449107152,2026-02-04
synth-0063,,0x8e8c5885f2dd24e9fdfc01af60c55202ed9f3a02e4a46ff1ead9ade883246b39,0x0ff5725bc35771398d4c91c75106c1737e28d2bed844adfaef734f3cede3f64e,TOU,6.94,2026-02-04T13:00:40.504394Z,2026-02-04T13:20:40.504394Z,0xc00d3f8b46064c083d87e98ddef97a02d0442af27f4b0ba77f75614449107152,2026-02-04
synth-0064,,0x521e593d4579aa0aa494272f118c88019e8339210f6f8d5cd84b6851ab8de310,0xd28a5e1ed5458114b8075bbbfdfcd1c99381ed78ab625850149b3c581232e009,TOU,4.907,2026-02-04T20:12:43.887564Z,2026-02-04T20:52:43.887564Z,0xc00d3f8b46064c083d87e98ddef97a02d0442af27f4b0ba77f75614449107152,2026-02-04
synth-0065,,0x7440c9ebe32379320482141d480edeff3611758b8aca458479708bfe819e22d7,0x19b8a501664dc93f1ab67020b84b87e28b4b95a4b312ccce9f9f7982d61bf5ee,TOU,27.078,2026-02-04T16:10:37.258540Z,2026-02-04T17:25:37.258540Z,0xc00d3f8b46064c083d87e98ddef97a02d0442af27f4b0ba77f75614449107152,2026-02-04
synth-0066,,0x2183e4f8c8c7b02d3a75a886cc9cabd7b867625b8fa0fb8b25bd3dd3a9b1ccd0,0x70037cb04a12b128b1d05fcdda9793037d862a8d1046b7043dc7dbffe049aa5d,TOU,3.835,2026-02-04T21:45:25.720143Z,2026-02-04T22:05:25.720143Z,0xc00d3f8b46064c083d87e98ddef97a02d0442af27f4b0ba77f75614449107152,2026-02-04
synth-0067,,0xee7e4dda47228cceb2e3bdb0e3860e364d2cbeabcfafa311984b07c56aee4e31,0xfd7fd579009779097a4a549c22f71f21b17017584f3ab81b3f322a1494fc12fc,TOU,7.477,2026-02-04T03:04:13.212310Z,2026-02-04T03:44:13.212310Z,0xc00d3f8b46064c083d87e98ddef97a02d0442af27f4b0ba77f75614449107152,2026-02-04
synth-0068,,0xafe781d860329e64b5f52a72df359f169d9e0a23fffc9f3c9bf64c70b20101a0,0x21a4cbd8faf7d86e1fab9c541a7b6ceb62b77175e9eaad778e715b2c7446a694,TOU,27.776,2026-02-04T10:28:33.288165Z,2026-02-04T11:43:33.288165Z,0xc00d3f8b46064c083d87e98ddef97a02d0442af27f4b0ba77f75614449107152,2026-02-04
synth-0069,,0x60f084019e7d729542bd5e7b0c28d4f5eb6c986adba812e898cf44c19dcb7afd,0x6790601d15e722fa3f11622bdcafcab976b060542aefdb7a80bf8c5f32b36c8a,TOU,13.857,2026-02-04T21:39:45.254676Z,2026-02-04T22:54:45.254676Z,0xc00d3f8b46064c083d87e98ddef97a02d0442af27f4b0ba77f75614449107152,2026-02-04
synth-0070,,0x787a9adc3e20eb225742a4f24bf02fae2bf6eb4d76f982ad61ecc2380c3e60c9,0x19d35df715f82ee67f39f5a7805f3964e06a24bcb0bc343cc6602903d6d46730,TOU,10.252,2026-02-04T17:47:52.646973Z,2026-02-04T18:47:52.646973Z,0xc00d3f8b46064c083d87e98ddef97a02d0442af27f4b0ba77f75614449107152,2026-02-04
synth-0071,,0x5668de464bb6c27f094b0b278c7ac93a9eed0c1930859b4bbec8fe388ba28d61,0xfa56c8cee6b8ee21bff562fc472f796144c4ca6327830832e7e55f2d11fc0b7e,TOU,4.808,2026-02-04T15:43:53.100740Z,2026-02-04T16:23:53.100740Z,0xc00d3f8b46064c083d87e98ddef97a02d0442af27f4b0ba77f75614449107152,2026-02-04
synth-0072,,0xc8eae212cb991e96c88dd0df7b474c332b3851196109a03342a6dc35daeca94e,0x768d990a193f2807d69a91c1eba7098b65dbde50c7f2d6b16ab62e7580277221,TOU,8.757,2026-02-04T14:57:49.154912Z,2026-02-04T16:12:49.154912Z,0xc00d3f8b46064c083d87e98ddef97a02d0442af27f4b0ba77f75614449107152,2026-02-04
synth-0073,,0x92faf9a22d808191125642c72b637bdc7cb597752bb0df044e2e32c7487f68aa,0xe39c74479d1b8a61f7e211badf696d669b3ddb0bdfc03fa329a91172437cd560,TOU,22.353,2026-02-04T12:00:19.962059Z,2026-02-04T13:00:19.962059Z,0xc00d3f8b46064c083d87e98ddef97a02d0442af27f4b0ba77f75614449107152,2026-02-04
synth-0074,,0xcd5e61331176f582eed737307447e47737c742049d227b77a09814052c01482b,0x35c5e553152d1c6f8231c7b57050c131eead8e4df51608abba1a9b879c6edd30,TOU,7.453,2026-02-04T10:48:07.181755Z,2026-02-04T11:48:07.181755Z,0xc00d3f8b46064c083d87e98ddef97a02d0442af27f4b0ba77f75614449107152,2026-02-04
synth-0075,,0xdf917a890835f06ed8336445553e9517e8387cdbd3f1eb38f087191e3afbf7cf,0x9b6266317352b09e52be710c40dc600ae989e457329d85648b8ea552894bdfe0,TOU,28.25,2026-02-04T07:08:36.068510Z,2026-02-04T08:23:36.068510Z,0xc00d3f8b46064c083d87e98ddef97a02d0442af27f4b0ba77f75614449107152,2026-02-04
synth-0076,,0xbdc58230f4f2d5823fe9cd792ab03404170a3757faad85a654b8e7670acbb1b9,0xff1a70f161c1225ab1cdfaddddade48404628804c1121af429ad1145a1fd8e27,TOU,7.84,2026-02-04T06:16:55.218928Z,2026-02-04T06:36:55.218928Z,0xc00d3f8b46064c083d87e98ddef97a02d0442af27f4b0ba77f75614449107152,2026-02-04
synth-0077,,0xf4901167c5a9209f4bcab821122d8443ae889c00cb389acbc85aa14cce08a121,0x80891ff199a43878b99f2137682796cfdf79d7c06e10f3de829fefa1a2284b56,TOU,2.418,2026-02-03T23:45:22.234080Z,2026-02-04T00:05:22.234080Z,,
synth-0078,,0x9052152f4a015ecae86cd7ac66148a9664a86f30acc74a3bc2357c8f36d048d0,0x6e175555dd42e77df7b27f6f0f534d4612b544d93bcb38dca487ccb04d51f795,TOU,11.319,2026-02-04T04:55:47.014240Z,2026-02-04T05:25:47.014240Z,0xc00d3f8b46064c083d87e98ddef97a02d0442af27f4b0ba77f75614449107152,2026-02-04
synth-0079,,0x99da3eb266142175fb9348e6f7177ec65f0c237268092f58e2baca07d6ce9530,0xc18132e5b0bef24b397a511687b2353cae15e9999d3f3a0e06a8c28042236c95,TOU,7.41,2026-02-04T06:17:40.933642Z,2026-02-04T06:57:40.933642Z,0xc00d3f8b46064c083d87e98ddef97a02d0442af27f4b0ba77f75614449107152,2026-02-04
synth-0080,,0xf869fdeb532a218292bcca4caf6f6d67c9ebce2fac2af87f667552b38070c4fd,0x97c23baba30c1a4638c2952eaa3e220a68057b2744ebd4912734c84f24f6dbb3,TOU,7.709,2026-02-04T06:45:21.275101Z,2026-02-04T07:25:21.275101Z,0xc00d3f8b46064c083d87e98ddef97a02d0442af27f4b0ba77f75614449107152,2026-02-04
synth-0081,,0xad5ac37a8dbaae306ffd744623ec7ba250d6c655cb09cb6775045993219d476d,0xd77b1b991da1eb4b4cda72d6f6979bc9cdd304cf8d7556458decee1aa5a07f06,TOU,2.25,2026-02-04T09:45:57.708115Z,2026-02-04T10:05:57.708115Z,0xc00d3f8b46064c083d87e98ddef97a02d0442af27f4b0ba77f75614449107152,2026-02-04
synth-0082,,0x7ddd68a15b6d276ab161ba33ef434075be4cf526d82432cf811a7c23017885c6,0xe350305fb6cbd5d0fe09f71e7cc6c5f742c366648ffdea82509b69db46939144,TOU,14.726,2026-02-04T15:04:37.287879Z,2026-02-04T15:44:37.287879Z,0xc00d3f8b46064c083d87e98ddef97a02d0442af27f4b0ba77f75614449107152,2026-02-04
synth-0083,,0x05ee5eefca5c4bde8725d0d8c4d362edb3eba23a7f3e61c979125052bec66e94,0xe5264d818e020327cb1bebc6b6ea133e3a30276d8cef43b2bc511f8a1e694082,TOU,28.234,2026-02-04T16:19:12.320803Z,2026-02-04T17:34:12.320803Z,0xc00d3f8b46064c083d87e98ddef97a02d0442af27f4b0ba77f75614449107152,2026-02-04
synth-0084,,0xe9fd5c2fca2ac9f4d3dde9be1cf386fc6f373d2060d77f12fb339263eca77d2b,0xa3f577494cb670d7417c9f0b0a6eaba841be060c263b73d27cfa33fb9a3b5570,TOU,7.086,2026-02-03T23:06:00.870546Z,2026-02-03T23:26:00.870546Z,,
synth-0085,,0x724f736e68407a186149faf3c38248a598ebd2394b1c857713661855548d4d0c,0x00b65b33d58f08f4ac8d9ec067fe73a63de96b6dbb3bf4c1c45200004897de40,TOU,14.321,2026-02-04T14:25:09.745588Z,2026-02-04T15:05:09.745588Z,0xc00d3f8b46064c083d87e98ddef97a02d0442af27f4b0ba77f75614449107152,2026-02-04
synth-0086,,0x9ac0ddd6569ce685c23d2d4f49006c256cbde9bc7cb2530ddaefbb2e1aea79c0,0xdd4488f223d653a9b603916c1ef103cc9f1c026cef0d48e2579b975e04907684,TOU,6.323,2026-02-04T05:08:49.296792Z,2026-02-04T05:28:49.296792Z,0xc00d3f8b46064c083d87e98ddef97a02d0442af27f4b0ba77f75614449107152,2026-02-04
synth-0087,,0x6e70bc1602548689de0875ee89e1d7805219f0714a7ba2ca00ba3b1c48d65566,0x4f2195dbc888329dc17097e72d51baca9a4e97f2a9c0f982f35c49fd1ea705f9,TOU,11.647,2026-02-04T02:53:30.841494Z,2026-02-04T03:23:30.841494Z,0xc00d3f8b46064c083d87e98ddef97a02d0442af27f4b0ba77f75614449107152,2026-02-04
synth-0088,,0x9aeec2669c4d5f105d062fc3546ec9844053896889d7f8d2d2965546ea5c30a7,0xbcbb146342def541d2882ebae2e7f0b18d31c6824182328bd0e6c3b8218a168b,TOU,2.424,2026-02-04T10:22:40.438092Z,2026-02-04T10:42:40.438092Z,0xc00d3f8b46064c083d87e98ddef97a02d0442af27f4b0ba77f75614449107152,2026-02-04
synth-0089,,0xf95d5cd15c76d7a1e6b69cbd951d3ea4437372118214751e9d33881281fc0ec3,0x576dc335edc45c7893e009ef1938c5cc0b202ee3790f4d71f4e0e9cdbc55f5f2,TOU,7.499,2026-02-04T21:47:06.560097Z,2026-02-04T22:47:06.560097Z,0xc00d3f8b46064c083d87e98ddef97a02d0442af27f4b0ba77f75614449107152,2026-02-04
synth-0090,,0x75566a474cc1cb1aa6d639d4219bdf5031654fd41bf4b8873af5ee84a62327c3,0xdd933c677c19cd288c95eda2e338c05745937e4c90e50332fc3a97155055a7b1,TOU,11.72,2026-02-03T23:43:47.679978Z,2026-02-04T00:43:47.679978Z,,
synth-0091,,0x8f98c2306f6c8cb1c05615d45b80e0ddee9aae19296a9acba69367f4e1b37e19,0xb0ee5cfbc55f759b6fb9a5976d35f060e2c9667edd002f6551e691da1056de6b,TOU,14.607,2026-02-04T03:05:48.519289Z,2026-02-04T04:20:48.519289Z,0xc00d3f8b46064c083d87e98ddef97a02d0442af27f4b0ba77f75614449107152,2026-02-04
synth-0092,,0xa9d970a96a97ad76bdc08f432595d6b26aee332d39191305ca48c95dcf85beb7,0x58ef303dfad8bf624e66bf1ec43803fa57ceeddca8c20219a28f137ab4bf3231,TOU,6.997,2026-02-04T08:41:44.190400Z,2026-02-04T09:01:44.190400Z,0xc00d3f8b46064c083d87e98ddef97a02d0442af27f4b0ba77f75614449107152,2026-02-04
synth-0093,,0x1df076e01a556f53800e3b7900397d08198f8e5df91b7c4af8fb17a4fb0fd364,0xfeb9a32b88214ee9da24567c350b2fd5536ebd78e77b3f543ae8cb069c880fe8,TOU,7.663,2026-02-04T11:02:14.082652Z,2026-02-04T11:42:14.082652Z,0xc00d3f8b46064c083d87e98ddef97a02d0442af27f4b0ba77f75614449107152,2026-02-04
synth-0094,,0xb716ea7586d09587d41cb6be49ce36b5667be16e1a38516a8c300075fda07eb7,0x0c4d4775dd83368fda489b99106b1b5cbf1e22627a45e9e00e77311443710029,TOU,5.525,2026-02-04T22:05:31.531456Z,2026-02-04T22:35:31.531456Z,0xc00d3f8b46064c083d87e98ddef97a02d0442af27f4b0ba77f75614449107152,2026-02-04
synth-0095,,0xb2ffab97659641277b4ad82e0d3aa7dc60ae52560ffddab6f50060e362b1ec11,0x4871f1d8cd4d982ed724e30070a57ce405eae462b44b3fe7290fc57099673d42,TOU,7.311,2026-02-04T22:25:33.021960Z,2026-02-04T23:05:33.021960Z,0xc00d3f8b46064c083d87e98ddef97a02d0442af27f4b0ba77f75614449107152,2026-02-04
synth-0096,,0xe019ca613b4f04b9a79a90b3a2e4eb4de672fe709b058ab3e8caca8675193ff4,0xbaae04a02a94ebd4043c32b03c0f50910843434a04ef5ea80323261152316f3b,TOU,14.423,2026-02-04T14:53:23.018807Z,2026-02-04T15:33:23.018807Z,0xc00d3f8b46064c083d87e98ddef97a02d0442af27f4b0ba77f75614449107152,2026-02-04
synth-0097,,0x0beedc9020cae69620aaf8d8f1bd7f8581fc6a8f929e3f827bb19e44d916c22e,0xd18e05d64ed746609e4ecef388e823caf15f5de0630a73544fb2d86fb2c52307,TOU,3.48,2026-02-04T11:59:34.095882Z,2026-02-04T12:29:34.095882Z,0xc00d3f8b46064c083d87e98ddef97a02d0442af27f4b0ba77f75614449107152,2026-02-04
synth-0098,,0x2527279422dc5ad30ead601b2649c2a7d301c31829fcf8cf5ddfb7c5d49ce33c,0xd9ea1f673f059d7075f2724b7a6bfdfb2770fb1b62b7a214e04e00d33382efcd,TOU,3.526,2026-02-04T21:58:46.094803Z,2026-02-04T22:28:46.094803Z,0xc00d3f8b46064c083d87e98ddef97a02d0442af27f4b0ba77f75614449107152,2026-02-04
synth-0099,,0xc69106113a3d64bb8976fff230caba92b8a0f03329f9de8196c9d50d430d3211,0x95b8f6a9ae6a66e22c7c639259985980768767c6a11d2a185acde188227a2d60,TOU,14.505,2026-02-04T07:13:34.646566Z,2026-02-04T08:28:34.646566Z,0xc00d3f8b46064c083d87e98ddef97a02d0442af27f4b0ba77f75614449107152,2026-02-04
synth-0100,,0x1a230e863c64b2f667e431bdd0ea98edc81d20593a46f8999a330ad81cd17fb0,0xf39ca7e362cd02258ffde1e06b889d73f5face6f1d48910c83169f88447dc132,TOU,10.228,2026-02-03T22:44:59.625497Z,2026-02-03T23:14:59.625497Z,,
synth-0101,,0x42dbc82137e22d6077342711e3a0e553771c574c44c1e3af8da170fd94014a23,0xa109ebc13ae58bee739565694b5f9e620d0655632fe2a634186fd6ee2cb05a04,TOU,7.542,2026-02-04T19:55:23.027426Z,2026-02-04T20:35:23.027426Z,0xc00d3f8b46064c083d87e98ddef97a02d0442af27f4b0ba77f75614449107152,2026-02-04
synth-0102,,0xb103ae5350d0a61a2ba4d710821e367624b949df8d2435bde90f48ace7edecd4,0x37f9d74fc7126c9068ae4b3b9fc83381e53eb81e56d3cf9e23e1ee91f4d77ce6,TOU,3.717,2026-02-04T00:03:28.520973Z,2026-02-04T00:23:28.520973Z,0xc00d3f8b46064c083d87e98ddef97a02d0442af27f4b0ba77f75614449107152,2026-02-04
synth-0103,,0xea5fddcbc5ae07385356aa5d7060cc30ddaf227503abc10d4752c1d3ec3e9bd6,0xddb4ad208dae9b5f9d018a7b14df5855e0fed0357783712901cb7eccdbf63cd4,TOU,2.196,2026-02-04T04:50:58.907300Z,2026-02-04T05:10:58.907300Z,0xc00d3f8b46064c083d87e98ddef97a02d0442af27f4b0ba77f75614449107152,2026-02-04
synth-0104,,0x14890a8fa9b32778c2837f827cc26a638ec74f510a4130bd61954a8cde566897,0x5594c7bbe9b027bcb9fb2a91556d3e29cda814d804ce4dfd8f618f71cba18d04,TOU,26.884,2026-02-04T07:40:50.082216Z,2026-02-04T08:55:50.082216Z,0xc00d3f8b46064c083d87e98ddef97a02d0442af27f4b0ba77f75614449107152,2026-02-04
synth-0105,,0xad5c242ac0a36c7d677955fb3e917a7932c1e84c84468c8d999ebe4242da850e,0x3693d459bfbbb4940553d929576156b823ec043667740acf1679294e7169fb97,TOU,3.667,2026-02-04T03:08:18.243241Z,2026-02-04T03:38:18.243241Z,0xc00d3f8b46064c083d87e98ddef97a02d0442af27f4b0ba77f75614449107152,2026-02-04
synth-0106,,0xfa8de2a28b9fabcd3bca846405b666e656dbb1ce2e9ff9becf96f3047eed89c7,0x01c1fd72889b7d085545e7936a6bc2a5d1993b33feb96d2481380c4a238b9baf,TOU,8.88,2026-02-03T23:38:57.696328Z,2026-02-04T00:53:57.696328Z,,
synth-0107,,0x1a16c8eae4d931da557c04f50b551a20d963bf0f3e9ee22de8b3aa27fa7b6134,0x2c44fe0bf702d7039aec4efb20e48f5d1a10a6b8017f7161afc51bd89d8ff35c,TOU,7.41,2026-02-04T17:17:33.018295Z,2026-02-04T18:17:33.018295Z,0xc00d3f8b46064c083d87e98ddef97a02d0442af27f4b0ba77f75614449107152,2026-02-04
synth-0108,,0x8cdd4c958c61ac6f07df7205e399d9a08ecbf259a6e67cb65035a969d99cfbdb,0x868aece0299c71dfd8fa00675e6e8331b64f02c6690231e77141657cf8f60886,TOU,10.493,2026-02-04T03:15:36.177169Z,2026-02-04T03:45:36.177169Z,0xc00d3f8b46064c083d87e98ddef97a02d0442af27f4b0ba77f75614449107152,2026-02-04
synth-0109,,0x2c19d79ff52c5cf0f7cbec398b14e96b511a0a83fc774971976b3ae7bcee680f,0xb2c56f467669d6aa0f4d3c132d673f05406478f79133d2c6247837fa8b6f8341,TOU,3.388,2026-02-04T02:48:41.676219Z,2026-02-04T03:08:41.676219Z,0xc00d3f8b46064c083d87e98ddef97a02d0442af27f4b0ba77f75614449107152,2026-02-04
synth-0110,,0x9738f9cc9fb10852128f08180c34145f3562aff492e4b9783cb3c2fc903e7251,0xd9481e00777a3723ad86a3d6b00d83ffb4e23f29219e27b9178ccbc4bdc05115,TOU,13.315,2026-02-04T04:19:13.451374Z,2026-02-04T04:59:13.451374Z,0xc00d3f8b46064c083d87e98ddef97a02d0442af27f4b0ba77f75614449107152,2026-02-04
synth-0111,,0x2aca8647fafe0301e385e3be17a7df8fba94806b21fba931b106e4b899cce50a,0xc5075d2c20a52fe5ad3c9489035f884ec6726cad1dfe78ed7f55433196f50611,TOU,5.424,2026-02-04T19:03:09.630091Z,2026-02-04T19:33:09.630091Z,0xc00d3f8b46064c083d87e98ddef97a02d0442af27f4b0ba77f75614449107152,2026-02-04
synth-0112,,0x40ef77b9fb6e00feeb359c8edda04788e3b9a9b36345df5fe6651210421c804c,0x42aeafbcd615682e9cda4c2cbbaa8a8cee032fcfb52e80b45d48bb1e5d4adb76,TOU,10.704,2026-02-04T21:47:31.722558Z,2026-02-04T22:47:31.722558Z,0xc00d3f8b46064c083d87e98ddef97a02d0442af27f4b0ba77f75614449107152,2026-02-04
synth-0113,,0xd27fd80ae845200bb21097f4b552644c84f78bfdc5bd3dfa6ce20a87aa330ffd,0xcfc68df919121cafa7350ee1c9c18e8a30aef95fd8b34bbe3361ea253adef9e2,TOU,4.623,2026-02-04T13:55:11.333916Z,2026-02-04T14:35:11.333916Z,0xc00d3f8b46064c083d87e98ddef97a02d0442af27f4b0ba77f75614449107152,2026-02-04
synth-0114,,0xcc90f062e41730a5b2e4589d003abbba0a89117ee420601c96e77832187f5eb6,0xc5cb54f3304d16df9a02d32ac2bedf4eea95f95ebee2b3ff029104f6556f1713,TOU,7.106,2026-02-04T06:45:21.766452Z,2026-02-04T07:25:21.766452Z,0xc00d3f8b46064c083d87e98ddef97a02d0442af27f4b0ba77f75614449107152,2026-02-04
synth-0115,,0x6e47e8d764b017119669d6a6dc72dd4967b49f4edb6259f661601b80122e1c65,0x08246b644a33c4387bf99237c0c24eaa3de96f7cf9c174654c0d01ff1def0428,TOU,8.95,2026-02-04T12:40:51.712348Z,2026-02-04T13:55:51.712348Z,0xc00d3f8b46064c083d87e98ddef97a02d0442af27f4b0ba77f75614449107152,2026-02-04
synth-0116,,0x1c63c0053bb273874ecfdc6c51fcb15742f1d8516412923947cf8e96e351df5b,0x404bed91a0b313dc67828c7cd01e31ffeaba3b896d59107d4a35f8b2a4fb86dd,TOU,26.947,2026-02-04T17:23:53.671837Z,2026-02-04T18:38:53.671837Z,0xc00d3f8b46064c083d87e98ddef97a02d0442af27f4b0ba77f75614449107152,2026-02-04
synth-0117,,0xa466b451475bd91f54bee0da4995a0dfa88ce3e144a5511cf94ae90973a8b853,0x18379b9ecd15212939821ee002d9327fef84f48c5cb472d521568e37b2ebe298,TOU,21.964,2026-02-04T03:55:28.248865Z,2026-02-04T04:55:28.248865Z,0xc00d3f8b46064c083d87e98ddef97a02d0442af27f4b0ba77f75614449107152,2026-02-04
synth-0118,,0x7b2a4634f85efe82f7024bd10a73484ff4183de632a4cf78ef6a687ebcc77070,0x67a551a4b59e719a4070d20ee019caa9d99341f5740a1593b6efa9d156f92dc4,TOU,4.429,2026-02-04T14:04:30.745607Z,2026-02-04T14:44:30.745607Z,0xc00d3f8b46064c083d87e98ddef97a02d0442af27f4b0ba77f75614449107152,2026-02-04
synth-0119,,0x991afcaee9f1dd7f09a6601a9c15a5ced529b149035afb74999965b94afd967c,0x8237bbb758ff3b7ad76d09a6311cb4877464bd565d10eff788d330bc4769ccc2,TOU,13.908,2026-02-04T00:08:47.814362Z,2026-02-04T01:23:47.814362Z,0xc00d3f8b46064c083d87e98ddef97a02d0442af27f4b0ba77f75614449107152,2026-02-04
synth-0120,,0xc7c8b6795cc5987bf5fad346e058da23849e67022209d1415f78b82bca17959e,0x3995a2dbe5d271b87ad4eb456f66cdffc7c03ffea565f90b709f12f0378cf33f,TOU,7.515,2026-02-04T04:56:16.936856Z,2026-02-04T05:16:16.936856Z,0xc00d3f8b46064c083d87e98ddef97a02d0442af27f4b0ba77f75614449107152,2026-02-04
synth-0121,,0x752385816db5a379a6819311dbe661808c3b2a2053d2274dba8b3a13d35c8945,0xe2e4f2444528c65267e4f7121a056d28d73a2fe600095d897fa54335a7e464b7,TOU,2.546,2026-02-04T10:14:22.895779Z,2026-02-04T10:34:22.895779Z,0xc00d3f8b46064c083d87e98ddef97a02d0442af27f4b0ba77f75614449107152,2026-02-04
synth-0122,,0x97f007028357ebe5b96f3b3cda78a5b140d4455b29c5e196ce1a5a9e42b66bc7,0x6127112b03eaf9ca729c5d9a7538d3a30d65563c5330b7098938bc121e1e7f17,TOU,27.59,2026-02-04T20:35:38.115070Z,2026-02-04T21:50:38.115070Z,0xc00d3f8b46064c083d87e98ddef97a02d0442af27f4b0ba77f75614449107152,2026-02-04
synth-0123,,0xfde418597c55a9f8a86bf6c09047c5c242de87ae35606fff5630f45374bd3c84,0x274ca143369196606c0f219e1e362f90bd7fdd8b289733f7680ab291278376a8,TOU,14.407,2026-02-04T03:15:48.865095Z,2026-02-04T03:55:48.865095Z,0xc00d3f8b46064c083d87e98ddef97a02d0442af27f4b0ba77f75614449107152,2026-02-04
synth-0124,,0x475f0d01edb490fbf0149f45831e273e00cca05399eb84a78cc007707a319dee,0x639af50ab5be6233dd6374130176e0828c321a69cf6d0770926afee2f1beb514,TOU,3.361,2026-02-04T00:51:09.257476Z,2026-02-04T01:11:09.257476Z,0xc00d3f8b46064c083d87e98ddef97a02d0442af27f4b0ba77f75614449107152,2026-02-04
synth-0125,,0x929e754563718c9f502e1c55cb733c66ca7d8cb911fef8438296b4dd8c5ebdfa,0x535c8038b8a1b5be7d3ea4a25d6ec56c76da2f4392e209a9e44189e0af26986c,TOU,27.843,2026-02-04T21:26:31.144526Z,2026-02-04T22:41:31.144526Z,0xc00d3f8b46064c083d87e98ddef97a02d0442af27f4b0ba77f75614449107152,2026-02-04
synth-0126,,0x4475b7f4b0de9c7e7ebf9cf44be4ec05a9b595c04ecb059e9ee444f3c1272232,0x8b83fe5357980bfe2fb3b2990f24c461ce061323bd4a9e0a357d7c99d199dd90,TOU,13.684,2026-02-04T12:09:53.427666Z,2026-02-04T13:24:53.427666Z,0xc00d3f8b46064c083d87e98ddef97a02d0442af27f4b0ba77f75614449107152,2026-02-04
synth-0127,,0xf6cb59d2a17275a1be8fd92763dd5ac88bba38f1b7e921a46b6023c2049bf233,0xbfbc577fac98a411d5a506380a7a2fb6391d1a2b079ba52155f64b23a18d73d9,TOU,7.07,2026-02-04T19:53:52.016637Z,2026-02-04T20:53:52.016637Z,0xc00d3f8b46064c083d87e98ddef97a02d0442af27f4b0ba77f75614449107152,2026-02-04
synth-0128,,0x0646025125759e959344105a0e0328dd3fb71e278192e40b86ec4392089e0117,0xa3ffac29d1289ae559bf7c6cca9f64f5b0aa135d6544cb88f040fb9c5ec25338,TOU,13.275,2026-02-04T21:26:09.331363Z,2026-02-04T22:41:09.331363Z,0xc00d3f8b46064c083d87e98ddef97a02d0442af27f4b0ba77f75614449107152,2026-02-04
synth-0129,,0xe6528cfef9a6299fbd30c8528596c2bd9499198e724e8a851fb7628901023d64,0x16dc740d1706eda999ab3ea34282301506e414ffa70adaecde0fbc3a373a963a,TOU,7.279,2026-02-04T21:34:13.561981Z,2026-02-04T22:14:13.561981Z,0xc00d3f8b46064c083d87e98ddef97a02d0442af27f4b0ba77f75614449107152,2026-02-04
synth-0130,,0x15b97147b3bc6548f22029946bbc8672fbf80c8864142ecd4a1657176c8a5497,0x34b44e96a288de6c60ab9018f66086a49b5b44ee6f9b0670ce8059efcdd5276f,TOU,26.639,2026-02-04T16:40:15.475767Z,2026-02-04T17:55:15.475767Z,0xc00d3f8b46064c083d87e98ddef97a02d0442af27f4b0ba77f75614449107152,2026-02-04
synth-0131,,0xeeff413ebebbd2172712b3e902cb98262fd5adc573c912e650e4127909a49f6a,0x95b621841f29b153c2248673fc7c5378be272622a534ef9ea8d60a3d4af75aac,TOU,2.423,2026-02-04T15:28:34.780363Z,2026-02-04T15:48:34.780363Z,0xc00d3f8b46064c083d87e98ddef97a02d0442af27f4b0ba77f75614449107152,2026-02-04
synth-0132,,0x01e87444b26232436c322d945fbec250b8e6ee4a4c3bc97caf9017c59eab4a34,0xbf5cf3d507feea10bcefcf9bf629c5ed9c1edda61c5fcb616b10d97c476653a0,TOU,2.549,2026-02-04T21:53:33.780400Z,2026-02-04T22:13:33.780400Z,0xc00d3f8b46064c083d87e98ddef97a02d0442af27f4b0ba77f75614449107152,2026-02-04
synth-0133,,0x75c28686ce5d55efcb44ed68646b803ffada733aa90117d9005fba0c1e09c701,0xb1ab00c4b591238800eef0229b8948c10c2c2aa629f337570825c4fc5e0aab21,TOU,2.358,2026-02-04T21:14:18.168668Z,2026-02-04T21:34:18.168668Z,0xc00d3f8b46064c083d87e98ddef97a02d0442af27f4b0ba77f75614449107152,2026-02-04
synth-0134,,0x6243f2f99ea802f2109f9162ca402f799ce68b42319044b878229e664eb2807e,0xfdd946e663880c4c4e31a8f6a3a5804ec79e340b55f2a30c4287de023f932a3b,TOU,5.37,2026-02-04T14:49:18.725651Z,2026-02-04T15:19:18.725651Z,0xc00d3f8b46064c083d87e98ddef97a02d0442af27f4b0ba77f75614449107152,2026-02-04
synth-0135,,0xecdabfe551bb5491fa9da743555b7d950d75682897ba28b945b1be2a140e52f2,0x676eb3d6264110dc695017d84a1fffe6407b53a5632cfe94a28c679b4cacdb43,TOU,13.974,2026-02-04T12:45:48.938435Z,2026-02-04T14:00:48.938435Z,0xc00d3f8b46064c083d87e98ddef97a02d0442af27f4b0ba77f75614449107152,2026-02-04
synth-0136,,0xf3ba9f985c56ac0249a25671a6db693f86fb21e60bf5d9bc1d403a5fe4a5c812,0xe381f16f29705a561c6d7c78fc120857d2199a0e83cda24c30148d9e49d99f44,TOU,28.203,2026-02-04T15:52:25.657489Z,2026-02-04T17:07:25.657489Z,0xc00d3f8b46064c083d87e98ddef97a02d0442af27f4b0ba77f75614449107152,2026-02-04
synth-0137,,0xeb1545a6e8d835931fcc1a66b27d423d8f7430e24da96e085b75f9d67080e413,0xdfc1216a066465920069a8798340ed678fc8bc9f393048d7a0cae4b0270103b9,TOU,3.504,2026-02-04T04:02:37.802477Z,2026-02-04T04:32:37.802477Z,0xc00d3f8b46064c083d87e98ddef97a02d0442af27f4b0ba77f75614449107152,2026-02-04
synth-0138,,0xb11dd6c025a90b3955383c482c5f7ce6f15b49ce20d4db0d951b7675a87613b3,0x92b441e31c00432a9f30568325fcdedc5288175ba7704864e28bda5c94143270,TOU,3.8,2026-02-04T16:54:31.943483Z,2026-02-04T17:24:31.943483Z,0xc00d3f8b46064c083d87e98ddef97a02d0442af27f4b0ba77f75614449107152,2026-02-04
synth-0139,,0x1eede3619534cd589c4af51e1384986470c08b2a680cd717ffb26e8eff7d8872,0x3d820b79567e52f25c8a91be87d13ca8ef94075846af225d2d7155f12c619e8f,TOU,15.151,2026-02-04T10:35:46.878488Z,2026-02-04T11:15:46.878488Z,0xc00d3f8b46064c083d87e98ddef97a02d0442af27f4b0ba77f75614449107152,2026-02-04
synth-0140,,0xe987e125db46da757ea36cf8fac77789912e5dd0f421e4bcb9d65ff0f2d1474e,0x998f73cfa1838e1c054e95880da4b344f92a1221f4eb3e2ee87dd952d4d38ae1,TOU,6.978,2026-02-04T17:44:24.776510Z,2026-02-04T18:44:24.776510Z,0xc00d3f8b46064c083d87e98ddef97a02d0442af27f4b0ba77f75614449107152,2026-02-04
synth-0141,,0xa5839b6473de06b66c2087ab7d36bc0cc903472163b6c083eac82698aa312277,0xd1e24d05e88324ac11f03b83968de21fff034fdeabc46d34ea9ed2c1bb6f81df,TOU,10.448,2026-02-04T05:46:05.401119Z,2026-02-04T06:16:05.401119Z,0xc00d3f8b46064c083d87e98ddef97a02d0442af27f4b0ba77f75614449107152,2026-02-04
synth-0142,,0xd050be718a54ae2f4386950fd605e4f00b014004c563aadb47e52c7dc154a0fe,0x86e0c3ec40cc92de08cc95c838f60291f4bcadce0dd397eed019cd5e18213964,TOU,2.543,2026-02-04T13:55:36.897130Z,2026-02-04T14:15:36.897130Z,0xc00d3f8b46064c083d87e98ddef97a02d0442af27f4b0ba77f75614449107152,2026-02-04
synth-0143,,0x48d1a23a716891f779173260c404787646944f57b88e428eff9bfde8dd6af681,0x1d7bee5406cdbde0ab58836a79eef7d94df1f8cdf0d6aa032d9e74d84bb177cd,TOU,7.396,2026-02-04T02:10:11.143367Z,2026-02-04T02:50:11.143367Z,0xc00d3f8b46064c083d87e98ddef97a02d0442af27f4b0ba77f75614449107152,2026-02-04
synth-0144,,0xe56134b8fd70001baacf41424b56810f2a34e1e28af7437d5e36ee8ef8c5261c,0xefd6a5518f622c83c3e69e2f6dfbb217fbb60bd11a3ad9bfb3ac8ff841eba0db,TOU,9.161,2026-02-04T05:07:53.466034Z,2026-02-04T06:22:53.466034Z,0xc00d3f8b46064c083d87e98ddef97a02d0442af27f4b0ba77f75614449107152,2026-02-04
synth-0145,,0x66024cb22c7122c506aea58848411c3d21950aa6b982edcf14e9bcdc0b67fb75,0xe1f2cfd50e6966998c1ad7bcb3564a61d1245bf4db394fe10ce31fe6feb0a36f,TOU,2.179,2026-02-04T15:09:49.733540Z,2026-02-04T15:29:49.733540Z,0xc00d3f8b46064c083d87e98ddef97a02d0442af27f4b0ba77f75614449107152,2026-02-04
synth-0146,,0x513c47266930c740a7c3181992d97c7de3496c3946e4921e404d6e6c573cb256,0xfce5a4b2a3d2f779a7397f86b869c3dfc9624b6ce9f315e9a67deba06dc375d2,TOU,5.381,2026-02-04T14:46:21.368261Z,2026-02-04T15:16:21.368261Z,0xc00d3f8b46064c083d87e98ddef97a02d0442af27f4b0ba77f75614449107152,2026-02-04
synth-0147,,0x6167dd327f0c69c261a77c0b3aba73b734ce3614518f1b1af791ffc81ffa211e,0x87ebd8c2c249d72d449623dcd76b0b2e05d7cff008d5955e286ef14814fddd1a,TOU,7.162,2026-02-04T04:32:58.778014Z,2026-02-04T05:12:58.778014Z,0xc00d3f8b46064c083d87e98ddef97a02d0442af27f4b0ba77f75614449107152,2026-02-04
synth-0148,,0x31b90dc2a12ed2f430d99f598d2172f53f703747e2d489dccd2111cd5bd4418f,0xc11ea617cfb679ef2ff318e88f945b1b12914e00f636bfbbfc9dbb449bb7fe43,TOU,8.891,2026-02-04T12:58:52.432514Z,2026-02-04T14:13:52.432514Z,0xc00d3f8b46064c083d87e98ddef97a02d0442af27f4b0ba77f75614449107152,2026-02-04
synth-0149,,0xcef8105c243cacb2c350d34281957afff3071850527b581420a55df91d4f8a57,0x27a5a60629d0a66ba04b5cf5f590858927deae79a2e63d15b087ec3cac7e4ea0,TOU,7.093,2026-02-04T10:38:38.883403Z,2026-02-04T11:38:38.883403Z,0xc00d3f8b46064c083d87e98ddef97a02d0442af27f4b0ba77f75614449107152,2026-02-04
synth-0150,,0x083d974c9aa1833901df19dce46ccf6f4c5291e931f881ce2aa61376f68f20a0,0x67a2903565f9277aef07bfeb224887b1717c6e24c53500282cd24c90e9e624c3,TOU,3.728,2026-02-04T10:05:55.588321Z,2026-02-04T10:35:55.588321Z,0xc00d3f8b46064c083d87e98ddef97a02d0442af27f4b0ba77f75614449107152,2026-02-04
synth-0151,,0xd9eaffb6aff3cf1f72b199030919d70b6224f527517f689e250682b5299811dc,0xd369f0af422135cfd0f6161c76769ab150faf34b3a47da77ada64677e24993cf,TOU,6.925,2026-02-04T17:26:19.183906Z,2026-02-04T18:26:19.183906Z,0xc00d3f8b46064c083d87e98ddef97a02d0442af27f4b0ba77f75614449107152,2026-02-04
synth-0152,,0xf65274f0f64117a1f08803bd3533c5284aaf1ec4b46a15fbee7a644218c2cb4e,0xc6076b78808f5eae622cbaa643df019e0271b80843ee89d171367df9edc2d874,TOU,10.981,2026-02-04T00:20:27.138565Z,2026-02-04T00:50:27.138565Z,0xc00d3f8b46064c083d87e98ddef97a02d0442af27f4b0ba77f75614449107152,2026-02-04
synth-0153,,0x21b7f1b5d3dd07ff1cbe4b4339ff7479a19ab959ee37cc7534f2c97c9de518aa,0x13fc512bf0ffc3cfc3445814b11e1b5837d85728f8f27149ba13a167707da882,TOU,11.573,2026-02-04T12:30:04.463123Z,2026-02-04T13:30:04.463123Z,0xc00d3f8b46064c083d87e98ddef97a02d0442af27f4b0ba77f75614449107152,2026-02-04
synth-0154,,0x460a27058b28e1b97876fdd18f0931ce0dd629eec665b42265ba906e9f8fbdd3,0x0cdbe1abe941d15afdbf29f3f5e0defd5d9380b4a827bb1fbb13c0ffe4de51d7,TOU,3.575,2026-02-04T10:50:29.603352Z,2026-02-04T11:20:29.603352Z,0xc00d3f8b46064c083d87e98ddef97a02d0442af27f4b0ba77f75614449107152,2026-02-04
synth-0155,,0x8b5be43a051887bc330ad95fd9555bd4c7a820cd2886e7cec71764b511cd03ef,0x6c3e63f76fe9adc10290bb4da7c45228fafbbf9dcdc9b1d1700b6f0acfae3a9c,TOU,10.908,2026-02-04T13:38:07.104261Z,2026-02-04T14:38:07.104261Z,0xc00d3f8b46064c083d87e98ddef97a02d0442af27f4b0ba77f75614449107152,2026-02-04
synth-0156,,0xfa426c799cc7b1e7d07511f787d50d876fbe8897c34ebffe5ff01b374ada9669,0x1c2cebdb1764409c8d54ea7c85ce05fee34a8634c25efd365b6ed39eac95f4de,TOU,3.851,2026-02-04T08:03:11.608368Z,2026-02-04T08:33:11.608368Z,0xc00d3f8b46064c083d87e98ddef97a02d0442af27f4b0ba77f75614449107152,2026-02-04
synth-0157,,0x7bc0a7083143dd25e0e627f502dc6bf67bd0b689c02d0e2608bfa97c70d4b1a3,0xb986af5cb933cc18061902c06f60acbc3069191b49bf36dd11a5fb983c6cd0f1,TOU,8.931,2026-02-04T19:15:31.100198Z,2026-02-04T20:30:31.100198Z,0xc00d3f8b46064c083d87e98ddef97a02d0442af27f4b0ba77f75614449107152,2026-02-04
synth-0158,,0x2bdbd20a9f9626566c9117085ad84b0710dac0be61440c862e3f2142a4dbb4cd,0x2831f6ee69d6bb93c007f30496cb614f3da018492a58dd502632125588a35eb9,TOU,7.229,2026-02-04T22:01:21.279956Z,2026-02-04T22:41:21.279956Z,0xc00d3f8b46064c083d87e98ddef97a02d0442af27f4b0ba77f75614449107152,2026-02-04
synth-0159,,0x22b00977b0626c3a5857d076f4ae8da0ff3fab44bc403ebcad10a2ffb0270d13,0x77f8914bf59778e7fe59330189da654d78aaa56968d7befdb98a7099c1d050b9,TOU,7.289,2026-02-04T01:56:42.702294Z,2026-02-04T02:16:42.702294Z,0xc00d3f8b46064c083d87e98ddef97a02d0442af27f4b0ba77f75614449107152,2026-02-04
synth-0160,,0x2b7bc9b87b46974b9700f0d88f17f450506c07c60c1c47a78a0287b8ac1c4605,0x745ab01eaf6f3c442ad8ad24d95382f9031b2e55e139403a0e3e4bff93760f6e,TOU,8.839,2026-02-04T07:06:43.519266Z,2026-02-04T08:21:43.519266Z,0xc00d3f8b46064c083d87e98ddef97a02d0442af27f4b0ba77f75614449107152,2026-02-04
synth-0161,,0x44fe6931bf0482bc623e18023ae29845e8727d41d92ae85d00fa2b57f6cd03dd,0x2bbee943e632c827874444879ee14f6b137c43f8adc8e8138507cc5a68dad44d,TOU,21.583,2026-02-04T02:09:40.517641Z,2026-02-04T03:09:40.517641Z,0xc00d3f8b46064c083d87e98ddef97a02d0442af27f4b0ba77f75614449107152,2026-02-04
synth-0162,,0xb9405bea8b456b5cb2130a1e99549536e2050119fee624804ba01f933f622bf7,0x235e476e2a66d0ae6be542ca2dabb8df789f5027feb28cb27c1b2808e5a3f348,TOU,7.381,2026-02-03T23:58:33.300875Z,2026-02-04T00:58:33.300875Z,,
synth-0163,,0x42afff52bee4dd6a2ea10210e6808fd85f2bc76fe97d1ddb999f435568bbb5f8,0x321e1e38c0020ec33d1e3e0cb364396059017abe5d34be5c65a9dac4a3dddf59,TOU,6.896,2026-02-04T12:37:02.663157Z,2026-02-04T12:57:02.663157Z,0xc00d3f8b46064c083d87e98ddef97a02d0442af27f4b0ba77f75614449107152,2026-02-04
synth-0164,,0x77aec927a6aa7603c5f17dcaaa3f9ba23fdee36638e5c3972f5d7fa3f56a2c4e,0x8051453be40a852c5c70092969db624a439902430c6cabcad989a9a6a71b2288,TOU,7.129,2026-02-04T15:52:43.468377Z,2026-02-04T16:52:43.468377Z,0xc00d3f8b46064c083d87e98ddef97a02d0442af27f4b0ba77f75614449107152,2026-02-04
synth-0165,,0x3ad8d0007dd893388917a8bd2706d7f1297ae75020731ac82618707b62c77812,0x8a214ad05340c3b389b2e8e1c8fa82310d7ffd59be6bcb7c6968fcdb250997a2,TOU,14.233,2026-02-04T00:01:33.529677Z,2026-02-04T00:41:33.529677Z,0xc00d3f8b46064c083d87e98ddef97a02d0442af27f4b0ba77f75614449107152,2026-02-04
synth-0166,,0x8bfec90c9e64f4aaf248a470d7ee90f16d574d800b4f95323bd2db1b1ce8f5b3,0x5226985106a6b1b5d705e457f430d188b60b5abd8ccdb19bf48d5e68763511d3,TOU,28.624,2026-02-04T02:29:30.471996Z,2026-02-04T03:44:30.471996Z,0xc00d3f8b46064c083d87e98ddef97a02d0442af27f4b0ba77f75614449107152,2026-02-04
synth-0167,,0x17ed5be5699c638394484aadfeb21c0905ff0c347ce2f13e5c0c2378b95a73da,0x63e4c8e3d4dd6f48398ab2fd99a033ab294b113e4c02e42c07dd4cf80b1a8eaa,TOU,4.788,2026-02-04T15:38:31.814694Z,2026-02-04T16:18:31.814694Z,0xc00d3f8b46064c083d87e98ddef97a02d0442af27f4b0ba77f75614449107152,2026-02-04
synth-0168,,0x784eb20fb2f6af527401db445f1c77b16645a2a4485a97c3e72c13295a7bad51,0x83c2e14f1a69fbf4ee000fe86254600de266537a7527d9fc44b7a982af73c08f,TOU,7.054,2026-02-04T19:34:27.614320Z,2026-02-04T20:34:27.614320Z,0xc00d3f8b46064c083d87e98ddef97a02d0442af27f4b0ba77f75614449107152,2026-02-04
synth-0169,,0x6972223c9daa2f07612d675f7cf372172be2b73b5355d37f42fc5427b781ae03,0x2d727e28723e9a44227b1a53616452c63865a6cf758fcc8e9fa87647c90eacf0,TOU,3.762,2026-02-03T22:50:30.212037Z,2026-02-03T23:20:30.212037Z,,
synth-0170,,0x776beccce429de1f8b65e6a3ece9e606b846417e3059f776abe8ef51193a20b2,0x97b217703cf021e949428604ed5b2d093b9815df2b95220980a2488affdc6fac,TOU,5.012,2026-02-04T13:36:37.636559Z,2026-02-04T14:16:37.636559Z,0xc00d3f8b46064c083d87e98ddef97a02d0442af27f4b0ba77f75614449107152,2026-02-04
synth-0171,,0x414681929eed617bca7010f5942bb620712be2220fac575f49b5fc8d609a03fd,0x02b480bcf394e1cf760da25dc7bbb9b2b8a8589ee655358fb2051a97c7d71d8d,TOU,14.558,2026-02-04T21:44:52.864839Z,2026-02-04T22:24:52.864839Z,0xc00d3f8b46064c083d87e98ddef97a02d0442af27f4b0ba77f75614449107152,2026-02-04
synth-0172,,0x44f355ffd670525f76d1936f88e57c1a1e2a3f34f72320588e4bec9fdb221744,0x9d119748c4e4483f4c3916dbecaeea9ea970d3688ea88c403d96ebf838b1c4d9,TOU,10.338,2026-02-03T23:29:33.619772Z,2026-02-03T23:59:33.619772Z,,
synth-0173,,0x81a7327a5e376831c21c6b0443ef4492a06191bb288005b0f80b40f60db858eb,0x19facdffc83aec871467b760ebe7702a9da42967f4188514c4287e40f119b402,TOU,14.862,2026-02-03T22:40:20.694345Z,2026-02-03T23:20:20.694345Z,,
synth-0174,,0xfbd834896129215583e522237a125c8298928dcd7df41c2275c20432c494aa28,0xab9a1e049f557be5272c81236fdb2f621e966a0371f6b4cbd017780222bc4fa0,TOU,5.815,2026-02-04T00:17:02.126267Z,2026-02-04T00:47:02.126267Z,0xc00d3f8b46064c083d87e98ddef97a02d0442af27f4b0ba77f75614449107152,2026-02-04
synth-0175,,0xe7a3ec13deb41fd2d2a23c36a98b44507f5afcdce3861b9a1b020fc6f0c48d3c,0xf67cb6a52f057af1bc24c7672eb10eef5fa2cae7dc969d8417c62461a6b64e4a,TOU,5.652,2026-02-04T06:04:54.155956Z,2026-02-04T06:34:54.155956Z,0xc00d3f8b46064c083d87e98ddef97a02d0442af27f4b0ba77f75614449107152,2026-02-04
synth-0176,,0xd61b2ed6e8d8a278b19a93bfabfbea31a21b0dfb0deddbda37204ef7a4980cf1,0x6d1ac87c2569c9afbe4873c266baae60692dc80715e42809be080c728e3d9a5f,TOU,6.818,2026-02-04T07:52:08.244442Z,2026-02-04T08:32:08.244442Z,0xc00d3f8b46064c083d87e98ddef97a02d0442af27f4b0ba77f75614449107152,2026-02-04
synth-0177,,0xc5eeece1f451ffd789faf610f89251e683a92759571c7154c376df7149409fb2,0x3101c985264964ca72c7c120d89a4ffae0bc682b10b8248fa70d7f9b17fa0168,TOU,12.964,2026-02-04T01:30:07.803116Z,2026-02-04T02:45:07.803116Z,0xc00d3f8b46064c083d87e98ddef97a02d0442af27f4b0ba77f75614449107152,2026-02-04
synth-0178,,0x15c42dc59e0a37247620a233cced744a9e218d220fa67883a1117fe235b3b981,0x51c790e7154ed3903b060e91d37f7354df5792c4a78f38233c451007243abba0,TOU,14.524,2026-02-04T06:06:22.406501Z,2026-02-04T07:21:22.406501Z,0xc00d3f8b46064c083d87e98ddef97a02d0442af27f4b0ba77f75614449107152,2026-02-04
synth-0179,,0xdbcaa8ae842d66a93ec7580dc81e94ec617e839381a4d12a2e241284799e7f95,0xbda4695f3ec5d39cd575cb01602fa6aaed59a482c7cda8bc3b09735d27e5e987,TOU,7.306,2026-02-04T05:02:02.154565Z,2026-02-04T05:22:02.154565Z,0xc00d3f8b46064c083d87e98ddef97a02d0442af27f4b0ba77f75614449107152,2026-02-04
synth-0180,,0x8986e609f2f5e1a22d9dd7aee10aeb9c82b0ca2b621c0487d57d96e6bfe30a50,0xdfd87e87aaf7ca5b67889d6aedcc30b37b5d0aadf6100dff7335654dae26cb58,TOU,5.392,2026-02-04T01:49:15.076697Z,2026-02-04T02:19:15.076697Z,0xc00d3f8b46064c083d87e98ddef97a02d0442af27f4b0ba77f75614449107152,2026-02-04
synth-0181,,0xab7074825edcce966003249c707fc33a2737a218f1eb72abc01622a82808b150,0xd93eeda00ddf5b1453e14c79b31e87f6c8634e2afa40a86fce77e28ade0fe874,TOU,3.437,2026-02-04T02:46:29.453977Z,2026-02-04T03:16:29.453977Z,0xc00d3f8b46064c083d87e98ddef97a02d0442af27f4b0ba77f75614449107152,2026-02-04
synth-0182,,0x6c574cef8f5627674a6fcb16deb75c3ae75e6a46b42b3f3370bd0070b7e9b7d8,0xd07149d6f2f19fdfe055acb781b96134b84fd604cc59ec10883d3108960776ee,TOU,28.25,2026-02-04T19:28:35.266943Z,2026-02-04T20:43:35.266943Z,0xc00d3f8b46064c083d87e98ddef97a02d0442af27f4b0ba77f75614449107152,2026-02-04
synth-0183,,0x1991a125345312786651443b1c8ab261a2ad8376f938b62f641fc8a1c4db46e2,0x0877fd266126b922e09bb4d54e4f7e28affb0e5ea86f6640a6df6eece43ca8ac,TOU,7.634,2026-02-04T19:37:33.164737Z,2026-02-04T20:17:33.164737Z,0xc00d3f8b46064c083d87e98ddef97a02d0442af27f4b0ba77f75614449107152,2026-02-04
synth-0184,,0xc84a367fa84ec3e4e8d873105f39306712a80b3541001dd7dcd0e62bec9efb86,0x1db5f43636fcffe37418573a0bc8d98c309ba9c12e18fbadc943c9c2b3a8c746,TOU,2.458,2026-02-04T18:44:23.735776Z,2026-02-04T19:04:23.735776Z,0xc00d3f8b46064c083d87e98ddef97a02d0442af27f4b0ba77f75614449107152,2026-02-04
synth-0185,,0x4f20e3599db114c7e9181c6a529a266ee96a54d0a10e31bd7da5f78158049b9b,0xd51a9be437a6c312854038702ef0a425dd6036ed0771321e4da6290e0fc27f77,TOU,10.718,2026-02-04T09:19:52.007084Z,2026-02-04T10:19:52.007084Z,0xc00d3f8b46064c083d87e98ddef97a02d0442af27f4b0ba77f75614449107152,2026-02-04
synth-0186,,0x6322121f79232124dfdeb66aa1095eb071f03076cd816ec792fd7254ef5e9a05,0x463a42c9c5f1bbdbdc1a17fa1dd4466f033986f2ed9e589792cfdc13f5d88a55,TOU,3.429,2026-02-04T14:34:12.043156Z,2026-02-04T15:04:12.043156Z,0xc00d3f8b46064c083d87e98ddef97a02d0442af27f4b0ba77f75614449107152,2026-02-04
synth-0187,,0xde949908a1a27fad2c5d85cf157ac3b6a6f477a8ad3f0b1bc9d4fd3083800028,0x1ec73dd7237da0ddc1ef8ad1bb8797ccb885168962cc59750620c6b1b6134bf2,TOU,7.102,2026-02-04T04:04:23.732613Z,2026-02-04T04:24:23.732613Z,0xc00d3f8b46064c083d87e98ddef97a02d0442af27f4b0ba77f75614449107152,2026-02-04
synth-0188,,0x31bb63d9c88031943c35e86a921725452a6e4e7d0b87f2ab1dadd567c5088dbc,0x5464a1b7d0aae9cef21de3a8b734783a41ee62d3edd72e8dd6beceb774e12bb9,TOU,3.845,2026-02-04T05:22:57.226876Z,2026-02-04T05:42:57.226876Z,0xc00d3f8b46064c083d87e98ddef97a02d0442af27f4b0ba77f75614449107152,2026-02-04
synth-0189,,0x6dcb8741cfecc61966f075fc057fe1e02d2251f697b8f103e6e1d52484705223,0x6e76a260d0035541f1b07945dc78920884b41b1d8803dc0a8f468cb2864d5f15,TOU,21.718,2026-02-04T03:37:38.798436Z,2026-02-04T04:37:38.798436Z,0xc00d3f8b46064c083d87e98ddef97a02d0442af27f4b0ba77f75614449107152,2026-02-04
synth-0190,,0xd21de821d983a4f9ecf9e5dc6ffbf1cb38f8cff3d311fa620d81c1de12fbf03d,0x724056e6b6c2f097854e9e312815a04b30142b45aa9c8e11e3a28afcca118247,TOU,14.945,2026-02-04T12:15:51.323734Z,2026-02-04T12:55:51.323734Z,0xc00d3f8b46064c083d87e98ddef97a02d0442af27f4b0ba77f75614449107152,2026-02-04
synth-0191,,0xe64d28cd48aadc93163ee79bcd7660542b6bbada87ade1e1e8f1ea8f46372d8b,0x9a3f98b0de273f0265e65625492a51657db855d0735bf46697795179b8d2c6c9,TOU,3.711,2026-02-04T18:58:26.711801Z,2026-02-04T19:28:26.711801Z,0xc00d3f8b46064c083d87e98ddef97a02d0442af27f4b0ba77f75614449107152,2026-02-04
synth-0192,,0xa6207b276ac41ed72987abefa90275d6a068e7c70e1a9984324729fc7d54b51e,0xec9311722461dc2b22a5d72b2a162e98d07bbbae770b2e3c1b9c0a8f05ee17aa,TOU,6.847,2026-02-04T17:14:57.689323Z,2026-02-04T18:14:57.689323Z,0xc00d3f8b46064c083d87e98ddef97a02d0442af27f4b0ba77f75614449107152,2026-02-04
synth-0193,,0x164b89c28fdbeec43574d024ecc0dda499a505c511bb81f8bd37840f5d859fe2,0xb5930a5d52bf5b11b5b21a32882454244553bf632cf3b20057b2673377402453,TOU,7.482,2026-02-04T08:46:57.910171Z,2026-02-04T09:26:57.910171Z,0xc00d3f8b46064c083d87e98ddef97a02d0442af27f4b0ba77f75614449107152,2026-02-04
synth-0194,,0xd835c6892692340c997aceeb99997ef600982b0e7c356413161833bbf806e3db,0xe90f8a7ea927db42591aca06ce808113d2bffc3533ea4fde0ac506fad6b2cb3e,TOU,7.311,2026-02-04T16:39:48.648437Z,2026-02-04T17:39:48.648437Z,0xc00d3f8b46064c083d87e98ddef97a02d0442af27f4b0ba77f75614449107152,2026-02-04
synth-0195,,0x76b10cc7cf8add5975d92219dc4fc7e052efcab50c67c1ae6128308cca5bf90d,0x1716ab03709c73cfcbf103e737e2619d0ad63022d7362c72289f8611c15e6590,TOU,7.09,2026-02-04T12:30:15.879728Z,2026-02-04T13:30:15.879728Z,0xc00d3f8b46064c083d87e98ddef97a02d0442af27f4b0ba77f75614449107152,2026-02-04
synth-0196,,0x16236d1d5a5f7c4abace3ef6f64cf430cb681ee4e50b052a5881c6ca34ce5849,0x2d71ec23a5458ce101511f92cc655e0dd484f6455fac7f8022c4bf9b58a31f2f,TOU,14.023,2026-02-04T13:27:05.227340Z,2026-02-04T14:42:05.227340Z,0xc00d3f8b46064c083d87e98ddef97a02d0442af27f4b0ba77f75614449107152,2026-02-04
synth-0197,,0xbd0863d336a954bcefe27b460757f14527d9e53b7e06a2a3c506aa61d1c86e9f,0x8b70ae60c43ec6619e2ecc27eb954feee668cdbef60441e27703daf75f03208b,TOU,3.506,2026-02-04T19:33:30.120812Z,2026-02-04T19:53:30.120812Z,0xc00d3f8b46064c083d87e98ddef97a02d0442af27f4b0ba77f75614449107152,2026-02-04
synth-0198,,0xccf5f6c19287b0e6a2fe80374635b641b5e91c78ca4ea4e0ddaa2f151023f661,0xed4de5084ab93f2c3b78dd56b343cc22759dba0455b7afee84e4ae1af9f410b6,TOU,21.907,2026-02-04T16:15:58.803896Z,2026-02-04T17:15:58.803896Z,0xc00d3f8b46064c083d87e98ddef97a02d0442af27f4b0ba77f75614449107152,2026-02-04
synth-0199,,0x764ce2b3f4ca2a1277b08f2ae1e333fbcb57d9758b80c1bae2d6b0fdf509574f,0x7401432d042236eea9fb6c77fbf5d608701eee078847380bd3a22054371ffdc2,TOU,15.204,2026-02-04T05:45:18.226420Z,2026-02-04T06:25:18.226420Z,0xc00d3f8b46064c083d87e98ddef97a02d0442af27f4b0ba77f75614449107152,2026-02-04
synth-0200,,0xa82224461d9f0134df8a01ad0cd822f2012841e4cc1885854ddebaba88796b2d,0xeeb638029ffee4fdc4f592958f05fc0164f7d688bfd8e5aabde1aca2be931548,TOU,10.982,2026-02-04T01:41:42.763606Z,2026-02-04T02:11:42.763606Z,0xc00d3f8b46064c083d87e98ddef97a02d0442af27f4b0ba77f75614449107152,2026-02-04
synth-0201,,0x10b0afba9e1992f2b955067d06b6f1b76208bf1ab956dfb64c8c0b8d316d3355,0xc3ee9dfbf2a7d8d3ec796f0e0f9232536d1785000b522aa42b1fd6dbacc20db2,TOU,9.128,2026-01-26T21:58:44.894809Z,2026-01-26T23:13:44.894809Z,,
synth-0202,,0xa5159555d1bface65d7bc011862f66f4a67008fb7a83834d0323092477417857,0xa4e8e9b8c8b1f5bf11d8326b128334c0789b91be45f5b4787ddf7b4060a0f9c6,TOU,3.387,2026-01-27T13:02:15.418082Z,2026-01-27T13:32:15.418082Z,,
synth-0203,,0xaa8366b544e7949cd2450d994e023cdadfbf9cba22e9878bc830fcb68811c71d,0x74254efd4811eb5814db311c2596ba0d89002788ba2aab39eca00c01f98a0086,TOU,3.645,2026-01-27T09:25:51.168987Z,2026-01-27T09:45:51.168987Z,,
synth-0204,,0xac3ee77d3a6c17d9e63a4b2e1c1b6fa3cecad05fd88e27d201a86b74dd3ecd31,0x94b92067b1ba71de5ed92e1457ecf6c670f4748fa40ebd2da3189261b93e8727,TOU,21.946,2026-01-27T12:20:21.175027Z,2026-01-27T13:20:21.175027Z,,
synth-0205,,0x0a1b0301daf909841a9960541da4d8fb8b40234f608004d42a10bcb594d59ebb,0x2fdc6d39a984b13943c9a6dd168060fbfa2fcb14dd8fa2be8816ceba1c89785d,TOU,11.357,2026-01-27T13:27:14.126596Z,2026-01-27T13:57:14.126596Z,,
synth-0206,,0xec0c5a8b36f21af43541b01e8249fccfaf6bb5d16671b8b9f1c1426d152e3277,0xfdae6e5da978b8345fe74e44d116fad36c9a1e104dd0ed957f85789d6b3141f4,TOU,13.857,2026-01-27T11:41:37.679537Z,2026-01-27T12:56:37.679537Z,,
synth-0207,,0x4ebce17f0bab7388502f06fa8e7898eaf05dc970e430fcd35009e0a4f82f0de9,0x0c2660193b228dad3241123265237e5ee2da864bfd2879979716d76316e5947b,TOU,27.113,2026-01-27T00:39:57.169842Z,2026-01-27T01:54:57.169842Z,,
synth-0208,,0x091af31bc9c330bbfe095e803974de3378b66ce5d0801c7184ec9454b2679e0a,0x472baedb4ca11ef97d421c5d5bd0b3426611baf23b487cf7c71353b722bafd58,TOU,4.92,2026-01-27T21:54:22.525454Z,2026-01-27T22:34:22.525454Z,,
synth-0209,,0x5a8f1eb73b311d9dc2a93cb02cac6ae70032d5575d5764aae050aee9341b20d0,0x1d8405eb907b6ea85b69fc678aa1f6edee3645b242d297526ec3a592f890660f,TOU,7.322,2026-01-27T02:46:12.950551Z,2026-01-27T03:46:12.950551Z,,
synth-0210,,0x5c443c9da15a8bc32ab48fc049f289e546fa078dacd69d11cf2b884625ac9875,0xaf3c2f1f21fcd2f2858e7c0301af9b7c058eb2d52f95823ab5fad666389884f5,TOU,11.363,2026-01-27T12:31:49.884095Z,2026-01-27T13:31:49.884095Z,,
synth-0211,,0x2925fa2b1133bd3e82d4bb0383b145aa2d2a61f6589e77b232a7523d05190f3d,0x1af6995eee3594d4e8838157ef8a72522bf97b2b76640de21ff7aa92cd0ee7e8,TOU,4.782,2026-01-27T03:17:48.579717Z,2026-01-27T03:57:48.579717Z,,
synth-0212,,0xdec443a0de285222e5c3774358072a2121cb1a56a6031fd741c757898b5743cf,0xf03cf572282161853fea3e6eee3460bffdf7cf1eeae403dafb81446136727efc,TOU,21.576,2026-01-27T09:10:44.756991Z,2026-01-27T10:10:44.756991Z,,
synth-0213,,0x7f85cd67e7d379e26bd22116d13fd230edfd0fc8b33b4ed7c09277e7bf08e5b6,0xee328c333e56af72995a02f63e38cca97104724ed73c46b158aab12524e13883,TOU,2.629,2026-01-27T01:13:31.321296Z,2026-01-27T01:33:31.321296Z,,
synth-0214,,0xf999a37c1d7fc690fcbfe8a40182ea69d32b36292858b42443a0dba91f6a38cc,0x3744ea8c980c9a7af737e93fd11fb01d3cbb47ec47bc03b05829ab7a7fe2a8d2,TOU,2.38,2026-01-26T22:09:23.683917Z,2026-01-26T22:29:23.683917Z,,
synth-0215,,0xb278219d925166249163479f43f91347cb52fbe2f0c425bb1219ac0730ee5b16,0xf0d32d9fd9d01163da79db03cfa2d9faeb0f853f50aca08ea0dda670a101d47c,TOU,13.917,2026-01-27T02:45:54.308606Z,2026-01-27T04:00:54.308606Z,,
synth-0216,,0xa447775c4c92f61525dfe27f7b84b17690cc32a5279fa7fc3aff078a960309fd,0x2dc5aeddad8e344cd8c441e15cb4bfbe81a89bddf4ddcbeaa30af755a54e805e,TOU,8.755,2026-01-27T07:25:59.254846Z,2026-01-27T08:40:59.254846Z,,
synth-0217,,0xedc385f58583a6cc5ff9240e51a58642f55b3b484063912b41f5506579f64bc1,0x7e5c5b6cac91a551acad4a8dbed40826b69c1243bb7035b5e6f1141a808066d1,TOU,3.575,2026-01-27T16:46:00.347156Z,2026-01-27T17:16:00.347156Z,,
synth-0218,,0xe6b5183cee5511b814869bc77d8c990bda506720b4f989c239d05080d1790ce8,0x1bf77cf20f47aee575aecd29d56c26733b63bc79910bab795e063c513c5aa5a3,TOU,3.222,2026-01-27T18:53:31.573468Z,2026-01-27T19:13:31.573468Z,,
synth-0219,,0x48c362365fed4cbd9a9d6fc9c09611fb088dc00e1039d1092a9ff42f10e847c2,0xb4cc688f36c0bf98cb3cda84ce2242931876d3d491697a3ff16f8e5148e46822,TOU,3.567,2026-01-27T19:03:41.877303Z,2026-01-27T19:23:41.877303Z,,
synth-0220,,0x7f258debd4eeadf763436b0fee00ae663afe1c9409e442d3253422175bf6f790,0x9f313af7818880653b17404b8c0932e5ce8ea73eeb94806a7d598c9d6d7963a0,TOU,27.981,2026-01-26T23:27:21.112219Z,2026-01-27T00:42:21.112219Z,,
synth-0221,,0xcd9b160e65ebf5becaf99cac2988c46d59034409f73f37629283a7fb32583954,0x306be99eca1728b2a2430ee63d860273cc6a5415f989a20c93035d4761666f24,TOU,2.115,2026-01-27T14:45:21.657948Z,2026-01-27T15:05:21.657948Z,,
synth-0222,,0xd153513d969fe2dfed417daf8ab98764261484e581d4870901c209e4e725926c,0x3518cc589c61008bfee1134582757c0a107fa92083cee06fe6e50e561e7df08c,TOU,7.526,2026-01-27T11:24:03.566185Z,2026-01-27T12:04:03.566185Z,,
synth-0223,,0x679528ae92292c68771f43bbefd92f81fcafcf381e92e3507419232dcacb63ef,0x6a690ea28420d47afaacd16bd6d5c0ec92738cc0b122cdcadb17de6722548423,TOU,21.801,2026-01-26T23:22:37.648634Z,2026-01-27T00:22:37.648634Z,,
synth-0224,,0x2961d99ec1dca690e4de94cda7cd906e0ac4ddca24b4fdc458ee780588239255,0x24949d25ecc1a1f24cc69d921ead0c98dfd661a70758521c26cf624b9618a9cb,TOU,5.693,2026-01-27T03:54:14.556453Z,2026-01-27T04:24:14.556453Z,,
synth-0225,,0xef7de333d47c068326ee9164a143918d46914221b385ef58d896064e50c92827,0x478ca6e70cda690d1505be35a9cca05b456143bc4325671bcdab083a40c0976f,TOU,14.359,2026-01-27T05:16:38.886612Z,2026-01-27T06:31:38.886612Z,,
synth-0226,,0xd900886ca2e3999487107e7ef99c41d0c0d34a3e0da8bcab75b1909c42cf6495,0x1bb5f1263c3fac73f0c8093a4e59a594d2fb6a7d8aa3ee9e63c0cc1afe727f3d,TOU,5.701,2026-01-27T16:01:45.116847Z,2026-01-27T16:31:45.116847Z,,
synth-0227,,0x7cc49e097e0a42a3b7007b34255aa2e9f317ca238251ada2e7535f8c15ecfa0e,0xc9972f75eb22b32ed666bca8622d60575f9bacb0f506042218f9c31b0d31c399,TOU,14.287,2026-01-27T14:56:14.326847Z,2026-01-27T16:11:14.326847Z,,
synth-0228,,0x116ec67aea4b937ec67c98a208b4fd8e7e3eb449ca29b68af0c44841e6c5c929,0xf0058e1537344c5bfc49b5e8f13764ad4dd2c89de69fe830a62f618e76926398,TOU,22.407,2026-01-27T02:44:17.975444Z,2026-01-27T03:44:17.975444Z,,
synth-0229,,0xdbe30c1f27b427d146696496d2f3c8d7c172c8ba452dc35fa4b2313dc9ce6f22,0x5b7382cd08f5d84e57690822a6d03bc5ea7a4043065e25fb5875ae0e7e85d69a,TOU,8.948,2026-01-27T12:29:48.098118Z,2026-01-27T13:44:48.098118Z,,
synth-0230,,0x55a0043a8d821b79e5a89a463767cc72da41b256cf85338b2b185d2cdea8e91e,0x5594f9a17659d0c4bc1f3f6b5a7d00faf9723afe45d5157c85686ba9d4455286,TOU,27.51,2026-01-27T20:58:14.741888Z,2026-01-27T22:13:14.741888Z,,
synth-0231,,0x95af7e152a20f138a4fd73256f7af6e15447af31ed57db887580fb8ac23ddb07,0x716bf4790062ce7caf0889660ea45714ce1a54646df252e2ed1920563e277c6c,TOU,8.772,2026-01-27T18:33:32.444550Z,2026-01-27T19:48:32.444550Z,,
synth-0232,,0x4e8afa862a1048de32b24029ffb2d69d3ebb0b4937a75f6523ca9c59e79f46da,0xc1bb4cdf7610dfd9a34242b713d665c1c32d1eeccd0d28b65420ac8497117f6f,TOU,9.059,2026-01-26T22:57:45.374469Z,2026-01-27T00:12:45.374469Z,,
synth-0233,,0x9900c2723da93d5c8da97bea7c8799e4e895b1cb517675c84a23d1a5ddf0f85f,0xc7070c3b64dabc4358b8f26db4bcfaed7916d1bf49e055b10995f286ce053930,TOU,2.39,2026-01-27T06:14:44.784311Z,2026-01-27T06:34:44.784311Z,,
synth-0234,,0x0c8d91abf1b347d7de4680b9c03faecffeba92c65e473de3f077d6c1a88df8d4,0x4d5e8b9a9d45c3d3eba131b709e948b7f54376f94847331c12c05626fad6eb25,TOU,6.812,2026-01-26T22:18:39.730821Z,2026-01-26T22:58:39.730821Z,,
synth-0235,,0xc6e99ba3e7ccefddd86f08feaeba057a9db3c780c87ce5e2048b52767fe76610,0x3832aef360cca754d299775e5b06315ff21087b1a99b89bded5ee1d13d15539e,TOU,4.804,2026-01-27T19:25:10.266072Z,2026-01-27T19:55:10.266072Z,,
synth-0236,,0xfe03eacbd9c0987d5451e145ecd6a90681da381151ea33c37286fb4157bb32c6,0x59b0c766ef7c64d3b7a02a3394847ca4e88dea5c4c185c7638fe06ba3440bb6a,TOU,7.377,2026-01-27T15:53:56.939572Z,2026-01-27T16:33:56.939572Z,,
synth-0237,,0x0e50331d1727fa7188ffc0ba3a0d6fb33bac3e4f9ae91f90fb6e54faf38fc8cf,0xddf3288d89d2c2ba15260815806295f4e696b6c1b12d219076bd3cf835a0cdf6,TOU,13.992,2026-01-27T04:43:19.487620Z,2026-01-27T05:58:19.487620Z,,
synth-0238,,0x76648203143d3cfa4668977796889e5cc8364c78b1f93aedacfe1d8e2cd0cb97,0xf7da6ee897471bb45783d58699d53fc74abc15afd62f7857630b6fec7fad1698,TOU,3.745,2026-01-27T16:33:37.284948Z,2026-01-27T16:53:37.284948Z,,
synth-0239,,0xe583552b979f9af760749f6897fb910eaab2be9e63668d4e47b2cbfc36f0dfe1,0x169f0d15c251e9ddd8f594d0923f17c272e8a9b0fb7de1270bb5c2d8d7a4ea98,TOU,5.413,2026-01-27T08:44:17.449250Z,2026-01-27T09:14:17.449250Z,,
synth-0240,,0x2a9a2205dd30dc63c31c249fcb1843889bb083bcc7d2254ef663f3dc52055a43,0x59f26c12d0d7dfa6f093088655d221314208ca087e561a4298513e2bca62b87c,TOU,21.059,2026-01-26T22:39:05.803331Z,2026-01-26T23:39:05.803331Z,,
synth-0241,,0xa4a34e7978de7bc586e463d99d4ebee56cb47f9b40198627d2685cb30111d74d,0x5f6b30a5643e8dec591f3b02171a09f2008959b04653f0eb4c392bdf1db41e4d,TOU,15.383,2026-01-26T23:53:08.600662Z,2026-01-27T00:33:08.600662Z,,
synth-0242,,0x750ec9365fed72810652947a834a8a17e3b18a67b2086e45b0ee5358de1e767b,0x1bb1d836d48dbcd7bd09b845c51d01a4275dd7173de0971b4d0cdd3505db76be,TOU,2.619,2026-01-27T11:03:29.538103Z,2026-01-27T11:23:29.538103Z,,
synth-0243,,0xff457e6a8477cb331e7000daee67ff906d1e00219e45c8b5b926671b21c78455,0x773ed6db223a76d9a3e3a9ef989e602af995b04fec3f68fb40eddd09bc9456c9,TOU,14.088,2026-01-27T15:08:13.033973Z,2026-01-27T16:23:13.033973Z,,
synth-0244,,0x85a055927f69d7fd3c0509c3fe1adea442bb8bcd48294af006a4e024a1d46cc2,0xd4a20fb0740243ef82055361f54ae8b796dde286c6f1f98b539bbf251f864e1d,TOU,7.064,2026-01-27T13:59:20.063214Z,2026-01-27T14:59:20.063214Z,,
synth-0245,,0x7141b446877c839ad6be8c93d223a13fb72c2ba2291dec9a532eea1c9652b3b4,0xa31e6b1fcad640926272bb0c2c7cd103e2f5a57db4c5ffe476118d85a09fd217,TOU,3.616,2026-01-27T09:01:11.402134Z,2026-01-27T09:31:11.402134Z,,
synth-0246,,0x8ffad6e8e625241393f8aadcdde50aa927539d240d9e38ccdb2b0ae05ea5a045,0x6f207f2c3e695d4e00e74bd576dbcb6101375a0c08752b70b887e4416a8b6e5d,TOU,6.981,2026-01-27T04:29:06.455868Z,2026-01-27T04:49:06.455868Z,,
synth-0247,,0xaa3803ae27008cb96c0de43ea78a0214f67b3095ffea68a5b48ae12d64011484,0x27c282e5e0a448c0ee19f1fb300593697632dceabbe7dc3a21eb81703e8c7ae5,TOU,14.623,2026-01-27T21:04:47.099366Z,2026-01-27T21:44:47.099366Z,,
synth-0248,,0x8bf23317770046f6e16790e3d13d73787619cf20267225ee5ac29a96afdf0c9b,0x1c9004def3cad78f2a99ddd896845fe7cca5bc81493cba759d387e69ae98c0f1,TOU,5.774,2026-01-26T22:30:09.034827Z,2026-01-26T23:00:09.034827Z,,
synth-0249,,0x9d494cec61c6d917c7f696f79592629d1ca72acbe8ae8f51285700897263e666,0x71c1d7e5b0d1496c2d0b51cfc534537aac4c1788464e96bbe736d565232d3e8c,TOU,8.953,2026-01-27T04:25:43.706260Z,2026-01-27T05:40:43.706260Z,,
synth-0250,,0xb6657a8971b4028a82a63c5af7e444842cf3dcc62c203b6d40ef050679dce247,0x46b0677ada625f2ea4d97ad262c7fdacaccc6c3d7e9ecdd77c442eaa1bf7b9a2,TOU,7.699,2026-01-27T20:21:04.166677Z,2026-01-27T20:41:04.166677Z,,
synth-0251,,0x37b0064137912bc548157cd998f1e4ee99857004e8e41dfea8b3cc22571ab764,0xe6afe0430d198e9dcb0605a4e7e680b18be61fc91c50f322d9b04cf9b67074d9,TOU,3.366,2026-01-27T07:15:01.163058Z,2026-01-27T07:35:01.163058Z,,
synth-0252,,0xe0ceb99569ab3733ee5fff3cca4d54f0aa908c3d6883d8dcc1a274f440149194,0x0bcdfb61b1c8bcc6b03a3444779ad1318b55cbaa5ab1ab411b571d38e52849ae,TOU,11.409,2026-01-27T16:41:18.377353Z,2026-01-27T17:11:18.377353Z,,
synth-0253,,0x55698b6baece9f64c12f6e523921e3a2da7a12deeb0dba688f1129db98060e83,0xd260ca5b6fad0572feae06814058bf5a9081bc4f33c365dfbed5c89ce7352f3d,TOU,11.072,2026-01-27T15:36:06.232988Z,2026-01-27T16:06:06.232988Z,,
synth-0254,,0x53aea5455e1564eaa03060c6e0c4a4d05eb97b7d18700b6033489af4099f838e,0x2a9657771be163ac33d485332b423472862141b7c9556934fdcfb59857437836,TOU,5.736,2026-01-27T03:38:10.640433Z,2026-01-27T04:08:10.640433Z,,
synth-0255,,0xb080f4d37de787585b82fb349e478c39ffa17c91d283bc2cb37d035ac80db9a0,0xd4b335b65adf7ffc50fa5e7971e4c51de5faaef7d6a58b887b24ced9335299db,TOU,7.771,2026-01-27T08:25:28.620171Z,2026-01-27T08:45:28.620171Z,,
synth-0256,,0x0a5d8f390d6721f5c30a84f0353eeaa13fbefe4c644a6f243f8faa0fe892ab73,0x3175028f8fac4fafe54453218c2871c41b8e6a2bddc1febf14fe06e8b545b686,TOU,7.334,2026-01-27T14:31:08.314178Z,2026-01-27T14:51:08.314178Z,,
synth-0257,,0xa816662a8aebd5572baee46670050e331a63a8d98d97422bda1f505b93e5dcbe,0x6f255a8f04570caf31b04a9d8542cfd9a310424f7543c69376ea747744caf6bf,TOU,3.76,2026-01-27T15:36:19.621487Z,2026-01-27T16:06:19.621487Z,,
synth-0258,,0xeb08998e18efc14e6bbb979d6f891c43af5f9da421bffbeeb859aeacf67cb960,0x146eb433ce94da21ed60ba3c04fd30860b0a71ef5e1131876eaf4ae8ffe31b79,TOU,6.983,2026-01-27T19:49:07.544702Z,2026-01-27T20:49:07.544702Z,,
synth-0259,,0xfd9673834e32c22ff5cf579bf305b21e96598ddb362125f72e58160886454ec3,0x7e598b605ad635de0ea85ba8f9cb1757fd2b74c9c4fec21be87b4ef0c97a41fc,TOU,4.779,2026-01-27T07:13:37.747294Z,2026-01-27T07:53:37.747294Z,,
synth-0260,,0x157750b4441fb6ee6a358a05996fafe4a857383a8fff9fcb9b6da4f11c2429f9,0x02f70444205831033e4d59b298e140eaf931be5b980676e035bdbcef68bb83c4,TOU,10.725,2026-01-26T23:41:59.793762Z,2026-01-27T00:41:59.793762Z,,
synth-0261,,0xfd6dedf61290eafbbeda45d05d9823c142a47f10ef8344addeaf4a17e47c4723,0xfa09d7e9a34cd1f0eec11b70b1d97cc59e46d4d2f1b6362eff6f490a58dbc7a9,TOU,7.232,2026-01-26T22:29:14.362996Z,2026-01-26T22:49:14.362996Z,,
synth-0262,,0x05450815c9aeaf3840c895e47ed54c0b1f0afe79cd382abb7e168b92d1d47b33,0xe3c54e402f019e72ccf25fbb18011d87f6e9fe6a416777e476a178edb7bc20c2,TOU,11.648,2026-01-27T06:43:34.064619Z,2026-01-27T07:43:34.064619Z,,
synth-0263,,0x1576bdccd1c24c98275755dcc77899e3979af9763444f73659475c4cf0ac2799,0xe5be1b5fac28900c6811f287f5631bcace16a5a3232447cf3b9c3613a6897f25,TOU,8.941,2026-01-27T16:46:15.541141Z,2026-01-27T18:01:15.541141Z,,
synth-0264,,0x08f70ed47c8077192eae2174f9b633b98e719e65bfbacef45b52b17f383ba0ad,0x16ab715f1eec1ab894cef54b5d1dd68d56161da6b550181763aaa54aa8312120,TOU,13.851,2026-01-27T14:55:27.646940Z,2026-01-27T15:35:27.646940Z,,
synth-0265,,0x581ec1f4d99de9d510679303f0c38ed0fdca5739e84bee539f6a346785f5157d,0x5c2de9f4ec8a495f50fe01239218b53905669a8cc9a96d9713123e88d748b222,TOU,9.223,2026-01-27T09:22:27.368778Z,2026-01-27T10:37:27.368778Z,,
synth-0266,,0x1aaed9efe4b8df394dc403a5a48836fe28793089b5bf662a72d8a98598748986,0x09973957a4606c9e243d9b66876d4f6695b97e9d4aae0d4a2d6d59dde83df3ec,TOU,8.318,2026-01-27T00:11:47.649529Z,2026-01-27T01:26:47.649529Z,,
synth-0267,,0x209340a894c9fda87c5b4169e46f9b4b872c52913fc8813ebbbb6b0b9fa78308,0xedd3699ab8e6ce938b5f65bf39473469c9fb9324444513e196da67b76572e879,TOU,4.748,2026-01-27T17:04:46.060662Z,2026-01-27T17:44:46.060662Z,,
synth-0268,,0x79f78353bfb3a962dca6020a259bdaf4bcda02091e02532f7749ca9a59667fab,0x23eeb60b9e0e9b38c53c4ef1b6e9e6ea466be6231571656421ba7fdf7cc8e0a3,TOU,7.438,2026-01-27T11:17:27.859873Z,2026-01-27T12:17:27.859873Z,,
synth-0269,,0x6444e3d5eef534a5997139404069d101d5abaa509cd2b792781b2aa5e8dbc8c4,0xa7927a9b767dabee2ed0ffcf120f179927e61aa626ea232bcc0ba51dc7da5976,TOU,11.289,2026-01-26T22:41:58.835972Z,2026-01-26T23:41:58.835972Z,,
synth-0270,,0xb187d5ee267080e79ff72d337982b3e7de509c3082ab0d4ee27e73a35c8dca01,0x4103dde35b57fea234751d4a4f375557b9c36dd803727fdf78eb93b257cc4a8d,TOU,10.345,2026-01-27T04:21:11.921923Z,2026-01-27T04:51:11.921923Z,,
synth-0271,,0x080b38df6b66ea709071fd9a3adaeb5bbe80243769a65c142a13de101a9f4d40,0x9cd8bc7d1f30f4159dd02193a62673e0aabc718b74cbbfb1b721bb0e00bd2118,TOU,11.29,2026-01-27T05:47:20.428383Z,2026-01-27T06:17:20.428383Z,,
synth-0272,,0x8a696ead7a67131e9bd7e207f72dc52d849b43575e6b193e30294d2580eba6fe,0xb324ffb64d401558ade9c08958e1f187e33c62df8f5125aaddeb5533f5d4aa27,TOU,13.887,2026-01-27T08:32:19.886359Z,2026-01-27T09:47:19.886359Z,,
synth-0273,,0x742bccf71e0fc4d5678d7764a6ded4bc1db94dc7e50dfa6f795099f964be7879,0x3f1089ba5342f331eb305e8872e4b08dc659a23aa3159fcc8cfd001e90fe09dc,TOU,2.305,2026-01-27T03:42:03.236514Z,2026-01-27T04:02:03.236514Z,,
synth-0274,,0xf32359cbf045bd443de07fdbf0baf171ce060522efbbf621b324dd3bd1dc6076,0xf254975f6de69f1e13f16e2726a99be2dea9928c87746bb1d7bc035df03c321d,TOU,21.571,2026-01-27T17:18:09.689250Z,2026-01-27T18:18:09.689250Z,,
synth-0275,,0xd11fa785e467b771181656ce01b437f0590838fd48eb7523a2fc799789edb856,0xea8c3f8d00af80bd26fa05fe4fe8ec161a182c0cf11c24e0e3cffda6e8705fbb,TOU,9.04,2026-01-27T18:08:18.488297Z,2026-01-27T19:23:18.488297Z,,
synth-0276,,0xddeb23be8689ea68cfb5e4a0bbb7a39c0eeaee2c99098dd50dc9eb77378b12e1,0xea41689422df8becd898ab9942e38aae8d3a69b9813ba36dbafa7b6c6a03c6d0,TOU,7.226,2026-01-27T13:16:42.196153Z,2026-01-27T14:16:42.196153Z,,
synth-0277,,0xd4cd2a7a31cff673e2d4a6decd5949b9addb49ee5bcf7bd28883631b62171556,0x6b6ec81a58689fe5802d19e0d2d86f3186f97b5a8c69bdf6cd5a87a5c3023b5c,TOU,13.434,2026-01-26T22:43:11.350805Z,2026-01-26T23:58:11.350805Z,,
synth-0278,,0x4bac853896141438589d08aa720197f40d1ee3d4ba094a31e5beb8c4c5ccc26e,0xa688f49b36ea1bfdf2d8e7f869a0c90ce41a7e20a9349d9a9612b1078dc769a7,TOU,4.918,2026-01-27T19:29:50.293733Z,2026-01-27T20:09:50.293733Z,,
synth-0279,,0x3322e97d08fdfe3b840295228766262fe5289f6581bae976ed397c77960adc72,0xfaa3bb00bea6bc7e0a309a741e5fdf30793af918c9a9626e5233db2121f0f81a,TOU,10.946,2026-01-27T11:22:36.521301Z,2026-01-27T12:22:36.521301Z,,
synth-0280,,0x68514bf93708ac70772f1111bd102d8ed1ca54b1d267cca80db7541239403e1f,0xe836dc301602ccdcdb2ab64c75c37f8f925bb66a0b62efb513e50ffac84e6bb6,TOU,14.411,2026-01-27T16:02:30.276208Z,2026-01-27T16:42:30.276208Z,,
synth-0281,,0xa581091271bbac5bd67c8973ae647767c22afa21332deec98fd43b1715d9ebf8,0x43422a76ce28d6c5c8d707106f12b9317d4cb45125a975d2661e8c1a603eb2e8,TOU,7.003,2026-01-27T19:29:48.389395Z,2026-01-27T20:09:48.389395Z,,
synth-0282,,0x63ddfcbb305982f007290aa3316f889c138d3c467f38acd01e4357bcd0a300a1,0x6c6b92dc7c0498911551e1d24f101f34a4d02a11e0a3c22f74e3bcddd7674200,TOU,10.565,2026-01-27T00:39:36.565841Z,2026-01-27T01:39:36.565841Z,,
synth-0283,,0x5c1d0bd69f6245054cb9274500dc5a3b8dc1a23720b741910b202c36899397ab,0xf1a3f987fc8be8101b084541ef2c048c702c9fc8911415da80fd9d524bb979fc,TOU,7.112,2026-01-27T21:25:59.141006Z,2026-01-27T21:45:59.141006Z,,
synth-0284,,0xd735185b6314307afafbe24227333639f15d5a64a6eb9053585bf5b73a1b13d1,0x387c1faa15327c07a765a4ebdb4b5b799cfad077a708b98c50bceda36f384b37,TOU,10.962,2026-01-27T11:47:58.892224Z,2026-01-27T12:17:58.892224Z,,
synth-0285,,0xc9b3817b1a03edc6118d7a1cbfa37146007962daaf8d72a9771c848b105dd129,0x4a707490ff380658eb3d7fb5d3a41b2eaca1195532dc855d565dae2c55b927c0,TOU,6.926,2026-01-27T06:32:01.905583Z,2026-01-27T07:32:01.905583Z,,
synth-0286,,0x6d520091c8c8f214327e83bfdb0e873b10908824a89cfbb516a26bace3547145,0x55b1234004642e7475e81c2b57e4a3d893f3797f2fca3f289e6cbf6621e04364,TOU,3.89,2026-01-27T05:23:18.781620Z,2026-01-27T05:43:18.781620Z,,
synth-0287,,0xc1d3a7f125429b66314ede2ee8fbc4315f2b20643a3a48daf20893f518a7a47f,0xb0200d0dde0e2df742200d759484fc3a06f21b32d9fbfdcb203c300bac9cab6b,TOU,3.675,2026-01-27T12:15:04.093890Z,2026-01-27T12:35:04.093890Z,,
synth-0288,,0x0488b4d365e715a67a632d265a4d1c154b9bd28bc795af5ba03b031752fe79b0,0xd7b240a8c3e7fb9ebc3b643358876bd704f475aaceb6719b9728d662b48d65d4,TOU,7.208,2026-01-27T17:44:09.070336Z,2026-01-27T18:24:09.070336Z,,
synth-0289,,0xd8d86084683e0ac80894add59eb3a4bc44641bd48a6a683a673d28b345620c55,0x59507b85ef6c37afdd4e182eb961dabe3d214fca5d5597246a6d5492461ef354,TOU,7.46,2026-01-27T00:10:34.555654Z,2026-01-27T01:10:34.555654Z,,
synth-0290,,0xa0318c5830a33704e11e8ccc7cc2ce5dee39105090a28cee4b80738b381e6d8b,0x3c91b5b0ca371448d80d3bac713f47eda770e7a2e5c6b4977df649e005c240c4,TOU,13.9,2026-01-27T17:28:24.078519Z,2026-01-27T18:43:24.078519Z,,
synth-0291,,0xff6d495809a8acf138a7a5d07342ddf41a32087bd9e5d2c984c941f4b606fd73,0x053a130baf350da467a252ba757e1d4f32ec3e04c2ec8c1a2f031ed9694881e6,TOU,10.768,2026-01-27T20:25:09.109619Z,2026-01-27T20:55:09.109619Z,,
synth-0292,,0xb9255839c52a5698243cad7eff2edbf83074efa2e17a26cbf34f5c11b6f811a8,0xa71d33022f95c00fd054e495ab7c8dada4d22813941c8fe49f65eefbed60d77e,TOU,4.718,2026-01-27T04:54:33.474645Z,2026-01-27T05:34:33.474645Z,,
synth-0293,,0x856bdc1a363ea8d7110b5c46c7d69f941a3d3b3a513ecdc47c31c85587c4e14d,0xfbc4788a29ec4117ff2142736182a2da9bf2c10c40943c208d6b57753b00182e,TOU,27.132,2026-01-27T02:50:23.279982Z,2026-01-27T04:05:23.279982Z,,
synth-0294,,0x00e4363c8454fef0ab77b84e359f747114c071b98cd246cd9364c9f66abfaa4c,0x6c29ba115181f185e002ef1d5d2eac6cfb5d2b06a29a3b22f65c72aeb10b60cf,TOU,11.71,2026-01-27T15:16:24.908153Z,2026-01-27T15:46:24.908153Z,,
synth-0295,,0xda775515df519831b1bb4021671b6063cb125173b63503a9f90dbfe5e7bf7887,0x20fc6b96a8585956a1aee904f1d17628919e9be04be560d370c75200c58d911d,TOU,3.662,2026-01-27T00:51:29.402261Z,2026-01-27T01:21:29.402261Z,,
synth-0296,,0x307dc79360ba20c546a3553465d5117add968d19a38db0d217ee4dcce15b03f6,0xd14063a187a8502559966ee0a4a3c77fc115f9b40bd114a8626649a456215014,TOU,26.888,2026-01-27T09:03:06.305930Z,2026-01-27T10:18:06.305930Z,,
synth-0297,,0x2d05e7a1dac4682ab4b7e1a30d58f5746c394aa5f87dcc876c0a615c50c5926e,0x264c64eb2dc8dae5fc4ca3e62241097cb9f7a1e07cbcad54a921487d07299796,TOU,7.505,2026-01-26T22:10:56.606555Z,2026-01-26T22:50:56.606555Z,,
synth-0298,,0x14d451704af3d49c1f34067da4e13a491826a6d7f92ed1e7ea2bb30b1293a97a,0xa4d17cd10bfc0c15d64524de80e89722f6c24460cdcb951d7bc7d2512c6ae887,TOU,4.967,2026-01-27T19:28:55.219122Z,2026-01-27T20:08:55.219122Z,,
synth-0299,,0xf3471191a765bb82d13ca30647f174364328b044ec0540058a664695de528378,0xff2e18de6381c4c8130817d9ec12c7e70f19ceb2265463a81fd8df9d29291866,TOU,4.946,2026-01-27T11:53:47.321006Z,2026-01-27T12:33:47.321006Z,,
synth-0300,,0x2d452dfa826ddee1a532e83661eca5d0e563175f8b39af7e4893212905ffe489,0xda40b373321976708a25876aec342c2f81cfcf21a76b5bae70630c38ff5beb88,TOU,4.67,2026-01-27T12:06:45.025716Z,2026-01-27T12:46:45.025716Z,,
synth-0301,,0xed89fbedfbbba782dd2a14c826cd0ce7871beab12676a30e1c056f1169460d7d,0xd092ea9afb71738df7153da58b635f99eec46eaf9cbee700deab068064324585,TOU,7.793,2026-01-27T10:41:58.443957Z,2026-01-27T11:21:58.443957Z,,
synth-0302,,0x74c63e1d388e1f565dff450f2270145db7253b841437f95df63151411455f314,0xb2276a3107a9380736f99dbe3bf999e374b374d541c859d201d5a12b7bc0a26c,TOU,21.511,2026-01-27T16:35:13.082814Z,2026-01-27T17:35:13.082814Z,,
synth-0303,,0x1c909d3f5ebf1a51a8c854dee71ce24853f263a0fca84e619d6c32332f87fe2a,0x2aad0d4bda936f3edb857901725707747847078ff5211e484d52c3295589403b,TOU,10.75,2026-01-27T06:29:48.143865Z,2026-01-27T06:59:48.143865Z,,
synth-0304,,0x3d76316d9920326f4e1d37d39927f8a66134a08bdc3fbb389827e0664f4cfc1e,0x1ed76878612747d24fe6166131b321dd6f9f6cdd27b919cff9043a6711998f5d,TOU,13.462,2026-01-27T01:26:06.500869Z,2026-01-27T02:41:06.500869Z,,
synth-0305,,0x5b414797947d7d9268a17b64ca430c41035ef0f421082c3e70c51ba5fe703bcf,0x25d7baca95651cb3d52898ed4ee5638ebf67ee7f892e10a4f54b966c93282db1,TOU,9.197,2026-01-27T18:22:35.087043Z,2026-01-27T19:37:35.087043Z,,
synth-0306,,0xdfee72f9a44f0340d9bf71da4c9415119ae4956f6cd0e1d13ba75959dd3fb751,0xb706392f924bb93a9eb5f3a132b6f7bd1024e36a60fa1155166fa9a675ee32c8,TOU,4.867,2026-01-26T23:02:28.593640Z,2026-01-26T23:42:28.593640Z,,
synth-0307,,0xca2e4f5c2177b3a34f7e171860be250d7bb13315b16c2ad49b122b98c586dbe6,0xa286d6481e24f66035e5e370876ac090942acdb52c8b67e6205f2a9b4fe1222b,TOU,4.66,2026-01-26T23:10:05.778360Z,2026-01-26T23:50:05.778360Z,,
synth-0308,,0x846aad1ab8cdde84f7d60f9f9280700eaf53ca50d7d9d823c3d3593c7f84ccaf,0x09eb4c8271d5caf86d2f0a855b7bb253c037a017d741c4b644bbbe07028f129d,TOU,13.939,2026-01-27T07:05:15.124499Z,2026-01-27T08:20:15.124499Z,,
synth-0309,,0x613adf810c5aa45d44c7b00d8ce93a9f66b9982ff55d5dfe20427479c9ef206f,0x77f4c14445164754b29e5d263e9d985529d6d3efe260fa2a6f5d2706621c6377,TOU,22.277,2026-01-27T12:55:48.312146Z,2026-01-27T13:55:48.312146Z,,
synth-0310,,0x19e8a2d46717552dd23edd39bd520ebcf254d41b2f65959793cbc28c36fa4d70,0xc3bf542a2f7da269d5ce5e519a697882a214aaede2db29103d0d3c5e38f3bbba,TOU,2.371,2026-01-27T13:13:41.687579Z,2026-01-27T13:33:41.687579Z,,
synth-0311,,0x5ee57d94dc1d714ec4cacf17538794757ad822a3002ac2b7ab144d926eb5bb83,0xda103717b91dd472090493a2385eb04af91901007f36fcad208e68747a6bb0aa,TOU,10.669,2026-01-27T16:25:05.962966Z,2026-01-27T17:25:05.962966Z,,
synth-0312,,0xc3518aec720d6c790f55130a2afc68343bbb5d6fc0502b516d12c2afdedfa2c4,0x28aba068aa97da6cef5ea199a3e66b3b2212f6c02a0bb0f24cfe711faeea6561,TOU,13.899,2026-01-27T11:48:19.888446Z,2026-01-27T13:03:19.888446Z,,
synth-0313,,0x067e4dd9c81422c27104d232ce6997a25e7af7832819b5f591e40e68fc3e9f1a,0xe1ad2f7d6e54d848c801cffaf040040937d77b78fc55ead488d4f50bb3c7d230,TOU,2.457,2026-01-27T02:39:46.262216Z,2026-01-27T02:59:46.262216Z,,
synth-0314,,0x5073b3c56dbe31bb8a3df2f11704cc5ac40e5466832368511ed366a12a60d8a3,0x5c8c3312642640b44d305fb3a440b02532a62c0a4a07f4489641106e1a216414,TOU,21.009,2026-01-27T08:45:17.725481Z,2026-01-27T09:45:17.725481Z,,
synth-0315,,0x71f3d5ad51e9178fb71f129ab9a1637054b10d808bbe70b9602acfc3c47fc544,0x13f1f9ae78c94d19c89ca413f4d3dcc8206d3a463cee04f82db7b1efe98cf543,TOU,5.053,2026-01-27T19:56:46.527449Z,2026-01-27T20:36:46.527449Z,,
synth-0316,,0x125e6ed91108376520f1a863068d3b79e150329d1a59ef4b7bc624165412a8cd,0xddef4c6d92f7be64746bc9a96138e78c748e779df362cc7e670dde7e51e889a2,TOU,14.566,2026-01-27T02:11:39.643913Z,2026-01-27T02:51:39.643913Z,,
synth-0317,,0x63bbc9352cff900fe53be009c09c94351a16fdb528e90e64a09ea05f457eda41,0x286cbab3e560ee226f5f74b050e7d6dbb6c861ea874bfc281180b4bbbf89648b,TOU,27.26,2026-01-27T17:35:40.903607Z,2026-01-27T18:50:40.903607Z,,
synth-0318,,0xb6950f0e0c1c5ed737e0c32b44188e8901f283e6fae358197a3622af72a36855,0x9f0a457af39b076ad19054ddc8ff3dcf52ee819b00ee53d2f557696764c7c6bd,TOU,5.025,2026-01-27T10:24:50.472642Z,2026-01-27T10:54:50.472642Z,,
synth-0319,,0x9f478bd179a9d0b3cf368cbddfb35fc8eeeadb949c6783d68498fa9c8173dbfe,0xc2846bba94031fb5b8cb0fa969c437cde42c7e2bd55ab416bc03e61898ee9258,TOU,9.359,2026-01-27T07:11:28.047558Z,2026-01-27T08:26:28.047558Z,,
synth-0320,,0xf31cc2f65add6a3acc4d4dba793e26d894b6ed28c2ffeaf6cce8f61500039034,0x11766b78e861216d812980bb129e2fdfeada199cfe04fad7de00b22a20111e6b,TOU,5.568,2026-01-27T04:44:14.495584Z,2026-01-27T05:14:14.495584Z,,
synth-0321,,0x4a160830cfcb4d39116910ad33525dcf3a60309f11ebbdd2e062f232eb781b00,0xa2c420a7048fd7ca18ce9a88e9494f23769877a8002fa1dc01937f425a5222da,TOU,3.707,2026-01-27T15:42:56.282622Z,2026-01-27T16:12:56.282622Z,,
synth-0322,,0x587c1129bb3b850e8fed52b96ed9b1db69e5d2ff8b0b08ecb70e61d2b711a856,0xe41b16765b52956a6c0031aa08f3c70fa1bc2ae0200efb767bc3412629126f78,TOU,14.285,2026-01-27T00:12:12.076520Z,2026-01-27T01:27:12.076520Z,,
synth-0323,,0x009f92574d6e9232fbfb4ba994f7625ef4d392344ba3da8b3b613020831a21b4,0xa6f779d063bb6cfd7a0eae62eaa5c20ed5e34e2b94e4a7e36ec064035e140bd4,TOU,10.487,2026-01-27T01:29:51.023096Z,2026-01-27T02:29:51.023096Z,,
synth-0324,,0x0d1413e7f825eae0b6ff4141b489f73b5393fd24821be588b7a3e8e670b63325,0x7ccb54c48c4fef62fc71ee849bcf98b97a907ecc51a9854715ecc41cbbf12d33,TOU,4.887,2026-01-26T22:56:52.402421Z,2026-01-26T23:36:52.402421Z,,
synth-0325,,0x2c3b80887ea24ae4de3c238366c547f771b657d5044dbe2cb1bf2cfa83504bdc,0x9decc9e90faada397ca7f2f07633892d3252d48d7ea8c2e745e1800bc095a589,TOU,7.361,2026-01-27T13:03:24.854932Z,2026-01-27T13:43:24.854932Z,,
synth-0326,,0xdaecd73aee930162c696435646885edac95b31214a1a073e87ada054d2379d08,0x58171957add4018559bc83295328007b1d22da439b8bb4300a2789a877f96438,TOU,7.461,2026-01-27T05:40:26.379563Z,2026-01-27T06:00:26.379563Z,,
synth-0327,,0x4aa769ef4dd73e846dc57e8f560d7f8e1e7e662ee2fd5c07972dcf7777a0c893,0x1f90c6a55d2859a8472c7edfb63ca3ee5b38fa446b2af0cd6a94bc61f362df1a,TOU,6.895,2026-01-27T02:01:54.219151Z,2026-01-27T02:21:54.219151Z,,
synth-0328,,0xec9cbf31fcc38d1fe8b3566f0aa8740dc577590be42063679363f6ded8909246,0x612555046c4e2f6e11c1338fedda719a514d282e67c80f5363a9b224fd10c8f1,TOU,3.841,2026-01-27T20:57:25.397374Z,2026-01-27T21:17:25.397374Z,,
synth-0329,,0x583aa565c22c1a28bec238e51de1667588d56c775db890e00769f3ddc5370534,0x3d2c21651364382352f12d72d34017e3ef5692759dbf2f18353026733bf4da8a,TOU,2.528,2026-01-26T23:39:15.932991Z,2026-01-26T23:59:15.932991Z,,
synth-0330,,0xb76ab09860d797fb0d18cdcb373b571db3ca96e81dc4e2895e6a6952c328aaf3,0x6c77f448fa440749c13c418bcd0da514f663003e12b21446a63c0e40cbc3a12c,TOU,10.648,2026-01-27T04:19:40.228849Z,2026-01-27T05:19:40.228849Z,,
synth-0331,,0xe492b3586b35dde3f10dcb293a4c6e78a878041a692083ef84a6689cde69ffc3,0x1baeebf8584fb2780a14374b83a793c568ebf90fe0cc2223a69d8bfdf1ed258d,TOU,10.766,2026-01-26T22:03:33.320360Z,2026-01-26T23:03:33.320360Z,,
synth-0332,,0x46a7d854d32d497e89c8f4ab024f9b004bdfb77d296e5ee304abfeed78ce1413,0x186b0c5f109b71018b620e353da8ad60e076652d638c024354747ef84da2eed9,TOU,22.189,2026-01-27T08:26:43.138441Z,2026-01-27T09:26:43.138441Z,,
synth-0333,,0x75bf7213aef071bb82a43932b03ef7f373026555d1492509733b82c85a12c029,0xd5b8c43c360555fe35801a8c273b9da7dd901944732d657a8ffe1668fb326f3d,TOU,7.222,2026-01-27T07:44:54.019466Z,2026-01-27T08:24:54.019466Z,,
synth-0334,,0xa79681a0c3e432126d2e0d0c460a697a950bd0910792e8f4d43e8a275198e907,0x2acadcf12c532d8e58244e36cb6bde464e820ee9709203d5084d85974d8885bd,TOU,7.272,2026-01-27T07:27:33.775333Z,2026-01-27T07:47:33.775333Z,,
synth-0335,,0x1944684bfefac390ab65b91bec79816fe7d263fafca020be8403f2ce80e96043,0xd5e11da481bc930f469f7da0369571a828e5ad86dbad55d07d2e8d7a4e712c48,TOU,11.175,2026-01-27T13:14:37.756471Z,2026-01-27T13:44:37.756471Z,,
synth-0336,,0x0f9d16db003362c98535d8d493324d386d5ac01ce3ce6ef5e76a3430e5307504,0xb1c0ae202af1299fbb334d429c5fe22a90be6a5cc38aae3928bc135e519b2ff5,TOU,13.813,2026-01-27T07:40:59.090190Z,2026-01-27T08:55:59.090190Z,,
synth-0337,,0x837b4e45f381ad896702d37cdaebc1c3dd3940fd9149b59b5059bcf7f2d0e026,0x501705458fa9a2f56550f684f134d8ce1a67fe1b59fc210276b3042e7cbf4d9b,TOU,6.928,2026-01-27T20:39:48.292430Z,2026-01-27T21:39:48.292430Z,,
synth-0338,,0x2ea6133a803ad533f0a13b1ff77b52abe292e5cb0fb164f3646b4cc83ad45f72,0x69fd518ae64f02b991947bf22c9a7a0af80446a3d979c8d48fee69279112b77e,TOU,6.946,2026-01-27T01:42:16.792321Z,2026-01-27T02:22:16.792321Z,,
synth-0339,,0x2e463257bceaa621b53682e3494a709e4068e9fab9e923ac7558baec5fc521ab,0x9522c14db5e881211ae1130151f46068336ce368484e67080d337cb831afde76,TOU,28.374,2026-01-27T01:19:29.126400Z,2026-01-27T02:34:29.126400Z,,
synth-0340,,0xf79e85ceca0a9da4b3b61834677a4bff9cb8292d27be05584b7ce7e96087a094,0x51d9e4d87b9d6dd7a73b1f458e9274211b00f9766a57b608cf0bbc3cd3de5c1b,TOU,10.418,2026-01-27T12:14:24.451315Z,2026-01-27T12:44:24.451315Z,,
synth-0341,,0xf28566802017b9c80c5d8b694cb3d46bc2b2b3ccebec3e911416172da1589e58,0x4297658408dcd4fbc4d0225411d55cbda8e52679727d143543c61c436af013df,TOU,27.868,2026-01-27T12:08:28.979096Z,2026-01-27T13:23:28.979096Z,,
synth-0342,,0xc6ba929fabb605771b8a6fccf7f30cd14c069410ef1eab2b3772cda4849635cc,0x71add21b2a6f5cfeefdc2bea529662103feba7542f04a82eabba367d5b926f47,TOU,7.789,2026-01-27T08:44:51.919450Z,2026-01-27T09:24:51.919450Z,,
synth-0343,,0x837e8d81488aae3d12b7dcf34ea59b81b4591c3d6fac3897babfffcf631d960f,0x93513e2ac0b1aea578d357f4e0ce324d1937efec2d4390a1598d035d47d98aeb,TOU,7.585,2026-01-27T13:35:40.187716Z,2026-01-27T14:15:40.187716Z,,
synth-0344,,0x87835a673593a71d71ea9ff249e79eb56e1815fa17fba2e10447f52e95870564,0xdc9c5a16f6dedeac38d628709fd77ba730931a1936c84eb34a27de4cd618e95e,TOU,3.51,2026-01-27T09:27:15.306801Z,2026-01-27T09:57:15.306801Z,,
synth-0345,,0x2021fc6f4f83c8d09ca9a70172fe86ae5049276d94d52e6a73ba1202b7f3be12,0x6faeed9648ce8397ebab42a363b6292e6718aa048179c3416bebaaf11d616db8,TOU,7.367,2026-01-27T12:50:29.003218Z,2026-01-27T13:30:29.003218Z,,
synth-0346,,0xf3c63508325b14a8a3dd8bc062f3001b849efc8deac856407cb0d83195ace896,0x779048c6c60f7497dc903377a0cec7b8a3bc42939415a8e670d3acc1714c854f,TOU,22.026,2026-01-27T09:16:58.700040Z,2026-01-27T10:16:58.700040Z,,
synth-0347,,0x4729dfa40ebf9ff4cfcdb869574682628ad71fcaff05191f68c1c262f87c73a1,0xd4c687b1826bce3033976549553d478ccae52366e18d4a1a280e438bc4a64ab6,TOU,3.594,2026-01-27T08:38:17.518742Z,2026-01-27T09:08:17.518742Z,,
synth-0348,,0xc70ef8b441a80a888e3af4a37b98479aa272fee785d157c63871d55db6793b19,0x870351fbc5e4297a1a581fcfd1569eacb6a3d11cb248c763dfb563b3e5ac22e7,TOU,9.11,2026-01-27T09:53:13.600917Z,2026-01-27T11:08:13.600917Z,,
synth-0349,,0xd99f8e5ff44e716dd28eb4799b931e7cce04260d5b43a3c13d529b8d3bb305e5,0xc73d999700c2c7c371ed667cdbc60edf41884619339937a00d2893e15851fd10,TOU,7.697,2026-01-27T12:31:38.838007Z,2026-01-27T13:11:38.838007Z,,
synth-0350,,0x9bab16f16662c26f7ee6d3d1ce0c4f0d453320f4e025ebfd31a0d88030f75a44,0x7bb9c11484f1eb0f7ccb26c10c90d4f05c6905fa21a85842999044fab349886a,TOU,7.832,2026-01-27T05:03:28.138908Z,2026-01-27T05:23:28.138908Z,,
synth-0351,,0xf9512f2d84310099e9321343d13acf36fad27de6ac47336750debb58d7031089,0xedda0116fe1a5553bb42ac4b2757116f62f853c03bb733dfe620cbc105aa7c65,TOU,5.273,2026-01-27T14:47:11.418364Z,2026-01-27T15:17:11.418364Z,,
synth-0352,,0xc023b9d9e8c31f70b22d0d865228fd618998f322aafddcc9bb766cfe99fb8350,0x62514398b1d4cbb7641c77e0845f9c76274f7fdcfd17eb586d053cfd0f654d76,TOU,10.92,2026-01-27T11:44:58.209082Z,2026-01-27T12:44:58.209082Z,,
synth-0353,,0xfeeea5de1ddf60361b73b39b0944fdd30808746dbff8a8e0442d5c91319edd2d,0x545e3749aa34e587c0947aecf4be82dd373ebc52788d73c55a002d830eafa5d2,TOU,2.369,2026-01-27T15:03:48.828019Z,2026-01-27T15:23:48.828019Z,,
synth-0354,,0x80c8b8f150cf14a4b2f5523e5481c41f64ad8ec97fb2ab53413c0a811aad519b,0xd1b6b4b9738b380915c10adfc26d14be35542f8f9b3eb2cdf38a8cbdb3b634b2,TOU,5.165,2026-01-27T10:32:29.589396Z,2026-01-27T11:02:29.589396Z,,
synth-0355,,0x64a156ba8765e3dea3add70ee495a9b54a86d26e4caf29703c7c51324eff586b,0x34cc4e14dba670b2d4566060b420c7dc05e6ba72f86a849182d636702169bd43,TOU,4.839,2026-01-27T12:52:42.750281Z,2026-01-27T13:32:42.750281Z,,
synth-0356,,0x10a8b9ef2542ee2284a0b475b8cb6ba69cd2e4ac15611a1ce6c60ef56b19cefa,0x43956913af43b04a24e3822b7fc82821a07c003d91d67b607dffc7bd83a0abcc,TOU,2.393,2026-01-27T02:07:04.582468Z,2026-01-27T02:27:04.582468Z,,
synth-0357,,0xf1d04cc577ad4392235ea3a7ac9882d2bf19aa1ff4f8b252c7042f05e821d0bd,0x16c698b0ac9055172511a6b75130aa5c394fac49784443f140de336d43b18494,TOU,21.944,2026-01-27T09:19:58.951769Z,2026-01-27T10:19:58.951769Z,,
synth-0358,,0x089df49473a0dd3d0efa60c4c32ce17e8208b4a1be07376ab27df2e3fcc2d643,0x9fdcf73b7e49410f43ed6a35354efa913871c26aa744edc7331d891d94bf5e1a,TOU,27.645,2026-01-26T22:33:03.232580Z,2026-01-26T23:48:03.232580Z,,
synth-0359,,0xedc0ca102ccc8bb069c7c3a5935ddfbb0edb28a0db6324cadd767277c7f1e11d,0x0225fe3a20e50af0f8ecba94cc0fc5dc79739e26a1eafa3694ed62e6e5d0cadc,TOU,15.495,2026-01-27T07:31:25.907312Z,2026-01-27T08:11:25.907312Z,,
synth-0360,,0x4c9610cfca4cdf1779360e91a7752deaa4e107c88ba9e1fcd1d06dc32ef94ddc,0x82b481ad8a48f9004d1df59e612eba73394201b9e65fea4119e2115ccecb1bdc,TOU,7.301,2026-01-27T21:29:50.310954Z,2026-01-27T22:29:50.310954Z,,
synth-0361,,0x14f900882051398c4759571dc26e6bdf2c2e9b9252269c6036c7160db5dfc02b,0x1f7a3f48717255e83af59182b04e9bc92e40e6d590fd46e88c537a0a2470f881,TOU,23.293,2026-01-27T05:47:46.043719Z,2026-01-27T06:47:46.043719Z,,
synth-0362,,0x8ec2b2dcba0937ab4519ab50ed7943ad40e350b647e714e2ece1710ff0b08446,0x851d5e3c85cf4f5fd795d0b872d1794701ee8530666914f2b47a0f82ddbea35f,TOU,20.555,2026-01-27T20:13:03.660919Z,2026-01-27T21:13:03.660919Z,,
synth-0363,,0x7c60fa46ab2809281b0461672c29d463d72f2a2728237b78c78bc05f18da6dc9,0xf1c04bc2aa0fb0cf4f8a04aeb94aaeb53f7145929643be7af7540c6478f55b79,TOU,26.081,2026-01-26T22:51:58.555435Z,2026-01-27T00:06:58.555435Z,,
synth-0364,,0x4bcb25e5b4ca4c61552af2b1862db3c4a3b96ba3d33ff8e9e9154fe74650fb39,0x628e07c2eb93fe74c58b7f552d3739d8816ce5365ad6647bd70c7be91d7c1264,TOU,5.104,2026-01-27T19:15:52.053673Z,2026-01-27T19:55:52.053673Z,,
synth-0365,,0x37fd9221de3da6214be192c74b886199949f7e6679dd3ad538725cc59619e125,0x405bfa85a6bd3019646305c8f89613f660abf1aa7badebc0ce5488c6f8e0c7cc,TOU,14.317,2026-01-27T13:20:32.136423Z,2026-01-27T14:00:32.136423Z,,
synth-0366,,0xfaf1eb14af15344622d807c25a7117925fe299302067e27b4b71fb10e78ee320,0x8e7d017b84dab3a2b7b2683fd65d040ba3881dd6a3c887e019f728caa23ed00e,TOU,13.99,2026-01-27T03:02:18.816669Z,2026-01-27T04:17:18.816669Z,,
synth-0367,,0x53bd142479a6ca59478138900b17dfab431060d7cc4e52ac008a3911456bf737,0x29c939b5a99f098bea8cd262d9d80d0a32a9fb07fe3cbbbe162dd5b994a32ca4,TOU,7.542,2026-01-27T14:05:21.671122Z,2026-01-27T15:05:21.671122Z,,
synth-0368,,0x8e345dc5640d52353321e0a698b1665212bc79ccef6d8910524df561f37710fc,0x94ae1438b524bd5c54f6bb314985b0fb9fe35f321623130bc1a134d094a8fd6c,TOU,2.563,2026-01-27T06:56:00.284731Z,2026-01-27T07:16:00.284731Z,,
synth-0369,,0x10de614e02c3298f530a195d57bf07ab4c212c0f88c9992c21856c9ddbedec58,0x9e2558ae14d12f3449b287f077243a62c324bc51110a0c94d1af560dc72992f5,TOU,21.267,2026-01-27T21:35:56.391443Z,2026-01-27T22:35:56.391443Z,,
synth-0370,,0x06dec043b5451037e82fa73cc42612ba72ccd93553db4332be9e1e6fd67f3826,0x27ebb3512fdda47be5830d9437d399c376ca9a437dc50f4d67fb210f98962818,TOU,26.736,2026-01-27T10:57:36.399737Z,2026-01-27T12:12:36.399737Z,,
synth-0371,,0xc8005734325f77f07fd8e58d1eb322f76e1d1585ef111424878dc4a87a1e7572,0x6fa86bbeaf08488503e38d097d648b3cdb67a3f16ef776115384b642d5e14009,TOU,6.995,2026-01-27T18:50:21.258570Z,2026-01-27T19:50:21.258570Z,,
synth-0372,,0x498c826d552202f5d40919a130223dc8810bd6e6f0153e2f250de7d0329fde94,0x01d5439ce1cba9f942661e7afd9b993968b623f2a0ae769d8eb44a86309c9858,TOU,5.264,2026-01-27T10:07:13.964055Z,2026-01-27T10:37:13.964055Z,,
synth-0373,,0x6571faf3c244a7aac1c96bc26429d4d4d8d2cb60d6fa3e8f264a60cc8f44042b,0xbc51e9d6fe73f326da24a4fc7d189b3d3e000619137b10e56f600cd9c5a863d6,TOU,11.119,2026-01-27T07:40:44.527283Z,2026-01-27T08:10:44.527283Z,,
synth-0374,,0x223a9511b5c3321ade17def2bdcc76ffb9c50a86a8593182507771b17669a9ec,0x5f05c14b9736c2af337967c485f2bb8415d469c9b70437daa2af084480862174,TOU,10.987,2026-01-26T22:49:39.826683Z,2026-01-26T23:19:39.826683Z,,
synth-0375,,0x1432094912c8522aee19502e0db3cf51c6329e0f914dc6ec3503f6207a6bcadc,0xc7b31cf92198ac075b40988f5367622cc12f479eb32ca4b03e8f48cdd109ee37,TOU,6.906,2026-01-27T01:29:49.571011Z,2026-01-27T02:29:49.571011Z,,
synth-0376,,0xadec822cfae54a68d57478ce4151717328319c843d30b56ba35a1c88a66e9fa4,0x1940ab21002fbd2e70c948f620ae93314ec6a59b814d5be993e7b071d9e354b5,TOU,7.221,2026-01-27T14:43:38.747478Z,2026-01-27T15:23:38.747478Z,,
synth-0377,,0x2a9f15097ab346118f66b88b5000960a51780e3af349371d150c771c566cdb64,0x14e58a50c70aaaeabee3e787f9afb4accb37f9290a8a5278b33c43de613a95f5,TOU,3.437,2026-01-27T21:35:48.330422Z,2026-01-27T22:05:48.330422Z,,
synth-0378,,0x5fb4c428ee54e1d53666269449b3bd7a81fac017533094d2965e2435eda9fa86,0x50b1aa936e6f28bff05a66d626cfbd31962e3dffec4fbe9e9dee4dce437852e1,TOU,5.555,2026-01-27T12:11:09.375208Z,2026-01-27T12:41:09.375208Z,,
synth-0379,,0x1c773e23f2a86aa466ee71e89da0a4d4077803d2be39d9a1d577e1424e6ee89b,0xee43f768bd27389f66b1a489420230a0ea04d852d8328baac654341b867cb391,TOU,13.89,2026-01-26T23:38:42.380002Z,2026-01-27T00:53:42.380002Z,,
synth-0380,,0x13e79102b2bde4be30c3926d3d018e840d7ed25a4b798c76e9a8077c798a1e91,0x4681b4fe4e2407284e66adb7f818ad7f0001fd541d21d6767ec5684eed0e5d60,TOU,4.74,2026-01-27T06:44:00.933293Z,2026-01-27T07:24:00.933293Z,,
synth-0381,,0xb836bf0275316872cb1d6ae053acdd76645fd93bcc464b6cd3452ab485153942,0x16fba56f2ab6201487c39ee9eeb0627eb124a042528f0bb9164789ea46d44fef,TOU,2.483,2026-01-27T03:42:27.099357Z,2026-01-27T04:02:27.099357Z,,
synth-0382,,0x4dcad659479174f75d7aae1cb2655cf75fc5af5aa799bec03836bda939ee13e6,0x7d5329c46f5b4d7224537a525750fcacc71f8fd79c758788a53bdf267c382b79,TOU,4.95,2026-01-27T03:38:39.456691Z,2026-01-27T04:18:39.456691Z,,
synth-0383,,0xebd13d1ec9bdcee60d6a20347a03ffd8e9463b7e414fda77321765867bef7c02,0xca05215ff1070e12da21c29b81f89f7dc0adb172aedc06ae220bacf04fd23606,TOU,3.537,2026-01-27T13:32:31.162362Z,2026-01-27T14:02:31.162362Z,,
synth-0384,,0xfd3f6f533ab9e845313128097d059d4afe909e0d5aa9a5a068a93d1a76d1604e,0x41d53d22c06008baace76232136f3ebee43ab5573962d587f10132e720a96c07,TOU,8.784,2026-01-27T20:24:28.261670Z,2026-01-27T21:39:28.261670Z,,
synth-0385,,0x246e1f81ce0f4d60f7c8621ccc775d58b431e9f31d6f0e084a80112870e8d46a,0xc175076cf0132bc1f5e6daac8a3db25f5a50f29b9cd2e9e5394992f9b01c6669,TOU,15.523,2026-01-27T14:23:03.549240Z,2026-01-27T15:03:03.549240Z,,
synth-0386,,0x9fa0f762ab5de822933aff2a8980dc9741bff445f834d2e9fa761bf6f1bcf6c4,0x645a06c519c0235bab864dcda6be28266779d5ba061e2ed521d24b3797f0ac87,TOU,21.555,2026-01-27T18:11:03.130596Z,2026-01-27T19:11:03.130596Z,,
synth-0387,,0x93f6667f3e0d9e7381c5a1a9cdfa5dc79fbb454838e2e1843bf7eda23a38f910,0xb614b8925d11fa3f0155583ce685e107307a5cdd5fca0919ce6d80517ffa7cb1,TOU,5.399,2026-01-27T17:42:14.387720Z,2026-01-27T18:12:14.387720Z,,
synth-0388,,0xe10c0c23c15a760b608df5c7f9bef6042deded1d98f8e93e1da0180f571ec437,0xaddea64f49369c3581c40fa9266afbfc1baa5b0f623f8781725621f56e70e82b,TOU,14.114,2026-01-27T05:20:53.365971Z,2026-01-27T06:35:53.365971Z,,
synth-0389,,0x12a85d6ff73c643aeae89790e64e8d4620e0f7ccfef3d57ca2d4054ea3534148,0x8028071c989ed218635a192b7cfb435fa81be3bdd8a1c2feffcaa32e857aef55,TOU,11.471,2026-01-26T22:56:22.833704Z,2026-01-26T23:56:22.833704Z,,
synth-0390,,0x644787ef0c7aad7e8ab98be4d1a9932ed3f98db85f18314cd0aed9bf7647111f,0xcc9b6e66f8e39ed1209ec132505a69f422201add92ae9b99b8fc4ba4a348f0dd,TOU,10.044,2026-01-27T08:58:23.546530Z,2026-01-27T09:28:23.546530Z,,
synth-0391,,0xfcf6073f5d4ce618d3ca884b96c2b12b9303fdb0df458c30f5998838fb0ed441,0xb38a04c92046a2cd208bd09d4b00319255ef2cd2bba00449385f355bea4733f0,TOU,2.51,2026-01-27T18:50:33.832828Z,2026-01-27T19:10:33.832828Z,,
synth-0392,,0x6f24eeb484343ccbb880a14e91a765bdf031d56050e6af9aa64d30630e89f593,0x02540c8b900a54b31d2fcfbf4cb125bc03a7d59d587a319ceabe39c7db05877c,TOU,7.169,2026-01-27T00:29:29.212917Z,2026-01-27T00:49:29.212917Z,,
synth-0393,,0x5a3878381078944118e712e825ff032cfc944d5dd6b053a39cc213b7cc45694e,0xdda4a5cb0cfa7d68f41f6ffe5cd993b69a45f7f7b4a5187f8046a01d3dc0f441,TOU,3.755,2026-01-27T21:33:10.636326Z,2026-01-27T22:03:10.636326Z,,
synth-0394,,0x82211decac74eee6c245f3c38ab118f76e46d957ad9bab3479d839386b1605d8,0xbc0db8ab2682b63eaeb77f10ff45b9520b1af02947c7c362ca17e882416a33d4,TOU,14.549,2026-01-27T01:40:22.393360Z,2026-01-27T02:20:22.393360Z,,
synth-0395,,0x879eac3fbf2d7be597c015fd503361e85a6edc02115f04a2d9b96b722b3fd4ba,0x0e7d39127d24551e8b1ee01b19fe1cd2197dfd0530ab6934c26d8aed09573db6,TOU,8.958,2026-01-27T13:46:46.847686Z,2026-01-27T15:01:46.847686Z,,
synth-0396,,0x72ff0557fac5db446b649971b5a942bb36a1b4fd3b2a57915804f900621c4242,0x502ec771c782a6b72f0cfd576f5f7351629f49cdc2e3e3e78adabd8f3104225b,TOU,11.086,2026-01-27T17:37:25.972412Z,2026-01-27T18:37:25.972412Z,,
synth-0397,,0x5647765c42f0b42b1e6dd7837344bf348ff24c907533fd5e63b1afded1a84f3b,0x16e6c58c7f49bf569c70ece9ad8f2cebb10bbc807985309b6032b87447cb04a2,TOU,11.283,2026-01-27T07:17:10.164356Z,2026-01-27T07:47:10.164356Z,,
synth-0398,,0x91a2c96d991c71739bfe6a0f2047814d0438485f8356e65349b1c10229541bb2,0x2c1e33b4f3991aa235631b235dbcf7384c1e006233a6abc3bc724a004619549d,TOU,14.952,2026-01-27T13:53:44.085824Z,2026-01-27T14:33:44.085824Z,,
synth-0399,,0xd3e604e2f59cbd42cde19ebdd5f99ec31befc27df31bce07479aa0032dba61c6,0x1dd5c75ff65b1923d898f795f653b8e2998d454b1cfd1f8d40c98be6fdbf8d5b,TOU,14.732,2026-01-27T14:32:02.720814Z,2026-01-27T15:12:02.720814Z,,
synth-0400,,0x0396da023cceb371855b92c4bc0e4b495f4984f326f188f53387bc82907fbbd2,0x2a127a6dce3461fd5717805ba4c568c7601667f66640e8d5c7b5e196cb05599b,TOU,22.137,2026-01-27T21:12:56.718403Z,2026-01-27T22:12:56.718403Z,,
synth-0401,,0x1edeeb4f588e68c8fc500f47e98bb3f98d0fe13937bab87f0347a034b198448e,0x4de8609aef6f1ba376512a504c529d71491745de134f0687c56b46580debdcf8,TOU,14.082,2026-01-26T23:19:40.156212Z,2026-01-27T00:34:40.156212Z,,
synth-0402,,0x063f2bd68049e4833365859ed7515826dcd9953efb17277b74b7ef6e15e8a70e,0x69ce01e3a310732b73533213c9a29c70396a5fad74c0af219e85755b7b071b92,TOU,21.948,2026-01-27T20:07:02.135066Z,2026-01-27T21:07:02.135066Z,,
synth-0403,,0x6390854da31b2d91ba4af5c275cadb694bc910caec04dedaf03bdd1eff2a39ac,0x03faddd7000622efcb04b931840967fe3dde208bf9cf2fce7ce3b3ba589540ae,TOU,21.131,2026-01-27T14:14:47.966003Z,2026-01-27T15:14:47.966003Z,,
synth-0404,,0xcf9fb8f36a8688a50914536db26c0cd6e9e8a502c727a62e72646ca71e10b503,0xdb9af12e35fc498b889693f015c9c3352b9dcb668c220dd44032da738e68b1c2,TOU,4.613,2026-01-27T07:02:27.005487Z,2026-01-27T07:42:27.005487Z,,
synth-0405,,0x397d8e5bbd400a8fcba869a98035c2c139d73ca8f60ebf07cb57e58a14ac0291,0x6deff94af1a21a0f9faecee38344469cdeb807eaf2d38e6b017eef041f7335f9,TOU,11.174,2026-01-27T11:20:44.911049Z,2026-01-27T11:50:44.911049Z,,
synth-0406,,0x6f4b287764255219e29b4395e3e4189afd05b2929120d9e97664d490967bbaf8,0xdcd7b2e6d3183373927b0502bfb23a6130fa8474309ee0d6cf69623137326bd5,TOU,4.773,2026-01-27T21:28:18.334002Z,2026-01-27T22:08:18.334002Z,,
synth-0407,,0x9049f92393e2453c47fcc18feaa92661ee763fe92bd4d5f5beaa4013c0402d4d,0x6290a8ab7c3a34581e428982d53b1741bd8aa13ddf429cc05a209da8af364be9,TOU,7.51,2026-01-27T20:16:04.139391Z,2026-01-27T20:36:04.139391Z,,
synth-0408,,0xfb370377edaab7a2359583de161db7ab095d9e1112bec538f224ad480a57eb09,0xbb4db38c7bb6b516f548433f21762a41482b325a8d8600882ec94e8445356c4f,TOU,6.002,2026-01-26T22:51:34.746537Z,2026-01-26T23:21:34.746537Z,,
synth-0409,,0x351120a5c08ea67d3389902af70c4a9d2a3f535f4783eff710287f33ddcde61d,0xf9b59c5a50bbd5cf54bf9918de60e3e8c90707ec8ab03cd300a96557a2548548,TOU,9.228,2026-01-27T02:19:17.718306Z,2026-01-27T03:34:17.718306Z,,
synth-0410,,0x2a340f3f455cea119428c321a81ebeeb949ff0b08243d4eba2949fb14ed5c34e,0xf54a0fc964f8117f7babfd1c73a13ed107a3ad4145b6883a62453e59958282d2,TOU,10.703,2026-01-27T12:47:00.924337Z,2026-01-27T13:47:00.924337Z,,
synth-0411,,0x41c0041801ea799118ffd59f683e161e92ecb8aa189b865803494f049963be3d,0x192379a1f962409758f57e5d19789a71098a292143fed9c47efb70b8e0369e9b,TOU,5.009,2026-01-27T14:18:06.998755Z,2026-01-27T14:58:06.998755Z,,
synth-0412,,0x96ec7d0b6e557ced322c16ea2dcfcb481db8abb1872c6ea3b53689c4200c0c33,0x6440668b8dd82343b1171ec5ac682688e19e36aba289c1625827634af6ca5c24,TOU,8.013,2026-01-27T05:23:21.065790Z,2026-01-27T05:43:21.065790Z,,
synth-0413,,0x1ad1f4ea45a5aa26089ad645dd0d9c827d2e33312f309cb5ccdecde1913c69c9,0xec3666bbcd110663d6e2e6e8599cf906280387dc92260fae35e9a9a248b8087d,TOU,7.205,2026-01-27T00:32:30.362723Z,2026-01-27T01:32:30.362723Z,,
synth-0414,,0x3ecc581a8901f96fd78a015440594ccbad5cfd462ee172a8d8ae77bf3074a765,0x681724bdf9cd6c093c87054c4bad647025b3c5160eec1700b499a70cdf2f4113,TOU,11.328,2026-01-27T12:10:04.515153Z,2026-01-27T12:40:04.515153Z,,
synth-0415,,0xe99cd48b0297f40333f2c1294cead162c04af02928c6c65304c3bdf550a0ba9c,0xe6f28f28e7d90cd3bb083073f1371e7f5270aedd670da0fe830357fc1d7fc437,TOU,10.591,2026-01-27T08:27:42.082782Z,2026-01-27T09:27:42.082782Z,,
synth-0416,,0xe4edccc8c3c7941697e0b195295d9b4fef65781dd0542126314cce8f21e87ee3,0x126ceaebe3af278b7873bd7c838ebb21bd5c8bd39a3cb5434e8869122e498720,TOU,3.726,2026-01-27T00:37:06.154809Z,2026-01-27T00:57:06.154809Z,,
synth-0417,,0xd43fb0a02cf9c0f276a4fa707d324456af01464dd43f8ff862068d038a259e07,0x761f9fd754864bbb9114b9f703471b9963a176d91363cc13b7896560be18b5d3,TOU,27.621,2026-01-27T00:33:03.177853Z,2026-01-27T01:48:03.177853Z,,
synth-0418,,0x5b808aa277d5c59648a417918f56911fb322e5557a404b4e58392331febe15b6,0x50104a5a38549b3782ffffc8d84872bf94ea91254c0f3d7713d967f35fdb2cf7,TOU,7.287,2026-01-27T12:55:10.652803Z,2026-01-27T13:55:10.652803Z,,
synth-0419,,0x57285715388cb150a3fce57e82d773a1406174d355e4f4368f4964f3791df1e5,0xe0c318e531211bc92d35af5f6238473269d9b1f04ceb75a102a8afb5d5ecfb09,TOU,7.099,2026-01-27T16:56:41.460293Z,2026-01-27T17:56:41.460293Z,,
synth-0420,,0xd7fd8a2567bd049fb7f987db1b3c4a3f167266a518efc93f9bd9c5ff6e891c54,0x570af510ac75498b75e766d40ee999108bd39d3218f2cb825453dd57909abe56,TOU,5.139,2026-01-27T01:04:21.518923Z,2026-01-27T01:34:21.518923Z,,
synth-0421,,0x1216c60762bd1f09a95d343061b53624360f8442652b91f0f70e32d05e121877,0xd449a3f5f81b87d180336b633600f299515e2354d87b32c5d669bfd67090c913,TOU,8.977,2026-01-27T15:04:23.602881Z,2026-01-27T16:19:23.602881Z,,
synth-0422,,0x612f24534ddea45132b9a0707b40d2a0a6d51c6accb0daaad28f7cab4d22fd1c,0x1be9ce27b7a5eee5d0a2ef68721648e9fbe3ea295a7392dbcbc764af917b7d15,TOU,21.178,2026-01-27T11:07:17.024554Z,2026-01-27T12:07:17.024554Z,,
synth-0423,,0x4f94263fbd7efcc4aeb07b986391315d1ce2141e0333c9dea8b6bb16ad7ab8db,0xc09ac4d06b072de5eea6f415ce9080e38fe5d2e0937de2f464ad84893efcf80a,TOU,14.102,2026-01-27T19:12:51.305585Z,2026-01-27T20:27:51.305585Z,,
synth-0424,,0xdbbc5407160c7d3e9dd52e5023e3e5564897e30c88cddda79fddf48a09d9ea8a,0x016e8467fb05f4a613f320c423c6131a57bb3500dad01ca550b3d8e546520fef,TOU,13.841,2026-01-27T15:57:34.896374Z,2026-01-27T17:12:34.896374Z,,
synth-0425,,0xcd9531fc38f0925ebd803866dbdc28249154f2626344f6f6fa137bb712833b8c,0xeb38300ac80f946f5697d742a93080589640d6c52c8afa7481983dd44c03f6ad,TOU,2.628,2026-01-27T21:36:34.816160Z,2026-01-27T21:56:34.816160Z,,
synth-0426,,0xe20d3862e3fce82a4453ece7f0dae1eba6bff04cfdd8fbaae6685932eb7d504d,0xd1e3f77f58c515cdd528dcb729f0bbd1594696b2fcdd5f68dafec16f31efd026,TOU,15.117,2026-01-27T03:50:42.520180Z,2026-01-27T04:30:42.520180Z,,
synth-0427,,0x8b797d7f8dfef9db01b7991e052354e5a8e33d8c951194958afdd561727c716b,0x97cb4b4ffd8167297c02e6fc23413fade6d7f022c6e8d07079e7652530a87c4a,TOU,4.713,2026-01-27T20:11:07.465387Z,2026-01-27T20:51:07.465387Z,,
synth-0428,,0xc3a889bb164833d382b3f7bf72bc61fd0ec5d1aa14e014ebc125827cfb367089,0x4634a04387272ef2ce837dde5379b3f1cfa649841aa28dfb322faacf62e39833,TOU,4.934,2026-01-27T17:07:06.037057Z,2026-01-27T17:47:06.037057Z,,
synth-0429,,0xd6852abddc08eff5bebb4c73c522a26ae93027e91a04e284e84393c1b4f05d4c,0x19349f8175c5d61ea0110a18f41dd073c0735479a9b127aed9453db96cffe2f0,TOU,13.662,2026-01-27T20:08:25.606769Z,2026-01-27T21:23:25.606769Z,,
synth-0430,,0xe4f228090be16942ca24427811751335e1dafde6c3cf2eb68fd27d005cd8e301,0x28917c2ddf4bbf862fa85dde53fbd2e4f660078f1ce7e9ab40d82a22a9122758,TOU,7.184,2026-01-27T01:26:42.918796Z,2026-01-27T02:26:42.918796Z,,
synth-0431,,0xb161e0c4d5c8ccf23deeac481326824d20f9ba6d8adc678285ddd184808e5257,0x60508b7a87857306aafa69bc7174a53dd9e57228257c095274092dd7d397d9fe,TOU,11.0,2026-01-27T15:59:32.556921Z,2026-01-27T16:29:32.556921Z,,
synth-0432,,0x8a0c388540634812c645d0f7dd0aa4044608d1f5e4701848cd99334979f0f058,0x451593318c4d46d01b1f9971844b1bc0cc419b0130c053e1c5b1537a8d5b441d,TOU,11.239,2026-01-27T21:29:26.255785Z,2026-01-27T22:29:26.255785Z,,
synth-0433,,0x7b69901dc5c7a91955c4de08f2726286c5dfa288f516410a92e72455a29fbbf9,0x000b38bb3f21a28378e687ba846dd902194381f9bf0d2929fbe6f31c220c95cf,TOU,3.732,2026-01-27T21:22:42.649717Z,2026-01-27T21:42:42.649717Z,,
synth-0434,,0x52c1a24e17378ecedabb1d2bfa2753a02d4fa5f12ba2b05409529fd105c1c1fb,0x5a8c2385c8fa8f1cb4b047f88e0df20761067f03a5f5c460dbaa03f3ee3d263a,TOU,7.517,2026-01-27T10:22:18.250006Z,2026-01-27T11:22:18.250006Z,,
synth-0435,,0x4732c8f2661c9e620bc4569b927ce4b437580bd706fedf89ba8728a74ca681af,0x51bd8fc5ec60be4d033737baf0f6e29befe1be0fc321eae23abd1f9a83557a28,TOU,2.466,2026-01-27T02:58:14.455640Z,2026-01-27T03:18:14.455640Z,,
synth-0436,,0xad5c77e9bf785904959effe2e4810896790e8e2389a9ca072f6b9f9bae409b1d,0x57b10c5bcd7974e8f8a151c367c74305c307fd081e451d5d9e5f7d9fedc8e8eb,TOU,4.691,2026-01-27T17:55:48.524616Z,2026-01-27T18:35:48.524616Z,,
synth-0437,,0x88be81a825d04211800ef662753c3429e62be8affcc16c8a76b82df91529a168,0xd98c2c9a5be76aa6b94425c45145812b5ab7c26c69bdc0255dc894b9cca249e4,TOU,7.86,2026-01-27T04:02:41.845713Z,2026-01-27T04:22:41.845713Z,,
synth-0438,,0xb6777a2db971d8acec5e1865c0cad126e7d7433012552837c0b678700d3dc4fb,0x32834ee9a8403489ee23f9789c80541872772cefff1ec6cb201cfa6c4d4b13de,TOU,14.321,2026-01-27T07:00:09.303020Z,2026-01-27T08:15:09.303020Z,,
synth-0439,,0x7d513d3a99681ec618168c8a364a1a7b592f19e5f62a33d257a7aa0c1a757478,0x0cea52ede9367a5bf93c88ccfdc91dc1ae9406dd3beceaa6710e88cbc12ec17f,TOU,11.088,2026-01-27T10:21:49.117614Z,2026-01-27T10:51:49.117614Z,,
synth-0440,,0x9f82be37546cf6fe66d77b54706461bb2e71a99d8ef874d50fc1ad6928a15041,0x54ff1189321d7175b04205cab5bc72364181b09fa687d5e6247e5751e36fc774,TOU,7.268,2026-01-27T16:45:48.689422Z,2026-01-27T17:25:48.689422Z,,
synth-0441,,0xe64b16b3a49d1173b4663e03a21394cbe5a5952a7d1946241c2c0fd5d3b97030,0xb69b715c62fba732640f54c35a7557caeca0673e4a428d64ddd3651f24a66edb,TOU,10.768,2026-01-27T00:47:20.986953Z,2026-01-27T01:17:20.986953Z,,
synth-0442,,0x5c8a69a40d2cacae41734a2f616f802a48b4b4f804a9d7858a9bcef3d558d485,0xdb37aae7da601d514e587d7a139e87e41479a2541a6a8ec05a821b41c9b823d4,TOU,27.018,2026-01-27T15:01:15.941375Z,2026-01-27T16:16:15.941375Z,,
synth-0443,,0x131f4ec7d9a982575a096671d5eedb61c2ddb1db38e62471e086bc5bf4733649,0x6839acae72d97b11a80b01a51ca22367598743d5406f5b8819c545443385efdf,TOU,5.319,2026-01-27T16:35:37.869587Z,2026-01-27T17:05:37.869587Z,,
synth-0444,,0x11888352f941876c31862920d77a87281d6e03d755b6013f8d3d7a5842effde2,0x9894eef63d996a990463d02e2c3a98ed366babc061c9eed39d665eac56858066,TOU,7.495,2026-01-27T18:54:17.153964Z,2026-01-27T19:14:17.153964Z,,
synth-0445,,0x8df1f68fd5647638ff696b1010cb6e0d2fbb8e001f4c5f5305a5f660a9fd8689,0x1c5420cc5feebd0e71624ac8f85e05041288d0bc4fdf475a9d92de2fd72804f1,TOU,5.777,2026-01-27T08:15:46.936612Z,2026-01-27T08:45:46.936612Z,,
synth-0446,,0x99fe86acbd7fa6e7b39ac3dec0f887b23d6f64baa686c5ae779cb6ac043ecc1f,0x591bf7734d38624f99d42abd699a833211e11d7f737f435bb6adf0fc93b4f590,TOU,28.152,2026-01-27T11:44:07.142764Z,2026-01-27T12:59:07.142764Z,,
synth-0447,,0x691359bb45f66c55ba94766b159be3469aebdd15adc9ebe7eaea0744e702863f,0xee4daf7ff8744aa4aef4095ca522fc5db65593edc1effb3d50abff19ee7d1f4a,TOU,4.957,2026-01-27T15:01:45.347564Z,2026-01-27T15:41:45.347564Z,,
synth-0448,,0x7ba724693bd72a1e6575064c1961e5e129b7aa48326d2ff71c6590b7daae2311,0xf6aa6b2906c9cbae2878b8ff2ed8b5874d14d1cb72ec1bc847ebb19016c9970b,TOU,2.362,2026-01-27T11:27:09.292609Z,2026-01-27T11:47:09.292609Z,,
synth-0449,,0x826576569c7f7c366d72a131195473d1a5e4f6c50652a1afaa6ba27f7818a5c4,0x4deabb31c997064854c7619a1f27bbc4d55912b226e796efa03d4ef809437644,TOU,13.52,2026-01-27T06:40:49.931449Z,2026-01-27T07:55:49.931449Z,,
synth-0450,,0x29462b04796d43ad412369c4747e4b702db44570682c19042f7401f0147b521c,0x2452e279d515888dd8c709cb1bf9b30862406b034525e3aaf702939b6a7d4cd5,TOU,7.418,2026-01-27T05:41:06.052268Z,2026-01-27T06:21:06.052268Z,,
synth-0451,,0x1501540afc5a74b59b75186987c4bf121d74ff47115c4269bea18151da9bd407,0x9dfd581aa34aa7f0464942a6b0153681644a648b39c52c917f21cbcae42ae595,TOU,5.192,2026-01-27T01:11:11.361075Z,2026-01-27T01:41:11.361075Z,,
synth-0452,,0x8b4ad17dffd378e04d1157fad5dee2acc264b415634d9b2418479512b8b74d6e,0x01800b6eb39d51cb3d5fe6e7c3d111c9d56c47091b23cf9357779a4fd6f5727d,TOU,6.773,2026-01-27T02:39:36.349575Z,2026-01-27T03:39:36.349575Z,,
synth-0453,,0x6bbee86749369c217970cbdd33de0625b037148e968359c8408270fca66a82d9,0xa34253a1a869188bfd56c099c8ba2af288d4acb27c18813058b067863f4e31f8,TOU,2.401,2026-01-27T02:30:49.742294Z,2026-01-27T02:50:49.742294Z,,
synth-0454,,0xef04a00b3a0c961ad83ddce840bf237b7a72cc3c37c0a06442d32417275f8e04,0x8b10bca31871c7209fad5a0823d20ade2d7e313b9b0d38421d38e2ef92e6236e,TOU,6.92,2026-01-27T02:35:10.365598Z,2026-01-27T03:35:10.365598Z,,
synth-0455,,0x0741e22f004b991d54096d40d1bc120568afb4480a100e7b63fd3cd817baab7d,0xac613d71a64ca8a88247a110bc9cd25a01943e9e5c188d23a27765d4bd9af21d,TOU,2.292,2026-01-27T03:21:58.595769Z,2026-01-27T03:41:58.595769Z,,
synth-0456,,0x29056fa8d032efae5755521e2c32a653c9cf36c973734773545ce88c85e4fa7b,0x5779c66ad5b5445ee523ce7af45e8424c777f4789cb7d9f3121cea049260c1ed,TOU,10.763,2026-01-27T02:59:56.881333Z,2026-01-27T03:59:56.881333Z,,
synth-0457,,0x2849ff0f4b3bf53c432261daf61088eec70fd579c3deb69483d2541c28ab2caa,0x3a29cd45268dae816ed49f11395825bef3790b9264eeca46a1fe2a7db709f07b,TOU,29.211,2026-01-27T13:37:12.470321Z,2026-01-27T14:52:12.470321Z,,
synth-0458,,0x13b89b1a69f44aed4880c986a3885295f517bb55ab5ab08b8de990f3fcf6e6cc,0xcd29e6b1529f5a00c00e814104f3874a16292008486dd5039f820c2070dc4cd6,TOU,26.438,2026-01-27T10:50:27.407345Z,2026-01-27T12:05:27.407345Z,,
synth-0459,,0x3911c434ee429854fc05549d103a20c4e76057d3cb60ce735e3d2a431fbef7ad,0x674b747a522f3deeebc253539ee91878e5c09a8490043b40e6b0fe0c2f18c100,TOU,4.636,2026-01-27T19:20:16.623770Z,2026-01-27T20:00:16.623770Z,,
synth-0460,,0x1c8e8aee4e1e2fd140e8232ddedee41ccd8290964764a1ae5650cf4716ddd8c7,0x0a6448242ebcc5fe667e112dd8bc15fe5d4bc81013d394d7c340f987b3b28a95,TOU,2.505,2026-01-27T07:44:35.728328Z,2026-01-27T08:04:35.728328Z,,
synth-0461,,0x8a1e3cb81585a9b91d9ff5cd6b901837a585a43547d8b533f9d5c1728901e795,0x895a0b70e3805400da20cfa0ba94e2e3070b25baaa1d85bd134fc14706f251fa,TOU,2.406,2026-01-27T13:24:33.136048Z,2026-01-27T13:44:33.136048Z,,
synth-0462,,0x61c6ea5a6ec1fafeff0c54f9e66ebf42fb2f55ec00061d721dda28ece14e7df9,0x6672f24eb7c1535a201024e91ab03c49cbaa53b2028a1bfc5955412c6e045025,TOU,3.49,2026-01-27T21:36:02.818104Z,2026-01-27T22:06:02.818104Z,,
synth-0463,,0x9d296a2c21b58a213a3afac91329c2d82db0635e47e2948c166f0b2e365713e7,0x8b76d4beb6fbbd1f4124d87e09ce727d8697bd97378534c861208043bd7d091e,TOU,10.858,2026-01-27T21:40:02.057864Z,2026-01-27T22:40:02.057864Z,,
synth-0464,,0x24406d5af594c9b27e847cf6495b4fe744a13f2312644732a89133765b255fbc,0x7b449f33db158bece304268924285ba4bccffaa5d2130875b77ce6175b4ea3b0,TOU,10.927,2026-01-27T14:34:56.042490Z,2026-01-27T15:34:56.042490Z,,
synth-0465,,0xc8fd9a69faf1b30227cc08e19e718d2739fb3fa06a18e8ceb4522d785f43861d,0x6ea10bc58fea9faa5dedf90b44e88eb1144c68db151590091435d15ffc10e53f,TOU,10.868,2026-01-27T03:34:45.250942Z,2026-01-27T04:34:45.250942Z,,
synth-0466,,0xb35f5e236dbfe8a3f33eb7c80c4b22b56d9bf880a5012d8ad408243106653772,0xdb28cc33e00eb87fa6ffc1921762bab4b09b4131235515556b7f7ffe04a6a2cb,TOU,11.205,2026-01-27T17:23:23.571157Z,2026-01-27T17:53:23.571157Z,,
synth-0467,,0x6169192be2b8d2888e0f1e7907b7d5e12a9bc4563f39fdb7946d344caacf45bf,0x70b1697b2d8dfa4b543b4c86560f55d664a9ed86b45d79da99d4ef492e9f9f43,TOU,5.092,2026-01-27T02:49:39.610736Z,2026-01-27T03:29:39.610736Z,,
synth-0468,,0x8cbfe67c91a0f422e37941e4460fa5b47af1951c3efd61fbd324847836cc62be,0xc2fe577be907e7ad4db6c3ba56b4e7348a2dcb73687c89496eaa82b922d8caf0,TOU,4.67,2026-01-27T18:41:18.280057Z,2026-01-27T19:21:18.280057Z,,
synth-0469,,0x4b32fefabadc7f13b3ee1f0f856674ba3d8ed157e89e0aab8912d5ec469e681d,0xd456e656aff5bcffbbcd4421740adb9147862e6d373980f5e95c7179e3f56750,TOU,5.459,2026-01-27T11:29:57.998173Z,2026-01-27T11:59:57.998173Z,,
synth-0470,,0x05075f0bd864ef5c9edb6e31c09f1ea43ff070af1f8f60afb0cf29b4107f6b82,0x142e67b1b9a8875c924eb267a57a645faff3dd87c05d4a8924f5ff2b00f4ad14,TOU,13.617,2026-01-27T15:32:48.516569Z,2026-01-27T16:47:48.516569Z,,
synth-0471,,0x724a6daf301b6799bcfb8395b196091f7dc703a24b3e291b0f68e70b9dc8d0e4,0x3fd98cf52112673e04826ee932e35c3d7202601616a6b7a6ef0569401e7660c9,TOU,14.469,2026-01-27T15:11:24.726332Z,2026-01-27T15:51:24.726332Z,,
synth-0472,,0xa90e95dc735f1f7945b48a97c3c8898a91d17b5cc496dcb7ec8b89bb7942539e,0x540198a733dbb71274c0bdc3018ef00f4a9170f5e27f4189f8102eca2fe457cc,TOU,5.256,2026-01-27T04:44:06.374966Z,2026-01-27T05:14:06.374966Z,,
synth-0473,,0x6b631e33d58eeb0867fb599c2f22a6b949a11777da79a94af0f705b139588490,0x88bd30bd139508e47acf94b4afa6c8bddaaf671dab910682f3a74d2f4f32d75f,TOU,22.396,2026-01-27T20:40:14.731819Z,2026-01-27T21:40:14.731819Z,,
synth-0474,,0x70310a5358e5fcfc2ffc40316c5487745d4439d85bd568173f7ef36f3da69006,0x7a2c8ab6587017d7e50ca48b0230c88ef0a1ed4dc7583b553b5a27448b39bf76,TOU,5.214,2026-01-27T17:05:40.757986Z,2026-01-27T17:35:40.757986Z,,
synth-0475,,0x40c080fe4a6b971ce5e83a073e3eb839469ad0fd41a7a6d83bff6cf928e84f50,0x75805e3e9399d1e80d76ef90abdb1f1bd304b58e5d66f58445430ba0fbe61fa2,TOU,9.358,2026-01-27T05:03:41.637712Z,2026-01-27T06:18:41.637712Z,,
synth-0476,,0x1b1528cdf30bd65a38487aeeb00d04997e68c1fb372a1c8f8ac9eb99b35c610d,0xd181c05d68a98da0b904f028a07aa45576655d9ef31ff350dc38a914b617ab65,TOU,4.58,2026-01-27T05:20:02.780404Z,2026-01-27T06:00:02.780404Z,,
synth-0477,,0x0df373e4656e10df432c585f8bbbab52b6aa2839a570efd30daa7a2655ef72ce,0xd380898dad7a96984e45f6011235e5e196b879198bb919b3de0ad2cfa6d17a7b,TOU,21.263,2026-01-27T09:34:40.937004Z,2026-01-27T10:34:40.937004Z,,
synth-0478,,0xde25e1aff13288e12748686906f98d2a496c6950e52ea4c9613acdaaa5eb18cb,0xb9097d9a0f8b2ac61ea2aa7252e5d561aa0ec7a45aa7d0977577587371825ed9,TOU,3.565,2026-01-27T08:41:22.103136Z,2026-01-27T09:11:22.103136Z,,
synth-0479,,0xfaeec6dd955d8288cfcc599a6968a2f986e1a2953013e9dd9171f30f71c19e48,0x2581e8ec0a3ec054c9d6e786b66178117685cca84ba6e4c4bb90ea8e9d0277b4,TOU,26.798,2026-01-27T04:40:46.043575Z,2026-01-27T05:55:46.043575Z,,
synth-0480,,0x8c0e81bc7c837c16a11399f36941a0282295f138e7bfd523c6d9aefa1064d75f,0x168e733304c84bf6e094fb316bbc20aab0ee0ebf3ab7e5925ac6689332937e9c,TOU,3.821,2026-01-27T20:41:08.616140Z,2026-01-27T21:01:08.616140Z,,
synth-0481,,0x53684c37da76dd721296833595d410a03e7fe717103e3b4fbb94ae58ab8ea429,0xc5f88794baae7e82c7ed7d949adeff803c599e834d9cde9f288ceca880be0416,TOU,10.973,2026-01-27T21:02:08.170776Z,2026-01-27T22:02:08.170776Z,,
synth-0482,,0x092d2486b29acf6ee125517e968654c481dcc1fbcebe5cffcc5fe6904a6b9765,0xcd658353599b4f52cbe5fe8114d2c436e8104a1222ebd8b42856d9f5be9a0ed2,TOU,15.244,2026-01-27T05:35:29.825829Z,2026-01-27T06:15:29.825829Z,,
synth-0483,,0xa5cf3c9a8d6e3a09be38c5054a5c4fa98c7fe505981d71bedd9bcf9f9917c517,0x8e57867cc42fc9103979b6f5c2100e8006edfc935328d3654c7f33c65937b6ae,TOU,4.911,2026-01-27T00:17:14.120531Z,2026-01-27T00:57:14.120531Z,,
synth-0484,,0x0a5772e56e106215db8b60e875e1c46bc2d6d03a24785be0c629a3a260d65194,0x27dee8753279a691ae0ad590da7bdc2a1811ab723e1b8e4257775dc534541cb3,TOU,3.069,2026-01-27T05:20:17.796950Z,2026-01-27T05:40:17.796950Z,,
synth-0485,,0x81936f2f504515621db0206b7e3c2b02afc6f34922b612a03d15a1dbd67df999,0x0066276d38db741ec6a4288e1c8889cf9b7cffa31da11e1d8c9727e16bdbe805,TOU,6.809,2026-01-26T23:56:53.635713Z,2026-01-27T00:16:53.635713Z,,
synth-0486,,0xb51f29f60056c8896bd8a79f42655c11380f7a982709a2823eb418c43ff36471,0xc3c122a2447573d359b667d350141f82577ddb04dd395a22b520a55b59379d5b,TOU,15.572,2026-01-27T11:20:37.163466Z,2026-01-27T12:00:37.163466Z,,
synth-0487,,0x69bf2a58af06dbe1618d534b86b77cdfaa8a712304f18c4e41f7e77cc417273c,0x915353ec7f4435cc8d36ae35b1828de1b1d020a46daccdcb8023bda3f5d2e52d,TOU,7.751,2026-01-27T02:49:25.071317Z,2026-01-27T03:09:25.071317Z,,
synth-0488,,0x89afc802e0f08fc274470ba906ee35fb6c48224678398310f3c019168c007bdb,0x4d1bf06b3869232b47e6410c95d92ddb74a1788a3a3f957cf0bac2174802fb33,TOU,6.567,2026-01-27T07:34:46.473545Z,2026-01-27T08:34:46.473545Z,,
synth-0489,,0xca6e33dd9b11b0f1319845d0496f8efccf0ba7a0f93d44db7c71536764f9b62e,0x59a9929ea09c6a427053d7012c7a641673cd85d81fcb0689f27b68abcce7cfc2,TOU,3.525,2026-01-27T02:43:14.082145Z,2026-01-27T03:03:14.082145Z,,
synth-0490,,0x53c516fe82e795b0ac7c3f308329e3edd71af3845ed213e320def46b3270248d,0xef317e74657a07dccc95be5763f7a8b1f7562e00ad244605b8bb2943927b570b,TOU,4.812,2026-01-27T19:43:14.955187Z,2026-01-27T20:23:14.955187Z,,
synth-0491,,0x3521ae6100e0ea73b00ab85bd2ebf1a62930e39d521e84d93caf6d12e13e0326,0xc626fa2be5ca13817fa8b9aac8f70de2e8508cf4bc5ef73860ebc39262d83ecf,TOU,27.512,2026-01-27T20:28:07.195834Z,2026-01-27T21:43:07.195834Z,,
synth-0492,,0x6ba0614acbaefc9a6ec8c86a89a46467d14cc895f9285204cf3ddda1260778c5,0x99a445a87349ecf24a356e44359947c774416d5285bc9fcfe01a3a8c76df0641,TOU,7.207,2026-01-27T04:49:44.485578Z,2026-01-27T05:09:44.485578Z,,
synth-0493,,0xcff5f1426b6025dd4b74832a2089b45df1e225ec88ae747004eeb16760054f02,0x50c3fc53c09ee11643a548cecc02f312bc1be667dfe5a7b31d825e00bb6b67e3,TOU,7.409,2026-01-27T10:54:12.074436Z,2026-01-27T11:54:12.074436Z,,
synth-0494,,0x2e78cf2cf8a24388e390661dad17dc50c307dbfabe17d974d01113e8f387d6c6,0x92fbc9e9d25d73a2e989afdfbd13b2432b1768cdf2c1470f1f2472f46dca3184,TOU,3.285,2026-01-27T06:32:49.031318Z,2026-01-27T07:02:49.031318Z,,
synth-0495,,0x4a16f69388f291dd4f9b31226c5e8863a8c2a2dce2f969fc678991e8d78fd2f8,0x154862c2282cdc7debd1b1f291a2793757393245095da4e19a5c33d676fd6f13,TOU,13.55,2026-01-26T23:35:57.828233Z,2026-01-27T00:50:57.828233Z,,
synth-0496,,0xa20ec3a9da982843b6338108dbceb409f196eadf300f8c28f13ee02bc780ca55,0xdee4661cead474f3c533615035bc058e79652625101e8e04755bf994019d89f5,TOU,5.516,2026-01-27T01:17:28.490199Z,2026-01-27T01:47:28.490199Z,,
synth-0497,,0x55b8579149b7394cf1d1297a8905c2c88fb1a4af0f54ee35dc4044140bed079f,0xf20bd6b83a5c918aadd2e7738585b7b14615a9192795110215b5b99ed7cccda0,TOU,10.79,2026-01-27T15:39:20.224703Z,2026-01-27T16:39:20.224703Z,,
synth-0498,,0xb4221cf6e8074ddf78c79b12da59947904a702749ab55f255c8c0e1175201d74,0x3804bd09cb0ffe80bacfc2dd9d53b901d841cf77df3c6f43248d347ce5e13f69,TOU,28.102,2026-01-27T10:05:45.898017Z,2026-01-27T11:20:45.898017Z,,
synth-0499,,0xd0715b764d8ebadeaf2f9851d819b47d6e94cba93f0b58140e1a4f83c3b20110,0x36a34b53fe3552c9e90b55bef88018d6aeb7a2dd962dc104b8b0729f211ea76c,TOU,10.68,2026-01-27T00:58:47.932843Z,2026-01-27T01:58:47.932843Z,,
synth-0500,,0xf8a9ffc4098d0b5551277bc47bd495803871631102ebb5c64b9d111bf76e15d5,0xb54798ec7155007dc70e18722e26c57ef9d98779d35e6179d34c087463f54a73,TOU,28.909,2026-01-27T20:30:38.636128Z,2026-01-27T21:45:38.636128Z,,
