session_id,user_id,evse_id,start_ts,end_ts,session_type,energy_kwh,import_kwh,export_kwh,net_kwh,tariff_model
csv_order_demo-0001,user-001,EVSE-040,2026-05-22T17:07:02.326822Z,2026-05-22T17:37:02.326822Z,discharge_only,-5.142,0.0,5.142,-5.142,TOU
demo_10-0001,user-002,EVSE-046,2026-03-07T23:22:59.070749Z,2026-03-08T00:02:59.070749Z,bidirectional,3.404,4.028,0.624,3.404,TOU
demo_10-0002,user-004,EVSE-023,2026-03-07T13:12:08.338401Z,2026-03-07T13:52:08.338401Z,charge_only,4.893,4.893,0.0,4.893,TOU
demo_10-0003,user-008,EVSE-041,2026-03-07T11:06:49.892898Z,2026-03-07T12:06:49.892898Z,charge_only,7.318,7.318,0.0,7.318,TOU
demo_10-0004,user-006,EVSE-036,2026-03-07T18:57:18.592541Z,2026-03-07T19:37:18.592541Z,charge_only,15.207,15.207,0.0,15.207,TOU
demo_10-0005,user-001,EVSE-014,2026-03-07T18:29:10.246582Z,2026-03-07T18:49:10.246582Z,discharge_only,-3.741,0.0,3.741,-3.741,TOU
demo_10-0006,user-008,EVSE-009,2026-03-07T20:33:15.894586Z,2026-03-07T21:03:15.894586Z,charge_only,3.466,3.466,0.0,3.466,TOU
demo_10-0007,user-001,EVSE-001,2026-03-07T03:19:00.708605Z,2026-03-07T03:49:00.708605Z,bidirectional,0.471,5.582,5.111,0.471,TOU
demo_10-0008,user-009,EVSE-041,2026-03-07T05:57:44.158115Z,2026-03-07T06:37:44.158115Z,bidirectional,2.666,3.714,1.048,2.666,TOU
demo_10-0009,user-006,EVSE-036,2026-03-07T05:40:59.066874Z,2026-03-07T06:55:59.066874Z,charge_only,27.805,27.805,0.0,27.805,TOU
demo_10-0010,user-010,EVSE-029,2026-03-07T13:49:40.881967Z,2026-03-07T14:19:40.881967Z,charge_only,10.482,10.482,0.0,10.482,TOU
research_20260521_100-0001,user-002,EVSE-046,2026-05-21T23:22:59.070749Z,2026-05-22T00:02:59.070749Z,bidirectional,3.404,4.028,0.624,3.404,TOU
research_20260521_100-0002,user-004,EVSE-023,2026-05-21T13:12:08.338401Z,2026-05-21T13:52:08.338401Z,charge_only,4.893,4.893,0.0,4.893,TOU
research_20260521_100-0003,user-008,EVSE-041,2026-05-21T11:06:49.892898Z,2026-05-21T12:06:49.892898Z,charge_only,7.318,7.318,0.0,7.318,TOU
research_20260521_100-0004,user-006,EVSE-036,2026-05-21T18:57:18.592541Z,2026-05-21T19:37:18.592541Z,charge_only,15.207,15.207,0.0,15.207,TOU
research_20260521_100-0005,user-001,EVSE-014,2026-05-21T18:29:10.246582Z,2026-05-21T18:49:10.246582Z,discharge_only,-3.741,0.0,3.741,-3.741,TOU
research_20260521_100-0006,user-008,EVSE-009,2026-05-21T20:33:15.894586Z,2026-05-21T21:03:15.894586Z,charge_only,3.466,3.466,0.0,3.466,TOU
research_20260521_100-0007,user-001,EVSE-001,2026-05-21T03:19:00.708605Z,2026-05-21T03:49:00.708605Z,bidirectional,0.471,5.582,5.111,0.471,TOU
research_20260521_100-0008,user-009,EVSE-041,2026-05-21T05:57:44.158115Z,2026-05-21T06:37:44.158115Z,bidirectional,2.666,3.714,1.048,2.666,TOU
research_20260521_100-0009,user-006,EVSE-036,2026-05-21T05:40:59.066874Z,2026-05-21T06:55:59.066874Z,charge_only,27.805,27.805,0.0,27.805,TOU
research_20260521_100-0010,user-010,EVSE-029,2026-05-21T13:49:40.881967Z,2026-05-21T14:19:40.881967Z,charge_only,10.482,10.482,0.0,10.482,TOU
research_20260521_100-0011,user-006,EVSE-031,2026-05-21T23:28:42.639935Z,2026-05-22T00:43:42.639935Z,charge_only,8.959,8.959,0.0,8.959,TOU
research_20260521_100-0012,user-002,EVSE-013,2026-05-21T08:10:03.890442Z,2026-05-21T08:50:03.890442Z,discharge_only,-7.311,0.0,7.311,-7.311,TOU
research_20260521_100-0013,user-007,EVSE-026,2026-05-21T19:34:46.633708Z,2026-05-21T20:34:46.633708Z,charge_only,7.205,7.205,0.0,7.205,TOU
research_20260521_100-0014,user-001,EVSE-034,2026-05-21T00:20:09.315897Z,2026-05-21T01:00:09.315897Z,bidirectional,-0.141,3.852,3.993,-0.141,TOU
research_20260521_100-0015,user-002,EVSE-040,2026-05-21T03:33:04.004082Z,2026-05-21T03:53:04.004082Z,bidirectional,3.936,6.033,2.097,3.936,TOU
research_20260521_100-0016,user-010,EVSE-040,2026-05-21T11:26:11.573378Z,2026-05-21T12:06:11.573378Z,charge_only,4.855,4.855,0.0,4.855,TOU
research_20260521_100-0017,user-002,EVSE-036,2026-05-21T11:04:48.387486Z,2026-05-21T12:19:48.387486Z,bidirectional,2.972,8.628,5.656,2.972,TOU
research_20260521_100-0018,user-004,EVSE-018,2026-05-21T06:45:38.307031Z,2026-05-21T07:15:38.307031Z,charge_only,11.507,11.507,0.0,11.507,TOU
research_20260521_100-0019,user-003,EVSE-038,2026-05-21T08:41:33.404201Z,2026-05-21T09:21:33.404201Z,charge_only,4.68,4.68,0.0,4.68,TOU
research_20260521_100-0020,user-001,EVSE-040,2026-05-21T16:35:06.478566Z,2026-05-21T16:55:06.478566Z,bidirectional,1.885,2.898,1.013,1.885,TOU
research_20260521_100-0021,user-004,EVSE-045,2026-05-21T03:13:58.067847Z,2026-05-21T03:43:58.067847Z,bidirectional,-0.048,2.557,2.605,-0.048,TOU
research_20260521_100-0022,user-008,EVSE-002,2026-05-21T18:38:41.726804Z,2026-05-21T19:38:41.726804Z,discharge_only,-11.192,0.0,11.192,-11.192,TOU
research_20260521_100-0023,user-003,EVSE-001,2026-05-21T10:02:57.047005Z,2026-05-21T10:42:57.047005Z,bidirectional,0.245,2.433,2.188,0.245,TOU
research_20260521_100-0024,user-004,EVSE-033,2026-05-21T15:14:31.264838Z,2026-05-21T15:34:31.264838Z,charge_only,7.517,7.517,0.0,7.517,TOU
research_20260521_100-0025,user-007,EVSE-011,2026-05-21T07:15:01.193014Z,2026-05-21T08:30:01.193014Z,bidirectional,0.817,4.91,4.093,0.817,TOU
research_20260521_100-0026,user-010,EVSE-030,2026-05-21T15:56:19.734733Z,2026-05-21T16:26:19.734733Z,discharge_only,-11.153,0.0,11.153,-11.153,TOU
research_20260521_100-0027,user-004,EVSE-008,2026-05-21T06:44:34.912901Z,2026-05-21T07:44:34.912901Z,discharge_only,-11.039,0.0,11.039,-11.039,TOU
research_20260521_100-0028,user-009,EVSE-005,2026-05-21T00:16:26.092055Z,2026-05-21T01:31:26.092055Z,charge_only,13.549,13.549,0.0,13.549,TOU
research_20260521_100-0029,user-006,EVSE-001,2026-05-21T16:18:37.093289Z,2026-05-21T17:33:37.093289Z,bidirectional,3.691,6.217,2.526,3.691,TOU
research_20260521_100-0030,user-007,EVSE-040,2026-05-21T03:30:02.097071Z,2026-05-21T04:30:02.097071Z,charge_only,21.809,21.809,0.0,21.809,TOU
research_20260521_100-0031,user-010,EVSE-014,2026-05-21T10:26:16.532667Z,2026-05-21T10:46:16.532667Z,charge_only,2.568,2.568,0.0,2.568,TOU
research_20260521_100-0032,user-007,EVSE-016,2026-05-21T17:18:18.628409Z,2026-05-21T18:18:18.628409Z,charge_only,11.264,11.264,0.0,11.264,TOU
research_20260521_100-0033,user-010,EVSE-013,2026-05-21T01:14:13.793280Z,2026-05-21T02:14:13.793280Z,bidirectional,9.654,14.861,5.207,9.654,TOU
research_20260521_100-0034,user-004,EVSE-027,2026-05-21T21:32:15.727209Z,2026-05-21T22:12:15.727209Z,charge_only,15.024,15.024,0.0,15.024,TOU
research_20260521_100-0035,user-006,EVSE-016,2026-05-21T08:43:45.446833Z,2026-05-21T09:43:45.446833Z,bidirectional,14.902,18.497,3.595,14.902,TOU
research_20260521_100-0036,user-007,EVSE-042,2026-05-21T15:54:35.332041Z,2026-05-21T16:54:35.332041Z,bidirectional,6.964,8.847,1.883,6.964,TOU
research_20260521_100-0037,user-001,EVSE-022,2026-05-21T21:45:00.190512Z,2026-05-21T22:15:00.190512Z,charge_only,5.412,5.412,0.0,5.412,TOU
research_20260521_100-0038,user-005,EVSE-031,2026-05-21T17:56:58.722376Z,2026-05-21T18:16:58.722376Z,bidirectional,3.361,5.245,1.884,3.361,TOU
research_20260521_100-0039,user-009,EVSE-004,2026-05-21T09:39:37.280020Z,2026-05-21T09:59:37.280020Z,bidirectional,-0.033,1.226,1.259,-0.033,TOU
research_20260521_100-0040,user-003,EVSE-010,2026-05-21T08:40:28.061799Z,2026-05-21T09:40:28.061799Z,charge_only,7.14,7.14,0.0,7.14,TOU
research_20260521_100-0041,user-002,EVSE-029,2026-05-21T00:07:45.474198Z,2026-05-21T00:27:45.474198Z,charge_only,7.132,7.132,0.0,7.132,TOU
research_20260521_100-0042,user-010,EVSE-005,2026-05-21T00:13:21.299096Z,2026-05-21T00:53:21.299096Z,charge_only,14.805,14.805,0.0,14.805,TOU
research_20260521_100-0043,user-010,EVSE-038,2026-05-21T12:42:19.561814Z,2026-05-21T13:02:19.561814Z,bidirectional,0.136,1.345,1.209,0.136,TOU
research_20260521_100-0044,user-007,EVSE-008,2026-05-21T21:13:43.327467Z,2026-05-21T21:43:43.327467Z,bidirectional,3.91,7.517,3.607,3.91,TOU
research_20260521_100-0045,user-007,EVSE-042,2026-05-21T01:21:32.772800Z,2026-05-21T02:36:32.772800Z,charge_only,27.548,27.548,0.0,27.548,TOU
research_20260521_100-0046,user-010,EVSE-008,2026-05-21T13:31:19.537117Z,2026-05-21T14:31:19.537117Z,charge_only,7.084,7.084,0.0,7.084,TOU
research_20260521_100-0047,user-009,EVSE-032,2026-05-21T04:11:06.289638Z,2026-05-21T04:31:06.289638Z,charge_only,7.108,7.108,0.0,7.108,TOU
research_20260521_100-0048,user-004,EVSE-036,2026-05-21T17:34:26.341013Z,2026-05-21T18:04:26.341013Z,discharge_only,-5.532,0.0,5.532,-5.532,TOU
research_20260521_100-0049,user-004,EVSE-046,2026-05-21T00:10:08.983156Z,2026-05-21T00:30:08.983156Z,charge_only,3.716,3.716,0.0,3.716,TOU
research_20260521_100-0050,user-008,EVSE-032,2026-05-21T18:08:01.649715Z,2026-05-21T19:23:01.649715Z,discharge_only,-8.67,0.0,8.67,-8.67,TOU
research_20260521_100-0051,user-008,EVSE-009,2026-05-21T15:42:01.291438Z,2026-05-21T16:57:01.291438Z,discharge_only,-27.453,0.0,27.453,-27.453,TOU
research_20260521_100-0052,user-002,EVSE-035,2026-05-21T03:00:09.951682Z,2026-05-21T04:00:09.951682Z,charge_only,7.328,7.328,0.0,7.328,TOU
research_20260521_100-0053,user-008,EVSE-007,2026-05-21T03:02:46.107297Z,2026-05-21T03:22:46.107297Z,bidirectional,0.308,3.683,3.375,0.308,TOU
research_20260521_100-0054,user-001,EVSE-012,2026-05-21T22:52:46.380306Z,2026-05-21T23:12:46.380306Z,discharge_only,-3.591,0.0,3.591,-3.591,TOU
research_20260521_100-0055,user-007,EVSE-019,2026-05-21T09:06:37.024158Z,2026-05-21T09:36:37.024158Z,charge_only,5.95,5.95,0.0,5.95,TOU
research_20260521_100-0056,user-008,EVSE-037,2026-05-21T01:17:51.641142Z,2026-05-21T02:32:51.641142Z,charge_only,13.517,13.517,0.0,13.517,TOU
research_20260521_100-0057,user-001,EVSE-029,2026-05-21T02:07:42.695199Z,2026-05-21T03:07:42.695199Z,charge_only,11.307,11.307,0.0,11.307,TOU
research_20260521_100-0058,user-003,EVSE-031,2026-05-21T21:49:12.476336Z,2026-05-21T22:29:12.476336Z,charge_only,6.836,6.836,0.0,6.836,TOU
research_20260521_100-0059,user-006,EVSE-007,2026-05-21T04:40:54.308665Z,2026-05-21T05:40:54.308665Z,bidirectional,4.861,6.0,1.139,4.861,TOU
research_20260521_100-0060,user-010,EVSE-035,2026-05-21T02:45:42.109373Z,2026-05-21T04:00:42.109373Z,charge_only,14.471,14.471,0.0,14.471,TOU
research_20260521_100-0061,user-003,EVSE-029,2026-05-21T02:44:00.249071Z,2026-05-21T03:04:00.249071Z,charge_only,3.552,3.552,0.0,3.552,TOU
research_20260521_100-0062,user-002,EVSE-041,2026-05-21T00:26:27.845137Z,2026-05-21T01:06:27.845137Z,charge_only,15.176,15.176,0.0,15.176,TOU
research_20260521_100-0063,user-006,EVSE-018,2026-05-21T18:08:15.647285Z,2026-05-21T18:38:15.647285Z,bidirectional,0.8,5.908,5.108,0.8,TOU
research_20260521_100-0064,user-003,EVSE-004,2026-05-21T11:01:05.384527Z,2026-05-21T11:31:05.384527Z,charge_only,3.485,3.485,0.0,3.485,TOU
research_20260521_100-0065,user-002,EVSE-026,2026-05-21T06:05:14.520237Z,2026-05-21T07:05:14.520237Z,charge_only,10.897,10.897,0.0,10.897,TOU
research_20260521_100-0066,user-008,EVSE-021,2026-05-21T22:13:10.402158Z,2026-05-21T22:33:10.402158Z,charge_only,3.725,3.725,0.0,3.725,TOU
research_20260521_100-0067,user-005,EVSE-031,2026-05-21T13:05:38.987921Z,2026-05-21T14:20:38.987921Z,bidirectional,9.82,11.552,1.732,9.82,TOU
research_20260521_100-0068,user-002,EVSE-047,2026-05-21T13:37:05.868797Z,2026-05-21T14:17:05.868797Z,charge_only,4.603,4.603,0.0,4.603,TOU
research_20260521_100-0069,user-005,EVSE-018,2026-05-21T15:32:37.769556Z,2026-05-21T16:47:37.769556Z,bidirectional,-2.465,11.969,14.434,-2.465,TOU
research_20260521_100-0070,user-006,EVSE-027,2026-05-21T15:33:31.576448Z,2026-05-21T16:03:31.576448Z,charge_only,3.557,3.557,0.0,3.557,TOU
research_20260521_100-0071,user-005,EVSE-043,2026-05-21T06:39:54.108387Z,2026-05-21T07:54:54.108387Z,bidirectional,22.619,24.665,2.046,22.619,TOU
research_20260521_100-0072,user-010,EVSE-009,2026-05-21T22:40:06.838784Z,2026-05-21T23:10:06.838784Z,charge_only,5.3,5.3,0.0,5.3,TOU
research_20260521_100-0073,user-009,EVSE-019,2026-05-21T10:34:26.283753Z,2026-05-21T11:14:26.283753Z,discharge_only,-4.727,0.0,4.727,-4.727,TOU
research_20260521_100-0074,user-006,EVSE-047,2026-05-21T19:51:30.157198Z,2026-05-21T21:06:30.157198Z,charge_only,13.979,13.979,0.0,13.979,TOU
research_20260521_100-0075,user-003,EVSE-049,2026-05-21T18:18:46.371451Z,2026-05-21T18:48:46.371451Z,bidirectional,0.23,2.808,2.578,0.23,TOU
research_20260521_100-0076,user-010,EVSE-006,2026-05-21T08:33:05.505830Z,2026-05-21T09:48:05.505830Z,charge_only,14.524,14.524,0.0,14.524,TOU
research_20260521_100-0077,user-008,EVSE-004,2026-05-21T10:03:19.539200Z,2026-05-21T10:23:19.539200Z,charge_only,3.436,3.436,0.0,3.436,TOU
research_20260521_100-0078,user-006,EVSE-040,2026-05-21T00:24:21.885794Z,2026-05-21T00:44:21.885794Z,charge_only,7.893,7.893,0.0,7.893,TOU
research_20260521_100-0079,user-005,EVSE-039,2026-05-21T14:41:07.209257Z,2026-05-21T15:21:07.209257Z,charge_only,14.074,14.074,0.0,14.074,TOU
research_20260521_100-0080,user-010,EVSE-043,2026-05-21T08:03:23.914041Z,2026-05-21T08:43:23.914041Z,charge_only,6.849,6.849,0.0,6.849,TOU
research_20260521_100-0081,user-009,EVSE-034,2026-05-21T21:44:25.663818Z,2026-05-21T22:44:25.663818Z,discharge_only,-22.208,0.0,22.208,-22.208,TOU
research_20260521_100-0082,user-010,EVSE-031,2026-05-21T20:50:17.362820Z,2026-05-21T21:50:17.362820Z,bidirectional,0.04,3.485,3.445,0.04,TOU
research_20260521_100-0083,user-010,EVSE-008,2026-05-21T00:21:24.401839Z,2026-05-21T01:21:24.401839Z,charge_only,10.732,10.732,0.0,10.732,TOU
research_20260521_100-0084,user-005,EVSE-003,2026-05-21T13:11:58.819360Z,2026-05-21T14:26:58.819360Z,charge_only,9.311,9.311,0.0,9.311,TOU
research_20260521_100-0085,user-003,EVSE-040,2026-05-21T05:46:16.124228Z,2026-05-21T06:46:16.124228Z,charge_only,11.175,11.175,0.0,11.175,TOU
research_20260521_100-0086,user-008,EVSE-016,2026-05-21T09:39:41.746700Z,2026-05-21T09:59:41.746700Z,charge_only,7.473,7.473,0.0,7.473,TOU
research_20260521_100-0087,user-002,EVSE-048,2026-05-21T11:25:10.934217Z,2026-05-21T12:05:10.934217Z,charge_only,4.648,4.648,0.0,4.648,TOU
research_20260521_100-0088,user-006,EVSE-012,2026-05-21T18:11:46.720133Z,2026-05-21T18:31:46.720133Z,charge_only,7.148,7.148,0.0,7.148,TOU
research_20260521_100-0089,user-008,EVSE-020,2026-05-21T08:49:18.022754Z,2026-05-21T09:19:18.022754Z,charge_only,3.751,3.751,0.0,3.751,TOU
research_20260521_100-0090,user-009,EVSE-026,2026-05-21T12:37:18.260073Z,2026-05-21T12:57:18.260073Z,bidirectional,-0.003,3.668,3.671,-0.003,TOU
research_20260521_100-0091,user-007,EVSE-012,2026-05-21T15:50:47.235306Z,2026-05-21T16:20:47.235306Z,charge_only,5.52,5.52,0.0,5.52,TOU
research_20260521_100-0092,user-002,EVSE-041,2026-05-21T16:06:47.720178Z,2026-05-21T16:46:47.720178Z,discharge_only,-6.951,0.0,6.951,-6.951,TOU
research_20260521_100-0093,user-002,EVSE-010,2026-05-21T07:52:29.712000Z,2026-05-21T08:52:29.712000Z,charge_only,10.954,10.954,0.0,10.954,TOU
research_20260521_100-0094,user-006,EVSE-012,2026-05-21T13:19:43.645415Z,2026-05-21T13:39:43.645415Z,bidirectional,-0.052,3.693,3.745,-0.052,TOU
research_20260521_100-0095,user-009,EVSE-029,2026-05-21T21:09:25.449990Z,2026-05-21T21:49:25.449990Z,discharge_only,-15.014,0.0,15.014,-15.014,TOU
research_20260521_100-0096,user-006,EVSE-041,2026-05-21T07:57:18.642102Z,2026-05-21T08:17:18.642102Z,charge_only,7.402,7.402,0.0,7.402,TOU
research_20260521_100-0097,user-004,EVSE-005,2026-05-21T21:04:14.283881Z,2026-05-21T21:34:14.283881Z,bidirectional,1.397,2.413,1.016,1.397,TOU
research_20260521_100-0098,user-008,EVSE-010,2026-05-21T11:21:59.895423Z,2026-05-21T12:21:59.895423Z,bidirectional,12.288,17.4,5.112,12.288,TOU
research_20260521_100-0099,user-004,EVSE-037,2026-05-21T15:40:43.605686Z,2026-05-21T16:55:43.605686Z,charge_only,13.43,13.43,0.0,13.43,TOU
research_20260521_100-0100,user-002,EVSE-039,2026-05-21T22:53:32.100196Z,2026-05-22T00:08:32.100196Z,charge_only,13.486,13.486,0.0,13.486,TOU
research_20260521_1000-0001,user-002,EVSE-046,2026-05-21T23:22:59.070749Z,2026-05-22T00:02:59.070749Z,bidirectional,3.404,4.028,0.624,3.404,TOU
research_20260521_1000-0002,user-004,EVSE-023,2026-05-21T13:12:08.338401Z,2026-05-21T13:52:08.338401Z,charge_only,4.893,4.893,0.0,4.893,TOU
research_20260521_1000-0003,user-008,EVSE-041,2026-05-21T11:06:49.892898Z,2026-05-21T12:06:49.892898Z,charge_only,7.318,7.318,0.0,7.318,TOU
research_20260521_1000-0004,user-006,EVSE-036,2026-05-21T18:57:18.592541Z,2026-05-21T19:37:18.592541Z,charge_only,15.207,15.207,0.0,15.207,TOU
research_20260521_1000-0005,user-001,EVSE-014,2026-05-21T18:29:10.246582Z,2026-05-21T18:49:10.246582Z,discharge_only,-3.741,0.0,3.741,-3.741,TOU
research_20260521_1000-0006,user-008,EVSE-009,2026-05-21T20:33:15.894586Z,2026-05-21T21:03:15.894586Z,charge_only,3.466,3.466,0.0,3.466,TOU
research_20260521_1000-0007,user-001,EVSE-001,2026-05-21T03:19:00.708605Z,2026-05-21T03:49:00.708605Z,bidirectional,0.471,5.582,5.111,0.471,TOU
research_20260521_1000-0008,user-009,EVSE-041,2026-05-21T05:57:44.158115Z,2026-05-21T06:37:44.158115Z,bidirectional,2.666,3.714,1.048,2.666,TOU
research_20260521_1000-0009,user-006,EVSE-036,2026-05-21T05:40:59.066874Z,2026-05-21T06:55:59.066874Z,charge_only,27.805,27.805,0.0,27.805,TOU
research_20260521_1000-0010,user-010,EVSE-029,2026-05-21T13:49:40.881967Z,2026-05-21T14:19:40.881967Z,charge_only,10.482,10.482,0.0,10.482,TOU
research_20260521_1000-0011,user-006,EVSE-031,2026-05-21T23:28:42.639935Z,2026-05-22T00:43:42.639935Z,charge_only,8.959,8.959,0.0,8.959,TOU
research_20260521_1000-0012,user-002,EVSE-013,2026-05-21T08:10:03.890442Z,2026-05-21T08:50:03.890442Z,discharge_only,-7.311,0.0,7.311,-7.311,TOU
research_20260521_1000-0013,user-007,EVSE-026,2026-05-21T19:34:46.633708Z,2026-05-21T20:34:46.633708Z,charge_only,7.205,7.205,0.0,7.205,TOU
research_20260521_1000-0014,user-001,EVSE-034,2026-05-21T00:20:09.315897Z,2026-05-21T01:00:09.315897Z,bidirectional,-0.141,3.852,3.993,-0.141,TOU
research_20260521_1000-0015,user-002,EVSE-040,2026-05-21T03:33:04.004082Z,2026-05-21T03:53:04.004082Z,bidirectional,3.936,6.033,2.097,3.936,TOU
research_20260521_1000-0016,user-010,EVSE-040,2026-05-21T11:26:11.573378Z,2026-05-21T12:06:11.573378Z,charge_only,4.855,4.855,0.0,4.855,TOU
research_20260521_1000-0017,user-002,EVSE-036,2026-05-21T11:04:48.387486Z,2026-05-21T12:19:48.387486Z,bidirectional,2.972,8.628,5.656,2.972,TOU
research_20260521_1000-0018,user-004,EVSE-018,2026-05-21T06:45:38.307031Z,2026-05-21T07:15:38.307031Z,charge_only,11.507,11.507,0.0,11.507,TOU
research_20260521_1000-0019,user-003,EVSE-038,2026-05-21T08:41:33.404201Z,2026-05-21T09:21:33.404201Z,charge_only,4.68,4.68,0.0,4.68,TOU
research_20260521_1000-0020,user-001,EVSE-040,2026-05-21T16:35:06.478566Z,2026-05-21T16:55:06.478566Z,bidirectional,1.885,2.898,1.013,1.885,TOU
research_20260521_1000-0021,user-004,EVSE-045,2026-05-21T03:13:58.067847Z,2026-05-21T03:43:58.067847Z,bidirectional,-0.048,2.557,2.605,-0.048,TOU
research_20260521_1000-0022,user-008,EVSE-002,2026-05-21T18:38:41.726804Z,2026-05-21T19:38:41.726804Z,discharge_only,-11.192,0.0,11.192,-11.192,TOU
research_20260521_1000-0023,user-003,EVSE-001,2026-05-21T10:02:57.047005Z,2026-05-21T10:42:57.047005Z,bidirectional,0.245,2.433,2.188,0.245,TOU
research_20260521_1000-0024,user-004,EVSE-033,2026-05-21T15:14:31.264838Z,2026-05-21T15:34:31.264838Z,charge_only,7.517,7.517,0.0,7.517,TOU
research_20260521_1000-0025,user-007,EVSE-011,2026-05-21T07:15:01.193014Z,2026-05-21T08:30:01.193014Z,bidirectional,0.817,4.91,4.093,0.817,TOU
research_20260521_1000-0026,user-010,EVSE-030,2026-05-21T15:56:19.734733Z,2026-05-21T16:26:19.734733Z,discharge_only,-11.153,0.0,11.153,-11.153,TOU
research_20260521_1000-0027,user-004,EVSE-008,2026-05-21T06:44:34.912901Z,2026-05-21T07:44:34.912901Z,discharge_only,-11.039,0.0,11.039,-11.039,TOU
research_20260521_1000-0028,user-009,EVSE-005,2026-05-21T00:16:26.092055Z,2026-05-21T01:31:26.092055Z,charge_only,13.549,13.549,0.0,13.549,TOU
research_20260521_1000-0029,user-006,EVSE-001,2026-05-21T16:18:37.093289Z,2026-05-21T17:33:37.093289Z,bidirectional,3.691,6.217,2.526,3.691,TOU
research_20260521_1000-0030,user-007,EVSE-040,2026-05-21T03:30:02.097071Z,2026-05-21T04:30:02.097071Z,charge_only,21.809,21.809,0.0,21.809,TOU
research_20260521_1000-0031,user-010,EVSE-014,2026-05-21T10:26:16.532667Z,2026-05-21T10:46:16.532667Z,charge_only,2.568,2.568,0.0,2.568,TOU
research_20260521_1000-0032,user-007,EVSE-016,2026-05-21T17:18:18.628409Z,2026-05-21T18:18:18.628409Z,charge_only,11.264,11.264,0.0,11.264,TOU
research_20260521_1000-0033,user-010,EVSE-013,2026-05-21T01:14:13.793280Z,2026-05-21T02:14:13.793280Z,bidirectional,9.654,14.861,5.207,9.654,TOU
research_20260521_1000-0034,user-004,EVSE-027,2026-05-21T21:32:15.727209Z,2026-05-21T22:12:15.727209Z,charge_only,15.024,15.024,0.0,15.024,TOU
research_20260521_1000-0035,user-006,EVSE-016,2026-05-21T08:43:45.446833Z,2026-05-21T09:43:45.446833Z,bidirectional,14.902,18.497,3.595,14.902,TOU
research_20260521_1000-0036,user-007,EVSE-042,2026-05-21T15:54:35.332041Z,2026-05-21T16:54:35.332041Z,bidirectional,6.964,8.847,1.883,6.964,TOU
research_20260521_1000-0037,user-001,EVSE-022,2026-05-21T21:45:00.190512Z,2026-05-21T22:15:00.190512Z,charge_only,5.412,5.412,0.0,5.412,TOU
research_20260521_1000-0038,user-005,EVSE-031,2026-05-21T17:56:58.722376Z,2026-05-21T18:16:58.722376Z,bidirectional,3.361,5.245,1.884,3.361,TOU
research_20260521_1000-0039,user-009,EVSE-004,2026-05-21T09:39:37.280020Z,2026-05-21T09:59:37.280020Z,bidirectional,-0.033,1.226,1.259,-0.033,TOU
research_20260521_1000-0040,user-003,EVSE-010,2026-05-21T08:40:28.061799Z,2026-05-21T09:40:28.061799Z,charge_only,7.14,7.14,0.0,7.14,TOU
research_20260521_1000-0041,user-002,EVSE-029,2026-05-21T00:07:45.474198Z,2026-05-21T00:27:45.474198Z,charge_only,7.132,7.132,0.0,7.132,TOU
research_20260521_1000-0042,user-010,EVSE-005,2026-05-21T00:13:21.299096Z,2026-05-21T00:53:21.299096Z,charge_only,14.805,14.805,0.0,14.805,TOU
research_20260521_1000-0043,user-010,EVSE-038,2026-05-21T12:42:19.561814Z,2026-05-21T13:02:19.561814Z,bidirectional,0.136,1.345,1.209,0.136,TOU
research_20260521_1000-0044,user-007,EVSE-008,2026-05-21T21:13:43.327467Z,2026-05-21T21:43:43.327467Z,bidirectional,3.91,7.517,3.607,3.91,TOU
research_20260521_1000-0045,user-007,EVSE-042,2026-05-21T01:21:32.772800Z,2026-05-21T02:36:32.772800Z,charge_only,27.548,27.548,0.0,27.548,TOU
research_20260521_1000-0046,user-010,EVSE-008,2026-05-21T13:31:19.537117Z,2026-05-21T14:31:19.537117Z,charge_only,7.084,7.084,0.0,7.084,TOU
research_20260521_1000-0047,user-009,EVSE-032,2026-05-21T04:11:06.289638Z,2026-05-21T04:31:06.289638Z,charge_only,7.108,7.108,0.0,7.108,TOU
research_20260521_1000-0048,user-004,EVSE-036,2026-05-21T17:34:26.341013Z,2026-05-21T18:04:26.341013Z,discharge_only,-5.532,0.0,5.532,-5.532,TOU
research_20260521_1000-0049,user-004,EVSE-046,2026-05-21T00:10:08.983156Z,2026-05-21T00:30:08.983156Z,charge_only,3.716,3.716,0.0,3.716,TOU
research_20260521_1000-0050,user-008,EVSE-032,2026-05-21T18:08:01.649715Z,2026-05-21T19:23:01.649715Z,discharge_only,-8.67,0.0,8.67,-8.67,TOU
research_20260521_1000-0051,user-008,EVSE-009,2026-05-21T15:42:01.291438Z,2026-05-21T16:57:01.291438Z,discharge_only,-27.453,0.0,27.453,-27.453,TOU
research_20260521_1000-0052,user-002,EVSE-035,2026-05-21T03:00:09.951682Z,2026-05-21T04:00:09.951682Z,charge_only,7.328,7.328,0.0,7.328,TOU
research_20260521_1000-0053,user-008,EVSE-007,2026-05-21T03:02:46.107297Z,2026-05-21T03:22:46.107297Z,bidirectional,0.308,3.683,3.375,0.308,TOU
research_20260521_1000-0054,user-001,EVSE-012,2026-05-21T22:52:46.380306Z,2026-05-21T23:12:46.380306Z,discharge_only,-3.591,0.0,3.591,-3.591,TOU
research_20260521_1000-0055,user-007,EVSE-019,2026-05-21T09:06:37.024158Z,2026-05-21T09:36:37.024158Z,charge_only,5.95,5.95,0.0,5.95,TOU
research_20260521_1000-0056,user-008,EVSE-037,2026-05-21T01:17:51.641142Z,2026-05-21T02:32:51.641142Z,charge_only,13.517,13.517,0.0,13.517,TOU
research_20260521_1000-0057,user-001,EVSE-029,2026-05-21T02:07:42.695199Z,2026-05-21T03:07:42.695199Z,charge_only,11.307,11.307,0.0,11.307,TOU
research_20260521_1000-0058,user-003,EVSE-031,2026-05-21T21:49:12.476336Z,2026-05-21T22:29:12.476336Z,charge_only,6.836,6.836,0.0,6.836,TOU
research_20260521_1000-0059,user-006,EVSE-007,2026-05-21T04:40:54.308665Z,2026-05-21T05:40:54.308665Z,bidirectional,4.861,6.0,1.139,4.861,TOU
research_20260521_1000-0060,user-010,EVSE-035,2026-05-21T02:45:42.109373Z,2026-05-21T04:00:42.109373Z,charge_only,14.471,14.471,0.0,14.471,TOU
research_20260521_1000-0061,user-003,EVSE-029,2026-05-21T02:44:00.249071Z,2026-05-21T03:04:00.249071Z,charge_only,3.552,3.552,0.0,3.552,TOU
research_20260521_1000-0062,user-002,EVSE-041,2026-05-21T00:26:27.845137Z,2026-05-21T01:06:27.845137Z,charge_only,15.176,15.176,0.0,15.176,TOU
research_20260521_1000-0063,user-006,EVSE-018,2026-05-21T18:08:15.647285Z,2026-05-21T18:38:15.647285Z,bidirectional,0.8,5.908,5.108,0.8,TOU
research_20260521_1000-0064,user-003,EVSE-004,2026-05-21T11:01:05.384527Z,2026-05-21T11:31:05.384527Z,charge_only,3.485,3.485,0.0,3.485,TOU
research_20260521_1000-0065,user-002,EVSE-026,2026-05-21T06:05:14.520237Z,2026-05-21T07:05:14.520237Z,charge_only,10.897,10.897,0.0,10.897,TOU
research_20260521_1000-0066,user-008,EVSE-021,2026-05-21T22:13:10.402158Z,2026-05-21T22:33:10.402158Z,charge_only,3.725,3.725,0.0,3.725,TOU
research_20260521_1000-0067,user-005,EVSE-031,2026-05-21T13:05:38.987921Z,2026-05-21T14:20:38.987921Z,bidirectional,9.82,11.552,1.732,9.82,TOU
research_20260521_1000-0068,user-002,EVSE-047,2026-05-21T13:37:05.868797Z,2026-05-21T14:17:05.868797Z,charge_only,4.603,4.603,0.0,4.603,TOU
research_20260521_1000-0069,user-005,EVSE-018,2026-05-21T15:32:37.769556Z,2026-05-21T16:47:37.769556Z,bidirectional,-2.465,11.969,14.434,-2.465,TOU
research_20260521_1000-0070,user-006,EVSE-027,2026-05-21T15:33:31.576448Z,2026-05-21T16:03:31.576448Z,charge_only,3.557,3.557,0.0,3.557,TOU
research_20260521_1000-0071,user-005,EVSE-043,2026-05-21T06:39:54.108387Z,2026-05-21T07:54:54.108387Z,bidirectional,22.619,24.665,2.046,22.619,TOU
research_20260521_1000-0072,user-010,EVSE-009,2026-05-21T22:40:06.838784Z,2026-05-21T23:10:06.838784Z,charge_only,5.3,5.3,0.0,5.3,TOU
research_20260521_1000-0073,user-009,EVSE-019,2026-05-21T10:34:26.283753Z,2026-05-21T11:14:26.283753Z,discharge_only,-4.727,0.0,4.727,-4.727,TOU
research_20260521_1000-0074,user-006,EVSE-047,2026-05-21T19:51:30.157198Z,2026-05-21T21:06:30.157198Z,charge_only,13.979,13.979,0.0,13.979,TOU
research_20260521_1000-0075,user-003,EVSE-049,2026-05-21T18:18:46.371451Z,2026-05-21T18:48:46.371451Z,bidirectional,0.23,2.808,2.578,0.23,TOU
research_20260521_1000-0076,user-010,EVSE-006,2026-05-21T08:33:05.505830Z,2026-05-21T09:48:05.505830Z,charge_only,14.524,14.524,0.0,14.524,TOU
research_20260521_1000-0077,user-008,EVSE-004,2026-05-21T10:03:19.539200Z,2026-05-21T10:23:19.539200Z,charge_only,3.436,3.436,0.0,3.436,TOU
research_20260521_1000-0078,user-006,EVSE-040,2026-05-21T00:24:21.885794Z,2026-05-21T00:44:21.885794Z,charge_only,7.893,7.893,0.0,7.893,TOU
research_20260521_1000-0079,user-005,EVSE-039,2026-05-21T14:41:07.209257Z,2026-05-21T15:21:07.209257Z,charge_only,14.074,14.074,0.0,14.074,TOU
research_20260521_1000-0080,user-010,EVSE-043,2026-05-21T08:03:23.914041Z,2026-05-21T08:43:23.914041Z,charge_only,6.849,6.849,0.0,6.849,TOU
research_20260521_1000-0081,user-009,EVSE-034,2026-05-21T21:44:25.663818Z,2026-05-21T22:44:25.663818Z,discharge_only,-22.208,0.0,22.208,-22.208,TOU
research_20260521_1000-0082,user-010,EVSE-031,2026-05-21T20:50:17.362820Z,2026-05-21T21:50:17.362820Z,bidirectional,0.04,3.485,3.445,0.04,TOU
research_20260521_1000-0083,user-010,EVSE-008,2026-05-21T00:21:24.401839Z,2026-05-21T01:21:24.401839Z,charge_only,10.732,10.732,0.0,10.732,TOU
research_20260521_1000-0084,user-005,EVSE-003,2026-05-21T13:11:58.819360Z,2026-05-21T14:26:58.819360Z,charge_only,9.311,9.311,0.0,9.311,TOU
research_20260521_1000-0085,user-003,EVSE-040,2026-05-21T05:46:16.124228Z,2026-05-21T06:46:16.124228Z,charge_only,11.175,11.175,0.0,11.175,TOU
research_20260521_1000-0086,user-008,EVSE-016,2026-05-21T09:39:41.746700Z,2026-05-21T09:59:41.746700Z,charge_only,7.473,7.473,0.0,7.473,TOU
research_20260521_1000-0087,user-002,EVSE-048,2026-05-21T11:25:10.934217Z,2026-05-21T12:05:10.934217Z,charge_only,4.648,4.648,0.0,4.648,TOU
research_20260521_1000-0088,user-006,EVSE-012,2026-05-21T18:11:46.720133Z,2026-05-21T18:31:46.720133Z,charge_only,7.148,7.148,0.0,7.148,TOU
research_20260521_1000-0089,user-008,EVSE-020,2026-05-21T08:49:18.022754Z,2026-05-21T09:19:18.022754Z,charge_only,3.751,3.751,0.0,3.751,TOU
research_20260521_1000-0090,user-009,EVSE-026,2026-05-21T12:37:18.260073Z,2026-05-21T12:57:18.260073Z,bidirectional,-0.003,3.668,3.671,-0.003,TOU
research_20260521_1000-0091,user-007,EVSE-012,2026-05-21T15:50:47.235306Z,2026-05-21T16:20:47.235306Z,charge_only,5.52,5.52,0.0,5.52,TOU
research_20260521_1000-0092,user-002,EVSE-041,2026-05-21T16:06:47.720178Z,2026-05-21T16:46:47.720178Z,discharge_only,-6.951,0.0,6.951,-6.951,TOU
research_20260521_1000-0093,user-002,EVSE-010,2026-05-21T07:52:29.712000Z,2026-05-21T08:52:29.712000Z,charge_only,10.954,10.954,0.0,10.954,TOU
research_20260521_1000-0094,user-006,EVSE-012,2026-05-21T13:19:43.645415Z,2026-05-21T13:39:43.645415Z,bidirectional,-0.052,3.693,3.745,-0.052,TOU
research_20260521_1000-0095,user-009,EVSE-029,2026-05-21T21:09:25.449990Z,2026-05-21T21:49:25.449990Z,discharge_only,-15.014,0.0,15.014,-15.014,TOU
research_20260521_1000-0096,user-006,EVSE-041,2026-05-21T07:57:18.642102Z,2026-05-21T08:17:18.642102Z,charge_only,7.402,7.402,0.0,7.402,TOU
research_20260521_1000-0097,user-004,EVSE-005,2026-05-21T21:04:14.283881Z,2026-05-21T21:34:14.283881Z,bidirectional,1.397,2.413,1.016,1.397,TOU
research_20260521_1000-0098,user-008,EVSE-010,2026-05-21T11:21:59.895423Z,2026-05-21T12:21:59.895423Z,bidirectional,12.288,17.4,5.112,12.288,TOU
research_20260521_1000-0099,user-004,EVSE-037,2026-05-21T15:40:43.605686Z,2026-05-21T16:55:43.605686Z,charge_only,13.43,13.43,0.0,13.43,TOU
research_20260521_1000-0100,user-002,EVSE-039,2026-05-21T22:53:32.100196Z,2026-05-22T00:08:32.100196Z,charge_only,13.486,13.486,0.0,13.486,TOU
research_20260521_1000-0101,user-006,EVSE-040,2026-05-21T06:21:45.141185Z,2026-05-21T07:01:45.141185Z,bidirectional,1.584,4.391,2.807,1.584,TOU
research_20260521_1000-0102,user-003,EVSE-042,2026-05-21T04:27:35.514068Z,2026-05-21T05:42:35.514068Z,discharge_only,-27.141,0.0,27.141,-27.141,TOU
research_20260521_1000-0103,user-001,EVSE-044,2026-05-21T03:39:04.307630Z,2026-05-21T04:39:04.307630Z,charge_only,7.046,7.046,0.0,7.046,TOU
research_20260521_1000-0104,user-002,EVSE-030,2026-05-21T14:31:46.719220Z,2026-05-21T15:11:46.719220Z,charge_only,14.521,14.521,0.0,14.521,TOU
research_20260521_1000-0105,user-003,EVSE-050,2026-05-21T16:06:43.750764Z,2026-05-21T17:21:43.750764Z,bidirectional,4.614,9.056,4.442,4.614,TOU
research_20260521_1000-0106,user-001,EVSE-008,2026-05-21T09:58:43.588863Z,2026-05-21T10:28:43.588863Z,charge_only,11.404,11.404,0.0,11.404,TOU
research_20260521_1000-0107,user-007,EVSE-036,2026-05-21T20:20:56.339298Z,2026-05-21T20:50:56.339298Z,charge_only,5.333,5.333,0.0,5.333,TOU
research_20260521_1000-0108,user-009,EVSE-040,2026-05-21T14:56:22.339338Z,2026-05-21T15:26:22.339338Z,charge_only,5.206,5.206,0.0,5.206,TOU
research_20260521_1000-0109,user-005,EVSE-047,2026-05-21T10:35:21.313370Z,2026-05-21T11:05:21.313370Z,charge_only,4.92,4.92,0.0,4.92,TOU
research_20260521_1000-0110,user-009,EVSE-009,2026-05-21T14:52:14.422384Z,2026-05-21T15:52:14.422384Z,charge_only,11.379,11.379,0.0,11.379,TOU
research_20260521_1000-0111,user-004,EVSE-021,2026-05-21T18:09:51.625481Z,2026-05-21T19:24:51.625481Z,charge_only,8.987,8.987,0.0,8.987,TOU
research_20260521_1000-0112,user-002,EVSE-003,2026-05-21T08:19:41.389692Z,2026-05-21T08:49:41.389692Z,charge_only,10.926,10.926,0.0,10.926,TOU
research_20260521_1000-0113,user-008,EVSE-008,2026-05-21T19:30:42.675002Z,2026-05-21T20:10:42.675002Z,bidirectional,3.819,4.352,0.533,3.819,TOU
research_20260521_1000-0114,user-005,EVSE-041,2026-05-21T06:44:13.117813Z,2026-05-21T07:04:13.117813Z,discharge_only,-7.844,0.0,7.844,-7.844,TOU
research_20260521_1000-0115,user-009,EVSE-008,2026-05-21T16:06:47.136685Z,2026-05-21T17:06:47.136685Z,bidirectional,13.706,17.917,4.211,13.706,TOU
research_20260521_1000-0116,user-009,EVSE-031,2026-05-21T01:49:43.640395Z,2026-05-21T02:29:43.640395Z,bidirectional,3.006,8.652,5.646,3.006,TOU
research_20260521_1000-0117,user-004,EVSE-004,2026-05-21T05:41:55.328834Z,2026-05-21T06:56:55.328834Z,charge_only,9.065,9.065,0.0,9.065,TOU
research_20260521_1000-0118,user-008,EVSE-012,2026-05-21T10:26:58.073607Z,2026-05-21T11:41:58.073607Z,charge_only,13.636,13.636,0.0,13.636,TOU
research_20260521_1000-0119,user-007,EVSE-001,2026-05-21T14:59:46.576457Z,2026-05-21T15:59:46.576457Z,charge_only,10.489,10.489,0.0,10.489,TOU
research_20260521_1000-0120,user-008,EVSE-046,2026-05-21T07:49:09.612288Z,2026-05-21T09:04:09.612288Z,charge_only,14.166,14.166,0.0,14.166,TOU
research_20260521_1000-0121,user-001,EVSE-044,2026-05-21T14:19:44.273690Z,2026-05-21T14:49:44.273690Z,bidirectional,7.276,8.958,1.682,7.276,TOU
research_20260521_1000-0122,user-003,EVSE-020,2026-05-21T00:19:35.903553Z,2026-05-21T01:34:35.903553Z,discharge_only,-9.04,0.0,9.04,-9.04,TOU
research_20260521_1000-0123,user-008,EVSE-025,2026-05-21T18:12:00.348469Z,2026-05-21T18:42:00.348469Z,charge_only,5.724,5.724,0.0,5.724,TOU
research_20260521_1000-0124,user-002,EVSE-043,2026-05-21T01:50:59.664570Z,2026-05-21T02:30:59.664570Z,charge_only,4.771,4.771,0.0,4.771,TOU
research_20260521_1000-0125,user-006,EVSE-016,2026-05-21T16:42:24.554585Z,2026-05-21T17:02:24.554585Z,charge_only,2.49,2.49,0.0,2.49,TOU
research_20260521_1000-0126,user-007,EVSE-017,2026-05-21T02:01:13.073891Z,2026-05-21T03:16:13.073891Z,charge_only,13.86,13.86,0.0,13.86,TOU
research_20260521_1000-0127,user-007,EVSE-042,2026-05-21T16:53:55.386359Z,2026-05-21T17:23:55.386359Z,bidirectional,0.093,2.761,2.668,0.093,TOU
research_20260521_1000-0128,user-006,EVSE-040,2026-05-21T19:55:15.442582Z,2026-05-21T21:10:15.442582Z,bidirectional,11.702,12.563,0.861,11.702,TOU
research_20260521_1000-0129,user-001,EVSE-037,2026-05-21T23:49:28.692356Z,2026-05-22T01:04:28.692356Z,bidirectional,4.61,9.073,4.463,4.61,TOU
research_20260521_1000-0130,user-005,EVSE-031,2026-05-21T07:33:58.803559Z,2026-05-21T07:53:58.803559Z,charge_only,7.255,7.255,0.0,7.255,TOU
research_20260521_1000-0131,user-003,EVSE-035,2026-05-21T21:59:55.919015Z,2026-05-21T22:59:55.919015Z,charge_only,22.393,22.393,0.0,22.393,TOU
research_20260521_1000-0132,user-006,EVSE-035,2026-05-21T23:36:27.140575Z,2026-05-22T00:06:27.140575Z,bidirectional,0.403,5.757,5.354,0.403,TOU
research_20260521_1000-0133,user-003,EVSE-039,2026-05-21T05:00:40.965436Z,2026-05-21T05:20:40.965436Z,charge_only,7.139,7.139,0.0,7.139,TOU
research_20260521_1000-0134,user-007,EVSE-050,2026-05-21T00:43:45.266450Z,2026-05-21T01:23:45.266450Z,charge_only,4.809,4.809,0.0,4.809,TOU
research_20260521_1000-0135,user-002,EVSE-024,2026-05-21T22:00:51.915964Z,2026-05-21T22:30:51.915964Z,charge_only,5.342,5.342,0.0,5.342,TOU
research_20260521_1000-0136,user-002,EVSE-016,2026-05-21T19:29:09.349903Z,2026-05-21T20:29:09.349903Z,charge_only,22.083,22.083,0.0,22.083,TOU
research_20260521_1000-0137,user-007,EVSE-040,2026-05-21T19:54:55.049211Z,2026-05-21T20:34:55.049211Z,bidirectional,3.921,5.675,1.754,3.921,TOU
research_20260521_1000-0138,user-005,EVSE-026,2026-05-21T23:49:15.299282Z,2026-05-22T00:49:15.299282Z,charge_only,10.41,10.41,0.0,10.41,TOU
research_20260521_1000-0139,user-008,EVSE-044,2026-05-21T00:45:25.269414Z,2026-05-21T01:15:25.269414Z,discharge_only,-5.531,0.0,5.531,-5.531,TOU
research_20260521_1000-0140,user-008,EVSE-020,2026-05-21T01:21:06.967308Z,2026-05-21T01:51:06.967308Z,charge_only,5.361,5.361,0.0,5.361,TOU
research_20260521_1000-0141,user-007,EVSE-045,2026-05-21T05:02:43.767658Z,2026-05-21T05:22:43.767658Z,charge_only,3.336,3.336,0.0,3.336,TOU
research_20260521_1000-0142,user-006,EVSE-033,2026-05-21T07:08:38.797598Z,2026-05-21T08:23:38.797598Z,charge_only,28.076,28.076,0.0,28.076,TOU
research_20260521_1000-0143,user-010,EVSE-047,2026-05-21T18:40:42.857994Z,2026-05-21T19:20:42.857994Z,charge_only,7.54,7.54,0.0,7.54,TOU
research_20260521_1000-0144,user-008,EVSE-030,2026-05-21T05:09:39.072214Z,2026-05-21T06:24:39.072214Z,discharge_only,-14.335,0.0,14.335,-14.335,TOU
research_20260521_1000-0145,user-003,EVSE-008,2026-05-21T19:30:36.169655Z,2026-05-21T20:30:36.169655Z,bidirectional,1.886,6.447,4.561,1.886,TOU
research_20260521_1000-0146,user-009,EVSE-038,2026-05-21T00:48:04.823044Z,2026-05-21T01:28:04.823044Z,discharge_only,-15.284,0.0,15.284,-15.284,TOU
research_20260521_1000-0147,user-002,EVSE-028,2026-05-21T18:15:27.316436Z,2026-05-21T18:35:27.316436Z,discharge_only,-2.292,0.0,2.292,-2.292,TOU
research_20260521_1000-0148,user-003,EVSE-011,2026-05-21T10:39:55.553448Z,2026-05-21T11:39:55.553448Z,bidirectional,5.654,8.14,2.486,5.654,TOU
research_20260521_1000-0149,user-004,EVSE-024,2026-05-21T16:58:23.431814Z,2026-05-21T17:38:23.431814Z,charge_only,4.762,4.762,0.0,4.762,TOU
research_20260521_1000-0150,user-008,EVSE-045,2026-05-21T10:52:15.077064Z,2026-05-21T11:52:15.077064Z,charge_only,7.659,7.659,0.0,7.659,TOU
research_20260521_1000-0151,user-007,EVSE-019,2026-05-21T19:59:59.188232Z,2026-05-21T20:29:59.188232Z,charge_only,3.635,3.635,0.0,3.635,TOU
research_20260521_1000-0152,user-009,EVSE-009,2026-05-21T00:19:53.810685Z,2026-05-21T00:39:53.810685Z,charge_only,2.565,2.565,0.0,2.565,TOU
research_20260521_1000-0153,user-003,EVSE-050,2026-05-21T06:54:35.485060Z,2026-05-21T07:24:35.485060Z,discharge_only,-11.386,0.0,11.386,-11.386,TOU
research_20260521_1000-0154,user-005,EVSE-005,2026-05-21T07:18:37.607601Z,2026-05-21T07:58:37.607601Z,charge_only,7.129,7.129,0.0,7.129,TOU
research_20260521_1000-0155,user-007,EVSE-011,2026-05-21T04:11:13.163244Z,2026-05-21T05:11:13.163244Z,discharge_only,-11.063,0.0,11.063,-11.063,TOU
research_20260521_1000-0156,user-007,EVSE-042,2026-05-21T19:07:39.706967Z,2026-05-21T19:37:39.706967Z,discharge_only,-11.517,0.0,11.517,-11.517,TOU
research_20260521_1000-0157,user-005,EVSE-001,2026-05-21T06:33:34.605396Z,2026-05-21T07:03:34.605396Z,charge_only,5.541,5.541,0.0,5.541,TOU
research_20260521_1000-0158,user-002,EVSE-001,2026-05-21T00:16:03.415822Z,2026-05-21T01:16:03.415822Z,bidirectional,19.256,21.217,1.961,19.256,TOU
research_20260521_1000-0159,user-006,EVSE-023,2026-05-21T06:38:41.872922Z,2026-05-21T07:08:41.872922Z,charge_only,5.667,5.667,0.0,5.667,TOU
research_20260521_1000-0160,user-003,EVSE-043,2026-05-21T18:02:11.257203Z,2026-05-21T18:22:11.257203Z,charge_only,2.37,2.37,0.0,2.37,TOU
research_20260521_1000-0161,user-010,EVSE-037,2026-05-21T11:45:17.250288Z,2026-05-21T12:45:17.250288Z,charge_only,11.284,11.284,0.0,11.284,TOU
research_20260521_1000-0162,user-003,EVSE-026,2026-05-21T05:40:40.478966Z,2026-05-21T06:00:40.478966Z,charge_only,2.629,2.629,0.0,2.629,TOU
research_20260521_1000-0163,user-009,EVSE-042,2026-05-21T05:34:21.695942Z,2026-05-21T06:34:21.695942Z,discharge_only,-22.35,0.0,22.35,-22.35,TOU
research_20260521_1000-0164,user-004,EVSE-009,2026-05-21T22:35:36.926436Z,2026-05-21T22:55:36.926436Z,bidirectional,1.659,2.508,0.849,1.659,TOU
research_20260521_1000-0165,user-006,EVSE-017,2026-05-21T11:25:52.336660Z,2026-05-21T12:05:52.336660Z,discharge_only,-4.599,0.0,4.599,-4.599,TOU
research_20260521_1000-0166,user-002,EVSE-003,2026-05-21T12:04:32.850044Z,2026-05-21T13:19:32.850044Z,bidirectional,8.51,11.654,3.144,8.51,TOU
research_20260521_1000-0167,user-007,EVSE-015,2026-05-21T18:35:41.876886Z,2026-05-21T19:05:41.876886Z,charge_only,5.48,5.48,0.0,5.48,TOU
research_20260521_1000-0168,user-007,EVSE-047,2026-05-21T22:19:44.755776Z,2026-05-21T23:19:44.755776Z,charge_only,11.172,11.172,0.0,11.172,TOU
research_20260521_1000-0169,user-004,EVSE-006,2026-05-21T20:22:11.065045Z,2026-05-21T21:22:11.065045Z,bidirectional,3.554,5.292,1.738,3.554,TOU
research_20260521_1000-0170,user-009,EVSE-016,2026-05-21T14:04:11.892178Z,2026-05-21T14:44:11.892178Z,charge_only,7.666,7.666,0.0,7.666,TOU
research_20260521_1000-0171,user-007,EVSE-008,2026-05-21T07:09:57.307614Z,2026-05-21T07:49:57.307614Z,charge_only,7.806,7.806,0.0,7.806,TOU
research_20260521_1000-0172,user-004,EVSE-020,2026-05-21T13:08:14.364554Z,2026-05-21T14:08:14.364554Z,charge_only,10.922,10.922,0.0,10.922,TOU
research_20260521_1000-0173,user-001,EVSE-038,2026-05-21T01:07:58.853170Z,2026-05-21T02:07:58.853170Z,charge_only,22.147,22.147,0.0,22.147,TOU
research_20260521_1000-0174,user-002,EVSE-022,2026-05-21T23:27:36.464211Z,2026-05-21T23:47:36.464211Z,charge_only,2.411,2.411,0.0,2.411,TOU
research_20260521_1000-0175,user-001,EVSE-009,2026-05-21T19:57:05.732366Z,2026-05-21T21:12:05.732366Z,charge_only,14.155,14.155,0.0,14.155,TOU
research_20260521_1000-0176,user-009,EVSE-034,2026-05-21T18:00:13.633956Z,2026-05-21T19:15:13.633956Z,charge_only,9.187,9.187,0.0,9.187,TOU
research_20260521_1000-0177,user-004,EVSE-015,2026-05-21T00:36:28.139946Z,2026-05-21T00:56:28.139946Z,charge_only,2.506,2.506,0.0,2.506,TOU
research_20260521_1000-0178,user-007,EVSE-013,2026-05-21T15:28:04.879574Z,2026-05-21T15:58:04.879574Z,bidirectional,1.287,2.304,1.017,1.287,TOU
research_20260521_1000-0179,user-008,EVSE-022,2026-05-21T10:58:20.434429Z,2026-05-21T11:28:20.434429Z,bidirectional,3.358,4.264,0.906,3.358,TOU
research_20260521_1000-0180,user-006,EVSE-043,2026-05-21T22:33:14.364810Z,2026-05-21T23:03:14.364810Z,charge_only,11.307,11.307,0.0,11.307,TOU
research_20260521_1000-0181,user-005,EVSE-040,2026-05-21T16:14:27.083142Z,2026-05-21T16:44:27.083142Z,charge_only,10.734,10.734,0.0,10.734,TOU
research_20260521_1000-0182,user-010,EVSE-041,2026-05-21T04:26:11.153971Z,2026-05-21T05:26:11.153971Z,charge_only,10.876,10.876,0.0,10.876,TOU
research_20260521_1000-0183,user-003,EVSE-043,2026-05-21T16:02:07.047979Z,2026-05-21T16:22:07.047979Z,discharge_only,-2.524,0.0,2.524,-2.524,TOU
research_20260521_1000-0184,user-008,EVSE-011,2026-05-21T23:42:35.418406Z,2026-05-22T00:12:35.418406Z,charge_only,3.567,3.567,0.0,3.567,TOU
research_20260521_1000-0185,user-007,EVSE-011,2026-05-21T15:33:13.626973Z,2026-05-21T16:33:13.626973Z,charge_only,7.109,7.109,0.0,7.109,TOU
research_20260521_1000-0186,user-002,EVSE-032,2026-05-21T15:52:21.069521Z,2026-05-21T17:07:21.069521Z,charge_only,13.236,13.236,0.0,13.236,TOU
research_20260521_1000-0187,user-007,EVSE-017,2026-05-21T21:52:48.909756Z,2026-05-21T23:07:48.909756Z,bidirectional,12.368,13.438,1.07,12.368,TOU
research_20260521_1000-0188,user-005,EVSE-025,2026-05-21T10:26:29.094804Z,2026-05-21T10:56:29.094804Z,charge_only,10.313,10.313,0.0,10.313,TOU
research_20260521_1000-0189,user-009,EVSE-011,2026-05-21T07:29:37.330642Z,2026-05-21T08:29:37.330642Z,charge_only,21.195,21.195,0.0,21.195,TOU
research_20260521_1000-0190,user-003,EVSE-047,2026-05-21T22:57:32.802185Z,2026-05-21T23:17:32.802185Z,discharge_only,-7.536,0.0,7.536,-7.536,TOU
research_20260521_1000-0191,user-007,EVSE-023,2026-05-21T10:37:50.132777Z,2026-05-21T11:52:50.132777Z,charge_only,13.665,13.665,0.0,13.665,TOU
research_20260521_1000-0192,user-008,EVSE-020,2026-05-21T10:15:17.192081Z,2026-05-21T11:15:17.192081Z,bidirectional,2.242,4.633,2.391,2.242,TOU
research_20260521_1000-0193,user-002,EVSE-029,2026-05-21T00:38:36.290072Z,2026-05-21T01:08:36.290072Z,discharge_only,-3.608,0.0,3.608,-3.608,TOU
research_20260521_1000-0194,user-008,EVSE-013,2026-05-21T05:45:19.779292Z,2026-05-21T06:25:19.779292Z,charge_only,4.835,4.835,0.0,4.835,TOU
research_20260521_1000-0195,user-008,EVSE-038,2026-05-21T22:46:11.678062Z,2026-05-21T23:26:11.678062Z,bidirectional,3.866,9.259,5.393,3.866,TOU
research_20260521_1000-0196,user-005,EVSE-015,2026-05-21T06:00:29.757981Z,2026-05-21T06:20:29.757981Z,bidirectional,1.651,2.734,1.083,1.651,TOU
research_20260521_1000-0197,user-007,EVSE-020,2026-05-21T11:39:52.501403Z,2026-05-21T11:59:52.501403Z,charge_only,3.626,3.626,0.0,3.626,TOU
research_20260521_1000-0198,user-005,EVSE-044,2026-05-21T13:48:43.092423Z,2026-05-21T14:48:43.092423Z,charge_only,11.075,11.075,0.0,11.075,TOU
research_20260521_1000-0199,user-005,EVSE-026,2026-05-21T08:36:32.613979Z,2026-05-21T09:16:32.613979Z,charge_only,7.661,7.661,0.0,7.661,TOU
research_20260521_1000-0200,user-001,EVSE-041,2026-05-21T08:15:13.390712Z,2026-05-21T08:55:13.390712Z,charge_only,6.683,6.683,0.0,6.683,TOU
research_20260521_1000-0201,user-006,EVSE-012,2026-05-21T11:48:27.996476Z,2026-05-21T12:18:27.996476Z,charge_only,11.151,11.151,0.0,11.151,TOU
research_20260521_1000-0202,user-002,EVSE-004,2026-05-21T18:38:57.296605Z,2026-05-21T19:08:57.296605Z,charge_only,10.475,10.475,0.0,10.475,TOU
research_20260521_1000-0203,user-010,EVSE-037,2026-05-21T22:16:26.960288Z,2026-05-21T22:46:26.960288Z,bidirectional,0.261,5.612,5.351,0.261,TOU
research_20260521_1000-0204,user-003,EVSE-011,2026-05-21T16:23:24.469259Z,2026-05-21T16:53:24.469259Z,charge_only,3.521,3.521,0.0,3.521,TOU
research_20260521_1000-0205,user-002,EVSE-015,2026-05-21T20:52:39.325266Z,2026-05-21T21:52:39.325266Z,discharge_only,-22.245,0.0,22.245,-22.245,TOU
research_20260521_1000-0206,user-003,EVSE-026,2026-05-21T21:31:06.009503Z,2026-05-21T22:46:06.009503Z,discharge_only,-28.441,0.0,28.441,-28.441,TOU
research_20260521_1000-0207,user-003,EVSE-041,2026-05-21T18:54:53.164200Z,2026-05-21T19:14:53.164200Z,charge_only,7.617,7.617,0.0,7.617,TOU
research_20260521_1000-0208,user-001,EVSE-031,2026-05-21T09:43:44.960536Z,2026-05-21T10:03:44.960536Z,bidirectional,3.549,5.312,1.763,3.549,TOU
research_20260521_1000-0209,user-001,EVSE-033,2026-05-21T16:45:23.538309Z,2026-05-21T17:05:23.538309Z,charge_only,6.78,6.78,0.0,6.78,TOU
research_20260521_1000-0210,user-002,EVSE-006,2026-05-21T05:08:56.730283Z,2026-05-21T06:08:56.730283Z,charge_only,6.899,6.899,0.0,6.899,TOU
research_20260521_1000-0211,user-008,EVSE-004,2026-05-21T20:24:13.915834Z,2026-05-21T20:44:13.915834Z,bidirectional,3.823,5.497,1.674,3.823,TOU
research_20260521_1000-0212,user-001,EVSE-029,2026-05-21T03:31:45.713552Z,2026-05-21T04:11:45.713552Z,discharge_only,-14.705,0.0,14.705,-14.705,TOU
research_20260521_1000-0213,user-002,EVSE-004,2026-05-21T15:02:25.445957Z,2026-05-21T15:42:25.445957Z,bidirectional,0.341,2.575,2.234,0.341,TOU
research_20260521_1000-0214,user-002,EVSE-044,2026-05-21T13:59:55.205283Z,2026-05-21T15:14:55.205283Z,charge_only,14.209,14.209,0.0,14.209,TOU
research_20260521_1000-0215,user-010,EVSE-036,2026-05-21T18:36:27.702970Z,2026-05-21T19:16:27.702970Z,charge_only,14.444,14.444,0.0,14.444,TOU
research_20260521_1000-0216,user-001,EVSE-004,2026-05-21T08:32:30.350889Z,2026-05-21T09:02:30.350889Z,charge_only,11.471,11.471,0.0,11.471,TOU
research_20260521_1000-0217,user-007,EVSE-042,2026-05-21T14:18:16.867765Z,2026-05-21T14:48:16.867765Z,charge_only,3.758,3.758,0.0,3.758,TOU
research_20260521_1000-0218,user-001,EVSE-042,2026-05-21T10:36:43.880615Z,2026-05-21T10:56:43.880615Z,charge_only,2.571,2.571,0.0,2.571,TOU
research_20260521_1000-0219,user-006,EVSE-043,2026-05-21T04:10:33.130411Z,2026-05-21T04:40:33.130411Z,discharge_only,-5.172,0.0,5.172,-5.172,TOU
research_20260521_1000-0220,user-005,EVSE-030,2026-05-21T10:50:19.533742Z,2026-05-21T11:30:19.533742Z,bidirectional,7.869,11.434,3.565,7.869,TOU
research_20260521_1000-0221,user-006,EVSE-031,2026-05-21T21:23:49.039434Z,2026-05-21T22:23:49.039434Z,charge_only,7.067,7.067,0.0,7.067,TOU
research_20260521_1000-0222,user-003,EVSE-039,2026-05-21T07:22:46.949629Z,2026-05-21T07:52:46.949629Z,charge_only,11.151,11.151,0.0,11.151,TOU
research_20260521_1000-0223,user-005,EVSE-036,2026-05-21T14:26:04.032306Z,2026-05-21T15:06:04.032306Z,charge_only,7.396,7.396,0.0,7.396,TOU
research_20260521_1000-0224,user-010,EVSE-044,2026-05-21T06:50:17.176122Z,2026-05-21T07:30:17.176122Z,bidirectional,7.417,10.559,3.142,7.417,TOU
research_20260521_1000-0225,user-005,EVSE-003,2026-05-21T02:55:25.966900Z,2026-05-21T03:55:25.966900Z,charge_only,7.092,7.092,0.0,7.092,TOU
research_20260521_1000-0226,user-010,EVSE-040,2026-05-21T03:09:01.743716Z,2026-05-21T04:24:01.743716Z,charge_only,9.253,9.253,0.0,9.253,TOU
research_20260521_1000-0227,user-008,EVSE-033,2026-05-21T04:03:49.427159Z,2026-05-21T04:43:49.427159Z,charge_only,14.857,14.857,0.0,14.857,TOU
research_20260521_1000-0228,user-005,EVSE-004,2026-05-21T10:37:29.879181Z,2026-05-21T11:07:29.879181Z,charge_only,3.683,3.683,0.0,3.683,TOU
research_20260521_1000-0229,user-005,EVSE-036,2026-05-21T12:12:36.398684Z,2026-05-21T13:27:36.398684Z,discharge_only,-28.118,0.0,28.118,-28.118,TOU
research_20260521_1000-0230,user-001,EVSE-050,2026-05-21T21:13:48.023399Z,2026-05-21T21:53:48.023399Z,bidirectional,3.767,5.454,1.687,3.767,TOU
research_20260521_1000-0231,user-008,EVSE-028,2026-05-21T12:18:00.073128Z,2026-05-21T12:58:00.073128Z,bidirectional,11.618,13.846,2.228,11.618,TOU
research_20260521_1000-0232,user-007,EVSE-012,2026-05-21T08:27:57.115835Z,2026-05-21T08:47:57.115835Z,charge_only,7.371,7.371,0.0,7.371,TOU
research_20260521_1000-0233,user-010,EVSE-038,2026-05-21T04:15:52.090870Z,2026-05-21T04:55:52.090870Z,discharge_only,-7.085,0.0,7.085,-7.085,TOU
research_20260521_1000-0234,user-006,EVSE-026,2026-05-21T01:42:36.674386Z,2026-05-21T02:02:36.674386Z,charge_only,3.596,3.596,0.0,3.596,TOU
research_20260521_1000-0235,user-003,EVSE-047,2026-05-21T11:10:48.385207Z,2026-05-21T11:40:48.385207Z,discharge_only,-10.546,0.0,10.546,-10.546,TOU
research_20260521_1000-0236,user-001,EVSE-012,2026-05-21T10:41:55.510177Z,2026-05-21T11:56:55.510177Z,bidirectional,7.526,8.082,0.556,7.526,TOU
research_20260521_1000-0237,user-001,EVSE-010,2026-05-21T03:33:00.100782Z,2026-05-21T04:48:00.100782Z,charge_only,13.721,13.721,0.0,13.721,TOU
research_20260521_1000-0238,user-006,EVSE-022,2026-05-21T00:58:31.869145Z,2026-05-21T01:28:31.869145Z,discharge_only,-3.326,0.0,3.326,-3.326,TOU
research_20260521_1000-0239,user-006,EVSE-038,2026-05-21T05:23:20.134524Z,2026-05-21T06:23:20.134524Z,bidirectional,0.247,11.144,10.897,0.247,TOU
research_20260521_1000-0240,user-001,EVSE-011,2026-05-21T10:44:42.278527Z,2026-05-21T11:59:42.278527Z,charge_only,26.458,26.458,0.0,26.458,TOU
research_20260521_1000-0241,user-003,EVSE-007,2026-05-21T19:41:01.856110Z,2026-05-21T20:56:01.856110Z,charge_only,27.913,27.913,0.0,27.913,TOU
research_20260521_1000-0242,user-005,EVSE-034,2026-05-21T03:56:47.036199Z,2026-05-21T04:36:47.036199Z,charge_only,14.753,14.753,0.0,14.753,TOU
research_20260521_1000-0243,user-006,EVSE-031,2026-05-21T12:17:55.160985Z,2026-05-21T13:17:55.160985Z,bidirectional,15.541,19.099,3.558,15.541,TOU
research_20260521_1000-0244,user-007,EVSE-004,2026-05-21T23:26:40.662303Z,2026-05-21T23:46:40.662303Z,charge_only,2.525,2.525,0.0,2.525,TOU
research_20260521_1000-0245,user-009,EVSE-033,2026-05-21T00:59:08.207728Z,2026-05-21T02:14:08.207728Z,charge_only,27.822,27.822,0.0,27.822,TOU
research_20260521_1000-0246,user-006,EVSE-035,2026-05-21T01:50:48.791965Z,2026-05-21T03:05:48.791965Z,bidirectional,0.775,13.513,12.738,0.775,TOU
research_20260521_1000-0247,user-007,EVSE-037,2026-05-21T11:27:15.378557Z,2026-05-21T12:07:15.378557Z,charge_only,4.653,4.653,0.0,4.653,TOU
research_20260521_1000-0248,user-008,EVSE-001,2026-05-21T05:36:09.791873Z,2026-05-21T05:56:09.791873Z,charge_only,3.635,3.635,0.0,3.635,TOU
research_20260521_1000-0249,user-001,EVSE-037,2026-05-21T14:58:57.418221Z,2026-05-21T15:28:57.418221Z,charge_only,10.86,10.86,0.0,10.86,TOU
research_20260521_1000-0250,user-007,EVSE-045,2026-05-21T05:51:50.427787Z,2026-05-21T06:51:50.427787Z,charge_only,21.57,21.57,0.0,21.57,TOU
research_20260521_1000-0251,user-009,EVSE-006,2026-05-21T14:22:11.537685Z,2026-05-21T15:02:11.537685Z,charge_only,13.904,13.904,0.0,13.904,TOU
research_20260521_1000-0252,user-002,EVSE-039,2026-05-21T09:21:59.906392Z,2026-05-21T10:21:59.906392Z,charge_only,10.22,10.22,0.0,10.22,TOU
research_20260521_1000-0253,user-010,EVSE-026,2026-05-21T19:54:56.678147Z,2026-05-21T20:14:56.678147Z,bidirectional,1.801,2.741,0.94,1.801,TOU
research_20260521_1000-0254,user-002,EVSE-008,2026-05-21T01:55:23.070816Z,2026-05-21T03:10:23.070816Z,charge_only,13.771,13.771,0.0,13.771,TOU
research_20260521_1000-0255,user-009,EVSE-023,2026-05-21T04:28:04.068994Z,2026-05-21T05:43:04.068994Z,charge_only,14.06,14.06,0.0,14.06,TOU
research_20260521_1000-0256,user-005,EVSE-023,2026-05-21T18:01:30.542551Z,2026-05-21T18:21:30.542551Z,charge_only,3.824,3.824,0.0,3.824,TOU
research_20260521_1000-0257,user-003,EVSE-023,2026-05-21T01:15:08.995377Z,2026-05-21T01:45:08.995377Z,charge_only,5.679,5.679,0.0,5.679,TOU
research_20260521_1000-0258,user-002,EVSE-009,2026-05-21T07:45:49.832411Z,2026-05-21T08:45:49.832411Z,bidirectional,3.473,12.5,9.027,3.473,TOU
research_20260521_1000-0259,user-008,EVSE-034,2026-05-21T01:25:53.857994Z,2026-05-21T01:45:53.857994Z,discharge_only,-7.385,0.0,7.385,-7.385,TOU
research_20260521_1000-0260,user-001,EVSE-037,2026-05-21T07:48:17.495578Z,2026-05-21T08:48:17.495578Z,bidirectional,10.247,16.239,5.992,10.247,TOU
research_20260521_1000-0261,user-004,EVSE-041,2026-05-21T04:26:33.926618Z,2026-05-21T05:06:33.926618Z,charge_only,4.734,4.734,0.0,4.734,TOU
research_20260521_1000-0262,user-008,EVSE-039,2026-05-21T16:46:57.046662Z,2026-05-21T18:01:57.046662Z,bidirectional,20.89,24.608,3.718,20.89,TOU
research_20260521_1000-0263,user-009,EVSE-041,2026-05-21T19:47:39.844593Z,2026-05-21T20:27:39.844593Z,discharge_only,-7.126,0.0,7.126,-7.126,TOU
research_20260521_1000-0264,user-010,EVSE-018,2026-05-21T10:15:50.513617Z,2026-05-21T10:35:50.513617Z,bidirectional,1.211,1.856,0.645,1.211,TOU
research_20260521_1000-0265,user-006,EVSE-017,2026-05-21T06:02:01.828932Z,2026-05-21T07:17:01.828932Z,discharge_only,-13.94,0.0,13.94,-13.94,TOU
research_20260521_1000-0266,user-007,EVSE-031,2026-05-21T16:33:30.375533Z,2026-05-21T17:03:30.375533Z,bidirectional,0.0,5.919,5.919,0.0,TOU
research_20260521_1000-0267,user-005,EVSE-035,2026-05-21T10:49:05.688286Z,2026-05-21T11:19:05.688286Z,charge_only,9.977,9.977,0.0,9.977,TOU
research_20260521_1000-0268,user-009,EVSE-049,2026-05-21T18:31:56.102382Z,2026-05-21T18:51:56.102382Z,discharge_only,-3.813,0.0,3.813,-3.813,TOU
research_20260521_1000-0269,user-008,EVSE-041,2026-05-21T11:08:27.456073Z,2026-05-21T12:08:27.456073Z,bidirectional,3.312,6.967,3.655,3.312,TOU
research_20260521_1000-0270,user-010,EVSE-045,2026-05-21T04:36:05.525147Z,2026-05-21T05:16:05.525147Z,charge_only,7.295,7.295,0.0,7.295,TOU
research_20260521_1000-0271,user-001,EVSE-010,2026-05-21T20:19:54.300038Z,2026-05-21T21:34:54.300038Z,bidirectional,6.598,7.796,1.198,6.598,TOU
research_20260521_1000-0272,user-002,EVSE-029,2026-05-21T10:56:48.215473Z,2026-05-21T11:26:48.215473Z,charge_only,3.763,3.763,0.0,3.763,TOU
research_20260521_1000-0273,user-004,EVSE-011,2026-05-21T12:55:23.887509Z,2026-05-21T13:15:23.887509Z,charge_only,7.87,7.87,0.0,7.87,TOU
research_20260521_1000-0274,user-009,EVSE-018,2026-05-21T11:28:51.971748Z,2026-05-21T12:08:51.971748Z,charge_only,7.777,7.777,0.0,7.777,TOU
research_20260521_1000-0275,user-004,EVSE-011,2026-05-21T23:46:08.460451Z,2026-05-22T00:06:08.460451Z,charge_only,7.13,7.13,0.0,7.13,TOU
research_20260521_1000-0276,user-006,EVSE-021,2026-05-21T01:38:34.665018Z,2026-05-21T01:58:34.665018Z,discharge_only,-2.601,0.0,2.601,-2.601,TOU
research_20260521_1000-0277,user-006,EVSE-039,2026-05-21T04:39:02.607463Z,2026-05-21T05:39:02.607463Z,bidirectional,0.472,11.178,10.706,0.472,TOU
research_20260521_1000-0278,user-002,EVSE-025,2026-05-21T11:14:09.726019Z,2026-05-21T12:14:09.726019Z,charge_only,10.655,10.655,0.0,10.655,TOU
research_20260521_1000-0279,user-009,EVSE-013,2026-05-21T20:17:03.037196Z,2026-05-21T20:57:03.037196Z,discharge_only,-7.397,0.0,7.397,-7.397,TOU
research_20260521_1000-0280,user-007,EVSE-040,2026-05-21T08:11:35.603284Z,2026-05-21T09:26:35.603284Z,charge_only,27.927,27.927,0.0,27.927,TOU
research_20260521_1000-0281,user-002,EVSE-034,2026-05-21T03:57:22.958555Z,2026-05-21T04:17:22.958555Z,charge_only,2.565,2.565,0.0,2.565,TOU
research_20260521_1000-0282,user-003,EVSE-036,2026-05-21T10:34:52.211327Z,2026-05-21T11:49:52.211327Z,charge_only,13.153,13.153,0.0,13.153,TOU
research_20260521_1000-0283,user-006,EVSE-009,2026-05-21T14:05:13.539600Z,2026-05-21T15:05:13.539600Z,discharge_only,-21.831,0.0,21.831,-21.831,TOU
research_20260521_1000-0284,user-005,EVSE-010,2026-05-21T00:21:28.321653Z,2026-05-21T00:51:28.321653Z,bidirectional,0.449,2.987,2.538,0.449,TOU
research_20260521_1000-0285,user-010,EVSE-039,2026-05-21T17:59:12.363332Z,2026-05-21T18:39:12.363332Z,bidirectional,-0.287,3.258,3.545,-0.287,TOU
research_20260521_1000-0286,user-010,EVSE-015,2026-05-21T14:49:34.416053Z,2026-05-21T15:09:34.416053Z,discharge_only,-3.607,0.0,3.607,-3.607,TOU
research_20260521_1000-0287,user-001,EVSE-019,2026-05-21T08:46:12.154298Z,2026-05-21T09:46:12.154298Z,discharge_only,-7.254,0.0,7.254,-7.254,TOU
research_20260521_1000-0288,user-006,EVSE-006,2026-05-21T22:00:08.102268Z,2026-05-21T23:15:08.102268Z,bidirectional,1.753,14.983,13.23,1.753,TOU
research_20260521_1000-0289,user-006,EVSE-015,2026-05-21T15:37:26.201168Z,2026-05-21T16:17:26.201168Z,charge_only,7.835,7.835,0.0,7.835,TOU
research_20260521_1000-0290,user-002,EVSE-045,2026-05-21T21:17:11.081596Z,2026-05-21T21:37:11.081596Z,charge_only,2.473,2.473,0.0,2.473,TOU
research_20260521_1000-0291,user-008,EVSE-045,2026-05-21T23:26:14.562851Z,2026-05-21T23:56:14.562851Z,charge_only,11.436,11.436,0.0,11.436,TOU
research_20260521_1000-0292,user-009,EVSE-043,2026-05-21T22:56:23.154552Z,2026-05-21T23:26:23.154552Z,bidirectional,-0.169,1.711,1.88,-0.169,TOU
research_20260521_1000-0293,user-005,EVSE-020,2026-05-21T03:09:55.737737Z,2026-05-21T04:09:55.737737Z,charge_only,7.214,7.214,0.0,7.214,TOU
research_20260521_1000-0294,user-003,EVSE-002,2026-05-21T23:32:32.639728Z,2026-05-22T00:12:32.639728Z,charge_only,7.354,7.354,0.0,7.354,TOU
research_20260521_1000-0295,user-004,EVSE-038,2026-05-21T20:20:32.413182Z,2026-05-21T21:20:32.413182Z,bidirectional,-0.458,10.376,10.834,-0.458,TOU
research_20260521_1000-0296,user-003,EVSE-027,2026-05-21T16:34:02.538572Z,2026-05-21T17:49:02.538572Z,discharge_only,-9.156,0.0,9.156,-9.156,TOU
research_20260521_1000-0297,user-005,EVSE-006,2026-05-21T20:20:10.910381Z,2026-05-21T20:50:10.910381Z,bidirectional,2.182,2.784,0.602,2.182,TOU
research_20260521_1000-0298,user-009,EVSE-014,2026-05-21T03:40:33.656413Z,2026-05-21T04:40:33.656413Z,charge_only,22.608,22.608,0.0,22.608,TOU
research_20260521_1000-0299,user-008,EVSE-003,2026-05-21T03:10:20.054172Z,2026-05-21T04:10:20.054172Z,discharge_only,-21.143,0.0,21.143,-21.143,TOU
research_20260521_1000-0300,user-001,EVSE-029,2026-05-21T02:54:59.813335Z,2026-05-21T03:24:59.813335Z,charge_only,11.1,11.1,0.0,11.1,TOU
research_20260521_1000-0301,user-005,EVSE-029,2026-05-21T12:54:39.605034Z,2026-05-21T13:54:39.605034Z,charge_only,11.723,11.723,0.0,11.723,TOU
research_20260521_1000-0302,user-004,EVSE-006,2026-05-21T02:48:07.814148Z,2026-05-21T03:08:07.814148Z,discharge_only,-3.669,0.0,3.669,-3.669,TOU
research_20260521_1000-0303,user-006,EVSE-027,2026-05-21T21:56:09.514595Z,2026-05-21T22:56:09.514595Z,charge_only,21.706,21.706,0.0,21.706,TOU
research_20260521_1000-0304,user-008,EVSE-001,2026-05-21T17:03:09.361565Z,2026-05-21T17:33:09.361565Z,charge_only,3.526,3.526,0.0,3.526,TOU
research_20260521_1000-0305,user-004,EVSE-043,2026-05-21T09:51:02.294931Z,2026-05-21T10:51:02.294931Z,discharge_only,-11.512,0.0,11.512,-11.512,TOU
research_20260521_1000-0306,user-006,EVSE-039,2026-05-21T01:53:38.762070Z,2026-05-21T02:13:38.762070Z,discharge_only,-2.39,0.0,2.39,-2.39,TOU
research_20260521_1000-0307,user-008,EVSE-018,2026-05-21T05:59:57.472500Z,2026-05-21T06:39:57.472500Z,bidirectional,1.282,3.118,1.836,1.282,TOU
research_20260521_1000-0308,user-004,EVSE-015,2026-05-21T07:17:00.331429Z,2026-05-21T08:32:00.331429Z,bidirectional,6.17,7.35,1.18,6.17,TOU
research_20260521_1000-0309,user-001,EVSE-020,2026-05-21T21:08:46.903580Z,2026-05-21T22:08:46.903580Z,charge_only,20.982,20.982,0.0,20.982,TOU
research_20260521_1000-0310,user-001,EVSE-003,2026-05-21T21:15:04.503681Z,2026-05-21T21:55:04.503681Z,discharge_only,-6.858,0.0,6.858,-6.858,TOU
research_20260521_1000-0311,user-008,EVSE-002,2026-05-21T02:34:26.160565Z,2026-05-21T03:49:26.160565Z,charge_only,13.608,13.608,0.0,13.608,TOU
research_20260521_1000-0312,user-009,EVSE-006,2026-05-21T03:45:56.141046Z,2026-05-21T05:00:56.141046Z,discharge_only,-27.082,0.0,27.082,-27.082,TOU
research_20260521_1000-0313,user-008,EVSE-034,2026-05-21T02:15:51.818826Z,2026-05-21T02:45:51.818826Z,discharge_only,-3.423,0.0,3.423,-3.423,TOU
research_20260521_1000-0314,user-001,EVSE-050,2026-05-21T12:57:30.569323Z,2026-05-21T14:12:30.569323Z,bidirectional,8.115,8.629,0.514,8.115,TOU
research_20260521_1000-0315,user-003,EVSE-018,2026-05-21T20:12:12.344322Z,2026-05-21T20:32:12.344322Z,charge_only,2.271,2.271,0.0,2.271,TOU
research_20260521_1000-0316,user-005,EVSE-025,2026-05-21T10:12:19.233756Z,2026-05-21T10:42:19.233756Z,discharge_only,-3.635,0.0,3.635,-3.635,TOU
research_20260521_1000-0317,user-003,EVSE-046,2026-05-21T07:04:15.855906Z,2026-05-21T08:19:15.855906Z,charge_only,26.536,26.536,0.0,26.536,TOU
research_20260521_1000-0318,user-004,EVSE-007,2026-05-21T20:32:02.446522Z,2026-05-21T21:47:02.446522Z,charge_only,13.841,13.841,0.0,13.841,TOU
research_20260521_1000-0319,user-002,EVSE-031,2026-05-21T16:09:44.855475Z,2026-05-21T16:29:44.855475Z,charge_only,3.482,3.482,0.0,3.482,TOU
research_20260521_1000-0320,user-010,EVSE-026,2026-05-21T13:38:08.769804Z,2026-05-21T14:38:08.769804Z,charge_only,21.399,21.399,0.0,21.399,TOU
research_20260521_1000-0321,user-010,EVSE-013,2026-05-21T05:28:15.932066Z,2026-05-21T06:28:15.932066Z,charge_only,11.074,11.074,0.0,11.074,TOU
research_20260521_1000-0322,user-005,EVSE-036,2026-05-21T10:17:48.118361Z,2026-05-21T10:57:48.118361Z,charge_only,7.064,7.064,0.0,7.064,TOU
research_20260521_1000-0323,user-009,EVSE-043,2026-05-21T04:17:06.916294Z,2026-05-21T04:57:06.916294Z,charge_only,4.746,4.746,0.0,4.746,TOU
research_20260521_1000-0324,user-009,EVSE-027,2026-05-21T14:45:10.987015Z,2026-05-21T15:25:10.987015Z,bidirectional,3.547,5.508,1.961,3.547,TOU
research_20260521_1000-0325,user-010,EVSE-038,2026-05-21T01:39:21.128523Z,2026-05-21T02:54:21.128523Z,charge_only,8.79,8.79,0.0,8.79,TOU
research_20260521_1000-0326,user-003,EVSE-033,2026-05-21T06:27:31.975438Z,2026-05-21T07:42:31.975438Z,charge_only,14.065,14.065,0.0,14.065,TOU
research_20260521_1000-0327,user-006,EVSE-032,2026-05-21T13:52:44.208342Z,2026-05-21T14:32:44.208342Z,bidirectional,1.877,4.52,2.643,1.877,TOU
research_20260521_1000-0328,user-005,EVSE-032,2026-05-21T17:56:02.795806Z,2026-05-21T19:11:02.795806Z,bidirectional,4.966,9.417,4.451,4.966,TOU
research_20260521_1000-0329,user-007,EVSE-025,2026-05-21T18:16:21.341261Z,2026-05-21T19:16:21.341261Z,charge_only,22.599,22.599,0.0,22.599,TOU
research_20260521_1000-0330,user-005,EVSE-007,2026-05-21T20:29:59.054605Z,2026-05-21T21:29:59.054605Z,bidirectional,1.985,4.49,2.505,1.985,TOU
research_20260521_1000-0331,user-008,EVSE-001,2026-05-21T05:25:39.752278Z,2026-05-21T05:55:39.752278Z,charge_only,10.148,10.148,0.0,10.148,TOU
research_20260521_1000-0332,user-002,EVSE-043,2026-05-21T11:22:37.167597Z,2026-05-21T12:22:37.167597Z,bidirectional,5.9,8.527,2.627,5.9,TOU
research_20260521_1000-0333,user-003,EVSE-021,2026-05-21T02:28:45.459137Z,2026-05-21T02:58:45.459137Z,bidirectional,0.539,2.959,2.42,0.539,TOU
research_20260521_1000-0334,user-005,EVSE-042,2026-05-21T05:19:58.045895Z,2026-05-21T06:19:58.045895Z,discharge_only,-10.975,0.0,10.975,-10.975,TOU
research_20260521_1000-0335,user-005,EVSE-041,2026-05-21T21:30:15.993182Z,2026-05-21T21:50:15.993182Z,charge_only,2.45,2.45,0.0,2.45,TOU
research_20260521_1000-0336,user-007,EVSE-001,2026-05-21T17:35:19.888032Z,2026-05-21T18:15:19.888032Z,charge_only,6.954,6.954,0.0,6.954,TOU
research_20260521_1000-0337,user-008,EVSE-020,2026-05-21T21:04:28.004615Z,2026-05-21T22:19:28.004615Z,discharge_only,-14.036,0.0,14.036,-14.036,TOU
research_20260521_1000-0338,user-006,EVSE-022,2026-05-21T12:18:26.093962Z,2026-05-21T13:18:26.093962Z,bidirectional,18.133,20.148,2.015,18.133,TOU
research_20260521_1000-0339,user-002,EVSE-007,2026-05-21T18:54:11.005621Z,2026-05-21T20:09:11.005621Z,charge_only,14.314,14.314,0.0,14.314,TOU
research_20260521_1000-0340,user-010,EVSE-048,2026-05-21T22:26:54.062036Z,2026-05-21T22:46:54.062036Z,charge_only,2.331,2.331,0.0,2.331,TOU
research_20260521_1000-0341,user-010,EVSE-038,2026-05-21T10:52:55.553582Z,2026-05-21T11:32:55.553582Z,charge_only,4.618,4.618,0.0,4.618,TOU
research_20260521_1000-0342,user-010,EVSE-045,2026-05-21T14:57:22.276754Z,2026-05-21T15:27:22.276754Z,charge_only,3.59,3.59,0.0,3.59,TOU
research_20260521_1000-0343,user-003,EVSE-020,2026-05-21T19:02:07.757114Z,2026-05-21T19:42:07.757114Z,charge_only,14.379,14.379,0.0,14.379,TOU
research_20260521_1000-0344,user-004,EVSE-004,2026-05-21T19:22:39.592734Z,2026-05-21T20:37:39.592734Z,charge_only,9.321,9.321,0.0,9.321,TOU
research_20260521_1000-0345,user-007,EVSE-025,2026-05-21T17:57:00.614232Z,2026-05-21T19:12:00.614232Z,bidirectional,12.164,13.124,0.96,12.164,TOU
research_20260521_1000-0346,user-010,EVSE-027,2026-05-21T12:21:27.173346Z,2026-05-21T13:21:27.173346Z,bidirectional,1.186,4.157,2.971,1.186,TOU
research_20260521_1000-0347,user-005,EVSE-038,2026-05-21T09:29:45.851082Z,2026-05-21T10:44:45.851082Z,charge_only,8.951,8.951,0.0,8.951,TOU
research_20260521_1000-0348,user-001,EVSE-045,2026-05-21T13:57:24.511870Z,2026-05-21T14:17:24.511870Z,charge_only,2.295,2.295,0.0,2.295,TOU
research_20260521_1000-0349,user-004,EVSE-006,2026-05-21T21:59:20.892332Z,2026-05-21T22:19:20.892332Z,charge_only,7.575,7.575,0.0,7.575,TOU
research_20260521_1000-0350,user-003,EVSE-040,2026-05-21T07:06:14.492245Z,2026-05-21T08:21:14.492245Z,charge_only,28.218,28.218,0.0,28.218,TOU
research_20260521_1000-0351,user-002,EVSE-042,2026-05-21T09:05:32.669683Z,2026-05-21T09:45:32.669683Z,charge_only,14.106,14.106,0.0,14.106,TOU
research_20260521_1000-0352,user-004,EVSE-018,2026-05-21T20:39:41.738260Z,2026-05-21T21:19:41.738260Z,charge_only,4.436,4.436,0.0,4.436,TOU
research_20260521_1000-0353,user-001,EVSE-045,2026-05-21T22:27:44.902843Z,2026-05-21T23:07:44.902843Z,charge_only,6.821,6.821,0.0,6.821,TOU
research_20260521_1000-0354,user-002,EVSE-031,2026-05-21T19:27:46.250480Z,2026-05-21T20:27:46.250480Z,bidirectional,4.936,6.182,1.246,4.936,TOU
research_20260521_1000-0355,user-001,EVSE-022,2026-05-21T16:59:12.948725Z,2026-05-21T17:19:12.948725Z,charge_only,2.396,2.396,0.0,2.396,TOU
research_20260521_1000-0356,user-008,EVSE-019,2026-05-21T09:44:33.933163Z,2026-05-21T10:59:33.933163Z,discharge_only,-28.039,0.0,28.039,-28.039,TOU
research_20260521_1000-0357,user-003,EVSE-046,2026-05-21T20:06:47.592778Z,2026-05-21T20:26:47.592778Z,charge_only,2.315,2.315,0.0,2.315,TOU
research_20260521_1000-0358,user-006,EVSE-019,2026-05-21T20:25:57.619847Z,2026-05-21T21:25:57.619847Z,charge_only,21.939,21.939,0.0,21.939,TOU
research_20260521_1000-0359,user-010,EVSE-018,2026-05-21T07:58:40.900002Z,2026-05-21T09:13:40.900002Z,charge_only,27.094,27.094,0.0,27.094,TOU
research_20260521_1000-0360,user-008,EVSE-043,2026-05-21T07:44:01.723262Z,2026-05-21T08:04:01.723262Z,discharge_only,-7.46,0.0,7.46,-7.46,TOU
research_20260521_1000-0361,user-007,EVSE-047,2026-05-21T15:06:43.970842Z,2026-05-21T15:46:43.970842Z,bidirectional,1.108,3.024,1.916,1.108,TOU
research_20260521_1000-0362,user-007,EVSE-012,2026-05-21T20:38:01.351853Z,2026-05-21T21:53:01.351853Z,bidirectional,11.776,19.485,7.709,11.776,TOU
research_20260521_1000-0363,user-008,EVSE-042,2026-05-21T22:58:11.076192Z,2026-05-21T23:38:11.076192Z,discharge_only,-14.763,0.0,14.763,-14.763,TOU
research_20260521_1000-0364,user-003,EVSE-041,2026-05-21T12:10:41.006115Z,2026-05-21T12:40:41.006115Z,bidirectional,1.361,2.371,1.01,1.361,TOU
research_20260521_1000-0365,user-002,EVSE-007,2026-05-21T15:01:35.328540Z,2026-05-21T16:16:35.328540Z,charge_only,9.305,9.305,0.0,9.305,TOU
research_20260521_1000-0366,user-006,EVSE-022,2026-05-21T03:02:40.913183Z,2026-05-21T03:42:40.913183Z,charge_only,7.036,7.036,0.0,7.036,TOU
research_20260521_1000-0367,user-004,EVSE-008,2026-05-21T20:16:26.455369Z,2026-05-21T20:46:26.455369Z,charge_only,3.586,3.586,0.0,3.586,TOU
research_20260521_1000-0368,user-002,EVSE-034,2026-05-21T04:19:51.814114Z,2026-05-21T04:39:51.814114Z,discharge_only,-3.209,0.0,3.209,-3.209,TOU
research_20260521_1000-0369,user-005,EVSE-045,2026-05-21T23:17:35.175984Z,2026-05-21T23:37:35.175984Z,bidirectional,1.254,1.885,0.631,1.254,TOU
research_20260521_1000-0370,user-001,EVSE-023,2026-05-21T05:23:26.584585Z,2026-05-21T06:23:26.584585Z,bidirectional,6.162,6.742,0.58,6.162,TOU
research_20260521_1000-0371,user-005,EVSE-035,2026-05-21T01:12:44.405321Z,2026-05-21T01:52:44.405321Z,bidirectional,3.578,5.416,1.838,3.578,TOU
research_20260521_1000-0372,user-004,EVSE-032,2026-05-21T01:53:30.771823Z,2026-05-21T02:53:30.771823Z,charge_only,11.419,11.419,0.0,11.419,TOU
research_20260521_1000-0373,user-009,EVSE-029,2026-05-21T06:39:07.400153Z,2026-05-21T06:59:07.400153Z,charge_only,3.669,3.669,0.0,3.669,TOU
research_20260521_1000-0374,user-007,EVSE-026,2026-05-21T19:27:08.977238Z,2026-05-21T19:47:08.977238Z,charge_only,3.466,3.466,0.0,3.466,TOU
research_20260521_1000-0375,user-002,EVSE-049,2026-05-21T21:07:19.578288Z,2026-05-21T22:07:19.578288Z,charge_only,11.13,11.13,0.0,11.13,TOU
research_20260521_1000-0376,user-005,EVSE-005,2026-05-21T05:49:55.425660Z,2026-05-21T06:49:55.425660Z,charge_only,10.875,10.875,0.0,10.875,TOU
research_20260521_1000-0377,user-003,EVSE-033,2026-05-21T14:48:00.510289Z,2026-05-21T15:28:00.510289Z,discharge_only,-4.485,0.0,4.485,-4.485,TOU
research_20260521_1000-0378,user-009,EVSE-003,2026-05-21T10:51:52.029079Z,2026-05-21T11:11:52.029079Z,charge_only,3.972,3.972,0.0,3.972,TOU
research_20260521_1000-0379,user-005,EVSE-035,2026-05-21T02:45:01.900209Z,2026-05-21T03:15:01.900209Z,discharge_only,-5.246,0.0,5.246,-5.246,TOU
research_20260521_1000-0380,user-003,EVSE-022,2026-05-21T11:49:22.411787Z,2026-05-21T12:49:22.411787Z,charge_only,11.611,11.611,0.0,11.611,TOU
research_20260521_1000-0381,user-006,EVSE-008,2026-05-21T14:05:49.282339Z,2026-05-21T14:25:49.282339Z,bidirectional,3.49,5.395,1.905,3.49,TOU
research_20260521_1000-0382,user-006,EVSE-049,2026-05-21T23:05:10.573486Z,2026-05-22T00:05:10.573486Z,charge_only,21.571,21.571,0.0,21.571,TOU
research_20260521_1000-0383,user-005,EVSE-007,2026-05-21T15:15:47.916017Z,2026-05-21T16:15:47.916017Z,charge_only,7.502,7.502,0.0,7.502,TOU
research_20260521_1000-0384,user-010,EVSE-034,2026-05-21T04:45:17.557985Z,2026-05-21T05:45:17.557985Z,bidirectional,9.603,10.418,0.815,9.603,TOU
research_20260521_1000-0385,user-004,EVSE-028,2026-05-21T08:07:26.342936Z,2026-05-21T09:07:26.342936Z,charge_only,10.452,10.452,0.0,10.452,TOU
research_20260521_1000-0386,user-002,EVSE-003,2026-05-21T08:46:08.665006Z,2026-05-21T09:46:08.665006Z,charge_only,10.75,10.75,0.0,10.75,TOU
research_20260521_1000-0387,user-001,EVSE-005,2026-05-21T17:46:54.512379Z,2026-05-21T18:26:54.512379Z,charge_only,14.764,14.764,0.0,14.764,TOU
research_20260521_1000-0388,user-006,EVSE-008,2026-05-21T07:51:47.532855Z,2026-05-21T08:11:47.532855Z,charge_only,3.794,3.794,0.0,3.794,TOU
research_20260521_1000-0389,user-009,EVSE-048,2026-05-21T17:56:23.783750Z,2026-05-21T18:16:23.783750Z,charge_only,2.468,2.468,0.0,2.468,TOU
research_20260521_1000-0390,user-004,EVSE-021,2026-05-21T20:31:14.388688Z,2026-05-21T21:01:14.388688Z,charge_only,3.29,3.29,0.0,3.29,TOU
research_20260521_1000-0391,user-004,EVSE-004,2026-05-21T00:51:49.554627Z,2026-05-21T01:21:49.554627Z,charge_only,5.531,5.531,0.0,5.531,TOU
research_20260521_1000-0392,user-004,EVSE-049,2026-05-21T17:54:42.277767Z,2026-05-21T18:54:42.277767Z,charge_only,11.012,11.012,0.0,11.012,TOU
research_20260521_1000-0393,user-003,EVSE-007,2026-05-21T02:00:07.034773Z,2026-05-21T02:40:07.034773Z,discharge_only,-15.322,0.0,15.322,-15.322,TOU
research_20260521_1000-0394,user-009,EVSE-008,2026-05-21T22:23:25.870988Z,2026-05-21T23:23:25.870988Z,charge_only,20.878,20.878,0.0,20.878,TOU
research_20260521_1000-0395,user-003,EVSE-002,2026-05-21T03:39:22.618865Z,2026-05-21T04:39:22.618865Z,charge_only,11.475,11.475,0.0,11.475,TOU
research_20260521_1000-0396,user-010,EVSE-024,2026-05-21T08:56:39.396310Z,2026-05-21T09:16:39.396310Z,bidirectional,1.911,2.725,0.814,1.911,TOU
research_20260521_1000-0397,user-001,EVSE-047,2026-05-21T06:44:14.392180Z,2026-05-21T07:44:14.392180Z,charge_only,11.129,11.129,0.0,11.129,TOU
research_20260521_1000-0398,user-007,EVSE-042,2026-05-21T04:57:51.150605Z,2026-05-21T05:17:51.150605Z,charge_only,3.944,3.944,0.0,3.944,TOU
research_20260521_1000-0399,user-003,EVSE-003,2026-05-21T03:04:07.283742Z,2026-05-21T04:04:07.283742Z,bidirectional,6.276,14.352,8.076,6.276,TOU
research_20260521_1000-0400,user-007,EVSE-003,2026-05-21T16:43:23.364473Z,2026-05-21T17:43:23.364473Z,discharge_only,-21.553,0.0,21.553,-21.553,TOU
research_20260521_1000-0401,user-005,EVSE-029,2026-05-21T06:02:08.061029Z,2026-05-21T07:02:08.061029Z,charge_only,11.289,11.289,0.0,11.289,TOU
research_20260521_1000-0402,user-004,EVSE-019,2026-05-21T19:35:16.589847Z,2026-05-21T20:35:16.589847Z,bidirectional,3.865,7.482,3.617,3.865,TOU
research_20260521_1000-0403,user-009,EVSE-007,2026-05-21T04:14:29.800239Z,2026-05-21T05:29:29.800239Z,charge_only,25.984,25.984,0.0,25.984,TOU
research_20260521_1000-0404,user-002,EVSE-042,2026-05-21T12:56:15.853209Z,2026-05-21T13:56:15.853209Z,charge_only,11.527,11.527,0.0,11.527,TOU
research_20260521_1000-0405,user-002,EVSE-023,2026-05-21T10:51:05.702436Z,2026-05-21T12:06:05.702436Z,bidirectional,4.848,9.431,4.583,4.848,TOU
research_20260521_1000-0406,user-009,EVSE-010,2026-05-21T19:11:11.123085Z,2026-05-21T20:11:11.123085Z,charge_only,10.546,10.546,0.0,10.546,TOU
research_20260521_1000-0407,user-009,EVSE-043,2026-05-21T21:58:04.983200Z,2026-05-21T22:58:04.983200Z,bidirectional,4.197,7.711,3.514,4.197,TOU
research_20260521_1000-0408,user-006,EVSE-046,2026-05-21T17:52:00.078344Z,2026-05-21T18:12:00.078344Z,bidirectional,-0.277,3.506,3.783,-0.277,TOU
research_20260521_1000-0409,user-008,EVSE-042,2026-05-21T05:48:24.591549Z,2026-05-21T06:48:24.591549Z,charge_only,23.025,23.025,0.0,23.025,TOU
research_20260521_1000-0410,user-010,EVSE-002,2026-05-21T06:33:41.254622Z,2026-05-21T07:13:41.254622Z,charge_only,14.524,14.524,0.0,14.524,TOU
research_20260521_1000-0411,user-001,EVSE-010,2026-05-21T18:57:42.572899Z,2026-05-21T19:27:42.572899Z,bidirectional,0.265,5.755,5.49,0.265,TOU
research_20260521_1000-0412,user-008,EVSE-038,2026-05-21T12:40:03.333236Z,2026-05-21T13:40:03.333236Z,bidirectional,10.895,16.083,5.188,10.895,TOU
research_20260521_1000-0413,user-008,EVSE-040,2026-05-21T18:25:03.340085Z,2026-05-21T18:45:03.340085Z,bidirectional,0.346,4.0,3.654,0.346,TOU
research_20260521_1000-0414,user-007,EVSE-019,2026-05-21T23:29:02.281705Z,2026-05-22T00:09:02.281705Z,bidirectional,3.718,8.986,5.268,3.718,TOU
research_20260521_1000-0415,user-007,EVSE-007,2026-05-21T03:59:21.823563Z,2026-05-21T04:39:21.823563Z,charge_only,7.35,7.35,0.0,7.35,TOU
research_20260521_1000-0416,user-008,EVSE-005,2026-05-21T16:41:44.476410Z,2026-05-21T17:11:44.476410Z,bidirectional,8.327,10.043,1.716,8.327,TOU
research_20260521_1000-0417,user-004,EVSE-039,2026-05-21T21:05:12.553964Z,2026-05-21T21:35:12.553964Z,bidirectional,2.221,3.716,1.495,2.221,TOU
research_20260521_1000-0418,user-008,EVSE-033,2026-05-21T04:48:27.533103Z,2026-05-21T05:08:27.533103Z,charge_only,2.198,2.198,0.0,2.198,TOU
research_20260521_1000-0419,user-004,EVSE-029,2026-05-21T02:07:10.829426Z,2026-05-21T02:37:10.829426Z,bidirectional,4.177,7.612,3.435,4.177,TOU
research_20260521_1000-0420,user-001,EVSE-034,2026-05-21T18:05:44.692017Z,2026-05-21T19:05:44.692017Z,bidirectional,7.57,9.533,1.963,7.57,TOU
research_20260521_1000-0421,user-001,EVSE-011,2026-05-21T13:21:41.201240Z,2026-05-21T13:41:41.201240Z,charge_only,6.98,6.98,0.0,6.98,TOU
research_20260521_1000-0422,user-001,EVSE-020,2026-05-21T08:08:20.778715Z,2026-05-21T08:38:20.778715Z,bidirectional,1.006,6.305,5.299,1.006,TOU
research_20260521_1000-0423,user-006,EVSE-042,2026-05-21T23:47:37.247025Z,2026-05-22T00:27:37.247025Z,charge_only,13.685,13.685,0.0,13.685,TOU
research_20260521_1000-0424,user-005,EVSE-020,2026-05-21T21:57:38.128228Z,2026-05-21T23:12:38.128228Z,discharge_only,-13.758,0.0,13.758,-13.758,TOU
research_20260521_1000-0425,user-002,EVSE-048,2026-05-21T06:24:56.395301Z,2026-05-21T07:04:56.395301Z,charge_only,7.197,7.197,0.0,7.197,TOU
research_20260521_1000-0426,user-009,EVSE-013,2026-05-21T03:42:55.565446Z,2026-05-21T04:12:55.565446Z,bidirectional,-0.084,2.75,2.834,-0.084,TOU
research_20260521_1000-0427,user-002,EVSE-032,2026-05-21T20:27:57.798900Z,2026-05-21T21:27:57.798900Z,bidirectional,9.122,9.947,0.825,9.122,TOU
research_20260521_1000-0428,user-003,EVSE-048,2026-05-21T20:31:08.489932Z,2026-05-21T21:01:08.489932Z,charge_only,5.823,5.823,0.0,5.823,TOU
research_20260521_1000-0429,user-002,EVSE-014,2026-05-21T09:32:41.741533Z,2026-05-21T10:32:41.741533Z,bidirectional,1.148,4.205,3.057,1.148,TOU
research_20260521_1000-0430,user-001,EVSE-049,2026-05-21T21:02:50.868965Z,2026-05-21T21:42:50.868965Z,charge_only,4.452,4.452,0.0,4.452,TOU
research_20260521_1000-0431,user-008,EVSE-043,2026-05-21T07:58:12.127644Z,2026-05-21T08:28:12.127644Z,discharge_only,-10.744,0.0,10.744,-10.744,TOU
research_20260521_1000-0432,user-002,EVSE-006,2026-05-21T03:12:01.611264Z,2026-05-21T03:32:01.611264Z,charge_only,6.829,6.829,0.0,6.829,TOU
research_20260521_1000-0433,user-010,EVSE-028,2026-05-21T05:48:02.049803Z,2026-05-21T07:03:02.049803Z,bidirectional,-2.27,12.925,15.195,-2.27,TOU
research_20260521_1000-0434,user-009,EVSE-021,2026-05-21T16:21:58.157584Z,2026-05-21T17:01:58.157584Z,bidirectional,3.685,4.311,0.626,3.685,TOU
research_20260521_1000-0435,user-005,EVSE-049,2026-05-21T14:37:29.208949Z,2026-05-21T15:17:29.208949Z,discharge_only,-4.951,0.0,4.951,-4.951,TOU
research_20260521_1000-0436,user-005,EVSE-006,2026-05-21T22:31:41.397109Z,2026-05-21T23:31:41.397109Z,discharge_only,-21.893,0.0,21.893,-21.893,TOU
research_20260521_1000-0437,user-003,EVSE-019,2026-05-21T15:01:26.428952Z,2026-05-21T15:31:26.428952Z,charge_only,3.49,3.49,0.0,3.49,TOU
research_20260521_1000-0438,user-001,EVSE-009,2026-05-21T01:34:45.011094Z,2026-05-21T02:34:45.011094Z,charge_only,10.935,10.935,0.0,10.935,TOU
research_20260521_1000-0439,user-007,EVSE-001,2026-05-21T18:55:22.544768Z,2026-05-21T20:10:22.544768Z,charge_only,14.252,14.252,0.0,14.252,TOU
research_20260521_1000-0440,user-007,EVSE-050,2026-05-21T10:38:39.687448Z,2026-05-21T11:38:39.687448Z,charge_only,10.682,10.682,0.0,10.682,TOU
research_20260521_1000-0441,user-002,EVSE-046,2026-05-21T12:52:43.365259Z,2026-05-21T13:22:43.365259Z,bidirectional,0.023,2.627,2.604,0.023,TOU
research_20260521_1000-0442,user-006,EVSE-005,2026-05-21T23:06:00.821891Z,2026-05-22T00:06:00.821891Z,charge_only,21.187,21.187,0.0,21.187,TOU
research_20260521_1000-0443,user-003,EVSE-027,2026-05-21T17:45:08.444867Z,2026-05-21T19:00:08.444867Z,charge_only,8.63,8.63,0.0,8.63,TOU
research_20260521_1000-0444,user-008,EVSE-011,2026-05-21T12:05:22.344585Z,2026-05-21T13:20:22.344585Z,charge_only,9.508,9.508,0.0,9.508,TOU
research_20260521_1000-0445,user-002,EVSE-049,2026-05-21T23:18:51.794206Z,2026-05-22T00:18:51.794206Z,charge_only,7.112,7.112,0.0,7.112,TOU
research_20260521_1000-0446,user-002,EVSE-029,2026-05-21T21:55:49.802000Z,2026-05-21T22:15:49.802000Z,discharge_only,-2.396,0.0,2.396,-2.396,TOU
research_20260521_1000-0447,user-007,EVSE-043,2026-05-21T22:24:15.721613Z,2026-05-21T22:44:15.721613Z,bidirectional,0.3,4.166,3.866,0.3,TOU
research_20260521_1000-0448,user-008,EVSE-009,2026-05-21T04:53:57.771846Z,2026-05-21T06:08:57.771846Z,bidirectional,24.073,25.572,1.499,24.073,TOU
research_20260521_1000-0449,user-006,EVSE-022,2026-05-21T16:30:53.336044Z,2026-05-21T17:45:53.336044Z,bidirectional,2.779,5.91,3.131,2.779,TOU
research_20260521_1000-0450,user-008,EVSE-041,2026-05-21T09:35:20.536993Z,2026-05-21T10:15:20.536993Z,charge_only,14.358,14.358,0.0,14.358,TOU
research_20260521_1000-0451,user-010,EVSE-049,2026-05-21T18:52:04.832944Z,2026-05-21T19:52:04.832944Z,charge_only,21.722,21.722,0.0,21.722,TOU
research_20260521_1000-0452,user-004,EVSE-007,2026-05-21T19:14:07.920488Z,2026-05-21T19:44:07.920488Z,charge_only,3.618,3.618,0.0,3.618,TOU
research_20260521_1000-0453,user-007,EVSE-034,2026-05-21T08:15:59.301361Z,2026-05-21T08:35:59.301361Z,charge_only,3.631,3.631,0.0,3.631,TOU
research_20260521_1000-0454,user-007,EVSE-041,2026-05-21T02:54:07.290931Z,2026-05-21T03:14:07.290931Z,bidirectional,1.234,1.855,0.621,1.234,TOU
research_20260521_1000-0455,user-010,EVSE-032,2026-05-21T09:53:15.044625Z,2026-05-21T11:08:15.044625Z,charge_only,13.459,13.459,0.0,13.459,TOU
research_20260521_1000-0456,user-006,EVSE-011,2026-05-21T11:22:18.902017Z,2026-05-21T12:22:18.902017Z,charge_only,21.014,21.014,0.0,21.014,TOU
research_20260521_1000-0457,user-009,EVSE-028,2026-05-21T21:56:56.829657Z,2026-05-21T22:16:56.829657Z,discharge_only,-3.608,0.0,3.608,-3.608,TOU
research_20260521_1000-0458,user-006,EVSE-018,2026-05-21T04:40:30.814199Z,2026-05-21T05:20:30.814199Z,discharge_only,-7.438,0.0,7.438,-7.438,TOU
research_20260521_1000-0459,user-002,EVSE-023,2026-05-21T15:20:15.532626Z,2026-05-21T16:35:15.532626Z,discharge_only,-8.654,0.0,8.654,-8.654,TOU
research_20260521_1000-0460,user-007,EVSE-047,2026-05-21T04:15:31.182288Z,2026-05-21T04:35:31.182288Z,charge_only,3.871,3.871,0.0,3.871,TOU
research_20260521_1000-0461,user-009,EVSE-022,2026-05-21T09:53:42.885570Z,2026-05-21T11:08:42.885570Z,charge_only,13.555,13.555,0.0,13.555,TOU
research_20260521_1000-0462,user-007,EVSE-013,2026-05-21T05:40:30.487432Z,2026-05-21T06:55:30.487432Z,discharge_only,-13.45,0.0,13.45,-13.45,TOU
research_20260521_1000-0463,user-008,EVSE-034,2026-05-21T08:38:50.114375Z,2026-05-21T09:18:50.114375Z,bidirectional,2.562,3.727,1.165,2.562,TOU
research_20260521_1000-0464,user-009,EVSE-020,2026-05-21T23:43:05.531520Z,2026-05-22T00:23:05.531520Z,discharge_only,-7.525,0.0,7.525,-7.525,TOU
research_20260521_1000-0465,user-008,EVSE-030,2026-05-21T20:10:21.300013Z,2026-05-21T21:25:21.300013Z,charge_only,13.155,13.155,0.0,13.155,TOU
research_20260521_1000-0466,user-005,EVSE-003,2026-05-21T14:35:49.792219Z,2026-05-21T15:05:49.792219Z,bidirectional,0.378,2.969,2.591,0.378,TOU
research_20260521_1000-0467,user-005,EVSE-003,2026-05-21T02:48:07.176100Z,2026-05-21T04:03:07.176100Z,charge_only,14.054,14.054,0.0,14.054,TOU
research_20260521_1000-0468,user-008,EVSE-011,2026-05-21T14:50:08.158930Z,2026-05-21T15:50:08.158930Z,discharge_only,-7.592,0.0,7.592,-7.592,TOU
research_20260521_1000-0469,user-002,EVSE-029,2026-05-21T19:43:46.757423Z,2026-05-21T20:03:46.757423Z,charge_only,7.862,7.862,0.0,7.862,TOU
research_20260521_1000-0470,user-001,EVSE-002,2026-05-21T02:33:31.782226Z,2026-05-21T03:48:31.782226Z,discharge_only,-8.991,0.0,8.991,-8.991,TOU
research_20260521_1000-0471,user-004,EVSE-003,2026-05-21T07:39:51.496981Z,2026-05-21T07:59:51.496981Z,charge_only,2.519,2.519,0.0,2.519,TOU
research_20260521_1000-0472,user-006,EVSE-021,2026-05-21T16:14:20.484634Z,2026-05-21T16:44:20.484634Z,bidirectional,-0.089,5.501,5.59,-0.089,TOU
research_20260521_1000-0473,user-004,EVSE-037,2026-05-21T22:23:56.193057Z,2026-05-21T23:03:56.193057Z,charge_only,14.57,14.57,0.0,14.57,TOU
research_20260521_1000-0474,user-010,EVSE-048,2026-05-21T16:11:55.789273Z,2026-05-21T17:11:55.789273Z,charge_only,21.501,21.501,0.0,21.501,TOU
research_20260521_1000-0475,user-001,EVSE-018,2026-05-21T18:24:02.849851Z,2026-05-21T19:39:02.849851Z,discharge_only,-8.846,0.0,8.846,-8.846,TOU
research_20260521_1000-0476,user-001,EVSE-034,2026-05-21T11:28:56.584931Z,2026-05-21T12:28:56.584931Z,charge_only,22.216,22.216,0.0,22.216,TOU
research_20260521_1000-0477,user-001,EVSE-013,2026-05-21T22:25:57.101539Z,2026-05-21T23:25:57.101539Z,charge_only,7.434,7.434,0.0,7.434,TOU
research_20260521_1000-0478,user-004,EVSE-020,2026-05-21T16:42:32.098892Z,2026-05-21T17:57:32.098892Z,charge_only,13.724,13.724,0.0,13.724,TOU
research_20260521_1000-0479,user-003,EVSE-026,2026-05-21T17:48:29.995206Z,2026-05-21T18:48:29.995206Z,charge_only,10.704,10.704,0.0,10.704,TOU
research_20260521_1000-0480,user-008,EVSE-028,2026-05-21T16:35:45.144684Z,2026-05-21T17:50:45.144684Z,discharge_only,-9.096,0.0,9.096,-9.096,TOU
research_20260521_1000-0481,user-001,EVSE-043,2026-05-21T01:52:05.117532Z,2026-05-21T02:32:05.117532Z,charge_only,15.638,15.638,0.0,15.638,TOU
research_20260521_1000-0482,user-002,EVSE-049,2026-05-21T08:31:04.065442Z,2026-05-21T09:31:04.065442Z,charge_only,10.65,10.65,0.0,10.65,TOU
research_20260521_1000-0483,user-002,EVSE-032,2026-05-21T21:21:38.720203Z,2026-05-21T22:36:38.720203Z,charge_only,13.563,13.563,0.0,13.563,TOU
research_20260521_1000-0484,user-008,EVSE-007,2026-05-21T10:22:23.239608Z,2026-05-21T10:52:23.239608Z,bidirectional,-0.023,1.784,1.807,-0.023,TOU
research_20260521_1000-0485,user-005,EVSE-018,2026-05-21T21:55:34.909687Z,2026-05-21T22:15:34.909687Z,bidirectional,1.813,2.835,1.022,1.813,TOU
research_20260521_1000-0486,user-010,EVSE-031,2026-05-21T05:02:32.500699Z,2026-05-21T05:22:32.500699Z,bidirectional,1.236,1.695,0.459,1.236,TOU
research_20260521_1000-0487,user-006,EVSE-045,2026-05-21T15:05:04.165439Z,2026-05-21T15:45:04.165439Z,charge_only,7.293,7.293,0.0,7.293,TOU
research_20260521_1000-0488,user-003,EVSE-043,2026-05-21T23:22:01.211084Z,2026-05-21T23:42:01.211084Z,bidirectional,4.286,5.853,1.567,4.286,TOU
research_20260521_1000-0489,user-006,EVSE-031,2026-05-21T23:35:03.141725Z,2026-05-22T00:15:03.141725Z,charge_only,4.529,4.529,0.0,4.529,TOU
research_20260521_1000-0490,user-002,EVSE-030,2026-05-21T06:21:38.403006Z,2026-05-21T07:01:38.403006Z,bidirectional,8.109,11.652,3.543,8.109,TOU
research_20260521_1000-0491,user-002,EVSE-041,2026-05-21T12:24:40.637686Z,2026-05-21T13:39:40.637686Z,bidirectional,5.051,6.822,1.771,5.051,TOU
research_20260521_1000-0492,user-006,EVSE-009,2026-05-21T03:03:24.331554Z,2026-05-21T04:18:24.331554Z,bidirectional,4.679,15.986,11.307,4.679,TOU
research_20260521_1000-0493,user-010,EVSE-038,2026-05-21T06:17:50.294250Z,2026-05-21T06:57:50.294250Z,charge_only,4.775,4.775,0.0,4.775,TOU
research_20260521_1000-0494,user-009,EVSE-003,2026-05-21T03:31:35.921020Z,2026-05-21T04:11:35.921020Z,charge_only,4.988,4.988,0.0,4.988,TOU
research_20260521_1000-0495,user-002,EVSE-047,2026-05-21T17:25:13.700311Z,2026-05-21T18:40:13.700311Z,charge_only,13.144,13.144,0.0,13.144,TOU
research_20260521_1000-0496,user-003,EVSE-030,2026-05-21T00:11:52.138224Z,2026-05-21T01:26:52.138224Z,discharge_only,-13.187,0.0,13.187,-13.187,TOU
research_20260521_1000-0497,user-008,EVSE-044,2026-05-21T07:16:49.442558Z,2026-05-21T07:56:49.442558Z,bidirectional,2.207,3.318,1.111,2.207,TOU
research_20260521_1000-0498,user-002,EVSE-048,2026-05-21T15:26:57.555029Z,2026-05-21T16:26:57.555029Z,charge_only,7.568,7.568,0.0,7.568,TOU
research_20260521_1000-0499,user-002,EVSE-038,2026-05-21T05:19:04.057920Z,2026-05-21T06:19:04.057920Z,charge_only,10.965,10.965,0.0,10.965,TOU
research_20260521_1000-0500,user-007,EVSE-035,2026-05-21T16:49:21.406807Z,2026-05-21T17:19:21.406807Z,discharge_only,-3.34,0.0,3.34,-3.34,TOU
research_20260521_1000-0501,user-002,EVSE-036,2026-05-21T11:31:46.943583Z,2026-05-21T12:46:46.943583Z,charge_only,26.502,26.502,0.0,26.502,TOU
research_20260521_1000-0502,user-002,EVSE-014,2026-05-21T00:27:54.183231Z,2026-05-21T01:42:54.183231Z,discharge_only,-12.895,0.0,12.895,-12.895,TOU
research_20260521_1000-0503,user-001,EVSE-017,2026-05-21T18:17:34.529276Z,2026-05-21T18:47:34.529276Z,bidirectional,2.456,3.022,0.566,2.456,TOU
research_20260521_1000-0504,user-003,EVSE-018,2026-05-21T14:22:54.869949Z,2026-05-21T14:42:54.869949Z,charge_only,3.707,3.707,0.0,3.707,TOU
research_20260521_1000-0505,user-004,EVSE-022,2026-05-21T06:50:11.954774Z,2026-05-21T08:05:11.954774Z,charge_only,27.508,27.508,0.0,27.508,TOU
research_20260521_1000-0506,user-004,EVSE-034,2026-05-21T17:24:56.917613Z,2026-05-21T17:44:56.917613Z,charge_only,3.892,3.892,0.0,3.892,TOU
research_20260521_1000-0507,user-008,EVSE-044,2026-05-21T21:41:25.295852Z,2026-05-21T22:21:25.295852Z,charge_only,15.454,15.454,0.0,15.454,TOU
research_20260521_1000-0508,user-010,EVSE-027,2026-05-21T02:48:53.373252Z,2026-05-21T03:48:53.373252Z,charge_only,11.082,11.082,0.0,11.082,TOU
research_20260521_1000-0509,user-006,EVSE-028,2026-05-21T04:49:12.287148Z,2026-05-21T06:04:12.287148Z,bidirectional,1.112,7.754,6.642,1.112,TOU
research_20260521_1000-0510,user-003,EVSE-034,2026-05-21T12:28:17.726134Z,2026-05-21T13:43:17.726134Z,charge_only,26.098,26.098,0.0,26.098,TOU
research_20260521_1000-0511,user-008,EVSE-014,2026-05-21T00:49:54.466044Z,2026-05-21T02:04:54.466044Z,bidirectional,1.618,5.21,3.592,1.618,TOU
research_20260521_1000-0512,user-009,EVSE-020,2026-05-21T04:09:57.153723Z,2026-05-21T04:29:57.153723Z,charge_only,3.642,3.642,0.0,3.642,TOU
research_20260521_1000-0513,user-003,EVSE-032,2026-05-21T14:20:01.317144Z,2026-05-21T14:40:01.317144Z,discharge_only,-2.546,0.0,2.546,-2.546,TOU
research_20260521_1000-0514,user-005,EVSE-009,2026-05-21T18:33:25.371878Z,2026-05-21T19:33:25.371878Z,bidirectional,3.556,7.284,3.728,3.556,TOU
research_20260521_1000-0515,user-001,EVSE-049,2026-05-21T20:08:08.999906Z,2026-05-21T20:38:08.999906Z,charge_only,5.469,5.469,0.0,5.469,TOU
research_20260521_1000-0516,user-009,EVSE-028,2026-05-21T06:33:34.070312Z,2026-05-21T07:33:34.070312Z,bidirectional,6.376,6.948,0.572,6.376,TOU
research_20260521_1000-0517,user-009,EVSE-012,2026-05-21T19:29:55.275661Z,2026-05-21T20:09:55.275661Z,charge_only,4.693,4.693,0.0,4.693,TOU
research_20260521_1000-0518,user-003,EVSE-041,2026-05-21T18:28:41.205791Z,2026-05-21T18:58:41.205791Z,bidirectional,3.709,4.512,0.803,3.709,TOU
research_20260521_1000-0519,user-007,EVSE-012,2026-05-21T12:28:57.531470Z,2026-05-21T13:43:57.531470Z,charge_only,14.237,14.237,0.0,14.237,TOU
research_20260521_1000-0520,user-006,EVSE-039,2026-05-21T16:40:43.581547Z,2026-05-21T17:00:43.581547Z,bidirectional,2.941,5.031,2.09,2.941,TOU
research_20260521_1000-0521,user-004,EVSE-046,2026-05-21T09:57:34.128509Z,2026-05-21T10:17:34.128509Z,bidirectional,1.19,1.677,0.487,1.19,TOU
research_20260521_1000-0522,user-009,EVSE-036,2026-05-21T09:07:37.504114Z,2026-05-21T09:47:37.504114Z,charge_only,14.526,14.526,0.0,14.526,TOU
research_20260521_1000-0523,user-008,EVSE-037,2026-05-21T08:51:59.695240Z,2026-05-21T09:11:59.695240Z,bidirectional,-0.042,1.892,1.934,-0.042,TOU
research_20260521_1000-0524,user-004,EVSE-033,2026-05-21T06:12:22.206993Z,2026-05-21T07:12:22.206993Z,charge_only,11.408,11.408,0.0,11.408,TOU
research_20260521_1000-0525,user-009,EVSE-018,2026-05-21T17:46:16.689038Z,2026-05-21T18:16:16.689038Z,charge_only,5.576,5.576,0.0,5.576,TOU
research_20260521_1000-0526,user-001,EVSE-036,2026-05-21T08:33:55.506061Z,2026-05-21T09:03:55.506061Z,charge_only,3.703,3.703,0.0,3.703,TOU
research_20260521_1000-0527,user-010,EVSE-002,2026-05-21T16:54:21.042758Z,2026-05-21T17:14:21.042758Z,charge_only,7.363,7.363,0.0,7.363,TOU
research_20260521_1000-0528,user-010,EVSE-031,2026-05-21T21:25:43.347909Z,2026-05-21T22:25:43.347909Z,bidirectional,-0.097,10.847,10.944,-0.097,TOU
research_20260521_1000-0529,user-003,EVSE-044,2026-05-21T04:24:32.333868Z,2026-05-21T04:54:32.333868Z,charge_only,3.673,3.673,0.0,3.673,TOU
research_20260521_1000-0530,user-002,EVSE-006,2026-05-21T13:44:59.469351Z,2026-05-21T14:44:59.469351Z,charge_only,22.0,22.0,0.0,22.0,TOU
research_20260521_1000-0531,user-010,EVSE-049,2026-05-21T23:39:33.867493Z,2026-05-21T23:59:33.867493Z,charge_only,2.387,2.387,0.0,2.387,TOU
research_20260521_1000-0532,user-003,EVSE-023,2026-05-21T16:36:21.936637Z,2026-05-21T17:36:21.936637Z,bidirectional,1.285,4.327,3.042,1.285,TOU
research_20260521_1000-0533,user-007,EVSE-008,2026-05-21T07:30:03.392690Z,2026-05-21T07:50:03.392690Z,bidirectional,1.806,2.906,1.1,1.806,TOU
research_20260521_1000-0534,user-002,EVSE-042,2026-05-21T02:29:21.327182Z,2026-05-21T03:44:21.327182Z,bidirectional,1.456,5.146,3.69,1.456,TOU
research_20260521_1000-0535,user-008,EVSE-016,2026-05-21T06:40:15.924742Z,2026-05-21T07:40:15.924742Z,bidirectional,2.597,4.924,2.327,2.597,TOU
research_20260521_1000-0536,user-009,EVSE-004,2026-05-21T11:10:22.216113Z,2026-05-21T12:25:22.216113Z,charge_only,28.302,28.302,0.0,28.302,TOU
research_20260521_1000-0537,user-003,EVSE-046,2026-05-21T16:54:38.154306Z,2026-05-21T17:24:38.154306Z,charge_only,11.681,11.681,0.0,11.681,TOU
research_20260521_1000-0538,user-007,EVSE-010,2026-05-21T15:03:46.482419Z,2026-05-21T15:23:46.482419Z,charge_only,7.268,7.268,0.0,7.268,TOU
research_20260521_1000-0539,user-010,EVSE-039,2026-05-21T04:02:15.725418Z,2026-05-21T05:02:15.725418Z,charge_only,7.02,7.02,0.0,7.02,TOU
research_20260521_1000-0540,user-001,EVSE-026,2026-05-21T14:28:11.844371Z,2026-05-21T15:28:11.844371Z,charge_only,22.625,22.625,0.0,22.625,TOU
research_20260521_1000-0541,user-003,EVSE-005,2026-05-21T04:14:35.570976Z,2026-05-21T05:29:35.570976Z,charge_only,27.72,27.72,0.0,27.72,TOU
research_20260521_1000-0542,user-005,EVSE-004,2026-05-21T19:28:38.934863Z,2026-05-21T19:58:38.934863Z,charge_only,11.442,11.442,0.0,11.442,TOU
research_20260521_1000-0543,user-001,EVSE-033,2026-05-21T00:27:01.203446Z,2026-05-21T01:07:01.203446Z,charge_only,7.356,7.356,0.0,7.356,TOU
research_20260521_1000-0544,user-010,EVSE-033,2026-05-21T04:52:39.612734Z,2026-05-21T05:52:39.612734Z,charge_only,21.154,21.154,0.0,21.154,TOU
research_20260521_1000-0545,user-009,EVSE-040,2026-05-21T01:39:28.369623Z,2026-05-21T02:19:28.369623Z,charge_only,7.034,7.034,0.0,7.034,TOU
research_20260521_1000-0546,user-010,EVSE-006,2026-05-21T08:54:58.974556Z,2026-05-21T09:54:58.974556Z,charge_only,7.259,7.259,0.0,7.259,TOU
research_20260521_1000-0547,user-008,EVSE-040,2026-05-21T17:47:33.629803Z,2026-05-21T18:47:33.629803Z,charge_only,10.794,10.794,0.0,10.794,TOU
research_20260521_1000-0548,user-007,EVSE-015,2026-05-21T11:50:26.574050Z,2026-05-21T12:30:26.574050Z,bidirectional,10.382,12.356,1.974,10.382,TOU
research_20260521_1000-0549,user-002,EVSE-048,2026-05-21T15:36:31.760088Z,2026-05-21T16:36:31.760088Z,charge_only,22.078,22.078,0.0,22.078,TOU
research_20260521_1000-0550,user-001,EVSE-018,2026-05-21T10:54:04.982443Z,2026-05-21T11:54:04.982443Z,charge_only,7.339,7.339,0.0,7.339,TOU
research_20260521_1000-0551,user-003,EVSE-031,2026-05-21T22:19:16.018119Z,2026-05-21T23:19:16.018119Z,bidirectional,-0.04,3.499,3.539,-0.04,TOU
research_20260521_1000-0552,user-007,EVSE-032,2026-05-21T15:28:14.578670Z,2026-05-21T16:43:14.578670Z,charge_only,13.294,13.294,0.0,13.294,TOU
research_20260521_1000-0553,user-007,EVSE-003,2026-05-21T17:40:33.847226Z,2026-05-21T18:00:33.847226Z,charge_only,3.476,3.476,0.0,3.476,TOU
research_20260521_1000-0554,user-007,EVSE-002,2026-05-21T07:16:07.058035Z,2026-05-21T07:46:07.058035Z,discharge_only,-11.667,0.0,11.667,-11.667,TOU
research_20260521_1000-0555,user-002,EVSE-045,2026-05-21T07:11:58.998578Z,2026-05-21T08:11:58.998578Z,discharge_only,-10.73,0.0,10.73,-10.73,TOU
research_20260521_1000-0556,user-010,EVSE-032,2026-05-21T01:28:25.307498Z,2026-05-21T01:48:25.307498Z,charge_only,2.435,2.435,0.0,2.435,TOU
research_20260521_1000-0557,user-009,EVSE-042,2026-05-21T21:35:25.740945Z,2026-05-21T22:35:25.740945Z,charge_only,23.013,23.013,0.0,23.013,TOU
research_20260521_1000-0558,user-001,EVSE-003,2026-05-21T01:25:57.107651Z,2026-05-21T01:55:57.107651Z,bidirectional,-0.181,5.772,5.953,-0.181,TOU
research_20260521_1000-0559,user-006,EVSE-028,2026-05-21T03:48:17.504414Z,2026-05-21T05:03:17.504414Z,charge_only,27.903,27.903,0.0,27.903,TOU
research_20260521_1000-0560,user-003,EVSE-048,2026-05-21T11:52:52.191177Z,2026-05-21T13:07:52.191177Z,charge_only,13.122,13.122,0.0,13.122,TOU
research_20260521_1000-0561,user-006,EVSE-038,2026-05-21T19:30:21.633199Z,2026-05-21T20:00:21.633199Z,bidirectional,3.121,4.249,1.128,3.121,TOU
research_20260521_1000-0562,user-010,EVSE-027,2026-05-21T21:02:20.074485Z,2026-05-21T21:32:20.074485Z,bidirectional,3.842,4.915,1.073,3.842,TOU
research_20260521_1000-0563,user-002,EVSE-039,2026-05-21T18:56:10.427943Z,2026-05-21T19:56:10.427943Z,charge_only,10.937,10.937,0.0,10.937,TOU
research_20260521_1000-0564,user-005,EVSE-015,2026-05-21T01:44:43.213313Z,2026-05-21T02:14:43.213313Z,bidirectional,7.34,9.207,1.867,7.34,TOU
research_20260521_1000-0565,user-003,EVSE-026,2026-05-21T17:33:40.178013Z,2026-05-21T18:33:40.178013Z,charge_only,7.336,7.336,0.0,7.336,TOU
research_20260521_1000-0566,user-010,EVSE-028,2026-05-21T16:30:19.044808Z,2026-05-21T17:00:19.044808Z,charge_only,10.316,10.316,0.0,10.316,TOU
research_20260521_1000-0567,user-002,EVSE-026,2026-05-21T13:11:51.547615Z,2026-05-21T13:31:51.547615Z,bidirectional,-0.354,3.299,3.653,-0.354,TOU
research_20260521_1000-0568,user-006,EVSE-030,2026-05-21T13:40:40.980440Z,2026-05-21T14:10:40.980440Z,bidirectional,3.757,4.731,0.974,3.757,TOU
research_20260521_1000-0569,user-004,EVSE-013,2026-05-21T10:30:14.253588Z,2026-05-21T11:30:14.253588Z,charge_only,11.303,11.303,0.0,11.303,TOU
research_20260521_1000-0570,user-001,EVSE-034,2026-05-21T00:13:01.560497Z,2026-05-21T01:13:01.560497Z,bidirectional,4.755,5.963,1.208,4.755,TOU
research_20260521_1000-0571,user-002,EVSE-040,2026-05-21T12:42:21.214395Z,2026-05-21T13:42:21.214395Z,discharge_only,-22.664,0.0,22.664,-22.664,TOU
research_20260521_1000-0572,user-001,EVSE-004,2026-05-21T20:39:13.345818Z,2026-05-21T21:19:13.345818Z,charge_only,14.543,14.543,0.0,14.543,TOU
research_20260521_1000-0573,user-002,EVSE-027,2026-05-21T22:49:52.507101Z,2026-05-21T23:29:52.507101Z,bidirectional,-0.308,2.067,2.375,-0.308,TOU
research_20260521_1000-0574,user-009,EVSE-014,2026-05-21T11:19:16.316617Z,2026-05-21T12:34:16.316617Z,charge_only,14.25,14.25,0.0,14.25,TOU
research_20260521_1000-0575,user-008,EVSE-007,2026-05-21T21:28:28.200369Z,2026-05-21T21:58:28.200369Z,charge_only,10.811,10.811,0.0,10.811,TOU
research_20260521_1000-0576,user-006,EVSE-012,2026-05-21T14:43:46.255304Z,2026-05-21T15:43:46.255304Z,charge_only,21.798,21.798,0.0,21.798,TOU
research_20260521_1000-0577,user-009,EVSE-042,2026-05-21T13:07:11.824853Z,2026-05-21T13:47:11.824853Z,charge_only,5.088,5.088,0.0,5.088,TOU
research_20260521_1000-0578,user-004,EVSE-015,2026-05-21T16:55:37.890708Z,2026-05-21T17:55:37.890708Z,charge_only,6.992,6.992,0.0,6.992,TOU
research_20260521_1000-0579,user-007,EVSE-023,2026-05-21T14:34:39.141044Z,2026-05-21T14:54:39.141044Z,charge_only,2.442,2.442,0.0,2.442,TOU
research_20260521_1000-0580,user-005,EVSE-016,2026-05-21T06:22:12.571805Z,2026-05-21T06:42:12.571805Z,charge_only,2.371,2.371,0.0,2.371,TOU
research_20260521_1000-0581,user-003,EVSE-031,2026-05-21T19:29:13.442803Z,2026-05-21T20:29:13.442803Z,charge_only,7.548,7.548,0.0,7.548,TOU
research_20260521_1000-0582,user-010,EVSE-017,2026-05-21T07:39:44.003111Z,2026-05-21T08:19:44.003111Z,charge_only,4.829,4.829,0.0,4.829,TOU
research_20260521_1000-0583,user-008,EVSE-002,2026-05-21T23:39:28.324953Z,2026-05-22T00:19:28.324953Z,charge_only,6.928,6.928,0.0,6.928,TOU
research_20260521_1000-0584,user-004,EVSE-025,2026-05-21T08:09:30.698709Z,2026-05-21T08:39:30.698709Z,charge_only,5.589,5.589,0.0,5.589,TOU
research_20260521_1000-0585,user-009,EVSE-023,2026-05-21T02:24:07.272562Z,2026-05-21T03:24:07.272562Z,bidirectional,-0.268,10.26,10.528,-0.268,TOU
research_20260521_1000-0586,user-008,EVSE-019,2026-05-21T01:43:47.066161Z,2026-05-21T02:13:47.066161Z,charge_only,5.377,5.377,0.0,5.377,TOU
research_20260521_1000-0587,user-005,EVSE-009,2026-05-21T04:10:19.340076Z,2026-05-21T04:30:19.340076Z,charge_only,2.469,2.469,0.0,2.469,TOU
research_20260521_1000-0588,user-009,EVSE-020,2026-05-21T08:00:55.833691Z,2026-05-21T09:15:55.833691Z,charge_only,9.174,9.174,0.0,9.174,TOU
research_20260521_1000-0589,user-007,EVSE-028,2026-05-21T07:41:21.034564Z,2026-05-21T08:21:21.034564Z,bidirectional,7.051,10.767,3.716,7.051,TOU
research_20260521_1000-0590,user-006,EVSE-020,2026-05-21T11:53:30.368999Z,2026-05-21T12:33:30.368999Z,discharge_only,-7.255,0.0,7.255,-7.255,TOU
research_20260521_1000-0591,user-006,EVSE-004,2026-05-21T20:55:43.452044Z,2026-05-21T22:10:43.452044Z,charge_only,27.267,27.267,0.0,27.267,TOU
research_20260521_1000-0592,user-009,EVSE-010,2026-05-21T06:14:19.000307Z,2026-05-21T06:34:19.000307Z,bidirectional,3.801,5.42,1.619,3.801,TOU
research_20260521_1000-0593,user-001,EVSE-017,2026-05-21T04:38:54.704650Z,2026-05-21T05:53:54.704650Z,bidirectional,20.055,24.209,4.154,20.055,TOU
research_20260521_1000-0594,user-010,EVSE-038,2026-05-21T21:01:35.819758Z,2026-05-21T21:31:35.819758Z,bidirectional,7.149,9.247,2.098,7.149,TOU
research_20260521_1000-0595,user-007,EVSE-001,2026-05-21T14:43:25.083841Z,2026-05-21T15:03:25.083841Z,discharge_only,-3.575,0.0,3.575,-3.575,TOU
research_20260521_1000-0596,user-010,EVSE-025,2026-05-21T13:18:56.981236Z,2026-05-21T13:58:56.981236Z,charge_only,4.804,4.804,0.0,4.804,TOU
research_20260521_1000-0597,user-003,EVSE-038,2026-05-21T15:32:18.690970Z,2026-05-21T16:47:18.690970Z,charge_only,13.758,13.758,0.0,13.758,TOU
research_20260521_1000-0598,user-010,EVSE-049,2026-05-21T04:03:57.826436Z,2026-05-21T04:23:57.826436Z,bidirectional,1.209,1.902,0.693,1.209,TOU
research_20260521_1000-0599,user-004,EVSE-005,2026-05-21T21:27:10.691679Z,2026-05-21T21:57:10.691679Z,charge_only,11.33,11.33,0.0,11.33,TOU
research_20260521_1000-0600,user-001,EVSE-011,2026-05-21T01:49:05.206950Z,2026-05-21T02:29:05.206950Z,charge_only,4.873,4.873,0.0,4.873,TOU
research_20260521_1000-0601,user-004,EVSE-050,2026-05-21T21:55:08.019015Z,2026-05-21T22:15:08.019015Z,charge_only,7.531,7.531,0.0,7.531,TOU
research_20260521_1000-0602,user-002,EVSE-004,2026-05-21T15:48:22.542653Z,2026-05-21T17:03:22.542653Z,bidirectional,6.304,10.126,3.822,6.304,TOU
research_20260521_1000-0603,user-004,EVSE-020,2026-05-21T04:16:17.277641Z,2026-05-21T04:56:17.277641Z,discharge_only,-7.246,0.0,7.246,-7.246,TOU
research_20260521_1000-0604,user-002,EVSE-004,2026-05-21T09:59:48.454983Z,2026-05-21T10:39:48.454983Z,bidirectional,4.418,9.446,5.028,4.418,TOU
research_20260521_1000-0605,user-010,EVSE-036,2026-05-21T02:16:46.418017Z,2026-05-21T02:36:46.418017Z,charge_only,3.693,3.693,0.0,3.693,TOU
research_20260521_1000-0606,user-001,EVSE-031,2026-05-21T21:29:09.110905Z,2026-05-21T22:29:09.110905Z,bidirectional,10.826,16.092,5.266,10.826,TOU
research_20260521_1000-0607,user-003,EVSE-037,2026-05-21T13:40:12.308756Z,2026-05-21T14:40:12.308756Z,bidirectional,8.792,15.761,6.969,8.792,TOU
research_20260521_1000-0608,user-004,EVSE-019,2026-05-21T04:28:49.468538Z,2026-05-21T04:48:49.468538Z,bidirectional,1.176,1.791,0.615,1.176,TOU
research_20260521_1000-0609,user-002,EVSE-015,2026-05-21T08:13:30.599507Z,2026-05-21T08:33:30.599507Z,charge_only,3.739,3.739,0.0,3.739,TOU
research_20260521_1000-0610,user-006,EVSE-009,2026-05-21T05:15:29.993766Z,2026-05-21T05:55:29.993766Z,bidirectional,2.812,8.744,5.932,2.812,TOU
research_20260521_1000-0611,user-005,EVSE-008,2026-05-21T06:10:39.091889Z,2026-05-21T06:40:39.091889Z,discharge_only,-3.57,0.0,3.57,-3.57,TOU
research_20260521_1000-0612,user-005,EVSE-035,2026-05-21T17:18:43.622625Z,2026-05-21T18:18:43.622625Z,charge_only,11.245,11.245,0.0,11.245,TOU
research_20260521_1000-0613,user-010,EVSE-004,2026-05-21T05:52:33.094422Z,2026-05-21T06:32:33.094422Z,charge_only,6.955,6.955,0.0,6.955,TOU
research_20260521_1000-0614,user-005,EVSE-018,2026-05-21T03:22:44.382383Z,2026-05-21T04:37:44.382383Z,discharge_only,-14.077,0.0,14.077,-14.077,TOU
research_20260521_1000-0615,user-010,EVSE-036,2026-05-21T23:41:13.900372Z,2026-05-22T00:21:13.900372Z,charge_only,14.39,14.39,0.0,14.39,TOU
research_20260521_1000-0616,user-002,EVSE-038,2026-05-21T17:20:55.094013Z,2026-05-21T18:35:55.094013Z,discharge_only,-27.082,0.0,27.082,-27.082,TOU
research_20260521_1000-0617,user-004,EVSE-024,2026-05-21T22:31:25.768221Z,2026-05-21T23:11:25.768221Z,bidirectional,1.834,4.526,2.692,1.834,TOU
research_20260521_1000-0618,user-002,EVSE-010,2026-05-21T08:34:40.960848Z,2026-05-21T09:14:40.960848Z,bidirectional,1.328,3.124,1.796,1.328,TOU
research_20260521_1000-0619,user-010,EVSE-049,2026-05-21T18:54:28.158454Z,2026-05-21T19:34:28.158454Z,charge_only,13.654,13.654,0.0,13.654,TOU
research_20260521_1000-0620,user-002,EVSE-004,2026-05-21T00:58:34.785560Z,2026-05-21T01:28:34.785560Z,charge_only,10.522,10.522,0.0,10.522,TOU
research_20260521_1000-0621,user-009,EVSE-016,2026-05-21T13:23:56.095429Z,2026-05-21T14:03:56.095429Z,charge_only,4.916,4.916,0.0,4.916,TOU
research_20260521_1000-0622,user-007,EVSE-035,2026-05-21T15:17:53.467790Z,2026-05-21T15:57:53.467790Z,charge_only,14.347,14.347,0.0,14.347,TOU
research_20260521_1000-0623,user-010,EVSE-003,2026-05-21T08:00:06.010792Z,2026-05-21T09:15:06.010792Z,charge_only,13.978,13.978,0.0,13.978,TOU
research_20260521_1000-0624,user-003,EVSE-008,2026-05-21T00:13:29.746996Z,2026-05-21T00:43:29.746996Z,charge_only,10.931,10.931,0.0,10.931,TOU
research_20260521_1000-0625,user-006,EVSE-006,2026-05-21T09:47:16.300615Z,2026-05-21T11:02:16.300615Z,charge_only,9.222,9.222,0.0,9.222,TOU
research_20260521_1000-0626,user-010,EVSE-025,2026-05-21T15:06:22.894287Z,2026-05-21T16:06:22.894287Z,discharge_only,-11.49,0.0,11.49,-11.49,TOU
research_20260521_1000-0627,user-003,EVSE-029,2026-05-21T22:58:36.865316Z,2026-05-21T23:28:36.865316Z,charge_only,5.538,5.538,0.0,5.538,TOU
research_20260521_1000-0628,user-005,EVSE-002,2026-05-21T00:15:07.198387Z,2026-05-21T00:35:07.198387Z,charge_only,2.425,2.425,0.0,2.425,TOU
research_20260521_1000-0629,user-009,EVSE-009,2026-05-21T11:04:24.064408Z,2026-05-21T11:34:24.064408Z,charge_only,3.658,3.658,0.0,3.658,TOU
research_20260521_1000-0630,user-002,EVSE-043,2026-05-21T06:47:35.921448Z,2026-05-21T07:07:35.921448Z,charge_only,3.734,3.734,0.0,3.734,TOU
research_20260521_1000-0631,user-002,EVSE-003,2026-05-21T06:07:14.420948Z,2026-05-21T06:37:14.420948Z,bidirectional,6.982,9.065,2.083,6.982,TOU
research_20260521_1000-0632,user-009,EVSE-047,2026-05-21T16:21:45.650031Z,2026-05-21T17:36:45.650031Z,charge_only,26.972,26.972,0.0,26.972,TOU
research_20260521_1000-0633,user-002,EVSE-039,2026-05-21T12:12:24.284476Z,2026-05-21T13:27:24.284476Z,charge_only,8.839,8.839,0.0,8.839,TOU
research_20260521_1000-0634,user-002,EVSE-050,2026-05-21T18:43:44.402346Z,2026-05-21T19:23:44.402346Z,charge_only,7.376,7.376,0.0,7.376,TOU
research_20260521_1000-0635,user-008,EVSE-026,2026-05-21T09:33:28.520400Z,2026-05-21T10:03:28.520400Z,bidirectional,-0.022,1.887,1.909,-0.022,TOU
research_20260521_1000-0636,user-005,EVSE-040,2026-05-21T02:05:11.341718Z,2026-05-21T02:45:11.341718Z,charge_only,7.524,7.524,0.0,7.524,TOU
research_20260521_1000-0637,user-009,EVSE-024,2026-05-21T23:30:18.919204Z,2026-05-21T23:50:18.919204Z,bidirectional,0.099,1.754,1.655,0.099,TOU
research_20260521_1000-0638,user-009,EVSE-002,2026-05-21T14:29:26.528639Z,2026-05-21T14:59:26.528639Z,charge_only,5.717,5.717,0.0,5.717,TOU
research_20260521_1000-0639,user-009,EVSE-047,2026-05-21T14:25:58.207947Z,2026-05-21T15:25:58.207947Z,bidirectional,3.618,5.534,1.916,3.618,TOU
research_20260521_1000-0640,user-001,EVSE-027,2026-05-21T23:37:46.309870Z,2026-05-22T00:52:46.309870Z,charge_only,28.058,28.058,0.0,28.058,TOU
research_20260521_1000-0641,user-009,EVSE-010,2026-05-21T11:49:30.321178Z,2026-05-21T12:49:30.321178Z,charge_only,7.028,7.028,0.0,7.028,TOU
research_20260521_1000-0642,user-002,EVSE-004,2026-05-21T10:31:19.499436Z,2026-05-21T11:01:19.499436Z,charge_only,5.724,5.724,0.0,5.724,TOU
research_20260521_1000-0643,user-005,EVSE-035,2026-05-21T06:12:39.838426Z,2026-05-21T06:42:39.838426Z,discharge_only,-3.532,0.0,3.532,-3.532,TOU
research_20260521_1000-0644,user-004,EVSE-028,2026-05-21T16:15:33.200458Z,2026-05-21T17:15:33.200458Z,charge_only,22.039,22.039,0.0,22.039,TOU
research_20260521_1000-0645,user-009,EVSE-034,2026-05-21T12:17:26.492239Z,2026-05-21T13:32:26.492239Z,discharge_only,-13.305,0.0,13.305,-13.305,TOU
research_20260521_1000-0646,user-004,EVSE-020,2026-05-21T01:30:52.104108Z,2026-05-21T02:00:52.104108Z,charge_only,3.802,3.802,0.0,3.802,TOU
research_20260521_1000-0647,user-002,EVSE-028,2026-05-21T11:04:39.998880Z,2026-05-21T11:44:39.998880Z,bidirectional,0.104,2.582,2.478,0.104,TOU
research_20260521_1000-0648,user-010,EVSE-038,2026-05-21T05:34:32.164290Z,2026-05-21T06:14:32.164290Z,charge_only,15.551,15.551,0.0,15.551,TOU
research_20260521_1000-0649,user-010,EVSE-008,2026-05-21T05:27:21.041817Z,2026-05-21T06:42:21.041817Z,bidirectional,-1.928,13.367,15.295,-1.928,TOU
research_20260521_1000-0650,user-007,EVSE-028,2026-05-21T07:02:00.467300Z,2026-05-21T07:42:00.467300Z,charge_only,7.527,7.527,0.0,7.527,TOU
research_20260521_1000-0651,user-005,EVSE-024,2026-05-21T07:32:04.240645Z,2026-05-21T08:47:04.240645Z,charge_only,13.863,13.863,0.0,13.863,TOU
research_20260521_1000-0652,user-005,EVSE-004,2026-05-21T16:06:01.786534Z,2026-05-21T16:46:01.786534Z,charge_only,7.075,7.075,0.0,7.075,TOU
research_20260521_1000-0653,user-008,EVSE-041,2026-05-21T00:02:59.191713Z,2026-05-21T01:02:59.191713Z,bidirectional,-0.042,5.377,5.419,-0.042,TOU
research_20260521_1000-0654,user-009,EVSE-038,2026-05-21T17:19:25.886475Z,2026-05-21T17:49:25.886475Z,charge_only,10.86,10.86,0.0,10.86,TOU
research_20260521_1000-0655,user-001,EVSE-001,2026-05-21T01:24:36.898042Z,2026-05-21T02:24:36.898042Z,charge_only,11.163,11.163,0.0,11.163,TOU
research_20260521_1000-0656,user-002,EVSE-013,2026-05-21T15:47:18.504839Z,2026-05-21T17:02:18.504839Z,bidirectional,-0.149,13.553,13.702,-0.149,TOU
research_20260521_1000-0657,user-005,EVSE-038,2026-05-21T22:42:11.829699Z,2026-05-21T23:22:11.829699Z,bidirectional,1.249,3.026,1.777,1.249,TOU
research_20260521_1000-0658,user-009,EVSE-044,2026-05-21T13:11:28.240295Z,2026-05-21T13:41:28.240295Z,charge_only,3.289,3.289,0.0,3.289,TOU
research_20260521_1000-0659,user-009,EVSE-021,2026-05-21T10:44:40.791788Z,2026-05-21T11:24:40.791788Z,charge_only,4.852,4.852,0.0,4.852,TOU
research_20260521_1000-0660,user-010,EVSE-049,2026-05-21T02:21:09.848864Z,2026-05-21T03:01:09.848864Z,bidirectional,3.826,9.646,5.82,3.826,TOU
research_20260521_1000-0661,user-008,EVSE-050,2026-05-21T09:44:15.141450Z,2026-05-21T10:44:15.141450Z,discharge_only,-21.691,0.0,21.691,-21.691,TOU
research_20260521_1000-0662,user-010,EVSE-011,2026-05-21T23:17:52.833232Z,2026-05-22T00:32:52.833232Z,charge_only,9.325,9.325,0.0,9.325,TOU
research_20260521_1000-0663,user-004,EVSE-036,2026-05-21T02:47:32.710437Z,2026-05-21T03:27:32.710437Z,bidirectional,3.554,5.511,1.957,3.554,TOU
research_20260521_1000-0664,user-008,EVSE-038,2026-05-21T07:56:27.056123Z,2026-05-21T08:56:27.056123Z,bidirectional,18.83,20.64,1.81,18.83,TOU
research_20260521_1000-0665,user-003,EVSE-028,2026-05-21T05:33:18.284775Z,2026-05-21T06:13:18.284775Z,discharge_only,-7.088,0.0,7.088,-7.088,TOU
research_20260521_1000-0666,user-003,EVSE-006,2026-05-21T13:45:58.541954Z,2026-05-21T14:25:58.541954Z,discharge_only,-7.544,0.0,7.544,-7.544,TOU
research_20260521_1000-0667,user-007,EVSE-043,2026-05-21T04:41:53.257809Z,2026-05-21T05:01:53.257809Z,discharge_only,-2.274,0.0,2.274,-2.274,TOU
research_20260521_1000-0668,user-005,EVSE-035,2026-05-21T13:47:01.624222Z,2026-05-21T14:07:01.624222Z,charge_only,7.169,7.169,0.0,7.169,TOU
research_20260521_1000-0669,user-003,EVSE-028,2026-05-21T00:26:44.538516Z,2026-05-21T01:41:44.538516Z,charge_only,13.776,13.776,0.0,13.776,TOU
research_20260521_1000-0670,user-001,EVSE-048,2026-05-21T10:57:26.529779Z,2026-05-21T11:27:26.529779Z,discharge_only,-5.349,0.0,5.349,-5.349,TOU
research_20260521_1000-0671,user-009,EVSE-047,2026-05-21T21:42:48.929534Z,2026-05-21T22:12:48.929534Z,charge_only,11.233,11.233,0.0,11.233,TOU
research_20260521_1000-0672,user-001,EVSE-047,2026-05-21T22:08:47.277178Z,2026-05-21T22:48:47.277178Z,bidirectional,3.629,4.184,0.555,3.629,TOU
research_20260521_1000-0673,user-007,EVSE-045,2026-05-21T00:49:10.171648Z,2026-05-21T01:19:10.171648Z,bidirectional,3.983,7.575,3.592,3.983,TOU
research_20260521_1000-0674,user-001,EVSE-041,2026-05-21T09:28:20.610109Z,2026-05-21T09:58:20.610109Z,bidirectional,7.313,9.065,1.752,7.313,TOU
research_20260521_1000-0675,user-001,EVSE-031,2026-05-21T06:58:01.664749Z,2026-05-21T07:28:01.664749Z,charge_only,3.425,3.425,0.0,3.425,TOU
research_20260521_1000-0676,user-006,EVSE-034,2026-05-21T16:18:42.861463Z,2026-05-21T17:18:42.861463Z,charge_only,6.852,6.852,0.0,6.852,TOU
research_20260521_1000-0677,user-006,EVSE-008,2026-05-21T13:08:50.470500Z,2026-05-21T14:08:50.470500Z,bidirectional,1.036,3.891,2.855,1.036,TOU
research_20260521_1000-0678,user-002,EVSE-018,2026-05-21T10:17:07.630634Z,2026-05-21T10:47:07.630634Z,charge_only,3.806,3.806,0.0,3.806,TOU
research_20260521_1000-0679,user-002,EVSE-019,2026-05-21T08:02:30.132482Z,2026-05-21T08:42:30.132482Z,charge_only,14.815,14.815,0.0,14.815,TOU
research_20260521_1000-0680,user-008,EVSE-015,2026-05-21T08:14:05.131062Z,2026-05-21T08:34:05.131062Z,charge_only,3.613,3.613,0.0,3.613,TOU
research_20260521_1000-0681,user-002,EVSE-024,2026-05-21T09:35:37.310104Z,2026-05-21T10:35:37.310104Z,discharge_only,-7.15,0.0,7.15,-7.15,TOU
research_20260521_1000-0682,user-008,EVSE-030,2026-05-21T01:29:31.027335Z,2026-05-21T01:59:31.027335Z,bidirectional,4.128,5.001,0.873,4.128,TOU
research_20260521_1000-0683,user-010,EVSE-025,2026-05-21T03:52:27.561065Z,2026-05-21T04:22:27.561065Z,charge_only,3.837,3.837,0.0,3.837,TOU
research_20260521_1000-0684,user-005,EVSE-008,2026-05-21T02:46:57.951876Z,2026-05-21T04:01:57.951876Z,charge_only,8.312,8.312,0.0,8.312,TOU
research_20260521_1000-0685,user-010,EVSE-022,2026-05-21T05:53:50.873185Z,2026-05-21T06:13:50.873185Z,bidirectional,0.138,3.768,3.63,0.138,TOU
research_20260521_1000-0686,user-008,EVSE-024,2026-05-21T05:55:23.786330Z,2026-05-21T06:35:23.786330Z,bidirectional,0.154,3.609,3.455,0.154,TOU
research_20260521_1000-0687,user-005,EVSE-019,2026-05-21T01:18:29.978897Z,2026-05-21T01:48:29.978897Z,charge_only,10.91,10.91,0.0,10.91,TOU
research_20260521_1000-0688,user-004,EVSE-040,2026-05-21T23:18:40.393506Z,2026-05-21T23:48:40.393506Z,discharge_only,-10.635,0.0,10.635,-10.635,TOU
research_20260521_1000-0689,user-003,EVSE-032,2026-05-21T09:53:31.499228Z,2026-05-21T11:08:31.499228Z,charge_only,13.373,13.373,0.0,13.373,TOU
research_20260521_1000-0690,user-001,EVSE-048,2026-05-21T03:49:25.975462Z,2026-05-21T05:04:25.975462Z,charge_only,8.731,8.731,0.0,8.731,TOU
research_20260521_1000-0691,user-004,EVSE-035,2026-05-21T18:30:11.430001Z,2026-05-21T19:30:11.430001Z,bidirectional,0.866,4.162,3.296,0.866,TOU
research_20260521_1000-0692,user-002,EVSE-038,2026-05-21T19:16:08.808381Z,2026-05-21T19:36:08.808381Z,bidirectional,1.769,2.624,0.855,1.769,TOU
research_20260521_1000-0693,user-008,EVSE-012,2026-05-21T05:19:32.997338Z,2026-05-21T05:49:32.997338Z,charge_only,10.724,10.724,0.0,10.724,TOU
research_20260521_1000-0694,user-005,EVSE-021,2026-05-21T01:08:55.955743Z,2026-05-21T01:48:55.955743Z,charge_only,7.227,7.227,0.0,7.227,TOU
research_20260521_1000-0695,user-008,EVSE-012,2026-05-21T20:04:05.492548Z,2026-05-21T20:24:05.492548Z,charge_only,3.96,3.96,0.0,3.96,TOU
research_20260521_1000-0696,user-004,EVSE-050,2026-05-21T18:51:58.098838Z,2026-05-21T20:06:58.098838Z,discharge_only,-13.804,0.0,13.804,-13.804,TOU
research_20260521_1000-0697,user-005,EVSE-027,2026-05-21T12:39:20.783371Z,2026-05-21T13:19:20.783371Z,bidirectional,1.76,4.508,2.748,1.76,TOU
research_20260521_1000-0698,user-008,EVSE-036,2026-05-21T05:34:27.001014Z,2026-05-21T05:54:27.001014Z,bidirectional,-0.17,3.482,3.652,-0.17,TOU
research_20260521_1000-0699,user-004,EVSE-025,2026-05-21T09:09:43.175588Z,2026-05-21T10:09:43.175588Z,bidirectional,6.986,8.894,1.908,6.986,TOU
research_20260521_1000-0700,user-006,EVSE-020,2026-05-21T17:21:29.606549Z,2026-05-21T18:01:29.606549Z,charge_only,7.396,7.396,0.0,7.396,TOU
research_20260521_1000-0701,user-008,EVSE-030,2026-05-21T18:05:52.415818Z,2026-05-21T19:20:52.415818Z,charge_only,27.8,27.8,0.0,27.8,TOU
research_20260521_1000-0702,user-004,EVSE-033,2026-05-21T07:43:09.415488Z,2026-05-21T08:23:09.415488Z,charge_only,7.113,7.113,0.0,7.113,TOU
research_20260521_1000-0703,user-001,EVSE-006,2026-05-21T00:56:54.294409Z,2026-05-21T01:36:54.294409Z,charge_only,13.935,13.935,0.0,13.935,TOU
research_20260521_1000-0704,user-004,EVSE-019,2026-05-21T05:56:15.205031Z,2026-05-21T06:56:15.205031Z,charge_only,10.978,10.978,0.0,10.978,TOU
research_20260521_1000-0705,user-001,EVSE-037,2026-05-21T23:46:42.324999Z,2026-05-22T00:26:42.324999Z,bidirectional,3.6,5.329,1.729,3.6,TOU
research_20260521_1000-0706,user-004,EVSE-005,2026-05-21T16:34:47.184160Z,2026-05-21T16:54:47.184160Z,charge_only,2.489,2.489,0.0,2.489,TOU
research_20260521_1000-0707,user-004,EVSE-025,2026-05-21T08:11:14.367451Z,2026-05-21T08:41:14.367451Z,bidirectional,2.008,3.786,1.778,2.008,TOU
research_20260521_1000-0708,user-004,EVSE-048,2026-05-21T14:51:12.008783Z,2026-05-21T15:51:12.008783Z,discharge_only,-11.148,0.0,11.148,-11.148,TOU
research_20260521_1000-0709,user-004,EVSE-031,2026-05-21T00:20:22.858242Z,2026-05-21T01:35:22.858242Z,charge_only,13.806,13.806,0.0,13.806,TOU
research_20260521_1000-0710,user-006,EVSE-048,2026-05-21T22:53:40.075889Z,2026-05-21T23:23:40.075889Z,charge_only,3.531,3.531,0.0,3.531,TOU
research_20260521_1000-0711,user-007,EVSE-002,2026-05-21T04:13:31.139115Z,2026-05-21T05:13:31.139115Z,bidirectional,0.946,4.022,3.076,0.946,TOU
research_20260521_1000-0712,user-001,EVSE-031,2026-05-21T06:20:40.247465Z,2026-05-21T06:50:40.247465Z,bidirectional,1.945,3.8,1.855,1.945,TOU
research_20260521_1000-0713,user-009,EVSE-043,2026-05-21T13:24:48.072252Z,2026-05-21T14:39:48.072252Z,bidirectional,-2.058,13.108,15.166,-2.058,TOU
research_20260521_1000-0714,user-007,EVSE-041,2026-05-21T17:12:29.299136Z,2026-05-21T18:27:29.299136Z,bidirectional,2.957,5.823,2.866,2.957,TOU
research_20260521_1000-0715,user-003,EVSE-037,2026-05-21T23:38:22.602476Z,2026-05-21T23:58:22.602476Z,bidirectional,0.093,1.123,1.03,0.093,TOU
research_20260521_1000-0716,user-008,EVSE-035,2026-05-21T09:04:18.594763Z,2026-05-21T10:19:18.594763Z,bidirectional,4.75,9.141,4.391,4.75,TOU
research_20260521_1000-0717,user-008,EVSE-006,2026-05-21T04:03:41.264734Z,2026-05-21T04:23:41.264734Z,charge_only,7.419,7.419,0.0,7.419,TOU
research_20260521_1000-0718,user-003,EVSE-015,2026-05-21T14:26:30.980231Z,2026-05-21T15:41:30.980231Z,bidirectional,4.16,6.566,2.406,4.16,TOU
research_20260521_1000-0719,user-003,EVSE-047,2026-05-21T11:00:13.016633Z,2026-05-21T12:15:13.016633Z,charge_only,14.196,14.196,0.0,14.196,TOU
research_20260521_1000-0720,user-001,EVSE-027,2026-05-21T05:51:33.349493Z,2026-05-21T06:21:33.349493Z,charge_only,3.956,3.956,0.0,3.956,TOU
research_20260521_1000-0721,user-006,EVSE-008,2026-05-21T22:17:26.066463Z,2026-05-21T22:57:26.066463Z,charge_only,4.899,4.899,0.0,4.899,TOU
research_20260521_1000-0722,user-010,EVSE-028,2026-05-21T12:40:36.153682Z,2026-05-21T13:40:36.153682Z,charge_only,11.305,11.305,0.0,11.305,TOU
research_20260521_1000-0723,user-008,EVSE-028,2026-05-21T05:46:49.096354Z,2026-05-21T06:16:49.096354Z,bidirectional,0.182,5.773,5.591,0.182,TOU
research_20260521_1000-0724,user-005,EVSE-015,2026-05-21T03:46:03.120009Z,2026-05-21T04:26:03.120009Z,charge_only,7.52,7.52,0.0,7.52,TOU
research_20260521_1000-0725,user-002,EVSE-038,2026-05-21T00:02:53.060716Z,2026-05-21T01:02:53.060716Z,charge_only,21.9,21.9,0.0,21.9,TOU
research_20260521_1000-0726,user-007,EVSE-026,2026-05-21T04:24:59.502157Z,2026-05-21T04:44:59.502157Z,charge_only,3.607,3.607,0.0,3.607,TOU
research_20260521_1000-0727,user-007,EVSE-002,2026-05-21T07:55:32.493212Z,2026-05-21T08:15:32.493212Z,charge_only,2.754,2.754,0.0,2.754,TOU
research_20260521_1000-0728,user-005,EVSE-050,2026-05-21T15:22:37.916224Z,2026-05-21T16:02:37.916224Z,charge_only,7.585,7.585,0.0,7.585,TOU
research_20260521_1000-0729,user-007,EVSE-007,2026-05-21T05:54:13.225069Z,2026-05-21T06:24:13.225069Z,charge_only,5.556,5.556,0.0,5.556,TOU
research_20260521_1000-0730,user-007,EVSE-036,2026-05-21T16:28:23.336592Z,2026-05-21T17:28:23.336592Z,bidirectional,7.301,15.115,7.814,7.301,TOU
research_20260521_1000-0731,user-003,EVSE-025,2026-05-21T14:25:55.285523Z,2026-05-21T14:45:55.285523Z,bidirectional,0.035,1.259,1.224,0.035,TOU
research_20260521_1000-0732,user-005,EVSE-018,2026-05-21T09:15:40.509515Z,2026-05-21T09:35:40.509515Z,charge_only,3.481,3.481,0.0,3.481,TOU
research_20260521_1000-0733,user-004,EVSE-027,2026-05-21T18:05:41.609811Z,2026-05-21T18:35:41.609811Z,charge_only,5.29,5.29,0.0,5.29,TOU
research_20260521_1000-0734,user-004,EVSE-045,2026-05-21T14:05:15.243925Z,2026-05-21T15:20:15.243925Z,discharge_only,-27.233,0.0,27.233,-27.233,TOU
research_20260521_1000-0735,user-003,EVSE-011,2026-05-21T21:39:51.910270Z,2026-05-21T22:54:51.910270Z,charge_only,26.536,26.536,0.0,26.536,TOU
research_20260521_1000-0736,user-001,EVSE-035,2026-05-21T02:28:59.283090Z,2026-05-21T03:28:59.283090Z,bidirectional,2.126,11.938,9.812,2.126,TOU
research_20260521_1000-0737,user-004,EVSE-047,2026-05-21T10:18:24.323674Z,2026-05-21T11:33:24.323674Z,bidirectional,3.588,8.964,5.376,3.588,TOU
research_20260521_1000-0738,user-007,EVSE-006,2026-05-21T10:12:26.150343Z,2026-05-21T11:12:26.150343Z,discharge_only,-11.145,0.0,11.145,-11.145,TOU
research_20260521_1000-0739,user-009,EVSE-012,2026-05-21T17:47:48.859793Z,2026-05-21T19:02:48.859793Z,charge_only,9.456,9.456,0.0,9.456,TOU
research_20260521_1000-0740,user-002,EVSE-029,2026-05-21T03:03:10.810994Z,2026-05-21T03:33:10.810994Z,discharge_only,-10.832,0.0,10.832,-10.832,TOU
research_20260521_1000-0741,user-009,EVSE-007,2026-05-21T02:39:56.621960Z,2026-05-21T02:59:56.621960Z,charge_only,3.785,3.785,0.0,3.785,TOU
research_20260521_1000-0742,user-010,EVSE-031,2026-05-21T01:54:12.074301Z,2026-05-21T02:54:12.074301Z,charge_only,23.025,23.025,0.0,23.025,TOU
research_20260521_1000-0743,user-010,EVSE-036,2026-05-21T21:36:45.376022Z,2026-05-21T22:51:45.376022Z,charge_only,9.016,9.016,0.0,9.016,TOU
research_20260521_1000-0744,user-008,EVSE-048,2026-05-21T00:10:06.372222Z,2026-05-21T00:50:06.372222Z,charge_only,13.92,13.92,0.0,13.92,TOU
research_20260521_1000-0745,user-005,EVSE-046,2026-05-21T14:44:44.519828Z,2026-05-21T15:24:44.519828Z,bidirectional,0.011,7.21,7.199,0.011,TOU
research_20260521_1000-0746,user-010,EVSE-039,2026-05-21T23:36:32.789897Z,2026-05-22T00:36:32.789897Z,charge_only,7.566,7.566,0.0,7.566,TOU
research_20260521_1000-0747,user-007,EVSE-050,2026-05-21T07:39:13.809862Z,2026-05-21T08:19:13.809862Z,charge_only,4.628,4.628,0.0,4.628,TOU
research_20260521_1000-0748,user-007,EVSE-035,2026-05-21T22:58:48.536220Z,2026-05-21T23:58:48.536220Z,charge_only,7.615,7.615,0.0,7.615,TOU
research_20260521_1000-0749,user-005,EVSE-009,2026-05-21T21:22:46.286684Z,2026-05-21T21:42:46.286684Z,charge_only,3.544,3.544,0.0,3.544,TOU
research_20260521_1000-0750,user-008,EVSE-010,2026-05-21T21:21:32.687502Z,2026-05-21T21:51:32.687502Z,charge_only,3.636,3.636,0.0,3.636,TOU
research_20260521_1000-0751,user-009,EVSE-030,2026-05-21T05:34:49.328344Z,2026-05-21T06:04:49.328344Z,charge_only,3.735,3.735,0.0,3.735,TOU
research_20260521_1000-0752,user-007,EVSE-010,2026-05-21T14:51:45.032717Z,2026-05-21T15:31:45.032717Z,bidirectional,7.173,11.023,3.85,7.173,TOU
research_20260521_1000-0753,user-002,EVSE-015,2026-05-21T07:32:56.491614Z,2026-05-21T08:32:56.491614Z,charge_only,21.778,21.778,0.0,21.778,TOU
research_20260521_1000-0754,user-009,EVSE-024,2026-05-21T22:12:32.965309Z,2026-05-21T23:12:32.965309Z,charge_only,21.57,21.57,0.0,21.57,TOU
research_20260521_1000-0755,user-003,EVSE-027,2026-05-21T00:52:13.370912Z,2026-05-21T01:52:13.370912Z,charge_only,10.705,10.705,0.0,10.705,TOU
research_20260521_1000-0756,user-008,EVSE-049,2026-05-21T13:19:47.654445Z,2026-05-21T14:19:47.654445Z,discharge_only,-11.37,0.0,11.37,-11.37,TOU
research_20260521_1000-0757,user-005,EVSE-036,2026-05-21T18:51:32.417812Z,2026-05-21T19:21:32.417812Z,bidirectional,-0.264,2.617,2.881,-0.264,TOU
research_20260521_1000-0758,user-009,EVSE-009,2026-05-21T13:37:13.878034Z,2026-05-21T14:37:13.878034Z,charge_only,7.178,7.178,0.0,7.178,TOU
research_20260521_1000-0759,user-010,EVSE-024,2026-05-21T01:35:27.053213Z,2026-05-21T02:50:27.053213Z,charge_only,29.122,29.122,0.0,29.122,TOU
research_20260521_1000-0760,user-008,EVSE-027,2026-05-21T12:34:52.454492Z,2026-05-21T13:04:52.454492Z,discharge_only,-5.753,0.0,5.753,-5.753,TOU
research_20260521_1000-0761,user-008,EVSE-031,2026-05-21T07:11:11.870137Z,2026-05-21T07:51:11.870137Z,charge_only,15.082,15.082,0.0,15.082,TOU
research_20260521_1000-0762,user-006,EVSE-006,2026-05-21T01:38:26.595557Z,2026-05-21T02:53:26.595557Z,bidirectional,23.556,25.505,1.949,23.556,TOU
research_20260521_1000-0763,user-008,EVSE-049,2026-05-21T23:36:01.441798Z,2026-05-22T00:51:01.441798Z,charge_only,13.743,13.743,0.0,13.743,TOU
research_20260521_1000-0764,user-006,EVSE-025,2026-05-21T10:45:09.916586Z,2026-05-21T11:15:09.916586Z,bidirectional,-0.049,5.348,5.397,-0.049,TOU
research_20260521_1000-0765,user-007,EVSE-021,2026-05-21T14:12:38.348811Z,2026-05-21T14:52:38.348811Z,charge_only,4.834,4.834,0.0,4.834,TOU
research_20260521_1000-0766,user-001,EVSE-001,2026-05-21T04:31:30.760878Z,2026-05-21T04:51:30.760878Z,bidirectional,-0.246,1.104,1.35,-0.246,TOU
research_20260521_1000-0767,user-006,EVSE-034,2026-05-21T03:05:58.210947Z,2026-05-21T04:20:58.210947Z,bidirectional,-0.755,4.296,5.051,-0.755,TOU
research_20260521_1000-0768,user-008,EVSE-010,2026-05-21T09:27:08.443898Z,2026-05-21T09:57:08.443898Z,bidirectional,0.098,2.837,2.739,0.098,TOU
research_20260521_1000-0769,user-004,EVSE-033,2026-05-21T07:11:02.849456Z,2026-05-21T07:31:02.849456Z,bidirectional,-0.075,1.205,1.28,-0.075,TOU
research_20260521_1000-0770,user-005,EVSE-049,2026-05-21T04:11:45.915506Z,2026-05-21T04:41:45.915506Z,bidirectional,-0.286,5.497,5.783,-0.286,TOU
research_20260521_1000-0771,user-008,EVSE-005,2026-05-21T23:41:43.291254Z,2026-05-22T00:01:43.291254Z,charge_only,3.622,3.622,0.0,3.622,TOU
research_20260521_1000-0772,user-006,EVSE-030,2026-05-21T13:09:52.007445Z,2026-05-21T14:09:52.007445Z,charge_only,10.832,10.832,0.0,10.832,TOU
research_20260521_1000-0773,user-003,EVSE-002,2026-05-21T20:34:24.038269Z,2026-05-21T21:34:24.038269Z,charge_only,10.895,10.895,0.0,10.895,TOU
research_20260521_1000-0774,user-006,EVSE-019,2026-05-21T19:14:13.839755Z,2026-05-21T20:14:13.839755Z,bidirectional,1.805,6.414,4.609,1.805,TOU
research_20260521_1000-0775,user-008,EVSE-002,2026-05-21T04:41:47.055205Z,2026-05-21T05:41:47.055205Z,bidirectional,5.374,8.013,2.639,5.374,TOU
research_20260521_1000-0776,user-004,EVSE-009,2026-05-21T01:18:48.568787Z,2026-05-21T01:48:48.568787Z,charge_only,5.588,5.588,0.0,5.588,TOU
research_20260521_1000-0777,user-010,EVSE-007,2026-05-21T00:40:33.877015Z,2026-05-21T01:10:33.877015Z,charge_only,11.119,11.119,0.0,11.119,TOU
research_20260521_1000-0778,user-006,EVSE-021,2026-05-21T22:01:55.017445Z,2026-05-21T23:01:55.017445Z,charge_only,11.04,11.04,0.0,11.04,TOU
research_20260521_1000-0779,user-009,EVSE-004,2026-05-21T20:28:35.215026Z,2026-05-21T21:08:35.215026Z,charge_only,7.985,7.985,0.0,7.985,TOU
research_20260521_1000-0780,user-009,EVSE-011,2026-05-21T17:12:15.779283Z,2026-05-21T18:12:15.779283Z,charge_only,10.827,10.827,0.0,10.827,TOU
research_20260521_1000-0781,user-002,EVSE-021,2026-05-21T01:29:51.582566Z,2026-05-21T02:29:51.582566Z,bidirectional,1.965,6.609,4.644,1.965,TOU
research_20260521_1000-0782,user-001,EVSE-011,2026-05-21T08:32:11.147551Z,2026-05-21T09:12:11.147551Z,charge_only,14.273,14.273,0.0,14.273,TOU
research_20260521_1000-0783,user-006,EVSE-014,2026-05-21T00:38:51.600880Z,2026-05-21T01:18:51.600880Z,discharge_only,-4.639,0.0,4.639,-4.639,TOU
research_20260521_1000-0784,user-005,EVSE-003,2026-05-21T18:31:32.972234Z,2026-05-21T18:51:32.972234Z,charge_only,7.847,7.847,0.0,7.847,TOU
research_20260521_1000-0785,user-003,EVSE-046,2026-05-21T01:04:38.023865Z,2026-05-21T01:34:38.023865Z,discharge_only,-10.723,0.0,10.723,-10.723,TOU
research_20260521_1000-0786,user-001,EVSE-011,2026-05-21T19:10:49.251644Z,2026-05-21T19:30:49.251644Z,bidirectional,0.075,1.273,1.198,0.075,TOU
research_20260521_1000-0787,user-001,EVSE-008,2026-05-21T02:01:06.662732Z,2026-05-21T03:16:06.662732Z,bidirectional,2.539,8.171,5.632,2.539,TOU
research_20260521_1000-0788,user-004,EVSE-047,2026-05-21T19:10:47.676327Z,2026-05-21T20:25:47.676327Z,charge_only,26.978,26.978,0.0,26.978,TOU
research_20260521_1000-0789,user-007,EVSE-001,2026-05-21T09:32:23.358594Z,2026-05-21T10:02:23.358594Z,charge_only,5.11,5.11,0.0,5.11,TOU
research_20260521_1000-0790,user-001,EVSE-042,2026-05-21T01:15:37.593393Z,2026-05-21T01:35:37.593393Z,discharge_only,-3.496,0.0,3.496,-3.496,TOU
research_20260521_1000-0791,user-006,EVSE-001,2026-05-21T22:09:25.003015Z,2026-05-21T23:09:25.003015Z,bidirectional,18.968,20.755,1.787,18.968,TOU
research_20260521_1000-0792,user-008,EVSE-005,2026-05-21T03:06:29.989344Z,2026-05-21T04:21:29.989344Z,charge_only,26.86,26.86,0.0,26.86,TOU
research_20260521_1000-0793,user-005,EVSE-028,2026-05-21T06:43:49.559676Z,2026-05-21T07:13:49.559676Z,bidirectional,1.61,3.676,2.066,1.61,TOU
research_20260521_1000-0794,user-004,EVSE-043,2026-05-21T06:48:34.810436Z,2026-05-21T07:08:34.810436Z,discharge_only,-3.481,0.0,3.481,-3.481,TOU
research_20260521_1000-0795,user-009,EVSE-028,2026-05-21T20:29:11.891850Z,2026-05-21T21:09:11.891850Z,bidirectional,-0.184,3.495,3.679,-0.184,TOU
research_20260521_1000-0796,user-003,EVSE-035,2026-05-21T15:59:45.727850Z,2026-05-21T16:39:45.727850Z,charge_only,13.657,13.657,0.0,13.657,TOU
research_20260521_1000-0797,user-010,EVSE-017,2026-05-21T20:38:05.359626Z,2026-05-21T21:08:05.359626Z,discharge_only,-10.778,0.0,10.778,-10.778,TOU
research_20260521_1000-0798,user-003,EVSE-041,2026-05-21T06:13:48.946793Z,2026-05-21T06:53:48.946793Z,bidirectional,1.798,4.568,2.77,1.798,TOU
research_20260521_1000-0799,user-004,EVSE-008,2026-05-21T06:47:40.157003Z,2026-05-21T08:02:40.157003Z,charge_only,8.974,8.974,0.0,8.974,TOU
research_20260521_1000-0800,user-007,EVSE-050,2026-05-21T23:43:46.885694Z,2026-05-22T00:58:46.885694Z,discharge_only,-12.905,0.0,12.905,-12.905,TOU
research_20260521_1000-0801,user-010,EVSE-031,2026-05-21T02:50:53.071335Z,2026-05-21T03:50:53.071335Z,discharge_only,-7.476,0.0,7.476,-7.476,TOU
research_20260521_1000-0802,user-008,EVSE-045,2026-05-21T18:47:09.617406Z,2026-05-21T19:47:09.617406Z,bidirectional,4.745,5.981,1.236,4.745,TOU
research_20260521_1000-0803,user-008,EVSE-050,2026-05-21T16:56:31.149296Z,2026-05-21T17:26:31.149296Z,bidirectional,1.31,2.47,1.16,1.31,TOU
research_20260521_1000-0804,user-003,EVSE-007,2026-05-21T05:26:39.225412Z,2026-05-21T05:46:39.225412Z,bidirectional,-0.216,1.654,1.87,-0.216,TOU
research_20260521_1000-0805,user-010,EVSE-043,2026-05-21T10:28:36.606831Z,2026-05-21T11:28:36.606831Z,discharge_only,-10.663,0.0,10.663,-10.663,TOU
research_20260521_1000-0806,user-004,EVSE-043,2026-05-21T02:13:28.356847Z,2026-05-21T02:43:28.356847Z,bidirectional,2.388,2.924,0.536,2.388,TOU
research_20260521_1000-0807,user-009,EVSE-018,2026-05-21T23:01:45.102046Z,2026-05-21T23:31:45.102046Z,discharge_only,-3.62,0.0,3.62,-3.62,TOU
research_20260521_1000-0808,user-003,EVSE-035,2026-05-21T16:18:52.677334Z,2026-05-21T16:48:52.677334Z,charge_only,5.585,5.585,0.0,5.585,TOU
research_20260521_1000-0809,user-003,EVSE-015,2026-05-21T03:23:42.137519Z,2026-05-21T03:53:42.137519Z,charge_only,3.709,3.709,0.0,3.709,TOU
research_20260521_1000-0810,user-007,EVSE-049,2026-05-21T22:57:12.670524Z,2026-05-21T23:37:12.670524Z,bidirectional,1.65,4.404,2.754,1.65,TOU
research_20260521_1000-0811,user-009,EVSE-050,2026-05-21T17:04:48.968591Z,2026-05-21T17:24:48.968591Z,charge_only,3.426,3.426,0.0,3.426,TOU
research_20260521_1000-0812,user-007,EVSE-036,2026-05-21T17:14:35.987436Z,2026-05-21T17:54:35.987436Z,charge_only,6.846,6.846,0.0,6.846,TOU
research_20260521_1000-0813,user-010,EVSE-015,2026-05-21T20:41:20.101846Z,2026-05-21T21:21:20.101846Z,charge_only,4.633,4.633,0.0,4.633,TOU
research_20260521_1000-0814,user-004,EVSE-045,2026-05-21T10:23:56.310516Z,2026-05-21T11:03:56.310516Z,bidirectional,1.18,4.133,2.953,1.18,TOU
research_20260521_1000-0815,user-006,EVSE-017,2026-05-21T06:52:49.542383Z,2026-05-21T08:07:49.542383Z,bidirectional,-1.416,5.944,7.36,-1.416,TOU
research_20260521_1000-0816,user-007,EVSE-008,2026-05-21T04:28:06.904782Z,2026-05-21T05:28:06.904782Z,bidirectional,3.142,5.102,1.96,3.142,TOU
research_20260521_1000-0817,user-001,EVSE-043,2026-05-21T22:59:54.609230Z,2026-05-21T23:19:54.609230Z,bidirectional,-0.286,1.605,1.891,-0.286,TOU
research_20260521_1000-0818,user-006,EVSE-021,2026-05-21T00:32:21.347021Z,2026-05-21T01:12:21.347021Z,discharge_only,-7.166,0.0,7.166,-7.166,TOU
research_20260521_1000-0819,user-007,EVSE-020,2026-05-21T19:06:28.599538Z,2026-05-21T20:21:28.599538Z,charge_only,9.297,9.297,0.0,9.297,TOU
research_20260521_1000-0820,user-007,EVSE-002,2026-05-21T13:16:31.326233Z,2026-05-21T13:46:31.326233Z,charge_only,3.734,3.734,0.0,3.734,TOU
research_20260521_1000-0821,user-008,EVSE-039,2026-05-21T13:30:13.414986Z,2026-05-21T14:45:13.414986Z,discharge_only,-13.446,0.0,13.446,-13.446,TOU
research_20260521_1000-0822,user-010,EVSE-028,2026-05-21T18:07:32.101735Z,2026-05-21T18:27:32.101735Z,charge_only,3.854,3.854,0.0,3.854,TOU
research_20260521_1000-0823,user-002,EVSE-004,2026-05-21T13:29:11.893394Z,2026-05-21T14:09:11.893394Z,bidirectional,1.455,3.117,1.662,1.455,TOU
research_20260521_1000-0824,user-003,EVSE-048,2026-05-21T21:45:58.646154Z,2026-05-21T23:00:58.646154Z,bidirectional,3.093,6.027,2.934,3.093,TOU
research_20260521_1000-0825,user-007,EVSE-008,2026-05-21T02:30:18.738820Z,2026-05-21T03:00:18.738820Z,charge_only,3.739,3.739,0.0,3.739,TOU
research_20260521_1000-0826,user-006,EVSE-033,2026-05-21T06:37:34.785961Z,2026-05-21T07:07:34.785961Z,charge_only,10.93,10.93,0.0,10.93,TOU
research_20260521_1000-0827,user-003,EVSE-041,2026-05-21T22:49:23.038085Z,2026-05-21T23:19:23.038085Z,bidirectional,0.004,1.82,1.816,0.004,TOU
research_20260521_1000-0828,user-007,EVSE-039,2026-05-21T20:43:17.872581Z,2026-05-21T21:23:17.872581Z,charge_only,6.861,6.861,0.0,6.861,TOU
research_20260521_1000-0829,user-007,EVSE-049,2026-05-21T05:56:39.058981Z,2026-05-21T07:11:39.058981Z,bidirectional,-0.592,6.557,7.149,-0.592,TOU
research_20260521_1000-0830,user-005,EVSE-009,2026-05-21T14:28:14.429326Z,2026-05-21T14:58:14.429326Z,charge_only,3.659,3.659,0.0,3.659,TOU
research_20260521_1000-0831,user-003,EVSE-005,2026-05-21T02:27:15.841902Z,2026-05-21T02:47:15.841902Z,discharge_only,-3.896,0.0,3.896,-3.896,TOU
research_20260521_1000-0832,user-009,EVSE-048,2026-05-21T10:44:41.178897Z,2026-05-21T11:04:41.178897Z,bidirectional,0.305,1.977,1.672,0.305,TOU
research_20260521_1000-0833,user-001,EVSE-005,2026-05-21T11:45:18.620770Z,2026-05-21T13:00:18.620770Z,bidirectional,0.358,7.066,6.708,0.358,TOU
research_20260521_1000-0834,user-007,EVSE-010,2026-05-21T16:03:34.861840Z,2026-05-21T17:03:34.861840Z,charge_only,22.123,22.123,0.0,22.123,TOU
research_20260521_1000-0835,user-004,EVSE-011,2026-05-21T23:58:11.012784Z,2026-05-22T00:18:11.012784Z,charge_only,2.551,2.551,0.0,2.551,TOU
research_20260521_1000-0836,user-002,EVSE-021,2026-05-21T07:55:02.359204Z,2026-05-21T08:35:02.359204Z,charge_only,14.073,14.073,0.0,14.073,TOU
research_20260521_1000-0837,user-010,EVSE-004,2026-05-21T11:30:07.828550Z,2026-05-21T12:10:07.828550Z,charge_only,15.486,15.486,0.0,15.486,TOU
research_20260521_1000-0838,user-005,EVSE-027,2026-05-21T21:25:38.676294Z,2026-05-21T21:55:38.676294Z,bidirectional,7.558,9.415,1.857,7.558,TOU
research_20260521_1000-0839,user-004,EVSE-026,2026-05-21T20:05:04.710931Z,2026-05-21T21:05:04.710931Z,bidirectional,12.107,17.548,5.441,12.107,TOU
research_20260521_1000-0840,user-004,EVSE-006,2026-05-21T09:19:46.516640Z,2026-05-21T09:49:46.516640Z,bidirectional,1.903,3.867,1.964,1.903,TOU
research_20260521_1000-0841,user-003,EVSE-023,2026-05-21T00:10:45.259791Z,2026-05-21T00:30:45.259791Z,bidirectional,1.704,2.612,0.908,1.704,TOU
research_20260521_1000-0842,user-003,EVSE-040,2026-05-21T02:33:15.191604Z,2026-05-21T03:13:15.191604Z,bidirectional,3.744,4.26,0.516,3.744,TOU
research_20260521_1000-0843,user-010,EVSE-039,2026-05-21T17:09:23.964554Z,2026-05-21T17:29:23.964554Z,charge_only,3.738,3.738,0.0,3.738,TOU
research_20260521_1000-0844,user-007,EVSE-016,2026-05-21T03:31:53.684188Z,2026-05-21T04:01:53.684188Z,charge_only,10.759,10.759,0.0,10.759,TOU
research_20260521_1000-0845,user-006,EVSE-027,2026-05-21T18:55:48.714569Z,2026-05-21T19:55:48.714569Z,charge_only,7.292,7.292,0.0,7.292,TOU
research_20260521_1000-0846,user-009,EVSE-030,2026-05-21T06:28:41.528643Z,2026-05-21T07:08:41.528643Z,bidirectional,-0.175,7.191,7.366,-0.175,TOU
research_20260521_1000-0847,user-006,EVSE-027,2026-05-21T13:11:33.501950Z,2026-05-21T13:51:33.501950Z,charge_only,14.306,14.306,0.0,14.306,TOU
research_20260521_1000-0848,user-006,EVSE-024,2026-05-21T20:25:38.304292Z,2026-05-21T20:55:38.304292Z,charge_only,3.61,3.61,0.0,3.61,TOU
research_20260521_1000-0849,user-006,EVSE-048,2026-05-21T15:53:27.663787Z,2026-05-21T16:13:27.663787Z,charge_only,3.909,3.909,0.0,3.909,TOU
research_20260521_1000-0850,user-007,EVSE-030,2026-05-21T02:37:59.737576Z,2026-05-21T03:52:59.737576Z,charge_only,28.781,28.781,0.0,28.781,TOU
research_20260521_1000-0851,user-004,EVSE-018,2026-05-21T01:49:45.065987Z,2026-05-21T03:04:45.065987Z,discharge_only,-9.201,0.0,9.201,-9.201,TOU
research_20260521_1000-0852,user-007,EVSE-047,2026-05-21T23:35:27.929927Z,2026-05-22T00:15:27.929927Z,charge_only,13.947,13.947,0.0,13.947,TOU
research_20260521_1000-0853,user-004,EVSE-049,2026-05-21T23:38:32.138989Z,2026-05-22T00:38:32.138989Z,discharge_only,-7.479,0.0,7.479,-7.479,TOU
research_20260521_1000-0854,user-009,EVSE-050,2026-05-21T07:23:09.432568Z,2026-05-21T07:43:09.432568Z,charge_only,2.443,2.443,0.0,2.443,TOU
research_20260521_1000-0855,user-005,EVSE-031,2026-05-21T00:49:11.586527Z,2026-05-21T01:09:11.586527Z,discharge_only,-3.361,0.0,3.361,-3.361,TOU
research_20260521_1000-0856,user-002,EVSE-050,2026-05-21T15:25:59.217102Z,2026-05-21T15:45:59.217102Z,bidirectional,1.746,2.771,1.025,1.746,TOU
research_20260521_1000-0857,user-003,EVSE-048,2026-05-21T15:46:22.457382Z,2026-05-21T17:01:22.457382Z,charge_only,26.666,26.666,0.0,26.666,TOU
research_20260521_1000-0858,user-008,EVSE-030,2026-05-21T10:36:15.649042Z,2026-05-21T11:36:15.649042Z,discharge_only,-10.829,0.0,10.829,-10.829,TOU
research_20260521_1000-0859,user-010,EVSE-016,2026-05-21T11:29:27.574893Z,2026-05-21T11:49:27.574893Z,bidirectional,-0.407,3.733,4.14,-0.407,TOU
research_20260521_1000-0860,user-005,EVSE-010,2026-05-21T23:02:55.688587Z,2026-05-21T23:22:55.688587Z,charge_only,1.985,1.985,0.0,1.985,TOU
research_20260521_1000-0861,user-002,EVSE-039,2026-05-21T00:34:48.806349Z,2026-05-21T01:14:48.806349Z,charge_only,4.769,4.769,0.0,4.769,TOU
research_20260521_1000-0862,user-002,EVSE-006,2026-05-21T00:35:31.182634Z,2026-05-21T01:15:31.182634Z,charge_only,7.495,7.495,0.0,7.495,TOU
research_20260521_1000-0863,user-010,EVSE-003,2026-05-21T03:05:46.043943Z,2026-05-21T04:20:46.043943Z,charge_only,14.271,14.271,0.0,14.271,TOU
research_20260521_1000-0864,user-009,EVSE-007,2026-05-21T21:25:04.623329Z,2026-05-21T21:55:04.623329Z,charge_only,11.175,11.175,0.0,11.175,TOU
research_20260521_1000-0865,user-004,EVSE-037,2026-05-21T06:29:36.116240Z,2026-05-21T06:59:36.116240Z,charge_only,3.461,3.461,0.0,3.461,TOU
research_20260521_1000-0866,user-004,EVSE-027,2026-05-21T12:09:34.797411Z,2026-05-21T12:39:34.797411Z,discharge_only,-3.723,0.0,3.723,-3.723,TOU
research_20260521_1000-0867,user-004,EVSE-013,2026-05-21T09:11:24.349143Z,2026-05-21T09:31:24.349143Z,discharge_only,-7.192,0.0,7.192,-7.192,TOU
research_20260521_1000-0868,user-010,EVSE-029,2026-05-21T19:33:31.474648Z,2026-05-21T20:48:31.474648Z,charge_only,9.297,9.297,0.0,9.297,TOU
research_20260521_1000-0869,user-002,EVSE-043,2026-05-21T03:07:55.581328Z,2026-05-21T03:47:55.581328Z,discharge_only,-7.225,0.0,7.225,-7.225,TOU
research_20260521_1000-0870,user-005,EVSE-019,2026-05-21T13:29:04.249231Z,2026-05-21T14:09:04.249231Z,discharge_only,-4.982,0.0,4.982,-4.982,TOU
research_20260521_1000-0871,user-001,EVSE-036,2026-05-21T12:37:32.585301Z,2026-05-21T13:52:32.585301Z,charge_only,9.207,9.207,0.0,9.207,TOU
research_20260521_1000-0872,user-002,EVSE-017,2026-05-21T17:33:32.811521Z,2026-05-21T18:13:32.811521Z,bidirectional,12.37,14.134,1.764,12.37,TOU
research_20260521_1000-0873,user-009,EVSE-041,2026-05-21T03:26:34.546414Z,2026-05-21T04:41:34.546414Z,charge_only,27.37,27.37,0.0,27.37,TOU
research_20260521_1000-0874,user-010,EVSE-028,2026-05-21T10:25:05.365786Z,2026-05-21T11:05:05.365786Z,discharge_only,-4.546,0.0,4.546,-4.546,TOU
research_20260521_1000-0875,user-002,EVSE-036,2026-05-21T21:30:24.175294Z,2026-05-21T22:00:24.175294Z,discharge_only,-3.697,0.0,3.697,-3.697,TOU
research_20260521_1000-0876,user-004,EVSE-006,2026-05-21T18:44:24.152517Z,2026-05-21T19:04:24.152517Z,bidirectional,-0.102,1.293,1.395,-0.102,TOU
research_20260521_1000-0877,user-002,EVSE-032,2026-05-21T21:44:20.722443Z,2026-05-21T22:24:20.722443Z,charge_only,13.992,13.992,0.0,13.992,TOU
research_20260521_1000-0878,user-007,EVSE-023,2026-05-21T02:41:02.741176Z,2026-05-21T03:01:02.741176Z,charge_only,2.574,2.574,0.0,2.574,TOU
research_20260521_1000-0879,user-003,EVSE-003,2026-05-21T23:20:15.894166Z,2026-05-21T23:40:15.894166Z,charge_only,7.229,7.229,0.0,7.229,TOU
research_20260521_1000-0880,user-004,EVSE-028,2026-05-21T19:14:23.500786Z,2026-05-21T19:54:23.500786Z,bidirectional,0.164,3.63,3.466,0.164,TOU
research_20260521_1000-0881,user-003,EVSE-049,2026-05-21T12:36:49.723434Z,2026-05-21T12:56:49.723434Z,discharge_only,-2.201,0.0,2.201,-2.201,TOU
research_20260521_1000-0882,user-007,EVSE-038,2026-05-21T21:22:50.807811Z,2026-05-21T21:52:50.807811Z,charge_only,11.195,11.195,0.0,11.195,TOU
research_20260521_1000-0883,user-003,EVSE-006,2026-05-21T04:05:33.793346Z,2026-05-21T05:20:33.793346Z,charge_only,27.188,27.188,0.0,27.188,TOU
research_20260521_1000-0884,user-003,EVSE-009,2026-05-21T02:21:48.206800Z,2026-05-21T02:51:48.206800Z,charge_only,10.303,10.303,0.0,10.303,TOU
research_20260521_1000-0885,user-004,EVSE-017,2026-05-21T04:48:31.333899Z,2026-05-21T05:18:31.333899Z,charge_only,3.528,3.528,0.0,3.528,TOU
research_20260521_1000-0886,user-003,EVSE-050,2026-05-21T22:55:36.796213Z,2026-05-21T23:55:36.796213Z,bidirectional,4.791,6.068,1.277,4.791,TOU
research_20260521_1000-0887,user-001,EVSE-013,2026-05-21T03:16:26.668032Z,2026-05-21T03:36:26.668032Z,discharge_only,-2.262,0.0,2.262,-2.262,TOU
research_20260521_1000-0888,user-008,EVSE-019,2026-05-21T05:10:32.667457Z,2026-05-21T06:25:32.667457Z,discharge_only,-26.25,0.0,26.25,-26.25,TOU
research_20260521_1000-0889,user-002,EVSE-016,2026-05-21T20:22:10.125734Z,2026-05-21T21:02:10.125734Z,charge_only,15.354,15.354,0.0,15.354,TOU
research_20260521_1000-0890,user-002,EVSE-041,2026-05-21T15:18:29.273578Z,2026-05-21T16:33:29.273578Z,charge_only,14.02,14.02,0.0,14.02,TOU
research_20260521_1000-0891,user-004,EVSE-048,2026-05-21T14:08:20.148710Z,2026-05-21T15:23:20.148710Z,charge_only,28.613,28.613,0.0,28.613,TOU
research_20260521_1000-0892,user-005,EVSE-005,2026-05-21T00:53:30.063063Z,2026-05-21T01:23:30.063063Z,charge_only,10.145,10.145,0.0,10.145,TOU
research_20260521_1000-0893,user-002,EVSE-028,2026-05-21T20:35:14.317484Z,2026-05-21T21:35:14.317484Z,charge_only,21.499,21.499,0.0,21.499,TOU
research_20260521_1000-0894,user-005,EVSE-003,2026-05-21T22:00:40.660861Z,2026-05-21T22:20:40.660861Z,bidirectional,0.397,1.963,1.566,0.397,TOU
research_20260521_1000-0895,user-006,EVSE-034,2026-05-21T15:49:29.986032Z,2026-05-21T16:19:29.986032Z,bidirectional,0.49,2.916,2.426,0.49,TOU
research_20260521_1000-0896,user-004,EVSE-045,2026-05-21T06:26:40.601665Z,2026-05-21T07:06:40.601665Z,charge_only,4.82,4.82,0.0,4.82,TOU
research_20260521_1000-0897,user-001,EVSE-010,2026-05-21T00:08:53.911337Z,2026-05-21T00:48:53.911337Z,bidirectional,2.285,3.574,1.289,2.285,TOU
research_20260521_1000-0898,user-010,EVSE-003,2026-05-21T13:04:10.126109Z,2026-05-21T14:04:10.126109Z,charge_only,21.874,21.874,0.0,21.874,TOU
research_20260521_1000-0899,user-010,EVSE-022,2026-05-21T05:42:39.050178Z,2026-05-21T06:42:39.050178Z,charge_only,11.476,11.476,0.0,11.476,TOU
research_20260521_1000-0900,user-003,EVSE-004,2026-05-21T03:52:51.640264Z,2026-05-21T05:07:51.640264Z,bidirectional,0.475,4.728,4.253,0.475,TOU
research_20260521_1000-0901,user-002,EVSE-017,2026-05-21T03:04:59.286065Z,2026-05-21T04:19:59.286065Z,bidirectional,4.099,9.355,5.256,4.099,TOU
research_20260521_1000-0902,user-005,EVSE-003,2026-05-21T20:51:43.468217Z,2026-05-21T22:06:43.468217Z,charge_only,14.207,14.207,0.0,14.207,TOU
research_20260521_1000-0903,user-001,EVSE-021,2026-05-21T11:29:49.832943Z,2026-05-21T11:59:49.832943Z,discharge_only,-5.643,0.0,5.643,-5.643,TOU
research_20260521_1000-0904,user-003,EVSE-010,2026-05-21T05:33:39.823353Z,2026-05-21T06:13:39.823353Z,discharge_only,-7.225,0.0,7.225,-7.225,TOU
research_20260521_1000-0905,user-005,EVSE-043,2026-05-21T17:00:49.368843Z,2026-05-21T17:20:49.368843Z,bidirectional,1.355,1.931,0.576,1.355,TOU
research_20260521_1000-0906,user-009,EVSE-039,2026-05-21T20:42:26.808424Z,2026-05-21T21:02:26.808424Z,bidirectional,-0.173,1.14,1.313,-0.173,TOU
research_20260521_1000-0907,user-010,EVSE-026,2026-05-21T10:02:35.110776Z,2026-05-21T10:22:35.110776Z,bidirectional,1.919,2.813,0.894,1.919,TOU
research_20260521_1000-0908,user-010,EVSE-035,2026-05-21T01:21:40.141995Z,2026-05-21T02:21:40.141995Z,charge_only,21.693,21.693,0.0,21.693,TOU
research_20260521_1000-0909,user-010,EVSE-050,2026-05-21T18:01:35.449797Z,2026-05-21T18:41:35.449797Z,bidirectional,10.351,12.227,1.876,10.351,TOU
research_20260521_1000-0910,user-003,EVSE-014,2026-05-21T05:21:10.377408Z,2026-05-21T06:21:10.377408Z,charge_only,10.631,10.631,0.0,10.631,TOU
research_20260521_1000-0911,user-004,EVSE-049,2026-05-21T11:30:12.537485Z,2026-05-21T12:00:12.537485Z,charge_only,5.887,5.887,0.0,5.887,TOU
research_20260521_1000-0912,user-005,EVSE-038,2026-05-21T04:06:39.624408Z,2026-05-21T04:46:39.624408Z,charge_only,7.267,7.267,0.0,7.267,TOU
research_20260521_1000-0913,user-003,EVSE-044,2026-05-21T13:33:49.822344Z,2026-05-21T14:13:49.822344Z,charge_only,4.73,4.73,0.0,4.73,TOU
research_20260521_1000-0914,user-004,EVSE-033,2026-05-21T04:36:35.114954Z,2026-05-21T05:16:35.114954Z,discharge_only,-14.161,0.0,14.161,-14.161,TOU
research_20260521_1000-0915,user-001,EVSE-004,2026-05-21T04:00:09.411304Z,2026-05-21T04:30:09.411304Z,charge_only,5.528,5.528,0.0,5.528,TOU
research_20260521_1000-0916,user-007,EVSE-004,2026-05-21T11:53:23.097895Z,2026-05-21T12:13:23.097895Z,charge_only,2.465,2.465,0.0,2.465,TOU
research_20260521_1000-0917,user-001,EVSE-027,2026-05-21T09:17:37.357433Z,2026-05-21T09:57:37.357433Z,bidirectional,3.535,4.079,0.544,3.535,TOU
research_20260521_1000-0918,user-006,EVSE-043,2026-05-21T18:41:27.869415Z,2026-05-21T19:21:27.869415Z,bidirectional,0.196,3.804,3.608,0.196,TOU
research_20260521_1000-0919,user-001,EVSE-011,2026-05-21T10:39:07.868086Z,2026-05-21T10:59:07.868086Z,charge_only,7.115,7.115,0.0,7.115,TOU
research_20260521_1000-0920,user-002,EVSE-021,2026-05-21T05:31:28.624992Z,2026-05-21T06:11:28.624992Z,discharge_only,-4.903,0.0,4.903,-4.903,TOU
research_20260521_1000-0921,user-004,EVSE-043,2026-05-21T15:42:34.367205Z,2026-05-21T16:42:34.367205Z,charge_only,7.505,7.505,0.0,7.505,TOU
research_20260521_1000-0922,user-009,EVSE-010,2026-05-21T10:13:15.159918Z,2026-05-21T10:53:15.159918Z,bidirectional,3.601,5.726,2.125,3.601,TOU
research_20260521_1000-0923,user-001,EVSE-035,2026-05-21T00:37:46.011561Z,2026-05-21T00:57:46.011561Z,bidirectional,1.973,2.757,0.784,1.973,TOU
research_20260521_1000-0924,user-008,EVSE-011,2026-05-21T06:12:04.817926Z,2026-05-21T07:12:04.817926Z,charge_only,21.086,21.086,0.0,21.086,TOU
research_20260521_1000-0925,user-008,EVSE-044,2026-05-21T05:09:28.311283Z,2026-05-21T06:24:28.311283Z,bidirectional,0.704,7.364,6.66,0.704,TOU
research_20260521_1000-0926,user-008,EVSE-043,2026-05-21T07:10:50.362419Z,2026-05-21T08:10:50.362419Z,bidirectional,3.895,7.552,3.657,3.895,TOU
research_20260521_1000-0927,user-009,EVSE-037,2026-05-21T00:15:01.340545Z,2026-05-21T00:35:01.340545Z,bidirectional,3.948,5.899,1.951,3.948,TOU
research_20260521_1000-0928,user-008,EVSE-019,2026-05-21T05:51:51.195506Z,2026-05-21T06:11:51.195506Z,charge_only,6.956,6.956,0.0,6.956,TOU
research_20260521_1000-0929,user-003,EVSE-028,2026-05-21T20:56:18.079403Z,2026-05-21T21:16:18.079403Z,charge_only,3.834,3.834,0.0,3.834,TOU
research_20260521_1000-0930,user-005,EVSE-003,2026-05-21T11:48:23.989468Z,2026-05-21T12:28:23.989468Z,bidirectional,3.597,8.826,5.229,3.597,TOU
research_20260521_1000-0931,user-006,EVSE-018,2026-05-21T01:48:56.694903Z,2026-05-21T02:18:56.694903Z,discharge_only,-11.087,0.0,11.087,-11.087,TOU
research_20260521_1000-0932,user-010,EVSE-003,2026-05-21T22:27:35.233793Z,2026-05-21T23:27:35.233793Z,charge_only,11.044,11.044,0.0,11.044,TOU
research_20260521_1000-0933,user-009,EVSE-025,2026-05-21T23:58:03.440324Z,2026-05-22T00:28:03.440324Z,charge_only,11.795,11.795,0.0,11.795,TOU
research_20260521_1000-0934,user-008,EVSE-034,2026-05-21T10:19:21.683096Z,2026-05-21T10:39:21.683096Z,bidirectional,-0.187,3.403,3.59,-0.187,TOU
research_20260521_1000-0935,user-004,EVSE-044,2026-05-21T20:36:53.400652Z,2026-05-21T21:51:53.400652Z,bidirectional,6.519,10.013,3.494,6.519,TOU
research_20260521_1000-0936,user-009,EVSE-033,2026-05-21T05:42:26.554839Z,2026-05-21T06:42:26.554839Z,charge_only,7.215,7.215,0.0,7.215,TOU
research_20260521_1000-0937,user-006,EVSE-008,2026-05-21T15:12:14.515569Z,2026-05-21T16:12:14.515569Z,bidirectional,6.829,14.577,7.748,6.829,TOU
research_20260521_1000-0938,user-003,EVSE-034,2026-05-21T22:51:28.718205Z,2026-05-22T00:06:28.718205Z,discharge_only,-27.784,0.0,27.784,-27.784,TOU
research_20260521_1000-0939,user-008,EVSE-007,2026-05-21T03:32:45.274025Z,2026-05-21T03:52:45.274025Z,charge_only,2.523,2.523,0.0,2.523,TOU
research_20260521_1000-0940,user-002,EVSE-031,2026-05-21T23:08:19.394790Z,2026-05-21T23:48:19.394790Z,charge_only,4.605,4.605,0.0,4.605,TOU
research_20260521_1000-0941,user-004,EVSE-020,2026-05-21T03:42:37.730954Z,2026-05-21T04:57:37.730954Z,charge_only,27.116,27.116,0.0,27.116,TOU
research_20260521_1000-0942,user-006,EVSE-020,2026-05-21T11:44:17.997405Z,2026-05-21T12:24:17.997405Z,charge_only,14.391,14.391,0.0,14.391,TOU
research_20260521_1000-0943,user-002,EVSE-021,2026-05-21T04:29:07.094748Z,2026-05-21T05:29:07.094748Z,bidirectional,8.929,10.005,1.076,8.929,TOU
research_20260521_1000-0944,user-006,EVSE-029,2026-05-21T12:27:02.278039Z,2026-05-21T13:42:02.278039Z,charge_only,8.649,8.649,0.0,8.649,TOU
research_20260521_1000-0945,user-007,EVSE-014,2026-05-21T20:23:25.515180Z,2026-05-21T20:43:25.515180Z,discharge_only,-2.381,0.0,2.381,-2.381,TOU
research_20260521_1000-0946,user-004,EVSE-042,2026-05-21T04:39:14.756633Z,2026-05-21T05:09:14.756633Z,charge_only,11.117,11.117,0.0,11.117,TOU
research_20260521_1000-0947,user-002,EVSE-023,2026-05-21T22:34:03.739973Z,2026-05-21T22:54:03.739973Z,charge_only,2.429,2.429,0.0,2.429,TOU
research_20260521_1000-0948,user-008,EVSE-048,2026-05-21T14:17:12.209124Z,2026-05-21T14:37:12.209124Z,charge_only,7.104,7.104,0.0,7.104,TOU
research_20260521_1000-0949,user-005,EVSE-012,2026-05-21T12:22:16.798452Z,2026-05-21T13:22:16.798452Z,charge_only,6.793,6.793,0.0,6.793,TOU
research_20260521_1000-0950,user-008,EVSE-007,2026-05-21T19:46:12.566960Z,2026-05-21T20:46:12.566960Z,bidirectional,7.139,14.899,7.76,7.139,TOU
research_20260521_1000-0951,user-010,EVSE-021,2026-05-21T22:10:28.647740Z,2026-05-21T22:50:28.647740Z,charge_only,5.006,5.006,0.0,5.006,TOU
research_20260521_1000-0952,user-007,EVSE-029,2026-05-21T21:03:05.674152Z,2026-05-21T22:03:05.674152Z,charge_only,21.981,21.981,0.0,21.981,TOU
research_20260521_1000-0953,user-010,EVSE-008,2026-05-21T13:27:08.025711Z,2026-05-21T13:57:08.025711Z,bidirectional,6.997,8.96,1.963,6.997,TOU
research_20260521_1000-0954,user-006,EVSE-030,2026-05-21T20:39:53.008302Z,2026-05-21T21:54:53.008302Z,bidirectional,17.181,22.478,5.297,17.181,TOU
research_20260521_1000-0955,user-010,EVSE-004,2026-05-21T13:27:44.836554Z,2026-05-21T13:57:44.836554Z,charge_only,10.395,10.395,0.0,10.395,TOU
research_20260521_1000-0956,user-001,EVSE-047,2026-05-21T19:08:07.615231Z,2026-05-21T19:48:07.615231Z,bidirectional,0.47,3.983,3.513,0.47,TOU
research_20260521_1000-0957,user-002,EVSE-031,2026-05-21T23:26:06.573872Z,2026-05-21T23:56:06.573872Z,charge_only,10.707,10.707,0.0,10.707,TOU
research_20260521_1000-0958,user-009,EVSE-049,2026-05-21T19:21:17.649786Z,2026-05-21T20:36:17.649786Z,charge_only,8.838,8.838,0.0,8.838,TOU
research_20260521_1000-0959,user-010,EVSE-029,2026-05-21T05:28:13.035327Z,2026-05-21T05:48:13.035327Z,bidirectional,0.086,1.297,1.211,0.086,TOU
research_20260521_1000-0960,user-009,EVSE-001,2026-05-21T05:44:40.148096Z,2026-05-21T06:14:40.148096Z,charge_only,3.621,3.621,0.0,3.621,TOU
research_20260521_1000-0961,user-005,EVSE-044,2026-05-21T05:20:37.547458Z,2026-05-21T05:40:37.547458Z,charge_only,2.427,2.427,0.0,2.427,TOU
research_20260521_1000-0962,user-006,EVSE-014,2026-05-21T03:20:49.491986Z,2026-05-21T04:35:49.491986Z,discharge_only,-27.755,0.0,27.755,-27.755,TOU
research_20260521_1000-0963,user-006,EVSE-010,2026-05-21T20:54:23.232221Z,2026-05-21T22:09:23.232221Z,charge_only,14.061,14.061,0.0,14.061,TOU
research_20260521_1000-0964,user-007,EVSE-007,2026-05-21T21:01:43.049536Z,2026-05-21T22:16:43.049536Z,charge_only,8.96,8.96,0.0,8.96,TOU
research_20260521_1000-0965,user-003,EVSE-024,2026-05-21T04:07:00.875952Z,2026-05-21T04:27:00.875952Z,charge_only,2.413,2.413,0.0,2.413,TOU
research_20260521_1000-0966,user-008,EVSE-017,2026-05-21T10:26:13.396252Z,2026-05-21T11:26:13.396252Z,discharge_only,-11.002,0.0,11.002,-11.002,TOU
research_20260521_1000-0967,user-001,EVSE-029,2026-05-21T10:39:53.062925Z,2026-05-21T10:59:53.062925Z,bidirectional,3.238,5.175,1.937,3.238,TOU
research_20260521_1000-0968,user-002,EVSE-007,2026-05-21T12:14:51.764599Z,2026-05-21T13:14:51.764599Z,bidirectional,18.236,20.141,1.905,18.236,TOU
research_20260521_1000-0969,user-004,EVSE-012,2026-05-21T16:00:43.165218Z,2026-05-21T16:20:43.165218Z,discharge_only,-3.686,0.0,3.686,-3.686,TOU
research_20260521_1000-0970,user-001,EVSE-008,2026-05-21T10:25:12.663194Z,2026-05-21T10:55:12.663194Z,charge_only,5.379,5.379,0.0,5.379,TOU
research_20260521_1000-0971,user-004,EVSE-016,2026-05-21T09:24:58.423475Z,2026-05-21T09:54:58.423475Z,charge_only,5.416,5.416,0.0,5.416,TOU
research_20260521_1000-0972,user-008,EVSE-049,2026-05-21T23:31:40.076145Z,2026-05-21T23:51:40.076145Z,discharge_only,-3.68,0.0,3.68,-3.68,TOU
research_20260521_1000-0973,user-008,EVSE-021,2026-05-21T09:51:32.365610Z,2026-05-21T10:51:32.365610Z,charge_only,7.039,7.039,0.0,7.039,TOU
research_20260521_1000-0974,user-002,EVSE-039,2026-05-21T16:23:00.065499Z,2026-05-21T16:53:00.065499Z,bidirectional,0.345,1.899,1.554,0.345,TOU
research_20260521_1000-0975,user-004,EVSE-025,2026-05-21T08:25:50.474640Z,2026-05-21T08:55:50.474640Z,charge_only,5.338,5.338,0.0,5.338,TOU
research_20260521_1000-0976,user-008,EVSE-012,2026-05-21T17:06:13.005340Z,2026-05-21T17:26:13.005340Z,charge_only,3.835,3.835,0.0,3.835,TOU
research_20260521_1000-0977,user-009,EVSE-006,2026-05-21T07:54:35.198213Z,2026-05-21T09:09:35.198213Z,charge_only,13.731,13.731,0.0,13.731,TOU
research_20260521_1000-0978,user-001,EVSE-033,2026-05-21T08:50:36.751840Z,2026-05-21T09:30:36.751840Z,charge_only,4.78,4.78,0.0,4.78,TOU
research_20260521_1000-0979,user-008,EVSE-019,2026-05-21T02:21:48.075419Z,2026-05-21T02:41:48.075419Z,charge_only,2.342,2.342,0.0,2.342,TOU
research_20260521_1000-0980,user-002,EVSE-012,2026-05-21T00:41:28.090917Z,2026-05-21T01:41:28.090917Z,discharge_only,-11.063,0.0,11.063,-11.063,TOU
research_20260521_1000-0981,user-009,EVSE-038,2026-05-21T22:51:34.550903Z,2026-05-21T23:51:34.550903Z,charge_only,11.756,11.756,0.0,11.756,TOU
research_20260521_1000-0982,user-007,EVSE-028,2026-05-21T10:33:02.878165Z,2026-05-21T11:48:02.878165Z,charge_only,9.002,9.002,0.0,9.002,TOU
research_20260521_1000-0983,user-004,EVSE-043,2026-05-21T19:44:04.669734Z,2026-05-21T20:24:04.669734Z,charge_only,14.531,14.531,0.0,14.531,TOU
research_20260521_1000-0984,user-005,EVSE-049,2026-05-21T08:37:24.119010Z,2026-05-21T09:52:24.119010Z,charge_only,14.372,14.372,0.0,14.372,TOU
research_20260521_1000-0985,user-005,EVSE-040,2026-05-21T10:57:37.661625Z,2026-05-21T11:27:37.661625Z,charge_only,3.468,3.468,0.0,3.468,TOU
research_20260521_1000-0986,user-005,EVSE-008,2026-05-21T14:29:55.711747Z,2026-05-21T14:59:55.711747Z,discharge_only,-10.563,0.0,10.563,-10.563,TOU
research_20260521_1000-0987,user-004,EVSE-045,2026-05-21T15:23:50.649465Z,2026-05-21T16:38:50.649465Z,charge_only,28.77,28.77,0.0,28.77,TOU
research_20260521_1000-0988,user-005,EVSE-005,2026-05-21T05:58:18.833905Z,2026-05-21T06:58:18.833905Z,bidirectional,1.269,4.211,2.942,1.269,TOU
research_20260521_1000-0989,user-005,EVSE-017,2026-05-21T09:42:51.122457Z,2026-05-21T10:57:51.122457Z,charge_only,27.098,27.098,0.0,27.098,TOU
research_20260521_1000-0990,user-009,EVSE-006,2026-05-21T09:09:56.064803Z,2026-05-21T09:39:56.064803Z,charge_only,10.472,10.472,0.0,10.472,TOU
research_20260521_1000-0991,user-006,EVSE-024,2026-05-21T04:41:50.749287Z,2026-05-21T05:01:50.749287Z,bidirectional,1.285,1.863,0.578,1.285,TOU
research_20260521_1000-0992,user-001,EVSE-014,2026-05-21T15:33:11.045893Z,2026-05-21T15:53:11.045893Z,bidirectional,1.946,2.73,0.784,1.946,TOU
research_20260521_1000-0993,user-003,EVSE-018,2026-05-21T21:34:59.281781Z,2026-05-21T22:49:59.281781Z,discharge_only,-13.722,0.0,13.722,-13.722,TOU
research_20260521_1000-0994,user-009,EVSE-020,2026-05-21T09:15:43.063923Z,2026-05-21T10:15:43.063923Z,discharge_only,-11.355,0.0,11.355,-11.355,TOU
research_20260521_1000-0995,user-004,EVSE-044,2026-05-21T05:13:59.179562Z,2026-05-21T06:28:59.179562Z,discharge_only,-9.086,0.0,9.086,-9.086,TOU
research_20260521_1000-0996,user-002,EVSE-025,2026-05-21T19:47:07.956664Z,2026-05-21T20:27:07.956664Z,charge_only,4.717,4.717,0.0,4.717,TOU
research_20260521_1000-0997,user-005,EVSE-034,2026-05-21T06:57:50.220090Z,2026-05-21T07:17:50.220090Z,discharge_only,-2.447,0.0,2.447,-2.447,TOU
research_20260521_1000-0998,user-001,EVSE-017,2026-05-21T05:43:53.409767Z,2026-05-21T06:58:53.409767Z,bidirectional,0.584,4.835,4.251,0.584,TOU
research_20260521_1000-0999,user-007,EVSE-045,2026-05-21T22:09:21.530820Z,2026-05-21T22:29:21.530820Z,bidirectional,0.154,1.218,1.064,0.154,TOU
research_20260521_1000-1000,user-009,EVSE-020,2026-05-21T22:49:44.705404Z,2026-05-22T00:04:44.705404Z,charge_only,13.355,13.355,0.0,13.355,TOU
research_20260521_100_v2-0001,user-002,EVSE-046,2026-05-21T23:22:59.070749Z,2026-05-22T00:02:59.070749Z,bidirectional,3.404,4.028,0.624,3.404,TOU
research_20260521_100_v2-0002,user-004,EVSE-023,2026-05-21T13:12:08.338401Z,2026-05-21T13:52:08.338401Z,charge_only,4.893,4.893,0.0,4.893,TOU
research_20260521_100_v2-0003,user-008,EVSE-041,2026-05-21T11:06:49.892898Z,2026-05-21T12:06:49.892898Z,charge_only,7.318,7.318,0.0,7.318,TOU
research_20260521_100_v2-0004,user-006,EVSE-036,2026-05-21T18:57:18.592541Z,2026-05-21T19:37:18.592541Z,charge_only,15.207,15.207,0.0,15.207,TOU
research_20260521_100_v2-0005,user-001,EVSE-014,2026-05-21T18:29:10.246582Z,2026-05-21T18:49:10.246582Z,discharge_only,-3.741,0.0,3.741,-3.741,TOU
research_20260521_100_v2-0006,user-008,EVSE-009,2026-05-21T20:33:15.894586Z,2026-05-21T21:03:15.894586Z,charge_only,3.466,3.466,0.0,3.466,TOU
research_20260521_100_v2-0007,user-001,EVSE-001,2026-05-21T03:19:00.708605Z,2026-05-21T03:49:00.708605Z,bidirectional,0.471,5.582,5.111,0.471,TOU
research_20260521_100_v2-0008,user-009,EVSE-041,2026-05-21T05:57:44.158115Z,2026-05-21T06:37:44.158115Z,bidirectional,2.666,3.714,1.048,2.666,TOU
research_20260521_100_v2-0009,user-006,EVSE-036,2026-05-21T05:40:59.066874Z,2026-05-21T06:55:59.066874Z,charge_only,27.805,27.805,0.0,27.805,TOU
research_20260521_100_v2-0010,user-010,EVSE-029,2026-05-21T13:49:40.881967Z,2026-05-21T14:19:40.881967Z,charge_only,10.482,10.482,0.0,10.482,TOU
research_20260521_100_v2-0011,user-006,EVSE-031,2026-05-21T23:28:42.639935Z,2026-05-22T00:43:42.639935Z,charge_only,8.959,8.959,0.0,8.959,TOU
research_20260521_100_v2-0012,user-002,EVSE-013,2026-05-21T08:10:03.890442Z,2026-05-21T08:50:03.890442Z,discharge_only,-7.311,0.0,7.311,-7.311,TOU
research_20260521_100_v2-0013,user-007,EVSE-026,2026-05-21T19:34:46.633708Z,2026-05-21T20:34:46.633708Z,charge_only,7.205,7.205,0.0,7.205,TOU
research_20260521_100_v2-0014,user-001,EVSE-034,2026-05-21T00:20:09.315897Z,2026-05-21T01:00:09.315897Z,bidirectional,-0.141,3.852,3.993,-0.141,TOU
research_20260521_100_v2-0015,user-002,EVSE-040,2026-05-21T03:33:04.004082Z,2026-05-21T03:53:04.004082Z,bidirectional,3.936,6.033,2.097,3.936,TOU
research_20260521_100_v2-0016,user-010,EVSE-040,2026-05-21T11:26:11.573378Z,2026-05-21T12:06:11.573378Z,charge_only,4.855,4.855,0.0,4.855,TOU
research_20260521_100_v2-0017,user-002,EVSE-036,2026-05-21T11:04:48.387486Z,2026-05-21T12:19:48.387486Z,bidirectional,2.972,8.628,5.656,2.972,TOU
research_20260521_100_v2-0018,user-004,EVSE-018,2026-05-21T06:45:38.307031Z,2026-05-21T07:15:38.307031Z,charge_only,11.507,11.507,0.0,11.507,TOU
research_20260521_100_v2-0019,user-003,EVSE-038,2026-05-21T08:41:33.404201Z,2026-05-21T09:21:33.404201Z,charge_only,4.68,4.68,0.0,4.68,TOU
research_20260521_100_v2-0020,user-001,EVSE-040,2026-05-21T16:35:06.478566Z,2026-05-21T16:55:06.478566Z,bidirectional,1.885,2.898,1.013,1.885,TOU
research_20260521_100_v2-0021,user-004,EVSE-045,2026-05-21T03:13:58.067847Z,2026-05-21T03:43:58.067847Z,bidirectional,-0.048,2.557,2.605,-0.048,TOU
research_20260521_100_v2-0022,user-008,EVSE-002,2026-05-21T18:38:41.726804Z,2026-05-21T19:38:41.726804Z,discharge_only,-11.192,0.0,11.192,-11.192,TOU
research_20260521_100_v2-0023,user-003,EVSE-001,2026-05-21T10:02:57.047005Z,2026-05-21T10:42:57.047005Z,bidirectional,0.245,2.433,2.188,0.245,TOU
research_20260521_100_v2-0024,user-004,EVSE-033,2026-05-21T15:14:31.264838Z,2026-05-21T15:34:31.264838Z,charge_only,7.517,7.517,0.0,7.517,TOU
research_20260521_100_v2-0025,user-007,EVSE-011,2026-05-21T07:15:01.193014Z,2026-05-21T08:30:01.193014Z,bidirectional,0.817,4.91,4.093,0.817,TOU
research_20260521_100_v2-0026,user-010,EVSE-030,2026-05-21T15:56:19.734733Z,2026-05-21T16:26:19.734733Z,discharge_only,-11.153,0.0,11.153,-11.153,TOU
research_20260521_100_v2-0027,user-004,EVSE-008,2026-05-21T06:44:34.912901Z,2026-05-21T07:44:34.912901Z,discharge_only,-11.039,0.0,11.039,-11.039,TOU
research_20260521_100_v2-0028,user-009,EVSE-005,2026-05-21T00:16:26.092055Z,2026-05-21T01:31:26.092055Z,charge_only,13.549,13.549,0.0,13.549,TOU
research_20260521_100_v2-0029,user-006,EVSE-001,2026-05-21T16:18:37.093289Z,2026-05-21T17:33:37.093289Z,bidirectional,3.691,6.217,2.526,3.691,TOU
research_20260521_100_v2-0030,user-007,EVSE-040,2026-05-21T03:30:02.097071Z,2026-05-21T04:30:02.097071Z,charge_only,21.809,21.809,0.0,21.809,TOU
research_20260521_100_v2-0031,user-010,EVSE-014,2026-05-21T10:26:16.532667Z,2026-05-21T10:46:16.532667Z,charge_only,2.568,2.568,0.0,2.568,TOU
research_20260521_100_v2-0032,user-007,EVSE-016,2026-05-21T17:18:18.628409Z,2026-05-21T18:18:18.628409Z,charge_only,11.264,11.264,0.0,11.264,TOU
research_20260521_100_v2-0033,user-010,EVSE-013,2026-05-21T01:14:13.793280Z,2026-05-21T02:14:13.793280Z,bidirectional,9.654,14.861,5.207,9.654,TOU
research_20260521_100_v2-0034,user-004,EVSE-027,2026-05-21T21:32:15.727209Z,2026-05-21T22:12:15.727209Z,charge_only,15.024,15.024,0.0,15.024,TOU
research_20260521_100_v2-0035,user-006,EVSE-016,2026-05-21T08:43:45.446833Z,2026-05-21T09:43:45.446833Z,bidirectional,14.902,18.497,3.595,14.902,TOU
research_20260521_100_v2-0036,user-007,EVSE-042,2026-05-21T15:54:35.332041Z,2026-05-21T16:54:35.332041Z,bidirectional,6.964,8.847,1.883,6.964,TOU
research_20260521_100_v2-0037,user-001,EVSE-022,2026-05-21T21:45:00.190512Z,2026-05-21T22:15:00.190512Z,charge_only,5.412,5.412,0.0,5.412,TOU
research_20260521_100_v2-0038,user-005,EVSE-031,2026-05-21T17:56:58.722376Z,2026-05-21T18:16:58.722376Z,bidirectional,3.361,5.245,1.884,3.361,TOU
research_20260521_100_v2-0039,user-009,EVSE-004,2026-05-21T09:39:37.280020Z,2026-05-21T09:59:37.280020Z,bidirectional,-0.033,1.226,1.259,-0.033,TOU
research_20260521_100_v2-0040,user-003,EVSE-010,2026-05-21T08:40:28.061799Z,2026-05-21T09:40:28.061799Z,charge_only,7.14,7.14,0.0,7.14,TOU
research_20260521_100_v2-0041,user-002,EVSE-029,2026-05-21T00:07:45.474198Z,2026-05-21T00:27:45.474198Z,charge_only,7.132,7.132,0.0,7.132,TOU
research_20260521_100_v2-0042,user-010,EVSE-005,2026-05-21T00:13:21.299096Z,2026-05-21T00:53:21.299096Z,charge_only,14.805,14.805,0.0,14.805,TOU
research_20260521_100_v2-0043,user-010,EVSE-038,2026-05-21T12:42:19.561814Z,2026-05-21T13:02:19.561814Z,bidirectional,0.136,1.345,1.209,0.136,TOU
research_20260521_100_v2-0044,user-007,EVSE-008,2026-05-21T21:13:43.327467Z,2026-05-21T21:43:43.327467Z,bidirectional,3.91,7.517,3.607,3.91,TOU
research_20260521_100_v2-0045,user-007,EVSE-042,2026-05-21T01:21:32.772800Z,2026-05-21T02:36:32.772800Z,charge_only,27.548,27.548,0.0,27.548,TOU
research_20260521_100_v2-0046,user-010,EVSE-008,2026-05-21T13:31:19.537117Z,2026-05-21T14:31:19.537117Z,charge_only,7.084,7.084,0.0,7.084,TOU
research_20260521_100_v2-0047,user-009,EVSE-032,2026-05-21T04:11:06.289638Z,2026-05-21T04:31:06.289638Z,charge_only,7.108,7.108,0.0,7.108,TOU
research_20260521_100_v2-0048,user-004,EVSE-036,2026-05-21T17:34:26.341013Z,2026-05-21T18:04:26.341013Z,discharge_only,-5.532,0.0,5.532,-5.532,TOU
research_20260521_100_v2-0049,user-004,EVSE-046,2026-05-21T00:10:08.983156Z,2026-05-21T00:30:08.983156Z,charge_only,3.716,3.716,0.0,3.716,TOU
research_20260521_100_v2-0050,user-008,EVSE-032,2026-05-21T18:08:01.649715Z,2026-05-21T19:23:01.649715Z,discharge_only,-8.67,0.0,8.67,-8.67,TOU
research_20260521_100_v2-0051,user-008,EVSE-009,2026-05-21T15:42:01.291438Z,2026-05-21T16:57:01.291438Z,discharge_only,-27.453,0.0,27.453,-27.453,TOU
research_20260521_100_v2-0052,user-002,EVSE-035,2026-05-21T03:00:09.951682Z,2026-05-21T04:00:09.951682Z,charge_only,7.328,7.328,0.0,7.328,TOU
research_20260521_100_v2-0053,user-008,EVSE-007,2026-05-21T03:02:46.107297Z,2026-05-21T03:22:46.107297Z,bidirectional,0.308,3.683,3.375,0.308,TOU
research_20260521_100_v2-0054,user-001,EVSE-012,2026-05-21T22:52:46.380306Z,2026-05-21T23:12:46.380306Z,discharge_only,-3.591,0.0,3.591,-3.591,TOU
research_20260521_100_v2-0055,user-007,EVSE-019,2026-05-21T09:06:37.024158Z,2026-05-21T09:36:37.024158Z,charge_only,5.95,5.95,0.0,5.95,TOU
research_20260521_100_v2-0056,user-008,EVSE-037,2026-05-21T01:17:51.641142Z,2026-05-21T02:32:51.641142Z,charge_only,13.517,13.517,0.0,13.517,TOU
research_20260521_100_v2-0057,user-001,EVSE-029,2026-05-21T02:07:42.695199Z,2026-05-21T03:07:42.695199Z,charge_only,11.307,11.307,0.0,11.307,TOU
research_20260521_100_v2-0058,user-003,EVSE-031,2026-05-21T21:49:12.476336Z,2026-05-21T22:29:12.476336Z,charge_only,6.836,6.836,0.0,6.836,TOU
research_20260521_100_v2-0059,user-006,EVSE-007,2026-05-21T04:40:54.308665Z,2026-05-21T05:40:54.308665Z,bidirectional,4.861,6.0,1.139,4.861,TOU
research_20260521_100_v2-0060,user-010,EVSE-035,2026-05-21T02:45:42.109373Z,2026-05-21T04:00:42.109373Z,charge_only,14.471,14.471,0.0,14.471,TOU
research_20260521_100_v2-0061,user-003,EVSE-029,2026-05-21T02:44:00.249071Z,2026-05-21T03:04:00.249071Z,charge_only,3.552,3.552,0.0,3.552,TOU
research_20260521_100_v2-0062,user-002,EVSE-041,2026-05-21T00:26:27.845137Z,2026-05-21T01:06:27.845137Z,charge_only,15.176,15.176,0.0,15.176,TOU
research_20260521_100_v2-0063,user-006,EVSE-018,2026-05-21T18:08:15.647285Z,2026-05-21T18:38:15.647285Z,bidirectional,0.8,5.908,5.108,0.8,TOU
research_20260521_100_v2-0064,user-003,EVSE-004,2026-05-21T11:01:05.384527Z,2026-05-21T11:31:05.384527Z,charge_only,3.485,3.485,0.0,3.485,TOU
research_20260521_100_v2-0065,user-002,EVSE-026,2026-05-21T06:05:14.520237Z,2026-05-21T07:05:14.520237Z,charge_only,10.897,10.897,0.0,10.897,TOU
research_20260521_100_v2-0066,user-008,EVSE-021,2026-05-21T22:13:10.402158Z,2026-05-21T22:33:10.402158Z,charge_only,3.725,3.725,0.0,3.725,TOU
research_20260521_100_v2-0067,user-005,EVSE-031,2026-05-21T13:05:38.987921Z,2026-05-21T14:20:38.987921Z,bidirectional,9.82,11.552,1.732,9.82,TOU
research_20260521_100_v2-0068,user-002,EVSE-047,2026-05-21T13:37:05.868797Z,2026-05-21T14:17:05.868797Z,charge_only,4.603,4.603,0.0,4.603,TOU
research_20260521_100_v2-0069,user-005,EVSE-018,2026-05-21T15:32:37.769556Z,2026-05-21T16:47:37.769556Z,bidirectional,-2.465,11.969,14.434,-2.465,TOU
research_20260521_100_v2-0070,user-006,EVSE-027,2026-05-21T15:33:31.576448Z,2026-05-21T16:03:31.576448Z,charge_only,3.557,3.557,0.0,3.557,TOU
research_20260521_100_v2-0071,user-005,EVSE-043,2026-05-21T06:39:54.108387Z,2026-05-21T07:54:54.108387Z,bidirectional,22.619,24.665,2.046,22.619,TOU
research_20260521_100_v2-0072,user-010,EVSE-009,2026-05-21T22:40:06.838784Z,2026-05-21T23:10:06.838784Z,charge_only,5.3,5.3,0.0,5.3,TOU
research_20260521_100_v2-0073,user-009,EVSE-019,2026-05-21T10:34:26.283753Z,2026-05-21T11:14:26.283753Z,discharge_only,-4.727,0.0,4.727,-4.727,TOU
research_20260521_100_v2-0074,user-006,EVSE-047,2026-05-21T19:51:30.157198Z,2026-05-21T21:06:30.157198Z,charge_only,13.979,13.979,0.0,13.979,TOU
research_20260521_100_v2-0075,user-003,EVSE-049,2026-05-21T18:18:46.371451Z,2026-05-21T18:48:46.371451Z,bidirectional,0.23,2.808,2.578,0.23,TOU
research_20260521_100_v2-0076,user-010,EVSE-006,2026-05-21T08:33:05.505830Z,2026-05-21T09:48:05.505830Z,charge_only,14.524,14.524,0.0,14.524,TOU
research_20260521_100_v2-0077,user-008,EVSE-004,2026-05-21T10:03:19.539200Z,2026-05-21T10:23:19.539200Z,charge_only,3.436,3.436,0.0,3.436,TOU
research_20260521_100_v2-0078,user-006,EVSE-040,2026-05-21T00:24:21.885794Z,2026-05-21T00:44:21.885794Z,charge_only,7.893,7.893,0.0,7.893,TOU
research_20260521_100_v2-0079,user-005,EVSE-039,2026-05-21T14:41:07.209257Z,2026-05-21T15:21:07.209257Z,charge_only,14.074,14.074,0.0,14.074,TOU
research_20260521_100_v2-0080,user-010,EVSE-043,2026-05-21T08:03:23.914041Z,2026-05-21T08:43:23.914041Z,charge_only,6.849,6.849,0.0,6.849,TOU
research_20260521_100_v2-0081,user-009,EVSE-034,2026-05-21T21:44:25.663818Z,2026-05-21T22:44:25.663818Z,discharge_only,-22.208,0.0,22.208,-22.208,TOU
research_20260521_100_v2-0082,user-010,EVSE-031,2026-05-21T20:50:17.362820Z,2026-05-21T21:50:17.362820Z,bidirectional,0.04,3.485,3.445,0.04,TOU
research_20260521_100_v2-0083,user-010,EVSE-008,2026-05-21T00:21:24.401839Z,2026-05-21T01:21:24.401839Z,charge_only,10.732,10.732,0.0,10.732,TOU
research_20260521_100_v2-0084,user-005,EVSE-003,2026-05-21T13:11:58.819360Z,2026-05-21T14:26:58.819360Z,charge_only,9.311,9.311,0.0,9.311,TOU
research_20260521_100_v2-0085,user-003,EVSE-040,2026-05-21T05:46:16.124228Z,2026-05-21T06:46:16.124228Z,charge_only,11.175,11.175,0.0,11.175,TOU
research_20260521_100_v2-0086,user-008,EVSE-016,2026-05-21T09:39:41.746700Z,2026-05-21T09:59:41.746700Z,charge_only,7.473,7.473,0.0,7.473,TOU
research_20260521_100_v2-0087,user-002,EVSE-048,2026-05-21T11:25:10.934217Z,2026-05-21T12:05:10.934217Z,charge_only,4.648,4.648,0.0,4.648,TOU
research_20260521_100_v2-0088,user-006,EVSE-012,2026-05-21T18:11:46.720133Z,2026-05-21T18:31:46.720133Z,charge_only,7.148,7.148,0.0,7.148,TOU
research_20260521_100_v2-0089,user-008,EVSE-020,2026-05-21T08:49:18.022754Z,2026-05-21T09:19:18.022754Z,charge_only,3.751,3.751,0.0,3.751,TOU
research_20260521_100_v2-0090,user-009,EVSE-026,2026-05-21T12:37:18.260073Z,2026-05-21T12:57:18.260073Z,bidirectional,-0.003,3.668,3.671,-0.003,TOU
research_20260521_100_v2-0091,user-007,EVSE-012,2026-05-21T15:50:47.235306Z,2026-05-21T16:20:47.235306Z,charge_only,5.52,5.52,0.0,5.52,TOU
research_20260521_100_v2-0092,user-002,EVSE-041,2026-05-21T16:06:47.720178Z,2026-05-21T16:46:47.720178Z,discharge_only,-6.951,0.0,6.951,-6.951,TOU
research_20260521_100_v2-0093,user-002,EVSE-010,2026-05-21T07:52:29.712000Z,2026-05-21T08:52:29.712000Z,charge_only,10.954,10.954,0.0,10.954,TOU
research_20260521_100_v2-0094,user-006,EVSE-012,2026-05-21T13:19:43.645415Z,2026-05-21T13:39:43.645415Z,bidirectional,-0.052,3.693,3.745,-0.052,TOU
research_20260521_100_v2-0095,user-009,EVSE-029,2026-05-21T21:09:25.449990Z,2026-05-21T21:49:25.449990Z,discharge_only,-15.014,0.0,15.014,-15.014,TOU
research_20260521_100_v2-0096,user-006,EVSE-041,2026-05-21T07:57:18.642102Z,2026-05-21T08:17:18.642102Z,charge_only,7.402,7.402,0.0,7.402,TOU
research_20260521_100_v2-0097,user-004,EVSE-005,2026-05-21T21:04:14.283881Z,2026-05-21T21:34:14.283881Z,bidirectional,1.397,2.413,1.016,1.397,TOU
research_20260521_100_v2-0098,user-008,EVSE-010,2026-05-21T11:21:59.895423Z,2026-05-21T12:21:59.895423Z,bidirectional,12.288,17.4,5.112,12.288,TOU
research_20260521_100_v2-0099,user-004,EVSE-037,2026-05-21T15:40:43.605686Z,2026-05-21T16:55:43.605686Z,charge_only,13.43,13.43,0.0,13.43,TOU
research_20260521_100_v2-0100,user-002,EVSE-039,2026-05-21T22:53:32.100196Z,2026-05-22T00:08:32.100196Z,charge_only,13.486,13.486,0.0,13.486,TOU
research_20260521_100_v3-0001,user-002,EVSE-046,2026-05-21T23:22:59.070749Z,2026-05-22T00:02:59.070749Z,bidirectional,3.404,4.028,0.624,3.404,TOU
research_20260521_100_v3-0002,user-004,EVSE-023,2026-05-21T13:12:08.338401Z,2026-05-21T13:52:08.338401Z,charge_only,4.893,4.893,0.0,4.893,TOU
research_20260521_100_v3-0003,user-008,EVSE-041,2026-05-21T11:06:49.892898Z,2026-05-21T12:06:49.892898Z,charge_only,7.318,7.318,0.0,7.318,TOU
research_20260521_100_v3-0004,user-006,EVSE-036,2026-05-21T18:57:18.592541Z,2026-05-21T19:37:18.592541Z,charge_only,15.207,15.207,0.0,15.207,TOU
research_20260521_100_v3-0005,user-001,EVSE-014,2026-05-21T18:29:10.246582Z,2026-05-21T18:49:10.246582Z,discharge_only,-3.741,0.0,3.741,-3.741,TOU
research_20260521_100_v3-0006,user-008,EVSE-009,2026-05-21T20:33:15.894586Z,2026-05-21T21:03:15.894586Z,charge_only,3.466,3.466,0.0,3.466,TOU
research_20260521_100_v3-0007,user-001,EVSE-001,2026-05-21T03:19:00.708605Z,2026-05-21T03:49:00.708605Z,bidirectional,0.471,5.582,5.111,0.471,TOU
research_20260521_100_v3-0008,user-009,EVSE-041,2026-05-21T05:57:44.158115Z,2026-05-21T06:37:44.158115Z,bidirectional,2.666,3.714,1.048,2.666,TOU
research_20260521_100_v3-0009,user-006,EVSE-036,2026-05-21T05:40:59.066874Z,2026-05-21T06:55:59.066874Z,charge_only,27.805,27.805,0.0,27.805,TOU
research_20260521_100_v3-0010,user-010,EVSE-029,2026-05-21T13:49:40.881967Z,2026-05-21T14:19:40.881967Z,charge_only,10.482,10.482,0.0,10.482,TOU
research_20260521_100_v3-0011,user-006,EVSE-031,2026-05-21T23:28:42.639935Z,2026-05-22T00:43:42.639935Z,charge_only,8.959,8.959,0.0,8.959,TOU
research_20260521_100_v3-0012,user-002,EVSE-013,2026-05-21T08:10:03.890442Z,2026-05-21T08:50:03.890442Z,discharge_only,-7.311,0.0,7.311,-7.311,TOU
research_20260521_100_v3-0013,user-007,EVSE-026,2026-05-21T19:34:46.633708Z,2026-05-21T20:34:46.633708Z,charge_only,7.205,7.205,0.0,7.205,TOU
research_20260521_100_v3-0014,user-001,EVSE-034,2026-05-21T00:20:09.315897Z,2026-05-21T01:00:09.315897Z,bidirectional,-0.141,3.852,3.993,-0.141,TOU
research_20260521_100_v3-0015,user-002,EVSE-040,2026-05-21T03:33:04.004082Z,2026-05-21T03:53:04.004082Z,bidirectional,3.936,6.033,2.097,3.936,TOU
research_20260521_100_v3-0016,user-010,EVSE-040,2026-05-21T11:26:11.573378Z,2026-05-21T12:06:11.573378Z,charge_only,4.855,4.855,0.0,4.855,TOU
research_20260521_100_v3-0017,user-002,EVSE-036,2026-05-21T11:04:48.387486Z,2026-05-21T12:19:48.387486Z,bidirectional,2.972,8.628,5.656,2.972,TOU
research_20260521_100_v3-0018,user-004,EVSE-018,2026-05-21T06:45:38.307031Z,2026-05-21T07:15:38.307031Z,charge_only,11.507,11.507,0.0,11.507,TOU
research_20260521_100_v3-0019,user-003,EVSE-038,2026-05-21T08:41:33.404201Z,2026-05-21T09:21:33.404201Z,charge_only,4.68,4.68,0.0,4.68,TOU
research_20260521_100_v3-0020,user-001,EVSE-040,2026-05-21T16:35:06.478566Z,2026-05-21T16:55:06.478566Z,bidirectional,1.885,2.898,1.013,1.885,TOU
research_20260521_100_v3-0021,user-004,EVSE-045,2026-05-21T03:13:58.067847Z,2026-05-21T03:43:58.067847Z,bidirectional,-0.048,2.557,2.605,-0.048,TOU
research_20260521_100_v3-0022,user-008,EVSE-002,2026-05-21T18:38:41.726804Z,2026-05-21T19:38:41.726804Z,discharge_only,-11.192,0.0,11.192,-11.192,TOU
research_20260521_100_v3-0023,user-003,EVSE-001,2026-05-21T10:02:57.047005Z,2026-05-21T10:42:57.047005Z,bidirectional,0.245,2.433,2.188,0.245,TOU
research_20260521_100_v3-0024,user-004,EVSE-033,2026-05-21T15:14:31.264838Z,2026-05-21T15:34:31.264838Z,charge_only,7.517,7.517,0.0,7.517,TOU
research_20260521_100_v3-0025,user-007,EVSE-011,2026-05-21T07:15:01.193014Z,2026-05-21T08:30:01.193014Z,bidirectional,0.817,4.91,4.093,0.817,TOU
research_20260521_100_v3-0026,user-010,EVSE-030,2026-05-21T15:56:19.734733Z,2026-05-21T16:26:19.734733Z,discharge_only,-11.153,0.0,11.153,-11.153,TOU
research_20260521_100_v3-0027,user-004,EVSE-008,2026-05-21T06:44:34.912901Z,2026-05-21T07:44:34.912901Z,discharge_only,-11.039,0.0,11.039,-11.039,TOU
research_20260521_100_v3-0028,user-009,EVSE-005,2026-05-21T00:16:26.092055Z,2026-05-21T01:31:26.092055Z,charge_only,13.549,13.549,0.0,13.549,TOU
research_20260521_100_v3-0029,user-006,EVSE-001,2026-05-21T16:18:37.093289Z,2026-05-21T17:33:37.093289Z,bidirectional,3.691,6.217,2.526,3.691,TOU
research_20260521_100_v3-0030,user-007,EVSE-040,2026-05-21T03:30:02.097071Z,2026-05-21T04:30:02.097071Z,charge_only,21.809,21.809,0.0,21.809,TOU
research_20260521_100_v3-0031,user-010,EVSE-014,2026-05-21T10:26:16.532667Z,2026-05-21T10:46:16.532667Z,charge_only,2.568,2.568,0.0,2.568,TOU
research_20260521_100_v3-0032,user-007,EVSE-016,2026-05-21T17:18:18.628409Z,2026-05-21T18:18:18.628409Z,charge_only,11.264,11.264,0.0,11.264,TOU
research_20260521_100_v3-0033,user-010,EVSE-013,2026-05-21T01:14:13.793280Z,2026-05-21T02:14:13.793280Z,bidirectional,9.654,14.861,5.207,9.654,TOU
research_20260521_100_v3-0034,user-004,EVSE-027,2026-05-21T21:32:15.727209Z,2026-05-21T22:12:15.727209Z,charge_only,15.024,15.024,0.0,15.024,TOU
research_20260521_100_v3-0035,user-006,EVSE-016,2026-05-21T08:43:45.446833Z,2026-05-21T09:43:45.446833Z,bidirectional,14.902,18.497,3.595,14.902,TOU
research_20260521_100_v3-0036,user-007,EVSE-042,2026-05-21T15:54:35.332041Z,2026-05-21T16:54:35.332041Z,bidirectional,6.964,8.847,1.883,6.964,TOU
research_20260521_100_v3-0037,user-001,EVSE-022,2026-05-21T21:45:00.190512Z,2026-05-21T22:15:00.190512Z,charge_only,5.412,5.412,0.0,5.412,TOU
research_20260521_100_v3-0038,user-005,EVSE-031,2026-05-21T17:56:58.722376Z,2026-05-21T18:16:58.722376Z,bidirectional,3.361,5.245,1.884,3.361,TOU
research_20260521_100_v3-0039,user-009,EVSE-004,2026-05-21T09:39:37.280020Z,2026-05-21T09:59:37.280020Z,bidirectional,-0.033,1.226,1.259,-0.033,TOU
research_20260521_100_v3-0040,user-003,EVSE-010,2026-05-21T08:40:28.061799Z,2026-05-21T09:40:28.061799Z,charge_only,7.14,7.14,0.0,7.14,TOU
research_20260521_100_v3-0041,user-002,EVSE-029,2026-05-21T00:07:45.474198Z,2026-05-21T00:27:45.474198Z,charge_only,7.132,7.132,0.0,7.132,TOU
research_20260521_100_v3-0042,user-010,EVSE-005,2026-05-21T00:13:21.299096Z,2026-05-21T00:53:21.299096Z,charge_only,14.805,14.805,0.0,14.805,TOU
research_20260521_100_v3-0043,user-010,EVSE-038,2026-05-21T12:42:19.561814Z,2026-05-21T13:02:19.561814Z,bidirectional,0.136,1.345,1.209,0.136,TOU
research_20260521_100_v3-0044,user-007,EVSE-008,2026-05-21T21:13:43.327467Z,2026-05-21T21:43:43.327467Z,bidirectional,3.91,7.517,3.607,3.91,TOU
research_20260521_100_v3-0045,user-007,EVSE-042,2026-05-21T01:21:32.772800Z,2026-05-21T02:36:32.772800Z,charge_only,27.548,27.548,0.0,27.548,TOU
research_20260521_100_v3-0046,user-010,EVSE-008,2026-05-21T13:31:19.537117Z,2026-05-21T14:31:19.537117Z,charge_only,7.084,7.084,0.0,7.084,TOU
research_20260521_100_v3-0047,user-009,EVSE-032,2026-05-21T04:11:06.289638Z,2026-05-21T04:31:06.289638Z,charge_only,7.108,7.108,0.0,7.108,TOU
research_20260521_100_v3-0048,user-004,EVSE-036,2026-05-21T17:34:26.341013Z,2026-05-21T18:04:26.341013Z,discharge_only,-5.532,0.0,5.532,-5.532,TOU
research_20260521_100_v3-0049,user-004,EVSE-046,2026-05-21T00:10:08.983156Z,2026-05-21T00:30:08.983156Z,charge_only,3.716,3.716,0.0,3.716,TOU
research_20260521_100_v3-0050,user-008,EVSE-032,2026-05-21T18:08:01.649715Z,2026-05-21T19:23:01.649715Z,discharge_only,-8.67,0.0,8.67,-8.67,TOU
research_20260521_100_v3-0051,user-008,EVSE-009,2026-05-21T15:42:01.291438Z,2026-05-21T16:57:01.291438Z,discharge_only,-27.453,0.0,27.453,-27.453,TOU
research_20260521_100_v3-0052,user-002,EVSE-035,2026-05-21T03:00:09.951682Z,2026-05-21T04:00:09.951682Z,charge_only,7.328,7.328,0.0,7.328,TOU
research_20260521_100_v3-0053,user-008,EVSE-007,2026-05-21T03:02:46.107297Z,2026-05-21T03:22:46.107297Z,bidirectional,0.308,3.683,3.375,0.308,TOU
research_20260521_100_v3-0054,user-001,EVSE-012,2026-05-21T22:52:46.380306Z,2026-05-21T23:12:46.380306Z,discharge_only,-3.591,0.0,3.591,-3.591,TOU
research_20260521_100_v3-0055,user-007,EVSE-019,2026-05-21T09:06:37.024158Z,2026-05-21T09:36:37.024158Z,charge_only,5.95,5.95,0.0,5.95,TOU
research_20260521_100_v3-0056,user-008,EVSE-037,2026-05-21T01:17:51.641142Z,2026-05-21T02:32:51.641142Z,charge_only,13.517,13.517,0.0,13.517,TOU
research_20260521_100_v3-0057,user-001,EVSE-029,2026-05-21T02:07:42.695199Z,2026-05-21T03:07:42.695199Z,charge_only,11.307,11.307,0.0,11.307,TOU
research_20260521_100_v3-0058,user-003,EVSE-031,2026-05-21T21:49:12.476336Z,2026-05-21T22:29:12.476336Z,charge_only,6.836,6.836,0.0,6.836,TOU
research_20260521_100_v3-0059,user-006,EVSE-007,2026-05-21T04:40:54.308665Z,2026-05-21T05:40:54.308665Z,bidirectional,4.861,6.0,1.139,4.861,TOU
research_20260521_100_v3-0060,user-010,EVSE-035,2026-05-21T02:45:42.109373Z,2026-05-21T04:00:42.109373Z,charge_only,14.471,14.471,0.0,14.471,TOU
research_20260521_100_v3-0061,user-003,EVSE-029,2026-05-21T02:44:00.249071Z,2026-05-21T03:04:00.249071Z,charge_only,3.552,3.552,0.0,3.552,TOU
research_20260521_100_v3-0062,user-002,EVSE-041,2026-05-21T00:26:27.845137Z,2026-05-21T01:06:27.845137Z,charge_only,15.176,15.176,0.0,15.176,TOU
research_20260521_100_v3-0063,user-006,EVSE-018,2026-05-21T18:08:15.647285Z,2026-05-21T18:38:15.647285Z,bidirectional,0.8,5.908,5.108,0.8,TOU
research_20260521_100_v3-0064,user-003,EVSE-004,2026-05-21T11:01:05.384527Z,2026-05-21T11:31:05.384527Z,charge_only,3.485,3.485,0.0,3.485,TOU
research_20260521_100_v3-0065,user-002,EVSE-026,2026-05-21T06:05:14.520237Z,2026-05-21T07:05:14.520237Z,charge_only,10.897,10.897,0.0,10.897,TOU
research_20260521_100_v3-0066,user-008,EVSE-021,2026-05-21T22:13:10.402158Z,2026-05-21T22:33:10.402158Z,charge_only,3.725,3.725,0.0,3.725,TOU
research_20260521_100_v3-0067,user-005,EVSE-031,2026-05-21T13:05:38.987921Z,2026-05-21T14:20:38.987921Z,bidirectional,9.82,11.552,1.732,9.82,TOU
research_20260521_100_v3-0068,user-002,EVSE-047,2026-05-21T13:37:05.868797Z,2026-05-21T14:17:05.868797Z,charge_only,4.603,4.603,0.0,4.603,TOU
research_20260521_100_v3-0069,user-005,EVSE-018,2026-05-21T15:32:37.769556Z,2026-05-21T16:47:37.769556Z,bidirectional,-2.465,11.969,14.434,-2.465,TOU
research_20260521_100_v3-0070,user-006,EVSE-027,2026-05-21T15:33:31.576448Z,2026-05-21T16:03:31.576448Z,charge_only,3.557,3.557,0.0,3.557,TOU
research_20260521_100_v3-0071,user-005,EVSE-043,2026-05-21T06:39:54.108387Z,2026-05-21T07:54:54.108387Z,bidirectional,22.619,24.665,2.046,22.619,TOU
research_20260521_100_v3-0072,user-010,EVSE-009,2026-05-21T22:40:06.838784Z,2026-05-21T23:10:06.838784Z,charge_only,5.3,5.3,0.0,5.3,TOU
research_20260521_100_v3-0073,user-009,EVSE-019,2026-05-21T10:34:26.283753Z,2026-05-21T11:14:26.283753Z,discharge_only,-4.727,0.0,4.727,-4.727,TOU
research_20260521_100_v3-0074,user-006,EVSE-047,2026-05-21T19:51:30.157198Z,2026-05-21T21:06:30.157198Z,charge_only,13.979,13.979,0.0,13.979,TOU
research_20260521_100_v3-0075,user-003,EVSE-049,2026-05-21T18:18:46.371451Z,2026-05-21T18:48:46.371451Z,bidirectional,0.23,2.808,2.578,0.23,TOU
research_20260521_100_v3-0076,user-010,EVSE-006,2026-05-21T08:33:05.505830Z,2026-05-21T09:48:05.505830Z,charge_only,14.524,14.524,0.0,14.524,TOU
research_20260521_100_v3-0077,user-008,EVSE-004,2026-05-21T10:03:19.539200Z,2026-05-21T10:23:19.539200Z,charge_only,3.436,3.436,0.0,3.436,TOU
research_20260521_100_v3-0078,user-006,EVSE-040,2026-05-21T00:24:21.885794Z,2026-05-21T00:44:21.885794Z,charge_only,7.893,7.893,0.0,7.893,TOU
research_20260521_100_v3-0079,user-005,EVSE-039,2026-05-21T14:41:07.209257Z,2026-05-21T15:21:07.209257Z,charge_only,14.074,14.074,0.0,14.074,TOU
research_20260521_100_v3-0080,user-010,EVSE-043,2026-05-21T08:03:23.914041Z,2026-05-21T08:43:23.914041Z,charge_only,6.849,6.849,0.0,6.849,TOU
research_20260521_100_v3-0081,user-009,EVSE-034,2026-05-21T21:44:25.663818Z,2026-05-21T22:44:25.663818Z,discharge_only,-22.208,0.0,22.208,-22.208,TOU
research_20260521_100_v3-0082,user-010,EVSE-031,2026-05-21T20:50:17.362820Z,2026-05-21T21:50:17.362820Z,bidirectional,0.04,3.485,3.445,0.04,TOU
research_20260521_100_v3-0083,user-010,EVSE-008,2026-05-21T00:21:24.401839Z,2026-05-21T01:21:24.401839Z,charge_only,10.732,10.732,0.0,10.732,TOU
research_20260521_100_v3-0084,user-005,EVSE-003,2026-05-21T13:11:58.819360Z,2026-05-21T14:26:58.819360Z,charge_only,9.311,9.311,0.0,9.311,TOU
research_20260521_100_v3-0085,user-003,EVSE-040,2026-05-21T05:46:16.124228Z,2026-05-21T06:46:16.124228Z,charge_only,11.175,11.175,0.0,11.175,TOU
research_20260521_100_v3-0086,user-008,EVSE-016,2026-05-21T09:39:41.746700Z,2026-05-21T09:59:41.746700Z,charge_only,7.473,7.473,0.0,7.473,TOU
research_20260521_100_v3-0087,user-002,EVSE-048,2026-05-21T11:25:10.934217Z,2026-05-21T12:05:10.934217Z,charge_only,4.648,4.648,0.0,4.648,TOU
research_20260521_100_v3-0088,user-006,EVSE-012,2026-05-21T18:11:46.720133Z,2026-05-21T18:31:46.720133Z,charge_only,7.148,7.148,0.0,7.148,TOU
research_20260521_100_v3-0089,user-008,EVSE-020,2026-05-21T08:49:18.022754Z,2026-05-21T09:19:18.022754Z,charge_only,3.751,3.751,0.0,3.751,TOU
research_20260521_100_v3-0090,user-009,EVSE-026,2026-05-21T12:37:18.260073Z,2026-05-21T12:57:18.260073Z,bidirectional,-0.003,3.668,3.671,-0.003,TOU
research_20260521_100_v3-0091,user-007,EVSE-012,2026-05-21T15:50:47.235306Z,2026-05-21T16:20:47.235306Z,charge_only,5.52,5.52,0.0,5.52,TOU
research_20260521_100_v3-0092,user-002,EVSE-041,2026-05-21T16:06:47.720178Z,2026-05-21T16:46:47.720178Z,discharge_only,-6.951,0.0,6.951,-6.951,TOU
research_20260521_100_v3-0093,user-002,EVSE-010,2026-05-21T07:52:29.712000Z,2026-05-21T08:52:29.712000Z,charge_only,10.954,10.954,0.0,10.954,TOU
research_20260521_100_v3-0094,user-006,EVSE-012,2026-05-21T13:19:43.645415Z,2026-05-21T13:39:43.645415Z,bidirectional,-0.052,3.693,3.745,-0.052,TOU
research_20260521_100_v3-0095,user-009,EVSE-029,2026-05-21T21:09:25.449990Z,2026-05-21T21:49:25.449990Z,discharge_only,-15.014,0.0,15.014,-15.014,TOU
research_20260521_100_v3-0096,user-006,EVSE-041,2026-05-21T07:57:18.642102Z,2026-05-21T08:17:18.642102Z,charge_only,7.402,7.402,0.0,7.402,TOU
research_20260521_100_v3-0097,user-004,EVSE-005,2026-05-21T21:04:14.283881Z,2026-05-21T21:34:14.283881Z,bidirectional,1.397,2.413,1.016,1.397,TOU
research_20260521_100_v3-0098,user-008,EVSE-010,2026-05-21T11:21:59.895423Z,2026-05-21T12:21:59.895423Z,bidirectional,12.288,17.4,5.112,12.288,TOU
research_20260521_100_v3-0099,user-004,EVSE-037,2026-05-21T15:40:43.605686Z,2026-05-21T16:55:43.605686Z,charge_only,13.43,13.43,0.0,13.43,TOU
research_20260521_100_v3-0100,user-002,EVSE-039,2026-05-21T22:53:32.100196Z,2026-05-22T00:08:32.100196Z,charge_only,13.486,13.486,0.0,13.486,TOU
research_20260521_500-0001,user-002,EVSE-046,2026-05-21T23:22:59.070749Z,2026-05-22T00:02:59.070749Z,bidirectional,3.404,4.028,0.624,3.404,TOU
research_20260521_500-0002,user-004,EVSE-023,2026-05-21T13:12:08.338401Z,2026-05-21T13:52:08.338401Z,charge_only,4.893,4.893,0.0,4.893,TOU
research_20260521_500-0003,user-008,EVSE-041,2026-05-21T11:06:49.892898Z,2026-05-21T12:06:49.892898Z,charge_only,7.318,7.318,0.0,7.318,TOU
research_20260521_500-0004,user-006,EVSE-036,2026-05-21T18:57:18.592541Z,2026-05-21T19:37:18.592541Z,charge_only,15.206,15.207,0.0,15.207,TOU
research_20260521_500-0005,user-001,EVSE-014,2026-05-21T18:29:10.246582Z,2026-05-21T18:49:10.246582Z,discharge_only,-3.741,0.0,3.741,-3.741,TOU
research_20260521_500-0006,user-008,EVSE-009,2026-05-21T20:33:15.894586Z,2026-05-21T21:03:15.894586Z,charge_only,3.466,3.466,0.0,3.466,TOU
research_20260521_500-0007,user-001,EVSE-001,2026-05-21T03:19:00.708605Z,2026-05-21T03:49:00.708605Z,bidirectional,0.471,5.582,5.111,0.471,TOU
research_20260521_500-0008,user-009,EVSE-041,2026-05-21T05:57:44.158115Z,2026-05-21T06:37:44.158115Z,bidirectional,2.666,3.714,1.048,2.666,TOU
research_20260521_500-0009,user-006,EVSE-036,2026-05-21T05:40:59.066874Z,2026-05-21T06:55:59.066874Z,charge_only,27.805,27.805,0.0,27.805,TOU
research_20260521_500-0010,user-010,EVSE-029,2026-05-21T13:49:40.881967Z,2026-05-21T14:19:40.881967Z,charge_only,10.482,10.482,0.0,10.482,TOU
research_20260521_500-0011,user-006,EVSE-031,2026-05-21T23:28:42.639935Z,2026-05-22T00:43:42.639935Z,charge_only,8.959,8.959,0.0,8.959,TOU
research_20260521_500-0012,user-002,EVSE-013,2026-05-21T08:10:03.890442Z,2026-05-21T08:50:03.890442Z,discharge_only,-7.311,0.0,7.311,-7.311,TOU
research_20260521_500-0013,user-007,EVSE-026,2026-05-21T19:34:46.633708Z,2026-05-21T20:34:46.633708Z,charge_only,7.205,7.205,0.0,7.205,TOU
research_20260521_500-0014,user-001,EVSE-034,2026-05-21T00:20:09.315897Z,2026-05-21T01:00:09.315897Z,bidirectional,-0.141,3.852,3.993,-0.141,TOU
research_20260521_500-0015,user-002,EVSE-040,2026-05-21T03:33:04.004082Z,2026-05-21T03:53:04.004082Z,bidirectional,3.936,6.033,2.097,3.936,TOU
research_20260521_500-0016,user-010,EVSE-040,2026-05-21T11:26:11.573378Z,2026-05-21T12:06:11.573378Z,charge_only,4.855,4.855,0.0,4.855,TOU
research_20260521_500-0017,user-002,EVSE-036,2026-05-21T11:04:48.387486Z,2026-05-21T12:19:48.387486Z,bidirectional,2.972,8.628,5.656,2.972,TOU
research_20260521_500-0018,user-004,EVSE-018,2026-05-21T06:45:38.307031Z,2026-05-21T07:15:38.307031Z,charge_only,11.507,11.507,0.0,11.507,TOU
research_20260521_500-0019,user-003,EVSE-038,2026-05-21T08:41:33.404201Z,2026-05-21T09:21:33.404201Z,charge_only,4.68,4.68,0.0,4.68,TOU
research_20260521_500-0020,user-001,EVSE-040,2026-05-21T16:35:06.478566Z,2026-05-21T16:55:06.478566Z,bidirectional,1.885,2.898,1.013,1.885,TOU
research_20260521_500-0021,user-004,EVSE-045,2026-05-21T03:13:58.067847Z,2026-05-21T03:43:58.067847Z,bidirectional,-0.048,2.557,2.605,-0.048,TOU
research_20260521_500-0022,user-008,EVSE-002,2026-05-21T18:38:41.726804Z,2026-05-21T19:38:41.726804Z,discharge_only,-11.192,0.0,11.192,-11.192,TOU
research_20260521_500-0023,user-003,EVSE-001,2026-05-21T10:02:57.047005Z,2026-05-21T10:42:57.047005Z,bidirectional,0.245,2.433,2.188,0.245,TOU
research_20260521_500-0024,user-004,EVSE-033,2026-05-21T15:14:31.264838Z,2026-05-21T15:34:31.264838Z,charge_only,7.517,7.517,0.0,7.517,TOU
research_20260521_500-0025,user-007,EVSE-011,2026-05-21T07:15:01.193014Z,2026-05-21T08:30:01.193014Z,bidirectional,0.817,4.91,4.093,0.817,TOU
research_20260521_500-0026,user-010,EVSE-030,2026-05-21T15:56:19.734733Z,2026-05-21T16:26:19.734733Z,discharge_only,-11.153,0.0,11.153,-11.153,TOU
research_20260521_500-0027,user-004,EVSE-008,2026-05-21T06:44:34.912901Z,2026-05-21T07:44:34.912901Z,discharge_only,-11.039,0.0,11.039,-11.039,TOU
research_20260521_500-0028,user-009,EVSE-005,2026-05-21T00:16:26.092055Z,2026-05-21T01:31:26.092055Z,charge_only,13.549,13.549,0.0,13.549,TOU
research_20260521_500-0029,user-006,EVSE-001,2026-05-21T16:18:37.093289Z,2026-05-21T17:33:37.093289Z,bidirectional,3.691,6.217,2.526,3.691,TOU
research_20260521_500-0030,user-007,EVSE-040,2026-05-21T03:30:02.097071Z,2026-05-21T04:30:02.097071Z,charge_only,21.809,21.809,0.0,21.809,TOU
research_20260521_500-0031,user-010,EVSE-014,2026-05-21T10:26:16.532667Z,2026-05-21T10:46:16.532667Z,charge_only,2.568,2.568,0.0,2.568,TOU
research_20260521_500-0032,user-007,EVSE-016,2026-05-21T17:18:18.628409Z,2026-05-21T18:18:18.628409Z,charge_only,11.264,11.264,0.0,11.264,TOU
research_20260521_500-0033,user-010,EVSE-013,2026-05-21T01:14:13.793280Z,2026-05-21T02:14:13.793280Z,bidirectional,9.654,14.861,5.207,9.654,TOU
research_20260521_500-0034,user-004,EVSE-027,2026-05-21T21:32:15.727209Z,2026-05-21T22:12:15.727209Z,charge_only,15.024,15.024,0.0,15.024,TOU
research_20260521_500-0035,user-006,EVSE-016,2026-05-21T08:43:45.446833Z,2026-05-21T09:43:45.446833Z,bidirectional,14.902,18.497,3.595,14.902,TOU
research_20260521_500-0036,user-007,EVSE-042,2026-05-21T15:54:35.332041Z,2026-05-21T16:54:35.332041Z,bidirectional,6.964,8.847,1.883,6.964,TOU
research_20260521_500-0037,user-001,EVSE-022,2026-05-21T21:45:00.190512Z,2026-05-21T22:15:00.190512Z,charge_only,5.412,5.412,0.0,5.412,TOU
research_20260521_500-0038,user-005,EVSE-031,2026-05-21T17:56:58.722376Z,2026-05-21T18:16:58.722376Z,bidirectional,3.361,5.245,1.884,3.361,TOU
research_20260521_500-0039,user-009,EVSE-004,2026-05-21T09:39:37.280020Z,2026-05-21T09:59:37.280020Z,bidirectional,-0.033,1.226,1.259,-0.033,TOU
research_20260521_500-0040,user-003,EVSE-010,2026-05-21T08:40:28.061799Z,2026-05-21T09:40:28.061799Z,charge_only,7.14,7.14,0.0,7.14,TOU
research_20260521_500-0041,user-002,EVSE-029,2026-05-21T00:07:45.474198Z,2026-05-21T00:27:45.474198Z,charge_only,7.132,7.132,0.0,7.132,TOU
research_20260521_500-0042,user-010,EVSE-005,2026-05-21T00:13:21.299096Z,2026-05-21T00:53:21.299096Z,charge_only,14.805,14.805,0.0,14.805,TOU
research_20260521_500-0043,user-010,EVSE-038,2026-05-21T12:42:19.561814Z,2026-05-21T13:02:19.561814Z,bidirectional,0.136,1.345,1.209,0.136,TOU
research_20260521_500-0044,user-007,EVSE-008,2026-05-21T21:13:43.327467Z,2026-05-21T21:43:43.327467Z,bidirectional,3.91,7.517,3.607,3.91,TOU
research_20260521_500-0045,user-007,EVSE-042,2026-05-21T01:21:32.772800Z,2026-05-21T02:36:32.772800Z,charge_only,27.548,27.548,0.0,27.548,TOU
research_20260521_500-0046,user-010,EVSE-008,2026-05-21T13:31:19.537117Z,2026-05-21T14:31:19.537117Z,charge_only,7.084,7.084,0.0,7.084,TOU
research_20260521_500-0047,user-009,EVSE-032,2026-05-21T04:11:06.289638Z,2026-05-21T04:31:06.289638Z,charge_only,7.108,7.108,0.0,7.108,TOU
research_20260521_500-0048,user-004,EVSE-036,2026-05-21T17:34:26.341013Z,2026-05-21T18:04:26.341013Z,discharge_only,-5.532,0.0,5.532,-5.532,TOU
research_20260521_500-0049,user-004,EVSE-046,2026-05-21T00:10:08.983156Z,2026-05-21T00:30:08.983156Z,charge_only,3.716,3.716,0.0,3.716,TOU
research_20260521_500-0050,user-008,EVSE-032,2026-05-21T18:08:01.649715Z,2026-05-21T19:23:01.649715Z,discharge_only,-8.67,0.0,8.67,-8.67,TOU
research_20260521_500-0051,user-008,EVSE-009,2026-05-21T15:42:01.291438Z,2026-05-21T16:57:01.291438Z,discharge_only,-27.453,0.0,27.453,-27.453,TOU
research_20260521_500-0052,user-002,EVSE-035,2026-05-21T03:00:09.951682Z,2026-05-21T04:00:09.951682Z,charge_only,7.328,7.328,0.0,7.328,TOU
research_20260521_500-0053,user-008,EVSE-007,2026-05-21T03:02:46.107297Z,2026-05-21T03:22:46.107297Z,bidirectional,0.308,3.683,3.375,0.308,TOU
research_20260521_500-0054,user-001,EVSE-012,2026-05-21T22:52:46.380306Z,2026-05-21T23:12:46.380306Z,discharge_only,-3.591,0.0,3.591,-3.591,TOU
research_20260521_500-0055,user-007,EVSE-019,2026-05-21T09:06:37.024158Z,2026-05-21T09:36:37.024158Z,charge_only,5.95,5.95,0.0,5.95,TOU
research_20260521_500-0056,user-008,EVSE-037,2026-05-21T01:17:51.641142Z,2026-05-21T02:32:51.641142Z,charge_only,13.517,13.517,0.0,13.517,TOU
research_20260521_500-0057,user-001,EVSE-029,2026-05-21T02:07:42.695199Z,2026-05-21T03:07:42.695199Z,charge_only,11.307,11.307,0.0,11.307,TOU
research_20260521_500-0058,user-003,EVSE-031,2026-05-21T21:49:12.476336Z,2026-05-21T22:29:12.476336Z,charge_only,6.836,6.836,0.0,6.836,TOU
research_20260521_500-0059,user-006,EVSE-007,2026-05-21T04:40:54.308665Z,2026-05-21T05:40:54.308665Z,bidirectional,4.861,6.0,1.139,4.861,TOU
research_20260521_500-0060,user-010,EVSE-035,2026-05-21T02:45:42.109373Z,2026-05-21T04:00:42.109373Z,charge_only,14.471,14.471,0.0,14.471,TOU
research_20260521_500-0061,user-003,EVSE-029,2026-05-21T02:44:00.249071Z,2026-05-21T03:04:00.249071Z,charge_only,3.552,3.552,0.0,3.552,TOU
research_20260521_500-0062,user-002,EVSE-041,2026-05-21T00:26:27.845137Z,2026-05-21T01:06:27.845137Z,charge_only,15.176,15.176,0.0,15.176,TOU
research_20260521_500-0063,user-006,EVSE-018,2026-05-21T18:08:15.647285Z,2026-05-21T18:38:15.647285Z,bidirectional,0.8,5.908,5.108,0.8,TOU
research_20260521_500-0064,user-003,EVSE-004,2026-05-21T11:01:05.384527Z,2026-05-21T11:31:05.384527Z,charge_only,3.485,3.485,0.0,3.485,TOU
research_20260521_500-0065,user-002,EVSE-026,2026-05-21T06:05:14.520237Z,2026-05-21T07:05:14.520237Z,charge_only,10.897,10.897,0.0,10.897,TOU
research_20260521_500-0066,user-008,EVSE-021,2026-05-21T22:13:10.402158Z,2026-05-21T22:33:10.402158Z,charge_only,3.725,3.725,0.0,3.725,TOU
research_20260521_500-0067,user-005,EVSE-031,2026-05-21T13:05:38.987921Z,2026-05-21T14:20:38.987921Z,bidirectional,9.82,11.552,1.732,9.82,TOU
research_20260521_500-0068,user-002,EVSE-047,2026-05-21T13:37:05.868797Z,2026-05-21T14:17:05.868797Z,charge_only,4.603,4.603,0.0,4.603,TOU
research_20260521_500-0069,user-005,EVSE-018,2026-05-21T15:32:37.769556Z,2026-05-21T16:47:37.769556Z,bidirectional,-2.465,11.969,14.434,-2.465,TOU
research_20260521_500-0070,user-006,EVSE-027,2026-05-21T15:33:31.576448Z,2026-05-21T16:03:31.576448Z,charge_only,3.557,3.557,0.0,3.557,TOU
research_20260521_500-0071,user-005,EVSE-043,2026-05-21T06:39:54.108387Z,2026-05-21T07:54:54.108387Z,bidirectional,22.619,24.665,2.046,22.619,TOU
research_20260521_500-0072,user-010,EVSE-009,2026-05-21T22:40:06.838784Z,2026-05-21T23:10:06.838784Z,charge_only,5.3,5.3,0.0,5.3,TOU
research_20260521_500-0073,user-009,EVSE-019,2026-05-21T10:34:26.283753Z,2026-05-21T11:14:26.283753Z,discharge_only,-4.727,0.0,4.727,-4.727,TOU
research_20260521_500-0074,user-006,EVSE-047,2026-05-21T19:51:30.157198Z,2026-05-21T21:06:30.157198Z,charge_only,13.979,13.979,0.0,13.979,TOU
research_20260521_500-0075,user-003,EVSE-049,2026-05-21T18:18:46.371451Z,2026-05-21T18:48:46.371451Z,bidirectional,0.23,2.808,2.578,0.23,TOU
research_20260521_500-0076,user-010,EVSE-006,2026-05-21T08:33:05.505830Z,2026-05-21T09:48:05.505830Z,charge_only,14.524,14.524,0.0,14.524,TOU
research_20260521_500-0077,user-008,EVSE-004,2026-05-21T10:03:19.539200Z,2026-05-21T10:23:19.539200Z,charge_only,3.436,3.436,0.0,3.436,TOU
research_20260521_500-0078,user-006,EVSE-040,2026-05-21T00:24:21.885794Z,2026-05-21T00:44:21.885794Z,charge_only,7.893,7.893,0.0,7.893,TOU
research_20260521_500-0079,user-005,EVSE-039,2026-05-21T14:41:07.209257Z,2026-05-21T15:21:07.209257Z,charge_only,14.074,14.074,0.0,14.074,TOU
research_20260521_500-0080,user-010,EVSE-043,2026-05-21T08:03:23.914041Z,2026-05-21T08:43:23.914041Z,charge_only,6.849,6.849,0.0,6.849,TOU
research_20260521_500-0081,user-009,EVSE-034,2026-05-21T21:44:25.663818Z,2026-05-21T22:44:25.663818Z,discharge_only,-22.208,0.0,22.208,-22.208,TOU
research_20260521_500-0082,user-010,EVSE-031,2026-05-21T20:50:17.362820Z,2026-05-21T21:50:17.362820Z,bidirectional,0.04,3.485,3.445,0.04,TOU
research_20260521_500-0083,user-010,EVSE-008,2026-05-21T00:21:24.401839Z,2026-05-21T01:21:24.401839Z,charge_only,10.732,10.732,0.0,10.732,TOU
research_20260521_500-0084,user-005,EVSE-003,2026-05-21T13:11:58.819360Z,2026-05-21T14:26:58.819360Z,charge_only,9.311,9.311,0.0,9.311,TOU
research_20260521_500-0085,user-003,EVSE-040,2026-05-21T05:46:16.124228Z,2026-05-21T06:46:16.124228Z,charge_only,11.175,11.175,0.0,11.175,TOU
research_20260521_500-0086,user-008,EVSE-016,2026-05-21T09:39:41.746700Z,2026-05-21T09:59:41.746700Z,charge_only,7.473,7.473,0.0,7.473,TOU
research_20260521_500-0087,user-002,EVSE-048,2026-05-21T11:25:10.934217Z,2026-05-21T12:05:10.934217Z,charge_only,4.648,4.648,0.0,4.648,TOU
research_20260521_500-0088,user-006,EVSE-012,2026-05-21T18:11:46.720133Z,2026-05-21T18:31:46.720133Z,charge_only,7.148,7.148,0.0,7.148,TOU
research_20260521_500-0089,user-008,EVSE-020,2026-05-21T08:49:18.022754Z,2026-05-21T09:19:18.022754Z,charge_only,3.751,3.751,0.0,3.751,TOU
research_20260521_500-0090,user-009,EVSE-026,2026-05-21T12:37:18.260073Z,2026-05-21T12:57:18.260073Z,bidirectional,-0.003,3.668,3.671,-0.003,TOU
research_20260521_500-0091,user-007,EVSE-012,2026-05-21T15:50:47.235306Z,2026-05-21T16:20:47.235306Z,charge_only,5.52,5.52,0.0,5.52,TOU
research_20260521_500-0092,user-002,EVSE-041,2026-05-21T16:06:47.720178Z,2026-05-21T16:46:47.720178Z,discharge_only,-6.951,0.0,6.951,-6.951,TOU
research_20260521_500-0093,user-002,EVSE-010,2026-05-21T07:52:29.712000Z,2026-05-21T08:52:29.712000Z,charge_only,10.954,10.954,0.0,10.954,TOU
research_20260521_500-0094,user-006,EVSE-012,2026-05-21T13:19:43.645415Z,2026-05-21T13:39:43.645415Z,bidirectional,-0.052,3.693,3.745,-0.052,TOU
research_20260521_500-0095,user-009,EVSE-029,2026-05-21T21:09:25.449990Z,2026-05-21T21:49:25.449990Z,discharge_only,-15.014,0.0,15.014,-15.014,TOU
research_20260521_500-0096,user-006,EVSE-041,2026-05-21T07:57:18.642102Z,2026-05-21T08:17:18.642102Z,charge_only,7.402,7.402,0.0,7.402,TOU
research_20260521_500-0097,user-004,EVSE-005,2026-05-21T21:04:14.283881Z,2026-05-21T21:34:14.283881Z,bidirectional,1.397,2.413,1.016,1.397,TOU
research_20260521_500-0098,user-008,EVSE-010,2026-05-21T11:21:59.895423Z,2026-05-21T12:21:59.895423Z,bidirectional,12.288,17.4,5.112,12.288,TOU
research_20260521_500-0099,user-004,EVSE-037,2026-05-21T15:40:43.605686Z,2026-05-21T16:55:43.605686Z,charge_only,13.43,13.43,0.0,13.43,TOU
research_20260521_500-0100,user-002,EVSE-039,2026-05-21T22:53:32.100196Z,2026-05-22T00:08:32.100196Z,charge_only,13.486,13.486,0.0,13.486,TOU
research_20260521_500-0101,user-006,EVSE-040,2026-05-21T06:21:45.141185Z,2026-05-21T07:01:45.141185Z,bidirectional,1.584,4.391,2.807,1.584,TOU
research_20260521_500-0102,user-003,EVSE-042,2026-05-21T04:27:35.514068Z,2026-05-21T05:42:35.514068Z,discharge_only,-27.141,0.0,27.141,-27.141,TOU
research_20260521_500-0103,user-001,EVSE-044,2026-05-21T03:39:04.307630Z,2026-05-21T04:39:04.307630Z,charge_only,7.046,7.046,0.0,7.046,TOU
research_20260521_500-0104,user-002,EVSE-030,2026-05-21T14:31:46.719220Z,2026-05-21T15:11:46.719220Z,charge_only,14.521,14.521,0.0,14.521,TOU
research_20260521_500-0105,user-003,EVSE-050,2026-05-21T16:06:43.750764Z,2026-05-21T17:21:43.750764Z,bidirectional,4.614,9.056,4.442,4.614,TOU
research_20260521_500-0106,user-001,EVSE-008,2026-05-21T09:58:43.588863Z,2026-05-21T10:28:43.588863Z,charge_only,11.404,11.404,0.0,11.404,TOU
research_20260521_500-0107,user-007,EVSE-036,2026-05-21T20:20:56.339298Z,2026-05-21T20:50:56.339298Z,charge_only,5.333,5.333,0.0,5.333,TOU
research_20260521_500-0108,user-009,EVSE-040,2026-05-21T14:56:22.339338Z,2026-05-21T15:26:22.339338Z,charge_only,5.206,5.206,0.0,5.206,TOU
research_20260521_500-0109,user-005,EVSE-047,2026-05-21T10:35:21.313370Z,2026-05-21T11:05:21.313370Z,charge_only,4.92,4.92,0.0,4.92,TOU
research_20260521_500-0110,user-009,EVSE-009,2026-05-21T14:52:14.422384Z,2026-05-21T15:52:14.422384Z,charge_only,11.379,11.379,0.0,11.379,TOU
research_20260521_500-0111,user-004,EVSE-021,2026-05-21T18:09:51.625481Z,2026-05-21T19:24:51.625481Z,charge_only,8.987,8.987,0.0,8.987,TOU
research_20260521_500-0112,user-002,EVSE-003,2026-05-21T08:19:41.389692Z,2026-05-21T08:49:41.389692Z,charge_only,10.926,10.926,0.0,10.926,TOU
research_20260521_500-0113,user-008,EVSE-008,2026-05-21T19:30:42.675002Z,2026-05-21T20:10:42.675002Z,bidirectional,3.819,4.352,0.533,3.819,TOU
research_20260521_500-0114,user-005,EVSE-041,2026-05-21T06:44:13.117813Z,2026-05-21T07:04:13.117813Z,discharge_only,-7.844,0.0,7.844,-7.844,TOU
research_20260521_500-0115,user-009,EVSE-008,2026-05-21T16:06:47.136685Z,2026-05-21T17:06:47.136685Z,bidirectional,13.706,17.917,4.211,13.706,TOU
research_20260521_500-0116,user-009,EVSE-031,2026-05-21T01:49:43.640395Z,2026-05-21T02:29:43.640395Z,bidirectional,3.006,8.652,5.646,3.006,TOU
research_20260521_500-0117,user-004,EVSE-004,2026-05-21T05:41:55.328834Z,2026-05-21T06:56:55.328834Z,charge_only,9.065,9.065,0.0,9.065,TOU
research_20260521_500-0118,user-008,EVSE-012,2026-05-21T10:26:58.073607Z,2026-05-21T11:41:58.073607Z,charge_only,13.636,13.636,0.0,13.636,TOU
research_20260521_500-0119,user-007,EVSE-001,2026-05-21T14:59:46.576457Z,2026-05-21T15:59:46.576457Z,charge_only,10.489,10.489,0.0,10.489,TOU
research_20260521_500-0120,user-008,EVSE-046,2026-05-21T07:49:09.612288Z,2026-05-21T09:04:09.612288Z,charge_only,14.166,14.166,0.0,14.166,TOU
research_20260521_500-0121,user-001,EVSE-044,2026-05-21T14:19:44.273690Z,2026-05-21T14:49:44.273690Z,bidirectional,7.276,8.958,1.682,7.276,TOU
research_20260521_500-0122,user-003,EVSE-020,2026-05-21T00:19:35.903553Z,2026-05-21T01:34:35.903553Z,discharge_only,-9.04,0.0,9.04,-9.04,TOU
research_20260521_500-0123,user-008,EVSE-025,2026-05-21T18:12:00.348469Z,2026-05-21T18:42:00.348469Z,charge_only,5.724,5.724,0.0,5.724,TOU
research_20260521_500-0124,user-002,EVSE-043,2026-05-21T01:50:59.664570Z,2026-05-21T02:30:59.664570Z,charge_only,4.771,4.771,0.0,4.771,TOU
research_20260521_500-0125,user-006,EVSE-016,2026-05-21T16:42:24.554585Z,2026-05-21T17:02:24.554585Z,charge_only,2.49,2.49,0.0,2.49,TOU
research_20260521_500-0126,user-007,EVSE-017,2026-05-21T02:01:13.073891Z,2026-05-21T03:16:13.073891Z,charge_only,13.86,13.86,0.0,13.86,TOU
research_20260521_500-0127,user-007,EVSE-042,2026-05-21T16:53:55.386359Z,2026-05-21T17:23:55.386359Z,bidirectional,0.093,2.761,2.668,0.093,TOU
research_20260521_500-0128,user-006,EVSE-040,2026-05-21T19:55:15.442582Z,2026-05-21T21:10:15.442582Z,bidirectional,11.702,12.563,0.861,11.702,TOU
research_20260521_500-0129,user-001,EVSE-037,2026-05-21T23:49:28.692356Z,2026-05-22T01:04:28.692356Z,bidirectional,4.61,9.073,4.463,4.61,TOU
research_20260521_500-0130,user-005,EVSE-031,2026-05-21T07:33:58.803559Z,2026-05-21T07:53:58.803559Z,charge_only,7.255,7.255,0.0,7.255,TOU
research_20260521_500-0131,user-003,EVSE-035,2026-05-21T21:59:55.919015Z,2026-05-21T22:59:55.919015Z,charge_only,22.393,22.393,0.0,22.393,TOU
research_20260521_500-0132,user-006,EVSE-035,2026-05-21T23:36:27.140575Z,2026-05-22T00:06:27.140575Z,bidirectional,0.403,5.757,5.354,0.403,TOU
research_20260521_500-0133,user-003,EVSE-039,2026-05-21T05:00:40.965436Z,2026-05-21T05:20:40.965436Z,charge_only,7.139,7.139,0.0,7.139,TOU
research_20260521_500-0134,user-007,EVSE-050,2026-05-21T00:43:45.266450Z,2026-05-21T01:23:45.266450Z,charge_only,4.809,4.809,0.0,4.809,TOU
research_20260521_500-0135,user-002,EVSE-024,2026-05-21T22:00:51.915964Z,2026-05-21T22:30:51.915964Z,charge_only,5.342,5.342,0.0,5.342,TOU
research_20260521_500-0136,user-002,EVSE-016,2026-05-21T19:29:09.349903Z,2026-05-21T20:29:09.349903Z,charge_only,22.083,22.083,0.0,22.083,TOU
research_20260521_500-0137,user-007,EVSE-040,2026-05-21T19:54:55.049211Z,2026-05-21T20:34:55.049211Z,bidirectional,3.921,5.675,1.754,3.921,TOU
research_20260521_500-0138,user-005,EVSE-026,2026-05-21T23:49:15.299282Z,2026-05-22T00:49:15.299282Z,charge_only,10.41,10.41,0.0,10.41,TOU
research_20260521_500-0139,user-008,EVSE-044,2026-05-21T00:45:25.269414Z,2026-05-21T01:15:25.269414Z,discharge_only,-5.531,0.0,5.531,-5.531,TOU
research_20260521_500-0140,user-008,EVSE-020,2026-05-21T01:21:06.967308Z,2026-05-21T01:51:06.967308Z,charge_only,5.361,5.361,0.0,5.361,TOU
research_20260521_500-0141,user-007,EVSE-045,2026-05-21T05:02:43.767658Z,2026-05-21T05:22:43.767658Z,charge_only,3.336,3.336,0.0,3.336,TOU
research_20260521_500-0142,user-006,EVSE-033,2026-05-21T07:08:38.797598Z,2026-05-21T08:23:38.797598Z,charge_only,28.076,28.076,0.0,28.076,TOU
research_20260521_500-0143,user-010,EVSE-047,2026-05-21T18:40:42.857994Z,2026-05-21T19:20:42.857994Z,charge_only,7.54,7.54,0.0,7.54,TOU
research_20260521_500-0144,user-008,EVSE-030,2026-05-21T05:09:39.072214Z,2026-05-21T06:24:39.072214Z,discharge_only,-14.335,0.0,14.335,-14.335,TOU
research_20260521_500-0145,user-003,EVSE-008,2026-05-21T19:30:36.169655Z,2026-05-21T20:30:36.169655Z,bidirectional,1.886,6.447,4.561,1.886,TOU
research_20260521_500-0146,user-009,EVSE-038,2026-05-21T00:48:04.823044Z,2026-05-21T01:28:04.823044Z,discharge_only,-15.284,0.0,15.284,-15.284,TOU
research_20260521_500-0147,user-002,EVSE-028,2026-05-21T18:15:27.316436Z,2026-05-21T18:35:27.316436Z,discharge_only,-2.292,0.0,2.292,-2.292,TOU
research_20260521_500-0148,user-003,EVSE-011,2026-05-21T10:39:55.553448Z,2026-05-21T11:39:55.553448Z,bidirectional,5.654,8.14,2.486,5.654,TOU
research_20260521_500-0149,user-004,EVSE-024,2026-05-21T16:58:23.431814Z,2026-05-21T17:38:23.431814Z,charge_only,4.762,4.762,0.0,4.762,TOU
research_20260521_500-0150,user-008,EVSE-045,2026-05-21T10:52:15.077064Z,2026-05-21T11:52:15.077064Z,charge_only,7.659,7.659,0.0,7.659,TOU
research_20260521_500-0151,user-007,EVSE-019,2026-05-21T19:59:59.188232Z,2026-05-21T20:29:59.188232Z,charge_only,3.635,3.635,0.0,3.635,TOU
research_20260521_500-0152,user-009,EVSE-009,2026-05-21T00:19:53.810685Z,2026-05-21T00:39:53.810685Z,charge_only,2.565,2.565,0.0,2.565,TOU
research_20260521_500-0153,user-003,EVSE-050,2026-05-21T06:54:35.485060Z,2026-05-21T07:24:35.485060Z,discharge_only,-11.386,0.0,11.386,-11.386,TOU
research_20260521_500-0154,user-005,EVSE-005,2026-05-21T07:18:37.607601Z,2026-05-21T07:58:37.607601Z,charge_only,7.129,7.129,0.0,7.129,TOU
research_20260521_500-0155,user-007,EVSE-011,2026-05-21T04:11:13.163244Z,2026-05-21T05:11:13.163244Z,discharge_only,-11.063,0.0,11.063,-11.063,TOU
research_20260521_500-0156,user-007,EVSE-042,2026-05-21T19:07:39.706967Z,2026-05-21T19:37:39.706967Z,discharge_only,-11.517,0.0,11.517,-11.517,TOU
research_20260521_500-0157,user-005,EVSE-001,2026-05-21T06:33:34.605396Z,2026-05-21T07:03:34.605396Z,charge_only,5.541,5.541,0.0,5.541,TOU
research_20260521_500-0158,user-002,EVSE-001,2026-05-21T00:16:03.415822Z,2026-05-21T01:16:03.415822Z,bidirectional,19.256,21.217,1.961,19.256,TOU
research_20260521_500-0159,user-006,EVSE-023,2026-05-21T06:38:41.872922Z,2026-05-21T07:08:41.872922Z,charge_only,5.667,5.667,0.0,5.667,TOU
research_20260521_500-0160,user-003,EVSE-043,2026-05-21T18:02:11.257203Z,2026-05-21T18:22:11.257203Z,charge_only,2.37,2.37,0.0,2.37,TOU
research_20260521_500-0161,user-010,EVSE-037,2026-05-21T11:45:17.250288Z,2026-05-21T12:45:17.250288Z,charge_only,11.284,11.284,0.0,11.284,TOU
research_20260521_500-0162,user-003,EVSE-026,2026-05-21T05:40:40.478966Z,2026-05-21T06:00:40.478966Z,charge_only,2.629,2.629,0.0,2.629,TOU
research_20260521_500-0163,user-009,EVSE-042,2026-05-21T05:34:21.695942Z,2026-05-21T06:34:21.695942Z,discharge_only,-22.35,0.0,22.35,-22.35,TOU
research_20260521_500-0164,user-004,EVSE-009,2026-05-21T22:35:36.926436Z,2026-05-21T22:55:36.926436Z,bidirectional,1.659,2.508,0.849,1.659,TOU
research_20260521_500-0165,user-006,EVSE-017,2026-05-21T11:25:52.336660Z,2026-05-21T12:05:52.336660Z,discharge_only,-4.599,0.0,4.599,-4.599,TOU
research_20260521_500-0166,user-002,EVSE-003,2026-05-21T12:04:32.850044Z,2026-05-21T13:19:32.850044Z,bidirectional,8.51,11.654,3.144,8.51,TOU
research_20260521_500-0167,user-007,EVSE-015,2026-05-21T18:35:41.876886Z,2026-05-21T19:05:41.876886Z,charge_only,5.48,5.48,0.0,5.48,TOU
research_20260521_500-0168,user-007,EVSE-047,2026-05-21T22:19:44.755776Z,2026-05-21T23:19:44.755776Z,charge_only,11.172,11.172,0.0,11.172,TOU
research_20260521_500-0169,user-004,EVSE-006,2026-05-21T20:22:11.065045Z,2026-05-21T21:22:11.065045Z,bidirectional,3.554,5.292,1.738,3.554,TOU
research_20260521_500-0170,user-009,EVSE-016,2026-05-21T14:04:11.892178Z,2026-05-21T14:44:11.892178Z,charge_only,7.666,7.666,0.0,7.666,TOU
research_20260521_500-0171,user-007,EVSE-008,2026-05-21T07:09:57.307614Z,2026-05-21T07:49:57.307614Z,charge_only,7.806,7.806,0.0,7.806,TOU
research_20260521_500-0172,user-004,EVSE-020,2026-05-21T13:08:14.364554Z,2026-05-21T14:08:14.364554Z,charge_only,10.922,10.922,0.0,10.922,TOU
research_20260521_500-0173,user-001,EVSE-038,2026-05-21T01:07:58.853170Z,2026-05-21T02:07:58.853170Z,charge_only,22.147,22.147,0.0,22.147,TOU
research_20260521_500-0174,user-002,EVSE-022,2026-05-21T23:27:36.464211Z,2026-05-21T23:47:36.464211Z,charge_only,2.411,2.411,0.0,2.411,TOU
research_20260521_500-0175,user-001,EVSE-009,2026-05-21T19:57:05.732366Z,2026-05-21T21:12:05.732366Z,charge_only,14.155,14.155,0.0,14.155,TOU
research_20260521_500-0176,user-009,EVSE-034,2026-05-21T18:00:13.633956Z,2026-05-21T19:15:13.633956Z,charge_only,9.187,9.187,0.0,9.187,TOU
research_20260521_500-0177,user-004,EVSE-015,2026-05-21T00:36:28.139946Z,2026-05-21T00:56:28.139946Z,charge_only,2.506,2.506,0.0,2.506,TOU
research_20260521_500-0178,user-007,EVSE-013,2026-05-21T15:28:04.879574Z,2026-05-21T15:58:04.879574Z,bidirectional,1.287,2.304,1.017,1.287,TOU
research_20260521_500-0179,user-008,EVSE-022,2026-05-21T10:58:20.434429Z,2026-05-21T11:28:20.434429Z,bidirectional,3.358,4.264,0.906,3.358,TOU
research_20260521_500-0180,user-006,EVSE-043,2026-05-21T22:33:14.364810Z,2026-05-21T23:03:14.364810Z,charge_only,11.307,11.307,0.0,11.307,TOU
research_20260521_500-0181,user-005,EVSE-040,2026-05-21T16:14:27.083142Z,2026-05-21T16:44:27.083142Z,charge_only,10.734,10.734,0.0,10.734,TOU
research_20260521_500-0182,user-010,EVSE-041,2026-05-21T04:26:11.153971Z,2026-05-21T05:26:11.153971Z,charge_only,10.876,10.876,0.0,10.876,TOU
research_20260521_500-0183,user-003,EVSE-043,2026-05-21T16:02:07.047979Z,2026-05-21T16:22:07.047979Z,discharge_only,-2.524,0.0,2.524,-2.524,TOU
research_20260521_500-0184,user-008,EVSE-011,2026-05-21T23:42:35.418406Z,2026-05-22T00:12:35.418406Z,charge_only,3.567,3.567,0.0,3.567,TOU
research_20260521_500-0185,user-007,EVSE-011,2026-05-21T15:33:13.626973Z,2026-05-21T16:33:13.626973Z,charge_only,7.109,7.109,0.0,7.109,TOU
research_20260521_500-0186,user-002,EVSE-032,2026-05-21T15:52:21.069521Z,2026-05-21T17:07:21.069521Z,charge_only,13.236,13.236,0.0,13.236,TOU
research_20260521_500-0187,user-007,EVSE-017,2026-05-21T21:52:48.909756Z,2026-05-21T23:07:48.909756Z,bidirectional,12.368,13.438,1.07,12.368,TOU
research_20260521_500-0188,user-005,EVSE-025,2026-05-21T10:26:29.094804Z,2026-05-21T10:56:29.094804Z,charge_only,10.313,10.313,0.0,10.313,TOU
research_20260521_500-0189,user-009,EVSE-011,2026-05-21T07:29:37.330642Z,2026-05-21T08:29:37.330642Z,charge_only,21.195,21.195,0.0,21.195,TOU
research_20260521_500-0190,user-003,EVSE-047,2026-05-21T22:57:32.802185Z,2026-05-21T23:17:32.802185Z,discharge_only,-7.536,0.0,7.536,-7.536,TOU
research_20260521_500-0191,user-007,EVSE-023,2026-05-21T10:37:50.132777Z,2026-05-21T11:52:50.132777Z,charge_only,13.665,13.665,0.0,13.665,TOU
research_20260521_500-0192,user-008,EVSE-020,2026-05-21T10:15:17.192081Z,2026-05-21T11:15:17.192081Z,bidirectional,2.242,4.633,2.391,2.242,TOU
research_20260521_500-0193,user-002,EVSE-029,2026-05-21T00:38:36.290072Z,2026-05-21T01:08:36.290072Z,discharge_only,-3.608,0.0,3.608,-3.608,TOU
research_20260521_500-0194,user-008,EVSE-013,2026-05-21T05:45:19.779292Z,2026-05-21T06:25:19.779292Z,charge_only,4.835,4.835,0.0,4.835,TOU
research_20260521_500-0195,user-008,EVSE-038,2026-05-21T22:46:11.678062Z,2026-05-21T23:26:11.678062Z,bidirectional,3.866,9.259,5.393,3.866,TOU
research_20260521_500-0196,user-005,EVSE-015,2026-05-21T06:00:29.757981Z,2026-05-21T06:20:29.757981Z,bidirectional,1.651,2.734,1.083,1.651,TOU
research_20260521_500-0197,user-007,EVSE-020,2026-05-21T11:39:52.501403Z,2026-05-21T11:59:52.501403Z,charge_only,3.626,3.626,0.0,3.626,TOU
research_20260521_500-0198,user-005,EVSE-044,2026-05-21T13:48:43.092423Z,2026-05-21T14:48:43.092423Z,charge_only,11.075,11.075,0.0,11.075,TOU
research_20260521_500-0199,user-005,EVSE-026,2026-05-21T08:36:32.613979Z,2026-05-21T09:16:32.613979Z,charge_only,7.661,7.661,0.0,7.661,TOU
research_20260521_500-0200,user-001,EVSE-041,2026-05-21T08:15:13.390712Z,2026-05-21T08:55:13.390712Z,charge_only,6.683,6.683,0.0,6.683,TOU
research_20260521_500-0201,user-006,EVSE-012,2026-05-21T11:48:27.996476Z,2026-05-21T12:18:27.996476Z,charge_only,11.151,11.151,0.0,11.151,TOU
research_20260521_500-0202,user-002,EVSE-004,2026-05-21T18:38:57.296605Z,2026-05-21T19:08:57.296605Z,charge_only,10.475,10.475,0.0,10.475,TOU
research_20260521_500-0203,user-010,EVSE-037,2026-05-21T22:16:26.960288Z,2026-05-21T22:46:26.960288Z,bidirectional,0.261,5.612,5.351,0.261,TOU
research_20260521_500-0204,user-003,EVSE-011,2026-05-21T16:23:24.469259Z,2026-05-21T16:53:24.469259Z,charge_only,3.521,3.521,0.0,3.521,TOU
research_20260521_500-0205,user-002,EVSE-015,2026-05-21T20:52:39.325266Z,2026-05-21T21:52:39.325266Z,discharge_only,-22.245,0.0,22.245,-22.245,TOU
research_20260521_500-0206,user-003,EVSE-026,2026-05-21T21:31:06.009503Z,2026-05-21T22:46:06.009503Z,discharge_only,-28.441,0.0,28.441,-28.441,TOU
research_20260521_500-0207,user-003,EVSE-041,2026-05-21T18:54:53.164200Z,2026-05-21T19:14:53.164200Z,charge_only,7.617,7.617,0.0,7.617,TOU
research_20260521_500-0208,user-001,EVSE-031,2026-05-21T09:43:44.960536Z,2026-05-21T10:03:44.960536Z,bidirectional,3.549,5.312,1.763,3.549,TOU
research_20260521_500-0209,user-001,EVSE-033,2026-05-21T16:45:23.538309Z,2026-05-21T17:05:23.538309Z,charge_only,6.78,6.78,0.0,6.78,TOU
research_20260521_500-0210,user-002,EVSE-006,2026-05-21T05:08:56.730283Z,2026-05-21T06:08:56.730283Z,charge_only,6.899,6.899,0.0,6.899,TOU
research_20260521_500-0211,user-008,EVSE-004,2026-05-21T20:24:13.915834Z,2026-05-21T20:44:13.915834Z,bidirectional,3.823,5.497,1.674,3.823,TOU
research_20260521_500-0212,user-001,EVSE-029,2026-05-21T03:31:45.713552Z,2026-05-21T04:11:45.713552Z,discharge_only,-14.705,0.0,14.705,-14.705,TOU
research_20260521_500-0213,user-002,EVSE-004,2026-05-21T15:02:25.445957Z,2026-05-21T15:42:25.445957Z,bidirectional,0.341,2.575,2.234,0.341,TOU
research_20260521_500-0214,user-002,EVSE-044,2026-05-21T13:59:55.205283Z,2026-05-21T15:14:55.205283Z,charge_only,14.209,14.209,0.0,14.209,TOU
research_20260521_500-0215,user-010,EVSE-036,2026-05-21T18:36:27.702970Z,2026-05-21T19:16:27.702970Z,charge_only,14.444,14.444,0.0,14.444,TOU
research_20260521_500-0216,user-001,EVSE-004,2026-05-21T08:32:30.350889Z,2026-05-21T09:02:30.350889Z,charge_only,11.471,11.471,0.0,11.471,TOU
research_20260521_500-0217,user-007,EVSE-042,2026-05-21T14:18:16.867765Z,2026-05-21T14:48:16.867765Z,charge_only,3.758,3.758,0.0,3.758,TOU
research_20260521_500-0218,user-001,EVSE-042,2026-05-21T10:36:43.880615Z,2026-05-21T10:56:43.880615Z,charge_only,2.571,2.571,0.0,2.571,TOU
research_20260521_500-0219,user-006,EVSE-043,2026-05-21T04:10:33.130411Z,2026-05-21T04:40:33.130411Z,discharge_only,-5.172,0.0,5.172,-5.172,TOU
research_20260521_500-0220,user-005,EVSE-030,2026-05-21T10:50:19.533742Z,2026-05-21T11:30:19.533742Z,bidirectional,7.869,11.434,3.565,7.869,TOU
research_20260521_500-0221,user-006,EVSE-031,2026-05-21T21:23:49.039434Z,2026-05-21T22:23:49.039434Z,charge_only,7.067,7.067,0.0,7.067,TOU
research_20260521_500-0222,user-003,EVSE-039,2026-05-21T07:22:46.949629Z,2026-05-21T07:52:46.949629Z,charge_only,11.151,11.151,0.0,11.151,TOU
research_20260521_500-0223,user-005,EVSE-036,2026-05-21T14:26:04.032306Z,2026-05-21T15:06:04.032306Z,charge_only,7.396,7.396,0.0,7.396,TOU
research_20260521_500-0224,user-010,EVSE-044,2026-05-21T06:50:17.176122Z,2026-05-21T07:30:17.176122Z,bidirectional,7.417,10.559,3.142,7.417,TOU
research_20260521_500-0225,user-005,EVSE-003,2026-05-21T02:55:25.966900Z,2026-05-21T03:55:25.966900Z,charge_only,7.092,7.092,0.0,7.092,TOU
research_20260521_500-0226,user-010,EVSE-040,2026-05-21T03:09:01.743716Z,2026-05-21T04:24:01.743716Z,charge_only,9.253,9.253,0.0,9.253,TOU
research_20260521_500-0227,user-008,EVSE-033,2026-05-21T04:03:49.427159Z,2026-05-21T04:43:49.427159Z,charge_only,14.857,14.857,0.0,14.857,TOU
research_20260521_500-0228,user-005,EVSE-004,2026-05-21T10:37:29.879181Z,2026-05-21T11:07:29.879181Z,charge_only,3.683,3.683,0.0,3.683,TOU
research_20260521_500-0229,user-005,EVSE-036,2026-05-21T12:12:36.398684Z,2026-05-21T13:27:36.398684Z,discharge_only,-28.118,0.0,28.118,-28.118,TOU
research_20260521_500-0230,user-001,EVSE-050,2026-05-21T21:13:48.023399Z,2026-05-21T21:53:48.023399Z,bidirectional,3.767,5.454,1.687,3.767,TOU
research_20260521_500-0231,user-008,EVSE-028,2026-05-21T12:18:00.073128Z,2026-05-21T12:58:00.073128Z,bidirectional,11.618,13.846,2.228,11.618,TOU
research_20260521_500-0232,user-007,EVSE-012,2026-05-21T08:27:57.115835Z,2026-05-21T08:47:57.115835Z,charge_only,7.371,7.371,0.0,7.371,TOU
research_20260521_500-0233,user-010,EVSE-038,2026-05-21T04:15:52.090870Z,2026-05-21T04:55:52.090870Z,discharge_only,-7.085,0.0,7.085,-7.085,TOU
research_20260521_500-0234,user-006,EVSE-026,2026-05-21T01:42:36.674386Z,2026-05-21T02:02:36.674386Z,charge_only,3.596,3.596,0.0,3.596,TOU
research_20260521_500-0235,user-003,EVSE-047,2026-05-21T11:10:48.385207Z,2026-05-21T11:40:48.385207Z,discharge_only,-10.546,0.0,10.546,-10.546,TOU
research_20260521_500-0236,user-001,EVSE-012,2026-05-21T10:41:55.510177Z,2026-05-21T11:56:55.510177Z,bidirectional,7.526,8.082,0.556,7.526,TOU
research_20260521_500-0237,user-001,EVSE-010,2026-05-21T03:33:00.100782Z,2026-05-21T04:48:00.100782Z,charge_only,13.721,13.721,0.0,13.721,TOU
research_20260521_500-0238,user-006,EVSE-022,2026-05-21T00:58:31.869145Z,2026-05-21T01:28:31.869145Z,discharge_only,-3.326,0.0,3.326,-3.326,TOU
research_20260521_500-0239,user-006,EVSE-038,2026-05-21T05:23:20.134524Z,2026-05-21T06:23:20.134524Z,bidirectional,0.247,11.144,10.897,0.247,TOU
research_20260521_500-0240,user-001,EVSE-011,2026-05-21T10:44:42.278527Z,2026-05-21T11:59:42.278527Z,charge_only,26.458,26.458,0.0,26.458,TOU
research_20260521_500-0241,user-003,EVSE-007,2026-05-21T19:41:01.856110Z,2026-05-21T20:56:01.856110Z,charge_only,27.913,27.913,0.0,27.913,TOU
research_20260521_500-0242,user-005,EVSE-034,2026-05-21T03:56:47.036199Z,2026-05-21T04:36:47.036199Z,charge_only,14.753,14.753,0.0,14.753,TOU
research_20260521_500-0243,user-006,EVSE-031,2026-05-21T12:17:55.160985Z,2026-05-21T13:17:55.160985Z,bidirectional,15.541,19.099,3.558,15.541,TOU
research_20260521_500-0244,user-007,EVSE-004,2026-05-21T23:26:40.662303Z,2026-05-21T23:46:40.662303Z,charge_only,2.525,2.525,0.0,2.525,TOU
research_20260521_500-0245,user-009,EVSE-033,2026-05-21T00:59:08.207728Z,2026-05-21T02:14:08.207728Z,charge_only,27.822,27.822,0.0,27.822,TOU
research_20260521_500-0246,user-006,EVSE-035,2026-05-21T01:50:48.791965Z,2026-05-21T03:05:48.791965Z,bidirectional,0.775,13.513,12.738,0.775,TOU
research_20260521_500-0247,user-007,EVSE-037,2026-05-21T11:27:15.378557Z,2026-05-21T12:07:15.378557Z,charge_only,4.653,4.653,0.0,4.653,TOU
research_20260521_500-0248,user-008,EVSE-001,2026-05-21T05:36:09.791873Z,2026-05-21T05:56:09.791873Z,charge_only,3.635,3.635,0.0,3.635,TOU
research_20260521_500-0249,user-001,EVSE-037,2026-05-21T14:58:57.418221Z,2026-05-21T15:28:57.418221Z,charge_only,10.86,10.86,0.0,10.86,TOU
research_20260521_500-0250,user-007,EVSE-045,2026-05-21T05:51:50.427787Z,2026-05-21T06:51:50.427787Z,charge_only,21.57,21.57,0.0,21.57,TOU
research_20260521_500-0251,user-009,EVSE-006,2026-05-21T14:22:11.537685Z,2026-05-21T15:02:11.537685Z,charge_only,13.904,13.904,0.0,13.904,TOU
research_20260521_500-0252,user-002,EVSE-039,2026-05-21T09:21:59.906392Z,2026-05-21T10:21:59.906392Z,charge_only,10.22,10.22,0.0,10.22,TOU
research_20260521_500-0253,user-010,EVSE-026,2026-05-21T19:54:56.678147Z,2026-05-21T20:14:56.678147Z,bidirectional,1.801,2.741,0.94,1.801,TOU
research_20260521_500-0254,user-002,EVSE-008,2026-05-21T01:55:23.070816Z,2026-05-21T03:10:23.070816Z,charge_only,13.771,13.771,0.0,13.771,TOU
research_20260521_500-0255,user-009,EVSE-023,2026-05-21T04:28:04.068994Z,2026-05-21T05:43:04.068994Z,charge_only,14.06,14.06,0.0,14.06,TOU
research_20260521_500-0256,user-005,EVSE-023,2026-05-21T18:01:30.542551Z,2026-05-21T18:21:30.542551Z,charge_only,3.824,3.824,0.0,3.824,TOU
research_20260521_500-0257,user-003,EVSE-023,2026-05-21T01:15:08.995377Z,2026-05-21T01:45:08.995377Z,charge_only,5.679,5.679,0.0,5.679,TOU
research_20260521_500-0258,user-002,EVSE-009,2026-05-21T07:45:49.832411Z,2026-05-21T08:45:49.832411Z,bidirectional,3.473,12.5,9.027,3.473,TOU
research_20260521_500-0259,user-008,EVSE-034,2026-05-21T01:25:53.857994Z,2026-05-21T01:45:53.857994Z,discharge_only,-7.385,0.0,7.385,-7.385,TOU
research_20260521_500-0260,user-001,EVSE-037,2026-05-21T07:48:17.495578Z,2026-05-21T08:48:17.495578Z,bidirectional,10.247,16.239,5.992,10.247,TOU
research_20260521_500-0261,user-004,EVSE-041,2026-05-21T04:26:33.926618Z,2026-05-21T05:06:33.926618Z,charge_only,4.734,4.734,0.0,4.734,TOU
research_20260521_500-0262,user-008,EVSE-039,2026-05-21T16:46:57.046662Z,2026-05-21T18:01:57.046662Z,bidirectional,20.89,24.608,3.718,20.89,TOU
research_20260521_500-0263,user-009,EVSE-041,2026-05-21T19:47:39.844593Z,2026-05-21T20:27:39.844593Z,discharge_only,-7.126,0.0,7.126,-7.126,TOU
research_20260521_500-0264,user-010,EVSE-018,2026-05-21T10:15:50.513617Z,2026-05-21T10:35:50.513617Z,bidirectional,1.211,1.856,0.645,1.211,TOU
research_20260521_500-0265,user-006,EVSE-017,2026-05-21T06:02:01.828932Z,2026-05-21T07:17:01.828932Z,discharge_only,-13.94,0.0,13.94,-13.94,TOU
research_20260521_500-0266,user-007,EVSE-031,2026-05-21T16:33:30.375533Z,2026-05-21T17:03:30.375533Z,bidirectional,0.0,5.919,5.919,0.0,TOU
research_20260521_500-0267,user-005,EVSE-035,2026-05-21T10:49:05.688286Z,2026-05-21T11:19:05.688286Z,charge_only,9.977,9.977,0.0,9.977,TOU
research_20260521_500-0268,user-009,EVSE-049,2026-05-21T18:31:56.102382Z,2026-05-21T18:51:56.102382Z,discharge_only,-3.813,0.0,3.813,-3.813,TOU
research_20260521_500-0269,user-008,EVSE-041,2026-05-21T11:08:27.456073Z,2026-05-21T12:08:27.456073Z,bidirectional,3.312,6.967,3.655,3.312,TOU
research_20260521_500-0270,user-010,EVSE-045,2026-05-21T04:36:05.525147Z,2026-05-21T05:16:05.525147Z,charge_only,7.295,7.295,0.0,7.295,TOU
research_20260521_500-0271,user-001,EVSE-010,2026-05-21T20:19:54.300038Z,2026-05-21T21:34:54.300038Z,bidirectional,6.598,7.796,1.198,6.598,TOU
research_20260521_500-0272,user-002,EVSE-029,2026-05-21T10:56:48.215473Z,2026-05-21T11:26:48.215473Z,charge_only,3.763,3.763,0.0,3.763,TOU
research_20260521_500-0273,user-004,EVSE-011,2026-05-21T12:55:23.887509Z,2026-05-21T13:15:23.887509Z,charge_only,7.87,7.87,0.0,7.87,TOU
research_20260521_500-0274,user-009,EVSE-018,2026-05-21T11:28:51.971748Z,2026-05-21T12:08:51.971748Z,charge_only,7.777,7.777,0.0,7.777,TOU
research_20260521_500-0275,user-004,EVSE-011,2026-05-21T23:46:08.460451Z,2026-05-22T00:06:08.460451Z,charge_only,7.13,7.13,0.0,7.13,TOU
research_20260521_500-0276,user-006,EVSE-021,2026-05-21T01:38:34.665018Z,2026-05-21T01:58:34.665018Z,discharge_only,-2.601,0.0,2.601,-2.601,TOU
research_20260521_500-0277,user-006,EVSE-039,2026-05-21T04:39:02.607463Z,2026-05-21T05:39:02.607463Z,bidirectional,0.472,11.178,10.706,0.472,TOU
research_20260521_500-0278,user-002,EVSE-025,2026-05-21T11:14:09.726019Z,2026-05-21T12:14:09.726019Z,charge_only,10.655,10.655,0.0,10.655,TOU
research_20260521_500-0279,user-009,EVSE-013,2026-05-21T20:17:03.037196Z,2026-05-21T20:57:03.037196Z,discharge_only,-7.397,0.0,7.397,-7.397,TOU
research_20260521_500-0280,user-007,EVSE-040,2026-05-21T08:11:35.603284Z,2026-05-21T09:26:35.603284Z,charge_only,27.927,27.927,0.0,27.927,TOU
research_20260521_500-0281,user-002,EVSE-034,2026-05-21T03:57:22.958555Z,2026-05-21T04:17:22.958555Z,charge_only,2.565,2.565,0.0,2.565,TOU
research_20260521_500-0282,user-003,EVSE-036,2026-05-21T10:34:52.211327Z,2026-05-21T11:49:52.211327Z,charge_only,13.153,13.153,0.0,13.153,TOU
research_20260521_500-0283,user-006,EVSE-009,2026-05-21T14:05:13.539600Z,2026-05-21T15:05:13.539600Z,discharge_only,-21.831,0.0,21.831,-21.831,TOU
research_20260521_500-0284,user-005,EVSE-010,2026-05-21T00:21:28.321653Z,2026-05-21T00:51:28.321653Z,bidirectional,0.449,2.987,2.538,0.449,TOU
research_20260521_500-0285,user-010,EVSE-039,2026-05-21T17:59:12.363332Z,2026-05-21T18:39:12.363332Z,bidirectional,-0.287,3.258,3.545,-0.287,TOU
research_20260521_500-0286,user-010,EVSE-015,2026-05-21T14:49:34.416053Z,2026-05-21T15:09:34.416053Z,discharge_only,-3.607,0.0,3.607,-3.607,TOU
research_20260521_500-0287,user-001,EVSE-019,2026-05-21T08:46:12.154298Z,2026-05-21T09:46:12.154298Z,discharge_only,-7.254,0.0,7.254,-7.254,TOU
research_20260521_500-0288,user-006,EVSE-006,2026-05-21T22:00:08.102268Z,2026-05-21T23:15:08.102268Z,bidirectional,1.753,14.983,13.23,1.753,TOU
research_20260521_500-0289,user-006,EVSE-015,2026-05-21T15:37:26.201168Z,2026-05-21T16:17:26.201168Z,charge_only,7.835,7.835,0.0,7.835,TOU
research_20260521_500-0290,user-002,EVSE-045,2026-05-21T21:17:11.081596Z,2026-05-21T21:37:11.081596Z,charge_only,2.473,2.473,0.0,2.473,TOU
research_20260521_500-0291,user-008,EVSE-045,2026-05-21T23:26:14.562851Z,2026-05-21T23:56:14.562851Z,charge_only,11.436,11.436,0.0,11.436,TOU
research_20260521_500-0292,user-009,EVSE-043,2026-05-21T22:56:23.154552Z,2026-05-21T23:26:23.154552Z,bidirectional,-0.169,1.711,1.88,-0.169,TOU
research_20260521_500-0293,user-005,EVSE-020,2026-05-21T03:09:55.737737Z,2026-05-21T04:09:55.737737Z,charge_only,7.214,7.214,0.0,7.214,TOU
research_20260521_500-0294,user-003,EVSE-002,2026-05-21T23:32:32.639728Z,2026-05-22T00:12:32.639728Z,charge_only,7.354,7.354,0.0,7.354,TOU
research_20260521_500-0295,user-004,EVSE-038,2026-05-21T20:20:32.413182Z,2026-05-21T21:20:32.413182Z,bidirectional,-0.458,10.376,10.834,-0.458,TOU
research_20260521_500-0296,user-003,EVSE-027,2026-05-21T16:34:02.538572Z,2026-05-21T17:49:02.538572Z,discharge_only,-9.156,0.0,9.156,-9.156,TOU
research_20260521_500-0297,user-005,EVSE-006,2026-05-21T20:20:10.910381Z,2026-05-21T20:50:10.910381Z,bidirectional,2.182,2.784,0.602,2.182,TOU
research_20260521_500-0298,user-009,EVSE-014,2026-05-21T03:40:33.656413Z,2026-05-21T04:40:33.656413Z,charge_only,22.608,22.608,0.0,22.608,TOU
research_20260521_500-0299,user-008,EVSE-003,2026-05-21T03:10:20.054172Z,2026-05-21T04:10:20.054172Z,discharge_only,-21.143,0.0,21.143,-21.143,TOU
research_20260521_500-0300,user-001,EVSE-029,2026-05-21T02:54:59.813335Z,2026-05-21T03:24:59.813335Z,charge_only,11.1,11.1,0.0,11.1,TOU
research_20260521_500-0301,user-005,EVSE-029,2026-05-21T12:54:39.605034Z,2026-05-21T13:54:39.605034Z,charge_only,11.723,11.723,0.0,11.723,TOU
research_20260521_500-0302,user-004,EVSE-006,2026-05-21T02:48:07.814148Z,2026-05-21T03:08:07.814148Z,discharge_only,-3.669,0.0,3.669,-3.669,TOU
research_20260521_500-0303,user-006,EVSE-027,2026-05-21T21:56:09.514595Z,2026-05-21T22:56:09.514595Z,charge_only,21.706,21.706,0.0,21.706,TOU
research_20260521_500-0304,user-008,EVSE-001,2026-05-21T17:03:09.361565Z,2026-05-21T17:33:09.361565Z,charge_only,3.526,3.526,0.0,3.526,TOU
research_20260521_500-0305,user-004,EVSE-043,2026-05-21T09:51:02.294931Z,2026-05-21T10:51:02.294931Z,discharge_only,-11.512,0.0,11.512,-11.512,TOU
research_20260521_500-0306,user-006,EVSE-039,2026-05-21T01:53:38.762070Z,2026-05-21T02:13:38.762070Z,discharge_only,-2.39,0.0,2.39,-2.39,TOU
research_20260521_500-0307,user-008,EVSE-018,2026-05-21T05:59:57.472500Z,2026-05-21T06:39:57.472500Z,bidirectional,1.282,3.118,1.836,1.282,TOU
research_20260521_500-0308,user-004,EVSE-015,2026-05-21T07:17:00.331429Z,2026-05-21T08:32:00.331429Z,bidirectional,6.17,7.35,1.18,6.17,TOU
research_20260521_500-0309,user-001,EVSE-020,2026-05-21T21:08:46.903580Z,2026-05-21T22:08:46.903580Z,charge_only,20.982,20.982,0.0,20.982,TOU
research_20260521_500-0310,user-001,EVSE-003,2026-05-21T21:15:04.503681Z,2026-05-21T21:55:04.503681Z,discharge_only,-6.858,0.0,6.858,-6.858,TOU
research_20260521_500-0311,user-008,EVSE-002,2026-05-21T02:34:26.160565Z,2026-05-21T03:49:26.160565Z,charge_only,13.608,13.608,0.0,13.608,TOU
research_20260521_500-0312,user-009,EVSE-006,2026-05-21T03:45:56.141046Z,2026-05-21T05:00:56.141046Z,discharge_only,-27.082,0.0,27.082,-27.082,TOU
research_20260521_500-0313,user-008,EVSE-034,2026-05-21T02:15:51.818826Z,2026-05-21T02:45:51.818826Z,discharge_only,-3.423,0.0,3.423,-3.423,TOU
research_20260521_500-0314,user-001,EVSE-050,2026-05-21T12:57:30.569323Z,2026-05-21T14:12:30.569323Z,bidirectional,8.115,8.629,0.514,8.115,TOU
research_20260521_500-0315,user-003,EVSE-018,2026-05-21T20:12:12.344322Z,2026-05-21T20:32:12.344322Z,charge_only,2.271,2.271,0.0,2.271,TOU
research_20260521_500-0316,user-005,EVSE-025,2026-05-21T10:12:19.233756Z,2026-05-21T10:42:19.233756Z,discharge_only,-3.635,0.0,3.635,-3.635,TOU
research_20260521_500-0317,user-003,EVSE-046,2026-05-21T07:04:15.855906Z,2026-05-21T08:19:15.855906Z,charge_only,26.536,26.536,0.0,26.536,TOU
research_20260521_500-0318,user-004,EVSE-007,2026-05-21T20:32:02.446522Z,2026-05-21T21:47:02.446522Z,charge_only,13.841,13.841,0.0,13.841,TOU
research_20260521_500-0319,user-002,EVSE-031,2026-05-21T16:09:44.855475Z,2026-05-21T16:29:44.855475Z,charge_only,3.482,3.482,0.0,3.482,TOU
research_20260521_500-0320,user-010,EVSE-026,2026-05-21T13:38:08.769804Z,2026-05-21T14:38:08.769804Z,charge_only,21.399,21.399,0.0,21.399,TOU
research_20260521_500-0321,user-010,EVSE-013,2026-05-21T05:28:15.932066Z,2026-05-21T06:28:15.932066Z,charge_only,11.074,11.074,0.0,11.074,TOU
research_20260521_500-0322,user-005,EVSE-036,2026-05-21T10:17:48.118361Z,2026-05-21T10:57:48.118361Z,charge_only,7.064,7.064,0.0,7.064,TOU
research_20260521_500-0323,user-009,EVSE-043,2026-05-21T04:17:06.916294Z,2026-05-21T04:57:06.916294Z,charge_only,4.746,4.746,0.0,4.746,TOU
research_20260521_500-0324,user-009,EVSE-027,2026-05-21T14:45:10.987015Z,2026-05-21T15:25:10.987015Z,bidirectional,3.547,5.508,1.961,3.547,TOU
research_20260521_500-0325,user-010,EVSE-038,2026-05-21T01:39:21.128523Z,2026-05-21T02:54:21.128523Z,charge_only,8.79,8.79,0.0,8.79,TOU
research_20260521_500-0326,user-003,EVSE-033,2026-05-21T06:27:31.975438Z,2026-05-21T07:42:31.975438Z,charge_only,14.065,14.065,0.0,14.065,TOU
research_20260521_500-0327,user-006,EVSE-032,2026-05-21T13:52:44.208342Z,2026-05-21T14:32:44.208342Z,bidirectional,1.877,4.52,2.643,1.877,TOU
research_20260521_500-0328,user-005,EVSE-032,2026-05-21T17:56:02.795806Z,2026-05-21T19:11:02.795806Z,bidirectional,4.966,9.417,4.451,4.966,TOU
research_20260521_500-0329,user-007,EVSE-025,2026-05-21T18:16:21.341261Z,2026-05-21T19:16:21.341261Z,charge_only,22.599,22.599,0.0,22.599,TOU
research_20260521_500-0330,user-005,EVSE-007,2026-05-21T20:29:59.054605Z,2026-05-21T21:29:59.054605Z,bidirectional,1.985,4.49,2.505,1.985,TOU
research_20260521_500-0331,user-008,EVSE-001,2026-05-21T05:25:39.752278Z,2026-05-21T05:55:39.752278Z,charge_only,10.148,10.148,0.0,10.148,TOU
research_20260521_500-0332,user-002,EVSE-043,2026-05-21T11:22:37.167597Z,2026-05-21T12:22:37.167597Z,bidirectional,5.9,8.527,2.627,5.9,TOU
research_20260521_500-0333,user-003,EVSE-021,2026-05-21T02:28:45.459137Z,2026-05-21T02:58:45.459137Z,bidirectional,0.539,2.959,2.42,0.539,TOU
research_20260521_500-0334,user-005,EVSE-042,2026-05-21T05:19:58.045895Z,2026-05-21T06:19:58.045895Z,discharge_only,-10.975,0.0,10.975,-10.975,TOU
research_20260521_500-0335,user-005,EVSE-041,2026-05-21T21:30:15.993182Z,2026-05-21T21:50:15.993182Z,charge_only,2.45,2.45,0.0,2.45,TOU
research_20260521_500-0336,user-007,EVSE-001,2026-05-21T17:35:19.888032Z,2026-05-21T18:15:19.888032Z,charge_only,6.954,6.954,0.0,6.954,TOU
research_20260521_500-0337,user-008,EVSE-020,2026-05-21T21:04:28.004615Z,2026-05-21T22:19:28.004615Z,discharge_only,-14.036,0.0,14.036,-14.036,TOU
research_20260521_500-0338,user-006,EVSE-022,2026-05-21T12:18:26.093962Z,2026-05-21T13:18:26.093962Z,bidirectional,18.133,20.148,2.015,18.133,TOU
research_20260521_500-0339,user-002,EVSE-007,2026-05-21T18:54:11.005621Z,2026-05-21T20:09:11.005621Z,charge_only,14.314,14.314,0.0,14.314,TOU
research_20260521_500-0340,user-010,EVSE-048,2026-05-21T22:26:54.062036Z,2026-05-21T22:46:54.062036Z,charge_only,2.331,2.331,0.0,2.331,TOU
research_20260521_500-0341,user-010,EVSE-038,2026-05-21T10:52:55.553582Z,2026-05-21T11:32:55.553582Z,charge_only,4.618,4.618,0.0,4.618,TOU
research_20260521_500-0342,user-010,EVSE-045,2026-05-21T14:57:22.276754Z,2026-05-21T15:27:22.276754Z,charge_only,3.59,3.59,0.0,3.59,TOU
research_20260521_500-0343,user-003,EVSE-020,2026-05-21T19:02:07.757114Z,2026-05-21T19:42:07.757114Z,charge_only,14.379,14.379,0.0,14.379,TOU
research_20260521_500-0344,user-004,EVSE-004,2026-05-21T19:22:39.592734Z,2026-05-21T20:37:39.592734Z,charge_only,9.321,9.321,0.0,9.321,TOU
research_20260521_500-0345,user-007,EVSE-025,2026-05-21T17:57:00.614232Z,2026-05-21T19:12:00.614232Z,bidirectional,12.164,13.124,0.96,12.164,TOU
research_20260521_500-0346,user-010,EVSE-027,2026-05-21T12:21:27.173346Z,2026-05-21T13:21:27.173346Z,bidirectional,1.186,4.157,2.971,1.186,TOU
research_20260521_500-0347,user-005,EVSE-038,2026-05-21T09:29:45.851082Z,2026-05-21T10:44:45.851082Z,charge_only,8.951,8.951,0.0,8.951,TOU
research_20260521_500-0348,user-001,EVSE-045,2026-05-21T13:57:24.511870Z,2026-05-21T14:17:24.511870Z,charge_only,2.295,2.295,0.0,2.295,TOU
research_20260521_500-0349,user-004,EVSE-006,2026-05-21T21:59:20.892332Z,2026-05-21T22:19:20.892332Z,charge_only,7.575,7.575,0.0,7.575,TOU
research_20260521_500-0350,user-003,EVSE-040,2026-05-21T07:06:14.492245Z,2026-05-21T08:21:14.492245Z,charge_only,28.218,28.218,0.0,28.218,TOU
research_20260521_500-0351,user-002,EVSE-042,2026-05-21T09:05:32.669683Z,2026-05-21T09:45:32.669683Z,charge_only,14.106,14.106,0.0,14.106,TOU
research_20260521_500-0352,user-004,EVSE-018,2026-05-21T20:39:41.738260Z,2026-05-21T21:19:41.738260Z,charge_only,4.436,4.436,0.0,4.436,TOU
research_20260521_500-0353,user-001,EVSE-045,2026-05-21T22:27:44.902843Z,2026-05-21T23:07:44.902843Z,charge_only,6.821,6.821,0.0,6.821,TOU
research_20260521_500-0354,user-002,EVSE-031,2026-05-21T19:27:46.250480Z,2026-05-21T20:27:46.250480Z,bidirectional,4.936,6.182,1.246,4.936,TOU
research_20260521_500-0355,user-001,EVSE-022,2026-05-21T16:59:12.948725Z,2026-05-21T17:19:12.948725Z,charge_only,2.396,2.396,0.0,2.396,TOU
research_20260521_500-0356,user-008,EVSE-019,2026-05-21T09:44:33.933163Z,2026-05-21T10:59:33.933163Z,discharge_only,-28.039,0.0,28.039,-28.039,TOU
research_20260521_500-0357,user-003,EVSE-046,2026-05-21T20:06:47.592778Z,2026-05-21T20:26:47.592778Z,charge_only,2.315,2.315,0.0,2.315,TOU
research_20260521_500-0358,user-006,EVSE-019,2026-05-21T20:25:57.619847Z,2026-05-21T21:25:57.619847Z,charge_only,21.939,21.939,0.0,21.939,TOU
research_20260521_500-0359,user-010,EVSE-018,2026-05-21T07:58:40.900002Z,2026-05-21T09:13:40.900002Z,charge_only,27.094,27.094,0.0,27.094,TOU
research_20260521_500-0360,user-008,EVSE-043,2026-05-21T07:44:01.723262Z,2026-05-21T08:04:01.723262Z,discharge_only,-7.46,0.0,7.46,-7.46,TOU
research_20260521_500-0361,user-007,EVSE-047,2026-05-21T15:06:43.970842Z,2026-05-21T15:46:43.970842Z,bidirectional,1.108,3.024,1.916,1.108,TOU
research_20260521_500-0362,user-007,EVSE-012,2026-05-21T20:38:01.351853Z,2026-05-21T21:53:01.351853Z,bidirectional,11.776,19.485,7.709,11.776,TOU
research_20260521_500-0363,user-008,EVSE-042,2026-05-21T22:58:11.076192Z,2026-05-21T23:38:11.076192Z,discharge_only,-14.763,0.0,14.763,-14.763,TOU
research_20260521_500-0364,user-003,EVSE-041,2026-05-21T12:10:41.006115Z,2026-05-21T12:40:41.006115Z,bidirectional,1.361,2.371,1.01,1.361,TOU
research_20260521_500-0365,user-002,EVSE-007,2026-05-21T15:01:35.328540Z,2026-05-21T16:16:35.328540Z,charge_only,9.305,9.305,0.0,9.305,TOU
research_20260521_500-0366,user-006,EVSE-022,2026-05-21T03:02:40.913183Z,2026-05-21T03:42:40.913183Z,charge_only,7.036,7.036,0.0,7.036,TOU
research_20260521_500-0367,user-004,EVSE-008,2026-05-21T20:16:26.455369Z,2026-05-21T20:46:26.455369Z,charge_only,3.586,3.586,0.0,3.586,TOU
research_20260521_500-0368,user-002,EVSE-034,2026-05-21T04:19:51.814114Z,2026-05-21T04:39:51.814114Z,discharge_only,-3.209,0.0,3.209,-3.209,TOU
research_20260521_500-0369,user-005,EVSE-045,2026-05-21T23:17:35.175984Z,2026-05-21T23:37:35.175984Z,bidirectional,1.254,1.885,0.631,1.254,TOU
research_20260521_500-0370,user-001,EVSE-023,2026-05-21T05:23:26.584585Z,2026-05-21T06:23:26.584585Z,bidirectional,6.162,6.742,0.58,6.162,TOU
research_20260521_500-0371,user-005,EVSE-035,2026-05-21T01:12:44.405321Z,2026-05-21T01:52:44.405321Z,bidirectional,3.578,5.416,1.838,3.578,TOU
research_20260521_500-0372,user-004,EVSE-032,2026-05-21T01:53:30.771823Z,2026-05-21T02:53:30.771823Z,charge_only,11.419,11.419,0.0,11.419,TOU
research_20260521_500-0373,user-009,EVSE-029,2026-05-21T06:39:07.400153Z,2026-05-21T06:59:07.400153Z,charge_only,3.669,3.669,0.0,3.669,TOU
research_20260521_500-0374,user-007,EVSE-026,2026-05-21T19:27:08.977238Z,2026-05-21T19:47:08.977238Z,charge_only,3.466,3.466,0.0,3.466,TOU
research_20260521_500-0375,user-002,EVSE-049,2026-05-21T21:07:19.578288Z,2026-05-21T22:07:19.578288Z,charge_only,11.13,11.13,0.0,11.13,TOU
research_20260521_500-0376,user-005,EVSE-005,2026-05-21T05:49:55.425660Z,2026-05-21T06:49:55.425660Z,charge_only,10.875,10.875,0.0,10.875,TOU
research_20260521_500-0377,user-003,EVSE-033,2026-05-21T14:48:00.510289Z,2026-05-21T15:28:00.510289Z,discharge_only,-4.485,0.0,4.485,-4.485,TOU
research_20260521_500-0378,user-009,EVSE-003,2026-05-21T10:51:52.029079Z,2026-05-21T11:11:52.029079Z,charge_only,3.972,3.972,0.0,3.972,TOU
research_20260521_500-0379,user-005,EVSE-035,2026-05-21T02:45:01.900209Z,2026-05-21T03:15:01.900209Z,discharge_only,-5.246,0.0,5.246,-5.246,TOU
research_20260521_500-0380,user-003,EVSE-022,2026-05-21T11:49:22.411787Z,2026-05-21T12:49:22.411787Z,charge_only,11.611,11.611,0.0,11.611,TOU
research_20260521_500-0381,user-006,EVSE-008,2026-05-21T14:05:49.282339Z,2026-05-21T14:25:49.282339Z,bidirectional,3.49,5.395,1.905,3.49,TOU
research_20260521_500-0382,user-006,EVSE-049,2026-05-21T23:05:10.573486Z,2026-05-22T00:05:10.573486Z,charge_only,21.571,21.571,0.0,21.571,TOU
research_20260521_500-0383,user-005,EVSE-007,2026-05-21T15:15:47.916017Z,2026-05-21T16:15:47.916017Z,charge_only,7.502,7.502,0.0,7.502,TOU
research_20260521_500-0384,user-010,EVSE-034,2026-05-21T04:45:17.557985Z,2026-05-21T05:45:17.557985Z,bidirectional,9.603,10.418,0.815,9.603,TOU
research_20260521_500-0385,user-004,EVSE-028,2026-05-21T08:07:26.342936Z,2026-05-21T09:07:26.342936Z,charge_only,10.452,10.452,0.0,10.452,TOU
research_20260521_500-0386,user-002,EVSE-003,2026-05-21T08:46:08.665006Z,2026-05-21T09:46:08.665006Z,charge_only,10.75,10.75,0.0,10.75,TOU
research_20260521_500-0387,user-001,EVSE-005,2026-05-21T17:46:54.512379Z,2026-05-21T18:26:54.512379Z,charge_only,14.764,14.764,0.0,14.764,TOU
research_20260521_500-0388,user-006,EVSE-008,2026-05-21T07:51:47.532855Z,2026-05-21T08:11:47.532855Z,charge_only,3.794,3.794,0.0,3.794,TOU
research_20260521_500-0389,user-009,EVSE-048,2026-05-21T17:56:23.783750Z,2026-05-21T18:16:23.783750Z,charge_only,2.468,2.468,0.0,2.468,TOU
research_20260521_500-0390,user-004,EVSE-021,2026-05-21T20:31:14.388688Z,2026-05-21T21:01:14.388688Z,charge_only,3.29,3.29,0.0,3.29,TOU
research_20260521_500-0391,user-004,EVSE-004,2026-05-21T00:51:49.554627Z,2026-05-21T01:21:49.554627Z,charge_only,5.531,5.531,0.0,5.531,TOU
research_20260521_500-0392,user-004,EVSE-049,2026-05-21T17:54:42.277767Z,2026-05-21T18:54:42.277767Z,charge_only,11.012,11.012,0.0,11.012,TOU
research_20260521_500-0393,user-003,EVSE-007,2026-05-21T02:00:07.034773Z,2026-05-21T02:40:07.034773Z,discharge_only,-15.322,0.0,15.322,-15.322,TOU
research_20260521_500-0394,user-009,EVSE-008,2026-05-21T22:23:25.870988Z,2026-05-21T23:23:25.870988Z,charge_only,20.878,20.878,0.0,20.878,TOU
research_20260521_500-0395,user-003,EVSE-002,2026-05-21T03:39:22.618865Z,2026-05-21T04:39:22.618865Z,charge_only,11.475,11.475,0.0,11.475,TOU
research_20260521_500-0396,user-010,EVSE-024,2026-05-21T08:56:39.396310Z,2026-05-21T09:16:39.396310Z,bidirectional,1.911,2.725,0.814,1.911,TOU
research_20260521_500-0397,user-001,EVSE-047,2026-05-21T06:44:14.392180Z,2026-05-21T07:44:14.392180Z,charge_only,11.129,11.129,0.0,11.129,TOU
research_20260521_500-0398,user-007,EVSE-042,2026-05-21T04:57:51.150605Z,2026-05-21T05:17:51.150605Z,charge_only,3.944,3.944,0.0,3.944,TOU
research_20260521_500-0399,user-003,EVSE-003,2026-05-21T03:04:07.283742Z,2026-05-21T04:04:07.283742Z,bidirectional,6.276,14.352,8.076,6.276,TOU
research_20260521_500-0400,user-007,EVSE-003,2026-05-21T16:43:23.364473Z,2026-05-21T17:43:23.364473Z,discharge_only,-21.553,0.0,21.553,-21.553,TOU
research_20260521_500-0401,user-005,EVSE-029,2026-05-21T06:02:08.061029Z,2026-05-21T07:02:08.061029Z,charge_only,11.289,11.289,0.0,11.289,TOU
research_20260521_500-0402,user-004,EVSE-019,2026-05-21T19:35:16.589847Z,2026-05-21T20:35:16.589847Z,bidirectional,3.865,7.482,3.617,3.865,TOU
research_20260521_500-0403,user-009,EVSE-007,2026-05-21T04:14:29.800239Z,2026-05-21T05:29:29.800239Z,charge_only,25.984,25.984,0.0,25.984,TOU
research_20260521_500-0404,user-002,EVSE-042,2026-05-21T12:56:15.853209Z,2026-05-21T13:56:15.853209Z,charge_only,11.527,11.527,0.0,11.527,TOU
research_20260521_500-0405,user-002,EVSE-023,2026-05-21T10:51:05.702436Z,2026-05-21T12:06:05.702436Z,bidirectional,4.848,9.431,4.583,4.848,TOU
research_20260521_500-0406,user-009,EVSE-010,2026-05-21T19:11:11.123085Z,2026-05-21T20:11:11.123085Z,charge_only,10.546,10.546,0.0,10.546,TOU
research_20260521_500-0407,user-009,EVSE-043,2026-05-21T21:58:04.983200Z,2026-05-21T22:58:04.983200Z,bidirectional,4.197,7.711,3.514,4.197,TOU
research_20260521_500-0408,user-006,EVSE-046,2026-05-21T17:52:00.078344Z,2026-05-21T18:12:00.078344Z,bidirectional,-0.277,3.506,3.783,-0.277,TOU
research_20260521_500-0409,user-008,EVSE-042,2026-05-21T05:48:24.591549Z,2026-05-21T06:48:24.591549Z,charge_only,23.025,23.025,0.0,23.025,TOU
research_20260521_500-0410,user-010,EVSE-002,2026-05-21T06:33:41.254622Z,2026-05-21T07:13:41.254622Z,charge_only,14.524,14.524,0.0,14.524,TOU
research_20260521_500-0411,user-001,EVSE-010,2026-05-21T18:57:42.572899Z,2026-05-21T19:27:42.572899Z,bidirectional,0.265,5.755,5.49,0.265,TOU
research_20260521_500-0412,user-008,EVSE-038,2026-05-21T12:40:03.333236Z,2026-05-21T13:40:03.333236Z,bidirectional,10.895,16.083,5.188,10.895,TOU
research_20260521_500-0413,user-008,EVSE-040,2026-05-21T18:25:03.340085Z,2026-05-21T18:45:03.340085Z,bidirectional,0.346,4.0,3.654,0.346,TOU
research_20260521_500-0414,user-007,EVSE-019,2026-05-21T23:29:02.281705Z,2026-05-22T00:09:02.281705Z,bidirectional,3.718,8.986,5.268,3.718,TOU
research_20260521_500-0415,user-007,EVSE-007,2026-05-21T03:59:21.823563Z,2026-05-21T04:39:21.823563Z,charge_only,7.35,7.35,0.0,7.35,TOU
research_20260521_500-0416,user-008,EVSE-005,2026-05-21T16:41:44.476410Z,2026-05-21T17:11:44.476410Z,bidirectional,8.327,10.043,1.716,8.327,TOU
research_20260521_500-0417,user-004,EVSE-039,2026-05-21T21:05:12.553964Z,2026-05-21T21:35:12.553964Z,bidirectional,2.221,3.716,1.495,2.221,TOU
research_20260521_500-0418,user-008,EVSE-033,2026-05-21T04:48:27.533103Z,2026-05-21T05:08:27.533103Z,charge_only,2.198,2.198,0.0,2.198,TOU
research_20260521_500-0419,user-004,EVSE-029,2026-05-21T02:07:10.829426Z,2026-05-21T02:37:10.829426Z,bidirectional,4.177,7.612,3.435,4.177,TOU
research_20260521_500-0420,user-001,EVSE-034,2026-05-21T18:05:44.692017Z,2026-05-21T19:05:44.692017Z,bidirectional,7.57,9.533,1.963,7.57,TOU
research_20260521_500-0421,user-001,EVSE-011,2026-05-21T13:21:41.201240Z,2026-05-21T13:41:41.201240Z,charge_only,6.98,6.98,0.0,6.98,TOU
research_20260521_500-0422,user-001,EVSE-020,2026-05-21T08:08:20.778715Z,2026-05-21T08:38:20.778715Z,bidirectional,1.006,6.305,5.299,1.006,TOU
research_20260521_500-0423,user-006,EVSE-042,2026-05-21T23:47:37.247025Z,2026-05-22T00:27:37.247025Z,charge_only,13.685,13.685,0.0,13.685,TOU
research_20260521_500-0424,user-005,EVSE-020,2026-05-21T21:57:38.128228Z,2026-05-21T23:12:38.128228Z,discharge_only,-13.758,0.0,13.758,-13.758,TOU
research_20260521_500-0425,user-002,EVSE-048,2026-05-21T06:24:56.395301Z,2026-05-21T07:04:56.395301Z,charge_only,7.197,7.197,0.0,7.197,TOU
research_20260521_500-0426,user-009,EVSE-013,2026-05-21T03:42:55.565446Z,2026-05-21T04:12:55.565446Z,bidirectional,-0.084,2.75,2.834,-0.084,TOU
research_20260521_500-0427,user-002,EVSE-032,2026-05-21T20:27:57.798900Z,2026-05-21T21:27:57.798900Z,bidirectional,9.122,9.947,0.825,9.122,TOU
research_20260521_500-0428,user-003,EVSE-048,2026-05-21T20:31:08.489932Z,2026-05-21T21:01:08.489932Z,charge_only,5.823,5.823,0.0,5.823,TOU
research_20260521_500-0429,user-002,EVSE-014,2026-05-21T09:32:41.741533Z,2026-05-21T10:32:41.741533Z,bidirectional,1.148,4.205,3.057,1.148,TOU
research_20260521_500-0430,user-001,EVSE-049,2026-05-21T21:02:50.868965Z,2026-05-21T21:42:50.868965Z,charge_only,4.452,4.452,0.0,4.452,TOU
research_20260521_500-0431,user-008,EVSE-043,2026-05-21T07:58:12.127644Z,2026-05-21T08:28:12.127644Z,discharge_only,-10.744,0.0,10.744,-10.744,TOU
research_20260521_500-0432,user-002,EVSE-006,2026-05-21T03:12:01.611264Z,2026-05-21T03:32:01.611264Z,charge_only,6.829,6.829,0.0,6.829,TOU
research_20260521_500-0433,user-010,EVSE-028,2026-05-21T05:48:02.049803Z,2026-05-21T07:03:02.049803Z,bidirectional,-2.27,12.925,15.195,-2.27,TOU
research_20260521_500-0434,user-009,EVSE-021,2026-05-21T16:21:58.157584Z,2026-05-21T17:01:58.157584Z,bidirectional,3.685,4.311,0.626,3.685,TOU
research_20260521_500-0435,user-005,EVSE-049,2026-05-21T14:37:29.208949Z,2026-05-21T15:17:29.208949Z,discharge_only,-4.951,0.0,4.951,-4.951,TOU
research_20260521_500-0436,user-005,EVSE-006,2026-05-21T22:31:41.397109Z,2026-05-21T23:31:41.397109Z,discharge_only,-21.893,0.0,21.893,-21.893,TOU
research_20260521_500-0437,user-003,EVSE-019,2026-05-21T15:01:26.428952Z,2026-05-21T15:31:26.428952Z,charge_only,3.49,3.49,0.0,3.49,TOU
research_20260521_500-0438,user-001,EVSE-009,2026-05-21T01:34:45.011094Z,2026-05-21T02:34:45.011094Z,charge_only,10.935,10.935,0.0,10.935,TOU
research_20260521_500-0439,user-007,EVSE-001,2026-05-21T18:55:22.544768Z,2026-05-21T20:10:22.544768Z,charge_only,14.252,14.252,0.0,14.252,TOU
research_20260521_500-0440,user-007,EVSE-050,2026-05-21T10:38:39.687448Z,2026-05-21T11:38:39.687448Z,charge_only,10.682,10.682,0.0,10.682,TOU
research_20260521_500-0441,user-002,EVSE-046,2026-05-21T12:52:43.365259Z,2026-05-21T13:22:43.365259Z,bidirectional,0.023,2.627,2.604,0.023,TOU
research_20260521_500-0442,user-006,EVSE-005,2026-05-21T23:06:00.821891Z,2026-05-22T00:06:00.821891Z,charge_only,21.187,21.187,0.0,21.187,TOU
research_20260521_500-0443,user-003,EVSE-027,2026-05-21T17:45:08.444867Z,2026-05-21T19:00:08.444867Z,charge_only,8.63,8.63,0.0,8.63,TOU
research_20260521_500-0444,user-008,EVSE-011,2026-05-21T12:05:22.344585Z,2026-05-21T13:20:22.344585Z,charge_only,9.508,9.508,0.0,9.508,TOU
research_20260521_500-0445,user-002,EVSE-049,2026-05-21T23:18:51.794206Z,2026-05-22T00:18:51.794206Z,charge_only,7.112,7.112,0.0,7.112,TOU
research_20260521_500-0446,user-002,EVSE-029,2026-05-21T21:55:49.802000Z,2026-05-21T22:15:49.802000Z,discharge_only,-2.396,0.0,2.396,-2.396,TOU
research_20260521_500-0447,user-007,EVSE-043,2026-05-21T22:24:15.721613Z,2026-05-21T22:44:15.721613Z,bidirectional,0.3,4.166,3.866,0.3,TOU
research_20260521_500-0448,user-008,EVSE-009,2026-05-21T04:53:57.771846Z,2026-05-21T06:08:57.771846Z,bidirectional,24.073,25.572,1.499,24.073,TOU
research_20260521_500-0449,user-006,EVSE-022,2026-05-21T16:30:53.336044Z,2026-05-21T17:45:53.336044Z,bidirectional,2.779,5.91,3.131,2.779,TOU
research_20260521_500-0450,user-008,EVSE-041,2026-05-21T09:35:20.536993Z,2026-05-21T10:15:20.536993Z,charge_only,14.358,14.358,0.0,14.358,TOU
research_20260521_500-0451,user-010,EVSE-049,2026-05-21T18:52:04.832944Z,2026-05-21T19:52:04.832944Z,charge_only,21.722,21.722,0.0,21.722,TOU
research_20260521_500-0452,user-004,EVSE-007,2026-05-21T19:14:07.920488Z,2026-05-21T19:44:07.920488Z,charge_only,3.618,3.618,0.0,3.618,TOU
research_20260521_500-0453,user-007,EVSE-034,2026-05-21T08:15:59.301361Z,2026-05-21T08:35:59.301361Z,charge_only,3.631,3.631,0.0,3.631,TOU
research_20260521_500-0454,user-007,EVSE-041,2026-05-21T02:54:07.290931Z,2026-05-21T03:14:07.290931Z,bidirectional,1.234,1.855,0.621,1.234,TOU
research_20260521_500-0455,user-010,EVSE-032,2026-05-21T09:53:15.044625Z,2026-05-21T11:08:15.044625Z,charge_only,13.459,13.459,0.0,13.459,TOU
research_20260521_500-0456,user-006,EVSE-011,2026-05-21T11:22:18.902017Z,2026-05-21T12:22:18.902017Z,charge_only,21.014,21.014,0.0,21.014,TOU
research_20260521_500-0457,user-009,EVSE-028,2026-05-21T21:56:56.829657Z,2026-05-21T22:16:56.829657Z,discharge_only,-3.608,0.0,3.608,-3.608,TOU
research_20260521_500-0458,user-006,EVSE-018,2026-05-21T04:40:30.814199Z,2026-05-21T05:20:30.814199Z,discharge_only,-7.438,0.0,7.438,-7.438,TOU
research_20260521_500-0459,user-002,EVSE-023,2026-05-21T15:20:15.532626Z,2026-05-21T16:35:15.532626Z,discharge_only,-8.654,0.0,8.654,-8.654,TOU
research_20260521_500-0460,user-007,EVSE-047,2026-05-21T04:15:31.182288Z,2026-05-21T04:35:31.182288Z,charge_only,3.871,3.871,0.0,3.871,TOU
research_20260521_500-0461,user-009,EVSE-022,2026-05-21T09:53:42.885570Z,2026-05-21T11:08:42.885570Z,charge_only,13.555,13.555,0.0,13.555,TOU
research_20260521_500-0462,user-007,EVSE-013,2026-05-21T05:40:30.487432Z,2026-05-21T06:55:30.487432Z,discharge_only,-13.45,0.0,13.45,-13.45,TOU
research_20260521_500-0463,user-008,EVSE-034,2026-05-21T08:38:50.114375Z,2026-05-21T09:18:50.114375Z,bidirectional,2.562,3.727,1.165,2.562,TOU
research_20260521_500-0464,user-009,EVSE-020,2026-05-21T23:43:05.531520Z,2026-05-22T00:23:05.531520Z,discharge_only,-7.525,0.0,7.525,-7.525,TOU
research_20260521_500-0465,user-008,EVSE-030,2026-05-21T20:10:21.300013Z,2026-05-21T21:25:21.300013Z,charge_only,13.155,13.155,0.0,13.155,TOU
research_20260521_500-0466,user-005,EVSE-003,2026-05-21T14:35:49.792219Z,2026-05-21T15:05:49.792219Z,bidirectional,0.378,2.969,2.591,0.378,TOU
research_20260521_500-0467,user-005,EVSE-003,2026-05-21T02:48:07.176100Z,2026-05-21T04:03:07.176100Z,charge_only,14.054,14.054,0.0,14.054,TOU
research_20260521_500-0468,user-008,EVSE-011,2026-05-21T14:50:08.158930Z,2026-05-21T15:50:08.158930Z,discharge_only,-7.592,0.0,7.592,-7.592,TOU
research_20260521_500-0469,user-002,EVSE-029,2026-05-21T19:43:46.757423Z,2026-05-21T20:03:46.757423Z,charge_only,7.862,7.862,0.0,7.862,TOU
research_20260521_500-0470,user-001,EVSE-002,2026-05-21T02:33:31.782226Z,2026-05-21T03:48:31.782226Z,discharge_only,-8.991,0.0,8.991,-8.991,TOU
research_20260521_500-0471,user-004,EVSE-003,2026-05-21T07:39:51.496981Z,2026-05-21T07:59:51.496981Z,charge_only,2.519,2.519,0.0,2.519,TOU
research_20260521_500-0472,user-006,EVSE-021,2026-05-21T16:14:20.484634Z,2026-05-21T16:44:20.484634Z,bidirectional,-0.089,5.501,5.59,-0.089,TOU
research_20260521_500-0473,user-004,EVSE-037,2026-05-21T22:23:56.193057Z,2026-05-21T23:03:56.193057Z,charge_only,14.57,14.57,0.0,14.57,TOU
research_20260521_500-0474,user-010,EVSE-048,2026-05-21T16:11:55.789273Z,2026-05-21T17:11:55.789273Z,charge_only,21.501,21.501,0.0,21.501,TOU
research_20260521_500-0475,user-001,EVSE-018,2026-05-21T18:24:02.849851Z,2026-05-21T19:39:02.849851Z,discharge_only,-8.846,0.0,8.846,-8.846,TOU
research_20260521_500-0476,user-001,EVSE-034,2026-05-21T11:28:56.584931Z,2026-05-21T12:28:56.584931Z,charge_only,22.216,22.216,0.0,22.216,TOU
research_20260521_500-0477,user-001,EVSE-013,2026-05-21T22:25:57.101539Z,2026-05-21T23:25:57.101539Z,charge_only,7.434,7.434,0.0,7.434,TOU
research_20260521_500-0478,user-004,EVSE-020,2026-05-21T16:42:32.098892Z,2026-05-21T17:57:32.098892Z,charge_only,13.724,13.724,0.0,13.724,TOU
research_20260521_500-0479,user-003,EVSE-026,2026-05-21T17:48:29.995206Z,2026-05-21T18:48:29.995206Z,charge_only,10.704,10.704,0.0,10.704,TOU
research_20260521_500-0480,user-008,EVSE-028,2026-05-21T16:35:45.144684Z,2026-05-21T17:50:45.144684Z,discharge_only,-9.096,0.0,9.096,-9.096,TOU
research_20260521_500-0481,user-001,EVSE-043,2026-05-21T01:52:05.117532Z,2026-05-21T02:32:05.117532Z,charge_only,15.638,15.638,0.0,15.638,TOU
research_20260521_500-0482,user-002,EVSE-049,2026-05-21T08:31:04.065442Z,2026-05-21T09:31:04.065442Z,charge_only,10.65,10.65,0.0,10.65,TOU
research_20260521_500-0483,user-002,EVSE-032,2026-05-21T21:21:38.720203Z,2026-05-21T22:36:38.720203Z,charge_only,13.563,13.563,0.0,13.563,TOU
research_20260521_500-0484,user-008,EVSE-007,2026-05-21T10:22:23.239608Z,2026-05-21T10:52:23.239608Z,bidirectional,-0.023,1.784,1.807,-0.023,TOU
research_20260521_500-0485,user-005,EVSE-018,2026-05-21T21:55:34.909687Z,2026-05-21T22:15:34.909687Z,bidirectional,1.813,2.835,1.022,1.813,TOU
research_20260521_500-0486,user-010,EVSE-031,2026-05-21T05:02:32.500699Z,2026-05-21T05:22:32.500699Z,bidirectional,1.236,1.695,0.459,1.236,TOU
research_20260521_500-0487,user-006,EVSE-045,2026-05-21T15:05:04.165439Z,2026-05-21T15:45:04.165439Z,charge_only,7.293,7.293,0.0,7.293,TOU
research_20260521_500-0488,user-003,EVSE-043,2026-05-21T23:22:01.211084Z,2026-05-21T23:42:01.211084Z,bidirectional,4.286,5.853,1.567,4.286,TOU
research_20260521_500-0489,user-006,EVSE-031,2026-05-21T23:35:03.141725Z,2026-05-22T00:15:03.141725Z,charge_only,4.529,4.529,0.0,4.529,TOU
research_20260521_500-0490,user-002,EVSE-030,2026-05-21T06:21:38.403006Z,2026-05-21T07:01:38.403006Z,bidirectional,8.109,11.652,3.543,8.109,TOU
research_20260521_500-0491,user-002,EVSE-041,2026-05-21T12:24:40.637686Z,2026-05-21T13:39:40.637686Z,bidirectional,5.051,6.822,1.771,5.051,TOU
research_20260521_500-0492,user-006,EVSE-009,2026-05-21T03:03:24.331554Z,2026-05-21T04:18:24.331554Z,bidirectional,4.679,15.986,11.307,4.679,TOU
research_20260521_500-0493,user-010,EVSE-038,2026-05-21T06:17:50.294250Z,2026-05-21T06:57:50.294250Z,charge_only,4.775,4.775,0.0,4.775,TOU
research_20260521_500-0494,user-009,EVSE-003,2026-05-21T03:31:35.921020Z,2026-05-21T04:11:35.921020Z,charge_only,4.988,4.988,0.0,4.988,TOU
research_20260521_500-0495,user-002,EVSE-047,2026-05-21T17:25:13.700311Z,2026-05-21T18:40:13.700311Z,charge_only,13.144,13.144,0.0,13.144,TOU
research_20260521_500-0496,user-003,EVSE-030,2026-05-21T00:11:52.138224Z,2026-05-21T01:26:52.138224Z,discharge_only,-13.187,0.0,13.187,-13.187,TOU
research_20260521_500-0497,user-008,EVSE-044,2026-05-21T07:16:49.442558Z,2026-05-21T07:56:49.442558Z,bidirectional,2.207,3.318,1.111,2.207,TOU
research_20260521_500-0498,user-002,EVSE-048,2026-05-21T15:26:57.555029Z,2026-05-21T16:26:57.555029Z,charge_only,7.568,7.568,0.0,7.568,TOU
research_20260521_500-0499,user-002,EVSE-038,2026-05-21T05:19:04.057920Z,2026-05-21T06:19:04.057920Z,charge_only,10.965,10.965,0.0,10.965,TOU
research_20260521_500-0500,user-007,EVSE-035,2026-05-21T16:49:21.406807Z,2026-05-21T17:19:21.406807Z,discharge_only,-3.34,0.0,3.34,-3.34,TOU
research_20260521_smoke-0001,user-002,EVSE-046,2026-05-21T23:22:59.070749Z,2026-05-22T00:02:59.070749Z,bidirectional,3.404,4.028,0.624,3.404,TOU
research_20260521_smoke-0002,user-004,EVSE-023,2026-05-21T13:12:08.338401Z,2026-05-21T13:52:08.338401Z,charge_only,4.893,4.893,0.0,4.893,TOU
research_20260521_smoke-0003,user-008,EVSE-041,2026-05-21T11:06:49.892898Z,2026-05-21T12:06:49.892898Z,charge_only,7.318,7.318,0.0,7.318,TOU
research_20260521_smoke-0004,user-006,EVSE-036,2026-05-21T18:57:18.592541Z,2026-05-21T19:37:18.592541Z,charge_only,15.207,15.207,0.0,15.207,TOU
research_20260521_smoke-0005,user-001,EVSE-014,2026-05-21T18:29:10.246582Z,2026-05-21T18:49:10.246582Z,discharge_only,-3.741,0.0,3.741,-3.741,TOU
research_20260521_smoke-0006,user-008,EVSE-009,2026-05-21T20:33:15.894586Z,2026-05-21T21:03:15.894586Z,charge_only,3.466,3.466,0.0,3.466,TOU
research_20260521_smoke-0007,user-001,EVSE-001,2026-05-21T03:19:00.708605Z,2026-05-21T03:49:00.708605Z,bidirectional,0.471,5.582,5.111,0.471,TOU
research_20260521_smoke-0008,user-009,EVSE-041,2026-05-21T05:57:44.158115Z,2026-05-21T06:37:44.158115Z,bidirectional,2.666,3.714,1.048,2.666,TOU
research_20260521_smoke-0009,user-006,EVSE-036,2026-05-21T05:40:59.066874Z,2026-05-21T06:55:59.066874Z,charge_only,27.805,27.805,0.0,27.805,TOU
research_20260521_smoke-0010,user-010,EVSE-029,2026-05-21T13:49:40.881967Z,2026-05-21T14:19:40.881967Z,charge_only,10.482,10.482,0.0,10.482,TOU
run_20260217_215140-0001,,EVSE-003,2026-02-17T16:12:40.849118Z,2026-02-17T16:42:40.849118Z,,5.486,,,,TOU
run_20260217_215140-0002,,EVSE-004,2026-02-17T13:56:49.926122Z,2026-02-17T14:26:49.926122Z,,3.27,,,,TOU
run_20260217_215140-0003,,EVSE-044,2026-02-17T14:27:46.806990Z,2026-02-17T14:57:46.806990Z,,3.427,,,,TOU
run_20260217_215140-0004,,EVSE-050,2026-02-17T10:01:29.745860Z,2026-02-17T10:31:29.745860Z,,5.424,,,,TOU
run_20260217_215140-0005,,EVSE-049,2026-02-17T09:55:47.454993Z,2026-02-17T10:55:47.454993Z,,11.192,,,,TOU
run_20260217_220238-0001,,EVSE-035,2026-02-17T08:38:13.524613Z,2026-02-17T08:58:13.524613Z,,7.144,,,,TOU
run_20260217_220238-0002,,EVSE-042,2026-02-17T13:51:25.954779Z,2026-02-17T14:11:25.954779Z,,2.53,,,,TOU
run_20260217_220238-0003,,EVSE-017,2026-02-17T13:54:53.487469Z,2026-02-17T14:54:53.487469Z,,22.781,,,,TOU
run_20260217_220238-0004,,EVSE-024,2026-02-17T06:28:11.173630Z,2026-02-17T07:43:11.173630Z,,8.696,,,,TOU
run_20260217_220238-0005,,EVSE-041,2026-02-17T15:27:24.611500Z,2026-02-17T16:07:24.611500Z,,14.382,,,,TOU
run_20260217_220238-0006,,EVSE-042,2026-02-17T18:42:45.248969Z,2026-02-17T19:22:45.248969Z,,5.177,,,,TOU
run_20260217_220238-0007,,EVSE-008,2026-02-17T02:45:03.375504Z,2026-02-17T03:45:03.375504Z,,7.045,,,,TOU
run_20260217_220238-0008,,EVSE-008,2026-02-17T20:08:37.555051Z,2026-02-17T21:08:37.555051Z,,22.762,,,,TOU
run_20260217_220238-0009,,EVSE-007,2026-02-17T20:11:15.170025Z,2026-02-17T20:31:15.170025Z,,7.48,,,,TOU
run_20260217_220238-0010,,EVSE-037,2026-02-17T16:49:14.370019Z,2026-02-17T18:04:14.370019Z,,28.914,,,,TOU
run_20260217_220238-0011,,EVSE-046,2026-02-17T21:55:39.541741Z,2026-02-17T22:55:39.541741Z,,7.33,,,,TOU
run_20260217_220238-0012,,EVSE-046,2026-02-17T00:05:59.095584Z,2026-02-17T00:45:59.095584Z,,7.505,,,,TOU
run_20260217_220238-0013,,EVSE-009,2026-02-17T18:29:19.429879Z,2026-02-17T18:49:19.429879Z,,3.67,,,,TOU
run_20260217_220238-0014,,EVSE-035,2026-02-17T02:48:22.102308Z,2026-02-17T04:03:22.102308Z,,13.656,,,,TOU
run_20260217_220238-0015,,EVSE-006,2026-02-17T13:51:29.426318Z,2026-02-17T14:31:29.426318Z,,7.609,,,,TOU
run_20260217_220238-0016,,EVSE-017,2026-02-17T03:36:52.688547Z,2026-02-17T04:06:52.688547Z,,5.241,,,,TOU
run_20260217_220238-0017,,EVSE-048,2026-02-17T05:08:24.823573Z,2026-02-17T05:48:24.823573Z,,7.176,,,,TOU
run_20260217_220238-0018,,EVSE-033,2026-02-17T06:01:54.911583Z,2026-02-17T06:21:54.911583Z,,2.344,,,,TOU
run_20260217_220238-0019,,EVSE-026,2026-02-17T19:31:24.723371Z,2026-02-17T20:46:24.723371Z,,8.954,,,,TOU
run_20260217_220238-0020,,EVSE-019,2026-02-17T08:29:28.731844Z,2026-02-17T09:29:28.731844Z,,11.261,,,,TOU
run_20260217_220238-0021,,EVSE-017,2026-02-17T03:58:24.435919Z,2026-02-17T04:38:24.435919Z,,14.631,,,,TOU
run_20260217_220238-0022,,EVSE-048,2026-02-17T21:24:52.091526Z,2026-02-17T22:39:52.091526Z,,8.882,,,,TOU
run_20260217_220238-0023,,EVSE-044,2026-02-17T07:02:50.332600Z,2026-02-17T08:17:50.332600Z,,9.332,,,,TOU
run_20260217_220238-0024,,EVSE-045,2026-02-17T21:30:58.631088Z,2026-02-17T22:45:58.631088Z,,14.26,,,,TOU
run_20260217_220238-0025,,EVSE-033,2026-02-17T03:03:04.789957Z,2026-02-17T04:03:04.789957Z,,7.371,,,,TOU
run_20260217_220238-0026,,EVSE-017,2026-02-17T00:26:08.667026Z,2026-02-17T01:41:08.667026Z,,13.673,,,,TOU
run_20260217_220238-0027,,EVSE-013,2026-02-17T13:31:04.630665Z,2026-02-17T14:46:04.630665Z,,26.303,,,,TOU
run_20260217_220238-0028,,EVSE-039,2026-02-17T01:24:52.578849Z,2026-02-17T01:54:52.578849Z,,10.554,,,,TOU
run_20260217_220238-0029,,EVSE-015,2026-02-17T12:49:25.020363Z,2026-02-17T13:49:25.020363Z,,22.579,,,,TOU
run_20260217_220238-0030,,EVSE-041,2026-02-17T20:26:48.617662Z,2026-02-17T20:46:48.617662Z,,2.392,,,,TOU
run_20260217_220238-0031,,EVSE-008,2026-02-17T06:44:34.912901Z,2026-02-17T07:44:34.912901Z,,10.358,,,,TOU
run_20260217_220238-0032,,EVSE-050,2026-02-17T04:44:57.605611Z,2026-02-17T05:59:57.605611Z,,26.827,,,,TOU
run_20260217_220238-0033,,EVSE-010,2026-02-17T12:21:10.817725Z,2026-02-17T12:51:10.817725Z,,5.515,,,,TOU
run_20260217_220238-0034,,EVSE-050,2026-02-17T07:19:42.736217Z,2026-02-17T07:49:42.736217Z,,3.543,,,,TOU
run_20260217_220238-0035,,EVSE-047,2026-02-17T07:17:26.813967Z,2026-02-17T08:32:26.813967Z,,13.113,,,,TOU
run_20260217_220238-0036,,EVSE-030,2026-02-17T12:45:57.491106Z,2026-02-17T13:15:57.491106Z,,10.032,,,,TOU
run_20260217_220238-0037,,EVSE-048,2026-02-17T17:44:22.494477Z,2026-02-17T18:24:22.494477Z,,4.872,,,,TOU
run_20260217_220238-0038,,EVSE-009,2026-02-16T23:59:07.963617Z,2026-02-17T00:39:07.963617Z,,4.515,,,,TOU
run_20260217_220238-0039,,EVSE-011,2026-02-17T21:14:16.751856Z,2026-02-17T21:44:16.751856Z,,5.48,,,,TOU
run_20260217_220238-0040,,EVSE-013,2026-02-17T21:23:20.268030Z,2026-02-17T21:43:20.268030Z,,3.197,,,,TOU
run_20260217_220238-0041,,EVSE-003,2026-02-17T07:24:30.914463Z,2026-02-17T07:54:30.914463Z,,3.515,,,,TOU
run_20260217_220238-0042,,EVSE-046,2026-02-17T13:42:08.139657Z,2026-02-17T14:22:08.139657Z,,4.784,,,,TOU
run_20260217_220238-0043,,EVSE-025,2026-02-17T19:45:21.766562Z,2026-02-17T21:00:21.766562Z,,27.221,,,,TOU
run_20260217_220238-0044,,EVSE-013,2026-02-17T12:07:11.918088Z,2026-02-17T12:47:11.918088Z,,4.53,,,,TOU
run_20260217_220238-0045,,EVSE-028,2026-02-17T06:42:05.549021Z,2026-02-17T07:42:05.549021Z,,21.664,,,,TOU
run_20260217_220238-0046,,EVSE-013,2026-02-17T10:46:26.435954Z,2026-02-17T11:26:26.435954Z,,15.226,,,,TOU
run_20260217_220238-0047,,EVSE-019,2026-02-17T12:21:45.242065Z,2026-02-17T13:36:45.242065Z,,26.606,,,,TOU
run_20260217_220238-0048,,EVSE-044,2026-02-17T13:24:43.495841Z,2026-02-17T13:54:43.495841Z,,3.676,,,,TOU
run_20260217_220238-0049,,EVSE-048,2026-02-17T20:24:09.328701Z,2026-02-17T21:39:09.328701Z,,13.324,,,,TOU
run_20260217_220238-0050,,EVSE-039,2026-02-17T05:40:39.514184Z,2026-02-17T06:10:39.514184Z,,5.577,,,,TOU
run_20260217_220238-0051,,EVSE-013,2026-02-17T23:11:59.916495Z,2026-02-17T23:51:59.916495Z,,14.963,,,,TOU
run_20260217_220238-0052,,EVSE-019,2026-02-17T10:54:49.810479Z,2026-02-17T11:24:49.810479Z,,5.473,,,,TOU
run_20260217_220238-0053,,EVSE-002,2026-02-17T12:44:04.495368Z,2026-02-17T13:24:04.495368Z,,13.583,,,,TOU
run_20260217_220238-0054,,EVSE-043,2026-02-17T00:53:50.880771Z,2026-02-17T02:08:50.880771Z,,27.448,,,,TOU
run_20260217_220238-0055,,EVSE-035,2026-02-17T20:07:24.732730Z,2026-02-17T21:07:24.732730Z,,21.679,,,,TOU
run_20260217_220238-0056,,EVSE-001,2026-02-17T22:40:56.767023Z,2026-02-17T23:55:56.767023Z,,13.41,,,,TOU
run_20260217_220238-0057,,EVSE-019,2026-02-17T21:44:46.725009Z,2026-02-17T22:04:46.725009Z,,4.045,,,,TOU
run_20260217_220238-0058,,EVSE-001,2026-02-17T17:25:16.088924Z,2026-02-17T18:25:16.088924Z,,10.887,,,,TOU
run_20260217_220238-0059,,EVSE-046,2026-02-17T16:49:04.774580Z,2026-02-17T18:04:04.774580Z,,28.234,,,,TOU
run_20260217_220238-0060,,EVSE-007,2026-02-17T14:50:01.628904Z,2026-02-17T15:20:01.628904Z,,5.783,,,,TOU
run_20260217_220238-0061,,EVSE-026,2026-02-17T13:01:01.414365Z,2026-02-17T13:31:01.414365Z,,5.799,,,,TOU
run_20260217_220238-0062,,EVSE-007,2026-02-17T03:32:27.478741Z,2026-02-17T04:47:27.478741Z,,14.238,,,,TOU
run_20260217_220238-0063,,EVSE-016,2026-02-17T07:19:38.299535Z,2026-02-17T07:39:38.299535Z,,2.418,,,,TOU
run_20260217_220238-0064,,EVSE-015,2026-02-17T10:24:03.815450Z,2026-02-17T10:54:03.815450Z,,3.626,,,,TOU
run_20260217_220238-0065,,EVSE-041,2026-02-17T17:53:16.357875Z,2026-02-17T18:33:16.357875Z,,15.418,,,,TOU
run_20260217_220238-0066,,EVSE-044,2026-02-17T07:24:56.912523Z,2026-02-17T08:24:56.912523Z,,11.18,,,,TOU
run_20260217_220238-0067,,EVSE-029,2026-02-17T00:37:00.716626Z,2026-02-17T01:52:00.716626Z,,25.226,,,,TOU
run_20260217_220238-0068,,EVSE-024,2026-02-17T15:13:35.989466Z,2026-02-17T15:43:35.989466Z,,3.589,,,,TOU
run_20260217_220238-0069,,EVSE-030,2026-02-17T02:03:34.725405Z,2026-02-17T02:33:34.725405Z,,5.566,,,,TOU
run_20260217_220238-0070,,EVSE-001,2026-02-17T20:36:18.593903Z,2026-02-17T21:06:18.593903Z,,10.212,,,,TOU
run_20260217_220238-0071,,EVSE-036,2026-02-17T21:01:01.933144Z,2026-02-17T21:41:01.933144Z,,14.509,,,,TOU
run_20260217_220238-0072,,EVSE-009,2026-02-17T09:20:28.898278Z,2026-02-17T09:40:28.898278Z,,7.139,,,,TOU
run_20260217_220238-0073,,EVSE-032,2026-02-17T23:05:24.872121Z,2026-02-18T00:05:24.872121Z,,7.37,,,,TOU
run_20260217_220238-0074,,EVSE-042,2026-02-17T01:26:45.815122Z,2026-02-17T02:06:45.815122Z,,4.665,,,,TOU
run_20260217_220238-0075,,EVSE-004,2026-02-17T14:25:40.734867Z,2026-02-17T14:55:40.734867Z,,3.722,,,,TOU
run_20260217_220238-0076,,EVSE-050,2026-02-17T18:08:15.647285Z,2026-02-17T18:38:15.647285Z,,10.793,,,,TOU
run_20260217_220238-0077,,EVSE-012,2026-02-17T02:22:14.118521Z,2026-02-17T02:42:14.118521Z,,3.645,,,,TOU
run_20260217_220238-0078,,EVSE-027,2026-02-17T03:11:18.902433Z,2026-02-17T03:41:18.902433Z,,3.631,,,,TOU
run_20260217_220238-0079,,EVSE-031,2026-02-17T06:05:14.520237Z,2026-02-17T07:05:14.520237Z,,10.903,,,,TOU
run_20260217_220238-0080,,EVSE-010,2026-02-17T13:45:09.959294Z,2026-02-17T14:05:09.959294Z,,3.605,,,,TOU
run_20260217_220238-0081,,EVSE-027,2026-02-17T17:22:58.617638Z,2026-02-17T18:37:58.617638Z,,25.539,,,,TOU
run_20260217_220238-0082,,EVSE-036,2026-02-17T13:05:57.694789Z,2026-02-17T14:05:57.694789Z,,22.818,,,,TOU
run_20260217_220238-0083,,EVSE-008,2026-02-17T01:01:27.632500Z,2026-02-17T02:16:27.632500Z,,13.371,,,,TOU
run_20260217_220238-0084,,EVSE-001,2026-02-17T10:12:17.759626Z,2026-02-17T11:12:17.759626Z,,22.845,,,,TOU
run_20260217_220238-0085,,EVSE-004,2026-02-17T20:32:43.071234Z,2026-02-17T21:32:43.071234Z,,7.435,,,,TOU
run_20260217_220238-0086,,EVSE-027,2026-02-17T05:52:36.740044Z,2026-02-17T06:12:36.740044Z,,7.349,,,,TOU
run_20260217_220238-0087,,EVSE-043,2026-02-17T05:51:52.912387Z,2026-02-17T06:11:52.912387Z,,3.642,,,,TOU
run_20260217_220238-0088,,EVSE-005,2026-02-17T18:41:27.207173Z,2026-02-17T19:56:27.207173Z,,9.137,,,,TOU
run_20260217_220238-0089,,EVSE-045,2026-02-17T06:10:27.629315Z,2026-02-17T07:10:27.629315Z,,7.308,,,,TOU
run_20260217_220238-0090,,EVSE-048,2026-02-17T21:52:05.578256Z,2026-02-17T22:12:05.578256Z,,2.532,,,,TOU
run_20260217_220238-0091,,EVSE-042,2026-02-17T15:59:22.871017Z,2026-02-17T16:29:22.871017Z,,3.452,,,,TOU
run_20260217_220238-0092,,EVSE-032,2026-02-17T18:18:46.371451Z,2026-02-17T18:48:46.371451Z,,5.745,,,,TOU
run_20260217_220238-0093,,EVSE-024,2026-02-17T10:27:13.254244Z,2026-02-17T11:42:13.254244Z,,13.08,,,,TOU
run_20260217_220238-0094,,EVSE-048,2026-02-17T22:08:30.441499Z,2026-02-17T22:28:30.441499Z,,6.696,,,,TOU
run_20260217_220238-0095,,EVSE-040,2026-02-17T13:11:23.008005Z,2026-02-17T14:26:23.008005Z,,27.673,,,,TOU
run_20260217_220238-0096,,EVSE-019,2026-02-17T15:02:05.588746Z,2026-02-17T15:42:05.588746Z,,7.227,,,,TOU
run_20260217_220238-0097,,EVSE-044,2026-02-17T03:32:44.675137Z,2026-02-17T04:47:44.675137Z,,9.193,,,,TOU
run_20260217_220238-0098,,EVSE-048,2026-02-17T21:44:25.663818Z,2026-02-17T22:44:25.663818Z,,22.902,,,,TOU
run_20260217_220238-0099,,EVSE-027,2026-02-17T23:04:38.616660Z,2026-02-17T23:44:38.616660Z,,15.394,,,,TOU
run_20260217_220238-0100,,EVSE-019,2026-02-17T06:42:47.797784Z,2026-02-17T07:42:47.797784Z,,22.403,,,,TOU
run_20260217_220238-0101,,EVSE-018,2026-02-17T11:54:48.861855Z,2026-02-17T12:54:48.861855Z,,6.943,,,,TOU
run_20260217_220238-0102,,EVSE-046,2026-02-17T11:39:46.323443Z,2026-02-17T12:39:46.323443Z,,7.46,,,,TOU
run_20260217_220238-0103,,EVSE-001,2026-02-17T04:59:24.712922Z,2026-02-17T05:29:24.712922Z,,3.649,,,,TOU
run_20260217_220238-0104,,EVSE-004,2026-02-17T23:31:38.064344Z,2026-02-18T00:01:38.064344Z,,3.37,,,,TOU
run_20260217_220238-0105,,EVSE-024,2026-02-17T08:38:54.570340Z,2026-02-17T09:53:54.570340Z,,13.537,,,,TOU
run_20260217_220238-0106,,EVSE-042,2026-02-17T11:21:28.463924Z,2026-02-17T12:36:28.463924Z,,27.213,,,,TOU
run_20260217_220238-0107,,EVSE-035,2026-02-17T05:17:02.079923Z,2026-02-17T06:17:02.079923Z,,22.758,,,,TOU
run_20260217_220238-0108,,EVSE-026,2026-02-17T23:06:15.965339Z,2026-02-17T23:36:15.965339Z,,5.667,,,,TOU
run_20260217_220238-0109,,EVSE-006,2026-02-17T02:30:43.320436Z,2026-02-17T03:30:43.320436Z,,10.404,,,,TOU
run_20260217_220238-0110,,EVSE-026,2026-02-17T16:53:16.708377Z,2026-02-17T17:53:16.708377Z,,20.769,,,,TOU
run_20260217_220238-0111,,EVSE-024,2026-02-17T04:45:25.307711Z,2026-02-17T05:15:25.307711Z,,3.829,,,,TOU
run_20260217_220238-0112,,EVSE-005,2026-02-17T01:11:46.041534Z,2026-02-17T01:31:46.041534Z,,7.606,,,,TOU
run_20260217_220238-0113,,EVSE-032,2026-02-17T11:16:34.666235Z,2026-02-17T12:16:34.666235Z,,11.171,,,,TOU
run_20260217_220238-0114,,EVSE-021,2026-02-17T20:43:33.064708Z,2026-02-17T21:03:33.064708Z,,4.028,,,,TOU
run_20260217_220238-0115,,EVSE-030,2026-02-17T06:57:15.701939Z,2026-02-17T08:12:15.701939Z,,28.432,,,,TOU
run_20260217_220238-0116,,EVSE-050,2026-02-17T10:44:37.704909Z,2026-02-17T11:59:37.704909Z,,8.978,,,,TOU
run_20260217_220238-0117,,EVSE-015,2026-02-17T13:36:01.780048Z,2026-02-17T13:56:01.780048Z,,2.392,,,,TOU
run_20260217_220238-0118,,EVSE-038,2026-02-17T01:24:05.889654Z,2026-02-17T02:04:05.889654Z,,4.974,,,,TOU
run_20260217_220238-0119,,EVSE-020,2026-02-17T08:10:25.479740Z,2026-02-17T09:25:25.479740Z,,13.346,,,,TOU
run_20260217_220238-0120,,EVSE-049,2026-02-17T04:40:14.943476Z,2026-02-17T05:40:14.943476Z,,11.387,,,,TOU
run_20260217_220238-0121,,EVSE-011,2026-02-17T10:30:13.334959Z,2026-02-17T11:10:13.334959Z,,4.769,,,,TOU
run_20260217_220238-0122,,EVSE-016,2026-02-17T01:34:23.867354Z,2026-02-17T02:14:23.867354Z,,4.709,,,,TOU
run_20260217_220238-0123,,EVSE-035,2026-02-17T15:30:49.864323Z,2026-02-17T15:50:49.864323Z,,3.339,,,,TOU
run_20260217_220238-0124,,EVSE-036,2026-02-17T21:24:12.251910Z,2026-02-17T21:54:12.251910Z,,5.251,,,,TOU
run_20260217_220238-0125,,EVSE-033,2026-02-17T14:42:39.461522Z,2026-02-17T15:42:39.461522Z,,22.802,,,,TOU
run_20260217_220238-0126,,EVSE-020,2026-02-17T23:02:57.833316Z,2026-02-17T23:42:57.833316Z,,7.303,,,,TOU
run_20260217_220238-0127,,EVSE-015,2026-02-17T11:48:27.985192Z,2026-02-17T13:03:27.985192Z,,27.435,,,,TOU
run_20260217_220238-0128,,EVSE-045,2026-02-17T09:58:43.588863Z,2026-02-17T10:28:43.588863Z,,10.547,,,,TOU
run_20260217_220238-0129,,EVSE-009,2026-02-17T23:31:43.811447Z,2026-02-18T00:11:43.811447Z,,7.53,,,,TOU
run_20260217_220238-0130,,EVSE-018,2026-02-17T10:31:19.382821Z,2026-02-17T11:31:19.382821Z,,20.858,,,,TOU
run_20260217_220238-0131,,EVSE-037,2026-02-17T18:35:11.487917Z,2026-02-17T19:15:11.487917Z,,6.793,,,,TOU
run_20260217_220238-0132,,EVSE-045,2026-02-17T14:52:14.422384Z,2026-02-17T15:52:14.422384Z,,10.69,,,,TOU
run_20260217_220238-0133,,EVSE-031,2026-02-17T21:21:42.823352Z,2026-02-17T22:36:42.823352Z,,8.787,,,,TOU
run_20260217_220238-0134,,EVSE-012,2026-02-17T19:11:47.003789Z,2026-02-17T19:51:47.003789Z,,7.401,,,,TOU
run_20260217_220238-0135,,EVSE-019,2026-02-17T03:52:50.937582Z,2026-02-17T04:12:50.937582Z,,3.436,,,,TOU
run_20260217_220238-0136,,EVSE-019,2026-02-17T23:45:39.316643Z,2026-02-18T01:00:39.316643Z,,28.665,,,,TOU
run_20260217_220238-0137,,EVSE-012,2026-02-17T05:48:30.770378Z,2026-02-17T06:18:30.770378Z,,11.351,,,,TOU
run_20260217_220238-0138,,EVSE-001,2026-02-17T12:31:27.965890Z,2026-02-17T13:01:27.965890Z,,3.511,,,,TOU
run_20260217_220238-0139,,EVSE-050,2026-02-17T15:21:14.699376Z,2026-02-17T15:51:14.699376Z,,3.837,,,,TOU
run_20260217_220238-0140,,EVSE-031,2026-02-17T21:09:55.279559Z,2026-02-17T21:49:55.279559Z,,7.001,,,,TOU
run_20260217_220238-0141,,EVSE-037,2026-02-17T04:44:07.632710Z,2026-02-17T05:14:07.632710Z,,3.421,,,,TOU
run_20260217_220238-0142,,EVSE-030,2026-02-17T04:05:33.921738Z,2026-02-17T05:20:33.921738Z,,8.817,,,,TOU
run_20260217_220238-0143,,EVSE-028,2026-02-17T16:35:14.149668Z,2026-02-17T16:55:14.149668Z,,3.716,,,,TOU
run_20260217_220238-0144,,EVSE-009,2026-02-17T22:27:11.143594Z,2026-02-17T22:47:11.143594Z,,2.49,,,,TOU
run_20260217_220238-0145,,EVSE-034,2026-02-17T00:30:12.004183Z,2026-02-17T01:30:12.004183Z,,10.952,,,,TOU
run_20260217_220238-0146,,EVSE-025,2026-02-17T00:29:38.213825Z,2026-02-17T00:49:38.213825Z,,2.383,,,,TOU
run_20260217_220238-0147,,EVSE-002,2026-02-17T18:02:34.959873Z,2026-02-17T18:42:34.959873Z,,4.736,,,,TOU
run_20260217_220238-0148,,EVSE-021,2026-02-17T22:22:06.065990Z,2026-02-17T23:37:06.065990Z,,8.854,,,,TOU
run_20260217_220238-0149,,EVSE-027,2026-02-17T02:57:11.280964Z,2026-02-17T04:12:11.280964Z,,8.57,,,,TOU
run_20260217_220238-0150,,EVSE-013,2026-02-17T14:56:53.839713Z,2026-02-17T16:11:53.839713Z,,13.787,,,,TOU
run_20260217_220238-0151,,EVSE-049,2026-02-17T14:55:52.686963Z,2026-02-17T16:10:52.686963Z,,27.99,,,,TOU
run_20260217_220238-0152,,EVSE-027,2026-02-17T18:09:39.949089Z,2026-02-17T19:24:39.949089Z,,27.976,,,,TOU
run_20260217_220238-0153,,EVSE-025,2026-02-17T03:14:43.069697Z,2026-02-17T03:44:43.069697Z,,3.647,,,,TOU
run_20260217_220238-0154,,EVSE-004,2026-02-17T18:05:08.926585Z,2026-02-17T19:20:08.926585Z,,26.922,,,,TOU
run_20260217_220238-0155,,EVSE-005,2026-02-17T03:50:44.482153Z,2026-02-17T04:10:44.482153Z,,7.724,,,,TOU
run_20260217_220238-0156,,EVSE-012,2026-02-17T23:45:50.177710Z,2026-02-18T01:00:50.177710Z,,14.045,,,,TOU
run_20260217_220238-0157,,EVSE-026,2026-02-17T21:40:18.479882Z,2026-02-17T22:10:18.479882Z,,3.527,,,,TOU
run_20260217_220238-0158,,EVSE-025,2026-02-17T18:08:46.837942Z,2026-02-17T18:38:46.837942Z,,5.069,,,,TOU
run_20260217_220238-0159,,EVSE-037,2026-02-17T12:33:33.159349Z,2026-02-17T12:53:33.159349Z,,7.251,,,,TOU
run_20260217_220238-0160,,EVSE-010,2026-02-17T00:36:40.245977Z,2026-02-17T01:51:40.245977Z,,9.232,,,,TOU
run_20260217_220238-0161,,EVSE-023,2026-02-17T06:52:41.735044Z,2026-02-17T07:52:41.735044Z,,7.057,,,,TOU
run_20260217_220238-0162,,EVSE-021,2026-02-17T13:29:35.574954Z,2026-02-17T13:49:35.574954Z,,3.153,,,,TOU
run_20260217_220238-0163,,EVSE-041,2026-02-17T17:25:24.544726Z,2026-02-17T18:25:24.544726Z,,11.058,,,,TOU
run_20260217_220238-0164,,EVSE-033,2026-02-17T14:37:56.661326Z,2026-02-17T15:17:56.661326Z,,4.936,,,,TOU
run_20260217_220238-0165,,EVSE-016,2026-02-17T23:21:10.971493Z,2026-02-18T00:01:10.971493Z,,15.758,,,,TOU
run_20260217_220238-0166,,EVSE-013,2026-02-17T19:54:48.035419Z,2026-02-17T20:54:48.035419Z,,7.128,,,,TOU
run_20260217_220238-0167,,EVSE-022,2026-02-17T20:43:53.704981Z,2026-02-17T21:03:53.704981Z,,3.665,,,,TOU
run_20260217_220238-0168,,EVSE-013,2026-02-17T04:13:06.555252Z,2026-02-17T05:28:06.555252Z,,8.821,,,,TOU
run_20260217_220238-0169,,EVSE-025,2026-02-17T10:53:17.647017Z,2026-02-17T12:08:17.647017Z,,8.867,,,,TOU
run_20260217_220238-0170,,EVSE-043,2026-02-17T00:12:23.466913Z,2026-02-17T01:12:23.466913Z,,21.831,,,,TOU
run_20260217_220238-0171,,EVSE-045,2026-02-17T19:59:28.354181Z,2026-02-17T21:14:28.354181Z,,8.723,,,,TOU
run_20260217_220238-0172,,EVSE-047,2026-02-17T15:42:14.817711Z,2026-02-17T16:02:14.817711Z,,3.876,,,,TOU
run_20260217_220238-0173,,EVSE-048,2026-02-17T16:29:52.674287Z,2026-02-17T17:29:52.674287Z,,7.512,,,,TOU
run_20260217_220238-0174,,EVSE-028,2026-02-17T19:47:47.240684Z,2026-02-17T20:17:47.240684Z,,5.46,,,,TOU
run_20260217_220238-0175,,EVSE-005,2026-02-17T06:17:09.644871Z,2026-02-17T06:47:09.644871Z,,5.419,,,,TOU
run_20260217_220238-0176,,EVSE-020,2026-02-17T04:47:42.996365Z,2026-02-17T06:02:42.996365Z,,9.037,,,,TOU
run_20260217_220238-0177,,EVSE-009,2026-02-17T09:49:09.453266Z,2026-02-17T10:19:09.453266Z,,5.695,,,,TOU
run_20260217_220238-0178,,EVSE-013,2026-02-17T13:49:49.449229Z,2026-02-17T14:49:49.449229Z,,21.846,,,,TOU
run_20260217_220238-0179,,EVSE-008,2026-02-17T00:51:05.166675Z,2026-02-17T02:06:05.166675Z,,27.18,,,,TOU
run_20260217_220238-0180,,EVSE-008,2026-02-17T17:33:14.398228Z,2026-02-17T18:48:14.398228Z,,13.592,,,,TOU
run_20260217_220238-0181,,EVSE-044,2026-02-17T18:17:47.860816Z,2026-02-17T19:32:47.860816Z,,27.269,,,,TOU
run_20260217_220238-0182,,EVSE-027,2026-02-17T20:43:45.118485Z,2026-02-17T21:43:45.118485Z,,7.521,,,,TOU
run_20260217_220238-0183,,EVSE-032,2026-02-17T22:10:15.393984Z,2026-02-17T22:30:15.393984Z,,3.633,,,,TOU
run_20260217_220238-0184,,EVSE-035,2026-02-17T23:55:26.325444Z,2026-02-18T00:15:26.325444Z,,7.36,,,,TOU
run_20260217_220238-0185,,EVSE-022,2026-02-17T00:44:53.690681Z,2026-02-17T01:14:53.690681Z,,5.425,,,,TOU
run_20260217_220238-0186,,EVSE-011,2026-02-17T05:41:21.252463Z,2026-02-17T06:01:21.252463Z,,2.348,,,,TOU
run_20260217_220238-0187,,EVSE-041,2026-02-17T23:58:01.599517Z,2026-02-18T00:58:01.599517Z,,7.533,,,,TOU
run_20260217_220238-0188,,EVSE-044,2026-02-17T07:11:48.265500Z,2026-02-17T07:41:48.265500Z,,5.427,,,,TOU
run_20260217_220238-0189,,EVSE-020,2026-02-17T23:47:23.394037Z,2026-02-18T00:27:23.394037Z,,4.957,,,,TOU
run_20260217_220238-0190,,EVSE-047,2026-02-17T05:25:13.014213Z,2026-02-17T05:55:13.014213Z,,11.048,,,,TOU
run_20260217_220238-0191,,EVSE-036,2026-02-17T06:01:29.572537Z,2026-02-17T07:01:29.572537Z,,21.241,,,,TOU
run_20260217_220238-0192,,EVSE-016,2026-02-17T06:40:30.079203Z,2026-02-17T07:20:30.079203Z,,14.781,,,,TOU
run_20260217_220238-0193,,EVSE-050,2026-02-17T21:16:38.947551Z,2026-02-17T22:16:38.947551Z,,22.394,,,,TOU
run_20260217_220238-0194,,EVSE-019,2026-02-17T09:53:11.793866Z,2026-02-17T10:13:11.793866Z,,3.774,,,,TOU
run_20260217_220238-0195,,EVSE-042,2026-02-17T11:57:29.369380Z,2026-02-17T12:57:29.369380Z,,10.603,,,,TOU
run_20260217_220238-0196,,EVSE-001,2026-02-17T22:23:47.656775Z,2026-02-17T23:23:47.656775Z,,23.332,,,,TOU
run_20260217_220238-0197,,EVSE-005,2026-02-17T01:06:39.400168Z,2026-02-17T02:21:39.400168Z,,27.485,,,,TOU
run_20260217_220238-0198,,EVSE-037,2026-02-17T11:43:28.445618Z,2026-02-17T12:03:28.445618Z,,3.878,,,,TOU
run_20260217_220238-0199,,EVSE-005,2026-02-17T21:12:55.176655Z,2026-02-17T22:27:55.176655Z,,9.058,,,,TOU
run_20260217_220238-0200,,EVSE-030,2026-02-17T21:07:03.759676Z,2026-02-17T21:27:03.759676Z,,2.495,,,,TOU
run_20260217_220238-0201,,EVSE-032,2026-02-17T05:25:07.225771Z,2026-02-17T06:05:07.225771Z,,7.392,,,,TOU
run_20260217_220238-0202,,EVSE-027,2026-02-17T05:21:43.453405Z,2026-02-17T06:36:43.453405Z,,9.367,,,,TOU
run_20260217_220238-0203,,EVSE-030,2026-02-17T22:32:45.065464Z,2026-02-17T23:02:45.065464Z,,11.306,,,,TOU
run_20260217_220238-0204,,EVSE-028,2026-02-17T21:56:44.431127Z,2026-02-17T22:16:44.431127Z,,8.132,,,,TOU
run_20260217_220238-0205,,EVSE-009,2026-02-17T20:50:46.804052Z,2026-02-17T21:30:46.804052Z,,7.545,,,,TOU
run_20260217_220238-0206,,EVSE-020,2026-02-17T09:57:01.225707Z,2026-02-17T10:27:01.225707Z,,3.702,,,,TOU
run_20260217_220238-0207,,EVSE-014,2026-02-17T03:31:25.539159Z,2026-02-17T03:51:25.539159Z,,2.269,,,,TOU
run_20260217_220238-0208,,EVSE-017,2026-02-17T16:06:58.627872Z,2026-02-17T16:26:58.627872Z,,7.209,,,,TOU
run_20260217_220238-0209,,EVSE-042,2026-02-17T19:48:37.827910Z,2026-02-17T20:48:37.827910Z,,11.125,,,,TOU
run_20260217_220238-0210,,EVSE-006,2026-02-17T09:54:59.339810Z,2026-02-17T10:14:59.339810Z,,2.286,,,,TOU
run_20260217_220238-0211,,EVSE-012,2026-02-17T04:04:43.626288Z,2026-02-17T04:44:43.626288Z,,5.067,,,,TOU
run_20260217_220238-0212,,EVSE-006,2026-02-17T02:11:02.515749Z,2026-02-17T02:51:02.515749Z,,6.979,,,,TOU
run_20260217_220238-0213,,EVSE-046,2026-02-17T20:41:22.808120Z,2026-02-17T21:11:22.808120Z,,10.175,,,,TOU
run_20260217_220238-0214,,EVSE-015,2026-02-17T10:54:53.661559Z,2026-02-17T11:54:53.661559Z,,11.273,,,,TOU
run_20260217_220238-0215,,EVSE-025,2026-02-17T21:34:48.393257Z,2026-02-17T22:04:48.393257Z,,5.214,,,,TOU
run_20260217_220238-0216,,EVSE-023,2026-02-17T03:50:31.197401Z,2026-02-17T04:20:31.197401Z,,3.467,,,,TOU
run_20260217_220238-0217,,EVSE-021,2026-02-17T10:27:24.399542Z,2026-02-17T11:42:24.399542Z,,9.273,,,,TOU
run_20260217_220238-0218,,EVSE-007,2026-02-17T20:26:17.681560Z,2026-02-17T20:56:17.681560Z,,3.765,,,,TOU
run_20260217_220238-0219,,EVSE-045,2026-02-17T16:14:27.083142Z,2026-02-17T16:44:27.083142Z,,11.553,,,,TOU
run_20260217_220238-0220,,EVSE-037,2026-02-17T09:15:15.543588Z,2026-02-17T09:55:15.543588Z,,4.906,,,,TOU
run_20260217_220238-0221,,EVSE-043,2026-02-17T00:07:13.937521Z,2026-02-17T01:22:13.937521Z,,9.13,,,,TOU
run_20260217_220238-0222,,EVSE-035,2026-02-17T02:42:13.136285Z,2026-02-17T03:42:13.136285Z,,7.339,,,,TOU
run_20260217_220238-0223,,EVSE-031,2026-02-17T04:05:31.077138Z,2026-02-17T05:20:31.077138Z,,27.51,,,,TOU
run_20260217_220238-0224,,EVSE-047,2026-02-17T13:37:53.663930Z,2026-02-17T14:07:53.663930Z,,11.746,,,,TOU
run_20260217_220238-0225,,EVSE-043,2026-02-17T11:01:13.162709Z,2026-02-17T11:41:13.162709Z,,7.314,,,,TOU
run_20260217_220238-0226,,EVSE-008,2026-02-17T12:27:19.626460Z,2026-02-17T12:47:19.626460Z,,2.595,,,,TOU
run_20260217_220238-0227,,EVSE-045,2026-02-17T14:26:38.821089Z,2026-02-17T15:26:38.821089Z,,22.647,,,,TOU
run_20260217_220238-0228,,EVSE-031,2026-02-17T21:55:34.888257Z,2026-02-17T22:35:34.888257Z,,14.842,,,,TOU
run_20260217_220238-0229,,EVSE-049,2026-02-17T18:19:40.529517Z,2026-02-17T18:59:40.529517Z,,4.801,,,,TOU
run_20260217_220238-0230,,EVSE-041,2026-02-17T01:12:21.087866Z,2026-02-17T01:42:21.087866Z,,3.313,,,,TOU
run_20260217_220238-0231,,EVSE-045,2026-02-17T09:42:07.882639Z,2026-02-17T10:22:07.882639Z,,14.621,,,,TOU
run_20260217_220238-0232,,EVSE-025,2026-02-17T11:26:30.642297Z,2026-02-17T12:26:30.642297Z,,7.142,,,,TOU
run_20260217_220238-0233,,EVSE-022,2026-02-17T10:15:17.192081Z,2026-02-17T11:15:17.192081Z,,7.274,,,,TOU
run_20260217_220238-0234,,EVSE-047,2026-02-17T16:42:36.052022Z,2026-02-17T17:22:36.052022Z,,7.563,,,,TOU
run_20260217_220238-0235,,EVSE-033,2026-02-17T08:29:24.064293Z,2026-02-17T08:59:24.064293Z,,5.578,,,,TOU
run_20260217_220238-0236,,EVSE-041,2026-02-17T22:24:30.693998Z,2026-02-17T23:39:30.693998Z,,13.796,,,,TOU
run_20260217_220238-0237,,EVSE-017,2026-02-17T07:38:06.535258Z,2026-02-17T08:08:06.535258Z,,5.376,,,,TOU
run_20260217_220238-0238,,EVSE-027,2026-02-17T07:27:03.313550Z,2026-02-17T08:07:03.313550Z,,4.511,,,,TOU
run_20260217_220238-0239,,EVSE-017,2026-02-17T03:13:55.974038Z,2026-02-17T03:33:55.974038Z,,3.693,,,,TOU
run_20260217_220238-0240,,EVSE-001,2026-02-17T01:21:04.370760Z,2026-02-17T02:01:04.370760Z,,7.218,,,,TOU
run_20260217_220238-0241,,EVSE-017,2026-02-17T08:05:12.488902Z,2026-02-17T08:45:12.488902Z,,14.576,,,,TOU
run_20260217_220238-0242,,EVSE-047,2026-02-17T01:07:50.974243Z,2026-02-17T01:47:50.974243Z,,4.791,,,,TOU
run_20260217_220238-0243,,EVSE-044,2026-02-17T12:02:46.987626Z,2026-02-17T12:42:46.987626Z,,7.432,,,,TOU
run_20260217_220238-0244,,EVSE-036,2026-02-17T05:08:44.894422Z,2026-02-17T05:48:44.894422Z,,14.246,,,,TOU
run_20260217_220238-0245,,EVSE-008,2026-02-17T19:35:22.893954Z,2026-02-17T20:15:22.893954Z,,14.763,,,,TOU
run_20260217_220238-0246,,EVSE-046,2026-02-17T03:11:23.612859Z,2026-02-17T04:26:23.612859Z,,27.131,,,,TOU
run_20260217_220238-0247,,EVSE-049,2026-02-17T22:02:37.889257Z,2026-02-17T22:42:37.889257Z,,15.403,,,,TOU
run_20260217_220238-0248,,EVSE-047,2026-02-17T20:52:39.325266Z,2026-02-17T21:52:39.325266Z,,21.54,,,,TOU
run_20260217_220238-0249,,EVSE-039,2026-02-17T07:20:19.461844Z,2026-02-17T08:00:19.461844Z,,7.313,,,,TOU
run_20260217_220238-0250,,EVSE-002,2026-02-17T13:34:31.324125Z,2026-02-17T14:04:31.324125Z,,5.832,,,,TOU
run_20260217_220238-0251,,EVSE-041,2026-02-17T06:31:52.613249Z,2026-02-17T07:01:52.613249Z,,3.52,,,,TOU
run_20260217_220238-0252,,EVSE-045,2026-02-17T11:08:59.031286Z,2026-02-17T11:28:59.031286Z,,7.532,,,,TOU
run_20260217_220238-0253,,EVSE-001,2026-02-17T13:19:11.245435Z,2026-02-17T13:39:11.245435Z,,7.661,,,,TOU
run_20260217_220238-0254,,EVSE-027,2026-02-17T08:06:12.180626Z,2026-02-17T09:21:12.180626Z,,13.402,,,,TOU
run_20260217_220238-0255,,EVSE-017,2026-02-17T23:02:15.346861Z,2026-02-18T00:02:15.346861Z,,7.263,,,,TOU
run_20260217_220238-0256,,EVSE-007,2026-02-17T13:01:16.693318Z,2026-02-17T13:41:16.693318Z,,7.536,,,,TOU
run_20260217_220238-0257,,EVSE-040,2026-02-17T02:36:58.770203Z,2026-02-17T02:56:58.770203Z,,2.36,,,,TOU
run_20260217_220238-0258,,EVSE-011,2026-02-17T06:23:22.929523Z,2026-02-17T07:03:22.929523Z,,7.408,,,,TOU
run_20260217_220238-0259,,EVSE-029,2026-02-17T07:16:30.922928Z,2026-02-17T07:36:30.922928Z,,2.516,,,,TOU
run_20260217_220238-0260,,EVSE-003,2026-02-17T14:52:09.532684Z,2026-02-17T15:32:09.532684Z,,15.681,,,,TOU
run_20260217_220238-0261,,EVSE-015,2026-02-17T08:15:50.283649Z,2026-02-17T08:35:50.283649Z,,7.014,,,,TOU
run_20260217_220238-0262,,EVSE-036,2026-02-17T07:54:25.447450Z,2026-02-17T08:34:25.447450Z,,14.647,,,,TOU
run_20260217_220238-0263,,EVSE-011,2026-02-17T09:16:24.229425Z,2026-02-17T09:36:24.229425Z,,7.276,,,,TOU
run_20260217_220238-0264,,EVSE-030,2026-02-17T12:11:01.616157Z,2026-02-17T12:41:01.616157Z,,5.659,,,,TOU
run_20260217_220238-0265,,EVSE-007,2026-02-17T10:13:49.781997Z,2026-02-17T10:33:49.781997Z,,3.507,,,,TOU
run_20260217_220238-0266,,EVSE-024,2026-02-17T23:07:24.121040Z,2026-02-18T00:22:24.121040Z,,8.873,,,,TOU
run_20260217_220238-0267,,EVSE-003,2026-02-17T21:14:48.381838Z,2026-02-17T21:44:48.381838Z,,3.523,,,,TOU
run_20260217_220238-0268,,EVSE-008,2026-02-17T12:09:54.726916Z,2026-02-17T13:09:54.726916Z,,7.518,,,,TOU
run_20260217_220238-0269,,EVSE-039,2026-02-17T13:10:16.402823Z,2026-02-17T14:25:16.402823Z,,27.423,,,,TOU
run_20260217_220238-0270,,EVSE-045,2026-02-17T16:15:32.698965Z,2026-02-17T17:15:32.698965Z,,11.133,,,,TOU
run_20260217_220238-0271,,EVSE-046,2026-02-17T16:26:58.107304Z,2026-02-17T17:41:58.107304Z,,26.048,,,,TOU
run_20260217_220238-0272,,EVSE-014,2026-02-17T06:02:04.142300Z,2026-02-17T07:17:04.142300Z,,13.725,,,,TOU
run_20260217_220238-0273,,EVSE-027,2026-02-17T23:12:28.728488Z,2026-02-18T00:12:28.728488Z,,6.775,,,,TOU
run_20260217_220238-0274,,EVSE-046,2026-02-17T00:33:48.916814Z,2026-02-17T01:13:48.916814Z,,15.784,,,,TOU
run_20260217_220238-0275,,EVSE-046,2026-02-17T05:51:38.694270Z,2026-02-17T07:06:38.694270Z,,27.726,,,,TOU
run_20260217_220238-0276,,EVSE-021,2026-02-17T23:01:29.133083Z,2026-02-17T23:41:29.133083Z,,14.561,,,,TOU
run_20260217_220238-0277,,EVSE-042,2026-02-17T01:00:56.261197Z,2026-02-17T02:15:56.261197Z,,8.81,,,,TOU
run_20260217_220238-0278,,EVSE-050,2026-02-17T07:55:43.716365Z,2026-02-17T08:55:43.716365Z,,7.084,,,,TOU
run_20260217_220238-0279,,EVSE-044,2026-02-17T04:42:56.633879Z,2026-02-17T05:42:56.633879Z,,11.318,,,,TOU
run_20260217_220238-0280,,EVSE-029,2026-02-17T21:29:20.723687Z,2026-02-17T22:44:20.723687Z,,28.923,,,,TOU
run_20260217_220238-0281,,EVSE-049,2026-02-17T13:35:26.637007Z,2026-02-17T13:55:26.637007Z,,3.384,,,,TOU
run_20260217_220238-0282,,EVSE-006,2026-02-17T22:53:27.343833Z,2026-02-17T23:13:27.343833Z,,3.606,,,,TOU
run_20260217_220238-0283,,EVSE-047,2026-02-17T01:44:33.907990Z,2026-02-17T02:44:33.907990Z,,10.891,,,,TOU
run_20260217_220238-0284,,EVSE-026,2026-02-17T01:00:21.361517Z,2026-02-17T01:20:21.361517Z,,7.254,,,,TOU
run_20260217_220238-0285,,EVSE-017,2026-02-17T01:15:20.980771Z,2026-02-17T01:55:20.980771Z,,4.628,,,,TOU
run_20260217_220238-0286,,EVSE-040,2026-02-17T19:37:50.670116Z,2026-02-17T20:52:50.670116Z,,8.939,,,,TOU
run_20260217_220238-0287,,EVSE-018,2026-02-17T19:20:21.723629Z,2026-02-17T20:20:21.723629Z,,10.735,,,,TOU
run_20260217_220238-0288,,EVSE-009,2026-02-17T20:45:35.976082Z,2026-02-17T21:25:35.976082Z,,7.454,,,,TOU
run_20260217_220238-0289,,EVSE-038,2026-02-17T19:16:08.281305Z,2026-02-17T19:36:08.281305Z,,7.333,,,,TOU
run_20260217_220238-0290,,EVSE-015,2026-02-17T05:31:21.097976Z,2026-02-17T06:01:21.097976Z,,3.525,,,,TOU
run_20260217_220238-0291,,EVSE-011,2026-02-17T09:49:58.494787Z,2026-02-17T10:29:58.494787Z,,4.523,,,,TOU
run_20260217_220238-0292,,EVSE-003,2026-02-17T20:36:51.972154Z,2026-02-17T21:06:51.972154Z,,3.34,,,,TOU
run_20260217_220238-0293,,EVSE-024,2026-02-17T12:16:47.718381Z,2026-02-17T12:36:47.718381Z,,3.914,,,,TOU
run_20260217_220238-0294,,EVSE-018,2026-02-17T01:57:13.272036Z,2026-02-17T02:17:13.272036Z,,2.356,,,,TOU
run_20260217_220238-0295,,EVSE-011,2026-02-17T17:39:49.491605Z,2026-02-17T18:54:49.491605Z,,27.28,,,,TOU
run_20260217_220238-0296,,EVSE-044,2026-02-17T11:38:03.634000Z,2026-02-17T12:18:03.634000Z,,4.594,,,,TOU
run_20260217_220238-0297,,EVSE-003,2026-02-17T18:55:35.178629Z,2026-02-17T19:25:35.178629Z,,11.496,,,,TOU
run_20260217_220238-0298,,EVSE-047,2026-02-17T20:27:30.855353Z,2026-02-17T20:57:30.855353Z,,5.468,,,,TOU
run_20260217_220238-0299,,EVSE-027,2026-02-17T17:10:49.520279Z,2026-02-17T17:30:49.520279Z,,2.211,,,,TOU
run_20260217_220238-0300,,EVSE-015,2026-02-17T04:54:45.171529Z,2026-02-17T05:24:45.171529Z,,10.291,,,,TOU
run_20260217_220238-0301,,EVSE-039,2026-02-17T20:48:36.779653Z,2026-02-17T21:08:36.779653Z,,2.229,,,,TOU
run_20260217_220238-0302,,EVSE-034,2026-02-17T12:33:44.902374Z,2026-02-17T13:48:44.902374Z,,26.667,,,,TOU
run_20260217_220238-0303,,EVSE-017,2026-02-17T01:27:40.371350Z,2026-02-17T02:27:40.371350Z,,10.96,,,,TOU
run_20260217_220238-0304,,EVSE-021,2026-02-17T06:57:49.540465Z,2026-02-17T07:17:49.540465Z,,7.082,,,,TOU
run_20260217_220238-0305,,EVSE-031,2026-02-17T21:25:31.210099Z,2026-02-17T22:25:31.210099Z,,20.711,,,,TOU
run_20260217_220238-0306,,EVSE-033,2026-02-17T16:37:25.173311Z,2026-02-17T17:17:25.173311Z,,15.049,,,,TOU
run_20260217_220238-0307,,EVSE-034,2026-02-17T15:51:38.970079Z,2026-02-17T17:06:38.970079Z,,28.979,,,,TOU
run_20260217_220238-0308,,EVSE-034,2026-02-17T00:51:31.023361Z,2026-02-17T01:11:31.023361Z,,2.327,,,,TOU
run_20260217_220238-0309,,EVSE-005,2026-02-17T23:10:36.152039Z,2026-02-18T00:25:36.152039Z,,28.033,,,,TOU
run_20260217_220238-0310,,EVSE-037,2026-02-17T10:47:35.194734Z,2026-02-17T12:02:35.194734Z,,28.912,,,,TOU
run_20260217_220238-0311,,EVSE-045,2026-02-17T13:21:24.789455Z,2026-02-17T14:21:24.789455Z,,21.536,,,,TOU
run_20260217_220238-0312,,EVSE-012,2026-02-17T16:24:20.868036Z,2026-02-17T17:04:20.868036Z,,14.146,,,,TOU
run_20260217_220238-0313,,EVSE-006,2026-02-17T15:29:54.323175Z,2026-02-17T16:44:54.323175Z,,14.209,,,,TOU
run_20260217_220238-0314,,EVSE-028,2026-02-17T08:03:40.159633Z,2026-02-17T09:18:40.159633Z,,9.165,,,,TOU
run_20260217_220238-0315,,EVSE-016,2026-02-17T11:00:17.649501Z,2026-02-17T12:15:17.649501Z,,14.213,,,,TOU
run_20260217_220238-0316,,EVSE-037,2026-02-17T00:58:43.283006Z,2026-02-17T01:38:43.283006Z,,7.332,,,,TOU
run_20260217_220238-0317,,EVSE-009,2026-02-17T04:26:33.926618Z,2026-02-17T05:06:33.926618Z,,4.78,,,,TOU
run_20260217_220238-0318,,EVSE-017,2026-02-17T03:35:52.711310Z,2026-02-17T04:50:52.711310Z,,26.22,,,,TOU
run_20260217_220238-0319,,EVSE-032,2026-02-17T14:06:03.857825Z,2026-02-17T14:46:03.857825Z,,14.504,,,,TOU
run_20260217_220238-0320,,EVSE-041,2026-02-17T13:15:25.237884Z,2026-02-17T13:35:25.237884Z,,3.808,,,,TOU
run_20260217_220238-0321,,EVSE-029,2026-02-17T15:53:09.650016Z,2026-02-17T17:08:09.650016Z,,26.726,,,,TOU
run_20260217_220238-0322,,EVSE-006,2026-02-17T19:34:12.232397Z,2026-02-17T19:54:12.232397Z,,2.353,,,,TOU
run_20260217_220238-0323,,EVSE-034,2026-02-17T14:27:15.261603Z,2026-02-17T14:47:15.261603Z,,2.568,,,,TOU
run_20260217_220238-0324,,EVSE-011,2026-02-17T21:59:07.096200Z,2026-02-17T22:39:07.096200Z,,15.067,,,,TOU
run_20260217_220238-0325,,EVSE-030,2026-02-17T08:03:29.354710Z,2026-02-17T08:43:29.354710Z,,7.416,,,,TOU
run_20260217_220238-0326,,EVSE-032,2026-02-17T08:43:22.461813Z,2026-02-17T09:58:22.461813Z,,13.607,,,,TOU
run_20260217_220238-0327,,EVSE-013,2026-02-17T12:32:01.405113Z,2026-02-17T12:52:01.405113Z,,3.621,,,,TOU
run_20260217_220238-0328,,EVSE-048,2026-02-17T10:31:48.103414Z,2026-02-17T11:31:48.103414Z,,7.435,,,,TOU
run_20260217_220238-0329,,EVSE-013,2026-02-17T17:31:53.777052Z,2026-02-17T18:01:53.777052Z,,3.492,,,,TOU
run_20260217_220238-0330,,EVSE-022,2026-02-17T20:19:54.300038Z,2026-02-17T21:34:54.300038Z,,9.05,,,,TOU
run_20260217_220238-0331,,EVSE-025,2026-02-17T05:58:10.788148Z,2026-02-17T06:28:10.788148Z,,3.615,,,,TOU
run_20260217_220238-0332,,EVSE-034,2026-02-17T21:03:22.521546Z,2026-02-17T21:33:22.521546Z,,5.275,,,,TOU
run_20260217_220238-0333,,EVSE-008,2026-02-17T18:58:50.167790Z,2026-02-17T19:58:50.167790Z,,23.238,,,,TOU
run_20260217_220238-0334,,EVSE-003,2026-02-17T13:33:48.433391Z,2026-02-17T13:53:48.433391Z,,2.337,,,,TOU
run_20260217_220238-0335,,EVSE-049,2026-02-17T07:24:19.077782Z,2026-02-17T08:39:19.077782Z,,9.069,,,,TOU
run_20260217_220238-0336,,EVSE-019,2026-02-17T02:34:48.829798Z,2026-02-17T03:04:48.829798Z,,3.632,,,,TOU
run_20260217_220238-0337,,EVSE-047,2026-02-17T12:13:16.051561Z,2026-02-17T13:28:16.051561Z,,8.571,,,,TOU
run_20260217_220238-0338,,EVSE-040,2026-02-17T23:32:02.604391Z,2026-02-18T00:12:02.604391Z,,14.411,,,,TOU
run_20260217_220238-0339,,EVSE-003,2026-02-17T14:08:52.888801Z,2026-02-17T14:48:52.888801Z,,5.172,,,,TOU
run_20260217_220238-0340,,EVSE-024,2026-02-17T03:54:43.720901Z,2026-02-17T04:54:43.720901Z,,21.846,,,,TOU
run_20260217_220238-0341,,EVSE-013,2026-02-17T01:27:55.730695Z,2026-02-17T02:27:55.730695Z,,10.769,,,,TOU
run_20260217_220238-0342,,EVSE-043,2026-02-17T18:00:46.874290Z,2026-02-17T18:30:46.874290Z,,11.207,,,,TOU
run_20260217_220238-0343,,EVSE-021,2026-02-17T21:29:05.552924Z,2026-02-17T21:59:05.552924Z,,11.772,,,,TOU
run_20260217_220238-0344,,EVSE-017,2026-02-17T00:03:32.132855Z,2026-02-17T00:43:32.132855Z,,6.831,,,,TOU
run_20260217_220238-0345,,EVSE-018,2026-02-17T13:07:32.339828Z,2026-02-17T14:07:32.339828Z,,6.936,,,,TOU
run_20260217_220238-0346,,EVSE-045,2026-02-17T11:42:46.143407Z,2026-02-17T12:57:46.143407Z,,28.127,,,,TOU
run_20260217_220238-0347,,EVSE-050,2026-02-17T04:18:53.881118Z,2026-02-17T04:38:53.881118Z,,7.63,,,,TOU
run_20260217_220238-0348,,EVSE-025,2026-02-17T05:28:54.110083Z,2026-02-17T06:08:54.110083Z,,7.164,,,,TOU
run_20260217_220238-0349,,EVSE-037,2026-02-17T11:23:53.278429Z,2026-02-17T12:03:53.278429Z,,13.79,,,,TOU
run_20260217_220238-0350,,EVSE-045,2026-02-17T18:39:11.801728Z,2026-02-17T19:19:11.801728Z,,7.127,,,,TOU
run_20260217_220238-0351,,EVSE-021,2026-02-17T20:44:47.166014Z,2026-02-17T21:59:47.166014Z,,9.315,,,,TOU
run_20260217_220238-0352,,EVSE-024,2026-02-17T08:15:12.588285Z,2026-02-17T08:55:12.588285Z,,4.943,,,,TOU
run_20260217_220238-0353,,EVSE-019,2026-02-17T06:29:58.744549Z,2026-02-17T06:49:58.744549Z,,2.304,,,,TOU
run_20260217_220238-0354,,EVSE-014,2026-02-17T07:19:56.092555Z,2026-02-17T07:39:56.092555Z,,3.793,,,,TOU
run_20260217_220238-0355,,EVSE-043,2026-02-17T05:58:29.315148Z,2026-02-17T07:13:29.315148Z,,13.03,,,,TOU
run_20260217_220238-0356,,EVSE-033,2026-02-17T08:08:27.327744Z,2026-02-17T08:28:27.327744Z,,2.396,,,,TOU
run_20260217_220238-0357,,EVSE-034,2026-02-17T21:35:34.239297Z,2026-02-17T22:15:34.239297Z,,7.555,,,,TOU
run_20260217_220238-0358,,EVSE-004,2026-02-17T12:13:29.802150Z,2026-02-17T12:43:29.802150Z,,3.628,,,,TOU
run_20260217_220238-0359,,EVSE-009,2026-02-17T02:53:42.283510Z,2026-02-17T03:13:42.283510Z,,7.287,,,,TOU
run_20260217_220238-0360,,EVSE-034,2026-02-17T14:48:37.304672Z,2026-02-17T16:03:37.304672Z,,27.114,,,,TOU
run_20260217_220238-0361,,EVSE-021,2026-02-17T13:39:42.444637Z,2026-02-17T14:09:42.444637Z,,11.381,,,,TOU
run_20260217_220238-0362,,EVSE-041,2026-02-17T20:29:26.827416Z,2026-02-17T20:49:26.827416Z,,3.639,,,,TOU
run_20260217_220238-0363,,EVSE-039,2026-02-17T17:24:44.011376Z,2026-02-17T17:54:44.011376Z,,3.579,,,,TOU
run_20260217_220238-0364,,EVSE-009,2026-02-17T07:29:10.550721Z,2026-02-17T08:09:10.550721Z,,4.544,,,,TOU
run_20260217_220238-0365,,EVSE-016,2026-02-17T18:33:10.007609Z,2026-02-17T19:33:10.007609Z,,7.415,,,,TOU
run_20260217_220238-0366,,EVSE-003,2026-02-17T05:21:15.048267Z,2026-02-17T06:36:15.048267Z,,25.927,,,,TOU
run_20260217_220238-0367,,EVSE-030,2026-02-17T11:35:46.654581Z,2026-02-17T11:55:46.654581Z,,2.365,,,,TOU
run_20260217_220238-0368,,EVSE-047,2026-02-17T16:55:02.135731Z,2026-02-17T17:15:02.135731Z,,7.642,,,,TOU
run_20260217_220238-0369,,EVSE-006,2026-02-17T19:40:07.751741Z,2026-02-17T20:55:07.751741Z,,27.151,,,,TOU
run_20260217_220238-0370,,EVSE-022,2026-02-17T13:11:51.976683Z,2026-02-17T13:51:51.976683Z,,4.714,,,,TOU
run_20260217_220238-0371,,EVSE-029,2026-02-17T08:09:16.578572Z,2026-02-17T08:39:16.578572Z,,3.58,,,,TOU
run_20260217_220238-0372,,EVSE-039,2026-02-17T19:38:47.863322Z,2026-02-17T20:08:47.863322Z,,3.672,,,,TOU
run_20260217_220238-0373,,EVSE-020,2026-02-17T18:16:27.310213Z,2026-02-17T19:31:27.310213Z,,28.193,,,,TOU
run_20260217_220238-0374,,EVSE-045,2026-02-17T21:52:42.488062Z,2026-02-17T22:12:42.488062Z,,3.538,,,,TOU
run_20260217_220238-0375,,EVSE-005,2026-02-17T05:05:16.625128Z,2026-02-17T05:35:16.625128Z,,5.646,,,,TOU
run_20260217_220238-0376,,EVSE-027,2026-02-17T03:44:38.047961Z,2026-02-17T04:04:38.047961Z,,3.857,,,,TOU
run_20260217_220238-0377,,EVSE-009,2026-02-17T07:17:00.331429Z,2026-02-17T08:32:00.331429Z,,9.005,,,,TOU
run_20260217_220238-0378,,EVSE-003,2026-02-17T12:04:11.305641Z,2026-02-17T13:04:11.305641Z,,10.708,,,,TOU
run_20260217_220238-0379,,EVSE-050,2026-02-17T10:32:00.100375Z,2026-02-17T11:02:00.100375Z,,3.541,,,,TOU
run_20260217_220238-0380,,EVSE-003,2026-02-17T07:31:23.787861Z,2026-02-17T08:11:23.787861Z,,7.011,,,,TOU
run_20260217_220238-0381,,EVSE-023,2026-02-17T12:25:38.786802Z,2026-02-17T13:25:38.786802Z,,21.471,,,,TOU
run_20260217_220238-0382,,EVSE-025,2026-02-17T20:24:00.056110Z,2026-02-17T20:44:00.056110Z,,3.747,,,,TOU
run_20260217_220238-0383,,EVSE-034,2026-02-17T21:10:44.623262Z,2026-02-17T21:50:44.623262Z,,14.631,,,,TOU
run_20260217_220238-0384,,EVSE-033,2026-02-17T21:17:23.218076Z,2026-02-17T21:37:23.218076Z,,2.501,,,,TOU
run_20260217_220238-0385,,EVSE-008,2026-02-17T15:49:13.985874Z,2026-02-17T16:49:13.985874Z,,22.246,,,,TOU
run_20260217_220238-0386,,EVSE-008,2026-02-17T01:36:26.053477Z,2026-02-17T02:51:26.053477Z,,9.119,,,,TOU
run_20260217_220238-0387,,EVSE-007,2026-02-17T09:01:57.555225Z,2026-02-17T10:16:57.555225Z,,8.915,,,,TOU
run_20260217_220238-0388,,EVSE-049,2026-02-17T21:54:59.268248Z,2026-02-17T22:54:59.268248Z,,6.975,,,,TOU
run_20260217_220238-0389,,EVSE-021,2026-02-17T20:49:12.887776Z,2026-02-17T21:49:12.887776Z,,7.001,,,,TOU
run_20260217_220238-0390,,EVSE-035,2026-02-17T23:15:25.178977Z,2026-02-18T00:15:25.178977Z,,7.28,,,,TOU
run_20260217_220238-0391,,EVSE-028,2026-02-17T09:48:37.693339Z,2026-02-17T10:18:37.693339Z,,11.398,,,,TOU
run_20260217_220238-0392,,EVSE-021,2026-02-17T13:32:05.439627Z,2026-02-17T14:12:05.439627Z,,14.04,,,,TOU
run_20260217_220238-0393,,EVSE-032,2026-02-17T04:15:17.208280Z,2026-02-17T04:45:17.208280Z,,5.684,,,,TOU
run_20260217_220238-0394,,EVSE-035,2026-02-17T22:30:27.936057Z,2026-02-17T23:00:27.936057Z,,3.66,,,,TOU
run_20260217_220238-0395,,EVSE-033,2026-02-17T09:12:34.564834Z,2026-02-17T10:12:34.564834Z,,7.245,,,,TOU
run_20260217_220238-0396,,EVSE-016,2026-02-17T20:55:19.187774Z,2026-02-17T21:35:19.187774Z,,4.881,,,,TOU
run_20260217_220238-0397,,EVSE-027,2026-02-17T09:49:09.841236Z,2026-02-17T10:29:09.841236Z,,14.185,,,,TOU
run_20260217_220238-0398,,EVSE-009,2026-02-17T00:02:39.797884Z,2026-02-17T00:32:39.797884Z,,3.642,,,,TOU
run_20260217_220238-0399,,EVSE-047,2026-02-17T08:34:10.213476Z,2026-02-17T09:34:10.213476Z,,11.199,,,,TOU
run_20260217_220238-0400,,EVSE-018,2026-02-17T11:56:30.631254Z,2026-02-17T12:56:30.631254Z,,21.966,,,,TOU
run_20260217_220238-0401,,EVSE-019,2026-02-17T22:06:20.530392Z,2026-02-17T23:21:20.530392Z,,8.837,,,,TOU
run_20260217_220238-0402,,EVSE-017,2026-02-17T23:08:07.812849Z,2026-02-18T00:23:07.812849Z,,27.852,,,,TOU
run_20260217_220238-0403,,EVSE-016,2026-02-17T17:14:24.025120Z,2026-02-17T17:54:24.025120Z,,4.806,,,,TOU
run_20260217_220238-0404,,EVSE-032,2026-02-17T04:47:54.258646Z,2026-02-17T05:07:54.258646Z,,3.645,,,,TOU
run_20260217_220238-0405,,EVSE-049,2026-02-17T14:04:21.303468Z,2026-02-17T15:04:21.303468Z,,7.297,,,,TOU
run_20260217_220238-0406,,EVSE-028,2026-02-17T18:22:31.662668Z,2026-02-17T19:22:31.662668Z,,10.99,,,,TOU
run_20260217_220238-0407,,EVSE-050,2026-02-17T08:20:01.504145Z,2026-02-17T09:00:01.504145Z,,7.637,,,,TOU
run_20260217_220238-0408,,EVSE-029,2026-02-17T15:53:08.069494Z,2026-02-17T16:23:08.069494Z,,5.383,,,,TOU
run_20260217_220238-0409,,EVSE-008,2026-02-17T06:34:38.343319Z,2026-02-17T07:14:38.343319Z,,4.967,,,,TOU
run_20260217_220238-0410,,EVSE-045,2026-02-17T09:28:15.148232Z,2026-02-17T10:28:15.148232Z,,22.612,,,,TOU
run_20260217_220238-0411,,EVSE-029,2026-02-17T05:30:22.324009Z,2026-02-17T06:10:22.324009Z,,7.371,,,,TOU
run_20260217_220238-0412,,EVSE-007,2026-02-17T00:28:37.940915Z,2026-02-17T00:58:37.940915Z,,11.157,,,,TOU
run_20260217_220238-0413,,EVSE-032,2026-02-17T06:48:49.412546Z,2026-02-17T07:08:49.412546Z,,2.57,,,,TOU
run_20260217_220238-0414,,EVSE-001,2026-02-17T08:36:55.032734Z,2026-02-17T08:56:55.032734Z,,7.391,,,,TOU
run_20260217_220238-0415,,EVSE-044,2026-02-17T01:25:31.683273Z,2026-02-17T02:25:31.683273Z,,10.825,,,,TOU
run_20260217_220238-0416,,EVSE-050,2026-02-17T22:39:31.180237Z,2026-02-17T22:59:31.180237Z,,3.527,,,,TOU
run_20260217_220238-0417,,EVSE-042,2026-02-17T19:06:30.391274Z,2026-02-17T20:21:30.391274Z,,9.079,,,,TOU
run_20260217_220238-0418,,EVSE-005,2026-02-17T11:10:07.579960Z,2026-02-17T12:10:07.579960Z,,7.227,,,,TOU
run_20260217_220238-0419,,EVSE-001,2026-02-17T20:35:06.583199Z,2026-02-17T20:55:06.583199Z,,3.806,,,,TOU
run_20260217_220238-0420,,EVSE-013,2026-02-17T22:47:03.629026Z,2026-02-17T23:27:03.629026Z,,4.82,,,,TOU
run_20260217_220238-0421,,EVSE-024,2026-02-17T04:30:24.583030Z,2026-02-17T05:30:24.583030Z,,11.252,,,,TOU
run_20260217_220238-0422,,EVSE-031,2026-02-17T13:27:19.671279Z,2026-02-17T14:42:19.671279Z,,9.049,,,,TOU
run_20260217_220238-0423,,EVSE-020,2026-02-17T19:02:07.757114Z,2026-02-17T19:42:07.757114Z,,14.441,,,,TOU
run_20260217_220238-0424,,EVSE-015,2026-02-17T23:52:25.148433Z,2026-02-18T00:22:25.148433Z,,3.714,,,,TOU
run_20260217_220238-0425,,EVSE-011,2026-02-17T08:56:53.489218Z,2026-02-17T09:26:53.489218Z,,5.838,,,,TOU
run_20260217_220238-0426,,EVSE-011,2026-02-17T22:56:54.812044Z,2026-02-17T23:36:54.812044Z,,7.262,,,,TOU
run_20260217_220238-0427,,EVSE-013,2026-02-17T12:20:30.695383Z,2026-02-17T12:40:30.695383Z,,2.343,,,,TOU
run_20260217_220238-0428,,EVSE-031,2026-02-17T02:25:20.593805Z,2026-02-17T02:55:20.593805Z,,3.481,,,,TOU
run_20260217_220238-0429,,EVSE-008,2026-02-17T22:40:45.079650Z,2026-02-17T23:40:45.079650Z,,7.295,,,,TOU
run_20260217_220238-0430,,EVSE-037,2026-02-17T12:58:38.780883Z,2026-02-17T13:28:38.780883Z,,5.948,,,,TOU
run_20260217_220238-0431,,EVSE-030,2026-02-17T03:27:47.652521Z,2026-02-17T03:47:47.652521Z,,3.769,,,,TOU
run_20260217_220238-0432,,EVSE-001,2026-02-17T06:27:46.465999Z,2026-02-17T06:57:46.465999Z,,3.755,,,,TOU
run_20260217_220238-0433,,EVSE-009,2026-02-17T22:55:19.029510Z,2026-02-17T23:55:19.029510Z,,20.864,,,,TOU
run_20260217_220238-0434,,EVSE-048,2026-02-17T18:14:45.008982Z,2026-02-17T18:34:45.008982Z,,2.208,,,,TOU
run_20260217_220238-0435,,EVSE-018,2026-02-17T00:32:57.244742Z,2026-02-17T01:32:57.244742Z,,7.175,,,,TOU
run_20260217_220238-0436,,EVSE-014,2026-02-17T09:16:59.893049Z,2026-02-17T10:31:59.893049Z,,9.192,,,,TOU
run_20260217_220238-0437,,EVSE-033,2026-02-17T15:56:42.075938Z,2026-02-17T17:11:42.075938Z,,8.615,,,,TOU
run_20260217_220238-0438,,EVSE-008,2026-02-17T21:02:17.904880Z,2026-02-17T22:17:17.904880Z,,28.619,,,,TOU
run_20260217_220238-0439,,EVSE-027,2026-02-17T12:04:17.197297Z,2026-02-17T12:34:17.197297Z,,11.165,,,,TOU
run_20260217_220238-0440,,EVSE-021,2026-02-17T08:30:39.264250Z,2026-02-17T09:10:39.264250Z,,4.957,,,,TOU
run_20260217_220238-0441,,EVSE-046,2026-02-17T08:00:10.098118Z,2026-02-17T09:15:10.098118Z,,28.398,,,,TOU
run_20260217_220238-0442,,EVSE-009,2026-02-17T19:36:30.963896Z,2026-02-17T20:06:30.963896Z,,11.034,,,,TOU
run_20260217_220238-0443,,EVSE-035,2026-02-17T15:06:40.326815Z,2026-02-17T15:36:40.326815Z,,10.44,,,,TOU
run_20260217_220238-0444,,EVSE-037,2026-02-17T01:53:34.504479Z,2026-02-17T02:53:34.504479Z,,11.036,,,,TOU
run_20260217_220238-0445,,EVSE-038,2026-02-17T04:47:36.618484Z,2026-02-17T05:47:36.618484Z,,10.82,,,,TOU
run_20260217_220238-0446,,EVSE-039,2026-02-17T05:13:57.118061Z,2026-02-17T05:53:57.118061Z,,4.996,,,,TOU
run_20260217_220238-0447,,EVSE-006,2026-02-17T22:38:17.485830Z,2026-02-17T23:18:17.485830Z,,7.813,,,,TOU
run_20260217_220238-0448,,EVSE-005,2026-02-17T02:40:33.658662Z,2026-02-17T03:40:33.658662Z,,11.264,,,,TOU
run_20260217_220238-0449,,EVSE-020,2026-02-17T09:48:25.343799Z,2026-02-17T10:48:25.343799Z,,7.154,,,,TOU
run_20260217_220238-0450,,EVSE-005,2026-02-17T16:41:21.797630Z,2026-02-17T17:56:21.797630Z,,27.396,,,,TOU
run_20260217_220238-0451,,EVSE-045,2026-02-17T15:18:03.978293Z,2026-02-17T16:18:03.978293Z,,22.081,,,,TOU
run_20260217_220238-0452,,EVSE-012,2026-02-17T20:03:50.115203Z,2026-02-17T20:43:50.115203Z,,6.941,,,,TOU
run_20260217_220238-0453,,EVSE-024,2026-02-17T09:36:46.921036Z,2026-02-17T10:06:46.921036Z,,10.921,,,,TOU
run_20260217_220238-0454,,EVSE-014,2026-02-17T10:03:43.970177Z,2026-02-17T10:33:43.970177Z,,3.743,,,,TOU
run_20260217_220238-0455,,EVSE-008,2026-02-17T18:40:35.793451Z,2026-02-17T19:10:35.793451Z,,9.908,,,,TOU
run_20260217_220238-0456,,EVSE-029,2026-02-17T01:59:54.907773Z,2026-02-17T02:19:54.907773Z,,2.376,,,,TOU
run_20260217_220238-0457,,EVSE-009,2026-02-17T09:38:23.157555Z,2026-02-17T10:18:23.157555Z,,4.812,,,,TOU
run_20260217_220238-0458,,EVSE-003,2026-02-17T13:47:16.841725Z,2026-02-17T14:07:16.841725Z,,2.471,,,,TOU
run_20260217_220238-0459,,EVSE-049,2026-02-17T11:39:35.397768Z,2026-02-17T11:59:35.397768Z,,3.915,,,,TOU
run_20260217_220238-0460,,EVSE-038,2026-02-17T21:00:44.236702Z,2026-02-17T22:15:44.236702Z,,9.1,,,,TOU
run_20260217_220238-0461,,EVSE-046,2026-02-17T11:17:28.332828Z,2026-02-17T11:47:28.332828Z,,5.948,,,,TOU
run_20260217_220238-0462,,EVSE-027,2026-02-17T07:13:41.316855Z,2026-02-17T07:43:41.316855Z,,5.302,,,,TOU
run_20260217_220238-0463,,EVSE-036,2026-02-17T00:21:09.458368Z,2026-02-17T00:41:09.458368Z,,3.605,,,,TOU
run_20260217_220238-0464,,EVSE-044,2026-02-17T22:00:33.777541Z,2026-02-17T23:00:33.777541Z,,6.997,,,,TOU
run_20260217_220238-0465,,EVSE-022,2026-02-17T23:40:35.303036Z,2026-02-18T00:40:35.303036Z,,23.19,,,,TOU
run_20260217_220238-0466,,EVSE-032,2026-02-17T03:43:35.851113Z,2026-02-17T04:43:35.851113Z,,6.825,,,,TOU
run_20260217_220238-0467,,EVSE-020,2026-02-17T20:26:46.877824Z,2026-02-17T21:26:46.877824Z,,7.514,,,,TOU
run_20260217_220238-0468,,EVSE-043,2026-02-17T21:40:16.774489Z,2026-02-17T22:00:16.774489Z,,6.937,,,,TOU
run_20260217_220238-0469,,EVSE-028,2026-02-17T11:52:05.733078Z,2026-02-17T13:07:05.733078Z,,14.047,,,,TOU
run_20260217_220238-0470,,EVSE-050,2026-02-17T06:48:21.516416Z,2026-02-17T07:48:21.516416Z,,6.964,,,,TOU
run_20260217_220238-0471,,EVSE-002,2026-02-17T16:17:30.287508Z,2026-02-17T16:37:30.287508Z,,7.782,,,,TOU
run_20260217_220238-0472,,EVSE-035,2026-02-17T08:58:46.780781Z,2026-02-17T09:58:46.780781Z,,7.116,,,,TOU
run_20260217_220238-0473,,EVSE-032,2026-02-17T12:55:17.429014Z,2026-02-17T13:55:17.429014Z,,22.312,,,,TOU
run_20260217_220238-0474,,EVSE-019,2026-02-17T05:37:32.302994Z,2026-02-17T06:17:32.302994Z,,4.659,,,,TOU
run_20260217_220238-0475,,EVSE-020,2026-02-17T16:50:51.528757Z,2026-02-17T18:05:51.528757Z,,13.46,,,,TOU
run_20260217_220238-0476,,EVSE-046,2026-02-17T11:01:28.529161Z,2026-02-17T11:31:28.529161Z,,5.389,,,,TOU
run_20260217_220238-0477,,EVSE-030,2026-02-17T19:30:23.035670Z,2026-02-17T20:30:23.035670Z,,6.994,,,,TOU
run_20260217_220238-0478,,EVSE-044,2026-02-17T20:22:19.162694Z,2026-02-17T21:02:19.162694Z,,7.34,,,,TOU
run_20260217_220238-0479,,EVSE-036,2026-02-17T14:14:33.182849Z,2026-02-17T14:34:33.182849Z,,2.43,,,,TOU
run_20260217_220238-0480,,EVSE-043,2026-02-17T13:51:17.547267Z,2026-02-17T14:11:17.547267Z,,2.547,,,,TOU
run_20260217_220238-0481,,EVSE-039,2026-02-17T08:31:13.013844Z,2026-02-17T08:51:13.013844Z,,7.289,,,,TOU
run_20260217_220238-0482,,EVSE-034,2026-02-17T22:27:26.541388Z,2026-02-17T23:27:26.541388Z,,10.521,,,,TOU
run_20260217_220238-0483,,EVSE-016,2026-02-17T02:45:13.595895Z,2026-02-17T03:15:13.595895Z,,11.527,,,,TOU
run_20260217_220238-0484,,EVSE-004,2026-02-17T18:45:04.075520Z,2026-02-17T19:05:04.075520Z,,2.422,,,,TOU
run_20260217_220238-0485,,EVSE-010,2026-02-17T14:59:25.489333Z,2026-02-17T15:19:25.489333Z,,3.613,,,,TOU
run_20260217_220238-0486,,EVSE-017,2026-02-17T06:48:26.005804Z,2026-02-17T07:28:26.005804Z,,4.755,,,,TOU
run_20260217_220238-0487,,EVSE-006,2026-02-17T16:33:39.201454Z,2026-02-17T17:13:39.201454Z,,15.336,,,,TOU
run_20260217_220238-0488,,EVSE-006,2026-02-17T05:49:23.890964Z,2026-02-17T06:29:23.890964Z,,4.684,,,,TOU
run_20260217_220238-0489,,EVSE-030,2026-02-17T01:24:41.195696Z,2026-02-17T02:24:41.195696Z,,20.891,,,,TOU
run_20260217_220238-0490,,EVSE-008,2026-02-17T05:41:45.321531Z,2026-02-17T06:11:45.321531Z,,11.114,,,,TOU
run_20260217_220238-0491,,EVSE-044,2026-02-17T11:35:25.987013Z,2026-02-17T12:05:25.987013Z,,10.519,,,,TOU
run_20260217_220238-0492,,EVSE-036,2026-02-17T16:07:17.050367Z,2026-02-17T16:47:17.050367Z,,4.856,,,,TOU
run_20260217_220238-0493,,EVSE-028,2026-02-17T08:56:39.396310Z,2026-02-17T09:16:39.396310Z,,3.974,,,,TOU
run_20260217_220238-0494,,EVSE-046,2026-02-17T20:24:04.696240Z,2026-02-17T21:04:04.696240Z,,4.729,,,,TOU
run_20260217_220238-0495,,EVSE-012,2026-02-17T01:16:41.078971Z,2026-02-17T01:56:41.078971Z,,7.347,,,,TOU
run_20260217_220238-0496,,EVSE-045,2026-02-17T20:28:50.537577Z,2026-02-17T21:08:50.537577Z,,7.365,,,,TOU
run_20260217_220238-0497,,EVSE-003,2026-02-17T18:53:24.393824Z,2026-02-17T19:53:24.393824Z,,22.046,,,,TOU
run_20260217_220238-0498,,EVSE-028,2026-02-17T11:52:27.571394Z,2026-02-17T12:52:27.571394Z,,11.837,,,,TOU
run_20260217_220238-0499,,EVSE-028,2026-02-17T21:10:44.846347Z,2026-02-17T21:30:44.846347Z,,2.284,,,,TOU
run_20260217_220238-0500,,EVSE-008,2026-02-17T02:56:12.696292Z,2026-02-17T04:11:12.696292Z,,13.46,,,,TOU
run_20260217_222547-0001,user-001,EVSE-006,2026-02-17T17:33:32.692839Z,2026-02-17T18:33:32.692839Z,,11.721,,,,TOU
run_20260217_222547-0002,user-007,EVSE-017,2026-02-17T22:18:22.630530Z,2026-02-17T22:58:22.630530Z,,14.606,,,,TOU
run_20260217_222909-0001,user-002,EVSE-033,2026-02-17T23:22:59.070749Z,2026-02-18T00:02:59.070749Z,,4.879,,,,TOU
run_20260217_222909-0002,user-009,EVSE-035,2026-02-17T19:12:40.426981Z,2026-02-17T20:27:40.426981Z,,13.956,,,,TOU
run_20260217_222909-0003,user-007,EVSE-015,2026-02-17T22:05:31.662886Z,2026-02-17T22:45:31.662886Z,,13.632,,,,TOU
run_20260217_222909-0004,user-007,EVSE-011,2026-02-17T17:18:43.080691Z,2026-02-17T17:58:43.080691Z,,4.882,,,,TOU
run_20260217_222909-0005,user-005,EVSE-030,2026-02-17T00:14:05.182505Z,2026-02-17T01:29:05.182505Z,,9.089,,,,TOU
run_20260217_222909-0006,user-003,EVSE-034,2026-02-17T18:03:51.383335Z,2026-02-17T19:18:51.383335Z,,27.595,,,,TOU
run_20260217_222909-0007,user-009,EVSE-042,2026-02-17T03:19:28.633727Z,2026-02-17T03:39:28.633727Z,,7.283,,,,TOU
run_20260217_222909-0008,user-005,EVSE-035,2026-02-17T13:32:56.282342Z,2026-02-17T14:32:56.282342Z,,7.453,,,,TOU
run_20260217_222909-0009,user-009,EVSE-043,2026-02-17T01:56:22.162084Z,2026-02-17T03:11:22.162084Z,,13.965,,,,TOU
run_20260217_222909-0010,user-009,EVSE-005,2026-02-17T20:01:13.030745Z,2026-02-17T21:16:13.030745Z,,27.702,,,,TOU
run_20260217_222909-0011,user-001,EVSE-009,2026-02-17T18:29:19.429879Z,2026-02-17T18:49:19.429879Z,,3.79,,,,TOU
run_20260217_222909-0012,user-010,EVSE-047,2026-02-17T10:09:15.313464Z,2026-02-17T10:39:15.313464Z,,5.454,,,,TOU
run_20260217_222909-0013,user-002,EVSE-036,2026-02-17T22:31:43.064960Z,2026-02-17T23:11:43.064960Z,,4.925,,,,TOU
run_20260217_222909-0014,user-009,EVSE-004,2026-02-17T03:55:07.216649Z,2026-02-17T04:15:07.216649Z,,2.478,,,,TOU
run_20260217_222909-0015,user-001,EVSE-004,2026-02-17T00:20:09.315897Z,2026-02-17T01:00:09.315897Z,,7.23,,,,TOU
run_20260217_222909-0016,user-009,EVSE-005,2026-02-17T22:31:13.265824Z,2026-02-17T23:11:13.265824Z,,5.059,,,,TOU
run_20260217_222909-0017,user-004,EVSE-005,2026-02-17T14:17:33.792366Z,2026-02-17T15:32:33.792366Z,,9.143,,,,TOU
run_20260217_222909-0018,user-010,EVSE-005,2026-02-17T00:01:13.536310Z,2026-02-17T00:21:13.536310Z,,2.393,,,,TOU
run_20260217_222909-0019,user-006,EVSE-036,2026-02-17T17:08:37.089399Z,2026-02-17T18:08:37.089399Z,,22.638,,,,TOU
run_20260217_222909-0020,user-005,EVSE-003,2026-02-17T09:28:02.702945Z,2026-02-17T10:08:02.702945Z,,4.446,,,,TOU
run_20260217_222909-0021,user-003,EVSE-024,2026-02-17T08:41:33.404201Z,2026-02-17T09:21:33.404201Z,,4.903,,,,TOU
run_20260217_222909-0022,user-003,EVSE-023,2026-02-17T13:40:06.428007Z,2026-02-17T14:00:06.428007Z,,3.707,,,,TOU
run_20260217_222909-0023,user-004,EVSE-027,2026-02-17T07:58:36.953321Z,2026-02-17T08:38:36.953321Z,,14.988,,,,TOU
run_20260217_222909-0024,user-006,EVSE-015,2026-02-17T05:12:21.806733Z,2026-02-17T06:12:21.806733Z,,22.851,,,,TOU
run_20260217_222909-0025,user-004,EVSE-017,2026-02-17T14:25:12.539452Z,2026-02-17T15:05:12.539452Z,,4.834,,,,TOU
run_20260217_222909-0026,user-005,EVSE-043,2026-02-17T23:03:54.578149Z,2026-02-18T00:18:54.578149Z,,13.94,,,,TOU
run_20260217_222909-0027,user-010,EVSE-045,2026-02-17T16:26:57.688267Z,2026-02-17T16:46:57.688267Z,,7.485,,,,TOU
run_20260217_222909-0028,user-003,EVSE-033,2026-02-17T19:22:45.015966Z,2026-02-17T20:22:45.015966Z,,21.346,,,,TOU
run_20260217_222909-0029,user-003,EVSE-003,2026-02-17T08:10:15.295632Z,2026-02-17T08:50:15.295632Z,,15.25,,,,TOU
run_20260217_222909-0030,user-008,EVSE-032,2026-02-17T09:18:45.928728Z,2026-02-17T09:38:45.928728Z,,3.622,,,,TOU
run_20260217_222909-0031,user-003,EVSE-030,2026-02-17T08:14:16.587840Z,2026-02-17T08:34:16.587840Z,,2.484,,,,TOU
run_20260217_222909-0032,user-004,EVSE-021,2026-02-17T01:57:50.590751Z,2026-02-17T02:17:50.590751Z,,3.563,,,,TOU
run_20260217_222909-0033,user-008,EVSE-018,2026-02-17T09:16:46.839313Z,2026-02-17T10:31:46.839313Z,,13.684,,,,TOU
run_20260217_222909-0034,user-009,EVSE-004,2026-02-17T22:02:58.090378Z,2026-02-17T22:32:58.090378Z,,3.698,,,,TOU
run_20260217_222909-0035,user-007,EVSE-025,2026-02-17T14:38:09.203386Z,2026-02-17T15:53:09.203386Z,,27.254,,,,TOU
run_20260217_222909-0036,user-007,EVSE-022,2026-02-17T06:36:10.728973Z,2026-02-17T07:36:10.728973Z,,7.296,,,,TOU
run_20260217_222909-0037,user-007,EVSE-040,2026-02-17T17:18:18.628409Z,2026-02-17T18:18:18.628409Z,,11.402,,,,TOU
run_20260217_222909-0038,user-003,EVSE-039,2026-02-17T12:37:04.324334Z,2026-02-17T12:57:04.324334Z,,7.805,,,,TOU
run_20260217_222909-0039,user-002,EVSE-046,2026-02-17T05:18:58.781034Z,2026-02-17T05:48:58.781034Z,,5.782,,,,TOU
run_20260217_222909-0040,user-010,EVSE-003,2026-02-17T07:24:30.914463Z,2026-02-17T07:54:30.914463Z,,3.399,,,,TOU
run_20260217_222909-0041,user-007,EVSE-028,2026-02-17T08:06:24.556165Z,2026-02-17T08:26:24.556165Z,,6.879,,,,TOU
run_20260217_222909-0042,user-008,EVSE-029,2026-02-17T07:00:28.533184Z,2026-02-17T08:00:28.533184Z,,7.138,,,,TOU
run_20260217_222909-0043,user-008,EVSE-047,2026-02-17T10:18:24.990700Z,2026-02-17T11:18:24.990700Z,,11.257,,,,TOU
run_20260217_222909-0044,user-009,EVSE-023,2026-02-17T05:47:14.573939Z,2026-02-17T06:47:14.573939Z,,21.643,,,,TOU
run_20260217_222909-0045,user-005,EVSE-048,2026-02-17T16:37:27.773547Z,2026-02-17T17:07:27.773547Z,,3.37,,,,TOU
run_20260217_222909-0046,user-010,EVSE-001,2026-02-17T00:32:41.153223Z,2026-02-17T01:47:41.153223Z,,27.548,,,,TOU
run_20260217_222909-0047,user-008,EVSE-010,2026-02-17T12:29:39.092376Z,2026-02-17T13:09:39.092376Z,,4.8,,,,TOU
run_20260217_222909-0048,user-010,EVSE-015,2026-02-17T01:12:15.544500Z,2026-02-17T01:32:15.544500Z,,2.395,,,,TOU
run_20260217_222909-0049,user-007,EVSE-005,2026-02-17T13:10:15.550234Z,2026-02-17T14:10:15.550234Z,,11.109,,,,TOU
run_20260217_222909-0050,user-007,EVSE-005,2026-02-17T13:10:16.479921Z,2026-02-17T14:25:16.479921Z,,13.435,,,,TOU
run_20260217_222909-0051,user-005,EVSE-037,2026-02-17T09:42:08.195176Z,2026-02-17T10:57:08.195176Z,,13.83,,,,TOU
run_20260217_222909-0052,user-001,EVSE-032,2026-02-16T23:59:36.943182Z,2026-02-17T00:39:36.943182Z,,14.515,,,,TOU
run_20260217_222909-0053,user-008,EVSE-030,2026-02-17T15:37:56.164736Z,2026-02-17T16:17:56.164736Z,,7.244,,,,TOU
run_20260217_222909-0054,user-005,EVSE-019,2026-02-17T16:13:29.144866Z,2026-02-17T17:13:29.144866Z,,22.016,,,,TOU
run_20260217_222909-0055,user-008,EVSE-030,2026-02-17T21:04:08.786397Z,2026-02-17T22:19:08.786397Z,,9.173,,,,TOU
run_20260217_222909-0056,user-007,EVSE-029,2026-02-17T19:24:31.263950Z,2026-02-17T20:39:31.263950Z,,27.417,,,,TOU
run_20260217_222909-0057,user-006,EVSE-003,2026-02-17T16:00:17.187827Z,2026-02-17T17:15:17.187827Z,,13.443,,,,TOU
run_20260217_222909-0058,user-010,EVSE-042,2026-02-17T16:00:55.657580Z,2026-02-17T16:20:55.657580Z,,3.986,,,,TOU
run_20260217_222909-0059,user-002,EVSE-049,2026-02-17T12:42:56.012075Z,2026-02-17T13:22:56.012075Z,,7.29,,,,TOU
run_20260217_222909-0060,user-009,EVSE-028,2026-02-17T23:07:18.317774Z,2026-02-17T23:27:18.317774Z,,2.284,,,,TOU
run_20260217_222909-0061,user-002,EVSE-011,2026-02-17T13:20:06.173136Z,2026-02-17T14:00:06.173136Z,,4.978,,,,TOU
run_20260217_222909-0062,user-010,EVSE-041,2026-02-17T03:04:59.458677Z,2026-02-17T04:19:59.458677Z,,28.972,,,,TOU
run_20260217_222909-0063,user-005,EVSE-043,2026-02-17T13:01:09.385786Z,2026-02-17T13:41:09.385786Z,,4.991,,,,TOU
run_20260217_222909-0064,user-001,EVSE-015,2026-02-17T10:24:03.732935Z,2026-02-17T10:44:03.732935Z,,7.054,,,,TOU
run_20260217_222909-0065,user-006,EVSE-041,2026-02-17T18:43:38.007837Z,2026-02-17T19:13:38.007837Z,,11.178,,,,TOU
run_20260217_222909-0066,user-005,EVSE-027,2026-02-17T05:03:24.054182Z,2026-02-17T05:23:24.054182Z,,7.392,,,,TOU
run_20260217_222909-0067,user-003,EVSE-008,2026-02-17T05:06:25.293127Z,2026-02-17T05:46:25.293127Z,,15.613,,,,TOU
run_20260217_222909-0068,user-002,EVSE-001,2026-02-17T20:36:18.593903Z,2026-02-17T21:06:18.593903Z,,10.695,,,,TOU
run_20260217_222909-0069,user-002,EVSE-040,2026-02-17T13:04:06.487204Z,2026-02-17T13:44:06.487204Z,,14.552,,,,TOU
run_20260217_222909-0070,user-002,EVSE-035,2026-02-17T08:44:01.101107Z,2026-02-17T09:44:01.101107Z,,23.279,,,,TOU
run_20260217_222909-0071,user-003,EVSE-014,2026-02-17T02:44:00.249071Z,2026-02-17T03:04:00.249071Z,,3.472,,,,TOU
run_20260217_222909-0072,user-004,EVSE-018,2026-02-17T03:27:09.103298Z,2026-02-17T03:47:09.103298Z,,7.269,,,,TOU
run_20260217_222909-0073,user-002,EVSE-015,2026-02-17T01:12:25.467894Z,2026-02-17T02:12:25.467894Z,,7.327,,,,TOU
run_20260217_222909-0074,user-003,EVSE-005,2026-02-17T05:03:21.179630Z,2026-02-17T06:18:21.179630Z,,9.191,,,,TOU
run_20260217_222909-0075,user-006,EVSE-043,2026-02-17T11:39:56.240463Z,2026-02-17T11:59:56.240463Z,,3.616,,,,TOU
run_20260217_222909-0076,user-008,EVSE-046,2026-02-17T08:32:35.364885Z,2026-02-17T08:52:35.364885Z,,2.518,,,,TOU
run_20260217_222909-0077,user-002,EVSE-033,2026-02-17T02:24:03.351493Z,2026-02-17T03:04:03.351493Z,,14.153,,,,TOU
run_20260217_222909-0078,user-002,EVSE-029,2026-02-17T04:56:56.497556Z,2026-02-17T05:16:56.497556Z,,6.784,,,,TOU
run_20260217_222909-0079,user-007,EVSE-009,2026-02-17T15:50:56.308133Z,2026-02-17T16:50:56.308133Z,,10.984,,,,TOU
run_20260217_222909-0080,user-010,EVSE-023,2026-02-17T01:01:27.632500Z,2026-02-17T02:16:27.632500Z,,13.526,,,,TOU
run_20260217_222909-0081,user-006,EVSE-043,2026-02-17T21:13:33.908911Z,2026-02-17T21:53:33.908911Z,,13.768,,,,TOU
run_20260217_222909-0082,user-005,EVSE-002,2026-02-17T23:17:18.445156Z,2026-02-17T23:57:18.445156Z,,15.089,,,,TOU
run_20260217_222909-0083,user-009,EVSE-032,2026-02-17T18:49:12.519165Z,2026-02-17T19:49:12.519165Z,,10.78,,,,TOU
run_20260217_222909-0084,user-007,EVSE-028,2026-02-17T17:25:38.384647Z,2026-02-17T18:40:38.384647Z,,9.163,,,,TOU
run_20260217_222909-0085,user-007,EVSE-030,2026-02-17T11:12:04.885144Z,2026-02-17T11:42:04.885144Z,,10.819,,,,TOU
run_20260217_222909-0086,user-006,EVSE-026,2026-02-17T10:09:54.408512Z,2026-02-17T11:24:54.408512Z,,13.233,,,,TOU
run_20260217_222909-0087,user-006,EVSE-042,2026-02-17T18:39:56.174112Z,2026-02-17T19:09:56.174112Z,,3.452,,,,TOU
run_20260217_222909-0088,user-004,EVSE-038,2026-02-17T21:30:57.688800Z,2026-02-17T22:10:57.688800Z,,4.821,,,,TOU
run_20260217_222909-0089,user-010,EVSE-040,2026-02-17T08:33:05.505830Z,2026-02-17T09:48:05.505830Z,,13.768,,,,TOU
run_20260217_222909-0090,user-007,EVSE-016,2026-02-17T12:52:41.712669Z,2026-02-17T14:07:41.712669Z,,27.819,,,,TOU
run_20260217_222909-0091,user-008,EVSE-006,2026-02-17T11:24:20.477006Z,2026-02-17T12:39:20.477006Z,,8.865,,,,TOU
run_20260217_222909-0092,user-003,EVSE-043,2026-02-17T01:58:53.106283Z,2026-02-17T02:38:53.106283Z,,13.959,,,,TOU
run_20260217_222909-0093,user-009,EVSE-048,2026-02-17T21:44:25.663818Z,2026-02-17T22:44:25.663818Z,,22.841,,,,TOU
run_20260217_222909-0094,user-001,EVSE-015,2026-02-17T08:05:49.313891Z,2026-02-17T09:20:49.313891Z,,8.902,,,,TOU
run_20260217_222909-0095,user-005,EVSE-042,2026-02-17T00:48:32.450546Z,2026-02-17T01:48:32.450546Z,,7.144,,,,TOU
run_20260217_222909-0096,user-006,EVSE-018,2026-02-17T10:40:27.679595Z,2026-02-17T11:00:27.679595Z,,7.477,,,,TOU
run_20260217_222909-0097,user-009,EVSE-046,2026-02-17T20:26:49.076122Z,2026-02-17T21:26:49.076122Z,,7.385,,,,TOU
run_20260217_222909-0098,user-003,EVSE-036,2026-02-17T20:40:51.395620Z,2026-02-17T21:20:51.395620Z,,7.352,,,,TOU
run_20260217_222909-0099,user-010,EVSE-040,2026-02-17T11:19:00.541891Z,2026-02-17T11:39:00.541891Z,,3.857,,,,TOU
run_20260217_222909-0100,user-002,EVSE-034,2026-02-17T03:54:10.180940Z,2026-02-17T04:54:10.180940Z,,21.51,,,,TOU
run_20260217_222909-0101,user-009,EVSE-023,2026-02-17T10:41:01.271311Z,2026-02-17T11:41:01.271311Z,,11.384,,,,TOU
run_20260217_222909-0102,user-003,EVSE-035,2026-02-17T04:03:14.852056Z,2026-02-17T05:03:14.852056Z,,22.866,,,,TOU
run_20260217_222909-0103,user-001,EVSE-026,2026-02-17T05:54:15.664614Z,2026-02-17T06:24:15.664614Z,,5.643,,,,TOU
run_20260217_222909-0104,user-007,EVSE-028,2026-02-17T15:50:47.235306Z,2026-02-17T16:20:47.235306Z,,5.47,,,,TOU
run_20260217_222909-0105,user-003,EVSE-023,2026-02-17T10:53:31.012069Z,2026-02-17T11:33:31.012069Z,,4.931,,,,TOU
run_20260217_222909-0106,user-007,EVSE-011,2026-02-17T17:23:38.416890Z,2026-02-17T17:43:38.416890Z,,2.209,,,,TOU
run_20260217_222909-0107,user-003,EVSE-024,2026-02-17T03:36:54.971619Z,2026-02-17T04:36:54.971619Z,,7.33,,,,TOU
run_20260217_222909-0108,user-005,EVSE-017,2026-02-17T17:59:33.553173Z,2026-02-17T18:19:33.553173Z,,2.315,,,,TOU
run_20260217_222909-0109,user-008,EVSE-011,2026-02-17T18:50:01.115243Z,2026-02-17T20:05:01.115243Z,,12.912,,,,TOU
run_20260217_222909-0110,user-003,EVSE-034,2026-02-17T04:56:04.632436Z,2026-02-17T06:11:04.632436Z,,9.411,,,,TOU
run_20260217_222909-0111,user-007,EVSE-023,2026-02-17T04:13:23.475882Z,2026-02-17T04:33:23.475882Z,,2.412,,,,TOU
run_20260217_222909-0112,user-009,EVSE-021,2026-02-17T08:37:41.804503Z,2026-02-17T09:07:41.804503Z,,3.624,,,,TOU
run_20260217_222909-0113,user-004,EVSE-002,2026-02-17T15:40:43.605686Z,2026-02-17T16:55:43.605686Z,,13.953,,,,TOU
run_20260217_222909-0114,user-010,EVSE-031,2026-02-17T17:37:53.729563Z,2026-02-17T18:07:53.729563Z,,10.339,,,,TOU
run_20260217_222909-0115,user-007,EVSE-039,2026-02-17T16:50:41.713508Z,2026-02-17T17:10:41.713508Z,,7.911,,,,TOU
run_20260217_222909-0116,user-006,EVSE-019,2026-02-17T06:21:45.141185Z,2026-02-17T07:01:45.141185Z,,7.304,,,,TOU
run_20260217_222909-0117,user-010,EVSE-020,2026-02-17T13:56:53.158176Z,2026-02-17T14:26:53.158176Z,,5.789,,,,TOU
run_20260217_222909-0118,user-002,EVSE-024,2026-02-17T01:17:51.885728Z,2026-02-17T02:32:51.885728Z,,12.993,,,,TOU
run_20260217_222909-0119,user-001,EVSE-044,2026-02-17T10:17:47.665969Z,2026-02-17T10:47:47.665969Z,,5.514,,,,TOU
run_20260217_222909-0120,user-003,EVSE-039,2026-02-17T00:34:52.844748Z,2026-02-17T01:34:52.844748Z,,11.171,,,,TOU
run_20260217_222909-0121,user-003,EVSE-045,2026-02-17T16:06:43.750764Z,2026-02-17T17:21:43.750764Z,,14.206,,,,TOU
run_20260217_222909-0122,user-010,EVSE-027,2026-02-17T12:35:35.405503Z,2026-02-17T13:50:35.405503Z,,26.698,,,,TOU
run_20260217_222909-0123,user-007,EVSE-045,2026-02-17T11:56:22.794802Z,2026-02-17T13:11:22.794802Z,,13.821,,,,TOU
run_20260217_222909-0124,user-008,EVSE-046,2026-02-17T19:22:08.375787Z,2026-02-17T19:52:08.375787Z,,5.334,,,,TOU
run_20260217_222909-0125,user-008,EVSE-019,2026-02-17T15:36:43.405749Z,2026-02-17T16:16:43.405749Z,,7.491,,,,TOU
run_20260217_222909-0126,user-002,EVSE-041,2026-02-17T15:40:14.192382Z,2026-02-17T16:40:14.192382Z,,22.547,,,,TOU
run_20260217_222909-0127,user-002,EVSE-004,2026-02-17T14:03:50.761973Z,2026-02-17T15:03:50.761973Z,,7.189,,,,TOU
run_20260217_222909-0128,user-002,EVSE-003,2026-02-17T08:19:41.389692Z,2026-02-17T08:49:41.389692Z,,10.959,,,,TOU
run_20260217_222909-0129,user-007,EVSE-022,2026-02-17T05:04:20.201579Z,2026-02-17T05:34:20.201579Z,,11.401,,,,TOU
run_20260217_222909-0130,user-009,EVSE-012,2026-02-17T11:23:58.878590Z,2026-02-17T11:53:58.878590Z,,10.887,,,,TOU
run_20260217_222909-0131,user-006,EVSE-049,2026-02-17T05:00:17.673794Z,2026-02-17T06:15:17.673794Z,,27.964,,,,TOU
run_20260217_222909-0132,user-006,EVSE-031,2026-02-17T16:44:11.879451Z,2026-02-17T17:59:11.879451Z,,8.904,,,,TOU
run_20260217_222909-0133,user-010,EVSE-013,2026-02-17T15:00:58.813652Z,2026-02-17T16:15:58.813652Z,,13.341,,,,TOU
run_20260217_222909-0134,user-003,EVSE-038,2026-02-17T20:02:03.989671Z,2026-02-17T21:17:03.989671Z,,13.343,,,,TOU
run_20260217_222909-0135,user-007,EVSE-003,2026-02-17T15:42:52.705929Z,2026-02-17T16:02:52.705929Z,,7.856,,,,TOU
run_20260217_222909-0136,user-003,EVSE-034,2026-02-17T05:31:40.813793Z,2026-02-17T06:31:40.813793Z,,10.94,,,,TOU
run_20260217_222909-0137,user-004,EVSE-015,2026-02-17T03:56:51.412752Z,2026-02-17T04:16:51.412752Z,,3.581,,,,TOU
run_20260217_222909-0138,user-006,EVSE-016,2026-02-17T20:15:37.513355Z,2026-02-17T20:45:37.513355Z,,11.045,,,,TOU
run_20260217_222909-0139,user-002,EVSE-037,2026-02-17T09:43:43.225658Z,2026-02-17T10:43:43.225658Z,,21.829,,,,TOU
run_20260217_222909-0140,user-010,EVSE-012,2026-02-17T05:26:32.698442Z,2026-02-17T06:06:32.698442Z,,5.026,,,,TOU
run_20260217_222909-0141,user-007,EVSE-027,2026-02-17T10:38:34.502459Z,2026-02-17T10:58:34.502459Z,,3.703,,,,TOU
run_20260217_222909-0142,user-005,EVSE-024,2026-02-17T14:56:53.839713Z,2026-02-17T16:11:53.839713Z,,13.787,,,,TOU
run_20260217_222909-0143,user-004,EVSE-013,2026-02-17T22:44:47.235245Z,2026-02-17T23:44:47.235245Z,,22.225,,,,TOU
run_20260217_222909-0144,user-002,EVSE-047,2026-02-17T06:03:29.634748Z,2026-02-17T07:03:29.634748Z,,7.065,,,,TOU
run_20260217_222909-0145,user-006,EVSE-010,2026-02-17T02:02:21.844895Z,2026-02-17T02:42:21.844895Z,,7.423,,,,TOU
run_20260217_222909-0146,user-004,EVSE-048,2026-02-17T14:52:01.843462Z,2026-02-17T15:22:01.843462Z,,5.138,,,,TOU
run_20260217_222909-0147,user-003,EVSE-005,2026-02-17T06:23:48.478721Z,2026-02-17T07:03:48.478721Z,,5.083,,,,TOU
run_20260217_222909-0148,user-001,EVSE-036,2026-02-17T05:38:21.123915Z,2026-02-17T06:38:21.123915Z,,6.888,,,,TOU
run_20260217_222909-0149,user-001,EVSE-010,2026-02-17T11:16:38.315313Z,2026-02-17T11:56:38.315313Z,,14.426,,,,TOU
run_20260217_222909-0150,user-010,EVSE-006,2026-02-17T11:20:54.202861Z,2026-02-17T12:00:54.202861Z,,7.639,,,,TOU
run_20260217_222909-0151,user-001,EVSE-014,2026-02-17T21:44:21.556331Z,2026-02-17T22:44:21.556331Z,,10.794,,,,TOU
run_20260217_222909-0152,user-010,EVSE-012,2026-02-17T12:34:16.775147Z,2026-02-17T12:54:16.775147Z,,2.228,,,,TOU
run_20260217_222909-0153,user-006,EVSE-037,2026-02-17T23:36:27.140575Z,2026-02-18T00:06:27.140575Z,,11.431,,,,TOU
run_20260217_222909-0154,user-007,EVSE-029,2026-02-17T07:44:04.178948Z,2026-02-17T08:59:04.178948Z,,13.321,,,,TOU
run_20260217_222909-0155,user-006,EVSE-024,2026-02-17T10:42:37.540564Z,2026-02-17T11:42:37.540564Z,,11.456,,,,TOU
run_20260217_222909-0156,user-001,EVSE-001,2026-02-17T01:21:08.236358Z,2026-02-17T02:21:08.236358Z,,10.965,,,,TOU
run_20260217_222909-0157,user-007,EVSE-039,2026-02-17T05:16:59.789274Z,2026-02-17T06:31:59.789274Z,,9.08,,,,TOU
run_20260217_222909-0158,user-008,EVSE-039,2026-02-17T21:24:57.587441Z,2026-02-17T22:04:57.587441Z,,4.641,,,,TOU
run_20260217_222909-0159,user-006,EVSE-037,2026-02-17T09:30:22.546411Z,2026-02-17T10:00:22.546411Z,,5.548,,,,TOU
run_20260217_222909-0160,user-006,EVSE-027,2026-02-17T14:57:28.821879Z,2026-02-17T15:57:28.821879Z,,10.901,,,,TOU
run_20260217_222909-0161,user-003,EVSE-026,2026-02-17T08:46:59.766174Z,2026-02-17T09:16:59.766174Z,,5.371,,,,TOU
run_20260217_222909-0162,user-007,EVSE-003,2026-02-17T10:56:09.054427Z,2026-02-17T11:36:09.054427Z,,14.411,,,,TOU
run_20260217_222909-0163,user-007,EVSE-030,2026-02-17T00:46:47.518060Z,2026-02-17T01:26:47.518060Z,,7.491,,,,TOU
run_20260217_222909-0164,user-010,EVSE-047,2026-02-17T07:24:46.216786Z,2026-02-17T07:54:46.216786Z,,5.981,,,,TOU
run_20260217_222909-0165,user-005,EVSE-046,2026-02-17T15:44:59.038775Z,2026-02-17T16:14:59.038775Z,,10.736,,,,TOU
run_20260217_222909-0166,user-006,EVSE-026,2026-02-17T08:25:55.399147Z,2026-02-17T08:55:55.399147Z,,11.536,,,,TOU
run_20260217_222909-0167,user-003,EVSE-012,2026-02-17T08:36:42.625057Z,2026-02-17T09:36:42.625057Z,,11.716,,,,TOU
run_20260217_222909-0168,user-004,EVSE-040,2026-02-17T13:00:07.643521Z,2026-02-17T13:40:07.643521Z,,14.035,,,,TOU
run_20260217_222909-0169,user-005,EVSE-019,2026-02-17T01:56:05.825105Z,2026-02-17T03:11:05.825105Z,,8.87,,,,TOU
run_20260217_222909-0170,user-006,EVSE-015,2026-02-17T03:46:32.477499Z,2026-02-17T05:01:32.477499Z,,8.641,,,,TOU
run_20260217_222909-0171,user-005,EVSE-024,2026-02-17T18:35:13.528802Z,2026-02-17T19:15:13.528802Z,,4.662,,,,TOU
run_20260217_222909-0172,user-001,EVSE-016,2026-02-17T05:44:35.643091Z,2026-02-17T06:44:35.643091Z,,22.469,,,,TOU
run_20260217_222909-0173,user-010,EVSE-009,2026-02-17T07:26:38.858074Z,2026-02-17T08:41:38.858074Z,,27.973,,,,TOU
run_20260217_222909-0174,user-007,EVSE-037,2026-02-17T01:55:58.383298Z,2026-02-17T02:35:58.383298Z,,15.057,,,,TOU
run_20260217_222909-0175,user-007,EVSE-045,2026-02-17T14:58:45.110874Z,2026-02-17T15:18:45.110874Z,,6.678,,,,TOU
run_20260217_222909-0176,user-006,EVSE-032,2026-02-17T13:04:14.295920Z,2026-02-17T14:04:14.295920Z,,10.809,,,,TOU
run_20260217_222909-0177,user-005,EVSE-045,2026-02-17T15:52:37.954593Z,2026-02-17T17:07:37.954593Z,,9.09,,,,TOU
run_20260217_222909-0178,user-005,EVSE-015,2026-02-17T20:10:04.347205Z,2026-02-17T20:50:04.347205Z,,4.878,,,,TOU
run_20260217_222909-0179,user-002,EVSE-001,2026-02-17T07:05:40.489364Z,2026-02-17T07:25:40.489364Z,,2.476,,,,TOU
run_20260217_222909-0180,user-006,EVSE-010,2026-02-17T04:22:21.780075Z,2026-02-17T05:22:21.780075Z,,22.863,,,,TOU
run_20260217_222909-0181,user-010,EVSE-014,2026-02-17T23:46:47.782295Z,2026-02-18T00:16:47.782295Z,,5.165,,,,TOU
run_20260217_222909-0182,user-002,EVSE-016,2026-02-17T20:37:22.864568Z,2026-02-17T20:57:22.864568Z,,6.989,,,,TOU
run_20260217_222909-0183,user-002,EVSE-041,2026-02-17T18:01:38.368851Z,2026-02-17T19:16:38.368851Z,,27.159,,,,TOU
run_20260217_222909-0184,user-009,EVSE-024,2026-02-17T02:39:14.200773Z,2026-02-17T02:59:14.200773Z,,3.813,,,,TOU
run_20260217_222909-0185,user-003,EVSE-026,2026-02-17T05:40:40.478966Z,2026-02-17T06:00:40.478966Z,,2.356,,,,TOU
run_20260217_222909-0186,user-009,EVSE-042,2026-02-17T05:34:21.695942Z,2026-02-17T06:34:21.695942Z,,22.476,,,,TOU
run_20260217_222909-0187,user-002,EVSE-001,2026-02-17T16:32:21.355770Z,2026-02-17T17:32:21.355770Z,,23.006,,,,TOU
run_20260217_222909-0188,user-006,EVSE-034,2026-02-17T11:25:52.336660Z,2026-02-17T12:05:52.336660Z,,4.954,,,,TOU
run_20260217_222909-0189,user-010,EVSE-001,2026-02-17T08:55:21.163238Z,2026-02-17T09:55:21.163238Z,,11.679,,,,TOU
run_20260217_222909-0190,user-008,EVSE-021,2026-02-17T15:14:52.430717Z,2026-02-17T15:44:52.430717Z,,3.487,,,,TOU
run_20260217_222909-0191,user-006,EVSE-034,2026-02-17T17:28:23.312428Z,2026-02-17T17:48:23.312428Z,,7.241,,,,TOU
run_20260217_222909-0192,user-007,EVSE-050,2026-02-17T22:19:44.755776Z,2026-02-17T23:19:44.755776Z,,11.336,,,,TOU
run_20260217_222909-0193,user-009,EVSE-022,2026-02-17T05:43:54.336164Z,2026-02-17T06:13:54.336164Z,,3.754,,,,TOU
run_20260217_222909-0194,user-007,EVSE-015,2026-02-17T03:36:25.882656Z,2026-02-17T04:16:25.882656Z,,4.872,,,,TOU
run_20260217_222909-0195,user-009,EVSE-009,2026-02-17T14:04:11.892178Z,2026-02-17T14:44:11.892178Z,,7.354,,,,TOU
run_20260217_222909-0196,user-005,EVSE-023,2026-02-17T03:33:41.055820Z,2026-02-17T04:33:41.055820Z,,21.996,,,,TOU
run_20260217_222909-0197,user-004,EVSE-004,2026-02-17T13:08:14.364554Z,2026-02-17T14:08:14.364554Z,,11.343,,,,TOU
run_20260217_222909-0198,user-005,EVSE-009,2026-02-17T04:18:04.257194Z,2026-02-17T04:48:04.257194Z,,3.591,,,,TOU
run_20260217_222909-0199,user-001,EVSE-005,2026-02-17T04:03:15.830524Z,2026-02-17T04:33:15.830524Z,,3.576,,,,TOU
run_20260217_222909-0200,user-002,EVSE-023,2026-02-17T19:14:14.370910Z,2026-02-17T20:14:14.370910Z,,7.295,,,,TOU
run_20260217_222909-0201,user-003,EVSE-041,2026-02-17T17:23:01.575156Z,2026-02-17T18:23:01.575156Z,,7.543,,,,TOU
run_20260217_222909-0202,user-009,EVSE-031,2026-02-17T04:54:25.284492Z,2026-02-17T05:54:25.284492Z,,22.019,,,,TOU
run_20260217_222909-0203,user-010,EVSE-015,2026-02-16T23:59:34.063475Z,2026-02-17T00:29:34.063475Z,,3.49,,,,TOU
run_20260217_222909-0204,user-007,EVSE-023,2026-02-17T15:28:04.879574Z,2026-02-17T15:58:04.879574Z,,3.416,,,,TOU
run_20260217_222909-0205,user-010,EVSE-031,2026-02-17T20:34:22.362108Z,2026-02-17T21:04:22.362108Z,,5.375,,,,TOU
run_20260217_222909-0206,user-010,EVSE-010,2026-02-17T19:08:53.477278Z,2026-02-17T19:38:53.477278Z,,5.344,,,,TOU
run_20260217_222909-0207,user-009,EVSE-021,2026-02-17T03:19:38.158086Z,2026-02-17T03:39:38.158086Z,,3.445,,,,TOU
run_20260217_222909-0208,user-003,EVSE-009,2026-02-17T06:24:24.785003Z,2026-02-17T07:24:24.785003Z,,21.864,,,,TOU
run_20260217_222909-0209,user-001,EVSE-041,2026-02-17T01:12:44.707795Z,2026-02-17T02:27:44.707795Z,,13.853,,,,TOU
run_20260217_222909-0210,user-002,EVSE-027,2026-02-17T04:15:48.420011Z,2026-02-17T04:55:48.420011Z,,7.306,,,,TOU
run_20260217_222909-0211,user-007,EVSE-005,2026-02-17T12:08:57.715764Z,2026-02-17T13:08:57.715764Z,,10.734,,,,TOU
run_20260217_222909-0212,user-007,EVSE-031,2026-02-17T20:07:17.851640Z,2026-02-17T20:27:17.851640Z,,7.799,,,,TOU
run_20260217_222909-0213,user-007,EVSE-047,2026-02-17T01:21:52.988900Z,2026-02-17T01:51:52.988900Z,,11.556,,,,TOU
run_20260217_222909-0214,user-009,EVSE-043,2026-02-17T17:37:01.123928Z,2026-02-17T18:17:01.123928Z,,7.216,,,,TOU
run_20260217_222909-0215,user-008,EVSE-020,2026-02-17T19:11:28.097214Z,2026-02-17T19:31:28.097214Z,,2.625,,,,TOU
run_20260217_222909-0216,user-008,EVSE-018,2026-02-17T12:14:42.035433Z,2026-02-17T12:54:42.035433Z,,4.716,,,,TOU
run_20260217_222909-0217,user-003,EVSE-015,2026-02-17T05:55:46.883721Z,2026-02-17T06:15:46.883721Z,,2.217,,,,TOU
run_20260217_222909-0218,user-007,EVSE-010,2026-02-17T04:20:29.789436Z,2026-02-17T05:20:29.789436Z,,20.375,,,,TOU
run_20260217_222909-0219,user-008,EVSE-041,2026-02-17T19:50:03.256750Z,2026-02-17T20:20:03.256750Z,,3.398,,,,TOU
run_20260217_222909-0220,user-010,EVSE-030,2026-02-17T17:47:38.618497Z,2026-02-17T18:07:38.618497Z,,2.414,,,,TOU
run_20260217_222909-0221,user-001,EVSE-039,2026-02-17T05:06:22.024805Z,2026-02-17T06:21:22.024805Z,,27.01,,,,TOU
run_20260217_222909-0222,user-003,EVSE-048,2026-02-17T17:22:24.218128Z,2026-02-17T17:52:24.218128Z,,11.145,,,,TOU
run_20260217_222909-0223,user-005,EVSE-045,2026-02-17T02:27:16.490310Z,2026-02-17T02:47:16.490310Z,,3.666,,,,TOU
run_20260217_222909-0224,user-004,EVSE-020,2026-02-17T20:45:29.090988Z,2026-02-17T21:45:29.090988Z,,11.083,,,,TOU
run_20260217_222909-0225,user-007,EVSE-024,2026-02-17T20:43:39.855464Z,2026-02-17T21:58:39.855464Z,,27.894,,,,TOU
run_20260217_222909-0226,user-008,EVSE-015,2026-02-17T19:43:16.768824Z,2026-02-17T20:43:16.768824Z,,21.872,,,,TOU
run_20260217_222909-0227,user-005,EVSE-014,2026-02-17T08:20:42.854441Z,2026-02-17T09:35:42.854441Z,,8.75,,,,TOU
run_20260217_222909-0228,user-009,EVSE-018,2026-02-17T04:11:59.545025Z,2026-02-17T05:11:59.545025Z,,21.798,,,,TOU
run_20260217_222909-0229,user-005,EVSE-037,2026-02-17T19:27:45.688981Z,2026-02-17T20:42:45.688981Z,,8.875,,,,TOU
run_20260217_222909-0230,user-006,EVSE-043,2026-02-17T06:32:46.090663Z,2026-02-17T07:02:46.090663Z,,10.323,,,,TOU
run_20260217_222909-0231,user-003,EVSE-024,2026-02-17T16:55:57.057833Z,2026-02-17T17:55:57.057833Z,,7.037,,,,TOU
run_20260217_222909-0232,user-005,EVSE-031,2026-02-17T12:51:11.081725Z,2026-02-17T13:11:11.081725Z,,3.659,,,,TOU
run_20260217_222909-0233,user-009,EVSE-032,2026-02-17T21:06:27.903027Z,2026-02-17T22:06:27.903027Z,,21.237,,,,TOU
run_20260217_222909-0234,user-003,EVSE-011,2026-02-17T16:27:41.024200Z,2026-02-17T16:47:41.024200Z,,2.307,,,,TOU
run_20260217_222909-0235,user-002,EVSE-047,2026-02-17T20:52:39.325266Z,2026-02-17T21:52:39.325266Z,,21.591,,,,TOU
run_20260217_222909-0236,user-006,EVSE-019,2026-02-17T16:29:35.228694Z,2026-02-17T16:49:35.228694Z,,3.624,,,,TOU
run_20260217_222909-0237,user-009,EVSE-026,2026-02-17T09:40:13.639032Z,2026-02-17T10:20:13.639032Z,,7.561,,,,TOU
run_20260217_222909-0238,user-004,EVSE-041,2026-02-17T06:31:52.613249Z,2026-02-17T07:01:52.613249Z,,3.567,,,,TOU
run_20260217_222909-0239,user-009,EVSE-009,2026-02-17T09:01:41.155240Z,2026-02-17T10:16:41.155240Z,,8.801,,,,TOU
run_20260217_222909-0240,user-002,EVSE-016,2026-02-17T11:42:19.074449Z,2026-02-17T12:57:19.074449Z,,8.771,,,,TOU
run_20260217_222909-0241,user-002,EVSE-028,2026-02-17T02:13:05.564175Z,2026-02-17T03:28:05.564175Z,,26.635,,,,TOU
run_20260217_222909-0242,user-002,EVSE-029,2026-02-17T03:33:12.354181Z,2026-02-17T03:53:12.354181Z,,2.478,,,,TOU
run_20260217_222909-0243,user-005,EVSE-018,2026-02-17T02:53:59.713569Z,2026-02-17T03:13:59.713569Z,,3.521,,,,TOU
run_20260217_222909-0244,user-008,EVSE-031,2026-02-17T04:47:08.718024Z,2026-02-17T05:17:08.718024Z,,4.033,,,,TOU
run_20260217_222909-0245,user-008,EVSE-044,2026-02-17T19:37:59.087570Z,2026-02-17T20:37:59.087570Z,,10.683,,,,TOU
run_20260217_222909-0246,user-010,EVSE-031,2026-02-17T06:36:45.965861Z,2026-02-17T07:06:45.965861Z,,10.371,,,,TOU
run_20260217_222909-0247,user-007,EVSE-016,2026-02-17T20:24:56.255325Z,2026-02-17T21:39:56.255325Z,,29.078,,,,TOU
run_20260217_222909-0248,user-008,EVSE-020,2026-02-17T04:45:11.024740Z,2026-02-17T05:45:11.024740Z,,7.134,,,,TOU
run_20260217_222909-0249,user-009,EVSE-022,2026-02-17T19:01:08.052099Z,2026-02-17T20:01:08.052099Z,,10.73,,,,TOU
run_20260217_222909-0250,user-005,EVSE-008,2026-02-17T10:50:19.533742Z,2026-02-17T11:30:19.533742Z,,14.813,,,,TOU
run_20260217_222909-0251,user-007,EVSE-029,2026-02-17T18:48:33.066823Z,2026-02-17T19:18:33.066823Z,,11.297,,,,TOU
run_20260217_222909-0252,user-010,EVSE-050,2026-02-17T01:02:05.156212Z,2026-02-17T01:32:05.156212Z,,5.244,,,,TOU
run_20260217_222909-0253,user-003,EVSE-027,2026-02-17T07:22:46.949629Z,2026-02-17T07:52:46.949629Z,,10.784,,,,TOU
run_20260217_222909-0254,user-004,EVSE-046,2026-02-17T17:25:01.315972Z,2026-02-17T18:05:01.315972Z,,6.947,,,,TOU
run_20260217_222909-0255,user-009,EVSE-012,2026-02-17T08:48:04.804219Z,2026-02-17T09:18:04.804219Z,,3.629,,,,TOU
run_20260217_222909-0256,user-006,EVSE-001,2026-02-17T06:56:05.524375Z,2026-02-17T07:36:05.524375Z,,14.11,,,,TOU
run_20260217_222909-0257,user-001,EVSE-044,2026-02-17T14:50:32.804911Z,2026-02-17T15:10:32.804911Z,,7.123,,,,TOU
run_20260217_222909-0258,user-001,EVSE-036,2026-02-17T07:24:32.604929Z,2026-02-17T08:04:32.604929Z,,4.755,,,,TOU
run_20260217_222909-0259,user-009,EVSE-017,2026-02-17T05:09:35.860264Z,2026-02-17T05:49:35.860264Z,,14.137,,,,TOU
run_20260217_222909-0260,user-008,EVSE-012,2026-02-17T04:03:49.427159Z,2026-02-17T04:43:49.427159Z,,13.889,,,,TOU
run_20260217_222909-0261,user-002,EVSE-043,2026-02-17T14:55:50.073183Z,2026-02-17T15:55:50.073183Z,,11.048,,,,TOU
run_20260217_222909-0262,user-010,EVSE-033,2026-02-17T10:46:46.160472Z,2026-02-17T11:06:46.160472Z,,7.488,,,,TOU
run_20260217_222909-0263,user-009,EVSE-014,2026-02-17T11:05:40.093701Z,2026-02-17T11:25:40.093701Z,,3.773,,,,TOU
run_20260217_222909-0264,user-010,EVSE-024,2026-02-17T11:15:04.895420Z,2026-02-17T12:30:04.895420Z,,27.791,,,,TOU
run_20260217_222909-0265,user-009,EVSE-011,2026-02-17T13:17:23.884050Z,2026-02-17T13:37:23.884050Z,,3.367,,,,TOU
run_20260217_222909-0266,user-009,EVSE-007,2026-02-17T11:11:11.016965Z,2026-02-17T11:31:11.016965Z,,2.289,,,,TOU
run_20260217_222909-0267,user-007,EVSE-005,2026-02-17T08:27:57.115835Z,2026-02-17T08:47:57.115835Z,,7.126,,,,TOU
run_20260217_222909-0268,user-005,EVSE-033,2026-02-17T10:35:21.524661Z,2026-02-17T11:50:21.524661Z,,8.945,,,,TOU
run_20260217_222909-0269,user-005,EVSE-019,2026-02-17T09:25:32.711321Z,2026-02-17T10:05:32.711321Z,,7.445,,,,TOU
run_20260217_222909-0270,user-003,EVSE-048,2026-02-17T16:49:47.918122Z,2026-02-17T17:29:47.918122Z,,4.639,,,,TOU
run_20260217_222909-0271,user-006,EVSE-032,2026-02-17T18:54:05.928132Z,2026-02-17T20:09:05.928132Z,,9.299,,,,TOU
run_20260217_222909-0272,user-006,EVSE-045,2026-02-17T20:54:22.211334Z,2026-02-17T21:24:22.211334Z,,3.72,,,,TOU
run_20260217_222909-0273,user-010,EVSE-022,2026-02-17T10:22:43.132447Z,2026-02-17T11:02:43.132447Z,,7.26,,,,TOU
run_20260217_222909-0274,user-008,EVSE-041,2026-02-17T13:17:41.071084Z,2026-02-17T13:57:41.071084Z,,7.044,,,,TOU
run_20260217_222909-0275,user-002,EVSE-019,2026-02-17T02:34:22.112048Z,2026-02-17T03:49:22.112048Z,,26.424,,,,TOU
run_20260217_222909-0276,user-009,EVSE-048,2026-02-17T11:44:00.403775Z,2026-02-17T12:44:00.403775Z,,10.603,,,,TOU
run_20260217_222909-0277,user-006,EVSE-034,2026-02-17T23:00:47.727029Z,2026-02-18T00:00:47.727029Z,,7.541,,,,TOU
run_20260217_222909-0278,user-005,EVSE-015,2026-02-17T03:56:47.036199Z,2026-02-17T04:36:47.036199Z,,13.603,,,,TOU
run_20260217_222909-0279,user-006,EVSE-010,2026-02-17T04:22:10.743484Z,2026-02-17T05:02:10.743484Z,,7.279,,,,TOU
run_20260217_222909-0280,user-006,EVSE-031,2026-02-17T09:32:05.448113Z,2026-02-17T09:52:05.448113Z,,7.461,,,,TOU
run_20260217_222909-0281,user-010,EVSE-041,2026-02-17T20:06:48.323148Z,2026-02-17T21:06:48.323148Z,,7.09,,,,TOU
run_20260217_222909-0282,user-005,EVSE-038,2026-02-17T01:14:57.265751Z,2026-02-17T01:44:57.265751Z,,5.282,,,,TOU
run_20260217_222909-0283,user-003,EVSE-035,2026-02-17T09:01:34.505758Z,2026-02-17T10:16:34.505758Z,,13.701,,,,TOU
run_20260217_222909-0284,user-002,EVSE-003,2026-02-17T21:44:48.386955Z,2026-02-17T22:14:48.386955Z,,10.821,,,,TOU
run_20260217_222909-0285,user-007,EVSE-017,2026-02-17T18:28:32.387449Z,2026-02-17T19:28:32.387449Z,,11.066,,,,TOU
run_20260217_222909-0286,user-001,EVSE-024,2026-02-17T10:06:41.910603Z,2026-02-17T10:26:41.910603Z,,7.419,,,,TOU
run_20260217_222909-0287,user-007,EVSE-031,2026-02-17T08:20:43.839235Z,2026-02-17T09:00:43.839235Z,,6.907,,,,TOU
run_20260217_222909-0288,user-009,EVSE-011,2026-02-17T10:39:55.658816Z,2026-02-17T11:19:55.658816Z,,7.208,,,,TOU
run_20260217_222909-0289,user-009,EVSE-039,2026-02-17T14:22:11.537685Z,2026-02-17T15:02:11.537685Z,,14.447,,,,TOU
run_20260217_222909-0290,user-002,EVSE-050,2026-02-17T17:40:08.851376Z,2026-02-17T18:20:08.851376Z,,4.585,,,,TOU
run_20260217_222909-0291,user-008,EVSE-040,2026-02-17T13:26:52.815006Z,2026-02-17T13:56:52.815006Z,,11.221,,,,TOU
run_20260217_222909-0292,user-001,EVSE-026,2026-02-17T15:20:58.464149Z,2026-02-17T15:40:58.464149Z,,2.388,,,,TOU
run_20260217_222909-0293,user-009,EVSE-023,2026-02-17T23:36:52.332456Z,2026-02-17T23:56:52.332456Z,,2.257,,,,TOU
run_20260217_222909-0294,user-005,EVSE-019,2026-02-17T18:33:08.067680Z,2026-02-17T19:03:08.067680Z,,5.628,,,,TOU
run_20260217_222909-0295,user-002,EVSE-030,2026-02-17T04:42:45.790242Z,2026-02-17T05:22:45.790242Z,,13.581,,,,TOU
run_20260217_222909-0296,user-010,EVSE-026,2026-02-17T03:17:41.188671Z,2026-02-17T04:17:41.188671Z,,6.803,,,,TOU
run_20260217_222909-0297,user-006,EVSE-013,2026-02-17T22:09:31.109906Z,2026-02-17T22:39:31.109906Z,,5.526,,,,TOU
run_20260217_222909-0298,user-004,EVSE-006,2026-02-17T18:20:47.977465Z,2026-02-17T18:50:47.977465Z,,5.516,,,,TOU
run_20260217_222909-0299,user-008,EVSE-028,2026-02-17T09:15:05.349336Z,2026-02-17T10:30:05.349336Z,,9.13,,,,TOU
run_20260217_222909-0300,user-009,EVSE-025,2026-02-17T23:12:06.587296Z,2026-02-17T23:52:06.587296Z,,7.336,,,,TOU
run_20260217_222909-0301,user-006,EVSE-024,2026-02-17T15:18:17.559048Z,2026-02-17T15:58:17.559048Z,,4.797,,,,TOU
run_20260217_222909-0302,user-007,EVSE-028,2026-02-17T17:16:20.008446Z,2026-02-17T17:46:20.008446Z,,11.551,,,,TOU
run_20260217_222909-0303,user-004,EVSE-047,2026-02-17T20:28:59.101267Z,2026-02-17T20:58:59.101267Z,,5.14,,,,TOU
run_20260217_222909-0304,user-008,EVSE-039,2026-02-17T16:46:57.046662Z,2026-02-17T18:01:57.046662Z,,28.161,,,,TOU
run_20260217_222909-0305,user-010,EVSE-040,2026-02-17T08:23:11.622259Z,2026-02-17T09:38:11.622259Z,,9.116,,,,TOU
run_20260217_222909-0306,user-002,EVSE-048,2026-02-17T22:05:04.729467Z,2026-02-17T22:45:04.729467Z,,4.613,,,,TOU
run_20260217_222909-0307,user-008,EVSE-026,2026-02-17T14:02:51.345141Z,2026-02-17T14:32:51.345141Z,,3.719,,,,TOU
run_20260217_222909-0308,user-002,EVSE-009,2026-02-17T01:30:01.027629Z,2026-02-17T02:30:01.027629Z,,22.414,,,,TOU
run_20260217_222909-0309,user-003,EVSE-038,2026-02-17T23:17:51.440283Z,2026-02-17T23:57:51.440283Z,,7.326,,,,TOU
run_20260217_222909-0310,user-010,EVSE-020,2026-02-17T13:32:37.955109Z,2026-02-17T14:47:37.955109Z,,13.51,,,,TOU
run_20260217_222909-0311,user-007,EVSE-040,2026-02-17T04:49:55.843332Z,2026-02-17T06:04:55.843332Z,,8.967,,,,TOU
run_20260217_222909-0312,user-005,EVSE-047,2026-02-17T17:09:03.919756Z,2026-02-17T18:24:03.919756Z,,13.925,,,,TOU
run_20260217_222909-0313,user-002,EVSE-031,2026-02-17T20:22:00.928865Z,2026-02-17T21:22:00.928865Z,,7.156,,,,TOU
run_20260217_222909-0314,user-005,EVSE-016,2026-02-17T04:22:09.537446Z,2026-02-17T04:42:09.537446Z,,2.334,,,,TOU
run_20260217_222909-0315,user-001,EVSE-021,2026-02-17T19:12:10.858687Z,2026-02-17T19:32:10.858687Z,,7.133,,,,TOU
run_20260217_222909-0316,user-001,EVSE-003,2026-02-17T06:06:35.796401Z,2026-02-17T07:21:35.796401Z,,28.456,,,,TOU
run_20260217_222909-0317,user-008,EVSE-049,2026-02-17T07:27:41.675036Z,2026-02-17T07:57:41.675036Z,,5.379,,,,TOU
run_20260217_222909-0318,user-001,EVSE-023,2026-02-17T15:27:03.272853Z,2026-02-17T15:57:03.272853Z,,10.407,,,,TOU
run_20260217_222909-0319,user-008,EVSE-046,2026-02-17T06:23:12.484936Z,2026-02-17T06:43:12.484936Z,,7.378,,,,TOU
run_20260217_222909-0320,user-005,EVSE-030,2026-02-17T10:57:27.775764Z,2026-02-17T11:57:27.775764Z,,7.008,,,,TOU
run_20260217_222909-0321,user-009,EVSE-025,2026-02-17T14:53:10.635581Z,2026-02-17T15:23:10.635581Z,,3.65,,,,TOU
run_20260217_222909-0322,user-008,EVSE-009,2026-02-17T05:36:20.574148Z,2026-02-17T06:06:20.574148Z,,11.108,,,,TOU
run_20260217_222909-0323,user-001,EVSE-032,2026-02-17T19:08:00.371921Z,2026-02-17T20:08:00.371921Z,,7.214,,,,TOU
run_20260217_222909-0324,user-002,EVSE-046,2026-02-17T12:44:59.690008Z,2026-02-17T13:04:59.690008Z,,3.356,,,,TOU
run_20260217_222909-0325,user-010,EVSE-007,2026-02-17T17:36:13.529179Z,2026-02-17T17:56:13.529179Z,,7.82,,,,TOU
run_20260217_222909-0326,user-004,EVSE-007,2026-02-17T11:13:24.485159Z,2026-02-17T11:43:24.485159Z,,3.432,,,,TOU
run_20260217_222909-0327,user-010,EVSE-021,2026-02-17T15:23:31.965189Z,2026-02-17T16:23:31.965189Z,,22.704,,,,TOU
run_20260217_222909-0328,user-007,EVSE-002,2026-02-17T05:38:34.470613Z,2026-02-17T06:38:34.470613Z,,21.667,,,,TOU
run_20260217_222909-0329,user-005,EVSE-036,2026-02-17T23:49:32.453177Z,2026-02-18T00:19:32.453177Z,,3.618,,,,TOU
run_20260217_222909-0330,user-010,EVSE-015,2026-02-17T20:16:12.642471Z,2026-02-17T20:36:12.642471Z,,3.684,,,,TOU
run_20260217_222909-0331,user-005,EVSE-037,2026-02-17T21:46:39.397521Z,2026-02-17T22:46:39.397521Z,,22.149,,,,TOU
run_20260217_222909-0332,user-001,EVSE-041,2026-02-17T01:51:30.302701Z,2026-02-17T02:31:30.302701Z,,7.181,,,,TOU
run_20260217_222909-0333,user-007,EVSE-048,2026-02-17T22:41:03.345227Z,2026-02-17T23:56:03.345227Z,,9.309,,,,TOU
run_20260217_222909-0334,user-007,EVSE-028,2026-02-17T17:40:54.990823Z,2026-02-17T18:40:54.990823Z,,21.984,,,,TOU
run_20260217_222909-0335,user-010,EVSE-015,2026-02-17T21:49:59.022402Z,2026-02-17T22:49:59.022402Z,,10.83,,,,TOU
run_20260217_222909-0336,user-006,EVSE-019,2026-02-17T20:14:22.358836Z,2026-02-17T20:34:22.358836Z,,2.378,,,,TOU
run_20260217_222909-0337,user-002,EVSE-034,2026-02-17T16:39:37.800475Z,2026-02-17T17:39:37.800475Z,,6.758,,,,TOU
run_20260217_222909-0338,user-003,EVSE-043,2026-02-17T22:32:26.491717Z,2026-02-17T23:02:26.491717Z,,11.049,,,,TOU
run_20260217_222909-0339,user-002,EVSE-034,2026-02-17T23:31:31.632812Z,2026-02-18T00:31:31.632812Z,,7.172,,,,TOU
run_20260217_222909-0340,user-008,EVSE-004,2026-02-17T14:32:30.255740Z,2026-02-17T15:02:30.255740Z,,3.605,,,,TOU
run_20260217_222909-0341,user-007,EVSE-009,2026-02-17T02:36:49.259763Z,2026-02-17T02:56:49.259763Z,,7.287,,,,TOU
run_20260217_222909-0342,user-007,EVSE-034,2026-02-17T11:29:09.978272Z,2026-02-17T12:44:09.978272Z,,27.114,,,,TOU
run_20260217_222909-0343,user-007,EVSE-021,2026-02-17T00:05:12.746860Z,2026-02-17T00:35:12.746860Z,,11.381,,,,TOU
run_20260217_222909-0344,user-003,EVSE-009,2026-02-17T06:32:00.328326Z,2026-02-17T07:12:00.328326Z,,7.086,,,,TOU
run_20260217_222909-0345,user-010,EVSE-001,2026-02-17T09:10:35.821924Z,2026-02-17T10:25:35.821924Z,,28.101,,,,TOU
run_20260217_222909-0346,user-007,EVSE-030,2026-02-17T18:38:31.316050Z,2026-02-17T19:08:31.316050Z,,3.898,,,,TOU
run_20260217_222909-0347,user-007,EVSE-048,2026-02-17T14:15:59.511224Z,2026-02-17T14:35:59.511224Z,,7.051,,,,TOU
run_20260217_222909-0348,user-009,EVSE-016,2026-02-17T11:22:40.082061Z,2026-02-17T11:42:40.082061Z,,8.121,,,,TOU
run_20260217_222909-0349,user-007,EVSE-029,2026-02-17T00:22:17.032384Z,2026-02-17T00:42:17.032384Z,,7.154,,,,TOU
run_20260217_222909-0350,user-005,EVSE-033,2026-02-17T05:24:54.306117Z,2026-02-17T06:04:54.306117Z,,7.48,,,,TOU
run_20260217_222909-0351,user-010,EVSE-046,2026-02-17T01:28:30.411655Z,2026-02-17T02:43:30.411655Z,,9.039,,,,TOU
run_20260217_222909-0352,user-006,EVSE-046,2026-02-17T21:56:09.514595Z,2026-02-17T22:56:09.514595Z,,21.87,,,,TOU
run_20260217_222909-0353,user-005,EVSE-038,2026-02-17T16:33:17.618410Z,2026-02-17T17:33:17.618410Z,,10.788,,,,TOU
run_20260217_222909-0354,user-008,EVSE-036,2026-02-17T14:08:22.922003Z,2026-02-17T14:28:22.922003Z,,6.823,,,,TOU
run_20260217_222909-0355,user-004,EVSE-006,2026-02-17T22:48:33.415685Z,2026-02-17T23:18:33.415685Z,,3.544,,,,TOU
run_20260217_222909-0356,user-007,EVSE-048,2026-02-17T00:08:01.280393Z,2026-02-17T00:38:01.280393Z,,10.281,,,,TOU
run_20260217_222909-0357,user-001,EVSE-018,2026-02-17T21:44:53.888732Z,2026-02-17T22:24:53.888732Z,,7.57,,,,TOU
run_20260217_222909-0358,user-007,EVSE-039,2026-02-17T11:23:30.567520Z,2026-02-17T11:53:30.567520Z,,11.907,,,,TOU
run_20260217_222909-0359,user-005,EVSE-012,2026-02-17T13:44:02.568521Z,2026-02-17T14:24:02.568521Z,,6.704,,,,TOU
run_20260217_222909-0360,user-004,EVSE-027,2026-02-17T06:58:38.077368Z,2026-02-17T07:28:38.077368Z,,3.731,,,,TOU
run_20260217_222909-0361,user-006,EVSE-050,2026-02-17T15:35:30.236160Z,2026-02-17T16:05:30.236160Z,,3.541,,,,TOU
run_20260217_222909-0362,user-006,EVSE-004,2026-02-17T15:47:26.359036Z,2026-02-17T17:02:26.359036Z,,28.328,,,,TOU
run_20260217_222909-0363,user-005,EVSE-002,2026-02-17T10:25:28.955818Z,2026-02-17T11:05:28.955818Z,,13.864,,,,TOU
run_20260217_222909-0364,user-007,EVSE-046,2026-02-17T08:56:49.462766Z,2026-02-17T09:26:49.462766Z,,11.129,,,,TOU
run_20260217_222909-0365,user-007,EVSE-050,2026-02-17T21:54:00.671377Z,2026-02-17T22:24:00.671377Z,,5.736,,,,TOU
run_20260217_222909-0366,user-002,EVSE-034,2026-02-17T13:19:57.918366Z,2026-02-17T13:39:57.918366Z,,3.728,,,,TOU
run_20260217_222909-0367,user-006,EVSE-046,2026-02-17T20:32:39.307857Z,2026-02-17T20:52:39.307857Z,,7.348,,,,TOU
run_20260217_222909-0368,user-002,EVSE-007,2026-02-17T23:53:04.907298Z,2026-02-18T00:13:04.907298Z,,6.852,,,,TOU
run_20260217_222909-0369,user-005,EVSE-018,2026-02-17T23:26:37.705436Z,2026-02-18T00:06:37.705436Z,,15.388,,,,TOU
run_20260217_222909-0370,user-010,EVSE-019,2026-02-17T10:33:08.334029Z,2026-02-17T10:53:08.334029Z,,2.311,,,,TOU
run_20260217_222909-0371,user-003,EVSE-022,2026-02-17T22:16:24.615927Z,2026-02-17T23:31:24.615927Z,,13.911,,,,TOU
run_20260217_222909-0372,user-009,EVSE-024,2026-02-17T22:05:53.659518Z,2026-02-17T23:05:53.659518Z,,22.228,,,,TOU
run_20260217_222909-0373,user-006,EVSE-033,2026-02-17T05:03:09.519772Z,2026-02-17T05:43:09.519772Z,,7.459,,,,TOU
run_20260217_222909-0374,user-002,EVSE-036,2026-02-17T16:09:44.855475Z,2026-02-17T16:29:44.855475Z,,3.514,,,,TOU
run_20260217_222909-0375,user-008,EVSE-005,2026-02-17T14:46:18.257962Z,2026-02-17T15:26:18.257962Z,,4.749,,,,TOU
run_20260217_222909-0376,user-010,EVSE-020,2026-02-17T03:54:04.956051Z,2026-02-17T04:14:04.956051Z,,7.384,,,,TOU
run_20260217_222909-0377,user-002,EVSE-020,2026-02-17T09:37:30.406710Z,2026-02-17T10:52:30.406710Z,,13.629,,,,TOU
run_20260217_222909-0378,user-005,EVSE-023,2026-02-17T01:56:21.459811Z,2026-02-17T02:56:21.459811Z,,23.211,,,,TOU
run_20260217_222909-0379,user-005,EVSE-043,2026-02-17T03:12:25.279378Z,2026-02-17T03:42:25.279378Z,,5.392,,,,TOU
run_20260217_222909-0380,user-003,EVSE-042,2026-02-17T19:27:57.201190Z,2026-02-17T20:27:57.201190Z,,11.355,,,,TOU
run_20260217_222909-0381,user-008,EVSE-003,2026-02-17T02:32:14.474666Z,2026-02-17T03:47:14.474666Z,,13.341,,,,TOU
run_20260217_222909-0382,user-010,EVSE-034,2026-02-17T12:23:05.633387Z,2026-02-17T13:03:05.633387Z,,4.538,,,,TOU
run_20260217_222909-0383,user-010,EVSE-047,2026-02-17T21:51:38.235297Z,2026-02-17T22:51:38.235297Z,,21.583,,,,TOU
run_20260217_222909-0384,user-006,EVSE-037,2026-02-17T00:55:45.775466Z,2026-02-17T01:35:45.775466Z,,7.193,,,,TOU
run_20260217_222909-0385,user-005,EVSE-045,2026-02-17T04:34:11.404636Z,2026-02-17T05:49:11.404636Z,,9.264,,,,TOU
run_20260217_222909-0386,user-003,EVSE-032,2026-02-17T04:47:54.258646Z,2026-02-17T05:07:54.258646Z,,3.674,,,,TOU
run_20260217_222909-0387,user-007,EVSE-049,2026-02-17T05:29:40.223018Z,2026-02-17T05:59:40.223018Z,,10.875,,,,TOU
run_20260217_222909-0388,user-001,EVSE-044,2026-02-17T19:57:39.325721Z,2026-02-17T20:57:39.325721Z,,11.134,,,,TOU
run_20260217_222909-0389,user-009,EVSE-042,2026-02-17T07:35:39.486737Z,2026-02-17T07:55:39.486737Z,,2.465,,,,TOU
run_20260217_222909-0390,user-006,EVSE-047,2026-02-17T17:29:43.823476Z,2026-02-17T17:49:43.823476Z,,3.535,,,,TOU
run_20260217_222909-0391,user-004,EVSE-029,2026-02-17T11:30:16.119373Z,2026-02-17T12:00:16.119373Z,,5.208,,,,TOU
run_20260217_222909-0392,user-005,EVSE-014,2026-02-17T17:56:16.176343Z,2026-02-17T18:16:16.176343Z,,2.282,,,,TOU
run_20260217_222909-0393,user-002,EVSE-037,2026-02-17T06:59:22.310856Z,2026-02-17T07:19:22.310856Z,,2.252,,,,TOU
run_20260217_222909-0394,user-003,EVSE-045,2026-02-17T02:28:45.459137Z,2026-02-17T02:58:45.459137Z,,5.721,,,,TOU
run_20260217_222909-0395,user-006,EVSE-017,2026-02-17T17:48:26.118160Z,2026-02-17T18:08:26.118160Z,,3.572,,,,TOU
run_20260217_222909-0396,user-002,EVSE-007,2026-02-17T12:10:55.237655Z,2026-02-17T12:40:55.237655Z,,11.107,,,,TOU
run_20260217_222909-0397,user-005,EVSE-010,2026-02-17T21:30:15.993182Z,2026-02-17T21:50:15.993182Z,,2.253,,,,TOU
run_20260217_222909-0398,user-001,EVSE-025,2026-02-17T01:35:37.982287Z,2026-02-17T02:35:37.982287Z,,10.775,,,,TOU
run_20260217_222909-0399,user-008,EVSE-043,2026-02-17T21:04:28.004615Z,2026-02-17T22:19:28.004615Z,,13.76,,,,TOU
run_20260217_222909-0400,user-007,EVSE-005,2026-02-17T02:28:05.795706Z,2026-02-17T03:08:05.795706Z,,7.497,,,,TOU
run_20260217_222909-0401,user-005,EVSE-005,2026-02-17T11:59:27.289309Z,2026-02-17T12:59:27.289309Z,,7.222,,,,TOU
run_20260217_222909-0402,user-003,EVSE-001,2026-02-17T12:14:59.496769Z,2026-02-17T12:34:59.496769Z,,3.841,,,,TOU
run_20260217_222909-0403,user-001,EVSE-008,2026-02-17T02:16:17.172906Z,2026-02-17T02:36:17.172906Z,,3.643,,,,TOU
run_20260217_222909-0404,user-010,EVSE-035,2026-02-17T18:41:22.533905Z,2026-02-17T19:11:22.533905Z,,5.655,,,,TOU
run_20260217_222909-0405,user-004,EVSE-012,2026-02-17T05:38:30.710963Z,2026-02-17T06:53:30.710963Z,,8.924,,,,TOU
run_20260217_222909-0406,user-010,EVSE-006,2026-02-17T02:41:50.531734Z,2026-02-17T03:41:50.531734Z,,21.222,,,,TOU
run_20260217_222909-0407,user-005,EVSE-024,2026-02-17T15:38:05.451824Z,2026-02-17T15:58:05.451824Z,,7.547,,,,TOU
run_20260217_222909-0408,user-009,EVSE-028,2026-02-17T11:48:08.478629Z,2026-02-17T12:48:08.478629Z,,21.307,,,,TOU
run_20260217_222909-0409,user-010,EVSE-021,2026-02-17T04:39:34.722518Z,2026-02-17T05:39:34.722518Z,,7.155,,,,TOU
run_20260217_222909-0410,user-002,EVSE-031,2026-02-17T16:09:22.175785Z,2026-02-17T16:29:22.175785Z,,2.288,,,,TOU
run_20260217_222909-0411,user-001,EVSE-018,2026-02-17T02:36:41.763888Z,2026-02-17T03:06:41.763888Z,,3.641,,,,TOU
run_20260217_222909-0412,user-003,EVSE-027,2026-02-17T23:12:47.026947Z,2026-02-18T00:27:47.026947Z,,8.741,,,,TOU
run_20260217_222909-0413,user-008,EVSE-028,2026-02-17T03:17:26.001809Z,2026-02-17T03:47:26.001809Z,,11.04,,,,TOU
run_20260217_222909-0414,user-010,EVSE-023,2026-02-17T01:16:23.796563Z,2026-02-17T02:31:23.796563Z,,8.817,,,,TOU
run_20260217_222909-0415,user-002,EVSE-024,2026-02-17T23:36:03.633791Z,2026-02-18T00:16:03.633791Z,,4.635,,,,TOU
run_20260217_222909-0416,user-001,EVSE-018,2026-02-17T03:20:02.938954Z,2026-02-17T03:40:02.938954Z,,3.708,,,,TOU
run_20260217_222909-0417,user-010,EVSE-004,2026-02-17T10:57:53.606803Z,2026-02-17T11:27:53.606803Z,,11.746,,,,TOU
run_20260217_222909-0418,user-006,EVSE-050,2026-02-17T12:48:53.511588Z,2026-02-17T13:08:53.511588Z,,3.598,,,,TOU
run_20260217_222909-0419,user-006,EVSE-014,2026-02-17T18:15:22.134257Z,2026-02-17T18:35:22.134257Z,,6.33,,,,TOU
run_20260217_222909-0420,user-004,EVSE-044,2026-02-17T16:17:31.926257Z,2026-02-17T16:57:31.926257Z,,14.47,,,,TOU
run_20260217_222909-0421,user-005,EVSE-019,2026-02-17T13:08:09.067741Z,2026-02-17T13:48:09.067741Z,,15.481,,,,TOU
run_20260217_222909-0422,user-002,EVSE-009,2026-02-17T21:21:30.870861Z,2026-02-17T22:01:30.870861Z,,4.775,,,,TOU
run_20260217_222909-0423,user-007,EVSE-034,2026-02-17T13:19:50.491502Z,2026-02-17T13:39:50.491502Z,,3.726,,,,TOU
run_20260217_222909-0424,user-007,EVSE-017,2026-02-17T10:05:39.922079Z,2026-02-17T10:45:39.922079Z,,6.987,,,,TOU
run_20260217_222909-0425,user-006,EVSE-046,2026-02-17T00:41:09.442220Z,2026-02-17T01:01:09.442220Z,,2.445,,,,TOU
run_20260217_222909-0426,user-003,EVSE-036,2026-02-17T00:37:34.993889Z,2026-02-17T01:07:34.993889Z,,3.75,,,,TOU
run_20260217_222909-0427,user-006,EVSE-050,2026-02-17T00:30:38.850553Z,2026-02-17T01:00:38.850553Z,,5.555,,,,TOU
run_20260217_222909-0428,user-008,EVSE-049,2026-02-17T01:42:57.104567Z,2026-02-17T02:12:57.104567Z,,3.555,,,,TOU
run_20260217_222909-0429,user-010,EVSE-038,2026-02-17T07:58:40.900002Z,2026-02-17T09:13:40.900002Z,,27.57,,,,TOU
run_20260217_222909-0430,user-005,EVSE-026,2026-02-17T19:17:10.165815Z,2026-02-17T19:37:10.165815Z,,7.622,,,,TOU
run_20260217_222909-0431,user-006,EVSE-047,2026-02-17T09:30:25.950033Z,2026-02-17T10:45:25.950033Z,,9.368,,,,TOU
run_20260217_222909-0432,user-007,EVSE-018,2026-02-17T06:29:48.483462Z,2026-02-17T07:29:48.483462Z,,7.318,,,,TOU
run_20260217_222909-0433,user-009,EVSE-041,2026-02-17T12:53:32.835060Z,2026-02-17T14:08:32.835060Z,,9.063,,,,TOU
run_20260217_222909-0434,user-005,EVSE-008,2026-02-17T13:58:17.654885Z,2026-02-17T14:58:17.654885Z,,21.242,,,,TOU
run_20260217_222909-0435,user-010,EVSE-023,2026-02-17T23:33:44.105043Z,2026-02-18T00:13:44.105043Z,,4.7,,,,TOU
run_20260217_222909-0436,user-005,EVSE-011,2026-02-17T11:16:21.494697Z,2026-02-17T11:36:21.494697Z,,7.441,,,,TOU
run_20260217_222909-0437,user-006,EVSE-032,2026-02-17T04:08:22.579493Z,2026-02-17T04:48:22.579493Z,,7.213,,,,TOU
run_20260217_222909-0438,user-003,EVSE-035,2026-02-17T21:31:31.097062Z,2026-02-17T22:01:31.097062Z,,11.102,,,,TOU
run_20260217_222909-0439,user-002,EVSE-024,2026-02-17T13:58:01.283359Z,2026-02-17T14:18:01.283359Z,,2.289,,,,TOU
run_20260217_222909-0440,user-008,EVSE-049,2026-02-17T02:37:47.640303Z,2026-02-17T03:52:47.640303Z,,27.285,,,,TOU
run_20260217_222909-0441,user-004,EVSE-018,2026-02-17T21:23:44.578207Z,2026-02-17T22:38:44.578207Z,,28.298,,,,TOU
run_20260217_222909-0442,user-006,EVSE-045,2026-02-17T15:31:49.637171Z,2026-02-17T16:46:49.637171Z,,27.894,,,,TOU
run_20260217_222909-0443,user-008,EVSE-027,2026-02-17T07:49:07.379678Z,2026-02-17T08:09:07.379678Z,,2.221,,,,TOU
run_20260217_222909-0444,user-006,EVSE-003,2026-02-17T21:00:59.629226Z,2026-02-17T21:20:59.629226Z,,7.807,,,,TOU
run_20260217_222909-0445,user-008,EVSE-005,2026-02-17T21:12:21.566758Z,2026-02-17T21:52:21.566758Z,,7.133,,,,TOU
run_20260217_222909-0446,user-008,EVSE-045,2026-02-17T01:26:43.315050Z,2026-02-17T02:06:43.315050Z,,4.727,,,,TOU
run_20260217_222909-0447,user-002,EVSE-028,2026-02-17T06:11:20.261412Z,2026-02-17T06:41:20.261412Z,,3.755,,,,TOU
run_20260217_222909-0448,user-005,EVSE-009,2026-02-17T05:37:39.810146Z,2026-02-17T06:52:39.810146Z,,27.519,,,,TOU
run_20260217_222909-0449,user-001,EVSE-032,2026-02-17T04:03:21.002711Z,2026-02-17T05:03:21.002711Z,,21.456,,,,TOU
run_20260217_222909-0450,user-005,EVSE-025,2026-02-17T10:57:53.346885Z,2026-02-17T12:12:53.346885Z,,28.006,,,,TOU
run_20260217_222909-0451,user-002,EVSE-004,2026-02-17T10:19:50.908679Z,2026-02-17T11:19:50.908679Z,,21.907,,,,TOU
run_20260217_222909-0452,user-001,EVSE-004,2026-02-17T20:54:23.687301Z,2026-02-17T21:34:23.687301Z,,7.164,,,,TOU
run_20260217_222909-0453,user-004,EVSE-028,2026-02-17T18:21:08.651559Z,2026-02-17T19:01:08.651559Z,,15.606,,,,TOU
run_20260217_222909-0454,user-007,EVSE-020,2026-02-17T17:35:04.128314Z,2026-02-17T18:35:04.128314Z,,21.779,,,,TOU
run_20260217_222909-0455,user-007,EVSE-015,2026-02-17T19:08:28.054642Z,2026-02-17T19:28:28.054642Z,,7.34,,,,TOU
run_20260217_222909-0456,user-002,EVSE-033,2026-02-17T06:45:30.128761Z,2026-02-17T08:00:30.128761Z,,8.897,,,,TOU
run_20260217_222909-0457,user-009,EVSE-048,2026-02-17T19:38:56.086483Z,2026-02-17T19:58:56.086483Z,,6.707,,,,TOU
run_20260217_222909-0458,user-005,EVSE-018,2026-02-17T01:29:29.123229Z,2026-02-17T02:44:29.123229Z,,26.973,,,,TOU
run_20260217_222909-0459,user-003,EVSE-043,2026-02-17T17:49:43.010746Z,2026-02-17T19:04:43.010746Z,,8.976,,,,TOU
run_20260217_222909-0460,user-001,EVSE-016,2026-02-17T00:51:08.812659Z,2026-02-17T01:51:08.812659Z,,7.573,,,,TOU
run_20260217_222909-0461,user-009,EVSE-018,2026-02-17T01:35:34.377345Z,2026-02-17T02:50:34.377345Z,,28.205,,,,TOU
run_20260217_222909-0462,user-005,EVSE-031,2026-02-17T03:16:25.445730Z,2026-02-17T03:36:25.445730Z,,3.63,,,,TOU
run_20260217_222909-0463,user-005,EVSE-048,2026-02-17T02:52:36.942068Z,2026-02-17T03:22:36.942068Z,,5.598,,,,TOU
run_20260217_222909-0464,user-001,EVSE-016,2026-02-17T07:24:25.035864Z,2026-02-17T07:54:25.035864Z,,5.466,,,,TOU
run_20260217_222909-0465,user-007,EVSE-006,2026-02-17T23:47:40.368420Z,2026-02-18T00:47:40.368420Z,,10.914,,,,TOU
run_20260217_222909-0466,user-008,EVSE-004,2026-02-17T12:40:37.713115Z,2026-02-17T13:40:37.713115Z,,10.412,,,,TOU
run_20260217_222909-0467,user-003,EVSE-050,2026-02-17T08:51:34.492093Z,2026-02-17T09:21:34.492093Z,,3.638,,,,TOU
run_20260217_222909-0468,user-003,EVSE-037,2026-02-17T03:39:22.618865Z,2026-02-17T04:39:22.618865Z,,10.849,,,,TOU
run_20260217_222909-0469,user-001,EVSE-050,2026-02-17T01:49:43.092797Z,2026-02-17T03:04:43.092797Z,,28.573,,,,TOU
run_20260217_222909-0470,user-008,EVSE-013,2026-02-17T04:07:44.956150Z,2026-02-17T05:07:44.956150Z,,7.407,,,,TOU
run_20260217_222909-0471,user-007,EVSE-038,2026-02-17T04:57:51.150605Z,2026-02-17T05:17:51.150605Z,,3.678,,,,TOU
run_20260217_222909-0472,user-008,EVSE-023,2026-02-17T21:55:32.178577Z,2026-02-17T22:55:32.178577Z,,7.157,,,,TOU
run_20260217_222909-0473,user-010,EVSE-024,2026-02-17T06:57:13.500585Z,2026-02-17T07:17:13.500585Z,,2.519,,,,TOU
run_20260217_222909-0474,user-009,EVSE-028,2026-02-17T22:59:46.800955Z,2026-02-17T23:29:46.800955Z,,5.877,,,,TOU
run_20260217_222909-0475,user-002,EVSE-040,2026-02-17T16:27:53.505864Z,2026-02-17T16:57:53.505864Z,,5.428,,,,TOU
run_20260217_222909-0476,user-005,EVSE-046,2026-02-17T11:34:33.559955Z,2026-02-17T12:34:33.559955Z,,7.355,,,,TOU
run_20260217_222909-0477,user-002,EVSE-018,2026-02-17T00:05:54.569374Z,2026-02-17T01:05:54.569374Z,,7.249,,,,TOU
run_20260217_222909-0478,user-010,EVSE-032,2026-02-17T18:53:08.972064Z,2026-02-17T19:13:08.972064Z,,7.285,,,,TOU
run_20260217_222909-0479,user-006,EVSE-002,2026-02-17T23:21:36.868632Z,2026-02-17T23:41:36.868632Z,,3.783,,,,TOU
run_20260217_222909-0480,user-008,EVSE-037,2026-02-17T13:05:09.603492Z,2026-02-17T13:45:09.603492Z,,14.858,,,,TOU
run_20260217_222909-0481,user-001,EVSE-026,2026-02-17T04:44:45.392004Z,2026-02-17T05:24:45.392004Z,,7.343,,,,TOU
run_20260217_222909-0482,user-004,EVSE-013,2026-02-17T20:04:21.924913Z,2026-02-17T21:04:21.924913Z,,10.776,,,,TOU
run_20260217_222909-0483,user-007,EVSE-028,2026-02-17T12:32:55.611075Z,2026-02-17T13:47:55.611075Z,,26.698,,,,TOU
run_20260217_222909-0484,user-008,EVSE-003,2026-02-17T16:46:26.022796Z,2026-02-17T17:16:26.022796Z,,10.959,,,,TOU
run_20260217_222909-0485,user-009,EVSE-006,2026-02-17T13:47:07.471768Z,2026-02-17T14:07:07.471768Z,,3.512,,,,TOU
run_20260217_222909-0486,user-001,EVSE-012,2026-02-17T21:14:55.973578Z,2026-02-17T22:14:55.973578Z,,6.913,,,,TOU
run_20260217_222909-0487,user-002,EVSE-024,2026-02-17T06:03:16.666815Z,2026-02-17T07:18:16.666815Z,,13.358,,,,TOU
run_20260217_222909-0488,user-007,EVSE-013,2026-02-17T04:40:19.040499Z,2026-02-17T05:00:19.040499Z,,2.408,,,,TOU
run_20260217_222909-0489,user-004,EVSE-010,2026-02-17T12:26:11.474459Z,2026-02-17T12:56:11.474459Z,,11.767,,,,TOU
run_20260217_222909-0490,user-001,EVSE-037,2026-02-17T21:11:17.957991Z,2026-02-17T21:41:17.957991Z,,9.948,,,,TOU
run_20260217_222909-0491,user-007,EVSE-048,2026-02-17T22:45:40.323629Z,2026-02-17T23:05:40.323629Z,,2.367,,,,TOU
run_20260217_222909-0492,user-009,EVSE-032,2026-02-17T00:00:24.121827Z,2026-02-17T00:20:24.121827Z,,3.397,,,,TOU
run_20260217_222909-0493,user-001,EVSE-023,2026-02-17T11:18:14.118907Z,2026-02-17T12:18:14.118907Z,,22.023,,,,TOU
run_20260217_222909-0494,user-009,EVSE-042,2026-02-17T18:42:37.717388Z,2026-02-17T19:22:37.717388Z,,13.942,,,,TOU
run_20260217_222909-0495,user-008,EVSE-032,2026-02-17T04:47:21.162905Z,2026-02-17T05:17:21.162905Z,,11.779,,,,TOU
run_20260217_222909-0496,user-007,EVSE-015,2026-02-17T01:21:00.074062Z,2026-02-17T02:21:00.074062Z,,11.431,,,,TOU
run_20260217_222909-0497,user-004,EVSE-004,2026-02-17T12:18:38.038264Z,2026-02-17T12:58:38.038264Z,,6.849,,,,TOU
run_20260217_222909-0498,user-008,EVSE-036,2026-02-17T04:48:27.533103Z,2026-02-17T05:08:27.533103Z,,2.331,,,,TOU
run_20260217_222909-0499,user-002,EVSE-033,2026-02-17T19:58:27.199826Z,2026-02-17T20:18:27.199826Z,,2.457,,,,TOU
run_20260217_222909-0500,user-002,EVSE-019,2026-02-17T20:16:48.848718Z,2026-02-17T20:56:48.848718Z,,7.568,,,,TOU
run_20260217_224037-0001,user-002,EVSE-033,2026-02-17T23:22:59.070749Z,2026-02-18T00:02:59.070749Z,,4.879,,,,TOU
run_20260217_224037-0002,user-009,EVSE-035,2026-02-17T19:12:40.426981Z,2026-02-17T20:27:40.426981Z,,13.956,,,,TOU
run_20260217_224037-0003,user-007,EVSE-015,2026-02-17T22:05:31.662886Z,2026-02-17T22:45:31.662886Z,,13.632,,,,TOU
run_20260217_224037-0004,user-007,EVSE-011,2026-02-17T17:18:43.080691Z,2026-02-17T17:58:43.080691Z,,4.882,,,,TOU
run_20260217_224037-0005,user-005,EVSE-030,2026-02-17T00:14:05.182505Z,2026-02-17T01:29:05.182505Z,,9.089,,,,TOU
run_20260217_224037-0006,user-003,EVSE-034,2026-02-17T18:03:51.383335Z,2026-02-17T19:18:51.383335Z,,27.595,,,,TOU
run_20260217_224037-0007,user-009,EVSE-042,2026-02-17T03:19:28.633727Z,2026-02-17T03:39:28.633727Z,,7.283,,,,TOU
run_20260217_224037-0008,user-005,EVSE-035,2026-02-17T13:32:56.282342Z,2026-02-17T14:32:56.282342Z,,7.453,,,,TOU
run_20260217_224037-0009,user-009,EVSE-043,2026-02-17T01:56:22.162084Z,2026-02-17T03:11:22.162084Z,,13.965,,,,TOU
run_20260217_224037-0010,user-009,EVSE-005,2026-02-17T20:01:13.030745Z,2026-02-17T21:16:13.030745Z,,27.702,,,,TOU
run_20260217_224037-0011,user-001,EVSE-009,2026-02-17T18:29:19.429879Z,2026-02-17T18:49:19.429879Z,,3.79,,,,TOU
run_20260217_224037-0012,user-010,EVSE-047,2026-02-17T10:09:15.313464Z,2026-02-17T10:39:15.313464Z,,5.454,,,,TOU
run_20260217_224037-0013,user-002,EVSE-036,2026-02-17T22:31:43.064960Z,2026-02-17T23:11:43.064960Z,,4.925,,,,TOU
run_20260217_224037-0014,user-009,EVSE-004,2026-02-17T03:55:07.216649Z,2026-02-17T04:15:07.216649Z,,2.478,,,,TOU
run_20260217_224037-0015,user-001,EVSE-004,2026-02-17T00:20:09.315897Z,2026-02-17T01:00:09.315897Z,,7.23,,,,TOU
run_20260217_224037-0016,user-009,EVSE-005,2026-02-17T22:31:13.265824Z,2026-02-17T23:11:13.265824Z,,5.059,,,,TOU
run_20260217_224037-0017,user-004,EVSE-005,2026-02-17T14:17:33.792366Z,2026-02-17T15:32:33.792366Z,,9.143,,,,TOU
run_20260217_224037-0018,user-010,EVSE-005,2026-02-17T00:01:13.536310Z,2026-02-17T00:21:13.536310Z,,2.393,,,,TOU
run_20260217_224037-0019,user-006,EVSE-036,2026-02-17T17:08:37.089399Z,2026-02-17T18:08:37.089399Z,,22.638,,,,TOU
run_20260217_224037-0020,user-005,EVSE-003,2026-02-17T09:28:02.702945Z,2026-02-17T10:08:02.702945Z,,4.446,,,,TOU
run_20260217_224037-0021,user-003,EVSE-024,2026-02-17T08:41:33.404201Z,2026-02-17T09:21:33.404201Z,,4.903,,,,TOU
run_20260217_224037-0022,user-003,EVSE-023,2026-02-17T13:40:06.428007Z,2026-02-17T14:00:06.428007Z,,3.707,,,,TOU
run_20260217_224037-0023,user-004,EVSE-027,2026-02-17T07:58:36.953321Z,2026-02-17T08:38:36.953321Z,,14.988,,,,TOU
run_20260217_224037-0024,user-006,EVSE-015,2026-02-17T05:12:21.806733Z,2026-02-17T06:12:21.806733Z,,22.851,,,,TOU
run_20260217_224037-0025,user-004,EVSE-017,2026-02-17T14:25:12.539452Z,2026-02-17T15:05:12.539452Z,,4.834,,,,TOU
run_20260217_224037-0026,user-005,EVSE-043,2026-02-17T23:03:54.578149Z,2026-02-18T00:18:54.578149Z,,13.94,,,,TOU
run_20260217_224037-0027,user-010,EVSE-045,2026-02-17T16:26:57.688267Z,2026-02-17T16:46:57.688267Z,,7.485,,,,TOU
run_20260217_224037-0028,user-003,EVSE-033,2026-02-17T19:22:45.015966Z,2026-02-17T20:22:45.015966Z,,21.346,,,,TOU
run_20260217_224037-0029,user-003,EVSE-003,2026-02-17T08:10:15.295632Z,2026-02-17T08:50:15.295632Z,,15.25,,,,TOU
run_20260217_224037-0030,user-008,EVSE-032,2026-02-17T09:18:45.928728Z,2026-02-17T09:38:45.928728Z,,3.622,,,,TOU
run_20260217_224037-0031,user-003,EVSE-030,2026-02-17T08:14:16.587840Z,2026-02-17T08:34:16.587840Z,,2.484,,,,TOU
run_20260217_224037-0032,user-004,EVSE-021,2026-02-17T01:57:50.590751Z,2026-02-17T02:17:50.590751Z,,3.563,,,,TOU
run_20260217_224037-0033,user-008,EVSE-018,2026-02-17T09:16:46.839313Z,2026-02-17T10:31:46.839313Z,,13.684,,,,TOU
run_20260217_224037-0034,user-009,EVSE-004,2026-02-17T22:02:58.090378Z,2026-02-17T22:32:58.090378Z,,3.698,,,,TOU
run_20260217_224037-0035,user-007,EVSE-025,2026-02-17T14:38:09.203386Z,2026-02-17T15:53:09.203386Z,,27.254,,,,TOU
run_20260217_224037-0036,user-007,EVSE-022,2026-02-17T06:36:10.728973Z,2026-02-17T07:36:10.728973Z,,7.296,,,,TOU
run_20260217_224037-0037,user-007,EVSE-040,2026-02-17T17:18:18.628409Z,2026-02-17T18:18:18.628409Z,,11.402,,,,TOU
run_20260217_224037-0038,user-003,EVSE-039,2026-02-17T12:37:04.324334Z,2026-02-17T12:57:04.324334Z,,7.805,,,,TOU
run_20260217_224037-0039,user-002,EVSE-046,2026-02-17T05:18:58.781034Z,2026-02-17T05:48:58.781034Z,,5.782,,,,TOU
run_20260217_224037-0040,user-010,EVSE-003,2026-02-17T07:24:30.914463Z,2026-02-17T07:54:30.914463Z,,3.399,,,,TOU
run_20260217_224037-0041,user-007,EVSE-028,2026-02-17T08:06:24.556165Z,2026-02-17T08:26:24.556165Z,,6.879,,,,TOU
run_20260217_224037-0042,user-008,EVSE-029,2026-02-17T07:00:28.533184Z,2026-02-17T08:00:28.533184Z,,7.138,,,,TOU
run_20260217_224037-0043,user-008,EVSE-047,2026-02-17T10:18:24.990700Z,2026-02-17T11:18:24.990700Z,,11.257,,,,TOU
run_20260217_224037-0044,user-009,EVSE-023,2026-02-17T05:47:14.573939Z,2026-02-17T06:47:14.573939Z,,21.643,,,,TOU
run_20260217_224037-0045,user-005,EVSE-048,2026-02-17T16:37:27.773547Z,2026-02-17T17:07:27.773547Z,,3.37,,,,TOU
run_20260217_224037-0046,user-010,EVSE-001,2026-02-17T00:32:41.153223Z,2026-02-17T01:47:41.153223Z,,27.548,,,,TOU
run_20260217_224037-0047,user-008,EVSE-010,2026-02-17T12:29:39.092376Z,2026-02-17T13:09:39.092376Z,,4.8,,,,TOU
run_20260217_224037-0048,user-010,EVSE-015,2026-02-17T01:12:15.544500Z,2026-02-17T01:32:15.544500Z,,2.395,,,,TOU
run_20260217_224037-0049,user-007,EVSE-005,2026-02-17T13:10:15.550234Z,2026-02-17T14:10:15.550234Z,,11.109,,,,TOU
run_20260217_224037-0050,user-007,EVSE-005,2026-02-17T13:10:16.479921Z,2026-02-17T14:25:16.479921Z,,13.435,,,,TOU
run_20260217_224037-0051,user-005,EVSE-037,2026-02-17T09:42:08.195176Z,2026-02-17T10:57:08.195176Z,,13.83,,,,TOU
run_20260217_224037-0052,user-001,EVSE-032,2026-02-16T23:59:36.943182Z,2026-02-17T00:39:36.943182Z,,14.515,,,,TOU
run_20260217_224037-0053,user-008,EVSE-030,2026-02-17T15:37:56.164736Z,2026-02-17T16:17:56.164736Z,,7.244,,,,TOU
run_20260217_224037-0054,user-005,EVSE-019,2026-02-17T16:13:29.144866Z,2026-02-17T17:13:29.144866Z,,22.016,,,,TOU
run_20260217_224037-0055,user-008,EVSE-030,2026-02-17T21:04:08.786397Z,2026-02-17T22:19:08.786397Z,,9.173,,,,TOU
run_20260217_224037-0056,user-007,EVSE-029,2026-02-17T19:24:31.263950Z,2026-02-17T20:39:31.263950Z,,27.417,,,,TOU
run_20260217_224037-0057,user-006,EVSE-003,2026-02-17T16:00:17.187827Z,2026-02-17T17:15:17.187827Z,,13.443,,,,TOU
run_20260217_224037-0058,user-010,EVSE-042,2026-02-17T16:00:55.657580Z,2026-02-17T16:20:55.657580Z,,3.986,,,,TOU
run_20260217_224037-0059,user-002,EVSE-049,2026-02-17T12:42:56.012075Z,2026-02-17T13:22:56.012075Z,,7.29,,,,TOU
run_20260217_224037-0060,user-009,EVSE-028,2026-02-17T23:07:18.317774Z,2026-02-17T23:27:18.317774Z,,2.284,,,,TOU
run_20260217_224037-0061,user-002,EVSE-011,2026-02-17T13:20:06.173136Z,2026-02-17T14:00:06.173136Z,,4.978,,,,TOU
run_20260217_224037-0062,user-010,EVSE-041,2026-02-17T03:04:59.458677Z,2026-02-17T04:19:59.458677Z,,28.972,,,,TOU
run_20260217_224037-0063,user-005,EVSE-043,2026-02-17T13:01:09.385786Z,2026-02-17T13:41:09.385786Z,,4.991,,,,TOU
run_20260217_224037-0064,user-001,EVSE-015,2026-02-17T10:24:03.732935Z,2026-02-17T10:44:03.732935Z,,7.054,,,,TOU
run_20260217_224037-0065,user-006,EVSE-041,2026-02-17T18:43:38.007837Z,2026-02-17T19:13:38.007837Z,,11.178,,,,TOU
run_20260217_224037-0066,user-005,EVSE-027,2026-02-17T05:03:24.054182Z,2026-02-17T05:23:24.054182Z,,7.392,,,,TOU
run_20260217_224037-0067,user-003,EVSE-008,2026-02-17T05:06:25.293127Z,2026-02-17T05:46:25.293127Z,,15.613,,,,TOU
run_20260217_224037-0068,user-002,EVSE-001,2026-02-17T20:36:18.593903Z,2026-02-17T21:06:18.593903Z,,10.695,,,,TOU
run_20260217_224037-0069,user-002,EVSE-040,2026-02-17T13:04:06.487204Z,2026-02-17T13:44:06.487204Z,,14.552,,,,TOU
run_20260217_224037-0070,user-002,EVSE-035,2026-02-17T08:44:01.101107Z,2026-02-17T09:44:01.101107Z,,23.279,,,,TOU
run_20260217_224037-0071,user-003,EVSE-014,2026-02-17T02:44:00.249071Z,2026-02-17T03:04:00.249071Z,,3.472,,,,TOU
run_20260217_224037-0072,user-004,EVSE-018,2026-02-17T03:27:09.103298Z,2026-02-17T03:47:09.103298Z,,7.269,,,,TOU
run_20260217_224037-0073,user-002,EVSE-015,2026-02-17T01:12:25.467894Z,2026-02-17T02:12:25.467894Z,,7.327,,,,TOU
run_20260217_224037-0074,user-003,EVSE-005,2026-02-17T05:03:21.179630Z,2026-02-17T06:18:21.179630Z,,9.191,,,,TOU
run_20260217_224037-0075,user-006,EVSE-043,2026-02-17T11:39:56.240463Z,2026-02-17T11:59:56.240463Z,,3.616,,,,TOU
run_20260217_224037-0076,user-008,EVSE-046,2026-02-17T08:32:35.364885Z,2026-02-17T08:52:35.364885Z,,2.518,,,,TOU
run_20260217_224037-0077,user-002,EVSE-033,2026-02-17T02:24:03.351493Z,2026-02-17T03:04:03.351493Z,,14.153,,,,TOU
run_20260217_224037-0078,user-002,EVSE-029,2026-02-17T04:56:56.497556Z,2026-02-17T05:16:56.497556Z,,6.784,,,,TOU
run_20260217_224037-0079,user-007,EVSE-009,2026-02-17T15:50:56.308133Z,2026-02-17T16:50:56.308133Z,,10.984,,,,TOU
run_20260217_224037-0080,user-010,EVSE-023,2026-02-17T01:01:27.632500Z,2026-02-17T02:16:27.632500Z,,13.526,,,,TOU
run_20260217_224037-0081,user-006,EVSE-043,2026-02-17T21:13:33.908911Z,2026-02-17T21:53:33.908911Z,,13.768,,,,TOU
run_20260217_224037-0082,user-005,EVSE-002,2026-02-17T23:17:18.445156Z,2026-02-17T23:57:18.445156Z,,15.089,,,,TOU
run_20260217_224037-0083,user-009,EVSE-032,2026-02-17T18:49:12.519165Z,2026-02-17T19:49:12.519165Z,,10.78,,,,TOU
run_20260217_224037-0084,user-007,EVSE-028,2026-02-17T17:25:38.384647Z,2026-02-17T18:40:38.384647Z,,9.163,,,,TOU
run_20260217_224037-0085,user-007,EVSE-030,2026-02-17T11:12:04.885144Z,2026-02-17T11:42:04.885144Z,,10.819,,,,TOU
run_20260217_224037-0086,user-006,EVSE-026,2026-02-17T10:09:54.408512Z,2026-02-17T11:24:54.408512Z,,13.233,,,,TOU
run_20260217_224037-0087,user-006,EVSE-042,2026-02-17T18:39:56.174112Z,2026-02-17T19:09:56.174112Z,,3.452,,,,TOU
run_20260217_224037-0088,user-004,EVSE-038,2026-02-17T21:30:57.688800Z,2026-02-17T22:10:57.688800Z,,4.821,,,,TOU
run_20260217_224037-0089,user-010,EVSE-040,2026-02-17T08:33:05.505830Z,2026-02-17T09:48:05.505830Z,,13.768,,,,TOU
run_20260217_224037-0090,user-007,EVSE-016,2026-02-17T12:52:41.712669Z,2026-02-17T14:07:41.712669Z,,27.819,,,,TOU
run_20260217_224037-0091,user-008,EVSE-006,2026-02-17T11:24:20.477006Z,2026-02-17T12:39:20.477006Z,,8.865,,,,TOU
run_20260217_224037-0092,user-003,EVSE-043,2026-02-17T01:58:53.106283Z,2026-02-17T02:38:53.106283Z,,13.959,,,,TOU
run_20260217_224037-0093,user-009,EVSE-048,2026-02-17T21:44:25.663818Z,2026-02-17T22:44:25.663818Z,,22.841,,,,TOU
run_20260217_224037-0094,user-001,EVSE-015,2026-02-17T08:05:49.313891Z,2026-02-17T09:20:49.313891Z,,8.902,,,,TOU
run_20260217_224037-0095,user-005,EVSE-042,2026-02-17T00:48:32.450546Z,2026-02-17T01:48:32.450546Z,,7.144,,,,TOU
run_20260217_224037-0096,user-006,EVSE-018,2026-02-17T10:40:27.679595Z,2026-02-17T11:00:27.679595Z,,7.477,,,,TOU
run_20260217_224037-0097,user-009,EVSE-046,2026-02-17T20:26:49.076122Z,2026-02-17T21:26:49.076122Z,,7.385,,,,TOU
run_20260217_224037-0098,user-003,EVSE-036,2026-02-17T20:40:51.395620Z,2026-02-17T21:20:51.395620Z,,7.352,,,,TOU
run_20260217_224037-0099,user-010,EVSE-040,2026-02-17T11:19:00.541891Z,2026-02-17T11:39:00.541891Z,,3.857,,,,TOU
run_20260217_224037-0100,user-002,EVSE-034,2026-02-17T03:54:10.180940Z,2026-02-17T04:54:10.180940Z,,21.51,,,,TOU
run_20260217_224037-0101,user-009,EVSE-023,2026-02-17T10:41:01.271311Z,2026-02-17T11:41:01.271311Z,,11.384,,,,TOU
run_20260217_224037-0102,user-003,EVSE-035,2026-02-17T04:03:14.852056Z,2026-02-17T05:03:14.852056Z,,22.866,,,,TOU
run_20260217_224037-0103,user-001,EVSE-026,2026-02-17T05:54:15.664614Z,2026-02-17T06:24:15.664614Z,,5.643,,,,TOU
run_20260217_224037-0104,user-007,EVSE-028,2026-02-17T15:50:47.235306Z,2026-02-17T16:20:47.235306Z,,5.47,,,,TOU
run_20260217_224037-0105,user-003,EVSE-023,2026-02-17T10:53:31.012069Z,2026-02-17T11:33:31.012069Z,,4.931,,,,TOU
run_20260217_224037-0106,user-007,EVSE-011,2026-02-17T17:23:38.416890Z,2026-02-17T17:43:38.416890Z,,2.209,,,,TOU
run_20260217_224037-0107,user-003,EVSE-024,2026-02-17T03:36:54.971619Z,2026-02-17T04:36:54.971619Z,,7.33,,,,TOU
run_20260217_224037-0108,user-005,EVSE-017,2026-02-17T17:59:33.553173Z,2026-02-17T18:19:33.553173Z,,2.315,,,,TOU
run_20260217_224037-0109,user-008,EVSE-011,2026-02-17T18:50:01.115243Z,2026-02-17T20:05:01.115243Z,,12.912,,,,TOU
run_20260217_224037-0110,user-003,EVSE-034,2026-02-17T04:56:04.632436Z,2026-02-17T06:11:04.632436Z,,9.411,,,,TOU
run_20260217_224037-0111,user-007,EVSE-023,2026-02-17T04:13:23.475882Z,2026-02-17T04:33:23.475882Z,,2.412,,,,TOU
run_20260217_224037-0112,user-009,EVSE-021,2026-02-17T08:37:41.804503Z,2026-02-17T09:07:41.804503Z,,3.624,,,,TOU
run_20260217_224037-0113,user-004,EVSE-002,2026-02-17T15:40:43.605686Z,2026-02-17T16:55:43.605686Z,,13.953,,,,TOU
run_20260217_224037-0114,user-010,EVSE-031,2026-02-17T17:37:53.729563Z,2026-02-17T18:07:53.729563Z,,10.339,,,,TOU
run_20260217_224037-0115,user-007,EVSE-039,2026-02-17T16:50:41.713508Z,2026-02-17T17:10:41.713508Z,,7.911,,,,TOU
run_20260217_224037-0116,user-006,EVSE-019,2026-02-17T06:21:45.141185Z,2026-02-17T07:01:45.141185Z,,7.304,,,,TOU
run_20260217_224037-0117,user-010,EVSE-020,2026-02-17T13:56:53.158176Z,2026-02-17T14:26:53.158176Z,,5.789,,,,TOU
run_20260217_224037-0118,user-002,EVSE-024,2026-02-17T01:17:51.885728Z,2026-02-17T02:32:51.885728Z,,12.993,,,,TOU
run_20260217_224037-0119,user-001,EVSE-044,2026-02-17T10:17:47.665969Z,2026-02-17T10:47:47.665969Z,,5.514,,,,TOU
run_20260217_224037-0120,user-003,EVSE-039,2026-02-17T00:34:52.844748Z,2026-02-17T01:34:52.844748Z,,11.171,,,,TOU
run_20260217_224037-0121,user-003,EVSE-045,2026-02-17T16:06:43.750764Z,2026-02-17T17:21:43.750764Z,,14.206,,,,TOU
run_20260217_224037-0122,user-010,EVSE-027,2026-02-17T12:35:35.405503Z,2026-02-17T13:50:35.405503Z,,26.698,,,,TOU
run_20260217_224037-0123,user-007,EVSE-045,2026-02-17T11:56:22.794802Z,2026-02-17T13:11:22.794802Z,,13.821,,,,TOU
run_20260217_224037-0124,user-008,EVSE-046,2026-02-17T19:22:08.375787Z,2026-02-17T19:52:08.375787Z,,5.334,,,,TOU
run_20260217_224037-0125,user-008,EVSE-019,2026-02-17T15:36:43.405749Z,2026-02-17T16:16:43.405749Z,,7.491,,,,TOU
run_20260217_224037-0126,user-002,EVSE-041,2026-02-17T15:40:14.192382Z,2026-02-17T16:40:14.192382Z,,22.547,,,,TOU
run_20260217_224037-0127,user-002,EVSE-004,2026-02-17T14:03:50.761973Z,2026-02-17T15:03:50.761973Z,,7.189,,,,TOU
run_20260217_224037-0128,user-002,EVSE-003,2026-02-17T08:19:41.389692Z,2026-02-17T08:49:41.389692Z,,10.959,,,,TOU
run_20260217_224037-0129,user-007,EVSE-022,2026-02-17T05:04:20.201579Z,2026-02-17T05:34:20.201579Z,,11.401,,,,TOU
run_20260217_224037-0130,user-009,EVSE-012,2026-02-17T11:23:58.878590Z,2026-02-17T11:53:58.878590Z,,10.887,,,,TOU
run_20260217_224037-0131,user-006,EVSE-049,2026-02-17T05:00:17.673794Z,2026-02-17T06:15:17.673794Z,,27.964,,,,TOU
run_20260217_224037-0132,user-006,EVSE-031,2026-02-17T16:44:11.879451Z,2026-02-17T17:59:11.879451Z,,8.904,,,,TOU
run_20260217_224037-0133,user-010,EVSE-013,2026-02-17T15:00:58.813652Z,2026-02-17T16:15:58.813652Z,,13.341,,,,TOU
run_20260217_224037-0134,user-003,EVSE-038,2026-02-17T20:02:03.989671Z,2026-02-17T21:17:03.989671Z,,13.343,,,,TOU
run_20260217_224037-0135,user-007,EVSE-003,2026-02-17T15:42:52.705929Z,2026-02-17T16:02:52.705929Z,,7.856,,,,TOU
run_20260217_224037-0136,user-003,EVSE-034,2026-02-17T05:31:40.813793Z,2026-02-17T06:31:40.813793Z,,10.94,,,,TOU
run_20260217_224037-0137,user-004,EVSE-015,2026-02-17T03:56:51.412752Z,2026-02-17T04:16:51.412752Z,,3.581,,,,TOU
run_20260217_224037-0138,user-006,EVSE-016,2026-02-17T20:15:37.513355Z,2026-02-17T20:45:37.513355Z,,11.045,,,,TOU
run_20260217_224037-0139,user-002,EVSE-037,2026-02-17T09:43:43.225658Z,2026-02-17T10:43:43.225658Z,,21.829,,,,TOU
run_20260217_224037-0140,user-010,EVSE-012,2026-02-17T05:26:32.698442Z,2026-02-17T06:06:32.698442Z,,5.026,,,,TOU
run_20260217_224037-0141,user-007,EVSE-027,2026-02-17T10:38:34.502459Z,2026-02-17T10:58:34.502459Z,,3.703,,,,TOU
run_20260217_224037-0142,user-005,EVSE-024,2026-02-17T14:56:53.839713Z,2026-02-17T16:11:53.839713Z,,13.787,,,,TOU
run_20260217_224037-0143,user-004,EVSE-013,2026-02-17T22:44:47.235245Z,2026-02-17T23:44:47.235245Z,,22.225,,,,TOU
run_20260217_224037-0144,user-002,EVSE-047,2026-02-17T06:03:29.634748Z,2026-02-17T07:03:29.634748Z,,7.065,,,,TOU
run_20260217_224037-0145,user-006,EVSE-010,2026-02-17T02:02:21.844895Z,2026-02-17T02:42:21.844895Z,,7.423,,,,TOU
run_20260217_224037-0146,user-004,EVSE-048,2026-02-17T14:52:01.843462Z,2026-02-17T15:22:01.843462Z,,5.138,,,,TOU
run_20260217_224037-0147,user-003,EVSE-005,2026-02-17T06:23:48.478721Z,2026-02-17T07:03:48.478721Z,,5.083,,,,TOU
run_20260217_224037-0148,user-001,EVSE-036,2026-02-17T05:38:21.123915Z,2026-02-17T06:38:21.123915Z,,6.888,,,,TOU
run_20260217_224037-0149,user-001,EVSE-010,2026-02-17T11:16:38.315313Z,2026-02-17T11:56:38.315313Z,,14.426,,,,TOU
run_20260217_224037-0150,user-010,EVSE-006,2026-02-17T11:20:54.202861Z,2026-02-17T12:00:54.202861Z,,7.639,,,,TOU
run_20260217_224037-0151,user-001,EVSE-014,2026-02-17T21:44:21.556331Z,2026-02-17T22:44:21.556331Z,,10.794,,,,TOU
run_20260217_224037-0152,user-010,EVSE-012,2026-02-17T12:34:16.775147Z,2026-02-17T12:54:16.775147Z,,2.228,,,,TOU
run_20260217_224037-0153,user-006,EVSE-037,2026-02-17T23:36:27.140575Z,2026-02-18T00:06:27.140575Z,,11.431,,,,TOU
run_20260217_224037-0154,user-007,EVSE-029,2026-02-17T07:44:04.178948Z,2026-02-17T08:59:04.178948Z,,13.321,,,,TOU
run_20260217_224037-0155,user-006,EVSE-024,2026-02-17T10:42:37.540564Z,2026-02-17T11:42:37.540564Z,,11.456,,,,TOU
run_20260217_224037-0156,user-001,EVSE-001,2026-02-17T01:21:08.236358Z,2026-02-17T02:21:08.236358Z,,10.965,,,,TOU
run_20260217_224037-0157,user-007,EVSE-039,2026-02-17T05:16:59.789274Z,2026-02-17T06:31:59.789274Z,,9.08,,,,TOU
run_20260217_224037-0158,user-008,EVSE-039,2026-02-17T21:24:57.587441Z,2026-02-17T22:04:57.587441Z,,4.641,,,,TOU
run_20260217_224037-0159,user-006,EVSE-037,2026-02-17T09:30:22.546411Z,2026-02-17T10:00:22.546411Z,,5.548,,,,TOU
run_20260217_224037-0160,user-006,EVSE-027,2026-02-17T14:57:28.821879Z,2026-02-17T15:57:28.821879Z,,10.901,,,,TOU
run_20260217_224037-0161,user-003,EVSE-026,2026-02-17T08:46:59.766174Z,2026-02-17T09:16:59.766174Z,,5.371,,,,TOU
run_20260217_224037-0162,user-007,EVSE-003,2026-02-17T10:56:09.054427Z,2026-02-17T11:36:09.054427Z,,14.411,,,,TOU
run_20260217_224037-0163,user-007,EVSE-030,2026-02-17T00:46:47.518060Z,2026-02-17T01:26:47.518060Z,,7.491,,,,TOU
run_20260217_224037-0164,user-010,EVSE-047,2026-02-17T07:24:46.216786Z,2026-02-17T07:54:46.216786Z,,5.981,,,,TOU
run_20260217_224037-0165,user-005,EVSE-046,2026-02-17T15:44:59.038775Z,2026-02-17T16:14:59.038775Z,,10.736,,,,TOU
run_20260217_224037-0166,user-006,EVSE-026,2026-02-17T08:25:55.399147Z,2026-02-17T08:55:55.399147Z,,11.536,,,,TOU
run_20260217_224037-0167,user-003,EVSE-012,2026-02-17T08:36:42.625057Z,2026-02-17T09:36:42.625057Z,,11.716,,,,TOU
run_20260217_224037-0168,user-004,EVSE-040,2026-02-17T13:00:07.643521Z,2026-02-17T13:40:07.643521Z,,14.035,,,,TOU
run_20260217_224037-0169,user-005,EVSE-019,2026-02-17T01:56:05.825105Z,2026-02-17T03:11:05.825105Z,,8.87,,,,TOU
run_20260217_224037-0170,user-006,EVSE-015,2026-02-17T03:46:32.477499Z,2026-02-17T05:01:32.477499Z,,8.641,,,,TOU
run_20260217_224037-0171,user-005,EVSE-024,2026-02-17T18:35:13.528802Z,2026-02-17T19:15:13.528802Z,,4.662,,,,TOU
run_20260217_224037-0172,user-001,EVSE-016,2026-02-17T05:44:35.643091Z,2026-02-17T06:44:35.643091Z,,22.469,,,,TOU
run_20260217_224037-0173,user-010,EVSE-009,2026-02-17T07:26:38.858074Z,2026-02-17T08:41:38.858074Z,,27.973,,,,TOU
run_20260217_224037-0174,user-007,EVSE-037,2026-02-17T01:55:58.383298Z,2026-02-17T02:35:58.383298Z,,15.057,,,,TOU
run_20260217_224037-0175,user-007,EVSE-045,2026-02-17T14:58:45.110874Z,2026-02-17T15:18:45.110874Z,,6.678,,,,TOU
run_20260217_224037-0176,user-006,EVSE-032,2026-02-17T13:04:14.295920Z,2026-02-17T14:04:14.295920Z,,10.809,,,,TOU
run_20260217_224037-0177,user-005,EVSE-045,2026-02-17T15:52:37.954593Z,2026-02-17T17:07:37.954593Z,,9.09,,,,TOU
run_20260217_224037-0178,user-005,EVSE-015,2026-02-17T20:10:04.347205Z,2026-02-17T20:50:04.347205Z,,4.878,,,,TOU
run_20260217_224037-0179,user-002,EVSE-001,2026-02-17T07:05:40.489364Z,2026-02-17T07:25:40.489364Z,,2.476,,,,TOU
run_20260217_224037-0180,user-006,EVSE-010,2026-02-17T04:22:21.780075Z,2026-02-17T05:22:21.780075Z,,22.863,,,,TOU
run_20260217_224037-0181,user-010,EVSE-014,2026-02-17T23:46:47.782295Z,2026-02-18T00:16:47.782295Z,,5.165,,,,TOU
run_20260217_224037-0182,user-002,EVSE-016,2026-02-17T20:37:22.864568Z,2026-02-17T20:57:22.864568Z,,6.989,,,,TOU
run_20260217_224037-0183,user-002,EVSE-041,2026-02-17T18:01:38.368851Z,2026-02-17T19:16:38.368851Z,,27.159,,,,TOU
run_20260217_224037-0184,user-009,EVSE-024,2026-02-17T02:39:14.200773Z,2026-02-17T02:59:14.200773Z,,3.813,,,,TOU
run_20260217_224037-0185,user-003,EVSE-026,2026-02-17T05:40:40.478966Z,2026-02-17T06:00:40.478966Z,,2.356,,,,TOU
run_20260217_224037-0186,user-009,EVSE-042,2026-02-17T05:34:21.695942Z,2026-02-17T06:34:21.695942Z,,22.476,,,,TOU
run_20260217_224037-0187,user-002,EVSE-001,2026-02-17T16:32:21.355770Z,2026-02-17T17:32:21.355770Z,,23.006,,,,TOU
run_20260217_224037-0188,user-006,EVSE-034,2026-02-17T11:25:52.336660Z,2026-02-17T12:05:52.336660Z,,4.954,,,,TOU
run_20260217_224037-0189,user-010,EVSE-001,2026-02-17T08:55:21.163238Z,2026-02-17T09:55:21.163238Z,,11.679,,,,TOU
run_20260217_224037-0190,user-008,EVSE-021,2026-02-17T15:14:52.430717Z,2026-02-17T15:44:52.430717Z,,3.487,,,,TOU
run_20260217_224037-0191,user-006,EVSE-034,2026-02-17T17:28:23.312428Z,2026-02-17T17:48:23.312428Z,,7.241,,,,TOU
run_20260217_224037-0192,user-007,EVSE-050,2026-02-17T22:19:44.755776Z,2026-02-17T23:19:44.755776Z,,11.336,,,,TOU
run_20260217_224037-0193,user-009,EVSE-022,2026-02-17T05:43:54.336164Z,2026-02-17T06:13:54.336164Z,,3.754,,,,TOU
run_20260217_224037-0194,user-007,EVSE-015,2026-02-17T03:36:25.882656Z,2026-02-17T04:16:25.882656Z,,4.872,,,,TOU
run_20260217_224037-0195,user-009,EVSE-009,2026-02-17T14:04:11.892178Z,2026-02-17T14:44:11.892178Z,,7.354,,,,TOU
run_20260217_224037-0196,user-005,EVSE-023,2026-02-17T03:33:41.055820Z,2026-02-17T04:33:41.055820Z,,21.996,,,,TOU
run_20260217_224037-0197,user-004,EVSE-004,2026-02-17T13:08:14.364554Z,2026-02-17T14:08:14.364554Z,,11.343,,,,TOU
run_20260217_224037-0198,user-005,EVSE-009,2026-02-17T04:18:04.257194Z,2026-02-17T04:48:04.257194Z,,3.591,,,,TOU
run_20260217_224037-0199,user-001,EVSE-005,2026-02-17T04:03:15.830524Z,2026-02-17T04:33:15.830524Z,,3.576,,,,TOU
run_20260217_224037-0200,user-002,EVSE-023,2026-02-17T19:14:14.370910Z,2026-02-17T20:14:14.370910Z,,7.295,,,,TOU
run_20260219_235212-0001,user-002,EVSE-033,2026-02-20T23:22:59.070749Z,2026-02-21T00:02:59.070749Z,,4.879,,,,TOU
run_20260219_235212-0002,user-009,EVSE-035,2026-02-20T19:12:40.426981Z,2026-02-20T20:27:40.426981Z,,13.956,,,,TOU
run_20260219_235212-0003,user-007,EVSE-015,2026-02-20T22:05:31.662886Z,2026-02-20T22:45:31.662886Z,,13.632,,,,TOU
run_20260219_235212-0004,user-007,EVSE-011,2026-02-20T17:18:43.080691Z,2026-02-20T17:58:43.080691Z,,4.882,,,,TOU
run_20260219_235212-0005,user-005,EVSE-030,2026-02-20T00:14:05.182505Z,2026-02-20T01:29:05.182505Z,,9.089,,,,TOU
run_20260219_235212-0006,user-003,EVSE-034,2026-02-20T18:03:51.383335Z,2026-02-20T19:18:51.383335Z,,27.595,,,,TOU
run_20260219_235212-0007,user-009,EVSE-042,2026-02-20T03:19:28.633727Z,2026-02-20T03:39:28.633727Z,,7.283,,,,TOU
run_20260219_235212-0008,user-005,EVSE-035,2026-02-20T13:32:56.282342Z,2026-02-20T14:32:56.282342Z,,7.453,,,,TOU
run_20260219_235212-0009,user-009,EVSE-043,2026-02-20T01:56:22.162084Z,2026-02-20T03:11:22.162084Z,,13.965,,,,TOU
run_20260219_235212-0010,user-009,EVSE-005,2026-02-20T20:01:13.030745Z,2026-02-20T21:16:13.030745Z,,27.702,,,,TOU
run_20260219_235212-0011,user-001,EVSE-009,2026-02-20T18:29:19.429879Z,2026-02-20T18:49:19.429879Z,,3.79,,,,TOU
run_20260219_235212-0012,user-010,EVSE-047,2026-02-20T10:09:15.313464Z,2026-02-20T10:39:15.313464Z,,5.454,,,,TOU
run_20260219_235212-0013,user-002,EVSE-036,2026-02-20T22:31:43.064960Z,2026-02-20T23:11:43.064960Z,,4.925,,,,TOU
run_20260219_235212-0014,user-009,EVSE-004,2026-02-20T03:55:07.216649Z,2026-02-20T04:15:07.216649Z,,2.478,,,,TOU
run_20260219_235212-0015,user-001,EVSE-004,2026-02-20T00:20:09.315897Z,2026-02-20T01:00:09.315897Z,,7.23,,,,TOU
run_20260219_235212-0016,user-009,EVSE-005,2026-02-20T22:31:13.265824Z,2026-02-20T23:11:13.265824Z,,5.059,,,,TOU
run_20260219_235212-0017,user-004,EVSE-005,2026-02-20T14:17:33.792366Z,2026-02-20T15:32:33.792366Z,,9.143,,,,TOU
run_20260219_235212-0018,user-010,EVSE-005,2026-02-20T00:01:13.536310Z,2026-02-20T00:21:13.536310Z,,2.393,,,,TOU
run_20260219_235212-0019,user-006,EVSE-036,2026-02-20T17:08:37.089399Z,2026-02-20T18:08:37.089399Z,,22.638,,,,TOU
run_20260219_235212-0020,user-005,EVSE-003,2026-02-20T09:28:02.702945Z,2026-02-20T10:08:02.702945Z,,4.446,,,,TOU
run_20260219_235212-0021,user-003,EVSE-024,2026-02-20T08:41:33.404201Z,2026-02-20T09:21:33.404201Z,,4.903,,,,TOU
run_20260219_235212-0022,user-003,EVSE-023,2026-02-20T13:40:06.428007Z,2026-02-20T14:00:06.428007Z,,3.707,,,,TOU
run_20260219_235212-0023,user-004,EVSE-027,2026-02-20T07:58:36.953321Z,2026-02-20T08:38:36.953321Z,,14.988,,,,TOU
run_20260219_235212-0024,user-006,EVSE-015,2026-02-20T05:12:21.806733Z,2026-02-20T06:12:21.806733Z,,22.851,,,,TOU
run_20260219_235212-0025,user-004,EVSE-017,2026-02-20T14:25:12.539452Z,2026-02-20T15:05:12.539452Z,,4.834,,,,TOU
run_20260219_235212-0026,user-005,EVSE-043,2026-02-20T23:03:54.578149Z,2026-02-21T00:18:54.578149Z,,13.94,,,,TOU
run_20260219_235212-0027,user-010,EVSE-045,2026-02-20T16:26:57.688267Z,2026-02-20T16:46:57.688267Z,,7.485,,,,TOU
run_20260219_235212-0028,user-003,EVSE-033,2026-02-20T19:22:45.015966Z,2026-02-20T20:22:45.015966Z,,21.346,,,,TOU
run_20260219_235212-0029,user-003,EVSE-003,2026-02-20T08:10:15.295632Z,2026-02-20T08:50:15.295632Z,,15.25,,,,TOU
run_20260219_235212-0030,user-008,EVSE-032,2026-02-20T09:18:45.928728Z,2026-02-20T09:38:45.928728Z,,3.622,,,,TOU
run_20260219_235212-0031,user-003,EVSE-030,2026-02-20T08:14:16.587840Z,2026-02-20T08:34:16.587840Z,,2.484,,,,TOU
run_20260219_235212-0032,user-004,EVSE-021,2026-02-20T01:57:50.590751Z,2026-02-20T02:17:50.590751Z,,3.563,,,,TOU
run_20260219_235212-0033,user-008,EVSE-018,2026-02-20T09:16:46.839313Z,2026-02-20T10:31:46.839313Z,,13.684,,,,TOU
run_20260219_235212-0034,user-009,EVSE-004,2026-02-20T22:02:58.090378Z,2026-02-20T22:32:58.090378Z,,3.698,,,,TOU
run_20260219_235212-0035,user-007,EVSE-025,2026-02-20T14:38:09.203386Z,2026-02-20T15:53:09.203386Z,,27.254,,,,TOU
run_20260219_235212-0036,user-007,EVSE-022,2026-02-20T06:36:10.728973Z,2026-02-20T07:36:10.728973Z,,7.296,,,,TOU
run_20260219_235212-0037,user-007,EVSE-040,2026-02-20T17:18:18.628409Z,2026-02-20T18:18:18.628409Z,,11.402,,,,TOU
run_20260219_235212-0038,user-003,EVSE-039,2026-02-20T12:37:04.324334Z,2026-02-20T12:57:04.324334Z,,7.805,,,,TOU
run_20260219_235212-0039,user-002,EVSE-046,2026-02-20T05:18:58.781034Z,2026-02-20T05:48:58.781034Z,,5.782,,,,TOU
run_20260219_235212-0040,user-010,EVSE-003,2026-02-20T07:24:30.914463Z,2026-02-20T07:54:30.914463Z,,3.399,,,,TOU
run_20260219_235212-0041,user-007,EVSE-028,2026-02-20T08:06:24.556165Z,2026-02-20T08:26:24.556165Z,,6.879,,,,TOU
run_20260219_235212-0042,user-008,EVSE-029,2026-02-20T07:00:28.533184Z,2026-02-20T08:00:28.533184Z,,7.138,,,,TOU
run_20260219_235212-0043,user-008,EVSE-047,2026-02-20T10:18:24.990700Z,2026-02-20T11:18:24.990700Z,,11.257,,,,TOU
run_20260219_235212-0044,user-009,EVSE-023,2026-02-20T05:47:14.573939Z,2026-02-20T06:47:14.573939Z,,21.643,,,,TOU
run_20260219_235212-0045,user-005,EVSE-048,2026-02-20T16:37:27.773547Z,2026-02-20T17:07:27.773547Z,,3.37,,,,TOU
run_20260219_235212-0046,user-010,EVSE-001,2026-02-20T00:32:41.153223Z,2026-02-20T01:47:41.153223Z,,27.548,,,,TOU
run_20260219_235212-0047,user-008,EVSE-010,2026-02-20T12:29:39.092376Z,2026-02-20T13:09:39.092376Z,,4.8,,,,TOU
run_20260219_235212-0048,user-010,EVSE-015,2026-02-20T01:12:15.544500Z,2026-02-20T01:32:15.544500Z,,2.395,,,,TOU
run_20260219_235212-0049,user-007,EVSE-005,2026-02-20T13:10:15.550234Z,2026-02-20T14:10:15.550234Z,,11.109,,,,TOU
run_20260219_235212-0050,user-007,EVSE-005,2026-02-20T13:10:16.479921Z,2026-02-20T14:25:16.479921Z,,13.435,,,,TOU
run_20260219_235212-0051,user-005,EVSE-037,2026-02-20T09:42:08.195176Z,2026-02-20T10:57:08.195176Z,,13.83,,,,TOU
run_20260219_235212-0052,user-001,EVSE-032,2026-02-19T23:59:36.943182Z,2026-02-20T00:39:36.943182Z,,14.515,,,,TOU
run_20260219_235212-0053,user-008,EVSE-030,2026-02-20T15:37:56.164736Z,2026-02-20T16:17:56.164736Z,,7.244,,,,TOU
run_20260219_235212-0054,user-005,EVSE-019,2026-02-20T16:13:29.144866Z,2026-02-20T17:13:29.144866Z,,22.016,,,,TOU
run_20260219_235212-0055,user-008,EVSE-030,2026-02-20T21:04:08.786397Z,2026-02-20T22:19:08.786397Z,,9.173,,,,TOU
run_20260219_235212-0056,user-007,EVSE-029,2026-02-20T19:24:31.263950Z,2026-02-20T20:39:31.263950Z,,27.417,,,,TOU
run_20260219_235212-0057,user-006,EVSE-003,2026-02-20T16:00:17.187827Z,2026-02-20T17:15:17.187827Z,,13.443,,,,TOU
run_20260219_235212-0058,user-010,EVSE-042,2026-02-20T16:00:55.657580Z,2026-02-20T16:20:55.657580Z,,3.986,,,,TOU
run_20260219_235212-0059,user-002,EVSE-049,2026-02-20T12:42:56.012075Z,2026-02-20T13:22:56.012075Z,,7.29,,,,TOU
run_20260219_235212-0060,user-009,EVSE-028,2026-02-20T23:07:18.317774Z,2026-02-20T23:27:18.317774Z,,2.284,,,,TOU
run_20260219_235212-0061,user-002,EVSE-011,2026-02-20T13:20:06.173136Z,2026-02-20T14:00:06.173136Z,,4.978,,,,TOU
run_20260219_235212-0062,user-010,EVSE-041,2026-02-20T03:04:59.458677Z,2026-02-20T04:19:59.458677Z,,28.972,,,,TOU
run_20260219_235212-0063,user-005,EVSE-043,2026-02-20T13:01:09.385786Z,2026-02-20T13:41:09.385786Z,,4.991,,,,TOU
run_20260219_235212-0064,user-001,EVSE-015,2026-02-20T10:24:03.732935Z,2026-02-20T10:44:03.732935Z,,7.054,,,,TOU
run_20260219_235212-0065,user-006,EVSE-041,2026-02-20T18:43:38.007837Z,2026-02-20T19:13:38.007837Z,,11.178,,,,TOU
run_20260219_235212-0066,user-005,EVSE-027,2026-02-20T05:03:24.054182Z,2026-02-20T05:23:24.054182Z,,7.392,,,,TOU
run_20260219_235212-0067,user-003,EVSE-008,2026-02-20T05:06:25.293127Z,2026-02-20T05:46:25.293127Z,,15.613,,,,TOU
run_20260219_235212-0068,user-002,EVSE-001,2026-02-20T20:36:18.593903Z,2026-02-20T21:06:18.593903Z,,10.695,,,,TOU
run_20260219_235212-0069,user-002,EVSE-040,2026-02-20T13:04:06.487204Z,2026-02-20T13:44:06.487204Z,,14.552,,,,TOU
run_20260219_235212-0070,user-002,EVSE-035,2026-02-20T08:44:01.101107Z,2026-02-20T09:44:01.101107Z,,23.279,,,,TOU
run_20260219_235212-0071,user-003,EVSE-014,2026-02-20T02:44:00.249071Z,2026-02-20T03:04:00.249071Z,,3.472,,,,TOU
run_20260219_235212-0072,user-004,EVSE-018,2026-02-20T03:27:09.103298Z,2026-02-20T03:47:09.103298Z,,7.269,,,,TOU
run_20260219_235212-0073,user-002,EVSE-015,2026-02-20T01:12:25.467894Z,2026-02-20T02:12:25.467894Z,,7.327,,,,TOU
run_20260219_235212-0074,user-003,EVSE-005,2026-02-20T05:03:21.179630Z,2026-02-20T06:18:21.179630Z,,9.191,,,,TOU
run_20260219_235212-0075,user-006,EVSE-043,2026-02-20T11:39:56.240463Z,2026-02-20T11:59:56.240463Z,,3.616,,,,TOU
run_20260219_235212-0076,user-008,EVSE-046,2026-02-20T08:32:35.364885Z,2026-02-20T08:52:35.364885Z,,2.518,,,,TOU
run_20260219_235212-0077,user-002,EVSE-033,2026-02-20T02:24:03.351493Z,2026-02-20T03:04:03.351493Z,,14.153,,,,TOU
run_20260219_235212-0078,user-002,EVSE-029,2026-02-20T04:56:56.497556Z,2026-02-20T05:16:56.497556Z,,6.784,,,,TOU
run_20260219_235212-0079,user-007,EVSE-009,2026-02-20T15:50:56.308133Z,2026-02-20T16:50:56.308133Z,,10.984,,,,TOU
run_20260219_235212-0080,user-010,EVSE-023,2026-02-20T01:01:27.632500Z,2026-02-20T02:16:27.632500Z,,13.526,,,,TOU
run_20260219_235212-0081,user-006,EVSE-043,2026-02-20T21:13:33.908911Z,2026-02-20T21:53:33.908911Z,,13.768,,,,TOU
run_20260219_235212-0082,user-005,EVSE-002,2026-02-20T23:17:18.445156Z,2026-02-20T23:57:18.445156Z,,15.089,,,,TOU
run_20260219_235212-0083,user-009,EVSE-032,2026-02-20T18:49:12.519165Z,2026-02-20T19:49:12.519165Z,,10.78,,,,TOU
run_20260219_235212-0084,user-007,EVSE-028,2026-02-20T17:25:38.384647Z,2026-02-20T18:40:38.384647Z,,9.163,,,,TOU
run_20260219_235212-0085,user-007,EVSE-030,2026-02-20T11:12:04.885144Z,2026-02-20T11:42:04.885144Z,,10.819,,,,TOU
run_20260219_235212-0086,user-006,EVSE-026,2026-02-20T10:09:54.408512Z,2026-02-20T11:24:54.408512Z,,13.233,,,,TOU
run_20260219_235212-0087,user-006,EVSE-042,2026-02-20T18:39:56.174112Z,2026-02-20T19:09:56.174112Z,,3.452,,,,TOU
run_20260219_235212-0088,user-004,EVSE-038,2026-02-20T21:30:57.688800Z,2026-02-20T22:10:57.688800Z,,4.821,,,,TOU
run_20260219_235212-0089,user-010,EVSE-040,2026-02-20T08:33:05.505830Z,2026-02-20T09:48:05.505830Z,,13.768,,,,TOU
run_20260219_235212-0090,user-007,EVSE-016,2026-02-20T12:52:41.712669Z,2026-02-20T14:07:41.712669Z,,27.819,,,,TOU
run_20260219_235212-0091,user-008,EVSE-006,2026-02-20T11:24:20.477006Z,2026-02-20T12:39:20.477006Z,,8.865,,,,TOU
run_20260219_235212-0092,user-003,EVSE-043,2026-02-20T01:58:53.106283Z,2026-02-20T02:38:53.106283Z,,13.959,,,,TOU
run_20260219_235212-0093,user-009,EVSE-048,2026-02-20T21:44:25.663818Z,2026-02-20T22:44:25.663818Z,,22.841,,,,TOU
run_20260219_235212-0094,user-001,EVSE-015,2026-02-20T08:05:49.313891Z,2026-02-20T09:20:49.313891Z,,8.902,,,,TOU
run_20260219_235212-0095,user-005,EVSE-042,2026-02-20T00:48:32.450546Z,2026-02-20T01:48:32.450546Z,,7.144,,,,TOU
run_20260219_235212-0096,user-006,EVSE-018,2026-02-20T10:40:27.679595Z,2026-02-20T11:00:27.679595Z,,7.477,,,,TOU
run_20260219_235212-0097,user-009,EVSE-046,2026-02-20T20:26:49.076122Z,2026-02-20T21:26:49.076122Z,,7.385,,,,TOU
run_20260219_235212-0098,user-003,EVSE-036,2026-02-20T20:40:51.395620Z,2026-02-20T21:20:51.395620Z,,7.352,,,,TOU
run_20260219_235212-0099,user-010,EVSE-040,2026-02-20T11:19:00.541891Z,2026-02-20T11:39:00.541891Z,,3.857,,,,TOU
run_20260219_235212-0100,user-002,EVSE-034,2026-02-20T03:54:10.180940Z,2026-02-20T04:54:10.180940Z,,21.51,,,,TOU
run_20260219_235212-0101,user-009,EVSE-023,2026-02-20T10:41:01.271311Z,2026-02-20T11:41:01.271311Z,,11.384,,,,TOU
run_20260219_235212-0102,user-003,EVSE-035,2026-02-20T04:03:14.852056Z,2026-02-20T05:03:14.852056Z,,22.866,,,,TOU
run_20260219_235212-0103,user-001,EVSE-026,2026-02-20T05:54:15.664614Z,2026-02-20T06:24:15.664614Z,,5.643,,,,TOU
run_20260219_235212-0104,user-007,EVSE-028,2026-02-20T15:50:47.235306Z,2026-02-20T16:20:47.235306Z,,5.47,,,,TOU
run_20260219_235212-0105,user-003,EVSE-023,2026-02-20T10:53:31.012069Z,2026-02-20T11:33:31.012069Z,,4.931,,,,TOU
run_20260219_235212-0106,user-007,EVSE-011,2026-02-20T17:23:38.416890Z,2026-02-20T17:43:38.416890Z,,2.209,,,,TOU
run_20260219_235212-0107,user-003,EVSE-024,2026-02-20T03:36:54.971619Z,2026-02-20T04:36:54.971619Z,,7.33,,,,TOU
run_20260219_235212-0108,user-005,EVSE-017,2026-02-20T17:59:33.553173Z,2026-02-20T18:19:33.553173Z,,2.315,,,,TOU
run_20260219_235212-0109,user-008,EVSE-011,2026-02-20T18:50:01.115243Z,2026-02-20T20:05:01.115243Z,,12.912,,,,TOU
run_20260219_235212-0110,user-003,EVSE-034,2026-02-20T04:56:04.632436Z,2026-02-20T06:11:04.632436Z,,9.411,,,,TOU
run_20260219_235212-0111,user-007,EVSE-023,2026-02-20T04:13:23.475882Z,2026-02-20T04:33:23.475882Z,,2.412,,,,TOU
run_20260219_235212-0112,user-009,EVSE-021,2026-02-20T08:37:41.804503Z,2026-02-20T09:07:41.804503Z,,3.624,,,,TOU
run_20260219_235212-0113,user-004,EVSE-002,2026-02-20T15:40:43.605686Z,2026-02-20T16:55:43.605686Z,,13.953,,,,TOU
run_20260219_235212-0114,user-010,EVSE-031,2026-02-20T17:37:53.729563Z,2026-02-20T18:07:53.729563Z,,10.339,,,,TOU
run_20260219_235212-0115,user-007,EVSE-039,2026-02-20T16:50:41.713508Z,2026-02-20T17:10:41.713508Z,,7.911,,,,TOU
run_20260219_235212-0116,user-006,EVSE-019,2026-02-20T06:21:45.141185Z,2026-02-20T07:01:45.141185Z,,7.304,,,,TOU
run_20260219_235212-0117,user-010,EVSE-020,2026-02-20T13:56:53.158176Z,2026-02-20T14:26:53.158176Z,,5.789,,,,TOU
run_20260219_235212-0118,user-002,EVSE-024,2026-02-20T01:17:51.885728Z,2026-02-20T02:32:51.885728Z,,12.993,,,,TOU
run_20260219_235212-0119,user-001,EVSE-044,2026-02-20T10:17:47.665969Z,2026-02-20T10:47:47.665969Z,,5.514,,,,TOU
run_20260219_235212-0120,user-003,EVSE-039,2026-02-20T00:34:52.844748Z,2026-02-20T01:34:52.844748Z,,11.171,,,,TOU
run_20260219_235212-0121,user-003,EVSE-045,2026-02-20T16:06:43.750764Z,2026-02-20T17:21:43.750764Z,,14.206,,,,TOU
run_20260219_235212-0122,user-010,EVSE-027,2026-02-20T12:35:35.405503Z,2026-02-20T13:50:35.405503Z,,26.698,,,,TOU
run_20260219_235212-0123,user-007,EVSE-045,2026-02-20T11:56:22.794802Z,2026-02-20T13:11:22.794802Z,,13.821,,,,TOU
run_20260219_235212-0124,user-008,EVSE-046,2026-02-20T19:22:08.375787Z,2026-02-20T19:52:08.375787Z,,5.334,,,,TOU
run_20260219_235212-0125,user-008,EVSE-019,2026-02-20T15:36:43.405749Z,2026-02-20T16:16:43.405749Z,,7.491,,,,TOU
run_20260219_235212-0126,user-002,EVSE-041,2026-02-20T15:40:14.192382Z,2026-02-20T16:40:14.192382Z,,22.547,,,,TOU
run_20260219_235212-0127,user-002,EVSE-004,2026-02-20T14:03:50.761973Z,2026-02-20T15:03:50.761973Z,,7.189,,,,TOU
run_20260219_235212-0128,user-002,EVSE-003,2026-02-20T08:19:41.389692Z,2026-02-20T08:49:41.389692Z,,10.959,,,,TOU
run_20260219_235212-0129,user-007,EVSE-022,2026-02-20T05:04:20.201579Z,2026-02-20T05:34:20.201579Z,,11.401,,,,TOU
run_20260219_235212-0130,user-009,EVSE-012,2026-02-20T11:23:58.878590Z,2026-02-20T11:53:58.878590Z,,10.887,,,,TOU
run_20260219_235212-0131,user-006,EVSE-049,2026-02-20T05:00:17.673794Z,2026-02-20T06:15:17.673794Z,,27.964,,,,TOU
run_20260219_235212-0132,user-006,EVSE-031,2026-02-20T16:44:11.879451Z,2026-02-20T17:59:11.879451Z,,8.904,,,,TOU
run_20260219_235212-0133,user-010,EVSE-013,2026-02-20T15:00:58.813652Z,2026-02-20T16:15:58.813652Z,,13.341,,,,TOU
run_20260219_235212-0134,user-003,EVSE-038,2026-02-20T20:02:03.989671Z,2026-02-20T21:17:03.989671Z,,13.343,,,,TOU
run_20260219_235212-0135,user-007,EVSE-003,2026-02-20T15:42:52.705929Z,2026-02-20T16:02:52.705929Z,,7.856,,,,TOU
run_20260219_235212-0136,user-003,EVSE-034,2026-02-20T05:31:40.813793Z,2026-02-20T06:31:40.813793Z,,10.94,,,,TOU
run_20260219_235212-0137,user-004,EVSE-015,2026-02-20T03:56:51.412752Z,2026-02-20T04:16:51.412752Z,,3.581,,,,TOU
run_20260219_235212-0138,user-006,EVSE-016,2026-02-20T20:15:37.513355Z,2026-02-20T20:45:37.513355Z,,11.045,,,,TOU
run_20260219_235212-0139,user-002,EVSE-037,2026-02-20T09:43:43.225658Z,2026-02-20T10:43:43.225658Z,,21.829,,,,TOU
run_20260219_235212-0140,user-010,EVSE-012,2026-02-20T05:26:32.698442Z,2026-02-20T06:06:32.698442Z,,5.026,,,,TOU
run_20260219_235212-0141,user-007,EVSE-027,2026-02-20T10:38:34.502459Z,2026-02-20T10:58:34.502459Z,,3.703,,,,TOU
run_20260219_235212-0142,user-005,EVSE-024,2026-02-20T14:56:53.839713Z,2026-02-20T16:11:53.839713Z,,13.787,,,,TOU
run_20260219_235212-0143,user-004,EVSE-013,2026-02-20T22:44:47.235245Z,2026-02-20T23:44:47.235245Z,,22.225,,,,TOU
run_20260219_235212-0144,user-002,EVSE-047,2026-02-20T06:03:29.634748Z,2026-02-20T07:03:29.634748Z,,7.065,,,,TOU
run_20260219_235212-0145,user-006,EVSE-010,2026-02-20T02:02:21.844895Z,2026-02-20T02:42:21.844895Z,,7.423,,,,TOU
run_20260219_235212-0146,user-004,EVSE-048,2026-02-20T14:52:01.843462Z,2026-02-20T15:22:01.843462Z,,5.138,,,,TOU
run_20260219_235212-0147,user-003,EVSE-005,2026-02-20T06:23:48.478721Z,2026-02-20T07:03:48.478721Z,,5.083,,,,TOU
run_20260219_235212-0148,user-001,EVSE-036,2026-02-20T05:38:21.123915Z,2026-02-20T06:38:21.123915Z,,6.888,,,,TOU
run_20260219_235212-0149,user-001,EVSE-010,2026-02-20T11:16:38.315313Z,2026-02-20T11:56:38.315313Z,,14.426,,,,TOU
run_20260219_235212-0150,user-010,EVSE-006,2026-02-20T11:20:54.202861Z,2026-02-20T12:00:54.202861Z,,7.639,,,,TOU
run_20260219_235212-0151,user-001,EVSE-014,2026-02-20T21:44:21.556331Z,2026-02-20T22:44:21.556331Z,,10.794,,,,TOU
run_20260219_235212-0152,user-010,EVSE-012,2026-02-20T12:34:16.775147Z,2026-02-20T12:54:16.775147Z,,2.228,,,,TOU
run_20260219_235212-0153,user-006,EVSE-037,2026-02-20T23:36:27.140575Z,2026-02-21T00:06:27.140575Z,,11.431,,,,TOU
run_20260219_235212-0154,user-007,EVSE-029,2026-02-20T07:44:04.178948Z,2026-02-20T08:59:04.178948Z,,13.321,,,,TOU
run_20260219_235212-0155,user-006,EVSE-024,2026-02-20T10:42:37.540564Z,2026-02-20T11:42:37.540564Z,,11.456,,,,TOU
run_20260219_235212-0156,user-001,EVSE-001,2026-02-20T01:21:08.236358Z,2026-02-20T02:21:08.236358Z,,10.965,,,,TOU
run_20260219_235212-0157,user-007,EVSE-039,2026-02-20T05:16:59.789274Z,2026-02-20T06:31:59.789274Z,,9.08,,,,TOU
run_20260219_235212-0158,user-008,EVSE-039,2026-02-20T21:24:57.587441Z,2026-02-20T22:04:57.587441Z,,4.641,,,,TOU
run_20260219_235212-0159,user-006,EVSE-037,2026-02-20T09:30:22.546411Z,2026-02-20T10:00:22.546411Z,,5.548,,,,TOU
run_20260219_235212-0160,user-006,EVSE-027,2026-02-20T14:57:28.821879Z,2026-02-20T15:57:28.821879Z,,10.901,,,,TOU
run_20260219_235212-0161,user-003,EVSE-026,2026-02-20T08:46:59.766174Z,2026-02-20T09:16:59.766174Z,,5.371,,,,TOU
run_20260219_235212-0162,user-007,EVSE-003,2026-02-20T10:56:09.054427Z,2026-02-20T11:36:09.054427Z,,14.411,,,,TOU
run_20260219_235212-0163,user-007,EVSE-030,2026-02-20T00:46:47.518060Z,2026-02-20T01:26:47.518060Z,,7.491,,,,TOU
run_20260219_235212-0164,user-010,EVSE-047,2026-02-20T07:24:46.216786Z,2026-02-20T07:54:46.216786Z,,5.981,,,,TOU
run_20260219_235212-0165,user-005,EVSE-046,2026-02-20T15:44:59.038775Z,2026-02-20T16:14:59.038775Z,,10.736,,,,TOU
run_20260219_235212-0166,user-006,EVSE-026,2026-02-20T08:25:55.399147Z,2026-02-20T08:55:55.399147Z,,11.536,,,,TOU
run_20260219_235212-0167,user-003,EVSE-012,2026-02-20T08:36:42.625057Z,2026-02-20T09:36:42.625057Z,,11.716,,,,TOU
run_20260219_235212-0168,user-004,EVSE-040,2026-02-20T13:00:07.643521Z,2026-02-20T13:40:07.643521Z,,14.035,,,,TOU
run_20260219_235212-0169,user-005,EVSE-019,2026-02-20T01:56:05.825105Z,2026-02-20T03:11:05.825105Z,,8.87,,,,TOU
run_20260219_235212-0170,user-006,EVSE-015,2026-02-20T03:46:32.477499Z,2026-02-20T05:01:32.477499Z,,8.641,,,,TOU
run_20260219_235212-0171,user-005,EVSE-024,2026-02-20T18:35:13.528802Z,2026-02-20T19:15:13.528802Z,,4.662,,,,TOU
run_20260219_235212-0172,user-001,EVSE-016,2026-02-20T05:44:35.643091Z,2026-02-20T06:44:35.643091Z,,22.469,,,,TOU
run_20260219_235212-0173,user-010,EVSE-009,2026-02-20T07:26:38.858074Z,2026-02-20T08:41:38.858074Z,,27.973,,,,TOU
run_20260219_235212-0174,user-007,EVSE-037,2026-02-20T01:55:58.383298Z,2026-02-20T02:35:58.383298Z,,15.057,,,,TOU
run_20260219_235212-0175,user-007,EVSE-045,2026-02-20T14:58:45.110874Z,2026-02-20T15:18:45.110874Z,,6.678,,,,TOU
run_20260219_235212-0176,user-006,EVSE-032,2026-02-20T13:04:14.295920Z,2026-02-20T14:04:14.295920Z,,10.809,,,,TOU
run_20260219_235212-0177,user-005,EVSE-045,2026-02-20T15:52:37.954593Z,2026-02-20T17:07:37.954593Z,,9.09,,,,TOU
run_20260219_235212-0178,user-005,EVSE-015,2026-02-20T20:10:04.347205Z,2026-02-20T20:50:04.347205Z,,4.878,,,,TOU
run_20260219_235212-0179,user-002,EVSE-001,2026-02-20T07:05:40.489364Z,2026-02-20T07:25:40.489364Z,,2.476,,,,TOU
run_20260219_235212-0180,user-006,EVSE-010,2026-02-20T04:22:21.780075Z,2026-02-20T05:22:21.780075Z,,22.863,,,,TOU
run_20260219_235212-0181,user-010,EVSE-014,2026-02-20T23:46:47.782295Z,2026-02-21T00:16:47.782295Z,,5.165,,,,TOU
run_20260219_235212-0182,user-002,EVSE-016,2026-02-20T20:37:22.864568Z,2026-02-20T20:57:22.864568Z,,6.989,,,,TOU
run_20260219_235212-0183,user-002,EVSE-041,2026-02-20T18:01:38.368851Z,2026-02-20T19:16:38.368851Z,,27.159,,,,TOU
run_20260219_235212-0184,user-009,EVSE-024,2026-02-20T02:39:14.200773Z,2026-02-20T02:59:14.200773Z,,3.813,,,,TOU
run_20260219_235212-0185,user-003,EVSE-026,2026-02-20T05:40:40.478966Z,2026-02-20T06:00:40.478966Z,,2.356,,,,TOU
run_20260219_235212-0186,user-009,EVSE-042,2026-02-20T05:34:21.695942Z,2026-02-20T06:34:21.695942Z,,22.476,,,,TOU
run_20260219_235212-0187,user-002,EVSE-001,2026-02-20T16:32:21.355770Z,2026-02-20T17:32:21.355770Z,,23.006,,,,TOU
run_20260219_235212-0188,user-006,EVSE-034,2026-02-20T11:25:52.336660Z,2026-02-20T12:05:52.336660Z,,4.954,,,,TOU
run_20260219_235212-0189,user-010,EVSE-001,2026-02-20T08:55:21.163238Z,2026-02-20T09:55:21.163238Z,,11.679,,,,TOU
run_20260219_235212-0190,user-008,EVSE-021,2026-02-20T15:14:52.430717Z,2026-02-20T15:44:52.430717Z,,3.487,,,,TOU
run_20260219_235212-0191,user-006,EVSE-034,2026-02-20T17:28:23.312428Z,2026-02-20T17:48:23.312428Z,,7.241,,,,TOU
run_20260219_235212-0192,user-007,EVSE-050,2026-02-20T22:19:44.755776Z,2026-02-20T23:19:44.755776Z,,11.336,,,,TOU
run_20260219_235212-0193,user-009,EVSE-022,2026-02-20T05:43:54.336164Z,2026-02-20T06:13:54.336164Z,,3.754,,,,TOU
run_20260219_235212-0194,user-007,EVSE-015,2026-02-20T03:36:25.882656Z,2026-02-20T04:16:25.882656Z,,4.872,,,,TOU
run_20260219_235212-0195,user-009,EVSE-009,2026-02-20T14:04:11.892178Z,2026-02-20T14:44:11.892178Z,,7.354,,,,TOU
run_20260219_235212-0196,user-005,EVSE-023,2026-02-20T03:33:41.055820Z,2026-02-20T04:33:41.055820Z,,21.996,,,,TOU
run_20260219_235212-0197,user-004,EVSE-004,2026-02-20T13:08:14.364554Z,2026-02-20T14:08:14.364554Z,,11.343,,,,TOU
run_20260219_235212-0198,user-005,EVSE-009,2026-02-20T04:18:04.257194Z,2026-02-20T04:48:04.257194Z,,3.591,,,,TOU
run_20260219_235212-0199,user-001,EVSE-005,2026-02-20T04:03:15.830524Z,2026-02-20T04:33:15.830524Z,,3.576,,,,TOU
run_20260219_235212-0200,user-002,EVSE-023,2026-02-20T19:14:14.370910Z,2026-02-20T20:14:14.370910Z,,7.295,,,,TOU
run_20260307_222941-0001,user-002,EVSE-002,2026-03-07T23:22:59.070749Z,2026-03-08T00:02:59.070749Z,discharge_only,-4.784,0.0,4.784,-4.784,TOU
run_20260307_222941-0002,user-009,EVSE-003,2026-03-07T13:54:53.487469Z,2026-03-07T14:54:53.487469Z,discharge_only,-22.307,0.0,22.307,-22.307,TOU
run_20260307_222941-0003,user-007,EVSE-007,2026-03-07T22:05:31.662886Z,2026-03-07T22:45:31.662886Z,charge_only,14.921,14.921,0.0,14.921,TOU
run_20260307_222941-0004,user-006,EVSE-041,2026-03-07T20:04:46.686006Z,2026-03-07T20:44:46.686006Z,charge_only,4.711,4.711,0.0,4.711,TOU
run_20260307_222941-0005,user-006,EVSE-037,2026-03-07T03:45:17.594096Z,2026-03-07T04:05:17.594096Z,charge_only,2.538,2.538,0.0,2.538,TOU
run_20260307_222941-0006,user-008,EVSE-041,2026-03-07T14:29:17.403748Z,2026-03-07T15:29:17.403748Z,discharge_only,-7.616,0.0,7.616,-7.616,TOU
run_20260307_222941-0007,user-010,EVSE-047,2026-03-07T22:27:31.206188Z,2026-03-07T23:27:31.206188Z,charge_only,20.7,20.7,0.0,20.7,TOU
run_20260307_222941-0008,user-009,EVSE-037,2026-03-07T05:41:46.466002Z,2026-03-07T06:56:46.466002Z,charge_only,9.083,9.083,0.0,9.083,TOU
run_20260307_223023-0001,user-002,EVSE-002,2026-03-07T23:22:59.070749Z,2026-03-08T00:02:59.070749Z,discharge_only,-4.784,0.0,4.784,-4.784,TOU
run_20260307_223023-0002,user-009,EVSE-003,2026-03-07T13:54:53.487469Z,2026-03-07T14:54:53.487469Z,discharge_only,-22.307,0.0,22.307,-22.307,TOU
run_20260307_223023-0003,user-007,EVSE-007,2026-03-07T22:05:31.662886Z,2026-03-07T22:45:31.662886Z,charge_only,14.921,14.921,0.0,14.921,TOU
run_20260307_223023-0004,user-006,EVSE-041,2026-03-07T20:04:46.686006Z,2026-03-07T20:44:46.686006Z,charge_only,4.711,4.711,0.0,4.711,TOU
run_20260307_223023-0005,user-006,EVSE-037,2026-03-07T03:45:17.594096Z,2026-03-07T04:05:17.594096Z,charge_only,2.538,2.538,0.0,2.538,TOU
run_20260307_223023-0006,user-008,EVSE-041,2026-03-07T14:29:17.403748Z,2026-03-07T15:29:17.403748Z,discharge_only,-7.616,0.0,7.616,-7.616,TOU
run_20260307_223023-0007,user-010,EVSE-047,2026-03-07T22:27:31.206188Z,2026-03-07T23:27:31.206188Z,charge_only,20.7,20.7,0.0,20.7,TOU
run_20260307_223023-0008,user-009,EVSE-037,2026-03-07T05:41:46.466002Z,2026-03-07T06:56:46.466002Z,charge_only,9.083,9.083,0.0,9.083,TOU
run_20260307_223049-0001,user-002,EVSE-002,2026-03-07T23:22:59.070749Z,2026-03-08T00:02:59.070749Z,discharge_only,-4.784,0.0,4.784,-4.784,TOU
run_20260307_223049-0002,user-009,EVSE-003,2026-03-07T13:54:53.487469Z,2026-03-07T14:54:53.487469Z,discharge_only,-22.307,0.0,22.307,-22.307,TOU
run_20260307_223049-0003,user-007,EVSE-007,2026-03-07T22:05:31.662886Z,2026-03-07T22:45:31.662886Z,charge_only,14.921,14.921,0.0,14.921,TOU
run_20260307_223049-0004,user-006,EVSE-041,2026-03-07T20:04:46.686006Z,2026-03-07T20:44:46.686006Z,charge_only,4.711,4.711,0.0,4.711,TOU
run_20260307_223049-0005,user-006,EVSE-037,2026-03-07T03:45:17.594096Z,2026-03-07T04:05:17.594096Z,charge_only,2.538,2.538,0.0,2.538,TOU
run_20260307_223049-0006,user-008,EVSE-041,2026-03-07T14:29:17.403748Z,2026-03-07T15:29:17.403748Z,discharge_only,-7.616,0.0,7.616,-7.616,TOU
run_20260307_223049-0007,user-010,EVSE-047,2026-03-07T22:27:31.206188Z,2026-03-07T23:27:31.206188Z,charge_only,20.7,20.7,0.0,20.7,TOU
run_20260307_223049-0008,user-009,EVSE-037,2026-03-07T05:41:46.466002Z,2026-03-07T06:56:46.466002Z,charge_only,9.083,9.083,0.0,9.083,TOU
run_20260307_223049-0009,user-008,EVSE-005,2026-03-07T04:23:55.590905Z,2026-03-07T05:38:55.590905Z,bidirectional,-0.258,4.261,4.519,-0.258,TOU
run_20260307_223049-0010,user-004,EVSE-033,2026-03-07T09:51:38.774115Z,2026-03-07T10:11:38.774115Z,charge_only,2.492,2.492,0.0,2.492,TOU
run_20260307_223049-0011,user-004,EVSE-029,2026-03-07T11:02:30.188327Z,2026-03-07T12:17:30.188327Z,charge_only,26.694,26.694,0.0,26.694,TOU
run_20260307_223049-0012,user-008,EVSE-001,2026-03-07T17:59:16.722903Z,2026-03-07T18:19:16.722903Z,charge_only,3.653,3.653,0.0,3.653,TOU
run_20260307_223049-0013,user-004,EVSE-010,2026-03-07T19:59:30.720044Z,2026-03-07T20:59:30.720044Z,discharge_only,-11.042,0.0,11.042,-11.042,TOU
run_20260307_223049-0014,user-001,EVSE-039,2026-03-07T10:04:58.822873Z,2026-03-07T11:19:58.822873Z,charge_only,9.128,9.128,0.0,9.128,TOU
run_20260307_223049-0015,user-010,EVSE-030,2026-03-07T10:25:04.393780Z,2026-03-07T11:05:04.393780Z,discharge_only,-7.244,0.0,7.244,-7.244,TOU
run_20260307_223049-0016,user-002,EVSE-046,2026-03-07T22:13:30.273697Z,2026-03-07T22:43:30.273697Z,discharge_only,-11.679,0.0,11.679,-11.679,TOU
run_20260307_223049-0017,user-009,EVSE-018,2026-03-07T23:47:44.083542Z,2026-03-08T01:02:44.083542Z,charge_only,14.522,14.522,0.0,14.522,TOU
run_20260307_223049-0018,user-003,EVSE-038,2026-03-07T08:41:33.404201Z,2026-03-07T09:21:33.404201Z,charge_only,4.672,4.672,0.0,4.672,TOU
run_20260307_223049-0019,user-001,EVSE-027,2026-03-07T16:35:06.478566Z,2026-03-07T16:55:06.478566Z,discharge_only,-3.696,0.0,3.696,-3.696,TOU
run_20260307_223049-0020,user-004,EVSE-045,2026-03-07T03:13:58.067847Z,2026-03-07T03:43:58.067847Z,bidirectional,-0.172,2.433,2.605,-0.172,TOU
run_20260307_223049-0021,user-008,EVSE-002,2026-03-07T18:38:41.726804Z,2026-03-07T19:38:41.726804Z,discharge_only,-11.192,0.0,11.192,-11.192,TOU
run_20260307_223049-0022,user-003,EVSE-001,2026-03-07T10:02:57.047005Z,2026-03-07T10:42:57.047005Z,bidirectional,0.245,2.433,2.188,0.245,TOU
run_20260307_223049-0023,user-004,EVSE-033,2026-03-07T15:14:31.264838Z,2026-03-07T15:34:31.264838Z,charge_only,7.517,7.517,0.0,7.517,TOU
run_20260307_223049-0024,user-007,EVSE-011,2026-03-07T07:15:01.193014Z,2026-03-07T08:30:01.193014Z,bidirectional,0.817,4.91,4.093,0.817,TOU
run_20260307_223049-0025,user-010,EVSE-030,2026-03-07T15:56:19.734733Z,2026-03-07T16:26:19.734733Z,discharge_only,-11.153,0.0,11.153,-11.153,TOU
run_20260307_223049-0026,user-004,EVSE-008,2026-03-07T06:44:34.912901Z,2026-03-07T07:44:34.912901Z,discharge_only,-11.039,0.0,11.039,-11.039,TOU
run_20260307_223049-0027,user-009,EVSE-005,2026-03-07T00:16:26.092055Z,2026-03-07T01:31:26.092055Z,charge_only,13.549,13.549,0.0,13.549,TOU
run_20260307_223049-0028,user-006,EVSE-001,2026-03-07T16:18:37.093289Z,2026-03-07T17:33:37.093289Z,bidirectional,3.691,6.217,2.526,3.691,TOU
run_20260307_223049-0029,user-007,EVSE-040,2026-03-07T03:30:02.097071Z,2026-03-07T04:30:02.097071Z,charge_only,21.809,21.809,0.0,21.809,TOU
run_20260307_223049-0030,user-010,EVSE-014,2026-03-07T10:26:16.532667Z,2026-03-07T10:46:16.532667Z,charge_only,2.568,2.568,0.0,2.568,TOU
run_20260307_223049-0031,user-007,EVSE-016,2026-03-07T17:18:18.628409Z,2026-03-07T18:18:18.628409Z,charge_only,11.264,11.264,0.0,11.264,TOU
run_20260307_223049-0032,user-010,EVSE-046,2026-03-07T01:14:13.793280Z,2026-03-07T02:14:13.793280Z,discharge_only,-22.441,0.0,22.441,-22.441,TOU
run_20260307_223049-0033,user-004,EVSE-027,2026-03-07T21:32:15.727209Z,2026-03-07T22:12:15.727209Z,charge_only,15.024,15.024,0.0,15.024,TOU
run_20260307_223049-0034,user-006,EVSE-016,2026-03-07T08:43:45.446833Z,2026-03-07T09:43:45.446833Z,bidirectional,14.902,18.497,3.595,14.902,TOU
run_20260307_223049-0035,user-007,EVSE-042,2026-03-07T15:54:35.332041Z,2026-03-07T16:54:35.332041Z,bidirectional,6.964,8.847,1.883,6.964,TOU
run_20260307_223049-0036,user-001,EVSE-022,2026-03-07T21:45:00.190512Z,2026-03-07T22:15:00.190512Z,charge_only,5.412,5.412,0.0,5.412,TOU
run_20260307_223049-0037,user-005,EVSE-031,2026-03-07T17:56:58.722376Z,2026-03-07T18:16:58.722376Z,bidirectional,3.361,5.245,1.884,3.361,TOU
run_20260307_223049-0038,user-009,EVSE-003,2026-03-07T09:39:37.280020Z,2026-03-07T09:59:37.280020Z,discharge_only,-2.368,0.0,2.368,-2.368,TOU
run_20260307_223049-0039,user-003,EVSE-010,2026-03-07T08:40:28.061799Z,2026-03-07T09:40:28.061799Z,charge_only,7.14,7.14,0.0,7.14,TOU
run_20260307_223049-0040,user-002,EVSE-029,2026-03-07T00:07:45.474198Z,2026-03-07T00:27:45.474198Z,charge_only,7.132,7.132,0.0,7.132,TOU
run_20260307_223049-0041,user-010,EVSE-005,2026-03-07T00:13:21.299096Z,2026-03-07T00:53:21.299096Z,charge_only,14.805,14.805,0.0,14.805,TOU
run_20260307_223049-0042,user-010,EVSE-017,2026-03-07T12:42:19.561814Z,2026-03-07T13:02:19.561814Z,discharge_only,-2.55,0.0,2.55,-2.55,TOU
run_20260307_223049-0043,user-004,EVSE-028,2026-03-07T13:46:47.993329Z,2026-03-07T15:01:47.993329Z,charge_only,8.967,8.967,0.0,8.967,TOU
run_20260307_223049-0044,user-001,EVSE-022,2026-03-07T21:47:29.356995Z,2026-03-07T23:02:29.356995Z,charge_only,27.332,27.332,0.0,27.332,TOU
run_20260307_223049-0045,user-003,EVSE-004,2026-03-07T16:04:04.963467Z,2026-03-07T17:04:04.963467Z,charge_only,10.895,10.895,0.0,10.895,TOU
run_20260307_223049-0046,user-008,EVSE-002,2026-03-07T08:58:24.684679Z,2026-03-07T09:18:24.684679Z,discharge_only,-2.473,0.0,2.473,-2.473,TOU
run_20260307_223049-0047,user-004,EVSE-046,2026-03-07T06:56:54.763911Z,2026-03-07T07:36:54.763911Z,bidirectional,-1.102,7.261,8.363,-1.102,TOU
run_20260307_223049-0048,user-008,EVSE-035,2026-03-07T18:08:01.649715Z,2026-03-07T19:23:01.649715Z,discharge_only,-8.656,0.0,8.656,-8.656,TOU
run_20260307_223049-0049,user-009,EVSE-043,2026-03-07T14:55:49.051316Z,2026-03-07T15:35:49.051316Z,charge_only,4.939,4.939,0.0,4.939,TOU
run_20260307_223049-0050,user-003,EVSE-034,2026-03-07T12:05:43.604673Z,2026-03-07T12:25:43.604673Z,charge_only,2.248,2.248,0.0,2.248,TOU
run_20260307_223049-0051,user-003,EVSE-035,2026-03-07T14:08:37.847254Z,2026-03-07T14:38:37.847254Z,charge_only,3.555,3.555,0.0,3.555,TOU
run_20260307_223049-0052,user-008,EVSE-007,2026-03-07T03:02:46.107297Z,2026-03-07T03:22:46.107297Z,bidirectional,0.308,3.683,3.375,0.308,TOU
run_20260307_223049-0053,user-001,EVSE-012,2026-03-07T22:52:46.380306Z,2026-03-07T23:12:46.380306Z,discharge_only,-3.591,0.0,3.591,-3.591,TOU
run_20260307_223049-0054,user-007,EVSE-019,2026-03-07T09:06:37.024158Z,2026-03-07T09:36:37.024158Z,charge_only,5.95,5.95,0.0,5.95,TOU
run_20260307_223049-0055,user-008,EVSE-037,2026-03-07T01:17:51.641142Z,2026-03-07T02:32:51.641142Z,charge_only,13.517,13.517,0.0,13.517,TOU
run_20260307_223049-0056,user-001,EVSE-029,2026-03-07T02:07:42.695199Z,2026-03-07T03:07:42.695199Z,charge_only,11.307,11.307,0.0,11.307,TOU
run_20260307_223049-0057,user-003,EVSE-031,2026-03-07T21:49:12.476336Z,2026-03-07T22:29:12.476336Z,charge_only,6.836,6.836,0.0,6.836,TOU
run_20260307_223049-0058,user-006,EVSE-007,2026-03-07T04:40:54.308665Z,2026-03-07T05:40:54.308665Z,bidirectional,4.861,6.0,1.139,4.861,TOU
run_20260307_223049-0059,user-010,EVSE-035,2026-03-07T02:45:42.109373Z,2026-03-07T04:00:42.109373Z,charge_only,14.471,14.471,0.0,14.471,TOU
run_20260307_223049-0060,user-003,EVSE-029,2026-03-07T02:44:00.249071Z,2026-03-07T03:04:00.249071Z,charge_only,3.552,3.552,0.0,3.552,TOU
run_20260307_223049-0061,user-002,EVSE-041,2026-03-07T00:26:27.845137Z,2026-03-07T01:06:27.845137Z,charge_only,15.176,15.176,0.0,15.176,TOU
run_20260307_223049-0062,user-006,EVSE-039,2026-03-07T18:08:15.647285Z,2026-03-07T18:38:15.647285Z,discharge_only,-10.549,0.0,10.549,-10.549,TOU
run_20260307_223049-0063,user-003,EVSE-038,2026-03-07T00:16:57.640903Z,2026-03-07T01:31:57.640903Z,charge_only,14.405,14.405,0.0,14.405,TOU
run_20260307_223049-0064,user-010,EVSE-034,2026-03-07T22:56:33.260812Z,2026-03-08T00:11:33.260812Z,charge_only,13.535,13.535,0.0,13.535,TOU
run_20260307_223049-0065,user-007,EVSE-015,2026-03-07T21:36:10.980911Z,2026-03-07T21:56:10.980911Z,charge_only,7.649,7.649,0.0,7.649,TOU
run_20260307_223049-0066,user-007,EVSE-005,2026-03-07T13:59:58.494217Z,2026-03-07T14:19:58.494217Z,charge_only,3.762,3.762,0.0,3.762,TOU
run_20260307_223049-0067,user-007,EVSE-047,2026-03-07T21:39:56.833026Z,2026-03-07T22:19:56.833026Z,charge_only,4.835,4.835,0.0,4.835,TOU
run_20260307_223049-0068,user-005,EVSE-043,2026-03-07T15:32:37.769556Z,2026-03-07T16:47:37.769556Z,discharge_only,-26.707,0.0,26.707,-26.707,TOU
run_20260307_223049-0069,user-003,EVSE-025,2026-03-07T17:25:29.438415Z,2026-03-07T18:05:29.438415Z,discharge_only,-7.25,0.0,7.25,-7.25,TOU
run_20260307_223049-0070,user-006,EVSE-027,2026-03-07T16:30:14.531258Z,2026-03-07T17:10:14.531258Z,charge_only,14.78,14.78,0.0,14.78,TOU
run_20260307_223049-0071,user-002,EVSE-039,2026-03-07T15:41:57.065286Z,2026-03-07T16:01:57.065286Z,charge_only,3.548,3.548,0.0,3.548,TOU
run_20260307_223049-0072,user-004,EVSE-005,2026-03-07T05:34:01.000841Z,2026-03-07T06:14:01.000841Z,discharge_only,-7.418,0.0,7.418,-7.418,TOU
run_20260307_223049-0073,user-007,EVSE-002,2026-03-07T23:32:00.731239Z,2026-03-07T23:52:00.731239Z,charge_only,3.456,3.456,0.0,3.456,TOU
run_20260307_223049-0074,user-010,EVSE-005,2026-03-07T12:56:27.627676Z,2026-03-07T13:36:27.627676Z,charge_only,5.002,5.002,0.0,5.002,TOU
run_20260307_223049-0075,user-009,EVSE-012,2026-03-07T19:19:46.719779Z,2026-03-07T19:59:46.719779Z,charge_only,7.34,7.34,0.0,7.34,TOU
run_20260307_223049-0076,user-008,EVSE-019,2026-03-07T05:52:35.880699Z,2026-03-07T07:07:35.880699Z,charge_only,13.712,13.712,0.0,13.712,TOU
run_20260307_223049-0077,user-002,EVSE-033,2026-03-07T09:13:23.275241Z,2026-03-07T10:28:23.275241Z,charge_only,13.917,13.917,0.0,13.917,TOU
run_20260307_223049-0078,user-008,EVSE-006,2026-03-07T00:11:58.807643Z,2026-03-07T01:26:58.807643Z,charge_only,27.088,27.088,0.0,27.088,TOU
run_20260307_223049-0079,user-006,EVSE-024,2026-03-07T16:32:15.977876Z,2026-03-07T17:32:15.977876Z,charge_only,6.984,6.984,0.0,6.984,TOU
run_20260307_223049-0080,user-004,EVSE-011,2026-03-07T15:46:54.325381Z,2026-03-07T16:46:54.325381Z,discharge_only,-7.154,0.0,7.154,-7.154,TOU
run_20260307_223049-0081,user-010,EVSE-029,2026-03-07T04:33:58.622623Z,2026-03-07T05:03:58.622623Z,charge_only,11.191,11.191,0.0,11.191,TOU
run_20260307_223049-0082,user-008,EVSE-011,2026-03-07T02:17:16.617185Z,2026-03-07T02:47:16.617185Z,charge_only,5.283,5.283,0.0,5.283,TOU
run_20260307_223049-0083,user-003,EVSE-008,2026-03-07T03:01:52.634107Z,2026-03-07T03:21:52.634107Z,charge_only,7.291,7.291,0.0,7.291,TOU
run_20260307_223049-0084,user-005,EVSE-022,2026-03-07T13:11:58.819360Z,2026-03-07T14:26:58.819360Z,charge_only,9.258,9.258,0.0,9.258,TOU
run_20260307_223049-0085,user-005,EVSE-008,2026-03-07T01:57:56.970773Z,2026-03-07T02:57:56.970773Z,charge_only,21.611,21.611,0.0,21.611,TOU
run_20260307_223049-0086,user-010,EVSE-028,2026-03-07T13:00:45.383523Z,2026-03-07T13:20:45.383523Z,charge_only,3.841,3.841,0.0,3.841,TOU
run_20260307_223049-0087,user-010,EVSE-036,2026-03-07T13:59:08.559774Z,2026-03-07T14:19:08.559774Z,charge_only,7.058,7.058,0.0,7.058,TOU
run_20260307_223049-0088,user-001,EVSE-023,2026-03-07T08:43:38.043617Z,2026-03-07T09:23:38.043617Z,charge_only,7.603,7.603,0.0,7.603,TOU
run_20260307_223049-0089,user-003,EVSE-031,2026-03-07T04:03:14.852056Z,2026-03-07T05:03:14.852056Z,charge_only,21.496,21.496,0.0,21.496,TOU
run_20260307_223049-0090,user-004,EVSE-025,2026-03-07T17:07:00.018624Z,2026-03-07T17:27:00.018624Z,discharge_only,-7.621,0.0,7.621,-7.621,TOU
run_20260307_223049-0091,user-008,EVSE-028,2026-03-07T15:10:01.225511Z,2026-03-07T16:25:01.225511Z,charge_only,13.627,13.627,0.0,13.627,TOU
run_20260307_223049-0092,user-001,EVSE-010,2026-03-07T22:10:56.443345Z,2026-03-07T23:10:56.443345Z,charge_only,10.957,10.957,0.0,10.957,TOU
run_20260307_223049-0093,user-006,EVSE-012,2026-03-07T13:19:43.645415Z,2026-03-07T13:39:43.645415Z,bidirectional,-0.052,3.693,3.745,-0.052,TOU
run_20260307_223049-0094,user-009,EVSE-029,2026-03-07T21:09:25.449990Z,2026-03-07T21:49:25.449990Z,charge_only,15.014,15.014,0.0,15.014,TOU
run_20260307_223049-0095,user-006,EVSE-041,2026-03-07T07:57:18.642102Z,2026-03-07T08:17:18.642102Z,charge_only,7.402,7.402,0.0,7.402,TOU
run_20260307_223049-0096,user-004,EVSE-006,2026-03-07T21:04:14.283881Z,2026-03-07T21:34:14.283881Z,discharge_only,-3.353,0.0,3.353,-3.353,TOU
run_20260307_223049-0097,user-008,EVSE-010,2026-03-07T11:21:59.895423Z,2026-03-07T12:21:59.895423Z,bidirectional,12.001,17.113,5.112,12.001,TOU
run_20260307_223049-0098,user-004,EVSE-037,2026-03-07T15:40:43.605686Z,2026-03-07T16:55:43.605686Z,charge_only,13.43,13.43,0.0,13.43,TOU
run_20260307_223049-0099,user-002,EVSE-039,2026-03-07T22:53:32.100196Z,2026-03-08T00:08:32.100196Z,charge_only,13.486,13.486,0.0,13.486,TOU
run_20260307_223049-0100,user-006,EVSE-040,2026-03-07T06:21:45.141185Z,2026-03-07T07:01:45.141185Z,bidirectional,1.584,4.391,2.807,1.584,TOU
run_20260521_224907-0001,user-002,EVSE-046,2026-05-23T23:22:59.070749Z,2026-05-24T00:02:59.070749Z,bidirectional,3.404,4.028,0.624,3.404,TOU
run_20260521_224907-0002,user-004,EVSE-023,2026-05-23T13:12:08.338401Z,2026-05-23T13:52:08.338401Z,charge_only,4.893,4.893,0.0,4.893,TOU
run_20260521_224907-0003,user-008,EVSE-041,2026-05-23T11:06:49.892898Z,2026-05-23T12:06:49.892898Z,charge_only,7.318,7.318,0.0,7.318,TOU
run_20260521_224907-0004,user-006,EVSE-036,2026-05-23T18:57:18.592541Z,2026-05-23T19:37:18.592541Z,charge_only,15.207,15.207,0.0,15.207,TOU
run_20260521_224907-0005,user-001,EVSE-014,2026-05-23T18:29:10.246582Z,2026-05-23T18:49:10.246582Z,discharge_only,-3.741,0.0,3.741,-3.741,TOU
run_20260521_224907-0006,user-008,EVSE-009,2026-05-23T20:33:15.894586Z,2026-05-23T21:03:15.894586Z,charge_only,3.466,3.466,0.0,3.466,TOU
run_20260521_224907-0007,user-001,EVSE-001,2026-05-23T03:19:00.708605Z,2026-05-23T03:49:00.708605Z,bidirectional,0.471,5.582,5.111,0.471,TOU
run_20260521_224907-0008,user-009,EVSE-041,2026-05-23T05:57:44.158115Z,2026-05-23T06:37:44.158115Z,bidirectional,2.666,3.714,1.048,2.666,TOU
run_20260521_224907-0009,user-006,EVSE-036,2026-05-23T05:40:59.066874Z,2026-05-23T06:55:59.066874Z,charge_only,27.805,27.805,0.0,27.805,TOU
run_20260521_224907-0010,user-010,EVSE-029,2026-05-23T13:49:40.881967Z,2026-05-23T14:19:40.881967Z,charge_only,10.482,10.482,0.0,10.482,TOU
run_20260521_224907-0011,user-006,EVSE-031,2026-05-23T23:28:42.639935Z,2026-05-24T00:43:42.639935Z,charge_only,8.959,8.959,0.0,8.959,TOU
run_20260521_224907-0012,user-002,EVSE-013,2026-05-23T08:10:03.890442Z,2026-05-23T08:50:03.890442Z,discharge_only,-7.311,0.0,7.311,-7.311,TOU
run_20260521_224907-0013,user-007,EVSE-026,2026-05-23T19:34:46.633708Z,2026-05-23T20:34:46.633708Z,charge_only,7.205,7.205,0.0,7.205,TOU
run_20260521_224907-0014,user-001,EVSE-034,2026-05-23T00:20:09.315897Z,2026-05-23T01:00:09.315897Z,bidirectional,-0.141,3.852,3.993,-0.141,TOU
run_20260521_224907-0015,user-002,EVSE-040,2026-05-23T03:33:04.004082Z,2026-05-23T03:53:04.004082Z,bidirectional,3.936,6.033,2.097,3.936,TOU
run_20260521_224907-0016,user-010,EVSE-040,2026-05-23T11:26:11.573378Z,2026-05-23T12:06:11.573378Z,charge_only,4.855,4.855,0.0,4.855,TOU
run_20260521_224907-0017,user-002,EVSE-036,2026-05-23T11:04:48.387486Z,2026-05-23T12:19:48.387486Z,bidirectional,2.972,8.628,5.656,2.972,TOU
run_20260521_224907-0018,user-004,EVSE-018,2026-05-23T06:45:38.307031Z,2026-05-23T07:15:38.307031Z,charge_only,11.507,11.507,0.0,11.507,TOU
run_20260521_224907-0019,user-003,EVSE-038,2026-05-23T08:41:33.404201Z,2026-05-23T09:21:33.404201Z,charge_only,4.68,4.68,0.0,4.68,TOU
run_20260521_224907-0020,user-001,EVSE-040,2026-05-23T16:35:06.478566Z,2026-05-23T16:55:06.478566Z,bidirectional,1.885,2.898,1.013,1.885,TOU
run_20260521_224907-0021,user-004,EVSE-045,2026-05-23T03:13:58.067847Z,2026-05-23T03:43:58.067847Z,bidirectional,-0.048,2.557,2.605,-0.048,TOU
run_20260521_224907-0022,user-008,EVSE-002,2026-05-23T18:38:41.726804Z,2026-05-23T19:38:41.726804Z,discharge_only,-11.192,0.0,11.192,-11.192,TOU
run_20260521_224907-0023,user-003,EVSE-001,2026-05-23T10:02:57.047005Z,2026-05-23T10:42:57.047005Z,bidirectional,0.245,2.433,2.188,0.245,TOU
run_20260521_224907-0024,user-004,EVSE-033,2026-05-23T15:14:31.264838Z,2026-05-23T15:34:31.264838Z,charge_only,7.517,7.517,0.0,7.517,TOU
run_20260521_224907-0025,user-007,EVSE-011,2026-05-23T07:15:01.193014Z,2026-05-23T08:30:01.193014Z,bidirectional,0.817,4.91,4.093,0.817,TOU
run_20260521_224907-0026,user-010,EVSE-030,2026-05-23T15:56:19.734733Z,2026-05-23T16:26:19.734733Z,discharge_only,-11.153,0.0,11.153,-11.153,TOU
run_20260521_224907-0027,user-004,EVSE-008,2026-05-23T06:44:34.912901Z,2026-05-23T07:44:34.912901Z,discharge_only,-11.039,0.0,11.039,-11.039,TOU
run_20260521_224907-0028,user-009,EVSE-005,2026-05-23T00:16:26.092055Z,2026-05-23T01:31:26.092055Z,charge_only,13.549,13.549,0.0,13.549,TOU
run_20260521_224907-0029,user-006,EVSE-001,2026-05-23T16:18:37.093289Z,2026-05-23T17:33:37.093289Z,bidirectional,3.691,6.217,2.526,3.691,TOU
run_20260521_224907-0030,user-007,EVSE-040,2026-05-23T03:30:02.097071Z,2026-05-23T04:30:02.097071Z,charge_only,21.809,21.809,0.0,21.809,TOU
run_20260521_224907-0031,user-010,EVSE-014,2026-05-23T10:26:16.532667Z,2026-05-23T10:46:16.532667Z,charge_only,2.568,2.568,0.0,2.568,TOU
run_20260521_224907-0032,user-007,EVSE-016,2026-05-23T17:18:18.628409Z,2026-05-23T18:18:18.628409Z,charge_only,11.264,11.264,0.0,11.264,TOU
run_20260521_224907-0033,user-010,EVSE-013,2026-05-23T01:14:13.793280Z,2026-05-23T02:14:13.793280Z,bidirectional,9.654,14.861,5.207,9.654,TOU
run_20260521_224907-0034,user-004,EVSE-027,2026-05-23T21:32:15.727209Z,2026-05-23T22:12:15.727209Z,charge_only,15.024,15.024,0.0,15.024,TOU
run_20260521_224907-0035,user-006,EVSE-016,2026-05-23T08:43:45.446833Z,2026-05-23T09:43:45.446833Z,bidirectional,14.902,18.497,3.595,14.902,TOU
run_20260521_224907-0036,user-007,EVSE-042,2026-05-23T15:54:35.332041Z,2026-05-23T16:54:35.332041Z,bidirectional,6.964,8.847,1.883,6.964,TOU
run_20260521_224907-0037,user-001,EVSE-022,2026-05-23T21:45:00.190512Z,2026-05-23T22:15:00.190512Z,charge_only,5.412,5.412,0.0,5.412,TOU
run_20260521_224907-0038,user-005,EVSE-031,2026-05-23T17:56:58.722376Z,2026-05-23T18:16:58.722376Z,bidirectional,3.361,5.245,1.884,3.361,TOU
run_20260521_224907-0039,user-009,EVSE-004,2026-05-23T09:39:37.280020Z,2026-05-23T09:59:37.280020Z,bidirectional,-0.033,1.226,1.259,-0.033,TOU
run_20260521_224907-0040,user-003,EVSE-010,2026-05-23T08:40:28.061799Z,2026-05-23T09:40:28.061799Z,charge_only,7.14,7.14,0.0,7.14,TOU
run_20260521_224907-0041,user-002,EVSE-029,2026-05-23T00:07:45.474198Z,2026-05-23T00:27:45.474198Z,charge_only,7.132,7.132,0.0,7.132,TOU
run_20260521_224907-0042,user-010,EVSE-005,2026-05-23T00:13:21.299096Z,2026-05-23T00:53:21.299096Z,charge_only,14.805,14.805,0.0,14.805,TOU
run_20260521_224907-0043,user-010,EVSE-038,2026-05-23T12:42:19.561814Z,2026-05-23T13:02:19.561814Z,bidirectional,0.136,1.345,1.209,0.136,TOU
run_20260521_224907-0044,user-007,EVSE-008,2026-05-23T21:13:43.327467Z,2026-05-23T21:43:43.327467Z,bidirectional,3.91,7.517,3.607,3.91,TOU
run_20260521_224907-0045,user-007,EVSE-042,2026-05-23T01:21:32.772800Z,2026-05-23T02:36:32.772800Z,charge_only,27.548,27.548,0.0,27.548,TOU
run_20260521_224907-0046,user-010,EVSE-008,2026-05-23T13:31:19.537117Z,2026-05-23T14:31:19.537117Z,charge_only,7.084,7.084,0.0,7.084,TOU
run_20260521_224907-0047,user-009,EVSE-032,2026-05-23T04:11:06.289638Z,2026-05-23T04:31:06.289638Z,charge_only,7.108,7.108,0.0,7.108,TOU
run_20260521_224907-0048,user-004,EVSE-036,2026-05-23T17:34:26.341013Z,2026-05-23T18:04:26.341013Z,discharge_only,-5.532,0.0,5.532,-5.532,TOU
run_20260521_224907-0049,user-004,EVSE-046,2026-05-23T00:10:08.983156Z,2026-05-23T00:30:08.983156Z,charge_only,3.716,3.716,0.0,3.716,TOU
run_20260521_224907-0050,user-008,EVSE-032,2026-05-23T18:08:01.649715Z,2026-05-23T19:23:01.649715Z,discharge_only,-8.67,0.0,8.67,-8.67,TOU
run_20260521_224907-0051,user-008,EVSE-009,2026-05-23T15:42:01.291438Z,2026-05-23T16:57:01.291438Z,discharge_only,-27.453,0.0,27.453,-27.453,TOU
run_20260521_224907-0052,user-002,EVSE-035,2026-05-23T03:00:09.951682Z,2026-05-23T04:00:09.951682Z,charge_only,7.328,7.328,0.0,7.328,TOU
run_20260521_224907-0053,user-008,EVSE-007,2026-05-23T03:02:46.107297Z,2026-05-23T03:22:46.107297Z,bidirectional,0.308,3.683,3.375,0.308,TOU
run_20260521_224907-0054,user-001,EVSE-012,2026-05-23T22:52:46.380306Z,2026-05-23T23:12:46.380306Z,discharge_only,-3.591,0.0,3.591,-3.591,TOU
run_20260521_224907-0055,user-007,EVSE-019,2026-05-23T09:06:37.024158Z,2026-05-23T09:36:37.024158Z,charge_only,5.95,5.95,0.0,5.95,TOU
run_20260521_224907-0056,user-008,EVSE-037,2026-05-23T01:17:51.641142Z,2026-05-23T02:32:51.641142Z,charge_only,13.517,13.517,0.0,13.517,TOU
run_20260521_224907-0057,user-001,EVSE-029,2026-05-23T02:07:42.695199Z,2026-05-23T03:07:42.695199Z,charge_only,11.307,11.307,0.0,11.307,TOU
run_20260521_224907-0058,user-003,EVSE-031,2026-05-23T21:49:12.476336Z,2026-05-23T22:29:12.476336Z,charge_only,6.836,6.836,0.0,6.836,TOU
run_20260521_224907-0059,user-006,EVSE-007,2026-05-23T04:40:54.308665Z,2026-05-23T05:40:54.308665Z,bidirectional,4.861,6.0,1.139,4.861,TOU
run_20260521_224907-0060,user-010,EVSE-035,2026-05-23T02:45:42.109373Z,2026-05-23T04:00:42.109373Z,charge_only,14.471,14.471,0.0,14.471,TOU
run_20260521_224907-0061,user-003,EVSE-029,2026-05-23T02:44:00.249071Z,2026-05-23T03:04:00.249071Z,charge_only,3.552,3.552,0.0,3.552,TOU
run_20260521_224907-0062,user-002,EVSE-041,2026-05-23T00:26:27.845137Z,2026-05-23T01:06:27.845137Z,charge_only,15.176,15.176,0.0,15.176,TOU
run_20260521_224907-0063,user-006,EVSE-018,2026-05-23T18:08:15.647285Z,2026-05-23T18:38:15.647285Z,bidirectional,0.8,5.908,5.108,0.8,TOU
run_20260521_224907-0064,user-003,EVSE-004,2026-05-23T11:01:05.384527Z,2026-05-23T11:31:05.384527Z,charge_only,3.485,3.485,0.0,3.485,TOU
run_20260521_224907-0065,user-002,EVSE-026,2026-05-23T06:05:14.520237Z,2026-05-23T07:05:14.520237Z,charge_only,10.897,10.897,0.0,10.897,TOU
run_20260521_224907-0066,user-008,EVSE-021,2026-05-23T22:13:10.402158Z,2026-05-23T22:33:10.402158Z,charge_only,3.725,3.725,0.0,3.725,TOU
run_20260521_224907-0067,user-005,EVSE-031,2026-05-23T13:05:38.987921Z,2026-05-23T14:20:38.987921Z,bidirectional,9.82,11.552,1.732,9.82,TOU
run_20260521_224907-0068,user-002,EVSE-047,2026-05-23T13:37:05.868797Z,2026-05-23T14:17:05.868797Z,charge_only,4.603,4.603,0.0,4.603,TOU
run_20260521_224907-0069,user-005,EVSE-018,2026-05-23T15:32:37.769556Z,2026-05-23T16:47:37.769556Z,bidirectional,-2.465,11.969,14.434,-2.465,TOU
run_20260521_224907-0070,user-006,EVSE-027,2026-05-23T15:33:31.576448Z,2026-05-23T16:03:31.576448Z,charge_only,3.557,3.557,0.0,3.557,TOU
run_20260521_224907-0071,user-005,EVSE-043,2026-05-23T06:39:54.108387Z,2026-05-23T07:54:54.108387Z,bidirectional,22.619,24.665,2.046,22.619,TOU
run_20260521_224907-0072,user-010,EVSE-009,2026-05-23T22:40:06.838784Z,2026-05-23T23:10:06.838784Z,charge_only,5.3,5.3,0.0,5.3,TOU
run_20260521_224907-0073,user-009,EVSE-019,2026-05-23T10:34:26.283753Z,2026-05-23T11:14:26.283753Z,discharge_only,-4.727,0.0,4.727,-4.727,TOU
run_20260521_224907-0074,user-006,EVSE-047,2026-05-23T19:51:30.157198Z,2026-05-23T21:06:30.157198Z,charge_only,13.979,13.979,0.0,13.979,TOU
run_20260521_224907-0075,user-003,EVSE-049,2026-05-23T18:18:46.371451Z,2026-05-23T18:48:46.371451Z,bidirectional,0.23,2.808,2.578,0.23,TOU
run_20260521_224907-0076,user-010,EVSE-006,2026-05-23T08:33:05.505830Z,2026-05-23T09:48:05.505830Z,charge_only,14.524,14.524,0.0,14.524,TOU
run_20260521_224907-0077,user-008,EVSE-004,2026-05-23T10:03:19.539200Z,2026-05-23T10:23:19.539200Z,charge_only,3.436,3.436,0.0,3.436,TOU
run_20260521_224907-0078,user-006,EVSE-040,2026-05-23T00:24:21.885794Z,2026-05-23T00:44:21.885794Z,charge_only,7.893,7.893,0.0,7.893,TOU
run_20260521_224907-0079,user-005,EVSE-039,2026-05-23T14:41:07.209257Z,2026-05-23T15:21:07.209257Z,charge_only,14.074,14.074,0.0,14.074,TOU
run_20260521_224907-0080,user-010,EVSE-043,2026-05-23T08:03:23.914041Z,2026-05-23T08:43:23.914041Z,charge_only,6.849,6.849,0.0,6.849,TOU
run_20260521_224907-0081,user-009,EVSE-034,2026-05-23T21:44:25.663818Z,2026-05-23T22:44:25.663818Z,discharge_only,-22.208,0.0,22.208,-22.208,TOU
run_20260521_224907-0082,user-010,EVSE-031,2026-05-23T20:50:17.362820Z,2026-05-23T21:50:17.362820Z,bidirectional,0.04,3.485,3.445,0.04,TOU
run_20260521_224907-0083,user-010,EVSE-008,2026-05-23T00:21:24.401839Z,2026-05-23T01:21:24.401839Z,charge_only,10.732,10.732,0.0,10.732,TOU
run_20260521_224907-0084,user-005,EVSE-003,2026-05-23T13:11:58.819360Z,2026-05-23T14:26:58.819360Z,charge_only,9.311,9.311,0.0,9.311,TOU
run_20260521_224907-0085,user-003,EVSE-040,2026-05-23T05:46:16.124228Z,2026-05-23T06:46:16.124228Z,charge_only,11.175,11.175,0.0,11.175,TOU
run_20260521_224907-0086,user-008,EVSE-016,2026-05-23T09:39:41.746700Z,2026-05-23T09:59:41.746700Z,charge_only,7.473,7.473,0.0,7.473,TOU
run_20260521_224907-0087,user-002,EVSE-048,2026-05-23T11:25:10.934217Z,2026-05-23T12:05:10.934217Z,charge_only,4.648,4.648,0.0,4.648,TOU
run_20260521_224907-0088,user-006,EVSE-012,2026-05-23T18:11:46.720133Z,2026-05-23T18:31:46.720133Z,charge_only,7.148,7.148,0.0,7.148,TOU
run_20260521_224907-0089,user-008,EVSE-020,2026-05-23T08:49:18.022754Z,2026-05-23T09:19:18.022754Z,charge_only,3.751,3.751,0.0,3.751,TOU
run_20260521_224907-0090,user-009,EVSE-026,2026-05-23T12:37:18.260073Z,2026-05-23T12:57:18.260073Z,bidirectional,-0.003,3.668,3.671,-0.003,TOU
run_20260521_224907-0091,user-007,EVSE-012,2026-05-23T15:50:47.235306Z,2026-05-23T16:20:47.235306Z,charge_only,5.52,5.52,0.0,5.52,TOU
run_20260521_224907-0092,user-002,EVSE-041,2026-05-23T16:06:47.720178Z,2026-05-23T16:46:47.720178Z,discharge_only,-6.951,0.0,6.951,-6.951,TOU
run_20260521_224907-0093,user-002,EVSE-010,2026-05-23T07:52:29.712000Z,2026-05-23T08:52:29.712000Z,charge_only,10.954,10.954,0.0,10.954,TOU
run_20260521_224907-0094,user-006,EVSE-012,2026-05-23T13:19:43.645415Z,2026-05-23T13:39:43.645415Z,bidirectional,-0.052,3.693,3.745,-0.052,TOU
run_20260521_224907-0095,user-009,EVSE-029,2026-05-23T21:09:25.449990Z,2026-05-23T21:49:25.449990Z,discharge_only,-15.014,0.0,15.014,-15.014,TOU
run_20260521_224907-0096,user-006,EVSE-041,2026-05-23T07:57:18.642102Z,2026-05-23T08:17:18.642102Z,charge_only,7.402,7.402,0.0,7.402,TOU
run_20260521_224907-0097,user-004,EVSE-005,2026-05-23T21:04:14.283881Z,2026-05-23T21:34:14.283881Z,bidirectional,1.397,2.413,1.016,1.397,TOU
run_20260521_224907-0098,user-008,EVSE-010,2026-05-23T11:21:59.895423Z,2026-05-23T12:21:59.895423Z,bidirectional,12.288,17.4,5.112,12.288,TOU
run_20260521_224907-0099,user-004,EVSE-037,2026-05-23T15:40:43.605686Z,2026-05-23T16:55:43.605686Z,charge_only,13.43,13.43,0.0,13.43,TOU
run_20260521_224907-0100,user-002,EVSE-039,2026-05-23T22:53:32.100196Z,2026-05-24T00:08:32.100196Z,charge_only,13.486,13.486,0.0,13.486,TOU
run_20260521_224941-0001,user-002,EVSE-046,2026-05-23T23:22:59.070749Z,2026-05-24T00:02:59.070749Z,bidirectional,3.404,4.028,0.624,3.404,TOU
run_20260521_224941-0002,user-004,EVSE-023,2026-05-23T13:12:08.338401Z,2026-05-23T13:52:08.338401Z,charge_only,4.893,4.893,0.0,4.893,TOU
run_20260521_224941-0003,user-008,EVSE-041,2026-05-23T11:06:49.892898Z,2026-05-23T12:06:49.892898Z,charge_only,7.318,7.318,0.0,7.318,TOU
run_20260521_224941-0004,user-006,EVSE-036,2026-05-23T18:57:18.592541Z,2026-05-23T19:37:18.592541Z,charge_only,15.207,15.207,0.0,15.207,TOU
run_20260521_224941-0005,user-001,EVSE-014,2026-05-23T18:29:10.246582Z,2026-05-23T18:49:10.246582Z,discharge_only,-3.741,0.0,3.741,-3.741,TOU
run_20260521_224941-0006,user-008,EVSE-009,2026-05-23T20:33:15.894586Z,2026-05-23T21:03:15.894586Z,charge_only,3.466,3.466,0.0,3.466,TOU
run_20260521_224941-0007,user-001,EVSE-001,2026-05-23T03:19:00.708605Z,2026-05-23T03:49:00.708605Z,bidirectional,0.471,5.582,5.111,0.471,TOU
run_20260521_224941-0008,user-009,EVSE-041,2026-05-23T05:57:44.158115Z,2026-05-23T06:37:44.158115Z,bidirectional,2.666,3.714,1.048,2.666,TOU
run_20260521_224941-0009,user-006,EVSE-036,2026-05-23T05:40:59.066874Z,2026-05-23T06:55:59.066874Z,charge_only,27.805,27.805,0.0,27.805,TOU
run_20260521_224941-0010,user-010,EVSE-029,2026-05-23T13:49:40.881967Z,2026-05-23T14:19:40.881967Z,charge_only,10.482,10.482,0.0,10.482,TOU
run_20260521_224941-0011,user-006,EVSE-031,2026-05-23T23:28:42.639935Z,2026-05-24T00:43:42.639935Z,charge_only,8.959,8.959,0.0,8.959,TOU
run_20260521_224941-0012,user-002,EVSE-013,2026-05-23T08:10:03.890442Z,2026-05-23T08:50:03.890442Z,discharge_only,-7.311,0.0,7.311,-7.311,TOU
run_20260521_224941-0013,user-007,EVSE-026,2026-05-23T19:34:46.633708Z,2026-05-23T20:34:46.633708Z,charge_only,7.205,7.205,0.0,7.205,TOU
run_20260521_224941-0014,user-001,EVSE-034,2026-05-23T00:20:09.315897Z,2026-05-23T01:00:09.315897Z,bidirectional,-0.141,3.852,3.993,-0.141,TOU
run_20260521_224941-0015,user-002,EVSE-040,2026-05-23T03:33:04.004082Z,2026-05-23T03:53:04.004082Z,bidirectional,3.936,6.033,2.097,3.936,TOU
run_20260521_224941-0016,user-010,EVSE-040,2026-05-23T11:26:11.573378Z,2026-05-23T12:06:11.573378Z,charge_only,4.855,4.855,0.0,4.855,TOU
run_20260521_224941-0017,user-002,EVSE-036,2026-05-23T11:04:48.387486Z,2026-05-23T12:19:48.387486Z,bidirectional,2.972,8.628,5.656,2.972,TOU
run_20260521_224941-0018,user-004,EVSE-018,2026-05-23T06:45:38.307031Z,2026-05-23T07:15:38.307031Z,charge_only,11.507,11.507,0.0,11.507,TOU
run_20260521_224941-0019,user-003,EVSE-038,2026-05-23T08:41:33.404201Z,2026-05-23T09:21:33.404201Z,charge_only,4.68,4.68,0.0,4.68,TOU
run_20260521_224941-0020,user-001,EVSE-040,2026-05-23T16:35:06.478566Z,2026-05-23T16:55:06.478566Z,bidirectional,1.885,2.898,1.013,1.885,TOU
run_20260521_224941-0021,user-004,EVSE-045,2026-05-23T03:13:58.067847Z,2026-05-23T03:43:58.067847Z,bidirectional,-0.048,2.557,2.605,-0.048,TOU
run_20260521_224941-0022,user-008,EVSE-002,2026-05-23T18:38:41.726804Z,2026-05-23T19:38:41.726804Z,discharge_only,-11.192,0.0,11.192,-11.192,TOU
run_20260521_224941-0023,user-003,EVSE-001,2026-05-23T10:02:57.047005Z,2026-05-23T10:42:57.047005Z,bidirectional,0.245,2.433,2.188,0.245,TOU
run_20260521_224941-0024,user-004,EVSE-033,2026-05-23T15:14:31.264838Z,2026-05-23T15:34:31.264838Z,charge_only,7.517,7.517,0.0,7.517,TOU
run_20260521_224941-0025,user-007,EVSE-011,2026-05-23T07:15:01.193014Z,2026-05-23T08:30:01.193014Z,bidirectional,0.817,4.91,4.093,0.817,TOU
run_20260521_224941-0026,user-010,EVSE-030,2026-05-23T15:56:19.734733Z,2026-05-23T16:26:19.734733Z,discharge_only,-11.153,0.0,11.153,-11.153,TOU
run_20260521_224941-0027,user-004,EVSE-008,2026-05-23T06:44:34.912901Z,2026-05-23T07:44:34.912901Z,discharge_only,-11.039,0.0,11.039,-11.039,TOU
run_20260521_224941-0028,user-009,EVSE-005,2026-05-23T00:16:26.092055Z,2026-05-23T01:31:26.092055Z,charge_only,13.549,13.549,0.0,13.549,TOU
run_20260521_224941-0029,user-006,EVSE-001,2026-05-23T16:18:37.093289Z,2026-05-23T17:33:37.093289Z,bidirectional,3.691,6.217,2.526,3.691,TOU
run_20260521_224941-0030,user-007,EVSE-040,2026-05-23T03:30:02.097071Z,2026-05-23T04:30:02.097071Z,charge_only,21.809,21.809,0.0,21.809,TOU
run_20260521_224941-0031,user-010,EVSE-014,2026-05-23T10:26:16.532667Z,2026-05-23T10:46:16.532667Z,charge_only,2.568,2.568,0.0,2.568,TOU
run_20260521_224941-0032,user-007,EVSE-016,2026-05-23T17:18:18.628409Z,2026-05-23T18:18:18.628409Z,charge_only,11.264,11.264,0.0,11.264,TOU
run_20260521_224941-0033,user-010,EVSE-013,2026-05-23T01:14:13.793280Z,2026-05-23T02:14:13.793280Z,bidirectional,9.654,14.861,5.207,9.654,TOU
run_20260521_224941-0034,user-004,EVSE-027,2026-05-23T21:32:15.727209Z,2026-05-23T22:12:15.727209Z,charge_only,15.024,15.024,0.0,15.024,TOU
run_20260521_224941-0035,user-006,EVSE-016,2026-05-23T08:43:45.446833Z,2026-05-23T09:43:45.446833Z,bidirectional,14.902,18.497,3.595,14.902,TOU
run_20260521_224941-0036,user-007,EVSE-042,2026-05-23T15:54:35.332041Z,2026-05-23T16:54:35.332041Z,bidirectional,6.964,8.847,1.883,6.964,TOU
run_20260521_224941-0037,user-001,EVSE-022,2026-05-23T21:45:00.190512Z,2026-05-23T22:15:00.190512Z,charge_only,5.412,5.412,0.0,5.412,TOU
run_20260521_224941-0038,user-005,EVSE-031,2026-05-23T17:56:58.722376Z,2026-05-23T18:16:58.722376Z,bidirectional,3.361,5.245,1.884,3.361,TOU
run_20260521_224941-0039,user-009,EVSE-004,2026-05-23T09:39:37.280020Z,2026-05-23T09:59:37.280020Z,bidirectional,-0.033,1.226,1.259,-0.033,TOU
run_20260521_224941-0040,user-003,EVSE-010,2026-05-23T08:40:28.061799Z,2026-05-23T09:40:28.061799Z,charge_only,7.14,7.14,0.0,7.14,TOU
run_20260521_224941-0041,user-002,EVSE-029,2026-05-23T00:07:45.474198Z,2026-05-23T00:27:45.474198Z,charge_only,7.132,7.132,0.0,7.132,TOU
run_20260521_224941-0042,user-010,EVSE-005,2026-05-23T00:13:21.299096Z,2026-05-23T00:53:21.299096Z,charge_only,14.805,14.805,0.0,14.805,TOU
run_20260521_224941-0043,user-010,EVSE-038,2026-05-23T12:42:19.561814Z,2026-05-23T13:02:19.561814Z,bidirectional,0.136,1.345,1.209,0.136,TOU
run_20260521_224941-0044,user-007,EVSE-008,2026-05-23T21:13:43.327467Z,2026-05-23T21:43:43.327467Z,bidirectional,3.91,7.517,3.607,3.91,TOU
run_20260521_224941-0045,user-007,EVSE-042,2026-05-23T01:21:32.772800Z,2026-05-23T02:36:32.772800Z,charge_only,27.548,27.548,0.0,27.548,TOU
run_20260521_224941-0046,user-010,EVSE-008,2026-05-23T13:31:19.537117Z,2026-05-23T14:31:19.537117Z,charge_only,7.084,7.084,0.0,7.084,TOU
run_20260521_224941-0047,user-009,EVSE-032,2026-05-23T04:11:06.289638Z,2026-05-23T04:31:06.289638Z,charge_only,7.108,7.108,0.0,7.108,TOU
run_20260521_224941-0048,user-004,EVSE-036,2026-05-23T17:34:26.341013Z,2026-05-23T18:04:26.341013Z,discharge_only,-5.532,0.0,5.532,-5.532,TOU
run_20260521_224941-0049,user-004,EVSE-046,2026-05-23T00:10:08.983156Z,2026-05-23T00:30:08.983156Z,charge_only,3.716,3.716,0.0,3.716,TOU
run_20260521_224941-0050,user-008,EVSE-032,2026-05-23T18:08:01.649715Z,2026-05-23T19:23:01.649715Z,discharge_only,-8.67,0.0,8.67,-8.67,TOU
run_20260521_224941-0051,user-008,EVSE-009,2026-05-23T15:42:01.291438Z,2026-05-23T16:57:01.291438Z,discharge_only,-27.453,0.0,27.453,-27.453,TOU
run_20260521_224941-0052,user-002,EVSE-035,2026-05-23T03:00:09.951682Z,2026-05-23T04:00:09.951682Z,charge_only,7.328,7.328,0.0,7.328,TOU
run_20260521_224941-0053,user-008,EVSE-007,2026-05-23T03:02:46.107297Z,2026-05-23T03:22:46.107297Z,bidirectional,0.308,3.683,3.375,0.308,TOU
run_20260521_224941-0054,user-001,EVSE-012,2026-05-23T22:52:46.380306Z,2026-05-23T23:12:46.380306Z,discharge_only,-3.591,0.0,3.591,-3.591,TOU
run_20260521_224941-0055,user-007,EVSE-019,2026-05-23T09:06:37.024158Z,2026-05-23T09:36:37.024158Z,charge_only,5.95,5.95,0.0,5.95,TOU
run_20260521_224941-0056,user-008,EVSE-037,2026-05-23T01:17:51.641142Z,2026-05-23T02:32:51.641142Z,charge_only,13.517,13.517,0.0,13.517,TOU
run_20260521_224941-0057,user-001,EVSE-029,2026-05-23T02:07:42.695199Z,2026-05-23T03:07:42.695199Z,charge_only,11.307,11.307,0.0,11.307,TOU
run_20260521_224941-0058,user-003,EVSE-031,2026-05-23T21:49:12.476336Z,2026-05-23T22:29:12.476336Z,charge_only,6.836,6.836,0.0,6.836,TOU
run_20260521_224941-0059,user-006,EVSE-007,2026-05-23T04:40:54.308665Z,2026-05-23T05:40:54.308665Z,bidirectional,4.861,6.0,1.139,4.861,TOU
run_20260521_224941-0060,user-010,EVSE-035,2026-05-23T02:45:42.109373Z,2026-05-23T04:00:42.109373Z,charge_only,14.471,14.471,0.0,14.471,TOU
run_20260521_224941-0061,user-003,EVSE-029,2026-05-23T02:44:00.249071Z,2026-05-23T03:04:00.249071Z,charge_only,3.552,3.552,0.0,3.552,TOU
run_20260521_224941-0062,user-002,EVSE-041,2026-05-23T00:26:27.845137Z,2026-05-23T01:06:27.845137Z,charge_only,15.176,15.176,0.0,15.176,TOU
run_20260521_224941-0063,user-006,EVSE-018,2026-05-23T18:08:15.647285Z,2026-05-23T18:38:15.647285Z,bidirectional,0.8,5.908,5.108,0.8,TOU
run_20260521_224941-0064,user-003,EVSE-004,2026-05-23T11:01:05.384527Z,2026-05-23T11:31:05.384527Z,charge_only,3.485,3.485,0.0,3.485,TOU
run_20260521_224941-0065,user-002,EVSE-026,2026-05-23T06:05:14.520237Z,2026-05-23T07:05:14.520237Z,charge_only,10.897,10.897,0.0,10.897,TOU
run_20260521_224941-0066,user-008,EVSE-021,2026-05-23T22:13:10.402158Z,2026-05-23T22:33:10.402158Z,charge_only,3.725,3.725,0.0,3.725,TOU
run_20260521_224941-0067,user-005,EVSE-031,2026-05-23T13:05:38.987921Z,2026-05-23T14:20:38.987921Z,bidirectional,9.82,11.552,1.732,9.82,TOU
run_20260521_224941-0068,user-002,EVSE-047,2026-05-23T13:37:05.868797Z,2026-05-23T14:17:05.868797Z,charge_only,4.603,4.603,0.0,4.603,TOU
run_20260521_224941-0069,user-005,EVSE-018,2026-05-23T15:32:37.769556Z,2026-05-23T16:47:37.769556Z,bidirectional,-2.465,11.969,14.434,-2.465,TOU
run_20260521_224941-0070,user-006,EVSE-027,2026-05-23T15:33:31.576448Z,2026-05-23T16:03:31.576448Z,charge_only,3.557,3.557,0.0,3.557,TOU
run_20260521_224941-0071,user-005,EVSE-043,2026-05-23T06:39:54.108387Z,2026-05-23T07:54:54.108387Z,bidirectional,22.619,24.665,2.046,22.619,TOU
run_20260521_224941-0072,user-010,EVSE-009,2026-05-23T22:40:06.838784Z,2026-05-23T23:10:06.838784Z,charge_only,5.3,5.3,0.0,5.3,TOU
run_20260521_224941-0073,user-009,EVSE-019,2026-05-23T10:34:26.283753Z,2026-05-23T11:14:26.283753Z,discharge_only,-4.727,0.0,4.727,-4.727,TOU
run_20260521_224941-0074,user-006,EVSE-047,2026-05-23T19:51:30.157198Z,2026-05-23T21:06:30.157198Z,charge_only,13.979,13.979,0.0,13.979,TOU
run_20260521_224941-0075,user-003,EVSE-049,2026-05-23T18:18:46.371451Z,2026-05-23T18:48:46.371451Z,bidirectional,0.23,2.808,2.578,0.23,TOU
run_20260521_224941-0076,user-010,EVSE-006,2026-05-23T08:33:05.505830Z,2026-05-23T09:48:05.505830Z,charge_only,14.524,14.524,0.0,14.524,TOU
run_20260521_224941-0077,user-008,EVSE-004,2026-05-23T10:03:19.539200Z,2026-05-23T10:23:19.539200Z,charge_only,3.436,3.436,0.0,3.436,TOU
run_20260521_224941-0078,user-006,EVSE-040,2026-05-23T00:24:21.885794Z,2026-05-23T00:44:21.885794Z,charge_only,7.893,7.893,0.0,7.893,TOU
run_20260521_224941-0079,user-005,EVSE-039,2026-05-23T14:41:07.209257Z,2026-05-23T15:21:07.209257Z,charge_only,14.074,14.074,0.0,14.074,TOU
run_20260521_224941-0080,user-010,EVSE-043,2026-05-23T08:03:23.914041Z,2026-05-23T08:43:23.914041Z,charge_only,6.849,6.849,0.0,6.849,TOU
run_20260521_224941-0081,user-009,EVSE-034,2026-05-23T21:44:25.663818Z,2026-05-23T22:44:25.663818Z,discharge_only,-22.208,0.0,22.208,-22.208,TOU
run_20260521_224941-0082,user-010,EVSE-031,2026-05-23T20:50:17.362820Z,2026-05-23T21:50:17.362820Z,bidirectional,0.04,3.485,3.445,0.04,TOU
run_20260521_224941-0083,user-010,EVSE-008,2026-05-23T00:21:24.401839Z,2026-05-23T01:21:24.401839Z,charge_only,10.732,10.732,0.0,10.732,TOU
run_20260521_224941-0084,user-005,EVSE-003,2026-05-23T13:11:58.819360Z,2026-05-23T14:26:58.819360Z,charge_only,9.311,9.311,0.0,9.311,TOU
run_20260521_224941-0085,user-003,EVSE-040,2026-05-23T05:46:16.124228Z,2026-05-23T06:46:16.124228Z,charge_only,11.175,11.175,0.0,11.175,TOU
run_20260521_224941-0086,user-008,EVSE-016,2026-05-23T09:39:41.746700Z,2026-05-23T09:59:41.746700Z,charge_only,7.473,7.473,0.0,7.473,TOU
run_20260521_224941-0087,user-002,EVSE-048,2026-05-23T11:25:10.934217Z,2026-05-23T12:05:10.934217Z,charge_only,4.648,4.648,0.0,4.648,TOU
run_20260521_224941-0088,user-006,EVSE-012,2026-05-23T18:11:46.720133Z,2026-05-23T18:31:46.720133Z,charge_only,7.148,7.148,0.0,7.148,TOU
run_20260521_224941-0089,user-008,EVSE-020,2026-05-23T08:49:18.022754Z,2026-05-23T09:19:18.022754Z,charge_only,3.751,3.751,0.0,3.751,TOU
run_20260521_224941-0090,user-009,EVSE-026,2026-05-23T12:37:18.260073Z,2026-05-23T12:57:18.260073Z,bidirectional,-0.003,3.668,3.671,-0.003,TOU
run_20260521_224941-0091,user-007,EVSE-012,2026-05-23T15:50:47.235306Z,2026-05-23T16:20:47.235306Z,charge_only,5.52,5.52,0.0,5.52,TOU
run_20260521_224941-0092,user-002,EVSE-041,2026-05-23T16:06:47.720178Z,2026-05-23T16:46:47.720178Z,discharge_only,-6.951,0.0,6.951,-6.951,TOU
run_20260521_224941-0093,user-002,EVSE-010,2026-05-23T07:52:29.712000Z,2026-05-23T08:52:29.712000Z,charge_only,10.954,10.954,0.0,10.954,TOU
run_20260521_224941-0094,user-006,EVSE-012,2026-05-23T13:19:43.645415Z,2026-05-23T13:39:43.645415Z,bidirectional,-0.052,3.693,3.745,-0.052,TOU
run_20260521_224941-0095,user-009,EVSE-029,2026-05-23T21:09:25.449990Z,2026-05-23T21:49:25.449990Z,discharge_only,-15.014,0.0,15.014,-15.014,TOU
run_20260521_224941-0096,user-006,EVSE-041,2026-05-23T07:57:18.642102Z,2026-05-23T08:17:18.642102Z,charge_only,7.402,7.402,0.0,7.402,TOU
run_20260521_224941-0097,user-004,EVSE-005,2026-05-23T21:04:14.283881Z,2026-05-23T21:34:14.283881Z,bidirectional,1.397,2.413,1.016,1.397,TOU
run_20260521_224941-0098,user-008,EVSE-010,2026-05-23T11:21:59.895423Z,2026-05-23T12:21:59.895423Z,bidirectional,12.288,17.4,5.112,12.288,TOU
run_20260521_224941-0099,user-004,EVSE-037,2026-05-23T15:40:43.605686Z,2026-05-23T16:55:43.605686Z,charge_only,13.43,13.43,0.0,13.43,TOU
run_20260521_224941-0100,user-002,EVSE-039,2026-05-23T22:53:32.100196Z,2026-05-24T00:08:32.100196Z,charge_only,13.486,13.486,0.0,13.486,TOU
run_20260521_224941-0101,user-006,EVSE-040,2026-05-23T06:21:45.141185Z,2026-05-23T07:01:45.141185Z,bidirectional,1.584,4.391,2.807,1.584,TOU
run_20260521_224941-0102,user-003,EVSE-042,2026-05-23T04:27:35.514068Z,2026-05-23T05:42:35.514068Z,discharge_only,-27.141,0.0,27.141,-27.141,TOU
run_20260521_224941-0103,user-001,EVSE-044,2026-05-23T03:39:04.307630Z,2026-05-23T04:39:04.307630Z,charge_only,7.046,7.046,0.0,7.046,TOU
run_20260521_224941-0104,user-002,EVSE-030,2026-05-23T14:31:46.719220Z,2026-05-23T15:11:46.719220Z,charge_only,14.521,14.521,0.0,14.521,TOU
run_20260521_224941-0105,user-003,EVSE-050,2026-05-23T16:06:43.750764Z,2026-05-23T17:21:43.750764Z,bidirectional,4.614,9.056,4.442,4.614,TOU
run_20260521_224941-0106,user-001,EVSE-008,2026-05-23T09:58:43.588863Z,2026-05-23T10:28:43.588863Z,charge_only,11.404,11.404,0.0,11.404,TOU
run_20260521_224941-0107,user-007,EVSE-036,2026-05-23T20:20:56.339298Z,2026-05-23T20:50:56.339298Z,charge_only,5.333,5.333,0.0,5.333,TOU
run_20260521_224941-0108,user-009,EVSE-040,2026-05-23T14:56:22.339338Z,2026-05-23T15:26:22.339338Z,charge_only,5.206,5.206,0.0,5.206,TOU
run_20260521_224941-0109,user-005,EVSE-047,2026-05-23T10:35:21.313370Z,2026-05-23T11:05:21.313370Z,charge_only,4.92,4.92,0.0,4.92,TOU
run_20260521_224941-0110,user-009,EVSE-009,2026-05-23T14:52:14.422384Z,2026-05-23T15:52:14.422384Z,charge_only,11.379,11.379,0.0,11.379,TOU
run_20260521_224941-0111,user-004,EVSE-021,2026-05-23T18:09:51.625481Z,2026-05-23T19:24:51.625481Z,charge_only,8.987,8.987,0.0,8.987,TOU
run_20260521_224941-0112,user-002,EVSE-003,2026-05-23T08:19:41.389692Z,2026-05-23T08:49:41.389692Z,charge_only,10.926,10.926,0.0,10.926,TOU
run_20260521_224941-0113,user-008,EVSE-008,2026-05-23T19:30:42.675002Z,2026-05-23T20:10:42.675002Z,bidirectional,3.819,4.352,0.533,3.819,TOU
run_20260521_224941-0114,user-005,EVSE-041,2026-05-23T06:44:13.117813Z,2026-05-23T07:04:13.117813Z,discharge_only,-7.844,0.0,7.844,-7.844,TOU
run_20260521_224941-0115,user-009,EVSE-008,2026-05-23T16:06:47.136685Z,2026-05-23T17:06:47.136685Z,bidirectional,13.706,17.917,4.211,13.706,TOU
run_20260521_224941-0116,user-009,EVSE-031,2026-05-23T01:49:43.640395Z,2026-05-23T02:29:43.640395Z,bidirectional,3.006,8.652,5.646,3.006,TOU
run_20260521_224941-0117,user-004,EVSE-004,2026-05-23T05:41:55.328834Z,2026-05-23T06:56:55.328834Z,charge_only,9.065,9.065,0.0,9.065,TOU
run_20260521_224941-0118,user-008,EVSE-012,2026-05-23T10:26:58.073607Z,2026-05-23T11:41:58.073607Z,charge_only,13.636,13.636,0.0,13.636,TOU
run_20260521_224941-0119,user-007,EVSE-001,2026-05-23T14:59:46.576457Z,2026-05-23T15:59:46.576457Z,charge_only,10.489,10.489,0.0,10.489,TOU
run_20260521_224941-0120,user-008,EVSE-046,2026-05-23T07:49:09.612288Z,2026-05-23T09:04:09.612288Z,charge_only,14.166,14.166,0.0,14.166,TOU
run_20260521_224941-0121,user-001,EVSE-044,2026-05-23T14:19:44.273690Z,2026-05-23T14:49:44.273690Z,bidirectional,7.276,8.958,1.682,7.276,TOU
run_20260521_224941-0122,user-003,EVSE-020,2026-05-23T00:19:35.903553Z,2026-05-23T01:34:35.903553Z,discharge_only,-9.04,0.0,9.04,-9.04,TOU
run_20260521_224941-0123,user-008,EVSE-025,2026-05-23T18:12:00.348469Z,2026-05-23T18:42:00.348469Z,charge_only,5.724,5.724,0.0,5.724,TOU
run_20260521_224941-0124,user-002,EVSE-043,2026-05-23T01:50:59.664570Z,2026-05-23T02:30:59.664570Z,charge_only,4.771,4.771,0.0,4.771,TOU
run_20260521_224941-0125,user-006,EVSE-016,2026-05-23T16:42:24.554585Z,2026-05-23T17:02:24.554585Z,charge_only,2.49,2.49,0.0,2.49,TOU
run_20260521_224941-0126,user-007,EVSE-017,2026-05-23T02:01:13.073891Z,2026-05-23T03:16:13.073891Z,charge_only,13.86,13.86,0.0,13.86,TOU
run_20260521_224941-0127,user-007,EVSE-042,2026-05-23T16:53:55.386359Z,2026-05-23T17:23:55.386359Z,bidirectional,0.093,2.761,2.668,0.093,TOU
run_20260521_224941-0128,user-006,EVSE-040,2026-05-23T19:55:15.442582Z,2026-05-23T21:10:15.442582Z,bidirectional,11.702,12.563,0.861,11.702,TOU
run_20260521_224941-0129,user-001,EVSE-037,2026-05-23T23:49:28.692356Z,2026-05-24T01:04:28.692356Z,bidirectional,4.61,9.073,4.463,4.61,TOU
run_20260521_224941-0130,user-005,EVSE-031,2026-05-23T07:33:58.803559Z,2026-05-23T07:53:58.803559Z,charge_only,7.255,7.255,0.0,7.255,TOU
run_20260521_224941-0131,user-003,EVSE-035,2026-05-23T21:59:55.919015Z,2026-05-23T22:59:55.919015Z,charge_only,22.393,22.393,0.0,22.393,TOU
run_20260521_224941-0132,user-006,EVSE-035,2026-05-23T23:36:27.140575Z,2026-05-24T00:06:27.140575Z,bidirectional,0.403,5.757,5.354,0.403,TOU
run_20260521_224941-0133,user-003,EVSE-039,2026-05-23T05:00:40.965436Z,2026-05-23T05:20:40.965436Z,charge_only,7.139,7.139,0.0,7.139,TOU
run_20260521_224941-0134,user-007,EVSE-050,2026-05-23T00:43:45.266450Z,2026-05-23T01:23:45.266450Z,charge_only,4.809,4.809,0.0,4.809,TOU
run_20260521_224941-0135,user-002,EVSE-024,2026-05-23T22:00:51.915964Z,2026-05-23T22:30:51.915964Z,charge_only,5.342,5.342,0.0,5.342,TOU
run_20260521_224941-0136,user-002,EVSE-016,2026-05-23T19:29:09.349903Z,2026-05-23T20:29:09.349903Z,charge_only,22.083,22.083,0.0,22.083,TOU
run_20260521_224941-0137,user-007,EVSE-040,2026-05-23T19:54:55.049211Z,2026-05-23T20:34:55.049211Z,bidirectional,3.921,5.675,1.754,3.921,TOU
run_20260521_224941-0138,user-005,EVSE-026,2026-05-23T23:49:15.299282Z,2026-05-24T00:49:15.299282Z,charge_only,10.41,10.41,0.0,10.41,TOU
run_20260521_224941-0139,user-008,EVSE-044,2026-05-23T00:45:25.269414Z,2026-05-23T01:15:25.269414Z,discharge_only,-5.531,0.0,5.531,-5.531,TOU
run_20260521_224941-0140,user-008,EVSE-020,2026-05-23T01:21:06.967308Z,2026-05-23T01:51:06.967308Z,charge_only,5.361,5.361,0.0,5.361,TOU
run_20260521_224941-0141,user-007,EVSE-045,2026-05-23T05:02:43.767658Z,2026-05-23T05:22:43.767658Z,charge_only,3.336,3.336,0.0,3.336,TOU
run_20260521_224941-0142,user-006,EVSE-033,2026-05-23T07:08:38.797598Z,2026-05-23T08:23:38.797598Z,charge_only,28.076,28.076,0.0,28.076,TOU
run_20260521_224941-0143,user-010,EVSE-047,2026-05-23T18:40:42.857994Z,2026-05-23T19:20:42.857994Z,charge_only,7.54,7.54,0.0,7.54,TOU
run_20260521_224941-0144,user-008,EVSE-030,2026-05-23T05:09:39.072214Z,2026-05-23T06:24:39.072214Z,discharge_only,-14.335,0.0,14.335,-14.335,TOU
run_20260521_224941-0145,user-003,EVSE-008,2026-05-23T19:30:36.169655Z,2026-05-23T20:30:36.169655Z,bidirectional,1.886,6.447,4.561,1.886,TOU
run_20260521_224941-0146,user-009,EVSE-038,2026-05-23T00:48:04.823044Z,2026-05-23T01:28:04.823044Z,discharge_only,-15.284,0.0,15.284,-15.284,TOU
run_20260521_224941-0147,user-002,EVSE-028,2026-05-23T18:15:27.316436Z,2026-05-23T18:35:27.316436Z,discharge_only,-2.292,0.0,2.292,-2.292,TOU
run_20260521_224941-0148,user-003,EVSE-011,2026-05-23T10:39:55.553448Z,2026-05-23T11:39:55.553448Z,bidirectional,5.654,8.14,2.486,5.654,TOU
run_20260521_224941-0149,user-004,EVSE-024,2026-05-23T16:58:23.431814Z,2026-05-23T17:38:23.431814Z,charge_only,4.762,4.762,0.0,4.762,TOU
run_20260521_224941-0150,user-008,EVSE-045,2026-05-23T10:52:15.077064Z,2026-05-23T11:52:15.077064Z,charge_only,7.659,7.659,0.0,7.659,TOU
run_20260521_224941-0151,user-007,EVSE-019,2026-05-23T19:59:59.188232Z,2026-05-23T20:29:59.188232Z,charge_only,3.635,3.635,0.0,3.635,TOU
run_20260521_224941-0152,user-009,EVSE-009,2026-05-23T00:19:53.810685Z,2026-05-23T00:39:53.810685Z,charge_only,2.565,2.565,0.0,2.565,TOU
run_20260521_224941-0153,user-003,EVSE-050,2026-05-23T06:54:35.485060Z,2026-05-23T07:24:35.485060Z,discharge_only,-11.386,0.0,11.386,-11.386,TOU
run_20260521_224941-0154,user-005,EVSE-005,2026-05-23T07:18:37.607601Z,2026-05-23T07:58:37.607601Z,charge_only,7.129,7.129,0.0,7.129,TOU
run_20260521_224941-0155,user-007,EVSE-011,2026-05-23T04:11:13.163244Z,2026-05-23T05:11:13.163244Z,discharge_only,-11.063,0.0,11.063,-11.063,TOU
run_20260521_224941-0156,user-007,EVSE-042,2026-05-23T19:07:39.706967Z,2026-05-23T19:37:39.706967Z,discharge_only,-11.517,0.0,11.517,-11.517,TOU
run_20260521_224941-0157,user-005,EVSE-001,2026-05-23T06:33:34.605396Z,2026-05-23T07:03:34.605396Z,charge_only,5.541,5.541,0.0,5.541,TOU
run_20260521_224941-0158,user-002,EVSE-001,2026-05-23T00:16:03.415822Z,2026-05-23T01:16:03.415822Z,bidirectional,19.256,21.217,1.961,19.256,TOU
run_20260521_224941-0159,user-006,EVSE-023,2026-05-23T06:38:41.872922Z,2026-05-23T07:08:41.872922Z,charge_only,5.667,5.667,0.0,5.667,TOU
run_20260521_224941-0160,user-003,EVSE-043,2026-05-23T18:02:11.257203Z,2026-05-23T18:22:11.257203Z,charge_only,2.37,2.37,0.0,2.37,TOU
run_20260521_224941-0161,user-010,EVSE-037,2026-05-23T11:45:17.250288Z,2026-05-23T12:45:17.250288Z,charge_only,11.284,11.284,0.0,11.284,TOU
run_20260521_224941-0162,user-003,EVSE-026,2026-05-23T05:40:40.478966Z,2026-05-23T06:00:40.478966Z,charge_only,2.629,2.629,0.0,2.629,TOU
run_20260521_224941-0163,user-009,EVSE-042,2026-05-23T05:34:21.695942Z,2026-05-23T06:34:21.695942Z,discharge_only,-22.35,0.0,22.35,-22.35,TOU
run_20260521_224941-0164,user-004,EVSE-009,2026-05-23T22:35:36.926436Z,2026-05-23T22:55:36.926436Z,bidirectional,1.659,2.508,0.849,1.659,TOU
run_20260521_224941-0165,user-006,EVSE-017,2026-05-23T11:25:52.336660Z,2026-05-23T12:05:52.336660Z,discharge_only,-4.599,0.0,4.599,-4.599,TOU
run_20260521_224941-0166,user-002,EVSE-003,2026-05-23T12:04:32.850044Z,2026-05-23T13:19:32.850044Z,bidirectional,8.51,11.654,3.144,8.51,TOU
run_20260521_224941-0167,user-007,EVSE-015,2026-05-23T18:35:41.876886Z,2026-05-23T19:05:41.876886Z,charge_only,5.48,5.48,0.0,5.48,TOU
run_20260521_224941-0168,user-007,EVSE-047,2026-05-23T22:19:44.755776Z,2026-05-23T23:19:44.755776Z,charge_only,11.172,11.172,0.0,11.172,TOU
run_20260521_224941-0169,user-004,EVSE-006,2026-05-23T20:22:11.065045Z,2026-05-23T21:22:11.065045Z,bidirectional,3.554,5.292,1.738,3.554,TOU
run_20260521_224941-0170,user-009,EVSE-016,2026-05-23T14:04:11.892178Z,2026-05-23T14:44:11.892178Z,charge_only,7.666,7.666,0.0,7.666,TOU
run_20260521_224941-0171,user-007,EVSE-008,2026-05-23T07:09:57.307614Z,2026-05-23T07:49:57.307614Z,charge_only,7.806,7.806,0.0,7.806,TOU
run_20260521_224941-0172,user-004,EVSE-020,2026-05-23T13:08:14.364554Z,2026-05-23T14:08:14.364554Z,charge_only,10.922,10.922,0.0,10.922,TOU
run_20260521_224941-0173,user-001,EVSE-038,2026-05-23T01:07:58.853170Z,2026-05-23T02:07:58.853170Z,charge_only,22.147,22.147,0.0,22.147,TOU
run_20260521_224941-0174,user-002,EVSE-022,2026-05-23T23:27:36.464211Z,2026-05-23T23:47:36.464211Z,charge_only,2.411,2.411,0.0,2.411,TOU
run_20260521_224941-0175,user-001,EVSE-009,2026-05-23T19:57:05.732366Z,2026-05-23T21:12:05.732366Z,charge_only,14.155,14.155,0.0,14.155,TOU
run_20260521_224941-0176,user-009,EVSE-034,2026-05-23T18:00:13.633956Z,2026-05-23T19:15:13.633956Z,charge_only,9.187,9.187,0.0,9.187,TOU
run_20260521_224941-0177,user-004,EVSE-015,2026-05-23T00:36:28.139946Z,2026-05-23T00:56:28.139946Z,charge_only,2.506,2.506,0.0,2.506,TOU
run_20260521_224941-0178,user-007,EVSE-013,2026-05-23T15:28:04.879574Z,2026-05-23T15:58:04.879574Z,bidirectional,1.287,2.304,1.017,1.287,TOU
run_20260521_224941-0179,user-008,EVSE-022,2026-05-23T10:58:20.434429Z,2026-05-23T11:28:20.434429Z,bidirectional,3.358,4.264,0.906,3.358,TOU
run_20260521_224941-0180,user-006,EVSE-043,2026-05-23T22:33:14.364810Z,2026-05-23T23:03:14.364810Z,charge_only,11.307,11.307,0.0,11.307,TOU
run_20260521_224941-0181,user-005,EVSE-040,2026-05-23T16:14:27.083142Z,2026-05-23T16:44:27.083142Z,charge_only,10.734,10.734,0.0,10.734,TOU
run_20260521_224941-0182,user-010,EVSE-041,2026-05-23T04:26:11.153971Z,2026-05-23T05:26:11.153971Z,charge_only,10.876,10.876,0.0,10.876,TOU
run_20260521_224941-0183,user-003,EVSE-043,2026-05-23T16:02:07.047979Z,2026-05-23T16:22:07.047979Z,discharge_only,-2.524,0.0,2.524,-2.524,TOU
run_20260521_224941-0184,user-008,EVSE-011,2026-05-23T23:42:35.418406Z,2026-05-24T00:12:35.418406Z,charge_only,3.567,3.567,0.0,3.567,TOU
run_20260521_224941-0185,user-007,EVSE-011,2026-05-23T15:33:13.626973Z,2026-05-23T16:33:13.626973Z,charge_only,7.109,7.109,0.0,7.109,TOU
run_20260521_224941-0186,user-002,EVSE-032,2026-05-23T15:52:21.069521Z,2026-05-23T17:07:21.069521Z,charge_only,13.236,13.236,0.0,13.236,TOU
run_20260521_224941-0187,user-007,EVSE-017,2026-05-23T21:52:48.909756Z,2026-05-23T23:07:48.909756Z,bidirectional,12.368,13.438,1.07,12.368,TOU
run_20260521_224941-0188,user-005,EVSE-025,2026-05-23T10:26:29.094804Z,2026-05-23T10:56:29.094804Z,charge_only,10.313,10.313,0.0,10.313,TOU
run_20260521_224941-0189,user-009,EVSE-011,2026-05-23T07:29:37.330642Z,2026-05-23T08:29:37.330642Z,charge_only,21.195,21.195,0.0,21.195,TOU
run_20260521_224941-0190,user-003,EVSE-047,2026-05-23T22:57:32.802185Z,2026-05-23T23:17:32.802185Z,discharge_only,-7.536,0.0,7.536,-7.536,TOU
run_20260521_224941-0191,user-007,EVSE-023,2026-05-23T10:37:50.132777Z,2026-05-23T11:52:50.132777Z,charge_only,13.665,13.665,0.0,13.665,TOU
run_20260521_224941-0192,user-008,EVSE-020,2026-05-23T10:15:17.192081Z,2026-05-23T11:15:17.192081Z,bidirectional,2.242,4.633,2.391,2.242,TOU
run_20260521_224941-0193,user-002,EVSE-029,2026-05-23T00:38:36.290072Z,2026-05-23T01:08:36.290072Z,discharge_only,-3.608,0.0,3.608,-3.608,TOU
run_20260521_224941-0194,user-008,EVSE-013,2026-05-23T05:45:19.779292Z,2026-05-23T06:25:19.779292Z,charge_only,4.835,4.835,0.0,4.835,TOU
run_20260521_224941-0195,user-008,EVSE-038,2026-05-23T22:46:11.678062Z,2026-05-23T23:26:11.678062Z,bidirectional,3.866,9.259,5.393,3.866,TOU
run_20260521_224941-0196,user-005,EVSE-015,2026-05-23T06:00:29.757981Z,2026-05-23T06:20:29.757981Z,bidirectional,1.651,2.734,1.083,1.651,TOU
run_20260521_224941-0197,user-007,EVSE-020,2026-05-23T11:39:52.501403Z,2026-05-23T11:59:52.501403Z,charge_only,3.626,3.626,0.0,3.626,TOU
run_20260521_224941-0198,user-005,EVSE-044,2026-05-23T13:48:43.092423Z,2026-05-23T14:48:43.092423Z,charge_only,11.075,11.075,0.0,11.075,TOU
run_20260521_224941-0199,user-005,EVSE-026,2026-05-23T08:36:32.613979Z,2026-05-23T09:16:32.613979Z,charge_only,7.661,7.661,0.0,7.661,TOU
run_20260521_224941-0200,user-001,EVSE-041,2026-05-23T08:15:13.390712Z,2026-05-23T08:55:13.390712Z,charge_only,6.683,6.683,0.0,6.683,TOU
run_20260521_224941-0201,user-006,EVSE-012,2026-05-23T11:48:27.996476Z,2026-05-23T12:18:27.996476Z,charge_only,11.151,11.151,0.0,11.151,TOU
run_20260521_224941-0202,user-002,EVSE-004,2026-05-23T18:38:57.296605Z,2026-05-23T19:08:57.296605Z,charge_only,10.475,10.475,0.0,10.475,TOU
run_20260521_224941-0203,user-010,EVSE-037,2026-05-23T22:16:26.960288Z,2026-05-23T22:46:26.960288Z,bidirectional,0.261,5.612,5.351,0.261,TOU
run_20260521_224941-0204,user-003,EVSE-011,2026-05-23T16:23:24.469259Z,2026-05-23T16:53:24.469259Z,charge_only,3.521,3.521,0.0,3.521,TOU
run_20260521_224941-0205,user-002,EVSE-015,2026-05-23T20:52:39.325266Z,2026-05-23T21:52:39.325266Z,discharge_only,-22.245,0.0,22.245,-22.245,TOU
run_20260521_224941-0206,user-003,EVSE-026,2026-05-23T21:31:06.009503Z,2026-05-23T22:46:06.009503Z,discharge_only,-28.441,0.0,28.441,-28.441,TOU
run_20260521_224941-0207,user-003,EVSE-041,2026-05-23T18:54:53.164200Z,2026-05-23T19:14:53.164200Z,charge_only,7.617,7.617,0.0,7.617,TOU
run_20260521_224941-0208,user-001,EVSE-031,2026-05-23T09:43:44.960536Z,2026-05-23T10:03:44.960536Z,bidirectional,3.549,5.312,1.763,3.549,TOU
run_20260521_224941-0209,user-001,EVSE-033,2026-05-23T16:45:23.538309Z,2026-05-23T17:05:23.538309Z,charge_only,6.78,6.78,0.0,6.78,TOU
run_20260521_224941-0210,user-002,EVSE-006,2026-05-23T05:08:56.730283Z,2026-05-23T06:08:56.730283Z,charge_only,6.899,6.899,0.0,6.899,TOU
run_20260521_224941-0211,user-008,EVSE-004,2026-05-23T20:24:13.915834Z,2026-05-23T20:44:13.915834Z,bidirectional,3.823,5.497,1.674,3.823,TOU
run_20260521_224941-0212,user-001,EVSE-029,2026-05-23T03:31:45.713552Z,2026-05-23T04:11:45.713552Z,discharge_only,-14.705,0.0,14.705,-14.705,TOU
run_20260521_224941-0213,user-002,EVSE-004,2026-05-23T15:02:25.445957Z,2026-05-23T15:42:25.445957Z,bidirectional,0.341,2.575,2.234,0.341,TOU
run_20260521_224941-0214,user-002,EVSE-044,2026-05-23T13:59:55.205283Z,2026-05-23T15:14:55.205283Z,charge_only,14.209,14.209,0.0,14.209,TOU
run_20260521_224941-0215,user-010,EVSE-036,2026-05-23T18:36:27.702970Z,2026-05-23T19:16:27.702970Z,charge_only,14.444,14.444,0.0,14.444,TOU
run_20260521_224941-0216,user-001,EVSE-004,2026-05-23T08:32:30.350889Z,2026-05-23T09:02:30.350889Z,charge_only,11.471,11.471,0.0,11.471,TOU
run_20260521_224941-0217,user-007,EVSE-042,2026-05-23T14:18:16.867765Z,2026-05-23T14:48:16.867765Z,charge_only,3.758,3.758,0.0,3.758,TOU
run_20260521_224941-0218,user-001,EVSE-042,2026-05-23T10:36:43.880615Z,2026-05-23T10:56:43.880615Z,charge_only,2.571,2.571,0.0,2.571,TOU
run_20260521_224941-0219,user-006,EVSE-043,2026-05-23T04:10:33.130411Z,2026-05-23T04:40:33.130411Z,discharge_only,-5.172,0.0,5.172,-5.172,TOU
run_20260521_224941-0220,user-005,EVSE-030,2026-05-23T10:50:19.533742Z,2026-05-23T11:30:19.533742Z,bidirectional,7.869,11.434,3.565,7.869,TOU
run_20260521_224941-0221,user-006,EVSE-031,2026-05-23T21:23:49.039434Z,2026-05-23T22:23:49.039434Z,charge_only,7.067,7.067,0.0,7.067,TOU
run_20260521_224941-0222,user-003,EVSE-039,2026-05-23T07:22:46.949629Z,2026-05-23T07:52:46.949629Z,charge_only,11.151,11.151,0.0,11.151,TOU
run_20260521_224941-0223,user-005,EVSE-036,2026-05-23T14:26:04.032306Z,2026-05-23T15:06:04.032306Z,charge_only,7.396,7.396,0.0,7.396,TOU
run_20260521_224941-0224,user-010,EVSE-044,2026-05-23T06:50:17.176122Z,2026-05-23T07:30:17.176122Z,bidirectional,7.417,10.559,3.142,7.417,TOU
run_20260521_224941-0225,user-005,EVSE-003,2026-05-23T02:55:25.966900Z,2026-05-23T03:55:25.966900Z,charge_only,7.092,7.092,0.0,7.092,TOU
run_20260521_224941-0226,user-010,EVSE-040,2026-05-23T03:09:01.743716Z,2026-05-23T04:24:01.743716Z,charge_only,9.253,9.253,0.0,9.253,TOU
run_20260521_224941-0227,user-008,EVSE-033,2026-05-23T04:03:49.427159Z,2026-05-23T04:43:49.427159Z,charge_only,14.857,14.857,0.0,14.857,TOU
run_20260521_224941-0228,user-005,EVSE-004,2026-05-23T10:37:29.879181Z,2026-05-23T11:07:29.879181Z,charge_only,3.683,3.683,0.0,3.683,TOU
run_20260521_224941-0229,user-005,EVSE-036,2026-05-23T12:12:36.398684Z,2026-05-23T13:27:36.398684Z,discharge_only,-28.118,0.0,28.118,-28.118,TOU
run_20260521_224941-0230,user-001,EVSE-050,2026-05-23T21:13:48.023399Z,2026-05-23T21:53:48.023399Z,bidirectional,3.767,5.454,1.687,3.767,TOU
run_20260521_224941-0231,user-008,EVSE-028,2026-05-23T12:18:00.073128Z,2026-05-23T12:58:00.073128Z,bidirectional,11.618,13.846,2.228,11.618,TOU
run_20260521_224941-0232,user-007,EVSE-012,2026-05-23T08:27:57.115835Z,2026-05-23T08:47:57.115835Z,charge_only,7.371,7.371,0.0,7.371,TOU
run_20260521_224941-0233,user-010,EVSE-038,2026-05-23T04:15:52.090870Z,2026-05-23T04:55:52.090870Z,discharge_only,-7.085,0.0,7.085,-7.085,TOU
run_20260521_224941-0234,user-006,EVSE-026,2026-05-23T01:42:36.674386Z,2026-05-23T02:02:36.674386Z,charge_only,3.596,3.596,0.0,3.596,TOU
run_20260521_224941-0235,user-003,EVSE-047,2026-05-23T11:10:48.385207Z,2026-05-23T11:40:48.385207Z,discharge_only,-10.546,0.0,10.546,-10.546,TOU
run_20260521_224941-0236,user-001,EVSE-012,2026-05-23T10:41:55.510177Z,2026-05-23T11:56:55.510177Z,bidirectional,7.526,8.082,0.556,7.526,TOU
run_20260521_224941-0237,user-001,EVSE-010,2026-05-23T03:33:00.100782Z,2026-05-23T04:48:00.100782Z,charge_only,13.721,13.721,0.0,13.721,TOU
run_20260521_224941-0238,user-006,EVSE-022,2026-05-23T00:58:31.869145Z,2026-05-23T01:28:31.869145Z,discharge_only,-3.326,0.0,3.326,-3.326,TOU
run_20260521_224941-0239,user-006,EVSE-038,2026-05-23T05:23:20.134524Z,2026-05-23T06:23:20.134524Z,bidirectional,0.247,11.144,10.897,0.247,TOU
run_20260521_224941-0240,user-001,EVSE-011,2026-05-23T10:44:42.278527Z,2026-05-23T11:59:42.278527Z,charge_only,26.458,26.458,0.0,26.458,TOU
run_20260521_224941-0241,user-003,EVSE-007,2026-05-23T19:41:01.856110Z,2026-05-23T20:56:01.856110Z,charge_only,27.913,27.913,0.0,27.913,TOU
run_20260521_224941-0242,user-005,EVSE-034,2026-05-23T03:56:47.036199Z,2026-05-23T04:36:47.036199Z,charge_only,14.753,14.753,0.0,14.753,TOU
run_20260521_224941-0243,user-006,EVSE-031,2026-05-23T12:17:55.160985Z,2026-05-23T13:17:55.160985Z,bidirectional,15.541,19.099,3.558,15.541,TOU
run_20260521_224941-0244,user-007,EVSE-004,2026-05-23T23:26:40.662303Z,2026-05-23T23:46:40.662303Z,charge_only,2.525,2.525,0.0,2.525,TOU
run_20260521_224941-0245,user-009,EVSE-033,2026-05-23T00:59:08.207728Z,2026-05-23T02:14:08.207728Z,charge_only,27.822,27.822,0.0,27.822,TOU
run_20260521_224941-0246,user-006,EVSE-035,2026-05-23T01:50:48.791965Z,2026-05-23T03:05:48.791965Z,bidirectional,0.775,13.513,12.738,0.775,TOU
run_20260521_224941-0247,user-007,EVSE-037,2026-05-23T11:27:15.378557Z,2026-05-23T12:07:15.378557Z,charge_only,4.653,4.653,0.0,4.653,TOU
run_20260521_224941-0248,user-008,EVSE-001,2026-05-23T05:36:09.791873Z,2026-05-23T05:56:09.791873Z,charge_only,3.635,3.635,0.0,3.635,TOU
run_20260521_224941-0249,user-001,EVSE-037,2026-05-23T14:58:57.418221Z,2026-05-23T15:28:57.418221Z,charge_only,10.86,10.86,0.0,10.86,TOU
run_20260521_224941-0250,user-007,EVSE-045,2026-05-23T05:51:50.427787Z,2026-05-23T06:51:50.427787Z,charge_only,21.57,21.57,0.0,21.57,TOU
run_20260521_224941-0251,user-009,EVSE-006,2026-05-23T14:22:11.537685Z,2026-05-23T15:02:11.537685Z,charge_only,13.904,13.904,0.0,13.904,TOU
run_20260521_224941-0252,user-002,EVSE-039,2026-05-23T09:21:59.906392Z,2026-05-23T10:21:59.906392Z,charge_only,10.22,10.22,0.0,10.22,TOU
run_20260521_224941-0253,user-010,EVSE-026,2026-05-23T19:54:56.678147Z,2026-05-23T20:14:56.678147Z,bidirectional,1.801,2.741,0.94,1.801,TOU
run_20260521_224941-0254,user-002,EVSE-008,2026-05-23T01:55:23.070816Z,2026-05-23T03:10:23.070816Z,charge_only,13.771,13.771,0.0,13.771,TOU
run_20260521_224941-0255,user-009,EVSE-023,2026-05-23T04:28:04.068994Z,2026-05-23T05:43:04.068994Z,charge_only,14.06,14.06,0.0,14.06,TOU
run_20260521_224941-0256,user-005,EVSE-023,2026-05-23T18:01:30.542551Z,2026-05-23T18:21:30.542551Z,charge_only,3.824,3.824,0.0,3.824,TOU
run_20260521_224941-0257,user-003,EVSE-023,2026-05-23T01:15:08.995377Z,2026-05-23T01:45:08.995377Z,charge_only,5.679,5.679,0.0,5.679,TOU
run_20260521_224941-0258,user-002,EVSE-009,2026-05-23T07:45:49.832411Z,2026-05-23T08:45:49.832411Z,bidirectional,3.473,12.5,9.027,3.473,TOU
run_20260521_224941-0259,user-008,EVSE-034,2026-05-23T01:25:53.857994Z,2026-05-23T01:45:53.857994Z,discharge_only,-7.385,0.0,7.385,-7.385,TOU
run_20260521_224941-0260,user-001,EVSE-037,2026-05-23T07:48:17.495578Z,2026-05-23T08:48:17.495578Z,bidirectional,10.247,16.239,5.992,10.247,TOU
run_20260521_224941-0261,user-004,EVSE-041,2026-05-23T04:26:33.926618Z,2026-05-23T05:06:33.926618Z,charge_only,4.734,4.734,0.0,4.734,TOU
run_20260521_224941-0262,user-008,EVSE-039,2026-05-23T16:46:57.046662Z,2026-05-23T18:01:57.046662Z,bidirectional,20.89,24.608,3.718,20.89,TOU
run_20260521_224941-0263,user-009,EVSE-041,2026-05-23T19:47:39.844593Z,2026-05-23T20:27:39.844593Z,discharge_only,-7.126,0.0,7.126,-7.126,TOU
run_20260521_224941-0264,user-010,EVSE-018,2026-05-23T10:15:50.513617Z,2026-05-23T10:35:50.513617Z,bidirectional,1.211,1.856,0.645,1.211,TOU
run_20260521_224941-0265,user-006,EVSE-017,2026-05-23T06:02:01.828932Z,2026-05-23T07:17:01.828932Z,discharge_only,-13.94,0.0,13.94,-13.94,TOU
run_20260521_224941-0266,user-007,EVSE-031,2026-05-23T16:33:30.375533Z,2026-05-23T17:03:30.375533Z,bidirectional,0.0,5.919,5.919,0.0,TOU
run_20260521_224941-0267,user-005,EVSE-035,2026-05-23T10:49:05.688286Z,2026-05-23T11:19:05.688286Z,charge_only,9.977,9.977,0.0,9.977,TOU
run_20260521_224941-0268,user-009,EVSE-049,2026-05-23T18:31:56.102382Z,2026-05-23T18:51:56.102382Z,discharge_only,-3.813,0.0,3.813,-3.813,TOU
run_20260521_224941-0269,user-008,EVSE-041,2026-05-23T11:08:27.456073Z,2026-05-23T12:08:27.456073Z,bidirectional,3.312,6.967,3.655,3.312,TOU
run_20260521_224941-0270,user-010,EVSE-045,2026-05-23T04:36:05.525147Z,2026-05-23T05:16:05.525147Z,charge_only,7.295,7.295,0.0,7.295,TOU
run_20260521_224941-0271,user-001,EVSE-010,2026-05-23T20:19:54.300038Z,2026-05-23T21:34:54.300038Z,bidirectional,6.598,7.796,1.198,6.598,TOU
run_20260521_224941-0272,user-002,EVSE-029,2026-05-23T10:56:48.215473Z,2026-05-23T11:26:48.215473Z,charge_only,3.763,3.763,0.0,3.763,TOU
run_20260521_224941-0273,user-004,EVSE-011,2026-05-23T12:55:23.887509Z,2026-05-23T13:15:23.887509Z,charge_only,7.87,7.87,0.0,7.87,TOU
run_20260521_224941-0274,user-009,EVSE-018,2026-05-23T11:28:51.971748Z,2026-05-23T12:08:51.971748Z,charge_only,7.777,7.777,0.0,7.777,TOU
run_20260521_224941-0275,user-004,EVSE-011,2026-05-23T23:46:08.460451Z,2026-05-24T00:06:08.460451Z,charge_only,7.13,7.13,0.0,7.13,TOU
run_20260521_224941-0276,user-006,EVSE-021,2026-05-23T01:38:34.665018Z,2026-05-23T01:58:34.665018Z,discharge_only,-2.601,0.0,2.601,-2.601,TOU
run_20260521_224941-0277,user-006,EVSE-039,2026-05-23T04:39:02.607463Z,2026-05-23T05:39:02.607463Z,bidirectional,0.472,11.178,10.706,0.472,TOU
run_20260521_224941-0278,user-002,EVSE-025,2026-05-23T11:14:09.726019Z,2026-05-23T12:14:09.726019Z,charge_only,10.655,10.655,0.0,10.655,TOU
run_20260521_224941-0279,user-009,EVSE-013,2026-05-23T20:17:03.037196Z,2026-05-23T20:57:03.037196Z,discharge_only,-7.397,0.0,7.397,-7.397,TOU
run_20260521_224941-0280,user-007,EVSE-040,2026-05-23T08:11:35.603284Z,2026-05-23T09:26:35.603284Z,charge_only,27.927,27.927,0.0,27.927,TOU
run_20260521_224941-0281,user-002,EVSE-034,2026-05-23T03:57:22.958555Z,2026-05-23T04:17:22.958555Z,charge_only,2.565,2.565,0.0,2.565,TOU
run_20260521_224941-0282,user-003,EVSE-036,2026-05-23T10:34:52.211327Z,2026-05-23T11:49:52.211327Z,charge_only,13.153,13.153,0.0,13.153,TOU
run_20260521_224941-0283,user-006,EVSE-009,2026-05-23T14:05:13.539600Z,2026-05-23T15:05:13.539600Z,discharge_only,-21.831,0.0,21.831,-21.831,TOU
run_20260521_224941-0284,user-005,EVSE-010,2026-05-23T00:21:28.321653Z,2026-05-23T00:51:28.321653Z,bidirectional,0.449,2.987,2.538,0.449,TOU
run_20260521_224941-0285,user-010,EVSE-039,2026-05-23T17:59:12.363332Z,2026-05-23T18:39:12.363332Z,bidirectional,-0.287,3.258,3.545,-0.287,TOU
run_20260521_224941-0286,user-010,EVSE-015,2026-05-23T14:49:34.416053Z,2026-05-23T15:09:34.416053Z,discharge_only,-3.607,0.0,3.607,-3.607,TOU
run_20260521_224941-0287,user-001,EVSE-019,2026-05-23T08:46:12.154298Z,2026-05-23T09:46:12.154298Z,discharge_only,-7.254,0.0,7.254,-7.254,TOU
run_20260521_224941-0288,user-006,EVSE-006,2026-05-23T22:00:08.102268Z,2026-05-23T23:15:08.102268Z,bidirectional,1.753,14.983,13.23,1.753,TOU
run_20260521_224941-0289,user-006,EVSE-015,2026-05-23T15:37:26.201168Z,2026-05-23T16:17:26.201168Z,charge_only,7.835,7.835,0.0,7.835,TOU
run_20260521_224941-0290,user-002,EVSE-045,2026-05-23T21:17:11.081596Z,2026-05-23T21:37:11.081596Z,charge_only,2.473,2.473,0.0,2.473,TOU
run_20260521_224941-0291,user-008,EVSE-045,2026-05-23T23:26:14.562851Z,2026-05-23T23:56:14.562851Z,charge_only,11.436,11.436,0.0,11.436,TOU
run_20260521_224941-0292,user-009,EVSE-043,2026-05-23T22:56:23.154552Z,2026-05-23T23:26:23.154552Z,bidirectional,-0.169,1.711,1.88,-0.169,TOU
run_20260521_224941-0293,user-005,EVSE-020,2026-05-23T03:09:55.737737Z,2026-05-23T04:09:55.737737Z,charge_only,7.214,7.214,0.0,7.214,TOU
run_20260521_224941-0294,user-003,EVSE-002,2026-05-23T23:32:32.639728Z,2026-05-24T00:12:32.639728Z,charge_only,7.354,7.354,0.0,7.354,TOU
run_20260521_224941-0295,user-004,EVSE-038,2026-05-23T20:20:32.413182Z,2026-05-23T21:20:32.413182Z,bidirectional,-0.458,10.376,10.834,-0.458,TOU
run_20260521_224941-0296,user-003,EVSE-027,2026-05-23T16:34:02.538572Z,2026-05-23T17:49:02.538572Z,discharge_only,-9.156,0.0,9.156,-9.156,TOU
run_20260521_224941-0297,user-005,EVSE-006,2026-05-23T20:20:10.910381Z,2026-05-23T20:50:10.910381Z,bidirectional,2.182,2.784,0.602,2.182,TOU
run_20260521_224941-0298,user-009,EVSE-014,2026-05-23T03:40:33.656413Z,2026-05-23T04:40:33.656413Z,charge_only,22.608,22.608,0.0,22.608,TOU
run_20260521_224941-0299,user-008,EVSE-003,2026-05-23T03:10:20.054172Z,2026-05-23T04:10:20.054172Z,discharge_only,-21.143,0.0,21.143,-21.143,TOU
run_20260521_224941-0300,user-001,EVSE-029,2026-05-23T02:54:59.813335Z,2026-05-23T03:24:59.813335Z,charge_only,11.1,11.1,0.0,11.1,TOU
run_20260521_224941-0301,user-005,EVSE-029,2026-05-23T12:54:39.605034Z,2026-05-23T13:54:39.605034Z,charge_only,11.723,11.723,0.0,11.723,TOU
run_20260521_224941-0302,user-004,EVSE-006,2026-05-23T02:48:07.814148Z,2026-05-23T03:08:07.814148Z,discharge_only,-3.669,0.0,3.669,-3.669,TOU
run_20260521_224941-0303,user-006,EVSE-027,2026-05-23T21:56:09.514595Z,2026-05-23T22:56:09.514595Z,charge_only,21.706,21.706,0.0,21.706,TOU
run_20260521_224941-0304,user-008,EVSE-001,2026-05-23T17:03:09.361565Z,2026-05-23T17:33:09.361565Z,charge_only,3.526,3.526,0.0,3.526,TOU
run_20260521_224941-0305,user-004,EVSE-043,2026-05-23T09:51:02.294931Z,2026-05-23T10:51:02.294931Z,discharge_only,-11.512,0.0,11.512,-11.512,TOU
run_20260521_224941-0306,user-006,EVSE-039,2026-05-23T01:53:38.762070Z,2026-05-23T02:13:38.762070Z,discharge_only,-2.39,0.0,2.39,-2.39,TOU
run_20260521_224941-0307,user-008,EVSE-018,2026-05-23T05:59:57.472500Z,2026-05-23T06:39:57.472500Z,bidirectional,1.282,3.118,1.836,1.282,TOU
run_20260521_224941-0308,user-004,EVSE-015,2026-05-23T07:17:00.331429Z,2026-05-23T08:32:00.331429Z,bidirectional,6.17,7.35,1.18,6.17,TOU
run_20260521_224941-0309,user-001,EVSE-020,2026-05-23T21:08:46.903580Z,2026-05-23T22:08:46.903580Z,charge_only,20.982,20.982,0.0,20.982,TOU
run_20260521_224941-0310,user-001,EVSE-003,2026-05-23T21:15:04.503681Z,2026-05-23T21:55:04.503681Z,discharge_only,-6.858,0.0,6.858,-6.858,TOU
run_20260521_224941-0311,user-008,EVSE-002,2026-05-23T02:34:26.160565Z,2026-05-23T03:49:26.160565Z,charge_only,13.608,13.608,0.0,13.608,TOU
run_20260521_224941-0312,user-009,EVSE-006,2026-05-23T03:45:56.141046Z,2026-05-23T05:00:56.141046Z,discharge_only,-27.082,0.0,27.082,-27.082,TOU
run_20260521_224941-0313,user-008,EVSE-034,2026-05-23T02:15:51.818826Z,2026-05-23T02:45:51.818826Z,discharge_only,-3.423,0.0,3.423,-3.423,TOU
run_20260521_224941-0314,user-001,EVSE-050,2026-05-23T12:57:30.569323Z,2026-05-23T14:12:30.569323Z,bidirectional,8.115,8.629,0.514,8.115,TOU
run_20260521_224941-0315,user-003,EVSE-018,2026-05-23T20:12:12.344322Z,2026-05-23T20:32:12.344322Z,charge_only,2.271,2.271,0.0,2.271,TOU
run_20260521_224941-0316,user-005,EVSE-025,2026-05-23T10:12:19.233756Z,2026-05-23T10:42:19.233756Z,discharge_only,-3.635,0.0,3.635,-3.635,TOU
run_20260521_224941-0317,user-003,EVSE-046,2026-05-23T07:04:15.855906Z,2026-05-23T08:19:15.855906Z,charge_only,26.536,26.536,0.0,26.536,TOU
run_20260521_224941-0318,user-004,EVSE-007,2026-05-23T20:32:02.446522Z,2026-05-23T21:47:02.446522Z,charge_only,13.841,13.841,0.0,13.841,TOU
run_20260521_224941-0319,user-002,EVSE-031,2026-05-23T16:09:44.855475Z,2026-05-23T16:29:44.855475Z,charge_only,3.482,3.482,0.0,3.482,TOU
run_20260521_224941-0320,user-010,EVSE-026,2026-05-23T13:38:08.769804Z,2026-05-23T14:38:08.769804Z,charge_only,21.399,21.399,0.0,21.399,TOU
run_20260521_224941-0321,user-010,EVSE-013,2026-05-23T05:28:15.932066Z,2026-05-23T06:28:15.932066Z,charge_only,11.074,11.074,0.0,11.074,TOU
run_20260521_224941-0322,user-005,EVSE-036,2026-05-23T10:17:48.118361Z,2026-05-23T10:57:48.118361Z,charge_only,7.064,7.064,0.0,7.064,TOU
run_20260521_224941-0323,user-009,EVSE-043,2026-05-23T04:17:06.916294Z,2026-05-23T04:57:06.916294Z,charge_only,4.746,4.746,0.0,4.746,TOU
run_20260521_224941-0324,user-009,EVSE-027,2026-05-23T14:45:10.987015Z,2026-05-23T15:25:10.987015Z,bidirectional,3.547,5.508,1.961,3.547,TOU
run_20260521_224941-0325,user-010,EVSE-038,2026-05-23T01:39:21.128523Z,2026-05-23T02:54:21.128523Z,charge_only,8.79,8.79,0.0,8.79,TOU
run_20260521_224941-0326,user-003,EVSE-033,2026-05-23T06:27:31.975438Z,2026-05-23T07:42:31.975438Z,charge_only,14.065,14.065,0.0,14.065,TOU
run_20260521_224941-0327,user-006,EVSE-032,2026-05-23T13:52:44.208342Z,2026-05-23T14:32:44.208342Z,bidirectional,1.877,4.52,2.643,1.877,TOU
run_20260521_224941-0328,user-005,EVSE-032,2026-05-23T17:56:02.795806Z,2026-05-23T19:11:02.795806Z,bidirectional,4.966,9.417,4.451,4.966,TOU
run_20260521_224941-0329,user-007,EVSE-025,2026-05-23T18:16:21.341261Z,2026-05-23T19:16:21.341261Z,charge_only,22.599,22.599,0.0,22.599,TOU
run_20260521_224941-0330,user-005,EVSE-007,2026-05-23T20:29:59.054605Z,2026-05-23T21:29:59.054605Z,bidirectional,1.985,4.49,2.505,1.985,TOU
run_20260521_224941-0331,user-008,EVSE-001,2026-05-23T05:25:39.752278Z,2026-05-23T05:55:39.752278Z,charge_only,10.148,10.148,0.0,10.148,TOU
run_20260521_224941-0332,user-002,EVSE-043,2026-05-23T11:22:37.167597Z,2026-05-23T12:22:37.167597Z,bidirectional,5.9,8.527,2.627,5.9,TOU
run_20260521_224941-0333,user-003,EVSE-021,2026-05-23T02:28:45.459137Z,2026-05-23T02:58:45.459137Z,bidirectional,0.539,2.959,2.42,0.539,TOU
run_20260521_224941-0334,user-005,EVSE-042,2026-05-23T05:19:58.045895Z,2026-05-23T06:19:58.045895Z,discharge_only,-10.975,0.0,10.975,-10.975,TOU
run_20260521_224941-0335,user-005,EVSE-041,2026-05-23T21:30:15.993182Z,2026-05-23T21:50:15.993182Z,charge_only,2.45,2.45,0.0,2.45,TOU
run_20260521_224941-0336,user-007,EVSE-001,2026-05-23T17:35:19.888032Z,2026-05-23T18:15:19.888032Z,charge_only,6.954,6.954,0.0,6.954,TOU
run_20260521_224941-0337,user-008,EVSE-020,2026-05-23T21:04:28.004615Z,2026-05-23T22:19:28.004615Z,discharge_only,-14.036,0.0,14.036,-14.036,TOU
run_20260521_224941-0338,user-006,EVSE-022,2026-05-23T12:18:26.093962Z,2026-05-23T13:18:26.093962Z,bidirectional,18.133,20.148,2.015,18.133,TOU
run_20260521_224941-0339,user-002,EVSE-007,2026-05-23T18:54:11.005621Z,2026-05-23T20:09:11.005621Z,charge_only,14.314,14.314,0.0,14.314,TOU
run_20260521_224941-0340,user-010,EVSE-048,2026-05-23T22:26:54.062036Z,2026-05-23T22:46:54.062036Z,charge_only,2.331,2.331,0.0,2.331,TOU
run_20260521_224941-0341,user-010,EVSE-038,2026-05-23T10:52:55.553582Z,2026-05-23T11:32:55.553582Z,charge_only,4.618,4.618,0.0,4.618,TOU
run_20260521_224941-0342,user-010,EVSE-045,2026-05-23T14:57:22.276754Z,2026-05-23T15:27:22.276754Z,charge_only,3.59,3.59,0.0,3.59,TOU
run_20260521_224941-0343,user-003,EVSE-020,2026-05-23T19:02:07.757114Z,2026-05-23T19:42:07.757114Z,charge_only,14.379,14.379,0.0,14.379,TOU
run_20260521_224941-0344,user-004,EVSE-004,2026-05-23T19:22:39.592734Z,2026-05-23T20:37:39.592734Z,charge_only,9.321,9.321,0.0,9.321,TOU
run_20260521_224941-0345,user-007,EVSE-025,2026-05-23T17:57:00.614232Z,2026-05-23T19:12:00.614232Z,bidirectional,12.164,13.124,0.96,12.164,TOU
run_20260521_224941-0346,user-010,EVSE-027,2026-05-23T12:21:27.173346Z,2026-05-23T13:21:27.173346Z,bidirectional,1.186,4.157,2.971,1.186,TOU
run_20260521_224941-0347,user-005,EVSE-038,2026-05-23T09:29:45.851082Z,2026-05-23T10:44:45.851082Z,charge_only,8.951,8.951,0.0,8.951,TOU
run_20260521_224941-0348,user-001,EVSE-045,2026-05-23T13:57:24.511870Z,2026-05-23T14:17:24.511870Z,charge_only,2.295,2.295,0.0,2.295,TOU
run_20260521_224941-0349,user-004,EVSE-006,2026-05-23T21:59:20.892332Z,2026-05-23T22:19:20.892332Z,charge_only,7.575,7.575,0.0,7.575,TOU
run_20260521_224941-0350,user-003,EVSE-040,2026-05-23T07:06:14.492245Z,2026-05-23T08:21:14.492245Z,charge_only,28.218,28.218,0.0,28.218,TOU
run_20260521_224941-0351,user-002,EVSE-042,2026-05-23T09:05:32.669683Z,2026-05-23T09:45:32.669683Z,charge_only,14.106,14.106,0.0,14.106,TOU
run_20260521_224941-0352,user-004,EVSE-018,2026-05-23T20:39:41.738260Z,2026-05-23T21:19:41.738260Z,charge_only,4.436,4.436,0.0,4.436,TOU
run_20260521_224941-0353,user-001,EVSE-045,2026-05-23T22:27:44.902843Z,2026-05-23T23:07:44.902843Z,charge_only,6.821,6.821,0.0,6.821,TOU
run_20260521_224941-0354,user-002,EVSE-031,2026-05-23T19:27:46.250480Z,2026-05-23T20:27:46.250480Z,bidirectional,4.936,6.182,1.246,4.936,TOU
run_20260521_224941-0355,user-001,EVSE-022,2026-05-23T16:59:12.948725Z,2026-05-23T17:19:12.948725Z,charge_only,2.396,2.396,0.0,2.396,TOU
run_20260521_224941-0356,user-008,EVSE-019,2026-05-23T09:44:33.933163Z,2026-05-23T10:59:33.933163Z,discharge_only,-28.039,0.0,28.039,-28.039,TOU
run_20260521_224941-0357,user-003,EVSE-046,2026-05-23T20:06:47.592778Z,2026-05-23T20:26:47.592778Z,charge_only,2.315,2.315,0.0,2.315,TOU
run_20260521_224941-0358,user-006,EVSE-019,2026-05-23T20:25:57.619847Z,2026-05-23T21:25:57.619847Z,charge_only,21.939,21.939,0.0,21.939,TOU
run_20260521_224941-0359,user-010,EVSE-018,2026-05-23T07:58:40.900002Z,2026-05-23T09:13:40.900002Z,charge_only,27.094,27.094,0.0,27.094,TOU
run_20260521_224941-0360,user-008,EVSE-043,2026-05-23T07:44:01.723262Z,2026-05-23T08:04:01.723262Z,discharge_only,-7.46,0.0,7.46,-7.46,TOU
run_20260521_224941-0361,user-007,EVSE-047,2026-05-23T15:06:43.970842Z,2026-05-23T15:46:43.970842Z,bidirectional,1.108,3.024,1.916,1.108,TOU
run_20260521_224941-0362,user-007,EVSE-012,2026-05-23T20:38:01.351853Z,2026-05-23T21:53:01.351853Z,bidirectional,11.776,19.485,7.709,11.776,TOU
run_20260521_224941-0363,user-008,EVSE-042,2026-05-23T22:58:11.076192Z,2026-05-23T23:38:11.076192Z,discharge_only,-14.763,0.0,14.763,-14.763,TOU
run_20260521_224941-0364,user-003,EVSE-041,2026-05-23T12:10:41.006115Z,2026-05-23T12:40:41.006115Z,bidirectional,1.361,2.371,1.01,1.361,TOU
run_20260521_224941-0365,user-002,EVSE-007,2026-05-23T15:01:35.328540Z,2026-05-23T16:16:35.328540Z,charge_only,9.305,9.305,0.0,9.305,TOU
run_20260521_224941-0366,user-006,EVSE-022,2026-05-23T03:02:40.913183Z,2026-05-23T03:42:40.913183Z,charge_only,7.036,7.036,0.0,7.036,TOU
run_20260521_224941-0367,user-004,EVSE-008,2026-05-23T20:16:26.455369Z,2026-05-23T20:46:26.455369Z,charge_only,3.586,3.586,0.0,3.586,TOU
run_20260521_224941-0368,user-002,EVSE-034,2026-05-23T04:19:51.814114Z,2026-05-23T04:39:51.814114Z,discharge_only,-3.209,0.0,3.209,-3.209,TOU
run_20260521_224941-0369,user-005,EVSE-045,2026-05-23T23:17:35.175984Z,2026-05-23T23:37:35.175984Z,bidirectional,1.254,1.885,0.631,1.254,TOU
run_20260521_224941-0370,user-001,EVSE-023,2026-05-23T05:23:26.584585Z,2026-05-23T06:23:26.584585Z,bidirectional,6.162,6.742,0.58,6.162,TOU
run_20260521_224941-0371,user-005,EVSE-035,2026-05-23T01:12:44.405321Z,2026-05-23T01:52:44.405321Z,bidirectional,3.578,5.416,1.838,3.578,TOU
run_20260521_224941-0372,user-004,EVSE-032,2026-05-23T01:53:30.771823Z,2026-05-23T02:53:30.771823Z,charge_only,11.419,11.419,0.0,11.419,TOU
run_20260521_224941-0373,user-009,EVSE-029,2026-05-23T06:39:07.400153Z,2026-05-23T06:59:07.400153Z,charge_only,3.669,3.669,0.0,3.669,TOU
run_20260521_224941-0374,user-007,EVSE-026,2026-05-23T19:27:08.977238Z,2026-05-23T19:47:08.977238Z,charge_only,3.466,3.466,0.0,3.466,TOU
run_20260521_224941-0375,user-002,EVSE-049,2026-05-23T21:07:19.578288Z,2026-05-23T22:07:19.578288Z,charge_only,11.13,11.13,0.0,11.13,TOU
run_20260521_224941-0376,user-005,EVSE-005,2026-05-23T05:49:55.425660Z,2026-05-23T06:49:55.425660Z,charge_only,10.875,10.875,0.0,10.875,TOU
run_20260521_224941-0377,user-003,EVSE-033,2026-05-23T14:48:00.510289Z,2026-05-23T15:28:00.510289Z,discharge_only,-4.485,0.0,4.485,-4.485,TOU
run_20260521_224941-0378,user-009,EVSE-003,2026-05-23T10:51:52.029079Z,2026-05-23T11:11:52.029079Z,charge_only,3.972,3.972,0.0,3.972,TOU
run_20260521_224941-0379,user-005,EVSE-035,2026-05-23T02:45:01.900209Z,2026-05-23T03:15:01.900209Z,discharge_only,-5.246,0.0,5.246,-5.246,TOU
run_20260521_224941-0380,user-003,EVSE-022,2026-05-23T11:49:22.411787Z,2026-05-23T12:49:22.411787Z,charge_only,11.611,11.611,0.0,11.611,TOU
run_20260521_224941-0381,user-006,EVSE-008,2026-05-23T14:05:49.282339Z,2026-05-23T14:25:49.282339Z,bidirectional,3.49,5.395,1.905,3.49,TOU
run_20260521_224941-0382,user-006,EVSE-049,2026-05-23T23:05:10.573486Z,2026-05-24T00:05:10.573486Z,charge_only,21.571,21.571,0.0,21.571,TOU
run_20260521_224941-0383,user-005,EVSE-007,2026-05-23T15:15:47.916017Z,2026-05-23T16:15:47.916017Z,charge_only,7.502,7.502,0.0,7.502,TOU
run_20260521_224941-0384,user-010,EVSE-034,2026-05-23T04:45:17.557985Z,2026-05-23T05:45:17.557985Z,bidirectional,9.603,10.418,0.815,9.603,TOU
run_20260521_224941-0385,user-004,EVSE-028,2026-05-23T08:07:26.342936Z,2026-05-23T09:07:26.342936Z,charge_only,10.452,10.452,0.0,10.452,TOU
run_20260521_224941-0386,user-002,EVSE-003,2026-05-23T08:46:08.665006Z,2026-05-23T09:46:08.665006Z,charge_only,10.75,10.75,0.0,10.75,TOU
run_20260521_224941-0387,user-001,EVSE-005,2026-05-23T17:46:54.512379Z,2026-05-23T18:26:54.512379Z,charge_only,14.764,14.764,0.0,14.764,TOU
run_20260521_224941-0388,user-006,EVSE-008,2026-05-23T07:51:47.532855Z,2026-05-23T08:11:47.532855Z,charge_only,3.794,3.794,0.0,3.794,TOU
run_20260521_224941-0389,user-009,EVSE-048,2026-05-23T17:56:23.783750Z,2026-05-23T18:16:23.783750Z,charge_only,2.468,2.468,0.0,2.468,TOU
run_20260521_224941-0390,user-004,EVSE-021,2026-05-23T20:31:14.388688Z,2026-05-23T21:01:14.388688Z,charge_only,3.29,3.29,0.0,3.29,TOU
run_20260521_224941-0391,user-004,EVSE-004,2026-05-23T00:51:49.554627Z,2026-05-23T01:21:49.554627Z,charge_only,5.531,5.531,0.0,5.531,TOU
run_20260521_224941-0392,user-004,EVSE-049,2026-05-23T17:54:42.277767Z,2026-05-23T18:54:42.277767Z,charge_only,11.012,11.012,0.0,11.012,TOU
run_20260521_224941-0393,user-003,EVSE-007,2026-05-23T02:00:07.034773Z,2026-05-23T02:40:07.034773Z,discharge_only,-15.322,0.0,15.322,-15.322,TOU
run_20260521_224941-0394,user-009,EVSE-008,2026-05-23T22:23:25.870988Z,2026-05-23T23:23:25.870988Z,charge_only,20.878,20.878,0.0,20.878,TOU
run_20260521_224941-0395,user-003,EVSE-002,2026-05-23T03:39:22.618865Z,2026-05-23T04:39:22.618865Z,charge_only,11.475,11.475,0.0,11.475,TOU
run_20260521_224941-0396,user-010,EVSE-024,2026-05-23T08:56:39.396310Z,2026-05-23T09:16:39.396310Z,bidirectional,1.911,2.725,0.814,1.911,TOU
run_20260521_224941-0397,user-001,EVSE-047,2026-05-23T06:44:14.392180Z,2026-05-23T07:44:14.392180Z,charge_only,11.129,11.129,0.0,11.129,TOU
run_20260521_224941-0398,user-007,EVSE-042,2026-05-23T04:57:51.150605Z,2026-05-23T05:17:51.150605Z,charge_only,3.944,3.944,0.0,3.944,TOU
run_20260521_224941-0399,user-003,EVSE-003,2026-05-23T03:04:07.283742Z,2026-05-23T04:04:07.283742Z,bidirectional,6.276,14.352,8.076,6.276,TOU
run_20260521_224941-0400,user-007,EVSE-003,2026-05-23T16:43:23.364473Z,2026-05-23T17:43:23.364473Z,discharge_only,-21.553,0.0,21.553,-21.553,TOU
run_20260521_224941-0401,user-005,EVSE-029,2026-05-23T06:02:08.061029Z,2026-05-23T07:02:08.061029Z,charge_only,11.289,11.289,0.0,11.289,TOU
run_20260521_224941-0402,user-004,EVSE-019,2026-05-23T19:35:16.589847Z,2026-05-23T20:35:16.589847Z,bidirectional,3.865,7.482,3.617,3.865,TOU
run_20260521_224941-0403,user-009,EVSE-007,2026-05-23T04:14:29.800239Z,2026-05-23T05:29:29.800239Z,charge_only,25.984,25.984,0.0,25.984,TOU
run_20260521_224941-0404,user-002,EVSE-042,2026-05-23T12:56:15.853209Z,2026-05-23T13:56:15.853209Z,charge_only,11.527,11.527,0.0,11.527,TOU
run_20260521_224941-0405,user-002,EVSE-023,2026-05-23T10:51:05.702436Z,2026-05-23T12:06:05.702436Z,bidirectional,4.848,9.431,4.583,4.848,TOU
run_20260521_224941-0406,user-009,EVSE-010,2026-05-23T19:11:11.123085Z,2026-05-23T20:11:11.123085Z,charge_only,10.546,10.546,0.0,10.546,TOU
run_20260521_224941-0407,user-009,EVSE-043,2026-05-23T21:58:04.983200Z,2026-05-23T22:58:04.983200Z,bidirectional,4.197,7.711,3.514,4.197,TOU
run_20260521_224941-0408,user-006,EVSE-046,2026-05-23T17:52:00.078344Z,2026-05-23T18:12:00.078344Z,bidirectional,-0.277,3.506,3.783,-0.277,TOU
run_20260521_224941-0409,user-008,EVSE-042,2026-05-23T05:48:24.591549Z,2026-05-23T06:48:24.591549Z,charge_only,23.025,23.025,0.0,23.025,TOU
run_20260521_224941-0410,user-010,EVSE-002,2026-05-23T06:33:41.254622Z,2026-05-23T07:13:41.254622Z,charge_only,14.524,14.524,0.0,14.524,TOU
run_20260521_224941-0411,user-001,EVSE-010,2026-05-23T18:57:42.572899Z,2026-05-23T19:27:42.572899Z,bidirectional,0.265,5.755,5.49,0.265,TOU
run_20260521_224941-0412,user-008,EVSE-038,2026-05-23T12:40:03.333236Z,2026-05-23T13:40:03.333236Z,bidirectional,10.895,16.083,5.188,10.895,TOU
run_20260521_224941-0413,user-008,EVSE-040,2026-05-23T18:25:03.340085Z,2026-05-23T18:45:03.340085Z,bidirectional,0.346,4.0,3.654,0.346,TOU
run_20260521_224941-0414,user-007,EVSE-019,2026-05-23T23:29:02.281705Z,2026-05-24T00:09:02.281705Z,bidirectional,3.718,8.986,5.268,3.718,TOU
run_20260521_224941-0415,user-007,EVSE-007,2026-05-23T03:59:21.823563Z,2026-05-23T04:39:21.823563Z,charge_only,7.35,7.35,0.0,7.35,TOU
run_20260521_224941-0416,user-008,EVSE-005,2026-05-23T16:41:44.476410Z,2026-05-23T17:11:44.476410Z,bidirectional,8.327,10.043,1.716,8.327,TOU
run_20260521_224941-0417,user-004,EVSE-039,2026-05-23T21:05:12.553964Z,2026-05-23T21:35:12.553964Z,bidirectional,2.221,3.716,1.495,2.221,TOU
run_20260521_224941-0418,user-008,EVSE-033,2026-05-23T04:48:27.533103Z,2026-05-23T05:08:27.533103Z,charge_only,2.198,2.198,0.0,2.198,TOU
run_20260521_224941-0419,user-004,EVSE-029,2026-05-23T02:07:10.829426Z,2026-05-23T02:37:10.829426Z,bidirectional,4.177,7.612,3.435,4.177,TOU
run_20260521_224941-0420,user-001,EVSE-034,2026-05-23T18:05:44.692017Z,2026-05-23T19:05:44.692017Z,bidirectional,7.57,9.533,1.963,7.57,TOU
run_20260521_224941-0421,user-001,EVSE-011,2026-05-23T13:21:41.201240Z,2026-05-23T13:41:41.201240Z,charge_only,6.98,6.98,0.0,6.98,TOU
run_20260521_224941-0422,user-001,EVSE-020,2026-05-23T08:08:20.778715Z,2026-05-23T08:38:20.778715Z,bidirectional,1.006,6.305,5.299,1.006,TOU
run_20260521_224941-0423,user-006,EVSE-042,2026-05-23T23:47:37.247025Z,2026-05-24T00:27:37.247025Z,charge_only,13.685,13.685,0.0,13.685,TOU
run_20260521_224941-0424,user-005,EVSE-020,2026-05-23T21:57:38.128228Z,2026-05-23T23:12:38.128228Z,discharge_only,-13.758,0.0,13.758,-13.758,TOU
run_20260521_224941-0425,user-002,EVSE-048,2026-05-23T06:24:56.395301Z,2026-05-23T07:04:56.395301Z,charge_only,7.197,7.197,0.0,7.197,TOU
run_20260521_224941-0426,user-009,EVSE-013,2026-05-23T03:42:55.565446Z,2026-05-23T04:12:55.565446Z,bidirectional,-0.084,2.75,2.834,-0.084,TOU
run_20260521_224941-0427,user-002,EVSE-032,2026-05-23T20:27:57.798900Z,2026-05-23T21:27:57.798900Z,bidirectional,9.122,9.947,0.825,9.122,TOU
run_20260521_224941-0428,user-003,EVSE-048,2026-05-23T20:31:08.489932Z,2026-05-23T21:01:08.489932Z,charge_only,5.823,5.823,0.0,5.823,TOU
run_20260521_224941-0429,user-002,EVSE-014,2026-05-23T09:32:41.741533Z,2026-05-23T10:32:41.741533Z,bidirectional,1.148,4.205,3.057,1.148,TOU
run_20260521_224941-0430,user-001,EVSE-049,2026-05-23T21:02:50.868965Z,2026-05-23T21:42:50.868965Z,charge_only,4.452,4.452,0.0,4.452,TOU
run_20260521_224941-0431,user-008,EVSE-043,2026-05-23T07:58:12.127644Z,2026-05-23T08:28:12.127644Z,discharge_only,-10.744,0.0,10.744,-10.744,TOU
run_20260521_224941-0432,user-002,EVSE-006,2026-05-23T03:12:01.611264Z,2026-05-23T03:32:01.611264Z,charge_only,6.829,6.829,0.0,6.829,TOU
run_20260521_224941-0433,user-010,EVSE-028,2026-05-23T05:48:02.049803Z,2026-05-23T07:03:02.049803Z,bidirectional,-2.27,12.925,15.195,-2.27,TOU
run_20260521_224941-0434,user-009,EVSE-021,2026-05-23T16:21:58.157584Z,2026-05-23T17:01:58.157584Z,bidirectional,3.685,4.311,0.626,3.685,TOU
run_20260521_224941-0435,user-005,EVSE-049,2026-05-23T14:37:29.208949Z,2026-05-23T15:17:29.208949Z,discharge_only,-4.951,0.0,4.951,-4.951,TOU
run_20260521_224941-0436,user-005,EVSE-006,2026-05-23T22:31:41.397109Z,2026-05-23T23:31:41.397109Z,discharge_only,-21.893,0.0,21.893,-21.893,TOU
run_20260521_224941-0437,user-003,EVSE-019,2026-05-23T15:01:26.428952Z,2026-05-23T15:31:26.428952Z,charge_only,3.49,3.49,0.0,3.49,TOU
run_20260521_224941-0438,user-001,EVSE-009,2026-05-23T01:34:45.011094Z,2026-05-23T02:34:45.011094Z,charge_only,10.935,10.935,0.0,10.935,TOU
run_20260521_224941-0439,user-007,EVSE-001,2026-05-23T18:55:22.544768Z,2026-05-23T20:10:22.544768Z,charge_only,14.252,14.252,0.0,14.252,TOU
run_20260521_224941-0440,user-007,EVSE-050,2026-05-23T10:38:39.687448Z,2026-05-23T11:38:39.687448Z,charge_only,10.682,10.682,0.0,10.682,TOU
run_20260521_224941-0441,user-002,EVSE-046,2026-05-23T12:52:43.365259Z,2026-05-23T13:22:43.365259Z,bidirectional,0.023,2.627,2.604,0.023,TOU
run_20260521_224941-0442,user-006,EVSE-005,2026-05-23T23:06:00.821891Z,2026-05-24T00:06:00.821891Z,charge_only,21.187,21.187,0.0,21.187,TOU
run_20260521_224941-0443,user-003,EVSE-027,2026-05-23T17:45:08.444867Z,2026-05-23T19:00:08.444867Z,charge_only,8.63,8.63,0.0,8.63,TOU
run_20260521_224941-0444,user-008,EVSE-011,2026-05-23T12:05:22.344585Z,2026-05-23T13:20:22.344585Z,charge_only,9.508,9.508,0.0,9.508,TOU
run_20260521_224941-0445,user-002,EVSE-049,2026-05-23T23:18:51.794206Z,2026-05-24T00:18:51.794206Z,charge_only,7.112,7.112,0.0,7.112,TOU
run_20260521_224941-0446,user-002,EVSE-029,2026-05-23T21:55:49.802000Z,2026-05-23T22:15:49.802000Z,discharge_only,-2.396,0.0,2.396,-2.396,TOU
run_20260521_224941-0447,user-007,EVSE-043,2026-05-23T22:24:15.721613Z,2026-05-23T22:44:15.721613Z,bidirectional,0.3,4.166,3.866,0.3,TOU
run_20260521_224941-0448,user-008,EVSE-009,2026-05-23T04:53:57.771846Z,2026-05-23T06:08:57.771846Z,bidirectional,24.073,25.572,1.499,24.073,TOU
run_20260521_224941-0449,user-006,EVSE-022,2026-05-23T16:30:53.336044Z,2026-05-23T17:45:53.336044Z,bidirectional,2.779,5.91,3.131,2.779,TOU
run_20260521_224941-0450,user-008,EVSE-041,2026-05-23T09:35:20.536993Z,2026-05-23T10:15:20.536993Z,charge_only,14.358,14.358,0.0,14.358,TOU
run_20260521_224941-0451,user-010,EVSE-049,2026-05-23T18:52:04.832944Z,2026-05-23T19:52:04.832944Z,charge_only,21.722,21.722,0.0,21.722,TOU
run_20260521_224941-0452,user-004,EVSE-007,2026-05-23T19:14:07.920488Z,2026-05-23T19:44:07.920488Z,charge_only,3.618,3.618,0.0,3.618,TOU
run_20260521_224941-0453,user-007,EVSE-034,2026-05-23T08:15:59.301361Z,2026-05-23T08:35:59.301361Z,charge_only,3.631,3.631,0.0,3.631,TOU
run_20260521_224941-0454,user-007,EVSE-041,2026-05-23T02:54:07.290931Z,2026-05-23T03:14:07.290931Z,bidirectional,1.234,1.855,0.621,1.234,TOU
run_20260521_224941-0455,user-010,EVSE-032,2026-05-23T09:53:15.044625Z,2026-05-23T11:08:15.044625Z,charge_only,13.459,13.459,0.0,13.459,TOU
run_20260521_224941-0456,user-006,EVSE-011,2026-05-23T11:22:18.902017Z,2026-05-23T12:22:18.902017Z,charge_only,21.014,21.014,0.0,21.014,TOU
run_20260521_224941-0457,user-009,EVSE-028,2026-05-23T21:56:56.829657Z,2026-05-23T22:16:56.829657Z,discharge_only,-3.608,0.0,3.608,-3.608,TOU
run_20260521_224941-0458,user-006,EVSE-018,2026-05-23T04:40:30.814199Z,2026-05-23T05:20:30.814199Z,discharge_only,-7.438,0.0,7.438,-7.438,TOU
run_20260521_224941-0459,user-002,EVSE-023,2026-05-23T15:20:15.532626Z,2026-05-23T16:35:15.532626Z,discharge_only,-8.654,0.0,8.654,-8.654,TOU
run_20260521_224941-0460,user-007,EVSE-047,2026-05-23T04:15:31.182288Z,2026-05-23T04:35:31.182288Z,charge_only,3.871,3.871,0.0,3.871,TOU
run_20260521_224941-0461,user-009,EVSE-022,2026-05-23T09:53:42.885570Z,2026-05-23T11:08:42.885570Z,charge_only,13.555,13.555,0.0,13.555,TOU
run_20260521_224941-0462,user-007,EVSE-013,2026-05-23T05:40:30.487432Z,2026-05-23T06:55:30.487432Z,discharge_only,-13.45,0.0,13.45,-13.45,TOU
run_20260521_224941-0463,user-008,EVSE-034,2026-05-23T08:38:50.114375Z,2026-05-23T09:18:50.114375Z,bidirectional,2.562,3.727,1.165,2.562,TOU
run_20260521_224941-0464,user-009,EVSE-020,2026-05-23T23:43:05.531520Z,2026-05-24T00:23:05.531520Z,discharge_only,-7.525,0.0,7.525,-7.525,TOU
run_20260521_224941-0465,user-008,EVSE-030,2026-05-23T20:10:21.300013Z,2026-05-23T21:25:21.300013Z,charge_only,13.155,13.155,0.0,13.155,TOU
run_20260521_224941-0466,user-005,EVSE-003,2026-05-23T14:35:49.792219Z,2026-05-23T15:05:49.792219Z,bidirectional,0.378,2.969,2.591,0.378,TOU
run_20260521_224941-0467,user-005,EVSE-003,2026-05-23T02:48:07.176100Z,2026-05-23T04:03:07.176100Z,charge_only,14.054,14.054,0.0,14.054,TOU
run_20260521_224941-0468,user-008,EVSE-011,2026-05-23T14:50:08.158930Z,2026-05-23T15:50:08.158930Z,discharge_only,-7.592,0.0,7.592,-7.592,TOU
run_20260521_224941-0469,user-002,EVSE-029,2026-05-23T19:43:46.757423Z,2026-05-23T20:03:46.757423Z,charge_only,7.862,7.862,0.0,7.862,TOU
run_20260521_224941-0470,user-001,EVSE-002,2026-05-23T02:33:31.782226Z,2026-05-23T03:48:31.782226Z,discharge_only,-8.991,0.0,8.991,-8.991,TOU
run_20260521_224941-0471,user-004,EVSE-003,2026-05-23T07:39:51.496981Z,2026-05-23T07:59:51.496981Z,charge_only,2.519,2.519,0.0,2.519,TOU
run_20260521_224941-0472,user-006,EVSE-021,2026-05-23T16:14:20.484634Z,2026-05-23T16:44:20.484634Z,bidirectional,-0.089,5.501,5.59,-0.089,TOU
run_20260521_224941-0473,user-004,EVSE-037,2026-05-23T22:23:56.193057Z,2026-05-23T23:03:56.193057Z,charge_only,14.57,14.57,0.0,14.57,TOU
run_20260521_224941-0474,user-010,EVSE-048,2026-05-23T16:11:55.789273Z,2026-05-23T17:11:55.789273Z,charge_only,21.501,21.501,0.0,21.501,TOU
run_20260521_224941-0475,user-001,EVSE-018,2026-05-23T18:24:02.849851Z,2026-05-23T19:39:02.849851Z,discharge_only,-8.846,0.0,8.846,-8.846,TOU
run_20260521_224941-0476,user-001,EVSE-034,2026-05-23T11:28:56.584931Z,2026-05-23T12:28:56.584931Z,charge_only,22.216,22.216,0.0,22.216,TOU
run_20260521_224941-0477,user-001,EVSE-013,2026-05-23T22:25:57.101539Z,2026-05-23T23:25:57.101539Z,charge_only,7.434,7.434,0.0,7.434,TOU
run_20260521_224941-0478,user-004,EVSE-020,2026-05-23T16:42:32.098892Z,2026-05-23T17:57:32.098892Z,charge_only,13.724,13.724,0.0,13.724,TOU
run_20260521_224941-0479,user-003,EVSE-026,2026-05-23T17:48:29.995206Z,2026-05-23T18:48:29.995206Z,charge_only,10.704,10.704,0.0,10.704,TOU
run_20260521_224941-0480,user-008,EVSE-028,2026-05-23T16:35:45.144684Z,2026-05-23T17:50:45.144684Z,discharge_only,-9.096,0.0,9.096,-9.096,TOU
run_20260521_224941-0481,user-001,EVSE-043,2026-05-23T01:52:05.117532Z,2026-05-23T02:32:05.117532Z,charge_only,15.638,15.638,0.0,15.638,TOU
run_20260521_224941-0482,user-002,EVSE-049,2026-05-23T08:31:04.065442Z,2026-05-23T09:31:04.065442Z,charge_only,10.65,10.65,0.0,10.65,TOU
run_20260521_224941-0483,user-002,EVSE-032,2026-05-23T21:21:38.720203Z,2026-05-23T22:36:38.720203Z,charge_only,13.563,13.563,0.0,13.563,TOU
run_20260521_224941-0484,user-008,EVSE-007,2026-05-23T10:22:23.239608Z,2026-05-23T10:52:23.239608Z,bidirectional,-0.023,1.784,1.807,-0.023,TOU
run_20260521_224941-0485,user-005,EVSE-018,2026-05-23T21:55:34.909687Z,2026-05-23T22:15:34.909687Z,bidirectional,1.813,2.835,1.022,1.813,TOU
run_20260521_224941-0486,user-010,EVSE-031,2026-05-23T05:02:32.500699Z,2026-05-23T05:22:32.500699Z,bidirectional,1.236,1.695,0.459,1.236,TOU
run_20260521_224941-0487,user-006,EVSE-045,2026-05-23T15:05:04.165439Z,2026-05-23T15:45:04.165439Z,charge_only,7.293,7.293,0.0,7.293,TOU
run_20260521_224941-0488,user-003,EVSE-043,2026-05-23T23:22:01.211084Z,2026-05-23T23:42:01.211084Z,bidirectional,4.286,5.853,1.567,4.286,TOU
run_20260521_224941-0489,user-006,EVSE-031,2026-05-23T23:35:03.141725Z,2026-05-24T00:15:03.141725Z,charge_only,4.529,4.529,0.0,4.529,TOU
run_20260521_224941-0490,user-002,EVSE-030,2026-05-23T06:21:38.403006Z,2026-05-23T07:01:38.403006Z,bidirectional,8.109,11.652,3.543,8.109,TOU
run_20260521_224941-0491,user-002,EVSE-041,2026-05-23T12:24:40.637686Z,2026-05-23T13:39:40.637686Z,bidirectional,5.051,6.822,1.771,5.051,TOU
run_20260521_224941-0492,user-006,EVSE-009,2026-05-23T03:03:24.331554Z,2026-05-23T04:18:24.331554Z,bidirectional,4.679,15.986,11.307,4.679,TOU
run_20260521_224941-0493,user-010,EVSE-038,2026-05-23T06:17:50.294250Z,2026-05-23T06:57:50.294250Z,charge_only,4.775,4.775,0.0,4.775,TOU
run_20260521_224941-0494,user-009,EVSE-003,2026-05-23T03:31:35.921020Z,2026-05-23T04:11:35.921020Z,charge_only,4.988,4.988,0.0,4.988,TOU
run_20260521_224941-0495,user-002,EVSE-047,2026-05-23T17:25:13.700311Z,2026-05-23T18:40:13.700311Z,charge_only,13.144,13.144,0.0,13.144,TOU
run_20260521_224941-0496,user-003,EVSE-030,2026-05-23T00:11:52.138224Z,2026-05-23T01:26:52.138224Z,discharge_only,-13.187,0.0,13.187,-13.187,TOU
run_20260521_224941-0497,user-008,EVSE-044,2026-05-23T07:16:49.442558Z,2026-05-23T07:56:49.442558Z,bidirectional,2.207,3.318,1.111,2.207,TOU
run_20260521_224941-0498,user-002,EVSE-048,2026-05-23T15:26:57.555029Z,2026-05-23T16:26:57.555029Z,charge_only,7.568,7.568,0.0,7.568,TOU
run_20260521_224941-0499,user-002,EVSE-038,2026-05-23T05:19:04.057920Z,2026-05-23T06:19:04.057920Z,charge_only,10.965,10.965,0.0,10.965,TOU
run_20260521_224941-0500,user-007,EVSE-035,2026-05-23T16:49:21.406807Z,2026-05-23T17:19:21.406807Z,discharge_only,-3.34,0.0,3.34,-3.34,TOU
synth-0001,,EVSE-022,2026-02-04T10:14:10.955644Z,2026-02-04T10:54:10.955644Z,,7.239,,,,TOU
synth-0002,,EVSE-038,2026-02-04T07:37:36.170732Z,2026-02-04T07:57:36.170732Z,,2.425,,,,TOU
synth-0003,,EVSE-013,2026-02-04T14:43:34.205543Z,2026-02-04T15:43:34.205543Z,,22.386,,,,TOU
synth-0004,,EVSE-047,2026-02-04T10:23:07.295954Z,2026-02-04T11:23:07.295954Z,,21.947,,,,TOU
synth-0005,,EVSE-047,2026-02-04T09:16:16.643479Z,2026-02-04T09:36:16.643479Z,,3.635,,,,TOU
synth-0006,,EVSE-044,2026-02-04T18:07:03.852790Z,2026-02-04T18:27:03.852790Z,,3.359,,,,TOU
synth-0007,,EVSE-043,2026-02-04T07:15:22.041669Z,2026-02-04T07:45:22.041669Z,,3.671,,,,TOU
synth-0008,,EVSE-032,2026-02-04T18:25:50.240595Z,2026-02-04T19:40:50.240595Z,,13.797,,,,TOU
synth-0009,,EVSE-003,2026-02-04T13:33:23.670452Z,2026-02-04T13:53:23.670452Z,,3.887,,,,TOU
synth-0010,,EVSE-008,2026-02-04T02:33:31.664809Z,2026-02-04T02:53:31.664809Z,,3.816,,,,TOU
synth-0011,,EVSE-003,2026-02-04T19:17:30.487186Z,2026-02-04T20:17:30.487186Z,,7.285,,,,TOU
synth-0012,,EVSE-005,2026-02-04T20:23:57.198212Z,2026-02-04T20:43:57.198212Z,,2.491,,,,TOU
synth-0013,,EVSE-007,2026-02-04T15:03:51.879240Z,2026-02-04T15:23:51.879240Z,,3.775,,,,TOU
synth-0014,,EVSE-001,2026-02-03T22:33:55.701574Z,2026-02-03T23:33:55.701574Z,,21.686,,,,TOU
synth-0015,,EVSE-046,2026-02-04T07:42:17.891484Z,2026-02-04T08:42:17.891484Z,,22.533,,,,TOU
synth-0016,,EVSE-033,2026-02-04T10:57:44.353031Z,2026-02-04T11:27:44.353031Z,,3.715,,,,TOU
synth-0017,,EVSE-023,2026-02-04T08:46:29.412094Z,2026-02-04T09:46:29.412094Z,,7.717,,,,TOU
synth-0018,,EVSE-050,2026-02-04T15:18:42.646113Z,2026-02-04T15:38:42.646113Z,,3.55,,,,TOU
synth-0019,,EVSE-045,2026-02-04T01:54:28.396431Z,2026-02-04T02:24:28.396431Z,,3.537,,,,TOU
synth-0020,,EVSE-025,2026-02-04T13:42:53.793951Z,2026-02-04T14:12:53.793951Z,,3.164,,,,TOU
synth-0021,,EVSE-033,2026-02-04T12:53:49.197094Z,2026-02-04T13:23:49.197094Z,,3.728,,,,TOU
synth-0022,,EVSE-033,2026-02-04T16:27:21.600453Z,2026-02-04T17:42:21.600453Z,,13.686,,,,TOU
synth-0023,,EVSE-006,2026-02-04T05:31:50.093204Z,2026-02-04T06:11:50.093204Z,,7.025,,,,TOU
synth-0024,,EVSE-002,2026-02-04T03:06:54.603515Z,2026-02-04T03:46:54.603515Z,,14.516,,,,TOU
synth-0025,,EVSE-014,2026-02-04T10:54:53.678233Z,2026-02-04T11:54:53.678233Z,,21.714,,,,TOU
synth-0026,,EVSE-001,2026-02-04T18:41:32.079285Z,2026-02-04T19:41:32.079285Z,,10.215,,,,TOU
synth-0027,,EVSE-019,2026-02-04T14:54:31.221034Z,2026-02-04T15:34:31.221034Z,,7.37,,,,TOU
synth-0028,,EVSE-024,2026-02-04T06:36:02.516995Z,2026-02-04T07:36:02.516995Z,,22.211,,,,TOU
synth-0029,,EVSE-043,2026-02-04T06:02:45.704940Z,2026-02-04T07:17:45.704940Z,,27.865,,,,TOU
synth-0030,,EVSE-003,2026-02-04T09:19:20.614696Z,2026-02-04T10:34:20.614696Z,,9.267,,,,TOU
synth-0031,,EVSE-013,2026-02-04T16:37:00.047610Z,2026-02-04T17:07:00.047610Z,,5.604,,,,TOU
synth-0032,,EVSE-046,2026-02-04T08:44:54.559835Z,2026-02-04T09:14:54.559835Z,,3.467,,,,TOU
synth-0033,,EVSE-026,2026-02-04T04:14:39.303090Z,2026-02-04T04:34:39.303090Z,,6.946,,,,TOU
synth-0034,,EVSE-033,2026-02-04T07:53:31.451751Z,2026-02-04T08:33:31.451751Z,,4.911,,,,TOU
synth-0035,,EVSE-042,2026-02-04T19:36:42.440771Z,2026-02-04T20:36:42.440771Z,,22.333,,,,TOU
synth-0036,,EVSE-034,2026-02-04T02:35:14.372570Z,2026-02-04T03:50:14.372570Z,,9.252,,,,TOU
synth-0037,,EVSE-029,2026-02-04T09:29:43.712354Z,2026-02-04T10:29:43.712354Z,,7.448,,,,TOU
synth-0038,,EVSE-030,2026-02-04T02:42:08.941547Z,2026-02-04T03:02:08.941547Z,,3.541,,,,TOU
synth-0039,,EVSE-005,2026-02-04T15:38:12.044576Z,2026-02-04T16:08:12.044576Z,,3.603,,,,TOU
synth-0040,,EVSE-016,2026-02-04T00:33:06.074836Z,2026-02-04T01:13:06.074836Z,,7.565,,,,TOU
synth-0041,,EVSE-036,2026-02-04T16:01:14.845327Z,2026-02-04T16:21:14.845327Z,,2.305,,,,TOU
synth-0042,,EVSE-003,2026-02-04T14:45:47.977434Z,2026-02-04T15:25:47.977434Z,,4.76,,,,TOU
synth-0043,,EVSE-006,2026-02-04T19:11:10.186997Z,2026-02-04T19:51:10.186997Z,,4.604,,,,TOU
synth-0044,,EVSE-026,2026-02-04T13:07:30.448364Z,2026-02-04T13:27:30.448364Z,,2.396,,,,TOU
synth-0045,,EVSE-007,2026-02-04T15:52:29.980030Z,2026-02-04T16:22:29.980030Z,,3.625,,,,TOU
synth-0046,,EVSE-008,2026-02-03T23:36:39.721208Z,2026-02-04T00:16:39.721208Z,,7.544,,,,TOU
synth-0047,,EVSE-017,2026-02-03T23:50:58.618638Z,2026-02-04T00:20:58.618638Z,,3.629,,,,TOU
synth-0048,,EVSE-011,2026-02-04T13:29:49.324020Z,2026-02-04T14:29:49.324020Z,,23.093,,,,TOU
synth-0049,,EVSE-021,2026-02-04T12:16:55.098973Z,2026-02-04T12:36:55.098973Z,,2.145,,,,TOU
synth-0050,,EVSE-007,2026-02-04T07:09:40.397235Z,2026-02-04T07:49:40.397235Z,,4.842,,,,TOU
synth-0051,,EVSE-042,2026-02-04T00:04:11.341816Z,2026-02-04T00:34:11.341816Z,,3.511,,,,TOU
synth-0052,,EVSE-023,2026-02-04T16:31:29.426417Z,2026-02-04T17:46:29.426417Z,,27.223,,,,TOU
synth-0053,,EVSE-018,2026-02-04T04:19:35.372212Z,2026-02-04T05:19:35.372212Z,,21.275,,,,TOU
synth-0054,,EVSE-048,2026-02-04T20:21:34.258093Z,2026-02-04T21:36:34.258093Z,,13.938,,,,TOU
synth-0055,,EVSE-020,2026-02-04T12:38:11.259791Z,2026-02-04T12:58:11.259791Z,,2.458,,,,TOU
synth-0056,,EVSE-006,2026-02-04T04:10:12.154633Z,2026-02-04T04:50:12.154633Z,,14.618,,,,TOU
synth-0057,,EVSE-030,2026-02-04T05:53:05.346661Z,2026-02-04T06:33:05.346661Z,,4.888,,,,TOU
synth-0058,,EVSE-043,2026-02-04T04:30:21.248902Z,2026-02-04T05:30:21.248902Z,,7.682,,,,TOU
synth-0059,,EVSE-045,2026-02-04T18:40:58.856661Z,2026-02-04T19:10:58.856661Z,,5.463,,,,TOU
synth-0060,,EVSE-039,2026-02-04T00:33:32.950679Z,2026-02-04T01:03:32.950679Z,,11.783,,,,TOU
synth-0061,,EVSE-021,2026-02-04T09:07:51.652523Z,2026-02-04T10:22:51.652523Z,,8.548,,,,TOU
synth-0062,,EVSE-019,2026-02-04T10:38:25.147514Z,2026-02-04T11:08:25.147514Z,,5.886,,,,TOU
synth-0063,,EVSE-021,2026-02-04T13:00:40.504394Z,2026-02-04T13:20:40.504394Z,,6.94,,,,TOU
synth-0064,,EVSE-002,2026-02-04T20:12:43.887564Z,2026-02-04T20:52:43.887564Z,,4.907,,,,TOU
synth-0065,,EVSE-028,2026-02-04T16:10:37.258540Z,2026-02-04T17:25:37.258540Z,,27.078,,,,TOU
synth-0066,,EVSE-039,2026-02-04T21:45:25.720143Z,2026-02-04T22:05:25.720143Z,,3.835,,,,TOU
synth-0067,,EVSE-046,2026-02-04T03:04:13.212310Z,2026-02-04T03:44:13.212310Z,,7.477,,,,TOU
synth-0068,,EVSE-008,2026-02-04T10:28:33.288165Z,2026-02-04T11:43:33.288165Z,,27.776,,,,TOU
synth-0069,,EVSE-028,2026-02-04T21:39:45.254676Z,2026-02-04T22:54:45.254676Z,,13.857,,,,TOU
synth-0070,,EVSE-045,2026-02-04T17:47:52.646973Z,2026-02-04T18:47:52.646973Z,,10.252,,,,TOU
synth-0071,,EVSE-006,2026-02-04T15:43:53.100740Z,2026-02-04T16:23:53.100740Z,,4.808,,,,TOU
synth-0072,,EVSE-012,2026-02-04T14:57:49.154912Z,2026-02-04T16:12:49.154912Z,,8.757,,,,TOU
synth-0073,,EVSE-003,2026-02-04T12:00:19.962059Z,2026-02-04T13:00:19.962059Z,,22.353,,,,TOU
synth-0074,,EVSE-013,2026-02-04T10:48:07.181755Z,2026-02-04T11:48:07.181755Z,,7.453,,,,TOU
synth-0075,,EVSE-024,2026-02-04T07:08:36.068510Z,2026-02-04T08:23:36.068510Z,,28.25,,,,TOU
synth-0076,,EVSE-025,2026-02-04T06:16:55.218928Z,2026-02-04T06:36:55.218928Z,,7.84,,,,TOU
synth-0077,,EVSE-022,2026-02-03T23:45:22.234080Z,2026-02-04T00:05:22.234080Z,,2.418,,,,TOU
synth-0078,,EVSE-001,2026-02-04T04:55:47.014240Z,2026-02-04T05:25:47.014240Z,,11.319,,,,TOU
synth-0079,,EVSE-047,2026-02-04T06:17:40.933642Z,2026-02-04T06:57:40.933642Z,,7.41,,,,TOU
synth-0080,,EVSE-037,2026-02-04T06:45:21.275101Z,2026-02-04T07:25:21.275101Z,,7.709,,,,TOU
synth-0081,,EVSE-025,2026-02-04T09:45:57.708115Z,2026-02-04T10:05:57.708115Z,,2.25,,,,TOU
synth-0082,,EVSE-017,2026-02-04T15:04:37.287879Z,2026-02-04T15:44:37.287879Z,,14.726,,,,TOU
synth-0083,,EVSE-001,2026-02-04T16:19:12.320803Z,2026-02-04T17:34:12.320803Z,,28.234,,,,TOU
synth-0084,,EVSE-014,2026-02-03T23:06:00.870546Z,2026-02-03T23:26:00.870546Z,,7.086,,,,TOU
synth-0085,,EVSE-013,2026-02-04T14:25:09.745588Z,2026-02-04T15:05:09.745588Z,,14.321,,,,TOU
synth-0086,,EVSE-039,2026-02-04T05:08:49.296792Z,2026-02-04T05:28:49.296792Z,,6.323,,,,TOU
synth-0087,,EVSE-024,2026-02-04T02:53:30.841494Z,2026-02-04T03:23:30.841494Z,,11.647,,,,TOU
synth-0088,,EVSE-009,2026-02-04T10:22:40.438092Z,2026-02-04T10:42:40.438092Z,,2.424,,,,TOU
synth-0089,,EVSE-003,2026-02-04T21:47:06.560097Z,2026-02-04T22:47:06.560097Z,,7.499,,,,TOU
synth-0090,,EVSE-033,2026-02-03T23:43:47.679978Z,2026-02-04T00:43:47.679978Z,,11.72,,,,TOU
synth-0091,,EVSE-018,2026-02-04T03:05:48.519289Z,2026-02-04T04:20:48.519289Z,,14.607,,,,TOU
synth-0092,,EVSE-042,2026-02-04T08:41:44.190400Z,2026-02-04T09:01:44.190400Z,,6.997,,,,TOU
synth-0093,,EVSE-024,2026-02-04T11:02:14.082652Z,2026-02-04T11:42:14.082652Z,,7.663,,,,TOU
synth-0094,,EVSE-002,2026-02-04T22:05:31.531456Z,2026-02-04T22:35:31.531456Z,,5.525,,,,TOU
synth-0095,,EVSE-002,2026-02-04T22:25:33.021960Z,2026-02-04T23:05:33.021960Z,,7.311,,,,TOU
synth-0096,,EVSE-026,2026-02-04T14:53:23.018807Z,2026-02-04T15:33:23.018807Z,,14.423,,,,TOU
synth-0097,,EVSE-027,2026-02-04T11:59:34.095882Z,2026-02-04T12:29:34.095882Z,,3.48,,,,TOU
synth-0098,,EVSE-011,2026-02-04T21:58:46.094803Z,2026-02-04T22:28:46.094803Z,,3.526,,,,TOU
synth-0099,,EVSE-003,2026-02-04T07:13:34.646566Z,2026-02-04T08:28:34.646566Z,,14.505,,,,TOU
synth-0100,,EVSE-019,2026-02-03T22:44:59.625497Z,2026-02-03T23:14:59.625497Z,,10.228,,,,TOU
synth-0101,,EVSE-010,2026-02-04T19:55:23.027426Z,2026-02-04T20:35:23.027426Z,,7.542,,,,TOU
synth-0102,,EVSE-048,2026-02-04T00:03:28.520973Z,2026-02-04T00:23:28.520973Z,,3.717,,,,TOU
synth-0103,,EVSE-017,2026-02-04T04:50:58.907300Z,2026-02-04T05:10:58.907300Z,,2.196,,,,TOU
synth-0104,,EVSE-036,2026-02-04T07:40:50.082216Z,2026-02-04T08:55:50.082216Z,,26.884,,,,TOU
synth-0105,,EVSE-030,2026-02-04T03:08:18.243241Z,2026-02-04T03:38:18.243241Z,,3.667,,,,TOU
synth-0106,,EVSE-024,2026-02-03T23:38:57.696328Z,2026-02-04T00:53:57.696328Z,,8.88,,,,TOU
synth-0107,,EVSE-032,2026-02-04T17:17:33.018295Z,2026-02-04T18:17:33.018295Z,,7.41,,,,TOU
synth-0108,,EVSE-037,2026-02-04T03:15:36.177169Z,2026-02-04T03:45:36.177169Z,,10.493,,,,TOU
synth-0109,,EVSE-028,2026-02-04T02:48:41.676219Z,2026-02-04T03:08:41.676219Z,,3.388,,,,TOU
synth-0110,,EVSE-025,2026-02-04T04:19:13.451374Z,2026-02-04T04:59:13.451374Z,,13.315,,,,TOU
synth-0111,,EVSE-050,2026-02-04T19:03:09.630091Z,2026-02-04T19:33:09.630091Z,,5.424,,,,TOU
synth-0112,,EVSE-010,2026-02-04T21:47:31.722558Z,2026-02-04T22:47:31.722558Z,,10.704,,,,TOU
synth-0113,,EVSE-020,2026-02-04T13:55:11.333916Z,2026-02-04T14:35:11.333916Z,,4.623,,,,TOU
synth-0114,,EVSE-007,2026-02-04T06:45:21.766452Z,2026-02-04T07:25:21.766452Z,,7.106,,,,TOU
synth-0115,,EVSE-048,2026-02-04T12:40:51.712348Z,2026-02-04T13:55:51.712348Z,,8.95,,,,TOU
synth-0116,,EVSE-009,2026-02-04T17:23:53.671837Z,2026-02-04T18:38:53.671837Z,,26.947,,,,TOU
synth-0117,,EVSE-048,2026-02-04T03:55:28.248865Z,2026-02-04T04:55:28.248865Z,,21.964,,,,TOU
synth-0118,,EVSE-013,2026-02-04T14:04:30.745607Z,2026-02-04T14:44:30.745607Z,,4.429,,,,TOU
synth-0119,,EVSE-036,2026-02-04T00:08:47.814362Z,2026-02-04T01:23:47.814362Z,,13.908,,,,TOU
synth-0120,,EVSE-001,2026-02-04T04:56:16.936856Z,2026-02-04T05:16:16.936856Z,,7.515,,,,TOU
synth-0121,,EVSE-016,2026-02-04T10:14:22.895779Z,2026-02-04T10:34:22.895779Z,,2.546,,,,TOU
synth-0122,,EVSE-005,2026-02-04T20:35:38.115070Z,2026-02-04T21:50:38.115070Z,,27.59,,,,TOU
synth-0123,,EVSE-050,2026-02-04T03:15:48.865095Z,2026-02-04T03:55:48.865095Z,,14.407,,,,TOU
synth-0124,,EVSE-022,2026-02-04T00:51:09.257476Z,2026-02-04T01:11:09.257476Z,,3.361,,,,TOU
synth-0125,,EVSE-012,2026-02-04T21:26:31.144526Z,2026-02-04T22:41:31.144526Z,,27.843,,,,TOU
synth-0126,,EVSE-002,2026-02-04T12:09:53.427666Z,2026-02-04T13:24:53.427666Z,,13.684,,,,TOU
synth-0127,,EVSE-011,2026-02-04T19:53:52.016637Z,2026-02-04T20:53:52.016637Z,,7.07,,,,TOU
synth-0128,,EVSE-033,2026-02-04T21:26:09.331363Z,2026-02-04T22:41:09.331363Z,,13.275,,,,TOU
synth-0129,,EVSE-042,2026-02-04T21:34:13.561981Z,2026-02-04T22:14:13.561981Z,,7.279,,,,TOU
synth-0130,,EVSE-007,2026-02-04T16:40:15.475767Z,2026-02-04T17:55:15.475767Z,,26.639,,,,TOU
synth-0131,,EVSE-035,2026-02-04T15:28:34.780363Z,2026-02-04T15:48:34.780363Z,,2.423,,,,TOU
synth-0132,,EVSE-002,2026-02-04T21:53:33.780400Z,2026-02-04T22:13:33.780400Z,,2.549,,,,TOU
synth-0133,,EVSE-004,2026-02-04T21:14:18.168668Z,2026-02-04T21:34:18.168668Z,,2.358,,,,TOU
synth-0134,,EVSE-037,2026-02-04T14:49:18.725651Z,2026-02-04T15:19:18.725651Z,,5.37,,,,TOU
synth-0135,,EVSE-013,2026-02-04T12:45:48.938435Z,2026-02-04T14:00:48.938435Z,,13.974,,,,TOU
synth-0136,,EVSE-042,2026-02-04T15:52:25.657489Z,2026-02-04T17:07:25.657489Z,,28.203,,,,TOU
synth-0137,,EVSE-047,2026-02-04T04:02:37.802477Z,2026-02-04T04:32:37.802477Z,,3.504,,,,TOU
synth-0138,,EVSE-014,2026-02-04T16:54:31.943483Z,2026-02-04T17:24:31.943483Z,,3.8,,,,TOU
synth-0139,,EVSE-032,2026-02-04T10:35:46.878488Z,2026-02-04T11:15:46.878488Z,,15.151,,,,TOU
synth-0140,,EVSE-022,2026-02-04T17:44:24.776510Z,2026-02-04T18:44:24.776510Z,,6.978,,,,TOU
synth-0141,,EVSE-030,2026-02-04T05:46:05.401119Z,2026-02-04T06:16:05.401119Z,,10.448,,,,TOU
synth-0142,,EVSE-027,2026-02-04T13:55:36.897130Z,2026-02-04T14:15:36.897130Z,,2.543,,,,TOU
synth-0143,,EVSE-028,2026-02-04T02:10:11.143367Z,2026-02-04T02:50:11.143367Z,,7.396,,,,TOU
synth-0144,,EVSE-006,2026-02-04T05:07:53.466034Z,2026-02-04T06:22:53.466034Z,,9.161,,,,TOU
synth-0145,,EVSE-050,2026-02-04T15:09:49.733540Z,2026-02-04T15:29:49.733540Z,,2.179,,,,TOU
synth-0146,,EVSE-009,2026-02-04T14:46:21.368261Z,2026-02-04T15:16:21.368261Z,,5.381,,,,TOU
synth-0147,,EVSE-010,2026-02-04T04:32:58.778014Z,2026-02-04T05:12:58.778014Z,,7.162,,,,TOU
synth-0148,,EVSE-007,2026-02-04T12:58:52.432514Z,2026-02-04T14:13:52.432514Z,,8.891,,,,TOU
synth-0149,,EVSE-042,2026-02-04T10:38:38.883403Z,2026-02-04T11:38:38.883403Z,,7.093,,,,TOU
synth-0150,,EVSE-011,2026-02-04T10:05:55.588321Z,2026-02-04T10:35:55.588321Z,,3.728,,,,TOU
synth-0151,,EVSE-002,2026-02-04T17:26:19.183906Z,2026-02-04T18:26:19.183906Z,,6.925,,,,TOU
synth-0152,,EVSE-037,2026-02-04T00:20:27.138565Z,2026-02-04T00:50:27.138565Z,,10.981,,,,TOU
synth-0153,,EVSE-011,2026-02-04T12:30:04.463123Z,2026-02-04T13:30:04.463123Z,,11.573,,,,TOU
synth-0154,,EVSE-005,2026-02-04T10:50:29.603352Z,2026-02-04T11:20:29.603352Z,,3.575,,,,TOU
synth-0155,,EVSE-001,2026-02-04T13:38:07.104261Z,2026-02-04T14:38:07.104261Z,,10.908,,,,TOU
synth-0156,,EVSE-032,2026-02-04T08:03:11.608368Z,2026-02-04T08:33:11.608368Z,,3.851,,,,TOU
synth-0157,,EVSE-034,2026-02-04T19:15:31.100198Z,2026-02-04T20:30:31.100198Z,,8.931,,,,TOU
synth-0158,,EVSE-019,2026-02-04T22:01:21.279956Z,2026-02-04T22:41:21.279956Z,,7.229,,,,TOU
synth-0159,,EVSE-022,2026-02-04T01:56:42.702294Z,2026-02-04T02:16:42.702294Z,,7.289,,,,TOU
synth-0160,,EVSE-029,2026-02-04T07:06:43.519266Z,2026-02-04T08:21:43.519266Z,,8.839,,,,TOU
synth-0161,,EVSE-024,2026-02-04T02:09:40.517641Z,2026-02-04T03:09:40.517641Z,,21.583,,,,TOU
synth-0162,,EVSE-007,2026-02-03T23:58:33.300875Z,2026-02-04T00:58:33.300875Z,,7.381,,,,TOU
synth-0163,,EVSE-044,2026-02-04T12:37:02.663157Z,2026-02-04T12:57:02.663157Z,,6.896,,,,TOU
synth-0164,,EVSE-013,2026-02-04T15:52:43.468377Z,2026-02-04T16:52:43.468377Z,,7.129,,,,TOU
synth-0165,,EVSE-046,2026-02-04T00:01:33.529677Z,2026-02-04T00:41:33.529677Z,,14.233,,,,TOU
synth-0166,,EVSE-006,2026-02-04T02:29:30.471996Z,2026-02-04T03:44:30.471996Z,,28.624,,,,TOU
synth-0167,,EVSE-007,2026-02-04T15:38:31.814694Z,2026-02-04T16:18:31.814694Z,,4.788,,,,TOU
synth-0168,,EVSE-019,2026-02-04T19:34:27.614320Z,2026-02-04T20:34:27.614320Z,,7.054,,,,TOU
synth-0169,,EVSE-022,2026-02-03T22:50:30.212037Z,2026-02-03T23:20:30.212037Z,,3.762,,,,TOU
synth-0170,,EVSE-014,2026-02-04T13:36:37.636559Z,2026-02-04T14:16:37.636559Z,,5.012,,,,TOU
synth-0171,,EVSE-035,2026-02-04T21:44:52.864839Z,2026-02-04T22:24:52.864839Z,,14.558,,,,TOU
synth-0172,,EVSE-022,2026-02-03T23:29:33.619772Z,2026-02-03T23:59:33.619772Z,,10.338,,,,TOU
synth-0173,,EVSE-040,2026-02-03T22:40:20.694345Z,2026-02-03T23:20:20.694345Z,,14.862,,,,TOU
synth-0174,,EVSE-013,2026-02-04T00:17:02.126267Z,2026-02-04T00:47:02.126267Z,,5.815,,,,TOU
synth-0175,,EVSE-045,2026-02-04T06:04:54.155956Z,2026-02-04T06:34:54.155956Z,,5.652,,,,TOU
synth-0176,,EVSE-039,2026-02-04T07:52:08.244442Z,2026-02-04T08:32:08.244442Z,,6.818,,,,TOU
synth-0177,,EVSE-022,2026-02-04T01:30:07.803116Z,2026-02-04T02:45:07.803116Z,,12.964,,,,TOU
synth-0178,,EVSE-046,2026-02-04T06:06:22.406501Z,2026-02-04T07:21:22.406501Z,,14.524,,,,TOU
synth-0179,,EVSE-040,2026-02-04T05:02:02.154565Z,2026-02-04T05:22:02.154565Z,,7.306,,,,TOU
synth-0180,,EVSE-030,2026-02-04T01:49:15.076697Z,2026-02-04T02:19:15.076697Z,,5.392,,,,TOU
synth-0181,,EVSE-004,2026-02-04T02:46:29.453977Z,2026-02-04T03:16:29.453977Z,,3.437,,,,TOU
synth-0182,,EVSE-045,2026-02-04T19:28:35.266943Z,2026-02-04T20:43:35.266943Z,,28.25,,,,TOU
synth-0183,,EVSE-021,2026-02-04T19:37:33.164737Z,2026-02-04T20:17:33.164737Z,,7.634,,,,TOU
synth-0184,,EVSE-049,2026-02-04T18:44:23.735776Z,2026-02-04T19:04:23.735776Z,,2.458,,,,TOU
synth-0185,,EVSE-007,2026-02-04T09:19:52.007084Z,2026-02-04T10:19:52.007084Z,,10.718,,,,TOU
synth-0186,,EVSE-025,2026-02-04T14:34:12.043156Z,2026-02-04T15:04:12.043156Z,,3.429,,,,TOU
synth-0187,,EVSE-022,2026-02-04T04:04:23.732613Z,2026-02-04T04:24:23.732613Z,,7.102,,,,TOU
synth-0188,,EVSE-011,2026-02-04T05:22:57.226876Z,2026-02-04T05:42:57.226876Z,,3.845,,,,TOU
synth-0189,,EVSE-045,2026-02-04T03:37:38.798436Z,2026-02-04T04:37:38.798436Z,,21.718,,,,TOU
synth-0190,,EVSE-048,2026-02-04T12:15:51.323734Z,2026-02-04T12:55:51.323734Z,,14.945,,,,TOU
synth-0191,,EVSE-017,2026-02-04T18:58:26.711801Z,2026-02-04T19:28:26.711801Z,,3.711,,,,TOU
synth-0192,,EVSE-041,2026-02-04T17:14:57.689323Z,2026-02-04T18:14:57.689323Z,,6.847,,,,TOU
synth-0193,,EVSE-043,2026-02-04T08:46:57.910171Z,2026-02-04T09:26:57.910171Z,,7.482,,,,TOU
synth-0194,,EVSE-035,2026-02-04T16:39:48.648437Z,2026-02-04T17:39:48.648437Z,,7.311,,,,TOU
synth-0195,,EVSE-001,2026-02-04T12:30:15.879728Z,2026-02-04T13:30:15.879728Z,,7.09,,,,TOU
synth-0196,,EVSE-040,2026-02-04T13:27:05.227340Z,2026-02-04T14:42:05.227340Z,,14.023,,,,TOU
synth-0197,,EVSE-023,2026-02-04T19:33:30.120812Z,2026-02-04T19:53:30.120812Z,,3.506,,,,TOU
synth-0198,,EVSE-033,2026-02-04T16:15:58.803896Z,2026-02-04T17:15:58.803896Z,,21.907,,,,TOU
synth-0199,,EVSE-035,2026-02-04T05:45:18.226420Z,2026-02-04T06:25:18.226420Z,,15.204,,,,TOU
synth-0200,,EVSE-048,2026-02-04T01:41:42.763606Z,2026-02-04T02:11:42.763606Z,,10.982,,,,TOU
synth-0201,,EVSE-008,2026-01-26T21:58:44.894809Z,2026-01-26T23:13:44.894809Z,,9.128,,,,TOU
synth-0202,,EVSE-043,2026-01-27T13:02:15.418082Z,2026-01-27T13:32:15.418082Z,,3.387,,,,TOU
synth-0203,,EVSE-045,2026-01-27T09:25:51.168987Z,2026-01-27T09:45:51.168987Z,,3.645,,,,TOU
synth-0204,,EVSE-039,2026-01-27T12:20:21.175027Z,2026-01-27T13:20:21.175027Z,,21.946,,,,TOU
synth-0205,,EVSE-005,2026-01-27T13:27:14.126596Z,2026-01-27T13:57:14.126596Z,,11.357,,,,TOU
synth-0206,,EVSE-041,2026-01-27T11:41:37.679537Z,2026-01-27T12:56:37.679537Z,,13.857,,,,TOU
synth-0207,,EVSE-034,2026-01-27T00:39:57.169842Z,2026-01-27T01:54:57.169842Z,,27.113,,,,TOU
synth-0208,,EVSE-042,2026-01-27T21:54:22.525454Z,2026-01-27T22:34:22.525454Z,,4.92,,,,TOU
synth-0209,,EVSE-033,2026-01-27T02:46:12.950551Z,2026-01-27T03:46:12.950551Z,,7.322,,,,TOU
synth-0210,,EVSE-038,2026-01-27T12:31:49.884095Z,2026-01-27T13:31:49.884095Z,,11.363,,,,TOU
synth-0211,,EVSE-015,2026-01-27T03:17:48.579717Z,2026-01-27T03:57:48.579717Z,,4.782,,,,TOU
synth-0212,,EVSE-040,2026-01-27T09:10:44.756991Z,2026-01-27T10:10:44.756991Z,,21.576,,,,TOU
synth-0213,,EVSE-005,2026-01-27T01:13:31.321296Z,2026-01-27T01:33:31.321296Z,,2.629,,,,TOU
synth-0214,,EVSE-014,2026-01-26T22:09:23.683917Z,2026-01-26T22:29:23.683917Z,,2.38,,,,TOU
synth-0215,,EVSE-040,2026-01-27T02:45:54.308606Z,2026-01-27T04:00:54.308606Z,,13.917,,,,TOU
synth-0216,,EVSE-038,2026-01-27T07:25:59.254846Z,2026-01-27T08:40:59.254846Z,,8.755,,,,TOU
synth-0217,,EVSE-015,2026-01-27T16:46:00.347156Z,2026-01-27T17:16:00.347156Z,,3.575,,,,TOU
synth-0218,,EVSE-029,2026-01-27T18:53:31.573468Z,2026-01-27T19:13:31.573468Z,,3.222,,,,TOU
synth-0219,,EVSE-016,2026-01-27T19:03:41.877303Z,2026-01-27T19:23:41.877303Z,,3.567,,,,TOU
synth-0220,,EVSE-019,2026-01-26T23:27:21.112219Z,2026-01-27T00:42:21.112219Z,,27.981,,,,TOU
synth-0221,,EVSE-041,2026-01-27T14:45:21.657948Z,2026-01-27T15:05:21.657948Z,,2.115,,,,TOU
synth-0222,,EVSE-042,2026-01-27T11:24:03.566185Z,2026-01-27T12:04:03.566185Z,,7.526,,,,TOU
synth-0223,,EVSE-034,2026-01-26T23:22:37.648634Z,2026-01-27T00:22:37.648634Z,,21.801,,,,TOU
synth-0224,,EVSE-041,2026-01-27T03:54:14.556453Z,2026-01-27T04:24:14.556453Z,,5.693,,,,TOU
synth-0225,,EVSE-049,2026-01-27T05:16:38.886612Z,2026-01-27T06:31:38.886612Z,,14.359,,,,TOU
synth-0226,,EVSE-042,2026-01-27T16:01:45.116847Z,2026-01-27T16:31:45.116847Z,,5.701,,,,TOU
synth-0227,,EVSE-004,2026-01-27T14:56:14.326847Z,2026-01-27T16:11:14.326847Z,,14.287,,,,TOU
synth-0228,,EVSE-024,2026-01-27T02:44:17.975444Z,2026-01-27T03:44:17.975444Z,,22.407,,,,TOU
synth-0229,,EVSE-003,2026-01-27T12:29:48.098118Z,2026-01-27T13:44:48.098118Z,,8.948,,,,TOU
synth-0230,,EVSE-012,2026-01-27T20:58:14.741888Z,2026-01-27T22:13:14.741888Z,,27.51,,,,TOU
synth-0231,,EVSE-032,2026-01-27T18:33:32.444550Z,2026-01-27T19:48:32.444550Z,,8.772,,,,TOU
synth-0232,,EVSE-022,2026-01-26T22:57:45.374469Z,2026-01-27T00:12:45.374469Z,,9.059,,,,TOU
synth-0233,,EVSE-042,2026-01-27T06:14:44.784311Z,2026-01-27T06:34:44.784311Z,,2.39,,,,TOU
synth-0234,,EVSE-007,2026-01-26T22:18:39.730821Z,2026-01-26T22:58:39.730821Z,,6.812,,,,TOU
synth-0235,,EVSE-004,2026-01-27T19:25:10.266072Z,2026-01-27T19:55:10.266072Z,,4.804,,,,TOU
synth-0236,,EVSE-018,2026-01-27T15:53:56.939572Z,2026-01-27T16:33:56.939572Z,,7.377,,,,TOU
synth-0237,,EVSE-006,2026-01-27T04:43:19.487620Z,2026-01-27T05:58:19.487620Z,,13.992,,,,TOU
synth-0238,,EVSE-032,2026-01-27T16:33:37.284948Z,2026-01-27T16:53:37.284948Z,,3.745,,,,TOU
synth-0239,,EVSE-048,2026-01-27T08:44:17.449250Z,2026-01-27T09:14:17.449250Z,,5.413,,,,TOU
synth-0240,,EVSE-014,2026-01-26T22:39:05.803331Z,2026-01-26T23:39:05.803331Z,,21.059,,,,TOU
synth-0241,,EVSE-015,2026-01-26T23:53:08.600662Z,2026-01-27T00:33:08.600662Z,,15.383,,,,TOU
synth-0242,,EVSE-041,2026-01-27T11:03:29.538103Z,2026-01-27T11:23:29.538103Z,,2.619,,,,TOU
synth-0243,,EVSE-015,2026-01-27T15:08:13.033973Z,2026-01-27T16:23:13.033973Z,,14.088,,,,TOU
synth-0244,,EVSE-007,2026-01-27T13:59:20.063214Z,2026-01-27T14:59:20.063214Z,,7.064,,,,TOU
synth-0245,,EVSE-036,2026-01-27T09:01:11.402134Z,2026-01-27T09:31:11.402134Z,,3.616,,,,TOU
synth-0246,,EVSE-025,2026-01-27T04:29:06.455868Z,2026-01-27T04:49:06.455868Z,,6.981,,,,TOU
synth-0247,,EVSE-021,2026-01-27T21:04:47.099366Z,2026-01-27T21:44:47.099366Z,,14.623,,,,TOU
synth-0248,,EVSE-013,2026-01-26T22:30:09.034827Z,2026-01-26T23:00:09.034827Z,,5.774,,,,TOU
synth-0249,,EVSE-021,2026-01-27T04:25:43.706260Z,2026-01-27T05:40:43.706260Z,,8.953,,,,TOU
synth-0250,,EVSE-005,2026-01-27T20:21:04.166677Z,2026-01-27T20:41:04.166677Z,,7.699,,,,TOU
synth-0251,,EVSE-041,2026-01-27T07:15:01.163058Z,2026-01-27T07:35:01.163058Z,,3.366,,,,TOU
synth-0252,,EVSE-042,2026-01-27T16:41:18.377353Z,2026-01-27T17:11:18.377353Z,,11.409,,,,TOU
synth-0253,,EVSE-017,2026-01-27T15:36:06.232988Z,2026-01-27T16:06:06.232988Z,,11.072,,,,TOU
synth-0254,,EVSE-010,2026-01-27T03:38:10.640433Z,2026-01-27T04:08:10.640433Z,,5.736,,,,TOU
synth-0255,,EVSE-042,2026-01-27T08:25:28.620171Z,2026-01-27T08:45:28.620171Z,,7.771,,,,TOU
synth-0256,,EVSE-046,2026-01-27T14:31:08.314178Z,2026-01-27T14:51:08.314178Z,,7.334,,,,TOU
synth-0257,,EVSE-047,2026-01-27T15:36:19.621487Z,2026-01-27T16:06:19.621487Z,,3.76,,,,TOU
synth-0258,,EVSE-012,2026-01-27T19:49:07.544702Z,2026-01-27T20:49:07.544702Z,,6.983,,,,TOU
synth-0259,,EVSE-012,2026-01-27T07:13:37.747294Z,2026-01-27T07:53:37.747294Z,,4.779,,,,TOU
synth-0260,,EVSE-009,2026-01-26T23:41:59.793762Z,2026-01-27T00:41:59.793762Z,,10.725,,,,TOU
synth-0261,,EVSE-045,2026-01-26T22:29:14.362996Z,2026-01-26T22:49:14.362996Z,,7.232,,,,TOU
synth-0262,,EVSE-011,2026-01-27T06:43:34.064619Z,2026-01-27T07:43:34.064619Z,,11.648,,,,TOU
synth-0263,,EVSE-048,2026-01-27T16:46:15.541141Z,2026-01-27T18:01:15.541141Z,,8.941,,,,TOU
synth-0264,,EVSE-022,2026-01-27T14:55:27.646940Z,2026-01-27T15:35:27.646940Z,,13.851,,,,TOU
synth-0265,,EVSE-043,2026-01-27T09:22:27.368778Z,2026-01-27T10:37:27.368778Z,,9.223,,,,TOU
synth-0266,,EVSE-030,2026-01-27T00:11:47.649529Z,2026-01-27T01:26:47.649529Z,,8.318,,,,TOU
synth-0267,,EVSE-001,2026-01-27T17:04:46.060662Z,2026-01-27T17:44:46.060662Z,,4.748,,,,TOU
synth-0268,,EVSE-035,2026-01-27T11:17:27.859873Z,2026-01-27T12:17:27.859873Z,,7.438,,,,TOU
synth-0269,,EVSE-035,2026-01-26T22:41:58.835972Z,2026-01-26T23:41:58.835972Z,,11.289,,,,TOU
synth-0270,,EVSE-018,2026-01-27T04:21:11.921923Z,2026-01-27T04:51:11.921923Z,,10.345,,,,TOU
synth-0271,,EVSE-047,2026-01-27T05:47:20.428383Z,2026-01-27T06:17:20.428383Z,,11.29,,,,TOU
synth-0272,,EVSE-029,2026-01-27T08:32:19.886359Z,2026-01-27T09:47:19.886359Z,,13.887,,,,TOU
synth-0273,,EVSE-028,2026-01-27T03:42:03.236514Z,2026-01-27T04:02:03.236514Z,,2.305,,,,TOU
synth-0274,,EVSE-015,2026-01-27T17:18:09.689250Z,2026-01-27T18:18:09.689250Z,,21.571,,,,TOU
synth-0275,,EVSE-016,2026-01-27T18:08:18.488297Z,2026-01-27T19:23:18.488297Z,,9.04,,,,TOU
synth-0276,,EVSE-042,2026-01-27T13:16:42.196153Z,2026-01-27T14:16:42.196153Z,,7.226,,,,TOU
synth-0277,,EVSE-039,2026-01-26T22:43:11.350805Z,2026-01-26T23:58:11.350805Z,,13.434,,,,TOU
synth-0278,,EVSE-033,2026-01-27T19:29:50.293733Z,2026-01-27T20:09:50.293733Z,,4.918,,,,TOU
synth-0279,,EVSE-032,2026-01-27T11:22:36.521301Z,2026-01-27T12:22:36.521301Z,,10.946,,,,TOU
synth-0280,,EVSE-001,2026-01-27T16:02:30.276208Z,2026-01-27T16:42:30.276208Z,,14.411,,,,TOU
synth-0281,,EVSE-038,2026-01-27T19:29:48.389395Z,2026-01-27T20:09:48.389395Z,,7.003,,,,TOU
synth-0282,,EVSE-018,2026-01-27T00:39:36.565841Z,2026-01-27T01:39:36.565841Z,,10.565,,,,TOU
synth-0283,,EVSE-027,2026-01-27T21:25:59.141006Z,2026-01-27T21:45:59.141006Z,,7.112,,,,TOU
synth-0284,,EVSE-014,2026-01-27T11:47:58.892224Z,2026-01-27T12:17:58.892224Z,,10.962,,,,TOU
synth-0285,,EVSE-042,2026-01-27T06:32:01.905583Z,2026-01-27T07:32:01.905583Z,,6.926,,,,TOU
synth-0286,,EVSE-007,2026-01-27T05:23:18.781620Z,2026-01-27T05:43:18.781620Z,,3.89,,,,TOU
synth-0287,,EVSE-015,2026-01-27T12:15:04.093890Z,2026-01-27T12:35:04.093890Z,,3.675,,,,TOU
synth-0288,,EVSE-021,2026-01-27T17:44:09.070336Z,2026-01-27T18:24:09.070336Z,,7.208,,,,TOU
synth-0289,,EVSE-009,2026-01-27T00:10:34.555654Z,2026-01-27T01:10:34.555654Z,,7.46,,,,TOU
synth-0290,,EVSE-035,2026-01-27T17:28:24.078519Z,2026-01-27T18:43:24.078519Z,,13.9,,,,TOU
synth-0291,,EVSE-031,2026-01-27T20:25:09.109619Z,2026-01-27T20:55:09.109619Z,,10.768,,,,TOU
synth-0292,,EVSE-011,2026-01-27T04:54:33.474645Z,2026-01-27T05:34:33.474645Z,,4.718,,,,TOU
synth-0293,,EVSE-025,2026-01-27T02:50:23.279982Z,2026-01-27T04:05:23.279982Z,,27.132,,,,TOU
synth-0294,,EVSE-044,2026-01-27T15:16:24.908153Z,2026-01-27T15:46:24.908153Z,,11.71,,,,TOU
synth-0295,,EVSE-043,2026-01-27T00:51:29.402261Z,2026-01-27T01:21:29.402261Z,,3.662,,,,TOU
synth-0296,,EVSE-010,2026-01-27T09:03:06.305930Z,2026-01-27T10:18:06.305930Z,,26.888,,,,TOU
synth-0297,,EVSE-041,2026-01-26T22:10:56.606555Z,2026-01-26T22:50:56.606555Z,,7.505,,,,TOU
synth-0298,,EVSE-034,2026-01-27T19:28:55.219122Z,2026-01-27T20:08:55.219122Z,,4.967,,,,TOU
synth-0299,,EVSE-024,2026-01-27T11:53:47.321006Z,2026-01-27T12:33:47.321006Z,,4.946,,,,TOU
synth-0300,,EVSE-020,2026-01-27T12:06:45.025716Z,2026-01-27T12:46:45.025716Z,,4.67,,,,TOU
synth-0301,,EVSE-036,2026-01-27T10:41:58.443957Z,2026-01-27T11:21:58.443957Z,,7.793,,,,TOU
synth-0302,,EVSE-011,2026-01-27T16:35:13.082814Z,2026-01-27T17:35:13.082814Z,,21.511,,,,TOU
synth-0303,,EVSE-018,2026-01-27T06:29:48.143865Z,2026-01-27T06:59:48.143865Z,,10.75,,,,TOU
synth-0304,,EVSE-037,2026-01-27T01:26:06.500869Z,2026-01-27T02:41:06.500869Z,,13.462,,,,TOU
synth-0305,,EVSE-001,2026-01-27T18:22:35.087043Z,2026-01-27T19:37:35.087043Z,,9.197,,,,TOU
synth-0306,,EVSE-010,2026-01-26T23:02:28.593640Z,2026-01-26T23:42:28.593640Z,,4.867,,,,TOU
synth-0307,,EVSE-011,2026-01-26T23:10:05.778360Z,2026-01-26T23:50:05.778360Z,,4.66,,,,TOU
synth-0308,,EVSE-003,2026-01-27T07:05:15.124499Z,2026-01-27T08:20:15.124499Z,,13.939,,,,TOU
synth-0309,,EVSE-042,2026-01-27T12:55:48.312146Z,2026-01-27T13:55:48.312146Z,,22.277,,,,TOU
synth-0310,,EVSE-022,2026-01-27T13:13:41.687579Z,2026-01-27T13:33:41.687579Z,,2.371,,,,TOU
synth-0311,,EVSE-008,2026-01-27T16:25:05.962966Z,2026-01-27T17:25:05.962966Z,,10.669,,,,TOU
synth-0312,,EVSE-017,2026-01-27T11:48:19.888446Z,2026-01-27T13:03:19.888446Z,,13.899,,,,TOU
synth-0313,,EVSE-006,2026-01-27T02:39:46.262216Z,2026-01-27T02:59:46.262216Z,,2.457,,,,TOU
synth-0314,,EVSE-019,2026-01-27T08:45:17.725481Z,2026-01-27T09:45:17.725481Z,,21.009,,,,TOU
synth-0315,,EVSE-042,2026-01-27T19:56:46.527449Z,2026-01-27T20:36:46.527449Z,,5.053,,,,TOU
synth-0316,,EVSE-041,2026-01-27T02:11:39.643913Z,2026-01-27T02:51:39.643913Z,,14.566,,,,TOU
synth-0317,,EVSE-048,2026-01-27T17:35:40.903607Z,2026-01-27T18:50:40.903607Z,,27.26,,,,TOU
synth-0318,,EVSE-041,2026-01-27T10:24:50.472642Z,2026-01-27T10:54:50.472642Z,,5.025,,,,TOU
synth-0319,,EVSE-014,2026-01-27T07:11:28.047558Z,2026-01-27T08:26:28.047558Z,,9.359,,,,TOU
synth-0320,,EVSE-016,2026-01-27T04:44:14.495584Z,2026-01-27T05:14:14.495584Z,,5.568,,,,TOU
synth-0321,,EVSE-036,2026-01-27T15:42:56.282622Z,2026-01-27T16:12:56.282622Z,,3.707,,,,TOU
synth-0322,,EVSE-042,2026-01-27T00:12:12.076520Z,2026-01-27T01:27:12.076520Z,,14.285,,,,TOU
synth-0323,,EVSE-030,2026-01-27T01:29:51.023096Z,2026-01-27T02:29:51.023096Z,,10.487,,,,TOU
synth-0324,,EVSE-008,2026-01-26T22:56:52.402421Z,2026-01-26T23:36:52.402421Z,,4.887,,,,TOU
synth-0325,,EVSE-014,2026-01-27T13:03:24.854932Z,2026-01-27T13:43:24.854932Z,,7.361,,,,TOU
synth-0326,,EVSE-033,2026-01-27T05:40:26.379563Z,2026-01-27T06:00:26.379563Z,,7.461,,,,TOU
synth-0327,,EVSE-035,2026-01-27T02:01:54.219151Z,2026-01-27T02:21:54.219151Z,,6.895,,,,TOU
synth-0328,,EVSE-038,2026-01-27T20:57:25.397374Z,2026-01-27T21:17:25.397374Z,,3.841,,,,TOU
synth-0329,,EVSE-042,2026-01-26T23:39:15.932991Z,2026-01-26T23:59:15.932991Z,,2.528,,,,TOU
synth-0330,,EVSE-027,2026-01-27T04:19:40.228849Z,2026-01-27T05:19:40.228849Z,,10.648,,,,TOU
synth-0331,,EVSE-025,2026-01-26T22:03:33.320360Z,2026-01-26T23:03:33.320360Z,,10.766,,,,TOU
synth-0332,,EVSE-044,2026-01-27T08:26:43.138441Z,2026-01-27T09:26:43.138441Z,,22.189,,,,TOU
synth-0333,,EVSE-050,2026-01-27T07:44:54.019466Z,2026-01-27T08:24:54.019466Z,,7.222,,,,TOU
synth-0334,,EVSE-041,2026-01-27T07:27:33.775333Z,2026-01-27T07:47:33.775333Z,,7.272,,,,TOU
synth-0335,,EVSE-032,2026-01-27T13:14:37.756471Z,2026-01-27T13:44:37.756471Z,,11.175,,,,TOU
synth-0336,,EVSE-017,2026-01-27T07:40:59.090190Z,2026-01-27T08:55:59.090190Z,,13.813,,,,TOU
synth-0337,,EVSE-037,2026-01-27T20:39:48.292430Z,2026-01-27T21:39:48.292430Z,,6.928,,,,TOU
synth-0338,,EVSE-023,2026-01-27T01:42:16.792321Z,2026-01-27T02:22:16.792321Z,,6.946,,,,TOU
synth-0339,,EVSE-044,2026-01-27T01:19:29.126400Z,2026-01-27T02:34:29.126400Z,,28.374,,,,TOU
synth-0340,,EVSE-017,2026-01-27T12:14:24.451315Z,2026-01-27T12:44:24.451315Z,,10.418,,,,TOU
synth-0341,,EVSE-045,2026-01-27T12:08:28.979096Z,2026-01-27T13:23:28.979096Z,,27.868,,,,TOU
synth-0342,,EVSE-036,2026-01-27T08:44:51.919450Z,2026-01-27T09:24:51.919450Z,,7.789,,,,TOU
synth-0343,,EVSE-046,2026-01-27T13:35:40.187716Z,2026-01-27T14:15:40.187716Z,,7.585,,,,TOU
synth-0344,,EVSE-041,2026-01-27T09:27:15.306801Z,2026-01-27T09:57:15.306801Z,,3.51,,,,TOU
synth-0345,,EVSE-047,2026-01-27T12:50:29.003218Z,2026-01-27T13:30:29.003218Z,,7.367,,,,TOU
synth-0346,,EVSE-017,2026-01-27T09:16:58.700040Z,2026-01-27T10:16:58.700040Z,,22.026,,,,TOU
synth-0347,,EVSE-023,2026-01-27T08:38:17.518742Z,2026-01-27T09:08:17.518742Z,,3.594,,,,TOU
synth-0348,,EVSE-027,2026-01-27T09:53:13.600917Z,2026-01-27T11:08:13.600917Z,,9.11,,,,TOU
synth-0349,,EVSE-049,2026-01-27T12:31:38.838007Z,2026-01-27T13:11:38.838007Z,,7.697,,,,TOU
synth-0350,,EVSE-031,2026-01-27T05:03:28.138908Z,2026-01-27T05:23:28.138908Z,,7.832,,,,TOU
synth-0351,,EVSE-033,2026-01-27T14:47:11.418364Z,2026-01-27T15:17:11.418364Z,,5.273,,,,TOU
synth-0352,,EVSE-018,2026-01-27T11:44:58.209082Z,2026-01-27T12:44:58.209082Z,,10.92,,,,TOU
synth-0353,,EVSE-016,2026-01-27T15:03:48.828019Z,2026-01-27T15:23:48.828019Z,,2.369,,,,TOU
synth-0354,,EVSE-010,2026-01-27T10:32:29.589396Z,2026-01-27T11:02:29.589396Z,,5.165,,,,TOU
synth-0355,,EVSE-020,2026-01-27T12:52:42.750281Z,2026-01-27T13:32:42.750281Z,,4.839,,,,TOU
synth-0356,,EVSE-036,2026-01-27T02:07:04.582468Z,2026-01-27T02:27:04.582468Z,,2.393,,,,TOU
synth-0357,,EVSE-021,2026-01-27T09:19:58.951769Z,2026-01-27T10:19:58.951769Z,,21.944,,,,TOU
synth-0358,,EVSE-022,2026-01-26T22:33:03.232580Z,2026-01-26T23:48:03.232580Z,,27.645,,,,TOU
synth-0359,,EVSE-050,2026-01-27T07:31:25.907312Z,2026-01-27T08:11:25.907312Z,,15.495,,,,TOU
synth-0360,,EVSE-015,2026-01-27T21:29:50.310954Z,2026-01-27T22:29:50.310954Z,,7.301,,,,TOU
synth-0361,,EVSE-013,2026-01-27T05:47:46.043719Z,2026-01-27T06:47:46.043719Z,,23.293,,,,TOU
synth-0362,,EVSE-003,2026-01-27T20:13:03.660919Z,2026-01-27T21:13:03.660919Z,,20.555,,,,TOU
synth-0363,,EVSE-037,2026-01-26T22:51:58.555435Z,2026-01-27T00:06:58.555435Z,,26.081,,,,TOU
synth-0364,,EVSE-040,2026-01-27T19:15:52.053673Z,2026-01-27T19:55:52.053673Z,,5.104,,,,TOU
synth-0365,,EVSE-021,2026-01-27T13:20:32.136423Z,2026-01-27T14:00:32.136423Z,,14.317,,,,TOU
synth-0366,,EVSE-012,2026-01-27T03:02:18.816669Z,2026-01-27T04:17:18.816669Z,,13.99,,,,TOU
synth-0367,,EVSE-018,2026-01-27T14:05:21.671122Z,2026-01-27T15:05:21.671122Z,,7.542,,,,TOU
synth-0368,,EVSE-035,2026-01-27T06:56:00.284731Z,2026-01-27T07:16:00.284731Z,,2.563,,,,TOU
synth-0369,,EVSE-013,2026-01-27T21:35:56.391443Z,2026-01-27T22:35:56.391443Z,,21.267,,,,TOU
synth-0370,,EVSE-020,2026-01-27T10:57:36.399737Z,2026-01-27T12:12:36.399737Z,,26.736,,,,TOU
synth-0371,,EVSE-019,2026-01-27T18:50:21.258570Z,2026-01-27T19:50:21.258570Z,,6.995,,,,TOU
synth-0372,,EVSE-015,2026-01-27T10:07:13.964055Z,2026-01-27T10:37:13.964055Z,,5.264,,,,TOU
synth-0373,,EVSE-031,2026-01-27T07:40:44.527283Z,2026-01-27T08:10:44.527283Z,,11.119,,,,TOU
synth-0374,,EVSE-001,2026-01-26T22:49:39.826683Z,2026-01-26T23:19:39.826683Z,,10.987,,,,TOU
synth-0375,,EVSE-008,2026-01-27T01:29:49.571011Z,2026-01-27T02:29:49.571011Z,,6.906,,,,TOU
synth-0376,,EVSE-021,2026-01-27T14:43:38.747478Z,2026-01-27T15:23:38.747478Z,,7.221,,,,TOU
synth-0377,,EVSE-018,2026-01-27T21:35:48.330422Z,2026-01-27T22:05:48.330422Z,,3.437,,,,TOU
synth-0378,,EVSE-008,2026-01-27T12:11:09.375208Z,2026-01-27T12:41:09.375208Z,,5.555,,,,TOU
synth-0379,,EVSE-022,2026-01-26T23:38:42.380002Z,2026-01-27T00:53:42.380002Z,,13.89,,,,TOU
synth-0380,,EVSE-042,2026-01-27T06:44:00.933293Z,2026-01-27T07:24:00.933293Z,,4.74,,,,TOU
synth-0381,,EVSE-033,2026-01-27T03:42:27.099357Z,2026-01-27T04:02:27.099357Z,,2.483,,,,TOU
synth-0382,,EVSE-046,2026-01-27T03:38:39.456691Z,2026-01-27T04:18:39.456691Z,,4.95,,,,TOU
synth-0383,,EVSE-027,2026-01-27T13:32:31.162362Z,2026-01-27T14:02:31.162362Z,,3.537,,,,TOU
synth-0384,,EVSE-027,2026-01-27T20:24:28.261670Z,2026-01-27T21:39:28.261670Z,,8.784,,,,TOU
synth-0385,,EVSE-015,2026-01-27T14:23:03.549240Z,2026-01-27T15:03:03.549240Z,,15.523,,,,TOU
synth-0386,,EVSE-021,2026-01-27T18:11:03.130596Z,2026-01-27T19:11:03.130596Z,,21.555,,,,TOU
synth-0387,,EVSE-028,2026-01-27T17:42:14.387720Z,2026-01-27T18:12:14.387720Z,,5.399,,,,TOU
synth-0388,,EVSE-037,2026-01-27T05:20:53.365971Z,2026-01-27T06:35:53.365971Z,,14.114,,,,TOU
synth-0389,,EVSE-017,2026-01-26T22:56:22.833704Z,2026-01-26T23:56:22.833704Z,,11.471,,,,TOU
synth-0390,,EVSE-040,2026-01-27T08:58:23.546530Z,2026-01-27T09:28:23.546530Z,,10.044,,,,TOU
synth-0391,,EVSE-014,2026-01-27T18:50:33.832828Z,2026-01-27T19:10:33.832828Z,,2.51,,,,TOU
synth-0392,,EVSE-026,2026-01-27T00:29:29.212917Z,2026-01-27T00:49:29.212917Z,,7.169,,,,TOU
synth-0393,,EVSE-038,2026-01-27T21:33:10.636326Z,2026-01-27T22:03:10.636326Z,,3.755,,,,TOU
synth-0394,,EVSE-039,2026-01-27T01:40:22.393360Z,2026-01-27T02:20:22.393360Z,,14.549,,,,TOU
synth-0395,,EVSE-030,2026-01-27T13:46:46.847686Z,2026-01-27T15:01:46.847686Z,,8.958,,,,TOU
synth-0396,,EVSE-045,2026-01-27T17:37:25.972412Z,2026-01-27T18:37:25.972412Z,,11.086,,,,TOU
synth-0397,,EVSE-026,2026-01-27T07:17:10.164356Z,2026-01-27T07:47:10.164356Z,,11.283,,,,TOU
synth-0398,,EVSE-004,2026-01-27T13:53:44.085824Z,2026-01-27T14:33:44.085824Z,,14.952,,,,TOU
synth-0399,,EVSE-043,2026-01-27T14:32:02.720814Z,2026-01-27T15:12:02.720814Z,,14.732,,,,TOU
synth-0400,,EVSE-015,2026-01-27T21:12:56.718403Z,2026-01-27T22:12:56.718403Z,,22.137,,,,TOU
synth-0401,,EVSE-007,2026-01-26T23:19:40.156212Z,2026-01-27T00:34:40.156212Z,,14.082,,,,TOU
synth-0402,,EVSE-029,2026-01-27T20:07:02.135066Z,2026-01-27T21:07:02.135066Z,,21.948,,,,TOU
synth-0403,,EVSE-047,2026-01-27T14:14:47.966003Z,2026-01-27T15:14:47.966003Z,,21.131,,,,TOU
synth-0404,,EVSE-010,2026-01-27T07:02:27.005487Z,2026-01-27T07:42:27.005487Z,,4.613,,,,TOU
synth-0405,,EVSE-047,2026-01-27T11:20:44.911049Z,2026-01-27T11:50:44.911049Z,,11.174,,,,TOU
synth-0406,,EVSE-021,2026-01-27T21:28:18.334002Z,2026-01-27T22:08:18.334002Z,,4.773,,,,TOU
synth-0407,,EVSE-040,2026-01-27T20:16:04.139391Z,2026-01-27T20:36:04.139391Z,,7.51,,,,TOU
synth-0408,,EVSE-043,2026-01-26T22:51:34.746537Z,2026-01-26T23:21:34.746537Z,,6.002,,,,TOU
synth-0409,,EVSE-042,2026-01-27T02:19:17.718306Z,2026-01-27T03:34:17.718306Z,,9.228,,,,TOU
synth-0410,,EVSE-022,2026-01-27T12:47:00.924337Z,2026-01-27T13:47:00.924337Z,,10.703,,,,TOU
synth-0411,,EVSE-021,2026-01-27T14:18:06.998755Z,2026-01-27T14:58:06.998755Z,,5.009,,,,TOU
synth-0412,,EVSE-030,2026-01-27T05:23:21.065790Z,2026-01-27T05:43:21.065790Z,,8.013,,,,TOU
synth-0413,,EVSE-038,2026-01-27T00:32:30.362723Z,2026-01-27T01:32:30.362723Z,,7.205,,,,TOU
synth-0414,,EVSE-022,2026-01-27T12:10:04.515153Z,2026-01-27T12:40:04.515153Z,,11.328,,,,TOU
synth-0415,,EVSE-042,2026-01-27T08:27:42.082782Z,2026-01-27T09:27:42.082782Z,,10.591,,,,TOU
synth-0416,,EVSE-023,2026-01-27T00:37:06.154809Z,2026-01-27T00:57:06.154809Z,,3.726,,,,TOU
synth-0417,,EVSE-009,2026-01-27T00:33:03.177853Z,2026-01-27T01:48:03.177853Z,,27.621,,,,TOU
synth-0418,,EVSE-046,2026-01-27T12:55:10.652803Z,2026-01-27T13:55:10.652803Z,,7.287,,,,TOU
synth-0419,,EVSE-026,2026-01-27T16:56:41.460293Z,2026-01-27T17:56:41.460293Z,,7.099,,,,TOU
synth-0420,,EVSE-005,2026-01-27T01:04:21.518923Z,2026-01-27T01:34:21.518923Z,,5.139,,,,TOU
synth-0421,,EVSE-049,2026-01-27T15:04:23.602881Z,2026-01-27T16:19:23.602881Z,,8.977,,,,TOU
synth-0422,,EVSE-048,2026-01-27T11:07:17.024554Z,2026-01-27T12:07:17.024554Z,,21.178,,,,TOU
synth-0423,,EVSE-048,2026-01-27T19:12:51.305585Z,2026-01-27T20:27:51.305585Z,,14.102,,,,TOU
synth-0424,,EVSE-017,2026-01-27T15:57:34.896374Z,2026-01-27T17:12:34.896374Z,,13.841,,,,TOU
synth-0425,,EVSE-003,2026-01-27T21:36:34.816160Z,2026-01-27T21:56:34.816160Z,,2.628,,,,TOU
synth-0426,,EVSE-045,2026-01-27T03:50:42.520180Z,2026-01-27T04:30:42.520180Z,,15.117,,,,TOU
synth-0427,,EVSE-028,2026-01-27T20:11:07.465387Z,2026-01-27T20:51:07.465387Z,,4.713,,,,TOU
synth-0428,,EVSE-001,2026-01-27T17:07:06.037057Z,2026-01-27T17:47:06.037057Z,,4.934,,,,TOU
synth-0429,,EVSE-009,2026-01-27T20:08:25.606769Z,2026-01-27T21:23:25.606769Z,,13.662,,,,TOU
synth-0430,,EVSE-012,2026-01-27T01:26:42.918796Z,2026-01-27T02:26:42.918796Z,,7.184,,,,TOU
synth-0431,,EVSE-049,2026-01-27T15:59:32.556921Z,2026-01-27T16:29:32.556921Z,,11.0,,,,TOU
synth-0432,,EVSE-003,2026-01-27T21:29:26.255785Z,2026-01-27T22:29:26.255785Z,,11.239,,,,TOU
synth-0433,,EVSE-036,2026-01-27T21:22:42.649717Z,2026-01-27T21:42:42.649717Z,,3.732,,,,TOU
synth-0434,,EVSE-014,2026-01-27T10:22:18.250006Z,2026-01-27T11:22:18.250006Z,,7.517,,,,TOU
synth-0435,,EVSE-023,2026-01-27T02:58:14.455640Z,2026-01-27T03:18:14.455640Z,,2.466,,,,TOU
synth-0436,,EVSE-026,2026-01-27T17:55:48.524616Z,2026-01-27T18:35:48.524616Z,,4.691,,,,TOU
synth-0437,,EVSE-050,2026-01-27T04:02:41.845713Z,2026-01-27T04:22:41.845713Z,,7.86,,,,TOU
synth-0438,,EVSE-018,2026-01-27T07:00:09.303020Z,2026-01-27T08:15:09.303020Z,,14.321,,,,TOU
synth-0439,,EVSE-010,2026-01-27T10:21:49.117614Z,2026-01-27T10:51:49.117614Z,,11.088,,,,TOU
synth-0440,,EVSE-024,2026-01-27T16:45:48.689422Z,2026-01-27T17:25:48.689422Z,,7.268,,,,TOU
synth-0441,,EVSE-032,2026-01-27T00:47:20.986953Z,2026-01-27T01:17:20.986953Z,,10.768,,,,TOU
synth-0442,,EVSE-013,2026-01-27T15:01:15.941375Z,2026-01-27T16:16:15.941375Z,,27.018,,,,TOU
synth-0443,,EVSE-034,2026-01-27T16:35:37.869587Z,2026-01-27T17:05:37.869587Z,,5.319,,,,TOU
synth-0444,,EVSE-042,2026-01-27T18:54:17.153964Z,2026-01-27T19:14:17.153964Z,,7.495,,,,TOU
synth-0445,,EVSE-019,2026-01-27T08:15:46.936612Z,2026-01-27T08:45:46.936612Z,,5.777,,,,TOU
synth-0446,,EVSE-017,2026-01-27T11:44:07.142764Z,2026-01-27T12:59:07.142764Z,,28.152,,,,TOU
synth-0447,,EVSE-044,2026-01-27T15:01:45.347564Z,2026-01-27T15:41:45.347564Z,,4.957,,,,TOU
synth-0448,,EVSE-029,2026-01-27T11:27:09.292609Z,2026-01-27T11:47:09.292609Z,,2.362,,,,TOU
synth-0449,,EVSE-023,2026-01-27T06:40:49.931449Z,2026-01-27T07:55:49.931449Z,,13.52,,,,TOU
synth-0450,,EVSE-007,2026-01-27T05:41:06.052268Z,2026-01-27T06:21:06.052268Z,,7.418,,,,TOU
synth-0451,,EVSE-008,2026-01-27T01:11:11.361075Z,2026-01-27T01:41:11.361075Z,,5.192,,,,TOU
synth-0452,,EVSE-035,2026-01-27T02:39:36.349575Z,2026-01-27T03:39:36.349575Z,,6.773,,,,TOU
synth-0453,,EVSE-033,2026-01-27T02:30:49.742294Z,2026-01-27T02:50:49.742294Z,,2.401,,,,TOU
synth-0454,,EVSE-030,2026-01-27T02:35:10.365598Z,2026-01-27T03:35:10.365598Z,,6.92,,,,TOU
synth-0455,,EVSE-038,2026-01-27T03:21:58.595769Z,2026-01-27T03:41:58.595769Z,,2.292,,,,TOU
synth-0456,,EVSE-016,2026-01-27T02:59:56.881333Z,2026-01-27T03:59:56.881333Z,,10.763,,,,TOU
synth-0457,,EVSE-031,2026-01-27T13:37:12.470321Z,2026-01-27T14:52:12.470321Z,,29.211,,,,TOU
synth-0458,,EVSE-025,2026-01-27T10:50:27.407345Z,2026-01-27T12:05:27.407345Z,,26.438,,,,TOU
synth-0459,,EVSE-004,2026-01-27T19:20:16.623770Z,2026-01-27T20:00:16.623770Z,,4.636,,,,TOU
synth-0460,,EVSE-044,2026-01-27T07:44:35.728328Z,2026-01-27T08:04:35.728328Z,,2.505,,,,TOU
synth-0461,,EVSE-005,2026-01-27T13:24:33.136048Z,2026-01-27T13:44:33.136048Z,,2.406,,,,TOU
synth-0462,,EVSE-009,2026-01-27T21:36:02.818104Z,2026-01-27T22:06:02.818104Z,,3.49,,,,TOU
synth-0463,,EVSE-029,2026-01-27T21:40:02.057864Z,2026-01-27T22:40:02.057864Z,,10.858,,,,TOU
synth-0464,,EVSE-004,2026-01-27T14:34:56.042490Z,2026-01-27T15:34:56.042490Z,,10.927,,,,TOU
synth-0465,,EVSE-026,2026-01-27T03:34:45.250942Z,2026-01-27T04:34:45.250942Z,,10.868,,,,TOU
synth-0466,,EVSE-006,2026-01-27T17:23:23.571157Z,2026-01-27T17:53:23.571157Z,,11.205,,,,TOU
synth-0467,,EVSE-036,2026-01-27T02:49:39.610736Z,2026-01-27T03:29:39.610736Z,,5.092,,,,TOU
synth-0468,,EVSE-046,2026-01-27T18:41:18.280057Z,2026-01-27T19:21:18.280057Z,,4.67,,,,TOU
synth-0469,,EVSE-038,2026-01-27T11:29:57.998173Z,2026-01-27T11:59:57.998173Z,,5.459,,,,TOU
synth-0470,,EVSE-015,2026-01-27T15:32:48.516569Z,2026-01-27T16:47:48.516569Z,,13.617,,,,TOU
synth-0471,,EVSE-010,2026-01-27T15:11:24.726332Z,2026-01-27T15:51:24.726332Z,,14.469,,,,TOU
synth-0472,,EVSE-042,2026-01-27T04:44:06.374966Z,2026-01-27T05:14:06.374966Z,,5.256,,,,TOU
synth-0473,,EVSE-012,2026-01-27T20:40:14.731819Z,2026-01-27T21:40:14.731819Z,,22.396,,,,TOU
synth-0474,,EVSE-007,2026-01-27T17:05:40.757986Z,2026-01-27T17:35:40.757986Z,,5.214,,,,TOU
synth-0475,,EVSE-024,2026-01-27T05:03:41.637712Z,2026-01-27T06:18:41.637712Z,,9.358,,,,TOU
synth-0476,,EVSE-006,2026-01-27T05:20:02.780404Z,2026-01-27T06:00:02.780404Z,,4.58,,,,TOU
synth-0477,,EVSE-037,2026-01-27T09:34:40.937004Z,2026-01-27T10:34:40.937004Z,,21.263,,,,TOU
synth-0478,,EVSE-009,2026-01-27T08:41:22.103136Z,2026-01-27T09:11:22.103136Z,,3.565,,,,TOU
synth-0479,,EVSE-042,2026-01-27T04:40:46.043575Z,2026-01-27T05:55:46.043575Z,,26.798,,,,TOU
synth-0480,,EVSE-018,2026-01-27T20:41:08.616140Z,2026-01-27T21:01:08.616140Z,,3.821,,,,TOU
synth-0481,,EVSE-050,2026-01-27T21:02:08.170776Z,2026-01-27T22:02:08.170776Z,,10.973,,,,TOU
synth-0482,,EVSE-004,2026-01-27T05:35:29.825829Z,2026-01-27T06:15:29.825829Z,,15.244,,,,TOU
synth-0483,,EVSE-012,2026-01-27T00:17:14.120531Z,2026-01-27T00:57:14.120531Z,,4.911,,,,TOU
synth-0484,,EVSE-038,2026-01-27T05:20:17.796950Z,2026-01-27T05:40:17.796950Z,,3.069,,,,TOU
synth-0485,,EVSE-023,2026-01-26T23:56:53.635713Z,2026-01-27T00:16:53.635713Z,,6.809,,,,TOU
synth-0486,,EVSE-004,2026-01-27T11:20:37.163466Z,2026-01-27T12:00:37.163466Z,,15.572,,,,TOU
synth-0487,,EVSE-040,2026-01-27T02:49:25.071317Z,2026-01-27T03:09:25.071317Z,,7.751,,,,TOU
synth-0488,,EVSE-023,2026-01-27T07:34:46.473545Z,2026-01-27T08:34:46.473545Z,,6.567,,,,TOU
synth-0489,,EVSE-036,2026-01-27T02:43:14.082145Z,2026-01-27T03:03:14.082145Z,,3.525,,,,TOU
synth-0490,,EVSE-020,2026-01-27T19:43:14.955187Z,2026-01-27T20:23:14.955187Z,,4.812,,,,TOU
synth-0491,,EVSE-023,2026-01-27T20:28:07.195834Z,2026-01-27T21:43:07.195834Z,,27.512,,,,TOU
synth-0492,,EVSE-015,2026-01-27T04:49:44.485578Z,2026-01-27T05:09:44.485578Z,,7.207,,,,TOU
synth-0493,,EVSE-012,2026-01-27T10:54:12.074436Z,2026-01-27T11:54:12.074436Z,,7.409,,,,TOU
synth-0494,,EVSE-005,2026-01-27T06:32:49.031318Z,2026-01-27T07:02:49.031318Z,,3.285,,,,TOU
synth-0495,,EVSE-021,2026-01-26T23:35:57.828233Z,2026-01-27T00:50:57.828233Z,,13.55,,,,TOU
synth-0496,,EVSE-006,2026-01-27T01:17:28.490199Z,2026-01-27T01:47:28.490199Z,,5.516,,,,TOU
synth-0497,,EVSE-048,2026-01-27T15:39:20.224703Z,2026-01-27T16:39:20.224703Z,,10.79,,,,TOU
synth-0498,,EVSE-016,2026-01-27T10:05:45.898017Z,2026-01-27T11:20:45.898017Z,,28.102,,,,TOU
synth-0499,,EVSE-048,2026-01-27T00:58:47.932843Z,2026-01-27T01:58:47.932843Z,,10.68,,,,TOU
synth-0500,,EVSE-007,2026-01-27T20:30:38.636128Z,2026-01-27T21:45:38.636128Z,,28.909,,,,TOU
tamper_demo-0001,user-002,EVSE-046,2026-05-23T23:22:59.070749Z,2026-05-24T00:02:59.070749Z,bidirectional,3.4,4.028,0.624,3.404,TOU
