session_id,expected_hash,computed_hash,match,batch_root,batch_day
run_20260217_215140-0001,0xd3d91989477b1f33cea3a0ef93d835aef3f42b209c3a483b20fb6f1b98c63eac,0xd3d91989477b1f33cea3a0ef93d835aef3f42b209c3a483b20fb6f1b98c63eac,True,0x37a014154b415f1bf0b467028479076a43656112776d6ce257a41812c8848e03,2026-02-17
run_20260217_215140-0002,0x99f7b2068af95c4ac8f0b1cba529d2fe42ccf1f476d5c60ccb25b8183295e96b,0x99f7b2068af95c4ac8f0b1cba529d2fe42ccf1f476d5c60ccb25b8183295e96b,True,0x37a014154b415f1bf0b467028479076a43656112776d6ce257a41812c8848e03,2026-02-17
run_20260217_215140-0003,0x2838395bde8b83c2252f2bb69649c03d9b675fd8d1900e68ff26723b39a784e8,0x2838395bde8b83c2252f2bb69649c03d9b675fd8d1900e68ff26723b39a784e8,True,0x37a014154b415f1bf0b467028479076a43656112776d6ce257a41812c8848e03,2026-02-17
run_20260217_215140-0004,0x66c34c9bc8fe2f5909cd21dc032d41febff75a21160c99c436a9190223d7087d,0x66c34c9bc8fe2f5909cd21dc032d41febff75a21160c99c436a9190223d7087d,True,0x37a014154b415f1bf0b467028479076a43656112776d6ce257a41812c8848e03,2026-02-17
run_20260217_215140-0005,0xb6c17e1c1cbc79ca5a6eb048e16b68aa968a345e0259330b1f1657fdd3869e42,0xb6c17e1c1cbc79ca5a6eb048e16b68aa968a345e0259330b1f1657fdd3869e42,True,0x37a014154b415f1bf0b467028479076a43656112776d6ce257a41812c8848e03,2026-02-17
run_20260217_220238-0001,0x7e526b4a69f1487246f043bacea695eb39a46495b329b62fbe13a9767906370a,0x7e526b4a69f1487246f043bacea695eb39a46495b329b62fbe13a9767906370a,True,0xa614a29f4fc1cbcdf36713ede6965e331845872ffdd11384cfc3aa63572f72a1,2026-02-17
run_20260217_220238-0002,0x0b4b2bef55ec3a2877ed42eff75548d2afa6cb29af6f9ad7a738a4e2759ff419,0x0b4b2bef55ec3a2877ed42eff75548d2afa6cb29af6f9ad7a738a4e2759ff419,True,0xa614a29f4fc1cbcdf36713ede6965e331845872ffdd11384cfc3aa63572f72a1,2026-02-17
run_20260217_220238-0003,0x04583aea8dd0e91f00ab949c56f65e0103b3256bd5b925d351417974a871a659,0x04583aea8dd0e91f00ab949c56f65e0103b3256bd5b925d351417974a871a659,True,0xa614a29f4fc1cbcdf36713ede6965e331845872ffdd11384cfc3aa63572f72a1,2026-02-17
run_20260217_220238-0004,0xe31da02c47dbec520e978de675e7d7a4d101450ed1655869a231528daea83076,0xe31da02c47dbec520e978de675e7d7a4d101450ed1655869a231528daea83076,True,0xa614a29f4fc1cbcdf36713ede6965e331845872ffdd11384cfc3aa63572f72a1,2026-02-17
run_20260217_220238-0005,0xd523bfe2568c4f9dfa3ffd807962e7329867094d199fdb9d4f937de0be3e1385,0xd523bfe2568c4f9dfa3ffd807962e7329867094d199fdb9d4f937de0be3e1385,True,0xa614a29f4fc1cbcdf36713ede6965e331845872ffdd11384cfc3aa63572f72a1,2026-02-17
run_20260217_220238-0006,0xb733c15810ff9ece2ff50c0a6bebefa1a8dc5fcd553bb9764458ac5d829e8bbf,0xb733c15810ff9ece2ff50c0a6bebefa1a8dc5fcd553bb9764458ac5d829e8bbf,True,0xa614a29f4fc1cbcdf36713ede6965e331845872ffdd11384cfc3aa63572f72a1,2026-02-17
run_20260217_220238-0007,0xaa5e1fa0737c309d6e5579dede62984afa22535414e1ebec938fac9f9f3be797,0xaa5e1fa0737c309d6e5579dede62984afa22535414e1ebec938fac9f9f3be797,True,0xa614a29f4fc1cbcdf36713ede6965e331845872ffdd11384cfc3aa63572f72a1,2026-02-17
run_20260217_220238-0008,0xb8fc10dd5caf9ca82b40f541ad2eaa16ce53fdff123ee58e5c1de7b95a8e8967,0xb8fc10dd5caf9ca82b40f541ad2eaa16ce53fdff123ee58e5c1de7b95a8e8967,True,0xa614a29f4fc1cbcdf36713ede6965e331845872ffdd11384cfc3aa63572f72a1,2026-02-17
run_20260217_220238-0009,0xa1546c4ccc5493335b3d4b64f784aebd3ae3b7ce9df9b63dd049954ab4b77847,0xa1546c4ccc5493335b3d4b64f784aebd3ae3b7ce9df9b63dd049954ab4b77847,True,0xa614a29f4fc1cbcdf36713ede6965e331845872ffdd11384cfc3aa63572f72a1,2026-02-17
run_20260217_220238-0010,0x72e57988e6a8af6bd234f6d67737af8b8f4e0b1f4851082e472a9c0a23bd1ac2,0x72e57988e6a8af6bd234f6d67737af8b8f4e0b1f4851082e472a9c0a23bd1ac2,True,0xa614a29f4fc1cbcdf36713ede6965e331845872ffdd11384cfc3aa63572f72a1,2026-02-17
run_20260217_220238-0011,0xcb707b8ce370ee04d8628ee8746073f33765e4c547be9ad28ded89b04967f495,0xcb707b8ce370ee04d8628ee8746073f33765e4c547be9ad28ded89b04967f495,True,0xa614a29f4fc1cbcdf36713ede6965e331845872ffdd11384cfc3aa63572f72a1,2026-02-17
run_20260217_220238-0012,0x8b4f4d8607e6778a6e5c12a780e4ed8228f34b74a04897f436524736f2641710,0x8b4f4d8607e6778a6e5c12a780e4ed8228f34b74a04897f436524736f2641710,True,0xa614a29f4fc1cbcdf36713ede6965e331845872ffdd11384cfc3aa63572f72a1,2026-02-17
run_20260217_220238-0013,0xc6e8969dc61225e2ee5d249e54e941f2ebead934fa88e058652f3756848ec24d,0xc6e8969dc61225e2ee5d249e54e941f2ebead934fa88e058652f3756848ec24d,True,0xa614a29f4fc1cbcdf36713ede6965e331845872ffdd11384cfc3aa63572f72a1,2026-02-17
run_20260217_220238-0014,0x1af0ff0f4444148e02381810725401d617dfcad56d122dae1d012d5f017ce4e6,0x1af0ff0f4444148e02381810725401d617dfcad56d122dae1d012d5f017ce4e6,True,0xa614a29f4fc1cbcdf36713ede6965e331845872ffdd11384cfc3aa63572f72a1,2026-02-17
run_20260217_220238-0015,0xd10ee3abfed1f87f5a2944bb1a8ce60f99567a990e3471d75a68506ce4c2126f,0xd10ee3abfed1f87f5a2944bb1a8ce60f99567a990e3471d75a68506ce4c2126f,True,0xa614a29f4fc1cbcdf36713ede6965e331845872ffdd11384cfc3aa63572f72a1,2026-02-17
run_20260217_220238-0016,0xeec65e9b65f858e79243b4c8c26bbc880d1b278e4a66539e902f4a1ffe6c6484,0xeec65e9b65f858e79243b4c8c26bbc880d1b278e4a66539e902f4a1ffe6c6484,True,0xa614a29f4fc1cbcdf36713ede6965e331845872ffdd11384cfc3aa63572f72a1,2026-02-17
run_20260217_220238-0017,0x5499bbba85f6994e85e3b97e27b0f573bebf295c3a9bb6f46924f08785a29966,0x5499bbba85f6994e85e3b97e27b0f573bebf295c3a9bb6f46924f08785a29966,True,0xa614a29f4fc1cbcdf36713ede6965e331845872ffdd11384cfc3aa63572f72a1,2026-02-17
run_20260217_220238-0018,0x703a143a0358b398f1debe01d2897eea05379963f27a4c859bd6797d0f3566c6,0x703a143a0358b398f1debe01d2897eea05379963f27a4c859bd6797d0f3566c6,True,0xa614a29f4fc1cbcdf36713ede6965e331845872ffdd11384cfc3aa63572f72a1,2026-02-17
run_20260217_220238-0019,0x2dafd52a6d5a68b6058c50459f1aff5c418e2451c09d87e804cf0a684a57b009,0x2dafd52a6d5a68b6058c50459f1aff5c418e2451c09d87e804cf0a684a57b009,True,0xa614a29f4fc1cbcdf36713ede6965e331845872ffdd11384cfc3aa63572f72a1,2026-02-17
run_20260217_220238-0020,0xba9fb4615a6e22708299aef743b295113f44fb605f1723fa714377e138fd9358,0xba9fb4615a6e22708299aef743b295113f44fb605f1723fa714377e138fd9358,True,0xa614a29f4fc1cbcdf36713ede6965e331845872ffdd11384cfc3aa63572f72a1,2026-02-17
run_20260217_220238-0021,0x2b1e0b89cf9ad473a7360b96bdbb40c5fabb143bb8fd5515f691c2a4ae6bb5d1,0x2b1e0b89cf9ad473a7360b96bdbb40c5fabb143bb8fd5515f691c2a4ae6bb5d1,True,0xa614a29f4fc1cbcdf36713ede6965e331845872ffdd11384cfc3aa63572f72a1,2026-02-17
run_20260217_220238-0022,0x9456f5d55dc62f0973a55c3f7ae3f4ab653ea698ee9c28ff60990f379ef6a6af,0x9456f5d55dc62f0973a55c3f7ae3f4ab653ea698ee9c28ff60990f379ef6a6af,True,0xa614a29f4fc1cbcdf36713ede6965e331845872ffdd11384cfc3aa63572f72a1,2026-02-17
run_20260217_220238-0023,0x2ec3e578d48c565a7e41efd94bd879ab60a76709e29612655bec26d649f65faa,0x2ec3e578d48c565a7e41efd94bd879ab60a76709e29612655bec26d649f65faa,True,0xa614a29f4fc1cbcdf36713ede6965e331845872ffdd11384cfc3aa63572f72a1,2026-02-17
run_20260217_220238-0024,0x441c97ec840dd680710259301129ea25eaef4a65c897f1418d5885408873f8a8,0x441c97ec840dd680710259301129ea25eaef4a65c897f1418d5885408873f8a8,True,0xa614a29f4fc1cbcdf36713ede6965e331845872ffdd11384cfc3aa63572f72a1,2026-02-17
run_20260217_220238-0025,0xc211751125279cc80a1b974ef3c2604316d9c88c33f1a8498fa0176fe27ff6a0,0xc211751125279cc80a1b974ef3c2604316d9c88c33f1a8498fa0176fe27ff6a0,True,0xa614a29f4fc1cbcdf36713ede6965e331845872ffdd11384cfc3aa63572f72a1,2026-02-17
run_20260217_220238-0026,0x4de53e4d6196b79a80c357275e953c22bb08693e211e0df4de4e73d62aa4e5cd,0x4de53e4d6196b79a80c357275e953c22bb08693e211e0df4de4e73d62aa4e5cd,True,0xa614a29f4fc1cbcdf36713ede6965e331845872ffdd11384cfc3aa63572f72a1,2026-02-17
run_20260217_220238-0027,0x920ca283d7ab25ff43b9c62b44c6b010d37142460b7e81fba66ed31456c89c5b,0x920ca283d7ab25ff43b9c62b44c6b010d37142460b7e81fba66ed31456c89c5b,True,0xa614a29f4fc1cbcdf36713ede6965e331845872ffdd11384cfc3aa63572f72a1,2026-02-17
run_20260217_220238-0028,0xc757a6ee30bdbceaeb80d745bc9232a4374ff031bf61c11cb46f80d3b05e71aa,0xc757a6ee30bdbceaeb80d745bc9232a4374ff031bf61c11cb46f80d3b05e71aa,True,0xa614a29f4fc1cbcdf36713ede6965e331845872ffdd11384cfc3aa63572f72a1,2026-02-17
run_20260217_220238-0029,0x69981654e3910da3eae4dc29c4f49d707f61763eda9b7cb5f2dad2314fd515f0,0x69981654e3910da3eae4dc29c4f49d707f61763eda9b7cb5f2dad2314fd515f0,True,0xa614a29f4fc1cbcdf36713ede6965e331845872ffdd11384cfc3aa63572f72a1,2026-02-17
run_20260217_220238-0030,0xd95aecf186ded9739db9c2349a067a0d3263bfd926ae25681b2fc7880a150c13,0xd95aecf186ded9739db9c2349a067a0d3263bfd926ae25681b2fc7880a150c13,True,0xa614a29f4fc1cbcdf36713ede6965e331845872ffdd11384cfc3aa63572f72a1,2026-02-17
run_20260217_220238-0031,0xa3bf0c5431ea019ef2e7cd7296725efb5fa75ddb40b80b99d9f58303d7085953,0xa3bf0c5431ea019ef2e7cd7296725efb5fa75ddb40b80b99d9f58303d7085953,True,0xa614a29f4fc1cbcdf36713ede6965e331845872ffdd11384cfc3aa63572f72a1,2026-02-17
run_20260217_220238-0032,0x7d96e0a9f42a5f905263b314e2787cb0856ed62c18d3faa17aa182b085aff634,0x7d96e0a9f42a5f905263b314e2787cb0856ed62c18d3faa17aa182b085aff634,True,0xa614a29f4fc1cbcdf36713ede6965e331845872ffdd11384cfc3aa63572f72a1,2026-02-17
run_20260217_220238-0033,0x96302e80d242d4e2b27150ff30ed852aab14f43a438454293e6e56c298f9e141,0x96302e80d242d4e2b27150ff30ed852aab14f43a438454293e6e56c298f9e141,True,0xa614a29f4fc1cbcdf36713ede6965e331845872ffdd11384cfc3aa63572f72a1,2026-02-17
run_20260217_220238-0034,0xdd7897d61bf311d572c866e8f7009ec4e7a628e029aa0513ccd2f2c54ca71d9a,0xdd7897d61bf311d572c866e8f7009ec4e7a628e029aa0513ccd2f2c54ca71d9a,True,0xa614a29f4fc1cbcdf36713ede6965e331845872ffdd11384cfc3aa63572f72a1,2026-02-17
run_20260217_220238-0035,0x5ae765c7923217e943af92d13ff2fac56a1e3172da391f633a6cdff5b036174d,0x5ae765c7923217e943af92d13ff2fac56a1e3172da391f633a6cdff5b036174d,True,0xa614a29f4fc1cbcdf36713ede6965e331845872ffdd11384cfc3aa63572f72a1,2026-02-17
run_20260217_220238-0036,0x8fe7686d322ca7eb7faecb06a5cc1e323b5a4e7ffea59b0a4ef92bd3d413e622,0x8fe7686d322ca7eb7faecb06a5cc1e323b5a4e7ffea59b0a4ef92bd3d413e622,True,0xa614a29f4fc1cbcdf36713ede6965e331845872ffdd11384cfc3aa63572f72a1,2026-02-17
run_20260217_220238-0037,0x5051e13ff5f3523767fd71d8b14e0e1588860220bb00b05f801199593ec78f1c,0x5051e13ff5f3523767fd71d8b14e0e1588860220bb00b05f801199593ec78f1c,True,0xa614a29f4fc1cbcdf36713ede6965e331845872ffdd11384cfc3aa63572f72a1,2026-02-17
run_20260217_220238-0038,0x347b70bb9cc71e38a5db757ac682b01ebfc1c8e34f8a9f93eb00e28ddc57ce6d,0x347b70bb9cc71e38a5db757ac682b01ebfc1c8e34f8a9f93eb00e28ddc57ce6d,True,,
run_20260217_220238-0039,0xef512a32a38491fb20594182ae9b506cd348a21a52c0f2ecc841bae0b06f3e3f,0xef512a32a38491fb20594182ae9b506cd348a21a52c0f2ecc841bae0b06f3e3f,True,0xa614a29f4fc1cbcdf36713ede6965e331845872ffdd11384cfc3aa63572f72a1,2026-02-17
run_20260217_220238-0040,0xb729b88c5c3f831d6327171d167493389e4e77b609dd13e4486acc5044e304ae,0xb729b88c5c3f831d6327171d167493389e4e77b609dd13e4486acc5044e304ae,True,0xa614a29f4fc1cbcdf36713ede6965e331845872ffdd11384cfc3aa63572f72a1,2026-02-17
run_20260217_220238-0041,0xd358e27220fb50179dac79ed7e6ef6710b30c75088acd1d5df1234edf4af7376,0xd358e27220fb50179dac79ed7e6ef6710b30c75088acd1d5df1234edf4af7376,True,0xa614a29f4fc1cbcdf36713ede6965e331845872ffdd11384cfc3aa63572f72a1,2026-02-17
run_20260217_220238-0042,0xca981cf1868b873762902bea69289f0de5b71dcbe1a2a2668e98828c0d88f472,0xca981cf1868b873762902bea69289f0de5b71dcbe1a2a2668e98828c0d88f472,True,0xa614a29f4fc1cbcdf36713ede6965e331845872ffdd11384cfc3aa63572f72a1,2026-02-17
run_20260217_220238-0043,0x74e59097d2ce14558c3816a39caf51c23e699a35b14961cd56e8555efaef22a2,0x74e59097d2ce14558c3816a39caf51c23e699a35b14961cd56e8555efaef22a2,True,0xa614a29f4fc1cbcdf36713ede6965e331845872ffdd11384cfc3aa63572f72a1,2026-02-17
run_20260217_220238-0044,0x29069f62377f39e5311563fbe05a0150100d2bcee76213e0e7cb0c6cab7a47b9,0x29069f62377f39e5311563fbe05a0150100d2bcee76213e0e7cb0c6cab7a47b9,True,0xa614a29f4fc1cbcdf36713ede6965e331845872ffdd11384cfc3aa63572f72a1,2026-02-17
run_20260217_220238-0045,0x621d7c61d8de1192717a581f683f0de14d89b0a1b73b5f31cc264de0e3b113f0,0x621d7c61d8de1192717a581f683f0de14d89b0a1b73b5f31cc264de0e3b113f0,True,0xa614a29f4fc1cbcdf36713ede6965e331845872ffdd11384cfc3aa63572f72a1,2026-02-17
run_20260217_220238-0046,0x886f5528a11d945e62f7d33f6345163639933f9ed5f55c754b50c2401d610ae6,0x886f5528a11d945e62f7d33f6345163639933f9ed5f55c754b50c2401d610ae6,True,0xa614a29f4fc1cbcdf36713ede6965e331845872ffdd11384cfc3aa63572f72a1,2026-02-17
run_20260217_220238-0047,0x3bba68132132e517459ce106721917494314ec16d3111c382cd0e481efe7801f,0x3bba68132132e517459ce106721917494314ec16d3111c382cd0e481efe7801f,True,0xa614a29f4fc1cbcdf36713ede6965e331845872ffdd11384cfc3aa63572f72a1,2026-02-17
run_20260217_220238-0048,0xa498e86ffc4aa29a6e78855066b302f5049ea3170825df2dacf39df321ddaf90,0xa498e86ffc4aa29a6e78855066b302f5049ea3170825df2dacf39df321ddaf90,True,0xa614a29f4fc1cbcdf36713ede6965e331845872ffdd11384cfc3aa63572f72a1,2026-02-17
run_20260217_220238-0049,0xecf400c9dcc18b7cf8a5e4c981f1cb48332235c438484a91720357983d6f3ff9,0xecf400c9dcc18b7cf8a5e4c981f1cb48332235c438484a91720357983d6f3ff9,True,0xa614a29f4fc1cbcdf36713ede6965e331845872ffdd11384cfc3aa63572f72a1,2026-02-17
run_20260217_220238-0050,0xc09d8526ef2a3ce08c2f47763f204fb378f6b260a36d0b701c09bbfc93a41e9d,0xc09d8526ef2a3ce08c2f47763f204fb378f6b260a36d0b701c09bbfc93a41e9d,True,0xa614a29f4fc1cbcdf36713ede6965e331845872ffdd11384cfc3aa63572f72a1,2026-02-17
run_20260217_220238-0051,0x99d2b759e19f6194d2a9d100dd05cf2c8d1601e332cec45fa5f8f935fd0874be,0x99d2b759e19f6194d2a9d100dd05cf2c8d1601e332cec45fa5f8f935fd0874be,True,0xa614a29f4fc1cbcdf36713ede6965e331845872ffdd11384cfc3aa63572f72a1,2026-02-17
run_20260217_220238-0052,0xbd19d3d7b7ade2331949840e9fe5b31db7717823829f5a0615ec9938e60bf51a,0xbd19d3d7b7ade2331949840e9fe5b31db7717823829f5a0615ec9938e60bf51a,True,0xa614a29f4fc1cbcdf36713ede6965e331845872ffdd11384cfc3aa63572f72a1,2026-02-17
run_20260217_220238-0053,0xafdc7c1ddb61d0101fa3688c6a0f67222308750d3324b739d783b37edd57ee36,0xafdc7c1ddb61d0101fa3688c6a0f67222308750d3324b739d783b37edd57ee36,True,0xa614a29f4fc1cbcdf36713ede6965e331845872ffdd11384cfc3aa63572f72a1,2026-02-17
run_20260217_220238-0054,0xd294487ef20c53416a71b71b5d278c3e939a1bb26b0e8dca6b97888cc840ea25,0xd294487ef20c53416a71b71b5d278c3e939a1bb26b0e8dca6b97888cc840ea25,True,0xa614a29f4fc1cbcdf36713ede6965e331845872ffdd11384cfc3aa63572f72a1,2026-02-17
run_20260217_220238-0055,0x465253936aa524250b0f4160b86d68203f4590a92e3cfcc9d158be97d94f1ba3,0x465253936aa524250b0f4160b86d68203f4590a92e3cfcc9d158be97d94f1ba3,True,0xa614a29f4fc1cbcdf36713ede6965e331845872ffdd11384cfc3aa63572f72a1,2026-02-17
run_20260217_220238-0056,0x885b7dcf0ccaf6d92b3d3ca4952fac6736c4a9eb8d1f4b4bcdbc1156337d4451,0x885b7dcf0ccaf6d92b3d3ca4952fac6736c4a9eb8d1f4b4bcdbc1156337d4451,True,0xa614a29f4fc1cbcdf36713ede6965e331845872ffdd11384cfc3aa63572f72a1,2026-02-17
run_20260217_220238-0057,0x07163c8943b9d9737404fb9f2d952337cfb674ad2ed69503abed0573bee9fa8a,0x07163c8943b9d9737404fb9f2d952337cfb674ad2ed69503abed0573bee9fa8a,True,0xa614a29f4fc1cbcdf36713ede6965e331845872ffdd11384cfc3aa63572f72a1,2026-02-17
run_20260217_220238-0058,0xd297ee954b7983c8fec9268b5fbd8e327198b83f1d133cdca2b2bc55dd9a61cb,0xd297ee954b7983c8fec9268b5fbd8e327198b83f1d133cdca2b2bc55dd9a61cb,True,0xa614a29f4fc1cbcdf36713ede6965e331845872ffdd11384cfc3aa63572f72a1,2026-02-17
run_20260217_220238-0059,0xdac39eab18765fb0ce301eae31f44ef334d1108d721fd1067fb59299e50f864d,0xdac39eab18765fb0ce301eae31f44ef334d1108d721fd1067fb59299e50f864d,True,0xa614a29f4fc1cbcdf36713ede6965e331845872ffdd11384cfc3aa63572f72a1,2026-02-17
run_20260217_220238-0060,0xbbfbd95d753ba568c49c1c98570ff520612ab8e91186a43b67093040ef287673,0xbbfbd95d753ba568c49c1c98570ff520612ab8e91186a43b67093040ef287673,True,0xa614a29f4fc1cbcdf36713ede6965e331845872ffdd11384cfc3aa63572f72a1,2026-02-17
run_20260217_220238-0061,0xd67d1d1a0b6baf1f205bc5585d74eceac8d9df74565831ba0f7e180ab880b87a,0xd67d1d1a0b6baf1f205bc5585d74eceac8d9df74565831ba0f7e180ab880b87a,True,0xa614a29f4fc1cbcdf36713ede6965e331845872ffdd11384cfc3aa63572f72a1,2026-02-17
run_20260217_220238-0062,0xf4406497d65387d9f78790a20e14bbd54699919d71bdf205bd28c6ac0d1890b9,0xf4406497d65387d9f78790a20e14bbd54699919d71bdf205bd28c6ac0d1890b9,True,0xa614a29f4fc1cbcdf36713ede6965e331845872ffdd11384cfc3aa63572f72a1,2026-02-17
run_20260217_220238-0063,0x9314cbcecbcd73d12065c5816d11fcf4804f0a2368316f123d7ed9c058fab997,0x9314cbcecbcd73d12065c5816d11fcf4804f0a2368316f123d7ed9c058fab997,True,0xa614a29f4fc1cbcdf36713ede6965e331845872ffdd11384cfc3aa63572f72a1,2026-02-17
run_20260217_220238-0064,0x71b3ad854623cfe4ef64ae7afc23f7eb9e87711ba06d9d44b1e80bf2b202cd79,0x71b3ad854623cfe4ef64ae7afc23f7eb9e87711ba06d9d44b1e80bf2b202cd79,True,0xa614a29f4fc1cbcdf36713ede6965e331845872ffdd11384cfc3aa63572f72a1,2026-02-17
run_20260217_220238-0065,0x067efff2d8a2295cdbf7f24263a906f7e15d8fce7ea58864896ef3960438f780,0x067efff2d8a2295cdbf7f24263a906f7e15d8fce7ea58864896ef3960438f780,True,0xa614a29f4fc1cbcdf36713ede6965e331845872ffdd11384cfc3aa63572f72a1,2026-02-17
run_20260217_220238-0066,0x886de98818c03a4005d41321daffe1c61a572aa6075414a5acbbd5dc61331c74,0x886de98818c03a4005d41321daffe1c61a572aa6075414a5acbbd5dc61331c74,True,0xa614a29f4fc1cbcdf36713ede6965e331845872ffdd11384cfc3aa63572f72a1,2026-02-17
run_20260217_220238-0067,0xe1ad9a67519fe66c3dd7563e468a1b7158c735dcdfbc957d9555d05f7a0cdd3a,0xe1ad9a67519fe66c3dd7563e468a1b7158c735dcdfbc957d9555d05f7a0cdd3a,True,0xa614a29f4fc1cbcdf36713ede6965e331845872ffdd11384cfc3aa63572f72a1,2026-02-17
run_20260217_220238-0068,0xc42c3a3c79d86f1191bd06d49e413ae1592eeb28b5a66cd7e98252509a6d5351,0xc42c3a3c79d86f1191bd06d49e413ae1592eeb28b5a66cd7e98252509a6d5351,True,0xa614a29f4fc1cbcdf36713ede6965e331845872ffdd11384cfc3aa63572f72a1,2026-02-17
run_20260217_220238-0069,0x607996afb1f5f82fa89fa8b25a86f7f21e5ea57d02001e700185f4778645a74b,0x607996afb1f5f82fa89fa8b25a86f7f21e5ea57d02001e700185f4778645a74b,True,0xa614a29f4fc1cbcdf36713ede6965e331845872ffdd11384cfc3aa63572f72a1,2026-02-17
run_20260217_220238-0070,0xa47f5a909b2879293854795524758da152670a6f2b98db5424dc90bb6181c1c5,0xa47f5a909b2879293854795524758da152670a6f2b98db5424dc90bb6181c1c5,True,0xa614a29f4fc1cbcdf36713ede6965e331845872ffdd11384cfc3aa63572f72a1,2026-02-17
run_20260217_220238-0071,0xf9f2c81a48837a64d6efde03f371bc525c5ca6d86e183a75db82f9d0f31f61a3,0xf9f2c81a48837a64d6efde03f371bc525c5ca6d86e183a75db82f9d0f31f61a3,True,0xa614a29f4fc1cbcdf36713ede6965e331845872ffdd11384cfc3aa63572f72a1,2026-02-17
run_20260217_220238-0072,0x371822c2a22485cd961d415de5f9fc4074973f6ccb1e0e5fac37db30b228a7e2,0x371822c2a22485cd961d415de5f9fc4074973f6ccb1e0e5fac37db30b228a7e2,True,0xa614a29f4fc1cbcdf36713ede6965e331845872ffdd11384cfc3aa63572f72a1,2026-02-17
run_20260217_220238-0073,0xf0f5bf6f5e492bc95fcf9e915a0437b22c04bfa8641b876dafa9bacc5c59e2c9,0xf0f5bf6f5e492bc95fcf9e915a0437b22c04bfa8641b876dafa9bacc5c59e2c9,True,0xa614a29f4fc1cbcdf36713ede6965e331845872ffdd11384cfc3aa63572f72a1,2026-02-17
run_20260217_220238-0074,0xebc2616fc4e2be56a180083df775fbccdca949a765c6f511b56c5915c80ef6ec,0xebc2616fc4e2be56a180083df775fbccdca949a765c6f511b56c5915c80ef6ec,True,0xa614a29f4fc1cbcdf36713ede6965e331845872ffdd11384cfc3aa63572f72a1,2026-02-17
run_20260217_220238-0075,0x475e5fff80da6a4c460f7b304082db1fe91180d1473c179db36ea6238c0473b8,0x475e5fff80da6a4c460f7b304082db1fe91180d1473c179db36ea6238c0473b8,True,0xa614a29f4fc1cbcdf36713ede6965e331845872ffdd11384cfc3aa63572f72a1,2026-02-17
run_20260217_220238-0076,0x017aeaa72449ef18ce0057a71bdbf9f648fa7e5319d3447cce9038d9a81fb18b,0x017aeaa72449ef18ce0057a71bdbf9f648fa7e5319d3447cce9038d9a81fb18b,True,0xa614a29f4fc1cbcdf36713ede6965e331845872ffdd11384cfc3aa63572f72a1,2026-02-17
run_20260217_220238-0077,0x45387a81f4cb3d513d9471dc2ef49de44b8be59dca1e93d2c89fc2548e95391f,0x45387a81f4cb3d513d9471dc2ef49de44b8be59dca1e93d2c89fc2548e95391f,True,0xa614a29f4fc1cbcdf36713ede6965e331845872ffdd11384cfc3aa63572f72a1,2026-02-17
run_20260217_220238-0078,0x13ac64e7efe6cf7f34b2ac7fa6544000fb1a90a49cf0bd306e73a670e4c717b4,0x13ac64e7efe6cf7f34b2ac7fa6544000fb1a90a49cf0bd306e73a670e4c717b4,True,0xa614a29f4fc1cbcdf36713ede6965e331845872ffdd11384cfc3aa63572f72a1,2026-02-17
run_20260217_220238-0079,0xde83531781f1d3f2705ba89ec4ef7e765a297cb501c100a33adcd56fa433d467,0xde83531781f1d3f2705ba89ec4ef7e765a297cb501c100a33adcd56fa433d467,True,0xa614a29f4fc1cbcdf36713ede6965e331845872ffdd11384cfc3aa63572f72a1,2026-02-17
run_20260217_220238-0080,0x17d1d03e2e93fbce8224adc4726cad0889f7a940921254bc4a9af25bf7d19ce8,0x17d1d03e2e93fbce8224adc4726cad0889f7a940921254bc4a9af25bf7d19ce8,True,0xa614a29f4fc1cbcdf36713ede6965e331845872ffdd11384cfc3aa63572f72a1,2026-02-17
run_20260217_220238-0081,0xd415804a9824fe9d27bd5d3f85a18dd6cc20e2538b605a294ed24304f29edf5a,0xd415804a9824fe9d27bd5d3f85a18dd6cc20e2538b605a294ed24304f29edf5a,True,0xa614a29f4fc1cbcdf36713ede6965e331845872ffdd11384cfc3aa63572f72a1,2026-02-17
run_20260217_220238-0082,0x953461c8ee6309dd5e0d9c1b0471ccbed33db8db42793b1b871da2788a293f73,0x953461c8ee6309dd5e0d9c1b0471ccbed33db8db42793b1b871da2788a293f73,True,0xa614a29f4fc1cbcdf36713ede6965e331845872ffdd11384cfc3aa63572f72a1,2026-02-17
run_20260217_220238-0083,0x622edfd1b43155b3dace7a435b97b274c3c688a8bd271834de112098662d7ac7,0x622edfd1b43155b3dace7a435b97b274c3c688a8bd271834de112098662d7ac7,True,0xa614a29f4fc1cbcdf36713ede6965e331845872ffdd11384cfc3aa63572f72a1,2026-02-17
run_20260217_220238-0084,0x010979116d9d1b7c0204c0dae47e2fdf5401eb4cd6da112cc91db821091a286d,0x010979116d9d1b7c0204c0dae47e2fdf5401eb4cd6da112cc91db821091a286d,True,0xa614a29f4fc1cbcdf36713ede6965e331845872ffdd11384cfc3aa63572f72a1,2026-02-17
run_20260217_220238-0085,0x856f1f93f6486f050a003afd45966fff372c3b0ce011aa4d327dd5f29ddb1cd1,0x856f1f93f6486f050a003afd45966fff372c3b0ce011aa4d327dd5f29ddb1cd1,True,0xa614a29f4fc1cbcdf36713ede6965e331845872ffdd11384cfc3aa63572f72a1,2026-02-17
run_20260217_220238-0086,0x0f26a68e27210f3d98d44ed581457f6434179b3378d0c534adc0ae908e521ff5,0x0f26a68e27210f3d98d44ed581457f6434179b3378d0c534adc0ae908e521ff5,True,0xa614a29f4fc1cbcdf36713ede6965e331845872ffdd11384cfc3aa63572f72a1,2026-02-17
run_20260217_220238-0087,0x6ac8732776dc0ae7d09a9b3ace520bfa5af3e7eb566f4b3a67202f15765a5ece,0x6ac8732776dc0ae7d09a9b3ace520bfa5af3e7eb566f4b3a67202f15765a5ece,True,0xa614a29f4fc1cbcdf36713ede6965e331845872ffdd11384cfc3aa63572f72a1,2026-02-17
run_20260217_220238-0088,0x0fdd6db9b4852827403a43522a00a6d8304a2d4e130870a64ecd04546d64cf82,0x0fdd6db9b4852827403a43522a00a6d8304a2d4e130870a64ecd04546d64cf82,True,0xa614a29f4fc1cbcdf36713ede6965e331845872ffdd11384cfc3aa63572f72a1,2026-02-17
run_20260217_220238-0089,0xf7e86e12d8e0d4f5c1f271d0c266a89f7d645fb16f096f3dcded628dd4a4a126,0xf7e86e12d8e0d4f5c1f271d0c266a89f7d645fb16f096f3dcded628dd4a4a126,True,0xa614a29f4fc1cbcdf36713ede6965e331845872ffdd11384cfc3aa63572f72a1,2026-02-17
run_20260217_220238-0090,0x70a741d461c4ed5c477165a2a5ebe3395f77dd12e86f778225ab4f7edb86d7f4,0x70a741d461c4ed5c477165a2a5ebe3395f77dd12e86f778225ab4f7edb86d7f4,True,0xa614a29f4fc1cbcdf36713ede6965e331845872ffdd11384cfc3aa63572f72a1,2026-02-17
run_20260217_220238-0091,0x1c00ce847f34d130075fad28c5a3fb8b6a9eff1f04eb4b90cb14338ef8a9864a,0x1c00ce847f34d130075fad28c5a3fb8b6a9eff1f04eb4b90cb14338ef8a9864a,True,0xa614a29f4fc1cbcdf36713ede6965e331845872ffdd11384cfc3aa63572f72a1,2026-02-17
run_20260217_220238-0092,0xc096d60cb60f74ebcd489ad3d97e3569be13a422087c342fabf3dbb5bb366d8b,0xc096d60cb60f74ebcd489ad3d97e3569be13a422087c342fabf3dbb5bb366d8b,True,0xa614a29f4fc1cbcdf36713ede6965e331845872ffdd11384cfc3aa63572f72a1,2026-02-17
run_20260217_220238-0093,0xddfe2dbf17b079a9c91e3c1e265a1c835ea2ec5255a417628a7c555547a1507f,0xddfe2dbf17b079a9c91e3c1e265a1c835ea2ec5255a417628a7c555547a1507f,True,0xa614a29f4fc1cbcdf36713ede6965e331845872ffdd11384cfc3aa63572f72a1,2026-02-17
run_20260217_220238-0094,0x8f6b3477c57abde2a1a1816ccbb56fa885900cb6297503c7f1c53d2aa4e1ee54,0x8f6b3477c57abde2a1a1816ccbb56fa885900cb6297503c7f1c53d2aa4e1ee54,True,0xa614a29f4fc1cbcdf36713ede6965e331845872ffdd11384cfc3aa63572f72a1,2026-02-17
run_20260217_220238-0095,0x0bdcdd8869b818d5bbd5f80853aa71e393dc9a0298064082f970da4dfb3f0556,0x0bdcdd8869b818d5bbd5f80853aa71e393dc9a0298064082f970da4dfb3f0556,True,0xa614a29f4fc1cbcdf36713ede6965e331845872ffdd11384cfc3aa63572f72a1,2026-02-17
run_20260217_220238-0096,0x6104b0a8f8e596a277003796b6bc4f919401860d3d4cafbf85bbe616606b61d6,0x6104b0a8f8e596a277003796b6bc4f919401860d3d4cafbf85bbe616606b61d6,True,0xa614a29f4fc1cbcdf36713ede6965e331845872ffdd11384cfc3aa63572f72a1,2026-02-17
run_20260217_220238-0097,0xb064506e45105de1bbc695e13aca55d0a194f6e911b12e9f611b64f1b3fc1fa5,0xb064506e45105de1bbc695e13aca55d0a194f6e911b12e9f611b64f1b3fc1fa5,True,0xa614a29f4fc1cbcdf36713ede6965e331845872ffdd11384cfc3aa63572f72a1,2026-02-17
run_20260217_220238-0098,0xbffdd453ec0d4659214491088dd75e2d31713cc5538d724bfdcfff1105e2b05e,0xbffdd453ec0d4659214491088dd75e2d31713cc5538d724bfdcfff1105e2b05e,True,0xa614a29f4fc1cbcdf36713ede6965e331845872ffdd11384cfc3aa63572f72a1,2026-02-17
run_20260217_220238-0099,0x2ae6fdda3adee2b0eaf8635b122533d8915d9911b68b766b0514c4837e69216e,0x2ae6fdda3adee2b0eaf8635b122533d8915d9911b68b766b0514c4837e69216e,True,0xa614a29f4fc1cbcdf36713ede6965e331845872ffdd11384cfc3aa63572f72a1,2026-02-17
run_20260217_220238-0100,0x8e4104df00c230fbac677737062aa83f45fa258c5588dd3a3604be6034cbebf6,0x8e4104df00c230fbac677737062aa83f45fa258c5588dd3a3604be6034cbebf6,True,0xa614a29f4fc1cbcdf36713ede6965e331845872ffdd11384cfc3aa63572f72a1,2026-02-17
run_20260217_220238-0101,0x3d3d562f35c05cdfb0045a0bbd74239007573c8fcbb564dc4920a7b1d8498b80,0x3d3d562f35c05cdfb0045a0bbd74239007573c8fcbb564dc4920a7b1d8498b80,True,0xa614a29f4fc1cbcdf36713ede6965e331845872ffdd11384cfc3aa63572f72a1,2026-02-17
run_20260217_220238-0102,0x42dd1ec0fe4dbe8313d28df8a4955b5e6db92295375230d865849668515afb49,0x42dd1ec0fe4dbe8313d28df8a4955b5e6db92295375230d865849668515afb49,True,0xa614a29f4fc1cbcdf36713ede6965e331845872ffdd11384cfc3aa63572f72a1,2026-02-17
run_20260217_220238-0103,0x97a18edfd266a39be4c1537e68eeca4b7a28c06f5b95e78b0b75127159e0ee8b,0x97a18edfd266a39be4c1537e68eeca4b7a28c06f5b95e78b0b75127159e0ee8b,True,0xa614a29f4fc1cbcdf36713ede6965e331845872ffdd11384cfc3aa63572f72a1,2026-02-17
run_20260217_220238-0104,0x5f126750ce9054c376b6f36f6a475b0dd2596da5400dbb24f7ae673cfea854d1,0x5f126750ce9054c376b6f36f6a475b0dd2596da5400dbb24f7ae673cfea854d1,True,0xa614a29f4fc1cbcdf36713ede6965e331845872ffdd11384cfc3aa63572f72a1,2026-02-17
run_20260217_220238-0105,0x623c2bce75244c45147613c2f29514ed990b537769180df9548437723a53dc23,0x623c2bce75244c45147613c2f29514ed990b537769180df9548437723a53dc23,True,0xa614a29f4fc1cbcdf36713ede6965e331845872ffdd11384cfc3aa63572f72a1,2026-02-17
run_20260217_220238-0106,0x56ed9603eb5494eba10f3f9c5e2c171180f64823da722dec8c0f876b7f4c6260,0x56ed9603eb5494eba10f3f9c5e2c171180f64823da722dec8c0f876b7f4c6260,True,0xa614a29f4fc1cbcdf36713ede6965e331845872ffdd11384cfc3aa63572f72a1,2026-02-17
run_20260217_220238-0107,0x5ed3206674626d33e0a1dda8d28d10b885cb83c997e56ab977626789c48ed3c5,0x5ed3206674626d33e0a1dda8d28d10b885cb83c997e56ab977626789c48ed3c5,True,0xa614a29f4fc1cbcdf36713ede6965e331845872ffdd11384cfc3aa63572f72a1,2026-02-17
run_20260217_220238-0108,0xaac06199396243aba00e40d2454a44cac147176ebc9834ddc4a435d9bd0d51d6,0xaac06199396243aba00e40d2454a44cac147176ebc9834ddc4a435d9bd0d51d6,True,0xa614a29f4fc1cbcdf36713ede6965e331845872ffdd11384cfc3aa63572f72a1,2026-02-17
run_20260217_220238-0109,0xaf2abdebafd54ea3df98f01387989ef0d115439139c844d9a48dcebe819ddf7a,0xaf2abdebafd54ea3df98f01387989ef0d115439139c844d9a48dcebe819ddf7a,True,0xa614a29f4fc1cbcdf36713ede6965e331845872ffdd11384cfc3aa63572f72a1,2026-02-17
run_20260217_220238-0110,0xfcd1b69d415040556b2c1c7b74599d2918e7e672bfac1a075f62307194e5bc3c,0xfcd1b69d415040556b2c1c7b74599d2918e7e672bfac1a075f62307194e5bc3c,True,0xa614a29f4fc1cbcdf36713ede6965e331845872ffdd11384cfc3aa63572f72a1,2026-02-17
run_20260217_220238-0111,0x2eb3cbd4a86d8f954e7eb0a44eecc5c68bd1cf8cfdad89a29e86f0d20a7c2377,0x2eb3cbd4a86d8f954e7eb0a44eecc5c68bd1cf8cfdad89a29e86f0d20a7c2377,True,0xa614a29f4fc1cbcdf36713ede6965e331845872ffdd11384cfc3aa63572f72a1,2026-02-17
run_20260217_220238-0112,0x1cf123c83da9307a6c06e2686c65b44769bef080864e647f560869968b437847,0x1cf123c83da9307a6c06e2686c65b44769bef080864e647f560869968b437847,True,0xa614a29f4fc1cbcdf36713ede6965e331845872ffdd11384cfc3aa63572f72a1,2026-02-17
run_20260217_220238-0113,0x6905bd4ffb8f9ac4cb56493aa3023c7bc8870f3084f9bfbf79866c3e0cb6a2cb,0x6905bd4ffb8f9ac4cb56493aa3023c7bc8870f3084f9bfbf79866c3e0cb6a2cb,True,0xa614a29f4fc1cbcdf36713ede6965e331845872ffdd11384cfc3aa63572f72a1,2026-02-17
run_20260217_220238-0114,0x1fedf855df8038790b05927d12f1bcf75b95fd5c3bad9ef6c242841b25374280,0x1fedf855df8038790b05927d12f1bcf75b95fd5c3bad9ef6c242841b25374280,True,0xa614a29f4fc1cbcdf36713ede6965e331845872ffdd11384cfc3aa63572f72a1,2026-02-17
run_20260217_220238-0115,0xebe9d404e9f5c5f2b8e0b33e1e1ddc1d08e3b6e5e8aa1ccecd9a4cfd5c76c74b,0xebe9d404e9f5c5f2b8e0b33e1e1ddc1d08e3b6e5e8aa1ccecd9a4cfd5c76c74b,True,0xa614a29f4fc1cbcdf36713ede6965e331845872ffdd11384cfc3aa63572f72a1,2026-02-17
run_20260217_220238-0116,0xffe7e4ea67d39976f25cfd30a8347af494bad221a538e189620ae6669a2f216c,0xffe7e4ea67d39976f25cfd30a8347af494bad221a538e189620ae6669a2f216c,True,0xa614a29f4fc1cbcdf36713ede6965e331845872ffdd11384cfc3aa63572f72a1,2026-02-17
run_20260217_220238-0117,0x96fe0320af56898e5e5f56ce3f2ec0f70a9a08b4be8f9460ac93c3cf58e95222,0x96fe0320af56898e5e5f56ce3f2ec0f70a9a08b4be8f9460ac93c3cf58e95222,True,0xa614a29f4fc1cbcdf36713ede6965e331845872ffdd11384cfc3aa63572f72a1,2026-02-17
run_20260217_220238-0118,0x3f5c0ffd5396f6e42a2f9a9690052d97133ddb020d55593e1c8dae45cb562d44,0x3f5c0ffd5396f6e42a2f9a9690052d97133ddb020d55593e1c8dae45cb562d44,True,0xa614a29f4fc1cbcdf36713ede6965e331845872ffdd11384cfc3aa63572f72a1,2026-02-17
run_20260217_220238-0119,0xfb1f690b1ed3b654f65d3611b06380a50038ac13c3e14ed2143d608cfb245ae5,0xfb1f690b1ed3b654f65d3611b06380a50038ac13c3e14ed2143d608cfb245ae5,True,0xa614a29f4fc1cbcdf36713ede6965e331845872ffdd11384cfc3aa63572f72a1,2026-02-17
run_20260217_220238-0120,0x3c5795cffa554222aba0f55c7307065050fa34d72463d7e02185f60ba5fc01ff,0x3c5795cffa554222aba0f55c7307065050fa34d72463d7e02185f60ba5fc01ff,True,0xa614a29f4fc1cbcdf36713ede6965e331845872ffdd11384cfc3aa63572f72a1,2026-02-17
run_20260217_220238-0121,0x2ceb5b9616a0064f1d87874cc8ca5d8d35d2ec893fd36ecfdcfed4f833a7d0f2,0x2ceb5b9616a0064f1d87874cc8ca5d8d35d2ec893fd36ecfdcfed4f833a7d0f2,True,0xa614a29f4fc1cbcdf36713ede6965e331845872ffdd11384cfc3aa63572f72a1,2026-02-17
run_20260217_220238-0122,0xe87cdd9890914f939ba278d776e1f305aaa5965e795bd15ecb514dbdb093ad23,0xe87cdd9890914f939ba278d776e1f305aaa5965e795bd15ecb514dbdb093ad23,True,0xa614a29f4fc1cbcdf36713ede6965e331845872ffdd11384cfc3aa63572f72a1,2026-02-17
run_20260217_220238-0123,0x30a3505026670e2260591d0efc38136c66a385897eb4ef2f200b3f93a50a9197,0x30a3505026670e2260591d0efc38136c66a385897eb4ef2f200b3f93a50a9197,True,0xa614a29f4fc1cbcdf36713ede6965e331845872ffdd11384cfc3aa63572f72a1,2026-02-17
run_20260217_220238-0124,0x87630e7affd7b769f025af27a20c67d08678cae14848576bf80998039db64702,0x87630e7affd7b769f025af27a20c67d08678cae14848576bf80998039db64702,True,0xa614a29f4fc1cbcdf36713ede6965e331845872ffdd11384cfc3aa63572f72a1,2026-02-17
run_20260217_220238-0125,0x992b5f77b7ca863343f897915a806df1c41a75c180afa4cea763822d87bf7e83,0x992b5f77b7ca863343f897915a806df1c41a75c180afa4cea763822d87bf7e83,True,0xa614a29f4fc1cbcdf36713ede6965e331845872ffdd11384cfc3aa63572f72a1,2026-02-17
run_20260217_220238-0126,0xd00d25ccf60b5506717b1e14e7ed89125decbc9371427477a6aab41589c0da26,0xd00d25ccf60b5506717b1e14e7ed89125decbc9371427477a6aab41589c0da26,True,0xa614a29f4fc1cbcdf36713ede6965e331845872ffdd11384cfc3aa63572f72a1,2026-02-17
run_20260217_220238-0127,0x7e74435317432570b72eca383cee93b012f36e58bd48f4ec57a2a1050538ae1b,0x7e74435317432570b72eca383cee93b012f36e58bd48f4ec57a2a1050538ae1b,True,0xa614a29f4fc1cbcdf36713ede6965e331845872ffdd11384cfc3aa63572f72a1,2026-02-17
run_20260217_220238-0128,0xe187312fd5f50001a0344ed1299062dd63c21676ddccc2940b918cd6253b4345,0xe187312fd5f50001a0344ed1299062dd63c21676ddccc2940b918cd6253b4345,True,0xa614a29f4fc1cbcdf36713ede6965e331845872ffdd11384cfc3aa63572f72a1,2026-02-17
run_20260217_220238-0129,0xe870e30b45f81a2fc92e2e142050c2fca52e4b6b29b39601a3bbd93cca15419b,0xe870e30b45f81a2fc92e2e142050c2fca52e4b6b29b39601a3bbd93cca15419b,True,0xa614a29f4fc1cbcdf36713ede6965e331845872ffdd11384cfc3aa63572f72a1,2026-02-17
run_20260217_220238-0130,0xcd1249980cf34b4192b05065478c3301a19390116e1f3e722442dd22ab7bb5ac,0xcd1249980cf34b4192b05065478c3301a19390116e1f3e722442dd22ab7bb5ac,True,0xa614a29f4fc1cbcdf36713ede6965e331845872ffdd11384cfc3aa63572f72a1,2026-02-17
run_20260217_220238-0131,0x79fec130ea4b0d3c81955d02a5b2b593b9d943845394374a7bc00472cd39baa5,0x79fec130ea4b0d3c81955d02a5b2b593b9d943845394374a7bc00472cd39baa5,True,0xa614a29f4fc1cbcdf36713ede6965e331845872ffdd11384cfc3aa63572f72a1,2026-02-17
run_20260217_220238-0132,0xa2fa89a83e490056908de9914e964bc1069e4d19192afd06f0c58ea86b28e619,0xa2fa89a83e490056908de9914e964bc1069e4d19192afd06f0c58ea86b28e619,True,0xa614a29f4fc1cbcdf36713ede6965e331845872ffdd11384cfc3aa63572f72a1,2026-02-17
run_20260217_220238-0133,0x8d9f97782e2719011d313f2ba591664b4c7cb5bb7a2e887e6c95cf3621655846,0x8d9f97782e2719011d313f2ba591664b4c7cb5bb7a2e887e6c95cf3621655846,True,0xa614a29f4fc1cbcdf36713ede6965e331845872ffdd11384cfc3aa63572f72a1,2026-02-17
run_20260217_220238-0134,0x1ee85db9fb2e7b1b1094e114099d1cb7b389c1c573298a278c922da5075e1b8d,0x1ee85db9fb2e7b1b1094e114099d1cb7b389c1c573298a278c922da5075e1b8d,True,0xa614a29f4fc1cbcdf36713ede6965e331845872ffdd11384cfc3aa63572f72a1,2026-02-17
run_20260217_220238-0135,0xe78d1f266d4176887349a4b67eace70e99f865c82ac10538e72f5f0f9d604eb4,0xe78d1f266d4176887349a4b67eace70e99f865c82ac10538e72f5f0f9d604eb4,True,0xa614a29f4fc1cbcdf36713ede6965e331845872ffdd11384cfc3aa63572f72a1,2026-02-17
run_20260217_220238-0136,0x667a0f0e7d123ecd221cb44188fbf5d2579e3e7568dd0cbe8780b616c12cf616,0x667a0f0e7d123ecd221cb44188fbf5d2579e3e7568dd0cbe8780b616c12cf616,True,0xa614a29f4fc1cbcdf36713ede6965e331845872ffdd11384cfc3aa63572f72a1,2026-02-17
run_20260217_220238-0137,0xffe034a155648e293f9f3103c22f5428572a91e171803a438e4e072e9b304c55,0xffe034a155648e293f9f3103c22f5428572a91e171803a438e4e072e9b304c55,True,0xa614a29f4fc1cbcdf36713ede6965e331845872ffdd11384cfc3aa63572f72a1,2026-02-17
run_20260217_220238-0138,0xcfdaa1e2af8f097c8c2e8ebee9ed431c942e2f4c6c7043b009b54b736f585fae,0xcfdaa1e2af8f097c8c2e8ebee9ed431c942e2f4c6c7043b009b54b736f585fae,True,0xa614a29f4fc1cbcdf36713ede6965e331845872ffdd11384cfc3aa63572f72a1,2026-02-17
run_20260217_220238-0139,0xbf9300e7fcbfc621ea329fdef036e49580a30df9960418c37b41c30d5cf67f8a,0xbf9300e7fcbfc621ea329fdef036e49580a30df9960418c37b41c30d5cf67f8a,True,0xa614a29f4fc1cbcdf36713ede6965e331845872ffdd11384cfc3aa63572f72a1,2026-02-17
run_20260217_220238-0140,0x279622fa7ec70cce4c9c35996f31cd465a3fc6b94fd0952aab648f955c04b065,0x279622fa7ec70cce4c9c35996f31cd465a3fc6b94fd0952aab648f955c04b065,True,0xa614a29f4fc1cbcdf36713ede6965e331845872ffdd11384cfc3aa63572f72a1,2026-02-17
run_20260217_220238-0141,0xefa7918571540fe03aab733ceedfea82e683d20c09ec36da6143380c3b4cf135,0xefa7918571540fe03aab733ceedfea82e683d20c09ec36da6143380c3b4cf135,True,0xa614a29f4fc1cbcdf36713ede6965e331845872ffdd11384cfc3aa63572f72a1,2026-02-17
run_20260217_220238-0142,0xc8b9cedc152b66c14a6f9f65595a9f0d5810ff2fa4e8b785318c58411611065e,0xc8b9cedc152b66c14a6f9f65595a9f0d5810ff2fa4e8b785318c58411611065e,True,0xa614a29f4fc1cbcdf36713ede6965e331845872ffdd11384cfc3aa63572f72a1,2026-02-17
run_20260217_220238-0143,0x1a6a847206316db904e35f1728a6b88d229e9117149bf927bc20923ec130faaf,0x1a6a847206316db904e35f1728a6b88d229e9117149bf927bc20923ec130faaf,True,0xa614a29f4fc1cbcdf36713ede6965e331845872ffdd11384cfc3aa63572f72a1,2026-02-17
run_20260217_220238-0144,0xefba4fb66f4741f596688c2f82eb538fc68249585d2d260b324c110a0c1533ec,0xefba4fb66f4741f596688c2f82eb538fc68249585d2d260b324c110a0c1533ec,True,0xa614a29f4fc1cbcdf36713ede6965e331845872ffdd11384cfc3aa63572f72a1,2026-02-17
run_20260217_220238-0145,0xa035d9ebcabfcadd4101fea186d75af495d8e8d243ecb7d13f7633491d50163e,0xa035d9ebcabfcadd4101fea186d75af495d8e8d243ecb7d13f7633491d50163e,True,0xa614a29f4fc1cbcdf36713ede6965e331845872ffdd11384cfc3aa63572f72a1,2026-02-17
run_20260217_220238-0146,0x6b45b1bfc5645824c0e646a6ec9656a471240acd4c0cdfc1fe6b43f3c3d38c91,0x6b45b1bfc5645824c0e646a6ec9656a471240acd4c0cdfc1fe6b43f3c3d38c91,True,0xa614a29f4fc1cbcdf36713ede6965e331845872ffdd11384cfc3aa63572f72a1,2026-02-17
run_20260217_220238-0147,0xa994ef93bc66c20b90e302a4160fbafb7cae0504a50b314e4f1db12cdf1e79ec,0xa994ef93bc66c20b90e302a4160fbafb7cae0504a50b314e4f1db12cdf1e79ec,True,0xa614a29f4fc1cbcdf36713ede6965e331845872ffdd11384cfc3aa63572f72a1,2026-02-17
run_20260217_220238-0148,0x14e982c082cb5bb429e4f1e7c7262d95cd278e14610c95e69cc3d330719c7fc0,0x14e982c082cb5bb429e4f1e7c7262d95cd278e14610c95e69cc3d330719c7fc0,True,0xa614a29f4fc1cbcdf36713ede6965e331845872ffdd11384cfc3aa63572f72a1,2026-02-17
run_20260217_220238-0149,0x305acc0fc8efa4b98a38709c23c881dcdb66852727607997217981a046c0fefa,0x305acc0fc8efa4b98a38709c23c881dcdb66852727607997217981a046c0fefa,True,0xa614a29f4fc1cbcdf36713ede6965e331845872ffdd11384cfc3aa63572f72a1,2026-02-17
run_20260217_220238-0150,0xfd0ad2133606dfeba03f43654071194bef90649ae2dbd19a4d0c9f8ac506d3e5,0xfd0ad2133606dfeba03f43654071194bef90649ae2dbd19a4d0c9f8ac506d3e5,True,0xa614a29f4fc1cbcdf36713ede6965e331845872ffdd11384cfc3aa63572f72a1,2026-02-17
run_20260217_220238-0151,0x09566942864990d64c5aacf296c21f37c28c5507024499aae5dc81cd058d0ae3,0x09566942864990d64c5aacf296c21f37c28c5507024499aae5dc81cd058d0ae3,True,0xa614a29f4fc1cbcdf36713ede6965e331845872ffdd11384cfc3aa63572f72a1,2026-02-17
run_20260217_220238-0152,0x65a5ef982e419593830fe7d36d5cd5634764603b0c7c64cfa0f80fb44e6ddae7,0x65a5ef982e419593830fe7d36d5cd5634764603b0c7c64cfa0f80fb44e6ddae7,True,0xa614a29f4fc1cbcdf36713ede6965e331845872ffdd11384cfc3aa63572f72a1,2026-02-17
run_20260217_220238-0153,0x4e5b0effb6f9bb05ebbdb42f941ace55f09dcace6b2faf2759ab392069e968f0,0x4e5b0effb6f9bb05ebbdb42f941ace55f09dcace6b2faf2759ab392069e968f0,True,0xa614a29f4fc1cbcdf36713ede6965e331845872ffdd11384cfc3aa63572f72a1,2026-02-17
run_20260217_220238-0154,0xbcbf23e2b81a1fb2842e57fbe938da424b3ae390b09edf145e886845327f3a07,0xbcbf23e2b81a1fb2842e57fbe938da424b3ae390b09edf145e886845327f3a07,True,0xa614a29f4fc1cbcdf36713ede6965e331845872ffdd11384cfc3aa63572f72a1,2026-02-17
run_20260217_220238-0155,0x6b7100fa62d5e877f1c8166f03340d62a6dc32cc2db69dedf1ba3cb642c211f7,0x6b7100fa62d5e877f1c8166f03340d62a6dc32cc2db69dedf1ba3cb642c211f7,True,0xa614a29f4fc1cbcdf36713ede6965e331845872ffdd11384cfc3aa63572f72a1,2026-02-17
run_20260217_220238-0156,0xf34487900ef4cb72be701ab6c02627d6a8690d254addc0cf14c9eb8dba554cf4,0xf34487900ef4cb72be701ab6c02627d6a8690d254addc0cf14c9eb8dba554cf4,True,0xa614a29f4fc1cbcdf36713ede6965e331845872ffdd11384cfc3aa63572f72a1,2026-02-17
run_20260217_220238-0157,0xa47d10917225842f27a0493370ebb3dd186071cf3bef38635af2bea650971dde,0xa47d10917225842f27a0493370ebb3dd186071cf3bef38635af2bea650971dde,True,0xa614a29f4fc1cbcdf36713ede6965e331845872ffdd11384cfc3aa63572f72a1,2026-02-17
run_20260217_220238-0158,0x4bfcff5a9325cd1d4b987d0f7a4dbb98e93c6fd7115b8232326b98549823f313,0x4bfcff5a9325cd1d4b987d0f7a4dbb98e93c6fd7115b8232326b98549823f313,True,0xa614a29f4fc1cbcdf36713ede6965e331845872ffdd11384cfc3aa63572f72a1,2026-02-17
run_20260217_220238-0159,0x8e2305ab38b112431fcd7a946d1a9a991a54c246476c6ab31cb082d1f45f25be,0x8e2305ab38b112431fcd7a946d1a9a991a54c246476c6ab31cb082d1f45f25be,True,0xa614a29f4fc1cbcdf36713ede6965e331845872ffdd11384cfc3aa63572f72a1,2026-02-17
run_20260217_220238-0160,0x4d12bd4a0236efdbe249041fb5898321f7476ce66298715d4572455fc78558f9,0x4d12bd4a0236efdbe249041fb5898321f7476ce66298715d4572455fc78558f9,True,0xa614a29f4fc1cbcdf36713ede6965e331845872ffdd11384cfc3aa63572f72a1,2026-02-17
run_20260217_220238-0161,0xb265373a1a5fe4999bca2fb2e9cd86072af43780210e5b0775b00061720bf1ac,0xb265373a1a5fe4999bca2fb2e9cd86072af43780210e5b0775b00061720bf1ac,True,0xa614a29f4fc1cbcdf36713ede6965e331845872ffdd11384cfc3aa63572f72a1,2026-02-17
run_20260217_220238-0162,0xb1478e67b8b9c8c75a795c26d43e01cc5b79898eea9b51bd929ba6fb81d2b7ea,0xb1478e67b8b9c8c75a795c26d43e01cc5b79898eea9b51bd929ba6fb81d2b7ea,True,0xa614a29f4fc1cbcdf36713ede6965e331845872ffdd11384cfc3aa63572f72a1,2026-02-17
run_20260217_220238-0163,0xf47bfc39aa8d7f11b5819750d8b0af12c1d5db1d385fa49eee0d201957a11340,0xf47bfc39aa8d7f11b5819750d8b0af12c1d5db1d385fa49eee0d201957a11340,True,0xa614a29f4fc1cbcdf36713ede6965e331845872ffdd11384cfc3aa63572f72a1,2026-02-17
run_20260217_220238-0164,0xa53e592057b6df7a3312b898f62392354faf0f3530ce6c75ac265b056aab11d9,0xa53e592057b6df7a3312b898f62392354faf0f3530ce6c75ac265b056aab11d9,True,0xa614a29f4fc1cbcdf36713ede6965e331845872ffdd11384cfc3aa63572f72a1,2026-02-17
run_20260217_220238-0165,0x468eba0c53d7da5be7695f68bfafa1f818904942feb13c11ad1b3f5c8e8b2ec8,0x468eba0c53d7da5be7695f68bfafa1f818904942feb13c11ad1b3f5c8e8b2ec8,True,0xa614a29f4fc1cbcdf36713ede6965e331845872ffdd11384cfc3aa63572f72a1,2026-02-17
run_20260217_220238-0166,0x2070efdb477a92ed38dbeb8e44b8a848481abdfaae9a05fb4cb0a8f45540ffc4,0x2070efdb477a92ed38dbeb8e44b8a848481abdfaae9a05fb4cb0a8f45540ffc4,True,0xa614a29f4fc1cbcdf36713ede6965e331845872ffdd11384cfc3aa63572f72a1,2026-02-17
run_20260217_220238-0167,0x9653a01fb8877ebd94953405a5dbd3e7873f594e1cb972303975e7282410ba11,0x9653a01fb8877ebd94953405a5dbd3e7873f594e1cb972303975e7282410ba11,True,0xa614a29f4fc1cbcdf36713ede6965e331845872ffdd11384cfc3aa63572f72a1,2026-02-17
run_20260217_220238-0168,0xe323ae904e4187ec17a6ff1aa60962f3506ade688e0babaff7f9dae57b9f4707,0xe323ae904e4187ec17a6ff1aa60962f3506ade688e0babaff7f9dae57b9f4707,True,0xa614a29f4fc1cbcdf36713ede6965e331845872ffdd11384cfc3aa63572f72a1,2026-02-17
run_20260217_220238-0169,0x3ed61eec5fa4417d21b312fa3c9dbf47b7d11d216ae0957b9ff7e6360238c61e,0x3ed61eec5fa4417d21b312fa3c9dbf47b7d11d216ae0957b9ff7e6360238c61e,True,0xa614a29f4fc1cbcdf36713ede6965e331845872ffdd11384cfc3aa63572f72a1,2026-02-17
run_20260217_220238-0170,0x540935a40e344b4892dbdfca71079ed2d814cc13d46f8a3bd5dafa3dcf857017,0x540935a40e344b4892dbdfca71079ed2d814cc13d46f8a3bd5dafa3dcf857017,True,0xa614a29f4fc1cbcdf36713ede6965e331845872ffdd11384cfc3aa63572f72a1,2026-02-17
run_20260217_220238-0171,0xb743cb162b68614cd83e44f7262da3d5c537523fb13ca45860afb07ab39836e5,0xb743cb162b68614cd83e44f7262da3d5c537523fb13ca45860afb07ab39836e5,True,0xa614a29f4fc1cbcdf36713ede6965e331845872ffdd11384cfc3aa63572f72a1,2026-02-17
run_20260217_220238-0172,0x3363b586892016797c84ce6ed4d84ad8c9db1aded9dceee26bab985cb5fd5a22,0x3363b586892016797c84ce6ed4d84ad8c9db1aded9dceee26bab985cb5fd5a22,True,0xa614a29f4fc1cbcdf36713ede6965e331845872ffdd11384cfc3aa63572f72a1,2026-02-17
run_20260217_220238-0173,0xfc0d076ad06061f9ee00cd0917a0e7a44593947b9cb738059a9a8000f6e0c1c0,0xfc0d076ad06061f9ee00cd0917a0e7a44593947b9cb738059a9a8000f6e0c1c0,True,0xa614a29f4fc1cbcdf36713ede6965e331845872ffdd11384cfc3aa63572f72a1,2026-02-17
run_20260217_220238-0174,0x32ee6af78f640244824c27084fa942c3651b166c68e7cb91abb5324cef742b71,0x32ee6af78f640244824c27084fa942c3651b166c68e7cb91abb5324cef742b71,True,0xa614a29f4fc1cbcdf36713ede6965e331845872ffdd11384cfc3aa63572f72a1,2026-02-17
run_20260217_220238-0175,0x91ff5295764674c3c12178770b29de97a6bef2529c9e9918c12cc0fa8c434c11,0x91ff5295764674c3c12178770b29de97a6bef2529c9e9918c12cc0fa8c434c11,True,0xa614a29f4fc1cbcdf36713ede6965e331845872ffdd11384cfc3aa63572f72a1,2026-02-17
run_20260217_220238-0176,0xf567e0bea4eb360a7e5f029cfb463202983b9af3a6b3ff4fe264d6716a31c404,0xf567e0bea4eb360a7e5f029cfb463202983b9af3a6b3ff4fe264d6716a31c404,True,0xa614a29f4fc1cbcdf36713ede6965e331845872ffdd11384cfc3aa63572f72a1,2026-02-17
run_20260217_220238-0177,0xd77ae7380f0bb979c1c7f03064535e4b721fa43ea9fe260d57d782e8c831072e,0xd77ae7380f0bb979c1c7f03064535e4b721fa43ea9fe260d57d782e8c831072e,True,0xa614a29f4fc1cbcdf36713ede6965e331845872ffdd11384cfc3aa63572f72a1,2026-02-17
run_20260217_220238-0178,0xd08260352feeb6febdb27e8703a97010449b3f0216ce97ef81e3f110ab3ef40f,0xd08260352feeb6febdb27e8703a97010449b3f0216ce97ef81e3f110ab3ef40f,True,0xa614a29f4fc1cbcdf36713ede6965e331845872ffdd11384cfc3aa63572f72a1,2026-02-17
run_20260217_220238-0179,0x6746ff7eb3da0c88c30cbd8241555fb4b632ebec37aa4de9f932ea2b814b702d,0x6746ff7eb3da0c88c30cbd8241555fb4b632ebec37aa4de9f932ea2b814b702d,True,0xa614a29f4fc1cbcdf36713ede6965e331845872ffdd11384cfc3aa63572f72a1,2026-02-17
run_20260217_220238-0180,0x5642e50aa0e1c265ee34b8a814014cfdacad7f36d14970761cde90d9b0697460,0x5642e50aa0e1c265ee34b8a814014cfdacad7f36d14970761cde90d9b0697460,True,0xa614a29f4fc1cbcdf36713ede6965e331845872ffdd11384cfc3aa63572f72a1,2026-02-17
run_20260217_220238-0181,0xdec1764dca11c40086b2ff82e6e03ed0ba5457cf1f9826c64611928672e8371c,0xdec1764dca11c40086b2ff82e6e03ed0ba5457cf1f9826c64611928672e8371c,True,0xa614a29f4fc1cbcdf36713ede6965e331845872ffdd11384cfc3aa63572f72a1,2026-02-17
run_20260217_220238-0182,0x5ef0ea8c78d17d6a32083de3dda443267c164c6475f0e7423218b69178fedb9b,0x5ef0ea8c78d17d6a32083de3dda443267c164c6475f0e7423218b69178fedb9b,True,0xa614a29f4fc1cbcdf36713ede6965e331845872ffdd11384cfc3aa63572f72a1,2026-02-17
run_20260217_220238-0183,0xda3efd6ac59d03782cb7b731a1d995fc814d9a33ce63da6e2ef81e882c507bdc,0xda3efd6ac59d03782cb7b731a1d995fc814d9a33ce63da6e2ef81e882c507bdc,True,0xa614a29f4fc1cbcdf36713ede6965e331845872ffdd11384cfc3aa63572f72a1,2026-02-17
run_20260217_220238-0184,0x0c1c2f8a710ea0f80ec0d3b19c205a7b621d9752a8601f5baf0e1a6f9e64913d,0x0c1c2f8a710ea0f80ec0d3b19c205a7b621d9752a8601f5baf0e1a6f9e64913d,True,0xa614a29f4fc1cbcdf36713ede6965e331845872ffdd11384cfc3aa63572f72a1,2026-02-17
run_20260217_220238-0185,0x3ca00a7de5caadb330f20e28a9727a846d717501651bae67f8045a30b6fce7c4,0x3ca00a7de5caadb330f20e28a9727a846d717501651bae67f8045a30b6fce7c4,True,0xa614a29f4fc1cbcdf36713ede6965e331845872ffdd11384cfc3aa63572f72a1,2026-02-17
run_20260217_220238-0186,0x5b0c6b3286eaf4ff55d8286fc37426341fccd4d34f55a432fd117045d5c97cd5,0x5b0c6b3286eaf4ff55d8286fc37426341fccd4d34f55a432fd117045d5c97cd5,True,0xa614a29f4fc1cbcdf36713ede6965e331845872ffdd11384cfc3aa63572f72a1,2026-02-17
run_20260217_220238-0187,0x6509b114ca855630309ac819f0cf5e5783d19beb65ba2fbc9301392f17f66679,0x6509b114ca855630309ac819f0cf5e5783d19beb65ba2fbc9301392f17f66679,True,0xa614a29f4fc1cbcdf36713ede6965e331845872ffdd11384cfc3aa63572f72a1,2026-02-17
run_20260217_220238-0188,0x0fc20c5a72fe8bf1713990d8a0f379e929ad4a70c7a01a95676a7c92fb514442,0x0fc20c5a72fe8bf1713990d8a0f379e929ad4a70c7a01a95676a7c92fb514442,True,0xa614a29f4fc1cbcdf36713ede6965e331845872ffdd11384cfc3aa63572f72a1,2026-02-17
run_20260217_220238-0189,0x0e8b90684338b685773624bf01c52ecd06fb109b8be86f760dbf58fcaf962616,0x0e8b90684338b685773624bf01c52ecd06fb109b8be86f760dbf58fcaf962616,True,0xa614a29f4fc1cbcdf36713ede6965e331845872ffdd11384cfc3aa63572f72a1,2026-02-17
run_20260217_220238-0190,0xd6a0c58dd89fbfd93af64b8431318e7e61509bba50b7a7c8b85262ba3d474850,0xd6a0c58dd89fbfd93af64b8431318e7e61509bba50b7a7c8b85262ba3d474850,True,0xa614a29f4fc1cbcdf36713ede6965e331845872ffdd11384cfc3aa63572f72a1,2026-02-17
run_20260217_220238-0191,0x4fafb5473a2199b0a2012438bf85d9808bb386f70b788de85f5d666f7288f4cb,0x4fafb5473a2199b0a2012438bf85d9808bb386f70b788de85f5d666f7288f4cb,True,0xa614a29f4fc1cbcdf36713ede6965e331845872ffdd11384cfc3aa63572f72a1,2026-02-17
run_20260217_220238-0192,0x319380871bb573c5ad747b686afd714457cbed5f0d3e0b23fba351964c181077,0x319380871bb573c5ad747b686afd714457cbed5f0d3e0b23fba351964c181077,True,0xa614a29f4fc1cbcdf36713ede6965e331845872ffdd11384cfc3aa63572f72a1,2026-02-17
run_20260217_220238-0193,0x1e2d040a7f8d67120b067c71f0420d3351936d5a49214cf1f1d5b7daf47235d4,0x1e2d040a7f8d67120b067c71f0420d3351936d5a49214cf1f1d5b7daf47235d4,True,0xa614a29f4fc1cbcdf36713ede6965e331845872ffdd11384cfc3aa63572f72a1,2026-02-17
run_20260217_220238-0194,0xd32e287ef88a3650669f4926d436049f13256425ed6d72fec73a665dece30aa1,0xd32e287ef88a3650669f4926d436049f13256425ed6d72fec73a665dece30aa1,True,0xa614a29f4fc1cbcdf36713ede6965e331845872ffdd11384cfc3aa63572f72a1,2026-02-17
run_20260217_220238-0195,0x6d87f928025a2677075d7e398bb1b576a54840332ffeb518dcf397ef36c7a6ed,0x6d87f928025a2677075d7e398bb1b576a54840332ffeb518dcf397ef36c7a6ed,True,0xa614a29f4fc1cbcdf36713ede6965e331845872ffdd11384cfc3aa63572f72a1,2026-02-17
run_20260217_220238-0196,0x51b0ec7b96e0bec7912cacd825c6004236aaafdc9048fab9c39eadf6fe14f678,0x51b0ec7b96e0bec7912cacd825c6004236aaafdc9048fab9c39eadf6fe14f678,True,0xa614a29f4fc1cbcdf36713ede6965e331845872ffdd11384cfc3aa63572f72a1,2026-02-17
run_20260217_220238-0197,0xd0b6a9b2bd344e3b577f1039efa98a82bd850923ce4282083b3622c5d702aca2,0xd0b6a9b2bd344e3b577f1039efa98a82bd850923ce4282083b3622c5d702aca2,True,0xa614a29f4fc1cbcdf36713ede6965e331845872ffdd11384cfc3aa63572f72a1,2026-02-17
run_20260217_220238-0198,0xafd6d53a4b1499cad71849e6e745688291cfb458fe77081a9c63a69a2066d0ad,0xafd6d53a4b1499cad71849e6e745688291cfb458fe77081a9c63a69a2066d0ad,True,0xa614a29f4fc1cbcdf36713ede6965e331845872ffdd11384cfc3aa63572f72a1,2026-02-17
run_20260217_220238-0199,0xa6d69de8b97bef8b41ee8d98cd27d3d1c0ff496404d4b66b8a0c34bd27b46291,0xa6d69de8b97bef8b41ee8d98cd27d3d1c0ff496404d4b66b8a0c34bd27b46291,True,0xa614a29f4fc1cbcdf36713ede6965e331845872ffdd11384cfc3aa63572f72a1,2026-02-17
run_20260217_220238-0200,0x03bfc834fbc89bc084de798266306ee94c8571c1a74a9f3e94a46facd53dd6fa,0x03bfc834fbc89bc084de798266306ee94c8571c1a74a9f3e94a46facd53dd6fa,True,0xa614a29f4fc1cbcdf36713ede6965e331845872ffdd11384cfc3aa63572f72a1,2026-02-17
run_20260217_220238-0201,0x70d3f02d545b803e1b5e075fd0bf24f1cad33bb346a22b9481c0e7a251f136e3,0x70d3f02d545b803e1b5e075fd0bf24f1cad33bb346a22b9481c0e7a251f136e3,True,0xa614a29f4fc1cbcdf36713ede6965e331845872ffdd11384cfc3aa63572f72a1,2026-02-17
run_20260217_220238-0202,0x93e2a513e9ea38abf341186d2ed495de642d6f5043e075904379e73ed0f0a217,0x93e2a513e9ea38abf341186d2ed495de642d6f5043e075904379e73ed0f0a217,True,0xa614a29f4fc1cbcdf36713ede6965e331845872ffdd11384cfc3aa63572f72a1,2026-02-17
run_20260217_220238-0203,0xd07a9fb5b201afcd7f4c62165acc2805ebfc8c315d0e2fa78d58791ad73af636,0xd07a9fb5b201afcd7f4c62165acc2805ebfc8c315d0e2fa78d58791ad73af636,True,0xa614a29f4fc1cbcdf36713ede6965e331845872ffdd11384cfc3aa63572f72a1,2026-02-17
run_20260217_220238-0204,0xd7af01c35d41e481af2822303b0daa1eb8d103e6ac7ac3cc4cd36ab8daaffc38,0xd7af01c35d41e481af2822303b0daa1eb8d103e6ac7ac3cc4cd36ab8daaffc38,True,0xa614a29f4fc1cbcdf36713ede6965e331845872ffdd11384cfc3aa63572f72a1,2026-02-17
run_20260217_220238-0205,0x4448cb5c3a6bf20168a4053493acb6ac9a89bbf4dfdd847d999b421c5650629b,0x4448cb5c3a6bf20168a4053493acb6ac9a89bbf4dfdd847d999b421c5650629b,True,0xa614a29f4fc1cbcdf36713ede6965e331845872ffdd11384cfc3aa63572f72a1,2026-02-17
run_20260217_220238-0206,0xd1e5171b1c3e08e57380956eb323c60db5a1d6832cef18913bf4eb0aa1517fd3,0xd1e5171b1c3e08e57380956eb323c60db5a1d6832cef18913bf4eb0aa1517fd3,True,0xa614a29f4fc1cbcdf36713ede6965e331845872ffdd11384cfc3aa63572f72a1,2026-02-17
run_20260217_220238-0207,0x830dae99225d1a6650b3901b1af7d692e3205dfae0bd1e30ada3c4350949ee9d,0x830dae99225d1a6650b3901b1af7d692e3205dfae0bd1e30ada3c4350949ee9d,True,0xa614a29f4fc1cbcdf36713ede6965e331845872ffdd11384cfc3aa63572f72a1,2026-02-17
run_20260217_220238-0208,0x0f139ea0cc225b24e89fdd12c348b0f91d7d8a89cd1b6966b51a8d1006eddff1,0x0f139ea0cc225b24e89fdd12c348b0f91d7d8a89cd1b6966b51a8d1006eddff1,True,0xa614a29f4fc1cbcdf36713ede6965e331845872ffdd11384cfc3aa63572f72a1,2026-02-17
run_20260217_220238-0209,0x81e4ee86c919fb0070ca28a0c9af38442cf6a0845fc1d52398c01d020e61926f,0x81e4ee86c919fb0070ca28a0c9af38442cf6a0845fc1d52398c01d020e61926f,True,0xa614a29f4fc1cbcdf36713ede6965e331845872ffdd11384cfc3aa63572f72a1,2026-02-17
run_20260217_220238-0210,0x2f0c6b5fc878af103818f0e50f53726ed99cf9724c1fb319eb629ab7c5369be7,0x2f0c6b5fc878af103818f0e50f53726ed99cf9724c1fb319eb629ab7c5369be7,True,0xa614a29f4fc1cbcdf36713ede6965e331845872ffdd11384cfc3aa63572f72a1,2026-02-17
run_20260217_220238-0211,0xf798997de13a2528de5620bada2cdf6b65e970b7316524c2f0b0781d49510bb7,0xf798997de13a2528de5620bada2cdf6b65e970b7316524c2f0b0781d49510bb7,True,0xa614a29f4fc1cbcdf36713ede6965e331845872ffdd11384cfc3aa63572f72a1,2026-02-17
run_20260217_220238-0212,0xff82aee688860d4cd3c31b7197349422faab3c295573752fc41d6effdf044f5f,0xff82aee688860d4cd3c31b7197349422faab3c295573752fc41d6effdf044f5f,True,0xa614a29f4fc1cbcdf36713ede6965e331845872ffdd11384cfc3aa63572f72a1,2026-02-17
run_20260217_220238-0213,0x85322ca5cceaee1c9266072cd95469dd3f8a0903477d881ef22cd7a3362f7b93,0x85322ca5cceaee1c9266072cd95469dd3f8a0903477d881ef22cd7a3362f7b93,True,0xa614a29f4fc1cbcdf36713ede6965e331845872ffdd11384cfc3aa63572f72a1,2026-02-17
run_20260217_220238-0214,0x96ad26865332aca34ef1ac7d21cbf3ab2968fa9d415408d7973fab440abb0210,0x96ad26865332aca34ef1ac7d21cbf3ab2968fa9d415408d7973fab440abb0210,True,0xa614a29f4fc1cbcdf36713ede6965e331845872ffdd11384cfc3aa63572f72a1,2026-02-17
run_20260217_220238-0215,0x8e5b5caecfddc1c8d42c35cd2f5e249484b7e6463348899513e362d7059b7c35,0x8e5b5caecfddc1c8d42c35cd2f5e249484b7e6463348899513e362d7059b7c35,True,0xa614a29f4fc1cbcdf36713ede6965e331845872ffdd11384cfc3aa63572f72a1,2026-02-17
run_20260217_220238-0216,0x3e1d224a99ad015919db14dcd0e68e108656c571d3f6458cdb840cf13f2c7d43,0x3e1d224a99ad015919db14dcd0e68e108656c571d3f6458cdb840cf13f2c7d43,True,0xa614a29f4fc1cbcdf36713ede6965e331845872ffdd11384cfc3aa63572f72a1,2026-02-17
run_20260217_220238-0217,0xde09b19219a50bb812f54f253b43cb2771607e4da4fdfb0e1cf6f890c558b7ed,0xde09b19219a50bb812f54f253b43cb2771607e4da4fdfb0e1cf6f890c558b7ed,True,0xa614a29f4fc1cbcdf36713ede6965e331845872ffdd11384cfc3aa63572f72a1,2026-02-17
run_20260217_220238-0218,0x893e59e0c9c5ed67344f570a2d0259bb71eda9198597a57ccc87627b6721ccfa,0x893e59e0c9c5ed67344f570a2d0259bb71eda9198597a57ccc87627b6721ccfa,True,0xa614a29f4fc1cbcdf36713ede6965e331845872ffdd11384cfc3aa63572f72a1,2026-02-17
run_20260217_220238-0219,0x15f4e261494a1b605d5dc9ae51dcaf836ec6ee8a8f753d59ce0a9424d11a05e3,0x15f4e261494a1b605d5dc9ae51dcaf836ec6ee8a8f753d59ce0a9424d11a05e3,True,0xa614a29f4fc1cbcdf36713ede6965e331845872ffdd11384cfc3aa63572f72a1,2026-02-17
run_20260217_220238-0220,0x2008156e968f6d1bc6a12bbb80b96d026ab118e3ccfe8af669ab395d0e001595,0x2008156e968f6d1bc6a12bbb80b96d026ab118e3ccfe8af669ab395d0e001595,True,0xa614a29f4fc1cbcdf36713ede6965e331845872ffdd11384cfc3aa63572f72a1,2026-02-17
run_20260217_220238-0221,0x5b3d8e352e37cb858f5f095eab8308be16bdb38dab0882e8081e83d973554514,0x5b3d8e352e37cb858f5f095eab8308be16bdb38dab0882e8081e83d973554514,True,0xa614a29f4fc1cbcdf36713ede6965e331845872ffdd11384cfc3aa63572f72a1,2026-02-17
run_20260217_220238-0222,0x87f2943003b79721b65d3922737d53f0746307b727f072d0473d968bfc9722ab,0x87f2943003b79721b65d3922737d53f0746307b727f072d0473d968bfc9722ab,True,0xa614a29f4fc1cbcdf36713ede6965e331845872ffdd11384cfc3aa63572f72a1,2026-02-17
run_20260217_220238-0223,0x0da249118fe0a69ceef8a61c2c6d6fd62cafe27d5fade21c5c85f372b5144d45,0x0da249118fe0a69ceef8a61c2c6d6fd62cafe27d5fade21c5c85f372b5144d45,True,0xa614a29f4fc1cbcdf36713ede6965e331845872ffdd11384cfc3aa63572f72a1,2026-02-17
run_20260217_220238-0224,0x074eac000c1cd9d32395be65e113fa117b63d4c2dc05a47a48bfa330d5a847a1,0x074eac000c1cd9d32395be65e113fa117b63d4c2dc05a47a48bfa330d5a847a1,True,0xa614a29f4fc1cbcdf36713ede6965e331845872ffdd11384cfc3aa63572f72a1,2026-02-17
run_20260217_220238-0225,0x142ea0a6788da113f94ab1ce1b9608636b67bd8cfa3cde6b6cb12dd9cec09270,0x142ea0a6788da113f94ab1ce1b9608636b67bd8cfa3cde6b6cb12dd9cec09270,True,0xa614a29f4fc1cbcdf36713ede6965e331845872ffdd11384cfc3aa63572f72a1,2026-02-17
run_20260217_220238-0226,0x14b1a00dfedbbbaa8e6820334e86d965506223be13fc8d5bfb6ef9d2f7918518,0x14b1a00dfedbbbaa8e6820334e86d965506223be13fc8d5bfb6ef9d2f7918518,True,0xa614a29f4fc1cbcdf36713ede6965e331845872ffdd11384cfc3aa63572f72a1,2026-02-17
run_20260217_220238-0227,0x37597a38aa83a2db661eb2a428997e8e018ad9dc57ffdf530461e521025ab423,0x37597a38aa83a2db661eb2a428997e8e018ad9dc57ffdf530461e521025ab423,True,0xa614a29f4fc1cbcdf36713ede6965e331845872ffdd11384cfc3aa63572f72a1,2026-02-17
run_20260217_220238-0228,0x2928eb860c8d05d083cc0bb2e3407b292f5f63f2096e3fbb189acfd1d947bc4b,0x2928eb860c8d05d083cc0bb2e3407b292f5f63f2096e3fbb189acfd1d947bc4b,True,0xa614a29f4fc1cbcdf36713ede6965e331845872ffdd11384cfc3aa63572f72a1,2026-02-17
run_20260217_220238-0229,0x1f90b1b9ee419a75633a64238031cb0edb7b7190796f6b4b958248fe42f85e0e,0x1f90b1b9ee419a75633a64238031cb0edb7b7190796f6b4b958248fe42f85e0e,True,0xa614a29f4fc1cbcdf36713ede6965e331845872ffdd11384cfc3aa63572f72a1,2026-02-17
run_20260217_220238-0230,0xab56e6ace53158866a08ce1d9db7473b4fa0e9234ade885a082ef8be520e6004,0xab56e6ace53158866a08ce1d9db7473b4fa0e9234ade885a082ef8be520e6004,True,0xa614a29f4fc1cbcdf36713ede6965e331845872ffdd11384cfc3aa63572f72a1,2026-02-17
run_20260217_220238-0231,0xd85e84a55ecd2134719bc619412b1f0a7e0d965edbb8c81bfc594d7b99cb8ba3,0xd85e84a55ecd2134719bc619412b1f0a7e0d965edbb8c81bfc594d7b99cb8ba3,True,0xa614a29f4fc1cbcdf36713ede6965e331845872ffdd11384cfc3aa63572f72a1,2026-02-17
run_20260217_220238-0232,0x787d8c787003e801de86262eb09f945841503ce51efa8dba072544f972d9a168,0x787d8c787003e801de86262eb09f945841503ce51efa8dba072544f972d9a168,True,0xa614a29f4fc1cbcdf36713ede6965e331845872ffdd11384cfc3aa63572f72a1,2026-02-17
run_20260217_220238-0233,0x33ee8c24381b03d4d6ea4c9af446b6470e10dafd9f27479445ea1ea443c990a2,0x33ee8c24381b03d4d6ea4c9af446b6470e10dafd9f27479445ea1ea443c990a2,True,0xa614a29f4fc1cbcdf36713ede6965e331845872ffdd11384cfc3aa63572f72a1,2026-02-17
run_20260217_220238-0234,0x19cd2b7386fdfcb6b6688e5f598de6c466c8d38755b2afe960bd7b0509522f73,0x19cd2b7386fdfcb6b6688e5f598de6c466c8d38755b2afe960bd7b0509522f73,True,0xa614a29f4fc1cbcdf36713ede6965e331845872ffdd11384cfc3aa63572f72a1,2026-02-17
run_20260217_220238-0235,0x75b6ea606d6884a67e6e4cfe18e451ac086d8c384d42fc4e38531ba94db5d648,0x75b6ea606d6884a67e6e4cfe18e451ac086d8c384d42fc4e38531ba94db5d648,True,0xa614a29f4fc1cbcdf36713ede6965e331845872ffdd11384cfc3aa63572f72a1,2026-02-17
run_20260217_220238-0236,0x83212fb4cacb3132362fa26576b8f7ecfe6970c79ce14e84884b0867037014b5,0x83212fb4cacb3132362fa26576b8f7ecfe6970c79ce14e84884b0867037014b5,True,0xa614a29f4fc1cbcdf36713ede6965e331845872ffdd11384cfc3aa63572f72a1,2026-02-17
run_20260217_220238-0237,0xff754918f7fe5c72777a50613c0e0919eb755b89ce134122ab4beb04163a2e32,0xff754918f7fe5c72777a50613c0e0919eb755b89ce134122ab4beb04163a2e32,True,0xa614a29f4fc1cbcdf36713ede6965e331845872ffdd11384cfc3aa63572f72a1,2026-02-17
run_20260217_220238-0238,0x9b62209e5701471a2c31be04c3973b43a0b2237dbf4afca9dbd68a557670dcd3,0x9b62209e5701471a2c31be04c3973b43a0b2237dbf4afca9dbd68a557670dcd3,True,0xa614a29f4fc1cbcdf36713ede6965e331845872ffdd11384cfc3aa63572f72a1,2026-02-17
run_20260217_220238-0239,0x1da1d945e3493d5ef5588e4146988c01d2b56886f99d975ccfa94c7c8a312792,0x1da1d945e3493d5ef5588e4146988c01d2b56886f99d975ccfa94c7c8a312792,True,0xa614a29f4fc1cbcdf36713ede6965e331845872ffdd11384cfc3aa63572f72a1,2026-02-17
run_20260217_220238-0240,0x1a81b87dd0cb4f095fc31b72d582ed6eadbf4077748ccc7fc105d3f5d22ad9af,0x1a81b87dd0cb4f095fc31b72d582ed6eadbf4077748ccc7fc105d3f5d22ad9af,True,0xa614a29f4fc1cbcdf36713ede6965e331845872ffdd11384cfc3aa63572f72a1,2026-02-17
run_20260217_220238-0241,0xfa2a1245609218a5bf6bbfc52427a7f0e2bed6f5e5e344925196ae1fff8b699e,0xfa2a1245609218a5bf6bbfc52427a7f0e2bed6f5e5e344925196ae1fff8b699e,True,0xa614a29f4fc1cbcdf36713ede6965e331845872ffdd11384cfc3aa63572f72a1,2026-02-17
run_20260217_220238-0242,0x6f61b7cb74f3434f435848f514df532a3ead688abb0e5c63262f620a195bc8db,0x6f61b7cb74f3434f435848f514df532a3ead688abb0e5c63262f620a195bc8db,True,0xa614a29f4fc1cbcdf36713ede6965e331845872ffdd11384cfc3aa63572f72a1,2026-02-17
run_20260217_220238-0243,0x4046ddb98ec199b2e4fbcae58d0042bf6e772df4f164e5775495f23ee3dca634,0x4046ddb98ec199b2e4fbcae58d0042bf6e772df4f164e5775495f23ee3dca634,True,0xa614a29f4fc1cbcdf36713ede6965e331845872ffdd11384cfc3aa63572f72a1,2026-02-17
run_20260217_220238-0244,0x973d5bf3968f604418a2a4b121f934e7e12e70dd74fb60a3b9ad3158178bf4e6,0x973d5bf3968f604418a2a4b121f934e7e12e70dd74fb60a3b9ad3158178bf4e6,True,0xa614a29f4fc1cbcdf36713ede6965e331845872ffdd11384cfc3aa63572f72a1,2026-02-17
run_20260217_220238-0245,0xae1f26b16b52d4fd0ccbff6db5fb0b2ce5115e578f7dcf4decff8091dc3ede08,0xae1f26b16b52d4fd0ccbff6db5fb0b2ce5115e578f7dcf4decff8091dc3ede08,True,0xa614a29f4fc1cbcdf36713ede6965e331845872ffdd11384cfc3aa63572f72a1,2026-02-17
run_20260217_220238-0246,0x78743f8a5fcb0463bf79c21590f5d8a9e1f8a634192b61041d7b2913c9621771,0x78743f8a5fcb0463bf79c21590f5d8a9e1f8a634192b61041d7b2913c9621771,True,0xa614a29f4fc1cbcdf36713ede6965e331845872ffdd11384cfc3aa63572f72a1,2026-02-17
run_20260217_220238-0247,0x195c0d069219330174919ad52ea95fbb7e156c4cb9c8f2a8a9ec32eb1f44b0bf,0x195c0d069219330174919ad52ea95fbb7e156c4cb9c8f2a8a9ec32eb1f44b0bf,True,0xa614a29f4fc1cbcdf36713ede6965e331845872ffdd11384cfc3aa63572f72a1,2026-02-17
run_20260217_220238-0248,0x39e8bd069dd5172308b6df1da6224f9427cd5f535064101672eb00d751e94d80,0x39e8bd069dd5172308b6df1da6224f9427cd5f535064101672eb00d751e94d80,True,0xa614a29f4fc1cbcdf36713ede6965e331845872ffdd11384cfc3aa63572f72a1,2026-02-17
run_20260217_220238-0249,0x8d3afd645cef6f24f5aec606327434b905c44bb13ba73364150be9ff06c5ea87,0x8d3afd645cef6f24f5aec606327434b905c44bb13ba73364150be9ff06c5ea87,True,0xa614a29f4fc1cbcdf36713ede6965e331845872ffdd11384cfc3aa63572f72a1,2026-02-17
run_20260217_220238-0250,0xffcb147a1674d165fa95ce37aad246a06436161747d6d9303f9ac3ab023a1641,0xffcb147a1674d165fa95ce37aad246a06436161747d6d9303f9ac3ab023a1641,True,0xa614a29f4fc1cbcdf36713ede6965e331845872ffdd11384cfc3aa63572f72a1,2026-02-17
run_20260217_220238-0251,0x4e0f0983fce5679cd22d7c449cd0d66f668f2aeaee277808bc6bbb8e620ec942,0x4e0f0983fce5679cd22d7c449cd0d66f668f2aeaee277808bc6bbb8e620ec942,True,0xa614a29f4fc1cbcdf36713ede6965e331845872ffdd11384cfc3aa63572f72a1,2026-02-17
run_20260217_220238-0252,0x05a0a6afb0b2e2807db69e1e882cb7a2b98643fa3130faade7264b6fdf43366b,0x05a0a6afb0b2e2807db69e1e882cb7a2b98643fa3130faade7264b6fdf43366b,True,0xa614a29f4fc1cbcdf36713ede6965e331845872ffdd11384cfc3aa63572f72a1,2026-02-17
run_20260217_220238-0253,0x8d3725c692ca44f40a8dc407fcfa477b3baa0851fcd94155c903f9f3c0b944b0,0x8d3725c692ca44f40a8dc407fcfa477b3baa0851fcd94155c903f9f3c0b944b0,True,0xa614a29f4fc1cbcdf36713ede6965e331845872ffdd11384cfc3aa63572f72a1,2026-02-17
run_20260217_220238-0254,0xde510d8c5cea9cbb1972703427bd00e750fe545987f531f008e7c032f25a1be6,0xde510d8c5cea9cbb1972703427bd00e750fe545987f531f008e7c032f25a1be6,True,0xa614a29f4fc1cbcdf36713ede6965e331845872ffdd11384cfc3aa63572f72a1,2026-02-17
run_20260217_220238-0255,0x5b7e16e0ea38d59489b604f1676cbfcfe0e0736c8f38bcb74d2783950781d49f,0x5b7e16e0ea38d59489b604f1676cbfcfe0e0736c8f38bcb74d2783950781d49f,True,0xa614a29f4fc1cbcdf36713ede6965e331845872ffdd11384cfc3aa63572f72a1,2026-02-17
run_20260217_220238-0256,0x7bae166e180b47ada58417e4f49d665853599855cd7eec9579f2edd4075f1f88,0x7bae166e180b47ada58417e4f49d665853599855cd7eec9579f2edd4075f1f88,True,0xa614a29f4fc1cbcdf36713ede6965e331845872ffdd11384cfc3aa63572f72a1,2026-02-17
run_20260217_220238-0257,0x7697b73f441954d64e6b243e956d5e425e5ea05abaa214d1c2aab7c4eba17b5c,0x7697b73f441954d64e6b243e956d5e425e5ea05abaa214d1c2aab7c4eba17b5c,True,0xa614a29f4fc1cbcdf36713ede6965e331845872ffdd11384cfc3aa63572f72a1,2026-02-17
run_20260217_220238-0258,0x8e2b684600ea377215ed9a492ca4ff4c817719a27690900ea45d88404ac7702b,0x8e2b684600ea377215ed9a492ca4ff4c817719a27690900ea45d88404ac7702b,True,0xa614a29f4fc1cbcdf36713ede6965e331845872ffdd11384cfc3aa63572f72a1,2026-02-17
run_20260217_220238-0259,0xd2958feb27e267c9dbbc0804d8372b15a976a66ebb698f37125d3d31527de579,0xd2958feb27e267c9dbbc0804d8372b15a976a66ebb698f37125d3d31527de579,True,0xa614a29f4fc1cbcdf36713ede6965e331845872ffdd11384cfc3aa63572f72a1,2026-02-17
run_20260217_220238-0260,0xa606b5e2922f47e7b1455baea671ee80b647387ddc55c3d3179a484c6ae6b0e5,0xa606b5e2922f47e7b1455baea671ee80b647387ddc55c3d3179a484c6ae6b0e5,True,0xa614a29f4fc1cbcdf36713ede6965e331845872ffdd11384cfc3aa63572f72a1,2026-02-17
run_20260217_220238-0261,0x1719dd9eec2acf09f0a32c6c565ebde9186dd6e618921f250a87f44e90b86651,0x1719dd9eec2acf09f0a32c6c565ebde9186dd6e618921f250a87f44e90b86651,True,0xa614a29f4fc1cbcdf36713ede6965e331845872ffdd11384cfc3aa63572f72a1,2026-02-17
run_20260217_220238-0262,0xdc877b05873c37e3aa84647bd05c603179df151c8ca9f2043e3b9516102f08b8,0xdc877b05873c37e3aa84647bd05c603179df151c8ca9f2043e3b9516102f08b8,True,0xa614a29f4fc1cbcdf36713ede6965e331845872ffdd11384cfc3aa63572f72a1,2026-02-17
run_20260217_220238-0263,0x95c06a76e418f5498625e1633ab95687ac7046711c3c919e6acb40500f7d7d84,0x95c06a76e418f5498625e1633ab95687ac7046711c3c919e6acb40500f7d7d84,True,0xa614a29f4fc1cbcdf36713ede6965e331845872ffdd11384cfc3aa63572f72a1,2026-02-17
run_20260217_220238-0264,0xc74ce78e47f193c1a5168f5888d779199d93ea8caf17b899f8fe7eb2f82f9b33,0xc74ce78e47f193c1a5168f5888d779199d93ea8caf17b899f8fe7eb2f82f9b33,True,0xa614a29f4fc1cbcdf36713ede6965e331845872ffdd11384cfc3aa63572f72a1,2026-02-17
run_20260217_220238-0265,0x1d761b52b3ebe6be218022990c55c3d4491bb55484985f696b4a7c983d44be8a,0x1d761b52b3ebe6be218022990c55c3d4491bb55484985f696b4a7c983d44be8a,True,0xa614a29f4fc1cbcdf36713ede6965e331845872ffdd11384cfc3aa63572f72a1,2026-02-17
run_20260217_220238-0266,0x8898bea6cbd7d979c65f91e99d73be4b4f28a6bf0b4877195198372a6d07f221,0x8898bea6cbd7d979c65f91e99d73be4b4f28a6bf0b4877195198372a6d07f221,True,0xa614a29f4fc1cbcdf36713ede6965e331845872ffdd11384cfc3aa63572f72a1,2026-02-17
run_20260217_220238-0267,0xbbcb7ec3553d6abc0d4af4d7c2f036c1a128a40120898a777e91921e88ad7d18,0xbbcb7ec3553d6abc0d4af4d7c2f036c1a128a40120898a777e91921e88ad7d18,True,0xa614a29f4fc1cbcdf36713ede6965e331845872ffdd11384cfc3aa63572f72a1,2026-02-17
run_20260217_220238-0268,0x6278160f658df3d67f86e73a5ecd38eac47621899dc47a06958ced9fa2f69e37,0x6278160f658df3d67f86e73a5ecd38eac47621899dc47a06958ced9fa2f69e37,True,0xa614a29f4fc1cbcdf36713ede6965e331845872ffdd11384cfc3aa63572f72a1,2026-02-17
run_20260217_220238-0269,0x86cf6093a98542c58f0ca9a54c140ea1160f8efe0a65a9d699e2c9e0c95b9a06,0x86cf6093a98542c58f0ca9a54c140ea1160f8efe0a65a9d699e2c9e0c95b9a06,True,0xa614a29f4fc1cbcdf36713ede6965e331845872ffdd11384cfc3aa63572f72a1,2026-02-17
run_20260217_220238-0270,0xcf02e73fd2540cb1c1944b008bcd8ebfa1cf90f0b80ffafca75ec9515cbfefe5,0xcf02e73fd2540cb1c1944b008bcd8ebfa1cf90f0b80ffafca75ec9515cbfefe5,True,0xa614a29f4fc1cbcdf36713ede6965e331845872ffdd11384cfc3aa63572f72a1,2026-02-17
run_20260217_220238-0271,0x5112d99c41da7df366affc31b048ae13c1a938b551d44940368569f77ad510f9,0x5112d99c41da7df366affc31b048ae13c1a938b551d44940368569f77ad510f9,True,0xa614a29f4fc1cbcdf36713ede6965e331845872ffdd11384cfc3aa63572f72a1,2026-02-17
run_20260217_220238-0272,0x1b3ee9e6000d90eb27d7d82508090fb5297030e5e16b5a1e0660519545927fa2,0x1b3ee9e6000d90eb27d7d82508090fb5297030e5e16b5a1e0660519545927fa2,True,0xa614a29f4fc1cbcdf36713ede6965e331845872ffdd11384cfc3aa63572f72a1,2026-02-17
run_20260217_220238-0273,0xa4a439ec2bce745027e85a3b58a11b29b6b1ea8baaa274278fb883410888c25f,0xa4a439ec2bce745027e85a3b58a11b29b6b1ea8baaa274278fb883410888c25f,True,0xa614a29f4fc1cbcdf36713ede6965e331845872ffdd11384cfc3aa63572f72a1,2026-02-17
run_20260217_220238-0274,0xbd5a91e488243f2e4ce1c9df9e2da6c1042daf41f1ab106cdf6c01a6dce24f7d,0xbd5a91e488243f2e4ce1c9df9e2da6c1042daf41f1ab106cdf6c01a6dce24f7d,True,0xa614a29f4fc1cbcdf36713ede6965e331845872ffdd11384cfc3aa63572f72a1,2026-02-17
run_20260217_220238-0275,0x16d9f61f84e95a3620408e34a2b17006303ccdc4915dd92d7aa3de092e8f49bb,0x16d9f61f84e95a3620408e34a2b17006303ccdc4915dd92d7aa3de092e8f49bb,True,0xa614a29f4fc1cbcdf36713ede6965e331845872ffdd11384cfc3aa63572f72a1,2026-02-17
run_20260217_220238-0276,0x86bb5ad740339deda4a5de96a1357437796aca4c2ed2ed9b37d4fd15993b685e,0x86bb5ad740339deda4a5de96a1357437796aca4c2ed2ed9b37d4fd15993b685e,True,0xa614a29f4fc1cbcdf36713ede6965e331845872ffdd11384cfc3aa63572f72a1,2026-02-17
run_20260217_220238-0277,0x2a6ef41da461187c2dee44ce6371e4523f744c38d6475bcdf07fa93eb6c04cbf,0x2a6ef41da461187c2dee44ce6371e4523f744c38d6475bcdf07fa93eb6c04cbf,True,0xa614a29f4fc1cbcdf36713ede6965e331845872ffdd11384cfc3aa63572f72a1,2026-02-17
run_20260217_220238-0278,0x67bb5ca9cd0578d0d46ef31455883da14fb0c6984afcedb4fefffd18c8922286,0x67bb5ca9cd0578d0d46ef31455883da14fb0c6984afcedb4fefffd18c8922286,True,0xa614a29f4fc1cbcdf36713ede6965e331845872ffdd11384cfc3aa63572f72a1,2026-02-17
run_20260217_220238-0279,0xf80764e3c4e119f86e18fcc346e79d99dccc4fcbbc89d6227cbe2c187f1cd798,0xf80764e3c4e119f86e18fcc346e79d99dccc4fcbbc89d6227cbe2c187f1cd798,True,0xa614a29f4fc1cbcdf36713ede6965e331845872ffdd11384cfc3aa63572f72a1,2026-02-17
run_20260217_220238-0280,0xfd86cd7bed013f792505cc1815f2bcc04dc07f419a1d0ac560da30e72315e7df,0xfd86cd7bed013f792505cc1815f2bcc04dc07f419a1d0ac560da30e72315e7df,True,0xa614a29f4fc1cbcdf36713ede6965e331845872ffdd11384cfc3aa63572f72a1,2026-02-17
run_20260217_220238-0281,0x1e1ae49b7f408b33318840be600e5c044f3be2b20f0d6bef567f8669b90d3b55,0x1e1ae49b7f408b33318840be600e5c044f3be2b20f0d6bef567f8669b90d3b55,True,0xa614a29f4fc1cbcdf36713ede6965e331845872ffdd11384cfc3aa63572f72a1,2026-02-17
run_20260217_220238-0282,0x551d86f044dba0e96d45fb96bafae69d0deba937a3d9112359098be8aeaae3fc,0x551d86f044dba0e96d45fb96bafae69d0deba937a3d9112359098be8aeaae3fc,True,0xa614a29f4fc1cbcdf36713ede6965e331845872ffdd11384cfc3aa63572f72a1,2026-02-17
run_20260217_220238-0283,0x6b87238d8b7707c1979702d90317ce1076e6ae81b547ed0ef7c74deea431a2b1,0x6b87238d8b7707c1979702d90317ce1076e6ae81b547ed0ef7c74deea431a2b1,True,0xa614a29f4fc1cbcdf36713ede6965e331845872ffdd11384cfc3aa63572f72a1,2026-02-17
run_20260217_220238-0284,0x4f4d827b785c0fbfb51b7b06e54bfc33487b1a578540a7960ca765fdfe6c21e6,0x4f4d827b785c0fbfb51b7b06e54bfc33487b1a578540a7960ca765fdfe6c21e6,True,0xa614a29f4fc1cbcdf36713ede6965e331845872ffdd11384cfc3aa63572f72a1,2026-02-17
run_20260217_220238-0285,0xecb3d91089c272e783f10b47985f1f018c2351d0b17527e885921bdd97c306ce,0xecb3d91089c272e783f10b47985f1f018c2351d0b17527e885921bdd97c306ce,True,0xa614a29f4fc1cbcdf36713ede6965e331845872ffdd11384cfc3aa63572f72a1,2026-02-17
run_20260217_220238-0286,0xf84de4099fb66f90f4d77e42d1a62d7ed5fc42f61c79af7e38730f3abb836f26,0xf84de4099fb66f90f4d77e42d1a62d7ed5fc42f61c79af7e38730f3abb836f26,True,0xa614a29f4fc1cbcdf36713ede6965e331845872ffdd11384cfc3aa63572f72a1,2026-02-17
run_20260217_220238-0287,0xfc015fd89add3353eb00bb0ac95d812988e32271ca567e1f0424436065c12bcd,0xfc015fd89add3353eb00bb0ac95d812988e32271ca567e1f0424436065c12bcd,True,0xa614a29f4fc1cbcdf36713ede6965e331845872ffdd11384cfc3aa63572f72a1,2026-02-17
run_20260217_220238-0288,0x024b9c4cb9ff0152ca1a8449b1c254793179bc289264b93f7743f2dca927ef9d,0x024b9c4cb9ff0152ca1a8449b1c254793179bc289264b93f7743f2dca927ef9d,True,0xa614a29f4fc1cbcdf36713ede6965e331845872ffdd11384cfc3aa63572f72a1,2026-02-17
run_20260217_220238-0289,0xf1a2700820dc45b56c8b733e2ad335ebb9b5d8959dc0d58d9d5e74974b6037b9,0xf1a2700820dc45b56c8b733e2ad335ebb9b5d8959dc0d58d9d5e74974b6037b9,True,0xa614a29f4fc1cbcdf36713ede6965e331845872ffdd11384cfc3aa63572f72a1,2026-02-17
run_20260217_220238-0290,0x1069219a48f7e5a2d5cb3d30cf6d322725b45870b4076aba3c7e1819f1b8b236,0x1069219a48f7e5a2d5cb3d30cf6d322725b45870b4076aba3c7e1819f1b8b236,True,0xa614a29f4fc1cbcdf36713ede6965e331845872ffdd11384cfc3aa63572f72a1,2026-02-17
run_20260217_220238-0291,0x8ffc4efb518bcf50435d69522625e5a7e1e37124c194e161eb99d53b1c50775c,0x8ffc4efb518bcf50435d69522625e5a7e1e37124c194e161eb99d53b1c50775c,True,0xa614a29f4fc1cbcdf36713ede6965e331845872ffdd11384cfc3aa63572f72a1,2026-02-17
run_20260217_220238-0292,0xf2aded28d02400e0eee798954e53e422d7197f9051b037eea81dced43c9b9ea4,0xf2aded28d02400e0eee798954e53e422d7197f9051b037eea81dced43c9b9ea4,True,0xa614a29f4fc1cbcdf36713ede6965e331845872ffdd11384cfc3aa63572f72a1,2026-02-17
run_20260217_220238-0293,0x87c7bf7fcf548b09b745103ba224ff1b52f14ea47b8e05e458e3b767504e0b05,0x87c7bf7fcf548b09b745103ba224ff1b52f14ea47b8e05e458e3b767504e0b05,True,0xa614a29f4fc1cbcdf36713ede6965e331845872ffdd11384cfc3aa63572f72a1,2026-02-17
run_20260217_220238-0294,0x8666e4067148e1faab86c0f657b6aa8ae1a5227fb621ea8e453b98065e48737a,0x8666e4067148e1faab86c0f657b6aa8ae1a5227fb621ea8e453b98065e48737a,True,0xa614a29f4fc1cbcdf36713ede6965e331845872ffdd11384cfc3aa63572f72a1,2026-02-17
run_20260217_220238-0295,0x83318dec13218e11726641c7aecfb719238a79280ffed091de29af5d2cff42ff,0x83318dec13218e11726641c7aecfb719238a79280ffed091de29af5d2cff42ff,True,0xa614a29f4fc1cbcdf36713ede6965e331845872ffdd11384cfc3aa63572f72a1,2026-02-17
run_20260217_220238-0296,0x6dcd8957a4f250806495f6a0afbbd9a1bf51aa404b7bfc8b87e575161e68bde8,0x6dcd8957a4f250806495f6a0afbbd9a1bf51aa404b7bfc8b87e575161e68bde8,True,0xa614a29f4fc1cbcdf36713ede6965e331845872ffdd11384cfc3aa63572f72a1,2026-02-17
run_20260217_220238-0297,0xd7c6942d929aabe2409f60dbb1a363c98e8b22f14b32074fb101723f810569a6,0xd7c6942d929aabe2409f60dbb1a363c98e8b22f14b32074fb101723f810569a6,True,0xa614a29f4fc1cbcdf36713ede6965e331845872ffdd11384cfc3aa63572f72a1,2026-02-17
run_20260217_220238-0298,0x9bccbcdc893ae583e57f22a3d4d7e285e20e7ee227b5526217eaea0b876ece02,0x9bccbcdc893ae583e57f22a3d4d7e285e20e7ee227b5526217eaea0b876ece02,True,0xa614a29f4fc1cbcdf36713ede6965e331845872ffdd11384cfc3aa63572f72a1,2026-02-17
run_20260217_220238-0299,0xce2053ed31e593168da6bf049a3e70e82e1a7965f126da708aa895b9ed76c004,0xce2053ed31e593168da6bf049a3e70e82e1a7965f126da708aa895b9ed76c004,True,0xa614a29f4fc1cbcdf36713ede6965e331845872ffdd11384cfc3aa63572f72a1,2026-02-17
run_20260217_220238-0300,0x5f8a438dfd05a0234dba9c5f43c4c7d59f09d8ca6cfbd90c85e5c87369ce786f,0x5f8a438dfd05a0234dba9c5f43c4c7d59f09d8ca6cfbd90c85e5c87369ce786f,True,0xa614a29f4fc1cbcdf36713ede6965e331845872ffdd11384cfc3aa63572f72a1,2026-02-17
run_20260217_220238-0301,0xe0de96f232c703f40df4339054286e533b8c39698a57f63efc8c3cd1696ddd61,0xe0de96f232c703f40df4339054286e533b8c39698a57f63efc8c3cd1696ddd61,True,0xa614a29f4fc1cbcdf36713ede6965e331845872ffdd11384cfc3aa63572f72a1,2026-02-17
run_20260217_220238-0302,0x77eaef98cd36447e418d5560b0b96ae464928903615759b2686bd1a21eee6f04,0x77eaef98cd36447e418d5560b0b96ae464928903615759b2686bd1a21eee6f04,True,0xa614a29f4fc1cbcdf36713ede6965e331845872ffdd11384cfc3aa63572f72a1,2026-02-17
run_20260217_220238-0303,0x335c774daae1243073fc54b9a2b13a6af638224f23cf80be7667b09d0fec89ff,0x335c774daae1243073fc54b9a2b13a6af638224f23cf80be7667b09d0fec89ff,True,0xa614a29f4fc1cbcdf36713ede6965e331845872ffdd11384cfc3aa63572f72a1,2026-02-17
run_20260217_220238-0304,0x74fa95931cf310c8feea2731127e3fe541fd0752d5fa54070454e71d7bf50992,0x74fa95931cf310c8feea2731127e3fe541fd0752d5fa54070454e71d7bf50992,True,0xa614a29f4fc1cbcdf36713ede6965e331845872ffdd11384cfc3aa63572f72a1,2026-02-17
run_20260217_220238-0305,0xae0df482a76c9da6ef1684d356d3b37142294839c47c0eeb5740dbbd87d48d34,0xae0df482a76c9da6ef1684d356d3b37142294839c47c0eeb5740dbbd87d48d34,True,0xa614a29f4fc1cbcdf36713ede6965e331845872ffdd11384cfc3aa63572f72a1,2026-02-17
run_20260217_220238-0306,0x821462ac2aaf29dd16ba6ad6fc4786d3528420200de4b1c4e28dec24615121b6,0x821462ac2aaf29dd16ba6ad6fc4786d3528420200de4b1c4e28dec24615121b6,True,0xa614a29f4fc1cbcdf36713ede6965e331845872ffdd11384cfc3aa63572f72a1,2026-02-17
run_20260217_220238-0307,0x6b8bd4ddcbfa20f90790d2f57258527c829c9ce8e071dc6a701b8ad3d6f06066,0x6b8bd4ddcbfa20f90790d2f57258527c829c9ce8e071dc6a701b8ad3d6f06066,True,0xa614a29f4fc1cbcdf36713ede6965e331845872ffdd11384cfc3aa63572f72a1,2026-02-17
run_20260217_220238-0308,0x05a0fe5bf251c20b76ca6722b281433cc24d87378cbd61c1541b508a6ade750b,0x05a0fe5bf251c20b76ca6722b281433cc24d87378cbd61c1541b508a6ade750b,True,0xa614a29f4fc1cbcdf36713ede6965e331845872ffdd11384cfc3aa63572f72a1,2026-02-17
run_20260217_220238-0309,0x39195cdf5b344111ea015273fb1af4e4b0b0429b22deb834dc848e8461b7cc92,0x39195cdf5b344111ea015273fb1af4e4b0b0429b22deb834dc848e8461b7cc92,True,0xa614a29f4fc1cbcdf36713ede6965e331845872ffdd11384cfc3aa63572f72a1,2026-02-17
run_20260217_220238-0310,0x87f7663986ab5e5a340272dd22a3047dad622a4419dd1617133c3fc0e641dca5,0x87f7663986ab5e5a340272dd22a3047dad622a4419dd1617133c3fc0e641dca5,True,0xa614a29f4fc1cbcdf36713ede6965e331845872ffdd11384cfc3aa63572f72a1,2026-02-17
run_20260217_220238-0311,0x4fa0c228312e4f097f45514efb9b508d210f63071a70501a7f1f0a97d8847c73,0x4fa0c228312e4f097f45514efb9b508d210f63071a70501a7f1f0a97d8847c73,True,0xa614a29f4fc1cbcdf36713ede6965e331845872ffdd11384cfc3aa63572f72a1,2026-02-17
run_20260217_220238-0312,0x05c7be3733a0da372333be0984306e678399262c122bcfaa886a15e067042e5e,0x05c7be3733a0da372333be0984306e678399262c122bcfaa886a15e067042e5e,True,0xa614a29f4fc1cbcdf36713ede6965e331845872ffdd11384cfc3aa63572f72a1,2026-02-17
run_20260217_220238-0313,0xca1a40ea43d4e456d6940cf11851b433fe42982f2a53c97bff766aae80c2def8,0xca1a40ea43d4e456d6940cf11851b433fe42982f2a53c97bff766aae80c2def8,True,0xa614a29f4fc1cbcdf36713ede6965e331845872ffdd11384cfc3aa63572f72a1,2026-02-17
run_20260217_220238-0314,0xaa2d74dd6ef2d96ee5d2a1310fd7de60ea55da73d33cf2e1213ee44fc4aeebd1,0xaa2d74dd6ef2d96ee5d2a1310fd7de60ea55da73d33cf2e1213ee44fc4aeebd1,True,0xa614a29f4fc1cbcdf36713ede6965e331845872ffdd11384cfc3aa63572f72a1,2026-02-17
run_20260217_220238-0315,0x54b8ba7931788a61ecad512d72ddc7a01f56b1d5392f018ee9125d66a6f03f87,0x54b8ba7931788a61ecad512d72ddc7a01f56b1d5392f018ee9125d66a6f03f87,True,0xa614a29f4fc1cbcdf36713ede6965e331845872ffdd11384cfc3aa63572f72a1,2026-02-17
run_20260217_220238-0316,0xd8926f9d873bceb7751008ddbde33992158e62a47e7638d5b5a7908f62317221,0xd8926f9d873bceb7751008ddbde33992158e62a47e7638d5b5a7908f62317221,True,0xa614a29f4fc1cbcdf36713ede6965e331845872ffdd11384cfc3aa63572f72a1,2026-02-17
run_20260217_220238-0317,0xd90cbc149b80451565d1abaa17aa32cf623bc7a8037fb0c5bda2f28e58522ed9,0xd90cbc149b80451565d1abaa17aa32cf623bc7a8037fb0c5bda2f28e58522ed9,True,0xa614a29f4fc1cbcdf36713ede6965e331845872ffdd11384cfc3aa63572f72a1,2026-02-17
run_20260217_220238-0318,0x8ad3ffd87529bd138ca235a3747c4a06f3e73395cb560a74969c543f8f30ed60,0x8ad3ffd87529bd138ca235a3747c4a06f3e73395cb560a74969c543f8f30ed60,True,0xa614a29f4fc1cbcdf36713ede6965e331845872ffdd11384cfc3aa63572f72a1,2026-02-17
run_20260217_220238-0319,0x37e63cd37b80b3c387fa49d07dafd284240a7744d59575c94bbf13f83450eb16,0x37e63cd37b80b3c387fa49d07dafd284240a7744d59575c94bbf13f83450eb16,True,0xa614a29f4fc1cbcdf36713ede6965e331845872ffdd11384cfc3aa63572f72a1,2026-02-17
run_20260217_220238-0320,0x47dc35a88582a9eb08c5659961557e62e3ec9211578f60600cc7a18cf427b3bb,0x47dc35a88582a9eb08c5659961557e62e3ec9211578f60600cc7a18cf427b3bb,True,0xa614a29f4fc1cbcdf36713ede6965e331845872ffdd11384cfc3aa63572f72a1,2026-02-17
run_20260217_220238-0321,0x4c678dc9fda7bfd2e4d7f8ef142a2f92c0fefc9b30c2673cc09329273d546b47,0x4c678dc9fda7bfd2e4d7f8ef142a2f92c0fefc9b30c2673cc09329273d546b47,True,0xa614a29f4fc1cbcdf36713ede6965e331845872ffdd11384cfc3aa63572f72a1,2026-02-17
run_20260217_220238-0322,0x09427ebfa2756aab52ee7e9add64a7e9e9e67c74e6023e45944c6fbaecd138a0,0x09427ebfa2756aab52ee7e9add64a7e9e9e67c74e6023e45944c6fbaecd138a0,True,0xa614a29f4fc1cbcdf36713ede6965e331845872ffdd11384cfc3aa63572f72a1,2026-02-17
run_20260217_220238-0323,0x99d0bbd0b99a13448078b2ef0c97037672fcb5b942a868c2dd82d0cfdf57e1a5,0x99d0bbd0b99a13448078b2ef0c97037672fcb5b942a868c2dd82d0cfdf57e1a5,True,0xa614a29f4fc1cbcdf36713ede6965e331845872ffdd11384cfc3aa63572f72a1,2026-02-17
run_20260217_220238-0324,0x1e74535a8c1324605994b691bbbacb2dd25538c9d42a61a0ed146d7dd23fb62b,0x1e74535a8c1324605994b691bbbacb2dd25538c9d42a61a0ed146d7dd23fb62b,True,0xa614a29f4fc1cbcdf36713ede6965e331845872ffdd11384cfc3aa63572f72a1,2026-02-17
run_20260217_220238-0325,0xb903c49d44a3cffbe75e8edcb3e208bf8c8b782a152d4053bcadddbf41716d5b,0xb903c49d44a3cffbe75e8edcb3e208bf8c8b782a152d4053bcadddbf41716d5b,True,0xa614a29f4fc1cbcdf36713ede6965e331845872ffdd11384cfc3aa63572f72a1,2026-02-17
run_20260217_220238-0326,0x9d6aec225f6461c90de2258bfd961cfb6e2d2ca7125e4fa909c6b92f09c4e465,0x9d6aec225f6461c90de2258bfd961cfb6e2d2ca7125e4fa909c6b92f09c4e465,True,0xa614a29f4fc1cbcdf36713ede6965e331845872ffdd11384cfc3aa63572f72a1,2026-02-17
run_20260217_220238-0327,0x9f6ef106c9990a12af1c1b7307b3e9eb65b8194dc0d16de62976ca6531461799,0x9f6ef106c9990a12af1c1b7307b3e9eb65b8194dc0d16de62976ca6531461799,True,0xa614a29f4fc1cbcdf36713ede6965e331845872ffdd11384cfc3aa63572f72a1,2026-02-17
run_20260217_220238-0328,0xce4eacfe0cff35f59deb9a33bbd5320531bc1b64f56d6fdeaf23672fa66b24b3,0xce4eacfe0cff35f59deb9a33bbd5320531bc1b64f56d6fdeaf23672fa66b24b3,True,0xa614a29f4fc1cbcdf36713ede6965e331845872ffdd11384cfc3aa63572f72a1,2026-02-17
run_20260217_220238-0329,0xdb2708cb1343e4a2ea03df7a1876fbe5c6fa8bdc568f51c5873e4de2527ac249,0xdb2708cb1343e4a2ea03df7a1876fbe5c6fa8bdc568f51c5873e4de2527ac249,True,0xa614a29f4fc1cbcdf36713ede6965e331845872ffdd11384cfc3aa63572f72a1,2026-02-17
run_20260217_220238-0330,0x83ac66876c997fe2fe74ba082cd3cb437a012c381181d0751451dd74f95cf2ed,0x83ac66876c997fe2fe74ba082cd3cb437a012c381181d0751451dd74f95cf2ed,True,0xa614a29f4fc1cbcdf36713ede6965e331845872ffdd11384cfc3aa63572f72a1,2026-02-17
run_20260217_220238-0331,0x5a517c21dd3e64e17b5b72f4ca4a00b6655d0e22cb6a22e65b214adc6d38bac4,0x5a517c21dd3e64e17b5b72f4ca4a00b6655d0e22cb6a22e65b214adc6d38bac4,True,0xa614a29f4fc1cbcdf36713ede6965e331845872ffdd11384cfc3aa63572f72a1,2026-02-17
run_20260217_220238-0332,0xa088874529e371d94a88dd88eaa0e96da836e926341e6affd343ea7eec145824,0xa088874529e371d94a88dd88eaa0e96da836e926341e6affd343ea7eec145824,True,0xa614a29f4fc1cbcdf36713ede6965e331845872ffdd11384cfc3aa63572f72a1,2026-02-17
run_20260217_220238-0333,0xf6cb0ad8c9efcc6e961dac7d68756f1cae95bec3ab4e6253db217f93ba3c9214,0xf6cb0ad8c9efcc6e961dac7d68756f1cae95bec3ab4e6253db217f93ba3c9214,True,0xa614a29f4fc1cbcdf36713ede6965e331845872ffdd11384cfc3aa63572f72a1,2026-02-17
run_20260217_220238-0334,0x3572ca0c53b23acf9af397738ac812bd6c2b3d89f88a35982cb49baef047b008,0x3572ca0c53b23acf9af397738ac812bd6c2b3d89f88a35982cb49baef047b008,True,0xa614a29f4fc1cbcdf36713ede6965e331845872ffdd11384cfc3aa63572f72a1,2026-02-17
run_20260217_220238-0335,0x7e70eeeae8e439d176d20868ede9ad34c96cc9759c2c2cd8d1d2efbfd365aebe,0x7e70eeeae8e439d176d20868ede9ad34c96cc9759c2c2cd8d1d2efbfd365aebe,True,0xa614a29f4fc1cbcdf36713ede6965e331845872ffdd11384cfc3aa63572f72a1,2026-02-17
run_20260217_220238-0336,0x30d3efd04cbb614c2f1e5ef0dcbf0d147e597ce6e9c978acdb8ec0d24bba69f7,0x30d3efd04cbb614c2f1e5ef0dcbf0d147e597ce6e9c978acdb8ec0d24bba69f7,True,0xa614a29f4fc1cbcdf36713ede6965e331845872ffdd11384cfc3aa63572f72a1,2026-02-17
run_20260217_220238-0337,0xa0057c11cc337539119cde0b60df8195fe5598621748f9be4eddefa98cfbaade,0xa0057c11cc337539119cde0b60df8195fe5598621748f9be4eddefa98cfbaade,True,0xa614a29f4fc1cbcdf36713ede6965e331845872ffdd11384cfc3aa63572f72a1,2026-02-17
run_20260217_220238-0338,0x4faa5b96927e2cca23f4761551da761717d0729927594e6857d40efa65335ea1,0x4faa5b96927e2cca23f4761551da761717d0729927594e6857d40efa65335ea1,True,0xa614a29f4fc1cbcdf36713ede6965e331845872ffdd11384cfc3aa63572f72a1,2026-02-17
run_20260217_220238-0339,0xc59b84210c470f80e006469225c32cc783c2a43255ac6064d0751321a93a62db,0xc59b84210c470f80e006469225c32cc783c2a43255ac6064d0751321a93a62db,True,0xa614a29f4fc1cbcdf36713ede6965e331845872ffdd11384cfc3aa63572f72a1,2026-02-17
run_20260217_220238-0340,0xf9548a7c0b00c56712cd391eef25bd314c285148175252fba86542481f23527b,0xf9548a7c0b00c56712cd391eef25bd314c285148175252fba86542481f23527b,True,0xa614a29f4fc1cbcdf36713ede6965e331845872ffdd11384cfc3aa63572f72a1,2026-02-17
run_20260217_220238-0341,0x60b582821be45c4447ff8157f4a190d791e0c97384ac997da3b41b22924da8c5,0x60b582821be45c4447ff8157f4a190d791e0c97384ac997da3b41b22924da8c5,True,0xa614a29f4fc1cbcdf36713ede6965e331845872ffdd11384cfc3aa63572f72a1,2026-02-17
run_20260217_220238-0342,0x490214f48ca9f59fc15585188d83f57fdf49dee6ae8f31a03999450f38fb50ec,0x490214f48ca9f59fc15585188d83f57fdf49dee6ae8f31a03999450f38fb50ec,True,0xa614a29f4fc1cbcdf36713ede6965e331845872ffdd11384cfc3aa63572f72a1,2026-02-17
run_20260217_220238-0343,0xa7162e4dbc07264f4527e16673d115bd1b49ea38558373e87430eb30a36cf553,0xa7162e4dbc07264f4527e16673d115bd1b49ea38558373e87430eb30a36cf553,True,0xa614a29f4fc1cbcdf36713ede6965e331845872ffdd11384cfc3aa63572f72a1,2026-02-17
run_20260217_220238-0344,0xc3b8643f233e270efdb414726ebca58e6f8a0de46ad9a3893c97005aadd60c7f,0xc3b8643f233e270efdb414726ebca58e6f8a0de46ad9a3893c97005aadd60c7f,True,0xa614a29f4fc1cbcdf36713ede6965e331845872ffdd11384cfc3aa63572f72a1,2026-02-17
run_20260217_220238-0345,0xad2bedc1cab2b80b0db20a1861ba238c466336b73d958851cc86a0d0b71c5a55,0xad2bedc1cab2b80b0db20a1861ba238c466336b73d958851cc86a0d0b71c5a55,True,0xa614a29f4fc1cbcdf36713ede6965e331845872ffdd11384cfc3aa63572f72a1,2026-02-17
run_20260217_220238-0346,0xbbcb37c33677de2733adcf506fa586ff30e1fdebbcaf6b20ac53ddca1daefb56,0xbbcb37c33677de2733adcf506fa586ff30e1fdebbcaf6b20ac53ddca1daefb56,True,0xa614a29f4fc1cbcdf36713ede6965e331845872ffdd11384cfc3aa63572f72a1,2026-02-17
run_20260217_220238-0347,0xb0651ac20514328393c3aa8100299ed0b73d4d2ac78094abbcdc45668a7df917,0xb0651ac20514328393c3aa8100299ed0b73d4d2ac78094abbcdc45668a7df917,True,0xa614a29f4fc1cbcdf36713ede6965e331845872ffdd11384cfc3aa63572f72a1,2026-02-17
run_20260217_220238-0348,0xf5e789b0e23ffe3c5557ae7f17814c80a015120028e1a423cf3903613fdcad4e,0xf5e789b0e23ffe3c5557ae7f17814c80a015120028e1a423cf3903613fdcad4e,True,0xa614a29f4fc1cbcdf36713ede6965e331845872ffdd11384cfc3aa63572f72a1,2026-02-17
run_20260217_220238-0349,0x554196d4be33b611de2343ae1ca70bd0ef1d6dd09f496236ccb849910ca26dbc,0x554196d4be33b611de2343ae1ca70bd0ef1d6dd09f496236ccb849910ca26dbc,True,0xa614a29f4fc1cbcdf36713ede6965e331845872ffdd11384cfc3aa63572f72a1,2026-02-17
run_20260217_220238-0350,0x36c749a85a67217f2dd7db7018765e578e69e93221c84e41812434ab6ad94fc9,0x36c749a85a67217f2dd7db7018765e578e69e93221c84e41812434ab6ad94fc9,True,0xa614a29f4fc1cbcdf36713ede6965e331845872ffdd11384cfc3aa63572f72a1,2026-02-17
run_20260217_220238-0351,0x1265be20c2cce5088fcd9a679cf4757af65fcfd86023fa22b7fd054eb1bd79b8,0x1265be20c2cce5088fcd9a679cf4757af65fcfd86023fa22b7fd054eb1bd79b8,True,0xa614a29f4fc1cbcdf36713ede6965e331845872ffdd11384cfc3aa63572f72a1,2026-02-17
run_20260217_220238-0352,0x9c2ba10498427ae4047b0e7f4ecd97669afb46ba9b16814c537832ac07070b37,0x9c2ba10498427ae4047b0e7f4ecd97669afb46ba9b16814c537832ac07070b37,True,0xa614a29f4fc1cbcdf36713ede6965e331845872ffdd11384cfc3aa63572f72a1,2026-02-17
run_20260217_220238-0353,0xae05560c28dd00bb9f93003a25a38b8117fe6b8ad37681730bccc0784c390e3e,0xae05560c28dd00bb9f93003a25a38b8117fe6b8ad37681730bccc0784c390e3e,True,0xa614a29f4fc1cbcdf36713ede6965e331845872ffdd11384cfc3aa63572f72a1,2026-02-17
run_20260217_220238-0354,0x18a5eb7b5933ed291bfa4499c63052d8f1c5cef58414b77ba5fd6ed9eac0c934,0x18a5eb7b5933ed291bfa4499c63052d8f1c5cef58414b77ba5fd6ed9eac0c934,True,0xa614a29f4fc1cbcdf36713ede6965e331845872ffdd11384cfc3aa63572f72a1,2026-02-17
run_20260217_220238-0355,0x6fef60d7ab58d475e1775d1af447e8c625c9057f7137b1f293bcda95754c8948,0x6fef60d7ab58d475e1775d1af447e8c625c9057f7137b1f293bcda95754c8948,True,0xa614a29f4fc1cbcdf36713ede6965e331845872ffdd11384cfc3aa63572f72a1,2026-02-17
run_20260217_220238-0356,0x0f817683b03ebe4a49aaa63f3e81bb0e2cb286231672e46e09c1d171ae9d97aa,0x0f817683b03ebe4a49aaa63f3e81bb0e2cb286231672e46e09c1d171ae9d97aa,True,0xa614a29f4fc1cbcdf36713ede6965e331845872ffdd11384cfc3aa63572f72a1,2026-02-17
run_20260217_220238-0357,0x5dbfbef6483f5f4fb275c63933203e7533b88f55ee7e4a54e37e1da22f366f77,0x5dbfbef6483f5f4fb275c63933203e7533b88f55ee7e4a54e37e1da22f366f77,True,0xa614a29f4fc1cbcdf36713ede6965e331845872ffdd11384cfc3aa63572f72a1,2026-02-17
run_20260217_220238-0358,0xf72e96ff6e8384dc5bd1fddb5056e2f5b16cda8f1026e0825fda128aa77216ec,0xf72e96ff6e8384dc5bd1fddb5056e2f5b16cda8f1026e0825fda128aa77216ec,True,0xa614a29f4fc1cbcdf36713ede6965e331845872ffdd11384cfc3aa63572f72a1,2026-02-17
run_20260217_220238-0359,0xa1813f0f8fc1d99f4ddfff6b379b38532f9bebf19d8a78c48da9e9e8ac310e89,0xa1813f0f8fc1d99f4ddfff6b379b38532f9bebf19d8a78c48da9e9e8ac310e89,True,0xa614a29f4fc1cbcdf36713ede6965e331845872ffdd11384cfc3aa63572f72a1,2026-02-17
run_20260217_220238-0360,0x8c8310b0fbe91ade32188c33d02103870dc041e63c172f912202606f2c10f7b5,0x8c8310b0fbe91ade32188c33d02103870dc041e63c172f912202606f2c10f7b5,True,0xa614a29f4fc1cbcdf36713ede6965e331845872ffdd11384cfc3aa63572f72a1,2026-02-17
run_20260217_220238-0361,0xf2c31bb8e3b24233e90d69ea069e70971ec9dfaa8aaca785f1e8d488816b113d,0xf2c31bb8e3b24233e90d69ea069e70971ec9dfaa8aaca785f1e8d488816b113d,True,0xa614a29f4fc1cbcdf36713ede6965e331845872ffdd11384cfc3aa63572f72a1,2026-02-17
run_20260217_220238-0362,0x81653f0cf137718ed79cc42231e29b8a43ed42cbbc41bba39f54bf072f419aab,0x81653f0cf137718ed79cc42231e29b8a43ed42cbbc41bba39f54bf072f419aab,True,0xa614a29f4fc1cbcdf36713ede6965e331845872ffdd11384cfc3aa63572f72a1,2026-02-17
run_20260217_220238-0363,0x9a9246bf6cb777c5b6de9de276f9858e5815e0be938689e0cde6b59cf4e49fc5,0x9a9246bf6cb777c5b6de9de276f9858e5815e0be938689e0cde6b59cf4e49fc5,True,0xa614a29f4fc1cbcdf36713ede6965e331845872ffdd11384cfc3aa63572f72a1,2026-02-17
run_20260217_220238-0364,0x46fa12549b903e85caff718f201cd498309638223b1754e02dcfa152647c3c7f,0x46fa12549b903e85caff718f201cd498309638223b1754e02dcfa152647c3c7f,True,0xa614a29f4fc1cbcdf36713ede6965e331845872ffdd11384cfc3aa63572f72a1,2026-02-17
run_20260217_220238-0365,0x447dc71b867fa09b152b3e43424f357bc75d78bb1a19e268e22c2173140b7148,0x447dc71b867fa09b152b3e43424f357bc75d78bb1a19e268e22c2173140b7148,True,0xa614a29f4fc1cbcdf36713ede6965e331845872ffdd11384cfc3aa63572f72a1,2026-02-17
run_20260217_220238-0366,0x89432765d182d51f2a1c4933391a4cb0baa431143180b2009154f89386d380e7,0x89432765d182d51f2a1c4933391a4cb0baa431143180b2009154f89386d380e7,True,0xa614a29f4fc1cbcdf36713ede6965e331845872ffdd11384cfc3aa63572f72a1,2026-02-17
run_20260217_220238-0367,0x0e97588de9c3a43424138ffe0b784891ee9e3429b7f58db4a19a79b4136ef1fe,0x0e97588de9c3a43424138ffe0b784891ee9e3429b7f58db4a19a79b4136ef1fe,True,0xa614a29f4fc1cbcdf36713ede6965e331845872ffdd11384cfc3aa63572f72a1,2026-02-17
run_20260217_220238-0368,0x8844526f2ae7d14e45e38da41b6facd847b2ac2d01ffc022a829a9722553976f,0x8844526f2ae7d14e45e38da41b6facd847b2ac2d01ffc022a829a9722553976f,True,0xa614a29f4fc1cbcdf36713ede6965e331845872ffdd11384cfc3aa63572f72a1,2026-02-17
run_20260217_220238-0369,0x917f031ad84c33016d01733592e11ca8ca1ae5f84eb06861cd7c50814c75807c,0x917f031ad84c33016d01733592e11ca8ca1ae5f84eb06861cd7c50814c75807c,True,0xa614a29f4fc1cbcdf36713ede6965e331845872ffdd11384cfc3aa63572f72a1,2026-02-17
run_20260217_220238-0370,0x8d75206eb5ec88e2b87a1c97f67b138540688e707b2f314fa5414ffa26d4294d,0x8d75206eb5ec88e2b87a1c97f67b138540688e707b2f314fa5414ffa26d4294d,True,0xa614a29f4fc1cbcdf36713ede6965e331845872ffdd11384cfc3aa63572f72a1,2026-02-17
run_20260217_220238-0371,0xe9992e5ef57c53ee3a93bde9ae16b8489543e7f862bf0e96dcdea2dc7a7080df,0xe9992e5ef57c53ee3a93bde9ae16b8489543e7f862bf0e96dcdea2dc7a7080df,True,0xa614a29f4fc1cbcdf36713ede6965e331845872ffdd11384cfc3aa63572f72a1,2026-02-17
run_20260217_220238-0372,0x582caec67e96b2b9ed3041a0e85a27917180dae5d98c47a71ec97a76a3bcf6bb,0x582caec67e96b2b9ed3041a0e85a27917180dae5d98c47a71ec97a76a3bcf6bb,True,0xa614a29f4fc1cbcdf36713ede6965e331845872ffdd11384cfc3aa63572f72a1,2026-02-17
run_20260217_220238-0373,0x0a8c4a8bcdd9f91ba019476b889e47d434c8f9ddf88d9e92912352ac139f9b2c,0x0a8c4a8bcdd9f91ba019476b889e47d434c8f9ddf88d9e92912352ac139f9b2c,True,0xa614a29f4fc1cbcdf36713ede6965e331845872ffdd11384cfc3aa63572f72a1,2026-02-17
run_20260217_220238-0374,0x0b83f818b270f6c0ee00be0966cd5f51138442c04889fe1a31beb4e2e9ca49a7,0x0b83f818b270f6c0ee00be0966cd5f51138442c04889fe1a31beb4e2e9ca49a7,True,0xa614a29f4fc1cbcdf36713ede6965e331845872ffdd11384cfc3aa63572f72a1,2026-02-17
run_20260217_220238-0375,0x1af0b02313eb4bfdbf1393e3bcfc2e1c749859b954be96520b88171c4c9bd02a,0x1af0b02313eb4bfdbf1393e3bcfc2e1c749859b954be96520b88171c4c9bd02a,True,0xa614a29f4fc1cbcdf36713ede6965e331845872ffdd11384cfc3aa63572f72a1,2026-02-17
run_20260217_220238-0376,0x963925605c6b74855bb310e7cbcefef2fcd3f5f30ddcefa952ed15e9bb035a83,0x963925605c6b74855bb310e7cbcefef2fcd3f5f30ddcefa952ed15e9bb035a83,True,0xa614a29f4fc1cbcdf36713ede6965e331845872ffdd11384cfc3aa63572f72a1,2026-02-17
run_20260217_220238-0377,0x33fa708bc0d67e60a6f059d67c817bdf1a643b36b3461bd4d5fbf29c003a398f,0x33fa708bc0d67e60a6f059d67c817bdf1a643b36b3461bd4d5fbf29c003a398f,True,0xa614a29f4fc1cbcdf36713ede6965e331845872ffdd11384cfc3aa63572f72a1,2026-02-17
run_20260217_220238-0378,0x3417204feb737db9c098163ed01f4a6dc50f48d965b9a6969fba43fea0de7985,0x3417204feb737db9c098163ed01f4a6dc50f48d965b9a6969fba43fea0de7985,True,0xa614a29f4fc1cbcdf36713ede6965e331845872ffdd11384cfc3aa63572f72a1,2026-02-17
run_20260217_220238-0379,0xc16ac2ef41a99e7fe31cdc8b64e7ec76d37f5bf10788c35612a8ecc0c5d9b1bb,0xc16ac2ef41a99e7fe31cdc8b64e7ec76d37f5bf10788c35612a8ecc0c5d9b1bb,True,0xa614a29f4fc1cbcdf36713ede6965e331845872ffdd11384cfc3aa63572f72a1,2026-02-17
run_20260217_220238-0380,0x27e4fea40c3ed8a418541329099e8075b230fe2f7a072b53cdcf8dd794645b1c,0x27e4fea40c3ed8a418541329099e8075b230fe2f7a072b53cdcf8dd794645b1c,True,0xa614a29f4fc1cbcdf36713ede6965e331845872ffdd11384cfc3aa63572f72a1,2026-02-17
run_20260217_220238-0381,0x004d33eefce91c24745ce9cc203b74389d0ddcc65fbcd4ce1c4c852132ef6349,0x004d33eefce91c24745ce9cc203b74389d0ddcc65fbcd4ce1c4c852132ef6349,True,0xa614a29f4fc1cbcdf36713ede6965e331845872ffdd11384cfc3aa63572f72a1,2026-02-17
run_20260217_220238-0382,0xc6a72aa24ccf3c1a6cc689968588e3bba53e62d998fc78fb053eb28345665726,0xc6a72aa24ccf3c1a6cc689968588e3bba53e62d998fc78fb053eb28345665726,True,0xa614a29f4fc1cbcdf36713ede6965e331845872ffdd11384cfc3aa63572f72a1,2026-02-17
run_20260217_220238-0383,0x25f6b9dc5913f1e51be1947b1dfe93600cd1c0db548d4c57c227692f4b1e9656,0x25f6b9dc5913f1e51be1947b1dfe93600cd1c0db548d4c57c227692f4b1e9656,True,0xa614a29f4fc1cbcdf36713ede6965e331845872ffdd11384cfc3aa63572f72a1,2026-02-17
run_20260217_220238-0384,0x1dbfe7d0d83dc2a7634c78c5d6ffa11219b1bd7738dce9c110a581624375c859,0x1dbfe7d0d83dc2a7634c78c5d6ffa11219b1bd7738dce9c110a581624375c859,True,0xa614a29f4fc1cbcdf36713ede6965e331845872ffdd11384cfc3aa63572f72a1,2026-02-17
run_20260217_220238-0385,0x5bb089e7ad235fa03c751b9a63965b31e69287515c6bc1822428b71bf1e95437,0x5bb089e7ad235fa03c751b9a63965b31e69287515c6bc1822428b71bf1e95437,True,0xa614a29f4fc1cbcdf36713ede6965e331845872ffdd11384cfc3aa63572f72a1,2026-02-17
run_20260217_220238-0386,0xebdbe73cbd8ae076aa14bb356eaca7af57cb068251023fa130fed0b554947b2e,0xebdbe73cbd8ae076aa14bb356eaca7af57cb068251023fa130fed0b554947b2e,True,0xa614a29f4fc1cbcdf36713ede6965e331845872ffdd11384cfc3aa63572f72a1,2026-02-17
run_20260217_220238-0387,0xbbfc054238956ec2417fb07c763be61a0b80f0dffe0ece293095c00de88454fc,0xbbfc054238956ec2417fb07c763be61a0b80f0dffe0ece293095c00de88454fc,True,0xa614a29f4fc1cbcdf36713ede6965e331845872ffdd11384cfc3aa63572f72a1,2026-02-17
run_20260217_220238-0388,0x413f67b7bb4565e07898d54bde70953ef6132bbd721c77600f800400b349f29a,0x413f67b7bb4565e07898d54bde70953ef6132bbd721c77600f800400b349f29a,True,0xa614a29f4fc1cbcdf36713ede6965e331845872ffdd11384cfc3aa63572f72a1,2026-02-17
run_20260217_220238-0389,0x91b515bb3abbcd770da65c6f52486245f5728387aa494013e814a53564091d78,0x91b515bb3abbcd770da65c6f52486245f5728387aa494013e814a53564091d78,True,0xa614a29f4fc1cbcdf36713ede6965e331845872ffdd11384cfc3aa63572f72a1,2026-02-17
run_20260217_220238-0390,0x77289b9563f5c536b7071c97003b8f69b87ea8629e409c228810c15d03764504,0x77289b9563f5c536b7071c97003b8f69b87ea8629e409c228810c15d03764504,True,0xa614a29f4fc1cbcdf36713ede6965e331845872ffdd11384cfc3aa63572f72a1,2026-02-17
run_20260217_220238-0391,0xd44f0b87239d3142582fece0e04ce04a4d0a282cff84218edb9c7c5e37ce77a0,0xd44f0b87239d3142582fece0e04ce04a4d0a282cff84218edb9c7c5e37ce77a0,True,0xa614a29f4fc1cbcdf36713ede6965e331845872ffdd11384cfc3aa63572f72a1,2026-02-17
run_20260217_220238-0392,0x67932a9730906af188bb5f19c97ea852d5a613641dae0c2877502a19493e4f20,0x67932a9730906af188bb5f19c97ea852d5a613641dae0c2877502a19493e4f20,True,0xa614a29f4fc1cbcdf36713ede6965e331845872ffdd11384cfc3aa63572f72a1,2026-02-17
run_20260217_220238-0393,0xcf68f4f02d033323e7bbff2efeca17e50d326f2c991bbba5c2e40c0490b2aa41,0xcf68f4f02d033323e7bbff2efeca17e50d326f2c991bbba5c2e40c0490b2aa41,True,0xa614a29f4fc1cbcdf36713ede6965e331845872ffdd11384cfc3aa63572f72a1,2026-02-17
run_20260217_220238-0394,0x2e9b3d325cbd10f79c9b5cbd215f9b24f0a2e70cee385f9a312217defc775438,0x2e9b3d325cbd10f79c9b5cbd215f9b24f0a2e70cee385f9a312217defc775438,True,0xa614a29f4fc1cbcdf36713ede6965e331845872ffdd11384cfc3aa63572f72a1,2026-02-17
run_20260217_220238-0395,0x42f4774e6facfaf471251149174726806b87e55adea693531aae797ef6d18982,0x42f4774e6facfaf471251149174726806b87e55adea693531aae797ef6d18982,True,0xa614a29f4fc1cbcdf36713ede6965e331845872ffdd11384cfc3aa63572f72a1,2026-02-17
run_20260217_220238-0396,0xc8e769242403cd938edd3c3b4cc4e47a50c3a3ccbe7a4ecfa133fe7017e34fbb,0xc8e769242403cd938edd3c3b4cc4e47a50c3a3ccbe7a4ecfa133fe7017e34fbb,True,0xa614a29f4fc1cbcdf36713ede6965e331845872ffdd11384cfc3aa63572f72a1,2026-02-17
run_20260217_220238-0397,0x0d213a346d9d98ccdddf19aa8eb26b05f9c7f43da6d2f91462892f4b6cbd3a3f,0x0d213a346d9d98ccdddf19aa8eb26b05f9c7f43da6d2f91462892f4b6cbd3a3f,True,0xa614a29f4fc1cbcdf36713ede6965e331845872ffdd11384cfc3aa63572f72a1,2026-02-17
run_20260217_220238-0398,0xc3785407fb146e3618f2b5dda7feaebbd9856582b05d5d6a7280815572e77b54,0xc3785407fb146e3618f2b5dda7feaebbd9856582b05d5d6a7280815572e77b54,True,0xa614a29f4fc1cbcdf36713ede6965e331845872ffdd11384cfc3aa63572f72a1,2026-02-17
run_20260217_220238-0399,0xb4e3311c4b56f309084ffbea5d5e152dbce1eba0e629683973074439c2296517,0xb4e3311c4b56f309084ffbea5d5e152dbce1eba0e629683973074439c2296517,True,0xa614a29f4fc1cbcdf36713ede6965e331845872ffdd11384cfc3aa63572f72a1,2026-02-17
run_20260217_220238-0400,0x216d4f71fc2773d2d7523740bf8184a6f9c8c6eb0efc47efba6a56fc0144f223,0x216d4f71fc2773d2d7523740bf8184a6f9c8c6eb0efc47efba6a56fc0144f223,True,0xa614a29f4fc1cbcdf36713ede6965e331845872ffdd11384cfc3aa63572f72a1,2026-02-17
run_20260217_220238-0401,0x5ff29217d20efbcb1f93a69425489b0d72cf3d2fcdc7ec38e7bc7aaad8cc4141,0x5ff29217d20efbcb1f93a69425489b0d72cf3d2fcdc7ec38e7bc7aaad8cc4141,True,0xa614a29f4fc1cbcdf36713ede6965e331845872ffdd11384cfc3aa63572f72a1,2026-02-17
run_20260217_220238-0402,0x15e7719720bce6f264daeea9cf3b3f37eab43d19108369bbc0175bb984b2b9d9,0x15e7719720bce6f264daeea9cf3b3f37eab43d19108369bbc0175bb984b2b9d9,True,0xa614a29f4fc1cbcdf36713ede6965e331845872ffdd11384cfc3aa63572f72a1,2026-02-17
run_20260217_220238-0403,0x8d267992c0a28beca01d9f622c469a0c5e345c0005f30d523db143dfe3558b7f,0x8d267992c0a28beca01d9f622c469a0c5e345c0005f30d523db143dfe3558b7f,True,0xa614a29f4fc1cbcdf36713ede6965e331845872ffdd11384cfc3aa63572f72a1,2026-02-17
run_20260217_220238-0404,0x930d08fff9f3187e564d5d20812048e6b4e66fe46715fe0d4b7d10e558bbbfeb,0x930d08fff9f3187e564d5d20812048e6b4e66fe46715fe0d4b7d10e558bbbfeb,True,0xa614a29f4fc1cbcdf36713ede6965e331845872ffdd11384cfc3aa63572f72a1,2026-02-17
run_20260217_220238-0405,0xa583badeee631449a2fe07a1c99f674cb1dbae7fd08315b2698540aba51ee585,0xa583badeee631449a2fe07a1c99f674cb1dbae7fd08315b2698540aba51ee585,True,0xa614a29f4fc1cbcdf36713ede6965e331845872ffdd11384cfc3aa63572f72a1,2026-02-17
run_20260217_220238-0406,0x641c14dd1f65085a0f517474969993af16abed0a0f178a9a19520c02500c0a9f,0x641c14dd1f65085a0f517474969993af16abed0a0f178a9a19520c02500c0a9f,True,0xa614a29f4fc1cbcdf36713ede6965e331845872ffdd11384cfc3aa63572f72a1,2026-02-17
run_20260217_220238-0407,0xd43fa7bd48a2c0e6185fbbbdd0ad69be14806e9dd2348807e76cdc38b31a30bf,0xd43fa7bd48a2c0e6185fbbbdd0ad69be14806e9dd2348807e76cdc38b31a30bf,True,0xa614a29f4fc1cbcdf36713ede6965e331845872ffdd11384cfc3aa63572f72a1,2026-02-17
run_20260217_220238-0408,0xe647ba11c1348344eaa25c8e1223b45922e945a0f747f0d6416ca4840182c017,0xe647ba11c1348344eaa25c8e1223b45922e945a0f747f0d6416ca4840182c017,True,0xa614a29f4fc1cbcdf36713ede6965e331845872ffdd11384cfc3aa63572f72a1,2026-02-17
run_20260217_220238-0409,0x3db805a5a3dd4684a425fe4139d1facb5126885c6c58432e08a8df0a57c7ee0c,0x3db805a5a3dd4684a425fe4139d1facb5126885c6c58432e08a8df0a57c7ee0c,True,0xa614a29f4fc1cbcdf36713ede6965e331845872ffdd11384cfc3aa63572f72a1,2026-02-17
run_20260217_220238-0410,0x10d778e8b6ad947c5ee9337761f294ede8278c7e3cdde44dc290d9a16c5a0959,0x10d778e8b6ad947c5ee9337761f294ede8278c7e3cdde44dc290d9a16c5a0959,True,0xa614a29f4fc1cbcdf36713ede6965e331845872ffdd11384cfc3aa63572f72a1,2026-02-17
run_20260217_220238-0411,0xfe35dcf4428e99cec4fef09bca88274a67038082d6f809248d946e96f82636e2,0xfe35dcf4428e99cec4fef09bca88274a67038082d6f809248d946e96f82636e2,True,0xa614a29f4fc1cbcdf36713ede6965e331845872ffdd11384cfc3aa63572f72a1,2026-02-17
run_20260217_220238-0412,0xfe71d40f25e2a1a0ebd1ad2dcb7b152f3e420f7e4481e72b9429300276e526c6,0xfe71d40f25e2a1a0ebd1ad2dcb7b152f3e420f7e4481e72b9429300276e526c6,True,0xa614a29f4fc1cbcdf36713ede6965e331845872ffdd11384cfc3aa63572f72a1,2026-02-17
run_20260217_220238-0413,0xdfc7beecf75566b8bd7240bd5bc5c78809e1485e9a440589d4dd25f9376fa041,0xdfc7beecf75566b8bd7240bd5bc5c78809e1485e9a440589d4dd25f9376fa041,True,0xa614a29f4fc1cbcdf36713ede6965e331845872ffdd11384cfc3aa63572f72a1,2026-02-17
run_20260217_220238-0414,0x451ef3a1971a952e8cd3a0fa5f6630af850d7af8e40cf2fe9b5eb5d77db84d21,0x451ef3a1971a952e8cd3a0fa5f6630af850d7af8e40cf2fe9b5eb5d77db84d21,True,0xa614a29f4fc1cbcdf36713ede6965e331845872ffdd11384cfc3aa63572f72a1,2026-02-17
run_20260217_220238-0415,0x2f9b3d10b61c5e7634125621e10764efda3033af8dfeb2610ca2d9ecfd2234d7,0x2f9b3d10b61c5e7634125621e10764efda3033af8dfeb2610ca2d9ecfd2234d7,True,0xa614a29f4fc1cbcdf36713ede6965e331845872ffdd11384cfc3aa63572f72a1,2026-02-17
run_20260217_220238-0416,0xbbf43dfdf257c32777af649f9269926831404739dde005e6617e75cd1d041784,0xbbf43dfdf257c32777af649f9269926831404739dde005e6617e75cd1d041784,True,0xa614a29f4fc1cbcdf36713ede6965e331845872ffdd11384cfc3aa63572f72a1,2026-02-17
run_20260217_220238-0417,0x8567aa91e9fa480a90865ea605c4336102b8784c9757d55a537c668029cc4579,0x8567aa91e9fa480a90865ea605c4336102b8784c9757d55a537c668029cc4579,True,0xa614a29f4fc1cbcdf36713ede6965e331845872ffdd11384cfc3aa63572f72a1,2026-02-17
run_20260217_220238-0418,0x9760caa7afed3cfb80c308a84899850df64aca696c2b6ca6f866e3efe9dd6e0a,0x9760caa7afed3cfb80c308a84899850df64aca696c2b6ca6f866e3efe9dd6e0a,True,0xa614a29f4fc1cbcdf36713ede6965e331845872ffdd11384cfc3aa63572f72a1,2026-02-17
run_20260217_220238-0419,0x4f671523c7d375b3af183388e558f017ebe2652bc8b78527a021e94d88822e5e,0x4f671523c7d375b3af183388e558f017ebe2652bc8b78527a021e94d88822e5e,True,0xa614a29f4fc1cbcdf36713ede6965e331845872ffdd11384cfc3aa63572f72a1,2026-02-17
run_20260217_220238-0420,0x1bd96cce44de83f018d5468123a7a4e92dfec286b2508699b01ac7da10e0f0ee,0x1bd96cce44de83f018d5468123a7a4e92dfec286b2508699b01ac7da10e0f0ee,True,0xa614a29f4fc1cbcdf36713ede6965e331845872ffdd11384cfc3aa63572f72a1,2026-02-17
run_20260217_220238-0421,0xf359ba6f0d3fde0c5d60ba32c5a6ee7271cb8dc98baf7b7e0b893e80380f138c,0xf359ba6f0d3fde0c5d60ba32c5a6ee7271cb8dc98baf7b7e0b893e80380f138c,True,0xa614a29f4fc1cbcdf36713ede6965e331845872ffdd11384cfc3aa63572f72a1,2026-02-17
run_20260217_220238-0422,0xe8127f45b8fdb7efd974a083f967e264cd5766742bbed635b774366f3f3daa17,0xe8127f45b8fdb7efd974a083f967e264cd5766742bbed635b774366f3f3daa17,True,0xa614a29f4fc1cbcdf36713ede6965e331845872ffdd11384cfc3aa63572f72a1,2026-02-17
run_20260217_220238-0423,0x4aac52f4fc6065f4c688e5fc57440f5bc9d7d969b25af607e2c44d524caa1589,0x4aac52f4fc6065f4c688e5fc57440f5bc9d7d969b25af607e2c44d524caa1589,True,0xa614a29f4fc1cbcdf36713ede6965e331845872ffdd11384cfc3aa63572f72a1,2026-02-17
run_20260217_220238-0424,0x0e535f8f76e684d2006682e8646c9e00ade0a6f946dda54325db115c30f45f7a,0x0e535f8f76e684d2006682e8646c9e00ade0a6f946dda54325db115c30f45f7a,True,0xa614a29f4fc1cbcdf36713ede6965e331845872ffdd11384cfc3aa63572f72a1,2026-02-17
run_20260217_220238-0425,0xb97d6ab46265f8b4c25c70521a102b55d7f4224ffdad852e5a1ee3cb2b8eabe2,0xb97d6ab46265f8b4c25c70521a102b55d7f4224ffdad852e5a1ee3cb2b8eabe2,True,0xa614a29f4fc1cbcdf36713ede6965e331845872ffdd11384cfc3aa63572f72a1,2026-02-17
run_20260217_220238-0426,0xab8e3fb3fdfce4842297757f10f74390d6db7b544b65bf85a98de2f915c76f77,0xab8e3fb3fdfce4842297757f10f74390d6db7b544b65bf85a98de2f915c76f77,True,0xa614a29f4fc1cbcdf36713ede6965e331845872ffdd11384cfc3aa63572f72a1,2026-02-17
run_20260217_220238-0427,0xa491c9a10b4502a57db6c0394452ade9e2d92ad2baed58c3e1bcbcae84b113d7,0xa491c9a10b4502a57db6c0394452ade9e2d92ad2baed58c3e1bcbcae84b113d7,True,0xa614a29f4fc1cbcdf36713ede6965e331845872ffdd11384cfc3aa63572f72a1,2026-02-17
run_20260217_220238-0428,0x0a3557c0b515e02cfb50e40c854c8001c965127a38738cf00d212d5d8d598580,0x0a3557c0b515e02cfb50e40c854c8001c965127a38738cf00d212d5d8d598580,True,0xa614a29f4fc1cbcdf36713ede6965e331845872ffdd11384cfc3aa63572f72a1,2026-02-17
run_20260217_220238-0429,0xd90c2007f6964026aeab29523efed92057cbfec20feb4dc0d18482bf92280fb2,0xd90c2007f6964026aeab29523efed92057cbfec20feb4dc0d18482bf92280fb2,True,0xa614a29f4fc1cbcdf36713ede6965e331845872ffdd11384cfc3aa63572f72a1,2026-02-17
run_20260217_220238-0430,0xb960d35dc8599d0be6ba748093b89ac53198869d644610b3c9306cd67b670a48,0xb960d35dc8599d0be6ba748093b89ac53198869d644610b3c9306cd67b670a48,True,0xa614a29f4fc1cbcdf36713ede6965e331845872ffdd11384cfc3aa63572f72a1,2026-02-17
run_20260217_220238-0431,0xdc160adb95343cc3193e9685bea213e98dfbd6e25d6f81cef639527c4d7ed820,0xdc160adb95343cc3193e9685bea213e98dfbd6e25d6f81cef639527c4d7ed820,True,0xa614a29f4fc1cbcdf36713ede6965e331845872ffdd11384cfc3aa63572f72a1,2026-02-17
run_20260217_220238-0432,0x4a9e13f8eefb68aa7b8e349b877bbae66f2c2fe3a26c3c8c66d84345027b3925,0x4a9e13f8eefb68aa7b8e349b877bbae66f2c2fe3a26c3c8c66d84345027b3925,True,0xa614a29f4fc1cbcdf36713ede6965e331845872ffdd11384cfc3aa63572f72a1,2026-02-17
run_20260217_220238-0433,0x1e8e121e6de9e469b70088b109b0bd14cc6e5f8462c5d5aebfe65d022a33095b,0x1e8e121e6de9e469b70088b109b0bd14cc6e5f8462c5d5aebfe65d022a33095b,True,0xa614a29f4fc1cbcdf36713ede6965e331845872ffdd11384cfc3aa63572f72a1,2026-02-17
run_20260217_220238-0434,0x1eeb5119cf3c18837a3b7db9954134b9ae4cc5afc8db2800459040daf3ca4f16,0x1eeb5119cf3c18837a3b7db9954134b9ae4cc5afc8db2800459040daf3ca4f16,True,0xa614a29f4fc1cbcdf36713ede6965e331845872ffdd11384cfc3aa63572f72a1,2026-02-17
run_20260217_220238-0435,0x8024134dd64f5279d2f65d75f7de9f74389b19b5ed190c8cfd2c9d8a8582a741,0x8024134dd64f5279d2f65d75f7de9f74389b19b5ed190c8cfd2c9d8a8582a741,True,0xa614a29f4fc1cbcdf36713ede6965e331845872ffdd11384cfc3aa63572f72a1,2026-02-17
run_20260217_220238-0436,0x8f26c73dd50d16939dba36d393741d17ef1e327d84af5e6228dc0fead38c4012,0x8f26c73dd50d16939dba36d393741d17ef1e327d84af5e6228dc0fead38c4012,True,0xa614a29f4fc1cbcdf36713ede6965e331845872ffdd11384cfc3aa63572f72a1,2026-02-17
run_20260217_220238-0437,0xccdb32cc8a6c1eb57dab458755b81f97714842f94d156e03c2ee8dee55c16414,0xccdb32cc8a6c1eb57dab458755b81f97714842f94d156e03c2ee8dee55c16414,True,0xa614a29f4fc1cbcdf36713ede6965e331845872ffdd11384cfc3aa63572f72a1,2026-02-17
run_20260217_220238-0438,0xddd53b7cbb11271dd108a7c3fc72683ec0a99da62ce6ec5dd30db548df8c0c7f,0xddd53b7cbb11271dd108a7c3fc72683ec0a99da62ce6ec5dd30db548df8c0c7f,True,0xa614a29f4fc1cbcdf36713ede6965e331845872ffdd11384cfc3aa63572f72a1,2026-02-17
run_20260217_220238-0439,0xb871dd575759620a9d09696c7b8a2e45f0e33311ec42fd088e080f257e6ccdc6,0xb871dd575759620a9d09696c7b8a2e45f0e33311ec42fd088e080f257e6ccdc6,True,0xa614a29f4fc1cbcdf36713ede6965e331845872ffdd11384cfc3aa63572f72a1,2026-02-17
run_20260217_220238-0440,0xee15b5fb7244d99fe7a75d28992e010e9dc7cadf649722f40bf372e52d062a1e,0xee15b5fb7244d99fe7a75d28992e010e9dc7cadf649722f40bf372e52d062a1e,True,0xa614a29f4fc1cbcdf36713ede6965e331845872ffdd11384cfc3aa63572f72a1,2026-02-17
run_20260217_220238-0441,0xc10aa9de12621c1483c66813814ba162f3788331341203c3a6a7691984b1a66c,0xc10aa9de12621c1483c66813814ba162f3788331341203c3a6a7691984b1a66c,True,0xa614a29f4fc1cbcdf36713ede6965e331845872ffdd11384cfc3aa63572f72a1,2026-02-17
run_20260217_220238-0442,0xcd78e166315c91e70c2563b03c91b74fa3a54692f4ff7609e0b3410cffcf03d8,0xcd78e166315c91e70c2563b03c91b74fa3a54692f4ff7609e0b3410cffcf03d8,True,0xa614a29f4fc1cbcdf36713ede6965e331845872ffdd11384cfc3aa63572f72a1,2026-02-17
run_20260217_220238-0443,0xfaa167b28d831613394fc8222ad1dd1c1a63761cf66f8f2412f5674205fd0b7e,0xfaa167b28d831613394fc8222ad1dd1c1a63761cf66f8f2412f5674205fd0b7e,True,0xa614a29f4fc1cbcdf36713ede6965e331845872ffdd11384cfc3aa63572f72a1,2026-02-17
run_20260217_220238-0444,0x2b8b3d35b6cc6547152f1a46d35407b5402d60fa2d8a39662c64939bed928e66,0x2b8b3d35b6cc6547152f1a46d35407b5402d60fa2d8a39662c64939bed928e66,True,0xa614a29f4fc1cbcdf36713ede6965e331845872ffdd11384cfc3aa63572f72a1,2026-02-17
run_20260217_220238-0445,0xd0d543e75866fd3af52debfcb460ec0109fb5b421539392a272b8e0f1509d83c,0xd0d543e75866fd3af52debfcb460ec0109fb5b421539392a272b8e0f1509d83c,True,0xa614a29f4fc1cbcdf36713ede6965e331845872ffdd11384cfc3aa63572f72a1,2026-02-17
run_20260217_220238-0446,0x7e417dd0ce46bea4a998d86817492d7c2711f250b6e63fc8e0cddca2db9811c9,0x7e417dd0ce46bea4a998d86817492d7c2711f250b6e63fc8e0cddca2db9811c9,True,0xa614a29f4fc1cbcdf36713ede6965e331845872ffdd11384cfc3aa63572f72a1,2026-02-17
run_20260217_220238-0447,0x5fb52bf0f4d37257bb5b40de12b3b72a44336f03ea84d4f19510c15328d357e2,0x5fb52bf0f4d37257bb5b40de12b3b72a44336f03ea84d4f19510c15328d357e2,True,0xa614a29f4fc1cbcdf36713ede6965e331845872ffdd11384cfc3aa63572f72a1,2026-02-17
run_20260217_220238-0448,0x9d880f0e160451e23b7623a82ce5fac473915fb23bada3a213a5530c94caa539,0x9d880f0e160451e23b7623a82ce5fac473915fb23bada3a213a5530c94caa539,True,0xa614a29f4fc1cbcdf36713ede6965e331845872ffdd11384cfc3aa63572f72a1,2026-02-17
run_20260217_220238-0449,0x7854d0f7ad056ce56b5633c3a00542ae5c0c4efd62ac271af5e3aaf26083aa49,0x7854d0f7ad056ce56b5633c3a00542ae5c0c4efd62ac271af5e3aaf26083aa49,True,0xa614a29f4fc1cbcdf36713ede6965e331845872ffdd11384cfc3aa63572f72a1,2026-02-17
run_20260217_220238-0450,0x40075d1017cd83701cba9580a399ff1449d1f3abc5d5b439e1ec8c4f36e4ed13,0x40075d1017cd83701cba9580a399ff1449d1f3abc5d5b439e1ec8c4f36e4ed13,True,0xa614a29f4fc1cbcdf36713ede6965e331845872ffdd11384cfc3aa63572f72a1,2026-02-17
run_20260217_220238-0451,0x71522c6417362e0a2f2e37213534fd4acbef460b6aab46a3fdcb014d259b5cf6,0x71522c6417362e0a2f2e37213534fd4acbef460b6aab46a3fdcb014d259b5cf6,True,0xa614a29f4fc1cbcdf36713ede6965e331845872ffdd11384cfc3aa63572f72a1,2026-02-17
run_20260217_220238-0452,0x97aa31e9dbfbfb5d6ca0a6ee4da324420fd4e82f0699552c66db65748ec0c4a2,0x97aa31e9dbfbfb5d6ca0a6ee4da324420fd4e82f0699552c66db65748ec0c4a2,True,0xa614a29f4fc1cbcdf36713ede6965e331845872ffdd11384cfc3aa63572f72a1,2026-02-17
run_20260217_220238-0453,0x65af6f0df08999ca9ef50398dd8b05fb3f5c679e6660efacdc4920e574c0e1b6,0x65af6f0df08999ca9ef50398dd8b05fb3f5c679e6660efacdc4920e574c0e1b6,True,0xa614a29f4fc1cbcdf36713ede6965e331845872ffdd11384cfc3aa63572f72a1,2026-02-17
run_20260217_220238-0454,0x016263873322c0c8bedc5806949f23fff98121007553c0e50712a998de7f7645,0x016263873322c0c8bedc5806949f23fff98121007553c0e50712a998de7f7645,True,0xa614a29f4fc1cbcdf36713ede6965e331845872ffdd11384cfc3aa63572f72a1,2026-02-17
run_20260217_220238-0455,0x751735b369f10e15e10d9953d2a847f32c7e4fde8be128044b84f8d401bb874d,0x751735b369f10e15e10d9953d2a847f32c7e4fde8be128044b84f8d401bb874d,True,0xa614a29f4fc1cbcdf36713ede6965e331845872ffdd11384cfc3aa63572f72a1,2026-02-17
run_20260217_220238-0456,0xe38f37ced4215b56fcdbda1b5ffddae9a6caadc2d972b828190b33167f1e997d,0xe38f37ced4215b56fcdbda1b5ffddae9a6caadc2d972b828190b33167f1e997d,True,0xa614a29f4fc1cbcdf36713ede6965e331845872ffdd11384cfc3aa63572f72a1,2026-02-17
run_20260217_220238-0457,0x571b5df78b62ecf2899b360f5094ec5b9503cb9191f42387ea68c302ac0b71b1,0x571b5df78b62ecf2899b360f5094ec5b9503cb9191f42387ea68c302ac0b71b1,True,0xa614a29f4fc1cbcdf36713ede6965e331845872ffdd11384cfc3aa63572f72a1,2026-02-17
run_20260217_220238-0458,0xfca46d570081b8605805490c616098fb4110425a6736d1dbad31fada094885fe,0xfca46d570081b8605805490c616098fb4110425a6736d1dbad31fada094885fe,True,0xa614a29f4fc1cbcdf36713ede6965e331845872ffdd11384cfc3aa63572f72a1,2026-02-17
run_20260217_220238-0459,0x1949025d513356671a1dbf0ec71ceadffc918af4bb0f6189cdc41b3cbc63d0d7,0x1949025d513356671a1dbf0ec71ceadffc918af4bb0f6189cdc41b3cbc63d0d7,True,0xa614a29f4fc1cbcdf36713ede6965e331845872ffdd11384cfc3aa63572f72a1,2026-02-17
run_20260217_220238-0460,0xb41236da403d6531e1bf4bf07b8e0a60b19ba18cffb7bdb040c550d3d98f89b0,0xb41236da403d6531e1bf4bf07b8e0a60b19ba18cffb7bdb040c550d3d98f89b0,True,0xa614a29f4fc1cbcdf36713ede6965e331845872ffdd11384cfc3aa63572f72a1,2026-02-17
run_20260217_220238-0461,0xcab85c29bcd5abca4d4fad8e3db23930a913f509f3693feb85fa973b1746ef76,0xcab85c29bcd5abca4d4fad8e3db23930a913f509f3693feb85fa973b1746ef76,True,0xa614a29f4fc1cbcdf36713ede6965e331845872ffdd11384cfc3aa63572f72a1,2026-02-17
run_20260217_220238-0462,0x717494e53bb40eaee0c1ab229cfe0a9e394f0d8b24863f0c9dced2a6589c45ea,0x717494e53bb40eaee0c1ab229cfe0a9e394f0d8b24863f0c9dced2a6589c45ea,True,0xa614a29f4fc1cbcdf36713ede6965e331845872ffdd11384cfc3aa63572f72a1,2026-02-17
run_20260217_220238-0463,0xa36eadf6a55ee6f6f254f3b3d08436d6175c14bc63660eb1a86b9f51c103412a,0xa36eadf6a55ee6f6f254f3b3d08436d6175c14bc63660eb1a86b9f51c103412a,True,0xa614a29f4fc1cbcdf36713ede6965e331845872ffdd11384cfc3aa63572f72a1,2026-02-17
run_20260217_220238-0464,0x36250b5683b78c2dc2553ab15bd2048c97455918fefd9013a68bbbe350f3602d,0x36250b5683b78c2dc2553ab15bd2048c97455918fefd9013a68bbbe350f3602d,True,0xa614a29f4fc1cbcdf36713ede6965e331845872ffdd11384cfc3aa63572f72a1,2026-02-17
run_20260217_220238-0465,0x8a384299ce0c153d2471a1eede901d1354c549b3318891389004f07d6fade922,0x8a384299ce0c153d2471a1eede901d1354c549b3318891389004f07d6fade922,True,0xa614a29f4fc1cbcdf36713ede6965e331845872ffdd11384cfc3aa63572f72a1,2026-02-17
run_20260217_220238-0466,0x0b442493efbafa4b955cb2c1e55d88411efdc0efe262895ea7df10d5acd517c3,0x0b442493efbafa4b955cb2c1e55d88411efdc0efe262895ea7df10d5acd517c3,True,0xa614a29f4fc1cbcdf36713ede6965e331845872ffdd11384cfc3aa63572f72a1,2026-02-17
run_20260217_220238-0467,0xac0a3b7a7b51559176bb2c540b0e3964f66d4825686e6111bcaa292848c89e0d,0xac0a3b7a7b51559176bb2c540b0e3964f66d4825686e6111bcaa292848c89e0d,True,0xa614a29f4fc1cbcdf36713ede6965e331845872ffdd11384cfc3aa63572f72a1,2026-02-17
run_20260217_220238-0468,0x8178884b28140a8292ed401fead2f68ab336d11b4242b7659a1e12f1af8b562c,0x8178884b28140a8292ed401fead2f68ab336d11b4242b7659a1e12f1af8b562c,True,0xa614a29f4fc1cbcdf36713ede6965e331845872ffdd11384cfc3aa63572f72a1,2026-02-17
run_20260217_220238-0469,0x233c3372c78eacdd3730c1fd8eea88dea08413d81353a511cb403c0773dc8330,0x233c3372c78eacdd3730c1fd8eea88dea08413d81353a511cb403c0773dc8330,True,0xa614a29f4fc1cbcdf36713ede6965e331845872ffdd11384cfc3aa63572f72a1,2026-02-17
run_20260217_220238-0470,0xe49fb43e12a5fba047736710856f0d03e31eb43455acb2266a7123a6348f43ea,0xe49fb43e12a5fba047736710856f0d03e31eb43455acb2266a7123a6348f43ea,True,0xa614a29f4fc1cbcdf36713ede6965e331845872ffdd11384cfc3aa63572f72a1,2026-02-17
run_20260217_220238-0471,0xa22fd583c55b95493753ad16b3808547803f405449b3544385d6b4c177afa566,0xa22fd583c55b95493753ad16b3808547803f405449b3544385d6b4c177afa566,True,0xa614a29f4fc1cbcdf36713ede6965e331845872ffdd11384cfc3aa63572f72a1,2026-02-17
run_20260217_220238-0472,0x3ae469733d8c8f17ad22ee1fb77223abbcde805eea927eb99b42e2b6dc698ac7,0x3ae469733d8c8f17ad22ee1fb77223abbcde805eea927eb99b42e2b6dc698ac7,True,0xa614a29f4fc1cbcdf36713ede6965e331845872ffdd11384cfc3aa63572f72a1,2026-02-17
run_20260217_220238-0473,0xeaf899284b990e40bebe3823e21162168b0ff75886c2fd6b986618d9b17c31cc,0xeaf899284b990e40bebe3823e21162168b0ff75886c2fd6b986618d9b17c31cc,True,0xa614a29f4fc1cbcdf36713ede6965e331845872ffdd11384cfc3aa63572f72a1,2026-02-17
run_20260217_220238-0474,0x6b426b312c6e6f2a2e68d37d6bcd02e55a8f9a3e73055556fa93bbf8aec20348,0x6b426b312c6e6f2a2e68d37d6bcd02e55a8f9a3e73055556fa93bbf8aec20348,True,0xa614a29f4fc1cbcdf36713ede6965e331845872ffdd11384cfc3aa63572f72a1,2026-02-17
run_20260217_220238-0475,0xd06d321c2ef605adc05f487234203f6d1dab40edcb49e93a4368ff15fe1dc080,0xd06d321c2ef605adc05f487234203f6d1dab40edcb49e93a4368ff15fe1dc080,True,0xa614a29f4fc1cbcdf36713ede6965e331845872ffdd11384cfc3aa63572f72a1,2026-02-17
run_20260217_220238-0476,0x89fcd06d09f85a1a83adfdf8d76c9715471e395aac4f9711d8fa9f735c612788,0x89fcd06d09f85a1a83adfdf8d76c9715471e395aac4f9711d8fa9f735c612788,True,0xa614a29f4fc1cbcdf36713ede6965e331845872ffdd11384cfc3aa63572f72a1,2026-02-17
run_20260217_220238-0477,0xb18c509ff31c07650394450f81e2891cde1fddd24a2a1f484cd15fa67761969b,0xb18c509ff31c07650394450f81e2891cde1fddd24a2a1f484cd15fa67761969b,True,0xa614a29f4fc1cbcdf36713ede6965e331845872ffdd11384cfc3aa63572f72a1,2026-02-17
run_20260217_220238-0478,0x41baab97f43a0f2a1e58749584cd474abed6f9f273b1e02d0dc3002706b7d735,0x41baab97f43a0f2a1e58749584cd474abed6f9f273b1e02d0dc3002706b7d735,True,0xa614a29f4fc1cbcdf36713ede6965e331845872ffdd11384cfc3aa63572f72a1,2026-02-17
run_20260217_220238-0479,0x37036ec9aed2305be822accb9c43f3fd6f880b1dc23b1e2cf526cd71c255572d,0x37036ec9aed2305be822accb9c43f3fd6f880b1dc23b1e2cf526cd71c255572d,True,0xa614a29f4fc1cbcdf36713ede6965e331845872ffdd11384cfc3aa63572f72a1,2026-02-17
run_20260217_220238-0480,0x378d64b38c1915b9679fa6f85bd6b95877e3f8802ce81143be8b43871ce74e5a,0x378d64b38c1915b9679fa6f85bd6b95877e3f8802ce81143be8b43871ce74e5a,True,0xa614a29f4fc1cbcdf36713ede6965e331845872ffdd11384cfc3aa63572f72a1,2026-02-17
run_20260217_220238-0481,0x550cd1e212fce99f250e71256cc8c0aa0cfd11238d87363800e5fef80de5bab1,0x550cd1e212fce99f250e71256cc8c0aa0cfd11238d87363800e5fef80de5bab1,True,0xa614a29f4fc1cbcdf36713ede6965e331845872ffdd11384cfc3aa63572f72a1,2026-02-17
run_20260217_220238-0482,0x32b6b5007d0ed14c699d20f0741ddc85b339e0938dadf7e9c6743488a0b2d0cf,0x32b6b5007d0ed14c699d20f0741ddc85b339e0938dadf7e9c6743488a0b2d0cf,True,0xa614a29f4fc1cbcdf36713ede6965e331845872ffdd11384cfc3aa63572f72a1,2026-02-17
run_20260217_220238-0483,0x2335010b3599d174be7eb69f324aa912daec80cf37b7c8a195d571c3e3945dad,0x2335010b3599d174be7eb69f324aa912daec80cf37b7c8a195d571c3e3945dad,True,0xa614a29f4fc1cbcdf36713ede6965e331845872ffdd11384cfc3aa63572f72a1,2026-02-17
run_20260217_220238-0484,0x2e553968e8f215a05968a1a447dcb61079205f10328cc3847f99f3e407090e30,0x2e553968e8f215a05968a1a447dcb61079205f10328cc3847f99f3e407090e30,True,0xa614a29f4fc1cbcdf36713ede6965e331845872ffdd11384cfc3aa63572f72a1,2026-02-17
run_20260217_220238-0485,0x11d34fa0522a069e821513415312fed6531a4484e31cee312daf1814047a1df8,0x11d34fa0522a069e821513415312fed6531a4484e31cee312daf1814047a1df8,True,0xa614a29f4fc1cbcdf36713ede6965e331845872ffdd11384cfc3aa63572f72a1,2026-02-17
run_20260217_220238-0486,0xe9df97216169f5d7c8e6ae8b8fc781d65d9eef97f5764ce20b215c72ee40cf33,0xe9df97216169f5d7c8e6ae8b8fc781d65d9eef97f5764ce20b215c72ee40cf33,True,0xa614a29f4fc1cbcdf36713ede6965e331845872ffdd11384cfc3aa63572f72a1,2026-02-17
run_20260217_220238-0487,0xd16374114708bb6327926d3540c632c44c70a535bc86ba99e7f4a47c8374e429,0xd16374114708bb6327926d3540c632c44c70a535bc86ba99e7f4a47c8374e429,True,0xa614a29f4fc1cbcdf36713ede6965e331845872ffdd11384cfc3aa63572f72a1,2026-02-17
run_20260217_220238-0488,0xfa5f328044f36744b448f7bb3ba2ac42f2fe298ad89f04bd69cdafa74c3f2f5b,0xfa5f328044f36744b448f7bb3ba2ac42f2fe298ad89f04bd69cdafa74c3f2f5b,True,0xa614a29f4fc1cbcdf36713ede6965e331845872ffdd11384cfc3aa63572f72a1,2026-02-17
run_20260217_220238-0489,0x8757db0f795b49ede0dfdb73b91e7104e04910b4cddc4dce5ff8cb54078003cc,0x8757db0f795b49ede0dfdb73b91e7104e04910b4cddc4dce5ff8cb54078003cc,True,0xa614a29f4fc1cbcdf36713ede6965e331845872ffdd11384cfc3aa63572f72a1,2026-02-17
run_20260217_220238-0490,0xbe00b63656d9a2145f9e59ee0f5516f38fbdaa5f418ede669a08c86ff06ba729,0xbe00b63656d9a2145f9e59ee0f5516f38fbdaa5f418ede669a08c86ff06ba729,True,0xa614a29f4fc1cbcdf36713ede6965e331845872ffdd11384cfc3aa63572f72a1,2026-02-17
run_20260217_220238-0491,0x15e7c4242d63802419df49297b1ab502e054f6b704d62dc534c412aa80f1ef7f,0x15e7c4242d63802419df49297b1ab502e054f6b704d62dc534c412aa80f1ef7f,True,0xa614a29f4fc1cbcdf36713ede6965e331845872ffdd11384cfc3aa63572f72a1,2026-02-17
run_20260217_220238-0492,0x3eefb21c880b251e0298a9e5122986ebfd6264436d8baf0198eca1a6fb50c3ff,0x3eefb21c880b251e0298a9e5122986ebfd6264436d8baf0198eca1a6fb50c3ff,True,0xa614a29f4fc1cbcdf36713ede6965e331845872ffdd11384cfc3aa63572f72a1,2026-02-17
run_20260217_220238-0493,0x703570551297ac45108bf33f104a47ab8a285d4c071ddcd94cf21f741de07df3,0x703570551297ac45108bf33f104a47ab8a285d4c071ddcd94cf21f741de07df3,True,0xa614a29f4fc1cbcdf36713ede6965e331845872ffdd11384cfc3aa63572f72a1,2026-02-17
run_20260217_220238-0494,0xd6675bbcccbf6ad9246959536e2a90479e20a5db5eb463131355c7b370a53a61,0xd6675bbcccbf6ad9246959536e2a90479e20a5db5eb463131355c7b370a53a61,True,0xa614a29f4fc1cbcdf36713ede6965e331845872ffdd11384cfc3aa63572f72a1,2026-02-17
run_20260217_220238-0495,0xe2d85dbdb2453f31d96929e51fc21e8368eb4d9d45cca698f723250d7ed08ef4,0xe2d85dbdb2453f31d96929e51fc21e8368eb4d9d45cca698f723250d7ed08ef4,True,0xa614a29f4fc1cbcdf36713ede6965e331845872ffdd11384cfc3aa63572f72a1,2026-02-17
run_20260217_220238-0496,0x56cbd7a979c790d7eccdced5ec8d5d6f2e0fb51c050821e44258006fc92abf03,0x56cbd7a979c790d7eccdced5ec8d5d6f2e0fb51c050821e44258006fc92abf03,True,0xa614a29f4fc1cbcdf36713ede6965e331845872ffdd11384cfc3aa63572f72a1,2026-02-17
run_20260217_220238-0497,0x2be57e4500f2f11fd58e53f77b42ed83fe69c2c45a541c1b010803de1d37f44f,0x2be57e4500f2f11fd58e53f77b42ed83fe69c2c45a541c1b010803de1d37f44f,True,0xa614a29f4fc1cbcdf36713ede6965e331845872ffdd11384cfc3aa63572f72a1,2026-02-17
run_20260217_220238-0498,0x633b2d264ccdcb98c4d63602b22e0d9900320e37a1da0de540982aa9949205e1,0x633b2d264ccdcb98c4d63602b22e0d9900320e37a1da0de540982aa9949205e1,True,0xa614a29f4fc1cbcdf36713ede6965e331845872ffdd11384cfc3aa63572f72a1,2026-02-17
run_20260217_220238-0499,0x1f905888cd0fc2d50ddb8a8b6ef32bc9ba6a5cc999306f7287dd7bb2e91c7bb0,0x1f905888cd0fc2d50ddb8a8b6ef32bc9ba6a5cc999306f7287dd7bb2e91c7bb0,True,0xa614a29f4fc1cbcdf36713ede6965e331845872ffdd11384cfc3aa63572f72a1,2026-02-17
run_20260217_220238-0500,0xebb893def269f0b8580129ffe4245001c0647f0e0a7d6a269572a1877b2bc680,0xebb893def269f0b8580129ffe4245001c0647f0e0a7d6a269572a1877b2bc680,True,0xa614a29f4fc1cbcdf36713ede6965e331845872ffdd11384cfc3aa63572f72a1,2026-02-17
run_20260217_222547-0001,0xbd4ff28cf4bcb1a20dbc936a1ea7465e7f0fa5b40e9ff0cb92a55dd69f1e182d,0xbd4ff28cf4bcb1a20dbc936a1ea7465e7f0fa5b40e9ff0cb92a55dd69f1e182d,True,0xff76501a680f8e0a3bcdf35ac563f2968b0502afff08285fca54402aa3e42827,2026-02-17
run_20260217_222547-0002,0xa14d96c958d0e7d8d2f0dbc3e80e527eb4c72a63e36633c07e66804fa29e7531,0xa14d96c958d0e7d8d2f0dbc3e80e527eb4c72a63e36633c07e66804fa29e7531,True,0xff76501a680f8e0a3bcdf35ac563f2968b0502afff08285fca54402aa3e42827,2026-02-17
run_20260217_222909-0001,0x5be840eb218ba47ad8ea0f9c5936d63a53a1935efb43c6039426df0f3bbc29ad,0x5be840eb218ba47ad8ea0f9c5936d63a53a1935efb43c6039426df0f3bbc29ad,True,0xf8a73b66d9d9efcc4dbbd6eeb360a43099baef2ee5477fc7e23808b695ac93bd,2026-02-17
run_20260217_222909-0002,0xfc86976d6495006f7269d99f7cf3fce59b8f2b3e5de18e9893afdd916f16b00a,0xfc86976d6495006f7269d99f7cf3fce59b8f2b3e5de18e9893afdd916f16b00a,True,0xf8a73b66d9d9efcc4dbbd6eeb360a43099baef2ee5477fc7e23808b695ac93bd,2026-02-17
run_20260217_222909-0003,0x3dcc9e1bb9f492f2835b3393be6a20a3e5394495b9885a0dddf9292dbfe1be99,0x3dcc9e1bb9f492f2835b3393be6a20a3e5394495b9885a0dddf9292dbfe1be99,True,0xf8a73b66d9d9efcc4dbbd6eeb360a43099baef2ee5477fc7e23808b695ac93bd,2026-02-17
run_20260217_222909-0004,0x5573cb49563da9cacacbcc5151c011ec9fd80956edd1abdb3daa7d3c6930b99a,0x5573cb49563da9cacacbcc5151c011ec9fd80956edd1abdb3daa7d3c6930b99a,True,0xf8a73b66d9d9efcc4dbbd6eeb360a43099baef2ee5477fc7e23808b695ac93bd,2026-02-17
run_20260217_222909-0005,0x589a77675eaf39a02577ea9503da9791de7982b8d9fd0fd5e5ea5c7e2565be33,0x589a77675eaf39a02577ea9503da9791de7982b8d9fd0fd5e5ea5c7e2565be33,True,0xf8a73b66d9d9efcc4dbbd6eeb360a43099baef2ee5477fc7e23808b695ac93bd,2026-02-17
run_20260217_222909-0006,0x121254f16815c1e5c517f0ff8103cd374d242646fe71c69da65f33971946d7ee,0x121254f16815c1e5c517f0ff8103cd374d242646fe71c69da65f33971946d7ee,True,0xf8a73b66d9d9efcc4dbbd6eeb360a43099baef2ee5477fc7e23808b695ac93bd,2026-02-17
run_20260217_222909-0007,0x27a7435f79a3b367402e1e9ea6c1af0ec08a53a31c98d27dfa9b28668dae28e6,0x27a7435f79a3b367402e1e9ea6c1af0ec08a53a31c98d27dfa9b28668dae28e6,True,0xf8a73b66d9d9efcc4dbbd6eeb360a43099baef2ee5477fc7e23808b695ac93bd,2026-02-17
run_20260217_222909-0008,0xca0739399c72adcf9298415b1e4157b98c2e170ab10a3cc11e14e31b03a3900a,0xca0739399c72adcf9298415b1e4157b98c2e170ab10a3cc11e14e31b03a3900a,True,0xf8a73b66d9d9efcc4dbbd6eeb360a43099baef2ee5477fc7e23808b695ac93bd,2026-02-17
run_20260217_222909-0009,0xc78c8fb6f93d8b1a453e0bccf747806b9c541fdd7df3d1520491fe5afe9c1de8,0xc78c8fb6f93d8b1a453e0bccf747806b9c541fdd7df3d1520491fe5afe9c1de8,True,0xf8a73b66d9d9efcc4dbbd6eeb360a43099baef2ee5477fc7e23808b695ac93bd,2026-02-17
run_20260217_222909-0010,0x1aa255d5c1d45186a93cdbf15cfe7d2019ff5c0229036e3863ecf46d404de391,0x1aa255d5c1d45186a93cdbf15cfe7d2019ff5c0229036e3863ecf46d404de391,True,0xf8a73b66d9d9efcc4dbbd6eeb360a43099baef2ee5477fc7e23808b695ac93bd,2026-02-17
run_20260217_222909-0011,0x2e898e77d47e73c9af09870332b2192e3b75ac1c1d413ff484e289a2b20e9e55,0x2e898e77d47e73c9af09870332b2192e3b75ac1c1d413ff484e289a2b20e9e55,True,0xf8a73b66d9d9efcc4dbbd6eeb360a43099baef2ee5477fc7e23808b695ac93bd,2026-02-17
run_20260217_222909-0012,0x38acbe5340043e23afa6d43dc462992f132627b9e8481472a73d67c386039b0b,0x38acbe5340043e23afa6d43dc462992f132627b9e8481472a73d67c386039b0b,True,0xf8a73b66d9d9efcc4dbbd6eeb360a43099baef2ee5477fc7e23808b695ac93bd,2026-02-17
run_20260217_222909-0013,0xedd0364670c8e72b153884fc0b39aab4bbcdf6c767d4d149affa06086e5ae941,0xedd0364670c8e72b153884fc0b39aab4bbcdf6c767d4d149affa06086e5ae941,True,0xf8a73b66d9d9efcc4dbbd6eeb360a43099baef2ee5477fc7e23808b695ac93bd,2026-02-17
run_20260217_222909-0014,0x7ec1ea65db3e4a94c4c97e259ef3a51a5786de0be7cd46e46dea9a7869180a38,0x7ec1ea65db3e4a94c4c97e259ef3a51a5786de0be7cd46e46dea9a7869180a38,True,0xf8a73b66d9d9efcc4dbbd6eeb360a43099baef2ee5477fc7e23808b695ac93bd,2026-02-17
run_20260217_222909-0015,0xe220c5e1c959dc410fc3050b8b53cdc779641e2530ed41b4a2a9c39d17782b3d,0xe220c5e1c959dc410fc3050b8b53cdc779641e2530ed41b4a2a9c39d17782b3d,True,0xf8a73b66d9d9efcc4dbbd6eeb360a43099baef2ee5477fc7e23808b695ac93bd,2026-02-17
run_20260217_222909-0016,0x3a9cc734f2db4e3071a37e7eb2c5dd846d1abd95799d06861c5b1627f09e8c43,0x3a9cc734f2db4e3071a37e7eb2c5dd846d1abd95799d06861c5b1627f09e8c43,True,0xf8a73b66d9d9efcc4dbbd6eeb360a43099baef2ee5477fc7e23808b695ac93bd,2026-02-17
run_20260217_222909-0017,0x08b222b627e259bd9bfa9b6186bfd36b7edeec5073c10bafe8f84145f59b26a2,0x08b222b627e259bd9bfa9b6186bfd36b7edeec5073c10bafe8f84145f59b26a2,True,0xf8a73b66d9d9efcc4dbbd6eeb360a43099baef2ee5477fc7e23808b695ac93bd,2026-02-17
run_20260217_222909-0018,0x68c7380c745d05bd6a2475f93c54c08161afc6197dbd4c19c1bdc57736333957,0x68c7380c745d05bd6a2475f93c54c08161afc6197dbd4c19c1bdc57736333957,True,0xf8a73b66d9d9efcc4dbbd6eeb360a43099baef2ee5477fc7e23808b695ac93bd,2026-02-17
run_20260217_222909-0019,0xe3cc6acee609ab78180e585e8602467ad813acacad662d50dd66ce41623625ce,0xe3cc6acee609ab78180e585e8602467ad813acacad662d50dd66ce41623625ce,True,0xf8a73b66d9d9efcc4dbbd6eeb360a43099baef2ee5477fc7e23808b695ac93bd,2026-02-17
run_20260217_222909-0020,0xffef121d807fc7ce5a7e4da55c0b8da4840ba1d9887bff3cf02dda96a8f15639,0xffef121d807fc7ce5a7e4da55c0b8da4840ba1d9887bff3cf02dda96a8f15639,True,0xf8a73b66d9d9efcc4dbbd6eeb360a43099baef2ee5477fc7e23808b695ac93bd,2026-02-17
run_20260217_222909-0021,0xdabaca4563e915753c3c858814f5011e91c97700a984eeff9c3e8f2516837e19,0xdabaca4563e915753c3c858814f5011e91c97700a984eeff9c3e8f2516837e19,True,0xf8a73b66d9d9efcc4dbbd6eeb360a43099baef2ee5477fc7e23808b695ac93bd,2026-02-17
run_20260217_222909-0022,0x3b7989256b0d24b0d2ec1da8567a864dd676e3c5b0321f204f3d2ac5c31edbc9,0x3b7989256b0d24b0d2ec1da8567a864dd676e3c5b0321f204f3d2ac5c31edbc9,True,0xf8a73b66d9d9efcc4dbbd6eeb360a43099baef2ee5477fc7e23808b695ac93bd,2026-02-17
run_20260217_222909-0023,0x9039f267d44394abf1f00d1236723bb2649495d98409cd136b98aa8a355ec062,0x9039f267d44394abf1f00d1236723bb2649495d98409cd136b98aa8a355ec062,True,0xf8a73b66d9d9efcc4dbbd6eeb360a43099baef2ee5477fc7e23808b695ac93bd,2026-02-17
run_20260217_222909-0024,0x0d9c920d1c1287b251a694b25218dfd6455a1cf072afc9005766956b8db1ad98,0x0d9c920d1c1287b251a694b25218dfd6455a1cf072afc9005766956b8db1ad98,True,0xf8a73b66d9d9efcc4dbbd6eeb360a43099baef2ee5477fc7e23808b695ac93bd,2026-02-17
run_20260217_222909-0025,0x691cf56beac9f884024adfb8c278a0ce5fd05e786008878a45bb0fd1129d7fb8,0x691cf56beac9f884024adfb8c278a0ce5fd05e786008878a45bb0fd1129d7fb8,True,0xf8a73b66d9d9efcc4dbbd6eeb360a43099baef2ee5477fc7e23808b695ac93bd,2026-02-17
run_20260217_222909-0026,0x60698e1badcd4dd81ce69d7920a94792d4fe725f35a23120d03a0a3e0284a4e2,0x60698e1badcd4dd81ce69d7920a94792d4fe725f35a23120d03a0a3e0284a4e2,True,0xf8a73b66d9d9efcc4dbbd6eeb360a43099baef2ee5477fc7e23808b695ac93bd,2026-02-17
run_20260217_222909-0027,0xf3dabcfa411ff263ee6bd278faf340964afaecfa145b13bf806d94c5cc7c5cab,0xf3dabcfa411ff263ee6bd278faf340964afaecfa145b13bf806d94c5cc7c5cab,True,0xf8a73b66d9d9efcc4dbbd6eeb360a43099baef2ee5477fc7e23808b695ac93bd,2026-02-17
run_20260217_222909-0028,0xe4f3a5d30c00fcc48fedd7393af001e7a5753621736dcc82eb553845d1f9bc2b,0xe4f3a5d30c00fcc48fedd7393af001e7a5753621736dcc82eb553845d1f9bc2b,True,0xf8a73b66d9d9efcc4dbbd6eeb360a43099baef2ee5477fc7e23808b695ac93bd,2026-02-17
run_20260217_222909-0029,0x4cb5474b084546c3e766619c22d5772c51d183e9b1403770340434185b40838a,0x4cb5474b084546c3e766619c22d5772c51d183e9b1403770340434185b40838a,True,0xf8a73b66d9d9efcc4dbbd6eeb360a43099baef2ee5477fc7e23808b695ac93bd,2026-02-17
run_20260217_222909-0030,0x9baeb47b4b7575097176cc522887d0188a16352f460bffd4669e1ae4bdda3e5a,0x9baeb47b4b7575097176cc522887d0188a16352f460bffd4669e1ae4bdda3e5a,True,0xf8a73b66d9d9efcc4dbbd6eeb360a43099baef2ee5477fc7e23808b695ac93bd,2026-02-17
run_20260217_222909-0031,0xa24ac197a77471c97b1dde17d1463f2e7bbca352464f87aba5a40553df6cc49f,0xa24ac197a77471c97b1dde17d1463f2e7bbca352464f87aba5a40553df6cc49f,True,0xf8a73b66d9d9efcc4dbbd6eeb360a43099baef2ee5477fc7e23808b695ac93bd,2026-02-17
run_20260217_222909-0032,0x34df0f2370a0bdfc99f7b654850955799ebb871072c676dd61ba9f40b9ad6216,0x34df0f2370a0bdfc99f7b654850955799ebb871072c676dd61ba9f40b9ad6216,True,0xf8a73b66d9d9efcc4dbbd6eeb360a43099baef2ee5477fc7e23808b695ac93bd,2026-02-17
run_20260217_222909-0033,0x6635a0d0d83c42974fc9baa6c2b08b26377babb25d4550ddffce36a9aae1a322,0x6635a0d0d83c42974fc9baa6c2b08b26377babb25d4550ddffce36a9aae1a322,True,0xf8a73b66d9d9efcc4dbbd6eeb360a43099baef2ee5477fc7e23808b695ac93bd,2026-02-17
run_20260217_222909-0034,0x25889df562a8549d42ea33360d7051cc12da6368eca5b89a705fb3a432e07277,0x25889df562a8549d42ea33360d7051cc12da6368eca5b89a705fb3a432e07277,True,0xf8a73b66d9d9efcc4dbbd6eeb360a43099baef2ee5477fc7e23808b695ac93bd,2026-02-17
run_20260217_222909-0035,0x1e068c3a9197b54e97a62b9f059af3c844f2ff41880bba81a4eb70e732f25218,0x1e068c3a9197b54e97a62b9f059af3c844f2ff41880bba81a4eb70e732f25218,True,0xf8a73b66d9d9efcc4dbbd6eeb360a43099baef2ee5477fc7e23808b695ac93bd,2026-02-17
run_20260217_222909-0036,0x76ebc37828be71e8ae179ef08bb1cafc2439384bc83fd3542b31ab4e19ddf60b,0x76ebc37828be71e8ae179ef08bb1cafc2439384bc83fd3542b31ab4e19ddf60b,True,0xf8a73b66d9d9efcc4dbbd6eeb360a43099baef2ee5477fc7e23808b695ac93bd,2026-02-17
run_20260217_222909-0037,0x490f91a76c5a9e9e46571f83f349208f22b03bfe15f62fc435592e08b103fbfb,0x490f91a76c5a9e9e46571f83f349208f22b03bfe15f62fc435592e08b103fbfb,True,0xf8a73b66d9d9efcc4dbbd6eeb360a43099baef2ee5477fc7e23808b695ac93bd,2026-02-17
run_20260217_222909-0038,0xa403aa920b3e4f575fc03ce374651796dee2740f364748f0ff56457d0aec3e97,0xa403aa920b3e4f575fc03ce374651796dee2740f364748f0ff56457d0aec3e97,True,0xf8a73b66d9d9efcc4dbbd6eeb360a43099baef2ee5477fc7e23808b695ac93bd,2026-02-17
run_20260217_222909-0039,0x3d4cd8371f97ecfce939d1a689c1ad1dcf6645a48680f722e806c63bf094a4f8,0x3d4cd8371f97ecfce939d1a689c1ad1dcf6645a48680f722e806c63bf094a4f8,True,0xf8a73b66d9d9efcc4dbbd6eeb360a43099baef2ee5477fc7e23808b695ac93bd,2026-02-17
run_20260217_222909-0040,0x3ac7b1ea7256db063a98c8c666dc89fd19e6728e433f8a089b428de04f5e5be0,0x3ac7b1ea7256db063a98c8c666dc89fd19e6728e433f8a089b428de04f5e5be0,True,0xf8a73b66d9d9efcc4dbbd6eeb360a43099baef2ee5477fc7e23808b695ac93bd,2026-02-17
run_20260217_222909-0041,0xe05aa42ffbfb235be9e8d7eaefa84d2ca8564ead2e89b3e85be59d675fd03671,0xe05aa42ffbfb235be9e8d7eaefa84d2ca8564ead2e89b3e85be59d675fd03671,True,0xf8a73b66d9d9efcc4dbbd6eeb360a43099baef2ee5477fc7e23808b695ac93bd,2026-02-17
run_20260217_222909-0042,0x374d4798f2c4e1298599cc8517c75030aa3c2172c4fad1fabbf86afab7c2a889,0x374d4798f2c4e1298599cc8517c75030aa3c2172c4fad1fabbf86afab7c2a889,True,0xf8a73b66d9d9efcc4dbbd6eeb360a43099baef2ee5477fc7e23808b695ac93bd,2026-02-17
run_20260217_222909-0043,0x85db1e690a29107297d5c49238f4b635240cd7758f9e918611a9589573c57451,0x85db1e690a29107297d5c49238f4b635240cd7758f9e918611a9589573c57451,True,0xf8a73b66d9d9efcc4dbbd6eeb360a43099baef2ee5477fc7e23808b695ac93bd,2026-02-17
run_20260217_222909-0044,0x5a5e21fa922eb9863a8ee0543fbf91cf5fe86d90ab149e751119f3082377872b,0x5a5e21fa922eb9863a8ee0543fbf91cf5fe86d90ab149e751119f3082377872b,True,0xf8a73b66d9d9efcc4dbbd6eeb360a43099baef2ee5477fc7e23808b695ac93bd,2026-02-17
run_20260217_222909-0045,0xf0033775cb0d5615afdbba849be73de72ff6fc9b041c2dec03bfd4246c82b0cb,0xf0033775cb0d5615afdbba849be73de72ff6fc9b041c2dec03bfd4246c82b0cb,True,0xf8a73b66d9d9efcc4dbbd6eeb360a43099baef2ee5477fc7e23808b695ac93bd,2026-02-17
run_20260217_222909-0046,0x1173b6ad2ebc19d0e32ed699cf13b2843d1ef0541e994a67969053a71c4ec163,0x1173b6ad2ebc19d0e32ed699cf13b2843d1ef0541e994a67969053a71c4ec163,True,0xf8a73b66d9d9efcc4dbbd6eeb360a43099baef2ee5477fc7e23808b695ac93bd,2026-02-17
run_20260217_222909-0047,0x2032e0552e3cef0d458cb6b049998bf22c469859d45c35677de455941e65d43c,0x2032e0552e3cef0d458cb6b049998bf22c469859d45c35677de455941e65d43c,True,0xf8a73b66d9d9efcc4dbbd6eeb360a43099baef2ee5477fc7e23808b695ac93bd,2026-02-17
run_20260217_222909-0048,0x043bf39d8919d076aad2851dd052f2722619ed552dd989b52f211cf47812e371,0x043bf39d8919d076aad2851dd052f2722619ed552dd989b52f211cf47812e371,True,0xf8a73b66d9d9efcc4dbbd6eeb360a43099baef2ee5477fc7e23808b695ac93bd,2026-02-17
run_20260217_222909-0049,0xa55dcaf0fab639d5dee58c424939cc282cddb0e27ecb5445d97684ff66361329,0xa55dcaf0fab639d5dee58c424939cc282cddb0e27ecb5445d97684ff66361329,True,0xf8a73b66d9d9efcc4dbbd6eeb360a43099baef2ee5477fc7e23808b695ac93bd,2026-02-17
run_20260217_222909-0050,0x6f6c752bba301a827896c249ba45f104fa29e90844185d88d0bf9b5c47af22ce,0x6f6c752bba301a827896c249ba45f104fa29e90844185d88d0bf9b5c47af22ce,True,0xf8a73b66d9d9efcc4dbbd6eeb360a43099baef2ee5477fc7e23808b695ac93bd,2026-02-17
run_20260217_222909-0051,0x364c6b2899dbf0cfba9b961417c51bcb00f6c2e911524dfeef4392956af24669,0x364c6b2899dbf0cfba9b961417c51bcb00f6c2e911524dfeef4392956af24669,True,0xf8a73b66d9d9efcc4dbbd6eeb360a43099baef2ee5477fc7e23808b695ac93bd,2026-02-17
run_20260217_222909-0052,0xec42ab2b3dd90fa7ae6d5fba9676573b02e3c37087c6c9ccd91926c39cf67b88,0xec42ab2b3dd90fa7ae6d5fba9676573b02e3c37087c6c9ccd91926c39cf67b88,True,,
run_20260217_222909-0053,0x44e79f860a1bb1cfb995a22f8cd7e75b123fcd4bcc9d36889de572bceacf95c7,0x44e79f860a1bb1cfb995a22f8cd7e75b123fcd4bcc9d36889de572bceacf95c7,True,0xf8a73b66d9d9efcc4dbbd6eeb360a43099baef2ee5477fc7e23808b695ac93bd,2026-02-17
run_20260217_222909-0054,0x99d1fe718b7b356b292e3279aae48fbba38878f04ad5882dbdd548edb4c53ea2,0x99d1fe718b7b356b292e3279aae48fbba38878f04ad5882dbdd548edb4c53ea2,True,0xf8a73b66d9d9efcc4dbbd6eeb360a43099baef2ee5477fc7e23808b695ac93bd,2026-02-17
run_20260217_222909-0055,0xe56d4141d9b116958f9f5f7e22ab64d4fdd08b298a3f156ef3b098205dd27a66,0xe56d4141d9b116958f9f5f7e22ab64d4fdd08b298a3f156ef3b098205dd27a66,True,0xf8a73b66d9d9efcc4dbbd6eeb360a43099baef2ee5477fc7e23808b695ac93bd,2026-02-17
run_20260217_222909-0056,0xb8dea0a7c0ae0f853399532b75af768ec5a413c914541e26e0ffe019f8e00b17,0xb8dea0a7c0ae0f853399532b75af768ec5a413c914541e26e0ffe019f8e00b17,True,0xf8a73b66d9d9efcc4dbbd6eeb360a43099baef2ee5477fc7e23808b695ac93bd,2026-02-17
run_20260217_222909-0057,0x55437e46c26bb72961621e0f85675186a2a8e596caf581547b267ae41b8546c1,0x55437e46c26bb72961621e0f85675186a2a8e596caf581547b267ae41b8546c1,True,0xf8a73b66d9d9efcc4dbbd6eeb360a43099baef2ee5477fc7e23808b695ac93bd,2026-02-17
run_20260217_222909-0058,0xc9ae799da8847b377369f42c5e25be73348c9c363cfe6a325885a930b02638fa,0xc9ae799da8847b377369f42c5e25be73348c9c363cfe6a325885a930b02638fa,True,0xf8a73b66d9d9efcc4dbbd6eeb360a43099baef2ee5477fc7e23808b695ac93bd,2026-02-17
run_20260217_222909-0059,0xddaedb40cc7dd9ce1a079ffd548102d4bef1078c1682f17faff8a28f80577369,0xddaedb40cc7dd9ce1a079ffd548102d4bef1078c1682f17faff8a28f80577369,True,0xf8a73b66d9d9efcc4dbbd6eeb360a43099baef2ee5477fc7e23808b695ac93bd,2026-02-17
run_20260217_222909-0060,0x45c2e2b6b73a70b58feb81e3bdc169b9cae939f4767068d9097e0294ae00d767,0x45c2e2b6b73a70b58feb81e3bdc169b9cae939f4767068d9097e0294ae00d767,True,0xf8a73b66d9d9efcc4dbbd6eeb360a43099baef2ee5477fc7e23808b695ac93bd,2026-02-17
run_20260217_222909-0061,0x44a5003815726742a01667307ff22a9698e67505c365358ef7f9c18e49a721c0,0x44a5003815726742a01667307ff22a9698e67505c365358ef7f9c18e49a721c0,True,0xf8a73b66d9d9efcc4dbbd6eeb360a43099baef2ee5477fc7e23808b695ac93bd,2026-02-17
run_20260217_222909-0062,0x56a9683bbadecd38801eb40e9f392e32c4df038275214a8bb134308c54bb6e92,0x56a9683bbadecd38801eb40e9f392e32c4df038275214a8bb134308c54bb6e92,True,0xf8a73b66d9d9efcc4dbbd6eeb360a43099baef2ee5477fc7e23808b695ac93bd,2026-02-17
run_20260217_222909-0063,0x423f8de34474e8e09e91f9eeaa7d54ebba6d466ded593e891e794a4f9a2e0f32,0x423f8de34474e8e09e91f9eeaa7d54ebba6d466ded593e891e794a4f9a2e0f32,True,0xf8a73b66d9d9efcc4dbbd6eeb360a43099baef2ee5477fc7e23808b695ac93bd,2026-02-17
run_20260217_222909-0064,0x910344b2e9ad200c88f2df7c3d4361f25b357aacb65eba8d83e511e82d4128f9,0x910344b2e9ad200c88f2df7c3d4361f25b357aacb65eba8d83e511e82d4128f9,True,0xf8a73b66d9d9efcc4dbbd6eeb360a43099baef2ee5477fc7e23808b695ac93bd,2026-02-17
run_20260217_222909-0065,0x8e2a139ac49747d1edba4089c12919f612d9c0e18a909ca8897a20a30959dd96,0x8e2a139ac49747d1edba4089c12919f612d9c0e18a909ca8897a20a30959dd96,True,0xf8a73b66d9d9efcc4dbbd6eeb360a43099baef2ee5477fc7e23808b695ac93bd,2026-02-17
run_20260217_222909-0066,0x0298534569f0a8e69a7dbeedc2d52d68855230bfe3a97e336f973f24091bd0e1,0x0298534569f0a8e69a7dbeedc2d52d68855230bfe3a97e336f973f24091bd0e1,True,0xf8a73b66d9d9efcc4dbbd6eeb360a43099baef2ee5477fc7e23808b695ac93bd,2026-02-17
run_20260217_222909-0067,0x06b5282949b411a93b2f5cac6a8e4ecb022e59c0f2dd935b16beffa3e4dda058,0x06b5282949b411a93b2f5cac6a8e4ecb022e59c0f2dd935b16beffa3e4dda058,True,0xf8a73b66d9d9efcc4dbbd6eeb360a43099baef2ee5477fc7e23808b695ac93bd,2026-02-17
run_20260217_222909-0068,0x28487682c64efa43e60df5150c4c09d04ec35751c2336bbc1b28da849570af71,0x28487682c64efa43e60df5150c4c09d04ec35751c2336bbc1b28da849570af71,True,0xf8a73b66d9d9efcc4dbbd6eeb360a43099baef2ee5477fc7e23808b695ac93bd,2026-02-17
run_20260217_222909-0069,0x10f134b2a241d6abeb55899a3f71bfe1d7c11505f81b56a5dd8bef877311449b,0x10f134b2a241d6abeb55899a3f71bfe1d7c11505f81b56a5dd8bef877311449b,True,0xf8a73b66d9d9efcc4dbbd6eeb360a43099baef2ee5477fc7e23808b695ac93bd,2026-02-17
run_20260217_222909-0070,0xb6d43220c881c2ab0df851ee396e4f36309575ab87775840e8a893c7294f51d7,0xb6d43220c881c2ab0df851ee396e4f36309575ab87775840e8a893c7294f51d7,True,0xf8a73b66d9d9efcc4dbbd6eeb360a43099baef2ee5477fc7e23808b695ac93bd,2026-02-17
run_20260217_222909-0071,0x829bc72b5e9ff043d8050add475ae1d9823f61ba2ff6f356e94172fa89eb7c05,0x829bc72b5e9ff043d8050add475ae1d9823f61ba2ff6f356e94172fa89eb7c05,True,0xf8a73b66d9d9efcc4dbbd6eeb360a43099baef2ee5477fc7e23808b695ac93bd,2026-02-17
run_20260217_222909-0072,0xbe1c0e735aff13deb6309cc6c59badf74793860a1165dc71e6a29907b90c9167,0xbe1c0e735aff13deb6309cc6c59badf74793860a1165dc71e6a29907b90c9167,True,0xf8a73b66d9d9efcc4dbbd6eeb360a43099baef2ee5477fc7e23808b695ac93bd,2026-02-17
run_20260217_222909-0073,0x566e21150dae2aaef345f4855bf355bf4750f0a190bbed8da356ef143bacbad6,0x566e21150dae2aaef345f4855bf355bf4750f0a190bbed8da356ef143bacbad6,True,0xf8a73b66d9d9efcc4dbbd6eeb360a43099baef2ee5477fc7e23808b695ac93bd,2026-02-17
run_20260217_222909-0074,0x92b8548b9d0a3fdefdd479f429aacec5035dc884524956e261b7a230875bba53,0x92b8548b9d0a3fdefdd479f429aacec5035dc884524956e261b7a230875bba53,True,0xf8a73b66d9d9efcc4dbbd6eeb360a43099baef2ee5477fc7e23808b695ac93bd,2026-02-17
run_20260217_222909-0075,0x546aa5ace83363b8108cfbc3ea45b5359d7cf6ecd4f1a4b8ce8b1328d4541ae1,0x546aa5ace83363b8108cfbc3ea45b5359d7cf6ecd4f1a4b8ce8b1328d4541ae1,True,0xf8a73b66d9d9efcc4dbbd6eeb360a43099baef2ee5477fc7e23808b695ac93bd,2026-02-17
run_20260217_222909-0076,0x91ce12216b27d5747dca5e159a07b8883ee0a2e409c83aa083a871ef4e9e00d0,0x91ce12216b27d5747dca5e159a07b8883ee0a2e409c83aa083a871ef4e9e00d0,True,0xf8a73b66d9d9efcc4dbbd6eeb360a43099baef2ee5477fc7e23808b695ac93bd,2026-02-17
run_20260217_222909-0077,0xdf80ed26bb58a72a8e157626e80d9a111123793396eef21af702ae22e673ad4b,0xdf80ed26bb58a72a8e157626e80d9a111123793396eef21af702ae22e673ad4b,True,0xf8a73b66d9d9efcc4dbbd6eeb360a43099baef2ee5477fc7e23808b695ac93bd,2026-02-17
run_20260217_222909-0078,0x1c477be9c08dfcf9fa36db7aafb42d5cb88c0833bfc8a2192fc4c8d4843af861,0x1c477be9c08dfcf9fa36db7aafb42d5cb88c0833bfc8a2192fc4c8d4843af861,True,0xf8a73b66d9d9efcc4dbbd6eeb360a43099baef2ee5477fc7e23808b695ac93bd,2026-02-17
run_20260217_222909-0079,0x0fee54186499259530e87b7406d55ebadecbb7cc536e3623388ec6a71942ca2a,0x0fee54186499259530e87b7406d55ebadecbb7cc536e3623388ec6a71942ca2a,True,0xf8a73b66d9d9efcc4dbbd6eeb360a43099baef2ee5477fc7e23808b695ac93bd,2026-02-17
run_20260217_222909-0080,0x2a6c21b95c8ead171eba360b9f29a6854c622068c529133bb1fa071b59ed7ee0,0x2a6c21b95c8ead171eba360b9f29a6854c622068c529133bb1fa071b59ed7ee0,True,0xf8a73b66d9d9efcc4dbbd6eeb360a43099baef2ee5477fc7e23808b695ac93bd,2026-02-17
run_20260217_222909-0081,0xd4ac0450f3362921c1a2160a6e09be89098275e6e5ff9a7d4e04ef34a69f157d,0xd4ac0450f3362921c1a2160a6e09be89098275e6e5ff9a7d4e04ef34a69f157d,True,0xf8a73b66d9d9efcc4dbbd6eeb360a43099baef2ee5477fc7e23808b695ac93bd,2026-02-17
run_20260217_222909-0082,0x5366ebb430abe2e15f71eaa5b996caedf0e8923df3ccb857796e7fb1042f855e,0x5366ebb430abe2e15f71eaa5b996caedf0e8923df3ccb857796e7fb1042f855e,True,0xf8a73b66d9d9efcc4dbbd6eeb360a43099baef2ee5477fc7e23808b695ac93bd,2026-02-17
run_20260217_222909-0083,0x13111a8bac6478622f1f3b2fc618e3dd8e15544e3d83d234f9adebe1207c4e36,0x13111a8bac6478622f1f3b2fc618e3dd8e15544e3d83d234f9adebe1207c4e36,True,0xf8a73b66d9d9efcc4dbbd6eeb360a43099baef2ee5477fc7e23808b695ac93bd,2026-02-17
run_20260217_222909-0084,0xf11eb515f0ff146052003a3a17e9bb989a24df4cbf2458a212fdb150b2c21f6c,0xf11eb515f0ff146052003a3a17e9bb989a24df4cbf2458a212fdb150b2c21f6c,True,0xf8a73b66d9d9efcc4dbbd6eeb360a43099baef2ee5477fc7e23808b695ac93bd,2026-02-17
run_20260217_222909-0085,0xe0fe6c064a175a450e05a942426aa429985dfaa641bc76c3e3342efc79c00297,0xe0fe6c064a175a450e05a942426aa429985dfaa641bc76c3e3342efc79c00297,True,0xf8a73b66d9d9efcc4dbbd6eeb360a43099baef2ee5477fc7e23808b695ac93bd,2026-02-17
run_20260217_222909-0086,0x473b9ee3bc99de0f886c5a90cec6eaca5fdba20136bd800a05078dc3e63fed42,0x473b9ee3bc99de0f886c5a90cec6eaca5fdba20136bd800a05078dc3e63fed42,True,0xf8a73b66d9d9efcc4dbbd6eeb360a43099baef2ee5477fc7e23808b695ac93bd,2026-02-17
run_20260217_222909-0087,0x60d32f859618d9982cb50790c793cfb9a7b83bea44d629d4f5e9c6b362b13ea6,0x60d32f859618d9982cb50790c793cfb9a7b83bea44d629d4f5e9c6b362b13ea6,True,0xf8a73b66d9d9efcc4dbbd6eeb360a43099baef2ee5477fc7e23808b695ac93bd,2026-02-17
run_20260217_222909-0088,0xde1c706d51377ddc5f225cec9ae483054085be98a8c8d4b0014e8c874be911ec,0xde1c706d51377ddc5f225cec9ae483054085be98a8c8d4b0014e8c874be911ec,True,0xf8a73b66d9d9efcc4dbbd6eeb360a43099baef2ee5477fc7e23808b695ac93bd,2026-02-17
run_20260217_222909-0089,0x5816280c4daa8c053cc0645796c3929230a98ada27a1424f820157b0fe891fc2,0x5816280c4daa8c053cc0645796c3929230a98ada27a1424f820157b0fe891fc2,True,0xf8a73b66d9d9efcc4dbbd6eeb360a43099baef2ee5477fc7e23808b695ac93bd,2026-02-17
run_20260217_222909-0090,0xdc75b97b336f56433d59ac450f74cbb116bd4fc3bc29f6a8935c5415d830c949,0xdc75b97b336f56433d59ac450f74cbb116bd4fc3bc29f6a8935c5415d830c949,True,0xf8a73b66d9d9efcc4dbbd6eeb360a43099baef2ee5477fc7e23808b695ac93bd,2026-02-17
run_20260217_222909-0091,0xad7edc041f77e1cdb6d15979f19fbb0a592372b37227f86730aaa5dd442c4fa0,0xad7edc041f77e1cdb6d15979f19fbb0a592372b37227f86730aaa5dd442c4fa0,True,0xf8a73b66d9d9efcc4dbbd6eeb360a43099baef2ee5477fc7e23808b695ac93bd,2026-02-17
run_20260217_222909-0092,0xa7d84a79da70e9e2654d1dec4fabda730fc62328a994765f0d4bb9204d523a16,0xa7d84a79da70e9e2654d1dec4fabda730fc62328a994765f0d4bb9204d523a16,True,0xf8a73b66d9d9efcc4dbbd6eeb360a43099baef2ee5477fc7e23808b695ac93bd,2026-02-17
run_20260217_222909-0093,0x197de01eb6878da02f730f76df6209937e71c1605fb138c8e703faf6458ed4e0,0x197de01eb6878da02f730f76df6209937e71c1605fb138c8e703faf6458ed4e0,True,0xf8a73b66d9d9efcc4dbbd6eeb360a43099baef2ee5477fc7e23808b695ac93bd,2026-02-17
run_20260217_222909-0094,0xcc35faf475c4779d06f8dbfeec0cc8c745f2cd1a7077db117330c43137fdd23b,0xcc35faf475c4779d06f8dbfeec0cc8c745f2cd1a7077db117330c43137fdd23b,True,0xf8a73b66d9d9efcc4dbbd6eeb360a43099baef2ee5477fc7e23808b695ac93bd,2026-02-17
run_20260217_222909-0095,0xc241822ebaa085348ed693eb0ee83be55c37c8c7b9d4d1ce6f6f2a506483fb36,0xc241822ebaa085348ed693eb0ee83be55c37c8c7b9d4d1ce6f6f2a506483fb36,True,0xf8a73b66d9d9efcc4dbbd6eeb360a43099baef2ee5477fc7e23808b695ac93bd,2026-02-17
run_20260217_222909-0096,0xc3efd75724066cdc6ef4c481b93e8029caea5dcc4dcbae7d39de0b42dd42302c,0xc3efd75724066cdc6ef4c481b93e8029caea5dcc4dcbae7d39de0b42dd42302c,True,0xf8a73b66d9d9efcc4dbbd6eeb360a43099baef2ee5477fc7e23808b695ac93bd,2026-02-17
run_20260217_222909-0097,0x3f6402406bcd743a38cd75d7ef4e98e24c7d48b09160862ac122bc48324b3a88,0x3f6402406bcd743a38cd75d7ef4e98e24c7d48b09160862ac122bc48324b3a88,True,0xf8a73b66d9d9efcc4dbbd6eeb360a43099baef2ee5477fc7e23808b695ac93bd,2026-02-17
run_20260217_222909-0098,0xe242614c05eddba8d2a9066932e7f604b67b59e7097f5c1d53b9f60fa64c6b9d,0xe242614c05eddba8d2a9066932e7f604b67b59e7097f5c1d53b9f60fa64c6b9d,True,0xf8a73b66d9d9efcc4dbbd6eeb360a43099baef2ee5477fc7e23808b695ac93bd,2026-02-17
run_20260217_222909-0099,0x83243c932ebc40a54ce1eae7c7ca64996980b1627f8cc2821de62d0e8e5a4b27,0x83243c932ebc40a54ce1eae7c7ca64996980b1627f8cc2821de62d0e8e5a4b27,True,0xf8a73b66d9d9efcc4dbbd6eeb360a43099baef2ee5477fc7e23808b695ac93bd,2026-02-17
run_20260217_222909-0100,0x0b6c63ebd7804d80054635e2cea45eefb6a96bbe190f886c94bd493c2d3bcab3,0x0b6c63ebd7804d80054635e2cea45eefb6a96bbe190f886c94bd493c2d3bcab3,True,0xf8a73b66d9d9efcc4dbbd6eeb360a43099baef2ee5477fc7e23808b695ac93bd,2026-02-17
run_20260217_222909-0101,0xbdf05faaa7a142b01166ce3678e70d10d696ed4fda801857cb5b969b9dc002c1,0xbdf05faaa7a142b01166ce3678e70d10d696ed4fda801857cb5b969b9dc002c1,True,0xf8a73b66d9d9efcc4dbbd6eeb360a43099baef2ee5477fc7e23808b695ac93bd,2026-02-17
run_20260217_222909-0102,0xfe826c6add288be0795e83d66f7e9a0f3faa1d1d762c5f285fe292cda6ffdee2,0xfe826c6add288be0795e83d66f7e9a0f3faa1d1d762c5f285fe292cda6ffdee2,True,0xf8a73b66d9d9efcc4dbbd6eeb360a43099baef2ee5477fc7e23808b695ac93bd,2026-02-17
run_20260217_222909-0103,0xce78a49dada8d98b0d3a8f0f69312ac931e4d124bc8f0994f845f889b33c791e,0xce78a49dada8d98b0d3a8f0f69312ac931e4d124bc8f0994f845f889b33c791e,True,0xf8a73b66d9d9efcc4dbbd6eeb360a43099baef2ee5477fc7e23808b695ac93bd,2026-02-17
run_20260217_222909-0104,0xfb057d372c94fc62d309d7a604b861c4f1d2c596900ac95158310cbd8842ece8,0xfb057d372c94fc62d309d7a604b861c4f1d2c596900ac95158310cbd8842ece8,True,0xf8a73b66d9d9efcc4dbbd6eeb360a43099baef2ee5477fc7e23808b695ac93bd,2026-02-17
run_20260217_222909-0105,0x6d5f0054ce0a21eeb9c6697cbcc0030444ec7183761d949258ee47e12b27c6b2,0x6d5f0054ce0a21eeb9c6697cbcc0030444ec7183761d949258ee47e12b27c6b2,True,0xf8a73b66d9d9efcc4dbbd6eeb360a43099baef2ee5477fc7e23808b695ac93bd,2026-02-17
run_20260217_222909-0106,0x0a9ce85d5e2975be69c016b2e19e1f5784f746bdf3bd8af9d573111f5d5e5789,0x0a9ce85d5e2975be69c016b2e19e1f5784f746bdf3bd8af9d573111f5d5e5789,True,0xf8a73b66d9d9efcc4dbbd6eeb360a43099baef2ee5477fc7e23808b695ac93bd,2026-02-17
run_20260217_222909-0107,0x7f0dc749a7cc843290d3a5dac6605e002a86113f2121494a129fe9078ac22f37,0x7f0dc749a7cc843290d3a5dac6605e002a86113f2121494a129fe9078ac22f37,True,0xf8a73b66d9d9efcc4dbbd6eeb360a43099baef2ee5477fc7e23808b695ac93bd,2026-02-17
run_20260217_222909-0108,0xb51a81086e3781cea6f02d75d8db082d5afb073bc6d5f8fd8e325641739cb5e3,0xb51a81086e3781cea6f02d75d8db082d5afb073bc6d5f8fd8e325641739cb5e3,True,0xf8a73b66d9d9efcc4dbbd6eeb360a43099baef2ee5477fc7e23808b695ac93bd,2026-02-17
run_20260217_222909-0109,0xaad747b0d081e1d48aa6dcf58724b426f868c9b28ff0632fc287114e7274c987,0xaad747b0d081e1d48aa6dcf58724b426f868c9b28ff0632fc287114e7274c987,True,0xf8a73b66d9d9efcc4dbbd6eeb360a43099baef2ee5477fc7e23808b695ac93bd,2026-02-17
run_20260217_222909-0110,0x64152cf33eb44b87178c7013656ae271720400efc486c07f7506a5db31ca5fc6,0x64152cf33eb44b87178c7013656ae271720400efc486c07f7506a5db31ca5fc6,True,0xf8a73b66d9d9efcc4dbbd6eeb360a43099baef2ee5477fc7e23808b695ac93bd,2026-02-17
run_20260217_222909-0111,0x3f894e25924553f7ab37d2f3a699f2254bd4acf95b3e6b65667806bed1d6b61d,0x3f894e25924553f7ab37d2f3a699f2254bd4acf95b3e6b65667806bed1d6b61d,True,0xf8a73b66d9d9efcc4dbbd6eeb360a43099baef2ee5477fc7e23808b695ac93bd,2026-02-17
run_20260217_222909-0112,0x3ea9b9580123d7fc5a87e8851b3a3649f066820f8479c414b957802eae33ab15,0x3ea9b9580123d7fc5a87e8851b3a3649f066820f8479c414b957802eae33ab15,True,0xf8a73b66d9d9efcc4dbbd6eeb360a43099baef2ee5477fc7e23808b695ac93bd,2026-02-17
run_20260217_222909-0113,0x335e8cd15bf375cba0ae02d21d1b5445eb672bf4925af56d053df96232cf0223,0x335e8cd15bf375cba0ae02d21d1b5445eb672bf4925af56d053df96232cf0223,True,0xf8a73b66d9d9efcc4dbbd6eeb360a43099baef2ee5477fc7e23808b695ac93bd,2026-02-17
run_20260217_222909-0114,0x8537e60668270d093697c9ea6d3d6ae111926915a0a73f076ab34feabe246097,0x8537e60668270d093697c9ea6d3d6ae111926915a0a73f076ab34feabe246097,True,0xf8a73b66d9d9efcc4dbbd6eeb360a43099baef2ee5477fc7e23808b695ac93bd,2026-02-17
run_20260217_222909-0115,0xd9b3bde4bfaddb1300132c0655e037a3dc45fc7dbde164c43dfe7fb41369d7b4,0xd9b3bde4bfaddb1300132c0655e037a3dc45fc7dbde164c43dfe7fb41369d7b4,True,0xf8a73b66d9d9efcc4dbbd6eeb360a43099baef2ee5477fc7e23808b695ac93bd,2026-02-17
run_20260217_222909-0116,0x831dc01b802edbb19d92917e87692682bae8d64066be383923d6c2505e747a12,0x831dc01b802edbb19d92917e87692682bae8d64066be383923d6c2505e747a12,True,0xf8a73b66d9d9efcc4dbbd6eeb360a43099baef2ee5477fc7e23808b695ac93bd,2026-02-17
run_20260217_222909-0117,0x8ee3d024f708826e6dc2b82e6601bb735e6bad474dcb9c0d70dc9a2b848bc2c1,0x8ee3d024f708826e6dc2b82e6601bb735e6bad474dcb9c0d70dc9a2b848bc2c1,True,0xf8a73b66d9d9efcc4dbbd6eeb360a43099baef2ee5477fc7e23808b695ac93bd,2026-02-17
run_20260217_222909-0118,0x87c1434f636457114e6a7b467e62e09cebc63137b0dbae41268041935f49e200,0x87c1434f636457114e6a7b467e62e09cebc63137b0dbae41268041935f49e200,True,0xf8a73b66d9d9efcc4dbbd6eeb360a43099baef2ee5477fc7e23808b695ac93bd,2026-02-17
run_20260217_222909-0119,0x09f4b45d23b79f8591a5a6feacac8ae163aafa908102b00f237f4c18bdf54608,0x09f4b45d23b79f8591a5a6feacac8ae163aafa908102b00f237f4c18bdf54608,True,0xf8a73b66d9d9efcc4dbbd6eeb360a43099baef2ee5477fc7e23808b695ac93bd,2026-02-17
run_20260217_222909-0120,0xbc58e93e2ac018579255a4fecafd1fa21994ecc6a16b94bfeaffca0c56049487,0xbc58e93e2ac018579255a4fecafd1fa21994ecc6a16b94bfeaffca0c56049487,True,0xf8a73b66d9d9efcc4dbbd6eeb360a43099baef2ee5477fc7e23808b695ac93bd,2026-02-17
run_20260217_222909-0121,0x5160943ef6ab6c1379864820002faec9e3bfb17016453889372bcd9e0465f56c,0x5160943ef6ab6c1379864820002faec9e3bfb17016453889372bcd9e0465f56c,True,0xf8a73b66d9d9efcc4dbbd6eeb360a43099baef2ee5477fc7e23808b695ac93bd,2026-02-17
run_20260217_222909-0122,0xfe9f3d390dfb64c96544603d965136d795bade02fcb46eeec7bb3211f49e65eb,0xfe9f3d390dfb64c96544603d965136d795bade02fcb46eeec7bb3211f49e65eb,True,0xf8a73b66d9d9efcc4dbbd6eeb360a43099baef2ee5477fc7e23808b695ac93bd,2026-02-17
run_20260217_222909-0123,0xbb58a53ea173aeb18432d95c8d9b55c268cd3585d4d95d874d7ca3da26bc09f2,0xbb58a53ea173aeb18432d95c8d9b55c268cd3585d4d95d874d7ca3da26bc09f2,True,0xf8a73b66d9d9efcc4dbbd6eeb360a43099baef2ee5477fc7e23808b695ac93bd,2026-02-17
run_20260217_222909-0124,0x4c0a6a306074770ee749e3838ecdad0998ab4c51e8bba6a321d943866f8dbe3a,0x4c0a6a306074770ee749e3838ecdad0998ab4c51e8bba6a321d943866f8dbe3a,True,0xf8a73b66d9d9efcc4dbbd6eeb360a43099baef2ee5477fc7e23808b695ac93bd,2026-02-17
run_20260217_222909-0125,0x857fb93c5b00b8129fe9e5360d6a4088e626a306e489a0f1da174733cd47f90b,0x857fb93c5b00b8129fe9e5360d6a4088e626a306e489a0f1da174733cd47f90b,True,0xf8a73b66d9d9efcc4dbbd6eeb360a43099baef2ee5477fc7e23808b695ac93bd,2026-02-17
run_20260217_222909-0126,0xc638ce0ce88c1ecf3dca7980c727ddf2f473b9a98bd3e00f737586ecbc909b07,0xc638ce0ce88c1ecf3dca7980c727ddf2f473b9a98bd3e00f737586ecbc909b07,True,0xf8a73b66d9d9efcc4dbbd6eeb360a43099baef2ee5477fc7e23808b695ac93bd,2026-02-17
run_20260217_222909-0127,0x706b7f41949b48f1d54a2645736068e365def363852a6788a5ef314119e2ebc8,0x706b7f41949b48f1d54a2645736068e365def363852a6788a5ef314119e2ebc8,True,0xf8a73b66d9d9efcc4dbbd6eeb360a43099baef2ee5477fc7e23808b695ac93bd,2026-02-17
run_20260217_222909-0128,0x40f46f5e3ff64ede403929fecfc1e4946c2358a79de3d6da0597804d99bc0dd7,0x40f46f5e3ff64ede403929fecfc1e4946c2358a79de3d6da0597804d99bc0dd7,True,0xf8a73b66d9d9efcc4dbbd6eeb360a43099baef2ee5477fc7e23808b695ac93bd,2026-02-17
run_20260217_222909-0129,0xfe29287a88c6f9ce56cc70ddf86bb0452c58459d01c0c2a1466adf1693be8f3d,0xfe29287a88c6f9ce56cc70ddf86bb0452c58459d01c0c2a1466adf1693be8f3d,True,0xf8a73b66d9d9efcc4dbbd6eeb360a43099baef2ee5477fc7e23808b695ac93bd,2026-02-17
run_20260217_222909-0130,0xd7c37f575c81aa9d1663f1fcdd51aa279a2f41e9cca729b8b08f5c31c540ace5,0xd7c37f575c81aa9d1663f1fcdd51aa279a2f41e9cca729b8b08f5c31c540ace5,True,0xf8a73b66d9d9efcc4dbbd6eeb360a43099baef2ee5477fc7e23808b695ac93bd,2026-02-17
run_20260217_222909-0131,0x4b3b6511859bfce972a9afabc6e39c8f9c66217824927adf6fd3cdbe96939823,0x4b3b6511859bfce972a9afabc6e39c8f9c66217824927adf6fd3cdbe96939823,True,0xf8a73b66d9d9efcc4dbbd6eeb360a43099baef2ee5477fc7e23808b695ac93bd,2026-02-17
run_20260217_222909-0132,0xb3720418fc21b42c4abfb0d9038b4e68b0c78c7a9d79e5b28304bf6848ba0583,0xb3720418fc21b42c4abfb0d9038b4e68b0c78c7a9d79e5b28304bf6848ba0583,True,0xf8a73b66d9d9efcc4dbbd6eeb360a43099baef2ee5477fc7e23808b695ac93bd,2026-02-17
run_20260217_222909-0133,0x368bf15933d956a72b31649a89f2beb24e38d4de70563ba5ed1214ed532b6d83,0x368bf15933d956a72b31649a89f2beb24e38d4de70563ba5ed1214ed532b6d83,True,0xf8a73b66d9d9efcc4dbbd6eeb360a43099baef2ee5477fc7e23808b695ac93bd,2026-02-17
run_20260217_222909-0134,0x3e11dd51d53d8e1cddc5883f57ea711a6db2dd4d05550517178625b992c4d074,0x3e11dd51d53d8e1cddc5883f57ea711a6db2dd4d05550517178625b992c4d074,True,0xf8a73b66d9d9efcc4dbbd6eeb360a43099baef2ee5477fc7e23808b695ac93bd,2026-02-17
run_20260217_222909-0135,0x4ee83d38b4c9d2c2711116f4466b1081f01e5836c89158b1ba505129714e3ba0,0x4ee83d38b4c9d2c2711116f4466b1081f01e5836c89158b1ba505129714e3ba0,True,0xf8a73b66d9d9efcc4dbbd6eeb360a43099baef2ee5477fc7e23808b695ac93bd,2026-02-17
run_20260217_222909-0136,0xbd9bde9ddce76f09991ecf46726b1782dc3d2929b9e6d1a1955190cf77c9a661,0xbd9bde9ddce76f09991ecf46726b1782dc3d2929b9e6d1a1955190cf77c9a661,True,0xf8a73b66d9d9efcc4dbbd6eeb360a43099baef2ee5477fc7e23808b695ac93bd,2026-02-17
run_20260217_222909-0137,0x01c4444d7b69db96ffb4ac0fa455f21cf48e452ecc8b673aaf7345200ed605dc,0x01c4444d7b69db96ffb4ac0fa455f21cf48e452ecc8b673aaf7345200ed605dc,True,0xf8a73b66d9d9efcc4dbbd6eeb360a43099baef2ee5477fc7e23808b695ac93bd,2026-02-17
run_20260217_222909-0138,0xecd4d11a8011ece61f7a083c7e0fece3ad86d61564386d1e79cf0f7bd0c493e7,0xecd4d11a8011ece61f7a083c7e0fece3ad86d61564386d1e79cf0f7bd0c493e7,True,0xf8a73b66d9d9efcc4dbbd6eeb360a43099baef2ee5477fc7e23808b695ac93bd,2026-02-17
run_20260217_222909-0139,0x9374ecece9f0c014f0fa3a93ff1f61834c0bbc1041c74a18cc3561981bf99a37,0x9374ecece9f0c014f0fa3a93ff1f61834c0bbc1041c74a18cc3561981bf99a37,True,0xf8a73b66d9d9efcc4dbbd6eeb360a43099baef2ee5477fc7e23808b695ac93bd,2026-02-17
run_20260217_222909-0140,0xa81566d1b85244cc39eeff859d0a34eec1b40e447c31b0e65732e8b46cfd340d,0xa81566d1b85244cc39eeff859d0a34eec1b40e447c31b0e65732e8b46cfd340d,True,0xf8a73b66d9d9efcc4dbbd6eeb360a43099baef2ee5477fc7e23808b695ac93bd,2026-02-17
run_20260217_222909-0141,0x476634a366c82813f0b52626ff97ebe8108df0dbcb4a24162958802aea6291a7,0x476634a366c82813f0b52626ff97ebe8108df0dbcb4a24162958802aea6291a7,True,0xf8a73b66d9d9efcc4dbbd6eeb360a43099baef2ee5477fc7e23808b695ac93bd,2026-02-17
run_20260217_222909-0142,0x83b32e9a7a9acc70cf980170a6efb3d124bce7aeb3f3fd7e8b70cecb0d38ea1c,0x83b32e9a7a9acc70cf980170a6efb3d124bce7aeb3f3fd7e8b70cecb0d38ea1c,True,0xf8a73b66d9d9efcc4dbbd6eeb360a43099baef2ee5477fc7e23808b695ac93bd,2026-02-17
run_20260217_222909-0143,0xd90f43bab0c723e251b9eec3d95b4bba23c7bfb554eebdeeeeb5de960b7a882a,0xd90f43bab0c723e251b9eec3d95b4bba23c7bfb554eebdeeeeb5de960b7a882a,True,0xf8a73b66d9d9efcc4dbbd6eeb360a43099baef2ee5477fc7e23808b695ac93bd,2026-02-17
run_20260217_222909-0144,0x3aa0a26a83436b09a5d160e501f8f0e2f18ac7bacdface74789e06dfc6c60274,0x3aa0a26a83436b09a5d160e501f8f0e2f18ac7bacdface74789e06dfc6c60274,True,0xf8a73b66d9d9efcc4dbbd6eeb360a43099baef2ee5477fc7e23808b695ac93bd,2026-02-17
run_20260217_222909-0145,0x6d58d0689c5d71a1cbb2734c2a790a77ec1c254ea62fd79fb6310b6b7633669d,0x6d58d0689c5d71a1cbb2734c2a790a77ec1c254ea62fd79fb6310b6b7633669d,True,0xf8a73b66d9d9efcc4dbbd6eeb360a43099baef2ee5477fc7e23808b695ac93bd,2026-02-17
run_20260217_222909-0146,0xc91c85399c323a9e0231fb522487ce71098f59e554162af9f84e9185b56664a9,0xc91c85399c323a9e0231fb522487ce71098f59e554162af9f84e9185b56664a9,True,0xf8a73b66d9d9efcc4dbbd6eeb360a43099baef2ee5477fc7e23808b695ac93bd,2026-02-17
run_20260217_222909-0147,0x956506a785bfeccabad988dd53e336e27bf94537b135183e8a0485d3d867ddc0,0x956506a785bfeccabad988dd53e336e27bf94537b135183e8a0485d3d867ddc0,True,0xf8a73b66d9d9efcc4dbbd6eeb360a43099baef2ee5477fc7e23808b695ac93bd,2026-02-17
run_20260217_222909-0148,0x9f76569325e718b01238973e197763b2538813678c39b6d465f3c39ba885723b,0x9f76569325e718b01238973e197763b2538813678c39b6d465f3c39ba885723b,True,0xf8a73b66d9d9efcc4dbbd6eeb360a43099baef2ee5477fc7e23808b695ac93bd,2026-02-17
run_20260217_222909-0149,0xdf11059e413fe12acf35bc1eb09681a9ed513a8bde739bbb9f6825f7c24456da,0xdf11059e413fe12acf35bc1eb09681a9ed513a8bde739bbb9f6825f7c24456da,True,0xf8a73b66d9d9efcc4dbbd6eeb360a43099baef2ee5477fc7e23808b695ac93bd,2026-02-17
run_20260217_222909-0150,0x0d9deb334222d07bb6944ad3a39f985b74c74601429ca74dc3445350def5f21d,0x0d9deb334222d07bb6944ad3a39f985b74c74601429ca74dc3445350def5f21d,True,0xf8a73b66d9d9efcc4dbbd6eeb360a43099baef2ee5477fc7e23808b695ac93bd,2026-02-17
run_20260217_222909-0151,0x161bf396aed0ad1a8173353a48ac774862f068ffee67433f9e837ca4977e9749,0x161bf396aed0ad1a8173353a48ac774862f068ffee67433f9e837ca4977e9749,True,0xf8a73b66d9d9efcc4dbbd6eeb360a43099baef2ee5477fc7e23808b695ac93bd,2026-02-17
run_20260217_222909-0152,0x2e2f3ee9c69607da84afefefc856a919e1b2693c9e9c89d6cb6ade3d734004c1,0x2e2f3ee9c69607da84afefefc856a919e1b2693c9e9c89d6cb6ade3d734004c1,True,0xf8a73b66d9d9efcc4dbbd6eeb360a43099baef2ee5477fc7e23808b695ac93bd,2026-02-17
run_20260217_222909-0153,0xc39838f6372298b30ce4542ba9416897f992ac71ec3e2feded798588e4db4bb8,0xc39838f6372298b30ce4542ba9416897f992ac71ec3e2feded798588e4db4bb8,True,0xf8a73b66d9d9efcc4dbbd6eeb360a43099baef2ee5477fc7e23808b695ac93bd,2026-02-17
run_20260217_222909-0154,0xa4ee3742694ec0a529edd5a2a67acec54b309b3878f007a9ea1c474f45c91621,0xa4ee3742694ec0a529edd5a2a67acec54b309b3878f007a9ea1c474f45c91621,True,0xf8a73b66d9d9efcc4dbbd6eeb360a43099baef2ee5477fc7e23808b695ac93bd,2026-02-17
run_20260217_222909-0155,0x590c022345fb8195b844eb8afc610ec399f554e6c293d6babdabfb3b366e6983,0x590c022345fb8195b844eb8afc610ec399f554e6c293d6babdabfb3b366e6983,True,0xf8a73b66d9d9efcc4dbbd6eeb360a43099baef2ee5477fc7e23808b695ac93bd,2026-02-17
run_20260217_222909-0156,0xe74b32680b3a96470e1c6aa8da38bd1e1615bd725e3ee0ddc4bebe1fda91ede1,0xe74b32680b3a96470e1c6aa8da38bd1e1615bd725e3ee0ddc4bebe1fda91ede1,True,0xf8a73b66d9d9efcc4dbbd6eeb360a43099baef2ee5477fc7e23808b695ac93bd,2026-02-17
run_20260217_222909-0157,0xa82c3dd464e2c93ab4a91b42cd121ad8063404f5a983377a7c8685aa8502881b,0xa82c3dd464e2c93ab4a91b42cd121ad8063404f5a983377a7c8685aa8502881b,True,0xf8a73b66d9d9efcc4dbbd6eeb360a43099baef2ee5477fc7e23808b695ac93bd,2026-02-17
run_20260217_222909-0158,0x0d0dc1e3f6434f9bc58e5e116185fdb823ca8dad28576dbcddd0a87c50ee4f1d,0x0d0dc1e3f6434f9bc58e5e116185fdb823ca8dad28576dbcddd0a87c50ee4f1d,True,0xf8a73b66d9d9efcc4dbbd6eeb360a43099baef2ee5477fc7e23808b695ac93bd,2026-02-17
run_20260217_222909-0159,0xa9acef7e6259a5a2434a720bc66d547e1e5e5e2fc3e68af3edd0594b718b9b02,0xa9acef7e6259a5a2434a720bc66d547e1e5e5e2fc3e68af3edd0594b718b9b02,True,0xf8a73b66d9d9efcc4dbbd6eeb360a43099baef2ee5477fc7e23808b695ac93bd,2026-02-17
run_20260217_222909-0160,0x46a45e9375e09733a414bea35412fa7eb069d68fd0f26052456b0784d13499b1,0x46a45e9375e09733a414bea35412fa7eb069d68fd0f26052456b0784d13499b1,True,0xf8a73b66d9d9efcc4dbbd6eeb360a43099baef2ee5477fc7e23808b695ac93bd,2026-02-17
run_20260217_222909-0161,0x8fc51ec9a829530752addc304cde614e9c7d06b3c233ecfa69a93053aeedba7a,0x8fc51ec9a829530752addc304cde614e9c7d06b3c233ecfa69a93053aeedba7a,True,0xf8a73b66d9d9efcc4dbbd6eeb360a43099baef2ee5477fc7e23808b695ac93bd,2026-02-17
run_20260217_222909-0162,0x6ed38a4302a8a94b9870c0a8da0ebb91ec959cfcda0b9d4521282f08505ec374,0x6ed38a4302a8a94b9870c0a8da0ebb91ec959cfcda0b9d4521282f08505ec374,True,0xf8a73b66d9d9efcc4dbbd6eeb360a43099baef2ee5477fc7e23808b695ac93bd,2026-02-17
run_20260217_222909-0163,0xdeef78077f298217444d84329f1ccb04b95f372480037271683deecdfca5b40a,0xdeef78077f298217444d84329f1ccb04b95f372480037271683deecdfca5b40a,True,0xf8a73b66d9d9efcc4dbbd6eeb360a43099baef2ee5477fc7e23808b695ac93bd,2026-02-17
run_20260217_222909-0164,0xa9dfa17b9d389fc912924566032c79610a70ef85c970ce0961a28c029f475361,0xa9dfa17b9d389fc912924566032c79610a70ef85c970ce0961a28c029f475361,True,0xf8a73b66d9d9efcc4dbbd6eeb360a43099baef2ee5477fc7e23808b695ac93bd,2026-02-17
run_20260217_222909-0165,0x1808e9bd3bb16f6152785d3347941b5abecc4fd85bf2a6c20ff562bb1432ce94,0x1808e9bd3bb16f6152785d3347941b5abecc4fd85bf2a6c20ff562bb1432ce94,True,0xf8a73b66d9d9efcc4dbbd6eeb360a43099baef2ee5477fc7e23808b695ac93bd,2026-02-17
run_20260217_222909-0166,0xbe7518a8b83a45f7d0ec6a214deb8756575532cae72c8b632de52e7d80143fa6,0xbe7518a8b83a45f7d0ec6a214deb8756575532cae72c8b632de52e7d80143fa6,True,0xf8a73b66d9d9efcc4dbbd6eeb360a43099baef2ee5477fc7e23808b695ac93bd,2026-02-17
run_20260217_222909-0167,0x7956a5731b485ff95402ab21600dc100a2ca29e4b6aa3ab9478f9e2c163448a3,0x7956a5731b485ff95402ab21600dc100a2ca29e4b6aa3ab9478f9e2c163448a3,True,0xf8a73b66d9d9efcc4dbbd6eeb360a43099baef2ee5477fc7e23808b695ac93bd,2026-02-17
run_20260217_222909-0168,0xfd316a0c4e7ec130e45ec994c3e714d2d625ec647f645ff774e1553592b84c4d,0xfd316a0c4e7ec130e45ec994c3e714d2d625ec647f645ff774e1553592b84c4d,True,0xf8a73b66d9d9efcc4dbbd6eeb360a43099baef2ee5477fc7e23808b695ac93bd,2026-02-17
run_20260217_222909-0169,0xb68c631a9649362c424d7a0c9257ba045f136c1909ceadd236c43b70d6f63f13,0xb68c631a9649362c424d7a0c9257ba045f136c1909ceadd236c43b70d6f63f13,True,0xf8a73b66d9d9efcc4dbbd6eeb360a43099baef2ee5477fc7e23808b695ac93bd,2026-02-17
run_20260217_222909-0170,0xd6981ae6fd13ac6396cbbdf98a9088301612ed1daa128c1121d404efccdd1dd1,0xd6981ae6fd13ac6396cbbdf98a9088301612ed1daa128c1121d404efccdd1dd1,True,0xf8a73b66d9d9efcc4dbbd6eeb360a43099baef2ee5477fc7e23808b695ac93bd,2026-02-17
run_20260217_222909-0171,0x4d04602cf2eb912712bb5a714035ab866aa853cb7253555ab9c0675463ff349f,0x4d04602cf2eb912712bb5a714035ab866aa853cb7253555ab9c0675463ff349f,True,0xf8a73b66d9d9efcc4dbbd6eeb360a43099baef2ee5477fc7e23808b695ac93bd,2026-02-17
run_20260217_222909-0172,0x14297c9d2fc09d283cf9d55ca2c60f3ce066301b7b88e69bd3a57b32065f33ed,0x14297c9d2fc09d283cf9d55ca2c60f3ce066301b7b88e69bd3a57b32065f33ed,True,0xf8a73b66d9d9efcc4dbbd6eeb360a43099baef2ee5477fc7e23808b695ac93bd,2026-02-17
run_20260217_222909-0173,0xa9c6bdcd856bf2cf8d5eb27fea088ba1fe743e1999d18eeef4aa2580d7a3b6cf,0xa9c6bdcd856bf2cf8d5eb27fea088ba1fe743e1999d18eeef4aa2580d7a3b6cf,True,0xf8a73b66d9d9efcc4dbbd6eeb360a43099baef2ee5477fc7e23808b695ac93bd,2026-02-17
run_20260217_222909-0174,0x1734a24768307b8d0726878791f91d77931ebf7f224c9eb16d3a166b5284c9a5,0x1734a24768307b8d0726878791f91d77931ebf7f224c9eb16d3a166b5284c9a5,True,0xf8a73b66d9d9efcc4dbbd6eeb360a43099baef2ee5477fc7e23808b695ac93bd,2026-02-17
run_20260217_222909-0175,0x07a71d3b0853dc116f8470b155b4fe73e4346ad8d9a3da665b7dac5316ac8545,0x07a71d3b0853dc116f8470b155b4fe73e4346ad8d9a3da665b7dac5316ac8545,True,0xf8a73b66d9d9efcc4dbbd6eeb360a43099baef2ee5477fc7e23808b695ac93bd,2026-02-17
run_20260217_222909-0176,0x0176c764193c500b3558623c6b92a579388b8b33bd6ec2426ee7ee74a58de548,0x0176c764193c500b3558623c6b92a579388b8b33bd6ec2426ee7ee74a58de548,True,0xf8a73b66d9d9efcc4dbbd6eeb360a43099baef2ee5477fc7e23808b695ac93bd,2026-02-17
run_20260217_222909-0177,0x29eff58ed6adc40ad078c690f1e8e68629c5df4b0346c518554a8069b58ff6c5,0x29eff58ed6adc40ad078c690f1e8e68629c5df4b0346c518554a8069b58ff6c5,True,0xf8a73b66d9d9efcc4dbbd6eeb360a43099baef2ee5477fc7e23808b695ac93bd,2026-02-17
run_20260217_222909-0178,0xa93a70eb33b6cb6f5721a669e604d861e41ce99e0c414b54c83e9ea16c5b6992,0xa93a70eb33b6cb6f5721a669e604d861e41ce99e0c414b54c83e9ea16c5b6992,True,0xf8a73b66d9d9efcc4dbbd6eeb360a43099baef2ee5477fc7e23808b695ac93bd,2026-02-17
run_20260217_222909-0179,0xb85a6502c7bbc739c99de80eae41dff41cd87439518d7c8b518259905f2aa890,0xb85a6502c7bbc739c99de80eae41dff41cd87439518d7c8b518259905f2aa890,True,0xf8a73b66d9d9efcc4dbbd6eeb360a43099baef2ee5477fc7e23808b695ac93bd,2026-02-17
run_20260217_222909-0180,0x1c30e3b3e7474284960276d8730a79e2d2ea1b43f385a68f94b04cff87451a6c,0x1c30e3b3e7474284960276d8730a79e2d2ea1b43f385a68f94b04cff87451a6c,True,0xf8a73b66d9d9efcc4dbbd6eeb360a43099baef2ee5477fc7e23808b695ac93bd,2026-02-17
run_20260217_222909-0181,0x766eed3c62dd824d7c1bedac3bb252a396b23801ee99656fc92a08b2deb95bf7,0x766eed3c62dd824d7c1bedac3bb252a396b23801ee99656fc92a08b2deb95bf7,True,0xf8a73b66d9d9efcc4dbbd6eeb360a43099baef2ee5477fc7e23808b695ac93bd,2026-02-17
run_20260217_222909-0182,0x665b902c0efd207e9e4c065e7a1132489a655fcae0052b36f793ec888e29ec39,0x665b902c0efd207e9e4c065e7a1132489a655fcae0052b36f793ec888e29ec39,True,0xf8a73b66d9d9efcc4dbbd6eeb360a43099baef2ee5477fc7e23808b695ac93bd,2026-02-17
run_20260217_222909-0183,0x580078b266632c7e6388aaa0d15b8240680c04d298f72a91121b4dbfa4b7c511,0x580078b266632c7e6388aaa0d15b8240680c04d298f72a91121b4dbfa4b7c511,True,0xf8a73b66d9d9efcc4dbbd6eeb360a43099baef2ee5477fc7e23808b695ac93bd,2026-02-17
run_20260217_222909-0184,0xfef1176527f6e97272c292cc2d9a5f5be3eeac13197a419b7d891f33ef1330c3,0xfef1176527f6e97272c292cc2d9a5f5be3eeac13197a419b7d891f33ef1330c3,True,0xf8a73b66d9d9efcc4dbbd6eeb360a43099baef2ee5477fc7e23808b695ac93bd,2026-02-17
run_20260217_222909-0185,0xa3a6907230f477b5a0cac9cc9cd5c981e28e4109dfd687d5d999be0ed741d12b,0xa3a6907230f477b5a0cac9cc9cd5c981e28e4109dfd687d5d999be0ed741d12b,True,0xf8a73b66d9d9efcc4dbbd6eeb360a43099baef2ee5477fc7e23808b695ac93bd,2026-02-17
run_20260217_222909-0186,0xecac41a9b53398c268b187d95a7a61a040ae415cbe8c79b1dd66e9d26429cd25,0xecac41a9b53398c268b187d95a7a61a040ae415cbe8c79b1dd66e9d26429cd25,True,0xf8a73b66d9d9efcc4dbbd6eeb360a43099baef2ee5477fc7e23808b695ac93bd,2026-02-17
run_20260217_222909-0187,0x38bb8d6b0f77661cad290c7cbe61be0576430f8842617ad884276939ab7e4da1,0x38bb8d6b0f77661cad290c7cbe61be0576430f8842617ad884276939ab7e4da1,True,0xf8a73b66d9d9efcc4dbbd6eeb360a43099baef2ee5477fc7e23808b695ac93bd,2026-02-17
run_20260217_222909-0188,0x492247897595a06d4f82e24c4bc5dd9d52549196e3cf5371cae46c78af645c35,0x492247897595a06d4f82e24c4bc5dd9d52549196e3cf5371cae46c78af645c35,True,0xf8a73b66d9d9efcc4dbbd6eeb360a43099baef2ee5477fc7e23808b695ac93bd,2026-02-17
run_20260217_222909-0189,0x80bba68a90b50bb5b4d6d88f82b7be9f81c19b815b5a5a18f754b28bd1eb32ce,0x80bba68a90b50bb5b4d6d88f82b7be9f81c19b815b5a5a18f754b28bd1eb32ce,True,0xf8a73b66d9d9efcc4dbbd6eeb360a43099baef2ee5477fc7e23808b695ac93bd,2026-02-17
run_20260217_222909-0190,0x3f5f485c09d2e647f389814264f1a8e28b402147f1ba32576ff5408a2619973c,0x3f5f485c09d2e647f389814264f1a8e28b402147f1ba32576ff5408a2619973c,True,0xf8a73b66d9d9efcc4dbbd6eeb360a43099baef2ee5477fc7e23808b695ac93bd,2026-02-17
run_20260217_222909-0191,0x09e6f00765613810580ed808c0c7adfebf6eb879d50696fd390b8aa8fcaaa0cb,0x09e6f00765613810580ed808c0c7adfebf6eb879d50696fd390b8aa8fcaaa0cb,True,0xf8a73b66d9d9efcc4dbbd6eeb360a43099baef2ee5477fc7e23808b695ac93bd,2026-02-17
run_20260217_222909-0192,0xcf0a66aab8001442e284b4286eeca0c7ed4e33d175f29e4a45c1d56dff0fdd43,0xcf0a66aab8001442e284b4286eeca0c7ed4e33d175f29e4a45c1d56dff0fdd43,True,0xf8a73b66d9d9efcc4dbbd6eeb360a43099baef2ee5477fc7e23808b695ac93bd,2026-02-17
run_20260217_222909-0193,0xdfbb76249c48bff2a9f9eacd9adf1e41b2b102e17e599510fce4be29f81c9ce4,0xdfbb76249c48bff2a9f9eacd9adf1e41b2b102e17e599510fce4be29f81c9ce4,True,0xf8a73b66d9d9efcc4dbbd6eeb360a43099baef2ee5477fc7e23808b695ac93bd,2026-02-17
run_20260217_222909-0194,0x89a3ae401c58c7892d8c9b4a9a89e050c1204c0ca8f34ab3ba0ed75a088edc45,0x89a3ae401c58c7892d8c9b4a9a89e050c1204c0ca8f34ab3ba0ed75a088edc45,True,0xf8a73b66d9d9efcc4dbbd6eeb360a43099baef2ee5477fc7e23808b695ac93bd,2026-02-17
run_20260217_222909-0195,0x86a310fb5ebb977e36309c7d5307af16b9a193853f5abe1a79cb67ffb528777f,0x86a310fb5ebb977e36309c7d5307af16b9a193853f5abe1a79cb67ffb528777f,True,0xf8a73b66d9d9efcc4dbbd6eeb360a43099baef2ee5477fc7e23808b695ac93bd,2026-02-17
run_20260217_222909-0196,0x18407d83190953c617ffad330b043f729252308123d9759d8f7a2d9e97bef967,0x18407d83190953c617ffad330b043f729252308123d9759d8f7a2d9e97bef967,True,0xf8a73b66d9d9efcc4dbbd6eeb360a43099baef2ee5477fc7e23808b695ac93bd,2026-02-17
run_20260217_222909-0197,0xf0cbcccfb0e0972f161bb52d940b50456e5ce3189d668bfa86236688cf7fe778,0xf0cbcccfb0e0972f161bb52d940b50456e5ce3189d668bfa86236688cf7fe778,True,0xf8a73b66d9d9efcc4dbbd6eeb360a43099baef2ee5477fc7e23808b695ac93bd,2026-02-17
run_20260217_222909-0198,0xc92c2c63a2582ef4d455af03d43b15a7c93bfc55484e3f7824744e47532da673,0xc92c2c63a2582ef4d455af03d43b15a7c93bfc55484e3f7824744e47532da673,True,0xf8a73b66d9d9efcc4dbbd6eeb360a43099baef2ee5477fc7e23808b695ac93bd,2026-02-17
run_20260217_222909-0199,0x5df2f7fcb668468b84afede379b47030d39eb18be9e4cbc9daf6c8c03f5f1727,0x5df2f7fcb668468b84afede379b47030d39eb18be9e4cbc9daf6c8c03f5f1727,True,0xf8a73b66d9d9efcc4dbbd6eeb360a43099baef2ee5477fc7e23808b695ac93bd,2026-02-17
run_20260217_222909-0200,0xd6255468ac0118c77ff8498ab545769ac54f02296713b9ca02db059a3f1fcce7,0xd6255468ac0118c77ff8498ab545769ac54f02296713b9ca02db059a3f1fcce7,True,0xf8a73b66d9d9efcc4dbbd6eeb360a43099baef2ee5477fc7e23808b695ac93bd,2026-02-17
run_20260217_222909-0201,0x1bd33af17c0c14f207888298ee44b6322dbe5fde247952661133efc0712983cc,0x1bd33af17c0c14f207888298ee44b6322dbe5fde247952661133efc0712983cc,True,0xf8a73b66d9d9efcc4dbbd6eeb360a43099baef2ee5477fc7e23808b695ac93bd,2026-02-17
run_20260217_222909-0202,0x45502e4bf6342a929b035957eeebcdda0cdb2fbc4ab31ef296493a3a08755043,0x45502e4bf6342a929b035957eeebcdda0cdb2fbc4ab31ef296493a3a08755043,True,0xf8a73b66d9d9efcc4dbbd6eeb360a43099baef2ee5477fc7e23808b695ac93bd,2026-02-17
run_20260217_222909-0203,0xf8b24666dcd6a67bf721a62c13ee37cbf89e233c1465cc35de578153a889024c,0xf8b24666dcd6a67bf721a62c13ee37cbf89e233c1465cc35de578153a889024c,True,,
run_20260217_222909-0204,0xf6f1edc884263b0af1923cfba9708ea96b5beeac4283b15d55daece4c04bc346,0xf6f1edc884263b0af1923cfba9708ea96b5beeac4283b15d55daece4c04bc346,True,0xf8a73b66d9d9efcc4dbbd6eeb360a43099baef2ee5477fc7e23808b695ac93bd,2026-02-17
run_20260217_222909-0205,0x53c13b101447579617920e4709450e5127a3de043837638357ad879908e11d07,0x53c13b101447579617920e4709450e5127a3de043837638357ad879908e11d07,True,0xf8a73b66d9d9efcc4dbbd6eeb360a43099baef2ee5477fc7e23808b695ac93bd,2026-02-17
run_20260217_222909-0206,0x8dd9ecbaedd2079fc4ebcd5a9fa3b3139c23a1ea2875e006e83dc9e8fe176c7a,0x8dd9ecbaedd2079fc4ebcd5a9fa3b3139c23a1ea2875e006e83dc9e8fe176c7a,True,0xf8a73b66d9d9efcc4dbbd6eeb360a43099baef2ee5477fc7e23808b695ac93bd,2026-02-17
run_20260217_222909-0207,0x8eb5a950c66859826eb184f650d2ef72a70d2ed1506d1b2e1419d3c3f362e8d4,0x8eb5a950c66859826eb184f650d2ef72a70d2ed1506d1b2e1419d3c3f362e8d4,True,0xf8a73b66d9d9efcc4dbbd6eeb360a43099baef2ee5477fc7e23808b695ac93bd,2026-02-17
run_20260217_222909-0208,0x7601cd1555860ce3610bd81473642e6485e775cd12a6a51225e41d18414fd83d,0x7601cd1555860ce3610bd81473642e6485e775cd12a6a51225e41d18414fd83d,True,0xf8a73b66d9d9efcc4dbbd6eeb360a43099baef2ee5477fc7e23808b695ac93bd,2026-02-17
run_20260217_222909-0209,0xa3ba2558a295a8252994643b7e9c18e2f5c65d4841816405faa5c79dc7cfd847,0xa3ba2558a295a8252994643b7e9c18e2f5c65d4841816405faa5c79dc7cfd847,True,0xf8a73b66d9d9efcc4dbbd6eeb360a43099baef2ee5477fc7e23808b695ac93bd,2026-02-17
run_20260217_222909-0210,0x03c34441c125a781543385648e854cb9188bbf51f547a3fb9be12ca8563b4c0a,0x03c34441c125a781543385648e854cb9188bbf51f547a3fb9be12ca8563b4c0a,True,0xf8a73b66d9d9efcc4dbbd6eeb360a43099baef2ee5477fc7e23808b695ac93bd,2026-02-17
run_20260217_222909-0211,0x0a5ca10be4db4461252dfd0a9f69db6a7d60fe7b8b20749cf785333b776abba6,0x0a5ca10be4db4461252dfd0a9f69db6a7d60fe7b8b20749cf785333b776abba6,True,0xf8a73b66d9d9efcc4dbbd6eeb360a43099baef2ee5477fc7e23808b695ac93bd,2026-02-17
run_20260217_222909-0212,0x97a62f441a73c6cbc4ac2155af93517a22318bae318f434105020d5df6ba1f05,0x97a62f441a73c6cbc4ac2155af93517a22318bae318f434105020d5df6ba1f05,True,0xf8a73b66d9d9efcc4dbbd6eeb360a43099baef2ee5477fc7e23808b695ac93bd,2026-02-17
run_20260217_222909-0213,0x1efcb29089cdc56046ae87075c48361fd27b1fd5339bea8588c9d552920e2f09,0x1efcb29089cdc56046ae87075c48361fd27b1fd5339bea8588c9d552920e2f09,True,0xf8a73b66d9d9efcc4dbbd6eeb360a43099baef2ee5477fc7e23808b695ac93bd,2026-02-17
run_20260217_222909-0214,0x08e581a46fdeec5f9258739f46e1ec070e911d25ebb7722eaa510ce4f368beda,0x08e581a46fdeec5f9258739f46e1ec070e911d25ebb7722eaa510ce4f368beda,True,0xf8a73b66d9d9efcc4dbbd6eeb360a43099baef2ee5477fc7e23808b695ac93bd,2026-02-17
run_20260217_222909-0215,0x28af40e35317db5544954d8f7f261dda5d6ec8366c08909885d3fa8741922fc3,0x28af40e35317db5544954d8f7f261dda5d6ec8366c08909885d3fa8741922fc3,True,0xf8a73b66d9d9efcc4dbbd6eeb360a43099baef2ee5477fc7e23808b695ac93bd,2026-02-17
run_20260217_222909-0216,0xa7c89e1d20916f6e665b7c5981652e6340feb267e19682a6b01a0ad831b0903f,0xa7c89e1d20916f6e665b7c5981652e6340feb267e19682a6b01a0ad831b0903f,True,0xf8a73b66d9d9efcc4dbbd6eeb360a43099baef2ee5477fc7e23808b695ac93bd,2026-02-17
run_20260217_222909-0217,0xd6fc7235bcd43b18d0311bea988facfcfab1420fa3e4ceb7448a563fd719f77f,0xd6fc7235bcd43b18d0311bea988facfcfab1420fa3e4ceb7448a563fd719f77f,True,0xf8a73b66d9d9efcc4dbbd6eeb360a43099baef2ee5477fc7e23808b695ac93bd,2026-02-17
run_20260217_222909-0218,0xb526a77d7f8b3eb2ad6f12beac485a5f2e4e64b364a2b0363fa0f36bb92e0edd,0xb526a77d7f8b3eb2ad6f12beac485a5f2e4e64b364a2b0363fa0f36bb92e0edd,True,0xf8a73b66d9d9efcc4dbbd6eeb360a43099baef2ee5477fc7e23808b695ac93bd,2026-02-17
run_20260217_222909-0219,0xb5385b391b627fb0644c0be2f5060ac3859601618de7d34e70d554e1099168bb,0xb5385b391b627fb0644c0be2f5060ac3859601618de7d34e70d554e1099168bb,True,0xf8a73b66d9d9efcc4dbbd6eeb360a43099baef2ee5477fc7e23808b695ac93bd,2026-02-17
run_20260217_222909-0220,0xf6d25622a57716e698a4972feba7cbb382564df70542d8100a3c6b23b5fca13c,0xf6d25622a57716e698a4972feba7cbb382564df70542d8100a3c6b23b5fca13c,True,0xf8a73b66d9d9efcc4dbbd6eeb360a43099baef2ee5477fc7e23808b695ac93bd,2026-02-17
run_20260217_222909-0221,0xdf0c826212ac8e258d1216ca067291772efb43a126decf300e5b090d9bdc8d3f,0xdf0c826212ac8e258d1216ca067291772efb43a126decf300e5b090d9bdc8d3f,True,0xf8a73b66d9d9efcc4dbbd6eeb360a43099baef2ee5477fc7e23808b695ac93bd,2026-02-17
run_20260217_222909-0222,0x2da57b58fa63d906b3f3a552e38e4895746eaa9f6f92fabe1ff6f2d397e05d36,0x2da57b58fa63d906b3f3a552e38e4895746eaa9f6f92fabe1ff6f2d397e05d36,True,0xf8a73b66d9d9efcc4dbbd6eeb360a43099baef2ee5477fc7e23808b695ac93bd,2026-02-17
run_20260217_222909-0223,0x7f1a87d7b6246caa09c906eb30f310b7c345e38c37da6ecf3dfb954883bf2c02,0x7f1a87d7b6246caa09c906eb30f310b7c345e38c37da6ecf3dfb954883bf2c02,True,0xf8a73b66d9d9efcc4dbbd6eeb360a43099baef2ee5477fc7e23808b695ac93bd,2026-02-17
run_20260217_222909-0224,0x79f0aba58ce30cd6b739a8dba2a6f3103c6a3bc952a06df25fb678895a777aa4,0x79f0aba58ce30cd6b739a8dba2a6f3103c6a3bc952a06df25fb678895a777aa4,True,0xf8a73b66d9d9efcc4dbbd6eeb360a43099baef2ee5477fc7e23808b695ac93bd,2026-02-17
run_20260217_222909-0225,0x7eef618e74965a9a346717c0f6a2b1bed04ee621dc10d68c954731b724ae1187,0x7eef618e74965a9a346717c0f6a2b1bed04ee621dc10d68c954731b724ae1187,True,0xf8a73b66d9d9efcc4dbbd6eeb360a43099baef2ee5477fc7e23808b695ac93bd,2026-02-17
run_20260217_222909-0226,0x419aaabd4b1e7b050f9b8d4d89319b22b40151eb0d253bdaec4f740155e267b8,0x419aaabd4b1e7b050f9b8d4d89319b22b40151eb0d253bdaec4f740155e267b8,True,0xf8a73b66d9d9efcc4dbbd6eeb360a43099baef2ee5477fc7e23808b695ac93bd,2026-02-17
run_20260217_222909-0227,0xf7d78438f30ef9c3917be4422894dbe49eebf4ef1ff008c91ac578d41cd5066c,0xf7d78438f30ef9c3917be4422894dbe49eebf4ef1ff008c91ac578d41cd5066c,True,0xf8a73b66d9d9efcc4dbbd6eeb360a43099baef2ee5477fc7e23808b695ac93bd,2026-02-17
run_20260217_222909-0228,0x5448eab9e1707e7c6061167034b7e355cfa0954fda5b5a0c67f1c42e4d1ea24e,0x5448eab9e1707e7c6061167034b7e355cfa0954fda5b5a0c67f1c42e4d1ea24e,True,0xf8a73b66d9d9efcc4dbbd6eeb360a43099baef2ee5477fc7e23808b695ac93bd,2026-02-17
run_20260217_222909-0229,0xf1f6e9e5d7388f0bad4b0e905ad8be3b2982efd757150b52dd1e55872e198093,0xf1f6e9e5d7388f0bad4b0e905ad8be3b2982efd757150b52dd1e55872e198093,True,0xf8a73b66d9d9efcc4dbbd6eeb360a43099baef2ee5477fc7e23808b695ac93bd,2026-02-17
run_20260217_222909-0230,0x88b5bd21261cc9a63d7814945684711bf7274ce29877781d75f53fe7f97af474,0x88b5bd21261cc9a63d7814945684711bf7274ce29877781d75f53fe7f97af474,True,0xf8a73b66d9d9efcc4dbbd6eeb360a43099baef2ee5477fc7e23808b695ac93bd,2026-02-17
run_20260217_222909-0231,0x96e912e2f9b5d1f2462d3a52fdb7d2c62702ee9a87e375af2de37188eca270a9,0x96e912e2f9b5d1f2462d3a52fdb7d2c62702ee9a87e375af2de37188eca270a9,True,0xf8a73b66d9d9efcc4dbbd6eeb360a43099baef2ee5477fc7e23808b695ac93bd,2026-02-17
run_20260217_222909-0232,0x30681a1671e3e4532a427699ed7dceb24d2977ddc4012e3afde8788c1c5c7e50,0x30681a1671e3e4532a427699ed7dceb24d2977ddc4012e3afde8788c1c5c7e50,True,0xf8a73b66d9d9efcc4dbbd6eeb360a43099baef2ee5477fc7e23808b695ac93bd,2026-02-17
run_20260217_222909-0233,0xc9b070fe0e3fe6f109b51b4b962a7de445d07f6db4a7a3713eaffbf818331c3f,0xc9b070fe0e3fe6f109b51b4b962a7de445d07f6db4a7a3713eaffbf818331c3f,True,0xf8a73b66d9d9efcc4dbbd6eeb360a43099baef2ee5477fc7e23808b695ac93bd,2026-02-17
run_20260217_222909-0234,0x09dcdaa086af14452772153ffc16ca1ca29cf4b56f2b40d2029825ec41e01356,0x09dcdaa086af14452772153ffc16ca1ca29cf4b56f2b40d2029825ec41e01356,True,0xf8a73b66d9d9efcc4dbbd6eeb360a43099baef2ee5477fc7e23808b695ac93bd,2026-02-17
run_20260217_222909-0235,0x8c8ae9121662410e0e9a571dd21b90a7c53e83101834dbbfa674dab25b1bc497,0x8c8ae9121662410e0e9a571dd21b90a7c53e83101834dbbfa674dab25b1bc497,True,0xf8a73b66d9d9efcc4dbbd6eeb360a43099baef2ee5477fc7e23808b695ac93bd,2026-02-17
run_20260217_222909-0236,0x238c83387ea1a3fc1b3bc64f715604a846d161b029eade3b4e65b46b6d86b69b,0x238c83387ea1a3fc1b3bc64f715604a846d161b029eade3b4e65b46b6d86b69b,True,0xf8a73b66d9d9efcc4dbbd6eeb360a43099baef2ee5477fc7e23808b695ac93bd,2026-02-17
run_20260217_222909-0237,0xdac34d28860ff20fddb6b8e0ce7c48c9bab3a12e9933aba1973346284250dba3,0xdac34d28860ff20fddb6b8e0ce7c48c9bab3a12e9933aba1973346284250dba3,True,0xf8a73b66d9d9efcc4dbbd6eeb360a43099baef2ee5477fc7e23808b695ac93bd,2026-02-17
run_20260217_222909-0238,0xe11d324a1df23a7ba0bee45e83c820ac9a2b1266b2892403cea468f32c226684,0xe11d324a1df23a7ba0bee45e83c820ac9a2b1266b2892403cea468f32c226684,True,0xf8a73b66d9d9efcc4dbbd6eeb360a43099baef2ee5477fc7e23808b695ac93bd,2026-02-17
run_20260217_222909-0239,0xe0e57f5200431fc70b99ae9ad3b44fbc47c21cb3a362d57f916fa57d09ce68de,0xe0e57f5200431fc70b99ae9ad3b44fbc47c21cb3a362d57f916fa57d09ce68de,True,0xf8a73b66d9d9efcc4dbbd6eeb360a43099baef2ee5477fc7e23808b695ac93bd,2026-02-17
run_20260217_222909-0240,0xe57ed2ec0da438a2d3e80a23063ebe3acb666563e5ff79e1652a5b96e540555b,0xe57ed2ec0da438a2d3e80a23063ebe3acb666563e5ff79e1652a5b96e540555b,True,0xf8a73b66d9d9efcc4dbbd6eeb360a43099baef2ee5477fc7e23808b695ac93bd,2026-02-17
run_20260217_222909-0241,0x9e3adb59db2ad7532fcf2ff709c02c2f46d41630d39c87e718bf3929550c1478,0x9e3adb59db2ad7532fcf2ff709c02c2f46d41630d39c87e718bf3929550c1478,True,0xf8a73b66d9d9efcc4dbbd6eeb360a43099baef2ee5477fc7e23808b695ac93bd,2026-02-17
run_20260217_222909-0242,0xee2bbf7019d8f1aa8fbcebd06137860e78db6685f2adfc4c6489af31f7f54042,0xee2bbf7019d8f1aa8fbcebd06137860e78db6685f2adfc4c6489af31f7f54042,True,0xf8a73b66d9d9efcc4dbbd6eeb360a43099baef2ee5477fc7e23808b695ac93bd,2026-02-17
run_20260217_222909-0243,0xdd6d0523219930a911a423b091655f7b649e7220b16b0ff72e29a6213eb96175,0xdd6d0523219930a911a423b091655f7b649e7220b16b0ff72e29a6213eb96175,True,0xf8a73b66d9d9efcc4dbbd6eeb360a43099baef2ee5477fc7e23808b695ac93bd,2026-02-17
run_20260217_222909-0244,0x0870516a40c0605e66de320ed4653f363feef1f6077c6fdfa193242a24f9a477,0x0870516a40c0605e66de320ed4653f363feef1f6077c6fdfa193242a24f9a477,True,0xf8a73b66d9d9efcc4dbbd6eeb360a43099baef2ee5477fc7e23808b695ac93bd,2026-02-17
run_20260217_222909-0245,0xee426f762c58414a6df8237f994fd1c6ea7d8138a6e2890d3b8d346884608c82,0xee426f762c58414a6df8237f994fd1c6ea7d8138a6e2890d3b8d346884608c82,True,0xf8a73b66d9d9efcc4dbbd6eeb360a43099baef2ee5477fc7e23808b695ac93bd,2026-02-17
run_20260217_222909-0246,0x3738368e99e1914b8c727c43317462c807bffabc2bda0f7c35586bdd14619a09,0x3738368e99e1914b8c727c43317462c807bffabc2bda0f7c35586bdd14619a09,True,0xf8a73b66d9d9efcc4dbbd6eeb360a43099baef2ee5477fc7e23808b695ac93bd,2026-02-17
run_20260217_222909-0247,0xba889dec23d0af4a18a876a30c4ac64e20786e4211e01c05da30ed60781551de,0xba889dec23d0af4a18a876a30c4ac64e20786e4211e01c05da30ed60781551de,True,0xf8a73b66d9d9efcc4dbbd6eeb360a43099baef2ee5477fc7e23808b695ac93bd,2026-02-17
run_20260217_222909-0248,0x5e057a0d2ac0ca600bb9949b1fa13a81ac3b5b3803d3082787c6eb9d4b0acd07,0x5e057a0d2ac0ca600bb9949b1fa13a81ac3b5b3803d3082787c6eb9d4b0acd07,True,0xf8a73b66d9d9efcc4dbbd6eeb360a43099baef2ee5477fc7e23808b695ac93bd,2026-02-17
run_20260217_222909-0249,0xdc56f7c9df501d8e1fb05487fa533c1d12f5948009f65fdfa8ed297c9b7cf20d,0xdc56f7c9df501d8e1fb05487fa533c1d12f5948009f65fdfa8ed297c9b7cf20d,True,0xf8a73b66d9d9efcc4dbbd6eeb360a43099baef2ee5477fc7e23808b695ac93bd,2026-02-17
run_20260217_222909-0250,0xe00bec3eda253bf0c37fa17fe0a0e71451ada5b4022f5bb1f38c51885b16238d,0xe00bec3eda253bf0c37fa17fe0a0e71451ada5b4022f5bb1f38c51885b16238d,True,0xf8a73b66d9d9efcc4dbbd6eeb360a43099baef2ee5477fc7e23808b695ac93bd,2026-02-17
run_20260217_222909-0251,0xd4cc45ee9967dbf71a75bea9f54256d5d762d99badcfb94692cfbea3e2ef4299,0xd4cc45ee9967dbf71a75bea9f54256d5d762d99badcfb94692cfbea3e2ef4299,True,0xf8a73b66d9d9efcc4dbbd6eeb360a43099baef2ee5477fc7e23808b695ac93bd,2026-02-17
run_20260217_222909-0252,0xcf5c530995959ab6fbfa5caeb4900da091ba2f83bc1ba1594ee5db019426eccc,0xcf5c530995959ab6fbfa5caeb4900da091ba2f83bc1ba1594ee5db019426eccc,True,0xf8a73b66d9d9efcc4dbbd6eeb360a43099baef2ee5477fc7e23808b695ac93bd,2026-02-17
run_20260217_222909-0253,0x9c1641b6acd477aa07065b5a62fd0e23989e4364b84153ba08a42bf36f9e3f2c,0x9c1641b6acd477aa07065b5a62fd0e23989e4364b84153ba08a42bf36f9e3f2c,True,0xf8a73b66d9d9efcc4dbbd6eeb360a43099baef2ee5477fc7e23808b695ac93bd,2026-02-17
run_20260217_222909-0254,0x47fcccec62e2542d03233bd157f50d2444b6c4ac20877a15ae355b9d97961e4c,0x47fcccec62e2542d03233bd157f50d2444b6c4ac20877a15ae355b9d97961e4c,True,0xf8a73b66d9d9efcc4dbbd6eeb360a43099baef2ee5477fc7e23808b695ac93bd,2026-02-17
run_20260217_222909-0255,0xfbea1db4edf93a785f2b9d668b292c27c18f628f5b76752c8d2c02c4d1934a76,0xfbea1db4edf93a785f2b9d668b292c27c18f628f5b76752c8d2c02c4d1934a76,True,0xf8a73b66d9d9efcc4dbbd6eeb360a43099baef2ee5477fc7e23808b695ac93bd,2026-02-17
run_20260217_222909-0256,0x9e0f25f0025be9cfaf79e1260d051017007166c81c6a2781e5199a73a4f2290b,0x9e0f25f0025be9cfaf79e1260d051017007166c81c6a2781e5199a73a4f2290b,True,0xf8a73b66d9d9efcc4dbbd6eeb360a43099baef2ee5477fc7e23808b695ac93bd,2026-02-17
run_20260217_222909-0257,0xbd8ef327618c0b1855481c932aeb07ac0fc1d88d055ef78049c2e46663745b38,0xbd8ef327618c0b1855481c932aeb07ac0fc1d88d055ef78049c2e46663745b38,True,0xf8a73b66d9d9efcc4dbbd6eeb360a43099baef2ee5477fc7e23808b695ac93bd,2026-02-17
run_20260217_222909-0258,0x66ff2764501878839475c5b58bfbef328aa5aaea71c736ddeacf8dfbdcb2b6be,0x66ff2764501878839475c5b58bfbef328aa5aaea71c736ddeacf8dfbdcb2b6be,True,0xf8a73b66d9d9efcc4dbbd6eeb360a43099baef2ee5477fc7e23808b695ac93bd,2026-02-17
run_20260217_222909-0259,0x861a10b58feb14bfabadd9b9764d323d5d6ad1b230d205e93c32cfa72b695eb8,0x861a10b58feb14bfabadd9b9764d323d5d6ad1b230d205e93c32cfa72b695eb8,True,0xf8a73b66d9d9efcc4dbbd6eeb360a43099baef2ee5477fc7e23808b695ac93bd,2026-02-17
run_20260217_222909-0260,0xa07a677680d8ada27a5305279a876ad8b772787ccfaf43ccfc45d22ad181eb24,0xa07a677680d8ada27a5305279a876ad8b772787ccfaf43ccfc45d22ad181eb24,True,0xf8a73b66d9d9efcc4dbbd6eeb360a43099baef2ee5477fc7e23808b695ac93bd,2026-02-17
run_20260217_222909-0261,0x9dc406d4a0978a98bf24712b899a26b9edf7d16825787c54ea09eaf6b3f725a8,0x9dc406d4a0978a98bf24712b899a26b9edf7d16825787c54ea09eaf6b3f725a8,True,0xf8a73b66d9d9efcc4dbbd6eeb360a43099baef2ee5477fc7e23808b695ac93bd,2026-02-17
run_20260217_222909-0262,0x354dbb83892442735b67f594d4aaec21924e0251eee41ae8d3657beec237c6aa,0x354dbb83892442735b67f594d4aaec21924e0251eee41ae8d3657beec237c6aa,True,0xf8a73b66d9d9efcc4dbbd6eeb360a43099baef2ee5477fc7e23808b695ac93bd,2026-02-17
run_20260217_222909-0263,0xde9f1c808ddb62cd6c5d45d62dee2d3c78fe0cf23555b70eb6f7fb74009a566d,0xde9f1c808ddb62cd6c5d45d62dee2d3c78fe0cf23555b70eb6f7fb74009a566d,True,0xf8a73b66d9d9efcc4dbbd6eeb360a43099baef2ee5477fc7e23808b695ac93bd,2026-02-17
run_20260217_222909-0264,0x6f45306266722267ead60d763c0c6b828c0d72ebe8b5ba9c45c993b2f04243e1,0x6f45306266722267ead60d763c0c6b828c0d72ebe8b5ba9c45c993b2f04243e1,True,0xf8a73b66d9d9efcc4dbbd6eeb360a43099baef2ee5477fc7e23808b695ac93bd,2026-02-17
run_20260217_222909-0265,0xa233a1901cc9c082509acbffec76672aa7a23ed2e8bb23b6dc7cf5b224166a48,0xa233a1901cc9c082509acbffec76672aa7a23ed2e8bb23b6dc7cf5b224166a48,True,0xf8a73b66d9d9efcc4dbbd6eeb360a43099baef2ee5477fc7e23808b695ac93bd,2026-02-17
run_20260217_222909-0266,0xa1708d0a316359392954d2ffcb60e1f0370bf91896e8279639b4546c94bfcb75,0xa1708d0a316359392954d2ffcb60e1f0370bf91896e8279639b4546c94bfcb75,True,0xf8a73b66d9d9efcc4dbbd6eeb360a43099baef2ee5477fc7e23808b695ac93bd,2026-02-17
run_20260217_222909-0267,0xb47c99c886c7b57594339fb4e3e0159dbd20441bb134af5ea1900be278afea40,0xb47c99c886c7b57594339fb4e3e0159dbd20441bb134af5ea1900be278afea40,True,0xf8a73b66d9d9efcc4dbbd6eeb360a43099baef2ee5477fc7e23808b695ac93bd,2026-02-17
run_20260217_222909-0268,0x74f53462177c074fe9e2fd8582b32e68ba4c7676d8e5319e083c5262e90d93e7,0x74f53462177c074fe9e2fd8582b32e68ba4c7676d8e5319e083c5262e90d93e7,True,0xf8a73b66d9d9efcc4dbbd6eeb360a43099baef2ee5477fc7e23808b695ac93bd,2026-02-17
run_20260217_222909-0269,0xbf84de4a963ab4cdaf3e5e7846b1b3566b937ecbb2e4d64e217fadf07396ff10,0xbf84de4a963ab4cdaf3e5e7846b1b3566b937ecbb2e4d64e217fadf07396ff10,True,0xf8a73b66d9d9efcc4dbbd6eeb360a43099baef2ee5477fc7e23808b695ac93bd,2026-02-17
run_20260217_222909-0270,0x2e6116711229933e056bfa7d961b40edc4499b8546088d3322a32b958ad2c084,0x2e6116711229933e056bfa7d961b40edc4499b8546088d3322a32b958ad2c084,True,0xf8a73b66d9d9efcc4dbbd6eeb360a43099baef2ee5477fc7e23808b695ac93bd,2026-02-17
run_20260217_222909-0271,0x6d88cbe0ee158f604157f663d556ea597eaed062de3a4d813e19d76281933056,0x6d88cbe0ee158f604157f663d556ea597eaed062de3a4d813e19d76281933056,True,0xf8a73b66d9d9efcc4dbbd6eeb360a43099baef2ee5477fc7e23808b695ac93bd,2026-02-17
run_20260217_222909-0272,0x1558a76e52e435cfa3f8006b7c61ca25431735ec71d05519eb2b24d40830223b,0x1558a76e52e435cfa3f8006b7c61ca25431735ec71d05519eb2b24d40830223b,True,0xf8a73b66d9d9efcc4dbbd6eeb360a43099baef2ee5477fc7e23808b695ac93bd,2026-02-17
run_20260217_222909-0273,0x313883e1d84ea1a1ad785e69e7f02907219d873bedbb0b0de1a813a4eb253e92,0x313883e1d84ea1a1ad785e69e7f02907219d873bedbb0b0de1a813a4eb253e92,True,0xf8a73b66d9d9efcc4dbbd6eeb360a43099baef2ee5477fc7e23808b695ac93bd,2026-02-17
run_20260217_222909-0274,0x9882c060c991e1344225f114ab72d2f01b5bf7741449ea1080d2da15fa6c5c35,0x9882c060c991e1344225f114ab72d2f01b5bf7741449ea1080d2da15fa6c5c35,True,0xf8a73b66d9d9efcc4dbbd6eeb360a43099baef2ee5477fc7e23808b695ac93bd,2026-02-17
run_20260217_222909-0275,0x7a5db07f8ce76a15271e0465726f36601cb6f21b5bd78947616a2bf58f96e8a3,0x7a5db07f8ce76a15271e0465726f36601cb6f21b5bd78947616a2bf58f96e8a3,True,0xf8a73b66d9d9efcc4dbbd6eeb360a43099baef2ee5477fc7e23808b695ac93bd,2026-02-17
run_20260217_222909-0276,0x6477f86a7d6fdc853e5dcb785e9305932d1eddc2af442b36f325e4beb7e2cec1,0x6477f86a7d6fdc853e5dcb785e9305932d1eddc2af442b36f325e4beb7e2cec1,True,0xf8a73b66d9d9efcc4dbbd6eeb360a43099baef2ee5477fc7e23808b695ac93bd,2026-02-17
run_20260217_222909-0277,0x3b0cb3bd254d84b71249f31a73c0a6866aad356c0a1b7bf98d95f213a9c63099,0x3b0cb3bd254d84b71249f31a73c0a6866aad356c0a1b7bf98d95f213a9c63099,True,0xf8a73b66d9d9efcc4dbbd6eeb360a43099baef2ee5477fc7e23808b695ac93bd,2026-02-17
run_20260217_222909-0278,0x3688a6ff9e9a0c68e0a9659c932a75e5d5bab2cf8ba89598ba2cd1262100a96a,0x3688a6ff9e9a0c68e0a9659c932a75e5d5bab2cf8ba89598ba2cd1262100a96a,True,0xf8a73b66d9d9efcc4dbbd6eeb360a43099baef2ee5477fc7e23808b695ac93bd,2026-02-17
run_20260217_222909-0279,0x1137adaa8ea8670aafb11c0bd9a480b0a224b74d2a5351f22c1e7913259ac9a7,0x1137adaa8ea8670aafb11c0bd9a480b0a224b74d2a5351f22c1e7913259ac9a7,True,0xf8a73b66d9d9efcc4dbbd6eeb360a43099baef2ee5477fc7e23808b695ac93bd,2026-02-17
run_20260217_222909-0280,0x325641cd8315c9e0a7e71f6fe470ad14f4021165e60b9ef4fd2aa58f98ae5b9e,0x325641cd8315c9e0a7e71f6fe470ad14f4021165e60b9ef4fd2aa58f98ae5b9e,True,0xf8a73b66d9d9efcc4dbbd6eeb360a43099baef2ee5477fc7e23808b695ac93bd,2026-02-17
run_20260217_222909-0281,0xcdf749f1034aa9e2cffe5569e39bfd5125c00dbc5854d88989d6a9536e8b212e,0xcdf749f1034aa9e2cffe5569e39bfd5125c00dbc5854d88989d6a9536e8b212e,True,0xf8a73b66d9d9efcc4dbbd6eeb360a43099baef2ee5477fc7e23808b695ac93bd,2026-02-17
run_20260217_222909-0282,0x9bc537791b098383a7d1458048be9d09f00072f968f190b4afd7d49a100b1010,0x9bc537791b098383a7d1458048be9d09f00072f968f190b4afd7d49a100b1010,True,0xf8a73b66d9d9efcc4dbbd6eeb360a43099baef2ee5477fc7e23808b695ac93bd,2026-02-17
run_20260217_222909-0283,0x4259b5c18b6f1735b4deb951e5cc6cabcc2e18de542c12c9264a3511147d98b5,0x4259b5c18b6f1735b4deb951e5cc6cabcc2e18de542c12c9264a3511147d98b5,True,0xf8a73b66d9d9efcc4dbbd6eeb360a43099baef2ee5477fc7e23808b695ac93bd,2026-02-17
run_20260217_222909-0284,0x14426cb86d5ec40973ad74b112e0e50bd0ec3197173f515f6d6e0ecd329af916,0x14426cb86d5ec40973ad74b112e0e50bd0ec3197173f515f6d6e0ecd329af916,True,0xf8a73b66d9d9efcc4dbbd6eeb360a43099baef2ee5477fc7e23808b695ac93bd,2026-02-17
run_20260217_222909-0285,0xdcaa6963c640fdd0ff42fff962a6e07e52c0e5b8adfd32d7134af191de0c493e,0xdcaa6963c640fdd0ff42fff962a6e07e52c0e5b8adfd32d7134af191de0c493e,True,0xf8a73b66d9d9efcc4dbbd6eeb360a43099baef2ee5477fc7e23808b695ac93bd,2026-02-17
run_20260217_222909-0286,0x674d9489e78c0085ad82a2f08c92f5eb25454905e398c030e690a1e3429135a1,0x674d9489e78c0085ad82a2f08c92f5eb25454905e398c030e690a1e3429135a1,True,0xf8a73b66d9d9efcc4dbbd6eeb360a43099baef2ee5477fc7e23808b695ac93bd,2026-02-17
run_20260217_222909-0287,0x80ccf31d68c36fd9bed2068d1bf8f50375db334c51bbd6005fa118dd762908ec,0x80ccf31d68c36fd9bed2068d1bf8f50375db334c51bbd6005fa118dd762908ec,True,0xf8a73b66d9d9efcc4dbbd6eeb360a43099baef2ee5477fc7e23808b695ac93bd,2026-02-17
run_20260217_222909-0288,0x77181ab8de8bbed28d1b6b3deceeb52058f1ff187be8a1ae192c2c16fa03e624,0x77181ab8de8bbed28d1b6b3deceeb52058f1ff187be8a1ae192c2c16fa03e624,True,0xf8a73b66d9d9efcc4dbbd6eeb360a43099baef2ee5477fc7e23808b695ac93bd,2026-02-17
run_20260217_222909-0289,0x3b918ac9cab25e1dd0b9ebccfe5317d5a7b16a744d537582f753006bec714547,0x3b918ac9cab25e1dd0b9ebccfe5317d5a7b16a744d537582f753006bec714547,True,0xf8a73b66d9d9efcc4dbbd6eeb360a43099baef2ee5477fc7e23808b695ac93bd,2026-02-17
run_20260217_222909-0290,0x3404a789219fc8071cefcc4f234df6bb70114a92b2987ef0230015bf7d3ab5d7,0x3404a789219fc8071cefcc4f234df6bb70114a92b2987ef0230015bf7d3ab5d7,True,0xf8a73b66d9d9efcc4dbbd6eeb360a43099baef2ee5477fc7e23808b695ac93bd,2026-02-17
run_20260217_222909-0291,0xfe69752d0536b6f0c225065d8554824d97e4fd7cb7cfc337f4dd582cd67dde83,0xfe69752d0536b6f0c225065d8554824d97e4fd7cb7cfc337f4dd582cd67dde83,True,0xf8a73b66d9d9efcc4dbbd6eeb360a43099baef2ee5477fc7e23808b695ac93bd,2026-02-17
run_20260217_222909-0292,0x3d92f076ca2e08cc126c52ae8ccb3f7c7259c25e85fb64f3e6e2ea536c00cb7f,0x3d92f076ca2e08cc126c52ae8ccb3f7c7259c25e85fb64f3e6e2ea536c00cb7f,True,0xf8a73b66d9d9efcc4dbbd6eeb360a43099baef2ee5477fc7e23808b695ac93bd,2026-02-17
run_20260217_222909-0293,0x01326b264f3199b1af880fe59f75d3e28e8c89e5d8d4bf8f6da9bb42cfc31ced,0x01326b264f3199b1af880fe59f75d3e28e8c89e5d8d4bf8f6da9bb42cfc31ced,True,0xf8a73b66d9d9efcc4dbbd6eeb360a43099baef2ee5477fc7e23808b695ac93bd,2026-02-17
run_20260217_222909-0294,0xbbd5e498ffeb42b5571a52702f7e569c5cba5f43d460ff0b07fda7a197d834e2,0xbbd5e498ffeb42b5571a52702f7e569c5cba5f43d460ff0b07fda7a197d834e2,True,0xf8a73b66d9d9efcc4dbbd6eeb360a43099baef2ee5477fc7e23808b695ac93bd,2026-02-17
run_20260217_222909-0295,0x05e934bd6b2b8fe68bfc2cb0dfda6c003a0be4a039c3a786523d6ed0522310c2,0x05e934bd6b2b8fe68bfc2cb0dfda6c003a0be4a039c3a786523d6ed0522310c2,True,0xf8a73b66d9d9efcc4dbbd6eeb360a43099baef2ee5477fc7e23808b695ac93bd,2026-02-17
run_20260217_222909-0296,0x419d8e75a35bf535ba43bb49a221d1421a0c55add161b4aa8d3d179aa3f1f8f1,0x419d8e75a35bf535ba43bb49a221d1421a0c55add161b4aa8d3d179aa3f1f8f1,True,0xf8a73b66d9d9efcc4dbbd6eeb360a43099baef2ee5477fc7e23808b695ac93bd,2026-02-17
run_20260217_222909-0297,0x7f5795f4d1fa857b94e56e0c904f08e086e719a1a034afed14f019bc10d02e44,0x7f5795f4d1fa857b94e56e0c904f08e086e719a1a034afed14f019bc10d02e44,True,0xf8a73b66d9d9efcc4dbbd6eeb360a43099baef2ee5477fc7e23808b695ac93bd,2026-02-17
run_20260217_222909-0298,0x1ed4820567ca697c15324c00bc00437dd501c8813d52d8c72ab4049628fd8068,0x1ed4820567ca697c15324c00bc00437dd501c8813d52d8c72ab4049628fd8068,True,0xf8a73b66d9d9efcc4dbbd6eeb360a43099baef2ee5477fc7e23808b695ac93bd,2026-02-17
run_20260217_222909-0299,0x7495192fdfc238bd5529fd2936d29fd517996801fc7e5145928c3177b4a81cea,0x7495192fdfc238bd5529fd2936d29fd517996801fc7e5145928c3177b4a81cea,True,0xf8a73b66d9d9efcc4dbbd6eeb360a43099baef2ee5477fc7e23808b695ac93bd,2026-02-17
run_20260217_222909-0300,0x2a7dd3989cd7862d9e05e7cb78ff6adef46f14774be916fe167559607b436275,0x2a7dd3989cd7862d9e05e7cb78ff6adef46f14774be916fe167559607b436275,True,0xf8a73b66d9d9efcc4dbbd6eeb360a43099baef2ee5477fc7e23808b695ac93bd,2026-02-17
run_20260217_222909-0301,0xcf728b531e4596eeb2c081af7cbedafb9fdb4a5f422045a236b41858b409ba37,0xcf728b531e4596eeb2c081af7cbedafb9fdb4a5f422045a236b41858b409ba37,True,0xf8a73b66d9d9efcc4dbbd6eeb360a43099baef2ee5477fc7e23808b695ac93bd,2026-02-17
run_20260217_222909-0302,0xdf4aaeb4cb1b2aa060a2f231652b9a8a47b3a6cfcd66ec0a9109fd98c6c605b5,0xdf4aaeb4cb1b2aa060a2f231652b9a8a47b3a6cfcd66ec0a9109fd98c6c605b5,True,0xf8a73b66d9d9efcc4dbbd6eeb360a43099baef2ee5477fc7e23808b695ac93bd,2026-02-17
run_20260217_222909-0303,0x4ea2adf8bd668b5434791c78577e10537c84c848b17a3dceea93e0d9d11fc93b,0x4ea2adf8bd668b5434791c78577e10537c84c848b17a3dceea93e0d9d11fc93b,True,0xf8a73b66d9d9efcc4dbbd6eeb360a43099baef2ee5477fc7e23808b695ac93bd,2026-02-17
run_20260217_222909-0304,0x2f16d96c55c33f3da2c0d8d6131c9d844e170dc180a120e93f45075ad7074c36,0x2f16d96c55c33f3da2c0d8d6131c9d844e170dc180a120e93f45075ad7074c36,True,0xf8a73b66d9d9efcc4dbbd6eeb360a43099baef2ee5477fc7e23808b695ac93bd,2026-02-17
run_20260217_222909-0305,0x261b95b6353ad5696a988aed96e7cdeb65fba644f84c5d8c1052c578e5cf96b5,0x261b95b6353ad5696a988aed96e7cdeb65fba644f84c5d8c1052c578e5cf96b5,True,0xf8a73b66d9d9efcc4dbbd6eeb360a43099baef2ee5477fc7e23808b695ac93bd,2026-02-17
run_20260217_222909-0306,0x2ad5ccf662dfd1941a5b6f4bcd340cdddbec664b8754acef381f5e8cc4b024b9,0x2ad5ccf662dfd1941a5b6f4bcd340cdddbec664b8754acef381f5e8cc4b024b9,True,0xf8a73b66d9d9efcc4dbbd6eeb360a43099baef2ee5477fc7e23808b695ac93bd,2026-02-17
run_20260217_222909-0307,0xdc3d837f1636e1c8325b7255e0911e2486e873b32f76661e4aa6c61918cef588,0xdc3d837f1636e1c8325b7255e0911e2486e873b32f76661e4aa6c61918cef588,True,0xf8a73b66d9d9efcc4dbbd6eeb360a43099baef2ee5477fc7e23808b695ac93bd,2026-02-17
run_20260217_222909-0308,0x041586faefc922593a7f554989daaf6faca974c7610587a9aea82b99aebb8f76,0x041586faefc922593a7f554989daaf6faca974c7610587a9aea82b99aebb8f76,True,0xf8a73b66d9d9efcc4dbbd6eeb360a43099baef2ee5477fc7e23808b695ac93bd,2026-02-17
run_20260217_222909-0309,0x070cd6b824ff3671853bcce4f1e8c84bfa7440b0f313f3dbc302b4386032e2ec,0x070cd6b824ff3671853bcce4f1e8c84bfa7440b0f313f3dbc302b4386032e2ec,True,0xf8a73b66d9d9efcc4dbbd6eeb360a43099baef2ee5477fc7e23808b695ac93bd,2026-02-17
run_20260217_222909-0310,0xaa07fc198b288a537b8625c9209b2565310a954fa3f5b9b1e10df70bff98efcf,0xaa07fc198b288a537b8625c9209b2565310a954fa3f5b9b1e10df70bff98efcf,True,0xf8a73b66d9d9efcc4dbbd6eeb360a43099baef2ee5477fc7e23808b695ac93bd,2026-02-17
run_20260217_222909-0311,0x9a0b7edc3bfa430ec9350b1fc45679d72f7246f8af474c38413f78434f6599fa,0x9a0b7edc3bfa430ec9350b1fc45679d72f7246f8af474c38413f78434f6599fa,True,0xf8a73b66d9d9efcc4dbbd6eeb360a43099baef2ee5477fc7e23808b695ac93bd,2026-02-17
run_20260217_222909-0312,0xedc0014bd1e12d65a34f095be8b6f414c028bcbb75f253e954133b520490de55,0xedc0014bd1e12d65a34f095be8b6f414c028bcbb75f253e954133b520490de55,True,0xf8a73b66d9d9efcc4dbbd6eeb360a43099baef2ee5477fc7e23808b695ac93bd,2026-02-17
run_20260217_222909-0313,0x46c835a831a0c824b7ee9e9243320a400ff315e4f2877cd50464794e1fbecb68,0x46c835a831a0c824b7ee9e9243320a400ff315e4f2877cd50464794e1fbecb68,True,0xf8a73b66d9d9efcc4dbbd6eeb360a43099baef2ee5477fc7e23808b695ac93bd,2026-02-17
run_20260217_222909-0314,0x41ac98263b9c5921f502b5361e677693963235c2934ac4a9f1993a60a8e640fd,0x41ac98263b9c5921f502b5361e677693963235c2934ac4a9f1993a60a8e640fd,True,0xf8a73b66d9d9efcc4dbbd6eeb360a43099baef2ee5477fc7e23808b695ac93bd,2026-02-17
run_20260217_222909-0315,0xe5e13b7f2568bf98393c4e847d456fa4316c74c26c4524870c6847029e822661,0xe5e13b7f2568bf98393c4e847d456fa4316c74c26c4524870c6847029e822661,True,0xf8a73b66d9d9efcc4dbbd6eeb360a43099baef2ee5477fc7e23808b695ac93bd,2026-02-17
run_20260217_222909-0316,0xdfb94efce9f186aafad3a6470bf0ab0ba58f249ec5f0061119b4c3edfc49b37b,0xdfb94efce9f186aafad3a6470bf0ab0ba58f249ec5f0061119b4c3edfc49b37b,True,0xf8a73b66d9d9efcc4dbbd6eeb360a43099baef2ee5477fc7e23808b695ac93bd,2026-02-17
run_20260217_222909-0317,0xc0f7f783597089276142ce59f6e087d1ec9e3b17eda29aca53df184f7582b14f,0xc0f7f783597089276142ce59f6e087d1ec9e3b17eda29aca53df184f7582b14f,True,0xf8a73b66d9d9efcc4dbbd6eeb360a43099baef2ee5477fc7e23808b695ac93bd,2026-02-17
run_20260217_222909-0318,0x71d01376a4fe3d0a5ac35da72064f6d2eed49c705110ee1a11c9547a491813d3,0x71d01376a4fe3d0a5ac35da72064f6d2eed49c705110ee1a11c9547a491813d3,True,0xf8a73b66d9d9efcc4dbbd6eeb360a43099baef2ee5477fc7e23808b695ac93bd,2026-02-17
run_20260217_222909-0319,0xe3d187b2e90ba5a04df72b87745eab77c4078f451b70c92cdc697985bcb4cfe0,0xe3d187b2e90ba5a04df72b87745eab77c4078f451b70c92cdc697985bcb4cfe0,True,0xf8a73b66d9d9efcc4dbbd6eeb360a43099baef2ee5477fc7e23808b695ac93bd,2026-02-17
run_20260217_222909-0320,0xcb5ae254ec1e88bfc337bbf40b2e3c3cf6031fd827ad7228676cf64cf8c52943,0xcb5ae254ec1e88bfc337bbf40b2e3c3cf6031fd827ad7228676cf64cf8c52943,True,0xf8a73b66d9d9efcc4dbbd6eeb360a43099baef2ee5477fc7e23808b695ac93bd,2026-02-17
run_20260217_222909-0321,0xb522fd33e53963286b354da830894d9b9919cf096929c476f143771a8d0a14f1,0xb522fd33e53963286b354da830894d9b9919cf096929c476f143771a8d0a14f1,True,0xf8a73b66d9d9efcc4dbbd6eeb360a43099baef2ee5477fc7e23808b695ac93bd,2026-02-17
run_20260217_222909-0322,0x498e83f45544e08476e7685ec6e6e65971a6aebd0247dbd6e2626570b0bd141d,0x498e83f45544e08476e7685ec6e6e65971a6aebd0247dbd6e2626570b0bd141d,True,0xf8a73b66d9d9efcc4dbbd6eeb360a43099baef2ee5477fc7e23808b695ac93bd,2026-02-17
run_20260217_222909-0323,0x94a151b7f8677f3499c4744c517ba7be1d47841f0fbe5a62277a10369635a8c7,0x94a151b7f8677f3499c4744c517ba7be1d47841f0fbe5a62277a10369635a8c7,True,0xf8a73b66d9d9efcc4dbbd6eeb360a43099baef2ee5477fc7e23808b695ac93bd,2026-02-17
run_20260217_222909-0324,0x944b35847ff32dd28e5523d108f8c2002c8531ab55bdc25b1a1e1f02d4bd9ab2,0x944b35847ff32dd28e5523d108f8c2002c8531ab55bdc25b1a1e1f02d4bd9ab2,True,0xf8a73b66d9d9efcc4dbbd6eeb360a43099baef2ee5477fc7e23808b695ac93bd,2026-02-17
run_20260217_222909-0325,0xa0a7566c500d82a1fe7be9c8608ebbeb3dfa29c23ffa3977a427d40c9f213cff,0xa0a7566c500d82a1fe7be9c8608ebbeb3dfa29c23ffa3977a427d40c9f213cff,True,0xf8a73b66d9d9efcc4dbbd6eeb360a43099baef2ee5477fc7e23808b695ac93bd,2026-02-17
run_20260217_222909-0326,0x70c8d256d13eebdc3890a2e002692f56d3b3ad08a0fef8460d0fa8ba7e771ee5,0x70c8d256d13eebdc3890a2e002692f56d3b3ad08a0fef8460d0fa8ba7e771ee5,True,0xf8a73b66d9d9efcc4dbbd6eeb360a43099baef2ee5477fc7e23808b695ac93bd,2026-02-17
run_20260217_222909-0327,0x1e5b36c0c90753a011ea8dbb7db7007971f51788ee6339a501ffbf1ae0942e4c,0x1e5b36c0c90753a011ea8dbb7db7007971f51788ee6339a501ffbf1ae0942e4c,True,0xf8a73b66d9d9efcc4dbbd6eeb360a43099baef2ee5477fc7e23808b695ac93bd,2026-02-17
run_20260217_222909-0328,0x0eeed6b1e374117fd9946848fbfc336e914df544caf60f786841ed9fbb768ffe,0x0eeed6b1e374117fd9946848fbfc336e914df544caf60f786841ed9fbb768ffe,True,0xf8a73b66d9d9efcc4dbbd6eeb360a43099baef2ee5477fc7e23808b695ac93bd,2026-02-17
run_20260217_222909-0329,0xa1e405e352721047fe4c23a80e3b57f4efdbdfa214c9131697beef9687e89ee5,0xa1e405e352721047fe4c23a80e3b57f4efdbdfa214c9131697beef9687e89ee5,True,0xf8a73b66d9d9efcc4dbbd6eeb360a43099baef2ee5477fc7e23808b695ac93bd,2026-02-17
run_20260217_222909-0330,0x48874ebe2b14952fe76e4a0f098089e23d3b70aca4876f5675e83231245f3566,0x48874ebe2b14952fe76e4a0f098089e23d3b70aca4876f5675e83231245f3566,True,0xf8a73b66d9d9efcc4dbbd6eeb360a43099baef2ee5477fc7e23808b695ac93bd,2026-02-17
run_20260217_222909-0331,0xe43e98f1f86ba7cd3a8e088801d08d0118feb69d4e3552b3faf45e514b848a4a,0xe43e98f1f86ba7cd3a8e088801d08d0118feb69d4e3552b3faf45e514b848a4a,True,0xf8a73b66d9d9efcc4dbbd6eeb360a43099baef2ee5477fc7e23808b695ac93bd,2026-02-17
run_20260217_222909-0332,0xe563b524562fc09a108f2a030a57465a7a9fdc234e64dfd78a1f7a91b5e26542,0xe563b524562fc09a108f2a030a57465a7a9fdc234e64dfd78a1f7a91b5e26542,True,0xf8a73b66d9d9efcc4dbbd6eeb360a43099baef2ee5477fc7e23808b695ac93bd,2026-02-17
run_20260217_222909-0333,0xa391507b1f5994cd92e21f9542cd6ca03c6355e4cf53528e393814a875b569d3,0xa391507b1f5994cd92e21f9542cd6ca03c6355e4cf53528e393814a875b569d3,True,0xf8a73b66d9d9efcc4dbbd6eeb360a43099baef2ee5477fc7e23808b695ac93bd,2026-02-17
run_20260217_222909-0334,0x0af950d63928a82874a737baa14fdb746714059b5e57be310b07b50d0c6508e9,0x0af950d63928a82874a737baa14fdb746714059b5e57be310b07b50d0c6508e9,True,0xf8a73b66d9d9efcc4dbbd6eeb360a43099baef2ee5477fc7e23808b695ac93bd,2026-02-17
run_20260217_222909-0335,0xe40112ceeca3863c5d7f07d0265504a637aec972a2e2741e2ab7ab001a68dc4d,0xe40112ceeca3863c5d7f07d0265504a637aec972a2e2741e2ab7ab001a68dc4d,True,0xf8a73b66d9d9efcc4dbbd6eeb360a43099baef2ee5477fc7e23808b695ac93bd,2026-02-17
run_20260217_222909-0336,0x4bd15b51917c3fde075c364e709a5caa92e7b1c5de12e181b7087e2a5a076d96,0x4bd15b51917c3fde075c364e709a5caa92e7b1c5de12e181b7087e2a5a076d96,True,0xf8a73b66d9d9efcc4dbbd6eeb360a43099baef2ee5477fc7e23808b695ac93bd,2026-02-17
run_20260217_222909-0337,0x6f7b12461642cfc4738c43d32d567205a8f7177898a1c3ec0afdf7ed9b038b60,0x6f7b12461642cfc4738c43d32d567205a8f7177898a1c3ec0afdf7ed9b038b60,True,0xf8a73b66d9d9efcc4dbbd6eeb360a43099baef2ee5477fc7e23808b695ac93bd,2026-02-17
run_20260217_222909-0338,0xdb7c1f19d6e153574ded4b3483b5287e343d26485f3f1f675704f2fa3a7541e1,0xdb7c1f19d6e153574ded4b3483b5287e343d26485f3f1f675704f2fa3a7541e1,True,0xf8a73b66d9d9efcc4dbbd6eeb360a43099baef2ee5477fc7e23808b695ac93bd,2026-02-17
run_20260217_222909-0339,0x62ade4fbc8c45abaafad9b56b08c8ad60f4c2af4f146580d152790d55deb1a8d,0x62ade4fbc8c45abaafad9b56b08c8ad60f4c2af4f146580d152790d55deb1a8d,True,0xf8a73b66d9d9efcc4dbbd6eeb360a43099baef2ee5477fc7e23808b695ac93bd,2026-02-17
run_20260217_222909-0340,0xf0847977f753f446c02b8a71c470cf3d59cb7f0a36df33ce54f12db4faaba343,0xf0847977f753f446c02b8a71c470cf3d59cb7f0a36df33ce54f12db4faaba343,True,0xf8a73b66d9d9efcc4dbbd6eeb360a43099baef2ee5477fc7e23808b695ac93bd,2026-02-17
run_20260217_222909-0341,0x9fb2f73e92150c096628e8a2696f13903b13637ad115421879b8c920fce464e1,0x9fb2f73e92150c096628e8a2696f13903b13637ad115421879b8c920fce464e1,True,0xf8a73b66d9d9efcc4dbbd6eeb360a43099baef2ee5477fc7e23808b695ac93bd,2026-02-17
run_20260217_222909-0342,0x1e6545add0b7a829fc8f127bbe438662b7f52ca57de8b9c6e920c3c39468d8fa,0x1e6545add0b7a829fc8f127bbe438662b7f52ca57de8b9c6e920c3c39468d8fa,True,0xf8a73b66d9d9efcc4dbbd6eeb360a43099baef2ee5477fc7e23808b695ac93bd,2026-02-17
run_20260217_222909-0343,0x701378efeeb9eb40108a24e8c8c90fb409da905fdc8a54212142068601f02d25,0x701378efeeb9eb40108a24e8c8c90fb409da905fdc8a54212142068601f02d25,True,0xf8a73b66d9d9efcc4dbbd6eeb360a43099baef2ee5477fc7e23808b695ac93bd,2026-02-17
run_20260217_222909-0344,0x06b2987904517ac0a7c1c49042a46eae1e6b30365db455f3a7e98434c1599c7d,0x06b2987904517ac0a7c1c49042a46eae1e6b30365db455f3a7e98434c1599c7d,True,0xf8a73b66d9d9efcc4dbbd6eeb360a43099baef2ee5477fc7e23808b695ac93bd,2026-02-17
run_20260217_222909-0345,0x9064139a08b9222864322fd57fb12d137f7754f1574f69e64c286b7bcec9373f,0x9064139a08b9222864322fd57fb12d137f7754f1574f69e64c286b7bcec9373f,True,0xf8a73b66d9d9efcc4dbbd6eeb360a43099baef2ee5477fc7e23808b695ac93bd,2026-02-17
run_20260217_222909-0346,0xd05c19d29ce1ac554f71cca74217c8d210fc5dbe6384f586268c739b4fc8e52d,0xd05c19d29ce1ac554f71cca74217c8d210fc5dbe6384f586268c739b4fc8e52d,True,0xf8a73b66d9d9efcc4dbbd6eeb360a43099baef2ee5477fc7e23808b695ac93bd,2026-02-17
run_20260217_222909-0347,0x59410e99838ef3bc10ec1da2b4c2d420238bbf43bab13ad94e48b8d6536bfaaf,0x59410e99838ef3bc10ec1da2b4c2d420238bbf43bab13ad94e48b8d6536bfaaf,True,0xf8a73b66d9d9efcc4dbbd6eeb360a43099baef2ee5477fc7e23808b695ac93bd,2026-02-17
run_20260217_222909-0348,0x42c6b95ebb32335e6ac8d0fb88244d6152d4ba411d286251c5e8c5b7cba60a38,0x42c6b95ebb32335e6ac8d0fb88244d6152d4ba411d286251c5e8c5b7cba60a38,True,0xf8a73b66d9d9efcc4dbbd6eeb360a43099baef2ee5477fc7e23808b695ac93bd,2026-02-17
run_20260217_222909-0349,0xc4a627f4f1165f1490e0dc3ba147985cc07c78520e3b566d68c07dab065d71d2,0xc4a627f4f1165f1490e0dc3ba147985cc07c78520e3b566d68c07dab065d71d2,True,0xf8a73b66d9d9efcc4dbbd6eeb360a43099baef2ee5477fc7e23808b695ac93bd,2026-02-17
run_20260217_222909-0350,0xbda59387bb423bfde9fe263d3fbfbcf1133cbb53ce08b2b7df1c568e84fb699d,0xbda59387bb423bfde9fe263d3fbfbcf1133cbb53ce08b2b7df1c568e84fb699d,True,0xf8a73b66d9d9efcc4dbbd6eeb360a43099baef2ee5477fc7e23808b695ac93bd,2026-02-17
run_20260217_222909-0351,0xe2a01902bdf55b7e483329ea93530653b86d6e5de2b35c4dfa73287986724209,0xe2a01902bdf55b7e483329ea93530653b86d6e5de2b35c4dfa73287986724209,True,0xf8a73b66d9d9efcc4dbbd6eeb360a43099baef2ee5477fc7e23808b695ac93bd,2026-02-17
run_20260217_222909-0352,0x7cef0a7161ec3eed6c5ae5455e9ef315cc124d05d7c4438502480e2c7a86f0ab,0x7cef0a7161ec3eed6c5ae5455e9ef315cc124d05d7c4438502480e2c7a86f0ab,True,0xf8a73b66d9d9efcc4dbbd6eeb360a43099baef2ee5477fc7e23808b695ac93bd,2026-02-17
run_20260217_222909-0353,0x884ff5885ec5a7c9dc487d23061c4e05a89928b8970f4839287b16884bb5dab0,0x884ff5885ec5a7c9dc487d23061c4e05a89928b8970f4839287b16884bb5dab0,True,0xf8a73b66d9d9efcc4dbbd6eeb360a43099baef2ee5477fc7e23808b695ac93bd,2026-02-17
run_20260217_222909-0354,0x3bcc1b704c32f8779d0cf6947c947c62d2210048ed0be83e278f60d43c63a56a,0x3bcc1b704c32f8779d0cf6947c947c62d2210048ed0be83e278f60d43c63a56a,True,0xf8a73b66d9d9efcc4dbbd6eeb360a43099baef2ee5477fc7e23808b695ac93bd,2026-02-17
run_20260217_222909-0355,0x3565e92c226e5422ec7c0eaa76cc6b17777322e356aed006871c8bd32dfb1e79,0x3565e92c226e5422ec7c0eaa76cc6b17777322e356aed006871c8bd32dfb1e79,True,0xf8a73b66d9d9efcc4dbbd6eeb360a43099baef2ee5477fc7e23808b695ac93bd,2026-02-17
run_20260217_222909-0356,0x0faecf0f912896a521c39fc660eda7ac24b3863303dd4ed22b4ab55652702e8a,0x0faecf0f912896a521c39fc660eda7ac24b3863303dd4ed22b4ab55652702e8a,True,0xf8a73b66d9d9efcc4dbbd6eeb360a43099baef2ee5477fc7e23808b695ac93bd,2026-02-17
run_20260217_222909-0357,0xe93823b3e2b44e9549f99f5652a779cf9239f259a911c6465ee38bd468523187,0xe93823b3e2b44e9549f99f5652a779cf9239f259a911c6465ee38bd468523187,True,0xf8a73b66d9d9efcc4dbbd6eeb360a43099baef2ee5477fc7e23808b695ac93bd,2026-02-17
run_20260217_222909-0358,0x9d1654ab4f0856359a396c769c378b09e4fe572dab8c3ab1846a191f241b57a4,0x9d1654ab4f0856359a396c769c378b09e4fe572dab8c3ab1846a191f241b57a4,True,0xf8a73b66d9d9efcc4dbbd6eeb360a43099baef2ee5477fc7e23808b695ac93bd,2026-02-17
run_20260217_222909-0359,0x12542cd41e9e2edd1d7e97ebaf8e74f52a7e60b259b163cb8830adb051fa9f67,0x12542cd41e9e2edd1d7e97ebaf8e74f52a7e60b259b163cb8830adb051fa9f67,True,0xf8a73b66d9d9efcc4dbbd6eeb360a43099baef2ee5477fc7e23808b695ac93bd,2026-02-17
run_20260217_222909-0360,0x41c38bbadd9f32a32a13d16cf4bcc3e6f5e4f1b5b00a9906d48e3fc7a269b46c,0x41c38bbadd9f32a32a13d16cf4bcc3e6f5e4f1b5b00a9906d48e3fc7a269b46c,True,0xf8a73b66d9d9efcc4dbbd6eeb360a43099baef2ee5477fc7e23808b695ac93bd,2026-02-17
run_20260217_222909-0361,0xbf5861ca6695d49398b2e504b7a7b0df52374d4ca736c98767497350a0d66fd3,0xbf5861ca6695d49398b2e504b7a7b0df52374d4ca736c98767497350a0d66fd3,True,0xf8a73b66d9d9efcc4dbbd6eeb360a43099baef2ee5477fc7e23808b695ac93bd,2026-02-17
run_20260217_222909-0362,0x7dc840afa90e01438a418f0d7a98bd2fc29f62504dc4d1c96f6fd9a561d7268f,0x7dc840afa90e01438a418f0d7a98bd2fc29f62504dc4d1c96f6fd9a561d7268f,True,0xf8a73b66d9d9efcc4dbbd6eeb360a43099baef2ee5477fc7e23808b695ac93bd,2026-02-17
run_20260217_222909-0363,0x37b81096b6d7eaab3e48944e1677c2dbeb96219a6393e5dbc108db4a0cd01364,0x37b81096b6d7eaab3e48944e1677c2dbeb96219a6393e5dbc108db4a0cd01364,True,0xf8a73b66d9d9efcc4dbbd6eeb360a43099baef2ee5477fc7e23808b695ac93bd,2026-02-17
run_20260217_222909-0364,0xe14976ccb0f3ad6be372609b748e1b92db9fcc8b4a312f850860b1f8b29d0878,0xe14976ccb0f3ad6be372609b748e1b92db9fcc8b4a312f850860b1f8b29d0878,True,0xf8a73b66d9d9efcc4dbbd6eeb360a43099baef2ee5477fc7e23808b695ac93bd,2026-02-17
run_20260217_222909-0365,0x2f60b15cc73d05bbf2264e22b0965421caf9c7966e9e2f4ff1d859ed166c91c6,0x2f60b15cc73d05bbf2264e22b0965421caf9c7966e9e2f4ff1d859ed166c91c6,True,0xf8a73b66d9d9efcc4dbbd6eeb360a43099baef2ee5477fc7e23808b695ac93bd,2026-02-17
run_20260217_222909-0366,0xb8e2916bc54c5061d92cc9b3b08d8d19c878c98ea7a753e0d7baeaa39c2cec52,0xb8e2916bc54c5061d92cc9b3b08d8d19c878c98ea7a753e0d7baeaa39c2cec52,True,0xf8a73b66d9d9efcc4dbbd6eeb360a43099baef2ee5477fc7e23808b695ac93bd,2026-02-17
run_20260217_222909-0367,0xcac2b38d88bd148d4ccaa148312914aab47c8eecd80591db17907a09f03274cf,0xcac2b38d88bd148d4ccaa148312914aab47c8eecd80591db17907a09f03274cf,True,0xf8a73b66d9d9efcc4dbbd6eeb360a43099baef2ee5477fc7e23808b695ac93bd,2026-02-17
run_20260217_222909-0368,0x84b13f85bd2ee4ca8ee1076941390cedcfb6456473232911beba4d2feb86d305,0x84b13f85bd2ee4ca8ee1076941390cedcfb6456473232911beba4d2feb86d305,True,0xf8a73b66d9d9efcc4dbbd6eeb360a43099baef2ee5477fc7e23808b695ac93bd,2026-02-17
run_20260217_222909-0369,0xf20453548801c672a4443118b1b336e2424e7ac5f5eadc20bdbd039da36b902e,0xf20453548801c672a4443118b1b336e2424e7ac5f5eadc20bdbd039da36b902e,True,0xf8a73b66d9d9efcc4dbbd6eeb360a43099baef2ee5477fc7e23808b695ac93bd,2026-02-17
run_20260217_222909-0370,0x387a49b034d6fc525f5bc09f2ff61ae9a99ec16cf8f758ef36d58d648a263234,0x387a49b034d6fc525f5bc09f2ff61ae9a99ec16cf8f758ef36d58d648a263234,True,0xf8a73b66d9d9efcc4dbbd6eeb360a43099baef2ee5477fc7e23808b695ac93bd,2026-02-17
run_20260217_222909-0371,0x1c0b36d6031329fff220b4023bb6b510f36c67a47e8ee32286f40070da38dca7,0x1c0b36d6031329fff220b4023bb6b510f36c67a47e8ee32286f40070da38dca7,True,0xf8a73b66d9d9efcc4dbbd6eeb360a43099baef2ee5477fc7e23808b695ac93bd,2026-02-17
run_20260217_222909-0372,0xe7230655e60887acffce5a618fe4da1b1e8006f1b0b75bb6cd7f86915863c1f5,0xe7230655e60887acffce5a618fe4da1b1e8006f1b0b75bb6cd7f86915863c1f5,True,0xf8a73b66d9d9efcc4dbbd6eeb360a43099baef2ee5477fc7e23808b695ac93bd,2026-02-17
run_20260217_222909-0373,0x331d319bd5bc90d12c3c6714ef3c42d89a57b4774c31b3999c8f6b16abb5c2f6,0x331d319bd5bc90d12c3c6714ef3c42d89a57b4774c31b3999c8f6b16abb5c2f6,True,0xf8a73b66d9d9efcc4dbbd6eeb360a43099baef2ee5477fc7e23808b695ac93bd,2026-02-17
run_20260217_222909-0374,0xdf1b7df6a926396d9aac2f3bc855f94cb73c0c2a5e90693849709f0ee5dea2fb,0xdf1b7df6a926396d9aac2f3bc855f94cb73c0c2a5e90693849709f0ee5dea2fb,True,0xf8a73b66d9d9efcc4dbbd6eeb360a43099baef2ee5477fc7e23808b695ac93bd,2026-02-17
run_20260217_222909-0375,0x186dd8812e2b202a8bb7969d3e008281e8434ab934e79bedb601d59e0b770c75,0x186dd8812e2b202a8bb7969d3e008281e8434ab934e79bedb601d59e0b770c75,True,0xf8a73b66d9d9efcc4dbbd6eeb360a43099baef2ee5477fc7e23808b695ac93bd,2026-02-17
run_20260217_222909-0376,0xcaa60e3455be6a2655b0b57be3a33a28b32adaff99b9be9a3b5a81271934b6dd,0xcaa60e3455be6a2655b0b57be3a33a28b32adaff99b9be9a3b5a81271934b6dd,True,0xf8a73b66d9d9efcc4dbbd6eeb360a43099baef2ee5477fc7e23808b695ac93bd,2026-02-17
run_20260217_222909-0377,0x1190c6a30dbd68fb99146579da33bd7dd1f93e981de226e395a4c25860730866,0x1190c6a30dbd68fb99146579da33bd7dd1f93e981de226e395a4c25860730866,True,0xf8a73b66d9d9efcc4dbbd6eeb360a43099baef2ee5477fc7e23808b695ac93bd,2026-02-17
run_20260217_222909-0378,0xc1183bcdd4c244cf764b7e2c97febe35ee3d4ce482ab55f24cde6533511bacd4,0xc1183bcdd4c244cf764b7e2c97febe35ee3d4ce482ab55f24cde6533511bacd4,True,0xf8a73b66d9d9efcc4dbbd6eeb360a43099baef2ee5477fc7e23808b695ac93bd,2026-02-17
run_20260217_222909-0379,0x682e61aac98e83cd549e7476a5a60caaabdde6e4a35a560d07b1a7142291c1ab,0x682e61aac98e83cd549e7476a5a60caaabdde6e4a35a560d07b1a7142291c1ab,True,0xf8a73b66d9d9efcc4dbbd6eeb360a43099baef2ee5477fc7e23808b695ac93bd,2026-02-17
run_20260217_222909-0380,0x35f47486c13ccabbf50e10f99bae95b4d1fbb6b845f7c347002383c0cbcd55d2,0x35f47486c13ccabbf50e10f99bae95b4d1fbb6b845f7c347002383c0cbcd55d2,True,0xf8a73b66d9d9efcc4dbbd6eeb360a43099baef2ee5477fc7e23808b695ac93bd,2026-02-17
run_20260217_222909-0381,0x9d7a4f51f3d73c20a0746d6f1cd854c89dd273764e846bcbb725b20babfe82da,0x9d7a4f51f3d73c20a0746d6f1cd854c89dd273764e846bcbb725b20babfe82da,True,0xf8a73b66d9d9efcc4dbbd6eeb360a43099baef2ee5477fc7e23808b695ac93bd,2026-02-17
run_20260217_222909-0382,0x66ec23854faacf03d9baea10e75a01642e23434a757e8fb5fc55b408c8689a81,0x66ec23854faacf03d9baea10e75a01642e23434a757e8fb5fc55b408c8689a81,True,0xf8a73b66d9d9efcc4dbbd6eeb360a43099baef2ee5477fc7e23808b695ac93bd,2026-02-17
run_20260217_222909-0383,0x4198e198370c3226c218c1220ae79bbc731fb1a59b33a0feb442c2b300c94053,0x4198e198370c3226c218c1220ae79bbc731fb1a59b33a0feb442c2b300c94053,True,0xf8a73b66d9d9efcc4dbbd6eeb360a43099baef2ee5477fc7e23808b695ac93bd,2026-02-17
run_20260217_222909-0384,0xb19ae145ecffa34e1c09c406de20f865a9981fe22514e2d35abb745ce6421b50,0xb19ae145ecffa34e1c09c406de20f865a9981fe22514e2d35abb745ce6421b50,True,0xf8a73b66d9d9efcc4dbbd6eeb360a43099baef2ee5477fc7e23808b695ac93bd,2026-02-17
run_20260217_222909-0385,0x1ef2bb6f721d4d835ba661015b325bb5054dbd0e3fb52071f03e41c87fb0a64b,0x1ef2bb6f721d4d835ba661015b325bb5054dbd0e3fb52071f03e41c87fb0a64b,True,0xf8a73b66d9d9efcc4dbbd6eeb360a43099baef2ee5477fc7e23808b695ac93bd,2026-02-17
run_20260217_222909-0386,0xdd3a2e85f24bd9166bcc21c13620916720b08e860c5f58cf012d920e7e371f6b,0xdd3a2e85f24bd9166bcc21c13620916720b08e860c5f58cf012d920e7e371f6b,True,0xf8a73b66d9d9efcc4dbbd6eeb360a43099baef2ee5477fc7e23808b695ac93bd,2026-02-17
run_20260217_222909-0387,0xa0f8b57477f0856019844844a8a292b8dc2ef7bcc3bfe25c93b9e56cda4bb019,0xa0f8b57477f0856019844844a8a292b8dc2ef7bcc3bfe25c93b9e56cda4bb019,True,0xf8a73b66d9d9efcc4dbbd6eeb360a43099baef2ee5477fc7e23808b695ac93bd,2026-02-17
run_20260217_222909-0388,0x1a7608568da6ada06e89c36a40100abc3ab936b53aa52fa2ce76535e961b9bb2,0x1a7608568da6ada06e89c36a40100abc3ab936b53aa52fa2ce76535e961b9bb2,True,0xf8a73b66d9d9efcc4dbbd6eeb360a43099baef2ee5477fc7e23808b695ac93bd,2026-02-17
run_20260217_222909-0389,0xa2d6d3e9d8b97266ede1cf00a43d7ad329b393bdc96aa8af30a0f8d76d32c4d9,0xa2d6d3e9d8b97266ede1cf00a43d7ad329b393bdc96aa8af30a0f8d76d32c4d9,True,0xf8a73b66d9d9efcc4dbbd6eeb360a43099baef2ee5477fc7e23808b695ac93bd,2026-02-17
run_20260217_222909-0390,0xfab3c93a01bec8b7993c0349405d8014f1c0b1965331bf2974502468a6c9f55f,0xfab3c93a01bec8b7993c0349405d8014f1c0b1965331bf2974502468a6c9f55f,True,0xf8a73b66d9d9efcc4dbbd6eeb360a43099baef2ee5477fc7e23808b695ac93bd,2026-02-17
run_20260217_222909-0391,0x21d5686592617cde305d723b44a25d22927c5f2463c2958272d2f2ae892d855d,0x21d5686592617cde305d723b44a25d22927c5f2463c2958272d2f2ae892d855d,True,0xf8a73b66d9d9efcc4dbbd6eeb360a43099baef2ee5477fc7e23808b695ac93bd,2026-02-17
run_20260217_222909-0392,0x96b973eb0d03c1149b78d351dd4772693bde24c741f693837af0c8b1cabe6377,0x96b973eb0d03c1149b78d351dd4772693bde24c741f693837af0c8b1cabe6377,True,0xf8a73b66d9d9efcc4dbbd6eeb360a43099baef2ee5477fc7e23808b695ac93bd,2026-02-17
run_20260217_222909-0393,0xd7ed103d760c921181b971e3b546099eba6b3630f23ba5c8ca1bb3c766232fed,0xd7ed103d760c921181b971e3b546099eba6b3630f23ba5c8ca1bb3c766232fed,True,0xf8a73b66d9d9efcc4dbbd6eeb360a43099baef2ee5477fc7e23808b695ac93bd,2026-02-17
run_20260217_222909-0394,0x8cad1cac07725ec3410b10cadb92380e9de57dd8c2ede38e851fa910f8ca3f6f,0x8cad1cac07725ec3410b10cadb92380e9de57dd8c2ede38e851fa910f8ca3f6f,True,0xf8a73b66d9d9efcc4dbbd6eeb360a43099baef2ee5477fc7e23808b695ac93bd,2026-02-17
run_20260217_222909-0395,0xba9684fa19496fb5ac45c0acc7c52f41ba1e57d62371b32854dff745c989b3f8,0xba9684fa19496fb5ac45c0acc7c52f41ba1e57d62371b32854dff745c989b3f8,True,0xf8a73b66d9d9efcc4dbbd6eeb360a43099baef2ee5477fc7e23808b695ac93bd,2026-02-17
run_20260217_222909-0396,0xf0d176c3e52fb5a12157b29c52a37865e2239cff11e5cad2a954cab56e797e10,0xf0d176c3e52fb5a12157b29c52a37865e2239cff11e5cad2a954cab56e797e10,True,0xf8a73b66d9d9efcc4dbbd6eeb360a43099baef2ee5477fc7e23808b695ac93bd,2026-02-17
run_20260217_222909-0397,0x7e2c42fb492e121bd9c1b6a13b3b2fa9c8080de3b06d4b1419ceaf8e99ec2afc,0x7e2c42fb492e121bd9c1b6a13b3b2fa9c8080de3b06d4b1419ceaf8e99ec2afc,True,0xf8a73b66d9d9efcc4dbbd6eeb360a43099baef2ee5477fc7e23808b695ac93bd,2026-02-17
run_20260217_222909-0398,0x075940e5ad31033c1ac60394fce551f5c7d9216836e523d0506b3dc4c9434197,0x075940e5ad31033c1ac60394fce551f5c7d9216836e523d0506b3dc4c9434197,True,0xf8a73b66d9d9efcc4dbbd6eeb360a43099baef2ee5477fc7e23808b695ac93bd,2026-02-17
run_20260217_222909-0399,0x199b529b24e2fad4b7563d69efb031a9ba2b771e814fefc488129434641dde04,0x199b529b24e2fad4b7563d69efb031a9ba2b771e814fefc488129434641dde04,True,0xf8a73b66d9d9efcc4dbbd6eeb360a43099baef2ee5477fc7e23808b695ac93bd,2026-02-17
run_20260217_222909-0400,0x842f7a74ff4d108e03f905f85b169f06c81b38f04099902ef025f76b79aec69b,0x842f7a74ff4d108e03f905f85b169f06c81b38f04099902ef025f76b79aec69b,True,0xf8a73b66d9d9efcc4dbbd6eeb360a43099baef2ee5477fc7e23808b695ac93bd,2026-02-17
run_20260217_222909-0401,0xf0a5cc03ae6248a96ed223d53a3ad4b9c223d83554df7debee0257b6352cd3f8,0xf0a5cc03ae6248a96ed223d53a3ad4b9c223d83554df7debee0257b6352cd3f8,True,0xf8a73b66d9d9efcc4dbbd6eeb360a43099baef2ee5477fc7e23808b695ac93bd,2026-02-17
run_20260217_222909-0402,0x2d6287b69d262437937175537ce129b2569923be86c0a11e67e6fb55cc7f3323,0x2d6287b69d262437937175537ce129b2569923be86c0a11e67e6fb55cc7f3323,True,0xf8a73b66d9d9efcc4dbbd6eeb360a43099baef2ee5477fc7e23808b695ac93bd,2026-02-17
run_20260217_222909-0403,0x7b5e3c48a4bdcf44c450841e21b7eb6bad15f6bb93a253603f136389bf81350d,0x7b5e3c48a4bdcf44c450841e21b7eb6bad15f6bb93a253603f136389bf81350d,True,0xf8a73b66d9d9efcc4dbbd6eeb360a43099baef2ee5477fc7e23808b695ac93bd,2026-02-17
run_20260217_222909-0404,0x629782f2306705316dbc4b4583814c16ac270848bfde39c0376132ec7d47c702,0x629782f2306705316dbc4b4583814c16ac270848bfde39c0376132ec7d47c702,True,0xf8a73b66d9d9efcc4dbbd6eeb360a43099baef2ee5477fc7e23808b695ac93bd,2026-02-17
run_20260217_222909-0405,0x61a737984aabcd22996e91b936bb42a44ce4a60d36dd9cdbd71860edef847f46,0x61a737984aabcd22996e91b936bb42a44ce4a60d36dd9cdbd71860edef847f46,True,0xf8a73b66d9d9efcc4dbbd6eeb360a43099baef2ee5477fc7e23808b695ac93bd,2026-02-17
run_20260217_222909-0406,0x868373aebbd5ea3e0188ad600581a0a370d2bbe978b249d7cce70fa885609a62,0x868373aebbd5ea3e0188ad600581a0a370d2bbe978b249d7cce70fa885609a62,True,0xf8a73b66d9d9efcc4dbbd6eeb360a43099baef2ee5477fc7e23808b695ac93bd,2026-02-17
run_20260217_222909-0407,0x9542b5126cde939ab06e089deaa5fbf41950dace8d0d11f12e08470e8abcd08d,0x9542b5126cde939ab06e089deaa5fbf41950dace8d0d11f12e08470e8abcd08d,True,0xf8a73b66d9d9efcc4dbbd6eeb360a43099baef2ee5477fc7e23808b695ac93bd,2026-02-17
run_20260217_222909-0408,0x487c1574b947cd6ae1487fc6809c58e6d3c906de699f6bdb9ad19ccb5a879dab,0x487c1574b947cd6ae1487fc6809c58e6d3c906de699f6bdb9ad19ccb5a879dab,True,0xf8a73b66d9d9efcc4dbbd6eeb360a43099baef2ee5477fc7e23808b695ac93bd,2026-02-17
run_20260217_222909-0409,0x71bd513da8b0fdb835476bbdbc29328bdcc3aae712a0f59b8c4c134ba7e8e561,0x71bd513da8b0fdb835476bbdbc29328bdcc3aae712a0f59b8c4c134ba7e8e561,True,0xf8a73b66d9d9efcc4dbbd6eeb360a43099baef2ee5477fc7e23808b695ac93bd,2026-02-17
run_20260217_222909-0410,0x724ab4b0fe02988a5d34d24b3df7fc6f5ea389b3f424fb2596d8855ee5edbcd5,0x724ab4b0fe02988a5d34d24b3df7fc6f5ea389b3f424fb2596d8855ee5edbcd5,True,0xf8a73b66d9d9efcc4dbbd6eeb360a43099baef2ee5477fc7e23808b695ac93bd,2026-02-17
run_20260217_222909-0411,0xa05042f2ecf8bc095a87476952e5b84ce4f07a1c82975159d471a513bc044693,0xa05042f2ecf8bc095a87476952e5b84ce4f07a1c82975159d471a513bc044693,True,0xf8a73b66d9d9efcc4dbbd6eeb360a43099baef2ee5477fc7e23808b695ac93bd,2026-02-17
run_20260217_222909-0412,0x7819e3af29a8c024b32d76916d61288bea772efc36aa81c2b57fec05ccdca7dc,0x7819e3af29a8c024b32d76916d61288bea772efc36aa81c2b57fec05ccdca7dc,True,0xf8a73b66d9d9efcc4dbbd6eeb360a43099baef2ee5477fc7e23808b695ac93bd,2026-02-17
run_20260217_222909-0413,0xa82b7ab350d226ed0083292f11b0f1587b5b054d33b3c9f062b303991c46953c,0xa82b7ab350d226ed0083292f11b0f1587b5b054d33b3c9f062b303991c46953c,True,0xf8a73b66d9d9efcc4dbbd6eeb360a43099baef2ee5477fc7e23808b695ac93bd,2026-02-17
run_20260217_222909-0414,0x5d7a1d6b514060247f7e147e2cdc24bf0252e29191f16b41b2caa7661d619b27,0x5d7a1d6b514060247f7e147e2cdc24bf0252e29191f16b41b2caa7661d619b27,True,0xf8a73b66d9d9efcc4dbbd6eeb360a43099baef2ee5477fc7e23808b695ac93bd,2026-02-17
run_20260217_222909-0415,0x339a6c96931d370ca583704e663fedc4c6b7746ea5578c22d532a4fa2b224fa6,0x339a6c96931d370ca583704e663fedc4c6b7746ea5578c22d532a4fa2b224fa6,True,0xf8a73b66d9d9efcc4dbbd6eeb360a43099baef2ee5477fc7e23808b695ac93bd,2026-02-17
run_20260217_222909-0416,0x55cf8c00c7d05e9697062299a162c292af814476336dadc42bf514ec397a2be5,0x55cf8c00c7d05e9697062299a162c292af814476336dadc42bf514ec397a2be5,True,0xf8a73b66d9d9efcc4dbbd6eeb360a43099baef2ee5477fc7e23808b695ac93bd,2026-02-17
run_20260217_222909-0417,0x4ec2830d16e130a6bc407c65f204f75c6022c73f06804e7ebdc95bb4a275b278,0x4ec2830d16e130a6bc407c65f204f75c6022c73f06804e7ebdc95bb4a275b278,True,0xf8a73b66d9d9efcc4dbbd6eeb360a43099baef2ee5477fc7e23808b695ac93bd,2026-02-17
run_20260217_222909-0418,0x34d773230b120bd13cce6325222186f572e893de9b146797b36f737ea0940b05,0x34d773230b120bd13cce6325222186f572e893de9b146797b36f737ea0940b05,True,0xf8a73b66d9d9efcc4dbbd6eeb360a43099baef2ee5477fc7e23808b695ac93bd,2026-02-17
run_20260217_222909-0419,0xae3a6d20c1adb1c8ad90da975f75884fb4d2bde15ce04b8a5ae10657a8369f54,0xae3a6d20c1adb1c8ad90da975f75884fb4d2bde15ce04b8a5ae10657a8369f54,True,0xf8a73b66d9d9efcc4dbbd6eeb360a43099baef2ee5477fc7e23808b695ac93bd,2026-02-17
run_20260217_222909-0420,0xe4e935d5220ce910918de53830ce4df3e598608704a986723035be3e0ceb1912,0xe4e935d5220ce910918de53830ce4df3e598608704a986723035be3e0ceb1912,True,0xf8a73b66d9d9efcc4dbbd6eeb360a43099baef2ee5477fc7e23808b695ac93bd,2026-02-17
run_20260217_222909-0421,0x5de11fd588fc38983cecba4b2b60d739900e3b2433c04c7a758ff09db79c2ce7,0x5de11fd588fc38983cecba4b2b60d739900e3b2433c04c7a758ff09db79c2ce7,True,0xf8a73b66d9d9efcc4dbbd6eeb360a43099baef2ee5477fc7e23808b695ac93bd,2026-02-17
run_20260217_222909-0422,0x1118b4885a65343f0875e5ace50ccad7d652638452d36158b93b627919423ff7,0x1118b4885a65343f0875e5ace50ccad7d652638452d36158b93b627919423ff7,True,0xf8a73b66d9d9efcc4dbbd6eeb360a43099baef2ee5477fc7e23808b695ac93bd,2026-02-17
run_20260217_222909-0423,0xad36ebede60d4ed1e7452dee7e4a2788bcba2c4f9961d93e1e4554d1dfaecc63,0xad36ebede60d4ed1e7452dee7e4a2788bcba2c4f9961d93e1e4554d1dfaecc63,True,0xf8a73b66d9d9efcc4dbbd6eeb360a43099baef2ee5477fc7e23808b695ac93bd,2026-02-17
run_20260217_222909-0424,0x9c62a05c3d71fddf93c895f18b7bc804a3a34dcf7110b53a46bab30072719a10,0x9c62a05c3d71fddf93c895f18b7bc804a3a34dcf7110b53a46bab30072719a10,True,0xf8a73b66d9d9efcc4dbbd6eeb360a43099baef2ee5477fc7e23808b695ac93bd,2026-02-17
run_20260217_222909-0425,0x7087dd27d009a827adb26f6d160a098e2d4ee76726a12fd9f50060ee9ee7cf4f,0x7087dd27d009a827adb26f6d160a098e2d4ee76726a12fd9f50060ee9ee7cf4f,True,0xf8a73b66d9d9efcc4dbbd6eeb360a43099baef2ee5477fc7e23808b695ac93bd,2026-02-17
run_20260217_222909-0426,0x6cdee39735003005e38467ba1b8ac1a398481530b4bbd24e8f0ce2d8239618ec,0x6cdee39735003005e38467ba1b8ac1a398481530b4bbd24e8f0ce2d8239618ec,True,0xf8a73b66d9d9efcc4dbbd6eeb360a43099baef2ee5477fc7e23808b695ac93bd,2026-02-17
run_20260217_222909-0427,0x252c013ee084b32b1d525ddd7f3a1cbf74cb7443c38e0044ae25f4d47bde308b,0x252c013ee084b32b1d525ddd7f3a1cbf74cb7443c38e0044ae25f4d47bde308b,True,0xf8a73b66d9d9efcc4dbbd6eeb360a43099baef2ee5477fc7e23808b695ac93bd,2026-02-17
run_20260217_222909-0428,0x665876478ee685cf5545be9846755610c7dd2bc5e9d495147b0b6a06b79dcac2,0x665876478ee685cf5545be9846755610c7dd2bc5e9d495147b0b6a06b79dcac2,True,0xf8a73b66d9d9efcc4dbbd6eeb360a43099baef2ee5477fc7e23808b695ac93bd,2026-02-17
run_20260217_222909-0429,0x8253b53b941968d2577c03867ab60ee5b3fa1fb183d2bd206d5a3c7fbd0a7185,0x8253b53b941968d2577c03867ab60ee5b3fa1fb183d2bd206d5a3c7fbd0a7185,True,0xf8a73b66d9d9efcc4dbbd6eeb360a43099baef2ee5477fc7e23808b695ac93bd,2026-02-17
run_20260217_222909-0430,0xd5e15985006119a850e9e9897ab082c08dcd6ce57785ac544c69e3ef243054ae,0xd5e15985006119a850e9e9897ab082c08dcd6ce57785ac544c69e3ef243054ae,True,0xf8a73b66d9d9efcc4dbbd6eeb360a43099baef2ee5477fc7e23808b695ac93bd,2026-02-17
run_20260217_222909-0431,0x65f2424b232384454d111991df5eeb5f41bebf5f98820127a1154ecda138990e,0x65f2424b232384454d111991df5eeb5f41bebf5f98820127a1154ecda138990e,True,0xf8a73b66d9d9efcc4dbbd6eeb360a43099baef2ee5477fc7e23808b695ac93bd,2026-02-17
run_20260217_222909-0432,0xf58262cf981c6231f0ee19df83d6066290b0133a8ec3fb81086599dfaac9fa3a,0xf58262cf981c6231f0ee19df83d6066290b0133a8ec3fb81086599dfaac9fa3a,True,0xf8a73b66d9d9efcc4dbbd6eeb360a43099baef2ee5477fc7e23808b695ac93bd,2026-02-17
run_20260217_222909-0433,0xbd721b7f7bb0f30ce6aced73e18f13710bef0b49ee0c585f5b641d29c392a735,0xbd721b7f7bb0f30ce6aced73e18f13710bef0b49ee0c585f5b641d29c392a735,True,0xf8a73b66d9d9efcc4dbbd6eeb360a43099baef2ee5477fc7e23808b695ac93bd,2026-02-17
run_20260217_222909-0434,0x7588c28e7c6272e07d0bdec36b16c242c721d9ac98f820b758b2095c6b83943b,0x7588c28e7c6272e07d0bdec36b16c242c721d9ac98f820b758b2095c6b83943b,True,0xf8a73b66d9d9efcc4dbbd6eeb360a43099baef2ee5477fc7e23808b695ac93bd,2026-02-17
run_20260217_222909-0435,0x2fdab8b0bea4e0f9a967e78e7c3afc60d6aef3ed61b0cef39d97bcfd3149e1c2,0x2fdab8b0bea4e0f9a967e78e7c3afc60d6aef3ed61b0cef39d97bcfd3149e1c2,True,0xf8a73b66d9d9efcc4dbbd6eeb360a43099baef2ee5477fc7e23808b695ac93bd,2026-02-17
run_20260217_222909-0436,0x52c1a34685aacd24693b56253862dd2d526a9fdeed6a61d0f9e7c26e07e79437,0x52c1a34685aacd24693b56253862dd2d526a9fdeed6a61d0f9e7c26e07e79437,True,0xf8a73b66d9d9efcc4dbbd6eeb360a43099baef2ee5477fc7e23808b695ac93bd,2026-02-17
run_20260217_222909-0437,0x5416344b5fd9147ef7c4184aa168c5505640a6633c5e28adf0edececd2e1a5f5,0x5416344b5fd9147ef7c4184aa168c5505640a6633c5e28adf0edececd2e1a5f5,True,0xf8a73b66d9d9efcc4dbbd6eeb360a43099baef2ee5477fc7e23808b695ac93bd,2026-02-17
run_20260217_222909-0438,0x41183d7a5a15789de2054be325f5dd7ac81af0f2642a5547cf42d6d76f81546c,0x41183d7a5a15789de2054be325f5dd7ac81af0f2642a5547cf42d6d76f81546c,True,0xf8a73b66d9d9efcc4dbbd6eeb360a43099baef2ee5477fc7e23808b695ac93bd,2026-02-17
run_20260217_222909-0439,0x6eecf262d4dc013aae6bfe35036af6500d1716104f9efbf06ffcd312dbb97eb8,0x6eecf262d4dc013aae6bfe35036af6500d1716104f9efbf06ffcd312dbb97eb8,True,0xf8a73b66d9d9efcc4dbbd6eeb360a43099baef2ee5477fc7e23808b695ac93bd,2026-02-17
run_20260217_222909-0440,0xa20faebb4e9daf028447aaa18654a5c2f3326f7d69a0f14ae39dca24fb9fbc29,0xa20faebb4e9daf028447aaa18654a5c2f3326f7d69a0f14ae39dca24fb9fbc29,True,0xf8a73b66d9d9efcc4dbbd6eeb360a43099baef2ee5477fc7e23808b695ac93bd,2026-02-17
run_20260217_222909-0441,0x15c7e3cbf8b3a018d233a2373e18a40720f43291d34df584aa6fed6cad7c4761,0x15c7e3cbf8b3a018d233a2373e18a40720f43291d34df584aa6fed6cad7c4761,True,0xf8a73b66d9d9efcc4dbbd6eeb360a43099baef2ee5477fc7e23808b695ac93bd,2026-02-17
run_20260217_222909-0442,0x69063c4a5520d7ed08c06be194766f69b8bfb663cab9cce7bb8fb5dfa9aa266f,0x69063c4a5520d7ed08c06be194766f69b8bfb663cab9cce7bb8fb5dfa9aa266f,True,0xf8a73b66d9d9efcc4dbbd6eeb360a43099baef2ee5477fc7e23808b695ac93bd,2026-02-17
run_20260217_222909-0443,0x5591c9992d1e9576d8373b4b05d8f4810745966d091ea35578c2dcafef3c6740,0x5591c9992d1e9576d8373b4b05d8f4810745966d091ea35578c2dcafef3c6740,True,0xf8a73b66d9d9efcc4dbbd6eeb360a43099baef2ee5477fc7e23808b695ac93bd,2026-02-17
run_20260217_222909-0444,0x8a82a6c43079b594ffc36b097ae47bbca906cb49399cccfa85598dfa40213303,0x8a82a6c43079b594ffc36b097ae47bbca906cb49399cccfa85598dfa40213303,True,0xf8a73b66d9d9efcc4dbbd6eeb360a43099baef2ee5477fc7e23808b695ac93bd,2026-02-17
run_20260217_222909-0445,0x946ddd1078d96fb4fdb4370a23db7da19c0ae5af48bf0c3681737c6a602371cd,0x946ddd1078d96fb4fdb4370a23db7da19c0ae5af48bf0c3681737c6a602371cd,True,0xf8a73b66d9d9efcc4dbbd6eeb360a43099baef2ee5477fc7e23808b695ac93bd,2026-02-17
run_20260217_222909-0446,0x13fbf5d6f61b3b38f0c42730c41a9196adb567b89881ba2c461fe12c921f3fa5,0x13fbf5d6f61b3b38f0c42730c41a9196adb567b89881ba2c461fe12c921f3fa5,True,0xf8a73b66d9d9efcc4dbbd6eeb360a43099baef2ee5477fc7e23808b695ac93bd,2026-02-17
run_20260217_222909-0447,0x51e0b0ffb217827f796bf32b29d467ebf908e8c12364fcedc9310a057176a351,0x51e0b0ffb217827f796bf32b29d467ebf908e8c12364fcedc9310a057176a351,True,0xf8a73b66d9d9efcc4dbbd6eeb360a43099baef2ee5477fc7e23808b695ac93bd,2026-02-17
run_20260217_222909-0448,0xd7ce318279dee8be364b9602d9903cff41a85ceab3d0d529a4282da425990c50,0xd7ce318279dee8be364b9602d9903cff41a85ceab3d0d529a4282da425990c50,True,0xf8a73b66d9d9efcc4dbbd6eeb360a43099baef2ee5477fc7e23808b695ac93bd,2026-02-17
run_20260217_222909-0449,0x4c9630cb90c47aa719554c3042ec511457ddac8c709708c48bfe03493e5287f4,0x4c9630cb90c47aa719554c3042ec511457ddac8c709708c48bfe03493e5287f4,True,0xf8a73b66d9d9efcc4dbbd6eeb360a43099baef2ee5477fc7e23808b695ac93bd,2026-02-17
run_20260217_222909-0450,0x2a454eaa301625911f83cdc749d7900374f05237c1c059ee22e844984dabc1af,0x2a454eaa301625911f83cdc749d7900374f05237c1c059ee22e844984dabc1af,True,0xf8a73b66d9d9efcc4dbbd6eeb360a43099baef2ee5477fc7e23808b695ac93bd,2026-02-17
run_20260217_222909-0451,0x9a3fe6f26974c0c0412d55abddbc6fb77cc8919a8446756dea48c8ea60f49c4a,0x9a3fe6f26974c0c0412d55abddbc6fb77cc8919a8446756dea48c8ea60f49c4a,True,0xf8a73b66d9d9efcc4dbbd6eeb360a43099baef2ee5477fc7e23808b695ac93bd,2026-02-17
run_20260217_222909-0452,0x115aecb394f398d20a24a49cad65c3a64827fd5feff1aa58dbcfc12e7fa609a9,0x115aecb394f398d20a24a49cad65c3a64827fd5feff1aa58dbcfc12e7fa609a9,True,0xf8a73b66d9d9efcc4dbbd6eeb360a43099baef2ee5477fc7e23808b695ac93bd,2026-02-17
run_20260217_222909-0453,0xc35f3b398040414532800cb11981a08fd3d1b0c06cada84cecd183930120d1b8,0xc35f3b398040414532800cb11981a08fd3d1b0c06cada84cecd183930120d1b8,True,0xf8a73b66d9d9efcc4dbbd6eeb360a43099baef2ee5477fc7e23808b695ac93bd,2026-02-17
run_20260217_222909-0454,0x769f8ff67baf43594f36a85a3d6552f99bdf092c106e6d6397bbfcf7633f26d9,0x769f8ff67baf43594f36a85a3d6552f99bdf092c106e6d6397bbfcf7633f26d9,True,0xf8a73b66d9d9efcc4dbbd6eeb360a43099baef2ee5477fc7e23808b695ac93bd,2026-02-17
run_20260217_222909-0455,0x75e2b5cec1d008d644b5a749e88d5ce577cd0584c440d44816a3d48fbc5c2c4f,0x75e2b5cec1d008d644b5a749e88d5ce577cd0584c440d44816a3d48fbc5c2c4f,True,0xf8a73b66d9d9efcc4dbbd6eeb360a43099baef2ee5477fc7e23808b695ac93bd,2026-02-17
run_20260217_222909-0456,0x97225b0d91aabc32e0cc119f8b34312d46822946bbc12bd8ab5764fde9140071,0x97225b0d91aabc32e0cc119f8b34312d46822946bbc12bd8ab5764fde9140071,True,0xf8a73b66d9d9efcc4dbbd6eeb360a43099baef2ee5477fc7e23808b695ac93bd,2026-02-17
run_20260217_222909-0457,0x2bcfabb6e686c90ac92fe189e158171e3d052ff47542b7ea9431ef3ac23d419c,0x2bcfabb6e686c90ac92fe189e158171e3d052ff47542b7ea9431ef3ac23d419c,True,0xf8a73b66d9d9efcc4dbbd6eeb360a43099baef2ee5477fc7e23808b695ac93bd,2026-02-17
run_20260217_222909-0458,0x72d3485b0a57b42d313e30b86e8820cedb6eb70de222720cca648310aeed1cae,0x72d3485b0a57b42d313e30b86e8820cedb6eb70de222720cca648310aeed1cae,True,0xf8a73b66d9d9efcc4dbbd6eeb360a43099baef2ee5477fc7e23808b695ac93bd,2026-02-17
run_20260217_222909-0459,0x3a4d08d5ccffaa59cc8d7d840e1c6a14bfbf1724a9448eb4ad12d3ca77711a4c,0x3a4d08d5ccffaa59cc8d7d840e1c6a14bfbf1724a9448eb4ad12d3ca77711a4c,True,0xf8a73b66d9d9efcc4dbbd6eeb360a43099baef2ee5477fc7e23808b695ac93bd,2026-02-17
run_20260217_222909-0460,0x0571719e8d1aaf1facdc77c51dce9fc1be8ae80ba711ee04d1dbd4828a4624aa,0x0571719e8d1aaf1facdc77c51dce9fc1be8ae80ba711ee04d1dbd4828a4624aa,True,0xf8a73b66d9d9efcc4dbbd6eeb360a43099baef2ee5477fc7e23808b695ac93bd,2026-02-17
run_20260217_222909-0461,0x62ca9f6a198f338196d689e0e2027b98843f98fb3080b319d4626f2cbf389088,0x62ca9f6a198f338196d689e0e2027b98843f98fb3080b319d4626f2cbf389088,True,0xf8a73b66d9d9efcc4dbbd6eeb360a43099baef2ee5477fc7e23808b695ac93bd,2026-02-17
run_20260217_222909-0462,0x71a5fc4115e06d7df0a75ed64fa44c28e35ec113ada1e634bf85ceab61aaae2d,0x71a5fc4115e06d7df0a75ed64fa44c28e35ec113ada1e634bf85ceab61aaae2d,True,0xf8a73b66d9d9efcc4dbbd6eeb360a43099baef2ee5477fc7e23808b695ac93bd,2026-02-17
run_20260217_222909-0463,0xfe3d6c5ada80301f4cf10a926308c5a548aa0fa4fefd4107a419241d918a4e0d,0xfe3d6c5ada80301f4cf10a926308c5a548aa0fa4fefd4107a419241d918a4e0d,True,0xf8a73b66d9d9efcc4dbbd6eeb360a43099baef2ee5477fc7e23808b695ac93bd,2026-02-17
run_20260217_222909-0464,0x3069974d362cbfc7f2e3ad152a39a36bf1c1b5eb9b40ab70f60690d7ebb5cc72,0x3069974d362cbfc7f2e3ad152a39a36bf1c1b5eb9b40ab70f60690d7ebb5cc72,True,0xf8a73b66d9d9efcc4dbbd6eeb360a43099baef2ee5477fc7e23808b695ac93bd,2026-02-17
run_20260217_222909-0465,0x7cfb4288f032974ce38e210619f0a0a80841b13785a3d8daa0f58342ee7def4e,0x7cfb4288f032974ce38e210619f0a0a80841b13785a3d8daa0f58342ee7def4e,True,0xf8a73b66d9d9efcc4dbbd6eeb360a43099baef2ee5477fc7e23808b695ac93bd,2026-02-17
run_20260217_222909-0466,0xd6c62324e2fdb68b7e6c0c89031c9f8d12cd7adb8af895fd4ff5571917a76be6,0xd6c62324e2fdb68b7e6c0c89031c9f8d12cd7adb8af895fd4ff5571917a76be6,True,0xf8a73b66d9d9efcc4dbbd6eeb360a43099baef2ee5477fc7e23808b695ac93bd,2026-02-17
run_20260217_222909-0467,0xddf8fc07aab67b57baa6202ddc272e43db73e86aa84b6c8ba72740f601bcc5a7,0xddf8fc07aab67b57baa6202ddc272e43db73e86aa84b6c8ba72740f601bcc5a7,True,0xf8a73b66d9d9efcc4dbbd6eeb360a43099baef2ee5477fc7e23808b695ac93bd,2026-02-17
run_20260217_222909-0468,0xb84f229ab4d987f2775f4cb28658f2dd0ae363344b2d089c3d1d4c6063f1a523,0xb84f229ab4d987f2775f4cb28658f2dd0ae363344b2d089c3d1d4c6063f1a523,True,0xf8a73b66d9d9efcc4dbbd6eeb360a43099baef2ee5477fc7e23808b695ac93bd,2026-02-17
run_20260217_222909-0469,0xfafbd7a52f51bc7f8de9fd9d83cf3ad59221a9eeced03f80b4dd69f29ac280fd,0xfafbd7a52f51bc7f8de9fd9d83cf3ad59221a9eeced03f80b4dd69f29ac280fd,True,0xf8a73b66d9d9efcc4dbbd6eeb360a43099baef2ee5477fc7e23808b695ac93bd,2026-02-17
run_20260217_222909-0470,0x0516ab9cbacd01e0fe7e93f9d656dbd99a844cc1c08feb8ba0a01eff43fbdb35,0x0516ab9cbacd01e0fe7e93f9d656dbd99a844cc1c08feb8ba0a01eff43fbdb35,True,0xf8a73b66d9d9efcc4dbbd6eeb360a43099baef2ee5477fc7e23808b695ac93bd,2026-02-17
run_20260217_222909-0471,0xd4028dd4230b4eeb6fe0c041bd97e94261e8c6f254136fad19a63ad0bf0f76e6,0xd4028dd4230b4eeb6fe0c041bd97e94261e8c6f254136fad19a63ad0bf0f76e6,True,0xf8a73b66d9d9efcc4dbbd6eeb360a43099baef2ee5477fc7e23808b695ac93bd,2026-02-17
run_20260217_222909-0472,0xaec6ab87e29819b721ba4ab8e479254caed21a20777eb9f91be78843770d356a,0xaec6ab87e29819b721ba4ab8e479254caed21a20777eb9f91be78843770d356a,True,0xf8a73b66d9d9efcc4dbbd6eeb360a43099baef2ee5477fc7e23808b695ac93bd,2026-02-17
run_20260217_222909-0473,0xeca134cc5a37ed1a7992a248a2056692c0d30aba174cd86cbcdcb46808b4d0e6,0xeca134cc5a37ed1a7992a248a2056692c0d30aba174cd86cbcdcb46808b4d0e6,True,0xf8a73b66d9d9efcc4dbbd6eeb360a43099baef2ee5477fc7e23808b695ac93bd,2026-02-17
run_20260217_222909-0474,0x55da1aef19352493c6dbc9630d37d567282771e6518e40d74db686ebc7a71b67,0x55da1aef19352493c6dbc9630d37d567282771e6518e40d74db686ebc7a71b67,True,0xf8a73b66d9d9efcc4dbbd6eeb360a43099baef2ee5477fc7e23808b695ac93bd,2026-02-17
run_20260217_222909-0475,0xf1346b32d5f697c4750bae4901f1404548f79d89f161d2bcfbda11078eeaf707,0xf1346b32d5f697c4750bae4901f1404548f79d89f161d2bcfbda11078eeaf707,True,0xf8a73b66d9d9efcc4dbbd6eeb360a43099baef2ee5477fc7e23808b695ac93bd,2026-02-17
run_20260217_222909-0476,0x5310c823039dedda4cc164cccecee27c404ead2d4749396e76b11cb3cc92a9e9,0x5310c823039dedda4cc164cccecee27c404ead2d4749396e76b11cb3cc92a9e9,True,0xf8a73b66d9d9efcc4dbbd6eeb360a43099baef2ee5477fc7e23808b695ac93bd,2026-02-17
run_20260217_222909-0477,0x848a1ded28f9f0c639f0366acf707e0678e4120af825fc7a7af82e64042d79b8,0x848a1ded28f9f0c639f0366acf707e0678e4120af825fc7a7af82e64042d79b8,True,0xf8a73b66d9d9efcc4dbbd6eeb360a43099baef2ee5477fc7e23808b695ac93bd,2026-02-17
run_20260217_222909-0478,0x2a377fc11ddb22d6adbdacecbb4660904d1b979a79bfb07a8b1f2f7ff84a0eb0,0x2a377fc11ddb22d6adbdacecbb4660904d1b979a79bfb07a8b1f2f7ff84a0eb0,True,0xf8a73b66d9d9efcc4dbbd6eeb360a43099baef2ee5477fc7e23808b695ac93bd,2026-02-17
run_20260217_222909-0479,0x3480c8365a610a44dac9732c34b7c2b0f80158ebed885861480e553d55907594,0x3480c8365a610a44dac9732c34b7c2b0f80158ebed885861480e553d55907594,True,0xf8a73b66d9d9efcc4dbbd6eeb360a43099baef2ee5477fc7e23808b695ac93bd,2026-02-17
run_20260217_222909-0480,0xc182eea4c2b6d5fd9011bdf8e1213a7dc849f6eb53405dc21b88077bea17401d,0xc182eea4c2b6d5fd9011bdf8e1213a7dc849f6eb53405dc21b88077bea17401d,True,0xf8a73b66d9d9efcc4dbbd6eeb360a43099baef2ee5477fc7e23808b695ac93bd,2026-02-17
run_20260217_222909-0481,0xf1c81c5c01bae903907370e742a6f5f331d209da93c9c54ff4048252ca8c0763,0xf1c81c5c01bae903907370e742a6f5f331d209da93c9c54ff4048252ca8c0763,True,0xf8a73b66d9d9efcc4dbbd6eeb360a43099baef2ee5477fc7e23808b695ac93bd,2026-02-17
run_20260217_222909-0482,0x0598d398cfc9db1901794877419dc5cff5fd3a232101af8e3ba3b801ef6e9858,0x0598d398cfc9db1901794877419dc5cff5fd3a232101af8e3ba3b801ef6e9858,True,0xf8a73b66d9d9efcc4dbbd6eeb360a43099baef2ee5477fc7e23808b695ac93bd,2026-02-17
run_20260217_222909-0483,0xb7df1fb6888dbc7f35a9bb84c3058500d137c07776a4a586db80b6b9324d7e73,0xb7df1fb6888dbc7f35a9bb84c3058500d137c07776a4a586db80b6b9324d7e73,True,0xf8a73b66d9d9efcc4dbbd6eeb360a43099baef2ee5477fc7e23808b695ac93bd,2026-02-17
run_20260217_222909-0484,0x6430b13ef141e21bf973ce0b304de62ca540d50c22c8d48932fe304415fafd6e,0x6430b13ef141e21bf973ce0b304de62ca540d50c22c8d48932fe304415fafd6e,True,0xf8a73b66d9d9efcc4dbbd6eeb360a43099baef2ee5477fc7e23808b695ac93bd,2026-02-17
run_20260217_222909-0485,0x9ae6414ed8ad537e2e8a6cb9fb24341e7bd150251075873b706371dacd63586c,0x9ae6414ed8ad537e2e8a6cb9fb24341e7bd150251075873b706371dacd63586c,True,0xf8a73b66d9d9efcc4dbbd6eeb360a43099baef2ee5477fc7e23808b695ac93bd,2026-02-17
run_20260217_222909-0486,0x6a0a56014daf923fe6fa8313ffe68be481fe607be5d41d0dea093b861f767f8b,0x6a0a56014daf923fe6fa8313ffe68be481fe607be5d41d0dea093b861f767f8b,True,0xf8a73b66d9d9efcc4dbbd6eeb360a43099baef2ee5477fc7e23808b695ac93bd,2026-02-17
run_20260217_222909-0487,0x8b789652995bfaac0d3800f6033d8dfa510ae5d148d9eaa58c9c2442b80cc89c,0x8b789652995bfaac0d3800f6033d8dfa510ae5d148d9eaa58c9c2442b80cc89c,True,0xf8a73b66d9d9efcc4dbbd6eeb360a43099baef2ee5477fc7e23808b695ac93bd,2026-02-17
run_20260217_222909-0488,0x5657c337310187e2c73f65b83e92016bdc4cb5cdd9c21a7c6a6050788ae43dfe,0x5657c337310187e2c73f65b83e92016bdc4cb5cdd9c21a7c6a6050788ae43dfe,True,0xf8a73b66d9d9efcc4dbbd6eeb360a43099baef2ee5477fc7e23808b695ac93bd,2026-02-17
run_20260217_222909-0489,0xefe4c7d3448998f1845294ad44b25505036d3de73e11d52ff88d08ac46c3bb46,0xefe4c7d3448998f1845294ad44b25505036d3de73e11d52ff88d08ac46c3bb46,True,0xf8a73b66d9d9efcc4dbbd6eeb360a43099baef2ee5477fc7e23808b695ac93bd,2026-02-17
run_20260217_222909-0490,0x9b60ff555468ee3214476f9f5f20f172a499c8e162127be62afdd4b4d2c445e5,0x9b60ff555468ee3214476f9f5f20f172a499c8e162127be62afdd4b4d2c445e5,True,0xf8a73b66d9d9efcc4dbbd6eeb360a43099baef2ee5477fc7e23808b695ac93bd,2026-02-17
run_20260217_222909-0491,0xddfbbf9018f9dd4039925278fbb735eaa73d4bb83a2be15ec068a46e56961b13,0xddfbbf9018f9dd4039925278fbb735eaa73d4bb83a2be15ec068a46e56961b13,True,0xf8a73b66d9d9efcc4dbbd6eeb360a43099baef2ee5477fc7e23808b695ac93bd,2026-02-17
run_20260217_222909-0492,0x589e39fc91a9d5d1b8b7d2643d88ec12cccb729057231801f6c70e82e9460310,0x589e39fc91a9d5d1b8b7d2643d88ec12cccb729057231801f6c70e82e9460310,True,0xf8a73b66d9d9efcc4dbbd6eeb360a43099baef2ee5477fc7e23808b695ac93bd,2026-02-17
run_20260217_222909-0493,0x3dd3647292536ce895f404bbec981f60f6fe3b4c5b92a33c7fc015cbf9072b55,0x3dd3647292536ce895f404bbec981f60f6fe3b4c5b92a33c7fc015cbf9072b55,True,0xf8a73b66d9d9efcc4dbbd6eeb360a43099baef2ee5477fc7e23808b695ac93bd,2026-02-17
run_20260217_222909-0494,0x0c16b1ad103792d0b579602944c574c2c54f956e274405ff50d919e18d4cd132,0x0c16b1ad103792d0b579602944c574c2c54f956e274405ff50d919e18d4cd132,True,0xf8a73b66d9d9efcc4dbbd6eeb360a43099baef2ee5477fc7e23808b695ac93bd,2026-02-17
run_20260217_222909-0495,0x7c0de0ca68aa805909aa66ba383c99d2771ef5cfb1b2f05e1dff0804b045d6e3,0x7c0de0ca68aa805909aa66ba383c99d2771ef5cfb1b2f05e1dff0804b045d6e3,True,0xf8a73b66d9d9efcc4dbbd6eeb360a43099baef2ee5477fc7e23808b695ac93bd,2026-02-17
run_20260217_222909-0496,0x87e34c5f9d2a44c1441c8807a4d31550fb99b5b502eb59b5d3615237082bc909,0x87e34c5f9d2a44c1441c8807a4d31550fb99b5b502eb59b5d3615237082bc909,True,0xf8a73b66d9d9efcc4dbbd6eeb360a43099baef2ee5477fc7e23808b695ac93bd,2026-02-17
run_20260217_222909-0497,0x111354a5b94af9f9c462b5a23e928448cfd70723cf535793138c7d0389ba0e88,0x111354a5b94af9f9c462b5a23e928448cfd70723cf535793138c7d0389ba0e88,True,0xf8a73b66d9d9efcc4dbbd6eeb360a43099baef2ee5477fc7e23808b695ac93bd,2026-02-17
run_20260217_222909-0498,0xb6767b9540533399002a328f3fc9dd73f6bce43c8e8008108413fe669340aed7,0xb6767b9540533399002a328f3fc9dd73f6bce43c8e8008108413fe669340aed7,True,0xf8a73b66d9d9efcc4dbbd6eeb360a43099baef2ee5477fc7e23808b695ac93bd,2026-02-17
run_20260217_222909-0499,0xd7c849e339169842535227b50924d17c7281c04749884c1652f77fe192cb671b,0xd7c849e339169842535227b50924d17c7281c04749884c1652f77fe192cb671b,True,0xf8a73b66d9d9efcc4dbbd6eeb360a43099baef2ee5477fc7e23808b695ac93bd,2026-02-17
run_20260217_222909-0500,0x1f84ffd0b2165cf74c2db88ddeb85f24d59c1537cc2d29147e69462e2083e46d,0x1f84ffd0b2165cf74c2db88ddeb85f24d59c1537cc2d29147e69462e2083e46d,True,0xf8a73b66d9d9efcc4dbbd6eeb360a43099baef2ee5477fc7e23808b695ac93bd,2026-02-17
sess-001,0x9404874cc7f81cedb4dbd7bb989838567e076ac85ed6740b449f19b238a9b115,0x9404874cc7f81cedb4dbd7bb989838567e076ac85ed6740b449f19b238a9b115,True,0x400582786e9d2acef6dedd6416cd1ce74183a5469ab51fe2fcf6087e24a4852c,2025-10-05
synth-0001,0x648b2b14ba1f6a304a719ef27654f951821940bbc2f5f56b73b0115ebe48de7b,0x648b2b14ba1f6a304a719ef27654f951821940bbc2f5f56b73b0115ebe48de7b,True,0xc00d3f8b46064c083d87e98ddef97a02d0442af27f4b0ba77f75614449107152,2026-02-04
synth-0002,0x1412dfd9ad11790bf5041da7b87175d4ae380a2d7db1bdedd0f22ec5374a3efa,0x1412dfd9ad11790bf5041da7b87175d4ae380a2d7db1bdedd0f22ec5374a3efa,True,0xc00d3f8b46064c083d87e98ddef97a02d0442af27f4b0ba77f75614449107152,2026-02-04
synth-0003,0x36be0dd22f42cea792108b552cd4d9e169e7f531bcc3971815e9de470ffdfe3d,0x36be0dd22f42cea792108b552cd4d9e169e7f531bcc3971815e9de470ffdfe3d,True,0xc00d3f8b46064c083d87e98ddef97a02d0442af27f4b0ba77f75614449107152,2026-02-04
synth-0004,0x28b0e9feca07e97968a7d38b5dcb52a121b4ab71bbbdba88752f68a0868ca13c,0x28b0e9feca07e97968a7d38b5dcb52a121b4ab71bbbdba88752f68a0868ca13c,True,0xc00d3f8b46064c083d87e98ddef97a02d0442af27f4b0ba77f75614449107152,2026-02-04
synth-0005,0xd45e965bfccf1f2003fd0280b2723572238e87a1ec06345cec87873b3846c616,0xd45e965bfccf1f2003fd0280b2723572238e87a1ec06345cec87873b3846c616,True,0xc00d3f8b46064c083d87e98ddef97a02d0442af27f4b0ba77f75614449107152,2026-02-04
synth-0006,0xc1d85e5e8c05135ddc040c0df5195f653b4e7c42836369cbc9f551624242b1a8,0xc1d85e5e8c05135ddc040c0df5195f653b4e7c42836369cbc9f551624242b1a8,True,0xc00d3f8b46064c083d87e98ddef97a02d0442af27f4b0ba77f75614449107152,2026-02-04
synth-0007,0x579442010bf40596d81455aa1a4d58209669b9aad961e8147e44c93c848c8e35,0x579442010bf40596d81455aa1a4d58209669b9aad961e8147e44c93c848c8e35,True,0xc00d3f8b46064c083d87e98ddef97a02d0442af27f4b0ba77f75614449107152,2026-02-04
synth-0008,0x1966a05d1f14bbd1cf761730dd28be1605ce41cb93ef215c9b037736ad57cef8,0x1966a05d1f14bbd1cf761730dd28be1605ce41cb93ef215c9b037736ad57cef8,True,0xc00d3f8b46064c083d87e98ddef97a02d0442af27f4b0ba77f75614449107152,2026-02-04
synth-0009,0x8344292552dcd1ac38566d822f0788dae2a5ece845f5556892f470ca45a348d4,0x8344292552dcd1ac38566d822f0788dae2a5ece845f5556892f470ca45a348d4,True,0xc00d3f8b46064c083d87e98ddef97a02d0442af27f4b0ba77f75614449107152,2026-02-04
synth-0010,0x75bd1194d7a801b4923a2be4d0685733289ac3136b641f7a411a6df2340ae867,0x75bd1194d7a801b4923a2be4d0685733289ac3136b641f7a411a6df2340ae867,True,0xc00d3f8b46064c083d87e98ddef97a02d0442af27f4b0ba77f75614449107152,2026-02-04
synth-0011,0x63a282f8e98b3672bbb86ec0bdb823d99a78fc799585dc4bbecec19a01dacf5d,0x63a282f8e98b3672bbb86ec0bdb823d99a78fc799585dc4bbecec19a01dacf5d,True,0xc00d3f8b46064c083d87e98ddef97a02d0442af27f4b0ba77f75614449107152,2026-02-04
synth-0012,0xcfae85be94881ed0e4b1db9569ac54b24ee9baf5ba2f4fe89f0fa4b359e739f7,0xcfae85be94881ed0e4b1db9569ac54b24ee9baf5ba2f4fe89f0fa4b359e739f7,True,0xc00d3f8b46064c083d87e98ddef97a02d0442af27f4b0ba77f75614449107152,2026-02-04
synth-0013,0x1907ad559b47c18cbb86c15750cd12a67b9af86f2150986d3b5f1e77da5aff1b,0x1907ad559b47c18cbb86c15750cd12a67b9af86f2150986d3b5f1e77da5aff1b,True,0xc00d3f8b46064c083d87e98ddef97a02d0442af27f4b0ba77f75614449107152,2026-02-04
synth-0014,0x8886b2c5cb5ed02b0864caa1eeaf49e832cd3944fb7e8db32b65bfd25017ac0b,0x8886b2c5cb5ed02b0864caa1eeaf49e832cd3944fb7e8db32b65bfd25017ac0b,True,,
synth-0015,0xee32b5990fdab818b7e224f12f794db23ff4b1be01cc838a50bfa951ae109907,0xee32b5990fdab818b7e224f12f794db23ff4b1be01cc838a50bfa951ae109907,True,0xc00d3f8b46064c083d87e98ddef97a02d0442af27f4b0ba77f75614449107152,2026-02-04
synth-0016,0xf8c015d3f9e88a0843b96885db78490c457ba11e6da4d379fa61bc47b7a5b775,0xf8c015d3f9e88a0843b96885db78490c457ba11e6da4d379fa61bc47b7a5b775,True,0xc00d3f8b46064c083d87e98ddef97a02d0442af27f4b0ba77f75614449107152,2026-02-04
synth-0017,0xeca7e07df15c5095d70cd4ace2a42624cf573b0e8e6dacdf55e48c175fac8823,0xeca7e07df15c5095d70cd4ace2a42624cf573b0e8e6dacdf55e48c175fac8823,True,0xc00d3f8b46064c083d87e98ddef97a02d0442af27f4b0ba77f75614449107152,2026-02-04
synth-0018,0x82dc102f85a73ecae81a23b8c1a43fb1e508f1bbe89203d0218d9c4493376c64,0x82dc102f85a73ecae81a23b8c1a43fb1e508f1bbe89203d0218d9c4493376c64,True,0xc00d3f8b46064c083d87e98ddef97a02d0442af27f4b0ba77f75614449107152,2026-02-04
synth-0019,0x116c5d9aa85f660c171d8345248c4e19c1bcbb62a67d3ebc7c8689adbdc9a561,0x116c5d9aa85f660c171d8345248c4e19c1bcbb62a67d3ebc7c8689adbdc9a561,True,0xc00d3f8b46064c083d87e98ddef97a02d0442af27f4b0ba77f75614449107152,2026-02-04
synth-0020,0x7042cb72015be01de08334f5c1332b7d23f51daf685f40ddf8f9b6bdec455ecd,0x7042cb72015be01de08334f5c1332b7d23f51daf685f40ddf8f9b6bdec455ecd,True,0xc00d3f8b46064c083d87e98ddef97a02d0442af27f4b0ba77f75614449107152,2026-02-04
synth-0021,0xd198f13544555629a20e349d187a7229ccbd19e1bfa78f3a156d5d54b52484fd,0xd198f13544555629a20e349d187a7229ccbd19e1bfa78f3a156d5d54b52484fd,True,0xc00d3f8b46064c083d87e98ddef97a02d0442af27f4b0ba77f75614449107152,2026-02-04
synth-0022,0x22feeed3ee23e385b2626cb4fea99a84149c896156371969aae07d8aa6078832,0x22feeed3ee23e385b2626cb4fea99a84149c896156371969aae07d8aa6078832,True,0xc00d3f8b46064c083d87e98ddef97a02d0442af27f4b0ba77f75614449107152,2026-02-04
synth-0023,0xb12b8657471cf29326d35f95328a5330195279d992258fc7849719e4da5a647d,0xb12b8657471cf29326d35f95328a5330195279d992258fc7849719e4da5a647d,True,0xc00d3f8b46064c083d87e98ddef97a02d0442af27f4b0ba77f75614449107152,2026-02-04
synth-0024,0x7b777f711978ccef3048e83b1606e6f80dcadd859600e29b1ed062f056fef91c,0x7b777f711978ccef3048e83b1606e6f80dcadd859600e29b1ed062f056fef91c,True,0xc00d3f8b46064c083d87e98ddef97a02d0442af27f4b0ba77f75614449107152,2026-02-04
synth-0025,0x60dee2389c9efab8593ad0c361e5f0aa66c7c2b8eb00fb4634e1eae2e26d01d2,0x60dee2389c9efab8593ad0c361e5f0aa66c7c2b8eb00fb4634e1eae2e26d01d2,True,0xc00d3f8b46064c083d87e98ddef97a02d0442af27f4b0ba77f75614449107152,2026-02-04
synth-0026,0x73d12cc854d732798063cd57a7288e5109f27e683196a82289b4baae586b5747,0x73d12cc854d732798063cd57a7288e5109f27e683196a82289b4baae586b5747,True,0xc00d3f8b46064c083d87e98ddef97a02d0442af27f4b0ba77f75614449107152,2026-02-04
synth-0027,0xcd27b984136c8ca4d9629222e4cc0eb5953044501ee3f6461e3921c372559562,0xcd27b984136c8ca4d9629222e4cc0eb5953044501ee3f6461e3921c372559562,True,0xc00d3f8b46064c083d87e98ddef97a02d0442af27f4b0ba77f75614449107152,2026-02-04
synth-0028,0x09554ddd1d6d3e364e2c86f4294ff55b1aa239f132f8ad1e085edfabacaa0f23,0x09554ddd1d6d3e364e2c86f4294ff55b1aa239f132f8ad1e085edfabacaa0f23,True,0xc00d3f8b46064c083d87e98ddef97a02d0442af27f4b0ba77f75614449107152,2026-02-04
synth-0029,0x35eaf76531174b8f048e0a31e8366437822f00f6cf6f3c068558bb66347acd21,0x35eaf76531174b8f048e0a31e8366437822f00f6cf6f3c068558bb66347acd21,True,0xc00d3f8b46064c083d87e98ddef97a02d0442af27f4b0ba77f75614449107152,2026-02-04
synth-0030,0x82acd14fdcb952a358db8408e5ffc5cf37b74105143a19603daf57085bd792bf,0x82acd14fdcb952a358db8408e5ffc5cf37b74105143a19603daf57085bd792bf,True,0xc00d3f8b46064c083d87e98ddef97a02d0442af27f4b0ba77f75614449107152,2026-02-04
synth-0031,0x1b2bfab9142c789919fb238f9c9ff7537e802bcd0f22f857f23539d30b2a506c,0x1b2bfab9142c789919fb238f9c9ff7537e802bcd0f22f857f23539d30b2a506c,True,0xc00d3f8b46064c083d87e98ddef97a02d0442af27f4b0ba77f75614449107152,2026-02-04
synth-0032,0xb41aa38cdee9445e3475ca673d8ff4993fb47e58cd47fb2336da18547b9749ec,0xb41aa38cdee9445e3475ca673d8ff4993fb47e58cd47fb2336da18547b9749ec,True,0xc00d3f8b46064c083d87e98ddef97a02d0442af27f4b0ba77f75614449107152,2026-02-04
synth-0033,0x96b39b6cc5bc901cb14757358ce5e99b124c92f438d302e8d45e582758225d66,0x96b39b6cc5bc901cb14757358ce5e99b124c92f438d302e8d45e582758225d66,True,0xc00d3f8b46064c083d87e98ddef97a02d0442af27f4b0ba77f75614449107152,2026-02-04
synth-0034,0x9d9169ee0780f5004e3af3cd7a0afe7923840a7131cd5b250c0de326adc6c0f9,0x9d9169ee0780f5004e3af3cd7a0afe7923840a7131cd5b250c0de326adc6c0f9,True,0xc00d3f8b46064c083d87e98ddef97a02d0442af27f4b0ba77f75614449107152,2026-02-04
synth-0035,0x7534e29b3465e17a4ff81b6e9c1f3277f7bad1830f4428b375ca397c951b1998,0x7534e29b3465e17a4ff81b6e9c1f3277f7bad1830f4428b375ca397c951b1998,True,0xc00d3f8b46064c083d87e98ddef97a02d0442af27f4b0ba77f75614449107152,2026-02-04
synth-0036,0xab4804f99c4fd5ab9743f8d40f6bfd01af3b7b269c8802bd7950f92f54873562,0xab4804f99c4fd5ab9743f8d40f6bfd01af3b7b269c8802bd7950f92f54873562,True,0xc00d3f8b46064c083d87e98ddef97a02d0442af27f4b0ba77f75614449107152,2026-02-04
synth-0037,0x0bfb53d5e527b9bd5818b3ac4d674001c0a5abe263ca2481fc97697c7301ad6c,0x0bfb53d5e527b9bd5818b3ac4d674001c0a5abe263ca2481fc97697c7301ad6c,True,0xc00d3f8b46064c083d87e98ddef97a02d0442af27f4b0ba77f75614449107152,2026-02-04
synth-0038,0xafdc07d1627065aec6efadd0ccdab6c65fb4ef173a5a8fb14266b7ce21379f20,0xafdc07d1627065aec6efadd0ccdab6c65fb4ef173a5a8fb14266b7ce21379f20,True,0xc00d3f8b46064c083d87e98ddef97a02d0442af27f4b0ba77f75614449107152,2026-02-04
synth-0039,0x42a26e2c3cb25e03a33df777722a5ed6b4740d4e6933a7234305948e17b63349,0x42a26e2c3cb25e03a33df777722a5ed6b4740d4e6933a7234305948e17b63349,True,0xc00d3f8b46064c083d87e98ddef97a02d0442af27f4b0ba77f75614449107152,2026-02-04
synth-0040,0x2a8b8cc3f594245970ddb2a452278671117a72539bbf07e5715b6682c38105e3,0x2a8b8cc3f594245970ddb2a452278671117a72539bbf07e5715b6682c38105e3,True,0xc00d3f8b46064c083d87e98ddef97a02d0442af27f4b0ba77f75614449107152,2026-02-04
synth-0041,0x5c1eee293e7f9ef961f555e23623ce8e71f34d7541597df5b7a4ce629dc1c16a,0x5c1eee293e7f9ef961f555e23623ce8e71f34d7541597df5b7a4ce629dc1c16a,True,0xc00d3f8b46064c083d87e98ddef97a02d0442af27f4b0ba77f75614449107152,2026-02-04
synth-0042,0xae17bdacda72120dd7f577b1b1779a1bf1f5158f83370264239b3dbb89a75677,0xae17bdacda72120dd7f577b1b1779a1bf1f5158f83370264239b3dbb89a75677,True,0xc00d3f8b46064c083d87e98ddef97a02d0442af27f4b0ba77f75614449107152,2026-02-04
synth-0043,0x0fed4073bf8d8f0eeeae61d2f1d6b1204a1a5e564614df052ceb509d3bf424e2,0x0fed4073bf8d8f0eeeae61d2f1d6b1204a1a5e564614df052ceb509d3bf424e2,True,0xc00d3f8b46064c083d87e98ddef97a02d0442af27f4b0ba77f75614449107152,2026-02-04
synth-0044,0x1b4559135723f0c4f7e535675d3edd59357d1ce8e4ea075c07885d5fa4284dbd,0x1b4559135723f0c4f7e535675d3edd59357d1ce8e4ea075c07885d5fa4284dbd,True,0xc00d3f8b46064c083d87e98ddef97a02d0442af27f4b0ba77f75614449107152,2026-02-04
synth-0045,0x2fc6932c20f32cbbadc7b88b5f48505c9078bb2bc5f8a55c5710a99740a258be,0x2fc6932c20f32cbbadc7b88b5f48505c9078bb2bc5f8a55c5710a99740a258be,True,0xc00d3f8b46064c083d87e98ddef97a02d0442af27f4b0ba77f75614449107152,2026-02-04
synth-0046,0x52d1501a3ab7804505f4e69c6c2b4d57928f8ee0b41a73501e115d66ad1687d8,0x52d1501a3ab7804505f4e69c6c2b4d57928f8ee0b41a73501e115d66ad1687d8,True,,
synth-0047,0x607275be6205818ff0607a1b2781ff5eb3e8f475c86329768b03dac1bb41d203,0x607275be6205818ff0607a1b2781ff5eb3e8f475c86329768b03dac1bb41d203,True,,
synth-0048,0xd6858f442e20ed7bbf429b62738e1e0abf0fe036e117cddd1e2a162f2cb67886,0xd6858f442e20ed7bbf429b62738e1e0abf0fe036e117cddd1e2a162f2cb67886,True,0xc00d3f8b46064c083d87e98ddef97a02d0442af27f4b0ba77f75614449107152,2026-02-04
synth-0049,0xf0991688ea5a2fd6c67eb8121f31fa47630af4126450cef74f22bb9f80574053,0xf0991688ea5a2fd6c67eb8121f31fa47630af4126450cef74f22bb9f80574053,True,0xc00d3f8b46064c083d87e98ddef97a02d0442af27f4b0ba77f75614449107152,2026-02-04
synth-0050,0xf44898c32f012577b31e29d2dc61cf31f456e2aa69dfcc6a46a76690ecf2acf2,0xf44898c32f012577b31e29d2dc61cf31f456e2aa69dfcc6a46a76690ecf2acf2,True,0xc00d3f8b46064c083d87e98ddef97a02d0442af27f4b0ba77f75614449107152,2026-02-04
synth-0051,0x252504b025ed836ebe9302bf1ffeeb4c47969178f135d6a49d68992b4ffef7c2,0x252504b025ed836ebe9302bf1ffeeb4c47969178f135d6a49d68992b4ffef7c2,True,0xc00d3f8b46064c083d87e98ddef97a02d0442af27f4b0ba77f75614449107152,2026-02-04
synth-0052,0x6681346236da1438d8d28edd67e78f3d6d5fed4592de5afee47c20d0762b575b,0x6681346236da1438d8d28edd67e78f3d6d5fed4592de5afee47c20d0762b575b,True,0xc00d3f8b46064c083d87e98ddef97a02d0442af27f4b0ba77f75614449107152,2026-02-04
synth-0053,0x765ef6f5c9ec6bdfeb4c53dd6aab6237a3641659755335373d210c49057b79aa,0x765ef6f5c9ec6bdfeb4c53dd6aab6237a3641659755335373d210c49057b79aa,True,0xc00d3f8b46064c083d87e98ddef97a02d0442af27f4b0ba77f75614449107152,2026-02-04
synth-0054,0x800bb42100e965a906940e5c9d435fcc194f7110356528907d92b126f2b7a42c,0x800bb42100e965a906940e5c9d435fcc194f7110356528907d92b126f2b7a42c,True,0xc00d3f8b46064c083d87e98ddef97a02d0442af27f4b0ba77f75614449107152,2026-02-04
synth-0055,0x70f8a56869b3f3716e613182b954ce8ffdf339d9d4acdb5b72d4f1705019dce6,0x70f8a56869b3f3716e613182b954ce8ffdf339d9d4acdb5b72d4f1705019dce6,True,0xc00d3f8b46064c083d87e98ddef97a02d0442af27f4b0ba77f75614449107152,2026-02-04
synth-0056,0x160784a7532b07527187776eb6fa57964bdf6f864a3929a88a653856b4a4af18,0x160784a7532b07527187776eb6fa57964bdf6f864a3929a88a653856b4a4af18,True,0xc00d3f8b46064c083d87e98ddef97a02d0442af27f4b0ba77f75614449107152,2026-02-04
synth-0057,0x9f8c8ee0c022c54ffbae42ee268dbbaca673a3b82111aa1f4938af97160f712a,0x9f8c8ee0c022c54ffbae42ee268dbbaca673a3b82111aa1f4938af97160f712a,True,0xc00d3f8b46064c083d87e98ddef97a02d0442af27f4b0ba77f75614449107152,2026-02-04
synth-0058,0xf6771293a92b91ec1f84bb57471bb6a855bc7c4aeeb034819c9001550d3d83ca,0xf6771293a92b91ec1f84bb57471bb6a855bc7c4aeeb034819c9001550d3d83ca,True,0xc00d3f8b46064c083d87e98ddef97a02d0442af27f4b0ba77f75614449107152,2026-02-04
synth-0059,0x0c1687074032173c4a5a6f775c56fe17dd414d0e76337452225d773d7f79cf95,0x0c1687074032173c4a5a6f775c56fe17dd414d0e76337452225d773d7f79cf95,True,0xc00d3f8b46064c083d87e98ddef97a02d0442af27f4b0ba77f75614449107152,2026-02-04
synth-0060,0xdab59e7d83865c01f5b0d863de891484e52204b2578e41db0211fbad7d4d42d3,0xdab59e7d83865c01f5b0d863de891484e52204b2578e41db0211fbad7d4d42d3,True,0xc00d3f8b46064c083d87e98ddef97a02d0442af27f4b0ba77f75614449107152,2026-02-04
synth-0061,0xebe2099ba9c4633a6d482d6ae8d488d485b13f73d2fe3d2cc1a3ed314b3ebeec,0xebe2099ba9c4633a6d482d6ae8d488d485b13f73d2fe3d2cc1a3ed314b3ebeec,True,0xc00d3f8b46064c083d87e98ddef97a02d0442af27f4b0ba77f75614449107152,2026-02-04
synth-0062,0xd4d3d8311cd01fb00f8fdc5e95150f02bc5f756e9bd2ecbc62dd388cf97d8e14,0xd4d3d8311cd01fb00f8fdc5e95150f02bc5f756e9bd2ecbc62dd388cf97d8e14,True,0xc00d3f8b46064c083d87e98ddef97a02d0442af27f4b0ba77f75614449107152,2026-02-04
synth-0063,0x8e8c5885f2dd24e9fdfc01af60c55202ed9f3a02e4a46ff1ead9ade883246b39,0x8e8c5885f2dd24e9fdfc01af60c55202ed9f3a02e4a46ff1ead9ade883246b39,True,0xc00d3f8b46064c083d87e98ddef97a02d0442af27f4b0ba77f75614449107152,2026-02-04
synth-0064,0x521e593d4579aa0aa494272f118c88019e8339210f6f8d5cd84b6851ab8de310,0x521e593d4579aa0aa494272f118c88019e8339210f6f8d5cd84b6851ab8de310,True,0xc00d3f8b46064c083d87e98ddef97a02d0442af27f4b0ba77f75614449107152,2026-02-04
synth-0065,0x7440c9ebe32379320482141d480edeff3611758b8aca458479708bfe819e22d7,0x7440c9ebe32379320482141d480edeff3611758b8aca458479708bfe819e22d7,True,0xc00d3f8b46064c083d87e98ddef97a02d0442af27f4b0ba77f75614449107152,2026-02-04
synth-0066,0x2183e4f8c8c7b02d3a75a886cc9cabd7b867625b8fa0fb8b25bd3dd3a9b1ccd0,0x2183e4f8c8c7b02d3a75a886cc9cabd7b867625b8fa0fb8b25bd3dd3a9b1ccd0,True,0xc00d3f8b46064c083d87e98ddef97a02d0442af27f4b0ba77f75614449107152,2026-02-04
synth-0067,0xee7e4dda47228cceb2e3bdb0e3860e364d2cbeabcfafa311984b07c56aee4e31,0xee7e4dda47228cceb2e3bdb0e3860e364d2cbeabcfafa311984b07c56aee4e31,True,0xc00d3f8b46064c083d87e98ddef97a02d0442af27f4b0ba77f75614449107152,2026-02-04
synth-0068,0xafe781d860329e64b5f52a72df359f169d9e0a23fffc9f3c9bf64c70b20101a0,0xafe781d860329e64b5f52a72df359f169d9e0a23fffc9f3c9bf64c70b20101a0,True,0xc00d3f8b46064c083d87e98ddef97a02d0442af27f4b0ba77f75614449107152,2026-02-04
synth-0069,0x60f084019e7d729542bd5e7b0c28d4f5eb6c986adba812e898cf44c19dcb7afd,0x60f084019e7d729542bd5e7b0c28d4f5eb6c986adba812e898cf44c19dcb7afd,True,0xc00d3f8b46064c083d87e98ddef97a02d0442af27f4b0ba77f75614449107152,2026-02-04
synth-0070,0x787a9adc3e20eb225742a4f24bf02fae2bf6eb4d76f982ad61ecc2380c3e60c9,0x787a9adc3e20eb225742a4f24bf02fae2bf6eb4d76f982ad61ecc2380c3e60c9,True,0xc00d3f8b46064c083d87e98ddef97a02d0442af27f4b0ba77f75614449107152,2026-02-04
synth-0071,0x5668de464bb6c27f094b0b278c7ac93a9eed0c1930859b4bbec8fe388ba28d61,0x5668de464bb6c27f094b0b278c7ac93a9eed0c1930859b4bbec8fe388ba28d61,True,0xc00d3f8b46064c083d87e98ddef97a02d0442af27f4b0ba77f75614449107152,2026-02-04
synth-0072,0xc8eae212cb991e96c88dd0df7b474c332b3851196109a03342a6dc35daeca94e,0xc8eae212cb991e96c88dd0df7b474c332b3851196109a03342a6dc35daeca94e,True,0xc00d3f8b46064c083d87e98ddef97a02d0442af27f4b0ba77f75614449107152,2026-02-04
synth-0073,0x92faf9a22d808191125642c72b637bdc7cb597752bb0df044e2e32c7487f68aa,0x92faf9a22d808191125642c72b637bdc7cb597752bb0df044e2e32c7487f68aa,True,0xc00d3f8b46064c083d87e98ddef97a02d0442af27f4b0ba77f75614449107152,2026-02-04
synth-0074,0xcd5e61331176f582eed737307447e47737c742049d227b77a09814052c01482b,0xcd5e61331176f582eed737307447e47737c742049d227b77a09814052c01482b,True,0xc00d3f8b46064c083d87e98ddef97a02d0442af27f4b0ba77f75614449107152,2026-02-04
synth-0075,0xdf917a890835f06ed8336445553e9517e8387cdbd3f1eb38f087191e3afbf7cf,0xdf917a890835f06ed8336445553e9517e8387cdbd3f1eb38f087191e3afbf7cf,True,0xc00d3f8b46064c083d87e98ddef97a02d0442af27f4b0ba77f75614449107152,2026-02-04
synth-0076,0xbdc58230f4f2d5823fe9cd792ab03404170a3757faad85a654b8e7670acbb1b9,0xbdc58230f4f2d5823fe9cd792ab03404170a3757faad85a654b8e7670acbb1b9,True,0xc00d3f8b46064c083d87e98ddef97a02d0442af27f4b0ba77f75614449107152,2026-02-04
synth-0077,0xf4901167c5a9209f4bcab821122d8443ae889c00cb389acbc85aa14cce08a121,0xf4901167c5a9209f4bcab821122d8443ae889c00cb389acbc85aa14cce08a121,True,,
synth-0078,0x9052152f4a015ecae86cd7ac66148a9664a86f30acc74a3bc2357c8f36d048d0,0x9052152f4a015ecae86cd7ac66148a9664a86f30acc74a3bc2357c8f36d048d0,True,0xc00d3f8b46064c083d87e98ddef97a02d0442af27f4b0ba77f75614449107152,2026-02-04
synth-0079,0x99da3eb266142175fb9348e6f7177ec65f0c237268092f58e2baca07d6ce9530,0x99da3eb266142175fb9348e6f7177ec65f0c237268092f58e2baca07d6ce9530,True,0xc00d3f8b46064c083d87e98ddef97a02d0442af27f4b0ba77f75614449107152,2026-02-04
synth-0080,0xf869fdeb532a218292bcca4caf6f6d67c9ebce2fac2af87f667552b38070c4fd,0xf869fdeb532a218292bcca4caf6f6d67c9ebce2fac2af87f667552b38070c4fd,True,0xc00d3f8b46064c083d87e98ddef97a02d0442af27f4b0ba77f75614449107152,2026-02-04
synth-0081,0xad5ac37a8dbaae306ffd744623ec7ba250d6c655cb09cb6775045993219d476d,0xad5ac37a8dbaae306ffd744623ec7ba250d6c655cb09cb6775045993219d476d,True,0xc00d3f8b46064c083d87e98ddef97a02d0442af27f4b0ba77f75614449107152,2026-02-04
synth-0082,0x7ddd68a15b6d276ab161ba33ef434075be4cf526d82432cf811a7c23017885c6,0x7ddd68a15b6d276ab161ba33ef434075be4cf526d82432cf811a7c23017885c6,True,0xc00d3f8b46064c083d87e98ddef97a02d0442af27f4b0ba77f75614449107152,2026-02-04
synth-0083,0x05ee5eefca5c4bde8725d0d8c4d362edb3eba23a7f3e61c979125052bec66e94,0x05ee5eefca5c4bde8725d0d8c4d362edb3eba23a7f3e61c979125052bec66e94,True,0xc00d3f8b46064c083d87e98ddef97a02d0442af27f4b0ba77f75614449107152,2026-02-04
synth-0084,0xe9fd5c2fca2ac9f4d3dde9be1cf386fc6f373d2060d77f12fb339263eca77d2b,0xe9fd5c2fca2ac9f4d3dde9be1cf386fc6f373d2060d77f12fb339263eca77d2b,True,,
synth-0085,0x724f736e68407a186149faf3c38248a598ebd2394b1c857713661855548d4d0c,0x724f736e68407a186149faf3c38248a598ebd2394b1c857713661855548d4d0c,True,0xc00d3f8b46064c083d87e98ddef97a02d0442af27f4b0ba77f75614449107152,2026-02-04
synth-0086,0x9ac0ddd6569ce685c23d2d4f49006c256cbde9bc7cb2530ddaefbb2e1aea79c0,0x9ac0ddd6569ce685c23d2d4f49006c256cbde9bc7cb2530ddaefbb2e1aea79c0,True,0xc00d3f8b46064c083d87e98ddef97a02d0442af27f4b0ba77f75614449107152,2026-02-04
synth-0087,0x6e70bc1602548689de0875ee89e1d7805219f0714a7ba2ca00ba3b1c48d65566,0x6e70bc1602548689de0875ee89e1d7805219f0714a7ba2ca00ba3b1c48d65566,True,0xc00d3f8b46064c083d87e98ddef97a02d0442af27f4b0ba77f75614449107152,2026-02-04
synth-0088,0x9aeec2669c4d5f105d062fc3546ec9844053896889d7f8d2d2965546ea5c30a7,0x9aeec2669c4d5f105d062fc3546ec9844053896889d7f8d2d2965546ea5c30a7,True,0xc00d3f8b46064c083d87e98ddef97a02d0442af27f4b0ba77f75614449107152,2026-02-04
synth-0089,0xf95d5cd15c76d7a1e6b69cbd951d3ea4437372118214751e9d33881281fc0ec3,0xf95d5cd15c76d7a1e6b69cbd951d3ea4437372118214751e9d33881281fc0ec3,True,0xc00d3f8b46064c083d87e98ddef97a02d0442af27f4b0ba77f75614449107152,2026-02-04
synth-0090,0x75566a474cc1cb1aa6d639d4219bdf5031654fd41bf4b8873af5ee84a62327c3,0x75566a474cc1cb1aa6d639d4219bdf5031654fd41bf4b8873af5ee84a62327c3,True,,
synth-0091,0x8f98c2306f6c8cb1c05615d45b80e0ddee9aae19296a9acba69367f4e1b37e19,0x8f98c2306f6c8cb1c05615d45b80e0ddee9aae19296a9acba69367f4e1b37e19,True,0xc00d3f8b46064c083d87e98ddef97a02d0442af27f4b0ba77f75614449107152,2026-02-04
synth-0092,0xa9d970a96a97ad76bdc08f432595d6b26aee332d39191305ca48c95dcf85beb7,0xa9d970a96a97ad76bdc08f432595d6b26aee332d39191305ca48c95dcf85beb7,True,0xc00d3f8b46064c083d87e98ddef97a02d0442af27f4b0ba77f75614449107152,2026-02-04
synth-0093,0x1df076e01a556f53800e3b7900397d08198f8e5df91b7c4af8fb17a4fb0fd364,0x1df076e01a556f53800e3b7900397d08198f8e5df91b7c4af8fb17a4fb0fd364,True,0xc00d3f8b46064c083d87e98ddef97a02d0442af27f4b0ba77f75614449107152,2026-02-04
synth-0094,0xb716ea7586d09587d41cb6be49ce36b5667be16e1a38516a8c300075fda07eb7,0xb716ea7586d09587d41cb6be49ce36b5667be16e1a38516a8c300075fda07eb7,True,0xc00d3f8b46064c083d87e98ddef97a02d0442af27f4b0ba77f75614449107152,2026-02-04
synth-0095,0xb2ffab97659641277b4ad82e0d3aa7dc60ae52560ffddab6f50060e362b1ec11,0xb2ffab97659641277b4ad82e0d3aa7dc60ae52560ffddab6f50060e362b1ec11,True,0xc00d3f8b46064c083d87e98ddef97a02d0442af27f4b0ba77f75614449107152,2026-02-04
synth-0096,0xe019ca613b4f04b9a79a90b3a2e4eb4de672fe709b058ab3e8caca8675193ff4,0xe019ca613b4f04b9a79a90b3a2e4eb4de672fe709b058ab3e8caca8675193ff4,True,0xc00d3f8b46064c083d87e98ddef97a02d0442af27f4b0ba77f75614449107152,2026-02-04
synth-0097,0x0beedc9020cae69620aaf8d8f1bd7f8581fc6a8f929e3f827bb19e44d916c22e,0x0beedc9020cae69620aaf8d8f1bd7f8581fc6a8f929e3f827bb19e44d916c22e,True,0xc00d3f8b46064c083d87e98ddef97a02d0442af27f4b0ba77f75614449107152,2026-02-04
synth-0098,0x2527279422dc5ad30ead601b2649c2a7d301c31829fcf8cf5ddfb7c5d49ce33c,0x2527279422dc5ad30ead601b2649c2a7d301c31829fcf8cf5ddfb7c5d49ce33c,True,0xc00d3f8b46064c083d87e98ddef97a02d0442af27f4b0ba77f75614449107152,2026-02-04
synth-0099,0xc69106113a3d64bb8976fff230caba92b8a0f03329f9de8196c9d50d430d3211,0xc69106113a3d64bb8976fff230caba92b8a0f03329f9de8196c9d50d430d3211,True,0xc00d3f8b46064c083d87e98ddef97a02d0442af27f4b0ba77f75614449107152,2026-02-04
synth-0100,0x1a230e863c64b2f667e431bdd0ea98edc81d20593a46f8999a330ad81cd17fb0,0x1a230e863c64b2f667e431bdd0ea98edc81d20593a46f8999a330ad81cd17fb0,True,,
synth-0101,0x42dbc82137e22d6077342711e3a0e553771c574c44c1e3af8da170fd94014a23,0x42dbc82137e22d6077342711e3a0e553771c574c44c1e3af8da170fd94014a23,True,0xc00d3f8b46064c083d87e98ddef97a02d0442af27f4b0ba77f75614449107152,2026-02-04
synth-0102,0xb103ae5350d0a61a2ba4d710821e367624b949df8d2435bde90f48ace7edecd4,0xb103ae5350d0a61a2ba4d710821e367624b949df8d2435bde90f48ace7edecd4,True,0xc00d3f8b46064c083d87e98ddef97a02d0442af27f4b0ba77f75614449107152,2026-02-04
synth-0103,0xea5fddcbc5ae07385356aa5d7060cc30ddaf227503abc10d4752c1d3ec3e9bd6,0xea5fddcbc5ae07385356aa5d7060cc30ddaf227503abc10d4752c1d3ec3e9bd6,True,0xc00d3f8b46064c083d87e98ddef97a02d0442af27f4b0ba77f75614449107152,2026-02-04
synth-0104,0x14890a8fa9b32778c2837f827cc26a638ec74f510a4130bd61954a8cde566897,0x14890a8fa9b32778c2837f827cc26a638ec74f510a4130bd61954a8cde566897,True,0xc00d3f8b46064c083d87e98ddef97a02d0442af27f4b0ba77f75614449107152,2026-02-04
synth-0105,0xad5c242ac0a36c7d677955fb3e917a7932c1e84c84468c8d999ebe4242da850e,0xad5c242ac0a36c7d677955fb3e917a7932c1e84c84468c8d999ebe4242da850e,True,0xc00d3f8b46064c083d87e98ddef97a02d0442af27f4b0ba77f75614449107152,2026-02-04
synth-0106,0xfa8de2a28b9fabcd3bca846405b666e656dbb1ce2e9ff9becf96f3047eed89c7,0xfa8de2a28b9fabcd3bca846405b666e656dbb1ce2e9ff9becf96f3047eed89c7,True,,
synth-0107,0x1a16c8eae4d931da557c04f50b551a20d963bf0f3e9ee22de8b3aa27fa7b6134,0x1a16c8eae4d931da557c04f50b551a20d963bf0f3e9ee22de8b3aa27fa7b6134,True,0xc00d3f8b46064c083d87e98ddef97a02d0442af27f4b0ba77f75614449107152,2026-02-04
synth-0108,0x8cdd4c958c61ac6f07df7205e399d9a08ecbf259a6e67cb65035a969d99cfbdb,0x8cdd4c958c61ac6f07df7205e399d9a08ecbf259a6e67cb65035a969d99cfbdb,True,0xc00d3f8b46064c083d87e98ddef97a02d0442af27f4b0ba77f75614449107152,2026-02-04
synth-0109,0x2c19d79ff52c5cf0f7cbec398b14e96b511a0a83fc774971976b3ae7bcee680f,0x2c19d79ff52c5cf0f7cbec398b14e96b511a0a83fc774971976b3ae7bcee680f,True,0xc00d3f8b46064c083d87e98ddef97a02d0442af27f4b0ba77f75614449107152,2026-02-04
synth-0110,0x9738f9cc9fb10852128f08180c34145f3562aff492e4b9783cb3c2fc903e7251,0x9738f9cc9fb10852128f08180c34145f3562aff492e4b9783cb3c2fc903e7251,True,0xc00d3f8b46064c083d87e98ddef97a02d0442af27f4b0ba77f75614449107152,2026-02-04
synth-0111,0x2aca8647fafe0301e385e3be17a7df8fba94806b21fba931b106e4b899cce50a,0x2aca8647fafe0301e385e3be17a7df8fba94806b21fba931b106e4b899cce50a,True,0xc00d3f8b46064c083d87e98ddef97a02d0442af27f4b0ba77f75614449107152,2026-02-04
synth-0112,0x40ef77b9fb6e00feeb359c8edda04788e3b9a9b36345df5fe6651210421c804c,0x40ef77b9fb6e00feeb359c8edda04788e3b9a9b36345df5fe6651210421c804c,True,0xc00d3f8b46064c083d87e98ddef97a02d0442af27f4b0ba77f75614449107152,2026-02-04
synth-0113,0xd27fd80ae845200bb21097f4b552644c84f78bfdc5bd3dfa6ce20a87aa330ffd,0xd27fd80ae845200bb21097f4b552644c84f78bfdc5bd3dfa6ce20a87aa330ffd,True,0xc00d3f8b46064c083d87e98ddef97a02d0442af27f4b0ba77f75614449107152,2026-02-04
synth-0114,0xcc90f062e41730a5b2e4589d003abbba0a89117ee420601c96e77832187f5eb6,0xcc90f062e41730a5b2e4589d003abbba0a89117ee420601c96e77832187f5eb6,True,0xc00d3f8b46064c083d87e98ddef97a02d0442af27f4b0ba77f75614449107152,2026-02-04
synth-0115,0x6e47e8d764b017119669d6a6dc72dd4967b49f4edb6259f661601b80122e1c65,0x6e47e8d764b017119669d6a6dc72dd4967b49f4edb6259f661601b80122e1c65,True,0xc00d3f8b46064c083d87e98ddef97a02d0442af27f4b0ba77f75614449107152,2026-02-04
synth-0116,0x1c63c0053bb273874ecfdc6c51fcb15742f1d8516412923947cf8e96e351df5b,0x1c63c0053bb273874ecfdc6c51fcb15742f1d8516412923947cf8e96e351df5b,True,0xc00d3f8b46064c083d87e98ddef97a02d0442af27f4b0ba77f75614449107152,2026-02-04
synth-0117,0xa466b451475bd91f54bee0da4995a0dfa88ce3e144a5511cf94ae90973a8b853,0xa466b451475bd91f54bee0da4995a0dfa88ce3e144a5511cf94ae90973a8b853,True,0xc00d3f8b46064c083d87e98ddef97a02d0442af27f4b0ba77f75614449107152,2026-02-04
synth-0118,0x7b2a4634f85efe82f7024bd10a73484ff4183de632a4cf78ef6a687ebcc77070,0x7b2a4634f85efe82f7024bd10a73484ff4183de632a4cf78ef6a687ebcc77070,True,0xc00d3f8b46064c083d87e98ddef97a02d0442af27f4b0ba77f75614449107152,2026-02-04
synth-0119,0x991afcaee9f1dd7f09a6601a9c15a5ced529b149035afb74999965b94afd967c,0x991afcaee9f1dd7f09a6601a9c15a5ced529b149035afb74999965b94afd967c,True,0xc00d3f8b46064c083d87e98ddef97a02d0442af27f4b0ba77f75614449107152,2026-02-04
synth-0120,0xc7c8b6795cc5987bf5fad346e058da23849e67022209d1415f78b82bca17959e,0xc7c8b6795cc5987bf5fad346e058da23849e67022209d1415f78b82bca17959e,True,0xc00d3f8b46064c083d87e98ddef97a02d0442af27f4b0ba77f75614449107152,2026-02-04
synth-0121,0x752385816db5a379a6819311dbe661808c3b2a2053d2274dba8b3a13d35c8945,0x752385816db5a379a6819311dbe661808c3b2a2053d2274dba8b3a13d35c8945,True,0xc00d3f8b46064c083d87e98ddef97a02d0442af27f4b0ba77f75614449107152,2026-02-04
synth-0122,0x97f007028357ebe5b96f3b3cda78a5b140d4455b29c5e196ce1a5a9e42b66bc7,0x97f007028357ebe5b96f3b3cda78a5b140d4455b29c5e196ce1a5a9e42b66bc7,True,0xc00d3f8b46064c083d87e98ddef97a02d0442af27f4b0ba77f75614449107152,2026-02-04
synth-0123,0xfde418597c55a9f8a86bf6c09047c5c242de87ae35606fff5630f45374bd3c84,0xfde418597c55a9f8a86bf6c09047c5c242de87ae35606fff5630f45374bd3c84,True,0xc00d3f8b46064c083d87e98ddef97a02d0442af27f4b0ba77f75614449107152,2026-02-04
synth-0124,0x475f0d01edb490fbf0149f45831e273e00cca05399eb84a78cc007707a319dee,0x475f0d01edb490fbf0149f45831e273e00cca05399eb84a78cc007707a319dee,True,0xc00d3f8b46064c083d87e98ddef97a02d0442af27f4b0ba77f75614449107152,2026-02-04
synth-0125,0x929e754563718c9f502e1c55cb733c66ca7d8cb911fef8438296b4dd8c5ebdfa,0x929e754563718c9f502e1c55cb733c66ca7d8cb911fef8438296b4dd8c5ebdfa,True,0xc00d3f8b46064c083d87e98ddef97a02d0442af27f4b0ba77f75614449107152,2026-02-04
synth-0126,0x4475b7f4b0de9c7e7ebf9cf44be4ec05a9b595c04ecb059e9ee444f3c1272232,0x4475b7f4b0de9c7e7ebf9cf44be4ec05a9b595c04ecb059e9ee444f3c1272232,True,0xc00d3f8b46064c083d87e98ddef97a02d0442af27f4b0ba77f75614449107152,2026-02-04
synth-0127,0xf6cb59d2a17275a1be8fd92763dd5ac88bba38f1b7e921a46b6023c2049bf233,0xf6cb59d2a17275a1be8fd92763dd5ac88bba38f1b7e921a46b6023c2049bf233,True,0xc00d3f8b46064c083d87e98ddef97a02d0442af27f4b0ba77f75614449107152,2026-02-04
synth-0128,0x0646025125759e959344105a0e0328dd3fb71e278192e40b86ec4392089e0117,0x0646025125759e959344105a0e0328dd3fb71e278192e40b86ec4392089e0117,True,0xc00d3f8b46064c083d87e98ddef97a02d0442af27f4b0ba77f75614449107152,2026-02-04
synth-0129,0xe6528cfef9a6299fbd30c8528596c2bd9499198e724e8a851fb7628901023d64,0xe6528cfef9a6299fbd30c8528596c2bd9499198e724e8a851fb7628901023d64,True,0xc00d3f8b46064c083d87e98ddef97a02d0442af27f4b0ba77f75614449107152,2026-02-04
synth-0130,0x15b97147b3bc6548f22029946bbc8672fbf80c8864142ecd4a1657176c8a5497,0x15b97147b3bc6548f22029946bbc8672fbf80c8864142ecd4a1657176c8a5497,True,0xc00d3f8b46064c083d87e98ddef97a02d0442af27f4b0ba77f75614449107152,2026-02-04
synth-0131,0xeeff413ebebbd2172712b3e902cb98262fd5adc573c912e650e4127909a49f6a,0xeeff413ebebbd2172712b3e902cb98262fd5adc573c912e650e4127909a49f6a,True,0xc00d3f8b46064c083d87e98ddef97a02d0442af27f4b0ba77f75614449107152,2026-02-04
synth-0132,0x01e87444b26232436c322d945fbec250b8e6ee4a4c3bc97caf9017c59eab4a34,0x01e87444b26232436c322d945fbec250b8e6ee4a4c3bc97caf9017c59eab4a34,True,0xc00d3f8b46064c083d87e98ddef97a02d0442af27f4b0ba77f75614449107152,2026-02-04
synth-0133,0x75c28686ce5d55efcb44ed68646b803ffada733aa90117d9005fba0c1e09c701,0x75c28686ce5d55efcb44ed68646b803ffada733aa90117d9005fba0c1e09c701,True,0xc00d3f8b46064c083d87e98ddef97a02d0442af27f4b0ba77f75614449107152,2026-02-04
synth-0134,0x6243f2f99ea802f2109f9162ca402f799ce68b42319044b878229e664eb2807e,0x6243f2f99ea802f2109f9162ca402f799ce68b42319044b878229e664eb2807e,True,0xc00d3f8b46064c083d87e98ddef97a02d0442af27f4b0ba77f75614449107152,2026-02-04
synth-0135,0xecdabfe551bb5491fa9da743555b7d950d75682897ba28b945b1be2a140e52f2,0xecdabfe551bb5491fa9da743555b7d950d75682897ba28b945b1be2a140e52f2,True,0xc00d3f8b46064c083d87e98ddef97a02d0442af27f4b0ba77f75614449107152,2026-02-04
synth-0136,0xf3ba9f985c56ac0249a25671a6db693f86fb21e60bf5d9bc1d403a5fe4a5c812,0xf3ba9f985c56ac0249a25671a6db693f86fb21e60bf5d9bc1d403a5fe4a5c812,True,0xc00d3f8b46064c083d87e98ddef97a02d0442af27f4b0ba77f75614449107152,2026-02-04
synth-0137,0xeb1545a6e8d835931fcc1a66b27d423d8f7430e24da96e085b75f9d67080e413,0xeb1545a6e8d835931fcc1a66b27d423d8f7430e24da96e085b75f9d67080e413,True,0xc00d3f8b46064c083d87e98ddef97a02d0442af27f4b0ba77f75614449107152,2026-02-04
synth-0138,0xb11dd6c025a90b3955383c482c5f7ce6f15b49ce20d4db0d951b7675a87613b3,0xb11dd6c025a90b3955383c482c5f7ce6f15b49ce20d4db0d951b7675a87613b3,True,0xc00d3f8b46064c083d87e98ddef97a02d0442af27f4b0ba77f75614449107152,2026-02-04
synth-0139,0x1eede3619534cd589c4af51e1384986470c08b2a680cd717ffb26e8eff7d8872,0x1eede3619534cd589c4af51e1384986470c08b2a680cd717ffb26e8eff7d8872,True,0xc00d3f8b46064c083d87e98ddef97a02d0442af27f4b0ba77f75614449107152,2026-02-04
synth-0140,0xe987e125db46da757ea36cf8fac77789912e5dd0f421e4bcb9d65ff0f2d1474e,0xe987e125db46da757ea36cf8fac77789912e5dd0f421e4bcb9d65ff0f2d1474e,True,0xc00d3f8b46064c083d87e98ddef97a02d0442af27f4b0ba77f75614449107152,2026-02-04
synth-0141,0xa5839b6473de06b66c2087ab7d36bc0cc903472163b6c083eac82698aa312277,0xa5839b6473de06b66c2087ab7d36bc0cc903472163b6c083eac82698aa312277,True,0xc00d3f8b46064c083d87e98ddef97a02d0442af27f4b0ba77f75614449107152,2026-02-04
synth-0142,0xd050be718a54ae2f4386950fd605e4f00b014004c563aadb47e52c7dc154a0fe,0xd050be718a54ae2f4386950fd605e4f00b014004c563aadb47e52c7dc154a0fe,True,0xc00d3f8b46064c083d87e98ddef97a02d0442af27f4b0ba77f75614449107152,2026-02-04
synth-0143,0x48d1a23a716891f779173260c404787646944f57b88e428eff9bfde8dd6af681,0x48d1a23a716891f779173260c404787646944f57b88e428eff9bfde8dd6af681,True,0xc00d3f8b46064c083d87e98ddef97a02d0442af27f4b0ba77f75614449107152,2026-02-04
synth-0144,0xe56134b8fd70001baacf41424b56810f2a34e1e28af7437d5e36ee8ef8c5261c,0xe56134b8fd70001baacf41424b56810f2a34e1e28af7437d5e36ee8ef8c5261c,True,0xc00d3f8b46064c083d87e98ddef97a02d0442af27f4b0ba77f75614449107152,2026-02-04
synth-0145,0x66024cb22c7122c506aea58848411c3d21950aa6b982edcf14e9bcdc0b67fb75,0x66024cb22c7122c506aea58848411c3d21950aa6b982edcf14e9bcdc0b67fb75,True,0xc00d3f8b46064c083d87e98ddef97a02d0442af27f4b0ba77f75614449107152,2026-02-04
synth-0146,0x513c47266930c740a7c3181992d97c7de3496c3946e4921e404d6e6c573cb256,0x513c47266930c740a7c3181992d97c7de3496c3946e4921e404d6e6c573cb256,True,0xc00d3f8b46064c083d87e98ddef97a02d0442af27f4b0ba77f75614449107152,2026-02-04
synth-0147,0x6167dd327f0c69c261a77c0b3aba73b734ce3614518f1b1af791ffc81ffa211e,0x6167dd327f0c69c261a77c0b3aba73b734ce3614518f1b1af791ffc81ffa211e,True,0xc00d3f8b46064c083d87e98ddef97a02d0442af27f4b0ba77f75614449107152,2026-02-04
synth-0148,0x31b90dc2a12ed2f430d99f598d2172f53f703747e2d489dccd2111cd5bd4418f,0x31b90dc2a12ed2f430d99f598d2172f53f703747e2d489dccd2111cd5bd4418f,True,0xc00d3f8b46064c083d87e98ddef97a02d0442af27f4b0ba77f75614449107152,2026-02-04
synth-0149,0xcef8105c243cacb2c350d34281957afff3071850527b581420a55df91d4f8a57,0xcef8105c243cacb2c350d34281957afff3071850527b581420a55df91d4f8a57,True,0xc00d3f8b46064c083d87e98ddef97a02d0442af27f4b0ba77f75614449107152,2026-02-04
synth-0150,0x083d974c9aa1833901df19dce46ccf6f4c5291e931f881ce2aa61376f68f20a0,0x083d974c9aa1833901df19dce46ccf6f4c5291e931f881ce2aa61376f68f20a0,True,0xc00d3f8b46064c083d87e98ddef97a02d0442af27f4b0ba77f75614449107152,2026-02-04
synth-0151,0xd9eaffb6aff3cf1f72b199030919d70b6224f527517f689e250682b5299811dc,0xd9eaffb6aff3cf1f72b199030919d70b6224f527517f689e250682b5299811dc,True,0xc00d3f8b46064c083d87e98ddef97a02d0442af27f4b0ba77f75614449107152,2026-02-04
synth-0152,0xf65274f0f64117a1f08803bd3533c5284aaf1ec4b46a15fbee7a644218c2cb4e,0xf65274f0f64117a1f08803bd3533c5284aaf1ec4b46a15fbee7a644218c2cb4e,True,0xc00d3f8b46064c083d87e98ddef97a02d0442af27f4b0ba77f75614449107152,2026-02-04
synth-0153,0x21b7f1b5d3dd07ff1cbe4b4339ff7479a19ab959ee37cc7534f2c97c9de518aa,0x21b7f1b5d3dd07ff1cbe4b4339ff7479a19ab959ee37cc7534f2c97c9de518aa,True,0xc00d3f8b46064c083d87e98ddef97a02d0442af27f4b0ba77f75614449107152,2026-02-04
synth-0154,0x460a27058b28e1b97876fdd18f0931ce0dd629eec665b42265ba906e9f8fbdd3,0x460a27058b28e1b97876fdd18f0931ce0dd629eec665b42265ba906e9f8fbdd3,True,0xc00d3f8b46064c083d87e98ddef97a02d0442af27f4b0ba77f75614449107152,2026-02-04
synth-0155,0x8b5be43a051887bc330ad95fd9555bd4c7a820cd2886e7cec71764b511cd03ef,0x8b5be43a051887bc330ad95fd9555bd4c7a820cd2886e7cec71764b511cd03ef,True,0xc00d3f8b46064c083d87e98ddef97a02d0442af27f4b0ba77f75614449107152,2026-02-04
synth-0156,0xfa426c799cc7b1e7d07511f787d50d876fbe8897c34ebffe5ff01b374ada9669,0xfa426c799cc7b1e7d07511f787d50d876fbe8897c34ebffe5ff01b374ada9669,True,0xc00d3f8b46064c083d87e98ddef97a02d0442af27f4b0ba77f75614449107152,2026-02-04
synth-0157,0x7bc0a7083143dd25e0e627f502dc6bf67bd0b689c02d0e2608bfa97c70d4b1a3,0x7bc0a7083143dd25e0e627f502dc6bf67bd0b689c02d0e2608bfa97c70d4b1a3,True,0xc00d3f8b46064c083d87e98ddef97a02d0442af27f4b0ba77f75614449107152,2026-02-04
synth-0158,0x2bdbd20a9f9626566c9117085ad84b0710dac0be61440c862e3f2142a4dbb4cd,0x2bdbd20a9f9626566c9117085ad84b0710dac0be61440c862e3f2142a4dbb4cd,True,0xc00d3f8b46064c083d87e98ddef97a02d0442af27f4b0ba77f75614449107152,2026-02-04
synth-0159,0x22b00977b0626c3a5857d076f4ae8da0ff3fab44bc403ebcad10a2ffb0270d13,0x22b00977b0626c3a5857d076f4ae8da0ff3fab44bc403ebcad10a2ffb0270d13,True,0xc00d3f8b46064c083d87e98ddef97a02d0442af27f4b0ba77f75614449107152,2026-02-04
synth-0160,0x2b7bc9b87b46974b9700f0d88f17f450506c07c60c1c47a78a0287b8ac1c4605,0x2b7bc9b87b46974b9700f0d88f17f450506c07c60c1c47a78a0287b8ac1c4605,True,0xc00d3f8b46064c083d87e98ddef97a02d0442af27f4b0ba77f75614449107152,2026-02-04
synth-0161,0x44fe6931bf0482bc623e18023ae29845e8727d41d92ae85d00fa2b57f6cd03dd,0x44fe6931bf0482bc623e18023ae29845e8727d41d92ae85d00fa2b57f6cd03dd,True,0xc00d3f8b46064c083d87e98ddef97a02d0442af27f4b0ba77f75614449107152,2026-02-04
synth-0162,0xb9405bea8b456b5cb2130a1e99549536e2050119fee624804ba01f933f622bf7,0xb9405bea8b456b5cb2130a1e99549536e2050119fee624804ba01f933f622bf7,True,,
synth-0163,0x42afff52bee4dd6a2ea10210e6808fd85f2bc76fe97d1ddb999f435568bbb5f8,0x42afff52bee4dd6a2ea10210e6808fd85f2bc76fe97d1ddb999f435568bbb5f8,True,0xc00d3f8b46064c083d87e98ddef97a02d0442af27f4b0ba77f75614449107152,2026-02-04
synth-0164,0x77aec927a6aa7603c5f17dcaaa3f9ba23fdee36638e5c3972f5d7fa3f56a2c4e,0x77aec927a6aa7603c5f17dcaaa3f9ba23fdee36638e5c3972f5d7fa3f56a2c4e,True,0xc00d3f8b46064c083d87e98ddef97a02d0442af27f4b0ba77f75614449107152,2026-02-04
synth-0165,0x3ad8d0007dd893388917a8bd2706d7f1297ae75020731ac82618707b62c77812,0x3ad8d0007dd893388917a8bd2706d7f1297ae75020731ac82618707b62c77812,True,0xc00d3f8b46064c083d87e98ddef97a02d0442af27f4b0ba77f75614449107152,2026-02-04
synth-0166,0x8bfec90c9e64f4aaf248a470d7ee90f16d574d800b4f95323bd2db1b1ce8f5b3,0x8bfec90c9e64f4aaf248a470d7ee90f16d574d800b4f95323bd2db1b1ce8f5b3,True,0xc00d3f8b46064c083d87e98ddef97a02d0442af27f4b0ba77f75614449107152,2026-02-04
synth-0167,0x17ed5be5699c638394484aadfeb21c0905ff0c347ce2f13e5c0c2378b95a73da,0x17ed5be5699c638394484aadfeb21c0905ff0c347ce2f13e5c0c2378b95a73da,True,0xc00d3f8b46064c083d87e98ddef97a02d0442af27f4b0ba77f75614449107152,2026-02-04
synth-0168,0x784eb20fb2f6af527401db445f1c77b16645a2a4485a97c3e72c13295a7bad51,0x784eb20fb2f6af527401db445f1c77b16645a2a4485a97c3e72c13295a7bad51,True,0xc00d3f8b46064c083d87e98ddef97a02d0442af27f4b0ba77f75614449107152,2026-02-04
synth-0169,0x6972223c9daa2f07612d675f7cf372172be2b73b5355d37f42fc5427b781ae03,0x6972223c9daa2f07612d675f7cf372172be2b73b5355d37f42fc5427b781ae03,True,,
synth-0170,0x776beccce429de1f8b65e6a3ece9e606b846417e3059f776abe8ef51193a20b2,0x776beccce429de1f8b65e6a3ece9e606b846417e3059f776abe8ef51193a20b2,True,0xc00d3f8b46064c083d87e98ddef97a02d0442af27f4b0ba77f75614449107152,2026-02-04
synth-0171,0x414681929eed617bca7010f5942bb620712be2220fac575f49b5fc8d609a03fd,0x414681929eed617bca7010f5942bb620712be2220fac575f49b5fc8d609a03fd,True,0xc00d3f8b46064c083d87e98ddef97a02d0442af27f4b0ba77f75614449107152,2026-02-04
synth-0172,0x44f355ffd670525f76d1936f88e57c1a1e2a3f34f72320588e4bec9fdb221744,0x44f355ffd670525f76d1936f88e57c1a1e2a3f34f72320588e4bec9fdb221744,True,,
synth-0173,0x81a7327a5e376831c21c6b0443ef4492a06191bb288005b0f80b40f60db858eb,0x81a7327a5e376831c21c6b0443ef4492a06191bb288005b0f80b40f60db858eb,True,,
synth-0174,0xfbd834896129215583e522237a125c8298928dcd7df41c2275c20432c494aa28,0xfbd834896129215583e522237a125c8298928dcd7df41c2275c20432c494aa28,True,0xc00d3f8b46064c083d87e98ddef97a02d0442af27f4b0ba77f75614449107152,2026-02-04
synth-0175,0xe7a3ec13deb41fd2d2a23c36a98b44507f5afcdce3861b9a1b020fc6f0c48d3c,0xe7a3ec13deb41fd2d2a23c36a98b44507f5afcdce3861b9a1b020fc6f0c48d3c,True,0xc00d3f8b46064c083d87e98ddef97a02d0442af27f4b0ba77f75614449107152,2026-02-04
synth-0176,0xd61b2ed6e8d8a278b19a93bfabfbea31a21b0dfb0deddbda37204ef7a4980cf1,0xd61b2ed6e8d8a278b19a93bfabfbea31a21b0dfb0deddbda37204ef7a4980cf1,True,0xc00d3f8b46064c083d87e98ddef97a02d0442af27f4b0ba77f75614449107152,2026-02-04
synth-0177,0xc5eeece1f451ffd789faf610f89251e683a92759571c7154c376df7149409fb2,0xc5eeece1f451ffd789faf610f89251e683a92759571c7154c376df7149409fb2,True,0xc00d3f8b46064c083d87e98ddef97a02d0442af27f4b0ba77f75614449107152,2026-02-04
synth-0178,0x15c42dc59e0a37247620a233cced744a9e218d220fa67883a1117fe235b3b981,0x15c42dc59e0a37247620a233cced744a9e218d220fa67883a1117fe235b3b981,True,0xc00d3f8b46064c083d87e98ddef97a02d0442af27f4b0ba77f75614449107152,2026-02-04
synth-0179,0xdbcaa8ae842d66a93ec7580dc81e94ec617e839381a4d12a2e241284799e7f95,0xdbcaa8ae842d66a93ec7580dc81e94ec617e839381a4d12a2e241284799e7f95,True,0xc00d3f8b46064c083d87e98ddef97a02d0442af27f4b0ba77f75614449107152,2026-02-04
synth-0180,0x8986e609f2f5e1a22d9dd7aee10aeb9c82b0ca2b621c0487d57d96e6bfe30a50,0x8986e609f2f5e1a22d9dd7aee10aeb9c82b0ca2b621c0487d57d96e6bfe30a50,True,0xc00d3f8b46064c083d87e98ddef97a02d0442af27f4b0ba77f75614449107152,2026-02-04
synth-0181,0xab7074825edcce966003249c707fc33a2737a218f1eb72abc01622a82808b150,0xab7074825edcce966003249c707fc33a2737a218f1eb72abc01622a82808b150,True,0xc00d3f8b46064c083d87e98ddef97a02d0442af27f4b0ba77f75614449107152,2026-02-04
synth-0182,0x6c574cef8f5627674a6fcb16deb75c3ae75e6a46b42b3f3370bd0070b7e9b7d8,0x6c574cef8f5627674a6fcb16deb75c3ae75e6a46b42b3f3370bd0070b7e9b7d8,True,0xc00d3f8b46064c083d87e98ddef97a02d0442af27f4b0ba77f75614449107152,2026-02-04
synth-0183,0x1991a125345312786651443b1c8ab261a2ad8376f938b62f641fc8a1c4db46e2,0x1991a125345312786651443b1c8ab261a2ad8376f938b62f641fc8a1c4db46e2,True,0xc00d3f8b46064c083d87e98ddef97a02d0442af27f4b0ba77f75614449107152,2026-02-04
synth-0184,0xc84a367fa84ec3e4e8d873105f39306712a80b3541001dd7dcd0e62bec9efb86,0xc84a367fa84ec3e4e8d873105f39306712a80b3541001dd7dcd0e62bec9efb86,True,0xc00d3f8b46064c083d87e98ddef97a02d0442af27f4b0ba77f75614449107152,2026-02-04
synth-0185,0x4f20e3599db114c7e9181c6a529a266ee96a54d0a10e31bd7da5f78158049b9b,0x4f20e3599db114c7e9181c6a529a266ee96a54d0a10e31bd7da5f78158049b9b,True,0xc00d3f8b46064c083d87e98ddef97a02d0442af27f4b0ba77f75614449107152,2026-02-04
synth-0186,0x6322121f79232124dfdeb66aa1095eb071f03076cd816ec792fd7254ef5e9a05,0x6322121f79232124dfdeb66aa1095eb071f03076cd816ec792fd7254ef5e9a05,True,0xc00d3f8b46064c083d87e98ddef97a02d0442af27f4b0ba77f75614449107152,2026-02-04
synth-0187,0xde949908a1a27fad2c5d85cf157ac3b6a6f477a8ad3f0b1bc9d4fd3083800028,0xde949908a1a27fad2c5d85cf157ac3b6a6f477a8ad3f0b1bc9d4fd3083800028,True,0xc00d3f8b46064c083d87e98ddef97a02d0442af27f4b0ba77f75614449107152,2026-02-04
synth-0188,0x31bb63d9c88031943c35e86a921725452a6e4e7d0b87f2ab1dadd567c5088dbc,0x31bb63d9c88031943c35e86a921725452a6e4e7d0b87f2ab1dadd567c5088dbc,True,0xc00d3f8b46064c083d87e98ddef97a02d0442af27f4b0ba77f75614449107152,2026-02-04
synth-0189,0x6dcb8741cfecc61966f075fc057fe1e02d2251f697b8f103e6e1d52484705223,0x6dcb8741cfecc61966f075fc057fe1e02d2251f697b8f103e6e1d52484705223,True,0xc00d3f8b46064c083d87e98ddef97a02d0442af27f4b0ba77f75614449107152,2026-02-04
synth-0190,0xd21de821d983a4f9ecf9e5dc6ffbf1cb38f8cff3d311fa620d81c1de12fbf03d,0xd21de821d983a4f9ecf9e5dc6ffbf1cb38f8cff3d311fa620d81c1de12fbf03d,True,0xc00d3f8b46064c083d87e98ddef97a02d0442af27f4b0ba77f75614449107152,2026-02-04
synth-0191,0xe64d28cd48aadc93163ee79bcd7660542b6bbada87ade1e1e8f1ea8f46372d8b,0xe64d28cd48aadc93163ee79bcd7660542b6bbada87ade1e1e8f1ea8f46372d8b,True,0xc00d3f8b46064c083d87e98ddef97a02d0442af27f4b0ba77f75614449107152,2026-02-04
synth-0192,0xa6207b276ac41ed72987abefa90275d6a068e7c70e1a9984324729fc7d54b51e,0xa6207b276ac41ed72987abefa90275d6a068e7c70e1a9984324729fc7d54b51e,True,0xc00d3f8b46064c083d87e98ddef97a02d0442af27f4b0ba77f75614449107152,2026-02-04
synth-0193,0x164b89c28fdbeec43574d024ecc0dda499a505c511bb81f8bd37840f5d859fe2,0x164b89c28fdbeec43574d024ecc0dda499a505c511bb81f8bd37840f5d859fe2,True,0xc00d3f8b46064c083d87e98ddef97a02d0442af27f4b0ba77f75614449107152,2026-02-04
synth-0194,0xd835c6892692340c997aceeb99997ef600982b0e7c356413161833bbf806e3db,0xd835c6892692340c997aceeb99997ef600982b0e7c356413161833bbf806e3db,True,0xc00d3f8b46064c083d87e98ddef97a02d0442af27f4b0ba77f75614449107152,2026-02-04
synth-0195,0x76b10cc7cf8add5975d92219dc4fc7e052efcab50c67c1ae6128308cca5bf90d,0x76b10cc7cf8add5975d92219dc4fc7e052efcab50c67c1ae6128308cca5bf90d,True,0xc00d3f8b46064c083d87e98ddef97a02d0442af27f4b0ba77f75614449107152,2026-02-04
synth-0196,0x16236d1d5a5f7c4abace3ef6f64cf430cb681ee4e50b052a5881c6ca34ce5849,0x16236d1d5a5f7c4abace3ef6f64cf430cb681ee4e50b052a5881c6ca34ce5849,True,0xc00d3f8b46064c083d87e98ddef97a02d0442af27f4b0ba77f75614449107152,2026-02-04
synth-0197,0xbd0863d336a954bcefe27b460757f14527d9e53b7e06a2a3c506aa61d1c86e9f,0xbd0863d336a954bcefe27b460757f14527d9e53b7e06a2a3c506aa61d1c86e9f,True,0xc00d3f8b46064c083d87e98ddef97a02d0442af27f4b0ba77f75614449107152,2026-02-04
synth-0198,0xccf5f6c19287b0e6a2fe80374635b641b5e91c78ca4ea4e0ddaa2f151023f661,0xccf5f6c19287b0e6a2fe80374635b641b5e91c78ca4ea4e0ddaa2f151023f661,True,0xc00d3f8b46064c083d87e98ddef97a02d0442af27f4b0ba77f75614449107152,2026-02-04
synth-0199,0x764ce2b3f4ca2a1277b08f2ae1e333fbcb57d9758b80c1bae2d6b0fdf509574f,0x764ce2b3f4ca2a1277b08f2ae1e333fbcb57d9758b80c1bae2d6b0fdf509574f,True,0xc00d3f8b46064c083d87e98ddef97a02d0442af27f4b0ba77f75614449107152,2026-02-04
synth-0200,0xa82224461d9f0134df8a01ad0cd822f2012841e4cc1885854ddebaba88796b2d,0xa82224461d9f0134df8a01ad0cd822f2012841e4cc1885854ddebaba88796b2d,True,0xc00d3f8b46064c083d87e98ddef97a02d0442af27f4b0ba77f75614449107152,2026-02-04
synth-0201,0x10b0afba9e1992f2b955067d06b6f1b76208bf1ab956dfb64c8c0b8d316d3355,0x10b0afba9e1992f2b955067d06b6f1b76208bf1ab956dfb64c8c0b8d316d3355,True,,
synth-0202,0xa5159555d1bface65d7bc011862f66f4a67008fb7a83834d0323092477417857,0xa5159555d1bface65d7bc011862f66f4a67008fb7a83834d0323092477417857,True,,
synth-0203,0xaa8366b544e7949cd2450d994e023cdadfbf9cba22e9878bc830fcb68811c71d,0xaa8366b544e7949cd2450d994e023cdadfbf9cba22e9878bc830fcb68811c71d,True,,
synth-0204,0xac3ee77d3a6c17d9e63a4b2e1c1b6fa3cecad05fd88e27d201a86b74dd3ecd31,0xac3ee77d3a6c17d9e63a4b2e1c1b6fa3cecad05fd88e27d201a86b74dd3ecd31,True,,
synth-0205,0x0a1b0301daf909841a9960541da4d8fb8b40234f608004d42a10bcb594d59ebb,0x0a1b0301daf909841a9960541da4d8fb8b40234f608004d42a10bcb594d59ebb,True,,
synth-0206,0xec0c5a8b36f21af43541b01e8249fccfaf6bb5d16671b8b9f1c1426d152e3277,0xec0c5a8b36f21af43541b01e8249fccfaf6bb5d16671b8b9f1c1426d152e3277,True,,
synth-0207,0x4ebce17f0bab7388502f06fa8e7898eaf05dc970e430fcd35009e0a4f82f0de9,0x4ebce17f0bab7388502f06fa8e7898eaf05dc970e430fcd35009e0a4f82f0de9,True,,
synth-0208,0x091af31bc9c330bbfe095e803974de3378b66ce5d0801c7184ec9454b2679e0a,0x091af31bc9c330bbfe095e803974de3378b66ce5d0801c7184ec9454b2679e0a,True,,
synth-0209,0x5a8f1eb73b311d9dc2a93cb02cac6ae70032d5575d5764aae050aee9341b20d0,0x5a8f1eb73b311d9dc2a93cb02cac6ae70032d5575d5764aae050aee9341b20d0,True,,
synth-0210,0x5c443c9da15a8bc32ab48fc049f289e546fa078dacd69d11cf2b884625ac9875,0x5c443c9da15a8bc32ab48fc049f289e546fa078dacd69d11cf2b884625ac9875,True,,
synth-0211,0x2925fa2b1133bd3e82d4bb0383b145aa2d2a61f6589e77b232a7523d05190f3d,0x2925fa2b1133bd3e82d4bb0383b145aa2d2a61f6589e77b232a7523d05190f3d,True,,
synth-0212,0xdec443a0de285222e5c3774358072a2121cb1a56a6031fd741c757898b5743cf,0xdec443a0de285222e5c3774358072a2121cb1a56a6031fd741c757898b5743cf,True,,
synth-0213,0x7f85cd67e7d379e26bd22116d13fd230edfd0fc8b33b4ed7c09277e7bf08e5b6,0x7f85cd67e7d379e26bd22116d13fd230edfd0fc8b33b4ed7c09277e7bf08e5b6,True,,
synth-0214,0xf999a37c1d7fc690fcbfe8a40182ea69d32b36292858b42443a0dba91f6a38cc,0xf999a37c1d7fc690fcbfe8a40182ea69d32b36292858b42443a0dba91f6a38cc,True,,
synth-0215,0xb278219d925166249163479f43f91347cb52fbe2f0c425bb1219ac0730ee5b16,0xb278219d925166249163479f43f91347cb52fbe2f0c425bb1219ac0730ee5b16,True,,
synth-0216,0xa447775c4c92f61525dfe27f7b84b17690cc32a5279fa7fc3aff078a960309fd,0xa447775c4c92f61525dfe27f7b84b17690cc32a5279fa7fc3aff078a960309fd,True,,
synth-0217,0xedc385f58583a6cc5ff9240e51a58642f55b3b484063912b41f5506579f64bc1,0xedc385f58583a6cc5ff9240e51a58642f55b3b484063912b41f5506579f64bc1,True,,
synth-0218,0xe6b5183cee5511b814869bc77d8c990bda506720b4f989c239d05080d1790ce8,0xe6b5183cee5511b814869bc77d8c990bda506720b4f989c239d05080d1790ce8,True,,
synth-0219,0x48c362365fed4cbd9a9d6fc9c09611fb088dc00e1039d1092a9ff42f10e847c2,0x48c362365fed4cbd9a9d6fc9c09611fb088dc00e1039d1092a9ff42f10e847c2,True,,
synth-0220,0x7f258debd4eeadf763436b0fee00ae663afe1c9409e442d3253422175bf6f790,0x7f258debd4eeadf763436b0fee00ae663afe1c9409e442d3253422175bf6f790,True,,
synth-0221,0xcd9b160e65ebf5becaf99cac2988c46d59034409f73f37629283a7fb32583954,0xcd9b160e65ebf5becaf99cac2988c46d59034409f73f37629283a7fb32583954,True,,
synth-0222,0xd153513d969fe2dfed417daf8ab98764261484e581d4870901c209e4e725926c,0xd153513d969fe2dfed417daf8ab98764261484e581d4870901c209e4e725926c,True,,
synth-0223,0x679528ae92292c68771f43bbefd92f81fcafcf381e92e3507419232dcacb63ef,0x679528ae92292c68771f43bbefd92f81fcafcf381e92e3507419232dcacb63ef,True,,
synth-0224,0x2961d99ec1dca690e4de94cda7cd906e0ac4ddca24b4fdc458ee780588239255,0x2961d99ec1dca690e4de94cda7cd906e0ac4ddca24b4fdc458ee780588239255,True,,
synth-0225,0xef7de333d47c068326ee9164a143918d46914221b385ef58d896064e50c92827,0xef7de333d47c068326ee9164a143918d46914221b385ef58d896064e50c92827,True,,
synth-0226,0xd900886ca2e3999487107e7ef99c41d0c0d34a3e0da8bcab75b1909c42cf6495,0xd900886ca2e3999487107e7ef99c41d0c0d34a3e0da8bcab75b1909c42cf6495,True,,
synth-0227,0x7cc49e097e0a42a3b7007b34255aa2e9f317ca238251ada2e7535f8c15ecfa0e,0x7cc49e097e0a42a3b7007b34255aa2e9f317ca238251ada2e7535f8c15ecfa0e,True,,
synth-0228,0x116ec67aea4b937ec67c98a208b4fd8e7e3eb449ca29b68af0c44841e6c5c929,0x116ec67aea4b937ec67c98a208b4fd8e7e3eb449ca29b68af0c44841e6c5c929,True,,
synth-0229,0xdbe30c1f27b427d146696496d2f3c8d7c172c8ba452dc35fa4b2313dc9ce6f22,0xdbe30c1f27b427d146696496d2f3c8d7c172c8ba452dc35fa4b2313dc9ce6f22,True,,
synth-0230,0x55a0043a8d821b79e5a89a463767cc72da41b256cf85338b2b185d2cdea8e91e,0x55a0043a8d821b79e5a89a463767cc72da41b256cf85338b2b185d2cdea8e91e,True,,
synth-0231,0x95af7e152a20f138a4fd73256f7af6e15447af31ed57db887580fb8ac23ddb07,0x95af7e152a20f138a4fd73256f7af6e15447af31ed57db887580fb8ac23ddb07,True,,
synth-0232,0x4e8afa862a1048de32b24029ffb2d69d3ebb0b4937a75f6523ca9c59e79f46da,0x4e8afa862a1048de32b24029ffb2d69d3ebb0b4937a75f6523ca9c59e79f46da,True,,
synth-0233,0x9900c2723da93d5c8da97bea7c8799e4e895b1cb517675c84a23d1a5ddf0f85f,0x9900c2723da93d5c8da97bea7c8799e4e895b1cb517675c84a23d1a5ddf0f85f,True,,
synth-0234,0x0c8d91abf1b347d7de4680b9c03faecffeba92c65e473de3f077d6c1a88df8d4,0x0c8d91abf1b347d7de4680b9c03faecffeba92c65e473de3f077d6c1a88df8d4,True,,
synth-0235,0xc6e99ba3e7ccefddd86f08feaeba057a9db3c780c87ce5e2048b52767fe76610,0xc6e99ba3e7ccefddd86f08feaeba057a9db3c780c87ce5e2048b52767fe76610,True,,
synth-0236,0xfe03eacbd9c0987d5451e145ecd6a90681da381151ea33c37286fb4157bb32c6,0xfe03eacbd9c0987d5451e145ecd6a90681da381151ea33c37286fb4157bb32c6,True,,
synth-0237,0x0e50331d1727fa7188ffc0ba3a0d6fb33bac3e4f9ae91f90fb6e54faf38fc8cf,0x0e50331d1727fa7188ffc0ba3a0d6fb33bac3e4f9ae91f90fb6e54faf38fc8cf,True,,
synth-0238,0x76648203143d3cfa4668977796889e5cc8364c78b1f93aedacfe1d8e2cd0cb97,0x76648203143d3cfa4668977796889e5cc8364c78b1f93aedacfe1d8e2cd0cb97,True,,
synth-0239,0xe583552b979f9af760749f6897fb910eaab2be9e63668d4e47b2cbfc36f0dfe1,0xe583552b979f9af760749f6897fb910eaab2be9e63668d4e47b2cbfc36f0dfe1,True,,
synth-0240,0x2a9a2205dd30dc63c31c249fcb1843889bb083bcc7d2254ef663f3dc52055a43,0x2a9a2205dd30dc63c31c249fcb1843889bb083bcc7d2254ef663f3dc52055a43,True,,
synth-0241,0xa4a34e7978de7bc586e463d99d4ebee56cb47f9b40198627d2685cb30111d74d,0xa4a34e7978de7bc586e463d99d4ebee56cb47f9b40198627d2685cb30111d74d,True,,
synth-0242,0x750ec9365fed72810652947a834a8a17e3b18a67b2086e45b0ee5358de1e767b,0x750ec9365fed72810652947a834a8a17e3b18a67b2086e45b0ee5358de1e767b,True,,
synth-0243,0xff457e6a8477cb331e7000daee67ff906d1e00219e45c8b5b926671b21c78455,0xff457e6a8477cb331e7000daee67ff906d1e00219e45c8b5b926671b21c78455,True,,
synth-0244,0x85a055927f69d7fd3c0509c3fe1adea442bb8bcd48294af006a4e024a1d46cc2,0x85a055927f69d7fd3c0509c3fe1adea442bb8bcd48294af006a4e024a1d46cc2,True,,
synth-0245,0x7141b446877c839ad6be8c93d223a13fb72c2ba2291dec9a532eea1c9652b3b4,0x7141b446877c839ad6be8c93d223a13fb72c2ba2291dec9a532eea1c9652b3b4,True,,
synth-0246,0x8ffad6e8e625241393f8aadcdde50aa927539d240d9e38ccdb2b0ae05ea5a045,0x8ffad6e8e625241393f8aadcdde50aa927539d240d9e38ccdb2b0ae05ea5a045,True,,
synth-0247,0xaa3803ae27008cb96c0de43ea78a0214f67b3095ffea68a5b48ae12d64011484,0xaa3803ae27008cb96c0de43ea78a0214f67b3095ffea68a5b48ae12d64011484,True,,
synth-0248,0x8bf23317770046f6e16790e3d13d73787619cf20267225ee5ac29a96afdf0c9b,0x8bf23317770046f6e16790e3d13d73787619cf20267225ee5ac29a96afdf0c9b,True,,
synth-0249,0x9d494cec61c6d917c7f696f79592629d1ca72acbe8ae8f51285700897263e666,0x9d494cec61c6d917c7f696f79592629d1ca72acbe8ae8f51285700897263e666,True,,
synth-0250,0xb6657a8971b4028a82a63c5af7e444842cf3dcc62c203b6d40ef050679dce247,0xb6657a8971b4028a82a63c5af7e444842cf3dcc62c203b6d40ef050679dce247,True,,
synth-0251,0x37b0064137912bc548157cd998f1e4ee99857004e8e41dfea8b3cc22571ab764,0x37b0064137912bc548157cd998f1e4ee99857004e8e41dfea8b3cc22571ab764,True,,
synth-0252,0xe0ceb99569ab3733ee5fff3cca4d54f0aa908c3d6883d8dcc1a274f440149194,0xe0ceb99569ab3733ee5fff3cca4d54f0aa908c3d6883d8dcc1a274f440149194,True,,
synth-0253,0x55698b6baece9f64c12f6e523921e3a2da7a12deeb0dba688f1129db98060e83,0x55698b6baece9f64c12f6e523921e3a2da7a12deeb0dba688f1129db98060e83,True,,
synth-0254,0x53aea5455e1564eaa03060c6e0c4a4d05eb97b7d18700b6033489af4099f838e,0x53aea5455e1564eaa03060c6e0c4a4d05eb97b7d18700b6033489af4099f838e,True,,
synth-0255,0xb080f4d37de787585b82fb349e478c39ffa17c91d283bc2cb37d035ac80db9a0,0xb080f4d37de787585b82fb349e478c39ffa17c91d283bc2cb37d035ac80db9a0,True,,
synth-0256,0x0a5d8f390d6721f5c30a84f0353eeaa13fbefe4c644a6f243f8faa0fe892ab73,0x0a5d8f390d6721f5c30a84f0353eeaa13fbefe4c644a6f243f8faa0fe892ab73,True,,
synth-0257,0xa816662a8aebd5572baee46670050e331a63a8d98d97422bda1f505b93e5dcbe,0xa816662a8aebd5572baee46670050e331a63a8d98d97422bda1f505b93e5dcbe,True,,
synth-0258,0xeb08998e18efc14e6bbb979d6f891c43af5f9da421bffbeeb859aeacf67cb960,0xeb08998e18efc14e6bbb979d6f891c43af5f9da421bffbeeb859aeacf67cb960,True,,
synth-0259,0xfd9673834e32c22ff5cf579bf305b21e96598ddb362125f72e58160886454ec3,0xfd9673834e32c22ff5cf579bf305b21e96598ddb362125f72e58160886454ec3,True,,
synth-0260,0x157750b4441fb6ee6a358a05996fafe4a857383a8fff9fcb9b6da4f11c2429f9,0x157750b4441fb6ee6a358a05996fafe4a857383a8fff9fcb9b6da4f11c2429f9,True,,
synth-0261,0xfd6dedf61290eafbbeda45d05d9823c142a47f10ef8344addeaf4a17e47c4723,0xfd6dedf61290eafbbeda45d05d9823c142a47f10ef8344addeaf4a17e47c4723,True,,
synth-0262,0x05450815c9aeaf3840c895e47ed54c0b1f0afe79cd382abb7e168b92d1d47b33,0x05450815c9aeaf3840c895e47ed54c0b1f0afe79cd382abb7e168b92d1d47b33,True,,
synth-0263,0x1576bdccd1c24c98275755dcc77899e3979af9763444f73659475c4cf0ac2799,0x1576bdccd1c24c98275755dcc77899e3979af9763444f73659475c4cf0ac2799,True,,
synth-0264,0x08f70ed47c8077192eae2174f9b633b98e719e65bfbacef45b52b17f383ba0ad,0x08f70ed47c8077192eae2174f9b633b98e719e65bfbacef45b52b17f383ba0ad,True,,
synth-0265,0x581ec1f4d99de9d510679303f0c38ed0fdca5739e84bee539f6a346785f5157d,0x581ec1f4d99de9d510679303f0c38ed0fdca5739e84bee539f6a346785f5157d,True,,
synth-0266,0x1aaed9efe4b8df394dc403a5a48836fe28793089b5bf662a72d8a98598748986,0x1aaed9efe4b8df394dc403a5a48836fe28793089b5bf662a72d8a98598748986,True,,
synth-0267,0x209340a894c9fda87c5b4169e46f9b4b872c52913fc8813ebbbb6b0b9fa78308,0x209340a894c9fda87c5b4169e46f9b4b872c52913fc8813ebbbb6b0b9fa78308,True,,
synth-0268,0x79f78353bfb3a962dca6020a259bdaf4bcda02091e02532f7749ca9a59667fab,0x79f78353bfb3a962dca6020a259bdaf4bcda02091e02532f7749ca9a59667fab,True,,
synth-0269,0x6444e3d5eef534a5997139404069d101d5abaa509cd2b792781b2aa5e8dbc8c4,0x6444e3d5eef534a5997139404069d101d5abaa509cd2b792781b2aa5e8dbc8c4,True,,
synth-0270,0xb187d5ee267080e79ff72d337982b3e7de509c3082ab0d4ee27e73a35c8dca01,0xb187d5ee267080e79ff72d337982b3e7de509c3082ab0d4ee27e73a35c8dca01,True,,
synth-0271,0x080b38df6b66ea709071fd9a3adaeb5bbe80243769a65c142a13de101a9f4d40,0x080b38df6b66ea709071fd9a3adaeb5bbe80243769a65c142a13de101a9f4d40,True,,
synth-0272,0x8a696ead7a67131e9bd7e207f72dc52d849b43575e6b193e30294d2580eba6fe,0x8a696ead7a67131e9bd7e207f72dc52d849b43575e6b193e30294d2580eba6fe,True,,
synth-0273,0x742bccf71e0fc4d5678d7764a6ded4bc1db94dc7e50dfa6f795099f964be7879,0x742bccf71e0fc4d5678d7764a6ded4bc1db94dc7e50dfa6f795099f964be7879,True,,
synth-0274,0xf32359cbf045bd443de07fdbf0baf171ce060522efbbf621b324dd3bd1dc6076,0xf32359cbf045bd443de07fdbf0baf171ce060522efbbf621b324dd3bd1dc6076,True,,
synth-0275,0xd11fa785e467b771181656ce01b437f0590838fd48eb7523a2fc799789edb856,0xd11fa785e467b771181656ce01b437f0590838fd48eb7523a2fc799789edb856,True,,
synth-0276,0xddeb23be8689ea68cfb5e4a0bbb7a39c0eeaee2c99098dd50dc9eb77378b12e1,0xddeb23be8689ea68cfb5e4a0bbb7a39c0eeaee2c99098dd50dc9eb77378b12e1,True,,
synth-0277,0xd4cd2a7a31cff673e2d4a6decd5949b9addb49ee5bcf7bd28883631b62171556,0xd4cd2a7a31cff673e2d4a6decd5949b9addb49ee5bcf7bd28883631b62171556,True,,
synth-0278,0x4bac853896141438589d08aa720197f40d1ee3d4ba094a31e5beb8c4c5ccc26e,0x4bac853896141438589d08aa720197f40d1ee3d4ba094a31e5beb8c4c5ccc26e,True,,
synth-0279,0x3322e97d08fdfe3b840295228766262fe5289f6581bae976ed397c77960adc72,0x3322e97d08fdfe3b840295228766262fe5289f6581bae976ed397c77960adc72,True,,
synth-0280,0x68514bf93708ac70772f1111bd102d8ed1ca54b1d267cca80db7541239403e1f,0x68514bf93708ac70772f1111bd102d8ed1ca54b1d267cca80db7541239403e1f,True,,
synth-0281,0xa581091271bbac5bd67c8973ae647767c22afa21332deec98fd43b1715d9ebf8,0xa581091271bbac5bd67c8973ae647767c22afa21332deec98fd43b1715d9ebf8,True,,
synth-0282,0x63ddfcbb305982f007290aa3316f889c138d3c467f38acd01e4357bcd0a300a1,0x63ddfcbb305982f007290aa3316f889c138d3c467f38acd01e4357bcd0a300a1,True,,
synth-0283,0x5c1d0bd69f6245054cb9274500dc5a3b8dc1a23720b741910b202c36899397ab,0x5c1d0bd69f6245054cb9274500dc5a3b8dc1a23720b741910b202c36899397ab,True,,
synth-0284,0xd735185b6314307afafbe24227333639f15d5a64a6eb9053585bf5b73a1b13d1,0xd735185b6314307afafbe24227333639f15d5a64a6eb9053585bf5b73a1b13d1,True,,
synth-0285,0xc9b3817b1a03edc6118d7a1cbfa37146007962daaf8d72a9771c848b105dd129,0xc9b3817b1a03edc6118d7a1cbfa37146007962daaf8d72a9771c848b105dd129,True,,
synth-0286,0x6d520091c8c8f214327e83bfdb0e873b10908824a89cfbb516a26bace3547145,0x6d520091c8c8f214327e83bfdb0e873b10908824a89cfbb516a26bace3547145,True,,
synth-0287,0xc1d3a7f125429b66314ede2ee8fbc4315f2b20643a3a48daf20893f518a7a47f,0xc1d3a7f125429b66314ede2ee8fbc4315f2b20643a3a48daf20893f518a7a47f,True,,
synth-0288,0x0488b4d365e715a67a632d265a4d1c154b9bd28bc795af5ba03b031752fe79b0,0x0488b4d365e715a67a632d265a4d1c154b9bd28bc795af5ba03b031752fe79b0,True,,
synth-0289,0xd8d86084683e0ac80894add59eb3a4bc44641bd48a6a683a673d28b345620c55,0xd8d86084683e0ac80894add59eb3a4bc44641bd48a6a683a673d28b345620c55,True,,
synth-0290,0xa0318c5830a33704e11e8ccc7cc2ce5dee39105090a28cee4b80738b381e6d8b,0xa0318c5830a33704e11e8ccc7cc2ce5dee39105090a28cee4b80738b381e6d8b,True,,
synth-0291,0xff6d495809a8acf138a7a5d07342ddf41a32087bd9e5d2c984c941f4b606fd73,0xff6d495809a8acf138a7a5d07342ddf41a32087bd9e5d2c984c941f4b606fd73,True,,
synth-0292,0xb9255839c52a5698243cad7eff2edbf83074efa2e17a26cbf34f5c11b6f811a8,0xb9255839c52a5698243cad7eff2edbf83074efa2e17a26cbf34f5c11b6f811a8,True,,
synth-0293,0x856bdc1a363ea8d7110b5c46c7d69f941a3d3b3a513ecdc47c31c85587c4e14d,0x856bdc1a363ea8d7110b5c46c7d69f941a3d3b3a513ecdc47c31c85587c4e14d,True,,
synth-0294,0x00e4363c8454fef0ab77b84e359f747114c071b98cd246cd9364c9f66abfaa4c,0x00e4363c8454fef0ab77b84e359f747114c071b98cd246cd9364c9f66abfaa4c,True,,
synth-0295,0xda775515df519831b1bb4021671b6063cb125173b63503a9f90dbfe5e7bf7887,0xda775515df519831b1bb4021671b6063cb125173b63503a9f90dbfe5e7bf7887,True,,
synth-0296,0x307dc79360ba20c546a3553465d5117add968d19a38db0d217ee4dcce15b03f6,0x307dc79360ba20c546a3553465d5117add968d19a38db0d217ee4dcce15b03f6,True,,
synth-0297,0x2d05e7a1dac4682ab4b7e1a30d58f5746c394aa5f87dcc876c0a615c50c5926e,0x2d05e7a1dac4682ab4b7e1a30d58f5746c394aa5f87dcc876c0a615c50c5926e,True,,
synth-0298,0x14d451704af3d49c1f34067da4e13a491826a6d7f92ed1e7ea2bb30b1293a97a,0x14d451704af3d49c1f34067da4e13a491826a6d7f92ed1e7ea2bb30b1293a97a,True,,
synth-0299,0xf3471191a765bb82d13ca30647f174364328b044ec0540058a664695de528378,0xf3471191a765bb82d13ca30647f174364328b044ec0540058a664695de528378,True,,
synth-0300,0x2d452dfa826ddee1a532e83661eca5d0e563175f8b39af7e4893212905ffe489,0x2d452dfa826ddee1a532e83661eca5d0e563175f8b39af7e4893212905ffe489,True,,
synth-0301,0xed89fbedfbbba782dd2a14c826cd0ce7871beab12676a30e1c056f1169460d7d,0xed89fbedfbbba782dd2a14c826cd0ce7871beab12676a30e1c056f1169460d7d,True,,
synth-0302,0x74c63e1d388e1f565dff450f2270145db7253b841437f95df63151411455f314,0x74c63e1d388e1f565dff450f2270145db7253b841437f95df63151411455f314,True,,
synth-0303,0x1c909d3f5ebf1a51a8c854dee71ce24853f263a0fca84e619d6c32332f87fe2a,0x1c909d3f5ebf1a51a8c854dee71ce24853f263a0fca84e619d6c32332f87fe2a,True,,
synth-0304,0x3d76316d9920326f4e1d37d39927f8a66134a08bdc3fbb389827e0664f4cfc1e,0x3d76316d9920326f4e1d37d39927f8a66134a08bdc3fbb389827e0664f4cfc1e,True,,
synth-0305,0x5b414797947d7d9268a17b64ca430c41035ef0f421082c3e70c51ba5fe703bcf,0x5b414797947d7d9268a17b64ca430c41035ef0f421082c3e70c51ba5fe703bcf,True,,
synth-0306,0xdfee72f9a44f0340d9bf71da4c9415119ae4956f6cd0e1d13ba75959dd3fb751,0xdfee72f9a44f0340d9bf71da4c9415119ae4956f6cd0e1d13ba75959dd3fb751,True,,
synth-0307,0xca2e4f5c2177b3a34f7e171860be250d7bb13315b16c2ad49b122b98c586dbe6,0xca2e4f5c2177b3a34f7e171860be250d7bb13315b16c2ad49b122b98c586dbe6,True,,
synth-0308,0x846aad1ab8cdde84f7d60f9f9280700eaf53ca50d7d9d823c3d3593c7f84ccaf,0x846aad1ab8cdde84f7d60f9f9280700eaf53ca50d7d9d823c3d3593c7f84ccaf,True,,
synth-0309,0x613adf810c5aa45d44c7b00d8ce93a9f66b9982ff55d5dfe20427479c9ef206f,0x613adf810c5aa45d44c7b00d8ce93a9f66b9982ff55d5dfe20427479c9ef206f,True,,
synth-0310,0x19e8a2d46717552dd23edd39bd520ebcf254d41b2f65959793cbc28c36fa4d70,0x19e8a2d46717552dd23edd39bd520ebcf254d41b2f65959793cbc28c36fa4d70,True,,
synth-0311,0x5ee57d94dc1d714ec4cacf17538794757ad822a3002ac2b7ab144d926eb5bb83,0x5ee57d94dc1d714ec4cacf17538794757ad822a3002ac2b7ab144d926eb5bb83,True,,
synth-0312,0xc3518aec720d6c790f55130a2afc68343bbb5d6fc0502b516d12c2afdedfa2c4,0xc3518aec720d6c790f55130a2afc68343bbb5d6fc0502b516d12c2afdedfa2c4,True,,
synth-0313,0x067e4dd9c81422c27104d232ce6997a25e7af7832819b5f591e40e68fc3e9f1a,0x067e4dd9c81422c27104d232ce6997a25e7af7832819b5f591e40e68fc3e9f1a,True,,
synth-0314,0x5073b3c56dbe31bb8a3df2f11704cc5ac40e5466832368511ed366a12a60d8a3,0x5073b3c56dbe31bb8a3df2f11704cc5ac40e5466832368511ed366a12a60d8a3,True,,
synth-0315,0x71f3d5ad51e9178fb71f129ab9a1637054b10d808bbe70b9602acfc3c47fc544,0x71f3d5ad51e9178fb71f129ab9a1637054b10d808bbe70b9602acfc3c47fc544,True,,
synth-0316,0x125e6ed91108376520f1a863068d3b79e150329d1a59ef4b7bc624165412a8cd,0x125e6ed91108376520f1a863068d3b79e150329d1a59ef4b7bc624165412a8cd,True,,
synth-0317,0x63bbc9352cff900fe53be009c09c94351a16fdb528e90e64a09ea05f457eda41,0x63bbc9352cff900fe53be009c09c94351a16fdb528e90e64a09ea05f457eda41,True,,
synth-0318,0xb6950f0e0c1c5ed737e0c32b44188e8901f283e6fae358197a3622af72a36855,0xb6950f0e0c1c5ed737e0c32b44188e8901f283e6fae358197a3622af72a36855,True,,
synth-0319,0x9f478bd179a9d0b3cf368cbddfb35fc8eeeadb949c6783d68498fa9c8173dbfe,0x9f478bd179a9d0b3cf368cbddfb35fc8eeeadb949c6783d68498fa9c8173dbfe,True,,
synth-0320,0xf31cc2f65add6a3acc4d4dba793e26d894b6ed28c2ffeaf6cce8f61500039034,0xf31cc2f65add6a3acc4d4dba793e26d894b6ed28c2ffeaf6cce8f61500039034,True,,
synth-0321,0x4a160830cfcb4d39116910ad33525dcf3a60309f11ebbdd2e062f232eb781b00,0x4a160830cfcb4d39116910ad33525dcf3a60309f11ebbdd2e062f232eb781b00,True,,
synth-0322,0x587c1129bb3b850e8fed52b96ed9b1db69e5d2ff8b0b08ecb70e61d2b711a856,0x587c1129bb3b850e8fed52b96ed9b1db69e5d2ff8b0b08ecb70e61d2b711a856,True,,
synth-0323,0x009f92574d6e9232fbfb4ba994f7625ef4d392344ba3da8b3b613020831a21b4,0x009f92574d6e9232fbfb4ba994f7625ef4d392344ba3da8b3b613020831a21b4,True,,
synth-0324,0x0d1413e7f825eae0b6ff4141b489f73b5393fd24821be588b7a3e8e670b63325,0x0d1413e7f825eae0b6ff4141b489f73b5393fd24821be588b7a3e8e670b63325,True,,
synth-0325,0x2c3b80887ea24ae4de3c238366c547f771b657d5044dbe2cb1bf2cfa83504bdc,0x2c3b80887ea24ae4de3c238366c547f771b657d5044dbe2cb1bf2cfa83504bdc,True,,
synth-0326,0xdaecd73aee930162c696435646885edac95b31214a1a073e87ada054d2379d08,0xdaecd73aee930162c696435646885edac95b31214a1a073e87ada054d2379d08,True,,
synth-0327,0x4aa769ef4dd73e846dc57e8f560d7f8e1e7e662ee2fd5c07972dcf7777a0c893,0x4aa769ef4dd73e846dc57e8f560d7f8e1e7e662ee2fd5c07972dcf7777a0c893,True,,
synth-0328,0xec9cbf31fcc38d1fe8b3566f0aa8740dc577590be42063679363f6ded8909246,0xec9cbf31fcc38d1fe8b3566f0aa8740dc577590be42063679363f6ded8909246,True,,
synth-0329,0x583aa565c22c1a28bec238e51de1667588d56c775db890e00769f3ddc5370534,0x583aa565c22c1a28bec238e51de1667588d56c775db890e00769f3ddc5370534,True,,
synth-0330,0xb76ab09860d797fb0d18cdcb373b571db3ca96e81dc4e2895e6a6952c328aaf3,0xb76ab09860d797fb0d18cdcb373b571db3ca96e81dc4e2895e6a6952c328aaf3,True,,
synth-0331,0xe492b3586b35dde3f10dcb293a4c6e78a878041a692083ef84a6689cde69ffc3,0xe492b3586b35dde3f10dcb293a4c6e78a878041a692083ef84a6689cde69ffc3,True,,
synth-0332,0x46a7d854d32d497e89c8f4ab024f9b004bdfb77d296e5ee304abfeed78ce1413,0x46a7d854d32d497e89c8f4ab024f9b004bdfb77d296e5ee304abfeed78ce1413,True,,
synth-0333,0x75bf7213aef071bb82a43932b03ef7f373026555d1492509733b82c85a12c029,0x75bf7213aef071bb82a43932b03ef7f373026555d1492509733b82c85a12c029,True,,
synth-0334,0xa79681a0c3e432126d2e0d0c460a697a950bd0910792e8f4d43e8a275198e907,0xa79681a0c3e432126d2e0d0c460a697a950bd0910792e8f4d43e8a275198e907,True,,
synth-0335,0x1944684bfefac390ab65b91bec79816fe7d263fafca020be8403f2ce80e96043,0x1944684bfefac390ab65b91bec79816fe7d263fafca020be8403f2ce80e96043,True,,
synth-0336,0x0f9d16db003362c98535d8d493324d386d5ac01ce3ce6ef5e76a3430e5307504,0x0f9d16db003362c98535d8d493324d386d5ac01ce3ce6ef5e76a3430e5307504,True,,
synth-0337,0x837b4e45f381ad896702d37cdaebc1c3dd3940fd9149b59b5059bcf7f2d0e026,0x837b4e45f381ad896702d37cdaebc1c3dd3940fd9149b59b5059bcf7f2d0e026,True,,
synth-0338,0x2ea6133a803ad533f0a13b1ff77b52abe292e5cb0fb164f3646b4cc83ad45f72,0x2ea6133a803ad533f0a13b1ff77b52abe292e5cb0fb164f3646b4cc83ad45f72,True,,
synth-0339,0x2e463257bceaa621b53682e3494a709e4068e9fab9e923ac7558baec5fc521ab,0x2e463257bceaa621b53682e3494a709e4068e9fab9e923ac7558baec5fc521ab,True,,
synth-0340,0xf79e85ceca0a9da4b3b61834677a4bff9cb8292d27be05584b7ce7e96087a094,0xf79e85ceca0a9da4b3b61834677a4bff9cb8292d27be05584b7ce7e96087a094,True,,
synth-0341,0xf28566802017b9c80c5d8b694cb3d46bc2b2b3ccebec3e911416172da1589e58,0xf28566802017b9c80c5d8b694cb3d46bc2b2b3ccebec3e911416172da1589e58,True,,
synth-0342,0xc6ba929fabb605771b8a6fccf7f30cd14c069410ef1eab2b3772cda4849635cc,0xc6ba929fabb605771b8a6fccf7f30cd14c069410ef1eab2b3772cda4849635cc,True,,
synth-0343,0x837e8d81488aae3d12b7dcf34ea59b81b4591c3d6fac3897babfffcf631d960f,0x837e8d81488aae3d12b7dcf34ea59b81b4591c3d6fac3897babfffcf631d960f,True,,
synth-0344,0x87835a673593a71d71ea9ff249e79eb56e1815fa17fba2e10447f52e95870564,0x87835a673593a71d71ea9ff249e79eb56e1815fa17fba2e10447f52e95870564,True,,
synth-0345,0x2021fc6f4f83c8d09ca9a70172fe86ae5049276d94d52e6a73ba1202b7f3be12,0x2021fc6f4f83c8d09ca9a70172fe86ae5049276d94d52e6a73ba1202b7f3be12,True,,
synth-0346,0xf3c63508325b14a8a3dd8bc062f3001b849efc8deac856407cb0d83195ace896,0xf3c63508325b14a8a3dd8bc062f3001b849efc8deac856407cb0d83195ace896,True,,
synth-0347,0x4729dfa40ebf9ff4cfcdb869574682628ad71fcaff05191f68c1c262f87c73a1,0x4729dfa40ebf9ff4cfcdb869574682628ad71fcaff05191f68c1c262f87c73a1,True,,
synth-0348,0xc70ef8b441a80a888e3af4a37b98479aa272fee785d157c63871d55db6793b19,0xc70ef8b441a80a888e3af4a37b98479aa272fee785d157c63871d55db6793b19,True,,
synth-0349,0xd99f8e5ff44e716dd28eb4799b931e7cce04260d5b43a3c13d529b8d3bb305e5,0xd99f8e5ff44e716dd28eb4799b931e7cce04260d5b43a3c13d529b8d3bb305e5,True,,
synth-0350,0x9bab16f16662c26f7ee6d3d1ce0c4f0d453320f4e025ebfd31a0d88030f75a44,0x9bab16f16662c26f7ee6d3d1ce0c4f0d453320f4e025ebfd31a0d88030f75a44,True,,
synth-0351,0xf9512f2d84310099e9321343d13acf36fad27de6ac47336750debb58d7031089,0xf9512f2d84310099e9321343d13acf36fad27de6ac47336750debb58d7031089,True,,
synth-0352,0xc023b9d9e8c31f70b22d0d865228fd618998f322aafddcc9bb766cfe99fb8350,0xc023b9d9e8c31f70b22d0d865228fd618998f322aafddcc9bb766cfe99fb8350,True,,
synth-0353,0xfeeea5de1ddf60361b73b39b0944fdd30808746dbff8a8e0442d5c91319edd2d,0xfeeea5de1ddf60361b73b39b0944fdd30808746dbff8a8e0442d5c91319edd2d,True,,
synth-0354,0x80c8b8f150cf14a4b2f5523e5481c41f64ad8ec97fb2ab53413c0a811aad519b,0x80c8b8f150cf14a4b2f5523e5481c41f64ad8ec97fb2ab53413c0a811aad519b,True,,
synth-0355,0x64a156ba8765e3dea3add70ee495a9b54a86d26e4caf29703c7c51324eff586b,0x64a156ba8765e3dea3add70ee495a9b54a86d26e4caf29703c7c51324eff586b,True,,
synth-0356,0x10a8b9ef2542ee2284a0b475b8cb6ba69cd2e4ac15611a1ce6c60ef56b19cefa,0x10a8b9ef2542ee2284a0b475b8cb6ba69cd2e4ac15611a1ce6c60ef56b19cefa,True,,
synth-0357,0xf1d04cc577ad4392235ea3a7ac9882d2bf19aa1ff4f8b252c7042f05e821d0bd,0xf1d04cc577ad4392235ea3a7ac9882d2bf19aa1ff4f8b252c7042f05e821d0bd,True,,
synth-0358,0x089df49473a0dd3d0efa60c4c32ce17e8208b4a1be07376ab27df2e3fcc2d643,0x089df49473a0dd3d0efa60c4c32ce17e8208b4a1be07376ab27df2e3fcc2d643,True,,
synth-0359,0xedc0ca102ccc8bb069c7c3a5935ddfbb0edb28a0db6324cadd767277c7f1e11d,0xedc0ca102ccc8bb069c7c3a5935ddfbb0edb28a0db6324cadd767277c7f1e11d,True,,
synth-0360,0x4c9610cfca4cdf1779360e91a7752deaa4e107c88ba9e1fcd1d06dc32ef94ddc,0x4c9610cfca4cdf1779360e91a7752deaa4e107c88ba9e1fcd1d06dc32ef94ddc,True,,
synth-0361,0x14f900882051398c4759571dc26e6bdf2c2e9b9252269c6036c7160db5dfc02b,0x14f900882051398c4759571dc26e6bdf2c2e9b9252269c6036c7160db5dfc02b,True,,
synth-0362,0x8ec2b2dcba0937ab4519ab50ed7943ad40e350b647e714e2ece1710ff0b08446,0x8ec2b2dcba0937ab4519ab50ed7943ad40e350b647e714e2ece1710ff0b08446,True,,
synth-0363,0x7c60fa46ab2809281b0461672c29d463d72f2a2728237b78c78bc05f18da6dc9,0x7c60fa46ab2809281b0461672c29d463d72f2a2728237b78c78bc05f18da6dc9,True,,
synth-0364,0x4bcb25e5b4ca4c61552af2b1862db3c4a3b96ba3d33ff8e9e9154fe74650fb39,0x4bcb25e5b4ca4c61552af2b1862db3c4a3b96ba3d33ff8e9e9154fe74650fb39,True,,
synth-0365,0x37fd9221de3da6214be192c74b886199949f7e6679dd3ad538725cc59619e125,0x37fd9221de3da6214be192c74b886199949f7e6679dd3ad538725cc59619e125,True,,
synth-0366,0xfaf1eb14af15344622d807c25a7117925fe299302067e27b4b71fb10e78ee320,0xfaf1eb14af15344622d807c25a7117925fe299302067e27b4b71fb10e78ee320,True,,
synth-0367,0x53bd142479a6ca59478138900b17dfab431060d7cc4e52ac008a3911456bf737,0x53bd142479a6ca59478138900b17dfab431060d7cc4e52ac008a3911456bf737,True,,
synth-0368,0x8e345dc5640d52353321e0a698b1665212bc79ccef6d8910524df561f37710fc,0x8e345dc5640d52353321e0a698b1665212bc79ccef6d8910524df561f37710fc,True,,
synth-0369,0x10de614e02c3298f530a195d57bf07ab4c212c0f88c9992c21856c9ddbedec58,0x10de614e02c3298f530a195d57bf07ab4c212c0f88c9992c21856c9ddbedec58,True,,
synth-0370,0x06dec043b5451037e82fa73cc42612ba72ccd93553db4332be9e1e6fd67f3826,0x06dec043b5451037e82fa73cc42612ba72ccd93553db4332be9e1e6fd67f3826,True,,
synth-0371,0xc8005734325f77f07fd8e58d1eb322f76e1d1585ef111424878dc4a87a1e7572,0xc8005734325f77f07fd8e58d1eb322f76e1d1585ef111424878dc4a87a1e7572,True,,
synth-0372,0x498c826d552202f5d40919a130223dc8810bd6e6f0153e2f250de7d0329fde94,0x498c826d552202f5d40919a130223dc8810bd6e6f0153e2f250de7d0329fde94,True,,
synth-0373,0x6571faf3c244a7aac1c96bc26429d4d4d8d2cb60d6fa3e8f264a60cc8f44042b,0x6571faf3c244a7aac1c96bc26429d4d4d8d2cb60d6fa3e8f264a60cc8f44042b,True,,
synth-0374,0x223a9511b5c3321ade17def2bdcc76ffb9c50a86a8593182507771b17669a9ec,0x223a9511b5c3321ade17def2bdcc76ffb9c50a86a8593182507771b17669a9ec,True,,
synth-0375,0x1432094912c8522aee19502e0db3cf51c6329e0f914dc6ec3503f6207a6bcadc,0x1432094912c8522aee19502e0db3cf51c6329e0f914dc6ec3503f6207a6bcadc,True,,
synth-0376,0xadec822cfae54a68d57478ce4151717328319c843d30b56ba35a1c88a66e9fa4,0xadec822cfae54a68d57478ce4151717328319c843d30b56ba35a1c88a66e9fa4,True,,
synth-0377,0x2a9f15097ab346118f66b88b5000960a51780e3af349371d150c771c566cdb64,0x2a9f15097ab346118f66b88b5000960a51780e3af349371d150c771c566cdb64,True,,
synth-0378,0x5fb4c428ee54e1d53666269449b3bd7a81fac017533094d2965e2435eda9fa86,0x5fb4c428ee54e1d53666269449b3bd7a81fac017533094d2965e2435eda9fa86,True,,
synth-0379,0x1c773e23f2a86aa466ee71e89da0a4d4077803d2be39d9a1d577e1424e6ee89b,0x1c773e23f2a86aa466ee71e89da0a4d4077803d2be39d9a1d577e1424e6ee89b,True,,
synth-0380,0x13e79102b2bde4be30c3926d3d018e840d7ed25a4b798c76e9a8077c798a1e91,0x13e79102b2bde4be30c3926d3d018e840d7ed25a4b798c76e9a8077c798a1e91,True,,
synth-0381,0xb836bf0275316872cb1d6ae053acdd76645fd93bcc464b6cd3452ab485153942,0xb836bf0275316872cb1d6ae053acdd76645fd93bcc464b6cd3452ab485153942,True,,
synth-0382,0x4dcad659479174f75d7aae1cb2655cf75fc5af5aa799bec03836bda939ee13e6,0x4dcad659479174f75d7aae1cb2655cf75fc5af5aa799bec03836bda939ee13e6,True,,
synth-0383,0xebd13d1ec9bdcee60d6a20347a03ffd8e9463b7e414fda77321765867bef7c02,0xebd13d1ec9bdcee60d6a20347a03ffd8e9463b7e414fda77321765867bef7c02,True,,
synth-0384,0xfd3f6f533ab9e845313128097d059d4afe909e0d5aa9a5a068a93d1a76d1604e,0xfd3f6f533ab9e845313128097d059d4afe909e0d5aa9a5a068a93d1a76d1604e,True,,
synth-0385,0x246e1f81ce0f4d60f7c8621ccc775d58b431e9f31d6f0e084a80112870e8d46a,0x246e1f81ce0f4d60f7c8621ccc775d58b431e9f31d6f0e084a80112870e8d46a,True,,
synth-0386,0x9fa0f762ab5de822933aff2a8980dc9741bff445f834d2e9fa761bf6f1bcf6c4,0x9fa0f762ab5de822933aff2a8980dc9741bff445f834d2e9fa761bf6f1bcf6c4,True,,
synth-0387,0x93f6667f3e0d9e7381c5a1a9cdfa5dc79fbb454838e2e1843bf7eda23a38f910,0x93f6667f3e0d9e7381c5a1a9cdfa5dc79fbb454838e2e1843bf7eda23a38f910,True,,
synth-0388,0xe10c0c23c15a760b608df5c7f9bef6042deded1d98f8e93e1da0180f571ec437,0xe10c0c23c15a760b608df5c7f9bef6042deded1d98f8e93e1da0180f571ec437,True,,
synth-0389,0x12a85d6ff73c643aeae89790e64e8d4620e0f7ccfef3d57ca2d4054ea3534148,0x12a85d6ff73c643aeae89790e64e8d4620e0f7ccfef3d57ca2d4054ea3534148,True,,
synth-0390,0x644787ef0c7aad7e8ab98be4d1a9932ed3f98db85f18314cd0aed9bf7647111f,0x644787ef0c7aad7e8ab98be4d1a9932ed3f98db85f18314cd0aed9bf7647111f,True,,
synth-0391,0xfcf6073f5d4ce618d3ca884b96c2b12b9303fdb0df458c30f5998838fb0ed441,0xfcf6073f5d4ce618d3ca884b96c2b12b9303fdb0df458c30f5998838fb0ed441,True,,
synth-0392,0x6f24eeb484343ccbb880a14e91a765bdf031d56050e6af9aa64d30630e89f593,0x6f24eeb484343ccbb880a14e91a765bdf031d56050e6af9aa64d30630e89f593,True,,
synth-0393,0x5a3878381078944118e712e825ff032cfc944d5dd6b053a39cc213b7cc45694e,0x5a3878381078944118e712e825ff032cfc944d5dd6b053a39cc213b7cc45694e,True,,
synth-0394,0x82211decac74eee6c245f3c38ab118f76e46d957ad9bab3479d839386b1605d8,0x82211decac74eee6c245f3c38ab118f76e46d957ad9bab3479d839386b1605d8,True,,
synth-0395,0x879eac3fbf2d7be597c015fd503361e85a6edc02115f04a2d9b96b722b3fd4ba,0x879eac3fbf2d7be597c015fd503361e85a6edc02115f04a2d9b96b722b3fd4ba,True,,
synth-0396,0x72ff0557fac5db446b649971b5a942bb36a1b4fd3b2a57915804f900621c4242,0x72ff0557fac5db446b649971b5a942bb36a1b4fd3b2a57915804f900621c4242,True,,
synth-0397,0x5647765c42f0b42b1e6dd7837344bf348ff24c907533fd5e63b1afded1a84f3b,0x5647765c42f0b42b1e6dd7837344bf348ff24c907533fd5e63b1afded1a84f3b,True,,
synth-0398,0x91a2c96d991c71739bfe6a0f2047814d0438485f8356e65349b1c10229541bb2,0x91a2c96d991c71739bfe6a0f2047814d0438485f8356e65349b1c10229541bb2,True,,
synth-0399,0xd3e604e2f59cbd42cde19ebdd5f99ec31befc27df31bce07479aa0032dba61c6,0xd3e604e2f59cbd42cde19ebdd5f99ec31befc27df31bce07479aa0032dba61c6,True,,
synth-0400,0x0396da023cceb371855b92c4bc0e4b495f4984f326f188f53387bc82907fbbd2,0x0396da023cceb371855b92c4bc0e4b495f4984f326f188f53387bc82907fbbd2,True,,
synth-0401,0x1edeeb4f588e68c8fc500f47e98bb3f98d0fe13937bab87f0347a034b198448e,0x1edeeb4f588e68c8fc500f47e98bb3f98d0fe13937bab87f0347a034b198448e,True,,
synth-0402,0x063f2bd68049e4833365859ed7515826dcd9953efb17277b74b7ef6e15e8a70e,0x063f2bd68049e4833365859ed7515826dcd9953efb17277b74b7ef6e15e8a70e,True,,
synth-0403,0x6390854da31b2d91ba4af5c275cadb694bc910caec04dedaf03bdd1eff2a39ac,0x6390854da31b2d91ba4af5c275cadb694bc910caec04dedaf03bdd1eff2a39ac,True,,
synth-0404,0xcf9fb8f36a8688a50914536db26c0cd6e9e8a502c727a62e72646ca71e10b503,0xcf9fb8f36a8688a50914536db26c0cd6e9e8a502c727a62e72646ca71e10b503,True,,
synth-0405,0x397d8e5bbd400a8fcba869a98035c2c139d73ca8f60ebf07cb57e58a14ac0291,0x397d8e5bbd400a8fcba869a98035c2c139d73ca8f60ebf07cb57e58a14ac0291,True,,
synth-0406,0x6f4b287764255219e29b4395e3e4189afd05b2929120d9e97664d490967bbaf8,0x6f4b287764255219e29b4395e3e4189afd05b2929120d9e97664d490967bbaf8,True,,
synth-0407,0x9049f92393e2453c47fcc18feaa92661ee763fe92bd4d5f5beaa4013c0402d4d,0x9049f92393e2453c47fcc18feaa92661ee763fe92bd4d5f5beaa4013c0402d4d,True,,
synth-0408,0xfb370377edaab7a2359583de161db7ab095d9e1112bec538f224ad480a57eb09,0xfb370377edaab7a2359583de161db7ab095d9e1112bec538f224ad480a57eb09,True,,
synth-0409,0x351120a5c08ea67d3389902af70c4a9d2a3f535f4783eff710287f33ddcde61d,0x351120a5c08ea67d3389902af70c4a9d2a3f535f4783eff710287f33ddcde61d,True,,
synth-0410,0x2a340f3f455cea119428c321a81ebeeb949ff0b08243d4eba2949fb14ed5c34e,0x2a340f3f455cea119428c321a81ebeeb949ff0b08243d4eba2949fb14ed5c34e,True,,
synth-0411,0x41c0041801ea799118ffd59f683e161e92ecb8aa189b865803494f049963be3d,0x41c0041801ea799118ffd59f683e161e92ecb8aa189b865803494f049963be3d,True,,
synth-0412,0x96ec7d0b6e557ced322c16ea2dcfcb481db8abb1872c6ea3b53689c4200c0c33,0x96ec7d0b6e557ced322c16ea2dcfcb481db8abb1872c6ea3b53689c4200c0c33,True,,
synth-0413,0x1ad1f4ea45a5aa26089ad645dd0d9c827d2e33312f309cb5ccdecde1913c69c9,0x1ad1f4ea45a5aa26089ad645dd0d9c827d2e33312f309cb5ccdecde1913c69c9,True,,
synth-0414,0x3ecc581a8901f96fd78a015440594ccbad5cfd462ee172a8d8ae77bf3074a765,0x3ecc581a8901f96fd78a015440594ccbad5cfd462ee172a8d8ae77bf3074a765,True,,
synth-0415,0xe99cd48b0297f40333f2c1294cead162c04af02928c6c65304c3bdf550a0ba9c,0xe99cd48b0297f40333f2c1294cead162c04af02928c6c65304c3bdf550a0ba9c,True,,
synth-0416,0xe4edccc8c3c7941697e0b195295d9b4fef65781dd0542126314cce8f21e87ee3,0xe4edccc8c3c7941697e0b195295d9b4fef65781dd0542126314cce8f21e87ee3,True,,
synth-0417,0xd43fb0a02cf9c0f276a4fa707d324456af01464dd43f8ff862068d038a259e07,0xd43fb0a02cf9c0f276a4fa707d324456af01464dd43f8ff862068d038a259e07,True,,
synth-0418,0x5b808aa277d5c59648a417918f56911fb322e5557a404b4e58392331febe15b6,0x5b808aa277d5c59648a417918f56911fb322e5557a404b4e58392331febe15b6,True,,
synth-0419,0x57285715388cb150a3fce57e82d773a1406174d355e4f4368f4964f3791df1e5,0x57285715388cb150a3fce57e82d773a1406174d355e4f4368f4964f3791df1e5,True,,
synth-0420,0xd7fd8a2567bd049fb7f987db1b3c4a3f167266a518efc93f9bd9c5ff6e891c54,0xd7fd8a2567bd049fb7f987db1b3c4a3f167266a518efc93f9bd9c5ff6e891c54,True,,
synth-0421,0x1216c60762bd1f09a95d343061b53624360f8442652b91f0f70e32d05e121877,0x1216c60762bd1f09a95d343061b53624360f8442652b91f0f70e32d05e121877,True,,
synth-0422,0x612f24534ddea45132b9a0707b40d2a0a6d51c6accb0daaad28f7cab4d22fd1c,0x612f24534ddea45132b9a0707b40d2a0a6d51c6accb0daaad28f7cab4d22fd1c,True,,
synth-0423,0x4f94263fbd7efcc4aeb07b986391315d1ce2141e0333c9dea8b6bb16ad7ab8db,0x4f94263fbd7efcc4aeb07b986391315d1ce2141e0333c9dea8b6bb16ad7ab8db,True,,
synth-0424,0xdbbc5407160c7d3e9dd52e5023e3e5564897e30c88cddda79fddf48a09d9ea8a,0xdbbc5407160c7d3e9dd52e5023e3e5564897e30c88cddda79fddf48a09d9ea8a,True,,
synth-0425,0xcd9531fc38f0925ebd803866dbdc28249154f2626344f6f6fa137bb712833b8c,0xcd9531fc38f0925ebd803866dbdc28249154f2626344f6f6fa137bb712833b8c,True,,
synth-0426,0xe20d3862e3fce82a4453ece7f0dae1eba6bff04cfdd8fbaae6685932eb7d504d,0xe20d3862e3fce82a4453ece7f0dae1eba6bff04cfdd8fbaae6685932eb7d504d,True,,
synth-0427,0x8b797d7f8dfef9db01b7991e052354e5a8e33d8c951194958afdd561727c716b,0x8b797d7f8dfef9db01b7991e052354e5a8e33d8c951194958afdd561727c716b,True,,
synth-0428,0xc3a889bb164833d382b3f7bf72bc61fd0ec5d1aa14e014ebc125827cfb367089,0xc3a889bb164833d382b3f7bf72bc61fd0ec5d1aa14e014ebc125827cfb367089,True,,
synth-0429,0xd6852abddc08eff5bebb4c73c522a26ae93027e91a04e284e84393c1b4f05d4c,0xd6852abddc08eff5bebb4c73c522a26ae93027e91a04e284e84393c1b4f05d4c,True,,
synth-0430,0xe4f228090be16942ca24427811751335e1dafde6c3cf2eb68fd27d005cd8e301,0xe4f228090be16942ca24427811751335e1dafde6c3cf2eb68fd27d005cd8e301,True,,
synth-0431,0xb161e0c4d5c8ccf23deeac481326824d20f9ba6d8adc678285ddd184808e5257,0xb161e0c4d5c8ccf23deeac481326824d20f9ba6d8adc678285ddd184808e5257,True,,
synth-0432,0x8a0c388540634812c645d0f7dd0aa4044608d1f5e4701848cd99334979f0f058,0x8a0c388540634812c645d0f7dd0aa4044608d1f5e4701848cd99334979f0f058,True,,
synth-0433,0x7b69901dc5c7a91955c4de08f2726286c5dfa288f516410a92e72455a29fbbf9,0x7b69901dc5c7a91955c4de08f2726286c5dfa288f516410a92e72455a29fbbf9,True,,
synth-0434,0x52c1a24e17378ecedabb1d2bfa2753a02d4fa5f12ba2b05409529fd105c1c1fb,0x52c1a24e17378ecedabb1d2bfa2753a02d4fa5f12ba2b05409529fd105c1c1fb,True,,
synth-0435,0x4732c8f2661c9e620bc4569b927ce4b437580bd706fedf89ba8728a74ca681af,0x4732c8f2661c9e620bc4569b927ce4b437580bd706fedf89ba8728a74ca681af,True,,
synth-0436,0xad5c77e9bf785904959effe2e4810896790e8e2389a9ca072f6b9f9bae409b1d,0xad5c77e9bf785904959effe2e4810896790e8e2389a9ca072f6b9f9bae409b1d,True,,
synth-0437,0x88be81a825d04211800ef662753c3429e62be8affcc16c8a76b82df91529a168,0x88be81a825d04211800ef662753c3429e62be8affcc16c8a76b82df91529a168,True,,
synth-0438,0xb6777a2db971d8acec5e1865c0cad126e7d7433012552837c0b678700d3dc4fb,0xb6777a2db971d8acec5e1865c0cad126e7d7433012552837c0b678700d3dc4fb,True,,
synth-0439,0x7d513d3a99681ec618168c8a364a1a7b592f19e5f62a33d257a7aa0c1a757478,0x7d513d3a99681ec618168c8a364a1a7b592f19e5f62a33d257a7aa0c1a757478,True,,
synth-0440,0x9f82be37546cf6fe66d77b54706461bb2e71a99d8ef874d50fc1ad6928a15041,0x9f82be37546cf6fe66d77b54706461bb2e71a99d8ef874d50fc1ad6928a15041,True,,
synth-0441,0xe64b16b3a49d1173b4663e03a21394cbe5a5952a7d1946241c2c0fd5d3b97030,0xe64b16b3a49d1173b4663e03a21394cbe5a5952a7d1946241c2c0fd5d3b97030,True,,
synth-0442,0x5c8a69a40d2cacae41734a2f616f802a48b4b4f804a9d7858a9bcef3d558d485,0x5c8a69a40d2cacae41734a2f616f802a48b4b4f804a9d7858a9bcef3d558d485,True,,
synth-0443,0x131f4ec7d9a982575a096671d5eedb61c2ddb1db38e62471e086bc5bf4733649,0x131f4ec7d9a982575a096671d5eedb61c2ddb1db38e62471e086bc5bf4733649,True,,
synth-0444,0x11888352f941876c31862920d77a87281d6e03d755b6013f8d3d7a5842effde2,0x11888352f941876c31862920d77a87281d6e03d755b6013f8d3d7a5842effde2,True,,
synth-0445,0x8df1f68fd5647638ff696b1010cb6e0d2fbb8e001f4c5f5305a5f660a9fd8689,0x8df1f68fd5647638ff696b1010cb6e0d2fbb8e001f4c5f5305a5f660a9fd8689,True,,
synth-0446,0x99fe86acbd7fa6e7b39ac3dec0f887b23d6f64baa686c5ae779cb6ac043ecc1f,0x99fe86acbd7fa6e7b39ac3dec0f887b23d6f64baa686c5ae779cb6ac043ecc1f,True,,
synth-0447,0x691359bb45f66c55ba94766b159be3469aebdd15adc9ebe7eaea0744e702863f,0x691359bb45f66c55ba94766b159be3469aebdd15adc9ebe7eaea0744e702863f,True,,
synth-0448,0x7ba724693bd72a1e6575064c1961e5e129b7aa48326d2ff71c6590b7daae2311,0x7ba724693bd72a1e6575064c1961e5e129b7aa48326d2ff71c6590b7daae2311,True,,
synth-0449,0x826576569c7f7c366d72a131195473d1a5e4f6c50652a1afaa6ba27f7818a5c4,0x826576569c7f7c366d72a131195473d1a5e4f6c50652a1afaa6ba27f7818a5c4,True,,
synth-0450,0x29462b04796d43ad412369c4747e4b702db44570682c19042f7401f0147b521c,0x29462b04796d43ad412369c4747e4b702db44570682c19042f7401f0147b521c,True,,
synth-0451,0x1501540afc5a74b59b75186987c4bf121d74ff47115c4269bea18151da9bd407,0x1501540afc5a74b59b75186987c4bf121d74ff47115c4269bea18151da9bd407,True,,
synth-0452,0x8b4ad17dffd378e04d1157fad5dee2acc264b415634d9b2418479512b8b74d6e,0x8b4ad17dffd378e04d1157fad5dee2acc264b415634d9b2418479512b8b74d6e,True,,
synth-0453,0x6bbee86749369c217970cbdd33de0625b037148e968359c8408270fca66a82d9,0x6bbee86749369c217970cbdd33de0625b037148e968359c8408270fca66a82d9,True,,
synth-0454,0xef04a00b3a0c961ad83ddce840bf237b7a72cc3c37c0a06442d32417275f8e04,0xef04a00b3a0c961ad83ddce840bf237b7a72cc3c37c0a06442d32417275f8e04,True,,
synth-0455,0x0741e22f004b991d54096d40d1bc120568afb4480a100e7b63fd3cd817baab7d,0x0741e22f004b991d54096d40d1bc120568afb4480a100e7b63fd3cd817baab7d,True,,
synth-0456,0x29056fa8d032efae5755521e2c32a653c9cf36c973734773545ce88c85e4fa7b,0x29056fa8d032efae5755521e2c32a653c9cf36c973734773545ce88c85e4fa7b,True,,
synth-0457,0x2849ff0f4b3bf53c432261daf61088eec70fd579c3deb69483d2541c28ab2caa,0x2849ff0f4b3bf53c432261daf61088eec70fd579c3deb69483d2541c28ab2caa,True,,
synth-0458,0x13b89b1a69f44aed4880c986a3885295f517bb55ab5ab08b8de990f3fcf6e6cc,0x13b89b1a69f44aed4880c986a3885295f517bb55ab5ab08b8de990f3fcf6e6cc,True,,
synth-0459,0x3911c434ee429854fc05549d103a20c4e76057d3cb60ce735e3d2a431fbef7ad,0x3911c434ee429854fc05549d103a20c4e76057d3cb60ce735e3d2a431fbef7ad,True,,
synth-0460,0x1c8e8aee4e1e2fd140e8232ddedee41ccd8290964764a1ae5650cf4716ddd8c7,0x1c8e8aee4e1e2fd140e8232ddedee41ccd8290964764a1ae5650cf4716ddd8c7,True,,
synth-0461,0x8a1e3cb81585a9b91d9ff5cd6b901837a585a43547d8b533f9d5c1728901e795,0x8a1e3cb81585a9b91d9ff5cd6b901837a585a43547d8b533f9d5c1728901e795,True,,
synth-0462,0x61c6ea5a6ec1fafeff0c54f9e66ebf42fb2f55ec00061d721dda28ece14e7df9,0x61c6ea5a6ec1fafeff0c54f9e66ebf42fb2f55ec00061d721dda28ece14e7df9,True,,
synth-0463,0x9d296a2c21b58a213a3afac91329c2d82db0635e47e2948c166f0b2e365713e7,0x9d296a2c21b58a213a3afac91329c2d82db0635e47e2948c166f0b2e365713e7,True,,
synth-0464,0x24406d5af594c9b27e847cf6495b4fe744a13f2312644732a89133765b255fbc,0x24406d5af594c9b27e847cf6495b4fe744a13f2312644732a89133765b255fbc,True,,
synth-0465,0xc8fd9a69faf1b30227cc08e19e718d2739fb3fa06a18e8ceb4522d785f43861d,0xc8fd9a69faf1b30227cc08e19e718d2739fb3fa06a18e8ceb4522d785f43861d,True,,
synth-0466,0xb35f5e236dbfe8a3f33eb7c80c4b22b56d9bf880a5012d8ad408243106653772,0xb35f5e236dbfe8a3f33eb7c80c4b22b56d9bf880a5012d8ad408243106653772,True,,
synth-0467,0x6169192be2b8d2888e0f1e7907b7d5e12a9bc4563f39fdb7946d344caacf45bf,0x6169192be2b8d2888e0f1e7907b7d5e12a9bc4563f39fdb7946d344caacf45bf,True,,
synth-0468,0x8cbfe67c91a0f422e37941e4460fa5b47af1951c3efd61fbd324847836cc62be,0x8cbfe67c91a0f422e37941e4460fa5b47af1951c3efd61fbd324847836cc62be,True,,
synth-0469,0x4b32fefabadc7f13b3ee1f0f856674ba3d8ed157e89e0aab8912d5ec469e681d,0x4b32fefabadc7f13b3ee1f0f856674ba3d8ed157e89e0aab8912d5ec469e681d,True,,
synth-0470,0x05075f0bd864ef5c9edb6e31c09f1ea43ff070af1f8f60afb0cf29b4107f6b82,0x05075f0bd864ef5c9edb6e31c09f1ea43ff070af1f8f60afb0cf29b4107f6b82,True,,
synth-0471,0x724a6daf301b6799bcfb8395b196091f7dc703a24b3e291b0f68e70b9dc8d0e4,0x724a6daf301b6799bcfb8395b196091f7dc703a24b3e291b0f68e70b9dc8d0e4,True,,
synth-0472,0xa90e95dc735f1f7945b48a97c3c8898a91d17b5cc496dcb7ec8b89bb7942539e,0xa90e95dc735f1f7945b48a97c3c8898a91d17b5cc496dcb7ec8b89bb7942539e,True,,
synth-0473,0x6b631e33d58eeb0867fb599c2f22a6b949a11777da79a94af0f705b139588490,0x6b631e33d58eeb0867fb599c2f22a6b949a11777da79a94af0f705b139588490,True,,
synth-0474,0x70310a5358e5fcfc2ffc40316c5487745d4439d85bd568173f7ef36f3da69006,0x70310a5358e5fcfc2ffc40316c5487745d4439d85bd568173f7ef36f3da69006,True,,
synth-0475,0x40c080fe4a6b971ce5e83a073e3eb839469ad0fd41a7a6d83bff6cf928e84f50,0x40c080fe4a6b971ce5e83a073e3eb839469ad0fd41a7a6d83bff6cf928e84f50,True,,
synth-0476,0x1b1528cdf30bd65a38487aeeb00d04997e68c1fb372a1c8f8ac9eb99b35c610d,0x1b1528cdf30bd65a38487aeeb00d04997e68c1fb372a1c8f8ac9eb99b35c610d,True,,
synth-0477,0x0df373e4656e10df432c585f8bbbab52b6aa2839a570efd30daa7a2655ef72ce,0x0df373e4656e10df432c585f8bbbab52b6aa2839a570efd30daa7a2655ef72ce,True,,
synth-0478,0xde25e1aff13288e12748686906f98d2a496c6950e52ea4c9613acdaaa5eb18cb,0xde25e1aff13288e12748686906f98d2a496c6950e52ea4c9613acdaaa5eb18cb,True,,
synth-0479,0xfaeec6dd955d8288cfcc599a6968a2f986e1a2953013e9dd9171f30f71c19e48,0xfaeec6dd955d8288cfcc599a6968a2f986e1a2953013e9dd9171f30f71c19e48,True,,
synth-0480,0x8c0e81bc7c837c16a11399f36941a0282295f138e7bfd523c6d9aefa1064d75f,0x8c0e81bc7c837c16a11399f36941a0282295f138e7bfd523c6d9aefa1064d75f,True,,
synth-0481,0x53684c37da76dd721296833595d410a03e7fe717103e3b4fbb94ae58ab8ea429,0x53684c37da76dd721296833595d410a03e7fe717103e3b4fbb94ae58ab8ea429,True,,
synth-0482,0x092d2486b29acf6ee125517e968654c481dcc1fbcebe5cffcc5fe6904a6b9765,0x092d2486b29acf6ee125517e968654c481dcc1fbcebe5cffcc5fe6904a6b9765,True,,
synth-0483,0xa5cf3c9a8d6e3a09be38c5054a5c4fa98c7fe505981d71bedd9bcf9f9917c517,0xa5cf3c9a8d6e3a09be38c5054a5c4fa98c7fe505981d71bedd9bcf9f9917c517,True,,
synth-0484,0x0a5772e56e106215db8b60e875e1c46bc2d6d03a24785be0c629a3a260d65194,0x0a5772e56e106215db8b60e875e1c46bc2d6d03a24785be0c629a3a260d65194,True,,
synth-0485,0x81936f2f504515621db0206b7e3c2b02afc6f34922b612a03d15a1dbd67df999,0x81936f2f504515621db0206b7e3c2b02afc6f34922b612a03d15a1dbd67df999,True,,
synth-0486,0xb51f29f60056c8896bd8a79f42655c11380f7a982709a2823eb418c43ff36471,0xb51f29f60056c8896bd8a79f42655c11380f7a982709a2823eb418c43ff36471,True,,
synth-0487,0x69bf2a58af06dbe1618d534b86b77cdfaa8a712304f18c4e41f7e77cc417273c,0x69bf2a58af06dbe1618d534b86b77cdfaa8a712304f18c4e41f7e77cc417273c,True,,
synth-0488,0x89afc802e0f08fc274470ba906ee35fb6c48224678398310f3c019168c007bdb,0x89afc802e0f08fc274470ba906ee35fb6c48224678398310f3c019168c007bdb,True,,
synth-0489,0xca6e33dd9b11b0f1319845d0496f8efccf0ba7a0f93d44db7c71536764f9b62e,0xca6e33dd9b11b0f1319845d0496f8efccf0ba7a0f93d44db7c71536764f9b62e,True,,
synth-0490,0x53c516fe82e795b0ac7c3f308329e3edd71af3845ed213e320def46b3270248d,0x53c516fe82e795b0ac7c3f308329e3edd71af3845ed213e320def46b3270248d,True,,
synth-0491,0x3521ae6100e0ea73b00ab85bd2ebf1a62930e39d521e84d93caf6d12e13e0326,0x3521ae6100e0ea73b00ab85bd2ebf1a62930e39d521e84d93caf6d12e13e0326,True,,
synth-0492,0x6ba0614acbaefc9a6ec8c86a89a46467d14cc895f9285204cf3ddda1260778c5,0x6ba0614acbaefc9a6ec8c86a89a46467d14cc895f9285204cf3ddda1260778c5,True,,
synth-0493,0xcff5f1426b6025dd4b74832a2089b45df1e225ec88ae747004eeb16760054f02,0xcff5f1426b6025dd4b74832a2089b45df1e225ec88ae747004eeb16760054f02,True,,
synth-0494,0x2e78cf2cf8a24388e390661dad17dc50c307dbfabe17d974d01113e8f387d6c6,0x2e78cf2cf8a24388e390661dad17dc50c307dbfabe17d974d01113e8f387d6c6,True,,
synth-0495,0x4a16f69388f291dd4f9b31226c5e8863a8c2a2dce2f969fc678991e8d78fd2f8,0x4a16f69388f291dd4f9b31226c5e8863a8c2a2dce2f969fc678991e8d78fd2f8,True,,
synth-0496,0xa20ec3a9da982843b6338108dbceb409f196eadf300f8c28f13ee02bc780ca55,0xa20ec3a9da982843b6338108dbceb409f196eadf300f8c28f13ee02bc780ca55,True,,
synth-0497,0x55b8579149b7394cf1d1297a8905c2c88fb1a4af0f54ee35dc4044140bed079f,0x55b8579149b7394cf1d1297a8905c2c88fb1a4af0f54ee35dc4044140bed079f,True,,
synth-0498,0xb4221cf6e8074ddf78c79b12da59947904a702749ab55f255c8c0e1175201d74,0xb4221cf6e8074ddf78c79b12da59947904a702749ab55f255c8c0e1175201d74,True,,
synth-0499,0xd0715b764d8ebadeaf2f9851d819b47d6e94cba93f0b58140e1a4f83c3b20110,0xd0715b764d8ebadeaf2f9851d819b47d6e94cba93f0b58140e1a4f83c3b20110,True,,
synth-0500,0xf8a9ffc4098d0b5551277bc47bd495803871631102ebb5c64b9d111bf76e15d5,0xf8a9ffc4098d0b5551277bc47bd495803871631102ebb5c64b9d111bf76e15d5,True,,
